source,split_role,signer_id,source_collection,utterance_video_filename,utterance_video_url,span_index_in_utterance,target_sequence,target_indices,target_variants,target_token_count,supported_target_token_count,other_token_count,crop_start_frame_local,crop_end_frame_local,source_frame_count,other_index,drop_other_at_inference
asllrp_other_ctc,train,BENJAMIN_JAMES_BAHAN,3-Ben-Voice-Life,10006709.mp4,https://dai.cs.rutgers.edu/ss3front/10006709.mp4,0,"[""__OTHER__"",""DIFFERENT"",""__OTHER__""]","[101,74,101]","[[""THAT"",""AMONG_2""],[""DIFFERENT""],[""KIND"",""fs-V"",""VARY"",""(F)BELONG"",""MEAN"",""FOR"",""VOICE"",""IX-loc:j"",""INCLUDE/INVOLVE"",""OTHER"",""VARY"",""(F)BELONG"",""WITH"",""FOCUS/NARROW"",""\\WHAT\\\""\"""",""NOT""]]",3,1,2,4,258,255,101,True
asllrp_other_ctc,train,BENJAMIN_JAMES_BAHAN,3-Ben-Voice-Life,10156467.mp4,https://dai.cs.rutgers.edu/ss3front/10156467.mp4,0,"[""__OTHER__"",""NAME"",""__OTHER__"",""NAME"",""__OTHER__"",""DIFFERENT"",""__OTHER__""]","[101,98,101,98,101,74,101]","[[""CAN"",""fs-EVEN""],[""NAME""],[""IDENTIFY"",""FAMOUS"",""MOVIE"",""ACT"",""FIRST-IN-LIST""],[""NAME""],[""IX-3p:j""],[""DIFFERENT""],[""SPREAD"",""(1h)HAVE"",""THAT"",""KIND"",""GROUP/TOGETHER"",""QUALITY"",""AMONG_2"",""WHO"",""PET-PEEVE"",""FIND/FIND-OUT"",""IX-3p-pl-arc""]]",7,3,4,1,256,256,101,True
asllrp_other_ctc,train,BENJAMIN_JAMES_BAHAN,9-Ben-Sensory-Politics,10168352.mp4,https://dai.cs.rutgers.edu/ss3front/10168352.mp4,0,"[""__OTHER__"",""HAVE"",""__OTHER__""]","[101,32,101]","[[""fs-AUDIOVOCAL"",""fs-ORIENTATION"",""MAJOR:j""],[""HAVE""],[""POSS-3p:j"",""SET-UP:j"",""VISUALIZE"",""RULE"",""COOPERATE/UNITE"",""WITH""]]",3,1,2,6,238,233,101,True
asllrp_other_ctc,train,BENJAMIN_JAMES_BAHAN,9-Ben-Sensory-Politics,10201202.mp4,https://dai.cs.rutgers.edu/ss3front/10201202.mp4,0,"[""__OTHER__"",""MORE"",""__OTHER__""]","[101,71,101]","[[""AND"",""NOISE"",""RANGE""],[""MORE""],[""LONG-LIST"",""BUT"",""IX-1p"",""FOCUS/NARROW"",""THOSE-TWO"",""RANGE"",""ACCEPT""]]",3,1,2,0,146,147,101,True
asllrp_other_ctc,train,BENJAMIN_JAMES_BAHAN,9-Ben-Sensory-Politics,10505807.mp4,https://dai.cs.rutgers.edu/ss3front/10505807.mp4,0,"[""__OTHER__"",""MORE"",""__OTHER__"",""HAVE"",""__OTHER__""]","[101,71,101,32,101]","[[""SOME"",""IX-3p:j"",""CULTURE""],[""MORE""],[""DCL:B-L\\above the range\\\""\"""",""OTHER"",""BUT"",""#ALL_2""],[""HAVE""],[""RANGE"",""RANGE-arc""]]",5,2,3,0,177,178,101,True
asllrp_other_ctc,train,BENJAMIN_JAMES_BAHAN,9-Ben-Sensory-Politics,10519239.mp4,https://dai.cs.rutgers.edu/ss3front/10519239.mp4,0,"[""__OTHER__"",""WHEN"",""__OTHER__""]","[101,11,101]","[[""HAPPEN"",""WITH"",""PEOPLE"",""GROUP/TOGETHER"",""SPECIALTY"",""IN"",""(2h)alt.SEE"",""fs-TACTILE"",""fs-ORIENTED"",""(W)WAY"",""LIVE"",""IX-loc-line"",""HABIT_3""],[""WHEN""],[""JOIN""]]",3,1,2,0,255,256,101,True
asllrp_other_ctc,train,BENJAMIN_JAMES_BAHAN,3-Ben-Voice-Life,10596367.mp4,https://dai.cs.rutgers.edu/ss3front/10596367.mp4,0,"[""__OTHER__"",""READ""]","[101,52]","[[""ONE"",""SHOW"",""(F)BELONG"",""WITH"",""TEACH+AGENT"",""ns-fs-PARPF"",""POSS-3p:j"",""STUDY""],[""READ""]]",2,1,1,0,162,163,101,True
asllrp_other_ctc,train,BENJAMIN_JAMES_BAHAN,9-Ben-Sensory-Politics,10596830.mp4,https://dai.cs.rutgers.edu/ss3front/10596830.mp4,0,"[""__OTHER__"",""THINK"",""__OTHER__""]","[101,30,101]","[[""#OR"",""VOICE"",""SOMETHING/ONE"",""WRONG"",""SLOW""],[""THINK""],[""SOMETHING/ONE"",""fs-OH""]]",3,1,2,0,116,117,101,True
asllrp_other_ctc,train,BENJAMIN_JAMES_BAHAN,3-Ben-Voice-Life,10611231.mp4,https://dai.cs.rutgers.edu/ss3front/10611231.mp4,0,"[""__OTHER__"",""TALK"",""__OTHER__""]","[101,46,101]","[[""IX-3p:j"",""(F)BELONG"",""WITH"",""TEACH+AGENT"",""STUDY_2"",""MANY"",""fs-LIT"",""ON"",""TEACH+AGENT"",""POSS-3p:j""],[""TALK""],[""fs-DISORDER"",""VOICE""]]",3,1,2,0,221,222,101,True
asllrp_other_ctc,train,BENJAMIN_JAMES_BAHAN,3-Ben-Voice-Life,10671297.mp4,https://dai.cs.rutgers.edu/ss3front/10671297.mp4,0,"[""__OTHER__"",""DIFFERENT"",""__OTHER__""]","[101,74,101]","[[""(1h)HAVE"",""MANY"",""WHIRL-TIME-PAST"",""THIRTY_2"",""YEAR"",""TOTAL"",""#IF"",""STUDY""],[""DIFFERENT""],[""PCL:5\\many studies\\\""\"""",""STUDY""]]",3,1,2,0,184,185,101,True
asllrp_other_ctc,train,BENJAMIN_JAMES_BAHAN,9-Ben-Sensory-Politics,10705400.mp4,https://dai.cs.rutgers.edu/ss3front/10705400.mp4,0,"[""__OTHER__"",""DIFFERENT"",""__OTHER__""]","[101,74,101]","[[""IX-3p:j"",""HAPPEN"",""ABOUT"",""PEOPLE"",""NOT"",""KNOW"",""fs-OF"",""fs-ORIENTATION""],[""DIFFERENT""],[""LCL:B\\pathway\\\"":j\""""]]",3,1,2,8,162,155,101,True
asllrp_other_ctc,train,BENJAMIN_JAMES_BAHAN,3-Ben-Voice-Life,10732581.mp4,https://dai.cs.rutgers.edu/ss3front/10732581.mp4,0,"[""__OTHER__"",""MORE"",""__OTHER__"",""TALK"",""__OTHER__"",""MORE"",""__OTHER__""]","[101,71,101,46,101,71,101]","[[""(R)RESEARCH"",""5\\pause\\\""\""""],[""MORE""],[""(R)RESEARCH"",""FOCUS/NARROW"",""ON"",""fs-DISORDER""],[""TALK""],[""FOCUS/NARROW""],[""MORE""],[""THAN"",""(R)RESEARCH"",""ON"",""(1h)GOOD/THANK-YOU"",""QUALITY""]]",7,3,4,0,255,256,101,True
asllrp_other_ctc,train,BENJAMIN_JAMES_BAHAN,3-Ben-Voice-Life,10732581.mp4,https://dai.cs.rutgers.edu/ss3front/10732581.mp4,1,"[""TALK"",""__OTHER__""]","[46,101]","[[""TALK""],[""part:indef""]]",2,1,1,255,275,21,101,True
asllrp_other_ctc,train,BENJAMIN_JAMES_BAHAN,3-Ben-Voice-Life,10830553.mp4,https://dai.cs.rutgers.edu/ss3front/10830553.mp4,0,"[""TALK"",""__OTHER__"",""TALK"",""__OTHER__""]","[46,101,46,101]","[[""TALK""],[""fs-OF"",""A-LOT"",""QUOTE/TOPIC_2"",""(F)BELONG"",""WITH""],[""TALK""],[""fs-DISORDER"",""IN""]]",4,2,2,7,176,170,101,True
asllrp_other_ctc,train,BENJAMIN_JAMES_BAHAN,1-Ben-Introduction,18337728.mp4,https://dai.cs.rutgers.edu/ss3front/18337728.mp4,0,"[""__OTHER__"",""FEEL"",""__OTHER__""]","[101,31,101]","[[""BEFORE_2"",""fs-ISSUE"",""ns-fs-DESDJ"",""#VOL"",""ONE"",""NUMBER"",""ONE"",""IX-1p"",""FOCUS/NARROW"",""(2h)alt.SEE""],[""FEEL""],[""fs-TACTILE"",""MAJOR"",""fs-ORIENTATION""]]",3,1,2,1,256,256,101,True
asllrp_other_ctc,train,BENJAMIN_JAMES_BAHAN,1-Ben-Introduction,18344650.mp4,https://dai.cs.rutgers.edu/ss3front/18344650.mp4,0,"[""NOW"",""__OTHER__"",""TALK"",""__OTHER__""]","[78,101,46,101]","[[""NOW""],[""MOVING-ON-TO-NEXT-TOPIC""],[""TALK""],[""ABOUT"",""fs-AUDIO"",""fs-VOCAL"",""fs-ORIENTATION"",""MAJOR""]]",4,2,2,0,157,158,101,True
asllrp_other_ctc,train,BENJAMIN_JAMES_BAHAN,1-Ben-Introduction,18436683.mp4,https://dai.cs.rutgers.edu/ss3front/18436683.mp4,0,"[""__OTHER__"",""DIFFERENT"",""__OTHER__""]","[101,74,101]","[[""THAT"",""TWO""],[""DIFFERENT""],[""(B)NEXT-TOPIC"",""fs-ORIENTATION"",""CURRENT-TOPIC"",""SET-UP"",""FROM"",""\\WHAT\\\""\""""]]",3,1,2,0,109,110,101,True
asllrp_other_ctc,train,BENJAMIN_JAMES_BAHAN,1-Ben-Introduction,18455093.mp4,https://dai.cs.rutgers.edu/ss3front/18455093.mp4,0,"[""__OTHER__"",""HOW"",""__OTHER__""]","[101,14,101]","[[""BELOW_2"",""ON"",""IDEA""],[""HOW""],[""fs-HUMAN"",""LANGUAGE"",""EXPRESS""]]",3,1,2,0,111,112,101,True
asllrp_other_ctc,train,BENJAMIN_JAMES_BAHAN,1-Ben-Introduction,18462814.mp4,https://dai.cs.rutgers.edu/ss3front/18462814.mp4,0,"[""__OTHER__"",""SIGN"",""__OTHER__""]","[101,99,101]","[[""EXPRESS"",""THROUGH_2"",""(2h)TALKwg"",""MINOR"",""EXPRESS""],[""SIGN""],[""CURRENT-TOPIC"",""ROAD""]]",3,1,2,0,88,89,101,True
asllrp_other_ctc,train,BENJAMIN_JAMES_BAHAN,1-Ben-Introduction,18609233.mp4,https://dai.cs.rutgers.edu/ss3front/18609233.mp4,0,"[""__OTHER__"",""USE"",""__OTHER__"",""SIGN"",""__OTHER__"",""USE""]","[101,40,101,99,101,40]","[[""(2h)TALKwg"",""MINOR"",""ADD-TO""],[""USE""],[""GESTURE"",""ALSO""],[""SIGN""],[""MAJOR"",""ADD-TO""],[""USE""]]",6,3,3,20,162,143,101,True
asllrp_other_ctc,train,BENJAMIN_JAMES_BAHAN,1-Ben-Introduction,18626145.mp4,https://dai.cs.rutgers.edu/ss3front/18626145.mp4,0,"[""__OTHER__"",""MORE"",""__OTHER__"",""DIFFERENT"",""__OTHER__"",""HOW"",""__OTHER__""]","[101,71,101,74,101,14,101]","[[""IDEA"",""REALLY""],[""MORE""],[""TWO""],[""DIFFERENT""],[""SEPARATE"",""ROAD"",""SET-UP"",""ON"",""5\\let's see\\\""\"""",""(5)FIRST-IN-LIST"",""STORY"",""SYSTEM""],[""HOW""],[""EXPRESS""]]",7,3,4,7,192,186,101,True
asllrp_other_ctc,train,BENJAMIN_JAMES_BAHAN,1-Ben-Introduction,18640471.mp4,https://dai.cs.rutgers.edu/ss3front/18640471.mp4,0,"[""__OTHER__"",""SIGN"",""__OTHER__""]","[101,99,101]","[[""(5)FIRST-IN-LIST"",""THROUGH_2"",""(2h)TALKwg"",""(5)FIRST-IN-LIST"",""THROUGH_2""],[""SIGN""],[""ROAD"",""THAT"",""IDEA"",""SET-UP:j"",""SET-UP:j""]]",3,1,2,0,116,117,101,True
asllrp_other_ctc,train,BENJAMIN_JAMES_BAHAN,1-Ben-Introduction,18849720.mp4,https://dai.cs.rutgers.edu/ss3front/18849720.mp4,0,"[""__OTHER__"",""DIFFERENT"",""__OTHER__""]","[101,74,101]","[[""PEOPLE"",""DIFFERENT-arc"",""CULTURE"",""NOT"",""ONLY"",""(2h)TALKwg""],[""DIFFERENT""],[""LANGUAGE""]]",3,1,2,5,100,96,101,True
asllrp_other_ctc,train,BENJAMIN_JAMES_BAHAN,1-Ben-Introduction,18858050.mp4,https://dai.cs.rutgers.edu/ss3front/18858050.mp4,0,"[""__OTHER__"",""MAYBE"",""MORE"",""IMPORTANT"",""__OTHER__"",""DIFFERENT"",""__OTHER__""]","[101,22,71,76,101,74,101]","[[""BUT""],[""MAYBE""],[""MORE""],[""IMPORTANT""],[""LIVE"",""IN""],[""DIFFERENT""],[""fs-SENSORY"",""WORLD""]]",7,4,3,2,189,188,101,True
asllrp_other_ctc,train,BENJAMIN_JAMES_BAHAN,1-Ben-Introduction,18903628.mp4,https://dai.cs.rutgers.edu/ss3front/18903628.mp4,0,"[""__OTHER__"",""HAVE"",""__OTHER__""]","[101,32,101]","[[""THAT"",""IDEA"",""SET-UP"",""REALLY"",""BELOW_2"",""DIFFERENT-arc"",""CULTURE""],[""HAVE""],[""DIFFERENT-arc"",""ALLOW"",""INTERPRET"",""#OR"",""GIFT"",""MEAN"",""TO/UNTIL"",""DIFFERENT-arc""]]",3,1,2,1,240,240,101,True
asllrp_other_ctc,train,BENJAMIN_JAMES_BAHAN,1-Ben-Introduction,18953718.mp4,https://dai.cs.rutgers.edu/ss3front/18953718.mp4,0,"[""__OTHER__"",""HOW"",""__OTHER__""]","[101,14,101]","[[""(1h)NOW"",""IX-1p"",""MOVING-ON-TO-NEXT-TOPIC"",""FOCUS/NARROW"",""fs-AUDIO"",""fs-ORIENTATION"",""MAJOR"",""SET-UP"",""ON"",""\\WHAT\\\""\""""],[""HOW""],[""SPECIFIC"",""CULTURE"",""5\\resignation\\\""\""""]]",3,1,2,0,254,255,101,True
asllrp_other_ctc,train,BENJAMIN_JAMES_BAHAN,1-Ben-Introduction,19160824.mp4,https://dai.cs.rutgers.edu/ss3front/19160824.mp4,0,"[""__OTHER__"",""MORE"",""__OTHER__"",""HOW"",""__OTHER__""]","[101,71,101,14,101]","[[""AND""],[""MORE""],[""COOPERATE/UNITE""],[""HOW""],[""DEAF"",""PEOPLE"",""POSS-3p-pl-arc"",""EXPERIENCE"",""IN"",""THAT"",""WORLD""]]",5,2,3,6,156,151,101,True
asllrp_other_ctc,train,BENJAMIN_JAMES_BAHAN,1-Ben-Introduction,19172155.mp4,https://dai.cs.rutgers.edu/ss3front/19172155.mp4,0,"[""HOW"",""__OTHER__""]","[14,101]","[[""HOW""],[""\\WHAT\\\""\"""",""THROUGH"",""FEEDBACK_3"",""5\\let's see\\\""\""""]]",2,1,1,3,89,87,101,True
asllrp_other_ctc,train,BENJAMIN_JAMES_BAHAN,1-Ben-Introduction,19186446.mp4,https://dai.cs.rutgers.edu/ss3front/19186446.mp4,0,"[""DIFFERENT"",""__OTHER__""]","[74,101]","[[""DIFFERENT""],[""EXPERIENCE"",""(F)BELONG"",""WITH"",""MEAN""]]",2,1,1,3,65,63,101,True
asllrp_other_ctc,train,BENJAMIN_JAMES_BAHAN,1-Ben-Introduction,19209761.mp4,https://dai.cs.rutgers.edu/ss3front/19209761.mp4,0,"[""UNDERSTAND"",""LEARN"",""USE"",""__OTHER__"",""USE"",""__OTHER__""]","[29,50,40,101,40,101]","[[""UNDERSTAND""],[""LEARN""],[""USE""],[""THAT"",""(2h)alt.UNDERSTAND"",""IX-1p""],[""USE""],[""MANY"",""DEAF"",""PEOPLE"",""POSS-3p-pl-arc"",""EXPERIENCE"",""THROUGH"",""STORY""]]",6,4,2,0,218,219,101,True
asllrp_other_ctc,train,BENJAMIN_JAMES_BAHAN,1-Ben-Introduction,19228641.mp4,https://dai.cs.rutgers.edu/ss3front/19228641.mp4,0,"[""__OTHER__"",""DIFFERENT"",""__OTHER__""]","[101,74,101]","[[""LECTURE"",""fs-TESTIMONIES""],[""DIFFERENT""],[""BECOME"",""(2h)SAME"",""fs-BRICOLAGE"",""DCL:5\\gathering information\\\""\"""",""ORGANIZE""]]",3,1,2,1,191,191,101,True
asllrp_other_ctc,train,BENJAMIN_JAMES_BAHAN,4-Ben-Deaf-Speech,21374116.mp4,https://dai.cs.rutgers.edu/ss3front/21374116.mp4,0,"[""__OTHER__"",""TALK"",""__OTHER__"",""NAME"",""__OTHER__""]","[101,46,101,98,101]","[[""IN"",""GROUP/TOGETHER""],[""TALK""],[""fs-DISORDER"",""(1h)HAVE"",""GROUP/TOGETHER""],[""NAME""],[""DEAF"",""fs-SPEECH""]]",5,2,3,11,205,195,101,True
asllrp_other_ctc,train,BENJAMIN_JAMES_BAHAN,4-Ben-Deaf-Speech,21466585.mp4,https://dai.cs.rutgers.edu/ss3front/21466585.mp4,0,"[""__OTHER__"",""HAVE"",""__OTHER__""]","[101,32,101]","[[""IX-1p"",""BETWEEN/SHARE"",""EXPERIENCE"",""IX-1p""],[""HAVE""],[""(A)SELF-1p"",""GROW-UP""]]",3,1,2,2,77,76,101,True
asllrp_other_ctc,train,BENJAMIN_JAMES_BAHAN,4-Ben-Deaf-Speech,21575343.mp4,https://dai.cs.rutgers.edu/ss3front/21575343.mp4,0,"[""__OTHER__"",""SCHOOL"",""__OTHER__"",""SCHOOL"",""__OTHER__"",""SIGN"",""__OTHER__"",""SIGN"",""__OTHER__""]","[101,88,101,88,101,99,101,99,101]","[[""IX-1p"",""GO"",""TO/UNTIL""],[""SCHOOL""],[""SPEECH/ORAL"",""IN"",""CLASS_2"",""GROW-UP"",""ELEMENTARY"",""CENTER""],[""SCHOOL""],[""#HS""],[""SIGN""],[""BUT"",""OUT"",""CLASS_2""],[""SIGN""],[""(1h)AREA""]]",9,4,5,0,242,243,101,True
asllrp_other_ctc,train,BENJAMIN_JAMES_BAHAN,4-Ben-Deaf-Speech,22002534.mp4,https://dai.cs.rutgers.edu/ss3front/22002534.mp4,0,"[""__OTHER__"",""THANKYOU""]","[101,18]","[[""APPLAUSE"",""IX-2p-pl-arc"",""5\\pause\\\""\""""],[""THANK-YOU""]]",2,1,1,4,55,52,101,True
asllrp_other_ctc,train,BENJAMIN_JAMES_BAHAN,4-Ben-Deaf-Speech,22161491.mp4,https://dai.cs.rutgers.edu/ss3front/22161491.mp4,0,"[""__OTHER__"",""IMPORTANT"",""__OTHER__""]","[101,76,101]","[[""TO/UNTIL"",""A-LOT"",""LATER_2"",""IX-1p"",""REASON"",""OH-I-SEE"",""fs-OH"",""REALLY""],[""IMPORTANT""],[""DEAF"",""fs-SPEECH"",""GROUP/TOGETHER""]]",3,1,2,0,167,168,101,True
asllrp_other_ctc,train,BENJAMIN_JAMES_BAHAN,4-Ben-Deaf-Speech,22319170.mp4,https://dai.cs.rutgers.edu/ss3front/22319170.mp4,0,"[""__OTHER__"",""UNDERSTAND"",""__OTHER__""]","[101,29,101]","[[""CAN"",""MEAN"",""CAN""],[""UNDERSTAND""],[""(1)RANGE""]]",3,1,2,33,201,169,101,True
asllrp_other_ctc,train,BENJAMIN_JAMES_BAHAN,4-Ben-Deaf-Speech,23086521.mp4,https://dai.cs.rutgers.edu/ss3front/23086521.mp4,0,"[""__OTHER__"",""TALK""]","[101,46]","[[""FIRST-IN-LIST"",""FIRST-IN-LIST"",""SECOND-IN-LIST"",""HEAR+(1h)RUMBLE"",""(nd-3)THIRD-IN-LIST"",""SAME"",""#SO"",""IX-3p-pl-arc"",""SICK/SILLY"",""OF-COURSE""],[""TALK""]]",2,1,1,0,244,245,101,True
asllrp_other_ctc,train,BENJAMIN_JAMES_BAHAN,4-Ben-Deaf-Speech,23109871.mp4,https://dai.cs.rutgers.edu/ss3front/23109871.mp4,0,"[""NOW"",""__OTHER__""]","[78,101]","[[""NOW""],[""(1h)IMAGINE"",""DEAF"",""(2h)TALKwg"",""SAME"",""ALMOST"",""(2h)#ALL_2"",""(1h)HAVE"",""THAT"",""CHARACTER""]]",2,1,1,0,123,124,101,True
asllrp_other_ctc,train,BENJAMIN_JAMES_BAHAN,4-Ben-Deaf-Speech,23382460.mp4,https://dai.cs.rutgers.edu/ss3front/23382460.mp4,0,"[""TALK"",""__OTHER__""]","[46,101]","[[""TALK""],[""part:indef"",""HEARING+PERSON"",""STORY""]]",2,1,1,7,123,117,101,True
asllrp_other_ctc,train,BENJAMIN_JAMES_BAHAN,4-Ben-Deaf-Speech,23406823.mp4,https://dai.cs.rutgers.edu/ss3front/23406823.mp4,0,"[""__OTHER__"",""TIME"",""__OTHER__"",""THANKYOU""]","[101,83,101,18]","[[""IX-2p"",""(1h)HAVE"",""(1h)GOOD/THANK-YOU"",""fs-SPEECH"",""SPEECH/ORAL"",""(1h)HAVE"",""(1h)GOOD/THANK-YOU"",""SPEECH/ORAL"",""TO/UNTIL"",""IX-1p"",""IX-1p"",""LOOK"",""part:indef"",""UP-TO-NOW"",""FOR"",""LONG""],[""TIME""],[""IX-1p"",""part:indef""],[""THANK-YOU""]]",4,2,2,9,259,251,101,True
asllrp_other_ctc,train,BENJAMIN_JAMES_BAHAN,4-Ben-Deaf-Speech,24203308.mp4,https://dai.cs.rutgers.edu/ss3front/24203308.mp4,0,"[""__OTHER__"",""WHY"",""__OTHER__""]","[101,13,101]","[[""DEEP"",""KIND"",""fs-QUALITY"",""BUT"",""fs-SPEECH"",""NOT"",""BUT"",""IX-1p""],[""WHY""],[""TELL-1p"",""THAT"",""(2h)IX-1p"",""part:indef""]]",3,1,2,12,245,234,101,True
asllrp_other_ctc,train,BENJAMIN_JAMES_BAHAN,4-Ben-Deaf-Speech,24319030.mp4,https://dai.cs.rutgers.edu/ss3front/24319030.mp4,0,"[""__OTHER__"",""TALK"",""__OTHER__""]","[101,46,101]","[[""OH-I-SEE"",""KNOW-THAT"",""IX-1p"",""DEAF"",""LOOK"",""OH-I-SEE"",""VISUALIZE"",""DEAF"",""MEAN"",""CANNOT""],[""TALK""],[""BUT"",""FIND/FIND-OUT"",""IX-1p"",""CAN""]]",3,1,2,4,248,245,101,True
asllrp_other_ctc,train,BENJAMIN_JAMES_BAHAN,4-Ben-Deaf-Speech,24319030.mp4,https://dai.cs.rutgers.edu/ss3front/24319030.mp4,1,"[""__OTHER__"",""THINK"",""__OTHER__""]","[101,30,101]","[[""APPLAUSE"",""#SO"",""THAT"",""APPLAUSE"",""(1h)HAVE"",""BELOW_2""],[""THINK""],[""MEAN""]]",3,1,2,262,401,140,101,True
asllrp_other_ctc,train,BENJAMIN_JAMES_BAHAN,10-Ben-Conclusion,24340345.mp4,https://dai.cs.rutgers.edu/ss3front/24340345.mp4,0,"[""__OTHER__"",""DIFFERENT"",""__OTHER__""]","[101,74,101]","[[""DISCUSS"",""UP-TO-NOW"",""SHOW"",""TWO""],[""DIFFERENT""],[""fs-ORIENTATION"",""FROM"",""GROW"",""LANGUAGE""]]",3,1,2,39,278,240,101,True
asllrp_other_ctc,train,BENJAMIN_JAMES_BAHAN,10-Ben-Conclusion,24363254.mp4,https://dai.cs.rutgers.edu/ss3front/24363254.mp4,0,"[""__OTHER__"",""SIGN"",""__OTHER__""]","[101,99,101]","[[""GROW"",""(2h)TALKwg"",""DCL:bent-1\\length of time\\\""\"""",""GROW""],[""SIGN""],[""DCL:B\\pathway of sign language\\\""\""""]]",3,1,2,0,99,100,101,True
asllrp_other_ctc,train,BENJAMIN_JAMES_BAHAN,4-Ben-Deaf-Speech,24432441.mp4,https://dai.cs.rutgers.edu/ss3front/24432441.mp4,0,"[""__OTHER__"",""TALK"",""__OTHER__""]","[101,46,101]","[[""MEAN"",""VISUALIZE"",""MISS/ASSUME"",""IX-1p"",""CANNOT""],[""TALK""],[""#SO"",""THAT"",""BELOW_2"",""THAT"",""fs-ORIENTATION"",""fs-AUDIO"",""fs-VOCAL"",""MAJOR"",""SET-UP"",""CULTURE""]]",3,1,2,1,256,256,101,True
asllrp_other_ctc,train,BENJAMIN_JAMES_BAHAN,10-Ben-Conclusion,24480520.mp4,https://dai.cs.rutgers.edu/ss3front/24480520.mp4,0,"[""__OTHER__"",""MORE"",""__OTHER__""]","[101,71,101]","[[""DEAF"",""PEOPLE"",""PROGRESS"",""GROW"",""CAN"",""CAN"",""GROW""],[""MORE""],[""BUT"",""NOT"",""ALLOW""]]",3,1,2,0,203,204,101,True
asllrp_other_ctc,train,BENJAMIN_JAMES_BAHAN,4-Ben-Deaf-Speech,24696263.mp4,https://dai.cs.rutgers.edu/ss3front/24696263.mp4,0,"[""__OTHER__"",""WORK"",""__OTHER__""]","[101,51,101]","[[""fs-EVEN"",""INCLUDE/INVOLVE"",""TIME-PERIOD"",""DEAF""],[""WORK""],[""#OR"",""part:indef"",""INCLUDE/INVOLVE"",""BUSINESS_2"",""ACTION""]]",3,1,2,0,158,159,101,True
asllrp_other_ctc,train,BENJAMIN_JAMES_BAHAN,4-Ben-Deaf-Speech,24918677.mp4,https://dai.cs.rutgers.edu/ss3front/24918677.mp4,0,"[""__OTHER__"",""SCHOOL"",""__OTHER__""]","[101,88,101]","[[""POSS-3p:j""],[""SCHOOL""],[""SCHEDULE"",""MISS/ASSUME"",""SICK"",""#SO"",""5\\out of her control\\\""\"""",""(2h)MUST"",""IX-3p:j"",""JOIN"",""CLASS"",""#HS"",""NEXT-TO"",""IX-loc:j"",""TAKE-UP"",""TEST"",""IX-loc:j""]]",3,1,2,11,253,243,101,True
asllrp_other_ctc,train,BENJAMIN_JAMES_BAHAN,4-Ben-Deaf-Speech,24988342.mp4,https://dai.cs.rutgers.edu/ss3front/24988342.mp4,0,"[""__OTHER__"",""FEEL"",""__OTHER__""]","[101,31,101]","[[""IX-3p:j""],[""FEEL""],[""GONE"",""ICL:baby-O\\writing on the test\\\""\"""",""START"",""DCL:M\\humming\\\""\"""",""DCL:baby-O\\writing on the test\\\""\""""]]",3,1,2,0,160,161,101,True
asllrp_other_ctc,train,BENJAMIN_JAMES_BAHAN,4-Ben-Deaf-Speech,25067097.mp4,https://dai.cs.rutgers.edu/ss3front/25067097.mp4,0,"[""__OTHER__"",""WHAT"",""__OTHER__"",""WHY"",""__OTHER__""]","[101,9,101,13,101]","[[""IX-3p:j"",""fs-PROCTOR"",""LOOK-BY-EYE"",""LOOK-BY-EYE"",""IX-3p:j"",""LOOK-BY-EYE""],[""WHAT""],[""fs-DOING""],[""WHY""],[""DCL:M\\humming\\\""\"""",""LOOK-OVER""]]",5,2,3,0,253,254,101,True
asllrp_other_ctc,train,BENJAMIN_JAMES_BAHAN,4-Ben-Deaf-Speech,25206232.mp4,https://dai.cs.rutgers.edu/ss3front/25206232.mp4,0,"[""__OTHER__"",""ANSWER"",""__OTHER__""]","[101,49,101]","[[""LOOK"",""THINK+SHOCK"",""GESTURE"",""GESTURE"",""STRUGGLE"",""DCL:baby-O\\writing on the test\\\""\"""",""FINISH"",""IX-2p"",""1p-MEET:i"",""\\WHAT\\\""\"""",""IX-3p:j"",""SUSPECT"",""IX-2p"",""(1h)QUOTE/TOPIC"",""TRY"",""TO/UNTIL"",""GET""],[""ANSWER""],[""IX-loc:j""]]",3,1,2,0,255,256,101,True
asllrp_other_ctc,train,BENJAMIN_JAMES_BAHAN,10-Ben-Conclusion,29096274.mp4,https://dai.cs.rutgers.edu/ss3front/29096274.mp4,0,"[""__OTHER__"",""LEARN"",""__OTHER__"",""DIFFERENT"",""__OTHER__""]","[101,50,101,74,101]","[[""CAN"",""MAKE"",""IX-3p:j"",""DCL:flat-O\\put it collectively\\\""\""""],[""LEARN""],[""DCL:bent-1\\this pathway\\\""\"""",""SET-UP""],[""DIFFERENT""],[""LIST-ORDER""]]",5,2,3,0,123,124,101,True
asllrp_other_ctc,train,BENJAMIN_JAMES_BAHAN,10-Ben-Conclusion,29112665.mp4,https://dai.cs.rutgers.edu/ss3front/29112665.mp4,0,"[""__OTHER__"",""LEARN"",""__OTHER__"",""LEARN"",""__OTHER__""]","[101,50,101,50,101]","[[""fs-SOCIAL"",""INSTITUTE"",""MEDICINE"",""TO/UNTIL"",""(1h)#ED"",""PRACTICE"",""HOPE"",""IX-3p:j"",""FUTURE""],[""LEARN""],[""DCL:bent-1\\switch to this pathway\\\""\""""],[""LEARN""],[""PROGRESS"",""IX-loc:j""]]",5,2,3,0,232,233,101,True
asllrp_other_ctc,train,BENJAMIN_JAMES_BAHAN,10-Ben-Conclusion,29154656.mp4,https://dai.cs.rutgers.edu/ss3front/29154656.mp4,0,"[""__OTHER__"",""NOW"",""SCHOOL"",""__OTHER__""]","[101,78,88,101]","[[""MANY""],[""NOW""],[""SCHOOL""],[""IN"",""CULTURE"",""STUDY"",""(2h)alt.SEE"",""CULTURE"",""(2h)alt.SEE"",""STUDY"",""IX-3p-pl-arc"",""DISCUSS"",""ABOUT""]]",4,2,2,25,253,229,101,True
asllrp_other_ctc,train,BENJAMIN_JAMES_BAHAN,10-Ben-Conclusion,29154656.mp4,https://dai.cs.rutgers.edu/ss3front/29154656.mp4,1,"[""__OTHER__"",""NOW"",""__OTHER__""]","[101,78,101]","[[""fs-SENSES"",""IN""],[""NOW""],[""WORLD""]]",3,1,2,258,334,77,101,True
asllrp_other_ctc,train,BENJAMIN_JAMES_BAHAN,10-Ben-Conclusion,29294470.mp4,https://dai.cs.rutgers.edu/ss3front/29294470.mp4,0,"[""__OTHER__"",""NOW"",""__OTHER__""]","[101,78,101]","[[""ALSO"",""fs-SENSE"",""LIST-ORDER"",""(2h)alt.SEE""],[""NOW""],[""REALLY"",""HEAR+(1h)NOISE""]]",3,1,2,0,114,115,101,True
asllrp_other_ctc,train,BENJAMIN_JAMES_BAHAN,10-Ben-Conclusion,29310279.mp4,https://dai.cs.rutgers.edu/ss3front/29310279.mp4,0,"[""__OTHER__"",""DIFFERENT"",""__OTHER__""]","[101,74,101]","[[""DEAF"",""EXPERIENCE"",""SHOW""],[""DIFFERENT""],[""DEAF"",""EXPERIENCE"",""SHOW"",""part:indef"",""REALLY"",""fs-HEGEMONY"",""fs-OF"",""NOISE"",""SUPERIOR""]]",3,1,2,2,239,238,101,True
asllrp_other_ctc,train,BENJAMIN_JAMES_BAHAN,6-Ben-Control-of-Sound,35967768.mp4,https://dai.cs.rutgers.edu/ss3front/35967768.mp4,0,"[""HOW"",""__OTHER__""]","[14,101]","[[""HOW""],[""PEOPLE"",""VOICE-RANGE"",""DCL:crvd-B\\above or below voice range\\\""\""""]]",2,1,1,0,144,145,101,True
asllrp_other_ctc,train,BENJAMIN_JAMES_BAHAN,6-Ben-Control-of-Sound,36725012.mp4,https://dai.cs.rutgers.edu/ss3front/36725012.mp4,0,"[""__OTHER__"",""HOW"",""__OTHER__""]","[101,14,101]","[[""MANY"",""fs-OF"",""STORY"",""AND"",""fs-TESTIMONIES"",""IX-loc:j"",""IX-loc:j"",""COOPERATE/UNITE"",""WITH"",""WARN""],[""HOW""],[""MANAGE/CONTROL"",""HEAR+NOISE"",""WARN"",""INFORM-ALL"",""PEOPLE""]]",3,1,2,0,251,252,101,True
asllrp_other_ctc,train,BENJAMIN_JAMES_BAHAN,6-Ben-Control-of-Sound,36860638.mp4,https://dai.cs.rutgers.edu/ss3front/36860638.mp4,0,"[""__OTHER__"",""WORK"",""__OTHER__""]","[101,51,101]","[[""fs-ABC"",""fs-OF""],[""WORK""],[""WITH"",""DEAF"",""PEOPLE""]]",3,1,2,245,330,86,101,True
asllrp_other_ctc,train,BENJAMIN_JAMES_BAHAN,6-Ben-Control-of-Sound,37411375.mp4,https://dai.cs.rutgers.edu/ss3front/37411375.mp4,0,"[""__OTHER__"",""UNDERSTAND"",""__OTHER__""]","[101,29,101]","[[""IDEA""],[""UNDERSTAND""],[""IX-loc:j"",""INFORM"",""IN"",""POLITE"",""CORRECT"",""NARROW-STREET"",""IX-3p:j"",""FUTURE"",""ACCEPT""]]",3,1,2,0,104,105,101,True
asllrp_other_ctc,train,BENJAMIN_JAMES_BAHAN,6-Ben-Control-of-Sound,38032430.mp4,https://dai.cs.rutgers.edu/ss3front/38032430.mp4,0,"[""__OTHER__"",""MORE"",""__OTHER__"",""THINK"",""__OTHER__""]","[101,71,101,30,101]","[[""IX-3p:j""],[""MORE""],[""INFORM"",""DEAF"",""PEOPLE"",""IX-3p-pl-arc""],[""THINK""],[""DEAF"",""QUIET"",""(1h)5\\wave no\\\""\"""",""IX-3p:j"",""REALLY"",""MAKE"",""NOISE""]]",5,2,3,91,294,204,101,True
asllrp_other_ctc,train,BENJAMIN_JAMES_BAHAN,6-Ben-Control-of-Sound,38116452.mp4,https://dai.cs.rutgers.edu/ss3front/38116452.mp4,0,"[""__OTHER__"",""THINK""]","[101,30]","[[""OFTEN"",""NOT"",""REASON"",""A-LOT"",""NOISE"",""IX-3p:j"",""MAKE"",""#SO"",""NOT"",""ALSO"",""QUIET"",""ALSO"",""IX-3p-pl-arc""],[""THINK""]]",2,1,1,2,151,150,101,True
asllrp_other_ctc,train,BENJAMIN_JAMES_BAHAN,6-Ben-Control-of-Sound,38275141.mp4,https://dai.cs.rutgers.edu/ss3front/38275141.mp4,0,"[""__OTHER__"",""DIFFERENT"",""__OTHER__""]","[101,74,101]","[[""BELOW_2"",""IX-3p:j"",""TWO""],[""DIFFERENT""],[""GROUP/TOGETHER:j"",""GROUP/TOGETHER:j"",""INFORM-ALL"",""WORLD"",""THAT"",""DEAF"",""PEOPLE"",""MAKE"",""NOISE"",""AND"",""STORY""]]",3,1,2,7,262,256,101,True
asllrp_other_ctc,train,BENJAMIN_JAMES_BAHAN,6-Ben-Control-of-Sound,38425538.mp4,https://dai.cs.rutgers.edu/ss3front/38425538.mp4,0,"[""__OTHER__"",""WHERE"",""__OTHER__""]","[101,10,101]","[[""SOME"",""SOMETIMES"",""IN"",""PLACE""],[""WHERE""],[""NOISE"",""IX-3p:j"",""MAKE"",""SEEM"",""(F)NONE/NOTHING"",""ALSO"",""NOISE"",""OTHER"",""PLACE"",""WRONG""]]",3,1,2,0,255,256,101,True
asllrp_other_ctc,train,BENJAMIN_JAMES_BAHAN,6-Ben-Control-of-Sound,38448512.mp4,https://dai.cs.rutgers.edu/ss3front/38448512.mp4,0,"[""HOW"",""__OTHER__"",""LEARN"",""__OTHER__""]","[14,101,50,101]","[[""HOW""],[""KNOW"",""WHICH"",""5\\umm\\\""\"""",""SOME"",""fs-OF"",""STRUGGLE""],[""LEARN""],[""EXPERIENCE"",""COOPERATE/UNITE"",""fs-OF"",""fs-BEING"",""DEAF"",""IN"",""fs-AUDIOVOCAL"",""WORLD""]]",4,2,2,6,261,256,101,True
asllrp_other_ctc,train,BENJAMIN_JAMES_BAHAN,6-Ben-Control-of-Sound,38467574.mp4,https://dai.cs.rutgers.edu/ss3front/38467574.mp4,0,"[""__OTHER__"",""DIFFERENT"",""__OTHER__""]","[101,74,101]","[[""(1h)HAVE"",""LIST-ORDER_3""],[""DIFFERENT""],[""STORY"",""INFORM"",""fs-TESTIMONIES"",""FUTURE"",""BETWEEN/SHARE""]]",3,1,2,2,179,178,101,True
asllrp_other_ctc,train,BENJAMIN_JAMES_BAHAN,8-Ben-Control-of-sound-places,39918381.mp4,https://dai.cs.rutgers.edu/ss3front/39918381.mp4,0,"[""__OTHER__"",""THINK"",""__OTHER__""]","[101,30,101]","[[""NOISE"",""LOUD"",""5\\wow\\\""\"""",""LOOK-OVER"",""(1h)part:indef"",""PERSON"",""REALLY""],[""THINK""],[""NO-GOOD"",""(1h)part:indef"",""fs-CLASS"",""part:indef"",""POLITE""]]",3,1,2,28,283,256,101,True
asllrp_other_ctc,train,BENJAMIN_JAMES_BAHAN,8-Ben-Control-of-sound-places,40214885.mp4,https://dai.cs.rutgers.edu/ss3front/40214885.mp4,0,"[""__OTHER__"",""FRIEND"",""__OTHER__"",""TELL"",""__OTHER__""]","[101,92,101,47,101]","[[""fs-C""],[""FRIEND""],[""fs-COLLEAGUE"",""POSS-1p"",""IX-loc:j"",""HERE"",""COLLEGE"",""TELL-1p"",""ENTER"",""TOILET"",""IX-3p:j"",""CAN"",""LOOK:j"",""fs-PUBLIC"",""(1h)AREA"",""CAN""],[""TELL""],[""WHICH"",""IX-3p:j""]]",5,2,3,9,264,256,101,True
asllrp_other_ctc,train,BENJAMIN_JAMES_BAHAN,8-Ben-Control-of-sound-places,40214885.mp4,https://dai.cs.rutgers.edu/ss3front/40214885.mp4,1,"[""__OTHER__"",""HOW"",""__OTHER__""]","[101,14,101]","[[""REALLY"",""SET-UP"",""ON""],[""HOW""],[""IX-3p:j"",""DCL:5\\emit waste\\\""\"""",""fs-WASTE""]]",3,1,2,327,453,127,101,True
asllrp_other_ctc,train,BENJAMIN_JAMES_BAHAN,8-Ben-Control-of-sound-places,40670695.mp4,https://dai.cs.rutgers.edu/ss3front/40670695.mp4,0,"[""__OTHER__"",""MORE"",""__OTHER__""]","[101,71,101]","[[""HEARING""],[""MORE""],[""MANAGE/CONTROL"",""DCL:5\\emit waste quietly\\\""\"""",""DEAF"",""DCL:5\\emit waste loudly\\\""\"""",""OH-I-SEE""]]",3,1,2,1,137,137,101,True
asllrp_other_ctc,train,BENJAMIN_JAMES_BAHAN,8-Ben-Control-of-sound-places,41237458.mp4,https://dai.cs.rutgers.edu/ss3front/41237458.mp4,0,"[""__OTHER__"",""WHEN"",""__OTHER__""]","[101,11,101]","[[""FINISH"",""THINK+LONG-LIST"",""APPLY"",""TO/UNTIL"",""DEAF""],[""WHEN""],[""KNOW-NOTHING"",""ENTER"",""TOILET""]]",3,1,2,261,378,118,101,True
asllrp_other_ctc,train,BENJAMIN_JAMES_BAHAN,8-Ben-Control-of-sound-places,44284092.mp4,https://dai.cs.rutgers.edu/ss3front/44284092.mp4,0,"[""__OTHER__"",""MAYBE"",""__OTHER__""]","[101,22,101]","[[""PEOPLE"",""ENTER"",""CHURCH"",""part:indef"",""LOOK"",""QUIET"",""IX-loc:j"",""#ALL_2"",""PCL\\people sit and stare\\\""\"""",""#OK"",""part:indef"",""DEAF"",""BCL:C\\grab Bible\\\""\"""",""NOT"",""REASON""],[""MAYBE""],[""BCL:C\\grab Bible\\\""\"""",""BOOK_2"",""BOOK""]]",3,1,2,6,261,256,101,True
asllrp_other_ctc,train,BENJAMIN_JAMES_BAHAN,8-Ben-Control-of-sound-places,44569817.mp4,https://dai.cs.rutgers.edu/ss3front/44569817.mp4,0,"[""__OTHER__"",""LEARN""]","[101,50]","[[""WITH"",""NOISE"",""IX-3p:j"",""ICL:F/9\\quickly flip pages\\\""\"""",""ICL:F/9\\slowly flip pages\\\""\"""",""part:indef""],[""LEARN""]]",2,1,1,79,319,241,101,True
asllrp_other_ctc,train,BENJAMIN_JAMES_BAHAN,8-Ben-Control-of-sound-places,44690388.mp4,https://dai.cs.rutgers.edu/ss3front/44690388.mp4,0,"[""__OTHER__"",""LEARN""]","[101,50]","[[""BCL:S\\nudge neighbor\\\""\"""",""DCL:crvd-5\\reach into bucket of popcorn\\\""\"""",""(1h)part:indef"",""SHH"",""(1h)part:indef"",""(1h)part:indef"",""DCL:1\\point to popcorn bucket\\\""\"""",""HEAR"",""IX-2p"",""DCL:1\\point to popcorn bucket\\\""\"""",""OH-I-SEE""],[""LEARN""]]",2,1,1,0,231,232,101,True
asllrp_other_ctc,train,BENJAMIN_JAMES_BAHAN,8-Ben-Control-of-sound-places,44880490.mp4,https://dai.cs.rutgers.edu/ss3front/44880490.mp4,0,"[""__OTHER__"",""LEARN"",""__OTHER__"",""FRIEND"",""__OTHER__""]","[101,50,101,92,101]","[[""SOMETIMES""],[""LEARN""],[""STORY""],[""FRIEND""],[""TRADE-arc"",""IX-1p-pl-arc"",""BETWEEN/SHARE-arc"",""fs-TIPS"",""BETWEEN/SHARE-arc"",""INFORM"",""ABOUT"",""OH-I-SEE"",""NOISE"",""IX-1p"",""MAKE"",""AND""]]",5,2,3,5,260,256,101,True
asllrp_other_ctc,train,BENJAMIN_JAMES_BAHAN,8-Ben-Control-of-sound-places,44880490.mp4,https://dai.cs.rutgers.edu/ss3front/44880490.mp4,1,"[""LEARN"",""__OTHER__""]","[50,101]","[[""LEARN""],[""IX-1p"",""GO"",""SITUATION"",""IX-1p"",""CARE_2"",""(A)SELF-1p""]]",2,1,1,264,379,116,101,True
asllrp_other_ctc,train,BENJAMIN_JAMES_BAHAN,8-Ben-Control-of-sound-places,45678110.mp4,https://dai.cs.rutgers.edu/ss3front/45678110.mp4,0,"[""__OTHER__"",""HAVE"",""__OTHER__""]","[101,32,101]","[[""5\\uncertain\\\""\"""",""IX-loc:j""],[""HAVE""],[""YES_2"",""(2h)alt.SCREAM"",""(1h)AREA"",""AUDIENCE"",""IX-3p-pl-arc"",""HEARING"",""POSS-2p"",""CULTURE"",""IN"",""KNOW"",""fs-OF"",""VOICE-RANGE_2"",""fs-RANGE""]]",3,1,2,1,256,256,101,True
asllrp_other_ctc,train,BENJAMIN_JAMES_BAHAN,8-Ben-Control-of-sound-places,46361389.mp4,https://dai.cs.rutgers.edu/ss3front/46361389.mp4,0,"[""__OTHER__"",""DIFFERENT"",""__OTHER__"",""DIFFERENT"",""__OTHER__""]","[101,74,101,74,101]","[[""THAT"",""(2h)IX-3p:j""],[""DIFFERENT""],[""IX-3p:j"",""EXPERIENCE"",""IX-3p:j"",""(2h)IX-3p:j"",""BETWEEN/SHARE-arc"",""THROUGH""],[""DIFFERENT""],[""fs-TESTIMONIES""]]",5,2,3,0,199,200,101,True
asllrp_other_ctc,train,BENJAMIN_JAMES_BAHAN,8-Ben-Control-of-sound-places,46883941.mp4,https://dai.cs.rutgers.edu/ss3front/46883941.mp4,0,"[""__OTHER__"",""TELL"",""__OTHER__""]","[101,47,101]","[[""GROW-UP"",""IX-1p""],[""TELL""],[""#IF"",""MAKE"",""NOISE"",""FART"",""AMONG"",""BURP"",""fs-BURP"",""AMONG"",""THAT"",""POSS-2p"",""NATURAL""]]",3,1,2,18,266,249,101,True
asllrp_other_ctc,train,BENJAMIN_JAMES_BAHAN,8-Ben-Control-of-sound-places,46883941.mp4,https://dai.cs.rutgers.edu/ss3front/46883941.mp4,1,"[""__OTHER__"",""WHERE"",""__OTHER__""]","[101,10,101]","[[""fs-HUMAN"",""BODY"",""fs-NOISE"",""NATURAL"",""(2h)IX-honorific:j""],[""WHERE""],[""#DO"",""IX-loc:j"",""IN"",""TOILET""]]",3,1,2,265,473,209,101,True
asllrp_other_ctc,train,BENJAMIN_JAMES_BAHAN,8-Ben-Control-of-sound-places,47133137.mp4,https://dai.cs.rutgers.edu/ss3front/47133137.mp4,0,"[""__OTHER__"",""FEEL"",""__OTHER__""]","[101,31,101]","[[""GO"",""ENTER"",""5\\surprised\\\""\""""],[""FEEL""],[""FREE""]]",3,1,2,5,94,90,101,True
asllrp_other_ctc,train,BENJAMIN_JAMES_BAHAN,8-Ben-Control-of-sound-places,47427088.mp4,https://dai.cs.rutgers.edu/ss3front/47427088.mp4,0,"[""__OTHER__"",""HAVE"",""__OTHER__"",""HOW"",""__OTHER__""]","[101,32,101,14,101]","[[""(1h)QUOTE/TOPIC"",""MUST""],[""HAVE""],[""MANAGE/CONTROL""],[""HOW""],[""IX-2p"",""fs-EMIT"",""DCL:5\\emit waste\\\""\"""",""fs-WASTE""]]",5,2,3,0,176,177,101,True
asllrp_other_ctc,train,BENJAMIN_JAMES_BAHAN,8-Ben-Control-of-sound-places,47665653.mp4,https://dai.cs.rutgers.edu/ss3front/47665653.mp4,0,"[""__OTHER__"",""HAVE"",""__OTHER__""]","[101,32,101]","[[""SHOW"",""A-LOT"",""REALLY"",""NOISE"",""fs-HANGUPS"",""HEARING""],[""HAVE""],[""COOPERATE/UNITE"",""WITH"",""THAT"",""GROUP/TOGETHER"",""CARE_2""]]",3,1,2,24,247,224,101,True
asllrp_other_ctc,train,BENJAMIN_JAMES_BAHAN,8-Ben-Control-of-sound-places,47877712.mp4,https://dai.cs.rutgers.edu/ss3front/47877712.mp4,0,"[""__OTHER__"",""WATER"",""__OTHER__""]","[101,56,101]","[[""IX-1p"",""ENTER"",""TOILET"",""DCL:crvd-V\\sit on toilet\\\""\"""",""GO_2"",""TOILET"",""IX-1p"",""IGNITION-ON""],[""WATER""],[""DCL:5\\water running\\\""\"""",""5\\ehh\\\""\"""",""DCL:5\\water running in toilet bowl\\\""\"""",""DCL:5\\water running down side of toilet bowl\\\""\"""",""#OR"",""MUSIC""]]",3,1,2,0,255,256,101,True
asllrp_other_ctc,train,BENJAMIN_JAMES_BAHAN,8-Ben-Control-of-sound-places,47978474.mp4,https://dai.cs.rutgers.edu/ss3front/47978474.mp4,0,"[""__OTHER__"",""HOW"",""__OTHER__"",""LEARN""]","[101,14,101,50]","[[""#SO"",""THAT""],[""HOW""],[""(2h)5\\wow\\\""\"""",""DEAF"",""PEOPLE""],[""LEARN""]]",4,2,2,0,131,132,101,True
asllrp_other_ctc,train,BENJAMIN_JAMES_BAHAN,8-Ben-Control-of-sound-places,48119512.mp4,https://dai.cs.rutgers.edu/ss3front/48119512.mp4,0,"[""__OTHER__"",""TELL"",""__OTHER__""]","[101,47,101]","[[""ns-fs-BILL"",""ns-fs-ENNIS""],[""TELL""],[""GREAT"",""STORY"",""ABOUT"",""fs-BUBBLES"",""QUOTE/TOPIC"",""fs-BUBBLES""]]",3,1,2,2,184,183,101,True
asllrp_other_ctc,train,BENJAMIN_JAMES_BAHAN,8-Ben-Control-of-sound-places,48539771.mp4,https://dai.cs.rutgers.edu/ss3front/48539771.mp4,0,"[""__OTHER__"",""WHEN"",""__OTHER__"",""HOME"",""__OTHER__"",""SEE"",""__OTHER__""]","[101,11,101,87,101,43,101]","[[""LONG-AGO""],[""WHEN""],[""IX-3p:j"",""YOUNG"",""OUT"",""PLAY"",""(crvd-5)BASKETBALL"",""FINISH"",""MUST"",""TOILET"",""RUN"",""ARRIVE""],[""HOME""],[""ENTER""],[""SEE""],[""MOTHER"",""FINE_2""]]",7,3,4,0,247,248,101,True
asllrp_other_ctc,train,BENJAMIN_JAMES_BAHAN,8-Ben-Control-of-sound-places,48585083.mp4,https://dai.cs.rutgers.edu/ss3front/48585083.mp4,0,"[""__OTHER__"",""WHY"",""__OTHER__""]","[101,13,101]","[[""fs-URINE"",""TOILET"",""DECIDE""],[""WHY""],[""NOT"",""DURING/WHILE"",""IX-1p"",""TOILET"",""IX-1p"",""MAKE"",""fs-BUBBLES""]]",3,1,2,1,212,212,101,True
asllrp_other_ctc,train,BENJAMIN_JAMES_BAHAN,8-Ben-Control-of-sound-places,49253789.mp4,https://dai.cs.rutgers.edu/ss3front/49253789.mp4,0,"[""__OTHER__"",""WHERE"",""__OTHER__"",""WATER"",""__OTHER__""]","[101,10,101,56,101]","[[""MOTHER"",""SAY""],[""WHERE""],[""IX-loc:j"",""DCL:1\\point and shoot\\\""\"""",""NICE/CLEAN"",""LESS"",""ON""],[""WATER""],[""LOUD"",""#OK""]]",5,2,3,0,255,256,101,True
asllrp_other_ctc,train,BENJAMIN_JAMES_BAHAN,8-Ben-Control-of-sound-places,49253789.mp4,https://dai.cs.rutgers.edu/ss3front/49253789.mp4,1,"[""LEARN"",""__OTHER__""]","[50,101]","[[""LEARN""],[""FROM"",""MOTHER"",""THAT"",""WOW/AWFUL"",""DCL:1\\point and shoot\\\""\""""]]",2,1,1,262,372,111,101,True
asllrp_other_ctc,train,BENJAMIN_JAMES_BAHAN,8-Ben-Control-of-sound-places,49985301.mp4,https://dai.cs.rutgers.edu/ss3front/49985301.mp4,0,"[""__OTHER__"",""FRIEND"",""__OTHER__"",""FAMILY"",""__OTHER__"",""FAMILY"",""SIGN"",""__OTHER__"",""TIME"",""__OTHER__""]","[101,92,101,91,101,91,99,101,83,101]","[[""ONE""],[""FRIEND""],[""IX-loc:j"",""STORY"",""ABOUT"",""IX-3p:j"",""GROW-UP"",""HEARING""],[""FAMILY""],[""IX-3p:j""],[""FAMILY""],[""SIGN""],[""SO-SO"",""(1h)part:indef"",""EACH""],[""TIME""],[""GO"",""TOILET"",""MOTHER+FATHER""]]",10,5,5,0,255,256,101,True
asllrp_other_ctc,train,BENJAMIN_JAMES_BAHAN,4-Ben-Deaf-Speech,50106572.mp4,https://dai.cs.rutgers.edu/ss3front/50106572.mp4,0,"[""__OTHER__"",""ANSWER"",""__OTHER__""]","[101,49,101]","[[""THAT"",""MEAN"",""VISUALIZE"",""TRY"",""GET"",""fs-SOLICIT"",""(2h)alt.PULL""],[""ANSWER""],[""FROM"",""NEXT-TO_2"",""5\\wave no\\\""\""""]]",3,1,2,0,184,185,101,True
asllrp_other_ctc,train,BENJAMIN_JAMES_BAHAN,4-Ben-Deaf-Speech,50256959.mp4,https://dai.cs.rutgers.edu/ss3front/50256959.mp4,0,"[""__OTHER__"",""TIME"",""__OTHER__"",""COLD"",""__OTHER__""]","[101,83,101,68,101]","[[""TEACH+AGENT"",""IX-3p:j"",""DIRECT/EXPLAIN"",""IX-1p"",""ALSO""],[""TIME""],[""THAT"",""TIME-PERIOD"",""IX-1p""],[""COLD""],[""COUGH""]]",5,2,3,18,188,171,101,True
asllrp_other_ctc,train,BENJAMIN_JAMES_BAHAN,4-Ben-Deaf-Speech,50309363.mp4,https://dai.cs.rutgers.edu/ss3front/50309363.mp4,0,"[""__OTHER__"",""HOW"",""__OTHER__""]","[101,14,101]","[[""CLASS_2"",""IX-loc:j"",""(1h)TEACH+AGENT"",""DIRECT/EXPLAIN"",""COUGH"",""COUGH"",""IX-1p""],[""HOW""],[""IX-1p"",""LESS"",""COUGH""]]",3,1,2,0,160,161,101,True
asllrp_other_ctc,train,BENJAMIN_JAMES_BAHAN,8-Ben-Control-of-sound-places,50527920.mp4,https://dai.cs.rutgers.edu/ss3front/50527920.mp4,0,"[""__OTHER__"",""LIKE"",""__OTHER__""]","[101,26,101]","[[""fs-TRY"",""TELL:j"",""(1h)STOP"",""IX-3p:j"",""OUT"",""IX-2p"",""fs-PISS""],[""LIKE""],[""HORSE"",""(1h)part:indef"",""PISS-OFF""]]",3,1,2,16,271,256,101,True
asllrp_other_ctc,train,BENJAMIN_JAMES_BAHAN,4-Ben-Deaf-Speech,50567374.mp4,https://dai.cs.rutgers.edu/ss3front/50567374.mp4,0,"[""__OTHER__"",""TIME"",""__OTHER__""]","[101,83,101]","[[""AGAIN"",""READY"",""IX-1p"",""INHALE"",""IX-3p:j"",""POINT"",""IX-1p"",""INHALE"",""FEW""],[""TIME""],[""IX-1p""]]",3,1,2,10,144,135,101,True
asllrp_other_ctc,train,BENJAMIN_JAMES_BAHAN,8-Ben-Control-of-sound-places,50685256.mp4,https://dai.cs.rutgers.edu/ss3front/50685256.mp4,0,"[""__OTHER__"",""THINK"",""__OTHER__""]","[101,30,101]","[[""LOOK"",""(1h)part:indef"",""part:indef"",""part:indef"",""IX-3p:j""],[""THINK""],[""MEAN"",""PLUS"",""SAME"",""DCL:S\\strong horse\\\""\""""]]",3,1,2,7,262,256,101,True
asllrp_other_ctc,train,BENJAMIN_JAMES_BAHAN,4-Ben-Deaf-Speech,50743523.mp4,https://dai.cs.rutgers.edu/ss3front/50743523.mp4,0,"[""__OTHER__"",""DIFFERENT""]","[101,74]","[[""IX-1p"",""5\\whoa\\\""\"""",""5\\what the heck\\\""\"""",""5\\I don't know\\\""\"""",""NOISE"",""IX-1p"",""MAKE"",""MEAN"",""SEND"",""TO/UNTIL"",""(2h)POINT-TO"",""REALLY"",""INTERPRET""],[""DIFFERENT""]]",2,1,1,0,225,226,101,True
asllrp_other_ctc,train,BENJAMIN_JAMES_BAHAN,8-Ben-Control-of-sound-places,50748137.mp4,https://dai.cs.rutgers.edu/ss3front/50748137.mp4,0,"[""__OTHER__"",""LIKE"",""__OTHER__""]","[101,26,101]","[[""GO-OUT"",""FINISH"",""SCL:1\\came back\\\""\"""",""AGAIN"",""IX-2p"",""fs-PISS""],[""LIKE""],[""HORSE"",""LOOK:j"",""part:indef""]]",3,1,2,0,168,169,101,True
asllrp_other_ctc,train,BENJAMIN_JAMES_BAHAN,4-Ben-Deaf-Speech,50765598.mp4,https://dai.cs.rutgers.edu/ss3front/50765598.mp4,0,"[""__OTHER__"",""HOW"",""__OTHER__""]","[101,14,101]","[[""AMONG_2"",""EXPERIENCE"",""(F)BELONG"",""WITH""],[""HOW""],[""IX-1p"",""VOICE"",""CULTURE"",""INTERPRET"",""MEAN"",""SET-UP"",""MEAN"",""INTERPRET"",""OFTEN"",""MISUNDERSTAND""]]",3,1,2,11,255,245,101,True
asllrp_other_ctc,train,BENJAMIN_JAMES_BAHAN,8-Ben-Control-of-sound-places,51694177.mp4,https://dai.cs.rutgers.edu/ss3front/51694177.mp4,0,"[""__OTHER__"",""HOME"",""__OTHER__""]","[101,87,101]","[[""GO-OUT"",""DATE/DESSERT"",""PROGRESS"",""POSS-3p:j""],[""HOME""],[""5\\gathering\\\""\"""",""ENTER"",""TOILET"",""fs-CODA"",""(5)WOMAN"",""LOOK:j"",""OUT"",""POSS-3p:j"",""IX-2p"",""PISS-OFF"",""SAME"",""HORSE"",""IX-2p""]]",3,1,2,7,262,256,101,True
asllrp_other_ctc,train,BENJAMIN_JAMES_BAHAN,8-Ben-Control-of-sound-places,51835847.mp4,https://dai.cs.rutgers.edu/ss3front/51835847.mp4,0,"[""__OTHER__"",""LEARN"",""__OTHER__"",""TIME"",""__OTHER__""]","[101,50,101,83,101]","[[""LOOK:j"",""REALLY"",""#WHAT"",""THAT"",""IX-loc:j"",""DCL:1\\point and pee\\\""\"""",""DCL:crvd-B\\curve of the toilet bowl\\\""\"""",""DCL:5\\extremely embarrassed\\\""\""""],[""LEARN""],[""FROM"",""POSS-3p:j"",""GIRL+FRIEND"",""THAT""],[""TIME""],[""IX-3p:j""]]",5,2,3,0,234,235,101,True
asllrp_other_ctc,train,BENJAMIN_JAMES_BAHAN,5-Ben-Deaf-Grunts,52731827.mp4,https://dai.cs.rutgers.edu/ss3front/52731827.mp4,0,"[""__OTHER__"",""TIME"",""__OTHER__""]","[101,83,101]","[[""ICL:S\\swinging tennis raquet\\\""\"""",""VOICE"",""ICL:S\\swinging tennis raquet\\\""\"""",""EACH""],[""TIME""],[""ICL:S\\swinging tennis raquet\\\""\"""",""5\\so ok\\\""\"""",""FREQUENTLY""]]",3,1,2,8,147,140,101,True
asllrp_other_ctc,train,BENJAMIN_JAMES_BAHAN,5-Ben-Deaf-Grunts,52912918.mp4,https://dai.cs.rutgers.edu/ss3front/52912918.mp4,0,"[""__OTHER__"",""WHERE"",""__OTHER__""]","[101,10,101]","[[""POINT""],[""WHERE""],[""INTERNATIONAL"",""PING-PONG/TENNIS"",""fs-FEDERATION"",""RECENT-PAST"",""THINK-OVER"",""SET-UP"",""RECORD"",""fs-CODE""]]",3,1,2,2,257,256,101,True
asllrp_other_ctc,train,BENJAMIN_JAMES_BAHAN,5-Ben-Deaf-Grunts,53472846.mp4,https://dai.cs.rutgers.edu/ss3front/53472846.mp4,0,"[""__OTHER__"",""MORE"",""__OTHER__""]","[101,71,101]","[[""IX-3p:j"",""OCCASIONALLY"",""VOICE"",""DCL:fanned-O\\throat grumble\\\""\"""",""DURING/WHILE"",""PING-PONG/TENNIS"",""#SO"",""NOT"",""ALLOW"",""IX-3p:j"",""INCLUDE/INVOLVE"",""THAT"",""PING-PONG/TENNIS"",""MEMBER"",""ANY""],[""MORE""],[""(2h)DELETE""]]",3,1,2,8,210,203,101,True
asllrp_other_ctc,train,BENJAMIN_JAMES_BAHAN,5-Ben-Deaf-Grunts,53748459.mp4,https://dai.cs.rutgers.edu/ss3front/53748459.mp4,0,"[""__OTHER__"",""TALK"",""__OTHER__""]","[101,46,101]","[[""TALK-OVER"",""GESTURE""],[""TALK""],[""VOICE"",""DCL:fanned-flat-O\\becoming upset\\\""\"""",""START"",""(1h)SCREAM"",""(1h)SCREAM""]]",3,1,2,244,386,143,101,True
asllrp_other_ctc,train,BENJAMIN_JAMES_BAHAN,5-Ben-Deaf-Grunts,53784331.mp4,https://dai.cs.rutgers.edu/ss3front/53784331.mp4,0,"[""__OTHER__"",""STOP"",""__OTHER__""]","[101,37,101]","[[""PCL:crvd-5\\people staring\\\""\"""",""FINISH-shake""],[""STOP""],[""(2h)LOOK"",""part:indef""]]",3,1,2,245,346,102,101,True
asllrp_other_ctc,train,BENJAMIN_JAMES_BAHAN,5-Ben-Deaf-Grunts,53819100.mp4,https://dai.cs.rutgers.edu/ss3front/53819100.mp4,0,"[""__OTHER__"",""NAME"",""HAVE"",""__OTHER__""]","[101,98,32,101]","[[""fs-NEWS"",""PCL:crvd-5\\people shocked/stare\\\""\""""],[""NAME""],[""HAVE""],[""fs-A"",""(1h)SCREAM"",""LECTURE"",""FINISH-shake"",""POSS-3p:j"",""fs-CAREER"",""CAN"",""GOAL"",""BECOME"",""PRESIDENT""]]",4,2,2,6,261,256,101,True
asllrp_other_ctc,train,BENJAMIN_JAMES_BAHAN,5-Ben-Deaf-Grunts,53869368.mp4,https://dai.cs.rutgers.edu/ss3front/53869368.mp4,0,"[""__OTHER__"",""HOW"",""__OTHER__""]","[101,14,101]","[[""PEOPLE"",""VISUALIZE""],[""HOW""],[""IF"",""IX-3p:j"",""PERSON"",""WHO"",""REALLY"",""ABOVE"",""VOICE"",""ABOVE"",""IMAGINE"",""SITUATION"",""RUN-MACHINE"",""COUNTRY""]]",3,1,2,0,248,249,101,True
asllrp_other_ctc,train,BENJAMIN_JAMES_BAHAN,5-Ben-Deaf-Grunts,53869368.mp4,https://dai.cs.rutgers.edu/ss3front/53869368.mp4,1,"[""__OTHER__"",""SEE"",""__OTHER__"",""TALK"",""__OTHER__""]","[101,43,101,46,101]","[[""MANAGE/CONTROL"",""CANNOT"",""CANNOT""],[""SEE""],[""IX-3p:j"",""ALSO"",""PRESIDENT"",""fs-BY"",""POSS-3p:j""],[""TALK""],[""ABOVE"",""5\\wow\\\""\"""",""IDEA"",""fs-OF"",""VOICE"",""ABOVE""]]",5,2,3,247,502,256,101,True
asllrp_other_ctc,train,BENJAMIN_JAMES_BAHAN,5-Ben-Deaf-Grunts,53931043.mp4,https://dai.cs.rutgers.edu/ss3front/53931043.mp4,0,"[""__OTHER__"",""HAVE"",""__OTHER__""]","[101,32,101]","[[""EXCUSE"",""BUT"",""(1h)HAVE"",""(1h)STILL"",""BPCL:V/2\\person giving a dirty look\\\""\"""",""START"",""STILL""],[""HAVE""],[""MISMATCH"",""THAT""]]",3,1,2,348,535,188,101,True
asllrp_other_ctc,train,BENJAMIN_JAMES_BAHAN,5-Ben-Deaf-Grunts,54119951.mp4,https://dai.cs.rutgers.edu/ss3front/54119951.mp4,0,"[""__OTHER__"",""HAVE"",""__OTHER__""]","[101,32,101]","[[""fs-EVEN"",""ALLOW"",""IX-3p:j"",""LAUGH""],[""HAVE""],[""CULTURE"",""SET-UP"",""VOICE-RANGE"",""FOR"",""LAUGH"",""LAUGH-HARD""]]",3,1,2,11,259,249,101,True
asllrp_other_ctc,train,BENJAMIN_JAMES_BAHAN,5-Ben-Deaf-Grunts,54279358.mp4,https://dai.cs.rutgers.edu/ss3front/54279358.mp4,0,"[""__OTHER__"",""WHERE"",""__OTHER__""]","[101,10,101]","[[""(1h)POINT"",""LESS"",""KNOW-THAT"",""POSS-3p:j"",""VOICE"",""REALLY"",""SURPASS"",""VOICE-RANGE"",""VOICE-RANGE"",""#SO"",""POINT""],[""WHERE""],[""PEOPLE"",""IX-3p-pl-arc"",""#DO"",""STORY"",""DEAF"",""PEOPLE"",""POSS-3p:j"",""LAUGH""]]",3,1,2,6,261,256,101,True
asllrp_other_ctc,train,BENJAMIN_JAMES_BAHAN,5-Ben-Deaf-Grunts,54279358.mp4,https://dai.cs.rutgers.edu/ss3front/54279358.mp4,1,"[""DIFFERENT"",""__OTHER__"",""DIFFERENT"",""__OTHER__""]","[74,101,74,101]","[[""DIFFERENT""],[""\\WHAT\\\""\"""",""MEAN""],[""DIFFERENT""],[""VISUALIZE"",""LAUGH"",""NORMAL"",""(2h)FUNNY"",""SITUATION"",""LAUGH-HARD"",""ENJOY""]]",4,2,2,288,543,256,101,True
asllrp_other_ctc,train,BENJAMIN_JAMES_BAHAN,5-Ben-Deaf-Grunts,54316179.mp4,https://dai.cs.rutgers.edu/ss3front/54316179.mp4,0,"[""__OTHER__"",""HAVE"",""__OTHER__""]","[101,32,101]","[[""CULTURE"",""IX-loc-line""],[""HAVE""],[""MANAGE/CONTROL"",""(F)BELONG"",""WITH"",""LAUGH"",""FINE"",""LAUGH"",""BPCL:bent-B\\gradually increasing voice\\\""\"""",""BPCL:bent-B\\going over natural voice range\\\""\"""",""VOICE-RANGE""]]",3,1,2,1,233,233,101,True
asllrp_other_ctc,train,BENJAMIN_JAMES_BAHAN,5-Ben-Deaf-Grunts,54349951.mp4,https://dai.cs.rutgers.edu/ss3front/54349951.mp4,0,"[""__OTHER__"",""HOW"",""__OTHER__""]","[101,14,101]","[[""STORY"",""ABOUT"",""DEAF"",""PEOPLE"",""LAUGH"",""AMONG_2"",""TEACH""],[""HOW""],[""LAUGH""]]",3,1,2,0,150,151,101,True
asllrp_other_ctc,train,BENJAMIN_JAMES_BAHAN,5-Ben-Deaf-Grunts,54486267.mp4,https://dai.cs.rutgers.edu/ss3front/54486267.mp4,0,"[""__OTHER__"",""HOW"",""__OTHER__"",""NAME"",""__OTHER__"",""NAME"",""__OTHER__""]","[101,14,101,98,101,98,101]","[[""LONG-AGO"",""TEACH+AGENT"",""PCL:5\\students sit in an arc\\\""\"""",""TEACH"",""IX-3p-pl-arc"",""STUDENT""],[""HOW""],[""LAUGH""],[""NAME""],[""BOOK""],[""NAME""],[""LIST"",""IN"",""LAUGH"",""SHOW""]]",7,3,4,0,255,256,101,True
asllrp_other_ctc,train,BENJAMIN_JAMES_BAHAN,5-Ben-Deaf-Grunts,54486267.mp4,https://dai.cs.rutgers.edu/ss3front/54486267.mp4,1,"[""TALK"",""__OTHER__""]","[46,101]","[[""TALK""],[""TO/UNTIL"",""LAUGH""]]",2,1,1,514,559,46,101,True
asllrp_other_ctc,train,BENJAMIN_JAMES_BAHAN,5-Ben-Deaf-Grunts,60265153.mp4,https://dai.cs.rutgers.edu/ss3front/60265153.mp4,0,"[""__OTHER__"",""WORK"",""__OTHER__"",""WORK"",""__OTHER__""]","[101,51,101,51,101]","[[""PEOPLE"",""WHO"",""ACTION"",""fs-GRUNT""],[""WORK""],[""GROUP/TOGETHER"",""PEOPLE"",""WHO""],[""WORK""],[""HEAVY"",""ICL:S\\heavy lifting\\\""\"""",""DCL:S\\heavy lifting\\\""\"""",""NOT"",""HIGH"",""SKILL""]]",5,2,3,1,256,256,101,True
asllrp_other_ctc,train,BENJAMIN_JAMES_BAHAN,5-Ben-Deaf-Grunts,60523983.mp4,https://dai.cs.rutgers.edu/ss3front/60523983.mp4,0,"[""__OTHER__"",""WHY"",""__OTHER__""]","[101,13,101]","[[""SPECIAL/EXCEPT"",""SITUATION"",""part:indef"",""IN"",""GYM"",""WORK-OUT"",""(5)\\of course\\\""\"""",""REGULAR"",""HOPE""],[""WHY""],[""HEAVY"",""POUND/WEIGH"",""DCL:S\\heavy lifting\\\""\"""",""WORK-OUT"",""VOICE_2"",""fs-GRUNT"",""REGULAR"",""5\\not a big deal\\\""\""""]]",3,1,2,0,247,248,101,True
asllrp_other_ctc,train,BENJAMIN_JAMES_BAHAN,2-Ben-Voice-Identity,63826223.mp4,https://dai.cs.rutgers.edu/ss3front/63826223.mp4,0,"[""__OTHER__"",""WORK"",""__OTHER__""]","[101,51,101]","[[""POSS-3p:j"",""CHARACTER"",""POSS-3p:j"",""PERSONALITY"",""POSS-3p:j""],[""WORK""],[""AMONG_2"",""CAN"",""REALLY"",""ANALYZE_3"",""FROM"",""VOICE"",""ALONE"",""INCLUDE/INVOLVE"",""fs-SIZE""]]",3,1,2,5,221,217,101,True
asllrp_other_ctc,train,BENJAMIN_JAMES_BAHAN,5-Ben-Deaf-Grunts,64008821.mp4,https://dai.cs.rutgers.edu/ss3front/64008821.mp4,0,"[""__OTHER__"",""TALK"",""THINK"",""__OTHER__""]","[101,46,30,101]","[[""THAT"",""HEAR+NOISE"",""#IF"",""HEARING"",""IX-3p-pl-arc"",""KNOW-NOTHING"",""DEAF""],[""TALK""],[""THINK""],[""VISUALIZE"",""FIGHT"",""IX-loc:j"",""DCL:crvd-5\\two people fighting\\\""\"""",""FIGHT"",""HEAR+NOISE"",""WOW""]]",4,2,2,10,253,244,101,True
asllrp_other_ctc,train,BENJAMIN_JAMES_BAHAN,2-Ben-Voice-Identity,64119013.mp4,https://dai.cs.rutgers.edu/ss3front/64119013.mp4,0,"[""WORK"",""__OTHER__"",""WORK"",""__OTHER__"",""TALK"",""__OTHER__""]","[51,101,51,101,46,101]","[[""WORK""],[""(2h)alt.LOOK-OVER"",""(2h)LOOK"",""(1h)GOOD/THANK-YOU""],[""WORK""],[""#OR"",""(2h)alt.LOOK-OVER"",""A-LEVEL-BELOW"",""fs-CLASS"",""VARY"",""INFORM"",""(1h)COME"",""FROM""],[""TALK""],[""MINUTE"",""IX-2p"",""TALKwg""]]",6,3,3,0,246,247,101,True
asllrp_other_ctc,train,BENJAMIN_JAMES_BAHAN,2-Ben-Voice-Identity,64346425.mp4,https://dai.cs.rutgers.edu/ss3front/64346425.mp4,0,"[""__OTHER__"",""HAVE"",""__OTHER__""]","[101,32,101]","[[""IX-1p-pl-arc""],[""HAVE""],[""fs-OWN"",""IDEA"",""(2h)TALKwg"",""MEAN""]]",3,1,2,0,72,73,101,True
asllrp_other_ctc,train,BENJAMIN_JAMES_BAHAN,5-Ben-Deaf-Grunts,64570450.mp4,https://dai.cs.rutgers.edu/ss3front/64570450.mp4,0,"[""__OTHER__"",""SIGN"",""__OTHER__""]","[101,99,101]","[[""DISCUSS"",""DEEP"",""DISCUSS"",""DIALOG"",""REALLY"",""DEEP""],[""SIGN""],[""USE-SIGN-LANGUAGE""]]",3,1,2,257,504,248,101,True
asllrp_other_ctc,train,BENJAMIN_JAMES_BAHAN,5-Ben-Deaf-Grunts,64607883.mp4,https://dai.cs.rutgers.edu/ss3front/64607883.mp4,0,"[""__OTHER__"",""SIGN"",""__OTHER__""]","[101,99,101]","[[""VISUALIZE"",""IX-2p"",""(2h)KNOW+NEG"",""MEAN""],[""SIGN""],[""VISUALIZE"",""APPLY"",""DCL:fanned-O\\throat grunts\\\""\"""",""5\\whoa\\\""\"""",""RUN"",""CALL-BY-PHONE"",""COP""]]",3,1,2,0,255,256,101,True
asllrp_other_ctc,train,BENJAMIN_JAMES_BAHAN,5-Ben-Deaf-Grunts,64659589.mp4,https://dai.cs.rutgers.edu/ss3front/64659589.mp4,0,"[""__OTHER__"",""DIFFERENT"",""__OTHER__"",""WHERE""]","[101,74,101,10]","[[""THAT"",""KIND"",""NOISE"",""(1h)HAVE""],[""DIFFERENT""],[""MEAN"",""AND"",""HAPPEN"",""SITUATION"",""MANY"",""CULTURE"",""SITUATION""],[""WHERE""]]",4,2,2,0,255,256,101,True
asllrp_other_ctc,train,BENJAMIN_JAMES_BAHAN,2-Ben-Voice-Identity,64778101.mp4,https://dai.cs.rutgers.edu/ss3front/64778101.mp4,0,"[""__OTHER__"",""TOMORROW"",""__OTHER__""]","[101,79,101]","[[""NICE/CLEAN"",""FACE"",""MEET""],[""TOMORROW""],[""IX-loc:j"",""TRAIN"",""IX-loc:j"",""HANG-UP-PHONE""]]",3,1,2,224,398,175,101,True
asllrp_other_ctc,train,BENJAMIN_JAMES_BAHAN,2-Ben-Voice-Identity,64787678.mp4,https://dai.cs.rutgers.edu/ss3front/64787678.mp4,0,"[""__OTHER__"",""TOMORROW"",""__OTHER__""]","[101,79,101]","[[""5\\let's see\\\""\""""],[""TOMORROW""],[""ARRIVE"",""PLACE"",""TRAIN"",""(1h)AREA"",""SEARCH-FOR"",""FOR"",""ADULT-TALL"",""(1h)PERSON"",""LOOK-AROUND"",""SEARCH-FOR"",""LOOK-AROUND""]]",3,1,2,0,159,160,101,True
asllrp_other_ctc,train,BENJAMIN_JAMES_BAHAN,2-Ben-Voice-Identity,65003644.mp4,https://dai.cs.rutgers.edu/ss3front/65003644.mp4,0,"[""__OTHER__"",""WHEN"",""__OTHER__""]","[101,11,101]","[[""TIME-PERIOD"",""LONG-AGO"",""QUIET"",""MOVIE""],[""WHEN""],[""IX-3p:j"",""ARRIVE"",""ACT"",""QUIET"",""MOVIE"",""IX-3p-pl-arc"",""CHANGE"",""ENTER"",""VOICE"",""ADD-TO"",""IX-3p-pl-arc"",""MUST""]]",3,1,2,9,264,256,101,True
asllrp_other_ctc,train,BENJAMIN_JAMES_BAHAN,2-Ben-Voice-Identity,65034352.mp4,https://dai.cs.rutgers.edu/ss3front/65034352.mp4,0,"[""__OTHER__"",""NAME"",""__OTHER__""]","[101,98,101]","[[""MANY"",""IX-3p-pl-arc"",""(1h)PEOPLE"",""(2h)LOOK"",""NOT"",""REASON"",""POSS-3p:j"",""VOICE"",""NOT"",""EXACT"",""SAME"",""MISMATCH"",""MISMATCH"",""MISMATCH"",""SPECIAL/EXCEPT"",""ONE"",""CHARACTER""],[""NAME""],[""ns-fs-JOHN""]]",3,1,2,1,256,256,101,True
asllrp_other_ctc,train,BENJAMIN_JAMES_BAHAN,2-Ben-Voice-Identity,65308759.mp4,https://dai.cs.rutgers.edu/ss3front/65308759.mp4,0,"[""TIME"",""__OTHER__""]","[83,101]","[[""TIME""],[""VOICE"",""TEST"",""LOOK"",""NOT"",""MATCH"",""LOOK"",""POSS-3p:j"",""fs-CAREER"",""NOT"",""SAME"",""BEFORE"",""DECLINE_2""]]",2,1,1,0,227,228,101,True
asllrp_other_ctc,train,BENJAMIN_JAMES_BAHAN,2-Ben-Voice-Identity,65791368.mp4,https://dai.cs.rutgers.edu/ss3front/65791368.mp4,0,"[""__OTHER__"",""WHEN"",""__OTHER__""]","[101,11,101]","[[""SPECIAL/EXCEPT""],[""WHEN""],[""DEAF"",""PERSON"",""IX-3p:j""]]",3,1,2,4,61,58,101,True
asllrp_other_ctc,train,BENJAMIN_JAMES_BAHAN,2-Ben-Voice-Identity,65968779.mp4,https://dai.cs.rutgers.edu/ss3front/65968779.mp4,0,"[""__OTHER__"",""HOW"",""__OTHER__""]","[101,14,101]","[[""fs-SO"",""CONCEPT"",""fs-OF"",""EXPERIENCE""],[""HOW""],[""PEOPLE"",""IDENTIFY"",""WHO"",""IX-3p:j"",""IX-3p:j"",""IX-3p:j""]]",3,1,2,10,147,138,101,True
asllrp_other_ctc,train,BENJAMIN_JAMES_BAHAN,2-Ben-Voice-Identity,66464326.mp4,https://dai.cs.rutgers.edu/ss3front/66464326.mp4,0,"[""__OTHER__"",""SIGN"",""__OTHER__""]","[101,99,101]","[[""IF"",""IX-3p:j"",""DEAF"",""PERSON"",""IX-3p:j"",""REALLY"",""(2h)alt.USE-SIGN-LANGUAGE""],[""SIGN""],[""ALSO"",""HEAVY"",""(2h)alt.USE-SIGN-LANGUAGE""]]",3,1,2,1,130,130,101,True
asllrp_other_ctc,train,BENJAMIN_JAMES_BAHAN,2-Ben-Voice-Identity,66579489.mp4,https://dai.cs.rutgers.edu/ss3front/66579489.mp4,0,"[""__OTHER__"",""WHEN"",""__OTHER__"",""TALK"",""__OTHER__""]","[101,11,101,46,101]","[[""fs-SO""],[""WHEN""],[""CONFRONT"",""EXPERIENCE"",""fs-OF"",""DEAF"",""PERSON"",""MEET"",""LOOK-OVER"",""fs-MUTE"",""NOT""],[""TALK""],[""LOOK-OVER"",""(1h)5\\not know what to do\\\""\""""]]",5,2,3,0,250,251,101,True
asllrp_other_ctc,train,BENJAMIN_JAMES_BAHAN,2-Ben-Voice-Identity,66876808.mp4,https://dai.cs.rutgers.edu/ss3front/66876808.mp4,0,"[""__OTHER__"",""TALK"",""__OTHER__""]","[101,46,101]","[[""DEAF"",""PERSON"",""SCL:1\\person coming\\\""\""""],[""TALK""],[""part:indef"",""fs-MUTE"",""SOMETHING/ONE"",""part:indef""]]",3,1,2,0,132,133,101,True
asllrp_other_ctc,train,BENJAMIN_JAMES_BAHAN,2-Ben-Voice-Identity,66919772.mp4,https://dai.cs.rutgers.edu/ss3front/66919772.mp4,0,"[""HOW"",""__OTHER__""]","[14,101]","[[""HOW""],[""IX-1p"",""CONFIDENT"",""IX-1p"",""(2h)KNOW+NEG"",""IX-3p:j"",""part:indef""]]",2,1,1,0,75,76,101,True
asllrp_other_ctc,train,BENJAMIN_JAMES_BAHAN,2-Ben-Voice-Identity,66989916.mp4,https://dai.cs.rutgers.edu/ss3front/66989916.mp4,0,"[""__OTHER__"",""DIFFERENT"",""__OTHER__""]","[101,74,101]","[[""fs-SO"",""EXPERIENCE"",""REALLY"",""MISMATCH""],[""DIFFERENT""],[""fs-ORIENTATION"",""part:indef""]]",3,1,2,0,131,132,101,True
asllrp_other_ctc,train,BENJAMIN_JAMES_BAHAN,2-Ben-Voice-Identity,67010035.mp4,https://dai.cs.rutgers.edu/ss3front/67010035.mp4,0,"[""__OTHER__"",""HAVE"",""__OTHER__""]","[101,32,101]","[[""MANY"",""EXPERIENCE"",""DEAF"",""PEOPLE""],[""HAVE""],[""MANAGE/CONTROL"",""WITH"",""VOICE"",""AND"",""POSS-3p:j"",""5\\concession\\\""\"""",""ACCOMMODATE"",""MATCH""]]",3,1,2,18,242,225,101,True
asllrp_other_ctc,train,BENJAMIN_JAMES_BAHAN,2-Ben-Voice-Identity,67058780.mp4,https://dai.cs.rutgers.edu/ss3front/67058780.mp4,0,"[""__OTHER__"",""DIFFERENT"",""__OTHER__""]","[101,74,101]","[[""(2h)5\\wow\\\""\""""],[""DIFFERENT""],[""AMONG_2""]]",3,1,2,0,46,47,101,True
asllrp_other_ctc,train,BENJAMIN_JAMES_BAHAN,7-Ben-Social-Msg,89817651.mp4,https://dai.cs.rutgers.edu/ss3front/89817651.mp4,0,"[""__OTHER__"",""WHEN"",""__OTHER__""]","[101,11,101]","[[""SAME"",""VOICE""],[""WHEN""],[""PERSON"",""(2h)TALKwg"",""ANALYZE_2"",""POSS-3p:j"",""IDENTIFY""]]",3,1,2,1,132,132,101,True
asllrp_other_ctc,train,BENJAMIN_JAMES_BAHAN,7-Ben-Social-Msg,89978744.mp4,https://dai.cs.rutgers.edu/ss3front/89978744.mp4,0,"[""MORE"",""__OTHER__"",""MORE"",""__OTHER__"",""MORE"",""__OTHER__"",""MORE""]","[71,101,71,101,71,101,71]","[[""MORE""],[""LOUD"",""DCL:crvd-5\\noises in the air\\\""\""""],[""MORE""],[""A-LEVEL-BELOW"",""fs-ROWDY"",""A-LEVEL-BELOW""],[""MORE""],[""QUIET""],[""MORE""]]",7,4,3,0,148,149,101,True
asllrp_other_ctc,train,BENJAMIN_JAMES_BAHAN,7-Ben-Social-Msg,90200300.mp4,https://dai.cs.rutgers.edu/ss3front/90200300.mp4,0,"[""NOW"",""__OTHER__"",""LEARN"",""__OTHER__"",""DIFFERENT"",""__OTHER__""]","[78,101,50,101,74,101]","[[""NOW""],[""BACKWARD_2"",""DEAF"",""PEOPLE""],[""LEARN""],[""ABOUT""],[""DIFFERENT""],[""NOISE"",""IX-3p:j"",""MAKE"",""(2h)alt.WRONG"",""(2h)OH-I-SEE""]]",6,3,3,1,222,222,101,True
asllrp_other_ctc,train,BENJAMIN_JAMES_BAHAN,7-Ben-Social-Msg,90267005.mp4,https://dai.cs.rutgers.edu/ss3front/90267005.mp4,0,"[""__OTHER__"",""GOOD"",""__OTHER__""]","[101,58,101]","[[""ONE""],[""GOOD""],[""KNOW"",""VIDEOTAPE"",""MAKE"",""fs-BY"",""ns-fs-ANGELA"",""ns-fs-PETRONESTRATIY"",""MAKE"",""IN""]]",3,1,2,0,238,239,101,True
asllrp_other_ctc,train,BENJAMIN_JAMES_BAHAN,7-Ben-Social-Msg,90267005.mp4,https://dai.cs.rutgers.edu/ss3front/90267005.mp4,1,"[""__OTHER__"",""HAVE"",""__OTHER__""]","[101,32,101]","[[""NINETEEN_2+NINETY-NINE"",""QUOTE/TOPIC"",""DEAF"",""PEOPLE""],[""HAVE""],[""PROBLEM"",""IX-3p:j"",""BETWEEN/SHARE"",""SOME"",""EXPERIENCE"",""LIST-ORDER_2"",""COOPERATE/UNITE"",""WITH"",""5\\umm\\\""\"""",""(2h)THING""]]",3,1,2,233,452,220,101,True
asllrp_other_ctc,train,BENJAMIN_JAMES_BAHAN,7-Ben-Social-Msg,90479985.mp4,https://dai.cs.rutgers.edu/ss3front/90479985.mp4,0,"[""__OTHER__"",""DIFFERENT"",""__OTHER__""]","[101,74,101]","[[""THEN"",""DIRECT/EXPLAIN"",""TWO""],[""DIFFERENT""],[""KIND"",""PAPER:j"",""PAPER:j"",""WHICH"",""PAPER"",""LOUD"",""DCL:flat-O\\rip paper\\\""\"""",""WHICH"",""KIND"",""PAPER""]]",3,1,2,0,194,195,101,True
asllrp_other_ctc,train,BENJAMIN_JAMES_BAHAN,7-Ben-Social-Msg,90610287.mp4,https://dai.cs.rutgers.edu/ss3front/90610287.mp4,0,"[""HOW"",""__OTHER__""]","[14,101]","[[""HOW""],[""VARY""]]",2,1,1,2,44,43,101,True
asllrp_other_ctc,train,BENJAMIN_JAMES_BAHAN,7-Ben-Social-Msg,90633569.mp4,https://dai.cs.rutgers.edu/ss3front/90633569.mp4,0,"[""HOW"",""__OTHER__""]","[14,101]","[[""HOW""],[""KNOW"",""5\\umm\\\""\""""]]",2,1,1,0,22,23,101,True
asllrp_other_ctc,train,BENJAMIN_JAMES_BAHAN,7-Ben-Social-Msg,90642487.mp4,https://dai.cs.rutgers.edu/ss3front/90642487.mp4,0,"[""__OTHER__"",""DIFFERENT"",""__OTHER__""]","[101,74,101]","[[""THROUGH""],[""DIFFERENT""],[""EXPERIENCE"",""WARN""]]",3,1,2,0,71,72,101,True
asllrp_other_ctc,train,BENJAMIN_JAMES_BAHAN,7-Ben-Social-Msg,91005359.mp4,https://dai.cs.rutgers.edu/ss3front/91005359.mp4,0,"[""FRIEND"",""__OTHER__""]","[92,101]","[[""FRIEND""],[""IX-3p-pl-arc"",""INTERPRET"",""fs-OF"",""NOISE"",""IX-3p:j"",""MAKE""]]",2,1,1,0,97,98,101,True
asllrp_other_ctc,train,BENJAMIN_JAMES_BAHAN,7-Ben-Social-Msg,91055614.mp4,https://dai.cs.rutgers.edu/ss3front/91055614.mp4,0,"[""__OTHER__"",""MAYBE"",""ANGRY""]","[101,22,62]","[[""SOMETIMES"",""INTERPRET"",""NOISE"",""MAKE""],[""MAYBE""],[""ANGRY""]]",3,2,1,3,116,114,101,True
asllrp_other_ctc,train,BENJAMIN_JAMES_BAHAN,7-Ben-Social-Msg,91099884.mp4,https://dai.cs.rutgers.edu/ss3front/91099884.mp4,0,"[""FRIEND"",""__OTHER__"",""FRIEND"",""__OTHER__""]","[92,101,92,101]","[[""FRIEND""],[""COME"",""HEARING""],[""FRIEND""],[""COME"",""(5)SOCIAL/INTERACT_2""]]",4,2,2,0,105,106,101,True
asllrp_other_ctc,train,BENJAMIN_JAMES_BAHAN,7-Ben-Social-Msg,91152074.mp4,https://dai.cs.rutgers.edu/ss3front/91152074.mp4,0,"[""__OTHER__"",""WHY"",""__OTHER__"",""ANGRY"",""__OTHER__"",""ANGRY"",""__OTHER__""]","[101,13,101,62,101,62,101]","[[""LOOK:j"",""ATTENTION-WAVE""],[""WHY""],[""POSS-3p:j"",""MOTHER""],[""ANGRY""],[""LOOK"",""part:indef"",""MOTHER""],[""ANGRY""],[""LOOK:j""]]",7,3,4,0,121,122,101,True
asllrp_other_ctc,train,BENJAMIN_JAMES_BAHAN,7-Ben-Social-Msg,91189263.mp4,https://dai.cs.rutgers.edu/ss3front/91189263.mp4,0,"[""__OTHER__"",""ANGRY"",""__OTHER__""]","[101,62,101]","[[""LOOK:j"",""OH-I-SEE"",""#NO"",""NORMAL"",""POSS-3p:j"",""MOTHER"",""NOT""],[""ANGRY""],[""IX-3p:j""]]",3,1,2,0,100,101,101,True
asllrp_other_ctc,train,BENJAMIN_JAMES_BAHAN,7-Ben-Social-Msg,91212444.mp4,https://dai.cs.rutgers.edu/ss3front/91212444.mp4,0,"[""__OTHER__"",""HOW"",""__OTHER__""]","[101,14,101]","[[""IX-3p:j"",""TO/UNTIL"",""THAT"",""NOISE"",""DCL:cocked-S\\clanging things\\\""\""""],[""HOW""],[""FORK"",""ON"",""SURFACE"",""SCL:P/K\\fork on table\\\""\"""",""(1h)HOW"",""DCL:S\\clanging things\\\""\"""",""ACTION""]]",3,1,2,0,246,247,101,True
asllrp_other_ctc,train,BENJAMIN_JAMES_BAHAN,7-Ben-Social-Msg,91212444.mp4,https://dai.cs.rutgers.edu/ss3front/91212444.mp4,1,"[""__OTHER__"",""ANGRY""]","[101,62]","[[""INTERPRET""],[""ANGRY""]]",2,1,1,251,281,31,101,True
asllrp_other_ctc,train,BENJAMIN_JAMES_BAHAN,3-Ben-Voice-Life,9188477.mp4,https://dai.cs.rutgers.edu/ss3front/9188477.mp4,0,"[""__OTHER__"",""DIFFERENT"",""__OTHER__""]","[101,74,101]","[[""AMONG_2""],[""DIFFERENT""],[""AMONG_2"",""LIST-ORDER"",""(F)BELONG"",""WITH"",""VOICE"",""EQUAL"",""LIVE""]]",3,1,2,10,179,170,101,True
asllrp_other_ctc,train,BENJAMIN_JAMES_BAHAN,7-Ben-Social-Msg,92256000.mp4,https://dai.cs.rutgers.edu/ss3front/92256000.mp4,0,"[""__OTHER__"",""HOW"",""__OTHER__""]","[101,14,101]","[[""MANY"",""QUOTE/TOPIC_2"",""COOPERATE/UNITE"",""WITH""],[""HOW""],[""BODY"",""MANAGE/CONTROL"",""COOPERATE/UNITE"",""WITH"",""(2h)THING"",""IN"",""ENVIRONMENT""]]",3,1,2,0,177,178,101,True
asllrp_other_ctc,train,BENJAMIN_JAMES_BAHAN,7-Ben-Social-Msg,92259670.mp4,https://dai.cs.rutgers.edu/ss3front/92259670.mp4,0,"[""__OTHER__"",""ANGRY"",""__OTHER__""]","[101,62,101]","[[""CAUSE"",""CULTURE"",""INTERPRET"",""ACTION"",""MATCH""],[""ANGRY""],[""MATCH"",""MATCH"",""VARY""]]",3,1,2,0,224,225,101,True
asllrp_other_ctc,train,BENJAMIN_JAMES_BAHAN,7-Ben-Social-Msg,92262440.mp4,https://dai.cs.rutgers.edu/ss3front/92262440.mp4,0,"[""__OTHER__"",""HOW"",""__OTHER__""]","[101,14,101]","[[""fs-EVEN"",""PLACE""],[""HOW""],[""IX-2p"",""MANAGE/CONTROL"",""NOISE"",""IN"",""PLACE"",""CHALLENGE-arc"",""SAME""]]",3,1,2,0,167,168,101,True
asllrp_other_ctc,train,BENJAMIN_JAMES_BAHAN,3-Ben-Voice-Life,9273339.mp4,https://dai.cs.rutgers.edu/ss3front/9273339.mp4,0,"[""WHEN"",""__OTHER__"",""UNDERSTAND"",""__OTHER__""]","[11,101,29,101]","[[""WHEN""],[""MEET"",""PERSON"",""WHO"",""NOT"",""USE_2"",""VOICE"",""(2h)alt.LOOK-OVER"",""CANNOT"",""SET-UP""],[""UNDERSTAND""],[""WHO"",""IX-honorific:i"",""IDENTIFY""]]",4,2,2,4,235,232,101,True
asllrp_other_ctc,train,BENJAMIN_JAMES_BAHAN,3-Ben-Voice-Life,9742459.mp4,https://dai.cs.rutgers.edu/ss3front/9742459.mp4,0,"[""__OTHER__"",""FEEL"",""__OTHER__""]","[101,31,101]","[[""EXPRESS"",""EXPERIENCE""],[""FEEL""],[""SAME"",""BECOME"",""GHOST""]]",3,1,2,1,96,96,101,True
asllrp_other_ctc,train,BENJAMIN_JAMES_BAHAN,3-Ben-Voice-Life,9772184.mp4,https://dai.cs.rutgers.edu/ss3front/9772184.mp4,0,"[""FEEL"",""__OTHER__""]","[31,101]","[[""FEEL""],[""DIE"",""fs-ZOMBIE"",""SCL:V\\person levitating\\\""\"""",""SCL:V\\person levitating\\\""\"""",""5\\hesitation\\\""\"""",""HEAR"",""5\\hesitation\\\""\""""]]",2,1,1,0,202,203,101,True
asllrp_other_ctc,train,BENJAMIN_JAMES_BAHAN,3-Ben-Voice-Life,98357949.mp4,https://dai.cs.rutgers.edu/ss3front/98357949.mp4,0,"[""__OTHER__"",""MAYBE"",""__OTHER__"",""WHY"",""__OTHER__"",""USE"",""__OTHER__""]","[101,22,101,13,101,40,101]","[[""CONCEPT"",""fs-OF"",""VOICE"",""(F)BELONG"",""LIVE"",""THAT"",""BPCL:1\\voice loop from mouth to ear\\\""\""""],[""MAYBE""],[""DIRECT/EXPLAIN""],[""WHY""],[""PEOPLE"",""MUST"",""TO/UNTIL""],[""USE""],[""VOICE"",""TO/UNTIL""]]",7,3,4,0,255,256,101,True
asllrp_other_ctc,train,BENJAMIN_JAMES_BAHAN,3-Ben-Voice-Life,9858780.mp4,https://dai.cs.rutgers.edu/ss3front/9858780.mp4,0,"[""__OTHER__"",""WHY"",""__OTHER__""]","[101,13,101]","[[""VOICE"",""COMMUNICATE""],[""WHY""],[""IX-1p"",""HEAR"",""(A)SELF-1p"",""BPCL:1\\voice loop from mouth to ear\\\""\"""",""IX-1p"",""HEAR"",""POSS-1p"",""ATTEMPT"",""TO/UNTIL"",""COMMUNICATE"",""BPCL:1\\voice loop from mouth to ear\\\""\""""]]",3,1,2,5,235,231,101,True
asllrp_other_ctc,train,CORY,Cory_2013-6-27_sc107,1169.mp4,https://dai.cs.rutgers.edu/ss3front/1169.mp4,0,"[""__OTHER__"",""EAT"",""__OTHER__""]","[101,54,101]","[[""VEGETABLE"",""IX-3p:j"",""FINE""],[""EAT""],[""BUT"",""IX-3p:j"",""fs-SPINACH"",""5\\whoa\\\""\""""]]",3,1,2,13,161,149,101,True
asllrp_other_ctc,train,CORY,Cory_2013-6-27_sc107,1473.mp4,https://dai.cs.rutgers.edu/ss3front/1473.mp4,0,"[""__OTHER__"",""EAT"",""__OTHER__"",""EAT"",""__OTHER__""]","[101,54,101,54,101]","[[""POSS-1p"",""CAT"",""IX-loc:j"",""ONLY""],[""EAT""],[""CAT""],[""EAT""],[""(1h)part:indef"",""FINISH""]]",5,2,3,8,116,109,101,True
asllrp_other_ctc,train,CORY,Cory_2013-6-27_sc107,159.mp4,https://dai.cs.rutgers.edu/ss3front/159.mp4,0,"[""TOMORROW"",""FAMILY"",""__OTHER__"",""WHERE""]","[79,91,101,10]","[[""TOMORROW""],[""FAMILY""],[""GO""],[""WHERE""]]",4,3,1,13,82,70,101,True
asllrp_other_ctc,train,CORY,Cory_2013-6-27_sc110,17077.mp4,https://dai.cs.rutgers.edu/ss3front/17077.mp4,0,"[""NOW"",""__OTHER__""]","[78,101]","[[""NOW""],[""(5)WEATHER"",""LOUSY""]]",2,1,1,7,64,58,101,True
asllrp_other_ctc,train,CORY,Cory_2013-6-27_sc110,17088.mp4,https://dai.cs.rutgers.edu/ss3front/17088.mp4,0,"[""NOW"",""__OTHER__""]","[78,101]","[[""NOW""],[""NONE/NOTHING"",""HOMEWORK""]]",2,1,1,13,62,50,101,True
asllrp_other_ctc,train,CORY,Cory_2013-6-27_sc110,171010.mp4,https://dai.cs.rutgers.edu/ss3front/171010.mp4,0,"[""__OTHER__"",""LIKE"",""__OTHER__""]","[101,26,101]","[[""MOTHER"",""IX-3p:j""],[""LIKE""],[""SURPRISE"",""IX-3p:j""]]",3,1,2,12,74,63,101,True
asllrp_other_ctc,train,CORY,Cory_2013-6-27_sc110,171111.mp4,https://dai.cs.rutgers.edu/ss3front/171111.mp4,0,"[""NOW"",""__OTHER__""]","[78,101]","[[""NOW""],[""(5)WEATHER"",""BEAUTIFUL""]]",2,1,1,23,75,53,101,True
asllrp_other_ctc,train,CORY,Cory_2013-6-27_sc110,171213.mp4,https://dai.cs.rutgers.edu/ss3front/171213.mp4,0,"[""NOW"",""__OTHER__""]","[78,101]","[[""NOW""],[""(5)WEATHER""]]",2,1,1,15,49,35,101,True
asllrp_other_ctc,train,CORY,Cory_2013-6-27_sc110,171415.mp4,https://dai.cs.rutgers.edu/ss3front/171415.mp4,0,"[""__OTHER__"",""NOW"",""__OTHER__""]","[101,78,101]","[[""(5)WEATHER"",""IX-loc:j"",""NOT"",""BEAUTIFUL""],[""NOW""],[""5\\oh well\\\""\""""]]",3,1,2,5,83,79,101,True
asllrp_other_ctc,train,CORY,Cory_2013-6-27_sc110,171516.mp4,https://dai.cs.rutgers.edu/ss3front/171516.mp4,0,"[""LIKE"",""__OTHER__""]","[26,101]","[[""LIKE""],[""PINEAPPLE"",""fs-CREAM+CHEESE"",""IX-1p"",""(1h)part:indef""]]",2,1,1,8,105,98,101,True
asllrp_other_ctc,train,CORY,Cory_2013-6-27_sc110,171618.mp4,https://dai.cs.rutgers.edu/ss3front/171618.mp4,0,"[""__OTHER__"",""LIKE"",""__OTHER__""]","[101,26,101]","[[""POSS-2p"",""SISTER"",""NOT""],[""LIKE""],[""PINEAPPLE"",""fs-CREAM+fs-CHEESE"",""(1h)part:indef""]]",3,1,2,12,128,117,101,True
asllrp_other_ctc,train,CORY,Cory_2013-6-27_sc110,171719.mp4,https://dai.cs.rutgers.edu/ss3front/171719.mp4,0,"[""__OTHER__"",""LIKE"",""__OTHER__""]","[101,26,101]","[[""(1h)5\\hey\\\""\"""",""IX-1p""],[""LIKE""],[""PINEAPPLE"",""fs-CREAM+CHEESE"",""IX-1p""]]",3,1,2,0,108,109,101,True
asllrp_other_ctc,train,CORY,Cory_2013-6-27_sc110,171820.mp4,https://dai.cs.rutgers.edu/ss3front/171820.mp4,0,"[""__OTHER__"",""LIKE"",""__OTHER__""]","[101,26,101]","[[""FATHER"",""IX-loc:j""],[""LIKE""],[""PINEAPPLE"",""fs-CREAM+CHEESE"",""i:SAME-1p""]]",3,1,2,10,122,113,101,True
asllrp_other_ctc,train,CORY,Cory_2013-6-27_sc110,171921.mp4,https://dai.cs.rutgers.edu/ss3front/171921.mp4,0,"[""__OTHER__"",""LIKE"",""__OTHER__""]","[101,26,101]","[[""IX-1p"",""NOT""],[""LIKE""],[""PINEAPPLE"",""fs-CREAM+CHEESE"",""IX-1p""]]",3,1,2,6,113,108,101,True
asllrp_other_ctc,train,CORY,Cory_2013-6-27_sc110,172123.mp4,https://dai.cs.rutgers.edu/ss3front/172123.mp4,0,"[""__OTHER__"",""HAVE"",""__OTHER__"",""EAT"",""__OTHER__""]","[101,32,101,54,101]","[[""#IF""],[""HAVE""],[""PINEAPPLE"",""fs-CREAM+fs-CHEESE"",""IX-1p"",""REFUSE""],[""EAT""],[""DCL:crvd-L\\bagel\\\""\"""",""fs-BAGEL"",""IX-1p"",""(1h)part:indef""]]",5,2,3,2,173,172,101,True
asllrp_other_ctc,train,CORY,Cory_2013-6-27_sc110,172124.mp4,https://dai.cs.rutgers.edu/ss3front/172124.mp4,0,"[""__OTHER__"",""HAVE"",""__OTHER__"",""EAT"",""__OTHER__""]","[101,32,101,54,101]","[[""#WHEN""],[""HAVE""],[""fs-CREAM+CHEESE"",""IX-3p:j"",""REFUSE""],[""EAT""],[""fs-BAGEL"",""(1h)part:indef""]]",5,2,3,16,173,158,101,True
asllrp_other_ctc,train,CORY,Cory_2013-6-27_sc110,172225.mp4,https://dai.cs.rutgers.edu/ss3front/172225.mp4,0,"[""__OTHER__"",""LIKE"",""__OTHER__""]","[101,26,101]","[[""IX-1p""],[""LIKE""],[""CHOCOLATE"",""DRY-CEREAL"",""(1h)part:indef""]]",3,1,2,12,97,86,101,True
asllrp_other_ctc,train,CORY,Cory_2013-6-27_sc110,172327.mp4,https://dai.cs.rutgers.edu/ss3front/172327.mp4,0,"[""__OTHER__"",""LIKE"",""__OTHER__""]","[101,26,101]","[[""SISTER"",""IX-loc:j"",""NOT""],[""LIKE""],[""CHOCOLATE"",""DRY-CEREAL"",""(1h)part:indef""]]",3,1,2,12,102,91,101,True
asllrp_other_ctc,train,CORY,Cory_2013-6-27_sc110,172428.mp4,https://dai.cs.rutgers.edu/ss3front/172428.mp4,0,"[""__OTHER__"",""LIKE"",""__OTHER__""]","[101,26,101]","[[""part:indef"",""IX-1p""],[""LIKE""],[""CHOCOLATE"",""DRY-CEREAL"",""IX-1p"",""(1h)part:indef""]]",3,1,2,7,102,96,101,True
asllrp_other_ctc,train,CORY,Cory_2013-6-27_sc110,172529.mp4,https://dai.cs.rutgers.edu/ss3front/172529.mp4,0,"[""__OTHER__"",""LIKE"",""__OTHER__""]","[101,26,101]","[[""FATHER"",""IX-loc:j""],[""LIKE""],[""CHOCOLATE"",""DRY-CEREAL"",""i:SAME-1p""]]",3,1,2,8,116,109,101,True
asllrp_other_ctc,train,CORY,Cory_2013-6-27_sc110,172631.mp4,https://dai.cs.rutgers.edu/ss3front/172631.mp4,0,"[""__OTHER__"",""LIKE"",""__OTHER__""]","[101,26,101]","[[""(1h)5\\wave no\\\""\"""",""IX-1p"",""NOT""],[""LIKE""],[""CHOCOLATE"",""DRY-CEREAL"",""IX-1p""]]",3,1,2,3,100,98,101,True
asllrp_other_ctc,train,CORY,Cory_2013-6-27_sc110,173137.mp4,https://dai.cs.rutgers.edu/ss3front/173137.mp4,0,"[""__OTHER__"",""HAVE"",""__OTHER__""]","[101,32,101]","[[""CAR"",""IX-loc:j"",""FULL"",""#GAS""],[""HAVE""],[""(1h)part:indef""]]",3,1,2,50,132,83,101,True
asllrp_other_ctc,train,CORY,Cory_2013-6-27_sc110,173543.mp4,https://dai.cs.rutgers.edu/ss3front/173543.mp4,0,"[""__OTHER__"",""WORK"",""__OTHER__""]","[101,51,101]","[[""ns-fs-JOHN"",""IX-loc:j"",""NOT"",""BREAK"",""fs-TRUCK"",""IX-3p:j"",""IX-3p:j"",""REALLY""],[""WORK""],[""DESTROY"",""CAR""]]",3,1,2,17,186,170,101,True
asllrp_other_ctc,train,CORY,Cory_2013-6-27_sc110,173949.mp4,https://dai.cs.rutgers.edu/ss3front/173949.mp4,0,"[""__OTHER__"",""TAKE"",""WORK""]","[101,34,51]","[[""IF"",""ns-fs-MARY"",""CAR"",""BREAK-DOWN"",""ns-fs-JOHN"",""MUST""],[""TAKE""],[""WORK""]]",3,2,1,24,167,144,101,True
asllrp_other_ctc,train,CORY,Cory_2013-6-27_sc110,174050.mp4,https://dai.cs.rutgers.edu/ss3front/174050.mp4,0,"[""__OTHER__"",""WORK""]","[101,51]","[[""UP-TO-NOW"",""ns-fs-MARY"",""IX-loc:j"",""POSS-3p:j"",""CAR"",""BREAK"",""TAKE-continuative""],[""WORK""]]",2,1,1,17,168,152,101,True
asllrp_other_ctc,train,CORY,Cory_2013-6-27_sc110,174051.mp4,https://dai.cs.rutgers.edu/ss3front/174051.mp4,0,"[""__OTHER__"",""TAKE"",""__OTHER__"",""WORK""]","[101,34,101,51]","[[""ns-fs-JOHN""],[""TAKE""],[""ns-fs-MARY"",""DRIVE""],[""WORK""]]",4,2,2,4,100,97,101,True
asllrp_other_ctc,train,CORY,Cory_2013-6-27_sc110,174152.mp4,https://dai.cs.rutgers.edu/ss3front/174152.mp4,0,"[""__OTHER__"",""TAKE"",""__OTHER__"",""WORK"",""__OTHER__""]","[101,34,101,51,101]","[[""ns-fs-JOHN""],[""TAKE""],[""ns-fs-MARY"",""DRIVE""],[""WORK""],[""EVERYDAY""]]",5,2,3,6,121,116,101,True
asllrp_other_ctc,train,CORY,Cory_2013-6-27_sc110,174253.mp4,https://dai.cs.rutgers.edu/ss3front/174253.mp4,0,"[""__OTHER__"",""WORK""]","[101,51]","[[""LONG-AGO"",""ns-fs-JOHN"",""EVERYDAY"",""TAKE-continuative"",""ns-fs-MARY"",""GO""],[""WORK""]]",2,1,1,2,149,148,101,True
asllrp_other_ctc,train,CORY,Cory_2013-6-27_sc110,174254.mp4,https://dai.cs.rutgers.edu/ss3front/174254.mp4,0,"[""__OTHER__"",""WORK""]","[101,51]","[[""ns-fs-JOHN"",""DRIVE"",""ns-fs-MARY""],[""WORK""]]",2,1,1,1,113,113,101,True
asllrp_other_ctc,train,CORY,Cory_2013-6-27_sc110,174355.mp4,https://dai.cs.rutgers.edu/ss3front/174355.mp4,0,"[""__OTHER__"",""TAKE"",""__OTHER__"",""WORK""]","[101,34,101,51]","[[""ns-fs-JOHN"",""IX-loc:j"",""FUTURE""],[""TAKE""],[""DRIVE"",""ns-fs-MARY""],[""WORK""]]",4,2,2,2,122,121,101,True
asllrp_other_ctc,train,CORY,Cory_2013-6-27_sc110,174456.mp4,https://dai.cs.rutgers.edu/ss3front/174456.mp4,0,"[""__OTHER__"",""TAKE"",""__OTHER__"",""WORK"",""__OTHER__""]","[101,34,101,51,101]","[[""ns-fs-JOHN"",""IX-3p:j"",""NOT""],[""TAKE""],[""ns-fs-MARY""],[""WORK""],[""(1h)5\\wave no\\\""\"""",""ns-fs-AMY"",""(1h)TEND""]]",5,2,3,3,138,136,101,True
asllrp_other_ctc,train,CORY,Cory_2013-6-27_sc110,174457.mp4,https://dai.cs.rutgers.edu/ss3front/174457.mp4,0,"[""__OTHER__"",""WORK"",""__OTHER__"",""SCHOOL""]","[101,51,101,88]","[[""ns-fs-JOHN"",""IX-loc:j"",""NOT"",""DRIVE"",""ns-fs-MARY"",""TO/UNTIL""],[""WORK""],[""(1h)5\\wave no\\\""\"""",""IX-3p:j"",""DRIVE"",""TO/UNTIL""],[""SCHOOL""]]",4,2,2,1,170,170,101,True
asllrp_other_ctc,train,CORY,Cory_2013-6-27_sc110,174558.mp4,https://dai.cs.rutgers.edu/ss3front/174558.mp4,0,"[""__OTHER__"",""TAKE"",""__OTHER__"",""WORK""]","[101,34,101,51]","[[""ns-fs-JOHN"",""#NO"",""(1h)TEND""],[""TAKE""],[""ns-fs-MARY"",""NOT"",""IX-3p:j"",""(1h)TEND"",""(3)WALK"",""TO/UNTIL""],[""WORK""]]",4,2,2,6,183,178,101,True
asllrp_other_ctc,train,CORY,Cory_2013-6-27_sc107,1778.mp4,https://dai.cs.rutgers.edu/ss3front/1778.mp4,0,"[""__OTHER__"",""SEE"",""__OTHER__""]","[101,43,101]","[[""IX-1p"",""NEVER""],[""SEE""],[""COW"",""PURPLE""]]",3,1,2,15,81,67,101,True
asllrp_other_ctc,train,CORY,Cory_2013-6-27_sc107,1879.mp4,https://dai.cs.rutgers.edu/ss3front/1879.mp4,0,"[""__OTHER__"",""FRIEND"",""__OTHER__""]","[101,92,101]","[[""POSS-1p""],[""FRIEND""],[""WANT+NEG"",""GO-OUT"",""THUMB-IX-3p:i""]]",3,1,2,11,74,64,101,True
asllrp_other_ctc,train,CORY,Cory_2013-6-27_sc107,2184.mp4,https://dai.cs.rutgers.edu/ss3front/2184.mp4,0,"[""__OTHER__"",""READ"",""__OTHER__""]","[101,52,101]","[[""STUDENT""],[""READ""],[""BOOK"",""NOT-YET""]]",3,1,2,14,73,60,101,True
asllrp_other_ctc,train,CORY,Cory_2013-6-27_sc107,2286.mp4,https://dai.cs.rutgers.edu/ss3front/2286.mp4,0,"[""__OTHER__"",""UNDERSTAND"",""__OTHER__""]","[101,29,101]","[[""POSS-1p"",""MOTHER"",""IX-loc:j"",""NOT""],[""UNDERSTAND""],[""QUESTION"",""IX-3p:j""]]",3,1,2,6,80,75,101,True
asllrp_other_ctc,train,CORY,Cory_2013-6-27_sc107,2488.mp4,https://dai.cs.rutgers.edu/ss3front/2488.mp4,0,"[""__OTHER__"",""WAIT"",""__OTHER__""]","[101,38,101]","[[""(2h)MUST""],[""WAIT""],[""MOTHER+FATHER"",""NOT"",""READY"",""IX-loc:j""]]",3,1,2,13,83,71,101,True
asllrp_other_ctc,train,CORY,Cory_2013-6-27_sc107,2590.mp4,https://dai.cs.rutgers.edu/ss3front/2590.mp4,0,"[""__OTHER__"",""FRIEND"",""__OTHER__""]","[101,92,101]","[[""POSS-1p""],[""FRIEND""],[""THRILL/WHAT'S-UP"",""part:indef"",""WIN"",""fs-LOTTERY"",""IX-3p:j""]]",3,1,2,13,130,118,101,True
asllrp_other_ctc,train,CORY,Cory_2013-6-27_sc107,261.mp4,https://dai.cs.rutgers.edu/ss3front/261.mp4,0,"[""__OTHER__"",""FRIEND"",""__OTHER__"",""TIME""]","[101,92,101,83]","[[""ATTENTION-WAVE"",""POSS-1p""],[""FRIEND""],[""ARRIVE""],[""TIME""]]",4,2,2,3,95,93,101,True
asllrp_other_ctc,train,CORY,Cory_2013-6-27_sc107,2691.mp4,https://dai.cs.rutgers.edu/ss3front/2691.mp4,0,"[""__OTHER__"",""WHERE"",""__OTHER__""]","[101,10,101]","[[""POSS-1p"",""FATHER"",""MOVE""],[""WHERE""],[""ns-CHICAGO""]]",3,1,2,6,86,81,101,True
asllrp_other_ctc,train,CORY,Cory_2013-6-27_sc107,2692.mp4,https://dai.cs.rutgers.edu/ss3front/2692.mp4,0,"[""__OTHER__"",""HOME"",""__OTHER__"",""HOT""]","[101,87,101,67]","[[""ns-fs-JASON"",""IX-loc:j"",""5\\hands off\\\""\"""",""GO""],[""HOME""],[""(25)WHY""],[""HOT""]]",4,2,2,9,120,112,101,True
asllrp_other_ctc,train,CORY,Cory_2013-6-27_sc107,2894.mp4,https://dai.cs.rutgers.edu/ss3front/2894.mp4,0,"[""__OTHER__"",""WHEN"",""__OTHER__""]","[101,11,101]","[[""IX-loc:j"",""ns-SEATTLE"",""RAIN""],[""WHEN""],[""part:indef"",""EVERYDAY"",""(1h)part:indef""]]",3,1,2,12,131,120,101,True
asllrp_other_ctc,train,CORY,Cory_2013-6-27_sc107,2996.mp4,https://dai.cs.rutgers.edu/ss3front/2996.mp4,0,"[""__OTHER__"",""READ"",""__OTHER__"",""WHY"",""__OTHER__"",""TOMORROW"",""__OTHER__""]","[101,52,101,13,101,79,101]","[[""(1h)5\\wait\\\""\"""",""MUST""],[""READ""],[""BOOK""],[""WHY""],[""TEST""],[""TOMORROW""],[""part:indef""]]",7,3,4,6,105,100,101,True
asllrp_other_ctc,train,CORY,Cory_2013-6-27_sc107,3097.mp4,https://dai.cs.rutgers.edu/ss3front/3097.mp4,0,"[""__OTHER__"",""EAT"",""__OTHER__""]","[101,54,101]","[[""ns-fs-JOHN""],[""EAT""],[""(1h)\\WHAT\\\""\"""",""fs-CAVIAR""]]",3,1,2,12,99,88,101,True
asllrp_other_ctc,train,CORY,Cory_2013-6-27_sc107,3199.mp4,https://dai.cs.rutgers.edu/ss3front/3199.mp4,0,"[""__OTHER__"",""TIME"",""__OTHER__""]","[101,83,101]","[[""MOVIE_2"",""START""],[""TIME""],[""SEVEN""]]",3,1,2,13,96,84,101,True
asllrp_other_ctc,train,CORY,Cory_2013-6-27_sc107,33102.mp4,https://dai.cs.rutgers.edu/ss3front/33102.mp4,0,"[""__OTHER__"",""HOME""]","[101,87]","[[""(P)PARTY"",""PCL:5\\people moving around\\\""\"""",""FINISH"",""IX-1p"",""CAN"",""(1h)LEAVE""],[""HOME""]]",2,1,1,17,120,104,101,True
asllrp_other_ctc,train,CORY,Cory_2013-6-27_sc108,3377870.mp4,https://dai.cs.rutgers.edu/ss3front/3377870.mp4,0,"[""__OTHER__"",""SCHOOL"",""__OTHER__"",""SCHOOL""]","[101,88,101,88]","[[""IF""],[""SCHOOL""],[""NOT"",""CANCEL/CRITICIZE"",""IX-3p:j"",""FUTURE"",""GO""],[""SCHOOL""]]",4,2,2,12,115,104,101,True
asllrp_other_ctc,train,CORY,Cory_2013-6-27_sc108,3377969.mp4,https://dai.cs.rutgers.edu/ss3front/3377969.mp4,0,"[""__OTHER__"",""SCHOOL"",""__OTHER__"",""SCHOOL"",""__OTHER__""]","[101,88,101,88,101]","[[""#IF""],[""SCHOOL""],[""NOT"",""CANCEL/CRITICIZE"",""IX-3p:j"",""FUTURE"",""GO""],[""SCHOOL""],[""IX-3p:j""]]",5,2,3,13,136,124,101,True
asllrp_other_ctc,train,CORY,Cory_2013-6-27_sc108,3378067.mp4,https://dai.cs.rutgers.edu/ss3front/3378067.mp4,0,"[""__OTHER__"",""READ"",""__OTHER__"",""TIME"",""__OTHER__""]","[101,52,101,83,101]","[[""IX-3p:j"",""FUTURE""],[""READ""],[""BOOK"",""#IF"",""(1h)HAVE""],[""TIME""],[""IX-3p:j""]]",5,2,3,14,98,85,101,True
asllrp_other_ctc,train,CORY,Cory_2013-6-27_sc108,3378068.mp4,https://dai.cs.rutgers.edu/ss3front/3378068.mp4,0,"[""__OTHER__"",""WATER"",""__OTHER__""]","[101,56,101]","[[""#IF"",""IX-1p"",""NOT"",""AFRAID"",""IX-1p"",""PROCEED"",""GO""],[""WATER""],[""PADDLE/CANOE"",""FUTURE"",""IX-1p"",""(1h)part:indef""]]",3,1,2,4,156,153,101,True
asllrp_other_ctc,train,CORY,Cory_2013-6-27_sc108,3378166.mp4,https://dai.cs.rutgers.edu/ss3front/3378166.mp4,0,"[""__OTHER__"",""READ"",""__OTHER__""]","[101,52,101]","[[""IF"",""IX-3p:j"",""BORE"",""NOT"",""IX-1p"",""FUTURE""],[""READ""],[""IX-1p"",""part:indef""]]",3,1,2,30,127,98,101,True
asllrp_other_ctc,train,CORY,Cory_2013-6-27_sc108,3378264.mp4,https://dai.cs.rutgers.edu/ss3front/3378264.mp4,0,"[""__OTHER__"",""READ"",""__OTHER__"",""READ"",""__OTHER__""]","[101,52,101,52,101]","[[""FUTURE"",""FINISH""],[""READ""],[""BOOK"",""BUT"",""BCL\\reading book\\\""\"""",""START""],[""READ""],[""BORE"",""part:indef""]]",5,2,3,12,118,107,101,True
asllrp_other_ctc,train,CORY,Cory_2013-6-27_sc108,3378265.mp4,https://dai.cs.rutgers.edu/ss3front/3378265.mp4,0,"[""__OTHER__"",""READ"",""__OTHER__""]","[101,52,101]","[[""#IF"",""IX-3p:j"",""NOT"",""BORE"",""IX-1p"",""FUTURE""],[""READ""],[""IX-1p"",""part:indef""]]",3,1,2,7,91,85,101,True
asllrp_other_ctc,train,CORY,Cory_2013-6-27_sc108,3378363.mp4,https://dai.cs.rutgers.edu/ss3front/3378363.mp4,0,"[""__OTHER__"",""READ"",""__OTHER__""]","[101,52,101]","[[""FUTURE""],[""READ""],[""BOOK"",""(1h)BUT"",""BOOK"",""part:indef""]]",3,1,2,16,117,102,101,True
asllrp_other_ctc,train,CORY,Cory_2013-6-27_sc108,3378461.mp4,https://dai.cs.rutgers.edu/ss3front/3378461.mp4,0,"[""__OTHER__"",""READ"",""__OTHER__""]","[101,52,101]","[[""FUTURE""],[""READ""],[""BOOK"",""IX-1p""]]",3,1,2,13,61,49,101,True
asllrp_other_ctc,train,CORY,Cory_2013-6-27_sc108,3378462.mp4,https://dai.cs.rutgers.edu/ss3front/3378462.mp4,0,"[""__OTHER__"",""READ"",""__OTHER__""]","[101,52,101]","[[""IX-1p"",""FINISH""],[""READ""],[""BOOK""]]",3,1,2,7,50,44,101,True
asllrp_other_ctc,train,CORY,Cory_2013-6-27_sc108,3378560.mp4,https://dai.cs.rutgers.edu/ss3front/3378560.mp4,0,"[""__OTHER__"",""READ"",""__OTHER__""]","[101,52,101]","[[""IX-1p"",""RECENT-PAST""],[""READ""],[""NOTICE"",""DCL:25\\missing page\\\""\""""]]",3,1,2,0,105,106,101,True
asllrp_other_ctc,train,CORY,Cory_2013-6-27_sc108,3378659.mp4,https://dai.cs.rutgers.edu/ss3front/3378659.mp4,0,"[""__OTHER__"",""READ"",""__OTHER__""]","[101,52,101]","[[""IX-1p"",""RECENT-PAST""],[""READ""],[""BOOK"",""IX-1p""]]",3,1,2,7,68,62,101,True
asllrp_other_ctc,train,CORY,Cory_2013-6-27_sc108,3378758.mp4,https://dai.cs.rutgers.edu/ss3front/3378758.mp4,0,"[""__OTHER__"",""NOW"",""READ"",""__OTHER__""]","[101,78,52,101]","[[""IX-1p""],[""NOW""],[""READ""],[""BOOK""]]",4,2,2,9,59,51,101,True
asllrp_other_ctc,train,CORY,Cory_2013-6-27_sc108,3379250.mp4,https://dai.cs.rutgers.edu/ss3front/3379250.mp4,0,"[""__OTHER__"",""HAVE"",""__OTHER__""]","[101,32,101]","[[""IF"",""ns-fs-JACK""],[""HAVE""],[""WIFE"",""IX-3p:j"",""LOVE"",""IX-3p:j""]]",3,1,2,5,110,106,101,True
asllrp_other_ctc,train,CORY,Cory_2013-6-27_sc108,3379349.mp4,https://dai.cs.rutgers.edu/ss3front/3379349.mp4,0,"[""__OTHER__"",""HAVE"",""__OTHER__""]","[101,32,101]","[[""IF"",""(5)MAN""],[""HAVE""],[""WIFE"",""LOVE""]]",3,1,2,4,92,89,101,True
asllrp_other_ctc,train,CORY,Cory_2013-6-27_sc108,3379742.mp4,https://dai.cs.rutgers.edu/ss3front/3379742.mp4,0,"[""__OTHER__"",""SORRY"",""__OTHER__""]","[101,19,101]","[[""IF"",""IX-3p:j"",""ns-fs-OBAMA"",""CHOOSE"",""REPUBLICAN"",""(1h)5\\whoa\\\""\"""",""ns-fs-OBAMA"",""FUTURE""],[""SORRY""],[""THUMB-IX-3p:i""]]",3,1,2,19,168,150,101,True
asllrp_other_ctc,train,CORY,Cory_2013-6-27_sc108,3379841.mp4,https://dai.cs.rutgers.edu/ss3front/3379841.mp4,0,"[""__OTHER__"",""SORRY"",""__OTHER__""]","[101,19,101]","[[""#IF"",""ns-fs-OBAMA"",""CHOOSE"",""REPUBLICAN"",""IX-3p:j"",""ns-fs-OBAMA"",""FUTURE""],[""SORRY""],[""IX-3p:j""]]",3,1,2,8,150,143,101,True
asllrp_other_ctc,train,CORY,Cory_2013-6-27_sc108,3380039.mp4,https://dai.cs.rutgers.edu/ss3front/3380039.mp4,0,"[""__OTHER__"",""EAT"",""__OTHER__""]","[101,54,101]","[[""#IF"",""IX-1p"",""GO-OUT""],[""EAT""],[""WHO"",""(P)PAY"",""part:indef""]]",3,1,2,10,115,106,101,True
asllrp_other_ctc,train,CORY,Cory_2013-6-27_sc108,3380137.mp4,https://dai.cs.rutgers.edu/ss3front/3380137.mp4,0,"[""__OTHER__"",""TOMORROW""]","[101,79]","[[""KNOW"",""FUTURE"",""RAIN""],[""TOMORROW""]]",2,1,1,18,72,55,101,True
asllrp_other_ctc,train,CORY,Cory_2013-6-27_sc108,3380235.mp4,https://dai.cs.rutgers.edu/ss3front/3380235.mp4,0,"[""__OTHER__"",""TOMORROW"",""__OTHER__"",""TIME"",""__OTHER__""]","[101,79,101,83,101]","[[""#IF""],[""TOMORROW""],[""NONE/NOTHING""],[""TIME""],[""IX-2p"",""CAN"",""ICL:S\\washing car\\\""\"""",""CAR"",""MONDAY""]]",5,2,3,1,116,116,101,True
asllrp_other_ctc,train,CORY,Cory_2013-6-27_sc108,3380236.mp4,https://dai.cs.rutgers.edu/ss3front/3380236.mp4,0,"[""__OTHER__"",""HAVE"",""TIME"",""TOMORROW"",""__OTHER__""]","[101,32,83,79,101]","[[""NOT""],[""HAVE""],[""TIME""],[""TOMORROW""],[""5\\not a big deal\\\""\"""",""ICL:S\\wash car\\\""\"""",""CAR"",""MONDAY""]]",5,3,2,33,143,111,101,True
asllrp_other_ctc,train,CORY,Cory_2013-6-27_sc108,3380334.mp4,https://dai.cs.rutgers.edu/ss3front/3380334.mp4,0,"[""__OTHER__"",""EAT"",""__OTHER__""]","[101,54,101]","[[""VEGETABLE"",""IX-loc:j"",""IF"",""ns-fs-JOHN""],[""EAT""],[""fs-SPINACH"",""FUTURE"",""BECOME"",""DISGUST"",""SICK""]]",3,1,2,44,234,191,101,True
asllrp_other_ctc,train,CORY,Cory_2013-6-27_sc108,3380432.mp4,https://dai.cs.rutgers.edu/ss3front/3380432.mp4,0,"[""TOMORROW"",""__OTHER__""]","[79,101]","[[""TOMORROW""],[""RAIN"",""MEAN"",""ARRIVE"",""UNCLE"",""HOUSE"",""STAY"",""IN""]]",2,1,1,46,178,133,101,True
asllrp_other_ctc,train,CORY,Cory_2013-6-27_sc108,3380530.mp4,https://dai.cs.rutgers.edu/ss3front/3380530.mp4,0,"[""__OTHER__"",""TOMORROW"",""WHEN"",""__OTHER__""]","[101,79,11,101]","[[""#IF"",""RAIN""],[""TOMORROW""],[""WHEN""],[""ARRIVE"",""UNCLE"",""HOUSE"",""STAY"",""IN""]]",4,2,2,4,153,150,101,True
asllrp_other_ctc,train,CORY,Cory_2013-6-27_sc108,3380531.mp4,https://dai.cs.rutgers.edu/ss3front/3380531.mp4,0,"[""__OTHER__"",""TOMORROW"",""__OTHER__""]","[101,79,101]","[[""IF"",""RAIN""],[""TOMORROW""],[""IX-1p"",""ARRIVE"",""UNCLE"",""HOUSE"",""STAY"",""IN""]]",3,1,2,12,145,134,101,True
asllrp_other_ctc,train,CORY,Cory_2013-6-27_sc108,3380727.mp4,https://dai.cs.rutgers.edu/ss3front/3380727.mp4,0,"[""__OTHER__"",""SCHOOL"",""__OTHER__""]","[101,88,101]","[[""SISTER"",""IX-loc:j"",""#IF"",""IX-3p:j"",""NEGLECT"",""HOME+WORK"",""REFUSE"",""SUCCEED"",""IN""],[""SCHOOL""],[""(1h)part:indef""]]",3,1,2,29,193,165,101,True
asllrp_other_ctc,train,CORY,Cory_2013-6-27_sc108,3380826.mp4,https://dai.cs.rutgers.edu/ss3front/3380826.mp4,0,"[""__OTHER__"",""SCHOOL"",""__OTHER__""]","[101,88,101]","[[""IX-3p:j"",""SISTER"",""IX-loc:j"",""IF"",""IX-3p:j"",""NEGLECT"",""HOME+WORK"",""REFUSE"",""SUCCEED"",""IN""],[""SCHOOL""],[""(1h)part:indef""]]",3,1,2,5,173,169,101,True
asllrp_other_ctc,train,CORY,Cory_2013-6-27_sc108,3380924.mp4,https://dai.cs.rutgers.edu/ss3front/3380924.mp4,0,"[""__OTHER__"",""TIME"",""__OTHER__""]","[101,83,101]","[[""POSS-1p"",""MOTHER"",""IX-loc:j"",""(1h)HAVE""],[""TIME""],[""FUTURE"",""BRING"",""COOKIE"",""IX-3p:j""]]",3,1,2,5,120,116,101,True
asllrp_other_ctc,train,CORY,Cory_2013-6-27_sc108,3380925.mp4,https://dai.cs.rutgers.edu/ss3front/3380925.mp4,0,"[""__OTHER__"",""TIME"",""__OTHER__""]","[101,83,101]","[[""MOTHER"",""IX-loc:j"",""#IF"",""(1h)HAVE""],[""TIME""],[""IX-3p:j"",""FUTURE"",""BRING"",""COOKIE""]]",3,1,2,7,105,99,101,True
asllrp_other_ctc,train,CORY,Cory_2013-6-27_sc108,3381813.mp4,https://dai.cs.rutgers.edu/ss3front/3381813.mp4,0,"[""__OTHER__"",""WHERE"",""__OTHER__""]","[101,10,101]","[[""IF"",""ns-fs-JOHN"",""NOT"",""HERE"",""part:indef"",""ANY+ONE"",""IX-3p-pl-arc"",""KNOW""],[""WHERE""],[""GO"",""(1h)part:indef""]]",3,1,2,9,137,129,101,True
asllrp_other_ctc,train,CORY,Cory_2013-6-27_sc108,3381814.mp4,https://dai.cs.rutgers.edu/ss3front/3381814.mp4,0,"[""__OTHER__"",""WHERE"",""__OTHER__""]","[101,10,101]","[[""(1h)5\\exasperation\\\""\"""",""ns-fs-JOHN"",""NOT"",""HERE"",""part:indef"",""ANY+ONE"",""IX-3p-pl-arc"",""KNOW""],[""WHERE""],[""IX-3p:j"",""(1h)part:indef""]]",3,1,2,20,164,145,101,True
asllrp_other_ctc,train,CORY,Cory_2013-6-27_sc108,3381912.mp4,https://dai.cs.rutgers.edu/ss3front/3381912.mp4,0,"[""__OTHER__"",""SORRY"",""__OTHER__""]","[101,19,101]","[[""#IF"",""IX-1p"",""INVITE/HIRE"",""IX-3p:j"",""PEOPLE"",""IX-3p-pl-arc"",""POP-UP"",""fs-LATE"",""IX-3p-pl-arc""],[""SORRY""],[""FUTURE"",""IX-3p:j""]]",3,1,2,43,235,193,101,True
asllrp_other_ctc,train,CORY,Cory_2013-6-27_sc108,3382011.mp4,https://dai.cs.rutgers.edu/ss3front/3382011.mp4,0,"[""__OTHER__"",""HOME"",""__OTHER__"",""MAYBE"",""__OTHER__""]","[101,87,101,22,101]","[[""ns-fs-MARY"",""IX-loc:j"",""ARRIVE""],[""HOME""],[""fs-LATE"",""ns-fs-JOHN""],[""MAYBE""],[""UPSET"",""IX-3p:j""]]",5,2,3,4,131,128,101,True
asllrp_other_ctc,train,CORY,Cory_2013-6-27_sc108,3382110.mp4,https://dai.cs.rutgers.edu/ss3front/3382110.mp4,0,"[""__OTHER__"",""TOMORROW"",""__OTHER__""]","[101,79,101]","[[""IF"",""SON"",""BORN""],[""TOMORROW""],[""BORN"",""YEAR"",""TWO_2+ZERO+THIRTEEN"",""(1h)part:indef""]]",3,1,2,8,155,148,101,True
asllrp_other_ctc,train,CORY,Cory_2013-6-27_sc108,338219.mp4,https://dai.cs.rutgers.edu/ss3front/338219.mp4,0,"[""__OTHER__"",""MAYBE"",""__OTHER__"",""SLEEP""]","[101,22,101,57]","[[""#IF"",""QUIET"",""HERE"",""MEAN""],[""MAYBE""],[""(1h)HAVE"",""CHILDREN"",""UP""],[""SLEEP""]]",4,2,2,24,150,127,101,True
asllrp_other_ctc,train,CORY,Cory_2013-6-27_sc108,338228.mp4,https://dai.cs.rutgers.edu/ss3front/338228.mp4,0,"[""__OTHER__"",""HOME"",""__OTHER__"",""MAYBE"",""__OTHER__""]","[101,87,101,22,101]","[[""IF"",""ns-fs-JOHN"",""STAY""],[""HOME""],[""part:indef"",""MEAN""],[""MAYBE""],[""SICK"",""IX-3p:j""]]",5,2,3,10,127,118,101,True
asllrp_other_ctc,train,CORY,Cory_2013-6-27_sc108,338237.mp4,https://dai.cs.rutgers.edu/ss3front/338237.mp4,0,"[""__OTHER__"",""WORK"",""__OTHER__""]","[101,51,101]","[[""#IF"",""ns-fs-JOHN"",""SMILE"",""MEAN"",""GET""],[""WORK""],[""IX-3p:j""]]",3,1,2,21,136,116,101,True
asllrp_other_ctc,train,CORY,Cory_2013-6-27_sc107,362.mp4,https://dai.cs.rutgers.edu/ss3front/362.mp4,0,"[""__OTHER__"",""WHY"",""__OTHER__""]","[101,13,101]","[[""TEACH+AGENT"",""UPSET""],[""WHY""],[""(1h)part:indef""]]",3,1,2,17,89,73,101,True
asllrp_other_ctc,train,CORY,Cory_2013-6-27_sc107,463.mp4,https://dai.cs.rutgers.edu/ss3front/463.mp4,0,"[""__OTHER__"",""WHERE""]","[101,10]","[[""ns-fs-JOHN"",""IX-loc:j"",""(L)LIVE"",""(1h)LAST-YEAR""],[""WHERE""]]",2,1,1,17,98,82,101,True
asllrp_other_ctc,train,CORY,Cory_2013-6-27_sc107,58.mp4,https://dai.cs.rutgers.edu/ss3front/58.mp4,0,"[""__OTHER__"",""HOW""]","[101,14]","[[""FATHER"",""REPAIR_2"",""TIME+DCL\\circular object\\\""\""""],[""HOW""]]",2,1,1,24,117,94,101,True
asllrp_other_ctc,train,CORY,Cory_2013-6-27_sc111,58733723.mp4,https://dai.cs.rutgers.edu/ss3front/58733723.mp4,0,"[""__OTHER__"",""EAT"",""__OTHER__""]","[101,54,101]","[[""HAPPEN"",""IX-1p"",""NONE/NOTHING"",""MONEY"",""IX-1p"",""TEND"",""GO"",""AUNT"",""HOUSE""],[""EAT""],[""IX-loc:j""]]",3,1,2,7,146,140,101,True
asllrp_other_ctc,train,CORY,Cory_2013-6-27_sc111,58733724.mp4,https://dai.cs.rutgers.edu/ss3front/58733724.mp4,0,"[""__OTHER__"",""READ"",""__OTHER__""]","[101,52,101]","[[""#IF"",""IX-1p"",""NONE/NOTHING"",""BOOK""],[""READ""],[""IX-1p"",""NONE/NOTHING"",""IX-1p"",""part:indef""]]",3,1,2,5,139,135,101,True
asllrp_other_ctc,train,CORY,Cory_2013-6-27_sc111,58734316.mp4,https://dai.cs.rutgers.edu/ss3front/58734316.mp4,0,"[""__OTHER__"",""YES""]","[101,20]","[[""FOR"",""REALLY"",""IX-3p:j"",""FUTURE"",""BUY"",""IX-3p:j"",""FLOWER""],[""YES""]]",2,1,1,14,111,98,101,True
asllrp_other_ctc,train,CORY,Cory_2013-6-27_sc111,58734317.mp4,https://dai.cs.rutgers.edu/ss3front/58734317.mp4,0,"[""__OTHER__"",""WHERE"",""__OTHER__""]","[101,10,101]","[[""IF"",""HAPPEN"",""EMERGENCY"",""IX-2p"",""GO""],[""WHERE""],[""part:indef""]]",3,1,2,6,101,96,101,True
asllrp_other_ctc,train,CORY,Cory_2013-6-27_sc115,61829118.mp4,https://dai.cs.rutgers.edu/ss3front/61829118.mp4,0,"[""__OTHER__"",""STOP""]","[101,37]","[[""(G/Q)POSS-1p"",""SISTER"",""(2h)IX-3p:j"",""WATER+DCL:L-X\\tube skipping on water\\\""\"""",""IX-1p"",""GO-BY-BOAT"",""MAKE"",""IX-1p""],[""STOP""]]",2,1,1,6,190,185,101,True
asllrp_other_ctc,train,CORY,Cory_2013-6-27_sc115,61830116.mp4,https://dai.cs.rutgers.edu/ss3front/61830116.mp4,0,"[""TIME"",""FRIEND"",""__OTHER__"",""TIME"",""__OTHER__""]","[83,92,101,83,101]","[[""TIME""],[""FRIEND""],[""(5)CRASH"",""(P)PARTY"",""part:indef""],[""TIME""],[""(1h)part:indef""]]",5,3,2,9,119,111,101,True
asllrp_other_ctc,train,CORY,Cory_2013-6-27_sc115,61830117.mp4,https://dai.cs.rutgers.edu/ss3front/61830117.mp4,0,"[""FRIEND"",""__OTHER__"",""WHEN""]","[92,101,11]","[[""FRIEND""],[""TAKE-UP"",""EAT+NIGHT"",""DCL\\round flat\\\""\""""],[""WHEN""]]",3,2,1,2,118,117,101,True
asllrp_other_ctc,train,CORY,Cory_2013-6-27_sc115,61831115.mp4,https://dai.cs.rutgers.edu/ss3front/61831115.mp4,0,"[""__OTHER__"",""WHY"",""__OTHER__""]","[101,13,101]","[[""IX-2p"",""LIE-DOWN"",""PAST+NIGHT""],[""WHY""],[""(1h)part:indef""]]",3,1,2,7,98,92,101,True
asllrp_other_ctc,train,CORY,Cory_2013-6-27_sc115,61832113.mp4,https://dai.cs.rutgers.edu/ss3front/61832113.mp4,0,"[""__OTHER__"",""WHY"",""__OTHER__""]","[101,13,101]","[[""MUST"",""MOVE-AWAY"",""ns-#SD""],[""WHY""],[""(1h)part:indef""]]",3,1,2,9,99,91,101,True
asllrp_other_ctc,train,CORY,Cory_2013-6-27_sc115,61832114.mp4,https://dai.cs.rutgers.edu/ss3front/61832114.mp4,0,"[""FRIEND"",""__OTHER__"",""WHY"",""__OTHER__""]","[92,101,13,101]","[[""FRIEND""],[""FACE+SAME"",""INTERCOURSE+fs-UP""],[""WHY""],[""(1h)part:indef""]]",4,2,2,7,96,90,101,True
asllrp_other_ctc,train,CORY,Cory_2013-6-27_sc115,61833112.mp4,https://dai.cs.rutgers.edu/ss3front/61833112.mp4,0,"[""__OTHER__"",""WHY"",""__OTHER__""]","[101,13,101]","[[""IX-2p"",""(1h)TEND"",""CHAT"",""WITH"",""IX-3p-pl-2:i/j""],[""WHY""],[""(1h)part:indef""]]",3,1,2,10,110,101,101,True
asllrp_other_ctc,train,CORY,Cory_2013-6-27_sc115,61834111.mp4,https://dai.cs.rutgers.edu/ss3front/61834111.mp4,0,"[""__OTHER__"",""WHY""]","[101,13]","[[""HUSBAND"",""WIFE"",""DANCE"",""POSS-3p:j"",""WEDDING""],[""WHY""]]",2,1,1,7,103,97,101,True
asllrp_other_ctc,train,CORY,Cory_2013-6-27_sc115,61835108.mp4,https://dai.cs.rutgers.edu/ss3front/61835108.mp4,0,"[""FRIEND"",""__OTHER__""]","[92,101]","[[""FRIEND""],[""WANT_2"",""BUY"",""PLAID"",""(2h)SHIRT""]]",2,1,1,6,98,93,101,True
asllrp_other_ctc,train,CORY,Cory_2013-6-27_sc115,61836107.mp4,https://dai.cs.rutgers.edu/ss3front/61836107.mp4,0,"[""__OTHER__"",""TIME"",""__OTHER__""]","[101,83,101]","[[""WATER+DCL:L-X\\tube skipping on water\\\""\"""",""(1h)part:indef""],[""TIME""],[""(1h)part:indef""]]",3,1,2,13,92,80,101,True
asllrp_other_ctc,train,CORY,Cory_2013-6-27_sc115,61838103.mp4,https://dai.cs.rutgers.edu/ss3front/61838103.mp4,0,"[""FRIEND"",""__OTHER__""]","[92,101]","[[""FRIEND""],[""GROUP/TOGETHER"",""fs-BEACH"",""FOR-FOR""]]",2,1,1,3,94,92,101,True
asllrp_other_ctc,train,CORY,Cory_2013-6-27_sc115,61840100.mp4,https://dai.cs.rutgers.edu/ss3front/61840100.mp4,0,"[""__OTHER__"",""WORK"",""__OTHER__""]","[101,51,101]","[[""WHO"",""(1h)TEND"",""COMMUTE""],[""WORK""],[""BICYCLE"",""part:indef""]]",3,1,2,8,108,101,101,True
asllrp_other_ctc,train,CORY,Cory_2013-6-27_sc115,6184199.mp4,https://dai.cs.rutgers.edu/ss3front/6184199.mp4,0,"[""__OTHER__"",""WORK"",""__OTHER__""]","[101,51,101]","[[""(1h)TEND"",""COMMUTE""],[""WORK""],[""BICYCLE"",""WHO""]]",3,1,2,3,99,97,101,True
asllrp_other_ctc,train,CORY,Cory_2013-6-27_sc115,6184395.mp4,https://dai.cs.rutgers.edu/ss3front/6184395.mp4,0,"[""FRIEND"",""__OTHER__""]","[92,101]","[[""FRIEND""],[""GROUP/TOGETHER"",""SCL:C\\group go together\\\""\"""",""MOVIE_2"",""ACT"",""WHO"",""JOIN""]]",2,1,1,9,111,103,101,True
asllrp_other_ctc,train,CORY,Cory_2013-6-27_sc115,6184494.mp4,https://dai.cs.rutgers.edu/ss3front/6184494.mp4,0,"[""__OTHER__"",""WHERE""]","[101,10]","[[""DRESS/CLOTHES"",""IX-3p:j"",""#SALE""],[""WHERE""]]",2,1,1,5,86,82,101,True
asllrp_other_ctc,train,CORY,Cory_2013-6-27_sc115,6184593.mp4,https://dai.cs.rutgers.edu/ss3front/6184593.mp4,0,"[""__OTHER__"",""WHERE""]","[101,10]","[[""(2h)HORSE"",""IX-loc:j"",""TEND"",""PLAY-continuative""],[""WHERE""]]",2,1,1,12,99,88,101,True
asllrp_other_ctc,train,CORY,Cory_2013-6-27_sc115,6184888.mp4,https://dai.cs.rutgers.edu/ss3front/6184888.mp4,0,"[""__OTHER__"",""FAMILY"",""__OTHER__"",""WHERE""]","[101,91,101,10]","[[""POSS-2p""],[""FAMILY""],[""VACATION"",""EVERY-YEAR"",""(1h)TEND""],[""WHERE""]]",4,2,2,5,119,115,101,True
asllrp_other_ctc,train,CORY,Cory_2013-6-27_sc115,6184987.mp4,https://dai.cs.rutgers.edu/ss3front/6184987.mp4,0,"[""BAD"",""__OTHER__"",""WHEN""]","[59,101,11]","[[""BAD""],[""(5)WEATHER"",""SCL:C\\clouds rolling in\\\""\"""",""ns-BOSTON""],[""WHEN""]]",3,2,1,3,113,111,101,True
asllrp_other_ctc,train,CORY,Cory_2013-6-27_sc115,6185380.mp4,https://dai.cs.rutgers.edu/ss3front/6185380.mp4,0,"[""__OTHER__"",""TIME""]","[101,83]","[[""TEACH+AGENT"",""IX-loc:j"",""NICE/CLEAN"",""CLASS_2+BOX/ROOM""],[""TIME""]]",2,1,1,9,102,94,101,True
asllrp_other_ctc,train,CORY,Cory_2013-6-27_sc115,6185381.mp4,https://dai.cs.rutgers.edu/ss3front/6185381.mp4,0,"[""__OTHER__"",""HOW"",""__OTHER__""]","[101,14,101]","[[""MOTHER"",""SICK""],[""HOW""],[""part:indef""]]",3,1,2,12,89,78,101,True
asllrp_other_ctc,train,CORY,Cory_2013-6-27_sc115,6185479.mp4,https://dai.cs.rutgers.edu/ss3front/6185479.mp4,0,"[""__OTHER__"",""READ"",""__OTHER__""]","[101,52,101]","[[""ns-fs-BOB"",""IX-loc:j""],[""READ""],[""\\WHAT\\\""\""""]]",3,1,2,4,63,60,101,True
asllrp_other_ctc,train,CORY,Cory_2013-6-27_sc115,6185873.mp4,https://dai.cs.rutgers.edu/ss3front/6185873.mp4,0,"[""FRIEND"",""__OTHER__""]","[92,101]","[[""FRIEND""],[""GROUP/TOGETHER"",""WANT+NEG"",""PIZZA_4"",""EAT+NIGHT"",""(25)WHY"",""SAME-OLD""]]",2,1,1,7,165,159,101,True
asllrp_other_ctc,train,CORY,Cory_2013-6-27_sc115,6185972.mp4,https://dai.cs.rutgers.edu/ss3front/6185972.mp4,0,"[""FRIEND"",""__OTHER__""]","[92,101]","[[""FRIEND""],[""GROUP/TOGETHER"",""#FUCK"",""NOT"",""(5)CRASH"",""(P)PARTY""]]",2,1,1,5,105,101,101,True
asllrp_other_ctc,train,CORY,Cory_2013-6-27_sc115,6186464.mp4,https://dai.cs.rutgers.edu/ss3front/6186464.mp4,0,"[""FRIEND"",""__OTHER__""]","[92,101]","[[""FRIEND""],[""IX-loc:j"",""WANT+NEG"",""BUY"",""PLAID"",""(2h)SHIRT"",""WANT+NEG""]]",2,1,1,6,113,108,101,True
asllrp_other_ctc,train,CORY,Cory_2013-6-27_sc115,6186563.mp4,https://dai.cs.rutgers.edu/ss3front/6186563.mp4,0,"[""__OTHER__"",""WATER"",""__OTHER__""]","[101,56,101]","[[""POSS-1p"",""SISTER"",""VOMIT/HATE""],[""WATER""],[""SKI"",""(25)WHY"",""HARD"",""BALANCE"",""(2h)alt.SKI""]]",3,1,2,6,165,160,101,True
asllrp_other_ctc,train,CORY,Cory_2013-6-27_sc115,6186661.mp4,https://dai.cs.rutgers.edu/ss3front/6186661.mp4,0,"[""FRIEND"",""__OTHER__""]","[92,101]","[[""FRIEND""],[""NOT-YET"",""PROCEED"",""START"",""FRISBEE"",""NOT-YET""]]",2,1,1,4,99,96,101,True
asllrp_other_ctc,train,CORY,Cory_2013-6-27_sc115,6186662.mp4,https://dai.cs.rutgers.edu/ss3front/6186662.mp4,0,"[""__OTHER__"",""WHY"",""__OTHER__""]","[101,13,101]","[[""IX-1p"",""PROCEED"",""NOT"",""INVITE/HIRE"",""ns-fs-MARY""],[""WHY""],[""IX-3p:j"",""NOT"",""AGREE"",""(5)SOCIAL/INTERACT"",""GROUP/TOGETHER"",""NOT""]]",3,1,2,2,165,164,101,True
asllrp_other_ctc,train,CORY,Cory_2013-6-27_sc115,6186760.mp4,https://dai.cs.rutgers.edu/ss3front/6186760.mp4,0,"[""FRIEND"",""__OTHER__""]","[92,101]","[[""FRIEND""],[""NOT-YET"",""GROUP/TOGETHER"",""DCL:crvd-5\\group go together\\\""\"""",""fs-BEACH"",""NOT-YET""]]",2,1,1,4,101,98,101,True
asllrp_other_ctc,train,CORY,Cory_2013-6-27_sc115,6186858.mp4,https://dai.cs.rutgers.edu/ss3front/6186858.mp4,0,"[""__OTHER__"",""WORK"",""__OTHER__""]","[101,51,101]","[[""IX-1p"",""(1h)VOMIT/HATE"",""COMMUTE""],[""WORK""],[""BICYCLE""]]",3,1,2,5,104,100,101,True
asllrp_other_ctc,train,CORY,Cory_2013-6-27_sc115,6186956.mp4,https://dai.cs.rutgers.edu/ss3front/6186956.mp4,0,"[""__OTHER__"",""NAME"",""__OTHER__""]","[101,98,101]","[[""IX-1p"",""NOT"",""EXPERT"",""REMEMBER"",""NEW"",""PEOPLE""],[""NAME""],[""part:indef""]]",3,1,2,9,147,139,101,True
asllrp_other_ctc,train,CORY,Cory_2013-6-27_sc115,6187055.mp4,https://dai.cs.rutgers.edu/ss3front/6187055.mp4,0,"[""FRIEND"",""__OTHER__"",""WHY"",""__OTHER__"",""BAD""]","[92,101,13,101,59]","[[""FRIEND""],[""IX-loc:j"",""ARRIVE"",""MOVIE_2"",""ACT"",""NOT-YET""],[""WHY""],[""DCL:5\\backed up traffic\\\""\""""],[""BAD""]]",5,3,2,6,153,148,101,True
asllrp_other_ctc,train,CORY,Cory_2013-6-27_sc115,6187153.mp4,https://dai.cs.rutgers.edu/ss3front/6187153.mp4,0,"[""__OTHER__"",""LIKE""]","[101,26]","[[""HORSE"",""IX-loc:j"",""VOMIT/HATE"",""RAIN"",""PLAY"",""GO-OUT"",""SCL:V/2\\horses running\\\""\"""",""NOT""],[""LIKE""]]",2,1,1,9,128,120,101,True
asllrp_other_ctc,train,CORY,Cory_2013-6-27_sc115,6187351.mp4,https://dai.cs.rutgers.edu/ss3front/6187351.mp4,0,"[""__OTHER__"",""HAVE"",""__OTHER__"",""SMALL"",""__OTHER__""]","[101,32,101,70,101]","[[""ns-fs-BOB"",""IX-3p:j""],[""HAVE""],[""BIG"",""#DOG_2"",""IX-3p:j"",""ONLY"",""(1h)HAVE""],[""SMALL""],[""#DOG_2""]]",5,2,3,0,126,127,101,True
asllrp_other_ctc,train,CORY,Cory_2013-6-27_sc115,6187450.mp4,https://dai.cs.rutgers.edu/ss3front/6187450.mp4,0,"[""__OTHER__"",""FAMILY"",""__OTHER__""]","[101,91,101]","[[""POSS-1p""],[""FAMILY""],[""VACATION"",""EVERY-YEAR"",""5\\no more\\\""\""""]]",3,1,2,6,94,89,101,True
asllrp_other_ctc,train,CORY,Cory_2013-6-27_sc115,6187745.mp4,https://dai.cs.rutgers.edu/ss3front/6187745.mp4,0,"[""__OTHER__"",""NOW"",""__OTHER__""]","[101,78,101]","[[""MOTHER"",""IX-3p:j"",""SICK""],[""NOW""],[""NOT""]]",3,1,2,14,71,58,101,True
asllrp_other_ctc,train,CORY,Cory_2013-6-27_sc115,6187843.mp4,https://dai.cs.rutgers.edu/ss3front/6187843.mp4,0,"[""__OTHER__"",""READ"",""__OTHER__""]","[101,52,101]","[[""ns-fs-BOB"",""IX-loc:j"",""(1h)VOMIT/HATE""],[""READ""],[""BOOK""]]",3,1,2,4,89,86,101,True
asllrp_other_ctc,train,CORY,Cory_2013-6-27_sc115,6187844.mp4,https://dai.cs.rutgers.edu/ss3front/6187844.mp4,0,"[""__OTHER__"",""NOW""]","[101,78]","[[""TEACH+AGENT"",""SICK-OF"",""NICE/CLEAN"",""CLASS_2+BOX/ROOM"",""5\\forget it\\\""\"""",""NOT"",""NICE/CLEAN""],[""NOW""]]",2,1,1,9,174,166,101,True
asllrp_other_ctc,train,CORY,Cory_2013-6-27_sc115,6188139.mp4,https://dai.cs.rutgers.edu/ss3front/6188139.mp4,0,"[""__OTHER__"",""FRIEND"",""__OTHER__""]","[101,92,101]","[[""#IF""],[""FRIEND""],[""IX-loc:j"",""TAKE-UP"",""PIZZA_4"",""EAT+NIGHT"",""IX-1p"",""BRING"",""DCL\\round flat\\\""\"""",""FUTURE"",""IX-1p""]]",3,1,2,4,205,202,101,True
asllrp_other_ctc,train,CORY,Cory_2013-6-27_sc115,6188238.mp4,https://dai.cs.rutgers.edu/ss3front/6188238.mp4,0,"[""__OTHER__"",""FRIEND"",""__OTHER__""]","[101,92,101]","[[""#IF""],[""FRIEND""],[""IX-loc:j"",""(5)CRASH"",""(P)PARTY"",""5\\wave no\\\""\"""",""IX-1p"",""KICK-OFF"",""FUTURE"",""IX-1p""]]",3,1,2,14,138,125,101,True
asllrp_other_ctc,train,CORY,Cory_2013-6-27_sc115,6188336.mp4,https://dai.cs.rutgers.edu/ss3front/6188336.mp4,0,"[""__OTHER__"",""FRIEND"",""__OTHER__""]","[101,92,101]","[[""#IF"",""POSS-2p""],[""FRIEND""],[""IX-3p:j"",""INTERCOURSE+fs-UP"",""IX-1p"",""CARE"",""REFUSE"",""IX-1p""]]",3,1,2,11,121,111,101,True
asllrp_other_ctc,train,CORY,Cory_2013-6-27_sc115,6188435.mp4,https://dai.cs.rutgers.edu/ss3front/6188435.mp4,0,"[""WHEN"",""__OTHER__""]","[11,101]","[[""WHEN""],[""REALLY+WORK"",""MOVE-AWAY"",""ns-#SD"",""OUT"",""IX-1p"",""(2h)MUST"",""GET"",""NEW"",""CAR"",""LICENSE""]]",2,1,1,7,190,184,101,True
asllrp_other_ctc,train,CORY,Cory_2013-6-27_sc115,6188829.mp4,https://dai.cs.rutgers.edu/ss3front/6188829.mp4,0,"[""__OTHER__"",""FRIEND"",""__OTHER__""]","[101,92,101]","[[""IX-1p"",""PROCEED"",""START"",""FILL-OUT""],[""FRIEND""],[""(2h)alt.INVITE/HIRE"",""FOR"",""#BBQ"",""GROUP/TOGETHER"",""IX-1p"",""MAKE"",""REALLY"",""LIST"",""CORRECT""]]",3,1,2,5,245,241,101,True
asllrp_other_ctc,train,CORY,Cory_2013-6-27_sc115,6188927.mp4,https://dai.cs.rutgers.edu/ss3front/6188927.mp4,0,"[""FRIEND"",""__OTHER__""]","[92,101]","[[""FRIEND""],[""IX-3p:j"",""GROUP/TOGETHER"",""DCL:crvd-5\\group go together\\\""\"""",""fs-BEACH"",""SCL:V/2\\people tanning\\\""\"""",""TAN"",""5\\whoa\\\""\"""",""BRING"",""ICL:tight-C\\squeeze lotion\\\""\"""",""DCL:B-L\\rub lotion\\\""\"""",""DCL:bent-B\\applying lotion\\\""\"""",""NONE/NOTHING"",""(2h)#BURN""]]",2,1,1,14,269,256,101,True
asllrp_other_ctc,train,CORY,Cory_2013-6-27_sc115,6188928.mp4,https://dai.cs.rutgers.edu/ss3front/6188928.mp4,0,"[""FRIEND"",""__OTHER__""]","[92,101]","[[""FRIEND""],[""IX-loc:j"",""PROCEED"",""PLAY"",""FRISBEE"",""(2h)IX-1p"",""JOIN"",""PLAY""]]",2,1,1,9,112,104,101,True
asllrp_other_ctc,train,CORY,Cory_2013-6-27_sc115,6189026.mp4,https://dai.cs.rutgers.edu/ss3front/6189026.mp4,0,"[""__OTHER__"",""HAVE"",""__OTHER__""]","[101,32,101]","[[""BASEBALL"",""IX-loc:j"",""GAME"",""IX-loc:j""],[""HAVE""],[""STAR"",""BOMB"",""MUST"",""GO"",""(2h)LOOK""]]",3,1,2,7,157,151,101,True
asllrp_other_ctc,train,CORY,Cory_2013-6-27_sc115,6189124.mp4,https://dai.cs.rutgers.edu/ss3front/6189124.mp4,0,"[""__OTHER__"",""FRIEND"",""__OTHER__"",""WHERE"",""__OTHER__""]","[101,92,101,10,101]","[[""(G/Q)POSS-1p""],[""FRIEND""],[""IX-loc:j"",""BRAVE/RECOVER"",""PROCEED"",""ASK"",""DIRECT/EXPLAIN""],[""WHERE""],[""IX-1p"",""FUTURE"",""FINE"",""DRIVE""]]",5,2,3,7,186,180,101,True
asllrp_other_ctc,train,CORY,Cory_2013-6-27_sc115,6189125.mp4,https://dai.cs.rutgers.edu/ss3front/6189125.mp4,0,"[""__OTHER__"",""WORK"",""__OTHER__""]","[101,51,101]","[[""IX-1p"",""REALLY+WORK"",""PROCEED"",""COMMUTE""],[""WORK""],[""BICYCLE"",""IX-1p"",""MEAN"",""MUST"",""GET-UP"",""EMPTY/EARLY+(1h)MOST""]]",3,1,2,7,194,188,101,True
asllrp_other_ctc,train,CORY,Cory_2013-6-27_sc115,6189223.mp4,https://dai.cs.rutgers.edu/ss3front/6189223.mp4,0,"[""WHEN"",""__OTHER__"",""FRIEND"",""__OTHER__"",""NAME""]","[11,101,92,101,98]","[[""WHEN""],[""IX-1p"",""INTRODUCE"",""NEW""],[""FRIEND""],[""IX-1p"",""FUTURE"",""TEST"",""MAKE"",""REALLY"",""REMEMBER""],[""NAME""]]",5,3,2,8,172,165,101,True
asllrp_other_ctc,train,CORY,Cory_2013-6-27_sc115,6189322.mp4,https://dai.cs.rutgers.edu/ss3front/6189322.mp4,0,"[""FRIEND"",""__OTHER__"",""DIFFERENT"",""__OTHER__"",""WHY"",""__OTHER__""]","[92,101,74,101,13,101]","[[""FRIEND""],[""DCL:C\\group go together\\\""\""""],[""DIFFERENT""],[""MOVIE_2""],[""WHY""],[""IX-3p:j"",""FAVORITE/PREFER"",""ACTION"",""MOVIE_2""]]",6,3,3,6,163,158,101,True
asllrp_other_ctc,train,CORY,Cory_2013-6-27_sc115,6189421.mp4,https://dai.cs.rutgers.edu/ss3front/6189421.mp4,0,"[""__OTHER__"",""FRIEND"",""__OTHER__""]","[101,92,101]","[[""DRESS/CLOTHES"",""IX-loc:j"",""#SALE"",""IX-1p""],[""FRIEND""],[""GROUP/TOGETHER"",""DCL:crvd-5\\group go together\\\""\"""",""fs-MALL""]]",3,1,2,13,134,122,101,True
asllrp_other_ctc,train,CORY,Cory_2013-6-27_sc115,6189520.mp4,https://dai.cs.rutgers.edu/ss3front/6189520.mp4,0,"[""__OTHER__"",""NIGHT"",""__OTHER__""]","[101,82,101]","[[""#IF"",""(2h)HORSE"",""PLAY-continuative"",""FARM"",""SCL:V/2\\running\\\""\""""],[""NIGHT""],[""READY"",""BED"",""FUTURE"",""PASS-OUT_3""]]",3,1,2,9,167,159,101,True
asllrp_other_ctc,train,CORY,Cory_2013-6-27_sc115,6189618.mp4,https://dai.cs.rutgers.edu/ss3front/6189618.mp4,0,"[""__OTHER__"",""EAT""]","[101,54]","[[""#IF"",""ns-fs-BOB"",""IX-3p:j"",""PROCEED"",""TAKE-UP"",""WIDE"",""DOG"",""MUST"",""ACCEPT"",""(flat-O)PAY/SPEND"",""#DOG_2""],[""EAT""]]",2,1,1,5,228,224,101,True
asllrp_other_ctc,train,CORY,Cory_2013-6-27_sc115,6189717.mp4,https://dai.cs.rutgers.edu/ss3front/6189717.mp4,0,"[""__OTHER__"",""FAMILY"",""__OTHER__"",""WHERE"",""__OTHER__""]","[101,91,101,10,101]","[[""IX-3p-pl-arc""],[""FAMILY""],[""PROCEED"",""DECIDE"",""EVERY-YEAR"",""VACATION""],[""WHERE""],[""ns-PUERTO-RICO""]]",5,2,3,17,182,166,101,True
asllrp_other_ctc,train,CORY,Cory_2013-6-27_sc115,6189815.mp4,https://dai.cs.rutgers.edu/ss3front/6189815.mp4,0,"[""__OTHER__"",""NOW"",""__OTHER__""]","[101,78,101]","[[""IX-1p"",""PROCEED"",""(P)PAY"",""fs-RENT""],[""NOW""],[""MUST"",""CANCEL/CRITICIZE"",""VACATION""]]",3,1,2,15,149,135,101,True
asllrp_other_ctc,train,CORY,Cory_2013-6-27_sc115,6189816.mp4,https://dai.cs.rutgers.edu/ss3front/6189816.mp4,0,"[""BAD"",""__OTHER__"",""HOME""]","[59,101,87]","[[""BAD""],[""fs-STORM"",""DCL:crvd-5\\clouds coming\\\""\"""",""ns-BOSTON"",""IX-1p"",""STAY""],[""HOME""]]",3,2,1,17,170,154,101,True
asllrp_other_ctc,train,CORY,Cory_2013-6-27_sc115,6190111.mp4,https://dai.cs.rutgers.edu/ss3front/6190111.mp4,0,"[""WHEN"",""__OTHER__""]","[11,101]","[[""WHEN""],[""TEACH+AGENT"",""FINISH"",""NICE/CLEAN"",""CLASS_2+BOX/ROOM"",""FINISH"",""MUST"",""LEAVE"",""KEY""]]",2,1,1,7,185,179,101,True
asllrp_other_ctc,train,CORY,Cory_2013-6-27_sc115,619039.mp4,https://dai.cs.rutgers.edu/ss3front/619039.mp4,0,"[""__OTHER__"",""FEEL"",""__OTHER__""]","[101,31,101]","[[""#IFwg"",""ns-fs-BOB"",""i:GIVE:j"",""SWEETHEART"",""(R)FLOWER"",""IX-3p:j"",""FUTURE""],[""FEEL""],[""(1h)INSPIRE"",""(1h)HAPPY""]]",3,1,2,4,158,155,101,True
asllrp_other_ctc,train,CORY,Cory_2013-6-27_sc115,619048.mp4,https://dai.cs.rutgers.edu/ss3front/619048.mp4,0,"[""__OTHER__"",""LEARN"",""__OTHER__""]","[101,50,101]","[[""IF"",""STUDENT"",""IX-3p:j"",""HEAR/LISTEN"",""TEACH+AGENT"",""FUTURE""],[""LEARN""],[""SOMETHING/ONE""]]",3,1,2,17,132,116,101,True
asllrp_other_ctc,train,CORY,Cory_2013-6-27_sc113,629096.mp4,https://dai.cs.rutgers.edu/ss3front/629096.mp4,0,"[""__OTHER__"",""FRIEND"",""__OTHER__""]","[101,92,101]","[[""(5)POSS-1p""],[""FRIEND""],[""IX-loc:j"",""BCL:bent-B-L\\do nothing\\\""\"""",""NONE/NOTHING"",""PROCEED"",""VIDEO-GAME"",""ALL-DAY""]]",3,1,2,3,135,133,101,True
asllrp_other_ctc,train,CORY,Cory_2013-6-27_sc113,629195.mp4,https://dai.cs.rutgers.edu/ss3front/629195.mp4,0,"[""__OTHER__"",""MORNING"",""__OTHER__"",""WHY"",""__OTHER__""]","[101,81,101,13,101]","[[""IX-1p"",""HIT"",""MISS/ASSUME"",""POSS-1p""],[""MORNING""],[""CLASS_2""],[""WHY""],[""IX-1p"",""OVERSLEEP"",""IX-1p""]]",5,2,3,1,135,135,101,True
asllrp_other_ctc,train,CORY,Cory_2013-6-27_sc113,629293.mp4,https://dai.cs.rutgers.edu/ss3front/629293.mp4,0,"[""__OTHER__"",""FEEL"",""__OTHER__""]","[101,31,101]","[[""DURING/WHILE"",""LONG-AGO"",""IX-1p"",""#HS"",""MOTHER"",""ALWAYS"",""(1h)REMIND-1p"",""IX-1p"",""EVERY-MORNING"",""(25)WHY"",""IX-1p"",""BCL:bent-B\\sound asleep\\\""\"""",""NOT""],[""FEEL""],[""ALARM""]]",3,1,2,5,223,219,101,True
asllrp_other_ctc,train,CORY,Cory_2013-6-27_sc113,629391.mp4,https://dai.cs.rutgers.edu/ss3front/629391.mp4,0,"[""__OTHER__"",""WHY"",""__OTHER__""]","[101,13,101]","[[""POSS-1p"",""MOTHER"",""IX-loc:j"",""KISS-FIST"",""GLASSES_2""],[""WHY""],[""FACE"",""fs-BAD"",""NEAT""]]",3,1,2,7,126,120,101,True
asllrp_other_ctc,train,CORY,Cory_2013-6-27_sc113,629392.mp4,https://dai.cs.rutgers.edu/ss3front/629392.mp4,0,"[""__OTHER__"",""COLD"",""__OTHER__"",""WHY"",""__OTHER__""]","[101,68,101,13,101]","[[""DURING/WHILE""],[""COLD""],[""IX-1p"",""(1h)TEND"",""SICK-continuative""],[""WHY""],[""(1h)TEND"",""USE_2"",""FLIP-FLOP"",""part:indef""]]",5,2,3,16,191,176,101,True
asllrp_other_ctc,train,CORY,Cory_2013-6-27_sc113,629588.mp4,https://dai.cs.rutgers.edu/ss3front/629588.mp4,0,"[""__OTHER__"",""WHY"",""__OTHER__"",""HAVE"",""__OTHER__""]","[101,13,101,32,101]","[[""OLD"",""MUSIC"",""DCL\\round flat\\\""\"""",""5\\no more\\\""\""""],[""WHY""],[""EACH+ONE"",""IX-3p-pl-arc""],[""HAVE""],[""fs-IPOD""]]",5,2,3,9,182,174,101,True
asllrp_other_ctc,train,CORY,Cory_2013-6-27_sc113,629589.mp4,https://dai.cs.rutgers.edu/ss3front/629589.mp4,0,"[""__OTHER__"",""FRIEND"",""__OTHER__""]","[101,92,101]","[[""PAST+NIGHT"",""IX-1p"",""PLAY"",""(crvd-5)BASKETBALL"",""SCRIMMAGE"",""WITH""],[""FRIEND""],[""(Y)WOW"",""(baby-O)BY-A-HAIR"",""(1h)BEAT"",""THIRTY_2"",""TWENTY-EIGHT""]]",3,1,2,3,195,193,101,True
asllrp_other_ctc,train,CORY,Cory_2013-6-27_sc113,629687.mp4,https://dai.cs.rutgers.edu/ss3front/629687.mp4,0,"[""__OTHER__"",""WHY"",""__OTHER__""]","[101,13,101]","[[""ns-fs-MAC"",""TROUNCE"",""fs-PC""],[""WHY""],[""ns-fs-MAC"",""EXPERT"",""MATCH"",""PEOPLE"",""WANT_2""]]",3,1,2,10,164,155,101,True
asllrp_other_ctc,train,CORY,Cory_2013-6-27_sc113,629785.mp4,https://dai.cs.rutgers.edu/ss3front/629785.mp4,0,"[""__OTHER__"",""WHERE""]","[101,10]","[[""IX-2p"",""PUT"",""TREE""],[""WHERE""]]",2,1,1,3,71,69,101,True
asllrp_other_ctc,train,CORY,Cory_2013-6-27_sc113,629786.mp4,https://dai.cs.rutgers.edu/ss3front/629786.mp4,0,"[""__OTHER__"",""WHY"",""__OTHER__"",""EASY"",""__OTHER__""]","[101,13,101,75,101]","[[""IX-1p"",""KISS-FIST"",""IX-2p""],[""WHY""],[""IX-2p"",""EXPERT"",""MAKE"",""PEOPLE"",""LAUGH-HARD"",""IX-2p""],[""EASY""],[""(1h)part:indef""]]",5,2,3,10,170,161,101,True
asllrp_other_ctc,train,CORY,Cory_2013-6-27_sc113,629884.mp4,https://dai.cs.rutgers.edu/ss3front/629884.mp4,0,"[""__OTHER__"",""WORK"",""__OTHER__""]","[101,51,101]","[[""IX-2p""],[""WORK""],[""\\WHAT\\\""\""""]]",3,1,2,12,56,45,101,True
asllrp_other_ctc,train,CORY,Cory_2013-6-27_sc113,629982.mp4,https://dai.cs.rutgers.edu/ss3front/629982.mp4,0,"[""__OTHER__"",""WHERE"",""__OTHER__""]","[101,10,101]","[[""IX-2p"",""GO""],[""WHERE""],[""(1h)part:indef""]]",3,1,2,14,67,54,101,True
asllrp_other_ctc,train,CORY,Cory_2013-6-27_sc113,629983.mp4,https://dai.cs.rutgers.edu/ss3front/629983.mp4,0,"[""__OTHER__"",""WORK"",""WHEN"",""__OTHER__""]","[101,51,11,101]","[[""IX-2p"",""FINISH""],[""WORK""],[""WHEN""],[""IX-2p""]]",4,2,2,10,78,69,101,True
asllrp_other_ctc,train,CORY,Cory_2013-6-27_sc113,630081.mp4,https://dai.cs.rutgers.edu/ss3front/630081.mp4,0,"[""EAT"",""__OTHER__"",""WHERE""]","[54,101,10]","[[""EAT""],[""SELL""],[""WHERE""]]",3,2,1,4,59,56,101,True
asllrp_other_ctc,train,CORY,Cory_2013-6-27_sc113,630180.mp4,https://dai.cs.rutgers.edu/ss3front/630180.mp4,0,"[""__OTHER__"",""WHERE""]","[101,10]","[[""IX-2p"",""BUY"",""CAR""],[""WHERE""]]",2,1,1,21,88,68,101,True
asllrp_other_ctc,train,CORY,Cory_2013-6-27_sc113,630376.mp4,https://dai.cs.rutgers.edu/ss3front/630376.mp4,0,"[""__OTHER__"",""FRIEND"",""__OTHER__""]","[101,92,101]","[[""(crvd-L)POSS-1p""],[""FRIEND""],[""KISS-FIST"",""LAPTOP"",""TYPE"",""INTERNET"",""(25)WHY"",""USE_2"",""fs-GOOGLE"",""fs-CHROME"",""VERY-FAST""]]",3,1,2,9,179,171,101,True
asllrp_other_ctc,train,CORY,Cory_2013-6-27_sc113,630475.mp4,https://dai.cs.rutgers.edu/ss3front/630475.mp4,0,"[""__OTHER__"",""FRIEND"",""__OTHER__""]","[101,92,101]","[[""POSS-1p""],[""FRIEND""],[""IX-3p:j"",""FAVORITE/PREFER"",""REMOTE"",""#VP"",""VIDEO-PHONE"",""NOT"",""TEXTING"",""(25)WHY"",""COMMUNICATE"",""#ASL"",""FINEwg""]]",3,1,2,2,191,190,101,True
asllrp_other_ctc,train,CORY,Cory_2013-6-27_sc113,630573.mp4,https://dai.cs.rutgers.edu/ss3front/630573.mp4,0,"[""__OTHER__"",""SCHOOL"",""__OTHER__""]","[101,88,101]","[[""IX-1p"",""ARRIVE""],[""SCHOOL""],[""(25)WHY"",""IX-1p"",""BICYCLE"",""IX-1p"",""(3)ACCIDENT""]]",3,1,2,5,115,111,101,True
asllrp_other_ctc,train,CORY,Cory_2013-6-27_sc113,630574.mp4,https://dai.cs.rutgers.edu/ss3front/630574.mp4,0,"[""__OTHER__"",""FRIEND"",""__OTHER__"",""WHERE"",""__OTHER__"",""EAT"",""__OTHER__""]","[101,92,101,10,101,54,101]","[[""(L-X)POSS-1p""],[""FRIEND""],[""IX-loc:j"",""TRIP"",""KISS-FIST"",""IX-loc:j"",""FAVORITE/PREFER""],[""WHERE""],[""ns-fs-ASIA"",""(25)WHY"",""POSS-3p:j""],[""EAT""],[""DELICIOUS""]]",7,3,4,4,249,246,101,True
asllrp_other_ctc,train,CORY,Cory_2013-6-27_sc113,630672.mp4,https://dai.cs.rutgers.edu/ss3front/630672.mp4,0,"[""FRIEND"",""__OTHER__"",""WHY"",""__OTHER__""]","[92,101,13,101]","[[""FRIEND""],[""GROUP/TOGETHER"",""PLAN"",""SURPRISE"",""ns-fs-BOB""],[""WHY""],[""ns-fs-BOB""]]",4,2,2,7,117,111,101,True
asllrp_other_ctc,train,CORY,Cory_2013-6-27_sc113,630770.mp4,https://dai.cs.rutgers.edu/ss3front/630770.mp4,0,"[""__OTHER__"",""WORK"",""__OTHER__"",""WHY"",""__OTHER__""]","[101,51,101,13,101]","[[""IX-1p"",""PROCEED""],[""WORK""],[""ALL-NIGHT""],[""WHY""],[""IX-1p"",""GRAB-CHANCE"",""MONEY""]]",5,2,3,12,135,124,101,True
asllrp_other_ctc,train,CORY,Cory_2013-6-27_sc113,630771.mp4,https://dai.cs.rutgers.edu/ss3front/630771.mp4,0,"[""FRIEND"",""__OTHER__""]","[92,101]","[[""FRIEND""],[""IX-loc:j"",""KISS-FIST"",""GO"",""(1h)FISHING"",""(25)WHY"",""LOVE"",""NEW"",""FISH"",""FOR"",""EAT+NIGHT""]]",2,1,1,2,191,190,101,True
asllrp_other_ctc,train,CORY,Cory_2013-6-27_sc113,630869.mp4,https://dai.cs.rutgers.edu/ss3front/630869.mp4,0,"[""FRIEND"",""__OTHER__"",""WHY"",""__OTHER__"",""HAVE"",""__OTHER__""]","[92,101,13,101,32,101]","[[""FRIEND""],[""GROUP/TOGETHER"",""GO-OUT""],[""WHY""],[""IX-3p:j""],[""HAVE""],[""(P)PARTY"",""IX-loc:j""]]",6,3,3,3,103,101,101,True
asllrp_other_ctc,train,CORY,Cory_2013-6-27_sc113,630967.mp4,https://dai.cs.rutgers.edu/ss3front/630967.mp4,0,"[""__OTHER__"",""FRIEND"",""__OTHER__""]","[101,92,101]","[[""#IF"",""IX-3p:j""],[""FRIEND""],[""IX-loc:j"",""FINISH"",""HOMEWORK"",""EMPTY/EARLY"",""GUARANTEE"",""LAPTOP"",""TYPE"",""INTERNET"",""ALL-NIGHT"",""(1h)part:indef""]]",3,1,2,4,198,195,101,True
asllrp_other_ctc,train,CORY,Cory_2013-6-27_sc113,630968.mp4,https://dai.cs.rutgers.edu/ss3front/630968.mp4,0,"[""FRIEND"",""__OTHER__"",""WHY"",""__OTHER__"",""TIRED"",""__OTHER__""]","[92,101,13,101,64,101]","[[""FRIEND""],[""IX-loc:j"",""MUST"",""DRIVE""],[""WHY""],[""IX-1p""],[""TIRED""],[""IX-1p""]]",6,3,3,2,107,106,101,True
asllrp_other_ctc,train,CORY,Cory_2013-6-27_sc113,631066.mp4,https://dai.cs.rutgers.edu/ss3front/631066.mp4,0,"[""WHEN"",""__OTHER__"",""FRIEND"",""__OTHER__""]","[11,101,92,101]","[[""WHEN""],[""IX-3p:j""],[""FRIEND""],[""LAPTOP"",""TYPE"",""INTERNET"",""5\\hey\\\""\"""",""IX-1p"",""(1h)REMIND:j"",""GRAB-CHANCE"",""HOME+WORK""]]",4,2,2,3,153,151,101,True
asllrp_other_ctc,train,CORY,Cory_2013-6-27_sc113,631164.mp4,https://dai.cs.rutgers.edu/ss3front/631164.mp4,0,"[""WHEN"",""__OTHER__"",""WHY"",""__OTHER__""]","[11,101,13,101]","[[""WHEN""],[""(crvd-5)POSS-1p"",""FATHER"",""START"",""VIDEO-GAME"",""IX-1p"",""5\\whoa\\\""\"""",""UP""],[""WHY""],[""IX-loc:j"",""VIDEO-GAME"",""BORE"",""IX-1p"",""LOOK:j""]]",4,2,2,8,209,202,101,True
asllrp_other_ctc,train,CORY,Cory_2013-6-27_sc113,631165.mp4,https://dai.cs.rutgers.edu/ss3front/631165.mp4,0,"[""WHEN"",""FRIEND"",""__OTHER__""]","[11,92,101]","[[""WHEN""],[""FRIEND""],[""i:CALL-ON-RELAY/VRS-1p"",""#VP"",""LIGHT"",""LIGHT-FLASH""]]",3,2,1,10,115,106,101,True
asllrp_other_ctc,train,CORY,Cory_2013-6-27_sc113,631263.mp4,https://dai.cs.rutgers.edu/ss3front/631263.mp4,0,"[""__OTHER__"",""FRIEND"",""__OTHER__""]","[101,92,101]","[[""#IF"",""POSS-1p""],[""FRIEND""],[""IX-3p:j"",""START"",""VIDEO-GAME"",""CONTINUE"",""TO/UNTIL"",""DCL:5-C\\eyes falling out\\\""\"""",""FOR"",""REALLY""]]",3,1,2,3,177,175,101,True
asllrp_other_ctc,train,CORY,Cory_2013-6-27_sc113,631361.mp4,https://dai.cs.rutgers.edu/ss3front/631361.mp4,0,"[""__OTHER__"",""FRIEND"",""__OTHER__""]","[101,92,101]","[[""#IF""],[""FRIEND""],[""GROUP/TOGETHER"",""TRIP"",""MUST"",""JOIN"",""IX-1p""]]",3,1,2,5,140,136,101,True
asllrp_other_ctc,train,CORY,Cory_2013-6-27_sc113,631362.mp4,https://dai.cs.rutgers.edu/ss3front/631362.mp4,0,"[""WHEN"",""__OTHER__"",""THANKYOU"",""__OTHER__""]","[11,101,18,101]","[[""WHEN""],[""IX-1p"",""TRIP"",""ARRIVE"",""ns-INDIA"",""IX-1p"",""MUST"",""WRITE"",""PAPER-CHECK/CARD"",""(2h)SEND/MAIL"",""MOTHER+FATHER""],[""THANK-YOU""],[""IX-3p:j"",""i:HELP-1p"",""SUPPORT"",""MONEY""]]",4,2,2,1,252,252,101,True
asllrp_other_ctc,train,CORY,Cory_2013-6-27_sc113,631460.mp4,https://dai.cs.rutgers.edu/ss3front/631460.mp4,0,"[""WHEN"",""__OTHER__"",""SCHOOL"",""__OTHER__""]","[11,101,88,101]","[[""WHEN""],[""IX-1p"",""ARRIVE""],[""SCHOOL""],[""IX-1p"",""1p-INFORM:j"",""IX-1p"",""FINISH"",""ARRIVE"",""SAFE""]]",4,2,2,2,151,150,101,True
asllrp_other_ctc,train,CORY,Cory_2013-6-27_sc113,631558.mp4,https://dai.cs.rutgers.edu/ss3front/631558.mp4,0,"[""WHEN"",""__OTHER__""]","[11,101]","[[""WHEN""],[""ns-fs-BOB"",""ENTER"",""SURPRISE"",""(P)PARTY"",""EACH+ONE"",""ICL:X\\spray silly string\\\""\"""",""SILLY"",""STRING"",""ICL:X\\spray silly string\\\""\"""",""FUTURE""]]",2,1,1,7,188,182,101,True
asllrp_other_ctc,train,CORY,Cory_2013-6-27_sc113,631559.mp4,https://dai.cs.rutgers.edu/ss3front/631559.mp4,0,"[""__OTHER__"",""SCHOOL"",""__OTHER__"",""WHY"",""__OTHER__""]","[101,88,101,13,101]","[[""#IF"",""IX-1p"",""GO"",""HEARING""],[""SCHOOL""],[""IX-1p"",""(nd-1)LOOK-AROUND""],[""WHY""],[""NONE/NOTHING"",""COMMUNICATE"",""part:indef""]]",5,2,3,0,156,157,101,True
asllrp_other_ctc,train,CORY,Cory_2013-6-27_sc113,631657.mp4,https://dai.cs.rutgers.edu/ss3front/631657.mp4,0,"[""__OTHER__"",""FRIEND"",""__OTHER__"",""WHY"",""__OTHER__""]","[101,92,101,13,101]","[[""#IF"",""POSS-1p""],[""FRIEND""],[""MAKE-IT"",""SURPRISE"",""ns-fs-BOB"",""IX-1p"",""DCL:X-over-thumb\\tip hat\\\""\""""],[""WHY""],[""ns-fs-BOB"",""IX-3p:j"",""REALLY"",""IMPOSSIBLE"",""SURPRISE"",""IX-3p:j""]]",5,2,3,2,230,229,101,True
asllrp_other_ctc,train,CORY,Cory_2013-6-27_sc113,631755.mp4,https://dai.cs.rutgers.edu/ss3front/631755.mp4,0,"[""__OTHER__"",""FRIEND"",""__OTHER__""]","[101,92,101]","[[""#IF""],[""FRIEND""],[""GROUP/TOGETHER"",""DEPART"",""FISHING"",""IX-1p"",""CHECK"",""(5)WEATHER"",""MAKE"",""REALLY"",""#OK""]]",3,1,2,3,184,182,101,True
asllrp_other_ctc,train,CORY,Cory_2013-6-27_sc113,631756.mp4,https://dai.cs.rutgers.edu/ss3front/631756.mp4,0,"[""__OTHER__"",""FRIEND"",""__OTHER__""]","[101,92,101]","[[""POSS-1p""],[""FRIEND""],[""FISHING"",""(1h)FISH"",""IX-1p"",""HURRY"",""IX-1p"",""DCL:crvd-B\\bucket\\\""\"""",""DCL:B-L\\fill bucket\\\""\"""",""ICL:crvd-B\\move bucket\\\""\"""",""FISH"",""DCL:S-5\\throw fish in bucket\\\""\"""",""FOR"",""EAT+NIGHT""]]",3,1,2,3,249,247,101,True
asllrp_other_ctc,train,CORY,Cory_2013-6-27_sc113,631953.mp4,https://dai.cs.rutgers.edu/ss3front/631953.mp4,0,"[""__OTHER__"",""WORK"",""__OTHER__""]","[101,51,101]","[[""IF"",""IX-1p"",""ARRIVE""],[""WORK""],[""LATE"",""POSS-1p"",""BOSS"",""FUTURE"",""FIRED"",""IX-1p"",""(1h)part:indef""]]",3,1,2,20,165,146,101,True
asllrp_other_ctc,train,CORY,Cory_2013-6-27_sc113,632051.mp4,https://dai.cs.rutgers.edu/ss3front/632051.mp4,0,"[""__OTHER__"",""FRIEND"",""__OTHER__""]","[101,92,101]","[[""#IF""],[""FRIEND""],[""GROUP/TOGETHER"",""GO-OUT"",""(P)PARTY"",""IX-1p"",""5\\why not\\\""\"""",""JOIN"",""IX-1p""]]",3,1,2,8,126,119,101,True
asllrp_other_ctc,train,CORY,Cory_2013-6-27_sc113,632052.mp4,https://dai.cs.rutgers.edu/ss3front/632052.mp4,0,"[""__OTHER__"",""FRIEND"",""__OTHER__""]","[101,92,101]","[[""#WHEN""],[""FRIEND""],[""GO-OUT"",""(P)PARTY"",""IX-1p"",""GRAB-CHANCE"",""1p-INFORM:j"",""ROOMMATE"",""IX-1p"",""JOIN""]]",3,1,2,3,143,141,101,True
asllrp_other_ctc,train,CORY,Cory_2013-6-27_sc113,632150.mp4,https://dai.cs.rutgers.edu/ss3front/632150.mp4,0,"[""WHEN"",""FRIEND"",""__OTHER__""]","[11,92,101]","[[""WHEN""],[""FRIEND""],[""IX-loc:j"",""OVER-IT"",""IX-1p"",""DCL:crvd-V\\switch seats\\\""\"""",""IX-1p"",""DRIVE"",""IX-1p""]]",3,2,1,24,169,146,101,True
asllrp_other_ctc,train,CORY,Cory_2013-6-27_sc113,632249.mp4,https://dai.cs.rutgers.edu/ss3front/632249.mp4,0,"[""__OTHER__"",""FRIEND"",""__OTHER__"",""SLEEP""]","[101,92,101,57]","[[""#IF"",""(fanned-flat-O)POSS-1p""],[""FRIEND""],[""DRIVE"",""IX-1p"",""(1h)SIT"",""BACK""],[""SLEEP""]]",4,2,2,9,121,113,101,True
asllrp_other_ctc,train,CORY,Cory_2013-6-27_sc113,632347.mp4,https://dai.cs.rutgers.edu/ss3front/632347.mp4,0,"[""__OTHER__"",""FRIEND"",""__OTHER__"",""WHY"",""__OTHER__""]","[101,92,101,13,101]","[[""POSS-2p""],[""FRIEND""],[""ADDICTED"",""LAPTOP"",""TYPE"",""INTERNET""],[""WHY""],[""part:indef""]]",5,2,3,8,123,116,101,True
asllrp_other_ctc,train,CORY,Cory_2013-6-27_sc113,632446.mp4,https://dai.cs.rutgers.edu/ss3front/632446.mp4,0,"[""__OTHER__"",""WHERE""]","[101,10]","[[""WANT"",""#VP""],[""WHERE""]]",2,1,1,6,68,63,101,True
asllrp_other_ctc,train,CORY,Cory_2013-6-27_sc113,632544.mp4,https://dai.cs.rutgers.edu/ss3front/632544.mp4,0,"[""__OTHER__"",""WHERE""]","[101,10]","[[""IX-2p"",""PLAN"",""TRIP""],[""WHERE""]]",2,1,1,3,85,83,101,True
asllrp_other_ctc,train,CORY,Cory_2013-6-27_sc113,632545.mp4,https://dai.cs.rutgers.edu/ss3front/632545.mp4,0,"[""__OTHER__"",""WHY"",""__OTHER__""]","[101,13,101]","[[""MUST"",""#VP""],[""WHY""],[""(1h)part:indef"",""CAN"",""TEXTING_3"",""part:indef""]]",3,1,2,5,116,112,101,True
asllrp_other_ctc,train,CORY,Cory_2013-6-27_sc113,632742.mp4,https://dai.cs.rutgers.edu/ss3front/632742.mp4,0,"[""__OTHER__"",""FRIEND"",""__OTHER__"",""WHY"",""__OTHER__""]","[101,92,101,13,101]","[[""POSS-2p""],[""FRIEND""],[""GROUP/TOGETHER"",""TRIP""],[""WHY""],[""(1h)part:indef""]]",5,2,3,9,111,103,101,True
asllrp_other_ctc,train,CORY,Cory_2013-6-27_sc113,632840.mp4,https://dai.cs.rutgers.edu/ss3front/632840.mp4,0,"[""__OTHER__"",""WHEN""]","[101,11]","[[""IX-2p"",""GRADUATE"",""#HS""],[""WHEN""]]",2,1,1,10,81,72,101,True
asllrp_other_ctc,train,CORY,Cory_2013-6-27_sc113,632939.mp4,https://dai.cs.rutgers.edu/ss3front/632939.mp4,0,"[""__OTHER__"",""WHERE""]","[101,10]","[[""#HS"",""IX-2p"",""GO""],[""WHERE""]]",2,1,1,14,85,72,101,True
asllrp_other_ctc,train,CORY,Cory_2013-6-27_sc113,633038.mp4,https://dai.cs.rutgers.edu/ss3front/633038.mp4,0,"[""__OTHER__"",""TIME"",""__OTHER__""]","[101,83,101]","[[""SURPRISE"",""(P)PARTY""],[""TIME""],[""START"",""#WHEN"",""part:indef""]]",3,1,2,10,105,96,101,True
asllrp_other_ctc,train,CORY,Cory_2013-6-27_sc113,633436.mp4,https://dai.cs.rutgers.edu/ss3front/633436.mp4,0,"[""FRIEND"",""__OTHER__""]","[92,101]","[[""FRIEND""],[""GROUP/TOGETHER"",""DEPART"",""FISHING"",""#WHEN""]]",2,1,1,1,86,86,101,True
asllrp_other_ctc,train,CORY,Cory_2013-6-27_sc113,633534.mp4,https://dai.cs.rutgers.edu/ss3front/633534.mp4,0,"[""__OTHER__"",""WORK"",""WHERE""]","[101,51,10]","[[""IX-2p""],[""WORK""],[""WHERE""]]",3,2,1,9,64,56,101,True
asllrp_other_ctc,train,CORY,Cory_2013-6-27_sc113,633632.mp4,https://dai.cs.rutgers.edu/ss3front/633632.mp4,0,"[""__OTHER__"",""WORK"",""__OTHER__""]","[101,51,101]","[[""IX-2p""],[""WORK""],[""START"",""#WHEN""]]",3,1,2,5,69,65,101,True
asllrp_other_ctc,train,CORY,Cory_2013-6-27_sc113,633633.mp4,https://dai.cs.rutgers.edu/ss3front/633633.mp4,0,"[""WHY"",""__OTHER__"",""WORK"",""__OTHER__"",""WHY"",""__OTHER__""]","[13,101,51,101,13,101]","[[""WHY""],[""IX-2p""],[""WORK""],[""ALL-NIGHT""],[""WHY""],[""part:indef""]]",6,3,3,11,103,93,101,True
asllrp_other_ctc,train,CORY,Cory_2013-6-27_sc113,633830.mp4,https://dai.cs.rutgers.edu/ss3front/633830.mp4,0,"[""__OTHER__"",""WHEN""]","[101,11]","[[""(P)PARTY"",""START""],[""WHEN""]]",2,1,1,12,80,69,101,True
asllrp_other_ctc,train,CORY,Cory_2013-6-27_sc113,633929.mp4,https://dai.cs.rutgers.edu/ss3front/633929.mp4,0,"[""FRIEND"",""__OTHER__"",""WHEN""]","[92,101,11]","[[""FRIEND""],[""GROUP/TOGETHER"",""START"",""DRIVE""],[""WHEN""]]",3,2,1,16,122,107,101,True
asllrp_other_ctc,train,CORY,Cory_2013-6-27_sc113,634028.mp4,https://dai.cs.rutgers.edu/ss3front/634028.mp4,0,"[""FRIEND"",""__OTHER__"",""WHERE""]","[92,101,10]","[[""FRIEND""],[""GROUP/TOGETHER"",""DRIVE""],[""WHERE""]]",3,2,1,5,84,80,101,True
asllrp_other_ctc,train,CORY,Cory_2013-6-27_sc113,634226.mp4,https://dai.cs.rutgers.edu/ss3front/634226.mp4,0,"[""FRIEND"",""__OTHER__""]","[92,101]","[[""FRIEND""],[""IX-loc:j"",""KISS-FIST"",""LAPTOP"",""TYPE"",""INTERNET""]]",2,1,1,4,98,95,101,True
asllrp_other_ctc,train,CORY,Cory_2013-6-27_sc113,634423.mp4,https://dai.cs.rutgers.edu/ss3front/634423.mp4,0,"[""FRIEND"",""__OTHER__""]","[92,101]","[[""FRIEND""],[""IX-3p-pl-arc"",""FINISH"",""EXPERIENCE"",""TRIP""]]",2,1,1,9,105,97,101,True
asllrp_other_ctc,train,CORY,Cory_2013-6-27_sc113,634424.mp4,https://dai.cs.rutgers.edu/ss3front/634424.mp4,0,"[""__OTHER__"",""EASY"",""__OTHER__""]","[101,75,101]","[[""VIDEO-GAME"",""IX-loc:j""],[""EASY""],[""BEAT_2""]]",3,1,2,12,76,65,101,True
asllrp_other_ctc,train,CORY,Cory_2013-6-27_sc113,634719.mp4,https://dai.cs.rutgers.edu/ss3front/634719.mp4,0,"[""__OTHER__"",""WORK"",""__OTHER__""]","[101,51,101]","[[""MUST""],[""WORK""],[""ALL-NIGHT""]]",3,1,2,9,88,80,101,True
asllrp_other_ctc,train,CORY,Cory_2013-6-27_sc113,634720.mp4,https://dai.cs.rutgers.edu/ss3front/634720.mp4,0,"[""FRIEND"",""__OTHER__""]","[92,101]","[[""FRIEND""],[""IX-3p-pl-arc"",""GROUP/TOGETHER"",""SCL:crvd-5\\group go together\\\""\"""",""FISHING"",""fs-FUN""]]",2,1,1,2,114,113,101,True
asllrp_other_ctc,train,CORY,Cory_2013-6-27_sc113,634818.mp4,https://dai.cs.rutgers.edu/ss3front/634818.mp4,0,"[""FRIEND"",""__OTHER__""]","[92,101]","[[""FRIEND""],[""IX-3p-pl-arc"",""(P)PARTY"",""(1h)GOOD/THANK-YOU""]]",2,1,1,4,71,68,101,True
asllrp_other_ctc,train,CORY,Cory_2013-6-27_sc113,634917.mp4,https://dai.cs.rutgers.edu/ss3front/634917.mp4,0,"[""FRIEND"",""__OTHER__""]","[92,101]","[[""FRIEND""],[""FINISH"",""DRIVE""]]",2,1,1,4,62,59,101,True
asllrp_other_ctc,train,CORY,Cory_2013-6-27_sc113,635016.mp4,https://dai.cs.rutgers.edu/ss3front/635016.mp4,0,"[""FRIEND"",""__OTHER__""]","[92,101]","[[""FRIEND""],[""IX-3p-pl-arc"",""(1h)TEND"",""TYPE"",""LAPTOP"",""INTERNET""]]",2,1,1,5,94,90,101,True
asllrp_other_ctc,train,CORY,Cory_2013-6-27_sc113,635115.mp4,https://dai.cs.rutgers.edu/ss3front/635115.mp4,0,"[""FRIEND"",""__OTHER__"",""HOME""]","[92,101,87]","[[""FRIEND""],[""IX-3p-pl-2:i/j"",""#VP"",""FROM""],[""HOME""]]",3,2,1,6,87,82,101,True
asllrp_other_ctc,train,CORY,Cory_2013-6-27_sc113,635214.mp4,https://dai.cs.rutgers.edu/ss3front/635214.mp4,0,"[""FRIEND"",""__OTHER__""]","[92,101]","[[""FRIEND""],[""GROUP/TOGETHER"",""PLAY"",""VIDEO-GAME""]]",2,1,1,2,67,66,101,True
asllrp_other_ctc,train,CORY,Cory_2013-6-27_sc113,635312.mp4,https://dai.cs.rutgers.edu/ss3front/635312.mp4,0,"[""__OTHER__"",""SCHOOL""]","[101,88]","[[""IX-1p"",""GO""],[""SCHOOL""]]",2,1,1,4,57,54,101,True
asllrp_other_ctc,train,CORY,Cory_2013-6-27_sc113,635313.mp4,https://dai.cs.rutgers.edu/ss3front/635313.mp4,0,"[""FRIEND"",""__OTHER__""]","[92,101]","[[""FRIEND""],[""GROUP/TOGETHER"",""GO-OUT"",""TRIP""]]",2,1,1,6,101,96,101,True
asllrp_other_ctc,train,CORY,Cory_2013-6-27_sc113,635411.mp4,https://dai.cs.rutgers.edu/ss3front/635411.mp4,0,"[""FRIEND"",""__OTHER__""]","[92,101]","[[""FRIEND""],[""PLAN"",""SURPRISE"",""THRILL/WHAT'S-UP""]]",2,1,1,7,94,88,101,True
asllrp_other_ctc,train,CORY,Cory_2013-6-27_sc113,635610.mp4,https://dai.cs.rutgers.edu/ss3front/635610.mp4,0,"[""FRIEND"",""__OTHER__""]","[92,101]","[[""FRIEND""],[""GO-OUT"",""FISHING""]]",2,1,1,8,65,58,101,True
asllrp_other_ctc,train,CORY,Cory_2013-6-27_sc113,63579.mp4,https://dai.cs.rutgers.edu/ss3front/63579.mp4,0,"[""__OTHER__"",""WORK""]","[101,51]","[[""IX-1p""],[""WORK""]]",2,1,1,3,39,37,101,True
asllrp_other_ctc,train,CORY,Cory_2013-6-27_sc113,63588.mp4,https://dai.cs.rutgers.edu/ss3front/63588.mp4,0,"[""FRIEND"",""__OTHER__""]","[92,101]","[[""FRIEND""],[""GROUP/TOGETHER"",""GO-OUT"",""(P)PARTY""]]",2,1,1,11,83,73,101,True
asllrp_other_ctc,train,CORY,Cory_2013-6-27_sc113,63597.mp4,https://dai.cs.rutgers.edu/ss3front/63597.mp4,0,"[""FRIEND"",""__OTHER__""]","[92,101]","[[""FRIEND""],[""IX-3p:j"",""DRIVE""]]",2,1,1,12,66,55,101,True
asllrp_other_ctc,train,CORY,Cory_2013-6-27_sc107,649.mp4,https://dai.cs.rutgers.edu/ss3front/649.mp4,0,"[""__OTHER__"",""READ"",""__OTHER__""]","[101,52,101]","[[""THAT"",""BOOK"",""IX-2p""],[""READ""],[""IX-loc:j"",""IX-1p"",""READ_2"",""IX-3p:j"",""LONG-AGO"",""IX-1p"",""YOUNG"",""IX-1p""]]",3,1,2,21,159,139,101,True
asllrp_other_ctc,train,CORY,Cory_2013-6-27_sc107,6612.mp4,https://dai.cs.rutgers.edu/ss3front/6612.mp4,0,"[""__OTHER__"",""NOW"",""__OTHER__""]","[101,78,101]","[[""(5)WOMAN"",""IX-3p:j"",""MARRY"",""PRINCE"",""ns-fs-CHARLES"",""IX-3p:j"",""SON"",""IX-3p:j""],[""NOW""],[""IX-3p:j"",""(5)WOMAN"",""FAMOUS"",""IX-3p:j""]]",3,1,2,11,223,213,101,True
asllrp_other_ctc,train,CORY,Cory_2013-6-27_sc108,67276671.mp4,https://dai.cs.rutgers.edu/ss3front/67276671.mp4,0,"[""__OTHER__"",""LIKE"",""__OTHER__"",""EAT"",""__OTHER__""]","[101,26,101,54,101]","[[""#IF"",""IX-3p:j"",""REALLY+WORK""],[""LIKE""],[""IX-3p:j""],[""EAT""],[""ICL:X-over-thumb\\eating\\\""\"""",""FUTURE"",""ALL-GONE"",""FUTURE"",""(1h)part:indef"",""IX-3p:j"",""NOT"",""(1h)part:indef"",""SOMETHING/ONE"",""WRONG"",""(1h)part:indef""]]",5,2,3,2,174,173,101,True
asllrp_other_ctc,train,CORY,Cory_2013-6-27_sc107,6916.mp4,https://dai.cs.rutgers.edu/ss3front/6916.mp4,0,"[""__OTHER__"",""NOW"",""__OTHER__""]","[101,78,101]","[[""WHICH"",""TEAM"",""IX-3p:j"",""WIN""],[""NOW""],[""(2h)IX-3p:j"",""FUTURE"",""NEXT"",""GAME"",""IX-3p:j""]]",3,1,2,52,177,126,101,True
asllrp_other_ctc,train,CORY,Cory_2013-6-27_sc107,7017.mp4,https://dai.cs.rutgers.edu/ss3front/7017.mp4,0,"[""__OTHER__"",""HOME""]","[101,87]","[[""#IF"",""RAIN"",""IX-1p"",""GO-OUT""],[""HOME""]]",2,1,1,29,111,83,101,True
asllrp_other_ctc,train,CORY,Cory_2013-6-27_sc107,7118.mp4,https://dai.cs.rutgers.edu/ss3front/7118.mp4,0,"[""__OTHER__"",""MAYBE"",""READ"",""__OTHER__""]","[101,22,52,101]","[[""#IF"",""IX-2p"",""(1h)HAVE"",""BOOK"",""IX-2p"",""IX-1p""],[""MAYBE""],[""READ""],[""IX-1p""]]",4,2,2,15,114,100,101,True
asllrp_other_ctc,train,CORY,Cory_2013-6-27_sc107,7119.mp4,https://dai.cs.rutgers.edu/ss3front/7119.mp4,0,"[""__OTHER__"",""LIKE"",""__OTHER__""]","[101,26,101]","[[""IX-2p""],[""LIKE""],[""CHOCOLATE"",""IX-2p"",""KISS-FIST"",""IX-3p:j"",""SHEET-CAKE"",""FUTURE"",""IX-2p""]]",3,1,2,5,115,111,101,True
asllrp_other_ctc,train,CORY,Cory_2013-6-27_sc107,7523.mp4,https://dai.cs.rutgers.edu/ss3front/7523.mp4,0,"[""__OTHER__"",""TOMORROW"",""__OTHER__"",""SCHOOL"",""__OTHER__""]","[101,79,101,88,101]","[[""#IF""],[""TOMORROW""],[""CLOSE-DOOR""],[""SCHOOL""],[""CLOSE-DOOR"",""KID"",""GUARANTEE"",""PLAY-continuative"",""SNOW""]]",5,2,3,13,164,152,101,True
asllrp_other_ctc,train,CORY,Cory_2013-6-27_sc107,7624.mp4,https://dai.cs.rutgers.edu/ss3front/7624.mp4,0,"[""__OTHER__"",""HAVE"",""TIME"",""__OTHER__""]","[101,32,83,101]","[[""#IF"",""IX-3p:j""],[""HAVE""],[""TIME""],[""IX-3p:j"",""FUTURE"",""COOK/KITCHEN"",""COOKIE""]]",4,2,2,14,126,113,101,True
asllrp_other_ctc,train,CORY,Cory_2013-6-25_sc0106,76719526.mp4,https://dai.cs.rutgers.edu/ss3front/76719526.mp4,0,"[""__OTHER__"",""FAMILY"",""__OTHER__""]","[101,91,101]","[[""IX-3p:j"",""COMMUTE"",""NOT"",""WORTH"",""BETTER"",""#OFF""],[""FAMILY""],[""MOVE""]]",3,1,2,21,158,138,101,True
asllrp_other_ctc,train,CORY,Cory_2013-6-27_sc107,7726.mp4,https://dai.cs.rutgers.edu/ss3front/7726.mp4,0,"[""__OTHER__"",""EAT"",""__OTHER__""]","[101,54,101]","[[""IF"",""IX-3p:j"",""ALLERGY"",""NUT"",""5\\wave no\\\""\"""",""CANNOT""],[""EAT""],[""SHEET-CAKE"",""IX-3p:j""]]",3,1,2,14,148,135,101,True
asllrp_other_ctc,train,CORY,Cory_2013-6-27_sc107,7827.mp4,https://dai.cs.rutgers.edu/ss3front/7827.mp4,0,"[""__OTHER__"",""WORK"",""__OTHER__""]","[101,51,101]","[[""IX-2p"",""WANT_2"",""IX-1p"",""CAN""],[""WORK""],[""WITH""]]",3,1,2,13,87,75,101,True
asllrp_other_ctc,train,CORY,Cory_2013-6-27_sc107,7929.mp4,https://dai.cs.rutgers.edu/ss3front/7929.mp4,0,"[""WHEN"",""__OTHER__""]","[11,101]","[[""WHEN""],[""RAIN"",""IX-1p"",""MUST"",""LEAVE""]]",2,1,1,9,86,78,101,True
asllrp_other_ctc,train,CORY,Cory_2013-6-27_sc114,79791123.mp4,https://dai.cs.rutgers.edu/ss3front/79791123.mp4,0,"[""FRIEND"",""__OTHER__""]","[92,101]","[[""FRIEND""],[""PROCEED"",""TAKE-UP"",""PIZZA_4"",""EAT+NIGHT"",""(25)WHY"",""KISS-FIST"",""(5)CRAZY"",""PIZZA_4""]]",2,1,1,5,190,186,101,True
asllrp_other_ctc,train,CORY,Cory_2013-6-27_sc114,79792122.mp4,https://dai.cs.rutgers.edu/ss3front/79792122.mp4,0,"[""__OTHER__"",""FRIEND"",""__OTHER__""]","[101,92,101]","[[""POSS-1p""],[""FRIEND""],[""RECENT-PAST"",""(5)CRASH"",""(P)PARTY"",""(25)WHY"",""RECENT-PAST"",""FINALLY_2"",""FINISH"",""TEST"",""LAST"",""TEST""]]",3,1,2,7,195,189,101,True
asllrp_other_ctc,train,CORY,Cory_2013-6-27_sc114,79793120.mp4,https://dai.cs.rutgers.edu/ss3front/79793120.mp4,0,"[""__OTHER__"",""FRIEND"",""__OTHER__""]","[101,92,101]","[[""POSS-1p""],[""FRIEND""],[""INTERCOURSE+fs-UP"",""PAST+NIGHT"",""(25)WHY"",""(2h)(Y)DRINK"",""A-LOT""]]",3,1,2,6,140,135,101,True
asllrp_other_ctc,train,CORY,Cory_2013-6-27_sc114,79793121.mp4,https://dai.cs.rutgers.edu/ss3front/79793121.mp4,0,"[""__OTHER__"",""FRIEND"",""__OTHER__""]","[101,92,101]","[[""POSS-1p""],[""FRIEND""],[""LIE-DOWN"",""DRUNK"",""(25)WHY"",""IX-3p:j"",""(2h)(Y)DRINK"",""POSS-3p:j"",""BIRTHDAY_3"",""part:indef""]]",3,1,2,11,163,153,101,True
asllrp_other_ctc,train,CORY,Cory_2013-6-27_sc114,79794119.mp4,https://dai.cs.rutgers.edu/ss3front/79794119.mp4,0,"[""__OTHER__"",""WHY"",""__OTHER__"",""WORK"",""__OTHER__""]","[101,13,101,51,101]","[[""ns-#SD"",""IX-loc:j"",""IX-1p"",""MOVE-AWAY""],[""WHY""],[""NEW""],[""WORK""],[""SUGGEST-1p""]]",5,2,3,6,125,120,101,True
asllrp_other_ctc,train,CORY,Cory_2013-6-27_sc114,79795117.mp4,https://dai.cs.rutgers.edu/ss3front/79795117.mp4,0,"[""__OTHER__"",""HOW"",""__OTHER__""]","[101,14,101]","[[""HUSBAND"",""WIFE"",""DANCE"",""POSS-3p:j"",""WEDDING""],[""HOW""],[""IX-3p:j"",""(2h)PICK/CHOOSE"",""POSS-3p:j"",""MUSIC""]]",3,1,2,7,167,161,101,True
asllrp_other_ctc,train,CORY,Cory_2013-6-27_sc114,79795118.mp4,https://dai.cs.rutgers.edu/ss3front/79795118.mp4,0,"[""__OTHER__"",""WHY"",""__OTHER__""]","[101,13,101]","[[""IX-1p"",""ENJOY"",""CHAT"",""WITH"",""IX-pl-2:i/j""],[""WHY""],[""DISCUSS-INTENSELY"",""#ASL""]]",3,1,2,10,132,123,101,True
asllrp_other_ctc,train,CORY,Cory_2013-6-27_sc114,79796116.mp4,https://dai.cs.rutgers.edu/ss3front/79796116.mp4,0,"[""__OTHER__"",""WHY"",""__OTHER__""]","[101,13,101]","[[""POSS-1p"",""SISTER"",""WANT_2"",""HEADBAND"",""FOR"",""POSS-3p:j"",""BIRTHDAY_3""],[""WHY""],[""HAIR"",""DCL:5\\long hair\\\""\"""",""HEADBAND""]]",3,1,2,11,198,188,101,True
asllrp_other_ctc,train,CORY,Cory_2013-6-27_sc114,79797114.mp4,https://dai.cs.rutgers.edu/ss3front/79797114.mp4,0,"[""FRIEND"",""__OTHER__"",""FRIEND"",""__OTHER__""]","[92,101,92,101]","[[""FRIEND""],[""IX-loc:j"",""WANT_2"",""BUY"",""PLAID"",""(2h)SHIRT"",""(25)WHY"",""OTHER""],[""FRIEND""],[""INVITE/HIRE"",""FOR"",""DRESS/CLOTHES"",""(P)PARTY""]]",4,2,2,3,218,216,101,True
asllrp_other_ctc,train,CORY,Cory_2013-6-27_sc114,79797115.mp4,https://dai.cs.rutgers.edu/ss3front/79797115.mp4,0,"[""__OTHER__"",""WHY"",""__OTHER__"",""HOT""]","[101,13,101,67]","[[""IX-1p"",""MUST"",""BUY"",""SHORTS""],[""WHY""],[""GO-OUT"",""(Y)WOW""],[""HOT""]]",4,2,2,14,143,130,101,True
asllrp_other_ctc,train,CORY,Cory_2013-6-27_sc114,79801108.mp4,https://dai.cs.rutgers.edu/ss3front/79801108.mp4,0,"[""__OTHER__"",""WORK"",""__OTHER__"",""WHY"",""__OTHER__""]","[101,51,101,13,101]","[[""IX-1p"",""COMMUTE""],[""WORK""],[""BICYCLE""],[""WHY""],[""IX-1p"",""CANNOT"",""BILL/OWE"",""CAR"",""part:indef""]]",5,2,3,8,158,151,101,True
asllrp_other_ctc,train,CORY,Cory_2013-6-27_sc114,79802107.mp4,https://dai.cs.rutgers.edu/ss3front/79802107.mp4,0,"[""__OTHER__"",""WHY"",""__OTHER__"",""WHERE"",""__OTHER__""]","[101,13,101,10,101]","[[""ASK"",""DIRECT/EXPLAIN""],[""WHY""],[""KNOW+(1h)NEG""],[""WHERE""],[""part:indef""]]",5,2,3,5,111,107,101,True
asllrp_other_ctc,train,CORY,Cory_2013-6-27_sc114,79803105.mp4,https://dai.cs.rutgers.edu/ss3front/79803105.mp4,0,"[""FRIEND"",""__OTHER__"",""WHY"",""__OTHER__""]","[92,101,13,101]","[[""FRIEND""],[""GROUP/TOGETHER"",""DCL:crvd-5\\group go together\\\""\"""",""MOVIE_2"",""ACT""],[""WHY""],[""fs-HP"",""SEVENTH"",""(nd-1)MOVIE"",""RECENT-PAST"",""SPREAD""]]",4,2,2,13,192,180,101,True
asllrp_other_ctc,train,CORY,Cory_2013-6-27_sc114,79803106.mp4,https://dai.cs.rutgers.edu/ss3front/79803106.mp4,0,"[""__OTHER__"",""FRIEND""]","[101,92]","[[""IX-1p"",""INTRODUCE"",""NEW""],[""FRIEND""]]",2,1,1,3,61,59,101,True
asllrp_other_ctc,train,CORY,Cory_2013-6-27_sc114,79804104.mp4,https://dai.cs.rutgers.edu/ss3front/79804104.mp4,0,"[""__OTHER__"",""WHY"",""__OTHER__""]","[101,13,101]","[[""DRESS/CLOTHES"",""IX-loc:j"",""#SALE""],[""WHY""],[""LONG-AGO"",""EXPENSIVE_2""]]",3,1,2,4,108,105,101,True
asllrp_other_ctc,train,CORY,Cory_2013-6-27_sc114,79805103.mp4,https://dai.cs.rutgers.edu/ss3front/79805103.mp4,0,"[""__OTHER__"",""WHY"",""__OTHER__""]","[101,13,101]","[[""HORSE"",""IX-loc:j"",""DCL:U/H\\horse galloping\\\""\"""",""FARM""],[""WHY""],[""IX-3p:j"",""OLD"",""COMPETITION"",""CANNOT""]]",3,1,2,13,150,138,101,True
asllrp_other_ctc,train,CORY,Cory_2013-6-27_sc114,79806101.mp4,https://dai.cs.rutgers.edu/ss3front/79806101.mp4,0,"[""__OTHER__"",""HAVE"",""__OTHER__"",""WHY"",""__OTHER__""]","[101,32,101,13,101]","[[""ns-fs-BOB"",""IX-loc:j""],[""HAVE""],[""WIDE"",""DOG""],[""WHY""],[""IX-3p:j"",""LOVE"",""WRESTLE"",""DCL:5\\roughhouse\\\""\""""]]",5,2,3,9,163,155,101,True
asllrp_other_ctc,train,CORY,Cory_2013-6-27_sc114,79807100.mp4,https://dai.cs.rutgers.edu/ss3front/79807100.mp4,0,"[""__OTHER__"",""FAMILY"",""__OTHER__"",""WHERE"",""__OTHER__"",""WHY"",""__OTHER__""]","[101,91,101,10,101,13,101]","[[""POSS-1p""],[""FAMILY""],[""VACATION"",""GROUP/TOGETHER"",""EVERY-YEAR""],[""WHERE""],[""IX-3p:j"",""ns-#FLA""],[""WHY""],[""EACH+ONE"",""KISS-FIST"",""SUNSHINE""]]",7,3,4,6,210,205,101,True
asllrp_other_ctc,train,CORY,Cory_2013-6-27_sc114,7980799.mp4,https://dai.cs.rutgers.edu/ss3front/7980799.mp4,0,"[""BAD"",""__OTHER__"",""WHY"",""__OTHER__""]","[59,101,13,101]","[[""BAD""],[""(5)WEATHER"",""DCL:crvd-5\\clouds moving in\\\""\"""",""ns-BOSTON""],[""WHY""],[""FEW/CLOSE"",""IX-3p:j"",""fs-OCEAN"",""IX-honorific:i""]]",4,2,2,14,187,174,101,True
asllrp_other_ctc,train,CORY,Cory_2013-6-27_sc114,7980997.mp4,https://dai.cs.rutgers.edu/ss3front/7980997.mp4,0,"[""__OTHER__"",""WHY"",""__OTHER__""]","[101,13,101]","[[""AUNT"",""IX-loc:j"",""SKILL"",""MAKE"",""BLUE+BERRY"",""PIE""],[""WHY""],[""IX-3p:j"",""GROW-UP"",""MAKE""]]",3,1,2,13,219,207,101,True
asllrp_other_ctc,train,CORY,Cory_2013-6-27_sc114,7981095.mp4,https://dai.cs.rutgers.edu/ss3front/7981095.mp4,0,"[""__OTHER__"",""WHY"",""__OTHER__"",""FRIEND""]","[101,13,101,92]","[[""MOTHER"",""SICK""],[""WHY""],[""RECENT-PAST"",""FINISH"",""KEEP"",""SICK""],[""FRIEND""]]",4,2,2,7,139,133,101,True
asllrp_other_ctc,train,CORY,Cory_2013-6-27_sc114,7981194.mp4,https://dai.cs.rutgers.edu/ss3front/7981194.mp4,0,"[""__OTHER__"",""WHY"",""__OTHER__""]","[101,13,101]","[[""TEACH+AGENT"",""IX-loc:j"",""MUST"",""NICE/CLEAN"",""CLASS_2+BOX/ROOM"",""EVERYDAY""],[""WHY""],[""STUDENT"",""GO"",""CLASS_2"",""IX-3p-pl-arc"",""NICE/CLEAN""]]",3,1,2,10,212,203,101,True
asllrp_other_ctc,train,CORY,Cory_2013-6-27_sc114,7981292.mp4,https://dai.cs.rutgers.edu/ss3front/7981292.mp4,0,"[""__OTHER__"",""WHY"",""__OTHER__"",""NOW""]","[101,13,101,78]","[[""ns-fs-BOB"",""IX-loc:j"",""(2h)GIVE:j"",""(R)FLOWER"",""POSS-3p:j"",""WIFE""],[""WHY""],[""POSS-3p:j"",""(X-over-thumb)CELEBRATE""],[""NOW""]]",4,2,2,8,167,160,101,True
asllrp_other_ctc,train,CORY,Cory_2013-6-27_sc114,7981293.mp4,https://dai.cs.rutgers.edu/ss3front/7981293.mp4,0,"[""__OTHER__"",""READ"",""__OTHER__"",""WHY"",""__OTHER__""]","[101,52,101,13,101]","[[""ns-fs-BOB"",""IX-loc:j"",""KISS-FIST""],[""READ""],[""BOOK""],[""WHY""],[""CAN"",""VISUALIZE""]]",5,2,3,6,152,147,101,True
asllrp_other_ctc,train,CORY,Cory_2013-6-27_sc114,7981391.mp4,https://dai.cs.rutgers.edu/ss3front/7981391.mp4,0,"[""__OTHER__"",""LEARN"",""__OTHER__"",""WHY"",""__OTHER__""]","[101,50,101,13,101]","[[""STUDENT"",""IX-loc-pl-arc"",""MUST""],[""LEARN""],[""HEAR/LISTEN"",""TEACH+AGENT""],[""WHY""],[""IX-3p:j"",""MANAGE/CONTROL""]]",5,2,3,16,152,137,101,True
asllrp_other_ctc,train,CORY,Cory_2013-6-27_sc114,7981490.mp4,https://dai.cs.rutgers.edu/ss3front/7981490.mp4,0,"[""__OTHER__"",""WHY"",""__OTHER__""]","[101,13,101]","[[""ns-fs-BOB"",""WRITE"",""RECORD"",""SEND/MAIL"",""LOVE"",""LETTER/MAIL"",""POSS-3p:j"",""WIFE""],[""WHY""],[""POSS-3p:j"",""(X-over-thumb)CELEBRATE"",""SOON""]]",3,1,2,7,200,194,101,True
asllrp_other_ctc,train,CORY,Cory_2013-6-27_sc114,7981589.mp4,https://dai.cs.rutgers.edu/ss3front/7981589.mp4,0,"[""FRIEND"",""__OTHER__""]","[92,101]","[[""FRIEND""],[""PROCEED"",""(5)CRASH"",""(P)PARTY""]]",2,1,1,8,79,72,101,True
asllrp_other_ctc,train,CORY,Cory_2013-6-27_sc114,7981786.mp4,https://dai.cs.rutgers.edu/ss3front/7981786.mp4,0,"[""__OTHER__"",""FRIEND"",""THINK"",""__OTHER__""]","[101,92,30,101]","[[""POSS-2p""],[""FRIEND""],[""THINK""],[""INTERCOURSE+fs-UP""]]",4,2,2,8,63,56,101,True
asllrp_other_ctc,train,CORY,Cory_2013-6-27_sc114,7981983.mp4,https://dai.cs.rutgers.edu/ss3front/7981983.mp4,0,"[""__OTHER__"",""LIKE"",""__OTHER__""]","[101,26,101]","[[""HUSBAND"",""WIFE""],[""LIKE""],[""WEDDING""]]",3,1,2,21,103,83,101,True
asllrp_other_ctc,train,CORY,Cory_2013-6-27_sc114,7982574.mp4,https://dai.cs.rutgers.edu/ss3front/7982574.mp4,0,"[""__OTHER__"",""WORK"",""__OTHER__""]","[101,51,101]","[[""IX-2p"",""(1h)TEND"",""COMMUTE""],[""WORK""],[""BICYCLE""]]",3,1,2,12,106,95,101,True
asllrp_other_ctc,train,CORY,Cory_2013-6-27_sc114,7982575.mp4,https://dai.cs.rutgers.edu/ss3front/7982575.mp4,0,"[""LIKE"",""__OTHER__""]","[26,101]","[[""LIKE""],[""BOMB"",""IX-2p""]]",2,1,1,14,77,64,101,True
asllrp_other_ctc,train,CORY,Cory_2013-6-27_sc114,7982673.mp4,https://dai.cs.rutgers.edu/ss3front/7982673.mp4,0,"[""__OTHER__"",""WHERE"",""__OTHER__""]","[101,10,101]","[[""IX-2p"",""KNOW""],[""WHERE""],[""(1h)GO"",""IX-2p""]]",3,1,2,19,74,56,101,True
asllrp_other_ctc,train,CORY,Cory_2013-6-27_sc114,7982771.mp4,https://dai.cs.rutgers.edu/ss3front/7982771.mp4,0,"[""FRIEND"",""__OTHER__""]","[92,101]","[[""FRIEND""],[""GROUP/TOGETHER"",""DCL:crvd-5\\group go together\\\""\"""",""FINISH"",""ARRIVE"",""MOVIE_2"",""ACT""]]",2,1,1,10,117,108,101,True
asllrp_other_ctc,train,CORY,Cory_2013-6-27_sc114,7982772.mp4,https://dai.cs.rutgers.edu/ss3front/7982772.mp4,0,"[""__OTHER__"",""FRIEND"",""__OTHER__""]","[101,92,101]","[[""IX-2p"",""FINISH"",""MEET"",""POSS-1p"",""NEW""],[""FRIEND""],[""IX-3p:j""]]",3,1,2,6,97,92,101,True
asllrp_other_ctc,train,CORY,Cory_2013-6-27_sc114,7983165.mp4,https://dai.cs.rutgers.edu/ss3front/7983165.mp4,0,"[""BAD"",""__OTHER__""]","[59,101]","[[""BAD""],[""(5)WEATHER"",""DCL:C\\clouds moving in\\\""\"""",""ns-BOSTON""]]",2,1,1,11,99,89,101,True
asllrp_other_ctc,train,CORY,Cory_2013-6-27_sc114,7983166.mp4,https://dai.cs.rutgers.edu/ss3front/7983166.mp4,0,"[""__OTHER__"",""FAMILY"",""__OTHER__""]","[101,91,101]","[[""POSS-2p""],[""FAMILY""],[""(1h)TEND"",""EVERY-YEAR"",""VACATION""]]",3,1,2,11,115,105,101,True
asllrp_other_ctc,train,CORY,Cory_2013-6-27_sc114,7983559.mp4,https://dai.cs.rutgers.edu/ss3front/7983559.mp4,0,"[""__OTHER__"",""READ"",""__OTHER__""]","[101,52,101]","[[""ns-fs-BOB"",""IX-loc:j"",""KISS-FIST""],[""READ""],[""BOOK""]]",3,1,2,2,80,79,101,True
asllrp_other_ctc,train,CORY,Cory_2013-6-27_sc114,7983855.mp4,https://dai.cs.rutgers.edu/ss3front/7983855.mp4,0,"[""FRIEND"",""__OTHER__""]","[92,101]","[[""FRIEND""],[""IX-3p:j"",""TAKE-UP"",""PIZZA_4"",""EAT+NIGHT""]]",2,1,1,3,92,90,101,True
asllrp_other_ctc,train,CORY,Cory_2013-6-27_sc114,7983954.mp4,https://dai.cs.rutgers.edu/ss3front/7983954.mp4,0,"[""FRIEND"",""__OTHER__""]","[92,101]","[[""FRIEND""],[""IX-loc:j"",""(5)CRASH"",""(P)PARTY""]]",2,1,1,11,74,64,101,True
asllrp_other_ctc,train,CORY,Cory_2013-6-27_sc114,7984052.mp4,https://dai.cs.rutgers.edu/ss3front/7984052.mp4,0,"[""__OTHER__"",""FRIEND"",""__OTHER__""]","[101,92,101]","[[""POSS-2p""],[""FRIEND""],[""IX-3p:j"",""INTERCOURSE+fs-UP"",""IX-3p:j"",""FACE"",""(1h)WOW/AWFUL"",""IX-3p:j""]]",3,1,2,4,98,95,101,True
asllrp_other_ctc,train,CORY,Cory_2013-6-27_sc114,7984546.mp4,https://dai.cs.rutgers.edu/ss3front/7984546.mp4,0,"[""FRIEND"",""__OTHER__""]","[92,101]","[[""FRIEND""],[""IX-loc:j"",""WANT_2"",""BUY"",""PLAID"",""(2h)SHIRT""]]",2,1,1,12,112,101,101,True
asllrp_other_ctc,train,CORY,Cory_2013-6-27_sc114,7984644.mp4,https://dai.cs.rutgers.edu/ss3front/7984644.mp4,0,"[""__OTHER__"",""FRIEND"",""__OTHER__""]","[101,92,101]","[[""IX-1p"",""INVITE/HIRE""],[""FRIEND""],[""#BBQ"",""(P)PARTY"",""GROUP/TOGETHER""]]",3,1,2,7,123,117,101,True
asllrp_other_ctc,train,CORY,Cory_2013-6-27_sc114,7984742.mp4,https://dai.cs.rutgers.edu/ss3front/7984742.mp4,0,"[""FRIEND"",""__OTHER__""]","[92,101]","[[""FRIEND""],[""GROUP/TOGETHER"",""DCL:crvd-5\\group go together\\\""\"""",""fs-BEACH"",""DCL:U/H\\group laying down to tan\\\""\"""",""TAN""]]",2,1,1,7,148,142,101,True
asllrp_other_ctc,train,CORY,Cory_2013-6-27_sc114,7984743.mp4,https://dai.cs.rutgers.edu/ss3front/7984743.mp4,0,"[""FRIEND"",""__OTHER__""]","[92,101]","[[""FRIEND""],[""PLAY"",""FRISBEE""]]",2,1,1,5,70,66,101,True
asllrp_other_ctc,train,CORY,Cory_2013-6-27_sc114,7984841.mp4,https://dai.cs.rutgers.edu/ss3front/7984841.mp4,0,"[""__OTHER__"",""LIKE"",""__OTHER__""]","[101,26,101]","[[""IX-1p""],[""LIKE""],[""STAR+BOMB""]]",3,1,2,10,69,60,101,True
asllrp_other_ctc,train,CORY,Cory_2013-6-27_sc114,7984940.mp4,https://dai.cs.rutgers.edu/ss3front/7984940.mp4,0,"[""__OTHER__"",""WORK""]","[101,51]","[[""IX-1p"",""COMMUTE"",""BICYCLE""],[""WORK""]]",2,1,1,5,80,76,101,True
asllrp_other_ctc,train,CORY,Cory_2013-6-27_sc114,7985038.mp4,https://dai.cs.rutgers.edu/ss3front/7985038.mp4,0,"[""__OTHER__"",""FRIEND"",""__OTHER__""]","[101,92,101]","[[""INTRODUCE"",""NEW""],[""FRIEND""],[""IX-3p:j""]]",3,1,2,9,75,67,101,True
asllrp_other_ctc,train,CORY,Cory_2013-6-27_sc114,7985039.mp4,https://dai.cs.rutgers.edu/ss3front/7985039.mp4,0,"[""__OTHER__"",""WHERE"",""__OTHER__""]","[101,10,101]","[[""ASK"",""DIRECT/EXPLAIN"",""TRACE-PATH""],[""WHERE""],[""#GO"",""(1h)part:indef""]]",3,1,2,7,103,97,101,True
asllrp_other_ctc,train,CORY,Cory_2013-6-27_sc114,7985337.mp4,https://dai.cs.rutgers.edu/ss3front/7985337.mp4,0,"[""FRIEND"",""__OTHER__""]","[92,101]","[[""FRIEND""],[""GROUP/TOGETHER"",""DEPART"",""(nd-1)MOVIE"",""ACT""]]",2,1,1,4,107,104,101,True
asllrp_other_ctc,train,CORY,Cory_2013-6-27_sc114,7985533.mp4,https://dai.cs.rutgers.edu/ss3front/7985533.mp4,0,"[""__OTHER__"",""HAVE"",""__OTHER__""]","[101,32,101]","[[""ns-fs-BOB"",""IX-loc:j""],[""HAVE""],[""WIDE"",""DOG""]]",3,1,2,0,81,82,101,True
asllrp_other_ctc,train,CORY,Cory_2013-6-27_sc114,7985632.mp4,https://dai.cs.rutgers.edu/ss3front/7985632.mp4,0,"[""__OTHER__"",""FAMILY"",""__OTHER__""]","[101,91,101]","[[""(bent-1)POSS-1p""],[""FAMILY""],[""VACATION"",""EVERY-YEAR""]]",3,1,2,6,88,83,101,True
asllrp_other_ctc,train,CORY,Cory_2013-6-27_sc114,7985731.mp4,https://dai.cs.rutgers.edu/ss3front/7985731.mp4,0,"[""BAD"",""__OTHER__""]","[59,101]","[[""BAD""],[""(5)WEATHER"",""SOON"",""GO"",""ns-BOSTON""]]",2,1,1,8,97,90,101,True
asllrp_other_ctc,train,CORY,Cory_2013-6-27_sc114,7986225.mp4,https://dai.cs.rutgers.edu/ss3front/7986225.mp4,0,"[""__OTHER__"",""READ"",""__OTHER__""]","[101,52,101]","[[""ns-fs-BOB"",""IX-loc:j""],[""READ""],[""BOOK""]]",3,1,2,2,53,52,101,True
asllrp_other_ctc,train,CORY,Cory_2013-6-27_sc114,7986521.mp4,https://dai.cs.rutgers.edu/ss3front/7986521.mp4,0,"[""__OTHER__"",""WHERE"",""__OTHER__""]","[101,10,101]","[[""TREE"",""PUT""],[""WHERE""],[""GARAGE/SUBMARINE""]]",3,1,2,5,89,85,101,True
asllrp_other_ctc,train,CORY,Cory_2013-6-27_sc114,7986620.mp4,https://dai.cs.rutgers.edu/ss3front/7986620.mp4,0,"[""__OTHER__"",""WORK"",""__OTHER__"",""TIME"",""__OTHER__""]","[101,51,101,83,101]","[[""MOTHER""],[""WORK""],[""FINISH""],[""TIME""],[""TWO_2""]]",5,2,3,7,99,93,101,True
asllrp_other_ctc,train,CORY,Cory_2013-6-27_sc114,7986719.mp4,https://dai.cs.rutgers.edu/ss3front/7986719.mp4,0,"[""__OTHER__"",""TOMORROW""]","[101,79]","[[""IX-1p"",""FINISH"",""BUY"",""BOOK"",""NOT-YET"",""FUTURE"",""BUY""],[""TOMORROW""]]",2,1,1,10,123,114,101,True
asllrp_other_ctc,train,CORY,Cory_2013-6-27_sc114,7986817.mp4,https://dai.cs.rutgers.edu/ss3front/7986817.mp4,0,"[""__OTHER__"",""YES"",""__OTHER__""]","[101,20,101]","[[""MOVIE_2"",""(1h)GOOD/THANK-YOU""],[""YES""],[""WONDERFUL""]]",3,1,2,10,86,77,101,True
asllrp_other_ctc,train,CORY,Cory_2013-6-27_sc114,7987015.mp4,https://dai.cs.rutgers.edu/ss3front/7987015.mp4,0,"[""WATER"",""COLD""]","[56,68]","[[""WATER""],[""COLD""]]",2,2,0,5,43,39,101,True
asllrp_other_ctc,train,CORY,Cory_2013-6-27_sc114,798767.mp4,https://dai.cs.rutgers.edu/ss3front/798767.mp4,0,"[""__OTHER__"",""TOMORROW"",""__OTHER__"",""HOME""]","[101,79,101,87]","[[""RAIN""],[""TOMORROW""],[""IX-1p"",""(1h)STAY""],[""HOME""]]",4,2,2,8,84,77,101,True
asllrp_other_ctc,train,CORY,Cory_2013-6-27_sc114,798768.mp4,https://dai.cs.rutgers.edu/ss3front/798768.mp4,0,"[""__OTHER__"",""WORK"",""__OTHER__"",""HOME""]","[101,51,101,87]","[[""IX-1p"",""FINISH""],[""WORK""],[""IX-1p"",""DEPART:j""],[""HOME""]]",4,2,2,4,86,83,101,True
asllrp_other_ctc,train,CORY,Cory_2013-6-27_sc107,8030.mp4,https://dai.cs.rutgers.edu/ss3front/8030.mp4,0,"[""__OTHER__"",""READ"",""__OTHER__""]","[101,52,101]","[[""IX-2p"",""FINALLY_2"",""GET"",""BOOK"",""IX-2p""],[""READ""],[""CHAPTER"",""TWO"",""IX-2p""]]",3,1,2,15,122,108,101,True
asllrp_other_ctc,train,CORY,Cory_2013-6-25_sc0106,83470674.mp4,https://dai.cs.rutgers.edu/ss3front/83470674.mp4,0,"[""__OTHER__"",""HOME"",""__OTHER__""]","[101,87,101]","[[""QUOTE/TOPIC"",""IX-1p"",""NEVER"",""ALMOST"",""NEVER"",""GO""],[""HOME""],[""SPECIAL/EXCEPT"",""FOR"",""VACATION"",""#OR"",""LONG"",""WEEKEND"",""IX-1p"",""COMMUTE"",""BUT"",""MOST""]]",3,1,2,1,256,256,101,True
asllrp_other_ctc,train,CORY,Cory_2013-6-25_sc0106,83470674.mp4,https://dai.cs.rutgers.edu/ss3front/83470674.mp4,1,"[""TIME"",""__OTHER__""]","[83,101]","[[""TIME""],[""IX-1p"",""STAY"",""ns-ROCHESTER""]]",2,1,1,256,318,63,101,True
asllrp_other_ctc,train,CORY,Cory_2013-6-25_sc0106,83537939.mp4,https://dai.cs.rutgers.edu/ss3front/83537939.mp4,0,"[""__OTHER__"",""TIME"",""__OTHER__""]","[101,83,101]","[[""L\\so\\\""\"""",""IX-1p"",""(1h)(crvd-V)MOVE"",""DORM"",""SAME"",""(1h)part:indef"",""THAT""],[""TIME""],[""MOTHER+FATHER"",""FINALLY_2"",""(L)LIVE"",""PASS"",""SEVEN"",""YEAR"",""IX-loc:j"",""BUT"",""IX-1p"",""LEAVE""]]",3,1,2,0,250,251,101,True
asllrp_other_ctc,train,CORY,Cory_2013-6-25_sc0106,83664512.mp4,https://dai.cs.rutgers.edu/ss3front/83664512.mp4,0,"[""__OTHER__"",""WHERE"",""__OTHER__"",""WORK"",""__OTHER__""]","[101,10,101,51,101]","[[""(1h)part:indef"",""(1h)WOW/AWFUL"",""FINE"",""IX-3p:j"",""WANT"",""TRANSFER""],[""WHERE""],[""ns-ROCHESTER"",""(25)WHY""],[""WORK""],[""fs-AT"",""ns-#RIT"",""SAME""]]",5,2,3,0,215,216,101,True
asllrp_other_ctc,train,CORY,Cory_2013-6-25_sc0106,83719008.mp4,https://dai.cs.rutgers.edu/ss3front/83719008.mp4,0,"[""__OTHER__"",""FAMILY"",""__OTHER__""]","[101,91,101]","[[""#SO"",""IX-3p:j""],[""FAMILY""],[""REALLY+WORK"",""i:MOVE:j"",""IX-1p"",""(1h)part:indef"",""GRAB-CHANCE"",""MOVE"",""(L)LIVE"",""WITH"",""IX-3p:j"",""NEW"",""HOUSE"",""IN"",""ns-ROCHESTER""]]",3,1,2,0,225,226,101,True
asllrp_other_ctc,train,CORY,Cory_2013-6-27_sc112,839364104.mp4,https://dai.cs.rutgers.edu/ss3front/839364104.mp4,0,"[""__OTHER__"",""FAMILY"",""__OTHER__"",""FRIEND"",""__OTHER__""]","[101,91,101,92,101]","[[""#IF"",""IX-3p:j""],[""FAMILY""],[""IX-loc:j"",""NOT"",""TAKE-UP"",""IX-3p-pl-arc"",""DCL:crvd-B\\small puppies\\\""\"""",""DOG"",""part:indef"",""POSS-1p""],[""FRIEND""],[""FUTURE""]]",5,2,3,5,191,187,101,True
asllrp_other_ctc,train,CORY,Cory_2013-6-27_sc112,839365102.mp4,https://dai.cs.rutgers.edu/ss3front/839365102.mp4,0,"[""__OTHER__"",""FRIEND"",""__OTHER__"",""WHY"",""__OTHER__""]","[101,92,101,13,101]","[[""POSS-1p""],[""FRIEND""],[""IX-loc:j"",""MOST-SKILLED"",""MAKE"",""(2h)alt.FIRE"",""PUT-AWAY""],[""WHY""],[""LONG-AGO"",""IX-3p:j"",""BOY+SCOUT""]]",5,2,3,3,178,176,101,True
asllrp_other_ctc,train,CORY,Cory_2013-6-27_sc112,839366101.mp4,https://dai.cs.rutgers.edu/ss3front/839366101.mp4,0,"[""__OTHER__"",""FRIEND"",""__OTHER__""]","[101,92,101]","[[""(G/Q)POSS-1p""],[""FRIEND""],[""KISS-FIST"",""DEPART"",""(25)WHY"",""KISS-FIST"",""CAMP""]]",3,1,2,9,133,125,101,True
asllrp_other_ctc,train,CORY,Cory_2013-6-27_sc112,83936799.mp4,https://dai.cs.rutgers.edu/ss3front/83936799.mp4,0,"[""__OTHER__"",""FRIEND"",""__OTHER__"",""WHY"",""__OTHER__""]","[101,92,101,13,101]","[[""(G/Q)POSS-1p"",""FRESHMAN"",""YEAR"",""POSS-1p""],[""FRIEND""],[""(2h)LOOK""],[""WHY""],[""IX-1p"",""BALD_2"",""FOLLOW"",""ns-GALLAUDET"",""TRADITION""]]",5,2,3,4,210,207,101,True
asllrp_other_ctc,train,CORY,Cory_2013-6-27_sc112,83936898.mp4,https://dai.cs.rutgers.edu/ss3front/83936898.mp4,0,"[""__OTHER__"",""WHY"",""__OTHER__"",""HAVE"",""__OTHER__""]","[101,13,101,32,101]","[[""COMPARE"",""fs-LAKE"",""IX-1p"",""FAVORITE/PREFER"",""IX-3p:j"",""fs-BEACH""],[""WHY""],[""IX-3p:j""],[""HAVE""],[""OCEAN"",""IX-3p:j"",""fs-LAKE"",""NONE/NOTHING"",""part:indef""]]",5,2,3,5,260,256,101,True
asllrp_other_ctc,train,CORY,Cory_2013-6-27_sc112,83936997.mp4,https://dai.cs.rutgers.edu/ss3front/83936997.mp4,0,"[""__OTHER__"",""WHY"",""__OTHER__"",""LIKE"",""__OTHER__""]","[101,13,101,26,101]","[[""fs-PARK"",""IX-loc:j"",""(1h)TEND"",""CROWDED""],[""WHY""],[""KID""],[""LIKE""],[""PLAY-continuative"",""IX-loc:j""]]",5,2,3,6,148,143,101,True
asllrp_other_ctc,train,CORY,Cory_2013-6-27_sc112,83937095.mp4,https://dai.cs.rutgers.edu/ss3front/83937095.mp4,0,"[""FRIEND"",""__OTHER__"",""TOMORROW""]","[92,101,79]","[[""FRIEND""],[""GO-OUT"",""#WHEN""],[""TOMORROW""]]",3,2,1,6,92,87,101,True
asllrp_other_ctc,train,CORY,Cory_2013-6-27_sc112,83937096.mp4,https://dai.cs.rutgers.edu/ss3front/83937096.mp4,0,"[""__OTHER__"",""HOME"",""__OTHER__"",""NIGHT"",""WHY"",""__OTHER__"",""WORK""]","[101,87,101,82,13,101,51]","[[""FATHER"",""ARRIVE""],[""HOME""],[""fs-LATE""],[""NIGHT""],[""WHY""],[""IX-3p:j"",""RECENT-PAST"",""FINISH""],[""WORK""]]",7,4,3,6,162,157,101,True
asllrp_other_ctc,train,CORY,Cory_2013-6-27_sc112,83937194.mp4,https://dai.cs.rutgers.edu/ss3front/83937194.mp4,0,"[""FRIEND"",""__OTHER__"",""WHERE"",""__OTHER__""]","[92,101,10,101]","[[""FRIEND""],[""GO-OUT""],[""WHERE""],[""(P)PARTY""]]",4,2,2,1,77,77,101,True
asllrp_other_ctc,train,CORY,Cory_2013-6-27_sc112,83937293.mp4,https://dai.cs.rutgers.edu/ss3front/83937293.mp4,0,"[""FRIEND"",""__OTHER__"",""NOW"",""WHY"",""__OTHER__""]","[92,101,78,13,101]","[[""FRIEND""],[""GO-OUT""],[""NOW""],[""WHY""],[""IX-3p:j"",""BORE""]]",5,3,2,6,101,96,101,True
asllrp_other_ctc,train,CORY,Cory_2013-6-27_sc112,83937391.mp4,https://dai.cs.rutgers.edu/ss3front/83937391.mp4,0,"[""__OTHER__"",""FAMILY"",""__OTHER__"",""SMALL"",""__OTHER__""]","[101,91,101,70,101]","[[""#IF"",""POSS-1p""],[""FAMILY""],[""PROCEED"",""TAKE-UP"",""DCL:crvd-B\\small puppies\\\""\"""",""DOG"",""IX-1p"",""FUTURE"",""BUY"",""BEAUTIFUL"",""COLLAR"",""FOR"",""IX-3p-pl-arc""],[""SMALL""],[""#DOG""]]",5,2,3,13,262,250,101,True
asllrp_other_ctc,train,CORY,Cory_2013-6-27_sc112,83937392.mp4,https://dai.cs.rutgers.edu/ss3front/83937392.mp4,0,"[""__OTHER__"",""WHY"",""__OTHER__"",""EAT""]","[101,13,101,54]","[[""MOTHERwg"",""GO-OUT"",""BUY""],[""WHY""],[""MUST"",""BUY""],[""EAT""]]",4,2,2,9,144,136,101,True
asllrp_other_ctc,train,CORY,Cory_2013-6-27_sc112,83937588.mp4,https://dai.cs.rutgers.edu/ss3front/83937588.mp4,0,"[""__OTHER__"",""FRIEND"",""__OTHER__""]","[101,92,101]","[[""#IF""],[""FRIEND""],[""GROUP/TOGETHER"",""CAMP"",""IX-1p"",""JOIN""]]",3,1,2,1,110,110,101,True
asllrp_other_ctc,train,CORY,Cory_2013-6-27_sc112,83937987.mp4,https://dai.cs.rutgers.edu/ss3front/83937987.mp4,0,"[""__OTHER__"",""FRIEND"",""__OTHER__""]","[101,92,101]","[[""IX-1p"",""NICE/CLEAN"",""FINISH"",""(K)KITCHEN"",""FINISH"",""MOTHER"",""FUTURE"",""TAKE-OUT"",""IX-1p""],[""FRIEND""],[""HOUSE""]]",3,1,2,0,151,152,101,True
asllrp_other_ctc,train,CORY,Cory_2013-6-27_sc112,83938184.mp4,https://dai.cs.rutgers.edu/ss3front/83938184.mp4,0,"[""__OTHER__"",""NOW""]","[101,78]","[[""#IF"",""MOTHER"",""NICE/CLEAN"",""(K)KITCHEN"",""IX-1p-pl"",""CANNOT"",""COOK/KITCHEN"",""COOKIE""],[""NOW""]]",2,1,1,4,147,144,101,True
asllrp_other_ctc,train,CORY,Cory_2013-6-27_sc112,83938283.mp4,https://dai.cs.rutgers.edu/ss3front/83938283.mp4,0,"[""WHEN"",""FRIEND"",""__OTHER__"",""FRIEND"",""__OTHER__""]","[11,92,101,92,101]","[[""WHEN""],[""FRIEND""],[""IX-3p:j"",""PROCEED"",""START"",""DYE"",""DCL:5\\hair dyed all over\\\""\"""",""OTHER"",""IX-3p-pl-arc""],[""FRIEND""],[""FINE"",""JOIN""]]",5,3,2,11,212,202,101,True
asllrp_other_ctc,train,CORY,Cory_2013-6-27_sc112,83938578.mp4,https://dai.cs.rutgers.edu/ss3front/83938578.mp4,0,"[""__OTHER__"",""NIGHT"",""__OTHER__""]","[101,82,101]","[[""#IF"",""KID"",""PLAY-continuative"",""fs-PARK"",""IX-loc:j""],[""NIGHT""],[""FUTURE"",""EXHAUST""]]",3,1,2,7,142,136,101,True
asllrp_other_ctc,train,CORY,Cory_2013-6-27_sc112,83938677.mp4,https://dai.cs.rutgers.edu/ss3front/83938677.mp4,0,"[""__OTHER__"",""HOME"",""__OTHER__"",""NIGHT"",""__OTHER__""]","[101,87,101,82,101]","[[""#IF"",""IX-3p:j"",""FATHER"",""ARRIVE""],[""HOME""],[""fs-LATE""],[""NIGHT""],[""IX-3p:j"",""CANNOT"",""i:HELP-1p"",""WITH"",""POSS-1p-pl"",""HOME+WORK"",""part:indef""]]",5,2,3,5,196,192,101,True
asllrp_other_ctc,train,CORY,Cory_2013-6-27_sc112,83938775.mp4,https://dai.cs.rutgers.edu/ss3front/83938775.mp4,0,"[""__OTHER__"",""HOME"",""__OTHER__"",""NIGHT"",""__OTHER__"",""WHY"",""__OTHER__"",""SEE"",""__OTHER__""]","[101,87,101,82,101,13,101,43,101]","[[""#IF"",""FATHER"",""ARRIVE""],[""HOME""],[""fs-LATE""],[""NIGHT""],[""MOTHER"",""FUTURE"",""BAWL-OUT:j""],[""WHY""],[""IX-1p"",""GRAB-CHANCE""],[""SEE""],[""CHILDREN"",""IX-1p-pl-arc"",""BEFORE_2"",""BED"",""part:indef""]]",9,4,5,10,265,256,101,True
asllrp_other_ctc,train,CORY,Cory_2013-6-27_sc112,83938776.mp4,https://dai.cs.rutgers.edu/ss3front/83938776.mp4,0,"[""WHEN"",""__OTHER__"",""HOME"",""__OTHER__"",""NIGHT"",""__OTHER__""]","[11,101,87,101,82,101]","[[""WHEN""],[""FATHER"",""ARRIVE""],[""HOME""],[""fs-LATE""],[""NIGHT""],[""MOTHER"",""REFUSE"",""MAKE"",""EAT+NIGHT""]]",6,3,3,3,168,166,101,True
asllrp_other_ctc,train,CORY,Cory_2013-6-27_sc112,83938874.mp4,https://dai.cs.rutgers.edu/ss3front/83938874.mp4,0,"[""__OTHER__"",""HOME"",""__OTHER__"",""NIGHT"",""__OTHER__""]","[101,87,101,82,101]","[[""#IF"",""FATHER"",""ARRIVE""],[""HOME""],[""fs-LATE""],[""NIGHT""],[""(1h)TEND"",""ORDER"",""PIZZA_4"",""DISH""]]",5,2,3,0,156,157,101,True
asllrp_other_ctc,train,CORY,Cory_2013-6-27_sc112,83938973.mp4,https://dai.cs.rutgers.edu/ss3front/83938973.mp4,0,"[""WHEN"",""__OTHER__"",""HOME"",""__OTHER__"",""NIGHT"",""__OTHER__""]","[11,101,87,101,82,101]","[[""WHEN""],[""FATHER"",""ARRIVE""],[""HOME""],[""fs-LATE""],[""NIGHT""],[""MOTHER"",""UPSET"",""(2h)alt.MAD""]]",6,3,3,15,176,162,101,True
asllrp_other_ctc,train,CORY,Cory_2013-6-27_sc112,83939071.mp4,https://dai.cs.rutgers.edu/ss3front/83939071.mp4,0,"[""__OTHER__"",""HOME"",""__OTHER__"",""NIGHT"",""__OTHER__""]","[101,87,101,82,101]","[[""#IF"",""FATHER"",""ARRIVE""],[""HOME""],[""fs-LATE""],[""NIGHT""],[""IX-3p:j"",""KNOW+(1h)NEG"",""IX-1p-pl-arc"",""NOT"",""IX-loc:j""]]",5,2,3,6,169,164,101,True
asllrp_other_ctc,train,CORY,Cory_2013-6-27_sc112,83939072.mp4,https://dai.cs.rutgers.edu/ss3front/83939072.mp4,0,"[""__OTHER__"",""HOME"",""__OTHER__"",""NIGHT"",""__OTHER__"",""MORE"",""__OTHER__""]","[101,87,101,82,101,71,101]","[[""#IF"",""FATHER"",""IX-3p:j"",""ARRIVE""],[""HOME""],[""fs-LATE""],[""NIGHT""],[""NOT"",""CAN"",""i:HELP-1p""],[""MORE""],[""HOME+WORK""]]",7,3,4,3,168,166,101,True
asllrp_other_ctc,train,CORY,Cory_2013-6-27_sc112,83939170.mp4,https://dai.cs.rutgers.edu/ss3front/83939170.mp4,0,"[""__OTHER__"",""FRIEND"",""__OTHER__""]","[101,92,101]","[[""#WHEN""],[""FRIEND""],[""GO-OUT"",""IX-1p"",""GRAB-CHANCE"",""HOMEWORK""]]",3,1,2,10,110,101,101,True
asllrp_other_ctc,train,CORY,Cory_2013-6-27_sc112,83939268.mp4,https://dai.cs.rutgers.edu/ss3front/83939268.mp4,0,"[""FRIEND"",""__OTHER__""]","[92,101]","[[""FRIEND""],[""GROUP/TOGETHER"",""DEPART"",""IX-1p"",""JOIN""]]",2,1,1,9,89,81,101,True
asllrp_other_ctc,train,CORY,Cory_2013-6-27_sc112,83939269.mp4,https://dai.cs.rutgers.edu/ss3front/83939269.mp4,0,"[""__OTHER__"",""FRIEND"",""__OTHER__"",""HOME"",""__OTHER__""]","[101,92,101,87,101]","[[""#IF""],[""FRIEND""],[""IX-loc:j"",""GROUP/TOGETHER"",""DEPART"",""FUTURE"",""STAY""],[""HOME""],[""LOOK"",""#TV""]]",5,2,3,9,178,170,101,True
asllrp_other_ctc,train,CORY,Cory_2013-6-27_sc112,83939367.mp4,https://dai.cs.rutgers.edu/ss3front/83939367.mp4,0,"[""WHEN"",""__OTHER__""]","[11,101]","[[""WHEN""],[""MOTHER"",""SCL:bent-U-L\\person walking\\\""\"""",""SELL"",""IX-1p"",""5\\oh no!\\\""\"""",""INFORM"",""MUST"",""MILK""]]",2,1,1,15,136,122,101,True
asllrp_other_ctc,train,CORY,Cory_2013-6-27_sc112,83939662.mp4,https://dai.cs.rutgers.edu/ss3front/83939662.mp4,0,"[""FRIEND"",""__OTHER__"",""WHERE""]","[92,101,10]","[[""FRIEND""],[""DEPART"",""CAMP""],[""WHERE""]]",3,2,1,9,93,85,101,True
asllrp_other_ctc,train,CORY,Cory_2013-6-27_sc112,83939761.mp4,https://dai.cs.rutgers.edu/ss3front/83939761.mp4,0,"[""FRIEND"",""__OTHER__""]","[92,101]","[[""FRIEND""],[""DEPART"",""CAMP"",""#WHEN""]]",2,1,1,4,79,76,101,True
asllrp_other_ctc,train,CORY,Cory_2013-6-27_sc112,83940155.mp4,https://dai.cs.rutgers.edu/ss3front/83940155.mp4,0,"[""__OTHER__"",""WHERE""]","[101,10]","[[""CHILDREN"",""SWIM""],[""WHERE""]]",2,1,1,8,83,76,101,True
asllrp_other_ctc,train,CORY,Cory_2013-6-27_sc112,83940156.mp4,https://dai.cs.rutgers.edu/ss3front/83940156.mp4,0,"[""FRIEND"",""__OTHER__"",""WHY""]","[92,101,13]","[[""FRIEND""],[""DYE"",""HAIR"",""DCL:5\\hair dyed all over\\\""\"""",""TOGETHER/GO-STEADY_2""],[""WHY""]]",3,2,1,7,130,124,101,True
asllrp_other_ctc,train,CORY,Cory_2013-6-27_sc112,83940451.mp4,https://dai.cs.rutgers.edu/ss3front/83940451.mp4,0,"[""__OTHER__"",""HOME"",""WHEN""]","[101,87,11]","[[""FATHER"",""ARRIVE""],[""HOME""],[""WHEN""]]",3,2,1,13,85,73,101,True
asllrp_other_ctc,train,CORY,Cory_2013-6-27_sc112,83940452.mp4,https://dai.cs.rutgers.edu/ss3front/83940452.mp4,0,"[""__OTHER__"",""WHERE""]","[101,10]","[[""KID"",""PLAY-continuative""],[""WHERE""]]",2,1,1,11,76,66,101,True
asllrp_other_ctc,train,CORY,Cory_2013-6-27_sc112,83940550.mp4,https://dai.cs.rutgers.edu/ss3front/83940550.mp4,0,"[""__OTHER__"",""HOME"",""WHEN""]","[101,87,11]","[[""FATHER"",""ARRIVE""],[""HOME""],[""WHEN""]]",3,2,1,8,75,68,101,True
asllrp_other_ctc,train,CORY,Cory_2013-6-27_sc112,83940649.mp4,https://dai.cs.rutgers.edu/ss3front/83940649.mp4,0,"[""__OTHER__"",""HOME"",""WHEN""]","[101,87,11]","[[""FATHER"",""ARRIVE""],[""HOME""],[""WHEN""]]",3,2,1,8,87,80,101,True
asllrp_other_ctc,train,CORY,Cory_2013-6-27_sc112,83940747.mp4,https://dai.cs.rutgers.edu/ss3front/83940747.mp4,0,"[""__OTHER__"",""HOME"",""__OTHER__"",""NIGHT"",""__OTHER__""]","[101,87,101,82,101]","[[""ARRIVE""],[""HOME""],[""fs-LATE""],[""NIGHT""],[""WHO""]]",5,2,3,14,112,99,101,True
asllrp_other_ctc,train,CORY,Cory_2013-6-27_sc112,83940748.mp4,https://dai.cs.rutgers.edu/ss3front/83940748.mp4,0,"[""__OTHER__"",""HOME"",""__OTHER__"",""NIGHT"",""__OTHER__""]","[101,87,101,82,101]","[[""ARRIVE""],[""HOME""],[""fs-LATE""],[""NIGHT""],[""WHO""]]",5,2,3,4,103,100,101,True
asllrp_other_ctc,train,CORY,Cory_2013-6-27_sc112,83940944.mp4,https://dai.cs.rutgers.edu/ss3front/83940944.mp4,0,"[""FRIEND"",""__OTHER__""]","[92,101]","[[""FRIEND""],[""IX-loc:j"",""DO-DO"",""IX-3p:j""]]",2,1,1,9,64,56,101,True
asllrp_other_ctc,train,CORY,Cory_2013-6-27_sc112,83941043.mp4,https://dai.cs.rutgers.edu/ss3front/83941043.mp4,0,"[""FRIEND"",""__OTHER__""]","[92,101]","[[""FRIEND""],[""IX-3p:j"",""DO-DO"",""part:indef""]]",2,1,1,7,69,63,101,True
asllrp_other_ctc,train,CORY,Cory_2013-6-27_sc112,83941240.mp4,https://dai.cs.rutgers.edu/ss3front/83941240.mp4,0,"[""__OTHER__"",""WHERE""]","[101,10]","[[""MOTHER"",""SCL:bent-U-L\\person walking\\\""\""""],[""WHERE""]]",2,1,1,7,80,74,101,True
asllrp_other_ctc,train,CORY,Cory_2013-6-27_sc112,83941339.mp4,https://dai.cs.rutgers.edu/ss3front/83941339.mp4,0,"[""__OTHER__"",""WHERE""]","[101,10]","[[""MOTHER"",""SCL:bent-U-L\\person walking\\\""\""""],[""WHERE""]]",2,1,1,11,78,68,101,True
asllrp_other_ctc,train,CORY,Cory_2013-6-27_sc112,83941438.mp4,https://dai.cs.rutgers.edu/ss3front/83941438.mp4,0,"[""__OTHER__"",""WHERE""]","[101,10]","[[""MOTHER"",""SCL:bent-U-L\\person walking\\\""\""""],[""WHERE""]]",2,1,1,10,77,68,101,True
asllrp_other_ctc,train,CORY,Cory_2013-6-27_sc112,83941536.mp4,https://dai.cs.rutgers.edu/ss3front/83941536.mp4,0,"[""__OTHER__"",""SMALL"",""__OTHER__"",""FAMILY"",""__OTHER__""]","[101,70,101,91,101]","[[""DCL:crvd-B\\small puppies\\\""\"""",""DOG""],[""SMALL""],[""IX-loc:j""],[""FAMILY""],[""IX-loc:j"",""TAKE-UP""]]",5,2,3,9,106,98,101,True
asllrp_other_ctc,train,CORY,Cory_2013-6-27_sc112,83941537.mp4,https://dai.cs.rutgers.edu/ss3front/83941537.mp4,0,"[""__OTHER__"",""WHERE""]","[101,10]","[[""MOTHER"",""SCL:bent-U-L\\person walking\\\""\""""],[""WHERE""]]",2,1,1,5,85,81,101,True
asllrp_other_ctc,train,CORY,Cory_2013-6-27_sc112,83941734.mp4,https://dai.cs.rutgers.edu/ss3front/83941734.mp4,0,"[""FRIEND"",""__OTHER__""]","[92,101]","[[""FRIEND""],[""IX-loc:j"",""DEPART"",""CAMP""]]",2,1,1,22,98,77,101,True
asllrp_other_ctc,train,CORY,Cory_2013-6-27_sc112,83941832.mp4,https://dai.cs.rutgers.edu/ss3front/83941832.mp4,0,"[""FRIEND"",""__OTHER__""]","[92,101]","[[""FRIEND""],[""IX-loc:j"",""DYE"",""HAIR"",""DCL:5\\hair dyed all over\\\""\"""",""TOGETHER/GO-STEADY_2""]]",2,1,1,8,148,141,101,True
asllrp_other_ctc,train,CORY,Cory_2013-6-27_sc112,83942129.mp4,https://dai.cs.rutgers.edu/ss3front/83942129.mp4,0,"[""__OTHER__"",""HOME"",""__OTHER__"",""NIGHT""]","[101,87,101,82]","[[""FATHER"",""IX-loc:j"",""ARRIVE""],[""HOME""],[""fs-LATE""],[""NIGHT""]]",4,2,2,19,110,92,101,True
asllrp_other_ctc,train,CORY,Cory_2013-6-27_sc112,83942326.mp4,https://dai.cs.rutgers.edu/ss3front/83942326.mp4,0,"[""FAMILY"",""__OTHER__""]","[91,101]","[[""FAMILY""],[""IX-loc:j"",""TAKE-UP"",""DCL:crvd-B\\small puppies\\\""\"""",""#DOG"",""QMwg""]]",2,1,1,11,105,95,101,True
asllrp_other_ctc,train,CORY,Cory_2013-6-27_sc112,83942524.mp4,https://dai.cs.rutgers.edu/ss3front/83942524.mp4,0,"[""FRIEND"",""__OTHER__""]","[92,101]","[[""FRIEND""],[""DEPART"",""CAMP""]]",2,1,1,15,78,64,101,True
asllrp_other_ctc,train,CORY,Cory_2013-6-27_sc112,83942622.mp4,https://dai.cs.rutgers.edu/ss3front/83942622.mp4,0,"[""FRIEND"",""__OTHER__""]","[92,101]","[[""FRIEND""],[""IX-loc:j"",""DYE"",""HAIR"",""DCL:5\\hair dyed all over\\\""\"""",""TOGETHER/GO-STEADY_2""]]",2,1,1,23,136,114,101,True
asllrp_other_ctc,train,CORY,Cory_2013-6-27_sc112,83942918.mp4,https://dai.cs.rutgers.edu/ss3front/83942918.mp4,0,"[""FRIEND"",""__OTHER__""]","[92,101]","[[""FRIEND""],[""GO-OUT"",""TOGETHER/GO-STEADY_2"",""QMwg""]]",2,1,1,33,102,70,101,True
asllrp_other_ctc,train,CORY,Cory_2013-6-27_sc112,83942919.mp4,https://dai.cs.rutgers.edu/ss3front/83942919.mp4,0,"[""__OTHER__"",""HOME"",""__OTHER__"",""NIGHT""]","[101,87,101,82]","[[""FATHER"",""ARRIVE""],[""HOME""],[""fs-LATE""],[""NIGHT""]]",4,2,2,7,87,81,101,True
asllrp_other_ctc,train,CORY,Cory_2013-6-27_sc112,83943116.mp4,https://dai.cs.rutgers.edu/ss3front/83943116.mp4,0,"[""FAMILY"",""__OTHER__""]","[91,101]","[[""FAMILY""],[""TAKE-UP"",""DOG"",""DCL:crvd-B\\small puppies\\\""\""""]]",2,1,1,18,111,94,101,True
asllrp_other_ctc,train,CORY,Cory_2013-6-27_sc112,83943314.mp4,https://dai.cs.rutgers.edu/ss3front/83943314.mp4,0,"[""FRIEND"",""__OTHER__""]","[92,101]","[[""FRIEND""],[""IX-loc:j"",""DEPART"",""CAMP""]]",2,1,1,5,70,66,101,True
asllrp_other_ctc,train,CORY,Cory_2013-6-27_sc112,83943512.mp4,https://dai.cs.rutgers.edu/ss3front/83943512.mp4,0,"[""FRIEND"",""__OTHER__""]","[92,101]","[[""FRIEND""],[""DYE"",""HAIR"",""DCL:5\\hair dyed all over\\\""\"""",""TOGETHER/GO-STEADY_2""]]",2,1,1,24,134,111,101,True
asllrp_other_ctc,train,CORY,Cory_2013-6-27_sc112,8394379.mp4,https://dai.cs.rutgers.edu/ss3front/8394379.mp4,0,"[""__OTHER__"",""HOME"",""__OTHER__"",""NIGHT""]","[101,87,101,82]","[[""FATHER"",""ARRIVE""],[""HOME""],[""fs-LATE""],[""NIGHT""]]",4,2,2,11,102,92,101,True
asllrp_other_ctc,train,CORY,Cory_2013-6-27_sc112,8394388.mp4,https://dai.cs.rutgers.edu/ss3front/8394388.mp4,0,"[""FRIEND"",""__OTHER__""]","[92,101]","[[""FRIEND""],[""GO-OUT"",""TOGETHER/GO-STEADY_2""]]",2,1,1,18,80,63,101,True
asllrp_other_ctc,train,CORY,Cory_2013-6-27_sc109,8395276.mp4,https://dai.cs.rutgers.edu/ss3front/8395276.mp4,0,"[""__OTHER__"",""READ"",""__OTHER__""]","[101,52,101]","[[""IX-2p"",""ARTICLE"",""IX-2p"",""WRITE"",""FOR"",""ns-BOSTON"",""ns-fs-GLOBE"",""IX-1p""],[""READ""],[""IX-3p:j""]]",3,1,2,16,166,151,101,True
asllrp_other_ctc,train,CORY,Cory_2013-6-27_sc109,8395769.mp4,https://dai.cs.rutgers.edu/ss3front/8395769.mp4,0,"[""__OTHER__"",""SMALL""]","[101,70]","[[""CAT"",""IX-3p:j"",""POSS-1p"",""(1h)NEXT-TO"",""IX-3p:j"",""FIND/FIND-OUT"",""IX-3p:j"",""(Y)WOW"",""HUNGRY/WISH""],[""SMALL""]]",2,1,1,20,173,154,101,True
asllrp_other_ctc,train,CORY,Cory_2013-6-27_sc109,8395966.mp4,https://dai.cs.rutgers.edu/ss3front/8395966.mp4,0,"[""__OTHER__"",""MAYBE"",""__OTHER__""]","[101,22,101]","[[""(5)MAN"",""RECENT-PAST"",""BUSTED"",""BREAK"",""ENTER"",""ns-fs-NEWTON"",""IX-3p:j"",""THAT"",""IX-3p:j""],[""MAYBE""],[""SAME"",""WHO"",""BREAK+ENTER"",""IN"",""ns-BROOKLINE"",""part:indef""]]",3,1,2,20,254,235,101,True
asllrp_other_ctc,train,CORY,Cory_2013-6-27_sc109,8396261.mp4,https://dai.cs.rutgers.edu/ss3front/8396261.mp4,0,"[""__OTHER__"",""TIME"",""__OTHER__""]","[101,83,101]","[[""GAME"",""FINISH"",""BEFORE_2""],[""TIME""],[""SIX"",""part:indef"",""WHICH""]]",3,1,2,11,132,122,101,True
asllrp_other_ctc,train,CORY,Cory_2013-6-27_sc109,8396360.mp4,https://dai.cs.rutgers.edu/ss3front/8396360.mp4,0,"[""__OTHER__"",""HAVE"",""__OTHER__""]","[101,32,101]","[[""IX-3p-pl-arc""],[""HAVE""],[""WIN"",""GET-TICKET"",""fs-LOTTERY"",""QMwg""]]",3,1,2,7,124,118,101,True
asllrp_other_ctc,train,CORY,Cory_2013-6-27_sc109,8396458.mp4,https://dai.cs.rutgers.edu/ss3front/8396458.mp4,0,"[""__OTHER__"",""HAVE"",""__OTHER__""]","[101,32,101]","[[""ns-fs-JACK"",""IX-loc:j""],[""HAVE""],[""MONEY""]]",3,1,2,21,81,61,101,True
asllrp_other_ctc,train,CORY,Cory_2013-6-27_sc109,8396459.mp4,https://dai.cs.rutgers.edu/ss3front/8396459.mp4,0,"[""__OTHER__"",""WAIT"",""__OTHER__"",""SEE"",""__OTHER__""]","[101,38,101,43,101]","[[""ns-fs-JACK""],[""WAIT""],[""GO-OUT""],[""SEE""],[""STRANGE"",""QMwg""]]",5,2,3,23,116,94,101,True
asllrp_other_ctc,train,CORY,Cory_2013-6-27_sc109,8396754.mp4,https://dai.cs.rutgers.edu/ss3front/8396754.mp4,0,"[""__OTHER__"",""WHY"",""__OTHER__""]","[101,13,101]","[[""FATHER"",""UPSET""],[""WHY""],[""(1h)part:indef""]]",3,1,2,12,85,74,101,True
asllrp_other_ctc,train,CORY,Cory_2013-6-27_sc109,8396852.mp4,https://dai.cs.rutgers.edu/ss3front/8396852.mp4,0,"[""__OTHER__"",""LIKE"",""__OTHER__""]","[101,26,101]","[[""(alt-G/bent-L)POSS-1p"",""SISTER""],[""LIKE""],[""ns-BOSTON"",""(2h)KNOW+NEG""]]",3,1,2,11,87,77,101,True
asllrp_other_ctc,train,CORY,Cory_2013-6-27_sc109,8396853.mp4,https://dai.cs.rutgers.edu/ss3front/8396853.mp4,0,"[""__OTHER__"",""WHERE""]","[101,10]","[[""ns-fs-SUE"",""IX-3p:j"",""MOVE""],[""WHERE""]]",2,1,1,7,78,72,101,True
asllrp_other_ctc,train,CORY,Cory_2013-6-27_sc109,8397246.mp4,https://dai.cs.rutgers.edu/ss3front/8397246.mp4,0,"[""__OTHER__"",""WHY"",""__OTHER__""]","[101,13,101]","[[""ns-fs-JACK"",""DISGUST""],[""WHY""],[""(1h)part:indef""]]",3,1,2,5,96,92,101,True
asllrp_other_ctc,train,CORY,Cory_2013-6-27_sc109,8397345.mp4,https://dai.cs.rutgers.edu/ss3front/8397345.mp4,0,"[""__OTHER__"",""TIME"",""__OTHER__"",""TIME"",""__OTHER__""]","[101,83,101,83,101]","[[""(P)PARTY"",""START"",""WHICH""],[""TIME""],[""EIGHT""],[""TIME""],[""NINE""]]",5,2,3,21,110,90,101,True
asllrp_other_ctc,train,CORY,Cory_2013-6-27_sc109,8397739.mp4,https://dai.cs.rutgers.edu/ss3front/8397739.mp4,0,"[""__OTHER__"",""LIKE"",""__OTHER__""]","[101,26,101]","[[""(1h)part:indef"",""IX-1p""],[""LIKE""],[""IX-3p:j"",""#IF"",""IX-3p:j"",""(1h)HAVE"",""BUTTER"",""IN"",""(2h)5\\oh well\\\""\"""",""FINE"",""IX-1p"",""part:indef""]]",3,1,2,6,145,140,101,True
asllrp_other_ctc,train,CORY,Cory_2013-6-27_sc109,8397740.mp4,https://dai.cs.rutgers.edu/ss3front/8397740.mp4,0,"[""__OTHER__"",""THINK"",""__OTHER__"",""SEE"",""__OTHER__""]","[101,30,101,43,101]","[[""IX-1p"",""NOT""],[""THINK""],[""IX-3p:j"",""PLAN"",""GO"",""part:indef"",""IF""],[""SEE""],[""part:indef"",""IX-1p"",""FUTURE"",""(1h)INFORM"",""i:CALL-BY-PHONE:j"",""IX-2p""]]",5,2,3,13,178,166,101,True
asllrp_other_ctc,train,CORY,Cory_2013-6-27_sc109,8397936.mp4,https://dai.cs.rutgers.edu/ss3front/8397936.mp4,0,"[""__OTHER__"",""HOME"",""__OTHER__""]","[101,87,101]","[[""ns-fs-PETE"",""IX-3p:j"",""LOVE"",""TAPE-RECORDING"",""IX-3p:j"",""(1h)HAVE"",""THREE"",""LCL:5-C\\three computers next to each other\\\""\"""",""POSS-3p:j""],[""HOME""],[""5\\wow\\\""\""""]]",3,1,2,26,192,167,101,True
asllrp_other_ctc,train,CORY,Cory_2013-6-27_sc109,8398134.mp4,https://dai.cs.rutgers.edu/ss3front/8398134.mp4,0,"[""__OTHER__"",""THINK"",""__OTHER__""]","[101,30,101]","[[""#NO"",""IX-1p"",""NOT"",""AFRAID"",""fs-OF"",""HIGH"",""part:indef"",""DO-DO"",""MAKE"",""IX-2p""],[""THINK""],[""THAT"",""(1h)part:indef""]]",3,1,2,10,140,131,101,True
asllrp_other_ctc,train,CORY,Cory_2013-6-27_sc109,8398233.mp4,https://dai.cs.rutgers.edu/ss3front/8398233.mp4,0,"[""__OTHER__"",""COLD"",""__OTHER__""]","[101,68,101]","[[""IX-2p"",""FINISH"",""(L)LIVE"",""THROUGH""],[""COLD""],[""IN"",""ns-BOSTON"",""5\\wow\\\""\"""",""SNOW"",""A-LOT"",""(1h)part:indef""]]",3,1,2,18,173,156,101,True
asllrp_other_ctc,train,CORY,Cory_2013-6-27_sc109,8398331.mp4,https://dai.cs.rutgers.edu/ss3front/8398331.mp4,0,"[""NOW"",""__OTHER__"",""NOW""]","[78,101,78]","[[""NOW""],[""ECONOMIC"",""CRISIS""],[""NOW""]]",3,2,1,51,140,90,101,True
asllrp_other_ctc,train,CORY,Cory_2013-6-27_sc109,8398824.mp4,https://dai.cs.rutgers.edu/ss3front/8398824.mp4,0,"[""__OTHER__"",""EAT"",""__OTHER__""]","[101,54,101]","[[""FINEwg"",""(1h)5\\wave no\\\""\"""",""ns-MCDONALD"",""IX-loc:j"",""VERY-FAST""],[""EAT""],[""RESTAURANT"",""IX-3p:j"",""(2h)GIVE-distributive"",""HAMBURGER"",""part:indef""]]",3,1,2,10,146,137,101,True
asllrp_other_ctc,train,CORY,Cory_2013-6-27_sc109,8398922.mp4,https://dai.cs.rutgers.edu/ss3front/8398922.mp4,0,"[""__OTHER__"",""NOW"",""__OTHER__"",""TOMORROW"",""__OTHER__""]","[101,78,101,79,101]","[[""(1h)5\\wave no\\\""\""""],[""NOW""],[""THURSDAY"",""MEAN""],[""TOMORROW""],[""FRIDAY""]]",5,2,3,13,121,109,101,True
asllrp_other_ctc,train,CORY,Cory_2013-6-27_sc109,8399021.mp4,https://dai.cs.rutgers.edu/ss3front/8399021.mp4,0,"[""__OTHER__"",""TIME"",""__OTHER__""]","[101,83,101]","[[""#NO"",""IX-1p"",""NOT"",""OLD"",""ENOUGH"",""TO/UNTIL"",""VOTE"",""THAT""],[""TIME""],[""part:indef""]]",3,1,2,3,119,117,101,True
asllrp_other_ctc,train,CORY,Cory_2013-6-27_sc109,8399120.mp4,https://dai.cs.rutgers.edu/ss3front/8399120.mp4,0,"[""__OTHER__"",""NOW"",""__OTHER__""]","[101,78,101]","[[""(1h)5\\wave no\\\""\"""",""IX-1p"",""NEVER"",""RUN"",""fs-MARATHON"",""PAST"",""(1h)5\\wave no\\\""\"""",""IX-1p"",""NOT"",""PLAN"",""START""],[""NOW""],[""5\\whoa\\\""\""""]]",3,1,2,13,164,152,101,True
asllrp_other_ctc,train,CORY,Cory_2013-6-27_sc109,8399416.mp4,https://dai.cs.rutgers.edu/ss3front/8399416.mp4,0,"[""__OTHER__"",""TIME"",""__OTHER__""]","[101,83,101]","[[""#NO"",""(nd-1)MOVIE"",""START""],[""TIME""],[""TEN""]]",3,1,2,25,95,71,101,True
asllrp_other_ctc,train,CORY,Cory_2013-6-27_sc109,8399417.mp4,https://dai.cs.rutgers.edu/ss3front/8399417.mp4,0,"[""__OTHER__"",""DIFFERENT""]","[101,74]","[[""(1h)5\\wave no\\\""\"""",""THAT"",""NOT"",""ns-fs-SARAH-JESSICA-PARKER"",""THAT"",""fs-WAS"",""ns-fs-SARAH-PALIN""],[""DIFFERENT""]]",2,1,1,11,213,203,101,True
asllrp_other_ctc,train,CORY,Cory_2013-6-27_sc109,8399614.mp4,https://dai.cs.rutgers.edu/ss3front/8399614.mp4,0,"[""__OTHER__"",""THINK"",""__OTHER__""]","[101,30,101]","[[""IX-1p""],[""THINK""],[""(Y)WOW"",""BORE"",""IX-1p""]]",3,1,2,18,82,65,101,True
asllrp_other_ctc,train,CORY,Cory_2013-6-27_sc109,8399811.mp4,https://dai.cs.rutgers.edu/ss3front/8399811.mp4,0,"[""__OTHER__"",""HAVE""]","[101,32]","[[""#NO"",""CLASS_2"",""NEXT-WEEK""],[""HAVE""]]",2,1,1,21,80,60,101,True
asllrp_other_ctc,train,CORY,Cory_2013-6-27_sc109,8399812.mp4,https://dai.cs.rutgers.edu/ss3front/8399812.mp4,0,"[""__OTHER__"",""HAVE"",""__OTHER__""]","[101,32,101]","[[""#NO"",""IX-1p"",""RECENT-PAST"",""#BACK_2"",""FROM"",""DINNER"",""IX-3p:j""],[""HAVE""],[""ICE-CREAM"",""IX-3p:j"",""(1h)part:indef""]]",3,1,2,9,128,120,101,True
asllrp_other_ctc,train,CORY,Cory_2013-6-27_sc109,8399910.mp4,https://dai.cs.rutgers.edu/ss3front/8399910.mp4,0,"[""__OTHER__"",""EAT"",""__OTHER__"",""YES""]","[101,54,101,20]","[[""#NO"",""IX-3p:j"",""NOT"",""VEGETABLE"",""IX-3p:j""],[""EAT""],[""MEAT""],[""YES""]]",4,2,2,10,113,104,101,True
asllrp_other_ctc,train,CORY,Cory_2013-6-27_sc109,840009.mp4,https://dai.cs.rutgers.edu/ss3front/840009.mp4,0,"[""HAVE"",""__OTHER__""]","[32,101]","[[""HAVE""],[""HOMEWORK"",""MUST"",""WRITE"",""THREE"",""BOOK-PAGE"",""(1)REPORT"",""part:indef""]]",2,1,1,12,143,132,101,True
asllrp_other_ctc,train,CORY,Cory_2013-6-27_sc109,840027.mp4,https://dai.cs.rutgers.edu/ss3front/840027.mp4,0,"[""__OTHER__"",""HAVE"",""__OTHER__""]","[101,32,101]","[[""#NO"",""POSS-1p"",""ROOMMATE"",""NOT"",""(1h)GRAB"",""RECENT-PAST""],[""HAVE""],[""EAT+MORNING"",""WITH"",""IX-3p:j"",""part:indef""]]",3,1,2,19,149,131,101,True
asllrp_other_ctc,train,CORY,Cory_2013-6-27_sc107,8436.mp4,https://dai.cs.rutgers.edu/ss3front/8436.mp4,0,"[""__OTHER__"",""SCHOOL"",""__OTHER__""]","[101,88,101]","[[""IX-3p:j"",""STRUGGLE-continuative"",""IN""],[""SCHOOL""],[""BECOME"",""(5)DEPRESS""]]",3,1,2,11,126,116,101,True
asllrp_other_ctc,train,CORY,Cory_2013-6-27_sc107,8537.mp4,https://dai.cs.rutgers.edu/ss3front/8537.mp4,0,"[""__OTHER__"",""LEARN"",""__OTHER__"",""FEEL"",""__OTHER__""]","[101,50,101,31,101]","[[""IX-3p:j"",""FINALLY_2""],[""LEARN""],[""HONEST"",""FUTURE""],[""FEEL""],[""DISGUST""]]",5,2,3,5,130,126,101,True
asllrp_other_ctc,train,CORY,Cory_2013-6-27_sc107,8638.mp4,https://dai.cs.rutgers.edu/ss3front/8638.mp4,0,"[""WORK"",""__OTHER__""]","[51,101]","[[""WORK""],[""HAPPEN"",""COMPUTER_5"",""CRASH_2"",""IX-1p"",""5\\panic\\\""\"""",""fs-PANIC"",""FUTURE"",""IX-1p""]]",2,1,1,12,148,137,101,True
asllrp_other_ctc,train,CORY,Cory_2013-6-27_sc107,8740.mp4,https://dai.cs.rutgers.edu/ss3front/8740.mp4,0,"[""__OTHER__"",""SEE"",""__OTHER__""]","[101,43,101]","[[""(5)MAN"",""SCL:X\\man walking\\\""\""""],[""SEE""],[""MONEY_2"",""IX-3p:j"",""ICL:flat-O\\holding money\\\""\"""",""ICL:flat-O\\pocketing money\\\""\""""]]",3,1,2,6,142,137,101,True
asllrp_other_ctc,train,CORY,Cory_2013-6-27_sc107,8943.mp4,https://dai.cs.rutgers.edu/ss3front/8943.mp4,0,"[""__OTHER__"",""LIKE"",""__OTHER__""]","[101,26,101]","[[""IX-2p""],[""LIKE""],[""(nd-1)MOVIE"",""IX-2p""]]",3,1,2,20,63,44,101,True
asllrp_other_ctc,train,CORY,Cory_2013-6-27_sc107,9247.mp4,https://dai.cs.rutgers.edu/ss3front/9247.mp4,0,"[""__OTHER__"",""THINK"",""__OTHER__""]","[101,30,101]","[[""IX-2p""],[""THINK""],[""ns-fs-OBAMA"",""VOTE"",""AGAIN"",""SECOND"",""PRESIDENT"",""QMwg""]]",3,1,2,10,146,137,101,True
asllrp_other_ctc,train,CORY,Cory_2013-6-27_sc107,9449.mp4,https://dai.cs.rutgers.edu/ss3front/9449.mp4,0,"[""__OTHER__"",""THINK"",""__OTHER__"",""NOW""]","[101,30,101,78]","[[""ATTENTION-WAVE""],[""THINK""],[""SHOULD"",""(2h)GO-OUT""],[""NOW""]]",4,2,2,1,78,78,101,True
asllrp_other_ctc,train,CORY,Cory_2013-6-27_sc107,9450.mp4,https://dai.cs.rutgers.edu/ss3front/9450.mp4,0,"[""__OTHER__"",""LIKE"",""__OTHER__""]","[101,26,101]","[[""IX-2p""],[""LIKE""],[""PHYSICS"",""CLASS_2"",""IX-2p""]]",3,1,2,7,73,67,101,True
asllrp_other_ctc,train,CORY,Cory_2013-6-25_sc0106,98592049.mp4,https://dai.cs.rutgers.edu/ss3front/98592049.mp4,0,"[""__OTHER__"",""MORE"",""__OTHER__""]","[101,71,101]","[[""IX-1p"",""NEVER"",""(1h)part:indef"",""(L)LIVE"",""IN"",""HOUSE"",""FOR""],[""MORE""],[""THAN"",""SEVEN"",""YEAR"",""#NO""]]",3,1,2,3,208,206,101,True
asllrp_other_ctc,train,CORY,Cory_2013-6-25_sc0106,99038142.mp4,https://dai.cs.rutgers.edu/ss3front/99038142.mp4,0,"[""FAMILY"",""__OTHER__"",""WHERE"",""__OTHER__"",""WHY"",""__OTHER__"",""WORK"",""__OTHER__""]","[91,101,10,101,13,101,51,101]","[[""FAMILY""],[""MOVE""],[""WHERE""],[""ns-#VT""],[""WHY""],[""FATHER"",""IX-loc:j""],[""WORK""],[""TRANSFER"",""ns-#IBM"",""TRANSFER""]]",8,4,4,5,203,199,101,True
asllrp_other_ctc,train,CORY,Cory_2013-6-25_sc0106,99065608.mp4,https://dai.cs.rutgers.edu/ss3front/99065608.mp4,0,"[""__OTHER__"",""FAMILY"",""__OTHER__""]","[101,91,101]","[[""5\\well\\\""\"""",""FINE""],[""FAMILY""],[""MOVE:j""]]",3,1,2,2,72,71,101,True
asllrp_other_ctc,train,CORY,Cory_2013-6-25_sc0106,99210571.mp4,https://dai.cs.rutgers.edu/ss3front/99210571.mp4,0,"[""WHY"",""__OTHER__"",""WORK"",""__OTHER__"",""WHERE"",""__OTHER__""]","[13,101,51,101,10,101]","[[""WHY""],[""POSS-3p:j""],[""WORK""],[""(1h)HAVE"",""BIG"",""PROJECT""],[""WHERE""],[""IX-loc:j"",""SOUTH"",""ns-NEW-YORK""]]",6,3,3,0,142,143,101,True
asllrp_other_ctc,train,CORY,Cory_2013-6-25_sc0106,99370717.mp4,https://dai.cs.rutgers.edu/ss3front/99370717.mp4,0,"[""UNDERSTAND"",""__OTHER__"",""MAYBE"",""__OTHER__"",""HOW"",""__OTHER__"",""HOME"",""SCHOOL"",""__OTHER__""]","[29,101,22,101,14,101,87,88,101]","[[""UNDERSTAND""],[""IX-2p""],[""MAYBE""],[""MESSED-UP""],[""HOW""],[""IX-1p"",""MOVE-AROUND""],[""HOME""],[""SCHOOL""],[""IX-1p"",""(1h)part:indef""]]",9,5,4,31,165,135,101,True
asllrp_other_ctc,train,CORY,Cory_2013-6-25_sc0106,99395897.mp4,https://dai.cs.rutgers.edu/ss3front/99395897.mp4,0,"[""__OTHER__"",""SCHOOL"",""__OTHER__""]","[101,88,101]","[[""NOT+MUST"",""TO/UNTIL"",""WORRY"",""ABOUT"",""HEARING""],[""SCHOOL""],[""#OR"",""DEAF"",""INSTITUTE"",""NONE/NOTHING""]]",3,1,2,0,125,126,101,True
asllrp_other_ctc,train,CORY,Cory_2013-6-25_sc0106,99454786.mp4,https://dai.cs.rutgers.edu/ss3front/99454786.mp4,0,"[""__OTHER__"",""EASY"",""__OTHER__""]","[101,75,101]","[[""part:indef"",""TEACH"",""IX-1p"",""AND"",""TWO"",""BROTHER""],[""EASY""],[""MOVE"",""part:indef""]]",3,1,2,0,127,128,101,True
asllrp_other_ctc,train,CORY,Cory_2013-6-27_sc107,9957.mp4,https://dai.cs.rutgers.edu/ss3front/9957.mp4,0,"[""__OTHER__"",""WHEN"",""__OTHER__""]","[101,11,101]","[[""CAR"",""IX-loc:j"",""ns-fs-MARY"",""BUY""],[""WHEN""],[""part:indef""]]",3,1,2,26,117,92,101,True
asllrp_other_ctc,train,CORY,Cory_2013-6-25_sc0106,99571136.mp4,https://dai.cs.rutgers.edu/ss3front/99571136.mp4,0,"[""__OTHER__"",""WORK"",""__OTHER__""]","[101,51,101]","[[""IX-1p"",""QUOTE/TOPIC"",""SHOULD"",""START"",""i:MOVE:j"",""CORRECT"",""BUT"",""MOTHER+FATHER"",""STAY""],[""WORK""],[""(2h)#OK"",""#SO"",""part:indef""]]",3,1,2,0,230,231,101,True
asllrp_other_ctc,train,CORY,Cory_2013-6-25_sc0106,99639413.mp4,https://dai.cs.rutgers.edu/ss3front/99639413.mp4,0,"[""MAYBE"",""__OTHER__""]","[22,101]","[[""MAYBE""],[""SEEM"",""IX-1p"",""STAY"",""LONG+(1h)MOST"",""THAN"",""SEVEN"",""YEAR"",""BUT"",""HIT"",""IX-1p""]]",2,1,1,0,137,138,101,True
asllrp_other_ctc,train,RACHEL,Rachel_2012-01-27_sc53,11945625.mp4,https://dai.cs.rutgers.edu/ss3front/11945625.mp4,0,"[""__OTHER__"",""NAME"",""__OTHER__"",""NAME"",""__OTHER__""]","[101,98,101,98,101]","[[""IX-1p"",""BABY"",""BORN"",""IX-1p"",""WANT_2"",""(1h)i:GIFT:j"",""ns-IRELAND""],[""NAME""],[""BUT"",""IX-3p:j"",""IX-1p"",""FATHER"",""IX-loc:j"",""(1h)WANT"",""(1h)i:GIFT:j"",""ns-ITALY""],[""NAME""],[""part:indef""]]",5,2,3,7,174,168,101,True
asllrp_other_ctc,train,RACHEL,Rachel_2012-01-27_sc53,11945626.mp4,https://dai.cs.rutgers.edu/ss3front/11945626.mp4,0,"[""__OTHER__"",""WORK"",""__OTHER__""]","[101,51,101]","[[""IX-1p""],[""WORK""],[""SIT-continuative"",""ALL-DAY""]]",3,1,2,9,82,74,101,True
asllrp_other_ctc,train,RACHEL,Rachel_2012-01-27_sc53,11945724.mp4,https://dai.cs.rutgers.edu/ss3front/11945724.mp4,0,"[""__OTHER__"",""NAME"",""__OTHER__"",""NAME""]","[101,98,101,98]","[[""IX-1p"",""BORN"",""BABY"",""IX-1p"",""WANT_2"",""ns-IRELAND""],[""NAME""],[""FATHER"",""WANT"",""IX-3p:j"",""ns-FRANCE""],[""NAME""]]",4,2,2,5,129,125,101,True
asllrp_other_ctc,train,RACHEL,Rachel_2012-01-27_sc53,11945922.mp4,https://dai.cs.rutgers.edu/ss3front/11945922.mp4,0,"[""__OTHER__"",""WORK"",""__OTHER__""]","[101,51,101]","[[""IX-3p:j"",""ns-fs-JOHN""],[""WORK""],[""NIGHT-pl-arc""]]",3,1,2,8,59,52,101,True
asllrp_other_ctc,train,RACHEL,Rachel_2012-01-27_sc53,11946118.mp4,https://dai.cs.rutgers.edu/ss3front/11946118.mp4,0,"[""NOW"",""COLD"",""__OTHER__""]","[78,68,101]","[[""NOW""],[""COLD""],[""IX-1p"",""MUST"",""BETTER"",""SHOE""]]",3,2,1,0,63,64,101,True
asllrp_other_ctc,train,RACHEL,Rachel_2012-01-27_sc53,11946217.mp4,https://dai.cs.rutgers.edu/ss3front/11946217.mp4,0,"[""__OTHER__"",""LIKE"",""__OTHER__""]","[101,26,101]","[[""ns-fs-MARY"",""IX-loc:j""],[""LIKE""],[""RED"",""SHOE""]]",3,1,2,7,62,56,101,True
asllrp_other_ctc,train,RACHEL,Rachel_2012-01-27_sc53,11946316.mp4,https://dai.cs.rutgers.edu/ss3front/11946316.mp4,0,"[""__OTHER__"",""WAIT"",""__OTHER__""]","[101,38,101]","[[""TEACH+AGENT"",""NOT"",""i:INFORM-1p"",""CLASS_2"",""CANCEL/CRITICIZE"",""ENTER"",""CLASS_2"",""IX-1p"",""SIT-continuative""],[""WAIT""],[""5\\exasperation\\\""\""""]]",3,1,2,4,139,136,101,True
asllrp_other_ctc,train,RACHEL,Rachel_2012-01-27_sc53,11946414.mp4,https://dai.cs.rutgers.edu/ss3front/11946414.mp4,0,"[""COLD"",""__OTHER__""]","[68,101]","[[""COLD""],[""POSS-1p"",""MOTHER"",""NOT"",""GO-OUT"",""(1h)5\\wave no\\\""\""""]]",2,1,1,5,66,62,101,True
asllrp_other_ctc,train,RACHEL,Rachel_2012-01-27_sc53,11946612.mp4,https://dai.cs.rutgers.edu/ss3front/11946612.mp4,0,"[""SORRY"",""__OTHER__"",""READ""]","[19,101,52]","[[""SORRY""],[""LIBRARY"",""IX-loc:j"",""CANNOT"",""LEND"",""MAGAZINE"",""MUST"",""STAY""],[""READ""]]",3,2,1,4,93,90,101,True
asllrp_other_ctc,train,RACHEL,Rachel_2012-01-27_sc53,11946810.mp4,https://dai.cs.rutgers.edu/ss3front/11946810.mp4,0,"[""__OTHER__"",""SORRY"",""__OTHER__""]","[101,19,101]","[[""FATHER"",""LOOK:j"",""BOY"",""SMIRK"",""NOT"",""SEEM""],[""SORRY""],[""(1h)part:indef""]]",3,1,2,8,94,87,101,True
asllrp_other_ctc,train,RACHEL,Rachel_2012-01-27_sc53,1194707.mp4,https://dai.cs.rutgers.edu/ss3front/1194707.mp4,0,"[""__OTHER__"",""WHERE"",""__OTHER__""]","[101,10,101]","[[""LIE"",""(1h)FINISH"",""NOT"",""FUNNY""],[""WHERE""],[""MOTHER"",""(1h)part:indef""]]",3,1,2,6,63,58,101,True
asllrp_other_ctc,train,RACHEL,Rachel_2011-12-08_sc44,1539230.mp4,https://dai.cs.rutgers.edu/ss3front/1539230.mp4,0,"[""__OTHER__"",""HOME"",""__OTHER__"",""MORE"",""SMALL"",""__OTHER__""]","[101,87,101,71,70,101]","[[""POSS-2p"",""UNCLE"",""(L)LIVE"",""SCL:5-C\\big house\\\""\""""],[""HOME""],[""CORRECT"",""#NO"",""(1h)5\\wave no\\\""\"""",""IX-3p:j"",""(1h)(L)LIVE""],[""MORE""],[""SMALL""],[""#APT""]]",6,3,3,23,180,158,101,True
asllrp_other_ctc,train,RACHEL,Rachel_2011-12-08_sc44,1539329.mp4,https://dai.cs.rutgers.edu/ss3front/1539329.mp4,0,"[""NOW"",""__OTHER__"",""DAY"",""__OTHER__"",""HAVE""]","[78,101,84,101,32]","[[""NOW""],[""LAST""],[""DAY""],[""fs-OF"",""SEMESTER"",""CORRECT"",""#NO"",""NEXT-WEEK"",""(1h)HAVE"",""ONE-MORE"",""ONE-WEEK_2"",""CLASS_2""],[""HAVE""]]",5,3,2,31,216,186,101,True
asllrp_other_ctc,train,RACHEL,Rachel_2011-12-08_sc44,1539428.mp4,https://dai.cs.rutgers.edu/ss3front/1539428.mp4,0,"[""__OTHER__"",""NOW"",""__OTHER__"",""NOW"",""__OTHER__""]","[101,78,101,78,101]","[[""IX-3p:j"",""ECONOMIC""],[""NOW""],[""IX-3p-pl-arc"",""WONDERFUL"",""FINE_2"",""5\\wave no\\\""\"""",""REALLY"",""MESSED-UP""],[""NOW""],[""FORGET-IT""]]",5,2,3,13,190,178,101,True
asllrp_other_ctc,train,RACHEL,Rachel_2011-12-08_sc44,1539823.mp4,https://dai.cs.rutgers.edu/ss3front/1539823.mp4,0,"[""__OTHER__"",""WHERE"",""__OTHER__""]","[101,10,101]","[[""IX-3p:j"",""TABLE"",""IX-loc:j"",""(1h)HAVE"",""BOOK"",""(1h)LEAVE-THERE"",""IX-loc:j"",""(1h)5\\wave no\\\""\"""",""IX-loc:j"",""NONE/NOTHING"",""TABLE"",""(1h)5\\perplexed\\\""\""""],[""WHERE""],[""BOOK"",""NONE/NOTHING"",""5\\I don't know\\\""\""""]]",3,1,2,10,174,165,101,True
asllrp_other_ctc,train,RACHEL,Rachel_2011-12-08_sc44,1540119.mp4,https://dai.cs.rutgers.edu/ss3front/1540119.mp4,0,"[""TOMORROW"",""__OTHER__"",""NOW"",""__OTHER__"",""TOMORROW"",""__OTHER__""]","[79,101,78,101,79,101]","[[""TOMORROW""],[""SUNDAY_2"",""(1h)5\\wave no\\\""\""""],[""NOW""],[""(H)THURSDAY"",""MEAN""],[""TOMORROW""],[""FRIDAY""]]",6,3,3,17,158,142,101,True
asllrp_other_ctc,train,RACHEL,Rachel_2011-12-08_sc44,1540218.mp4,https://dai.cs.rutgers.edu/ss3front/1540218.mp4,0,"[""__OTHER__"",""WHEN"",""__OTHER__""]","[101,11,101]","[[""IX-2p"",""VOTE"",""FOR"",""IX-3p:j"",""ns-fs-GEORGE-BUSH"",""IX-2p"",""5\\wave no\\\""\"""",""IX-1p"",""NOT"",""fs-EVEN"",""OLD"",""ENOUGH"",""TO/UNTIL"",""VOTE""],[""WHEN""],[""IX-3p:j"",""RUN-MACHINE"",""5\\you know\\\""\""""]]",3,1,2,23,219,197,101,True
asllrp_other_ctc,train,RACHEL,Rachel_2011-12-08_sc44,1540514.mp4,https://dai.cs.rutgers.edu/ss3front/1540514.mp4,0,"[""__OTHER__"",""MAYBE"",""__OTHER__"",""TIME"",""__OTHER__"",""HAVE"",""TIME""]","[101,22,101,83,101,32,83]","[[""ATTENTION-WAVE""],[""MAYBE""],[""IX-1p"",""LATE"",""FOR"",""MOVIE"",""5\\unsure\\\""\"""",""#NO"",""5\\wave no\\\""\""""],[""TIME""],[""MOVIE_2"",""TEN""],[""HAVE""],[""TIME""]]",7,4,3,6,155,150,101,True
asllrp_other_ctc,train,RACHEL,Rachel_2011-12-08_sc44,1540612.mp4,https://dai.cs.rutgers.edu/ss3front/1540612.mp4,0,"[""__OTHER__"",""READ"",""__OTHER__"",""LIKE""]","[101,52,101,26]","[[""IX-3p:j"",""BOOK""],[""READ""],[""REALLY"",""(1h)GOOD/THANK-YOU"",""#NO"",""LOUSY"",""(1h)5\\wave no\\\""\"""",""IX-1p"",""NOT""],[""LIKE""]]",4,2,2,21,172,152,101,True
asllrp_other_ctc,train,RACHEL,Rachel_2011-12-08_sc44,1540810.mp4,https://dai.cs.rutgers.edu/ss3front/1540810.mp4,0,"[""__OTHER__"",""HAVE""]","[101,32]","[[""IX-3p:j"",""ns-fs-MARY"",""VEGETABLE"",""QMwg"",""#NO"",""IX-3p:j"",""(1h)HAVE"",""#BBQ"",""ONE"",""ONE-MONTH"",""PAST""],[""HAVE""]]",2,1,1,18,208,191,101,True
asllrp_other_ctc,train,RACHEL,Rachel_2011-12-08_sc44,154099.mp4,https://dai.cs.rutgers.edu/ss3front/154099.mp4,0,"[""__OTHER__"",""HAVE"",""__OTHER__""]","[101,32,101]","[[""ATTENTION-WAVE"",""NONE/NOTHING"",""HOMEWORK"",""FOR"",""CLASS_2"",""NONE/NOTHING"",""#NO""],[""HAVE""],[""HOMEWORK"",""IX-loc:j"",""MUST"",""WRITE"",""THREE"",""BOOK-PAGE"",""PAPER""]]",3,1,2,15,222,208,101,True
asllrp_other_ctc,train,RACHEL,Rachel_2011-12-08_sc44,154108.mp4,https://dai.cs.rutgers.edu/ss3front/154108.mp4,0,"[""NOW"",""__OTHER__""]","[78,101]","[[""NOW""],[""GO-OUT"",""(W)WEATHER"",""LOUSY"",""#NO"",""GO-OUT"",""BEAUTIFUL"",""WARM"",""A-OK""]]",2,1,1,28,184,157,101,True
asllrp_other_ctc,train,RACHEL,Rachel_2011-12-01_sc43,17583210.mp4,https://dai.cs.rutgers.edu/ss3front/17583210.mp4,0,"[""__OTHER__"",""HAVE"",""__OTHER__""]","[101,32,101]","[[""IX-1p""],[""HAVE""],[""APPOINTMENT"",""(1h)NOW+AFTERNOON_2"",""WITH"",""(crvd-5)POSS-1p"",""TEACH+AGENT""]]",3,1,2,0,75,76,101,True
asllrp_other_ctc,train,RACHEL,Rachel_2011-12-01_sc43,17583211.mp4,https://dai.cs.rutgers.edu/ss3front/17583211.mp4,0,"[""__OTHER__"",""HOW"",""__OTHER__""]","[101,14,101]","[[""IX-1p"",""MUST"",""DISCUSS""],[""HOW""],[""IX-1p"",""CONFRONT"",""TEACH+AGENT"",""REGULAR"",""part:indef""]]",3,1,2,0,93,94,101,True
asllrp_other_ctc,train,RACHEL,Rachel_2011-12-01_sc43,17586205.mp4,https://dai.cs.rutgers.edu/ss3front/17586205.mp4,0,"[""__OTHER__"",""ANSWER"",""__OTHER__""]","[101,49,101]","[[""TEACH+AGENT"",""DISTRIBUTE""],[""ANSWER""],[""TO/UNTIL"",""TEST""]]",3,1,2,5,66,62,101,True
asllrp_other_ctc,train,RACHEL,Rachel_2011-12-01_sc43,17587204.mp4,https://dai.cs.rutgers.edu/ss3front/17587204.mp4,0,"[""__OTHER__"",""FRIEND"",""__OTHER__""]","[101,92,101]","[[""POSS-1p"",""OTHER""],[""FRIEND""],[""IX-3p-pl-arc"",""JOIN"",""IX-1p"",""PAST+NIGHT""]]",3,1,2,2,90,89,101,True
asllrp_other_ctc,train,RACHEL,Rachel_2011-12-01_sc43,17588202.mp4,https://dai.cs.rutgers.edu/ss3front/17588202.mp4,0,"[""__OTHER__"",""WHERE"",""__OTHER__""]","[101,10,101]","[[""POSS-1p"",""(2h)alt.LONG-AGO"",""(2h)LONG-PAST"",""FROM""],[""WHERE""],[""ns-nat-GERMANY""]]",3,1,2,5,88,84,101,True
asllrp_other_ctc,train,RACHEL,Rachel_2011-12-01_sc43,17590198.mp4,https://dai.cs.rutgers.edu/ss3front/17590198.mp4,0,"[""__OTHER__"",""FRIEND"",""__OTHER__""]","[101,92,101]","[[""REALLY"",""POSS-1p"",""OPPOSITE""],[""FRIEND""],[""DO-DO"",""ALARM""]]",3,1,2,4,85,82,101,True
asllrp_other_ctc,train,RACHEL,Rachel_2011-12-01_sc43,17590199.mp4,https://dai.cs.rutgers.edu/ss3front/17590199.mp4,0,"[""__OTHER__"",""WORK""]","[101,51]","[[""YESTERDAY"",""ALL-DAY"",""IX-1p""],[""WORK""]]",2,1,1,3,99,97,101,True
asllrp_other_ctc,train,RACHEL,Rachel_2011-12-01_sc43,17591197.mp4,https://dai.cs.rutgers.edu/ss3front/17591197.mp4,0,"[""__OTHER__"",""SCHOOL""]","[101,88]","[[""IX-1p"",""ALWAYS"",""SERIOUS"",""IN""],[""SCHOOL""]]",2,1,1,3,60,58,101,True
asllrp_other_ctc,train,RACHEL,Rachel_2011-12-01_sc43,17593192.mp4,https://dai.cs.rutgers.edu/ss3front/17593192.mp4,0,"[""__OTHER__"",""IMPORTANT"",""__OTHER__""]","[101,76,101]","[[""REALLY"",""OLD"",""NOT""],[""IMPORTANT""],[""(1h)part:indef""]]",3,1,2,13,80,68,101,True
asllrp_other_ctc,train,RACHEL,Rachel_2011-12-01_sc43,17593193.mp4,https://dai.cs.rutgers.edu/ss3front/17593193.mp4,0,"[""__OTHER__"",""DIFFERENT"",""__OTHER__""]","[101,74,101]","[[""IX-1p"",""LOVE"",""GET-IN"",""AIRPLANE"",""(2h)alt.FLY-BY-PLANE""],[""DIFFERENT""],[""PLACE""]]",3,1,2,4,92,89,101,True
asllrp_other_ctc,train,RACHEL,Rachel_2011-12-01_sc43,17601178.mp4,https://dai.cs.rutgers.edu/ss3front/17601178.mp4,0,"[""__OTHER__"",""WORK"",""__OTHER__""]","[101,51,101]","[[""(G/Q)POSS-1p"",""OFFICE"",""POSS-1p"",""BOSS""],[""WORK""],[""ABOVE"",""IX-loc:j""]]",3,1,2,5,98,94,101,True
asllrp_other_ctc,train,RACHEL,Rachel_2012-02-09_sc60,23880561.mp4,https://dai.cs.rutgers.edu/ss3front/23880561.mp4,0,"[""NOW"",""__OTHER__""]","[78,101]","[[""NOW""],[""ns-FRANCE"",""KING"",""BALD"",""(1h)part:indef""]]",2,1,1,5,75,71,101,True
asllrp_other_ctc,train,RACHEL,Rachel_2012-02-09_sc60,23880660.mp4,https://dai.cs.rutgers.edu/ss3front/23880660.mp4,0,"[""__OTHER__"",""NOW"",""__OTHER__""]","[101,78,101]","[[""ns-FRANCE"",""POSS-3p:j"",""KING"",""BALD"",""NOT"",""#NO"",""IX-3p:j"",""NONE/NOTHING"",""KING""],[""NOW""],[""part:indef""]]",3,1,2,8,116,109,101,True
asllrp_other_ctc,train,RACHEL,Rachel_2012-02-09_sc60,23880955.mp4,https://dai.cs.rutgers.edu/ss3front/23880955.mp4,0,"[""__OTHER__"",""HOME"",""__OTHER__""]","[101,87,101]","[[""#WHEN"",""RAIN"",""IX-1p"",""NOT"",""STAY_2""],[""HOME""],[""DEPART""]]",3,1,2,3,83,81,101,True
asllrp_other_ctc,train,RACHEL,Rachel_2012-02-09_sc60,23881053.mp4,https://dai.cs.rutgers.edu/ss3front/23881053.mp4,0,"[""__OTHER__"",""HOME"",""__OTHER__""]","[101,87,101]","[[""IF"",""RAIN"",""IX-1p"",""STAY_2""],[""HOME""],[""(1h)part:indef""]]",3,1,2,3,78,76,101,True
asllrp_other_ctc,train,RACHEL,Rachel_2012-02-09_sc60,23881054.mp4,https://dai.cs.rutgers.edu/ss3front/23881054.mp4,0,"[""WHEN"",""__OTHER__"",""HOME"",""__OTHER__""]","[11,101,87,101]","[[""WHEN""],[""RAIN"",""IX-1p"",""NOT"",""STAY_2""],[""HOME""],[""IX-1p"",""DEPART""]]",4,2,2,6,81,76,101,True
asllrp_other_ctc,train,RACHEL,Rachel_2012-02-09_sc60,23881152.mp4,https://dai.cs.rutgers.edu/ss3front/23881152.mp4,0,"[""__OTHER__"",""HOME""]","[101,87]","[[""#IF"",""RAIN"",""IX-1p"",""STAY_2""],[""HOME""]]",2,1,1,2,68,67,101,True
asllrp_other_ctc,train,RACHEL,Rachel_2012-02-09_sc60,23881251.mp4,https://dai.cs.rutgers.edu/ss3front/23881251.mp4,0,"[""__OTHER__"",""HOME""]","[101,87]","[[""RAIN"",""IX-1p"",""STAY_2""],[""HOME""]]",2,1,1,5,61,57,101,True
asllrp_other_ctc,train,RACHEL,Rachel_2012-02-09_sc60,23881349.mp4,https://dai.cs.rutgers.edu/ss3front/23881349.mp4,0,"[""__OTHER__"",""HOME"",""__OTHER__""]","[101,87,101]","[[""#WHEN"",""RAIN"",""IX-1p"",""STAY_2""],[""HOME""],[""(1h)part:indef""]]",3,1,2,3,84,82,101,True
asllrp_other_ctc,train,RACHEL,Rachel_2012-02-09_sc60,23881350.mp4,https://dai.cs.rutgers.edu/ss3front/23881350.mp4,0,"[""__OTHER__"",""HOME""]","[101,87]","[[""HAPPEN"",""RAIN"",""IX-1p"",""STAY_2""],[""HOME""]]",2,1,1,4,79,76,101,True
asllrp_other_ctc,train,RACHEL,Rachel_2012-02-09_sc60,23881448.mp4,https://dai.cs.rutgers.edu/ss3front/23881448.mp4,0,"[""WHEN"",""__OTHER__"",""HOME""]","[11,101,87]","[[""WHEN""],[""RAIN"",""IX-1p"",""STAY_2""],[""HOME""]]",3,2,1,7,72,66,101,True
asllrp_other_ctc,train,RACHEL,Rachel_2012-02-09_sc60,23881547.mp4,https://dai.cs.rutgers.edu/ss3front/23881547.mp4,0,"[""__OTHER__"",""SCHOOL"",""__OTHER__""]","[101,88,101]","[[""#IF"",""SNOW"",""NONE/NOTHING"",""part:indef""],[""SCHOOL""],[""CONTINUE"",""(1h)part:indef""]]",3,1,2,3,88,86,101,True
asllrp_other_ctc,train,RACHEL,Rachel_2012-02-09_sc60,23881645.mp4,https://dai.cs.rutgers.edu/ss3front/23881645.mp4,0,"[""__OTHER__"",""SCHOOL"",""__OTHER__""]","[101,88,101]","[[""HAPPEN"",""NONE/NOTHING"",""SNOW""],[""SCHOOL""],[""STILL"",""(1h)part:indef""]]",3,1,2,4,82,79,101,True
asllrp_other_ctc,train,RACHEL,Rachel_2012-02-09_sc60,23881646.mp4,https://dai.cs.rutgers.edu/ss3front/23881646.mp4,0,"[""__OTHER__"",""SCHOOL"",""__OTHER__""]","[101,88,101]","[[""IF"",""SNOW"",""NONE/NOTHING"",""part:indef""],[""SCHOOL""],[""CONTINUE""]]",3,1,2,1,77,77,101,True
asllrp_other_ctc,train,RACHEL,Rachel_2012-02-09_sc60,23881744.mp4,https://dai.cs.rutgers.edu/ss3front/23881744.mp4,0,"[""__OTHER__"",""SCHOOL"",""__OTHER__""]","[101,88,101]","[[""#WHEN"",""SNOW"",""NONE/NOTHING""],[""SCHOOL""],[""CONTINUE""]]",3,1,2,2,65,64,101,True
asllrp_other_ctc,train,RACHEL,Rachel_2012-02-09_sc60,23881842.mp4,https://dai.cs.rutgers.edu/ss3front/23881842.mp4,0,"[""__OTHER__"",""SCHOOL"",""__OTHER__""]","[101,88,101]","[[""#IF"",""SNOW""],[""SCHOOL""],[""CANCEL/CRITICIZE"",""NOT""]]",3,1,2,1,74,74,101,True
asllrp_other_ctc,train,RACHEL,Rachel_2012-02-09_sc60,23881843.mp4,https://dai.cs.rutgers.edu/ss3front/23881843.mp4,0,"[""__OTHER__"",""SCHOOL"",""__OTHER__""]","[101,88,101]","[[""SNOW""],[""SCHOOL""],[""CANCEL/CRITICIZE"",""CONTINUE""]]",3,1,2,10,79,70,101,True
asllrp_other_ctc,train,RACHEL,Rachel_2012-02-09_sc60,23881941.mp4,https://dai.cs.rutgers.edu/ss3front/23881941.mp4,0,"[""__OTHER__"",""SCHOOL"",""__OTHER__""]","[101,88,101]","[[""IF"",""SNOW""],[""SCHOOL""],[""STILL"",""NOT"",""CANCEL/CRITICIZE""]]",3,1,2,2,86,85,101,True
asllrp_other_ctc,train,RACHEL,Rachel_2012-02-09_sc60,23882039.mp4,https://dai.cs.rutgers.edu/ss3front/23882039.mp4,0,"[""__OTHER__"",""SCHOOL"",""__OTHER__""]","[101,88,101]","[[""SNOW""],[""SCHOOL""],[""NOT"",""CANCEL/CRITICIZE""]]",3,1,2,6,74,69,101,True
asllrp_other_ctc,train,RACHEL,Rachel_2012-02-09_sc60,23882040.mp4,https://dai.cs.rutgers.edu/ss3front/23882040.mp4,0,"[""__OTHER__"",""SCHOOL"",""__OTHER__""]","[101,88,101]","[[""HAPPEN"",""SNOW""],[""SCHOOL""],[""NOT"",""CANCEL/CRITICIZE"",""5\\out of my control\\\""\""""]]",3,1,2,6,102,97,101,True
asllrp_other_ctc,train,RACHEL,Rachel_2012-02-09_sc60,23882138.mp4,https://dai.cs.rutgers.edu/ss3front/23882138.mp4,0,"[""__OTHER__"",""SCHOOL"",""__OTHER__""]","[101,88,101]","[[""#WHEN"",""SNOW""],[""SCHOOL""],[""NOT"",""CANCEL/CRITICIZE""]]",3,1,2,2,78,77,101,True
asllrp_other_ctc,train,RACHEL,Rachel_2012-02-09_sc60,23882236.mp4,https://dai.cs.rutgers.edu/ss3front/23882236.mp4,0,"[""__OTHER__"",""SCHOOL"",""__OTHER__""]","[101,88,101]","[[""SNOW""],[""SCHOOL""],[""CANCEL/CRITICIZE""]]",3,1,2,5,66,62,101,True
asllrp_other_ctc,train,RACHEL,Rachel_2012-02-09_sc60,23882237.mp4,https://dai.cs.rutgers.edu/ss3front/23882237.mp4,0,"[""WHEN"",""__OTHER__"",""SCHOOL"",""__OTHER__""]","[11,101,88,101]","[[""WHEN""],[""SNOW""],[""SCHOOL""],[""NOT"",""CANCEL/CRITICIZE""]]",4,2,2,0,75,76,101,True
asllrp_other_ctc,train,RACHEL,Rachel_2012-02-09_sc60,23882335.mp4,https://dai.cs.rutgers.edu/ss3front/23882335.mp4,0,"[""__OTHER__"",""SCHOOL"",""__OTHER__""]","[101,88,101]","[[""#IF"",""SNOW""],[""SCHOOL""],[""CANCEL/CRITICIZE""]]",3,1,2,7,82,76,101,True
asllrp_other_ctc,train,RACHEL,Rachel_2012-02-09_sc60,23882434.mp4,https://dai.cs.rutgers.edu/ss3front/23882434.mp4,0,"[""__OTHER__"",""SCHOOL"",""__OTHER__""]","[101,88,101]","[[""IF"",""SNOW""],[""SCHOOL""],[""CANCEL/CRITICIZE""]]",3,1,2,4,69,66,101,True
asllrp_other_ctc,train,RACHEL,Rachel_2012-02-09_sc60,23882532.mp4,https://dai.cs.rutgers.edu/ss3front/23882532.mp4,0,"[""__OTHER__"",""SCHOOL"",""__OTHER__""]","[101,88,101]","[[""#WHEN"",""SNOW""],[""SCHOOL""],[""CANCEL/CRITICIZE""]]",3,1,2,1,71,71,101,True
asllrp_other_ctc,train,RACHEL,Rachel_2012-02-09_sc60,23882533.mp4,https://dai.cs.rutgers.edu/ss3front/23882533.mp4,0,"[""__OTHER__"",""SCHOOL"",""__OTHER__""]","[101,88,101]","[[""HAPPEN"",""SNOW""],[""SCHOOL""],[""CANCEL/CRITICIZE""]]",3,1,2,4,79,76,101,True
asllrp_other_ctc,train,RACHEL,Rachel_2012-02-09_sc60,23882631.mp4,https://dai.cs.rutgers.edu/ss3front/23882631.mp4,0,"[""WHEN"",""__OTHER__"",""SCHOOL"",""__OTHER__""]","[11,101,88,101]","[[""WHEN""],[""SNOW""],[""SCHOOL""],[""CANCEL/CRITICIZE""]]",4,2,2,1,76,76,101,True
asllrp_other_ctc,train,RACHEL,Rachel_2012-02-09_sc60,23882926.mp4,https://dai.cs.rutgers.edu/ss3front/23882926.mp4,0,"[""WHEN"",""__OTHER__""]","[11,101]","[[""WHEN""],[""NOT"",""SNOW"",""(G/Q)POSS-1p"",""fs-TRIP"",""IX-3p:j"",""CANCEL/CRITICIZE""]]",2,1,1,3,67,65,101,True
asllrp_other_ctc,train,RACHEL,Rachel_2012-02-09_sc60,23883025.mp4,https://dai.cs.rutgers.edu/ss3front/23883025.mp4,0,"[""__OTHER__"",""HOME"",""__OTHER__""]","[101,87,101]","[[""#NO"",""NOT"",""COME""],[""HOME""],[""NONE/NOTHING""]]",3,1,2,12,72,61,101,True
asllrp_other_ctc,train,RACHEL,Rachel_2012-02-09_sc60,23883223.mp4,https://dai.cs.rutgers.edu/ss3front/23883223.mp4,0,"[""__OTHER__"",""HAVE"",""__OTHER__"",""HAVE"",""__OTHER__""]","[101,32,101,32,101]","[[""POSS-2p"",""CAR""],[""HAVE""],[""FLAT-TIRE_3"",""#NO"",""IX-1p"",""NOT""],[""HAVE""],[""NONE/NOTHING""]]",5,2,3,2,82,81,101,True
asllrp_other_ctc,train,RACHEL,Rachel_2012-02-09_sc60,23883322.mp4,https://dai.cs.rutgers.edu/ss3front/23883322.mp4,0,"[""__OTHER__"",""NOW"",""__OTHER__""]","[101,78,101]","[[""IX-2p"",""GO-OUT"",""fs-MALL""],[""NOW""],[""IX-1p"",""(1h)JOIN"",""(G/Q)POSS-1p"",""CAR"",""SCL:5\\deflated tire\\\""\"""",""(1h)5\\resignation\\\""\""""]]",3,1,2,3,95,93,101,True
asllrp_other_ctc,train,RACHEL,Rachel_2012-02-09_sc60,23883421.mp4,https://dai.cs.rutgers.edu/ss3front/23883421.mp4,0,"[""__OTHER__"",""NOW"",""__OTHER__"",""MORE"",""__OTHER__""]","[101,78,101,71,101]","[[""IX-3p:j"",""ns-fs-BOB"",""IX-3p:j"",""NOT"",""KNOW"",""IX-3p:j"",""(1h)PRESIDENT"",""ns-fs-SILBER"",""PRESIDENT"",""IX-3p:j"",""(1h)part:indef""],[""NOW""],[""NOT"",""PRESIDENT"",""(2h)ANY""],[""MORE""],[""part:indef""]]",5,2,3,1,144,144,101,True
asllrp_other_ctc,train,RACHEL,Rachel_2012-02-09_sc60,23883617.mp4,https://dai.cs.rutgers.edu/ss3front/23883617.mp4,0,"[""__OTHER__"",""TALK"",""__OTHER__""]","[101,46,101]","[[""IX-3p:j""],[""TALK""],[""A-LOT"",""IX-3p:j""]]",3,1,2,3,54,52,101,True
asllrp_other_ctc,train,RACHEL,Rachel_2012-02-09_sc60,23883716.mp4,https://dai.cs.rutgers.edu/ss3front/23883716.mp4,0,"[""NOW"",""__OTHER__""]","[78,101]","[[""NOW""],[""ns-FRANCE"",""KING"",""BALD"",""(1h)5\\perplexed\\\""\"""",""NONE/NOTHING"",""(1h)5\\perplexed\\\""\""""]]",2,1,1,3,86,84,101,True
asllrp_other_ctc,train,RACHEL,Rachel_2012-02-09_sc60,23883815.mp4,https://dai.cs.rutgers.edu/ss3front/23883815.mp4,0,"[""NOW"",""__OTHER__""]","[78,101]","[[""NOW""],[""ns-FRANCE"",""(1h)HAVE"",""KING"",""QMwg""]]",2,1,1,3,73,71,101,True
asllrp_other_ctc,train,RACHEL,Rachel_2012-02-09_sc60,23884111.mp4,https://dai.cs.rutgers.edu/ss3front/23884111.mp4,0,"[""__OTHER__"",""STOP"",""__OTHER__""]","[101,37,101]","[[""ns-fs-MARY"",""NOT""],[""STOP""],[""ROWING"",""#NO""]]",3,1,2,0,56,57,101,True
asllrp_other_ctc,train,RACHEL,Rachel_2012-02-14_sc66,25317.mp4,https://dai.cs.rutgers.edu/ss3front/25317.mp4,0,"[""__OTHER__"",""TALK"",""__OTHER__"",""HOW"",""__OTHER__"",""HOSPITAL"",""__OTHER__""]","[101,46,101,14,101,89,101]","[[""IX-2p"",""IX-1p"",""FUTURE""],[""TALK""],[""ABOUT"",""IX-3p:j"",""EARLY_2"",""INCLUDE/INVOLVE"",""fs-FIELD""],[""HOW""],[""IX-3p:j""],[""HOSPITAL""],[""5\\hesitation\\\""\"""",""INFORM:j"",""MOTHER+FATHER"",""ABOUT"",""IX-3p:j"",""KID"",""DEAF""]]",7,3,4,14,269,256,101,True
asllrp_other_ctc,train,RACHEL,Rachel_2012-02-14_sc66,25339.mp4,https://dai.cs.rutgers.edu/ss3front/25339.mp4,0,"[""__OTHER__"",""HOSPITAL"",""__OTHER__""]","[101,89,101]","[[""IX-1p"",""LIST-NAMES"",""THAT"",""FOR"",""SHOW"",""POWER"",""fs-OF"",""LANGUAGE"",""IN""],[""HOSPITAL""],[""5-C-L\\you know\\\""\""""]]",3,1,2,5,130,126,101,True
asllrp_other_ctc,train,RACHEL,Rachel_2012-02-14_sc66,253410.mp4,https://dai.cs.rutgers.edu/ss3front/253410.mp4,0,"[""__OTHER__"",""HOSPITAL"",""__OTHER__"",""MORE"",""__OTHER__""]","[101,89,101,71,101]","[[""NOT"",""ONLY"",""IN""],[""HOSPITAL""],[""BUT""],[""MORE""],[""GENERAL""]]",5,2,3,2,63,62,101,True
asllrp_other_ctc,train,RACHEL,Rachel_2012-02-14_sc66,253613.mp4,https://dai.cs.rutgers.edu/ss3front/253613.mp4,0,"[""__OTHER__"",""DIFFERENT""]","[101,74]","[[""SAME"",""ASK_2"",""part:indef"",""USE_2"",""WORD-pl""],[""DIFFERENT""]]",2,1,1,0,89,90,101,True
asllrp_other_ctc,train,RACHEL,Rachel_2012-02-14_sc66,253714.mp4,https://dai.cs.rutgers.edu/ss3front/253714.mp4,0,"[""__OTHER__"",""THINK"",""__OTHER__""]","[101,30,101]","[[""IX-3p:j"",""IX-3p:j""],[""THINK""],[""FINISH""]]",3,1,2,261,349,89,101,True
asllrp_other_ctc,train,RACHEL,Rachel_2012-02-14_sc66,254018.mp4,https://dai.cs.rutgers.edu/ss3front/254018.mp4,0,"[""__OTHER__"",""HOW"",""__OTHER__"",""HOW"",""__OTHER__""]","[101,14,101,14,101]","[[""SAME"",""OTHER"",""LIST-ORDER-MIDDLE""],[""HOW""],[""FAST"",""CAR"",""(5)ACCIDENT"",""BEFORE_2"",""ACCIDENT""],[""HOW""],[""FAST""]]",5,2,3,0,131,132,101,True
asllrp_other_ctc,train,RACHEL,Rachel_2012-02-14_sc66,254120.mp4,https://dai.cs.rutgers.edu/ss3front/254120.mp4,0,"[""__OTHER__"",""HOW"",""__OTHER__"",""ANSWER"",""__OTHER__"",""SEE"",""__OTHER__""]","[101,14,101,49,101,43,101]","[[""ONLY"",""TWENTY"",""THIRTY_2"",""fs-MPH"",""OH-I-SEE"",""MEAN"",""SHOW""],[""HOW""],[""LANGUAGE"",""USE_2"",""SUBLIMINAL-INFLUENCE"",""IX-3p:j"",""FUTURE""],[""ANSWER""],[""ANYWAY/NOT-MATTER"",""#ALL_2"",""IX-3p:j""],[""SEE""],[""ALSO"",""VIDEOTAPE"",""crvd-B\\you see\\\""\""""]]",7,3,4,0,243,244,101,True
asllrp_other_ctc,train,RACHEL,Rachel_2012-02-14_sc66,254222.mp4,https://dai.cs.rutgers.edu/ss3front/254222.mp4,0,"[""__OTHER__"",""WHEN"",""__OTHER__""]","[101,11,101]","[[""NEXT-TOPIC"",""IN"",""EARLY_2"",""INCLUDE/INVOLVE"",""part:indef""],[""WHEN""],[""MOTHER+FATHER"",""BORN"",""BABY"",""(1h)GO"",""HEAR"",""SCREEN/FILTER"",""part:indef""]]",3,1,2,1,194,194,101,True
asllrp_other_ctc,train,RACHEL,Rachel_2012-02-14_sc66,254424.mp4,https://dai.cs.rutgers.edu/ss3front/254424.mp4,0,"[""__OTHER__"",""SORRY"",""__OTHER__""]","[101,19,101]","[[""(D)DOCTOR"",""OFTEN"",""FIRST"",""WITH"",""MOTHER+FATHER"",""(D)DOCTOR"",""NURSE"",""FIRST"",""WORD"",""IX-3p-pl-2:i/j"",""FUTURE"",""SAY"",""\\WHAT\\\""\"""",""IX-1p""],[""SORRY""],[""THAT""]]",3,1,2,3,240,238,101,True
asllrp_other_ctc,train,RACHEL,Rachel_2012-02-14_sc66,254424.mp4,https://dai.cs.rutgers.edu/ss3front/254424.mp4,1,"[""__OTHER__"",""SORRY"",""__OTHER__""]","[101,19,101]","[[""FINISH"",""NEGATIVE"",""INFORM""],[""SORRY""],[""POSS-2p"",""KID"",""DEAF"",""part:indef""]]",3,1,2,254,372,119,101,True
asllrp_other_ctc,train,RACHEL,Rachel_2012-02-14_sc66,254525.mp4,https://dai.cs.rutgers.edu/ss3front/254525.mp4,0,"[""__OTHER__"",""SORRY"",""__OTHER__"",""GOOD"",""__OTHER__""]","[101,19,101,58,101]","[[""(2h)5\\wow\\\""\"""",""OF-COURSE"",""MOTHER+FATHER"",""AFRAID"",""KNOW""],[""SORRY""],[""NEVER""],[""GOOD""],[""(2h)THING""]]",5,2,3,0,107,108,101,True
asllrp_other_ctc,train,RACHEL,Rachel_2012-02-14_sc66,254829.mp4,https://dai.cs.rutgers.edu/ss3front/254829.mp4,0,"[""__OTHER__"",""BAD"",""__OTHER__""]","[101,59,101]","[[""(25)WHY+NOT"",""USE_2"",""WORD"",""SAME"",""fs-IDENTIFIED"",""IX-1p"",""IDENTIFY"",""part:indef"",""NOT"",""SEEM""],[""BAD""],[""5\\you see\\\""\""""]]",3,1,2,0,191,192,101,True
asllrp_other_ctc,train,RACHEL,Rachel_2012-02-14_sc66,254830.mp4,https://dai.cs.rutgers.edu/ss3front/254830.mp4,0,"[""__OTHER__"",""NOW"",""__OTHER__"",""HOSPITAL"",""__OTHER__""]","[101,78,101,89,101]","[[""(nd-V/2)LIST-ORDER-MIDDLE"",""OFTEN"",""MOTHER+FATHER"",""SAY"",""5\\resignation\\\""\""""],[""NOW""],[""IX-1p"",""DISCUSS"",""ns-D""],[""HOSPITAL""],[""FUTURE"",""DISCUSS"",""IX-1p"",""EARLY_2"",""SERVICE"",""FACE+SAME"",""EARLY_2""]]",5,2,3,0,254,255,101,True
asllrp_other_ctc,train,RACHEL,Rachel_2012-02-14_sc66,254931.mp4,https://dai.cs.rutgers.edu/ss3front/254931.mp4,0,"[""__OTHER__"",""STOP"",""__OTHER__"",""SCHOOL"",""__OTHER__""]","[101,37,101,88,101]","[[""OFTEN"",""USE_2"",""IN"",""WORD"",""SAME"",""IX-3p:j"",""DRUGS"",""USE_2"",""(nd-V/2)LIST-ORDER-MIDDLE"",""IX-1p"",""MUST""],[""STOP""],[""SOMETHING/ONE"",""HAPPEN"",""(1h)5\\that's the way it is\\\""\"""",""IX-3p:j"",""KID"",""NOT"",""BEHAVIOR"",""IN""],[""SCHOOL""],[""SHOULD"",""INTERRUPT:j"",""INTERRUPT:j""]]",5,2,3,39,294,256,101,True
asllrp_other_ctc,train,RACHEL,Rachel_2012-02-14_sc66,255032.mp4,https://dai.cs.rutgers.edu/ss3front/255032.mp4,0,"[""__OTHER__"",""HOSPITAL"",""__OTHER__""]","[101,89,101]","[[""SEEM""],[""HOSPITAL""],[""SHOULD"",""INTERRUPT"",""MOTHER+FATHER"",""MEAN"",""MOTHER+FATHER"",""IX-loc:j"",""NOT"",""ACTION"",""(1h)GOOD/THANK-YOU"",""#JOB"",""5\\exasperation\\\""\""""]]",3,1,2,1,123,123,101,True
asllrp_other_ctc,train,RACHEL,Rachel_2012-02-14_sc66,255134.mp4,https://dai.cs.rutgers.edu/ss3front/255134.mp4,0,"[""__OTHER__"",""WORK"",""__OTHER__""]","[101,51,101]","[[""(25)WHY+NOT"",""USE_2"",""WORD"",""SAME"",""EARLY_2"",""MEAN"",""INCLUDE/INVOLVE-1p"",""IX-1p"",""INFORM:j"",""fs-RESOURCES"",""IX-1p""],[""WORK""],[""TOGETHER/GO-STEADY"",""IX-1p"",""NOT"",""INTERRUPT:j"",""5\\you see\\\""\""""]]",3,1,2,0,239,240,101,True
asllrp_other_ctc,train,RACHEL,Rachel_2012-02-14_sc66,255235.mp4,https://dai.cs.rutgers.edu/ss3front/255235.mp4,0,"[""__OTHER__"",""HOSPITAL"",""__OTHER__""]","[101,89,101]","[[""part:indef"",""(nd-3)THIRD-IN-LIST"",""OFTEN"",""IX-3p:j""],[""HOSPITAL""],[""FUTURE"",""DISCUSS"",""COMMUNICATE"",""OPTION""]]",3,1,2,8,164,157,101,True
asllrp_other_ctc,train,RACHEL,Rachel_2012-02-14_sc66,255337.mp4,https://dai.cs.rutgers.edu/ss3front/255337.mp4,0,"[""__OTHER__"",""LEARN"",""__OTHER__""]","[101,50,101]","[[""REALLY"",""CAN"",""ALL"",""IX-3p:j"",""CAN"",""USE-SIGN-LANGUAGE"",""IX-3p:j"",""WANT_2""],[""LEARN""],[""TALKwg"",""SPEECH/ORAL""]]",3,1,2,0,145,146,101,True
asllrp_other_ctc,train,RACHEL,Rachel_2012-02-14_sc66,255439.mp4,https://dai.cs.rutgers.edu/ss3front/255439.mp4,0,"[""__OTHER__"",""HOW"",""__OTHER__""]","[101,14,101]","[[""#SO"",""IX-loc:j""],[""HOW""],[""FAST"",""fs-WERE"",""CAR"",""GO-OUT"",""BEFORE_2"",""IX-3p:j"",""fs-HIT""]]",3,1,2,0,97,98,101,True
asllrp_other_ctc,train,RACHEL,Rachel_2012-02-14_sc66,255540.mp4,https://dai.cs.rutgers.edu/ss3front/255540.mp4,0,"[""__OTHER__"",""HOW"",""__OTHER__""]","[101,14,101]","[[""NEXT-GROUP""],[""HOW""],[""FAST"",""CAR"",""GO-OUT"",""BEFORE_2"",""IX-3p-pl-2:i/j"",""fs-COLLIDED"",""(5)RANGE"",""FINISH""]]",3,1,2,0,119,120,101,True
asllrp_other_ctc,train,RACHEL,Rachel_2012-02-14_sc66,255641.mp4,https://dai.cs.rutgers.edu/ss3front/255641.mp4,0,"[""__OTHER__"",""MAYBE"",""__OTHER__"",""YES"",""__OTHER__"",""MAYBE"",""__OTHER__""]","[101,22,101,20,101,22,101]","[[""GO-OUT"",""CAR""],[""MAYBE""],[""TWENTY"",""fs-MPH"",""(1)RANGE"",""fs-SMASHED"",""IX-loc:j"",""SAY""],[""YES""],[""BREAK"",""TOOTH/GLASS"",""CAR""],[""MAYBE""],[""SIXTY"",""fs-MPH"",""BUT"",""REALLY+WORK/BUSINESS""]]",7,3,4,3,255,253,101,True
asllrp_other_ctc,train,RACHEL,Rachel_2012-02-14_sc66,255743.mp4,https://dai.cs.rutgers.edu/ss3front/255743.mp4,0,"[""IMPORTANT"",""__OTHER__""]","[76,101]","[[""IMPORTANT""],[""(25)WHY+NOT"",""SAY"",""COMMUNICATE"",""OPPORTUNITY"",""part:indef""]]",2,1,1,0,147,148,101,True
asllrp_other_ctc,train,RACHEL,Rachel_2012-02-14_sc66,255844.mp4,https://dai.cs.rutgers.edu/ss3front/255844.mp4,0,"[""__OTHER__"",""MORE"",""__OTHER__""]","[101,71,101]","[[""SEEM"",""OPPORTUNITY"",""THAT"",""CAN"",""ACTION""],[""MORE""],[""THAN"",""ONE"",""part:indef""]]",3,1,2,0,85,86,101,True
asllrp_other_ctc,train,RACHEL,Rachel_2012-02-14_sc66,255945.mp4,https://dai.cs.rutgers.edu/ss3front/255945.mp4,0,"[""__OTHER__"",""NOW"",""__OTHER__""]","[101,78,101]","[[""OTHER"",""OFTEN"",""DISCUSS"",""(D)DOCTOR""],[""NOW""],[""IX-1p"",""SHOULD"",""DISCUSS"",""GRIEF"",""PROGRESS"",""5\\focus\\\""\"""",""SOCIAL-WORK"",""IX-3p:j"",""ADVISE/INFLUENCE"",""DISCUSS"",""IX-2p"",""FUTURE"",""PROGRESS"",""GRIEF""]]",3,1,2,17,263,247,101,True
asllrp_other_ctc,train,RACHEL,Rachel_2012-02-14_sc66,256352.mp4,https://dai.cs.rutgers.edu/ss3front/256352.mp4,0,"[""__OTHER__"",""WORK"",""__OTHER__"",""HAVE"",""__OTHER__""]","[101,51,101,32,101]","[[""IX-3p:j"",""CAN"",""READ_2"",""WRITE"",""IX-3p:j"",""(1h)CAN"",""COMMUNICATE"",""(1h)part:indef"",""CAN""],[""WORK""],[""IX-3p:j""],[""HAVE""],[""(1h)#ED"",""(1h)part:indef"",""LIST-ORDER"",""part:indef""]]",5,2,3,0,189,190,101,True
asllrp_other_ctc,train,RACHEL,Rachel_2012-02-14_sc66,256554.mp4,https://dai.cs.rutgers.edu/ss3front/256554.mp4,0,"[""__OTHER__"",""HAVE"",""__OTHER__""]","[101,32,101]","[[""OFTEN"",""RESEARCH"",""IX-3p-pl-arc"",""PROVE"",""(2h)THAT"",""IX-3p:j"",""WHO"",""DEAF"",""fs-MENTOR"",""IX-loc:j"",""ACTION"",""BETTER""],[""HAVE""],[""IX-3p:j"",""RESEARCH"",""STUDY:j"",""STUDY:j"",""TWO"",""GROUP:j"",""GROUP:j""]]",3,1,2,1,240,240,101,True
asllrp_other_ctc,train,RACHEL,Rachel_2012-02-14_sc66,256656.mp4,https://dai.cs.rutgers.edu/ss3front/256656.mp4,0,"[""__OTHER__"",""TIME"",""__OTHER__"",""TIME"",""HOME"",""__OTHER__"",""SCHOOL"",""__OTHER__""]","[101,83,101,83,87,101,88,101]","[[""HOW-MANY""],[""TIME""],[""MEETING"",""(nd-3)SECOND-IN-LIST"",""HOW-MANY""],[""TIME""],[""HOME""],[""VISIT"",""SAME"",""KIND"",""fs-OF""],[""SCHOOL""],[""SAME"",""KIND"",""(2h)THING"",""SAME-LIST""]]",8,4,4,0,196,197,101,True
asllrp_other_ctc,train,RACHEL,Rachel_2012-02-14_sc66,256860.mp4,https://dai.cs.rutgers.edu/ss3front/256860.mp4,0,"[""__OTHER__"",""MORE"",""__OTHER__""]","[101,71,101]","[[""CANNOT"",""FIRST""],[""MORE""],[""CITY/COMMUNITY""]]",3,1,2,2,107,106,101,True
asllrp_other_ctc,train,RACHEL,Rachel_2012-02-14_sc66,256961.mp4,https://dai.cs.rutgers.edu/ss3front/256961.mp4,0,"[""SEE"",""__OTHER__"",""FRIEND"",""__OTHER__"",""IMPORTANT"",""__OTHER__""]","[43,101,92,101,76,101]","[[""SEE""],[""fs-BE""],[""FRIEND""],[""WITH"",""(1h)CHILDREN"",""(1h)GIFT"",""IX-3p:j"",""MOTHER+FATHER"",""IX-loc:j""],[""IMPORTANT""],[""COOPERATE/UNITE"",""MUST""]]",6,3,3,4,142,139,101,True
asllrp_other_ctc,train,RACHEL,Rachel_2012-02-14_sc66,257063.mp4,https://dai.cs.rutgers.edu/ss3front/257063.mp4,0,"[""__OTHER__"",""HAVE"",""__OTHER__""]","[101,32,101]","[[""GROUP/TOGETHER:j"",""GROUP/TOGETHER:j"",""SAME-LIST"",""IX-3p:j""],[""HAVE""],[""DEAF"",""PEOPLE"",""INCLUDE/INVOLVE"",""IX-loc:j"",""IX-3p:j"",""NONE/NOTHING""]]",3,1,2,39,188,150,101,True
asllrp_other_ctc,train,RACHEL,Rachel_2012-02-14_sc66,257265.mp4,https://dai.cs.rutgers.edu/ss3front/257265.mp4,0,"[""__OTHER__"",""TIME""]","[101,83]","[[""DURING/WHILE"",""IX-3p:j"",""NONE/NOTHING"",""DEAF"",""fs-MENTOR"",""CONTINUE"",""(2h)alt.DISAPPOINT"",""GRIEF"",""LONG""],[""TIME""]]",2,1,1,0,163,164,101,True
asllrp_other_ctc,train,RACHEL,Rachel_2012-02-14_sc66,257266.mp4,https://dai.cs.rutgers.edu/ss3front/257266.mp4,0,"[""__OTHER__"",""FAMILY"",""__OTHER__""]","[101,91,101]","[[""fs-SO"",""AGAIN"",""(1h)HAVE"",""MUST"",""DEAF"",""ROLE"",""fs-MODEL"",""WITH""],[""FAMILY""],[""5\\you see\\\""\""""]]",3,1,2,0,139,140,101,True
asllrp_other_ctc,train,RACHEL,Rachel_2012-02-14_sc66,257368.mp4,https://dai.cs.rutgers.edu/ss3front/257368.mp4,0,"[""__OTHER__"",""MAYBE"",""__OTHER__""]","[101,22,101]","[[""OFTEN"",""USE_2"",""WORD"",""fs-DIAGNOSIS"",""IX-3p:j"",""(1h)QUOTE/TOPIC"",""VERY"",""NEGATIVE"",""IX-3p:j"",""SICK"",""fs-CANCER"",""part:indef""],[""MAYBE""],[""fs-TERMINAL""]]",3,1,2,0,246,247,101,True
asllrp_other_ctc,train,RACHEL,Rachel_2012-01-27_sc51,26826234.mp4,https://dai.cs.rutgers.edu/ss3front/26826234.mp4,0,"[""__OTHER__"",""WORK""]","[101,51]","[[""IX-3p:j"",""ns-fs-JOHN"",""GO-OUT"",""WITH"",""ns-fs-MARY"",""NOT"",""DRIVE"",""5\\wave no\\\""\"""",""SCL:U-L\\person walking\\\""\"""",""TO/UNTIL""],[""WORK""]]",2,1,1,19,134,116,101,True
asllrp_other_ctc,train,RACHEL,Rachel_2012-01-27_sc51,26826332.mp4,https://dai.cs.rutgers.edu/ss3front/26826332.mp4,0,"[""__OTHER__"",""WORK"",""__OTHER__""]","[101,51,101]","[[""ns-fs-JOHN"",""DRIVE"",""ns-fs-MARY""],[""WORK""],[""#NO"",""(1h)5\\wave no\\\""\"""",""IX-loc:j"",""(1h)TEND"",""ns-fs-AMY""]]",3,1,2,24,115,92,101,True
asllrp_other_ctc,train,RACHEL,Rachel_2012-01-27_sc51,26826333.mp4,https://dai.cs.rutgers.edu/ss3front/26826333.mp4,0,"[""__OTHER__"",""WORK"",""__OTHER__"",""SCHOOL""]","[101,51,101,88]","[[""ns-fs-JOHN"",""DRIVE"",""TO/UNTIL"",""ns-fs-MARY"",""NOT""],[""WORK""],[""(1h)5\\wave no\\\""\"""",""TO/UNTIL""],[""SCHOOL""]]",4,2,2,2,87,86,101,True
asllrp_other_ctc,train,RACHEL,Rachel_2012-01-27_sc51,26826431.mp4,https://dai.cs.rutgers.edu/ss3front/26826431.mp4,0,"[""__OTHER__"",""WORK""]","[101,51]","[[""ns-fs-JOHN"",""FUTURE"",""DRIVE"",""IX-3p:j"",""ns-fs-MARY""],[""WORK""]]",2,1,1,5,73,69,101,True
asllrp_other_ctc,train,RACHEL,Rachel_2012-01-27_sc51,26826530.mp4,https://dai.cs.rutgers.edu/ss3front/26826530.mp4,0,"[""__OTHER__"",""WORK"",""__OTHER__""]","[101,51,101]","[[""EVERYDAY"",""IX-3p:j"",""ns-fs-JOHN"",""DRIVE"",""IX-3p:j"",""ns-fs-MARY"",""TO/UNTIL""],[""WORK""],[""(1h)part:indef""]]",3,1,2,3,105,103,101,True
asllrp_other_ctc,train,RACHEL,Rachel_2012-01-27_sc51,26826628.mp4,https://dai.cs.rutgers.edu/ss3front/26826628.mp4,0,"[""__OTHER__"",""WORK"",""__OTHER__""]","[101,51,101]","[[""EVERYDAY"",""IX-3p:j"",""ns-fs-JOHN"",""DRIVE"",""IX-3p:j"",""ns-fs-MARY""],[""WORK""],[""(1h)part:indef""]]",3,1,2,7,105,99,101,True
asllrp_other_ctc,train,RACHEL,Rachel_2012-01-27_sc51,26826629.mp4,https://dai.cs.rutgers.edu/ss3front/26826629.mp4,0,"[""__OTHER__"",""WORK"",""__OTHER__""]","[101,51,101]","[[""LONG-AGO"",""TEND"",""DRIVE"",""IX-3p:j"",""ns-fs-MARY"",""TO/UNTIL""],[""WORK""],[""(1h)TEND""]]",3,1,2,17,121,105,101,True
asllrp_other_ctc,train,RACHEL,Rachel_2012-01-27_sc51,26826826.mp4,https://dai.cs.rutgers.edu/ss3front/26826826.mp4,0,"[""__OTHER__"",""WORK""]","[101,51]","[[""HAPPEN"",""IX-3p:j"",""ns-fs-MARY"",""CAR"",""BREAK-DOWN"",""TEND"",""IX-3p:j"",""ns-fs-JOHN"",""DRIVE"",""TO/UNTIL""],[""WORK""]]",2,1,1,7,128,122,101,True
asllrp_other_ctc,train,RACHEL,Rachel_2012-01-27_sc51,26826827.mp4,https://dai.cs.rutgers.edu/ss3front/26826827.mp4,0,"[""__OTHER__"",""WORK""]","[101,51]","[[""ns-fs-JOHN"",""DRIVE"",""ns-fs-MARY""],[""WORK""]]",2,1,1,11,77,67,101,True
asllrp_other_ctc,train,RACHEL,Rachel_2012-01-27_sc51,26826925.mp4,https://dai.cs.rutgers.edu/ss3front/26826925.mp4,0,"[""__OTHER__"",""WORK""]","[101,51]","[[""IX-3p:j"",""ns-fs-MARY"",""CAR"",""BREAK-DOWN"",""FINE"",""IX-3p:j"",""ns-fs-JOHN"",""DRIVE"",""IX-3p:j"",""TO/UNTIL""],[""WORK""]]",2,1,1,11,134,124,101,True
asllrp_other_ctc,train,RACHEL,Rachel_2012-01-27_sc51,26827518.mp4,https://dai.cs.rutgers.edu/ss3front/26827518.mp4,0,"[""__OTHER__"",""YES""]","[101,20]","[[""IX-3p:j"",""CAR"",""REALLY+WORK/BUSINESS"",""BREAK-DOWN""],[""YES""]]",2,1,1,4,73,70,101,True
asllrp_other_ctc,train,RACHEL,Rachel_2012-01-27_sc51,26827814.mp4,https://dai.cs.rutgers.edu/ss3front/26827814.mp4,0,"[""__OTHER__"",""HAVE"",""__OTHER__""]","[101,32,101]","[[""(1h)KEY"",""IX-loc:j"",""IX-1p""],[""HAVE""],[""CORRECT"",""FOR"",""CAR"",""A-OK"",""IX-3p:j""]]",3,1,2,7,76,70,101,True
asllrp_other_ctc,train,RACHEL,Rachel_2012-01-27_sc51,26827913.mp4,https://dai.cs.rutgers.edu/ss3front/26827913.mp4,0,"[""__OTHER__"",""HAVE"",""__OTHER__""]","[101,32,101]","[[""CAR"",""IX-3p:j""],[""HAVE""],[""#GAS"",""FINISH-shake"",""CHECK""]]",3,1,2,9,72,64,101,True
asllrp_other_ctc,train,RACHEL,Rachel_2012-01-27_sc51,26828012.mp4,https://dai.cs.rutgers.edu/ss3front/26828012.mp4,0,"[""__OTHER__"",""YES""]","[101,20]","[[""CAR"",""BREAK-DOWN""],[""YES""]]",2,1,1,9,61,53,101,True
asllrp_other_ctc,train,RACHEL,Rachel_2012-01-27_sc51,26828110.mp4,https://dai.cs.rutgers.edu/ss3front/26828110.mp4,0,"[""__OTHER__"",""MAYBE"",""__OTHER__""]","[101,22,101]","[[""IX-3p:j"",""CAR"",""NOT"",""BREAK-DOWN""],[""MAYBE""],[""RUN-OUT""]]",3,1,2,5,66,62,101,True
asllrp_other_ctc,train,RACHEL,Rachel_2012-02-09_sc61,33732942.mp4,https://dai.cs.rutgers.edu/ss3front/33732942.mp4,0,"[""__OTHER__"",""HAVE"",""__OTHER__""]","[101,32,101]","[[""IX-1p"",""FINISH"",""KNOW""],[""HAVE""],[""PINEAPPLE"",""fs-CREAM"",""CHEESE""]]",3,1,2,2,80,79,101,True
asllrp_other_ctc,train,RACHEL,Rachel_2012-02-09_sc61,33733041.mp4,https://dai.cs.rutgers.edu/ss3front/33733041.mp4,0,"[""__OTHER__"",""READ"",""__OTHER__""]","[101,52,101]","[[""TEACH+AGENT"",""REQUIRE"",""ns-fs-JOHN"",""IX-3p:j"",""FUTURE""],[""READ""],[""BOOK""]]",3,1,2,11,90,80,101,True
asllrp_other_ctc,train,RACHEL,Rachel_2012-02-09_sc61,33733139.mp4,https://dai.cs.rutgers.edu/ss3front/33733139.mp4,0,"[""__OTHER__"",""HAVE"",""__OTHER__""]","[101,32,101]","[[""IX-1p"",""HOPE""],[""HAVE""],[""PINEAPPLE"",""fs-CREAM"",""CHEESE""]]",3,1,2,1,71,71,101,True
asllrp_other_ctc,train,RACHEL,Rachel_2012-02-09_sc61,33733238.mp4,https://dai.cs.rutgers.edu/ss3front/33733238.mp4,0,"[""__OTHER__"",""LIKE"",""__OTHER__""]","[101,26,101]","[[""#NO"",""IX-1p"",""NOT""],[""LIKE""],[""PINEAPPLE"",""fs-CREAM"",""CHEESE"",""IX-1p"",""FAVORITE/PREFER"",""fs-LOX""]]",3,1,2,2,98,97,101,True
asllrp_other_ctc,train,RACHEL,Rachel_2012-02-09_sc61,33733336.mp4,https://dai.cs.rutgers.edu/ss3front/33733336.mp4,0,"[""__OTHER__"",""READ"",""__OTHER__"",""READ""]","[101,52,101,52]","[[""IX-3p:j"",""TEACH+AGENT"",""NOT"",""REQUIRE""],[""READ""],[""DROP"",""IX-3p:j"",""ns-fs-JOHN"",""IX-loc:j"",""NOT""],[""READ""]]",4,2,2,7,113,107,101,True
asllrp_other_ctc,train,RACHEL,Rachel_2012-02-09_sc61,33733435.mp4,https://dai.cs.rutgers.edu/ss3front/33733435.mp4,0,"[""__OTHER__"",""READ"",""__OTHER__"",""READ"",""__OTHER__""]","[101,52,101,52,101]","[[""TEACH+AGENT"",""NOT"",""REQUIRE"",""BOOK""],[""READ""],[""DROP"",""IX-3p:j"",""ns-fs-JOHN"",""FUTURE""],[""READ""],[""BOOK"",""(2h)B-L\\I don't know\\\""\""""]]",5,2,3,6,122,117,101,True
asllrp_other_ctc,train,RACHEL,Rachel_2012-02-09_sc61,33733534.mp4,https://dai.cs.rutgers.edu/ss3front/33733534.mp4,0,"[""__OTHER__"",""READ"",""__OTHER__""]","[101,52,101]","[[""TEACH+AGENT"",""IX-3p:j"",""REQUIRE"",""IX-3p:j"",""ns-fs-JOHN"",""MUST""],[""READ""],[""BOOK""]]",3,1,2,9,96,88,101,True
asllrp_other_ctc,train,RACHEL,Rachel_2012-02-09_sc61,33733632.mp4,https://dai.cs.rutgers.edu/ss3front/33733632.mp4,0,"[""__OTHER__"",""TOMORROW"",""__OTHER__"",""SCHOOL"",""__OTHER__""]","[101,79,101,88,101]","[[""#IF""],[""TOMORROW""],[""SNOW"",""GUARANTEE""],[""SCHOOL""],[""FUTURE"",""CLOSE-DOOR""]]",5,2,3,11,76,66,101,True
asllrp_other_ctc,train,RACHEL,Rachel_2012-02-09_sc61,33733730.mp4,https://dai.cs.rutgers.edu/ss3front/33733730.mp4,0,"[""__OTHER__"",""SCHOOL"",""__OTHER__""]","[101,88,101]","[[""GO-OUT"",""NOT"",""SNOW""],[""SCHOOL""],[""NORMAL"",""NOT"",""CANCEL/CRITICIZE""]]",3,1,2,8,101,94,101,True
asllrp_other_ctc,train,RACHEL,Rachel_2012-02-09_sc61,33733731.mp4,https://dai.cs.rutgers.edu/ss3front/33733731.mp4,0,"[""__OTHER__"",""STOP"",""SCHOOL"",""__OTHER__"",""TOMORROW""]","[101,37,88,101,79]","[[""GO-OUT"",""SNOW""],[""STOP""],[""SCHOOL""],[""FUTURE"",""fs-RE+OPEN""],[""TOMORROW""]]",5,3,2,7,98,92,101,True
asllrp_other_ctc,train,RACHEL,Rachel_2012-02-09_sc61,33733829.mp4,https://dai.cs.rutgers.edu/ss3front/33733829.mp4,0,"[""__OTHER__"",""SCHOOL"",""__OTHER__""]","[101,88,101]","[[""GO-OUT"",""NOT"",""SNOW""],[""SCHOOL""],[""NORMAL"",""OPEN"",""STAY""]]",3,1,2,8,100,93,101,True
asllrp_other_ctc,train,RACHEL,Rachel_2012-02-09_sc61,33733927.mp4,https://dai.cs.rutgers.edu/ss3front/33733927.mp4,0,"[""__OTHER__"",""SCHOOL"",""__OTHER__""]","[101,88,101]","[[""GO-OUT"",""SNOW""],[""SCHOOL""],[""FUTURE"",""CANCEL/CRITICIZE"",""QMwg""]]",3,1,2,5,103,99,101,True
asllrp_other_ctc,train,RACHEL,Rachel_2012-02-09_sc61,33733928.mp4,https://dai.cs.rutgers.edu/ss3front/33733928.mp4,0,"[""__OTHER__"",""SCHOOL"",""__OTHER__""]","[101,88,101]","[[""GO-OUT"",""SNOW""],[""SCHOOL""],[""QMwg"",""CLOSE-DOOR"",""part:indef""]]",3,1,2,1,91,91,101,True
asllrp_other_ctc,train,RACHEL,Rachel_2012-02-09_sc61,33734026.mp4,https://dai.cs.rutgers.edu/ss3front/33734026.mp4,0,"[""__OTHER__"",""SCHOOL"",""__OTHER__""]","[101,88,101]","[[""GO-OUT"",""SNOW""],[""SCHOOL""],[""CANCEL/CRITICIZE""]]",3,1,2,3,69,67,101,True
asllrp_other_ctc,train,RACHEL,Rachel_2012-02-09_sc61,33734322.mp4,https://dai.cs.rutgers.edu/ss3front/33734322.mp4,0,"[""__OTHER__"",""HAVE"",""__OTHER__""]","[101,32,101]","[[""#NO"",""IX-1p"",""NOT""],[""HAVE""],[""CAR""]]",3,1,2,0,51,52,101,True
asllrp_other_ctc,train,RACHEL,Rachel_2012-02-09_sc61,33734519.mp4,https://dai.cs.rutgers.edu/ss3front/33734519.mp4,0,"[""__OTHER__"",""SEE"",""FRIEND"",""TOMORROW"",""__OTHER__""]","[101,43,92,79,101]","[[""IX-1p""],[""SEE""],[""FRIEND""],[""TOMORROW""],[""IX-1p"",""THRILL/WHAT'S-UP""]]",5,3,2,4,69,66,101,True
asllrp_other_ctc,train,RACHEL,Rachel_2012-02-09_sc61,33734618.mp4,https://dai.cs.rutgers.edu/ss3front/33734618.mp4,0,"[""__OTHER__"",""FRIEND"",""__OTHER__""]","[101,92,101]","[[""IX-1p""],[""FRIEND""],[""DEPART"",""GUITAR"",""IX-1p"",""THRILL/WHAT'S-UP""]]",3,1,2,5,68,64,101,True
asllrp_other_ctc,train,RACHEL,Rachel_2012-02-09_sc61,33734816.mp4,https://dai.cs.rutgers.edu/ss3front/33734816.mp4,0,"[""__OTHER__"",""SCHOOL"",""TOMORROW""]","[101,88,79]","[[""#ALL_2"",""LEARN+AGENT"",""PASS"",""TEST"",""NONE""],[""SCHOOL""],[""TOMORROW""]]",3,2,1,13,99,87,101,True
asllrp_other_ctc,train,RACHEL,Rachel_2012-02-09_sc61,33734914.mp4,https://dai.cs.rutgers.edu/ss3front/33734914.mp4,0,"[""__OTHER__"",""TIME"",""__OTHER__""]","[101,83,101]","[[""#ALL_2"",""LEARN+AGENT"",""ARRIVE"",""ON""],[""TIME""],[""NONE"",""TEST""]]",3,1,2,11,88,78,101,True
asllrp_other_ctc,train,RACHEL,Rachel_2012-02-09_sc61,33735013.mp4,https://dai.cs.rutgers.edu/ss3front/33735013.mp4,0,"[""__OTHER__"",""HAVE"",""__OTHER__""]","[101,32,101]","[[""IX-1p"",""NOT"",""THRILL/WHAT'S-UP"",""#IF""],[""HAVE""],[""PINEAPPLE"",""fs-CREAM"",""CHEESE"",""part:indef""]]",3,1,2,3,90,88,101,True
asllrp_other_ctc,train,RACHEL,Rachel_2012-02-09_sc61,33735111.mp4,https://dai.cs.rutgers.edu/ss3front/33735111.mp4,0,"[""__OTHER__"",""HAVE"",""__OTHER__""]","[101,32,101]","[[""HUNGRY/WISH""],[""HAVE""],[""PINEAPPLE"",""fs-CREAM"",""CHEESE""]]",3,1,2,3,75,73,101,True
asllrp_other_ctc,train,RACHEL,Rachel_2012-02-09_sc61,33735112.mp4,https://dai.cs.rutgers.edu/ss3front/33735112.mp4,0,"[""__OTHER__"",""HAVE"",""__OTHER__""]","[101,32,101]","[[""IX-1p"",""REALLY""],[""HAVE""],[""PINEAPPLE"",""fs-CREAM"",""CHEESE""]]",3,1,2,8,83,76,101,True
asllrp_other_ctc,train,RACHEL,Rachel_2012-02-09_sc61,3373547.mp4,https://dai.cs.rutgers.edu/ss3front/3373547.mp4,0,"[""__OTHER__"",""LIKE"",""__OTHER__""]","[101,26,101]","[[""IX-2p"",""WRONG"",""(alt-G/bent-L)POSS-1p"",""FAVORITE/PREFER"",""fs-LOX"",""NOT""],[""LIKE""],[""PINEAPPLE"",""fs-CREAM"",""CHEESE""]]",3,1,2,1,117,117,101,True
asllrp_other_ctc,train,RACHEL,Rachel_2012-02-09_sc61,3373548.mp4,https://dai.cs.rutgers.edu/ss3front/3373548.mp4,0,"[""__OTHER__"",""EAT"",""__OTHER__""]","[101,54,101]","[[""#NO"",""IX-1p"",""VOMIT/HATE"",""#IF"",""IX-1p""],[""EAT""],[""PINEAPPLE"",""fs-CREAM"",""CHEESE"",""(1h)5\\wave no\\\""\"""",""IX-1p"",""FAVORITE/PREFER"",""fs-LOX""]]",3,1,2,4,130,127,101,True
asllrp_other_ctc,train,RACHEL,Rachel_2012-01-27_sc50,36287804.mp4,https://dai.cs.rutgers.edu/ss3front/36287804.mp4,0,"[""__OTHER__"",""LIKE"",""__OTHER__""]","[101,26,101]","[[""IX-1p"",""NOT""],[""LIKE""],[""CHOCOLATE"",""fs-CEREAL"",""#NO""]]",3,1,2,4,79,76,101,True
asllrp_other_ctc,train,RACHEL,Rachel_2012-01-27_sc50,36288802.mp4,https://dai.cs.rutgers.edu/ss3front/36288802.mp4,0,"[""__OTHER__"",""LIKE"",""__OTHER__""]","[101,26,101]","[[""FATHER"",""IX-3p:j""],[""LIKE""],[""CHOCOLATE"",""fs-CEREAL"",""IX-3p:j"",""(1h)5\\you know\\\""\""""]]",3,1,2,6,116,111,101,True
asllrp_other_ctc,train,RACHEL,Rachel_2012-01-27_sc50,36288803.mp4,https://dai.cs.rutgers.edu/ss3front/36288803.mp4,0,"[""__OTHER__"",""LIKE"",""__OTHER__""]","[101,26,101]","[[""FATHER"",""i:SAME-1p""],[""LIKE""],[""CHOCOLATE"",""fs-CEREAL"",""part:indef""]]",3,1,2,9,94,86,101,True
asllrp_other_ctc,train,RACHEL,Rachel_2012-01-27_sc50,36289800.mp4,https://dai.cs.rutgers.edu/ss3front/36289800.mp4,0,"[""__OTHER__"",""LIKE"",""__OTHER__""]","[101,26,101]","[[""IX-1p""],[""LIKE""],[""IX-3p:j"",""CHOCOLATE"",""fs-CEREAL"",""BUT"",""NONE/NOTHING"",""part:indef""]]",3,1,2,3,124,122,101,True
asllrp_other_ctc,train,RACHEL,Rachel_2012-01-27_sc50,36289801.mp4,https://dai.cs.rutgers.edu/ss3front/36289801.mp4,0,"[""__OTHER__"",""LIKE"",""__OTHER__""]","[101,26,101]","[[""IX-3p:j"",""SISTER"",""NOT""],[""LIKE""],[""CHOCOLATE"",""fs-CEREAL""]]",3,1,2,3,93,91,101,True
asllrp_other_ctc,train,RACHEL,Rachel_2012-01-27_sc50,36290798.mp4,https://dai.cs.rutgers.edu/ss3front/36290798.mp4,0,"[""__OTHER__"",""EAT"",""__OTHER__""]","[101,54,101]","[[""#IF"",""IX-3p:j"",""PINEAPPLE"",""fs-CREAM"",""CHEESE"",""(1h)5\\wave no\\\""\"""",""IX-1p"",""REFUSE""],[""EAT""],[""fs-BAGEL"",""(1h)5\\wave no\\\""\""""]]",3,1,2,2,125,124,101,True
asllrp_other_ctc,train,RACHEL,Rachel_2012-01-27_sc50,36290799.mp4,https://dai.cs.rutgers.edu/ss3front/36290799.mp4,0,"[""__OTHER__"",""HAVE"",""__OTHER__"",""EAT"",""__OTHER__""]","[101,32,101,54,101]","[[""i:SAME-1p"",""IX-3p:j"",""#IF"",""IX-3p:j""],[""HAVE""],[""PINEAPPLE"",""fs-CREAM"",""CHEESE"",""IX-1p"",""REFUSE""],[""EAT""],[""fs-BAGEL"",""i:SAME-1p""]]",5,2,3,13,164,152,101,True
asllrp_other_ctc,train,RACHEL,Rachel_2012-01-27_sc50,36291796.mp4,https://dai.cs.rutgers.edu/ss3front/36291796.mp4,0,"[""__OTHER__"",""LIKE"",""__OTHER__""]","[101,26,101]","[[""#NO"",""IX-1p"",""NOT""],[""LIKE""],[""PINEAPPLE"",""fs-CREAM"",""CHEESE"",""#NO""]]",3,1,2,5,90,86,101,True
asllrp_other_ctc,train,RACHEL,Rachel_2012-01-27_sc50,36292794.mp4,https://dai.cs.rutgers.edu/ss3front/36292794.mp4,0,"[""__OTHER__"",""LIKE"",""__OTHER__"",""YES""]","[101,26,101,20]","[[""IX-1p""],[""LIKE""],[""PINEAPPLE"",""fs-CREAM"",""CHEESE""],[""YES""]]",4,2,2,2,68,67,101,True
asllrp_other_ctc,train,RACHEL,Rachel_2012-01-27_sc50,36292795.mp4,https://dai.cs.rutgers.edu/ss3front/36292795.mp4,0,"[""__OTHER__"",""LIKE"",""__OTHER__""]","[101,26,101]","[[""FATHER"",""i:SAME-1p""],[""LIKE""],[""PINEAPPLE"",""fs-CREAM"",""CHEESE""]]",3,1,2,13,97,85,101,True
asllrp_other_ctc,train,RACHEL,Rachel_2012-01-27_sc50,36293793.mp4,https://dai.cs.rutgers.edu/ss3front/36293793.mp4,0,"[""__OTHER__"",""LIKE"",""__OTHER__""]","[101,26,101]","[[""POSS-2p"",""SISTER"",""NOT""],[""LIKE""],[""PINEAPPLE"",""fs-CREAM"",""CHEESE"",""#NO""]]",3,1,2,5,82,78,101,True
asllrp_other_ctc,train,RACHEL,Rachel_2012-01-27_sc50,36294790.mp4,https://dai.cs.rutgers.edu/ss3front/36294790.mp4,0,"[""__OTHER__"",""NOW""]","[101,78]","[[""WEATHER"",""NOT"",""BEAUTIFUL""],[""NOW""]]",2,1,1,9,61,53,101,True
asllrp_other_ctc,train,RACHEL,Rachel_2012-01-27_sc50,36294791.mp4,https://dai.cs.rutgers.edu/ss3front/36294791.mp4,0,"[""LIKE"",""__OTHER__""]","[26,101]","[[""LIKE""],[""PINEAPPLE"",""fs-CREAM"",""CHEESE""]]",2,1,1,4,64,61,101,True
asllrp_other_ctc,train,RACHEL,Rachel_2012-01-27_sc50,36295788.mp4,https://dai.cs.rutgers.edu/ss3front/36295788.mp4,0,"[""__OTHER__"",""NOW"",""__OTHER__""]","[101,78,101]","[[""WEATHER"",""NOT"",""LOUSY""],[""NOW""],[""FINE""]]",3,1,2,11,69,59,101,True
asllrp_other_ctc,train,RACHEL,Rachel_2012-01-27_sc50,36295789.mp4,https://dai.cs.rutgers.edu/ss3front/36295789.mp4,0,"[""__OTHER__"",""LIKE"",""__OTHER__""]","[101,26,101]","[[""MOTHER"",""NOT""],[""LIKE""],[""SURPRISE""]]",3,1,2,12,64,53,101,True
asllrp_other_ctc,train,RACHEL,Rachel_2012-01-27_sc50,36296786.mp4,https://dai.cs.rutgers.edu/ss3front/36296786.mp4,0,"[""__OTHER__"",""NOW"",""__OTHER__""]","[101,78,101]","[[""WEATHER""],[""NOW""],[""BEAUTIFUL""]]",3,1,2,19,58,40,101,True
asllrp_other_ctc,train,RACHEL,Rachel_2012-01-27_sc50,36297785.mp4,https://dai.cs.rutgers.edu/ss3front/36297785.mp4,0,"[""__OTHER__"",""LIKE"",""__OTHER__""]","[101,26,101]","[[""MOTHER"",""IX-3p:j""],[""LIKE""],[""SURPRISE""]]",3,1,2,8,58,51,101,True
asllrp_other_ctc,train,RACHEL,Rachel_2012-01-27_sc50,36298782.mp4,https://dai.cs.rutgers.edu/ss3front/36298782.mp4,0,"[""__OTHER__"",""NOW""]","[101,78]","[[""WEATHER"",""LOUSY""],[""NOW""]]",2,1,1,26,74,49,101,True
asllrp_other_ctc,train,RACHEL,Rachel_2012-01-27_sc50,36298783.mp4,https://dai.cs.rutgers.edu/ss3front/36298783.mp4,0,"[""NOW"",""__OTHER__""]","[78,101]","[[""NOW""],[""HOMEWORK"",""NONE/NOTHING""]]",2,1,1,12,70,59,101,True
asllrp_other_ctc,train,RACHEL,Rachel_2012-01-27_sc56,40386018.mp4,https://dai.cs.rutgers.edu/ss3front/40386018.mp4,0,"[""HOT"",""__OTHER__"",""COLD"",""__OTHER__""]","[67,101,68,101]","[[""HOT""],[""IX-2p""],[""COLD""],[""IX-2p""]]",4,2,2,7,51,45,101,True
asllrp_other_ctc,train,RACHEL,Rachel_2012-01-27_sc56,40386019.mp4,https://dai.cs.rutgers.edu/ss3front/40386019.mp4,0,"[""__OTHER__"",""LIKE"",""__OTHER__""]","[101,26,101]","[[""WHO"",""IX-3p:j""],[""LIKE""],[""IX-3p:j""]]",3,1,2,10,41,32,101,True
asllrp_other_ctc,train,RACHEL,Rachel_2012-01-27_sc56,40386216.mp4,https://dai.cs.rutgers.edu/ss3front/40386216.mp4,0,"[""HAVE"",""__OTHER__"",""TOMORROW""]","[32,101,79]","[[""HAVE""],[""CLASS_2""],[""TOMORROW""]]",3,2,1,4,44,41,101,True
asllrp_other_ctc,train,RACHEL,Rachel_2012-01-27_sc56,40386315.mp4,https://dai.cs.rutgers.edu/ss3front/40386315.mp4,0,"[""__OTHER__"",""SCHOOL"",""TOMORROW""]","[101,88,79]","[[""IX-2p"",""GO""],[""SCHOOL""],[""TOMORROW""]]",3,2,1,0,53,54,101,True
asllrp_other_ctc,train,RACHEL,Rachel_2012-01-27_sc56,40386414.mp4,https://dai.cs.rutgers.edu/ss3front/40386414.mp4,0,"[""LIKE"",""__OTHER__""]","[26,101]","[[""LIKE""],[""CLASS_2""]]",2,1,1,14,41,28,101,True
asllrp_other_ctc,train,RACHEL,Rachel_2012-01-27_sc56,40386512.mp4,https://dai.cs.rutgers.edu/ss3front/40386512.mp4,0,"[""__OTHER__"",""TIME"",""__OTHER__""]","[101,83,101]","[[""#IF"",""PLAN"",""UP-AHEAD""],[""TIME""],[""CAN"",""SAVE"",""MONEY""]]",3,1,2,2,103,102,101,True
asllrp_other_ctc,train,RACHEL,Rachel_2012-01-27_sc56,40386513.mp4,https://dai.cs.rutgers.edu/ss3front/40386513.mp4,0,"[""LIKE"",""WORK"",""__OTHER__""]","[26,51,101]","[[""LIKE""],[""WORK""],[""IX-2p""]]",3,2,1,3,41,39,101,True
asllrp_other_ctc,train,RACHEL,Rachel_2012-01-27_sc56,40386710.mp4,https://dai.cs.rutgers.edu/ss3front/40386710.mp4,0,"[""WORK"",""__OTHER__"",""LIKE"",""__OTHER__""]","[51,101,26,101]","[[""WORK""],[""HARD"",""BOSS""],[""LIKE""],[""IX-2p""]]",4,2,2,7,74,68,101,True
asllrp_other_ctc,train,RACHEL,Rachel_2012-01-27_sc56,4038698.mp4,https://dai.cs.rutgers.edu/ss3front/4038698.mp4,0,"[""__OTHER__"",""MAYBE"",""__OTHER__""]","[101,22,101]","[[""RAIN""],[""MAYBE""],[""TRAIN"",""fs-LATE""]]",3,1,2,26,93,68,101,True
asllrp_other_ctc,train,RACHEL,Rachel_2012-02-14_sc62,50800837.mp4,https://dai.cs.rutgers.edu/ss3front/50800837.mp4,0,"[""__OTHER__"",""READ"",""__OTHER__""]","[101,52,101]","[[""ns-fs-MARY"",""ENJOY"",""ACT""],[""READ""],[""NOT""]]",3,1,2,11,85,75,101,True
asllrp_other_ctc,train,RACHEL,Rachel_2012-02-14_sc62,50800935.mp4,https://dai.cs.rutgers.edu/ss3front/50800935.mp4,0,"[""__OTHER__"",""NOW"",""__OTHER__""]","[101,78,101]","[[""ns-fs-MARY""],[""NOW""],[""(1h)HAVE"",""(1h)GOOD/THANK-YOU"",""CAR""]]",3,1,2,2,73,72,101,True
asllrp_other_ctc,train,RACHEL,Rachel_2012-02-14_sc62,50800936.mp4,https://dai.cs.rutgers.edu/ss3front/50800936.mp4,0,"[""__OTHER__"",""NOW"",""__OTHER__"",""WORK""]","[101,78,101,51]","[[""ns-fs-MARY"",""FORMERLY"",""TEACH"",""BUT""],[""NOW""],[""IX-3p:j"",""BECOME"",""INTERNET""],[""WORK""]]",4,2,2,11,110,100,101,True
asllrp_other_ctc,train,RACHEL,Rachel_2012-02-14_sc62,50801231.mp4,https://dai.cs.rutgers.edu/ss3front/50801231.mp4,0,"[""__OTHER__"",""MAYBE"",""__OTHER__""]","[101,22,101]","[[""ns-fs-JOHN""],[""MAYBE""],[""FUTURE"",""LIVE"",""HERE""]]",3,1,2,3,63,61,101,True
asllrp_other_ctc,train,RACHEL,Rachel_2012-02-14_sc62,50801330.mp4,https://dai.cs.rutgers.edu/ss3front/50801330.mp4,0,"[""__OTHER__"",""MAYBE"",""__OTHER__""]","[101,22,101]","[[""5\\I don't know\\\""\""""],[""MAYBE""],[""ns-fs-JOHN"",""FUTURE"",""MOVE"",""part:indef""]]",3,1,2,4,88,85,101,True
asllrp_other_ctc,train,RACHEL,Rachel_2012-02-14_sc62,50801527.mp4,https://dai.cs.rutgers.edu/ss3front/50801527.mp4,0,"[""NOW"",""__OTHER__""]","[78,101]","[[""NOW""],[""IX-1p-pl-2:i"",""KNOW"",""WHO"",""ARRIVE"",""(Y)YESTERDAY""]]",2,1,1,3,70,68,101,True
asllrp_other_ctc,train,RACHEL,Rachel_2012-02-14_sc62,50801921.mp4,https://dai.cs.rutgers.edu/ss3front/50801921.mp4,0,"[""NOW"",""__OTHER__""]","[78,101]","[[""NOW""],[""ns-fs-MARY"",""KNOW"",""ns-fs-JOHN:j""]]",2,1,1,20,78,59,101,True
asllrp_other_ctc,train,RACHEL,Rachel_2012-02-14_sc62,50801922.mp4,https://dai.cs.rutgers.edu/ss3front/50801922.mp4,0,"[""MAYBE"",""__OTHER__""]","[22,101]","[[""MAYBE""],[""ns-fs-MARY"",""FUTURE"",""(1h)PAY/BUY"",""CAR""]]",2,1,1,11,76,66,101,True
asllrp_other_ctc,train,RACHEL,Rachel_2012-02-14_sc62,50802118.mp4,https://dai.cs.rutgers.edu/ss3front/50802118.mp4,0,"[""__OTHER__"",""DIFFERENT"",""__OTHER__""]","[101,74,101]","[[""IX-3p:j"",""ns-fs-JOHN"",""(1h)HAVE""],[""DIFFERENT""],[""CAR""]]",3,1,2,22,87,66,101,True
asllrp_other_ctc,train,RACHEL,Rachel_2012-02-14_sc62,50802119.mp4,https://dai.cs.rutgers.edu/ss3front/50802119.mp4,0,"[""__OTHER__"",""DIFFERENT"",""__OTHER__""]","[101,74,101]","[[""IX-3p:j"",""ns-fs-MARY"",""(1h)HAVE""],[""DIFFERENT""],[""BICYCLE""]]",3,1,2,6,77,72,101,True
asllrp_other_ctc,train,RACHEL,Rachel_2012-02-14_sc62,50802217.mp4,https://dai.cs.rutgers.edu/ss3front/50802217.mp4,0,"[""__OTHER__"",""READ"",""__OTHER__""]","[101,52,101]","[[""ns-fs-JOHN""],[""READ""],[""MANY"",""BOOK""]]",3,1,2,19,73,55,101,True
asllrp_other_ctc,train,RACHEL,Rachel_2012-02-14_sc62,5080298.mp4,https://dai.cs.rutgers.edu/ss3front/5080298.mp4,0,"[""__OTHER__"",""DIFFERENT"",""__OTHER__""]","[101,74,101]","[[""ns-fs-MARY"",""ACCEPT"",""MANY""],[""DIFFERENT""],[""CAR""]]",3,1,2,4,94,91,101,True
asllrp_other_ctc,train,RACHEL,Rachel_2011-12-08_sc46,519141040.mp4,https://dai.cs.rutgers.edu/ss3front/519141040.mp4,0,"[""__OTHER__"",""EAT"",""__OTHER__""]","[101,54,101]","[[""IX-1p"",""fs-SUSHI"",""IX-1p""],[""EAT""],[""IX-3p:j"",""TASTE"",""STRANGE"",""IX-1p"",""HOPE"",""NOT"",""RUIN"",""5\\out of my control\\\""\""""]]",3,1,2,4,145,142,101,True
asllrp_other_ctc,train,RACHEL,Rachel_2011-12-08_sc45,5595933.mp4,https://dai.cs.rutgers.edu/ss3front/5595933.mp4,0,"[""__OTHER__"",""SEE"",""__OTHER__""]","[101,43,101]","[[""IX-3p:j"",""ns-fs-JACK"",""GO-OUT"",""IX-3p:j""],[""SEE""],[""SOMETHING/ONE"",""STRANGE"",""QMwg"",""(1h)part:indef""]]",3,1,2,5,85,81,101,True
asllrp_other_ctc,train,RACHEL,Rachel_2011-12-08_sc45,5596130.mp4,https://dai.cs.rutgers.edu/ss3front/5596130.mp4,0,"[""__OTHER__"",""HAVE"",""__OTHER__""]","[101,32,101]","[[""HOW-MANY"",""CHILDREN"",""ns-fs-PHIL""],[""HAVE""],[""(1h)part:indef""]]",3,1,2,0,61,62,101,True
asllrp_other_ctc,train,RACHEL,Rachel_2011-12-08_sc45,5596327.mp4,https://dai.cs.rutgers.edu/ss3front/5596327.mp4,0,"[""__OTHER__"",""WHERE""]","[101,10]","[[""ns-fs-SUE"",""MOVE""],[""WHERE""]]",2,1,1,3,57,55,101,True
asllrp_other_ctc,train,RACHEL,Rachel_2011-12-08_sc45,5596426.mp4,https://dai.cs.rutgers.edu/ss3front/5596426.mp4,0,"[""__OTHER__"",""LIKE"",""__OTHER__""]","[101,26,101]","[[""IX-2p""],[""LIKE""],[""ns-BOSTON"",""QMwg""]]",3,1,2,6,50,45,101,True
asllrp_other_ctc,train,RACHEL,Rachel_2011-12-08_sc45,5596920.mp4,https://dai.cs.rutgers.edu/ss3front/5596920.mp4,0,"[""__OTHER__"",""FEEL"",""__OTHER__""]","[101,31,101]","[[""IX-2p"",""FACE"",""NOT""],[""FEEL""],[""(1h)GOOD/THANK-YOU"",""IX-3p:j"",""#OK"",""IX-2p"",""WRONG"",""(1h)part:indef""]]",3,1,2,8,88,81,101,True
asllrp_other_ctc,train,RACHEL,Rachel_2011-12-08_sc45,5597019.mp4,https://dai.cs.rutgers.edu/ss3front/5597019.mp4,0,"[""__OTHER__"",""NIGHT"",""__OTHER__""]","[101,82,101]","[[""(P)PARTY""],[""NIGHT""],[""START"",""EIGHT"",""NINE"",""part:indef""]]",3,1,2,2,75,74,101,True
asllrp_other_ctc,train,RACHEL,Rachel_2011-12-08_sc45,5597315.mp4,https://dai.cs.rutgers.edu/ss3front/5597315.mp4,0,"[""__OTHER__"",""SEE"",""__OTHER__""]","[101,43,101]","[[""IX-2p"",""FUTURE""],[""SEE""],[""IX-2p"",""ns-fs-MARY"",""IX-3p:j"",""(P)PARTY"",""NOT-MIND"",""TELL:j"",""i:CALL-BY-PHONE-1p"",""(1h)part:indef"",""#NO"",""IX-1p"",""DOUBT"",""FUTURE"",""GO-OUT"",""IX-loc:j"",""BUT"",""#IF"",""IX-1p"",""SEE:j"",""IX-2p"",""IX-1p"",""FUTURE"",""TELL:j"",""CALL-BY-PHONE:j""]]",3,1,2,0,255,256,101,True
asllrp_other_ctc,train,RACHEL,Rachel_2011-12-08_sc45,5597414.mp4,https://dai.cs.rutgers.edu/ss3front/5597414.mp4,0,"[""__OTHER__"",""EAT"",""__OTHER__"",""LIKE"",""__OTHER__""]","[101,54,101,26,101]","[[""5\\wave no\\\""\"""",""NOT""],[""EAT""],[""COOKIE"",""5\\wave no\\\""\"""",""IX-loc:j"",""WITH"",""BUTTER"",""5\\wave no\\\""\"""",""IX-1p""],[""LIKE""],[""BUT"",""#IF"",""IX-3p:j"",""BUTTER"",""IX-1p"",""NOT-CARE"",""(1h)part:indef""]]",5,2,3,6,194,189,101,True
asllrp_other_ctc,train,RACHEL,Rachel_2011-12-08_sc45,5597711.mp4,https://dai.cs.rutgers.edu/ss3front/5597711.mp4,0,"[""__OTHER__"",""HOW"",""__OTHER__"",""HAVE"",""__OTHER__"",""HOME"",""__OTHER__""]","[101,14,101,32,101,87,101]","[[""ns-fs-PETE"",""IX-3p:j"",""(2h)KNOW+NEG""],[""HOW""],[""USE_2"",""COMPUTER_2"",""part:indef"",""#NO"",""(1h)5\\wave no\\\""\"""",""IX-3p:j"",""EXTENSIVE-KNOWLEDGE"",""IX-3p:j""],[""HAVE""],[""THREE"",""COMPUTER""],[""HOME""],[""(1h)part:indef""]]",7,3,4,12,218,207,101,True
asllrp_other_ctc,train,RACHEL,Rachel_2011-12-08_sc45,5597810.mp4,https://dai.cs.rutgers.edu/ss3front/5597810.mp4,0,"[""__OTHER__"",""WATER"",""__OTHER__""]","[101,56,101]","[[""IX-1p"",""DRINK""],[""WATER""],[""IX-3p:j"",""TASTE"",""FUNNY"",""(1h)5\\perplexed\\\""\"""",""#NO"",""TASTE"",""NORMAL"",""TO/UNTIL"",""IX-1p"",""(2h)\\I don't know\\\""\""""]]",3,1,2,8,168,161,101,True
asllrp_other_ctc,train,RACHEL,Rachel_2011-12-08_sc45,559798.mp4,https://dai.cs.rutgers.edu/ss3front/559798.mp4,0,"[""__OTHER__"",""YES"",""__OTHER__"",""COLD"",""__OTHER__""]","[101,20,101,68,101]","[[""HERE"",""ns-BOSTON"",""NEVER"",""SNOW"",""(1h)5\\perplexed\\\""\"""",""5\\wave no\\\""\""""],[""YES""],[""SNOW"",""A-LOT"",""IX-3p:j"",""FINISH"",""SPEND""],[""COLD""],[""HERE"",""PAST"",""part:indef""]]",5,2,3,5,224,220,101,True
asllrp_other_ctc,train,RACHEL,Rachel_2011-12-08_sc45,559799.mp4,https://dai.cs.rutgers.edu/ss3front/559799.mp4,0,"[""__OTHER__"",""THINK"",""__OTHER__""]","[101,30,101]","[[""IX-3p:j"",""ADULT-TALL"",""fs-HEIGHT"",""AFRAID"",""CORRECT"",""QMwg"",""#NO"",""IX-1p"",""NOT"",""(25)WHY"",""IX-3p:j""],[""THINK""],[""THAT"",""part:indef""]]",3,1,2,2,157,156,101,True
asllrp_other_ctc,train,RACHEL,Rachel_2011-12-08_sc45,559807.mp4,https://dai.cs.rutgers.edu/ss3front/559807.mp4,0,"[""__OTHER__"",""LIKE"",""__OTHER__"",""EAT"",""__OTHER__""]","[101,26,101,54,101]","[[""IX-1p"",""FUTURE"",""SERVICE"",""NUT"",""BUTTER"",""(2h)#ALL_2""],[""LIKE""],[""A-OK"",""5\\wave no\\\""\"""",""IX-3p:j"",""ns-fs-BETH"",""5\\whoa\\\""\"""",""ALLERGY"",""CANNOT""],[""EAT""],[""NUT"",""BUTTER"",""5\\wave no\\\""\""""]]",5,2,3,2,215,214,101,True
asllrp_other_ctc,train,RACHEL,Rachel_2012-01-27_sc52,58865726.mp4,https://dai.cs.rutgers.edu/ss3front/58865726.mp4,0,"[""__OTHER__"",""EAT"",""__OTHER__""]","[101,54,101]","[[""POSS-1p"",""WIFE"",""POSS-3p:j"",""MOTHER"",""IX-loc:j""],[""EAT""],[""IX-1p"",""LIE"",""1p-TELL:j"",""(1h)GOOD/THANK-YOU"",""REALLY"",""(1h)part:indef""]]",3,1,2,14,125,112,101,True
asllrp_other_ctc,train,RACHEL,Rachel_2012-01-27_sc52,58865825.mp4,https://dai.cs.rutgers.edu/ss3front/58865825.mp4,0,"[""__OTHER__"",""THINK"",""__OTHER__""]","[101,30,101]","[[""IX-3p:j"",""MAGAZINE"",""QUOTE/TOPIC"",""PEOPLE"",""fs-PEOPLE"",""KNOW"",""IX-2p""],[""THINK""],[""(1h)GOOD/THANK-YOU"",""IX-2p"",""QMwg""]]",3,1,2,4,99,96,101,True
asllrp_other_ctc,train,RACHEL,Rachel_2012-01-27_sc52,58866022.mp4,https://dai.cs.rutgers.edu/ss3front/58866022.mp4,0,"[""__OTHER__"",""COLD"",""__OTHER__"",""HOT"",""__OTHER__""]","[101,68,101,67,101]","[[""SOUP"",""fs-GAZPACHO"",""SOUP"",""IX-3p:j""],[""COLD""],[""NOT""],[""HOT""],[""(1h)5\\why is it so\\\""\""""]]",5,2,3,5,113,109,101,True
asllrp_other_ctc,train,RACHEL,Rachel_2012-01-27_sc52,58866220.mp4,https://dai.cs.rutgers.edu/ss3front/58866220.mp4,0,"[""__OTHER__"",""NAME"",""__OTHER__"",""NAME"",""__OTHER__""]","[101,98,101,98,101]","[[""MOTHER""],[""NAME""],[""ns-fs-JANET"",""#NO""],[""NAME""],[""ns-fs-JANE""]]",5,2,3,10,81,72,101,True
asllrp_other_ctc,train,RACHEL,Rachel_2012-01-27_sc52,58866319.mp4,https://dai.cs.rutgers.edu/ss3front/58866319.mp4,0,"[""__OTHER__"",""LIKE"",""__OTHER__""]","[101,26,101]","[[""IX-1p""],[""LIKE""],[""IX-3p:j"",""BOY"",""IX-3p:j"",""FUNNY"",""IX-3p:j""]]",3,1,2,2,54,53,101,True
asllrp_other_ctc,train,RACHEL,Rachel_2012-01-27_sc52,58866615.mp4,https://dai.cs.rutgers.edu/ss3front/58866615.mp4,0,"[""__OTHER__"",""WORK"",""__OTHER__""]","[101,51,101]","[[""ns-fs-BOB"",""IX-loc:j""],[""WORK""],[""BICYCLE"",""SELL"",""IX-3p:j""]]",3,1,2,3,67,65,101,True
asllrp_other_ctc,train,RACHEL,Rachel_2012-01-27_sc52,58866812.mp4,https://dai.cs.rutgers.edu/ss3front/58866812.mp4,0,"[""__OTHER__"",""COLD"",""__OTHER__"",""HOT"",""__OTHER__""]","[101,68,101,67,101]","[[""GO-OUT""],[""COLD""],[""IX-1p"",""KISS-FIST""],[""HOT""],[""CHOCOLATE"",""DRINK""]]",5,2,3,9,94,86,101,True
asllrp_other_ctc,train,RACHEL,Rachel_2012-01-27_sc52,58866813.mp4,https://dai.cs.rutgers.edu/ss3front/58866813.mp4,0,"[""HOT"",""__OTHER__"",""READ"",""__OTHER__""]","[67,101,52,101]","[[""HOT""],[""fs-DAY"",""GO-OUT"",""IX-3p:j"",""ns-fs-JOHN"",""GO"",""LIBRARY""],[""READ""],[""MAGAZINE"",""FINEwg"",""#AC"",""COOL""]]",4,2,2,8,159,152,101,True
asllrp_other_ctc,train,RACHEL,Rachel_2012-01-27_sc52,58866911.mp4,https://dai.cs.rutgers.edu/ss3front/58866911.mp4,0,"[""__OTHER__"",""HOT""]","[101,67]","[[""IX-3p:j"",""SUMMER"",""BLACK"",""DRESS/CLOTHES""],[""HOT""]]",2,1,1,7,72,66,101,True
asllrp_other_ctc,train,RACHEL,Rachel_2012-01-27_sc52,5886737.mp4,https://dai.cs.rutgers.edu/ss3front/5886737.mp4,0,"[""__OTHER__"",""WORK"",""__OTHER__""]","[101,51,101]","[[""IX-3p:j"",""ns-fs-JOHN""],[""WORK""],[""LIBRARY""]]",3,1,2,7,65,59,101,True
asllrp_other_ctc,train,RACHEL,Rachel_2011-12-08_sc46,5989857.mp4,https://dai.cs.rutgers.edu/ss3front/5989857.mp4,0,"[""__OTHER__"",""READ"",""__OTHER__"",""THINK"",""__OTHER__""]","[101,52,101,30,101]","[[""IX-1p""],[""READ""],[""IX-3p:j"",""ARTICLE"",""WRITE_2"",""FOR"",""ns-BOSTON"",""fs-GLOBE"",""IX-3p:j"",""IX-1p""],[""THINK""],[""WONDERFUL""]]",5,2,3,3,114,112,101,True
asllrp_other_ctc,train,RACHEL,Rachel_2011-12-08_sc46,65713197.mp4,https://dai.cs.rutgers.edu/ss3front/65713197.mp4,0,"[""__OTHER__"",""FEEL"",""__OTHER__""]","[101,31,101]","[[""IX-3p:j"",""(5)MAN"",""NAB"",""BREAK"",""ENTER"",""HOUSE"",""IX-loc:j"",""ns-fs-NEWTON""],[""FEEL""],[""ALSO"",""(5)MAN"",""IX-3p:j"",""RESPONSIBILITY"",""BREAK"",""IX-loc-pl-arc"",""IN"",""ns-BROOKLINE"",""5\\I don't know\\\""\""""]]",3,1,2,0,230,231,101,True
asllrp_other_ctc,train,RACHEL,Rachel_2012-02-09_sc59,70286532.mp4,https://dai.cs.rutgers.edu/ss3front/70286532.mp4,0,"[""__OTHER__"",""THINK"",""__OTHER__""]","[101,30,101]","[[""IX-1p""],[""THINK""],[""ns-fs-OBAMA"",""FUTURE"",""WIN"",""AGAIN"",""part:indef""]]",3,1,2,6,89,84,101,True
asllrp_other_ctc,train,RACHEL,Rachel_2012-02-09_sc59,70286827.mp4,https://dai.cs.rutgers.edu/ss3front/70286827.mp4,0,"[""__OTHER__"",""THINK"",""__OTHER__""]","[101,30,101]","[[""IX-1p"",""CANNOT"",""BELIEVE"",""IX-3p:j"",""NOT"",""(1)GUILTY"",""IX-1p""],[""THINK""],[""IX-3p:j"",""(1)GUILTY""]]",3,1,2,1,86,86,101,True
asllrp_other_ctc,train,RACHEL,Rachel_2012-02-09_sc59,70287025.mp4,https://dai.cs.rutgers.edu/ss3front/70287025.mp4,0,"[""__OTHER__"",""LIKE"",""__OTHER__""]","[101,26,101]","[[""IX-1p""],[""LIKE""],[""(2h)ANY+(2h)THING"",""IX-1p"",""(5)NOT"",""part:indef""]]",3,1,2,4,61,58,101,True
asllrp_other_ctc,train,RACHEL,Rachel_2012-02-09_sc59,70287124.mp4,https://dai.cs.rutgers.edu/ss3front/70287124.mp4,0,"[""__OTHER__"",""READ"",""__OTHER__""]","[101,52,101]","[[""IX-1p""],[""READ""],[""(2h)ANY+(2h)THING"",""IX-1p"",""(5)NOT"",""part:indef""]]",3,1,2,5,71,67,101,True
asllrp_other_ctc,train,RACHEL,Rachel_2012-02-09_sc59,70287617.mp4,https://dai.cs.rutgers.edu/ss3front/70287617.mp4,0,"[""__OTHER__"",""TIRED""]","[101,64]","[[""IX-1p""],[""TIRED""]]",2,1,1,3,28,26,101,True
asllrp_other_ctc,train,RACHEL,Rachel_2012-02-09_sc59,70288111.mp4,https://dai.cs.rutgers.edu/ss3front/70288111.mp4,0,"[""NAME"",""__OTHER__""]","[98,101]","[[""NAME""],[""CITY/COMMUNITY_3"",""ns-fs-BU"",""part:indef"",""ns-BOSTON"",""part:indef"",""ns-fs-BUSTUN"",""ns-fs-BOSTON""]]",2,1,1,7,159,153,101,True
asllrp_other_ctc,train,RACHEL,Rachel_2012-02-09_sc59,70288210.mp4,https://dai.cs.rutgers.edu/ss3front/70288210.mp4,0,"[""NAME"",""__OTHER__"",""WHERE"",""__OTHER__""]","[98,101,10,101]","[[""NAME""],[""CITY/COMMUNITY_3"",""ns-fs-BU""],[""WHERE""],[""ns-BOSTON"",""ns-fs-BOSTON""]]",4,2,2,1,80,80,101,True
asllrp_other_ctc,train,RACHEL,Rachel_2012-02-09_sc59,7028838.mp4,https://dai.cs.rutgers.edu/ss3front/7028838.mp4,0,"[""__OTHER__"",""FAMILY"",""IMPORTANT"",""__OTHER__""]","[101,91,76,101]","[[""POSS-2p""],[""FAMILY""],[""IMPORTANT""],[""IX-3p-pl-2"",""MOTHER+FATHER"",""IX-3p-pl-2""]]",4,2,2,14,101,88,101,True
asllrp_other_ctc,train,RACHEL,Rachel_2011-12-08_sc46,70351614.mp4,https://dai.cs.rutgers.edu/ss3front/70351614.mp4,0,"[""__OTHER__"",""SEE"",""__OTHER__""]","[101,43,101]","[[""ns-fs-JACK"",""STAND"",""GO-OUT"",""IX-3p:j""],[""SEE""],[""SOMETHING/ONE"",""STRANGE"",""QMwg""]]",3,1,2,2,90,89,101,True
asllrp_other_ctc,train,RACHEL,Rachel_2011-12-08_sc46,71361818.mp4,https://dai.cs.rutgers.edu/ss3front/71361818.mp4,0,"[""__OTHER__"",""FEEL"",""__OTHER__"",""THINK"",""__OTHER__""]","[101,31,101,30,101]","[[""IX-3p:j"",""LCL:3\\parked car\\\""\"""",""RED"",""LIGHT"",""HIT_2"",""IX-1p""],[""FEEL""],[""IX-3p:j"",""CAR+AGENT"",""PHONE"",""(1h)L-X\\I don't know\\\""\""""],[""THINK""],[""(1h)L\\I don't know\\\""\""""]]",5,2,3,4,152,149,101,True
asllrp_other_ctc,train,RACHEL,Rachel_2012-02-14_sc65,745928.mp4,https://dai.cs.rutgers.edu/ss3front/745928.mp4,0,"[""__OTHER__"",""NOW""]","[101,78]","[[""(1h)NOW"",""RECENT-PAST"",""ARRIVE""],[""NOW""]]",2,1,1,3,49,47,101,True
asllrp_other_ctc,train,RACHEL,Rachel_2012-02-14_sc63,756528.mp4,https://dai.cs.rutgers.edu/ss3front/756528.mp4,0,"[""__OTHER__"",""TOMORROW""]","[101,79]","[[""IX-3p-pl-2:i/j"",""ns-fs-MARY"",""ns-fs-JOHN"",""FUTURE"",""DEPART""],[""TOMORROW""]]",2,1,1,1,75,75,101,True
asllrp_other_ctc,train,RACHEL,Rachel_2012-02-14_sc63,756529.mp4,https://dai.cs.rutgers.edu/ss3front/756529.mp4,0,"[""__OTHER__"",""TOMORROW"",""__OTHER__""]","[101,79,101]","[[""IX-1p"",""TELL:j""],[""TOMORROW""],[""FUTURE"",""RAIN""]]",3,1,2,4,67,64,101,True
asllrp_other_ctc,train,RACHEL,Rachel_2012-02-14_sc63,7565310.mp4,https://dai.cs.rutgers.edu/ss3front/7565310.mp4,0,"[""__OTHER__"",""READ"",""__OTHER__""]","[101,52,101]","[[""(1h)LAST-YEAR"",""IX-1p-pl-2:i""],[""READ""],[""MANY"",""BOOK""]]",3,1,2,9,82,74,101,True
asllrp_other_ctc,train,RACHEL,Rachel_2012-02-14_sc63,7565512.mp4,https://dai.cs.rutgers.edu/ss3front/7565512.mp4,0,"[""__OTHER__"",""FRIEND"",""__OTHER__""]","[101,92,101]","[[""WOW"",""POSS-3p:j""],[""FRIEND""],[""REALLY"",""ADULT-TALL"",""MAN_2""]]",3,1,2,2,75,74,101,True
asllrp_other_ctc,train,RACHEL,Rachel_2012-02-14_sc63,7565513.mp4,https://dai.cs.rutgers.edu/ss3front/7565513.mp4,0,"[""__OTHER__"",""READ"",""__OTHER__""]","[101,52,101]","[[""IX-1p"",""KNOW"",""IX-3p:j""],[""READ""],[""MANY"",""BOOK""]]",3,1,2,5,67,63,101,True
asllrp_other_ctc,train,RACHEL,Rachel_2012-02-14_sc63,7565614.mp4,https://dai.cs.rutgers.edu/ss3front/7565614.mp4,0,"[""__OTHER__"",""MAYBE"",""__OTHER__"",""MAYBE""]","[101,22,101,22]","[[""IX-3p:j"",""ns-fs-MARY""],[""MAYBE""],[""BORN"",""FUTURE"",""WIDE"",""BABY""],[""MAYBE""]]",4,2,2,6,85,80,101,True
asllrp_other_ctc,train,RACHEL,Rachel_2012-02-14_sc63,7565915.mp4,https://dai.cs.rutgers.edu/ss3front/7565915.mp4,0,"[""MAYBE"",""TOMORROW"",""__OTHER__"",""STOP""]","[22,79,101,37]","[[""MAYBE""],[""TOMORROW""],[""RAIN"",""FINISH""],[""STOP""]]",4,3,1,1,49,49,101,True
asllrp_other_ctc,train,RACHEL,Rachel_2012-02-14_sc63,7566016.mp4,https://dai.cs.rutgers.edu/ss3front/7566016.mp4,0,"[""__OTHER__"",""TOMORROW"",""__OTHER__"",""STOP"",""__OTHER__""]","[101,79,101,37,101]","[[""IF""],[""TOMORROW""],[""RAIN""],[""STOP""],[""IX-1p"",""DEPART""]]",5,2,3,4,61,58,101,True
asllrp_other_ctc,train,RACHEL,Rachel_2012-02-14_sc63,7566017.mp4,https://dai.cs.rutgers.edu/ss3front/7566017.mp4,0,"[""__OTHER__"",""READ"",""__OTHER__""]","[101,52,101]","[[""IX-1p"",""KNOW"",""IX-3p:j"",""FINISH""],[""READ""],[""BOOK""]]",3,1,2,4,65,62,101,True
asllrp_other_ctc,train,RACHEL,Rachel_2012-02-14_sc63,7566118.mp4,https://dai.cs.rutgers.edu/ss3front/7566118.mp4,0,"[""__OTHER__"",""READ"",""__OTHER__""]","[101,52,101]","[[""IX-1p"",""NOT"",""WANT_2""],[""READ""],[""IX-1p"",""WANT"",""DEPART""]]",3,1,2,4,65,62,101,True
asllrp_other_ctc,train,RACHEL,Rachel_2012-02-14_sc63,7566219.mp4,https://dai.cs.rutgers.edu/ss3front/7566219.mp4,0,"[""__OTHER__"",""TOMORROW"",""__OTHER__""]","[101,79,101]","[[""IX-1p"",""FINISH"",""ANNOUNCE""],[""TOMORROW""],[""FUTURE"",""RAIN""]]",3,1,2,3,74,72,101,True
asllrp_other_ctc,train,RACHEL,Rachel_2012-02-14_sc63,7566321.mp4,https://dai.cs.rutgers.edu/ss3front/7566321.mp4,0,"[""__OTHER__"",""FRIEND""]","[101,92]","[[""ns-fs-MARY"",""IX-3p:j"",""(1h)HAVE"",""MANY"",""DIFFERENT-arc""],[""FRIEND""]]",2,1,1,6,70,65,101,True
asllrp_other_ctc,train,RACHEL,Rachel_2012-02-14_sc63,7566624.mp4,https://dai.cs.rutgers.edu/ss3front/7566624.mp4,0,"[""__OTHER__"",""TOMORROW""]","[101,79]","[[""IX-1p"",""KNOW"",""IX-3p:j"",""DEPART:j""],[""TOMORROW""]]",2,1,1,0,62,63,101,True
asllrp_other_ctc,train,RACHEL,Rachel_2012-02-14_sc63,7566726.mp4,https://dai.cs.rutgers.edu/ss3front/7566726.mp4,0,"[""MAYBE"",""__OTHER__""]","[22,101]","[[""MAYBE""],[""POSS-3p:j"",""CAR"",""HERE""]]",2,1,1,1,49,49,101,True
asllrp_other_ctc,train,RACHEL,Rachel_2012-02-14_sc63,7566928.mp4,https://dai.cs.rutgers.edu/ss3front/7566928.mp4,0,"[""__OTHER__"",""NAME"",""__OTHER__""]","[101,98,101]","[[""LONG-AGO"",""POSS-3p:j"",""ns-fs-MARY""],[""NAME""],[""DO-DO""]]",3,1,2,0,67,68,101,True
asllrp_other_ctc,train,RACHEL,Rachel_2012-02-14_sc63,7567232.mp4,https://dai.cs.rutgers.edu/ss3front/7567232.mp4,0,"[""MAYBE"",""__OTHER__"",""TOMORROW"",""__OTHER__""]","[22,101,79,101]","[[""MAYBE""],[""IX-1p-pl-2:i"",""SCL:V/2\\two of them go together\\\""\""""],[""TOMORROW""],[""part:indef""]]",4,2,2,3,66,64,101,True
asllrp_other_ctc,train,RACHEL,Rachel_2012-02-14_sc63,7567435.mp4,https://dai.cs.rutgers.edu/ss3front/7567435.mp4,0,"[""__OTHER__"",""WHERE"",""__OTHER__""]","[101,10,101]","[[""IX-3p:j"",""(5)MAN"",""BORN""],[""WHERE""],[""ns-CHICAGO""]]",3,1,2,0,64,65,101,True
asllrp_other_ctc,train,RACHEL,Rachel_2012-02-14_sc63,7567436.mp4,https://dai.cs.rutgers.edu/ss3front/7567436.mp4,0,"[""__OTHER__"",""TOMORROW""]","[101,79]","[[""ns-fs-MARY"",""IX-loc:j"",""THAT"",""(5)MAN"",""IX-3p:j"",""DEPART:j""],[""TOMORROW""]]",2,1,1,1,81,81,101,True
asllrp_other_ctc,train,RACHEL,Rachel_2012-02-14_sc63,7567639.mp4,https://dai.cs.rutgers.edu/ss3front/7567639.mp4,0,"[""__OTHER__"",""TOMORROW""]","[101,79]","[[""IX-1p"",""1p-TELL:j"",""IX-1p"",""FINISH"",""IX-1p"",""GO-OUT""],[""TOMORROW""]]",2,1,1,2,64,63,101,True
asllrp_other_ctc,train,RACHEL,Rachel_2012-02-14_sc63,7567740.mp4,https://dai.cs.rutgers.edu/ss3front/7567740.mp4,0,"[""__OTHER__"",""NOW"",""__OTHER__""]","[101,78,101]","[[""POSS-1p"",""FATHER"",""LONG-AGO"",""ADULT-TALL""],[""NOW""],[""SHORT-HEIGHT""]]",3,1,2,5,81,77,101,True
asllrp_other_ctc,train,RACHEL,Rachel_2012-02-14_sc63,7567841.mp4,https://dai.cs.rutgers.edu/ss3front/7567841.mp4,0,"[""__OTHER__"",""DIFFERENT"",""NOW"",""__OTHER__"",""SMALL""]","[101,74,78,101,70]","[[""POSS-1p"",""CAR""],[""DIFFERENT""],[""NOW""],[""NOT"",""BIG"",""(1h)NOW""],[""SMALL""]]",5,3,2,5,78,74,101,True
asllrp_other_ctc,train,RACHEL,Rachel_2012-02-14_sc63,7567842.mp4,https://dai.cs.rutgers.edu/ss3front/7567842.mp4,0,"[""__OTHER__"",""SMALL"",""__OTHER__""]","[101,70,101]","[[""IX-3p:j"",""(5)MAN"",""DECIDE"",""WANT+NEG"",""BIG"",""CAR"",""FAVORITE/PREFER""],[""SMALL""],[""CAR""]]",3,1,2,9,98,90,101,True
asllrp_other_ctc,train,RACHEL,Rachel_2012-02-14_sc63,7567943.mp4,https://dai.cs.rutgers.edu/ss3front/7567943.mp4,0,"[""__OTHER__"",""DIFFERENT"",""__OTHER__""]","[101,74,101]","[[""IX-1p"",""NOT"",""BORN"",""HERE"",""IX-1p"",""BORN"",""IX-loc:j""],[""DIFFERENT""],[""(Y)COUNTRY""]]",3,1,2,14,94,81,101,True
asllrp_other_ctc,train,RACHEL,Rachel_2012-02-14_sc63,7568044.mp4,https://dai.cs.rutgers.edu/ss3front/7568044.mp4,0,"[""__OTHER__"",""READ"",""__OTHER__"",""TOMORROW""]","[101,52,101,79]","[[""IX-3p:j"",""(5)MAN"",""FINISH"",""DECIDE""],[""READ""],[""BOOK""],[""TOMORROW""]]",4,2,2,2,78,77,101,True
asllrp_other_ctc,train,RACHEL,Rachel_2012-02-14_sc63,7568045.mp4,https://dai.cs.rutgers.edu/ss3front/7568045.mp4,0,"[""MAYBE"",""__OTHER__"",""WORK"",""__OTHER__"",""NOW"",""__OTHER__""]","[22,101,51,101,78,101]","[[""MAYBE""],[""IX-3p-pl-2:i/j"",""ns-fs-JOHN"",""ns-fs-MARY"",""DECIDE""],[""WORK""],[""WITH""],[""NOW""],[""part:indef""]]",6,3,3,5,99,95,101,True
asllrp_other_ctc,train,RACHEL,Rachel_2012-02-14_sc63,7568450.mp4,https://dai.cs.rutgers.edu/ss3front/7568450.mp4,0,"[""NOW"",""__OTHER__""]","[78,101]","[[""NOW""],[""ns-fs-JOHN"",""PAY/BUY"",""DO-DO"",""BIG"",""POSTER""]]",2,1,1,2,71,70,101,True
asllrp_other_ctc,train,RACHEL,Rachel_2012-02-14_sc63,7568653.mp4,https://dai.cs.rutgers.edu/ss3front/7568653.mp4,0,"[""SEE"",""__OTHER__"",""NOW"",""__OTHER__"",""DIFFERENT""]","[43,101,78,101,74]","[[""SEE""],[""PRESIDENT"",""LONG-AGO"",""#TV"",""IX-1p"",""LOOK""],[""NOW""],[""(L)LIVE"",""IX-1p"",""LOOK"",""FACE""],[""DIFFERENT""]]",5,3,2,6,95,90,101,True
asllrp_other_ctc,train,RACHEL,Rachel_2012-02-14_sc63,7568754.mp4,https://dai.cs.rutgers.edu/ss3front/7568754.mp4,0,"[""__OTHER__"",""TALK"",""__OTHER__""]","[101,46,101]","[[""IX-3p:j"",""PRESIDENT"",""(1h)FINISH"",""DEPART"",""DO-DO"",""IX-1p"",""FUTURE""],[""TALK""],[""WITH"",""IX-3p:j"",""ANSWER+AGENT""]]",3,1,2,1,93,93,101,True
asllrp_other_ctc,train,RACHEL,Rachel_2012-02-14_sc63,7568755.mp4,https://dai.cs.rutgers.edu/ss3front/7568755.mp4,0,"[""WHEN"",""__OTHER__"",""TALK"",""__OTHER__""]","[11,101,46,101]","[[""WHEN""],[""IX-3p:j"",""PRESIDENT"",""DEPART"",""IX-1p""],[""TALK""],[""WITH"",""IX-3p:j"",""ANSWER+AGENT""]]",4,2,2,2,89,88,101,True
asllrp_other_ctc,train,RACHEL,Rachel_2012-02-14_sc63,7568957.mp4,https://dai.cs.rutgers.edu/ss3front/7568957.mp4,0,"[""__OTHER__"",""NOW""]","[101,78]","[[""IX-1p"",""(1h)WANT_2"",""GO-OUT""],[""NOW""]]",2,1,1,2,40,39,101,True
asllrp_other_ctc,train,RACHEL,Rachel_2012-02-14_sc63,7568958.mp4,https://dai.cs.rutgers.edu/ss3front/7568958.mp4,0,"[""__OTHER__"",""NOW"",""__OTHER__"",""TELL"",""__OTHER__""]","[101,78,101,47,101]","[[""LONG-AGO"",""IX-1p"",""LIE""],[""NOW""],[""IX-1p"",""(1h)FINISH"",""IX-1p""],[""TELL""],[""HONEST""]]",5,2,3,2,76,75,101,True
asllrp_other_ctc,train,RACHEL,Rachel_2012-02-14_sc63,7569059.mp4,https://dai.cs.rutgers.edu/ss3front/7569059.mp4,0,"[""__OTHER__"",""NOW"",""__OTHER__""]","[101,78,101]","[[""(1h)WOW/AWFUL""],[""NOW""],[""RAIN"",""FORGET-IT"",""IX-1p"",""GO-OUT""]]",3,1,2,8,74,67,101,True
asllrp_other_ctc,train,RACHEL,Rachel_2012-02-14_sc63,7569364.mp4,https://dai.cs.rutgers.edu/ss3front/7569364.mp4,0,"[""NOW"",""__OTHER__""]","[78,101]","[[""NOW""],[""(1h)HAVE"",""BIG"",""SCL:5-C\\big house\\\""\"""",""HOUSE"",""REALLY"",""BEAUTIFUL""]]",2,1,1,4,76,73,101,True
asllrp_other_ctc,train,RACHEL,Rachel_2012-02-14_sc63,7569567.mp4,https://dai.cs.rutgers.edu/ss3front/7569567.mp4,0,"[""__OTHER__"",""TIME"",""NOW"",""__OTHER__"",""READ"",""__OTHER__"",""DIFFERENT"",""__OTHER__""]","[101,83,78,101,52,101,74,101]","[[""IX-1p"",""LONG-AGO"",""(1h)TEND"",""READ_2"",""ns-NEW-YORK_2""],[""TIME""],[""NOW""],[""IX-1p"",""(1h)FORGET-IT"",""IX-1p""],[""READ""],[""ns-BOSTON"",""fs-GLOBE""],[""DIFFERENT""],[""(1h)WOW/AWFUL""]]",8,4,4,1,154,154,101,True
asllrp_other_ctc,train,RACHEL,Rachel_2012-02-14_sc63,7569668.mp4,https://dai.cs.rutgers.edu/ss3front/7569668.mp4,0,"[""__OTHER__"",""NOW"",""__OTHER__""]","[101,78,101]","[[""IX-1p"",""BORN"",""ns-BOSTON"",""GROW-UP""],[""NOW""],[""IX-1p"",""LIVE"",""HERE"",""MANY"",""YEAR""]]",3,1,2,3,83,81,101,True
asllrp_other_ctc,train,RACHEL,Rachel_2012-02-14_sc63,7569669.mp4,https://dai.cs.rutgers.edu/ss3front/7569669.mp4,0,"[""__OTHER__"",""FRIEND"",""__OTHER__""]","[101,92,101]","[[""POSS-1p""],[""FRIEND""],[""i:TELL-1p"",""IX-3p:j"",""BORN"",""ns-CHICAGO""]]",3,1,2,3,65,63,101,True
asllrp_other_ctc,train,RACHEL,Rachel_2012-02-14_sc63,7569871.mp4,https://dai.cs.rutgers.edu/ss3front/7569871.mp4,0,"[""__OTHER__"",""NOW"",""__OTHER__""]","[101,78,101]","[[""IX-1p"",""NOT"",""WANT"",""GO-OUT"",""RAIN""],[""NOW""],[""part:indef""]]",3,1,2,0,59,60,101,True
asllrp_other_ctc,train,RACHEL,Rachel_2012-01-27_sc55,75783033.mp4,https://dai.cs.rutgers.edu/ss3front/75783033.mp4,0,"[""__OTHER__"",""WORK"",""__OTHER__""]","[101,51,101]","[[""POSS-1p"",""BROTHER""],[""WORK""],[""NIGHT-pl-arc""]]",3,1,2,1,50,50,101,True
asllrp_other_ctc,train,RACHEL,Rachel_2012-01-27_sc55,75783131.mp4,https://dai.cs.rutgers.edu/ss3front/75783131.mp4,0,"[""TOMORROW"",""__OTHER__""]","[79,101]","[[""TOMORROW""],[""IX-2p"",""GO-OUT"",""LIBRARY"",""INTERPRET"",""QMwg""]]",2,1,1,12,74,63,101,True
asllrp_other_ctc,train,RACHEL,Rachel_2012-01-27_sc55,75783329.mp4,https://dai.cs.rutgers.edu/ss3front/75783329.mp4,0,"[""__OTHER__"",""SORRY"",""__OTHER__""]","[101,19,101]","[[""IX-1p"",""(2h)KNOW+NEG"",""NOT"",""PERMIT"",""SIT"",""TABLE""],[""SORRY""],[""5\\hands off\\\""\""""]]",3,1,2,2,91,90,101,True
asllrp_other_ctc,train,RACHEL,Rachel_2012-01-27_sc55,75783526.mp4,https://dai.cs.rutgers.edu/ss3front/75783526.mp4,0,"[""NOW"",""__OTHER__""]","[78,101]","[[""NOW""],[""(1h)GOOD/THANK-YOU"",""fs-DAY"",""QMwg""]]",2,1,1,3,41,39,101,True
asllrp_other_ctc,train,RACHEL,Rachel_2012-01-27_sc55,75783625.mp4,https://dai.cs.rutgers.edu/ss3front/75783625.mp4,0,"[""__OTHER__"",""HOME"",""__OTHER__"",""THINK"",""__OTHER__"",""MORNING""]","[101,87,101,30,101,81]","[[""STRANGE"",""ns-fs-MARY"",""TELL-1p"",""ARRIVE""],[""HOME""],[""AROUND"",""MIDNIGHT"",""IX-1p"",""LOOK:j""],[""THINK""],[""ARRIVE"",""THREE_2""],[""MORNING""]]",6,3,3,7,152,146,101,True
asllrp_other_ctc,train,RACHEL,Rachel_2012-01-27_sc55,75783822.mp4,https://dai.cs.rutgers.edu/ss3front/75783822.mp4,0,"[""SORRY"",""__OTHER__""]","[19,101]","[[""SORRY""],[""SELL"",""IX-loc:j"",""NOT"",""SELL"",""FUNNY"",""BOOK"",""NONE/NOTHING""]]",2,1,1,11,93,83,101,True
asllrp_other_ctc,train,RACHEL,Rachel_2012-01-27_sc55,75783921.mp4,https://dai.cs.rutgers.edu/ss3front/75783921.mp4,0,"[""__OTHER__"",""LIKE"",""__OTHER__"",""LIKE"",""__OTHER__""]","[101,26,101,26,101]","[[""IX-3p:j"",""ns-fs-MARY""],[""LIKE""],[""fs-MARGARINE"",""NOT""],[""LIKE""],[""BUTTER_2""]]",5,2,3,5,104,100,101,True
asllrp_other_ctc,train,RACHEL,Rachel_2012-01-27_sc55,75784019.mp4,https://dai.cs.rutgers.edu/ss3front/75784019.mp4,0,"[""__OTHER__"",""TALK"",""__OTHER__""]","[101,46,101]","[[""(Y)YESTERDAY"",""#BUS"",""IX-1p"",""SIT-continuative"",""(5)MAN"",""STRANGE"",""LCL:crvd-V/2\\person sit next to me\\\""\""""],[""TALK""],[""IX-1p"",""part:indef""]]",3,1,2,5,139,135,101,True
asllrp_other_ctc,train,RACHEL,Rachel_2012-01-27_sc55,75784020.mp4,https://dai.cs.rutgers.edu/ss3front/75784020.mp4,0,"[""__OTHER__"",""WORK"",""__OTHER__""]","[101,51,101]","[[""NEXT-WEEK"",""ns-fs-PAUL"",""BUSY/BUSINESS"",""ALL-DAY""],[""WORK""],[""INTERPRET"",""NIGHT-pl-arc"",""CLASS-pl"",""(1h)WOW/AWFUL""]]",3,1,2,7,134,128,101,True
asllrp_other_ctc,train,RACHEL,Rachel_2012-01-27_sc55,75784217.mp4,https://dai.cs.rutgers.edu/ss3front/75784217.mp4,0,"[""__OTHER__"",""HOSPITAL"",""__OTHER__""]","[101,89,101]","[[""(D)DOCTOR"",""i:INFORM-1p"",""MOTHER"",""IX-loc:j"",""ACTION"",""STRANGE"",""IX-3p:j"",""BETTER"",""GO""],[""HOSPITAL""],[""ALL-NIGHT-TO-MORNING"",""(1h)STAY""]]",3,1,2,7,127,121,101,True
asllrp_other_ctc,train,RACHEL,Rachel_2012-01-27_sc55,75784316.mp4,https://dai.cs.rutgers.edu/ss3front/75784316.mp4,0,"[""__OTHER__"",""HAVE"",""__OTHER__""]","[101,32,101]","[[""IX-3p:j"",""ns-fs-JOHN"",""NOT""],[""HAVE""],[""SPECIAL/EXCEPT"",""BICYCLE"",""SHOE"",""part:indef""]]",3,1,2,0,84,85,101,True
asllrp_other_ctc,train,RACHEL,Rachel_2012-01-27_sc55,75784414.mp4,https://dai.cs.rutgers.edu/ss3front/75784414.mp4,0,"[""__OTHER__"",""NAME"",""__OTHER__""]","[101,98,101]","[[""IX-3p:j"",""FARM""],[""NAME""],[""ns-fs-ROBERTS"",""fs-RANCH""]]",3,1,2,7,94,88,101,True
asllrp_other_ctc,train,RACHEL,Rachel_2012-01-27_sc55,75784415.mp4,https://dai.cs.rutgers.edu/ss3front/75784415.mp4,0,"[""__OTHER__"",""HOT"",""__OTHER__""]","[101,67,101]","[[""SUMMER""],[""HOT""],[""fs-DAY"",""IX-loc:j"",""ns-fs-MARY"",""KISS-FIST"",""DRINK"",""LEMON""]]",3,1,2,4,106,103,101,True
asllrp_other_ctc,train,RACHEL,Rachel_2012-01-27_sc55,75784612.mp4,https://dai.cs.rutgers.edu/ss3front/75784612.mp4,0,"[""__OTHER__"",""NOW"",""__OTHER__"",""SORRY""]","[101,78,101,19]","[[""PAST"",""IX-1p"",""LIE""],[""NOW""],[""IX-1p"",""NOT"",""5\\no more\\\""\""""],[""SORRY""]]",4,2,2,4,81,78,101,True
asllrp_other_ctc,train,RACHEL,Rachel_2012-01-27_sc55,75784810.mp4,https://dai.cs.rutgers.edu/ss3front/75784810.mp4,0,"[""SORRY"",""__OTHER__"",""WAIT"",""__OTHER__""]","[19,101,38,101]","[[""SORRY""],[""MUST""],[""WAIT""],[""SIT"",""IX-loc:j""]]",4,2,2,8,57,50,101,True
asllrp_other_ctc,train,RACHEL,Rachel_2012-01-27_sc55,7578489.mp4,https://dai.cs.rutgers.edu/ss3front/7578489.mp4,0,"[""__OTHER__"",""LIKE"",""__OTHER__""]","[101,26,101]","[[""IX-1p""],[""LIKE""],[""BUTTER_2"",""IX-3p:j"",""ns-fs-LAND-O-LAKES""]]",3,1,2,4,98,95,101,True
asllrp_other_ctc,train,RACHEL,Rachel_2012-01-27_sc55,7578498.mp4,https://dai.cs.rutgers.edu/ss3front/7578498.mp4,0,"[""SORRY"",""__OTHER__""]","[19,101]","[[""SORRY""],[""BLACK"",""SHOE"",""GONE"",""FINISH"",""part:indef""]]",2,1,1,4,75,72,101,True
asllrp_other_ctc,train,RACHEL,Rachel_2012-01-27_sc55,7578507.mp4,https://dai.cs.rutgers.edu/ss3front/7578507.mp4,0,"[""__OTHER__"",""LIKE"",""HOT"",""__OTHER__"",""EASY"",""__OTHER__""]","[101,26,67,101,75,101]","[[""IX-3p:j"",""FARM"",""IX-loc:j""],[""LIKE""],[""HOT""],[""SUMMER""],[""EASY""],[""GROW"",""BIG"",""VEGETABLE"",""ADULT-TALL-pl""]]",6,3,3,1,134,134,101,True
asllrp_other_ctc,train,RACHEL,Rachel_2012-02-09_sc57,977928.mp4,https://dai.cs.rutgers.edu/ss3front/977928.mp4,0,"[""SEE"",""__OTHER__""]","[43,101]","[[""SEE""],[""IX-pl-2:i/j"",""ns-fs-JOHN"",""fs-TREAT"",""IX-3p:j"",""ns-fs-MARY"",""WOW/AWFUL"",""IX-1p"",""IX-3p:j"",""RELATIONSHIP-OFF""]]",2,1,1,22,126,105,101,True
asllrp_other_ctc,train,RACHEL,Rachel_2012-02-09_sc57,978423.mp4,https://dai.cs.rutgers.edu/ss3front/978423.mp4,0,"[""__OTHER__"",""EAT"",""__OTHER__""]","[101,54,101]","[[""IX-1p"",""NONE"",""(flat-O)PAY/SPEND"",""IX-1p"",""GO"",""AUNT"",""HOUSE""],[""EAT""],[""IX-loc:j""]]",3,1,2,7,89,83,101,True
asllrp_other_ctc,train,RACHEL,Rachel_2012-02-09_sc57,978817.mp4,https://dai.cs.rutgers.edu/ss3front/978817.mp4,0,"[""__OTHER__"",""WHERE""]","[101,10]","[[""EMERGENCY"",""IX-loc:j"",""GO-OUT""],[""WHERE""]]",2,1,1,8,55,48,101,True
asllrp_other_ctc,train,RACHEL,Rachel_2012-02-09_sc57,979015.mp4,https://dai.cs.rutgers.edu/ss3front/979015.mp4,0,"[""__OTHER__"",""YES""]","[101,20]","[[""IX-3p:j"",""FUTURE"",""(1h)(flat-O)PAY/SPEND"",""IX-3p:j"",""FLOWER"",""FOR"",""REALLY""],[""YES""]]",2,1,1,14,95,82,101,True
asllrp_other_ctc,train,RACHEL,Rachel_2012-02-09_sc57,979410.mp4,https://dai.cs.rutgers.edu/ss3front/979410.mp4,0,"[""__OTHER__"",""HAVE"",""__OTHER__""]","[101,32,101]","[[""HAPPEN"",""IX-1p"",""STUDY"",""(1h)5\\exasperation\\\""\""""],[""HAVE""],[""fs-POP"",""#QUIZ""]]",3,1,2,3,75,73,101,True
asllrp_other_ctc,train,RACHEL,Rachel_2012-02-09_sc57,97959.mp4,https://dai.cs.rutgers.edu/ss3front/97959.mp4,0,"[""__OTHER__"",""HAVE"",""__OTHER__""]","[101,32,101]","[[""HAPPEN"",""RAIN"",""IX-1p"",""NOT""],[""HAVE""],[""UMBRELLA""]]",3,1,2,1,79,79,101,True
asllrp_other_ctc,train,RACHEL,Rachel_2012-02-09_sc58,97996256.mp4,https://dai.cs.rutgers.edu/ss3front/97996256.mp4,0,"[""__OTHER__"",""SEE"",""__OTHER__"",""SLEEP"",""__OTHER__""]","[101,43,101,57,101]","[[""IX-1p"",""NOT""],[""SEE""],[""(5)ACCIDENT"",""part:indef"",""IX-1p""],[""SLEEP""],[""part:indef""]]",5,2,3,0,88,89,101,True
asllrp_other_ctc,train,RACHEL,Rachel_2012-02-09_sc58,97996257.mp4,https://dai.cs.rutgers.edu/ss3front/97996257.mp4,0,"[""__OTHER__"",""SEE"",""__OTHER__""]","[101,43,101]","[[""IX-loc:j"",""NOT""],[""SEE""],[""IX-1p"",""NONE/NOTHING""]]",3,1,2,16,68,53,101,True
asllrp_other_ctc,train,RACHEL,Rachel_2012-02-09_sc58,97996453.mp4,https://dai.cs.rutgers.edu/ss3front/97996453.mp4,0,"[""__OTHER__"",""STOP"",""__OTHER__"",""NOW""]","[101,37,101,78]","[[""IX-3p:j"",""ns-fs-MARY""],[""STOP""],[""ROWING"",""(1h)5\\wave no\\\""\"""",""IX-3p:j"",""NEVER"",""ROWING"",""UP-TO-NOW""],[""NOW""]]",4,2,2,8,96,89,101,True
asllrp_other_ctc,train,RACHEL,Rachel_2012-02-09_sc58,97996454.mp4,https://dai.cs.rutgers.edu/ss3front/97996454.mp4,0,"[""__OTHER__"",""READ"",""__OTHER__""]","[101,52,101]","[[""ns-fs-JOHN""],[""READ""],[""BOOK"",""(1h)5\\wave no\\\""\"""",""IX-3p:j"",""NEVER"",""START"",""BOOK""]]",3,1,2,6,93,88,101,True
asllrp_other_ctc,train,RACHEL,Rachel_2012-02-09_sc58,97996552.mp4,https://dai.cs.rutgers.edu/ss3front/97996552.mp4,0,"[""__OTHER__"",""STOP"",""__OTHER__""]","[101,37,101]","[[""#NO"",""NOT""],[""STOP""],[""5\\perplexed\\\""\""""]]",3,1,2,5,55,51,101,True
asllrp_other_ctc,train,RACHEL,Rachel_2012-02-09_sc58,97996651.mp4,https://dai.cs.rutgers.edu/ss3front/97996651.mp4,0,"[""__OTHER__"",""STOP"",""__OTHER__""]","[101,37,101]","[[""ns-fs-MARY""],[""STOP""],[""ROWING"",""5\\out of my control\\\""\"""",""NOT"",""CONTINUE"",""ROWING"",""5\\no more\\\""\""""]]",3,1,2,3,98,96,101,True
asllrp_other_ctc,train,RACHEL,Rachel_2012-02-09_sc58,97996849.mp4,https://dai.cs.rutgers.edu/ss3front/97996849.mp4,0,"[""__OTHER__"",""LIKE"",""MAYBE"",""__OTHER__""]","[101,26,22,101]","[[""IX-1p""],[""LIKE""],[""MAYBE""],[""(2h)THING"",""(2h)ANY+(2h)THING"",""(2h)5\\I don't know\\\""\""""]]",4,2,2,3,90,88,101,True
asllrp_other_ctc,train,RACHEL,Rachel_2012-02-09_sc58,97997440.mp4,https://dai.cs.rutgers.edu/ss3front/97997440.mp4,0,"[""__OTHER__"",""TIRED"",""TIRED"",""__OTHER__""]","[101,64,64,101]","[[""IX-1p""],[""TIRED""],[""TIRED""],[""(1h)WOW/AWFUL""]]",4,2,2,4,66,63,101,True
asllrp_other_ctc,train,RACHEL,Rachel_2012-02-09_sc58,97997539.mp4,https://dai.cs.rutgers.edu/ss3front/97997539.mp4,0,"[""__OTHER__"",""SAD"",""__OTHER__""]","[101,61,101]","[[""IX-1p"",""(1h)HAPPY"",""NONE/NOTHING"",""#NO"",""IX-1p""],[""SAD""],[""5\\ok (giving in)\\\""\""""]]",3,1,2,0,89,90,101,True
asllrp_other_ctc,train,RACHEL,Rachel_2012-02-09_sc58,97997735.mp4,https://dai.cs.rutgers.edu/ss3front/97997735.mp4,0,"[""__OTHER__"",""HOT""]","[101,67]","[[""IX-1p"",""WARM"",""LATER_2""],[""HOT""]]",2,1,1,1,68,68,101,True
asllrp_other_ctc,train,RACHEL,Rachel_2012-02-09_sc58,97997736.mp4,https://dai.cs.rutgers.edu/ss3front/97997736.mp4,0,"[""__OTHER__"",""HOT""]","[101,67]","[[""IX-1p"",""WARM"",""(1h)5\\wave no\\\""\"""",""IX-1p""],[""HOT""]]",2,1,1,1,64,64,101,True
asllrp_other_ctc,train,RACHEL,Rachel_2012-02-09_sc58,97997933.mp4,https://dai.cs.rutgers.edu/ss3front/97997933.mp4,0,"[""__OTHER__"",""SMALL"",""__OTHER__""]","[101,70,101]","[[""BOX/ROOM"",""BIG_2"",""(1h)5\\wave no\\\""\"""",""NOT""],[""SMALL""],[""(1h)5\\wave no\\\""\""""]]",3,1,2,4,63,60,101,True
asllrp_other_ctc,train,RACHEL,Rachel_2012-02-09_sc58,97998031.mp4,https://dai.cs.rutgers.edu/ss3front/97998031.mp4,0,"[""__OTHER__"",""SMALL"",""__OTHER__"",""SMALL""]","[101,70,101,70]","[[""BOX/ROOM""],[""SMALL""],[""(1h)5\\wave no\\\""\"""",""REALLY""],[""SMALL""]]",4,2,2,5,67,63,101,True
asllrp_other_ctc,train,RACHEL,Rachel_2012-02-09_sc58,97998130.mp4,https://dai.cs.rutgers.edu/ss3front/97998130.mp4,0,"[""__OTHER__"",""SMALL"",""__OTHER__""]","[101,70,101]","[[""BOX/ROOM""],[""SMALL""],[""(1h)5\\wave no\\\""\"""",""BIG_5""]]",3,1,2,2,60,59,101,True
asllrp_other_ctc,train,RACHEL,Rachel_2012-02-09_sc58,97998228.mp4,https://dai.cs.rutgers.edu/ss3front/97998228.mp4,0,"[""__OTHER__"",""SMALL"",""__OTHER__""]","[101,70,101]","[[""BOX/ROOM""],[""SMALL""],[""DCL\\small box\\\""\""""]]",3,1,2,8,47,40,101,True
asllrp_other_ctc,train,RACHEL,Rachel_2012-02-09_sc58,97998229.mp4,https://dai.cs.rutgers.edu/ss3front/97998229.mp4,0,"[""__OTHER__"",""SMALL"",""__OTHER__""]","[101,70,101]","[[""BOX/ROOM""],[""SMALL""],[""NOT""]]",3,1,2,3,42,40,101,True
asllrp_other_ctc,train,RACHEL,Rachel_2012-02-09_sc58,97998327.mp4,https://dai.cs.rutgers.edu/ss3front/97998327.mp4,0,"[""__OTHER__"",""HOME""]","[101,87]","[[""GO-OUT"",""GO-OUT"",""GO-OUT""],[""HOME""]]",2,1,1,2,59,58,101,True
asllrp_other_ctc,train,RACHEL,Rachel_2012-02-09_sc58,97998426.mp4,https://dai.cs.rutgers.edu/ss3front/97998426.mp4,0,"[""__OTHER__"",""HOME"",""__OTHER__""]","[101,87,101]","[[""BOY"",""NEVER"",""GO-OUT""],[""HOME""],[""(1h)part:indef""]]",3,1,2,3,61,59,101,True
asllrp_other_ctc,train,RACHEL,Rachel_2012-02-09_sc58,97998525.mp4,https://dai.cs.rutgers.edu/ss3front/97998525.mp4,0,"[""__OTHER__"",""FEEL"",""__OTHER__"",""FEEL"",""__OTHER__""]","[101,31,101,31,101]","[[""IX-3p:j""],[""FEEL""],[""NONE/NOTHING"",""(1h)part:indef""],[""FEEL""],[""(F)NONE/NOTHING"",""(1h)part:indef""]]",5,2,3,1,67,67,101,True
asllrp_other_ctc,train,RACHEL,Rachel_2012-02-09_sc58,97998624.mp4,https://dai.cs.rutgers.edu/ss3front/97998624.mp4,0,"[""__OTHER__"",""THINK"",""__OTHER__""]","[101,30,101]","[[""IX-3p:j"",""WANT+NEG"",""IX-1p"",""DOUBT"",""IX-1p""],[""THINK""],[""IX-3p:j"",""WANT""]]",3,1,2,0,74,75,101,True
asllrp_other_ctc,train,RACHEL,Rachel_2012-02-09_sc58,97999018.mp4,https://dai.cs.rutgers.edu/ss3front/97999018.mp4,0,"[""TIRED"",""__OTHER__""]","[64,101]","[[""TIRED""],[""(1h)5\\wave no\\\""\""""]]",2,1,1,6,50,45,101,True
asllrp_other_ctc,train,RACHEL,Rachel_2012-02-09_sc58,97999314.mp4,https://dai.cs.rutgers.edu/ss3front/97999314.mp4,0,"[""__OTHER__"",""HOME""]","[101,87]","[[""BOY"",""ARRIVE""],[""HOME""]]",2,1,1,6,51,46,101,True
asllrp_other_ctc,train,RACHEL,Rachel_2012-02-09_sc58,9799997.mp4,https://dai.cs.rutgers.edu/ss3front/9799997.mp4,0,"[""__OTHER__"",""NOW"",""__OTHER__""]","[101,78,101]","[[""RAIN"",""NONE/NOTHING""],[""NOW""],[""GO-OUT"",""NONE/NOTHING"",""5\\perplexed\\\""\""""]]",3,1,2,4,86,83,101,True
asllrp_other_ctc,validation,JONATHAN,Jonathan_2012-11-27_sc97,15716766.mp4,https://dai.cs.rutgers.edu/ss3front/15716766.mp4,0,"[""__OTHER__"",""NOW"",""__OTHER__""]","[101,78,101]","[[""MOTHERwg"",""IX-3p:j"",""NOT"",""SICK""],[""NOW""],[""NONE/NOTHING""]]",3,1,2,11,67,57,101,True
asllrp_other_ctc,validation,JONATHAN,Jonathan_2012-11-27_sc97,15716865.mp4,https://dai.cs.rutgers.edu/ss3front/15716865.mp4,0,"[""__OTHER__"",""NOW""]","[101,78]","[[""TEACH+AGENT"",""IX-3p:j"",""SICK-OF"",""NICE/CLEAN"",""CLASS_2+BOX/ROOM"",""IX-3p:j"",""(1h)FORGET-IT"",""NOT"",""NICE/CLEAN""],[""NOW""]]",2,1,1,13,128,116,101,True
asllrp_other_ctc,validation,JONATHAN,Jonathan_2012-11-27_sc97,15716963.mp4,https://dai.cs.rutgers.edu/ss3front/15716963.mp4,0,"[""__OTHER__"",""READ"",""__OTHER__""]","[101,52,101]","[[""ns-fs-BOB"",""IX-loc:j"",""(1h)VOMIT/HATE""],[""READ""],[""BOOK""]]",3,1,2,4,83,80,101,True
asllrp_other_ctc,validation,JONATHAN,Jonathan_2012-11-27_sc97,15717258.mp4,https://dai.cs.rutgers.edu/ss3front/15717258.mp4,0,"[""__OTHER__"",""FRIEND"",""__OTHER__""]","[101,92,101]","[[""#IF""],[""FRIEND""],[""CRASH"",""POSS-1p"",""(P)PARTY"",""IX-1p"",""FUTURE"",""KICK-OFF"",""IX-1p""]]",3,1,2,6,103,98,101,True
asllrp_other_ctc,validation,JONATHAN,Jonathan_2012-11-27_sc97,15717259.mp4,https://dai.cs.rutgers.edu/ss3front/15717259.mp4,0,"[""__OTHER__"",""FRIEND"",""__OTHER__""]","[101,92,101]","[[""#IF""],[""FRIEND""],[""TAKE-UP"",""PIZZA_4"",""DINNER"",""IX-1p"",""FUTURE"",""BRING"",""fs-SUPREME"",""DCL\\round flat\\\""\""""]]",3,1,2,13,161,149,101,True
asllrp_other_ctc,validation,JONATHAN,Jonathan_2012-11-27_sc97,15717456.mp4,https://dai.cs.rutgers.edu/ss3front/15717456.mp4,0,"[""__OTHER__"",""FRIEND"",""__OTHER__""]","[101,92,101]","[[""#IF"",""POSS-2p""],[""FRIEND""],[""(2h)PASS-OUT_2"",""(2h)DRUNK"",""IX-1p"",""REFUSE"",""CARE"",""REFUSE"",""IX-1p""]]",3,1,2,7,119,113,101,True
asllrp_other_ctc,validation,JONATHAN,Jonathan_2012-11-27_sc97,15717850.mp4,https://dai.cs.rutgers.edu/ss3front/15717850.mp4,0,"[""__OTHER__"",""FRIEND"",""__OTHER__""]","[101,92,101]","[[""#IF"",""POSS-1p""],[""FRIEND""],[""IX-3p:j"",""(1h)(flat-O)PAY/SPEND"",""PLAID"",""(2h)SHIRT"",""IX-1p"",""MUST"",""MAKE"",""REALLY"",""OPPOSITE"",""IX-1p"",""(4)STRIPES""]]",3,1,2,3,158,156,101,True
asllrp_other_ctc,validation,JONATHAN,Jonathan_2012-11-27_sc97,15717948.mp4,https://dai.cs.rutgers.edu/ss3front/15717948.mp4,0,"[""__OTHER__"",""FRIEND""]","[101,92]","[[""#WHEN"",""IX-1p"",""MAKE"",""LIST"",""FOR"",""#BQQ"",""(P)PARTY"",""IX-1p"",""MUST"",""MAKE"",""REALLY"",""IX-1p"",""(2h)alt.INVITE/HIRE"",""ALL"",""POSS-1p""],[""FRIEND""]]",2,1,1,6,182,177,101,True
asllrp_other_ctc,validation,JONATHAN,Jonathan_2012-11-27_sc97,15718047.mp4,https://dai.cs.rutgers.edu/ss3front/15718047.mp4,0,"[""__OTHER__"",""FRIEND"",""__OTHER__""]","[101,92,101]","[[""#IF""],[""FRIEND""],[""PLAY"",""FRISBEE"",""IX-1p"",""FUTURE"",""JOIN"",""PLAY"",""IX-1p""]]",3,1,2,3,74,72,101,True
asllrp_other_ctc,validation,JONATHAN,Jonathan_2012-11-27_sc97,15718145.mp4,https://dai.cs.rutgers.edu/ss3front/15718145.mp4,0,"[""__OTHER__"",""HAVE"",""__OTHER__""]","[101,32,101]","[[""#IF"",""(S)BASEBALL"",""GAME"",""REALLY+WORK""],[""HAVE""],[""FIREWORKS"",""IX-loc:j"",""GUARANTEE"",""IX-1p"",""GO"",""WATCH-TV"",""IX-1p""]]",3,1,2,28,180,153,101,True
asllrp_other_ctc,validation,JONATHAN,Jonathan_2012-11-27_sc97,15718146.mp4,https://dai.cs.rutgers.edu/ss3front/15718146.mp4,0,"[""__OTHER__"",""FRIEND"",""__OTHER__""]","[101,92,101]","[[""#WHEN"",""POSS-1p""],[""FRIEND""],[""SCL:crvd-5\\group go together\\\""\"""",""fs-SUN"",""IX-loc:j"",""SCL:V/2\\person rolling around\\\""\"""",""fs-BEACH"",""IX-1p"",""MUST"",""BRING"",""(L)LOTION"",""(bent-1)POSS-1p"",""BPCL:B-L\\rub on lotion\\\""\""""]]",3,1,2,4,191,188,101,True
asllrp_other_ctc,validation,JONATHAN,Jonathan_2012-11-27_sc97,15718244.mp4,https://dai.cs.rutgers.edu/ss3front/15718244.mp4,0,"[""__OTHER__"",""WORK"",""__OTHER__""]","[101,51,101]","[[""#IF"",""REALLY+WORK"",""IX-1p"",""COMMUTE""],[""WORK""],[""BICYCLE"",""IX-1p"",""MUST"",""GET-UP"",""EMPTY/EARLY+(1h)MOST"",""(nd-1)BEFORE""]]",3,1,2,4,141,138,101,True
asllrp_other_ctc,validation,JONATHAN,Jonathan_2012-11-27_sc97,15718343.mp4,https://dai.cs.rutgers.edu/ss3front/15718343.mp4,0,"[""__OTHER__"",""FRIEND"",""__OTHER__"",""WHERE"",""__OTHER__""]","[101,92,101,10,101]","[[""#IF"",""POSS-1p""],[""FRIEND""],[""PROCEED"",""BRAVE/RECOVER"",""ASK"",""DIRECT/EXPLAIN""],[""WHERE""],[""IX-1p"",""MUST"",""ACCEPT"",""DRIVE"",""IX-1p""]]",5,2,3,9,163,155,101,True
asllrp_other_ctc,validation,JONATHAN,Jonathan_2012-11-27_sc97,15718441.mp4,https://dai.cs.rutgers.edu/ss3front/15718441.mp4,0,"[""FRIEND"",""__OTHER__""]","[92,101]","[[""FRIEND""],[""LOOK:j"",""(1h)FORGET-IT"",""BUT"",""(nd-1)MOVIE"",""(25)WHY"",""IX-3p:j"",""FAVORITE/PREFER"",""ACTION"",""fs-ACTION"",""AND"",""MONSTER"",""fs-HORROR""]]",2,1,1,3,166,164,101,True
asllrp_other_ctc,validation,JONATHAN,Jonathan_2012-11-27_sc97,15718442.mp4,https://dai.cs.rutgers.edu/ss3front/15718442.mp4,0,"[""__OTHER__"",""FRIEND"",""__OTHER__"",""NAME"",""__OTHER__""]","[101,92,101,98,101]","[[""IX-1p"",""#WHEN"",""IX-1p"",""INTRODUCE""],[""FRIEND""],[""FUTURE"",""TEST"",""IX-2p"",""REMEMBER"",""POSS-3p:j""],[""NAME""],[""LATER_2""]]",5,2,3,8,125,118,101,True
asllrp_other_ctc,validation,JONATHAN,Jonathan_2012-11-27_sc97,15718540.mp4,https://dai.cs.rutgers.edu/ss3front/15718540.mp4,0,"[""FRIEND"",""__OTHER__"",""DIFFERENT"",""__OTHER__""]","[92,101,74,101]","[[""FRIEND""],[""SCL:crvd-5\\group go together\\\""\"""",""WATCH-TV"",""BUT"",""(nd-1)MOVIE"",""(25)WHY"",""IX-3p:j"",""FAVORITE/PREFER"",""SOMETHING/ONE""],[""DIFFERENT""],[""(1h)part:indef""]]",4,2,2,5,110,106,101,True
asllrp_other_ctc,validation,JONATHAN,Jonathan_2012-11-27_sc97,15718639.mp4,https://dai.cs.rutgers.edu/ss3front/15718639.mp4,0,"[""__OTHER__"",""FRIEND"",""__OTHER__""]","[101,92,101]","[[""#IF"",""DRESS/CLOTHES"",""ON"",""#SALE"",""GUARANTEE""],[""FRIEND""],[""IX-1p-pl-arc"",""DCL:crvd-5\\group go together\\\""\"""",""GO-OUT"",""fs-MALL""]]",3,1,2,11,150,140,101,True
asllrp_other_ctc,validation,JONATHAN,Jonathan_2012-11-27_sc97,15718738.mp4,https://dai.cs.rutgers.edu/ss3front/15718738.mp4,0,"[""__OTHER__"",""NIGHT"",""TIME"",""__OTHER__""]","[101,82,83,101]","[[""#IF"",""(2h)HORSE"",""IX-loc:j"",""PLAY"",""ALL-DAY"",""SCL:V/2\\horse galloping\\\""\"""",""ON"",""FARM"",""GUARANTEE""],[""NIGHT""],[""TIME""],[""EXHAUST""]]",4,2,2,13,164,152,101,True
asllrp_other_ctc,validation,JONATHAN,Jonathan_2012-11-27_sc97,15718934.mp4,https://dai.cs.rutgers.edu/ss3front/15718934.mp4,0,"[""__OTHER__"",""BAD"",""__OTHER__"",""HOME""]","[101,59,101,87]","[[""#WHEN""],[""BAD""],[""fs-STORM"",""COME"",""ns-BOSTON"",""FINE"",""(1h)STAY""],[""HOME""]]",4,2,2,4,108,105,101,True
asllrp_other_ctc,validation,JONATHAN,Jonathan_2012-11-27_sc97,15718935.mp4,https://dai.cs.rutgers.edu/ss3front/15718935.mp4,0,"[""__OTHER__"",""FAMILY"",""__OTHER__""]","[101,91,101]","[[""#IF"",""IX-3p:j""],[""FAMILY""],[""DECIDE"",""VACATION"",""EVERY-YEAR"",""IX-3p:j"",""FUTURE"",""EVERY-YEAR"",""DEPART"",""ns-PUERTO-RICO""]]",3,1,2,11,142,132,101,True
asllrp_other_ctc,validation,JONATHAN,Jonathan_2012-11-27_sc97,15719033.mp4,https://dai.cs.rutgers.edu/ss3front/15719033.mp4,0,"[""__OTHER__"",""NOW"",""__OTHER__""]","[101,78,101]","[[""#IF"",""REALLY+WORK"",""IX-1p"",""MUST"",""(P)PAY"",""fs-RENT""],[""NOW""],[""FINE"",""CANCEL/CRITICIZE"",""POSS-1p"",""VACATION"",""(1h)PROCEED""]]",3,1,2,4,129,126,101,True
asllrp_other_ctc,validation,JONATHAN,Jonathan_2012-11-27_sc97,15719132.mp4,https://dai.cs.rutgers.edu/ss3front/15719132.mp4,0,"[""__OTHER__"",""HOME"",""__OTHER__""]","[101,87,101]","[[""#IF"",""REALLY+WORK"",""AUNT"",""MAKE"",""BLUE+fs-BERRY"",""PIE"",""FINISH"",""ZOOM""],[""HOME""],[""GOBBLE-UP""]]",3,1,2,5,143,139,101,True
asllrp_other_ctc,validation,JONATHAN,Jonathan_2012-11-27_sc97,15719526.mp4,https://dai.cs.rutgers.edu/ss3front/15719526.mp4,0,"[""__OTHER__"",""LEARN"",""__OTHER__""]","[101,50,101]","[[""#IF"",""5\\hesitation\\\""\"""",""IX-3p:j"",""STUDENT"",""PROCEED"",""HEAR/LISTEN"",""TEACH+AGENT"",""LOOK-UP"",""FUTURE""],[""LEARN""],[""SOMETHING/ONE""]]",3,1,2,9,141,133,101,True
asllrp_other_ctc,validation,JONATHAN,Jonathan_2012-11-27_sc97,15719625.mp4,https://dai.cs.rutgers.edu/ss3front/15719625.mp4,0,"[""__OTHER__"",""WORK""]","[101,51]","[[""#IF"",""(1)SEND"",""POSS-3p:j"",""RESUME"",""FUTURE"",""GET""],[""WORK""]]",2,1,1,15,115,101,101,True
asllrp_other_ctc,validation,JONATHAN,Jonathan_2012-11-27_sc97,15719724.mp4,https://dai.cs.rutgers.edu/ss3front/15719724.mp4,0,"[""FRIEND"",""__OTHER__""]","[92,101]","[[""FRIEND""],[""PROCEED"",""TAKE-UP"",""PIZZA_4"",""DINNER"",""(25)WHY""]]",2,1,1,18,109,92,101,True
asllrp_other_ctc,validation,JONATHAN,Jonathan_2012-11-27_sc97,15719823.mp4,https://dai.cs.rutgers.edu/ss3front/15719823.mp4,0,"[""__OTHER__"",""FRIEND"",""__OTHER__""]","[101,92,101]","[[""POSS-1p""],[""FRIEND""],[""PROCEED"",""CROWDED"",""(5)CRASH"",""(P)PARTY"",""(25)WHY"",""RECENT-PAST"",""FINISH"",""LAST"",""fs-EXAM""]]",3,1,2,16,156,141,101,True
asllrp_other_ctc,validation,JONATHAN,Jonathan_2012-11-27_sc97,15719921.mp4,https://dai.cs.rutgers.edu/ss3front/15719921.mp4,0,"[""__OTHER__"",""FRIEND"",""__OTHER__""]","[101,92,101]","[[""POSS-1p""],[""FRIEND""],[""IX-3p:j"",""SCL:3\\person passed out\\\""\"""",""PAST+NIGHT"",""(25)WHY"",""(2h)(Y)DRINK"",""PARTY-HARD"",""IX-3p:j""]]",3,1,2,6,124,119,101,True
asllrp_other_ctc,validation,JONATHAN,Jonathan_2012-11-27_sc97,15719922.mp4,https://dai.cs.rutgers.edu/ss3front/15719922.mp4,0,"[""__OTHER__"",""FRIEND"",""__OTHER__""]","[101,92,101]","[[""POSS-1p""],[""FRIEND""],[""IX-3p:j"",""SCL:3\\person passed out\\\""\"""",""PAST+NIGHT"",""PARTY-HARD"",""WOW"",""(25)WHY"",""POSS-3p:j"",""BIRTHDAY""]]",3,1,2,6,125,120,101,True
asllrp_other_ctc,validation,JONATHAN,Jonathan_2012-11-27_sc97,15720020.mp4,https://dai.cs.rutgers.edu/ss3front/15720020.mp4,0,"[""__OTHER__"",""FRIEND"",""__OTHER__""]","[101,92,101]","[[""POSS-1p""],[""FRIEND""],[""PAST+NIGHT"",""WOW"",""(2h)DRUNK"",""(2h)PASS-OUT_2"",""(25)WHY"",""(2h)(Y)DRINK"",""A-LOT"",""IX-3p:j""]]",3,1,2,3,107,105,101,True
asllrp_other_ctc,validation,JONATHAN,Jonathan_2012-11-27_sc97,15720119.mp4,https://dai.cs.rutgers.edu/ss3front/15720119.mp4,0,"[""__OTHER__"",""WORK"",""__OTHER__""]","[101,51,101]","[[""IX-1p"",""MOVE-AWAY"",""ns-#SD"",""(25)WHY"",""NEW""],[""WORK""],[""(2h)IX-honorific:j""]]",3,1,2,4,93,90,101,True
asllrp_other_ctc,validation,JONATHAN,Jonathan_2012-11-27_sc97,15720217.mp4,https://dai.cs.rutgers.edu/ss3front/15720217.mp4,0,"[""__OTHER__"",""HOW"",""__OTHER__""]","[101,14,101]","[[""fs-BRIDE"",""AND"",""fs-GROOM"",""DANCE"",""LAST"",""POSS-1p"",""WEDDING"",""CLOSE-DOOR""],[""HOW""],[""PICK/CHOOSE"",""POSS-1p"",""fs-OWN"",""MUSIC""]]",3,1,2,6,208,203,101,True
asllrp_other_ctc,validation,JONATHAN,Jonathan_2012-11-27_sc97,15720414.mp4,https://dai.cs.rutgers.edu/ss3front/15720414.mp4,0,"[""__OTHER__"",""FRIEND"",""__OTHER__""]","[101,92,101]","[[""POSS-1p""],[""FRIEND""],[""WANT"",""PLAID"",""(2h)SHIRT"",""(25)WHY"",""IX-3p:j"",""FUTURE"",""(1h)HAVE"",""DRESS/CLOTHES"",""(P)PARTY"",""GROUP/TOGETHER"",""DEPART""]]",3,1,2,10,142,133,101,True
asllrp_other_ctc,validation,JONATHAN,Jonathan_2012-11-27_sc97,15720415.mp4,https://dai.cs.rutgers.edu/ss3front/15720415.mp4,0,"[""__OTHER__"",""HOT""]","[101,67]","[[""IX-1p"",""SHOULD"",""BUY"",""SHORTS"",""(25)WHY"",""IX-loc:j"",""WOW"",""(1h)OUT""],[""HOT""]]",2,1,1,7,93,87,101,True
asllrp_other_ctc,validation,JONATHAN,Jonathan_2012-11-27_sc97,15720612.mp4,https://dai.cs.rutgers.edu/ss3front/15720612.mp4,0,"[""__OTHER__"",""FRIEND"",""__OTHER__""]","[101,92,101]","[[""IX-1p"",""INVITE/HIRE""],[""FRIEND""],[""GO-OUT"",""#BQQ"",""(P)PARTY"",""(25)WHY"",""(1h)part:indef"",""FOURTH"",""#JULY"",""SOON""]]",3,1,2,3,130,128,101,True
asllrp_other_ctc,validation,JONATHAN,Jonathan_2012-11-27_sc97,15720710.mp4,https://dai.cs.rutgers.edu/ss3front/15720710.mp4,0,"[""FRIEND"",""__OTHER__""]","[92,101]","[[""FRIEND""],[""GROUP/TOGETHER-pl"",""fs-BEACH"",""SUNBATHE"",""DCL:4\\people tanning\\\""\"""",""SUNBATHE"",""(25)WHY"",""(1h)part:indef"",""IX-loc:j"",""fs-PALE""]]",2,1,1,5,163,159,101,True
asllrp_other_ctc,validation,JONATHAN,Jonathan_2012-11-27_sc97,15720711.mp4,https://dai.cs.rutgers.edu/ss3front/15720711.mp4,0,"[""FRIEND"",""__OTHER__"",""WHERE"",""__OTHER__""]","[92,101,10,101]","[[""FRIEND""],[""PLAY"",""FRISBEE""],[""WHERE""],[""IX-loc:j"",""fs-PARK"",""PLAY"",""FRISBEE""]]",4,2,2,4,124,121,101,True
asllrp_other_ctc,validation,JONATHAN,Jonathan_2012-11-27_sc97,1572098.mp4,https://dai.cs.rutgers.edu/ss3front/1572098.mp4,0,"[""__OTHER__"",""WORK"",""__OTHER__""]","[101,51,101]","[[""IX-1p"",""(1h)TEND"",""COMMUTE"",""BICYCLE"",""GO-OUT""],[""WORK""],[""(25)WHY"",""IX-1p"",""CANNOT"",""BILL/OWE"",""#CAR"",""IX-1p""]]",3,1,2,2,117,116,101,True
asllrp_other_ctc,validation,JONATHAN,Jonathan_2012-11-27_sc97,1572107.mp4,https://dai.cs.rutgers.edu/ss3front/1572107.mp4,0,"[""__OTHER__"",""WHERE"",""__OTHER__""]","[101,10,101]","[[""IX-1p"",""MUST"",""REQUEST"",""DIRECT/EXPLAIN"",""(25)WHY"",""IX-1p"",""KNOW-NOTHING""],[""WHERE""],[""GO-OUT"",""IX-1p""]]",3,1,2,7,100,94,101,True
asllrp_other_ctc,validation,JONATHAN,Jonathan_2012-11-27_sc95,28310.mp4,https://dai.cs.rutgers.edu/ss3front/28310.mp4,0,"[""__OTHER__"",""WHERE""]","[101,10]","[[""BUY"",""CAR"",""IX-2p""],[""WHERE""]]",2,1,1,9,56,48,101,True
asllrp_other_ctc,validation,JONATHAN,Jonathan_2012-11-27_sc95,28411.mp4,https://dai.cs.rutgers.edu/ss3front/28411.mp4,0,"[""__OTHER__"",""WHERE""]","[101,10]","[[""(2h)EAT"",""SELL"",""SCL:1\\describing a narrow road\\\""\""""],[""WHERE""]]",2,1,1,6,53,48,101,True
asllrp_other_ctc,validation,JONATHAN,Jonathan_2012-11-27_sc95,28512.mp4,https://dai.cs.rutgers.edu/ss3front/28512.mp4,0,"[""__OTHER__"",""WHERE"",""__OTHER__""]","[101,10,101]","[[""IX-2p"",""GO-OUT""],[""WHERE""],[""(1h)NOW"",""IX-2p""]]",3,1,2,5,54,50,101,True
asllrp_other_ctc,validation,JONATHAN,Jonathan_2012-11-27_sc95,28513.mp4,https://dai.cs.rutgers.edu/ss3front/28513.mp4,0,"[""__OTHER__"",""WORK"",""__OTHER__""]","[101,51,101]","[[""IX-2p"",""FINISH""],[""WORK""],[""#WHEN""]]",3,1,2,4,53,50,101,True
asllrp_other_ctc,validation,JONATHAN,Jonathan_2012-11-27_sc95,28614.mp4,https://dai.cs.rutgers.edu/ss3front/28614.mp4,0,"[""NOW"",""__OTHER__"",""WORK"",""__OTHER__""]","[78,101,51,101]","[[""NOW""],[""IX-2p""],[""WORK""],[""(1h)DO-DO"",""IX-2p""]]",4,2,2,9,58,50,101,True
asllrp_other_ctc,validation,JONATHAN,Jonathan_2012-11-27_sc95,28715.mp4,https://dai.cs.rutgers.edu/ss3front/28715.mp4,0,"[""__OTHER__"",""WHERE""]","[101,10]","[[""IX-2p"",""PUT"",""TREE"",""SET-UP""],[""WHERE""]]",2,1,1,2,71,70,101,True
asllrp_other_ctc,validation,JONATHAN,Jonathan_2012-11-27_sc95,28918.mp4,https://dai.cs.rutgers.edu/ss3front/28918.mp4,0,"[""__OTHER__"",""HAVE"",""__OTHER__""]","[101,32,101]","[[""OLD"",""MUSIC"",""DCL:L-X\\disc\\\""\"""",""#CD"",""TAPE-RECORDING"",""part:indef"",""(2h)#NO+MORE"",""(25)WHY"",""EVERY+ONE""],[""HAVE""],[""fs-IPOD""]]",3,1,2,10,161,152,101,True
asllrp_other_ctc,validation,JONATHAN,Jonathan_2012-11-27_sc95,29019.mp4,https://dai.cs.rutgers.edu/ss3front/29019.mp4,0,"[""__OTHER__"",""FRIEND"",""__OTHER__"",""HOT"",""__OTHER__""]","[101,92,101,67,101]","[[""PAST+NIGHT"",""IX-1p"",""PLAY"",""(crvd-5)BASKETBALL"",""WITH""],[""FRIEND""],[""COMPETITION""],[""HOT""],[""GAME"",""LAST"",""(1h)DO-DO"",""IX-1p"",""THIRTY_2"",""TWENTY-EIGHT:i""]]",5,2,3,4,174,171,101,True
asllrp_other_ctc,validation,JONATHAN,Jonathan_2012-11-27_sc95,29221.mp4,https://dai.cs.rutgers.edu/ss3front/29221.mp4,0,"[""__OTHER__"",""THINK"",""__OTHER__""]","[101,30,101]","[[""KISS-FIST"",""(crvd-5)POSS-1p"",""MOTHER"",""IX-3p:j"",""ALWAYS"",""GLASSES_2"",""FACE"",""(1h)GOOD/THANK-YOU"",""(25)WHY""],[""THINK""],[""FACE"",""(1h)GOOD/THANK-YOU"",""(1h)part:indef""]]",3,1,2,10,154,145,101,True
asllrp_other_ctc,validation,JONATHAN,Jonathan_2012-11-27_sc95,29322.mp4,https://dai.cs.rutgers.edu/ss3front/29322.mp4,0,"[""__OTHER__"",""THINK"",""__OTHER__""]","[101,30,101]","[[""(G/Q)POSS-1p"",""KISS-FIST"",""IX-3p:j"",""MOTHER"",""IX-loc:j"",""ALWAYS"",""GLASSES_2"",""(25)WHY""],[""THINK""],[""FACE"",""NEAT""]]",3,1,2,7,121,115,101,True
asllrp_other_ctc,validation,JONATHAN,Jonathan_2012-11-27_sc95,29423.mp4,https://dai.cs.rutgers.edu/ss3front/29423.mp4,0,"[""COLD"",""__OTHER__""]","[68,101]","[[""COLD""],[""IX-1p"",""(1h)TEND"",""SICK"",""(25)WHY"",""IX-1p"",""ALWAYS"",""USE_2"",""FLIP-FLOP_2"",""WALK""]]",2,1,1,1,126,126,101,True
asllrp_other_ctc,validation,JONATHAN,Jonathan_2012-11-27_sc95,29626.mp4,https://dai.cs.rutgers.edu/ss3front/29626.mp4,0,"[""__OTHER__"",""MORNING"",""__OTHER__""]","[101,81,101]","[[""IX-1p"",""SHUCKS"",""IX-1p"",""MISS/ASSUME""],[""MORNING""],[""CLASS_2"",""(25)WHY"",""IX-1p"",""MISS/ASSUME"",""ALARM"",""IX-1p""]]",3,1,2,4,142,139,101,True
asllrp_other_ctc,validation,JONATHAN,Jonathan_2012-11-27_sc95,29727.mp4,https://dai.cs.rutgers.edu/ss3front/29727.mp4,0,"[""__OTHER__"",""MORNING"",""__OTHER__""]","[101,81,101]","[[""IX-1p"",""SHUCKS"",""IX-1p"",""MISS/ASSUME"",""POSS-1p""],[""MORNING""],[""CLASS_2"",""(25)WHY"",""IX-1p"",""OVERSLEEP""]]",3,1,2,7,99,93,101,True
asllrp_other_ctc,validation,JONATHAN,Jonathan_2012-11-27_sc95,29728.mp4,https://dai.cs.rutgers.edu/ss3front/29728.mp4,0,"[""__OTHER__"",""TOMORROW"",""__OTHER__"",""HOME"",""__OTHER__""]","[101,79,101,87,101]","[[""#IF"",""RAIN""],[""TOMORROW""],[""IX-1p"",""(1h)STAY""],[""HOME""],[""IX-1p""]]",5,2,3,12,94,83,101,True
asllrp_other_ctc,validation,JONATHAN,Jonathan_2012-11-27_sc95,29829.mp4,https://dai.cs.rutgers.edu/ss3front/29829.mp4,0,"[""__OTHER__"",""WORK"",""__OTHER__"",""HOME""]","[101,51,101,87]","[[""#WHEN"",""IX-1p"",""FINISH""],[""WORK""],[""IX-1p"",""DEPART""],[""HOME""]]",4,2,2,11,84,74,101,True
asllrp_other_ctc,validation,JONATHAN,Jonathan_2012-11-27_sc95,29931.mp4,https://dai.cs.rutgers.edu/ss3front/29931.mp4,0,"[""__OTHER__"",""THINK"",""__OTHER__""]","[101,30,101]","[[""REALLY"",""HONEST"",""#IF"",""IX-1p"",""FAIL"",""CLASS_2"",""GUARANTEE"",""POSS-1p"",""MOTHER""],[""THINK""],[""BURST""]]",3,1,2,11,98,88,101,True
asllrp_other_ctc,validation,JONATHAN,Jonathan_2012-11-27_sc95,30336.mp4,https://dai.cs.rutgers.edu/ss3front/30336.mp4,0,"[""WATER"",""COLD"",""__OTHER__""]","[56,68,101]","[[""WATER""],[""COLD""],[""QMwg""]]",3,2,1,7,68,62,101,True
asllrp_other_ctc,validation,JONATHAN,Jonathan_2012-11-27_sc95,30640.mp4,https://dai.cs.rutgers.edu/ss3front/30640.mp4,0,"[""__OTHER__"",""TOMORROW"",""__OTHER__""]","[101,79,101]","[[""IX-1p"",""FINISH"",""BUY"",""BOOK"",""QMwg"",""(2h)NOT-YET"",""IX-1p"",""FUTURE"",""BUY""],[""TOMORROW""],[""IX-1p""]]",3,1,2,6,109,104,101,True
asllrp_other_ctc,validation,JONATHAN,Jonathan_2012-11-27_sc95,30641.mp4,https://dai.cs.rutgers.edu/ss3front/30641.mp4,0,"[""__OTHER__"",""WORK"",""__OTHER__""]","[101,51,101]","[[""MOTHER"",""FINISH""],[""WORK""],[""#WHEN"",""TIME-TWO""]]",3,1,2,9,72,64,101,True
asllrp_other_ctc,validation,JONATHAN,Jonathan_2012-11-27_sc95,30742.mp4,https://dai.cs.rutgers.edu/ss3front/30742.mp4,0,"[""__OTHER__"",""WHERE"",""__OTHER__""]","[101,10,101]","[[""FUTURE"",""PUT"",""TREE"",""SET-UP""],[""WHERE""],[""IX-loc:j"",""NEAR"",""GARAGE/SUBMARINE""]]",3,1,2,6,89,84,101,True
asllrp_other_ctc,validation,JONATHAN,Jonathan_2012-11-27_sc96,31654594.mp4,https://dai.cs.rutgers.edu/ss3front/31654594.mp4,0,"[""__OTHER__"",""FRIEND"",""__OTHER__""]","[101,92,101]","[[""IX-1p"",""INTRODUCE"",""NEW""],[""FRIEND""],[""(25)WHY"",""SCL:1\\person approaching\\\""\""""]]",3,1,2,0,68,69,101,True
asllrp_other_ctc,validation,JONATHAN,Jonathan_2012-11-27_sc96,31654693.mp4,https://dai.cs.rutgers.edu/ss3front/31654693.mp4,0,"[""FRIEND"",""__OTHER__""]","[92,101]","[[""FRIEND""],[""SCL:crvd-5\\group go together\\\""\"""",""(nd-1)MOVIE"",""ACT"",""RECENT-PAST"",""(25)WHY"",""ns-fs-HARRY"",""ns-fs-POTTER"",""SOME"",""SEVEN"",""RECENT-PAST"",""SPREAD""]]",2,1,1,1,177,177,101,True
asllrp_other_ctc,validation,JONATHAN,Jonathan_2012-11-27_sc96,31654989.mp4,https://dai.cs.rutgers.edu/ss3front/31654989.mp4,0,"[""__OTHER__"",""HAVE"",""__OTHER__"",""LIKE"",""__OTHER__""]","[101,32,101,26,101]","[[""ns-fs-BOB"",""IX-3p:j""],[""HAVE""],[""BIG"",""#DOG_2"",""IX-3p:j""],[""LIKE""],[""(25)WHY"",""IX-3p:j"",""LOVE"",""WRESTLE"",""WITH"",""BIG"",""#DOG_2""]]",5,2,3,6,155,150,101,True
asllrp_other_ctc,validation,JONATHAN,Jonathan_2012-11-27_sc96,31655087.mp4,https://dai.cs.rutgers.edu/ss3front/31655087.mp4,0,"[""BAD"",""__OTHER__""]","[59,101]","[[""BAD""],[""WEATHER"",""DCL\\swirling\\\""\"""",""IN"",""ns-BOSTON"",""(25)WHY"",""fs-OCEAN"",""NEAR""]]",2,1,1,5,137,133,101,True
asllrp_other_ctc,validation,JONATHAN,Jonathan_2012-11-27_sc96,31655088.mp4,https://dai.cs.rutgers.edu/ss3front/31655088.mp4,0,"[""__OTHER__"",""FAMILY"",""__OTHER__"",""WHERE"",""__OTHER__""]","[101,91,101,10,101]","[[""POSS-1p""],[""FAMILY""],[""IX-3p:j"",""EVERY-YEAR"",""GO-OUT"",""VACATION""],[""WHERE""],[""IX-loc:j"",""ns-#FLA"",""(25)WHY"",""(1h)part:indef"",""LOVE"",""fs-SUN"",""SUNSHINE_2""]]",5,2,3,5,160,156,101,True
asllrp_other_ctc,validation,JONATHAN,Jonathan_2012-11-27_sc96,31655383.mp4,https://dai.cs.rutgers.edu/ss3front/31655383.mp4,0,"[""__OTHER__"",""FRIEND"",""__OTHER__""]","[101,92,101]","[[""MOTHER"",""IX-loc:j"",""SICK"",""(25)WHY"",""RECENT-PAST"",""CARE"",""POSS-3p:j""],[""FRIEND""],[""WHO"",""SICK""]]",3,1,2,12,137,126,101,True
asllrp_other_ctc,validation,JONATHAN,Jonathan_2012-11-27_sc96,31655481.mp4,https://dai.cs.rutgers.edu/ss3front/31655481.mp4,0,"[""__OTHER__"",""READ"",""__OTHER__""]","[101,52,101]","[[""ns-fs-BOB"",""IX-loc:j"",""KISS-FIST""],[""READ""],[""BOOK"",""(25)WHY"",""IX-3p:j"",""VISUALIZE"",""IMAGINE"",""FINEwg""]]",3,1,2,3,148,146,101,True
asllrp_other_ctc,validation,JONATHAN,Jonathan_2012-11-27_sc96,31655580.mp4,https://dai.cs.rutgers.edu/ss3front/31655580.mp4,0,"[""__OTHER__"",""NOW""]","[101,78]","[[""ns-fs-BOB"",""i:MEET:j"",""WIFE"",""i:GIVE-indef"",""(R)FLOWER"",""(25)WHY"",""IX-3p:j"",""CELEBRATE""],[""NOW""]]",2,1,1,4,149,146,101,True
asllrp_other_ctc,validation,JONATHAN,Jonathan_2012-11-27_sc96,31655777.mp4,https://dai.cs.rutgers.edu/ss3front/31655777.mp4,0,"[""__OTHER__"",""FRIEND"",""__OTHER__""]","[101,92,101]","[[""POSS-1p""],[""FRIEND""],[""PROCEED"",""(nd-5)HIT"",""(P)PARTY""]]",3,1,2,13,67,55,101,True
asllrp_other_ctc,validation,JONATHAN,Jonathan_2012-11-27_sc96,31655974.mp4,https://dai.cs.rutgers.edu/ss3front/31655974.mp4,0,"[""__OTHER__"",""FRIEND"",""__OTHER__"",""THINK"",""__OTHER__""]","[101,92,101,30,101]","[[""POSS-2p""],[""FRIEND""],[""IX-loc:j""],[""THINK""],[""PASS-OUT_2"",""IX-2p"",""QMwg""]]",5,2,3,5,72,68,101,True
asllrp_other_ctc,validation,JONATHAN,Jonathan_2012-11-27_sc96,31656271.mp4,https://dai.cs.rutgers.edu/ss3front/31656271.mp4,0,"[""__OTHER__"",""LIKE"",""__OTHER__""]","[101,26,101]","[[""fs-BRIDE"",""DCL:1\\two people approaching each other\\\""\"""",""BOTH"",""IX-loc:j""],[""LIKE""],[""POSS-3p-pl-arc"",""WEDDING"",""QMwg"",""part:indef""]]",3,1,2,0,131,132,101,True
asllrp_other_ctc,validation,JONATHAN,Jonathan_2012-11-27_sc96,31656763.mp4,https://dai.cs.rutgers.edu/ss3front/31656763.mp4,0,"[""LIKE"",""__OTHER__""]","[26,101]","[[""LIKE""],[""FIREWORKS_2"",""IX-2p""]]",2,1,1,9,62,54,101,True
asllrp_other_ctc,validation,JONATHAN,Jonathan_2012-11-27_sc96,31656862.mp4,https://dai.cs.rutgers.edu/ss3front/31656862.mp4,0,"[""__OTHER__"",""WORK"",""__OTHER__""]","[101,51,101]","[[""IX-2p"",""(1h)TEND"",""COMMUTE"",""BICYCLE"",""GO-OUT""],[""WORK""],[""(1h)TEND"",""ALWAYS"",""COMMUTE"",""IX-2p""]]",3,1,2,5,120,116,101,True
asllrp_other_ctc,validation,JONATHAN,Jonathan_2012-11-27_sc96,31656960.mp4,https://dai.cs.rutgers.edu/ss3front/31656960.mp4,0,"[""__OTHER__"",""FRIEND"",""__OTHER__""]","[101,92,101]","[[""2p-MEET:j"",""POSS-1p"",""NEW""],[""FRIEND""],[""FINISH"",""IX-2p""]]",3,1,2,5,76,72,101,True
asllrp_other_ctc,validation,JONATHAN,Jonathan_2012-11-27_sc96,31656961.mp4,https://dai.cs.rutgers.edu/ss3front/31656961.mp4,0,"[""__OTHER__"",""WHERE"",""__OTHER__""]","[101,10,101]","[[""KNOW""],[""WHERE""],[""GO-OUT"",""IX-2p""]]",3,1,2,15,60,46,101,True
asllrp_other_ctc,validation,JONATHAN,Jonathan_2012-11-27_sc96,31657059.mp4,https://dai.cs.rutgers.edu/ss3front/31657059.mp4,0,"[""FRIEND"",""__OTHER__""]","[92,101]","[[""FRIEND""],[""WATCH-TV"",""(nd-1)MOVIE"",""ACT"",""FINISH"",""QMwg""]]",2,1,1,4,71,68,101,True
asllrp_other_ctc,validation,JONATHAN,Jonathan_2012-11-27_sc96,31657453.mp4,https://dai.cs.rutgers.edu/ss3front/31657453.mp4,0,"[""__OTHER__"",""NOW"",""__OTHER__""]","[101,78,101]","[[""WEATHER"",""IX-loc:j""],[""NOW""],[""ns-BOSTON"",""QMwg""]]",3,1,2,18,68,51,101,True
asllrp_other_ctc,validation,JONATHAN,Jonathan_2012-11-27_sc96,31657454.mp4,https://dai.cs.rutgers.edu/ss3front/31657454.mp4,0,"[""__OTHER__"",""FAMILY"",""__OTHER__""]","[101,91,101]","[[""POSS-2p""],[""FAMILY""],[""(1h)TEND"",""EVERY-YEAR"",""VACATION"",""QMwg""]]",3,1,2,7,90,84,101,True
asllrp_other_ctc,validation,JONATHAN,Jonathan_2012-11-27_sc96,31657946.mp4,https://dai.cs.rutgers.edu/ss3front/31657946.mp4,0,"[""__OTHER__"",""LIKE"",""READ"",""__OTHER__""]","[101,26,52,101]","[[""ns-fs-BOB""],[""LIKE""],[""READ""],[""BOOK"",""QMwg""]]",4,2,2,9,80,72,101,True
asllrp_other_ctc,validation,JONATHAN,Jonathan_2012-11-27_sc96,31658341.mp4,https://dai.cs.rutgers.edu/ss3front/31658341.mp4,0,"[""FRIEND"",""__OTHER__""]","[92,101]","[[""FRIEND""],[""CRASH"",""(P)PARTY"",""PAST+NIGHT""]]",2,1,1,4,72,69,101,True
asllrp_other_ctc,validation,JONATHAN,Jonathan_2012-11-27_sc96,31658342.mp4,https://dai.cs.rutgers.edu/ss3front/31658342.mp4,0,"[""FRIEND"",""__OTHER__""]","[92,101]","[[""FRIEND""],[""TAKE-UP"",""PIZZA_4"",""DINNER"",""GROUP/TOGETHER""]]",2,1,1,4,91,88,101,True
asllrp_other_ctc,validation,JONATHAN,Jonathan_2012-11-27_sc96,31658539.mp4,https://dai.cs.rutgers.edu/ss3front/31658539.mp4,0,"[""__OTHER__"",""FRIEND"",""__OTHER__""]","[101,92,101]","[[""POSS-2p""],[""FRIEND""],[""WOW"",""PASS-OUT_2"",""WOW""]]",3,1,2,9,76,68,101,True
asllrp_other_ctc,validation,JONATHAN,Jonathan_2012-11-27_sc96,31658933.mp4,https://dai.cs.rutgers.edu/ss3front/31658933.mp4,0,"[""FRIEND"",""__OTHER__""]","[92,101]","[[""FRIEND""],[""WANT_2"",""(1h)(flat-O)PAY/SPEND"",""(2h)SHIRT"",""PLAID""]]",2,1,1,4,83,80,101,True
asllrp_other_ctc,validation,JONATHAN,Jonathan_2012-11-27_sc96,31659130.mp4,https://dai.cs.rutgers.edu/ss3front/31659130.mp4,0,"[""__OTHER__"",""FRIEND"",""__OTHER__""]","[101,92,101]","[[""IX-1p"",""INVITE/HIRE""],[""FRIEND""],[""(25)WHY"",""IX-loc:j"",""GO-OUT"",""#BQQ"",""(P)PARTY""]]",3,1,2,6,98,93,101,True
asllrp_other_ctc,validation,JONATHAN,Jonathan_2012-11-27_sc96,31659131.mp4,https://dai.cs.rutgers.edu/ss3front/31659131.mp4,0,"[""__OTHER__"",""FRIEND"",""__OTHER__""]","[101,92,101]","[[""IX-1p"",""INVITE/HIRE""],[""FRIEND""],[""GO-OUT"",""#BQQ"",""(P)PARTY""]]",3,1,2,6,82,77,101,True
asllrp_other_ctc,validation,JONATHAN,Jonathan_2012-11-27_sc96,31659229.mp4,https://dai.cs.rutgers.edu/ss3front/31659229.mp4,0,"[""FRIEND"",""__OTHER__""]","[92,101]","[[""FRIEND""],[""PLAY"",""FRISBEE""]]",2,1,1,2,55,54,101,True
asllrp_other_ctc,validation,JONATHAN,Jonathan_2012-11-27_sc96,31659327.mp4,https://dai.cs.rutgers.edu/ss3front/31659327.mp4,0,"[""__OTHER__"",""LIKE"",""__OTHER__""]","[101,26,101]","[[""FIREWORKS_2"",""IX-1p""],[""LIKE""],[""IX-1p"",""KISS-FIST"",""IX-loc:j"",""FIREWORKS_2"",""FINEwg""]]",3,1,2,9,122,114,101,True
asllrp_other_ctc,validation,JONATHAN,Jonathan_2012-11-27_sc96,31659328.mp4,https://dai.cs.rutgers.edu/ss3front/31659328.mp4,0,"[""FRIEND"",""__OTHER__""]","[92,101]","[[""FRIEND""],[""SCL:crvd-5\\group go together\\\""\"""",""IX-loc:j"",""SUNBATHE"",""fs-BEACH"",""(2h)SUNSHINE_2"",""TAN"",""SUNBATHE""]]",2,1,1,1,130,130,101,True
asllrp_other_ctc,validation,JONATHAN,Jonathan_2012-11-27_sc96,31659426.mp4,https://dai.cs.rutgers.edu/ss3front/31659426.mp4,0,"[""__OTHER__"",""WORK"",""__OTHER__""]","[101,51,101]","[[""IX-1p"",""(1h)TEND"",""GO-OUT""],[""WORK""],[""COMMUTE"",""BICYCLE""]]",3,1,2,9,106,98,101,True
asllrp_other_ctc,validation,JONATHAN,Jonathan_2012-11-27_sc96,31659623.mp4,https://dai.cs.rutgers.edu/ss3front/31659623.mp4,0,"[""FRIEND"",""NOW"",""__OTHER__""]","[92,78,101]","[[""FRIEND""],[""NOW""],[""SCL:crvd-5\\group go together\\\""\"""",""WATCH-TV"",""(nd-1)MOVIE"",""ACT""]]",3,2,1,5,89,85,101,True
asllrp_other_ctc,validation,JONATHAN,Jonathan_2012-11-27_sc96,31659624.mp4,https://dai.cs.rutgers.edu/ss3front/31659624.mp4,0,"[""NOW"",""__OTHER__"",""FRIEND""]","[78,101,92]","[[""NOW""],[""IX-1p"",""INTRODUCE"",""IX-2p"",""NEW""],[""FRIEND""]]",3,2,1,6,70,65,101,True
asllrp_other_ctc,validation,JONATHAN,Jonathan_2012-11-27_sc96,31660117.mp4,https://dai.cs.rutgers.edu/ss3front/31660117.mp4,0,"[""__OTHER__"",""FAMILY"",""__OTHER__""]","[101,91,101]","[[""(G/Q)POSS-1p""],[""FAMILY""],[""VACATION"",""ALWAYS"",""EVERY-YEAR""]]",3,1,2,8,84,77,101,True
asllrp_other_ctc,validation,JONATHAN,Jonathan_2012-11-27_sc96,31660216.mp4,https://dai.cs.rutgers.edu/ss3front/31660216.mp4,0,"[""NOW"",""BAD"",""__OTHER__""]","[78,59,101]","[[""NOW""],[""BAD""],[""WEATHER"",""IX-loc:j"",""IN"",""ns-BOSTON"",""SWIRLING"",""5\\wow\\\""\""""]]",3,2,1,2,131,130,101,True
asllrp_other_ctc,validation,JONATHAN,Jonathan_2012-11-27_sc96,31660414.mp4,https://dai.cs.rutgers.edu/ss3front/31660414.mp4,0,"[""__OTHER__"",""NOW"",""__OTHER__""]","[101,78,101]","[[""BLUE+fs-BERRY"",""PIE""],[""NOW""],[""AUNT"",""MAKE""]]",3,1,2,7,95,89,101,True
asllrp_other_ctc,validation,JONATHAN,Jonathan_2012-11-27_sc96,31660513.mp4,https://dai.cs.rutgers.edu/ss3front/31660513.mp4,0,"[""__OTHER__"",""NOW"",""__OTHER__""]","[101,78,101]","[[""FATHER""],[""NOW""],[""IX-3p:j"",""MOW"",""GRASS"",""MOW"",""(1h)AREA""]]",3,1,2,7,110,104,101,True
asllrp_other_ctc,validation,JONATHAN,Jonathan_2012-11-27_sc96,31660612.mp4,https://dai.cs.rutgers.edu/ss3front/31660612.mp4,0,"[""__OTHER__"",""NOW"",""__OTHER__""]","[101,78,101]","[[""MOTHERwg""],[""NOW""],[""IX-3p:j"",""SICK""]]",3,1,2,19,66,48,101,True
asllrp_other_ctc,validation,JONATHAN,Jonathan_2012-11-27_sc96,31660710.mp4,https://dai.cs.rutgers.edu/ss3front/31660710.mp4,0,"[""__OTHER__"",""READ"",""__OTHER__""]","[101,52,101]","[[""ns-fs-BOB"",""IX-loc:j"",""OPEN-BOOK""],[""READ""],[""BOOK""]]",3,1,2,7,80,74,101,True
asllrp_other_ctc,validation,JONATHAN,Jonathan_2012-11-27_sc98,423159.mp4,https://dai.cs.rutgers.edu/ss3front/423159.mp4,0,"[""__OTHER__"",""FAMILY"",""__OTHER__""]","[101,91,101]","[[""POSS-1p""],[""FAMILY""],[""IX-3p:j"",""EVERY-YEAR"",""VACATION"",""part:indef"",""(2h)#NO+MORE"",""(1h)part:indef""]]",3,1,2,13,96,84,101,True
asllrp_other_ctc,validation,JONATHAN,Jonathan_2012-11-27_sc98,4231610.mp4,https://dai.cs.rutgers.edu/ss3front/4231610.mp4,0,"[""__OTHER__"",""HAVE"",""__OTHER__"",""SMALL""]","[101,32,101,70]","[[""ns-fs-BOB"",""IX-loc:j""],[""HAVE""],[""BIG"",""#DOG_2"",""#NO"",""IX-3p:j"",""(1h)HAVE""],[""SMALL""]]",4,2,2,3,103,101,101,True
asllrp_other_ctc,validation,JONATHAN,Jonathan_2012-11-27_sc98,4232015.mp4,https://dai.cs.rutgers.edu/ss3front/4232015.mp4,0,"[""FRIEND"",""__OTHER__""]","[92,101]","[[""FRIEND""],[""SCL:crvd-5\\group go together\\\""\"""",""GO-OUT"",""(nd-1)MOVIE"",""ACT"",""IX-loc:j"",""(2h)NOT-YET"",""(25)WHY"",""TRAFFIC_2""]]",2,1,1,13,101,89,101,True
asllrp_other_ctc,validation,JONATHAN,Jonathan_2012-11-27_sc98,4232116.mp4,https://dai.cs.rutgers.edu/ss3front/4232116.mp4,0,"[""__OTHER__"",""NAME"",""__OTHER__"",""NAME"",""__OTHER__""]","[101,98,101,98,101]","[[""IX-1p"",""(1h)part:indef"",""NOT"",""EXPERT"",""MEMORIZE"",""PEOPLE""],[""NAME""],[""MEET-3p-pl-arc""],[""NAME""],[""(1h)DO-DO"",""IX-1p"",""NOT"",""IX-1p""]]",5,2,3,12,151,140,101,True
asllrp_other_ctc,validation,JONATHAN,Jonathan_2012-11-27_sc98,4232117.mp4,https://dai.cs.rutgers.edu/ss3front/4232117.mp4,0,"[""__OTHER__"",""NAME"",""__OTHER__""]","[101,98,101]","[[""IX-1p"",""1p-MEET-3p-pl-arc"",""NEW"",""PEOPLE"",""IX-1p"",""LOUSY"",""MEMORIZE"",""POSS-3p-pl-arc""],[""NAME""],[""IX-1p""]]",3,1,2,1,105,105,101,True
asllrp_other_ctc,validation,JONATHAN,Jonathan_2012-11-27_sc98,4232218.mp4,https://dai.cs.rutgers.edu/ss3front/4232218.mp4,0,"[""__OTHER__"",""LIKE"",""__OTHER__"",""LIKE"",""__OTHER__""]","[101,26,101,26,101]","[[""IX-1p"",""NOT""],[""LIKE""],[""TALKwg"",""ASK"",""FOR"",""DIRECT"",""IX-3p:j"",""5\\I don't know\\\""\"""",""IX-1p"",""NOT""],[""LIKE""],[""IX-1p""]]",5,2,3,2,114,113,101,True
asllrp_other_ctc,validation,JONATHAN,Jonathan_2012-11-27_sc98,4232319.mp4,https://dai.cs.rutgers.edu/ss3front/4232319.mp4,0,"[""__OTHER__"",""WORK"",""__OTHER__""]","[101,51,101]","[[""HONEST"",""IX-1p"",""VOMIT/HATE"",""GO-OUT""],[""WORK""],[""BICYCLE"",""IX-1p"",""(1h)VOMIT/HATE"",""IX-1p""]]",3,1,2,12,134,123,101,True
asllrp_other_ctc,validation,JONATHAN,Jonathan_2012-11-27_sc98,4232421.mp4,https://dai.cs.rutgers.edu/ss3front/4232421.mp4,0,"[""FRIEND"",""__OTHER__""]","[92,101]","[[""FRIEND""],[""SCL:crvd-5\\group go together\\\""\"""",""GO-OUT"",""fs-BEACH"",""(2h)NOT-YET""]]",2,1,1,4,61,58,101,True
asllrp_other_ctc,validation,JONATHAN,Jonathan_2012-11-27_sc98,4232522.mp4,https://dai.cs.rutgers.edu/ss3front/4232522.mp4,0,"[""FRIEND"",""__OTHER__""]","[92,101]","[[""FRIEND""],[""PLAY"",""FRISBEE"",""(2h)NOT-YET""]]",2,1,1,3,57,55,101,True
asllrp_other_ctc,validation,JONATHAN,Jonathan_2012-11-27_sc98,4232624.mp4,https://dai.cs.rutgers.edu/ss3front/4232624.mp4,0,"[""__OTHER__"",""WATER"",""__OTHER__""]","[101,56,101]","[[""POSS-1p"",""SISTER"",""HATE""],[""WATER""],[""SKI"",""(25)WHY"",""HARD"",""DCL:X\\skiing back and forth\\\""\"""",""BALANCE"",""HARD""]]",3,1,2,17,130,114,101,True
asllrp_other_ctc,validation,JONATHAN,Jonathan_2012-11-27_sc98,4232725.mp4,https://dai.cs.rutgers.edu/ss3front/4232725.mp4,0,"[""__OTHER__"",""FRIEND"",""__OTHER__""]","[101,92,101]","[[""POSS-1p""],[""FRIEND""],[""WANT+NEG"",""BUY"",""PLAID"",""(2h)SHIRT"",""WANT+NEG""]]",3,1,2,4,86,83,101,True
asllrp_other_ctc,validation,JONATHAN,Jonathan_2012-11-27_sc98,4233332.mp4,https://dai.cs.rutgers.edu/ss3front/4233332.mp4,0,"[""FRIEND"",""__OTHER__""]","[92,101]","[[""FRIEND""],[""DELIBERATE"",""DECIDE"",""NOT"",""(5)CRASH"",""(P)PARTY""]]",2,1,1,3,89,87,101,True
asllrp_other_ctc,validation,JONATHAN,Jonathan_2012-11-27_sc98,4233433.mp4,https://dai.cs.rutgers.edu/ss3front/4233433.mp4,0,"[""FRIEND"",""__OTHER__""]","[92,101]","[[""FRIEND""],[""GROUP/TOGETHER"",""DELIBERATE"",""(2h)REASON"",""WANT+NEG"",""PIZZA_4"",""(P)PARTY"",""(25)WHY"",""(1h)part:indef"",""UP-TO-NOW"",""SAME-OLD""]]",2,1,1,19,146,128,101,True
asllrp_other_ctc,validation,JONATHAN,Jonathan_2012-11-27_sc98,4233839.mp4,https://dai.cs.rutgers.edu/ss3front/4233839.mp4,0,"[""__OTHER__"",""READ""]","[101,52]","[[""ns-fs-BOB"",""IX-loc:j""],[""READ""]]",2,1,1,4,43,40,101,True
asllrp_other_ctc,validation,JONATHAN,Jonathan_2012-11-27_sc98,4233840.mp4,https://dai.cs.rutgers.edu/ss3front/4233840.mp4,0,"[""__OTHER__"",""TIME""]","[101,83]","[[""TEACH+AGENT"",""IX-loc:j"",""START"",""NICE/CLEAN""],[""TIME""]]",2,1,1,4,75,72,101,True
asllrp_other_ctc,validation,JONATHAN,Jonathan_2012-11-27_sc98,4233941.mp4,https://dai.cs.rutgers.edu/ss3front/4233941.mp4,0,"[""__OTHER__"",""HOW""]","[101,14]","[[""MOTHER"",""IX-loc:j"",""SICK"",""QMwg""],[""HOW""]]",2,1,1,7,61,55,101,True
asllrp_other_ctc,validation,JONATHAN,Jonathan_2012-11-27_sc98,4234549.mp4,https://dai.cs.rutgers.edu/ss3front/4234549.mp4,0,"[""__OTHER__"",""FAMILY"",""__OTHER__"",""WHERE""]","[101,91,101,10]","[[""POSS-2p""],[""FAMILY""],[""(1h)TEND"",""VACATION"",""EVERY-YEAR""],[""WHERE""]]",4,2,2,4,73,70,101,True
asllrp_other_ctc,validation,JONATHAN,Jonathan_2012-11-27_sc98,4234954.mp4,https://dai.cs.rutgers.edu/ss3front/4234954.mp4,0,"[""__OTHER__"",""WHERE""]","[101,10]","[[""(2h)HORSE"",""(1h)TEND"",""PLAY-continuative""],[""WHERE""]]",2,1,1,10,59,50,101,True
asllrp_other_ctc,validation,JONATHAN,Jonathan_2012-11-27_sc98,4235055.mp4,https://dai.cs.rutgers.edu/ss3front/4235055.mp4,0,"[""__OTHER__"",""WHERE""]","[101,10]","[[""DRESS/CLOTHES"",""ON"",""#SALE""],[""WHERE""]]",2,1,1,15,91,77,101,True
asllrp_other_ctc,validation,JONATHAN,Jonathan_2012-11-27_sc98,4235056.mp4,https://dai.cs.rutgers.edu/ss3front/4235056.mp4,0,"[""FRIEND"",""__OTHER__""]","[92,101]","[[""FRIEND""],[""SCL:crvd-5\\group go together\\\""\"""",""GO-OUT"",""LOOK"",""(nd-1)MOVIE"",""WHO"",""JOIN""]]",2,1,1,8,115,108,101,True
asllrp_other_ctc,validation,JONATHAN,Jonathan_2012-11-27_sc98,4235765.mp4,https://dai.cs.rutgers.edu/ss3front/4235765.mp4,0,"[""FRIEND"",""__OTHER__""]","[92,101]","[[""FRIEND""],[""SCL:crvd-5\\group go together\\\""\"""",""fs-BEACH"",""FOR-FOR"",""(1h)part:indef""]]",2,1,1,2,68,67,101,True
asllrp_other_ctc,validation,JONATHAN,Jonathan_2012-11-27_sc98,4236070.mp4,https://dai.cs.rutgers.edu/ss3front/4236070.mp4,0,"[""__OTHER__"",""WATER"",""__OTHER__"",""TIME""]","[101,56,101,83]","[[""GO-OUT""],[""WATER""],[""DCL\\round flat\\\""\"""",""(1h)part:indef""],[""TIME""]]",4,2,2,5,55,51,101,True
asllrp_other_ctc,validation,JONATHAN,Jonathan_2012-11-27_sc98,4236171.mp4,https://dai.cs.rutgers.edu/ss3front/4236171.mp4,0,"[""FRIEND"",""__OTHER__""]","[92,101]","[[""FRIEND""],[""WANT_2"",""BUY"",""PLAID"",""(2h)SHIRT""]]",2,1,1,4,68,65,101,True
asllrp_other_ctc,validation,JONATHAN,Jonathan_2012-11-27_sc98,4236577.mp4,https://dai.cs.rutgers.edu/ss3front/4236577.mp4,0,"[""FRIEND"",""__OTHER__""]","[92,101]","[[""FRIEND""],[""IX-loc:j"",""FACE+SAME"",""PASS-OUT_2"",""(25)WHY""]]",2,1,1,11,72,62,101,True
asllrp_other_ctc,validation,JONATHAN,Jonathan_2012-11-27_sc98,4236779.mp4,https://dai.cs.rutgers.edu/ss3front/4236779.mp4,0,"[""TIME"",""FRIEND"",""__OTHER__"",""TIME"",""__OTHER__""]","[83,92,101,83,101]","[[""TIME""],[""FRIEND""],[""IX-3p:j"",""(5)CRASH"",""(P)PARTY""],[""TIME""],[""(1h)part:indef""]]",5,3,2,7,95,89,101,True
asllrp_other_ctc,validation,JONATHAN,Jonathan_2012-11-27_sc98,4236780.mp4,https://dai.cs.rutgers.edu/ss3front/4236780.mp4,0,"[""FRIEND"",""__OTHER__""]","[92,101]","[[""FRIEND""],[""TAKE-UP"",""DINNER"",""PIZZA_4"",""(P)PARTY"",""(1h)part:indef"",""#WHEN"",""(1h)part:indef""]]",2,1,1,4,108,105,101,True
asllrp_other_ctc,validation,JONATHAN,Jonathan_2012-11-27_sc93,557207.mp4,https://dai.cs.rutgers.edu/ss3front/557207.mp4,0,"[""__OTHER__"",""EAT"",""__OTHER__""]","[101,54,101]","[[""MOTHER"",""IX-loc:j"",""GO-OUT"",""SELL"",""(25)WHY"",""IX-1p"",""MUST""],[""EAT""],[""BUY"",""IX-1p""]]",3,1,2,7,92,86,101,True
asllrp_other_ctc,validation,JONATHAN,Jonathan_2012-11-27_sc93,557218.mp4,https://dai.cs.rutgers.edu/ss3front/557218.mp4,0,"[""FRIEND"",""__OTHER__""]","[92,101]","[[""FRIEND""],[""IX-3p:j"",""GO-OUT"",""(25)WHY"",""(1h)part:indef"",""BORE""]]",2,1,1,8,70,63,101,True
asllrp_other_ctc,validation,JONATHAN,Jonathan_2012-11-27_sc93,5572210.mp4,https://dai.cs.rutgers.edu/ss3front/5572210.mp4,0,"[""FRIEND"",""__OTHER__"",""TOMORROW""]","[92,101,79]","[[""FRIEND""],[""DEPART"",""#WHEN"",""5\\uh\\\""\""""],[""TOMORROW""]]",3,2,1,1,82,82,101,True
asllrp_other_ctc,validation,JONATHAN,Jonathan_2012-11-27_sc93,557229.mp4,https://dai.cs.rutgers.edu/ss3front/557229.mp4,0,"[""FRIEND"",""__OTHER__"",""WHERE"",""__OTHER__""]","[92,101,10,101]","[[""FRIEND""],[""DEPART""],[""WHERE""],[""(P)PARTY""]]",4,2,2,0,64,65,101,True
asllrp_other_ctc,validation,JONATHAN,Jonathan_2012-11-27_sc93,5572311.mp4,https://dai.cs.rutgers.edu/ss3front/5572311.mp4,0,"[""__OTHER__"",""HOME"",""__OTHER__"",""WORK""]","[101,87,101,51]","[[""FATHER"",""IX-loc:j"",""ARRIVE""],[""HOME""],[""fs-LATE"",""(25)WHY"",""FINISH"",""POSS-3p:j""],[""WORK""]]",4,2,2,10,98,89,101,True
asllrp_other_ctc,validation,JONATHAN,Jonathan_2012-11-27_sc93,5572514.mp4,https://dai.cs.rutgers.edu/ss3front/5572514.mp4,0,"[""__OTHER__"",""FRIEND"",""__OTHER__""]","[101,92,101]","[[""POSS-1p"",""FRESHMAN"",""YEAR""],[""FRIEND""],[""LOOK"",""IX-1p"",""(2h)BALD"",""(25)WHY"",""IX-3p:j"",""TRADITION"",""ns-GALLAUDET"",""(1h)TEND""]]",3,1,2,6,161,156,101,True
asllrp_other_ctc,validation,JONATHAN,Jonathan_2012-11-27_sc93,5572615.mp4,https://dai.cs.rutgers.edu/ss3front/5572615.mp4,0,"[""__OTHER__"",""FRIEND"",""__OTHER__"",""NOW"",""__OTHER__""]","[101,92,101,78,101]","[[""MOTHER"",""MUST"",""NICE/CLEAN"",""(K)KITCHEN"",""SOON"",""MUST"",""NICE/CLEAN"",""(25)WHY"",""IX-3p:j"",""(1h)part:indef""],[""FRIEND""],[""FUTURE"",""GROUP/TOGETHER""],[""NOW""],[""WEEKEND_2""]]",5,2,3,5,141,137,101,True
asllrp_other_ctc,validation,JONATHAN,Jonathan_2012-11-27_sc93,5572716.mp4,https://dai.cs.rutgers.edu/ss3front/5572716.mp4,0,"[""FRIEND"",""__OTHER__""]","[92,101]","[[""FRIEND""],[""IX-loc:j"",""KISS-FIST"",""GO-OUT"",""(25)WHY"",""IX-3p:j"",""(1h)LOVE"",""CAMP""]]",2,1,1,2,83,82,101,True
asllrp_other_ctc,validation,JONATHAN,Jonathan_2012-11-27_sc93,5572717.mp4,https://dai.cs.rutgers.edu/ss3front/5572717.mp4,0,"[""FRIEND"",""__OTHER__""]","[92,101]","[[""FRIEND""],[""POSS-1p"",""IX-loc:j"",""EXPERT"",""MAKE"",""(2h)alt.FIRE"",""fs-BONFIRE"",""EXPERT"",""WOW"",""(25)WHY"",""BOY"",""fs-SCOUT"",""BOY+SCOUT""]]",2,1,1,4,212,209,101,True
asllrp_other_ctc,validation,JONATHAN,Jonathan_2012-11-27_sc92,7343510.mp4,https://dai.cs.rutgers.edu/ss3front/7343510.mp4,0,"[""__OTHER__"",""FRIEND"",""__OTHER__""]","[101,92,101]","[[""#IF"",""POSS-1p""],[""FRIEND""],[""GROUP/TOGETHER"",""GO-OUT"",""IX-1p"",""FUTURE"",""JOIN""]]",3,1,2,5,86,82,101,True
asllrp_other_ctc,validation,JONATHAN,Jonathan_2012-11-27_sc92,7343611.mp4,https://dai.cs.rutgers.edu/ss3front/7343611.mp4,0,"[""__OTHER__"",""FRIEND"",""__OTHER__"",""HOME"",""__OTHER__""]","[101,92,101,87,101]","[[""#IF"",""POSS-1p""],[""FRIEND""],[""GROUP/TOGETHER"",""GO-OUT"",""WANT+NEG"",""IX-1p"",""FUTURE"",""PROCEED"",""STAY""],[""HOME""],[""(2h)LOOK"",""#TV""]]",5,2,3,20,150,131,101,True
asllrp_other_ctc,validation,JONATHAN,Jonathan_2012-11-27_sc92,7343612.mp4,https://dai.cs.rutgers.edu/ss3front/7343612.mp4,0,"[""__OTHER__"",""FRIEND"",""__OTHER__""]","[101,92,101]","[[""#WHEN"",""POSS-1p""],[""FRIEND""],[""GO-OUT"",""IX-1p"",""PROCEED"",""FINALLY_2"",""START"",""POSS-1p"",""HOMEWORK""]]",3,1,2,8,117,110,101,True
asllrp_other_ctc,validation,JONATHAN,Jonathan_2012-11-27_sc92,7343713.mp4,https://dai.cs.rutgers.edu/ss3front/7343713.mp4,0,"[""__OTHER__"",""HOME"",""__OTHER__"",""HOME""]","[101,87,101,87]","[[""#IF"",""FATHERwg"",""IX-loc:j"",""ARRIVE""],[""HOME""],[""fs-LATE"",""IX-3p:j"",""REFUSE"",""REASON"",""IX-3p:j"",""NOT"",""fs-AT""],[""HOME""]]",4,2,2,8,142,135,101,True
asllrp_other_ctc,validation,JONATHAN,Jonathan_2012-11-27_sc92,7343814.mp4,https://dai.cs.rutgers.edu/ss3front/7343814.mp4,0,"[""__OTHER__"",""HOME"",""__OTHER__""]","[101,87,101]","[[""#IF"",""FATHER"",""IX-loc:j"",""NOT"",""ARRIVE""],[""HOME""],[""fs-TOO"",""fs-LATE"",""IX-3p:j"",""CAN"",""HELP"",""IX-1p-pl"",""WITH"",""POSS-1p-pl"",""HOMEWORK""]]",3,1,2,10,162,153,101,True
asllrp_other_ctc,validation,JONATHAN,Jonathan_2012-11-27_sc92,7343915.mp4,https://dai.cs.rutgers.edu/ss3front/7343915.mp4,0,"[""__OTHER__"",""BAD"",""__OTHER__"",""HOME"",""__OTHER__""]","[101,59,101,87,101]","[[""MOTHER"",""IX-loc:j"",""(1h)TEND""],[""BAD""],[""fs-MOOD"",""#IF"",""FATHER"",""IX-loc:j"",""ARRIVE""],[""HOME""],[""fs-LATE""]]",5,2,3,24,149,126,101,True
asllrp_other_ctc,validation,JONATHAN,Jonathan_2012-11-27_sc92,7344016.mp4,https://dai.cs.rutgers.edu/ss3front/7344016.mp4,0,"[""__OTHER__"",""HOME"",""__OTHER__"",""EAT"",""__OTHER__""]","[101,87,101,54,101]","[[""#WHEN"",""FATHER"",""IX-loc:j"",""ARRIVE""],[""HOME""],[""fs-LATE"",""IX-1p-pl-arc"",""(1h)TEND""],[""EAT""],[""PIZZA_4""]]",5,2,3,6,112,107,101,True
asllrp_other_ctc,validation,JONATHAN,Jonathan_2012-11-27_sc92,7344017.mp4,https://dai.cs.rutgers.edu/ss3front/7344017.mp4,0,"[""__OTHER__"",""HOME"",""__OTHER__"",""SEE"",""__OTHER__""]","[101,87,101,43,101]","[[""#IF"",""FATHER"",""IX-loc:j"",""ARRIVE""],[""HOME""],[""fs-LATE"",""IX-3p:j"",""MOTHERwg"",""GUARANTEE"",""BAWL-OUT"",""(25)WHY"",""CHILDREN"",""WANT_2""],[""SEE""],[""FATHER"",""IX-3p:j""]]",5,2,3,9,173,165,101,True
asllrp_other_ctc,validation,JONATHAN,Jonathan_2012-11-27_sc92,7344118.mp4,https://dai.cs.rutgers.edu/ss3front/7344118.mp4,0,"[""__OTHER__"",""HOME"",""__OTHER__""]","[101,87,101]","[[""#WHEN"",""FATHERwg"",""IX-loc:j"",""ARRIVE""],[""HOME""],[""fs-LATE"",""MOTHER"",""IX-loc:j"",""REFUSE"",""MAKE"",""DINNER""]]",3,1,2,6,132,127,101,True
asllrp_other_ctc,validation,JONATHAN,Jonathan_2012-11-27_sc92,7344219.mp4,https://dai.cs.rutgers.edu/ss3front/7344219.mp4,0,"[""__OTHER__"",""HOME"",""__OTHER__""]","[101,87,101]","[[""#IF"",""FATHERwg"",""IX-loc:j"",""ARRIVE""],[""HOME""],[""fs-LATE"",""IX-3p:j"",""CANNOT"",""HELP-1p"",""IX-1p"",""WITH"",""POSS-1p-pl"",""HOMEWORK"",""(1h)part:indef""]]",3,1,2,5,153,149,101,True
asllrp_other_ctc,validation,JONATHAN,Jonathan_2012-11-27_sc92,7344320.mp4,https://dai.cs.rutgers.edu/ss3front/7344320.mp4,0,"[""__OTHER__"",""TIRED"",""__OTHER__""]","[101,64,101]","[[""#IF"",""KID"",""IX-loc:j"",""PLAY-continuative"",""fs-PARK"",""IX-loc:j"",""(1h)part:indef"",""FUTURE""],[""TIRED""],[""LATER_2"",""AFTERNOON_3""]]",3,1,2,11,165,155,101,True
asllrp_other_ctc,validation,JONATHAN,Jonathan_2012-11-27_sc92,7344422.mp4,https://dai.cs.rutgers.edu/ss3front/7344422.mp4,0,"[""__OTHER__"",""WATER""]","[101,56]","[[""#IF"",""IX-1p"",""DECIDE"",""FORGET-IT"",""IX-1p"",""WANT+NEG"",""SWIM"",""fs-BEACH"",""IX-1p"",""DO-DO""],[""WATER""]]",2,1,1,4,112,109,101,True
asllrp_other_ctc,validation,JONATHAN,Jonathan_2012-11-27_sc92,7344523.mp4,https://dai.cs.rutgers.edu/ss3front/7344523.mp4,0,"[""__OTHER__"",""SEE"",""__OTHER__""]","[101,43,101]","[[""#IF"",""LOOK""],[""SEE""],[""THAT"",""fs-BEACH"",""IX-3p-pl-arc"",""CROWDED"",""PEOPLE"",""IX-1p"",""(1h)FORGET-IT"",""IX-1p"",""WANT+NEG"",""GO-OUT""]]",3,1,2,6,135,130,101,True
asllrp_other_ctc,validation,JONATHAN,Jonathan_2012-11-27_sc92,7344725.mp4,https://dai.cs.rutgers.edu/ss3front/7344725.mp4,0,"[""__OTHER__"",""FRIEND"",""__OTHER__""]","[101,92,101]","[[""#WHEN"",""POSS-1p""],[""FRIEND""],[""START"",""HAIR_2+DYE"",""5\\etcetera\\\""\"""",""GUARANTEE"",""MANY"",""PEOPLE"",""FUTURE"",""FOLLOW""]]",3,1,2,9,138,130,101,True
asllrp_other_ctc,validation,JONATHAN,Jonathan_2012-11-27_sc92,7345029.mp4,https://dai.cs.rutgers.edu/ss3front/7345029.mp4,0,"[""__OTHER__"",""TAKE"",""__OTHER__"",""FRIEND"",""__OTHER__""]","[101,34,101,92,101]","[[""#WHEN"",""IX-1p"",""FINISH"",""NICE/CLEAN"",""(K)KITCHEN"",""MOTHER"",""FUTURE""],[""TAKE""],[""IX-1p"",""GO-OUT""],[""FRIEND""],[""HOUSE"",""IX-1p""]]",5,2,3,8,130,123,101,True
asllrp_other_ctc,validation,JONATHAN,Jonathan_2012-11-27_sc92,7345030.mp4,https://dai.cs.rutgers.edu/ss3front/7345030.mp4,0,"[""__OTHER__"",""FRIEND"",""__OTHER__""]","[101,92,101]","[[""#IF"",""POSS-1p""],[""FRIEND""],[""GO-OUT"",""CAMP"",""IX-1p"",""FUTURE"",""GO-OUT"",""WITH"",""IX-3p-pl-arc""]]",3,1,2,7,92,86,101,True
asllrp_other_ctc,validation,JONATHAN,Jonathan_2012-11-27_sc92,7345233.mp4,https://dai.cs.rutgers.edu/ss3front/7345233.mp4,0,"[""__OTHER__"",""FAMILY"",""__OTHER__"",""FRIEND"",""MAYBE""]","[101,91,101,92,22]","[[""#IF"",""POSS-1p""],[""FAMILY""],[""IX-loc:j"",""DECIDE"",""NOT"",""TAKE-UP"",""fs-PUPPIES"",""POSS-1p""],[""FRIEND""],[""MAYBE""]]",5,3,2,5,150,146,101,True
asllrp_other_ctc,validation,JONATHAN,Jonathan_2012-11-27_sc92,7345334.mp4,https://dai.cs.rutgers.edu/ss3front/7345334.mp4,0,"[""__OTHER__"",""FAMILY"",""__OTHER__""]","[101,91,101]","[[""#WHEN"",""POSS-1p""],[""FAMILY""],[""REALLY+WORK"",""TAKE-UP"",""fs-PUPPIES"",""IX-1p"",""FUTURE"",""ZOOM"",""PET/SPOILED"",""SELL"",""(25)WHY"",""IX-1p"",""BUY"",""COLLAR"",""COLOR"",""fs-COLLARS"",""DIFFERENT-arc"",""COLOR""]]",3,1,2,6,237,232,101,True
asllrp_other_ctc,validation,JONATHAN,Jonathan_2012-11-27_sc90,7687743.mp4,https://dai.cs.rutgers.edu/ss3front/7687743.mp4,0,"[""__OTHER__"",""HOME"",""__OTHER__"",""NIGHT""]","[101,87,101,82]","[[""IX-3p:j"",""FATHERwg"",""IX-loc:j"",""ARRIVE""],[""HOME""],[""fs-LATE""],[""NIGHT""]]",4,2,2,0,104,105,101,True
asllrp_other_ctc,validation,JONATHAN,Jonathan_2012-11-27_sc90,7688440.mp4,https://dai.cs.rutgers.edu/ss3front/7688440.mp4,0,"[""FAMILY"",""__OTHER__""]","[91,101]","[[""FAMILY""],[""FINISH"",""TAKE-UP"",""fs-PUPPIES""]]",2,1,1,11,77,67,101,True
asllrp_other_ctc,validation,JONATHAN,Jonathan_2012-11-27_sc90,7691338.mp4,https://dai.cs.rutgers.edu/ss3front/7691338.mp4,0,"[""FRIEND"",""__OTHER__""]","[92,101]","[[""FRIEND""],[""IX-3p-pl-circle"",""DEPART"",""CAMP"",""QMwg""]]",2,1,1,7,98,92,101,True
asllrp_other_ctc,validation,JONATHAN,Jonathan_2012-11-27_sc90,7691736.mp4,https://dai.cs.rutgers.edu/ss3front/7691736.mp4,0,"[""FRIEND"",""__OTHER__""]","[92,101]","[[""FRIEND""],[""IX-loc:j"",""HAIR+DYE"",""TOGETHER/GO-STEADY"",""HAIR_2+DYE""]]",2,1,1,8,118,111,101,True
asllrp_other_ctc,validation,JONATHAN,Jonathan_2012-11-27_sc90,7698333.mp4,https://dai.cs.rutgers.edu/ss3front/7698333.mp4,0,"[""__OTHER__"",""HOME"",""__OTHER__"",""NIGHT"",""__OTHER__""]","[101,87,101,82,101]","[[""FATHER"",""ARRIVE""],[""HOME""],[""fs-LATE""],[""NIGHT""],[""QMwg""]]",5,2,3,13,123,111,101,True
asllrp_other_ctc,validation,JONATHAN,Jonathan_2012-11-27_sc90,7698632.mp4,https://dai.cs.rutgers.edu/ss3front/7698632.mp4,0,"[""FRIEND"",""__OTHER__""]","[92,101]","[[""FRIEND""],[""IX-3p-pl-2:i/j"",""FINISH"",""GO-OUT""]]",2,1,1,10,65,56,101,True
asllrp_other_ctc,validation,JONATHAN,Jonathan_2012-11-27_sc90,7699730.mp4,https://dai.cs.rutgers.edu/ss3front/7699730.mp4,0,"[""__OTHER__"",""FAMILY"",""__OTHER__""]","[101,91,101]","[[""#DOG"",""fs-PUPPIES""],[""FAMILY""],[""TAKE-UP"",""DCL:crvd-5\\group go together\\\""\""""]]",3,1,2,7,119,113,101,True
asllrp_other_ctc,validation,JONATHAN,Jonathan_2012-11-27_sc90,7700328.mp4,https://dai.cs.rutgers.edu/ss3front/7700328.mp4,0,"[""FRIEND"",""__OTHER__""]","[92,101]","[[""FRIEND""],[""IX-loc:j"",""GO-OUT"",""CAMP"",""ENJOY""]]",2,1,1,5,102,98,101,True
asllrp_other_ctc,validation,JONATHAN,Jonathan_2012-11-27_sc90,7701526.mp4,https://dai.cs.rutgers.edu/ss3front/7701526.mp4,0,"[""__OTHER__"",""FRIEND"",""__OTHER__""]","[101,92,101]","[[""IX-3p-pl-2:i/j""],[""FRIEND""],[""IX-loc:j"",""HAIR_2+DYE"",""TOGETHER/GO-STEADY"",""HAIR_2+DYE""]]",3,1,2,8,143,136,101,True
asllrp_other_ctc,validation,JONATHAN,Jonathan_2012-11-27_sc90,7704723.mp4,https://dai.cs.rutgers.edu/ss3front/7704723.mp4,0,"[""__OTHER__"",""HOME"",""__OTHER__"",""NIGHT""]","[101,87,101,82]","[[""FATHERwg"",""IX-loc:j"",""ARRIVE""],[""HOME""],[""fs-LATE""],[""NIGHT""]]",4,2,2,18,107,90,101,True
asllrp_other_ctc,validation,JONATHAN,Jonathan_2012-11-27_sc90,7705122.mp4,https://dai.cs.rutgers.edu/ss3front/7705122.mp4,0,"[""FRIEND"",""__OTHER__""]","[92,101]","[[""FRIEND""],[""IX-loc:j"",""GO-OUT"",""TOGETHER/GO-STEADY""]]",2,1,1,6,84,79,101,True
asllrp_other_ctc,validation,JONATHAN,Jonathan_2012-11-27_sc90,7705720.mp4,https://dai.cs.rutgers.edu/ss3front/7705720.mp4,0,"[""__OTHER__"",""HOME"",""__OTHER__""]","[101,87,101]","[[""FATHER"",""IX-loc:j"",""ARRIVE""],[""HOME""],[""PAST+NIGHT"",""fs-LATE"",""QMwg""]]",3,1,2,11,97,87,101,True
asllrp_other_ctc,validation,JONATHAN,Jonathan_2012-11-27_sc90,7706619.mp4,https://dai.cs.rutgers.edu/ss3front/7706619.mp4,0,"[""FRIEND"",""__OTHER__""]","[92,101]","[[""FRIEND""],[""DCL:C\\group go together\\\""\"""",""GO-OUT"",""QMwg""]]",2,1,1,7,79,73,101,True
asllrp_other_ctc,validation,JONATHAN,Jonathan_2012-11-27_sc90,7707117.mp4,https://dai.cs.rutgers.edu/ss3front/7707117.mp4,0,"[""FAMILY"",""__OTHER__""]","[91,101]","[[""FAMILY""],[""IX-loc:j"",""TAKE-UP"",""#DOG"",""fs-PUPPIES""]]",2,1,1,8,97,90,101,True
asllrp_other_ctc,validation,JONATHAN,Jonathan_2012-11-27_sc90,7708415.mp4,https://dai.cs.rutgers.edu/ss3front/7708415.mp4,0,"[""FRIEND"",""__OTHER__""]","[92,101]","[[""FRIEND""],[""IX-loc:j"",""GO-OUT"",""CAMP""]]",2,1,1,6,74,69,101,True
asllrp_other_ctc,validation,JONATHAN,Jonathan_2012-11-27_sc90,7709113.mp4,https://dai.cs.rutgers.edu/ss3front/7709113.mp4,0,"[""FRIEND"",""__OTHER__""]","[92,101]","[[""FRIEND""],[""IX-3p-pl-2:i/j"",""HAIR+DYE"",""TOGETHER/GO-STEADY""]]",2,1,1,0,81,82,101,True
asllrp_other_ctc,validation,JONATHAN,Jonathan_2012-11-27_sc90,7710510.mp4,https://dai.cs.rutgers.edu/ss3front/7710510.mp4,0,"[""NIGHT"",""__OTHER__""]","[82,101]","[[""NIGHT""],[""IX-3p:j"",""FATHER"",""ARRIVE"",""fs-LATE""]]",2,1,1,10,95,86,101,True
asllrp_other_ctc,validation,JONATHAN,Jonathan_2012-11-27_sc90,771089.mp4,https://dai.cs.rutgers.edu/ss3front/771089.mp4,0,"[""__OTHER__"",""HOME"",""__OTHER__""]","[101,87,101]","[[""FATHER"",""IX-loc:j"",""ARRIVE""],[""HOME""],[""LATE""]]",3,1,2,13,94,82,101,True
asllrp_other_ctc,validation,JONATHAN,Jonathan_2012-11-27_sc90,771138.mp4,https://dai.cs.rutgers.edu/ss3front/771138.mp4,0,"[""FRIEND"",""__OTHER__""]","[92,101]","[[""FRIEND""],[""GROUP/TOGETHER"",""DEPART""]]",2,1,1,5,55,51,101,True
asllrp_other_ctc,validation,JONATHAN,Jonathan_2012-11-27_sc94,84087.mp4,https://dai.cs.rutgers.edu/ss3front/84087.mp4,0,"[""FRIEND"",""__OTHER__""]","[92,101]","[[""FRIEND""],[""IX-3p:j"",""DRIVE""]]",2,1,1,2,45,44,101,True
asllrp_other_ctc,validation,JONATHAN,Jonathan_2012-11-27_sc94,84088.mp4,https://dai.cs.rutgers.edu/ss3front/84088.mp4,0,"[""FRIEND"",""__OTHER__""]","[92,101]","[[""FRIEND""],[""GO-OUT"",""(P)PARTY""]]",2,1,1,4,54,51,101,True
asllrp_other_ctc,validation,JONATHAN,Jonathan_2012-11-27_sc94,84099.mp4,https://dai.cs.rutgers.edu/ss3front/84099.mp4,0,"[""__OTHER__"",""WORK"",""__OTHER__""]","[101,51,101]","[[""IX-1p""],[""WORK""],[""IX-1p""]]",3,1,2,8,54,47,101,True
asllrp_other_ctc,validation,JONATHAN,Jonathan_2012-11-27_sc94,841010.mp4,https://dai.cs.rutgers.edu/ss3front/841010.mp4,0,"[""FRIEND"",""__OTHER__""]","[92,101]","[[""FRIEND""],[""GO-OUT"",""FISHING""]]",2,1,1,6,57,52,101,True
asllrp_other_ctc,validation,JONATHAN,Jonathan_2012-11-27_sc94,841111.mp4,https://dai.cs.rutgers.edu/ss3front/841111.mp4,0,"[""FRIEND"",""NOW"",""__OTHER__""]","[92,78,101]","[[""FRIEND""],[""NOW""],[""IX-3p:j"",""PLAN"",""SURPRISE"",""THRILL/WHAT'S-UP""]]",3,2,1,4,75,72,101,True
asllrp_other_ctc,validation,JONATHAN,Jonathan_2012-11-27_sc94,841212.mp4,https://dai.cs.rutgers.edu/ss3front/841212.mp4,0,"[""NOW"",""__OTHER__"",""SCHOOL""]","[78,101,88]","[[""NOW""],[""IX-1p"",""STUDY"",""GO-OUT""],[""SCHOOL""]]",3,2,1,2,53,52,101,True
asllrp_other_ctc,validation,JONATHAN,Jonathan_2012-11-27_sc94,841213.mp4,https://dai.cs.rutgers.edu/ss3front/841213.mp4,0,"[""FRIEND"",""__OTHER__""]","[92,101]","[[""FRIEND""],[""GO-OUT"",""TRIP""]]",2,1,1,2,61,60,101,True
asllrp_other_ctc,validation,JONATHAN,Jonathan_2012-11-27_sc94,841314.mp4,https://dai.cs.rutgers.edu/ss3front/841314.mp4,0,"[""FRIEND"",""NOW"",""__OTHER__""]","[92,78,101]","[[""FRIEND""],[""NOW""],[""IX-3p:j"",""PLAY"",""VIDEO-GAME""]]",3,2,1,2,66,65,101,True
asllrp_other_ctc,validation,JONATHAN,Jonathan_2012-11-27_sc94,841415.mp4,https://dai.cs.rutgers.edu/ss3front/841415.mp4,0,"[""FRIEND"",""NOW"",""__OTHER__"",""HOME"",""__OTHER__""]","[92,78,101,87,101]","[[""FRIEND""],[""NOW""],[""IX-3p:j"",""#VP""],[""HOME""],[""CHAT""]]",5,3,2,3,87,85,101,True
asllrp_other_ctc,validation,JONATHAN,Jonathan_2012-11-27_sc94,841516.mp4,https://dai.cs.rutgers.edu/ss3front/841516.mp4,0,"[""FRIEND"",""NOW"",""__OTHER__""]","[92,78,101]","[[""FRIEND""],[""NOW""],[""SURF-INTERNET"",""INTERNET""]]",3,2,1,14,99,86,101,True
asllrp_other_ctc,validation,JONATHAN,Jonathan_2012-11-27_sc94,841517.mp4,https://dai.cs.rutgers.edu/ss3front/841517.mp4,0,"[""FRIEND"",""__OTHER__""]","[92,101]","[[""FRIEND""],[""FINISH"",""CAR"",""QMwg""]]",2,1,1,5,61,57,101,True
asllrp_other_ctc,validation,JONATHAN,Jonathan_2012-11-27_sc94,841618.mp4,https://dai.cs.rutgers.edu/ss3front/841618.mp4,0,"[""FRIEND"",""__OTHER__""]","[92,101]","[[""FRIEND""],[""IX-loc:j"",""(P)PARTY"",""(1h)GOOD/THANK-YOU"",""QMwg""]]",2,1,1,3,55,53,101,True
asllrp_other_ctc,validation,JONATHAN,Jonathan_2012-11-27_sc94,841719.mp4,https://dai.cs.rutgers.edu/ss3front/841719.mp4,0,"[""__OTHER__"",""WORK"",""__OTHER__""]","[101,51,101]","[[""IX-2p"",""MUST""],[""WORK""],[""ALL-NIGHT"",""IX-2p""]]",3,1,2,2,66,65,101,True
asllrp_other_ctc,validation,JONATHAN,Jonathan_2012-11-27_sc94,841720.mp4,https://dai.cs.rutgers.edu/ss3front/841720.mp4,0,"[""FRIEND"",""__OTHER__""]","[92,101]","[[""FRIEND""],[""DEPART"",""FISHING"",""fs-FUN"",""QMwg""]]",2,1,1,8,65,58,101,True
asllrp_other_ctc,validation,JONATHAN,Jonathan_2012-11-27_sc94,842023.mp4,https://dai.cs.rutgers.edu/ss3front/842023.mp4,0,"[""FRIEND"",""__OTHER__""]","[92,101]","[[""FRIEND""],[""FINISH"",""EXPERIENCE"",""TRIP"",""QMwg""]]",2,1,1,4,62,59,101,True
asllrp_other_ctc,validation,JONATHAN,Jonathan_2012-11-27_sc94,842024.mp4,https://dai.cs.rutgers.edu/ss3front/842024.mp4,0,"[""__OTHER__"",""EASY"",""__OTHER__""]","[101,75,101]","[[""VIDEO-GAME"",""IX-loc:j""],[""EASY""],[""BEAT_2"",""QMwg""]]",3,1,2,2,53,52,101,True
asllrp_other_ctc,validation,JONATHAN,Jonathan_2012-11-27_sc94,842226.mp4,https://dai.cs.rutgers.edu/ss3front/842226.mp4,0,"[""FRIEND"",""__OTHER__""]","[92,101]","[[""FRIEND""],[""LOVE"",""SURF-INTERNET"",""REALLY+WORK"",""QMwg""]]",2,1,1,3,73,71,101,True
asllrp_other_ctc,validation,JONATHAN,Jonathan_2012-11-27_sc94,842327.mp4,https://dai.cs.rutgers.edu/ss3front/842327.mp4,0,"[""FRIEND"",""__OTHER__""]","[92,101]","[[""FRIEND""],[""LOVE"",""INTERNET"",""SURF-INTERNET"",""REALLY+WORK"",""QMwg""]]",2,1,1,2,84,83,101,True
asllrp_other_ctc,validation,JONATHAN,Jonathan_2012-11-27_sc94,842429.mp4,https://dai.cs.rutgers.edu/ss3front/842429.mp4,0,"[""FRIEND"",""__OTHER__"",""WHERE"",""__OTHER__""]","[92,101,10,101]","[[""FRIEND""],[""CAR""],[""WHERE""],[""(1h)part:indef""]]",4,2,2,7,75,69,101,True
asllrp_other_ctc,validation,JONATHAN,Jonathan_2012-11-27_sc94,842530.mp4,https://dai.cs.rutgers.edu/ss3front/842530.mp4,0,"[""FRIEND"",""__OTHER__""]","[92,101]","[[""FRIEND""],[""IX-loc:j"",""START"",""CAR"",""#WHEN""]]",2,1,1,8,75,68,101,True
asllrp_other_ctc,validation,JONATHAN,Jonathan_2012-11-27_sc94,842733.mp4,https://dai.cs.rutgers.edu/ss3front/842733.mp4,0,"[""__OTHER__"",""WORK"",""__OTHER__""]","[101,51,101]","[[""IX-2p"",""START""],[""WORK""],[""IX-2p"",""#WHEN""]]",3,1,2,4,60,57,101,True
asllrp_other_ctc,validation,JONATHAN,Jonathan_2012-11-27_sc94,842834.mp4,https://dai.cs.rutgers.edu/ss3front/842834.mp4,0,"[""__OTHER__"",""WORK"",""__OTHER__""]","[101,51,101]","[[""(25)WHY"",""IX-1p""],[""WORK""],[""ALL-NIGHT"",""(25)WHY"",""(1h)part:indef""]]",3,1,2,5,92,88,101,True
asllrp_other_ctc,validation,JONATHAN,Jonathan_2012-11-27_sc94,842935.mp4,https://dai.cs.rutgers.edu/ss3front/842935.mp4,0,"[""__OTHER__"",""WORK"",""WHERE""]","[101,51,10]","[[""IX-2p""],[""WORK""],[""WHERE""]]",3,2,1,13,63,51,101,True
asllrp_other_ctc,validation,JONATHAN,Jonathan_2012-11-27_sc94,843037.mp4,https://dai.cs.rutgers.edu/ss3front/843037.mp4,0,"[""FRIEND"",""__OTHER__""]","[92,101]","[[""FRIEND""],[""IX-3p:j"",""DEPART"",""FISHING"",""#WHEN""]]",2,1,1,6,74,69,101,True
asllrp_other_ctc,validation,JONATHAN,Jonathan_2012-11-27_sc94,843239.mp4,https://dai.cs.rutgers.edu/ss3front/843239.mp4,0,"[""__OTHER__"",""TIME"",""__OTHER__""]","[101,83,101]","[[""SURPRISE"",""(P)PARTY"",""IX-loc:j""],[""TIME""],[""START"",""part:indef""]]",3,1,2,7,80,74,101,True
asllrp_other_ctc,validation,JONATHAN,Jonathan_2012-11-27_sc94,843240.mp4,https://dai.cs.rutgers.edu/ss3front/843240.mp4,0,"[""__OTHER__"",""WHERE"",""__OTHER__""]","[101,10,101]","[[""#HS"",""IX-2p"",""GO-OUT""],[""WHERE""],[""IX-2p""]]",3,1,2,5,61,57,101,True
asllrp_other_ctc,validation,JONATHAN,Jonathan_2012-11-27_sc94,843342.mp4,https://dai.cs.rutgers.edu/ss3front/843342.mp4,0,"[""__OTHER__"",""LIKE"",""__OTHER__""]","[101,26,101]","[[""THAT"",""VIDEO-GAME"",""NOT""],[""LIKE""],[""(25)WHY"",""(1h)part:indef""]]",3,1,2,1,74,74,101,True
asllrp_other_ctc,validation,JONATHAN,Jonathan_2012-11-27_sc94,843443.mp4,https://dai.cs.rutgers.edu/ss3front/843443.mp4,0,"[""__OTHER__"",""FRIEND"",""__OTHER__""]","[101,92,101]","[[""POSS-2p""],[""FRIEND""],[""LOVE"",""TRIP"",""5\\pay attention\\\""\"""",""(25)WHY"",""(1h)part:indef""]]",3,1,2,0,80,81,101,True
asllrp_other_ctc,validation,JONATHAN,Jonathan_2012-11-27_sc94,843545.mp4,https://dai.cs.rutgers.edu/ss3front/843545.mp4,0,"[""__OTHER__"",""WHERE"",""__OTHER__""]","[101,10,101]","[[""IX-2p"",""PLAN"",""TRIP""],[""WHERE""],[""(1h)part:indef""]]",3,1,2,5,75,71,101,True
asllrp_other_ctc,validation,JONATHAN,Jonathan_2012-11-27_sc94,843747.mp4,https://dai.cs.rutgers.edu/ss3front/843747.mp4,0,"[""__OTHER__"",""WHERE"",""__OTHER__""]","[101,10,101]","[[""IX-2p"",""WANT_2"",""#VP""],[""WHERE""],[""(1h)part:indef""]]",3,1,2,0,64,65,101,True
asllrp_other_ctc,validation,JONATHAN,Jonathan_2012-11-27_sc94,843848.mp4,https://dai.cs.rutgers.edu/ss3front/843848.mp4,0,"[""__OTHER__"",""FRIEND"",""__OTHER__""]","[101,92,101]","[[""POSS-2p""],[""FRIEND""],[""ADDICTED"",""SURF-INTERNET"",""INTERNET"",""(25)WHY"",""(1h)part:indef""]]",3,1,2,2,96,95,101,True
asllrp_other_ctc,validation,JONATHAN,Jonathan_2012-11-27_sc94,843950.mp4,https://dai.cs.rutgers.edu/ss3front/843950.mp4,0,"[""__OTHER__"",""FRIEND"",""__OTHER__"",""SLEEP"",""__OTHER__""]","[101,92,101,57,101]","[[""#IF"",""POSS-1p""],[""FRIEND""],[""IX-3p:j"",""DRIVE"",""IX-1p"",""FUTURE""],[""SLEEP""],[""BACK"",""SIT"",""SCL:crvd-U\\laying on side\\\""\""""]]",5,2,3,6,100,95,101,True
asllrp_other_ctc,validation,JONATHAN,Jonathan_2012-11-27_sc94,844051.mp4,https://dai.cs.rutgers.edu/ss3front/844051.mp4,0,"[""__OTHER__"",""FRIEND"",""__OTHER__"",""TIRED"",""__OTHER__""]","[101,92,101,64,101]","[[""#WHEN"",""POSS-1p""],[""FRIEND""],[""FINISH""],[""TIRED""],[""DRIVE"",""FUTURE"",""SWITCH""]]",5,2,3,6,92,87,101,True
asllrp_other_ctc,validation,JONATHAN,Jonathan_2012-11-27_sc94,844052.mp4,https://dai.cs.rutgers.edu/ss3front/844052.mp4,0,"[""__OTHER__"",""FRIEND"",""__OTHER__"",""YES""]","[101,92,101,20]","[[""#IF"",""POSS-1p""],[""FRIEND""],[""DEPART"",""(P)PARTY"",""IX-1p"",""FUTURE"",""(1h)JOIN"",""GUARANTEE""],[""YES""]]",4,2,2,1,81,81,101,True
asllrp_other_ctc,validation,JONATHAN,Jonathan_2012-11-27_sc94,844153.mp4,https://dai.cs.rutgers.edu/ss3front/844153.mp4,0,"[""__OTHER__"",""FRIEND"",""__OTHER__""]","[101,92,101]","[[""#IF"",""POSS-1p""],[""FRIEND""],[""(P)PARTY"",""IX-1p"",""POSS-1p"",""ROOMMATE"",""IX-1p-pl-2:i"",""(1h)JOIN""]]",3,1,2,38,123,86,101,True
asllrp_other_ctc,validation,JONATHAN,Jonathan_2012-11-27_sc94,844254.mp4,https://dai.cs.rutgers.edu/ss3front/844254.mp4,0,"[""__OTHER__"",""WORK"",""__OTHER__"",""STOP"",""__OTHER__""]","[101,51,101,37,101]","[[""#IF"",""IX-1p"",""ARRIVE""],[""WORK""],[""fs-LATE"",""WOW"",""BOSS"",""FUTURE""],[""STOP""],[""FIRED"",""IX-1p"",""WOW""]]",5,2,3,7,129,123,101,True
asllrp_other_ctc,validation,JONATHAN,Jonathan_2012-11-27_sc94,844356.mp4,https://dai.cs.rutgers.edu/ss3front/844356.mp4,0,"[""__OTHER__"",""FRIEND"",""__OTHER__""]","[101,92,101]","[[""#IF"",""POSS-1p""],[""FRIEND""],[""GO-OUT"",""FISHING"",""IX-1p"",""MUST"",""(2h)LOOK-FORWARD"",""MAKE"",""REALLY"",""WEATHER"",""IX-loc:j"",""FINE""]]",3,1,2,5,124,120,101,True
asllrp_other_ctc,validation,JONATHAN,Jonathan_2012-11-27_sc94,844457.mp4,https://dai.cs.rutgers.edu/ss3front/844457.mp4,0,"[""__OTHER__"",""FRIEND"",""__OTHER__""]","[101,92,101]","[[""#WHEN"",""POSS-1p""],[""FRIEND""],[""SCL:X\\catch fish\\\""\"""",""(1h)FISH"",""IX-1p"",""MUST"",""fs-BUCKET"",""ICL:B-L\\bring over bucket\\\""\"""",""FAST_3"",""#FRESH"",""A-OK"",""FINE""]]",3,1,2,7,190,184,101,True
asllrp_other_ctc,validation,JONATHAN,Jonathan_2012-11-27_sc94,844458.mp4,https://dai.cs.rutgers.edu/ss3front/844458.mp4,0,"[""__OTHER__"",""FRIEND"",""__OTHER__""]","[101,92,101]","[[""#IF"",""ns-fs-BOB"",""IX-loc:j"",""MAKE-IT"",""SURPRISE"",""POSS-2p"",""SURPRISE"",""(P)PARTY"",""WOW"",""IX-1p"",""APPLAUSE"",""POSS-1p""],[""FRIEND""],[""IX-loc:j"",""(25)WHY"",""IX-3p:j"",""ns-fs-BOB"",""IX-loc:j"",""HARD"",""SURPRISE"",""HARD""]]",3,1,2,11,241,231,101,True
asllrp_other_ctc,validation,JONATHAN,Jonathan_2012-11-27_sc94,844660.mp4,https://dai.cs.rutgers.edu/ss3front/844660.mp4,0,"[""__OTHER__"",""SCHOOL"",""__OTHER__""]","[101,88,101]","[[""#IF"",""IX-1p"",""GO-OUT"",""fs-PUBLIC""],[""SCHOOL""],[""GUARANTEE"",""IX-1p"",""SCL:V/2\\look around and around\\\""\"""",""(25)WHY"",""NONE/NOTHING"",""COMMUNICATE""]]",3,1,2,6,139,134,101,True
asllrp_other_ctc,validation,JONATHAN,Jonathan_2012-11-27_sc94,844661.mp4,https://dai.cs.rutgers.edu/ss3front/844661.mp4,0,"[""__OTHER__"",""SCHOOL"",""__OTHER__""]","[101,88,101]","[[""#WHEN"",""IX-1p"",""ARRIVE""],[""SCHOOL""],[""IX-1p"",""MUST"",""TEXTING_3"",""1p-INFORM:j"",""MOTHER"",""IX-1p"",""FINISH"",""ARRIVE"",""SAFE""]]",3,1,2,3,122,120,101,True
asllrp_other_ctc,validation,JONATHAN,Jonathan_2012-11-27_sc94,844762.mp4,https://dai.cs.rutgers.edu/ss3front/844762.mp4,0,"[""__OTHER__"",""FRIEND"",""__OTHER__""]","[101,92,101]","[[""#IF""],[""FRIEND""],[""GO-OUT"",""TRIP"",""IX-1p"",""MUST"",""JOIN""]]",3,1,2,5,87,83,101,True
asllrp_other_ctc,validation,JONATHAN,Jonathan_2012-11-27_sc94,844763.mp4,https://dai.cs.rutgers.edu/ss3front/844763.mp4,0,"[""__OTHER__"",""FAMILY"",""__OTHER__"",""THANKYOU"",""__OTHER__""]","[101,91,101,18,101]","[[""#WHEN"",""IX-1p-pl-arc"",""ARRIVE"",""ns-INDIA"",""IX-loc:j"",""MUST"",""1p-SEND/MAIL:j""],[""FAMILY""],[""PAPER-CHECK/CARD""],[""THANK-YOU""],[""FOR"",""SUPPORT""]]",5,2,3,3,176,174,101,True
asllrp_other_ctc,validation,JONATHAN,Jonathan_2012-11-27_sc94,844864.mp4,https://dai.cs.rutgers.edu/ss3front/844864.mp4,0,"[""__OTHER__"",""FRIEND"",""__OTHER__""]","[101,92,101]","[[""POSS-1p""],[""FRIEND""],[""IX-3p:j"",""START"",""VIDEO-GAME"",""FINISH"",""VIDEO-GAME"",""CONTINUE"",""TO/UNTIL"",""EYES"",""BCL:crvd-5\\eyes pop out\\\""\"""",""WOW""]]",3,1,2,3,181,179,101,True
asllrp_other_ctc,validation,JONATHAN,Jonathan_2012-11-27_sc94,844965.mp4,https://dai.cs.rutgers.edu/ss3front/844965.mp4,0,"[""__OTHER__"",""FEEL"",""__OTHER__"",""HOW"",""__OTHER__""]","[101,31,101,14,101]","[[""POSS-1p"",""FATHER"",""IX-loc:j"",""PLAY"",""VIDEO-GAME"",""IX-1p"",""(1h)TEND"",""(1h)FORGET-IT"",""IX-1p"",""GO-OUT"",""POSS-1p"",""BOX/ROOM"",""(25)WHY"",""POSS-1p"",""FATHER""],[""FEEL""],[""BORE"",""KNOW+(1h)NEG""],[""HOW""],[""PLAY"",""VIDEO-GAME"",""KNOW+(1h)NEG"",""IX-loc:j""]]",5,2,3,4,188,185,101,True
asllrp_other_ctc,validation,JONATHAN,Jonathan_2012-11-27_sc94,845066.mp4,https://dai.cs.rutgers.edu/ss3front/845066.mp4,0,"[""__OTHER__"",""FRIEND"",""__OTHER__""]","[101,92,101]","[[""#WHEN""],[""FRIEND""],[""CALL-BY-PHONE"",""IX-1p"",""IX-loc:j"",""#VP"",""(1h)TEND"",""LIGHT-FLASH""]]",3,1,2,10,131,122,101,True
asllrp_other_ctc,validation,JONATHAN,Jonathan_2012-11-27_sc94,845067.mp4,https://dai.cs.rutgers.edu/ss3front/845067.mp4,0,"[""__OTHER__"",""FRIEND"",""__OTHER__""]","[101,92,101]","[[""POSS-1p""],[""FRIEND""],[""SURF-INTERNET"",""INTERNET"",""(1h)TEND"",""REMIND-2p"",""REMEMBER"",""IX-2p"",""NOT"",""FINISH"",""HOMEWORK""]]",3,1,2,11,124,114,101,True
asllrp_other_ctc,validation,JONATHAN,Jonathan_2012-11-27_sc94,845168.mp4,https://dai.cs.rutgers.edu/ss3front/845168.mp4,0,"[""__OTHER__"",""FRIEND"",""__OTHER__""]","[101,92,101]","[[""#IF"",""IX-1p"",""LOOK""],[""FRIEND""],[""IX-loc:j"",""FINISH"",""HOMEWORK"",""EMPTY/EARLY"",""(1h)TEND"",""SURF-INTERNET"",""INTERNET"",""ALL-NIGHT""]]",3,1,2,7,133,127,101,True
asllrp_other_ctc,validation,JONATHAN,Jonathan_2012-11-27_sc94,845269.mp4,https://dai.cs.rutgers.edu/ss3front/845269.mp4,0,"[""FRIEND"",""__OTHER__"",""TIRED"",""__OTHER__""]","[92,101,64,101]","[[""FRIEND""],[""MUST"",""DRIVE"",""(25)WHY"",""IX-1p""],[""TIRED""],[""IX-1p""]]",4,2,2,3,85,83,101,True
asllrp_other_ctc,validation,JONATHAN,Jonathan_2012-11-27_sc94,845270.mp4,https://dai.cs.rutgers.edu/ss3front/845270.mp4,0,"[""FRIEND"",""__OTHER__""]","[92,101]","[[""FRIEND""],[""GO-OUT"",""(25)WHY"",""IX-loc:j"",""GO-OUT"",""(P)PARTY"",""GROUP/TOGETHER""]]",2,1,1,3,78,76,101,True
asllrp_other_ctc,validation,JONATHAN,Jonathan_2012-11-27_sc94,845371.mp4,https://dai.cs.rutgers.edu/ss3front/845371.mp4,0,"[""__OTHER__"",""WORK"",""__OTHER__""]","[101,51,101]","[[""IX-1p""],[""WORK""],[""ALL-NIGHT"",""(25)WHY"",""IX-1p"",""WANT_2"",""SHOULD"",""fs-EXTRA"",""MONEY""]]",3,1,2,10,113,104,101,True
asllrp_other_ctc,validation,JONATHAN,Jonathan_2012-11-27_sc94,845472.mp4,https://dai.cs.rutgers.edu/ss3front/845472.mp4,0,"[""FRIEND"",""__OTHER__"",""EAT"",""__OTHER__""]","[92,101,54,101]","[[""FRIEND""],[""KISS-FIST"",""GO-OUT"",""FISHING"",""(25)WHY"",""IX-3p:j"",""LOVE""],[""EAT""],[""(1h)FISH""]]",4,2,2,4,102,99,101,True
asllrp_other_ctc,validation,JONATHAN,Jonathan_2012-11-27_sc94,845473.mp4,https://dai.cs.rutgers.edu/ss3front/845473.mp4,0,"[""FRIEND"",""__OTHER__""]","[92,101]","[[""FRIEND""],[""PLAN"",""SURPRISE"",""ns-fs-BOB"",""(25)WHY""]]",2,1,1,5,75,71,101,True
asllrp_other_ctc,validation,JONATHAN,Jonathan_2012-11-27_sc94,845574.mp4,https://dai.cs.rutgers.edu/ss3front/845574.mp4,0,"[""__OTHER__"",""SCHOOL"",""__OTHER__""]","[101,88,101]","[[""IX-1p"",""ARRIVE""],[""SCHOOL""],[""fs-LATE"",""(25)WHY"",""IX-1p"",""BICYCLE"",""(5)ACCIDENT""]]",3,1,2,6,116,111,101,True
asllrp_other_ctc,validation,JONATHAN,Jonathan_2012-11-27_sc94,845675.mp4,https://dai.cs.rutgers.edu/ss3front/845675.mp4,0,"[""__OTHER__"",""FRIEND"",""__OTHER__"",""UNDERSTAND"",""__OTHER__"",""DIFFERENT"",""__OTHER__""]","[101,92,101,29,101,74,101]","[[""POSS-1p""],[""FRIEND""],[""IX-3p:j"",""LOVE"",""TRIP""],[""UNDERSTAND""],[""KISS-FIST"",""ns-fs-ASIA"",""ns-ASIA"",""(25)WHY"",""IX-loc:j"",""MANY"",""(2h)THING"",""DO-DO""],[""DIFFERENT""],[""VARY"",""COMPARE"",""TO/UNTIL"",""OTHER""]]",7,3,4,6,259,254,101,True
asllrp_other_ctc,validation,JONATHAN,Jonathan_2012-11-27_sc94,845676.mp4,https://dai.cs.rutgers.edu/ss3front/845676.mp4,0,"[""__OTHER__"",""FRIEND"",""__OTHER__""]","[101,92,101]","[[""POSS-1p""],[""FRIEND""],[""(1h)WOW/AWFUL"",""PLAY"",""VIDEO-GAME"",""ALL-DAY"",""(25)WHY"",""IX-loc:j"",""DO-DO"",""NOTHING""]]",3,1,2,5,116,112,101,True
asllrp_other_ctc,validation,JONATHAN,Jonathan_2012-11-27_sc94,845777.mp4,https://dai.cs.rutgers.edu/ss3front/845777.mp4,0,"[""__OTHER__"",""FRIEND"",""__OTHER__""]","[101,92,101]","[[""POSS-1p""],[""FRIEND""],[""FAVORITE/PREFER"",""#VP"",""TEXTING_3"",""(1h)FORGET-IT"",""(25)WHY"",""CAN"",""USE-SIGN-LANGUAGE"",""#ASL""]]",3,1,2,5,121,117,101,True
asllrp_other_ctc,validation,JONATHAN,Jonathan_2012-11-27_sc94,845878.mp4,https://dai.cs.rutgers.edu/ss3front/845878.mp4,0,"[""__OTHER__"",""FRIEND"",""__OTHER__"",""DIFFERENT"",""__OTHER__""]","[101,92,101,74,101]","[[""POSS-1p""],[""FRIEND""],[""KISS-FIST"",""SURF-INTERNET"",""INTERNET"",""(25)WHY"",""CLICK"",""FINEwg"",""FLOW""],[""DIFFERENT""],[""fs-SITES"",""FLOW""]]",5,2,3,7,169,163,101,True
