feature_path,raw_path,true_label,citizen_raw_gloss,citizen_asl_lex_code,lexical_tier,source_kind,quality_score,predicted_label,top5_labels,top1_hit,top5_hit,true_probability,training_approved
data/local/local_citizen100_quality_audit_q82/landmarks/ANGRY/57b93b85.v17.npz,data/raw_videos/ASL VIDEOS/ANGRY/57b93b85.mp4,ANGRY,ANGRY,B_01_070,canonical_and_pinned_raw_text_equal,local_hex_unknown_session,0.8530952788051313,NAME,NAME|EXCITED|SIGN|LIKE|ANGRY,False,True,0.03409504517912865,False
data/local/local_citizen100_quality_audit_q82/landmarks/ANGRY/8b3d2736.v17.npz,data/raw_videos/ASL VIDEOS/ANGRY/8b3d2736.mp4,ANGRY,ANGRY,B_01_070,canonical_and_pinned_raw_text_equal,local_hex_unknown_session,0.9441566395928603,ANGRY,ANGRY|SIGN|HAVE|EXCITED|BIG,True,True,0.835768461227417,False
data/local/local_citizen100_quality_audit_q82/landmarks/ANGRY/ANGRY_10.v17.npz,data/raw_videos/ASL VIDEOS/ANGRY/ANGRY_10.mp4,ANGRY,ANGRY,B_01_070,canonical_and_pinned_raw_text_equal,local_numbered_single_session,0.9998411428569298,HAVE,HAVE|ANGRY|EXCITED|HAPPY|EASY,False,True,0.20562206208705902,False
data/local/local_citizen100_quality_audit_q82/landmarks/ANGRY/afd85bf7.v17.npz,data/raw_videos/ASL VIDEOS/ANGRY/afd85bf7.mp4,ANGRY,ANGRY,B_01_070,canonical_and_pinned_raw_text_equal,local_hex_unknown_session,0.8946167200052062,WANT,WANT|WAIT|ANGRY|EXCITED|NOW,False,True,0.0916622206568718,False
data/local/local_citizen100_quality_audit_q82/landmarks/ANSWER/8a965e49.v17.npz,data/raw_videos/ASL VIDEOS/ANSWER/8a965e49.mp4,ANSWER,ANSWER,E_03_065,canonical_and_pinned_raw_text_equal,local_hex_unknown_session,0.9089193767673975,WHEN,WHEN|ANSWER|FRIEND|DIFFERENT|WEEK,False,True,0.29140761494636536,False
data/local/local_citizen100_quality_audit_q82/landmarks/ANSWER/ANSWER_12.v17.npz,data/raw_videos/ASL VIDEOS/ANSWER/ANSWER_12.mp4,ANSWER,ANSWER,E_03_065,canonical_and_pinned_raw_text_equal,local_numbered_single_session,0.993234977108659,ANSWER,ANSWER|WHEN|GO|FRIEND|DIFFERENT,True,True,0.3259129226207733,False
data/local/local_citizen100_quality_audit_q82/landmarks/ANSWER/cb0377be.v17.npz,data/raw_videos/ASL VIDEOS/ANSWER/cb0377be.mp4,ANSWER,ANSWER,E_03_065,canonical_and_pinned_raw_text_equal,local_hex_unknown_session,0.8621098253597632,ANSWER,ANSWER|WHEN|HOW|FRIEND|GO,True,True,0.669512152671814,False
data/local/local_citizen100_quality_audit_q82/landmarks/ANSWER/f82d23cc.v17.npz,data/raw_videos/ASL VIDEOS/ANSWER/f82d23cc.mp4,ANSWER,ANSWER,E_03_065,canonical_and_pinned_raw_text_equal,local_hex_unknown_session,0.9554372849774955,SEE,SEE|WANT|YOU|WHAT|WHEN,False,False,0.02558269165456295,False
data/local/local_citizen100_quality_audit_q82/landmarks/ASK/655e9d8d.v17.npz,data/raw_videos/ASL VIDEOS/ASK/655e9d8d.mp4,ASK,ASK,B_02_023,canonical_and_pinned_raw_text_equal,local_hex_unknown_session,0.9198217360964551,ASK,ASK|YOU|ANSWER|WHO|USE,True,True,0.4804653525352478,False
data/local/local_citizen100_quality_audit_q82/landmarks/ASK/986fbf9b.v17.npz,data/raw_videos/ASL VIDEOS/ASK/986fbf9b.mp4,ASK,ASK,B_02_023,canonical_and_pinned_raw_text_equal,local_hex_unknown_session,0.8250904786782394,ASK,ASK|WHERE|HE|THINK|NEED,True,True,0.31043022871017456,False
data/local/local_citizen100_quality_audit_q82/landmarks/ASK/ASK_7.v17.npz,data/raw_videos/ASL VIDEOS/ASK/ASK_7.mp4,ASK,ASK,B_02_023,canonical_and_pinned_raw_text_equal,local_numbered_single_session,0.9875379637754687,HE,HE|WHERE|ASK|NEED|DIFFERENT,False,True,0.056586023420095444,False
data/local/local_citizen100_quality_audit_q82/landmarks/ASK/b248cd56.v17.npz,data/raw_videos/ASL VIDEOS/ASK/b248cd56.mp4,ASK,ASK,B_02_023,canonical_and_pinned_raw_text_equal,local_hex_unknown_session,0.9626698350907016,TELL,TELL|THINK|UNDERSTAND|WHO|I,False,False,0.009138080291450024,False
data/local/local_citizen100_quality_audit_q82/landmarks/BAD/419cf875.v17.npz,data/raw_videos/ASL VIDEOS/BAD/419cf875.mp4,BAD,BAD,B_02_082,canonical_and_pinned_raw_text_equal,local_hex_unknown_session,0.9298739746495899,BAD,BAD|THANKYOU|STOP|MAYBE|GOOD,True,True,0.3092007637023926,False
data/local/local_citizen100_quality_audit_q82/landmarks/BAD/7e4e25c1.v17.npz,data/raw_videos/ASL VIDEOS/BAD/7e4e25c1.mp4,BAD,BAD,B_02_082,canonical_and_pinned_raw_text_equal,local_hex_unknown_session,0.9261169323828972,EAT,EAT|BAD|THANKYOU|OUR|STOP,False,True,0.10054284334182739,False
data/local/local_citizen100_quality_audit_q82/landmarks/BAD/9e855da3.v17.npz,data/raw_videos/ASL VIDEOS/BAD/9e855da3.mp4,BAD,BAD,B_02_082,canonical_and_pinned_raw_text_equal,local_hex_unknown_session,0.9242597646753037,BAD,BAD|GOOD|WOMAN|COME|EAT,True,True,0.9344357252120972,False
data/local/local_citizen100_quality_audit_q82/landmarks/BAD/BAD_3.v17.npz,data/raw_videos/ASL VIDEOS/BAD/BAD_3.mp4,BAD,BAD,B_02_082,canonical_and_pinned_raw_text_equal,local_numbered_single_session,0.9817596780122748,BAD,BAD|HAPPY|THANKYOU|MAYBE|WHY,True,True,0.3001158833503723,False
data/local/local_citizen100_quality_audit_q82/landmarks/BIG/05d22988.v17.npz,data/raw_videos/ASL VIDEOS/BIG/05d22988.mp4,BIG,BIG,F_02_054,canonical_and_pinned_raw_text_equal,local_hex_unknown_session,0.8681528489204264,LANGUAGE,LANGUAGE|TRY|BIG|HAVE|NOW,False,True,0.16182976961135864,False
data/local/local_citizen100_quality_audit_q82/landmarks/BIG/541aa662.v17.npz,data/raw_videos/ASL VIDEOS/BIG/541aa662.mp4,BIG,BIG,F_02_054,canonical_and_pinned_raw_text_equal,local_hex_unknown_session,0.9256728429529744,SMALL,SMALL|TALK|GOODBYE|READY|DOCTOR,False,False,0.0013395403511822224,False
data/local/local_citizen100_quality_audit_q82/landmarks/BIG/BIG_17.v17.npz,data/raw_videos/ASL VIDEOS/BIG/BIG_17.mp4,BIG,BIG,F_02_054,canonical_and_pinned_raw_text_equal,local_numbered_single_session,0.9568685223907152,LANGUAGE,LANGUAGE|TRY|BIG|READY|MAYBE,False,True,0.04247688502073288,False
data/local/local_citizen100_quality_audit_q82/landmarks/BIG/ecb0b1fa.v17.npz,data/raw_videos/ASL VIDEOS/BIG/ecb0b1fa.mp4,BIG,BIG,F_02_054,canonical_and_pinned_raw_text_equal,local_hex_unknown_session,0.9864761602449401,BIG,BIG|LANGUAGE|TRY|EXCITED|WRITE,True,True,0.3682789206504822,False
data/local/local_citizen100_quality_audit_q82/landmarks/CHILD/0cf98949.v17.npz,data/raw_videos/ASL VIDEOS/CHILD/0cf98949.mp4,CHILD,CHILD,F_03_101,canonical_and_pinned_raw_text_equal,local_hex_unknown_session,0.9993830929221674,HAPPY,HAPPY|FEEL|BAD|GOOD|GIVE,False,False,0.021071506664156914,False
data/local/local_citizen100_quality_audit_q82/landmarks/CHILD/1e96e6bf.v17.npz,data/raw_videos/ASL VIDEOS/CHILD/1e96e6bf.mp4,CHILD,CHILD,F_03_101,canonical_and_pinned_raw_text_equal,local_hex_unknown_session,0.8786106416798294,CHILD,CHILD|GOODBYE|YES|NO|HOME,True,True,0.7548277974128723,False
data/local/local_citizen100_quality_audit_q82/landmarks/CHILD/8b99626e.v17.npz,data/raw_videos/ASL VIDEOS/CHILD/8b99626e.mp4,CHILD,CHILD,F_03_101,canonical_and_pinned_raw_text_equal,local_hex_unknown_session,0.9519537548463712,CHILD,CHILD|GOODBYE|MAYBE|SAME|FIND,True,True,0.7706523537635803,False
data/local/local_citizen100_quality_audit_q82/landmarks/CHILD/90c944c7.v17.npz,data/raw_videos/ASL VIDEOS/CHILD/90c944c7.mp4,CHILD,CHILD,F_03_101,canonical_and_pinned_raw_text_equal,local_hex_unknown_session,0.8457929721614201,CHILD,CHILD|GOODBYE|NEED|YES|WHY,True,True,0.7005746364593506,False
data/local/local_citizen100_quality_audit_q82/landmarks/COLD/373f88c2.v17.npz,data/raw_videos/ASL VIDEOS/COLD/373f88c2.mp4,COLD,COLD,C_02_068,canonical_and_pinned_raw_text_equal,local_hex_unknown_session,0.916704142773521,COLD,COLD|SIGN|HAVE|TIRED|WHAT,True,True,0.5540997385978699,False
data/local/local_citizen100_quality_audit_q82/landmarks/COLD/67974f89.v17.npz,data/raw_videos/ASL VIDEOS/COLD/67974f89.mp4,COLD,COLD,C_02_068,canonical_and_pinned_raw_text_equal,local_hex_unknown_session,0.8357546272942393,TIRED,TIRED|HAVE|MAKE|COLD|FRIEND,False,True,0.06156642362475395,False
data/local/local_citizen100_quality_audit_q82/landmarks/COLD/69616c2e.v17.npz,data/raw_videos/ASL VIDEOS/COLD/69616c2e.mp4,COLD,COLD,C_02_068,canonical_and_pinned_raw_text_equal,local_hex_unknown_session,0.9771997839360775,COLD,COLD|TRY|HAVE|SIGN|TIRED,True,True,0.4509202241897583,False
data/local/local_citizen100_quality_audit_q82/landmarks/COLD/COLD_5.v17.npz,data/raw_videos/ASL VIDEOS/COLD/COLD_5.mp4,COLD,COLD,C_02_068,canonical_and_pinned_raw_text_equal,local_numbered_single_session,0.994555587262844,COLD,COLD|TRY|CHILD|GO|YES,True,True,0.7517577409744263,False
data/local/local_citizen100_quality_audit_q82/landmarks/COME/1f8fe617.v17.npz,data/raw_videos/ASL VIDEOS/COME/1f8fe617.mp4,COME,COME,C_03_074,canonical_and_pinned_raw_text_equal,local_hex_unknown_session,0.9401529221266445,WHAT,WHAT|TELL|SIGN|WHEN|UNDERSTAND,False,False,0.0006192412693053484,False
data/local/local_citizen100_quality_audit_q82/landmarks/COME/483111a8.v17.npz,data/raw_videos/ASL VIDEOS/COME/483111a8.mp4,COME,COME,C_03_074,canonical_and_pinned_raw_text_equal,local_hex_unknown_session,0.931091145609849,WE,WE|NEED|I|TIME|WHERE,False,False,0.003906588535755873,False
data/local/local_citizen100_quality_audit_q82/landmarks/COME/987df0fa.v17.npz,data/raw_videos/ASL VIDEOS/COME/987df0fa.mp4,COME,COME,C_03_074,canonical_and_pinned_raw_text_equal,local_hex_unknown_session,0.8227223428206107,YES,YES|WE|NEED|TAKE|COME,False,True,0.02575654350221157,False
data/local/local_citizen100_quality_audit_q82/landmarks/COME/COME_21.v17.npz,data/raw_videos/ASL VIDEOS/COME/COME_21.mp4,COME,COME,C_03_074,canonical_and_pinned_raw_text_equal,local_numbered_single_session,0.9867456513081225,WHERE,WHERE|HE|TELL|YOU|ASK,False,False,0.00012450743815861642,False
data/local/local_citizen100_quality_audit_q82/landmarks/DAY/43c37bcb.v17.npz,data/raw_videos/ASL VIDEOS/DAY/43c37bcb.mp4,DAY,DAY,C_01_044,canonical_and_pinned_raw_text_equal,local_hex_unknown_session,0.8262195275823484,DAY,DAY|MAN|HOSPITAL|WE|WOMAN,True,True,0.9234042763710022,False
data/local/local_citizen100_quality_audit_q82/landmarks/DAY/7314a8e3.v17.npz,data/raw_videos/ASL VIDEOS/DAY/7314a8e3.mp4,DAY,DAY,C_01_044,canonical_and_pinned_raw_text_equal,local_hex_unknown_session,0.8974173770753409,DAY,DAY|MORNING|MAN|LEARN|WOMAN,True,True,0.7913666367530823,False
data/local/local_citizen100_quality_audit_q82/landmarks/DAY/abe26bfb.v17.npz,data/raw_videos/ASL VIDEOS/DAY/abe26bfb.mp4,DAY,DAY,C_01_044,canonical_and_pinned_raw_text_equal,local_hex_unknown_session,0.9837044301211676,HOSPITAL,HOSPITAL|LOVE|WE|DAY|THEY,False,True,0.048570286482572556,False
data/local/local_citizen100_quality_audit_q82/landmarks/DAY/d5c08cc6.v17.npz,data/raw_videos/ASL VIDEOS/DAY/d5c08cc6.mp4,DAY,DAY,C_01_044,canonical_and_pinned_raw_text_equal,local_hex_unknown_session,0.9761683416219882,DAY,DAY|MORNING|HOSPITAL|WOMAN|MAN,True,True,0.8647111654281616,False
data/local/local_citizen100_quality_audit_q82/landmarks/DIFFERENT/8b411fdb.v17.npz,data/raw_videos/ASL VIDEOS/DIFFERENT/8b411fdb.mp4,DIFFERENT,DIFFERENT,E_03_095,canonical_and_pinned_raw_text_equal,local_hex_unknown_session,0.9020101790617219,DIFFERENT,DIFFERENT|WHEN|ANSWER|WEEK|ASK,True,True,0.6187666058540344,False
data/local/local_citizen100_quality_audit_q82/landmarks/DIFFERENT/DIFFERENT_14.v17.npz,data/raw_videos/ASL VIDEOS/DIFFERENT/DIFFERENT_14.mp4,DIFFERENT,DIFFERENT,E_03_095,canonical_and_pinned_raw_text_equal,local_numbered_single_session,0.9987268707483408,DIFFERENT,DIFFERENT|WHEN|GO|WHERE|ANSWER,True,True,0.8440249562263489,False
data/local/local_citizen100_quality_audit_q82/landmarks/DIFFERENT/c14621ee.v17.npz,data/raw_videos/ASL VIDEOS/DIFFERENT/c14621ee.mp4,DIFFERENT,DIFFERENT,E_03_095,canonical_and_pinned_raw_text_equal,local_hex_unknown_session,0.8506225607420917,DIFFERENT,DIFFERENT|WHEN|WEEK|GO|TIME,True,True,0.7575669288635254,False
data/local/local_citizen100_quality_audit_q82/landmarks/DIFFERENT/d8944599.v17.npz,data/raw_videos/ASL VIDEOS/DIFFERENT/d8944599.mp4,DIFFERENT,DIFFERENT,E_03_095,canonical_and_pinned_raw_text_equal,local_hex_unknown_session,0.9244454704686083,DIFFERENT,DIFFERENT|WHEN|LANGUAGE|WEEK|TIME,True,True,0.8320922255516052,False
data/local/local_citizen100_quality_audit_q82/landmarks/DOCTOR/438fd164.v17.npz,data/raw_videos/ASL VIDEOS/DOCTOR/438fd164.mp4,DOCTOR,DOCTOR1,A_03_020,canonical_only_variant_review_required,local_hex_unknown_session,0.946592189756864,DOCTOR,DOCTOR|SIGN|TIME|COLD|TIRED,True,True,0.1602800339460373,False
data/local/local_citizen100_quality_audit_q82/landmarks/DOCTOR/7d5deda1.v17.npz,data/raw_videos/ASL VIDEOS/DOCTOR/7d5deda1.mp4,DOCTOR,DOCTOR1,A_03_020,canonical_only_variant_review_required,local_hex_unknown_session,0.8234892204346518,DOCTOR,DOCTOR|LESS|NIGHT|WRITE|PLEASE,True,True,0.2155710756778717,False
data/local/local_citizen100_quality_audit_q82/landmarks/DOCTOR/89fe23a4.v17.npz,data/raw_videos/ASL VIDEOS/DOCTOR/89fe23a4.mp4,DOCTOR,DOCTOR1,A_03_020,canonical_only_variant_review_required,local_hex_unknown_session,0.9484482431218568,NIGHT,NIGHT|USE|SCHOOL|WOMAN|LIKE,False,False,0.003297005081549287,False
data/local/local_citizen100_quality_audit_q82/landmarks/DOCTOR/bea32059.v17.npz,data/raw_videos/ASL VIDEOS/DOCTOR/bea32059.mp4,DOCTOR,DOCTOR1,A_03_020,canonical_only_variant_review_required,local_hex_unknown_session,0.9091092620505423,DOCTOR,DOCTOR|SMALL|READ|MORE|STOP,True,True,0.8039848804473877,False
data/local/local_citizen100_quality_audit_q82/landmarks/DRINK/1c517779.v17.npz,data/raw_videos/ASL VIDEOS/DRINK/1c517779.mp4,DRINK,DRINK1,B_02_012,canonical_only_variant_review_required,local_hex_unknown_session,0.8659062710836162,DRINK,DRINK|LEARN|HOME|WOMAN|FIND,True,True,0.5327507853507996,False
data/local/local_citizen100_quality_audit_q82/landmarks/DRINK/50af0659.v17.npz,data/raw_videos/ASL VIDEOS/DRINK/50af0659.mp4,DRINK,DRINK1,B_02_012,canonical_only_variant_review_required,local_hex_unknown_session,0.9761105213962726,HOME,HOME|CHILD|GOODBYE|OUR|HELLO,False,False,0.030010158196091652,False
data/local/local_citizen100_quality_audit_q82/landmarks/DRINK/90f1906c.v17.npz,data/raw_videos/ASL VIDEOS/DRINK/90f1906c.mp4,DRINK,DRINK1,B_02_012,canonical_only_variant_review_required,local_hex_unknown_session,0.9365521541375244,DRINK,DRINK|HOME|HELLO|OUR|TALK,True,True,0.41519108414649963,False
data/local/local_citizen100_quality_audit_q82/landmarks/DRINK/DRINK_1.v17.npz,data/raw_videos/ASL VIDEOS/DRINK/DRINK_1.mp4,DRINK,DRINK1,B_02_012,canonical_only_variant_review_required,local_numbered_single_session,0.9993327926013864,DRINK,DRINK|HOME|OUR|HELLO|STOP,True,True,0.6956729888916016,False
data/local/local_citizen100_quality_audit_q82/landmarks/EASY/39b1cfb4.v17.npz,data/raw_videos/ASL VIDEOS/EASY/39b1cfb4.mp4,EASY,EASY,D_01_070,canonical_and_pinned_raw_text_equal,local_hex_unknown_session,0.9218946034593649,DOCTOR,DOCTOR|EASY|MAYBE|WAIT|FAMILY,False,True,0.20034459233283997,False
data/local/local_citizen100_quality_audit_q82/landmarks/EASY/6d9163ca.v17.npz,data/raw_videos/ASL VIDEOS/EASY/6d9163ca.mp4,EASY,EASY,D_01_070,canonical_and_pinned_raw_text_equal,local_hex_unknown_session,0.9921100451783709,EASY,EASY|HAPPY|EXCITED|HOW|MY,True,True,0.6011618971824646,False
data/local/local_citizen100_quality_audit_q82/landmarks/EASY/9b233c01.v17.npz,data/raw_videos/ASL VIDEOS/EASY/9b233c01.mp4,EASY,EASY,D_01_070,canonical_and_pinned_raw_text_equal,local_hex_unknown_session,0.8602576783485878,EASY,EASY|HOW|EXCITED|GOOD|LESS,True,True,0.8422910571098328,False
data/local/local_citizen100_quality_audit_q82/landmarks/EASY/EASY_1.v17.npz,data/raw_videos/ASL VIDEOS/EASY/EASY_1.mp4,EASY,EASY,D_01_070,canonical_and_pinned_raw_text_equal,local_numbered_single_session,0.8227455028345916,EASY,EASY|MY|HOW|HAPPY|DOCTOR,True,True,0.8988130688667297,False
data/local/local_citizen100_quality_audit_q82/landmarks/EAT/906eb8d6.v17.npz,data/raw_videos/ASL VIDEOS/EAT/906eb8d6.mp4,EAT,EAT1,B_02_002,canonical_only_variant_review_required,local_hex_unknown_session,0.8434274384947754,HOME,HOME|EAT|COME|KNOW|GIVE,False,True,0.4048883616924286,False
data/local/local_citizen100_quality_audit_q82/landmarks/EAT/EAT_13.v17.npz,data/raw_videos/ASL VIDEOS/EAT/EAT_13.mp4,EAT,EAT1,B_02_002,canonical_only_variant_review_required,local_numbered_single_session,0.9998543608507853,EAT,EAT|GIVE|HOME|THANKYOU|SLEEP,True,True,0.539526104927063,False
data/local/local_citizen100_quality_audit_q82/landmarks/EAT/b2979fc2.v17.npz,data/raw_videos/ASL VIDEOS/EAT/b2979fc2.mp4,EAT,EAT1,B_02_002,canonical_only_variant_review_required,local_hex_unknown_session,0.9325238915951839,EAT,EAT|COME|GIVE|HOME|WHY,True,True,0.3071419596672058,False
data/local/local_citizen100_quality_audit_q82/landmarks/EAT/e5dc3eef.v17.npz,data/raw_videos/ASL VIDEOS/EAT/e5dc3eef.mp4,EAT,EAT1,B_02_002,canonical_only_variant_review_required,local_hex_unknown_session,0.9356671818779014,HOME,HOME|CHILD|GIVE|DOCTOR|WHY,False,False,0.02638898231089115,False
data/local/local_citizen100_quality_audit_q82/landmarks/EXCITED/20277f24.v17.npz,data/raw_videos/ASL VIDEOS/EXCITED/20277f24.mp4,EXCITED,EXCITED,H_01_102,canonical_and_pinned_raw_text_equal,local_hex_unknown_session,0.9726992188576478,EXCITED,EXCITED|WHAT|NAME|READ|WRITE,True,True,0.352487713098526,False
data/local/local_citizen100_quality_audit_q82/landmarks/EXCITED/6717093d.v17.npz,data/raw_videos/ASL VIDEOS/EXCITED/6717093d.mp4,EXCITED,EXCITED,H_01_102,canonical_and_pinned_raw_text_equal,local_hex_unknown_session,0.8745370443136754,EXCITED,EXCITED|LANGUAGE|WHAT|MAYBE|ANGRY,True,True,0.6596547365188599,False
data/local/local_citizen100_quality_audit_q82/landmarks/EXCITED/9d5bc2ca.v17.npz,data/raw_videos/ASL VIDEOS/EXCITED/9d5bc2ca.mp4,EXCITED,EXCITED,H_01_102,canonical_and_pinned_raw_text_equal,local_hex_unknown_session,0.8740537237914581,EXCITED,EXCITED|SIGN|WHAT|SICK|HAVE,True,True,0.3844805657863617,False
data/local/local_citizen100_quality_audit_q82/landmarks/EXCITED/EXCITED_25.v17.npz,data/raw_videos/ASL VIDEOS/EXCITED/EXCITED_25.mp4,EXCITED,EXCITED,H_01_102,canonical_and_pinned_raw_text_equal,local_numbered_single_session,0.9926809647400789,EXCITED,EXCITED|FEEL|WAIT|HAPPY|WEEK,True,True,0.8870082497596741,False
data/local/local_citizen100_quality_audit_q82/landmarks/FAMILY/FAMILY_1.v17.npz,data/raw_videos/ASL VIDEOS/FAMILY/FAMILY_1.mp4,FAMILY,FAMILY,C_01_025,canonical_and_pinned_raw_text_equal,local_numbered_single_session,0.9013587106780633,FAMILY,FAMILY|IMPORTANT|READ|WANT|FIND,True,True,0.8673533797264099,False
data/local/local_citizen100_quality_audit_q82/landmarks/FAMILY/b3eb7cf2.v17.npz,data/raw_videos/ASL VIDEOS/FAMILY/b3eb7cf2.mp4,FAMILY,FAMILY,C_01_025,canonical_and_pinned_raw_text_equal,local_hex_unknown_session,0.9843290570930238,FAMILY,FAMILY|IMPORTANT|SMALL|MAYBE|WANT,True,True,0.8737927675247192,False
data/local/local_citizen100_quality_audit_q82/landmarks/FAMILY/cc28268f.v17.npz,data/raw_videos/ASL VIDEOS/FAMILY/cc28268f.mp4,FAMILY,FAMILY,C_01_025,canonical_and_pinned_raw_text_equal,local_hex_unknown_session,0.9094883697646827,FAMILY,FAMILY|WANT|STOP|SMALL|MAYBE,True,True,0.6714990139007568,False
data/local/local_citizen100_quality_audit_q82/landmarks/FAMILY/cfc5ba04.v17.npz,data/raw_videos/ASL VIDEOS/FAMILY/cfc5ba04.mp4,FAMILY,FAMILY,C_01_025,canonical_and_pinned_raw_text_equal,local_hex_unknown_session,0.9929007286128074,FAMILY,FAMILY|STOP|FIND|SAD|HELP,True,True,0.8835194110870361,False
data/local/local_citizen100_quality_audit_q82/landmarks/FATHER/15c4318a.v17.npz,data/raw_videos/ASL VIDEOS/FATHER/15c4318a.mp4,FATHER,FATHER,B_01_077,canonical_and_pinned_raw_text_equal,local_hex_unknown_session,0.9286327047349661,HELLO,HELLO|FATHER|HEAR|MOTHER|SMALL,False,True,0.2740355134010315,False
data/local/local_citizen100_quality_audit_q82/landmarks/FATHER/9d0b7a51.v17.npz,data/raw_videos/ASL VIDEOS/FATHER/9d0b7a51.mp4,FATHER,FATHER,B_01_077,canonical_and_pinned_raw_text_equal,local_hex_unknown_session,0.8458941560347285,HEAR,HEAR|HELLO|FATHER|KNOW|SMALL,False,True,0.040773287415504456,False
data/local/local_citizen100_quality_audit_q82/landmarks/FATHER/bfb910eb.v17.npz,data/raw_videos/ASL VIDEOS/FATHER/bfb910eb.mp4,FATHER,FATHER,B_01_077,canonical_and_pinned_raw_text_equal,local_hex_unknown_session,0.9117720679130774,FATHER,FATHER|HELLO|HEAR|KNOW|SMALL,True,True,0.4040728807449341,False
data/local/local_citizen100_quality_audit_q82/landmarks/FATHER/e6b7fb57.v17.npz,data/raw_videos/ASL VIDEOS/FATHER/e6b7fb57.mp4,FATHER,FATHER,B_01_077,canonical_and_pinned_raw_text_equal,local_hex_unknown_session,0.8477201796573521,FATHER,FATHER|SICK|HEAR|KNOW|ANSWER,True,True,0.9128325581550598,False
data/local/local_citizen100_quality_audit_q82/landmarks/FEEL/0e1a8612.v17.npz,data/raw_videos/ASL VIDEOS/FEEL/0e1a8612.mp4,FEEL,FEEL,C_02_001,canonical_and_pinned_raw_text_equal,local_hex_unknown_session,0.8494981001291626,THANKYOU,THANKYOU|MAYBE|STOP|GOOD|WHY,False,False,0.020685551688075066,False
data/local/local_citizen100_quality_audit_q82/landmarks/FEEL/76d25aed.v17.npz,data/raw_videos/ASL VIDEOS/FEEL/76d25aed.mp4,FEEL,FEEL,C_02_001,canonical_and_pinned_raw_text_equal,local_hex_unknown_session,0.9540878698344342,FEEL,FEEL|HAPPY|EXCITED|GOOD|MAYBE,True,True,0.32375508546829224,False
data/local/local_citizen100_quality_audit_q82/landmarks/FEEL/8b13d750.v17.npz,data/raw_videos/ASL VIDEOS/FEEL/8b13d750.mp4,FEEL,FEEL,C_02_001,canonical_and_pinned_raw_text_equal,local_hex_unknown_session,0.9577623424331014,FEEL,FEEL|LIKE|THEY|WEEK|TELL,True,True,0.715732991695404,False
data/local/local_citizen100_quality_audit_q82/landmarks/FEEL/FEEL_1.v17.npz,data/raw_videos/ASL VIDEOS/FEEL/FEEL_1.mp4,FEEL,FEEL,C_02_001,canonical_and_pinned_raw_text_equal,local_numbered_single_session,0.9977437766387187,FEEL,FEEL|TELL|WHAT|HE|LIKE,True,True,0.31086820363998413,False
data/local/local_citizen100_quality_audit_q82/landmarks/FRIEND/26b51918.v17.npz,data/raw_videos/ASL VIDEOS/FRIEND/26b51918.mp4,FRIEND,FRIEND,D_03_010,canonical_and_pinned_raw_text_equal,local_hex_unknown_session,0.9888086229314097,WHEN,WHEN|SIGN|HOW|ANSWER|UNDERSTAND,False,False,0.0029101683758199215,False
data/local/local_citizen100_quality_audit_q82/landmarks/FRIEND/6aa97372.v17.npz,data/raw_videos/ASL VIDEOS/FRIEND/6aa97372.mp4,FRIEND,FRIEND,D_03_010,canonical_and_pinned_raw_text_equal,local_hex_unknown_session,0.8611271930170458,WHEN,WHEN|HOW|ANSWER|FRIEND|UNDERSTAND,False,True,0.08031110465526581,False
data/local/local_citizen100_quality_audit_q82/landmarks/FRIEND/FRIEND_18.v17.npz,data/raw_videos/ASL VIDEOS/FRIEND/FRIEND_18.mp4,FRIEND,FRIEND,D_03_010,canonical_and_pinned_raw_text_equal,local_numbered_single_session,0.9320537150276998,WHEN,WHEN|FRIEND|SIGN|TIME|GO,False,True,0.2831117808818817,False
data/local/local_citizen100_quality_audit_q82/landmarks/FRIEND/c45f8383.v17.npz,data/raw_videos/ASL VIDEOS/FRIEND/c45f8383.mp4,FRIEND,FRIEND,D_03_010,canonical_and_pinned_raw_text_equal,local_hex_unknown_session,0.9615509295047304,WHEN,WHEN|FRIEND|SIGN|NAME|GO,False,True,0.36085230112075806,False
data/local/local_citizen100_quality_audit_q82/landmarks/GIVE/63fc0ab7.v17.npz,data/raw_videos/ASL VIDEOS/GIVE/63fc0ab7.mp4,GIVE,GIVE,F_01_023,canonical_and_pinned_raw_text_equal,local_hex_unknown_session,0.9603129587253966,HUNGRY,HUNGRY|FEEL|HAPPY|GIVE|GOOD,False,True,0.07907113432884216,False
data/local/local_citizen100_quality_audit_q82/landmarks/GIVE/76ffe842.v17.npz,data/raw_videos/ASL VIDEOS/GIVE/76ffe842.mp4,GIVE,GIVE,F_01_023,canonical_and_pinned_raw_text_equal,local_hex_unknown_session,0.8322571437158994,THEY,THEY|MAYBE|GIVE|CHILD|WHY,False,True,0.13010179996490479,False
data/local/local_citizen100_quality_audit_q82/landmarks/GIVE/GIVE_10.v17.npz,data/raw_videos/ASL VIDEOS/GIVE/GIVE_10.mp4,GIVE,GIVE,F_01_023,canonical_and_pinned_raw_text_equal,local_numbered_single_session,0.9725505712929297,MAYBE,MAYBE|WANT|FAMILY|WAIT|GIVE,False,True,0.020628347992897034,False
data/local/local_citizen100_quality_audit_q82/landmarks/GIVE/cecbd9cd.v17.npz,data/raw_videos/ASL VIDEOS/GIVE/cecbd9cd.mp4,GIVE,GIVE,F_01_023,canonical_and_pinned_raw_text_equal,local_hex_unknown_session,0.83154929684868,OUR,OUR|MY|TALK|SCHOOL|WOMAN,False,False,0.0007296199910342693,False
data/local/local_citizen100_quality_audit_q82/landmarks/GO/16b9209a.v17.npz,data/raw_videos/ASL VIDEOS/GO/16b9209a.mp4,GO,GO,C_03_056,canonical_and_pinned_raw_text_equal,local_hex_unknown_session,0.8442173546428694,ANSWER,ANSWER|DIFFERENT|WHEN|GO|YOU,False,True,0.1186688095331192,False
data/local/local_citizen100_quality_audit_q82/landmarks/GO/GO_16.v17.npz,data/raw_videos/ASL VIDEOS/GO/GO_16.mp4,GO,GO,C_03_056,canonical_and_pinned_raw_text_equal,local_numbered_single_session,0.9933742036022,WHEN,WHEN|DIFFERENT|ANSWER|GO|UNDERSTAND,False,True,0.021568166092038155,False
data/local/local_citizen100_quality_audit_q82/landmarks/GO/b2626d6d.v17.npz,data/raw_videos/ASL VIDEOS/GO/b2626d6d.mp4,GO,GO,C_03_056,canonical_and_pinned_raw_text_equal,local_hex_unknown_session,0.9296276237349623,WHEN,WHEN|GO|DIFFERENT|FRIEND|YOU,False,True,0.1996321976184845,False
data/local/local_citizen100_quality_audit_q82/landmarks/GO/b769fe8c.v17.npz,data/raw_videos/ASL VIDEOS/GO/b769fe8c.mp4,GO,GO,C_03_056,canonical_and_pinned_raw_text_equal,local_hex_unknown_session,0.9498781321015631,DIFFERENT,DIFFERENT|GO|BIG|WHEN|HE,False,True,0.221417635679245,False
data/local/local_citizen100_quality_audit_q82/landmarks/GOOD/2777363b.v17.npz,data/raw_videos/ASL VIDEOS/GOOD/2777363b.mp4,GOOD,GOOD,B_01_052,canonical_and_pinned_raw_text_equal,local_hex_unknown_session,0.838549820436262,THANKYOU,THANKYOU|GOOD|EAT|HAPPY|COME,False,True,0.18779194355010986,False
data/local/local_citizen100_quality_audit_q82/landmarks/GOOD/7bfae277.v17.npz,data/raw_videos/ASL VIDEOS/GOOD/7bfae277.mp4,GOOD,GOOD,B_01_052,canonical_and_pinned_raw_text_equal,local_hex_unknown_session,0.9255327927706625,MORNING,MORNING|LESS|DAY|SICK|STOP,False,False,0.003223498584702611,False
data/local/local_citizen100_quality_audit_q82/landmarks/GOOD/GOOD_14.v17.npz,data/raw_videos/ASL VIDEOS/GOOD/GOOD_14.mp4,GOOD,GOOD,B_01_052,canonical_and_pinned_raw_text_equal,local_numbered_single_session,0.9841541784611202,THANKYOU,THANKYOU|MY|GOOD|EAT|HAPPY,False,True,0.08294375240802765,False
data/local/local_citizen100_quality_audit_q82/landmarks/GOOD/f7c56736.v17.npz,data/raw_videos/ASL VIDEOS/GOOD/f7c56736.mp4,GOOD,GOOD,B_01_052,canonical_and_pinned_raw_text_equal,local_hex_unknown_session,0.8247691757517712,GOOD,GOOD|THANKYOU|EASY|STOP|MY,True,True,0.2688852846622467,False
data/local/local_citizen100_quality_audit_q82/landmarks/GOODBYE/3cdef6c5.v17.npz,data/raw_videos/ASL VIDEOS/GOODBYE/3cdef6c5.mp4,GOODBYE,BYE,E_01_058,canonical_only_variant_review_required,local_hex_unknown_session,0.8907291569469437,DRINK,DRINK|YOUR|TALK|MOTHER|OUR,False,False,0.006757190451025963,False
data/local/local_citizen100_quality_audit_q82/landmarks/GOODBYE/564eefaa.v17.npz,data/raw_videos/ASL VIDEOS/GOODBYE/564eefaa.mp4,GOODBYE,BYE,E_01_058,canonical_only_variant_review_required,local_hex_unknown_session,0.8611789814907569,DRINK,DRINK|FIND|STOP|HELLO|MAYBE,False,False,0.04669345170259476,False
data/local/local_citizen100_quality_audit_q82/landmarks/GOODBYE/ba18d23f.v17.npz,data/raw_videos/ASL VIDEOS/GOODBYE/ba18d23f.mp4,GOODBYE,BYE,E_01_058,canonical_only_variant_review_required,local_hex_unknown_session,0.8643258031842127,WHY,WHY|HELLO|DRINK|STOP|MAYBE,False,False,0.0647987499833107,False
data/local/local_citizen100_quality_audit_q82/landmarks/GOODBYE/ba847479.v17.npz,data/raw_videos/ASL VIDEOS/GOODBYE/ba847479.mp4,GOODBYE,BYE,E_01_058,canonical_only_variant_review_required,local_hex_unknown_session,0.9443654079045676,DRINK,DRINK|STOP|MAYBE|OUR|BAD,False,False,0.007785078603774309,False
data/local/local_citizen100_quality_audit_q82/landmarks/HAPPY/04b9bbfb.v17.npz,data/raw_videos/ASL VIDEOS/HAPPY/04b9bbfb.mp4,HAPPY,HAPPY,C_03_078,canonical_and_pinned_raw_text_equal,local_hex_unknown_session,0.8639891934847362,EXCITED,EXCITED|EASY|HAPPY|ANGRY|WAIT,False,True,0.06797488033771515,False
data/local/local_citizen100_quality_audit_q82/landmarks/HAPPY/07a3a0c9.v17.npz,data/raw_videos/ASL VIDEOS/HAPPY/07a3a0c9.mp4,HAPPY,HAPPY,C_03_078,canonical_and_pinned_raw_text_equal,local_hex_unknown_session,0.8788757369988074,MAYBE,MAYBE|GIVE|WHY|STOP|CHILD,False,False,0.006878789514303207,False
data/local/local_citizen100_quality_audit_q82/landmarks/HAPPY/HAPPY_15.v17.npz,data/raw_videos/ASL VIDEOS/HAPPY/HAPPY_15.mp4,HAPPY,HAPPY,C_03_078,canonical_and_pinned_raw_text_equal,local_numbered_single_session,0.9804033778018602,EASY,EASY|MY|HAPPY|HOW|HAVE,False,True,0.10084215551614761,False
data/local/local_citizen100_quality_audit_q82/landmarks/HAPPY/f4b9020f.v17.npz,data/raw_videos/ASL VIDEOS/HAPPY/f4b9020f.mp4,HAPPY,HAPPY,C_03_078,canonical_and_pinned_raw_text_equal,local_hex_unknown_session,0.9046172299850445,EASY,EASY|HAPPY|HOW|MY|HAVE,False,True,0.0908651053905487,False
data/local/local_citizen100_quality_audit_q82/landmarks/HEAR/68d6e3f8.v17.npz,data/raw_videos/ASL VIDEOS/HEAR/68d6e3f8.mp4,HEAR,HEAR2,J_02_006,canonical_only_variant_review_required,local_hex_unknown_session,0.9908414900442745,THINK,THINK|WHO|TELL|WHERE|ASK,False,False,0.0014905727002769709,False
data/local/local_citizen100_quality_audit_q82/landmarks/HEAR/803dd7f0.v17.npz,data/raw_videos/ASL VIDEOS/HEAR/803dd7f0.mp4,HEAR,HEAR2,J_02_006,canonical_only_variant_review_required,local_hex_unknown_session,0.8877314163281377,LISTEN,LISTEN|FATHER|HEAR|READY|NO,False,True,0.09379276633262634,False
data/local/local_citizen100_quality_audit_q82/landmarks/HEAR/HEAR_21.v17.npz,data/raw_videos/ASL VIDEOS/HEAR/HEAR_21.mp4,HEAR,HEAR2,J_02_006,canonical_only_variant_review_required,local_numbered_single_session,0.982280667532899,LISTEN,LISTEN|NO|HEAR|GOODBYE|READY,False,True,0.04314594715833664,False
data/local/local_citizen100_quality_audit_q82/landmarks/HEAR/c5a24407.v17.npz,data/raw_videos/ASL VIDEOS/HEAR/c5a24407.mp4,HEAR,HEAR2,J_02_006,canonical_only_variant_review_required,local_hex_unknown_session,0.9306789421888425,LISTEN,LISTEN|HEAR|NO|NEED|GOODBYE,False,True,0.06648056954145432,False
data/local/local_citizen100_quality_audit_q82/landmarks/HELLO/22cbebc8.v17.npz,data/raw_videos/ASL VIDEOS/HELLO/22cbebc8.mp4,HELLO,HELLO,D_02_055,canonical_and_pinned_raw_text_equal,local_hex_unknown_session,0.855310446941846,HELLO,HELLO|GOODBYE|HEAR|WHY|CHILD,True,True,0.46418461203575134,False
data/local/local_citizen100_quality_audit_q82/landmarks/HELLO/3b7c0905.v17.npz,data/raw_videos/ASL VIDEOS/HELLO/3b7c0905.mp4,HELLO,HELLO,D_02_055,canonical_and_pinned_raw_text_equal,local_hex_unknown_session,0.8544125747881045,GOODBYE,GOODBYE|HELLO|CHILD|WHY|YOUR,False,True,0.10195385664701462,False
data/local/local_citizen100_quality_audit_q82/landmarks/HELLO/3f54b470.v17.npz,data/raw_videos/ASL VIDEOS/HELLO/3f54b470.mp4,HELLO,HELLO,D_02_055,canonical_and_pinned_raw_text_equal,local_hex_unknown_session,0.9082355768764926,WHY,WHY|HELLO|GOODBYE|MAYBE|CHILD,False,True,0.11850189417600632,False
data/local/local_citizen100_quality_audit_q82/landmarks/HELLO/48018880.v17.npz,data/raw_videos/ASL VIDEOS/HELLO/48018880.mp4,HELLO,HELLO,D_02_055,canonical_and_pinned_raw_text_equal,local_hex_unknown_session,0.8632661956402707,WHY,WHY|HELLO|GOODBYE|CHILD|FIND,False,True,0.200198233127594,False
data/local/local_citizen100_quality_audit_q82/landmarks/HELP/276970e3.v17.npz,data/raw_videos/ASL VIDEOS/HELP/276970e3.mp4,HELP,HELP,D_01_042,canonical_and_pinned_raw_text_equal,local_hex_unknown_session,0.9845479037886486,NIGHT,NIGHT|SCHOOL|LOVE|HOW|MY,False,False,0.03128713369369507,False
data/local/local_citizen100_quality_audit_q82/landmarks/HELP/50bf577a.v17.npz,data/raw_videos/ASL VIDEOS/HELP/50bf577a.mp4,HELP,HELP,D_01_042,canonical_and_pinned_raw_text_equal,local_hex_unknown_session,0.898849613402245,COME,COME|TIRED|HELP|HOW|HAVE,False,True,0.07955069094896317,False
data/local/local_citizen100_quality_audit_q82/landmarks/HELP/HELP_15.v17.npz,data/raw_videos/ASL VIDEOS/HELP/HELP_15.mp4,HELP,HELP,D_01_042,canonical_and_pinned_raw_text_equal,local_numbered_single_session,0.9672126266283438,EASY,EASY|HOW|HELP|HAVE|SICK,False,True,0.10756471753120422,False
data/local/local_citizen100_quality_audit_q82/landmarks/HELP/ee094570.v17.npz,data/raw_videos/ASL VIDEOS/HELP/ee094570.mp4,HELP,HELP,D_01_042,canonical_and_pinned_raw_text_equal,local_hex_unknown_session,0.9259970292524009,HELP,HELP|LEARN|EASY|SCHOOL|HOW,True,True,0.2655431032180786,False
data/local/local_citizen100_quality_audit_q82/landmarks/HOSPITAL/1cfa8d1c.v17.npz,data/raw_videos/ASL VIDEOS/HOSPITAL/1cfa8d1c.mp4,HOSPITAL,HOSPITAL1,B_02_026,canonical_only_variant_review_required,local_hex_unknown_session,0.8812842376313241,LOVE,LOVE|USE|DAY|HOSPITAL|NIGHT,False,True,0.05816285312175751,False
data/local/local_citizen100_quality_audit_q82/landmarks/HOSPITAL/315cd747.v17.npz,data/raw_videos/ASL VIDEOS/HOSPITAL/315cd747.mp4,HOSPITAL,HOSPITAL1,B_02_026,canonical_only_variant_review_required,local_hex_unknown_session,0.9042637270299524,HOSPITAL,HOSPITAL|WE|WHO|WOMAN|HUNGRY,True,True,0.906830370426178,False
data/local/local_citizen100_quality_audit_q82/landmarks/HOSPITAL/3fb4bffb.v17.npz,data/raw_videos/ASL VIDEOS/HOSPITAL/3fb4bffb.mp4,HOSPITAL,HOSPITAL1,B_02_026,canonical_only_variant_review_required,local_hex_unknown_session,0.8779667084636944,LIKE,LIKE|THEY|USE|HOSPITAL|WOMAN,False,True,0.01731797121465206,False
data/local/local_citizen100_quality_audit_q82/landmarks/HOSPITAL/41468387.v17.npz,data/raw_videos/ASL VIDEOS/HOSPITAL/41468387.mp4,HOSPITAL,HOSPITAL1,B_02_026,canonical_only_variant_review_required,local_hex_unknown_session,0.9689671316633377,HOSPITAL,HOSPITAL|WE|LOVE|WHO|DAY,True,True,0.910741925239563,False
data/local/local_citizen100_quality_audit_q82/landmarks/HOT/0470cc84.v17.npz,data/raw_videos/ASL VIDEOS/HOT/0470cc84.mp4,HOT,HOT,F_02_093,canonical_and_pinned_raw_text_equal,local_hex_unknown_session,0.9027206395501324,HOT,HOT|DRINK|TOMORROW|THEY|THANKYOU,True,True,0.6557332277297974,False
data/local/local_citizen100_quality_audit_q82/landmarks/HOT/4d378371.v17.npz,data/raw_videos/ASL VIDEOS/HOT/4d378371.mp4,HOT,HOT,F_02_093,canonical_and_pinned_raw_text_equal,local_hex_unknown_session,0.848751614498638,WOMAN,WOMAN|BAD|TALK|WATER|DRINK,False,False,0.005531897768378258,False
data/local/local_citizen100_quality_audit_q82/landmarks/HOT/HOT_1.v17.npz,data/raw_videos/ASL VIDEOS/HOT/HOT_1.mp4,HOT,HOT,F_02_093,canonical_and_pinned_raw_text_equal,local_numbered_single_session,0.9922074187880516,EAT,EAT|WOMAN|OUR|THANKYOU|BAD,False,False,0.0011167875491082668,False
data/local/local_citizen100_quality_audit_q82/landmarks/HOT/b25fe1c7.v17.npz,data/raw_videos/ASL VIDEOS/HOT/b25fe1c7.mp4,HOT,HOT,F_02_093,canonical_and_pinned_raw_text_equal,local_hex_unknown_session,0.8710347323719412,HOT,HOT|MOTHER|DRINK|BAD|WHO,True,True,0.9217283129692078,False
data/local/local_citizen100_quality_audit_q82/landmarks/HOW/4987a41f.v17.npz,data/raw_videos/ASL VIDEOS/HOW/4987a41f.mp4,HOW,HOW1,D_02_082,canonical_only_variant_review_required,local_hex_unknown_session,0.9014319879200599,HELP,HELP|HOW|MAKE|SCHOOL|LOVE,False,True,0.1936563402414322,False
data/local/local_citizen100_quality_audit_q82/landmarks/HOW/a45f870e.v17.npz,data/raw_videos/ASL VIDEOS/HOW/a45f870e.mp4,HOW,HOW1,D_02_082,canonical_only_variant_review_required,local_hex_unknown_session,0.9434550019632202,COLD,COLD|HOW|MAKE|MORE|FRIEND,False,True,0.17543692886829376,False
data/local/local_citizen100_quality_audit_q82/landmarks/HOW/bd5e36d7.v17.npz,data/raw_videos/ASL VIDEOS/HOW/bd5e36d7.mp4,HOW,HOW1,D_02_082,canonical_only_variant_review_required,local_hex_unknown_session,0.982219380429816,LEARN,LEARN|THINK|TOMORROW|HOW|SICK,False,True,0.052028533071279526,False
data/local/local_citizen100_quality_audit_q82/landmarks/HOW/ef2b7f23.v17.npz,data/raw_videos/ASL VIDEOS/HOW/ef2b7f23.mp4,HOW,HOW1,D_02_082,canonical_only_variant_review_required,local_hex_unknown_session,0.8845566609379019,WRITE,WRITE|WEEK|LANGUAGE|HELP|FEEL,False,False,0.021090637892484665,False
data/local/local_citizen100_quality_audit_q82/landmarks/IMPORTANT/0c263fd0.v17.npz,data/raw_videos/ASL VIDEOS/IMPORTANT/0c263fd0.mp4,IMPORTANT,IMPORTANT,B_01_081,canonical_and_pinned_raw_text_equal,local_hex_unknown_session,0.8452775410644301,IMPORTANT,IMPORTANT|READ|LANGUAGE|READY|FAMILY,True,True,0.523652195930481,False
data/local/local_citizen100_quality_audit_q82/landmarks/IMPORTANT/2d585d5d.v17.npz,data/raw_videos/ASL VIDEOS/IMPORTANT/2d585d5d.mp4,IMPORTANT,IMPORTANT,B_01_081,canonical_and_pinned_raw_text_equal,local_hex_unknown_session,0.930135646541157,IMPORTANT,IMPORTANT|FIND|FAMILY|ANSWER|READ,True,True,0.8412169814109802,False
data/local/local_citizen100_quality_audit_q82/landmarks/IMPORTANT/38353e84.v17.npz,data/raw_videos/ASL VIDEOS/IMPORTANT/38353e84.mp4,IMPORTANT,IMPORTANT,B_01_081,canonical_and_pinned_raw_text_equal,local_hex_unknown_session,0.888925046881005,IMPORTANT,IMPORTANT|FIND|FAMILY|ANSWER|LEARN,True,True,0.678301990032196,False
data/local/local_citizen100_quality_audit_q82/landmarks/IMPORTANT/IMPORTANT_2.v17.npz,data/raw_videos/ASL VIDEOS/IMPORTANT/IMPORTANT_2.mp4,IMPORTANT,IMPORTANT,B_01_081,canonical_and_pinned_raw_text_equal,local_numbered_single_session,0.955651650914308,IMPORTANT,IMPORTANT|TRY|LANGUAGE|READY|READ,True,True,0.7348232269287109,False
data/local/local_citizen100_quality_audit_q82/landmarks/KNOW/5eeab450.v17.npz,data/raw_videos/ASL VIDEOS/KNOW/5eeab450.mp4,KNOW,KNOW,C_01_048,canonical_and_pinned_raw_text_equal,local_hex_unknown_session,0.8289825426070966,KNOW,KNOW|MORNING|WHY|SICK|STOP,True,True,0.45826226472854614,False
data/local/local_citizen100_quality_audit_q82/landmarks/KNOW/KNOW_14.v17.npz,data/raw_videos/ASL VIDEOS/KNOW/KNOW_14.mp4,KNOW,KNOW,C_01_048,canonical_and_pinned_raw_text_equal,local_numbered_single_session,0.9579582225594083,HOME,HOME|KNOW|WHY|DOCTOR|MORE,False,True,0.16490018367767334,False
data/local/local_citizen100_quality_audit_q82/landmarks/KNOW/b5497a7a.v17.npz,data/raw_videos/ASL VIDEOS/KNOW/b5497a7a.mp4,KNOW,KNOW,C_01_048,canonical_and_pinned_raw_text_equal,local_hex_unknown_session,0.9362610551509168,KNOW,KNOW|HELLO|SMALL|STOP|DOCTOR,True,True,0.23781226575374603,False
data/local/local_citizen100_quality_audit_q82/landmarks/KNOW/dc9dc051.v17.npz,data/raw_videos/ASL VIDEOS/KNOW/dc9dc051.mp4,KNOW,KNOW,C_01_048,canonical_and_pinned_raw_text_equal,local_hex_unknown_session,0.9596183046089037,KNOW,KNOW|HOME|SLEEP|HEAR|HELLO,True,True,0.8233247995376587,False
data/local/local_citizen100_quality_audit_q82/landmarks/LANGUAGE/59406a55.v17.npz,data/raw_videos/ASL VIDEOS/LANGUAGE/59406a55.mp4,LANGUAGE,LANGUAGE,A_01_067,canonical_and_pinned_raw_text_equal,local_hex_unknown_session,0.9273771754008242,LANGUAGE,LANGUAGE|DIFFERENT|TIME|WHEN|WEEK,True,True,0.3598884046077728,False
data/local/local_citizen100_quality_audit_q82/landmarks/LANGUAGE/LANGUAGE_2.v17.npz,data/raw_videos/ASL VIDEOS/LANGUAGE/LANGUAGE_2.mp4,LANGUAGE,LANGUAGE,A_01_067,canonical_and_pinned_raw_text_equal,local_numbered_single_session,0.915959037090918,DIFFERENT,DIFFERENT|LANGUAGE|GO|WHERE|YOU,False,True,0.15351998805999756,False
data/local/local_citizen100_quality_audit_q82/landmarks/LANGUAGE/cd2b6376.v17.npz,data/raw_videos/ASL VIDEOS/LANGUAGE/cd2b6376.mp4,LANGUAGE,LANGUAGE,A_01_067,canonical_and_pinned_raw_text_equal,local_hex_unknown_session,0.9606175836838344,DIFFERENT,DIFFERENT|BIG|LANGUAGE|GO|ANSWER,False,True,0.14692965149879456,False
data/local/local_citizen100_quality_audit_q82/landmarks/LANGUAGE/fc3542f4.v17.npz,data/raw_videos/ASL VIDEOS/LANGUAGE/fc3542f4.mp4,LANGUAGE,LANGUAGE,A_01_067,canonical_and_pinned_raw_text_equal,local_hex_unknown_session,0.9395537959137383,LANGUAGE,LANGUAGE|DIFFERENT|TIME|WEEK|WHEN,True,True,0.8764665722846985,False
data/local/local_citizen100_quality_audit_q82/landmarks/LEARN/6dfc00f0.v17.npz,data/raw_videos/ASL VIDEOS/LEARN/6dfc00f0.mp4,LEARN,LEARN,B_01_042,canonical_and_pinned_raw_text_equal,local_hex_unknown_session,0.8617251182390018,LEARN,LEARN|LESS|MORNING|SICK|STOP,True,True,0.5477393269538879,False
data/local/local_citizen100_quality_audit_q82/landmarks/LEARN/e6634440.v17.npz,data/raw_videos/ASL VIDEOS/LEARN/e6634440.mp4,LEARN,LEARN,B_01_042,canonical_and_pinned_raw_text_equal,local_hex_unknown_session,0.9909318059651269,LEARN,LEARN|LESS|MORNING|MORE|DAY,True,True,0.3794522285461426,False
data/local/local_citizen100_quality_audit_q82/landmarks/LEARN/e77ffa4e.v17.npz,data/raw_videos/ASL VIDEOS/LEARN/e77ffa4e.mp4,LEARN,LEARN,B_01_042,canonical_and_pinned_raw_text_equal,local_hex_unknown_session,0.9355058879717248,HOME,HOME|LEARN|KNOW|MAN|SLEEP,False,True,0.07627568393945694,False
data/local/local_citizen100_quality_audit_q82/landmarks/LEARN/f17a160d.v17.npz,data/raw_videos/ASL VIDEOS/LEARN/f17a160d.mp4,LEARN,LEARN,B_01_042,canonical_and_pinned_raw_text_equal,local_hex_unknown_session,0.9555686532323178,LEARN,LEARN|LESS|MORNING|STOP|HOW,True,True,0.44201284646987915,False
data/local/local_citizen100_quality_audit_q82/landmarks/LESS/47f16fd8.v17.npz,data/raw_videos/ASL VIDEOS/LESS/47f16fd8.mp4,LESS,LESS,E_02_043,canonical_and_pinned_raw_text_equal,local_hex_unknown_session,0.8949776124313531,LESS,LESS|MORE|DOCTOR|NIGHT|MORNING,True,True,0.8267970681190491,False
data/local/local_citizen100_quality_audit_q82/landmarks/LESS/4addbb75.v17.npz,data/raw_videos/ASL VIDEOS/LESS/4addbb75.mp4,LESS,LESS,E_02_043,canonical_and_pinned_raw_text_equal,local_hex_unknown_session,0.9331358009628433,NIGHT,NIGHT|LIKE|USE|WOMAN|NAME,False,False,0.0017706331564113498,False
data/local/local_citizen100_quality_audit_q82/landmarks/LESS/6db34606.v17.npz,data/raw_videos/ASL VIDEOS/LESS/6db34606.mp4,LESS,LESS,E_02_043,canonical_and_pinned_raw_text_equal,local_hex_unknown_session,0.9459627401981152,LESS,LESS|DOCTOR|NIGHT|MORE|SCHOOL,True,True,0.749498188495636,False
data/local/local_citizen100_quality_audit_q82/landmarks/LESS/c35957fe.v17.npz,data/raw_videos/ASL VIDEOS/LESS/c35957fe.mp4,LESS,LESS,E_02_043,canonical_and_pinned_raw_text_equal,local_hex_unknown_session,0.9277295449525821,SCHOOL,SCHOOL|NIGHT|USE|TALK|WOMAN,False,False,0.00865582749247551,False
data/local/local_citizen100_quality_audit_q82/landmarks/LIKE/54711808.v17.npz,data/raw_videos/ASL VIDEOS/LIKE/54711808.mp4,LIKE,LIKE,F_03_063,canonical_and_pinned_raw_text_equal,local_hex_unknown_session,0.9450960707879963,NAME,NAME|THEY|TIME|LIKE|USE,False,True,0.06943412870168686,False
data/local/local_citizen100_quality_audit_q82/landmarks/LIKE/LIKE_3.v17.npz,data/raw_videos/ASL VIDEOS/LIKE/LIKE_3.mp4,LIKE,LIKE,F_03_063,canonical_and_pinned_raw_text_equal,local_numbered_single_session,0.9996804851393393,SCHOOL,SCHOOL|NAME|MORNING|EASY|LIKE,False,True,0.06424836069345474,False
data/local/local_citizen100_quality_audit_q82/landmarks/LIKE/b408be60.v17.npz,data/raw_videos/ASL VIDEOS/LIKE/b408be60.mp4,LIKE,LIKE,F_03_063,canonical_and_pinned_raw_text_equal,local_hex_unknown_session,0.9629654018737213,FEEL,FEEL|LIKE|HUNGRY|HAPPY|GIVE,False,True,0.12622031569480896,False
data/local/local_citizen100_quality_audit_q82/landmarks/LIKE/ea951476.v17.npz,data/raw_videos/ASL VIDEOS/LIKE/ea951476.mp4,LIKE,LIKE,F_03_063,canonical_and_pinned_raw_text_equal,local_hex_unknown_session,0.8335535289331508,LIKE,LIKE|MY|SCHOOL|PLEASE|NIGHT,True,True,0.34409332275390625,False
data/local/local_citizen100_quality_audit_q82/landmarks/LOVE/37b98737.v17.npz,data/raw_videos/ASL VIDEOS/LOVE/37b98737.mp4,LOVE,LOVE,G_01_068,canonical_and_pinned_raw_text_equal,local_hex_unknown_session,0.8584556024160594,LOVE,LOVE|MAKE|MY|HOSPITAL|HELP,True,True,0.8957589864730835,False
data/local/local_citizen100_quality_audit_q82/landmarks/LOVE/83195aa7.v17.npz,data/raw_videos/ASL VIDEOS/LOVE/83195aa7.mp4,LOVE,LOVE,G_01_068,canonical_and_pinned_raw_text_equal,local_hex_unknown_session,0.9601879102309667,LOVE,LOVE|MAKE|YEAR|HOSPITAL|HELP,True,True,0.9157472848892212,False
data/local/local_citizen100_quality_audit_q82/landmarks/LOVE/LOVE_8.v17.npz,data/raw_videos/ASL VIDEOS/LOVE/LOVE_8.mp4,LOVE,LOVE,G_01_068,canonical_and_pinned_raw_text_equal,local_numbered_single_session,0.9723821172677918,LOVE,LOVE|MAKE|HOW|HELP|YEAR,True,True,0.43312135338783264,False
data/local/local_citizen100_quality_audit_q82/landmarks/LOVE/cf57962c.v17.npz,data/raw_videos/ASL VIDEOS/LOVE/cf57962c.mp4,LOVE,LOVE,G_01_068,canonical_and_pinned_raw_text_equal,local_hex_unknown_session,0.9526364855236132,LOVE,LOVE|MAKE|YEAR|EAT|HOSPITAL,True,True,0.8443498611450195,False
data/local/local_citizen100_quality_audit_q82/landmarks/MAKE/MAKE_25.v17.npz,data/raw_videos/ASL VIDEOS/MAKE/MAKE_25.mp4,MAKE,MAKE,C_01_032,canonical_and_pinned_raw_text_equal,local_numbered_single_session,0.9123124202330088,MAKE,MAKE|TELL|HOW|LOVE|YEAR,True,True,0.6448341608047485,False
data/local/local_citizen100_quality_audit_q82/landmarks/MAKE/a1b2dc87.v17.npz,data/raw_videos/ASL VIDEOS/MAKE/a1b2dc87.mp4,MAKE,MAKE,C_01_032,canonical_and_pinned_raw_text_equal,local_hex_unknown_session,0.9119204460305919,MAKE,MAKE|YEAR|LOVE|USE|NIGHT,True,True,0.7811640501022339,False
data/local/local_citizen100_quality_audit_q82/landmarks/MAKE/adfcd4f3.v17.npz,data/raw_videos/ASL VIDEOS/MAKE/adfcd4f3.mp4,MAKE,MAKE,C_01_032,canonical_and_pinned_raw_text_equal,local_hex_unknown_session,0.9492897112494916,YEAR,YEAR|DAY|THEY|SICK|LEARN,False,False,0.003392261452972889,False
data/local/local_citizen100_quality_audit_q82/landmarks/MAKE/e880ee91.v17.npz,data/raw_videos/ASL VIDEOS/MAKE/e880ee91.mp4,MAKE,MAKE,C_01_032,canonical_and_pinned_raw_text_equal,local_hex_unknown_session,0.9664638455344059,MAKE,MAKE|YEAR|HOW|LOVE|TELL,True,True,0.7262300252914429,False
data/local/local_citizen100_quality_audit_q82/landmarks/MAN/7cd419c8.v17.npz,data/raw_videos/ASL VIDEOS/MAN/7cd419c8.mp4,MAN,MAN,C_01_040,canonical_and_pinned_raw_text_equal,local_hex_unknown_session,0.9064697847775094,MAN,MAN|HELLO|FATHER|DRINK|FIND,True,True,0.35111042857170105,False
data/local/local_citizen100_quality_audit_q82/landmarks/MAN/9bd0f908.v17.npz,data/raw_videos/ASL VIDEOS/MAN/9bd0f908.mp4,MAN,MAN,C_01_040,canonical_and_pinned_raw_text_equal,local_hex_unknown_session,0.9271419087749352,MAN,MAN|HOSPITAL|TAKE|LISTEN|ASK,True,True,0.5680093765258789,False
data/local/local_citizen100_quality_audit_q82/landmarks/MAN/bfc903df.v17.npz,data/raw_videos/ASL VIDEOS/MAN/bfc903df.mp4,MAN,MAN,C_01_040,canonical_and_pinned_raw_text_equal,local_hex_unknown_session,0.8212697937149747,YESTERDAY,YESTERDAY|HEAR|GOODBYE|FIND|YES,False,False,0.0043873549439013,False
data/local/local_citizen100_quality_audit_q82/landmarks/MAN/dd8f55a4.v17.npz,data/raw_videos/ASL VIDEOS/MAN/dd8f55a4.mp4,MAN,MAN,C_01_040,canonical_and_pinned_raw_text_equal,local_hex_unknown_session,0.9200554032662752,MAN,MAN|HELLO|FATHER|FIND|IMPORTANT,True,True,0.19783362746238708,False
data/local/local_citizen100_quality_audit_q82/landmarks/MAYBE/0416d58e.v17.npz,data/raw_videos/ASL VIDEOS/MAYBE/0416d58e.mp4,MAYBE,MAYBE,B_03_022,canonical_and_pinned_raw_text_equal,local_hex_unknown_session,0.8456421159396726,MAYBE,MAYBE|HAVE|EXCITED|ANGRY|WHAT,True,True,0.7028748989105225,False
data/local/local_citizen100_quality_audit_q82/landmarks/MAYBE/30135481.v17.npz,data/raw_videos/ASL VIDEOS/MAYBE/30135481.mp4,MAYBE,MAYBE,B_03_022,canonical_and_pinned_raw_text_equal,local_hex_unknown_session,0.932162983260417,MAYBE,MAYBE|DOCTOR|TRY|HAVE|TIRED,True,True,0.39293742179870605,False
data/local/local_citizen100_quality_audit_q82/landmarks/MAYBE/67fca880.v17.npz,data/raw_videos/ASL VIDEOS/MAYBE/67fca880.mp4,MAYBE,MAYBE,B_03_022,canonical_and_pinned_raw_text_equal,local_hex_unknown_session,0.8548511029878504,MAYBE,MAYBE|WANT|WHY|ANGRY|WAIT,True,True,0.7024611234664917,False
data/local/local_citizen100_quality_audit_q82/landmarks/MAYBE/b46eb625.v17.npz,data/raw_videos/ASL VIDEOS/MAYBE/b46eb625.mp4,MAYBE,MAYBE,B_03_022,canonical_and_pinned_raw_text_equal,local_hex_unknown_session,0.9243182168087472,LANGUAGE,LANGUAGE|SAME|IMPORTANT|EXCITED|READ,False,False,0.025686776265501976,False
data/local/local_citizen100_quality_audit_q82/landmarks/MORE/2e3262ee.v17.npz,data/raw_videos/ASL VIDEOS/MORE/2e3262ee.mp4,MORE,MORE,B_03_032,canonical_and_pinned_raw_text_equal,local_hex_unknown_session,0.9863410249996649,MORE,MORE|HOME|DOCTOR|SMALL|LESS,True,True,0.8570565581321716,False
data/local/local_citizen100_quality_audit_q82/landmarks/MORE/b8f257c8.v17.npz,data/raw_videos/ASL VIDEOS/MORE/b8f257c8.mp4,MORE,MORE,B_03_032,canonical_and_pinned_raw_text_equal,local_hex_unknown_session,0.8898127449829956,DOCTOR,DOCTOR|MORE|COLD|SIGN|TIRED,False,True,0.22397223114967346,False
data/local/local_citizen100_quality_audit_q82/landmarks/MORE/c2cf58aa.v17.npz,data/raw_videos/ASL VIDEOS/MORE/c2cf58aa.mp4,MORE,MORE,B_03_032,canonical_and_pinned_raw_text_equal,local_hex_unknown_session,0.9346332965079713,MORE,MORE|DOCTOR|NIGHT|HOME|LESS,True,True,0.7901290655136108,False
data/local/local_citizen100_quality_audit_q82/landmarks/MORE/fe925fb7.v17.npz,data/raw_videos/ASL VIDEOS/MORE/fe925fb7.mp4,MORE,MORE,B_03_032,canonical_and_pinned_raw_text_equal,local_hex_unknown_session,0.941257994703143,MORE,MORE|DOCTOR|LESS|HOW|HOME,True,True,0.7011691331863403,False
data/local/local_citizen100_quality_audit_q82/landmarks/MORNING/17d784c5.v17.npz,data/raw_videos/ASL VIDEOS/MORNING/17d784c5.mp4,MORNING,MORNING,C_02_012,canonical_and_pinned_raw_text_equal,local_hex_unknown_session,0.9745085372425258,MORNING,MORNING|LEARN|SICK|DAY|STOP,True,True,0.9196237921714783,False
data/local/local_citizen100_quality_audit_q82/landmarks/MORNING/54565e7c.v17.npz,data/raw_videos/ASL VIDEOS/MORNING/54565e7c.mp4,MORNING,MORNING,C_02_012,canonical_and_pinned_raw_text_equal,local_hex_unknown_session,0.9257690474652738,MORNING,MORNING|LEARN|DAY|LESS|STOP,True,True,0.8684532642364502,False
data/local/local_citizen100_quality_audit_q82/landmarks/MORNING/MORNING_16.v17.npz,data/raw_videos/ASL VIDEOS/MORNING/MORNING_16.mp4,MORNING,MORNING,C_02_012,canonical_and_pinned_raw_text_equal,local_numbered_single_session,0.907966226675258,MORNING,MORNING|EAT|THANKYOU|STOP|KNOW,True,True,0.8023776412010193,False
data/local/local_citizen100_quality_audit_q82/landmarks/MORNING/c2698524.v17.npz,data/raw_videos/ASL VIDEOS/MORNING/c2698524.mp4,MORNING,MORNING,C_02_012,canonical_and_pinned_raw_text_equal,local_hex_unknown_session,0.9541637977961976,MORNING,MORNING|DAY|LEARN|STOP|EAT,True,True,0.9345946907997131,False
data/local/local_citizen100_quality_audit_q82/landmarks/MOTHER/9606e3e8.v17.npz,data/raw_videos/ASL VIDEOS/MOTHER/9606e3e8.mp4,MOTHER,MOTHER,B_02_008,canonical_and_pinned_raw_text_equal,local_hex_unknown_session,0.8695451665322904,GOODBYE,GOODBYE|YOUR|HEAR|MOTHER|TALK,False,True,0.0458676852285862,False
data/local/local_citizen100_quality_audit_q82/landmarks/MOTHER/b0644df4.v17.npz,data/raw_videos/ASL VIDEOS/MOTHER/b0644df4.mp4,MOTHER,MOTHER,B_02_008,canonical_and_pinned_raw_text_equal,local_hex_unknown_session,0.9999952521998512,WATER,WATER|MOTHER|TALK|SLEEP|EAT,False,True,0.3135770857334137,False
data/local/local_citizen100_quality_audit_q82/landmarks/MOTHER/da80928d.v17.npz,data/raw_videos/ASL VIDEOS/MOTHER/da80928d.mp4,MOTHER,MOTHER,B_02_008,canonical_and_pinned_raw_text_equal,local_hex_unknown_session,0.8447650581498551,GOODBYE,GOODBYE|HEAR|HELLO|MOTHER|YOUR,False,True,0.07870622724294662,False
data/local/local_citizen100_quality_audit_q82/landmarks/MOTHER/f8859389.v17.npz,data/raw_videos/ASL VIDEOS/MOTHER/f8859389.mp4,MOTHER,MOTHER,B_02_008,canonical_and_pinned_raw_text_equal,local_hex_unknown_session,0.9399767957588401,MOTHER,MOTHER|HEAR|GOODBYE|YOUR|HELLO,True,True,0.39721179008483887,False
data/local/local_citizen100_quality_audit_q82/landmarks/MY/3415c765.v17.npz,data/raw_videos/ASL VIDEOS/MY/3415c765.mp4,MY,MY,C_01_060,canonical_and_pinned_raw_text_equal,local_hex_unknown_session,0.9441421468741101,MY,MY|PLEASE|HAPPY|THANKYOU|LIKE,True,True,0.8353432416915894,False
data/local/local_citizen100_quality_audit_q82/landmarks/MY/5b617711.v17.npz,data/raw_videos/ASL VIDEOS/MY/5b617711.mp4,MY,MY,C_01_060,canonical_and_pinned_raw_text_equal,local_hex_unknown_session,0.8735298415233783,PLEASE,PLEASE|MY|HAPPY|OUR|FEEL,False,True,0.10171816498041153,False
data/local/local_citizen100_quality_audit_q82/landmarks/MY/MY_1.v17.npz,data/raw_videos/ASL VIDEOS/MY/MY_1.mp4,MY,MY,C_01_060,canonical_and_pinned_raw_text_equal,local_numbered_single_session,0.9859599204377063,MY,MY|PLEASE|HAPPY|LIKE|HUNGRY,True,True,0.4624892473220825,False
data/local/local_citizen100_quality_audit_q82/landmarks/MY/fe87457e.v17.npz,data/raw_videos/ASL VIDEOS/MY/fe87457e.mp4,MY,MY,C_01_060,canonical_and_pinned_raw_text_equal,local_hex_unknown_session,0.9371746102391851,COME,COME|HAVE|CHILD|TIRED|FEEL,False,False,0.005110290367156267,False
data/local/local_citizen100_quality_audit_q82/landmarks/NAME/03b53ad8.v17.npz,data/raw_videos/ASL VIDEOS/NAME/03b53ad8.mp4,NAME,NAME,D_01_021,canonical_and_pinned_raw_text_equal,local_hex_unknown_session,0.9405936475955357,NAME,NAME|USE|TIME|LIKE|READ,True,True,0.9080416560173035,False
data/local/local_citizen100_quality_audit_q82/landmarks/NAME/315d535c.v17.npz,data/raw_videos/ASL VIDEOS/NAME/315d535c.mp4,NAME,NAME,D_01_021,canonical_and_pinned_raw_text_equal,local_hex_unknown_session,0.9602687163517977,NAME,NAME|READ|USE|LIKE|WEEK,True,True,0.905116617679596,False
data/local/local_citizen100_quality_audit_q82/landmarks/NAME/NAME_6.v17.npz,data/raw_videos/ASL VIDEOS/NAME/NAME_6.mp4,NAME,NAME,D_01_021,canonical_and_pinned_raw_text_equal,local_numbered_single_session,0.9491837117468773,NAME,NAME|READ|USE|LIKE|SEE,True,True,0.9391635656356812,False
data/local/local_citizen100_quality_audit_q82/landmarks/NAME/e71e5c85.v17.npz,data/raw_videos/ASL VIDEOS/NAME/e71e5c85.mp4,NAME,NAME,D_01_021,canonical_and_pinned_raw_text_equal,local_hex_unknown_session,0.8485918520815889,NAME,NAME|USE|READ|WEEK|TIME,True,True,0.8954305052757263,False
data/local/local_citizen100_quality_audit_q82/landmarks/NEED/2167582c.v17.npz,data/raw_videos/ASL VIDEOS/NEED/2167582c.mp4,NEED,NEED,C_02_034,canonical_and_pinned_raw_text_equal,local_hex_unknown_session,0.8756377214748616,NEED,NEED|YES|YOU|ASK|WE,True,True,0.5583271980285645,False
data/local/local_citizen100_quality_audit_q82/landmarks/NEED/24c441eb.v17.npz,data/raw_videos/ASL VIDEOS/NEED/24c441eb.mp4,NEED,NEED,C_02_034,canonical_and_pinned_raw_text_equal,local_hex_unknown_session,0.9602311815686183,YOU,YOU|THEY|TELL|WHO|ASK,False,False,0.001622769865207374,False
data/local/local_citizen100_quality_audit_q82/landmarks/NEED/NEED_1.v17.npz,data/raw_videos/ASL VIDEOS/NEED/NEED_1.mp4,NEED,NEED,C_02_034,canonical_and_pinned_raw_text_equal,local_numbered_single_session,0.9950632920413647,SIGN,SIGN|GO|COLD|TRY|NEED,False,True,0.03839356452226639,False
data/local/local_citizen100_quality_audit_q82/landmarks/NEED/ee316514.v17.npz,data/raw_videos/ASL VIDEOS/NEED/ee316514.mp4,NEED,NEED,C_02_034,canonical_and_pinned_raw_text_equal,local_hex_unknown_session,0.9224227153314093,HE,HE|NEED|WHERE|CHILD|BIG,False,True,0.024453233927488327,False
data/local/local_citizen100_quality_audit_q82/landmarks/NIGHT/44bbc21d.v17.npz,data/raw_videos/ASL VIDEOS/NIGHT/44bbc21d.mp4,NIGHT,NIGHT1,A_01_003,canonical_only_variant_review_required,local_hex_unknown_session,0.9756361559011908,NIGHT,NIGHT|YEAR|WE|MAKE|PLEASE,True,True,0.9385026693344116,False
data/local/local_citizen100_quality_audit_q82/landmarks/NIGHT/62f12a2c.v17.npz,data/raw_videos/ASL VIDEOS/NIGHT/62f12a2c.mp4,NIGHT,NIGHT1,A_01_003,canonical_only_variant_review_required,local_hex_unknown_session,0.9570232541813641,NIGHT,NIGHT|DOCTOR|WRITE|PLEASE|LESS,True,True,0.8447461724281311,False
data/local/local_citizen100_quality_audit_q82/landmarks/NIGHT/dc33498c.v17.npz,data/raw_videos/ASL VIDEOS/NIGHT/dc33498c.mp4,NIGHT,NIGHT1,A_01_003,canonical_only_variant_review_required,local_hex_unknown_session,0.9536021343152399,NIGHT,NIGHT|NAME|MAKE|USE|MORE,True,True,0.6623621582984924,False
data/local/local_citizen100_quality_audit_q82/landmarks/NIGHT/fafe9920.v17.npz,data/raw_videos/ASL VIDEOS/NIGHT/fafe9920.mp4,NIGHT,NIGHT1,A_01_003,canonical_only_variant_review_required,local_hex_unknown_session,0.8954251391637074,NIGHT,NIGHT|YEAR|LEARN|MAKE|USE,True,True,0.8286071419715881,False
data/local/local_citizen100_quality_audit_q82/landmarks/NO/5285fdba.v17.npz,data/raw_videos/ASL VIDEOS/NO/5285fdba.mp4,NO,NO,C_03_041,canonical_and_pinned_raw_text_equal,local_hex_unknown_session,0.9399199688491611,LISTEN,LISTEN|NO|READY|HEAR|GOODBYE,False,True,0.11473406851291656,False
data/local/local_citizen100_quality_audit_q82/landmarks/NO/NO_7.v17.npz,data/raw_videos/ASL VIDEOS/NO/NO_7.mp4,NO,NO,C_03_041,canonical_and_pinned_raw_text_equal,local_numbered_single_session,0.996540686128615,NO,NO|WHERE|HE|LISTEN|GOODBYE,True,True,0.7246715426445007,False
data/local/local_citizen100_quality_audit_q82/landmarks/NO/afa4a312.v17.npz,data/raw_videos/ASL VIDEOS/NO/afa4a312.mp4,NO,NO,C_03_041,canonical_and_pinned_raw_text_equal,local_hex_unknown_session,0.822891990443715,NO,NO|READY|WATER|YOUR|USE,True,True,0.6938129663467407,False
data/local/local_citizen100_quality_audit_q82/landmarks/NO/f9d6d502.v17.npz,data/raw_videos/ASL VIDEOS/NO/f9d6d502.mp4,NO,NO,C_03_041,canonical_and_pinned_raw_text_equal,local_hex_unknown_session,0.988279949376097,LISTEN,LISTEN|NEED|HE|NO|WHY,False,True,0.09955578297376633,False
data/local/local_citizen100_quality_audit_q82/landmarks/NOW/451467eb.v17.npz,data/raw_videos/ASL VIDEOS/NOW/451467eb.mp4,NOW,NOW,C_03_062,canonical_and_pinned_raw_text_equal,local_hex_unknown_session,0.9903011908007313,NOW,NOW|HAVE|TIRED|ANGRY|WHAT,True,True,0.810143232345581,False
data/local/local_citizen100_quality_audit_q82/landmarks/NOW/7eaa0852.v17.npz,data/raw_videos/ASL VIDEOS/NOW/7eaa0852.mp4,NOW,NOW,C_03_062,canonical_and_pinned_raw_text_equal,local_hex_unknown_session,0.8958143159892736,NOW,NOW|WANT|ANGRY|BIG|COLD,True,True,0.9583353400230408,False
data/local/local_citizen100_quality_audit_q82/landmarks/NOW/NOW_8.v17.npz,data/raw_videos/ASL VIDEOS/NOW/NOW_8.mp4,NOW,NOW,C_03_062,canonical_and_pinned_raw_text_equal,local_numbered_single_session,0.9119580196229387,MAYBE,MAYBE|WANT|NOW|TRY|WHAT,False,True,0.10257705301046371,False
data/local/local_citizen100_quality_audit_q82/landmarks/NOW/ee0c6eac.v17.npz,data/raw_videos/ASL VIDEOS/NOW/ee0c6eac.mp4,NOW,NOW,C_03_062,canonical_and_pinned_raw_text_equal,local_hex_unknown_session,0.9567149840628669,NOW,NOW|BIG|SAD|ANGRY|HEAR,True,True,0.7352415919303894,False
data/local/local_citizen100_quality_audit_q82/landmarks/OUR/0567ec81.v17.npz,data/raw_videos/ASL VIDEOS/OUR/0567ec81.mp4,OUR,OUR,G_02_067,canonical_and_pinned_raw_text_equal,local_hex_unknown_session,0.9299300509114704,OUR,OUR|COME|WE|CHILD|DOCTOR,True,True,0.6746450662612915,False
data/local/local_citizen100_quality_audit_q82/landmarks/OUR/3dc7518e.v17.npz,data/raw_videos/ASL VIDEOS/OUR/3dc7518e.mp4,OUR,OUR,G_02_067,canonical_and_pinned_raw_text_equal,local_hex_unknown_session,0.9684521277344522,OUR,OUR|GOODBYE|YOUR|DRINK|SMALL,True,True,0.6967295408248901,False
data/local/local_citizen100_quality_audit_q82/landmarks/OUR/OUR_3.v17.npz,data/raw_videos/ASL VIDEOS/OUR/OUR_3.mp4,OUR,OUR,G_02_067,canonical_and_pinned_raw_text_equal,local_numbered_single_session,0.9664593618670351,OUR,OUR|GOODBYE|STOP|YOUR|CHILD,True,True,0.7633219361305237,False
data/local/local_citizen100_quality_audit_q82/landmarks/OUR/e5008330.v17.npz,data/raw_videos/ASL VIDEOS/OUR/e5008330.mp4,OUR,OUR,G_02_067,canonical_and_pinned_raw_text_equal,local_hex_unknown_session,0.8796024797157369,OUR,OUR|YOUR|WOMAN|GOODBYE|SAME,True,True,0.6971274018287659,False
data/local/local_citizen100_quality_audit_q82/landmarks/PLEASE/2a4d9720.v17.npz,data/raw_videos/ASL VIDEOS/PLEASE/2a4d9720.mp4,PLEASE,PLEASE,B_02_007,canonical_and_pinned_raw_text_equal,local_hex_unknown_session,0.9027223190948599,PLEASE,PLEASE|HAPPY|MY|TIRED|OUR,True,True,0.7944601774215698,False
data/local/local_citizen100_quality_audit_q82/landmarks/PLEASE/79f23b5b.v17.npz,data/raw_videos/ASL VIDEOS/PLEASE/79f23b5b.mp4,PLEASE,PLEASE,B_02_007,canonical_and_pinned_raw_text_equal,local_hex_unknown_session,0.9196166863966582,PLEASE,PLEASE|MY|SORRY|HAPPY|HUNGRY,True,True,0.8906837105751038,False
data/local/local_citizen100_quality_audit_q82/landmarks/PLEASE/83e982ca.v17.npz,data/raw_videos/ASL VIDEOS/PLEASE/83e982ca.mp4,PLEASE,PLEASE,B_02_007,canonical_and_pinned_raw_text_equal,local_hex_unknown_session,0.9306244261135319,PLEASE,PLEASE|HAPPY|MY|GOOD|HELP,True,True,0.3939073979854584,False
data/local/local_citizen100_quality_audit_q82/landmarks/PLEASE/dac36d83.v17.npz,data/raw_videos/ASL VIDEOS/PLEASE/dac36d83.mp4,PLEASE,PLEASE,B_02_007,canonical_and_pinned_raw_text_equal,local_hex_unknown_session,0.8627261467351166,PLEASE,PLEASE|MY|HAPPY|HUNGRY|SORRY,True,True,0.5883879661560059,False
data/local/local_citizen100_quality_audit_q82/landmarks/READ/5f3588d6.v17.npz,data/raw_videos/ASL VIDEOS/READ/5f3588d6.mp4,READ,READ,A_01_022,canonical_and_pinned_raw_text_equal,local_hex_unknown_session,0.957074229417638,IMPORTANT,IMPORTANT|READY|READ|FATHER|GO,False,True,0.17767474055290222,False
data/local/local_citizen100_quality_audit_q82/landmarks/READ/6560d709.v17.npz,data/raw_videos/ASL VIDEOS/READ/6560d709.mp4,READ,READ,A_01_022,canonical_and_pinned_raw_text_equal,local_hex_unknown_session,0.9435817843819347,WEEK,WEEK|SCHOOL|NAME|WRITE|HOW,False,False,0.007703390903770924,False
data/local/local_citizen100_quality_audit_q82/landmarks/READ/9213fd2c.v17.npz,data/raw_videos/ASL VIDEOS/READ/9213fd2c.mp4,READ,READ,A_01_022,canonical_and_pinned_raw_text_equal,local_hex_unknown_session,0.9285229237689974,READ,READ|READY|GO|WHAT|MORE,True,True,0.8938847780227661,False
data/local/local_citizen100_quality_audit_q82/landmarks/READ/READ_13.v17.npz,data/raw_videos/ASL VIDEOS/READ/READ_13.mp4,READ,READ,A_01_022,canonical_and_pinned_raw_text_equal,local_numbered_single_session,0.9031380177748246,NAME,NAME|WEEK|READ|EXCITED|LIKE,False,True,0.08038745820522308,False
data/local/local_citizen100_quality_audit_q82/landmarks/READY/15cb7d89.v17.npz,data/raw_videos/ASL VIDEOS/READY/15cb7d89.mp4,READY,READY,F_03_042,canonical_and_pinned_raw_text_equal,local_hex_unknown_session,0.9099847595244864,READY,READY|DIFFERENT|USE|READ|GO,True,True,0.393494188785553,False
data/local/local_citizen100_quality_audit_q82/landmarks/READY/READY_6.v17.npz,data/raw_videos/ASL VIDEOS/READY/READY_6.mp4,READY,READY,F_03_042,canonical_and_pinned_raw_text_equal,local_numbered_single_session,0.9701991404185756,READ,READ|READY|GO|IMPORTANT|NAME,False,True,0.26641762256622314,False
data/local/local_citizen100_quality_audit_q82/landmarks/READY/ba08a4e0.v17.npz,data/raw_videos/ASL VIDEOS/READY/ba08a4e0.mp4,READY,READY,F_03_042,canonical_and_pinned_raw_text_equal,local_hex_unknown_session,0.9140741716220465,USE,USE|HOSPITAL|ANSWER|READY|WATER,False,True,0.021836362779140472,False
data/local/local_citizen100_quality_audit_q82/landmarks/READY/dd50d186.v17.npz,data/raw_videos/ASL VIDEOS/READY/dd50d186.mp4,READY,READY,F_03_042,canonical_and_pinned_raw_text_equal,local_hex_unknown_session,0.8613817073952114,READY,READY|READ|LISTEN|ANSWER|GO,True,True,0.3644932508468628,False
data/local/local_citizen100_quality_audit_q82/landmarks/SAD/384dc0a8.v17.npz,data/raw_videos/ASL VIDEOS/SAD/384dc0a8.mp4,SAD,SAD,B_02_053,canonical_and_pinned_raw_text_equal,local_hex_unknown_session,0.9352132906676316,WAIT,WAIT|SAD|WANT|NOW|ANGRY,False,True,0.1802341490983963,False
data/local/local_citizen100_quality_audit_q82/landmarks/SAD/3ad299ca.v17.npz,data/raw_videos/ASL VIDEOS/SAD/3ad299ca.mp4,SAD,SAD,B_02_053,canonical_and_pinned_raw_text_equal,local_hex_unknown_session,0.8596039912473797,SAD,SAD|WANT|WAIT|READ|SEE,True,True,0.5925281047821045,False
data/local/local_citizen100_quality_audit_q82/landmarks/SAD/5252d5c3.v17.npz,data/raw_videos/ASL VIDEOS/SAD/5252d5c3.mp4,SAD,SAD,B_02_053,canonical_and_pinned_raw_text_equal,local_hex_unknown_session,0.8816380514583549,SAD,SAD|WANT|WAIT|SEE|FAMILY,True,True,0.7377784252166748,False
data/local/local_citizen100_quality_audit_q82/landmarks/SAD/SAD_22.v17.npz,data/raw_videos/ASL VIDEOS/SAD/SAD_22.mp4,SAD,SAD,B_02_053,canonical_and_pinned_raw_text_equal,local_numbered_single_session,0.9963035092347885,SAD,SAD|WAIT|WANT|SEE|ANGRY,True,True,0.8802735209465027,False
data/local/local_citizen100_quality_audit_q82/landmarks/SCHOOL/1d957a15.v17.npz,data/raw_videos/ASL VIDEOS/SCHOOL/1d957a15.mp4,SCHOOL,SCHOOL,C_03_089,canonical_and_pinned_raw_text_equal,local_hex_unknown_session,0.8433851470336571,SCHOOL,SCHOOL|STOP|DOCTOR|SMALL|LESS,True,True,0.46452397108078003,False
data/local/local_citizen100_quality_audit_q82/landmarks/SCHOOL/74c7254b.v17.npz,data/raw_videos/ASL VIDEOS/SCHOOL/74c7254b.mp4,SCHOOL,SCHOOL,C_03_089,canonical_and_pinned_raw_text_equal,local_hex_unknown_session,0.9558438358674033,SCHOOL,SCHOOL|WEEK|LIKE|EASY|READ,True,True,0.7921525835990906,False
data/local/local_citizen100_quality_audit_q82/landmarks/SCHOOL/9de273c4.v17.npz,data/raw_videos/ASL VIDEOS/SCHOOL/9de273c4.mp4,SCHOOL,SCHOOL,C_03_089,canonical_and_pinned_raw_text_equal,local_hex_unknown_session,0.9136860257360908,SCHOOL,SCHOOL|LESS|MY|STOP|NIGHT,True,True,0.849490761756897,False
data/local/local_citizen100_quality_audit_q82/landmarks/SCHOOL/SCHOOL_14.v17.npz,data/raw_videos/ASL VIDEOS/SCHOOL/SCHOOL_14.mp4,SCHOOL,SCHOOL,C_03_089,canonical_and_pinned_raw_text_equal,local_numbered_single_session,0.8290312825388805,SCHOOL,SCHOOL|EASY|STOP|HAPPY|DOCTOR,True,True,0.4723188579082489,False
data/local/local_citizen100_quality_audit_q82/landmarks/SEE/1321837e.v17.npz,data/raw_videos/ASL VIDEOS/SEE/1321837e.mp4,SEE,SEE,C_02_030,canonical_and_pinned_raw_text_equal,local_hex_unknown_session,0.857235674157951,SEE,SEE|UNDERSTAND|WHAT|TELL|THEY,True,True,0.7632924914360046,False
data/local/local_citizen100_quality_audit_q82/landmarks/SEE/5653eb74.v17.npz,data/raw_videos/ASL VIDEOS/SEE/5653eb74.mp4,SEE,SEE,C_02_030,canonical_and_pinned_raw_text_equal,local_hex_unknown_session,0.823757105113895,SEE,SEE|HE|THEY|WATER|LISTEN,True,True,0.8634245991706848,False
data/local/local_citizen100_quality_audit_q82/landmarks/SEE/SEE_1.v17.npz,data/raw_videos/ASL VIDEOS/SEE/SEE_1.mp4,SEE,SEE,C_02_030,canonical_and_pinned_raw_text_equal,local_numbered_single_session,0.9956403872440982,SEE,SEE|WATER|NAME|LIKE|HE,True,True,0.8406636118888855,False
data/local/local_citizen100_quality_audit_q82/landmarks/SEE/a6415e4d.v17.npz,data/raw_videos/ASL VIDEOS/SEE/a6415e4d.mp4,SEE,SEE,C_02_030,canonical_and_pinned_raw_text_equal,local_hex_unknown_session,0.9610610656277068,SEE,SEE|WATER|NAME|LISTEN|HE,True,True,0.8487045168876648,False
data/local/local_citizen100_quality_audit_q82/landmarks/SIGN/55f64aad.v17.npz,data/raw_videos/ASL VIDEOS/SIGN/55f64aad.mp4,SIGN,SIGN,E_03_050,canonical_and_pinned_raw_text_equal,local_hex_unknown_session,0.8363559694649088,MAN,MAN|HEAR|HOME|LESS|OUR,False,False,0.0023921537213027477,False
data/local/local_citizen100_quality_audit_q82/landmarks/SIGN/65766782.v17.npz,data/raw_videos/ASL VIDEOS/SIGN/65766782.mp4,SIGN,SIGN,E_03_050,canonical_and_pinned_raw_text_equal,local_hex_unknown_session,0.9747725996175202,BIG,BIG|DIFFERENT|ANSWER|GO|LANGUAGE,False,False,0.012569054029881954,False
data/local/local_citizen100_quality_audit_q82/landmarks/SIGN/9dc6d501.v17.npz,data/raw_videos/ASL VIDEOS/SIGN/9dc6d501.mp4,SIGN,SIGN,E_03_050,canonical_and_pinned_raw_text_equal,local_hex_unknown_session,0.9750647846773209,BIG,BIG|LANGUAGE|GO|COLD|TRY,False,False,0.01032258290797472,False
data/local/local_citizen100_quality_audit_q82/landmarks/SIGN/SIGN_12.v17.npz,data/raw_videos/ASL VIDEOS/SIGN/SIGN_12.mp4,SIGN,SIGN,E_03_050,canonical_and_pinned_raw_text_equal,local_numbered_single_session,0.9056567204859918,DIFFERENT,DIFFERENT|ANSWER|GO|WHEN|ASK,False,False,0.0028013193514198065,False
data/local/local_citizen100_quality_audit_q82/landmarks/SLEEP/693acaa6.v17.npz,data/raw_videos/ASL VIDEOS/SLEEP/693acaa6.mp4,SLEEP,SLEEP,B_03_037,canonical_and_pinned_raw_text_equal,local_hex_unknown_session,0.8319979909017963,MORNING,MORNING|SICK|KNOW|SLEEP|SAD,False,True,0.04750583693385124,False
data/local/local_citizen100_quality_audit_q82/landmarks/SLEEP/SLEEP_1.v17.npz,data/raw_videos/ASL VIDEOS/SLEEP/SLEEP_1.mp4,SLEEP,SLEEP,B_03_037,canonical_and_pinned_raw_text_equal,local_numbered_single_session,0.999961628053212,SLEEP,SLEEP|EAT|SEE|WATER|MORNING,True,True,0.562110424041748,False
data/local/local_citizen100_quality_audit_q82/landmarks/SLEEP/a84a3f96.v17.npz,data/raw_videos/ASL VIDEOS/SLEEP/a84a3f96.mp4,SLEEP,SLEEP,B_03_037,canonical_and_pinned_raw_text_equal,local_hex_unknown_session,0.837519561992196,SLEEP,SLEEP|MORNING|UNDERSTAND|SEE|KNOW,True,True,0.672170102596283,False
data/local/local_citizen100_quality_audit_q82/landmarks/SLEEP/c0125a61.v17.npz,data/raw_videos/ASL VIDEOS/SLEEP/c0125a61.mp4,SLEEP,SLEEP,B_03_037,canonical_and_pinned_raw_text_equal,local_hex_unknown_session,0.9674793707293401,MORNING,MORNING|FATHER|SICK|SLEEP|SAD,False,True,0.07723420113325119,False
data/local/local_citizen100_quality_audit_q82/landmarks/SMALL/34127323.v17.npz,data/raw_videos/ASL VIDEOS/SMALL/34127323.mp4,SMALL,SMALL,D_01_030,canonical_and_pinned_raw_text_equal,local_hex_unknown_session,0.8812836467607279,WRITE,WRITE|TIRED|DOCTOR|COLD|TRY,False,False,0.004252070561051369,False
data/local/local_citizen100_quality_audit_q82/landmarks/SMALL/7bc56866.v17.npz,data/raw_videos/ASL VIDEOS/SMALL/7bc56866.mp4,SMALL,SMALL,D_01_030,canonical_and_pinned_raw_text_equal,local_hex_unknown_session,0.8915523633560378,SMALL,SMALL|MORE|DOCTOR|FAMILY|LESS,True,True,0.8435607552528381,False
data/local/local_citizen100_quality_audit_q82/landmarks/SMALL/SMALL_25.v17.npz,data/raw_videos/ASL VIDEOS/SMALL/SMALL_25.mp4,SMALL,SMALL,D_01_030,canonical_and_pinned_raw_text_equal,local_numbered_single_session,0.9526209167651408,DOCTOR,DOCTOR|SMALL|TALK|COLD|READ,False,True,0.21380768716335297,False
data/local/local_citizen100_quality_audit_q82/landmarks/SMALL/db9fbf0b.v17.npz,data/raw_videos/ASL VIDEOS/SMALL/db9fbf0b.mp4,SMALL,SMALL,D_01_030,canonical_and_pinned_raw_text_equal,local_hex_unknown_session,0.9347451336114709,SMALL,SMALL|FAMILY|DOCTOR|LESS|MORE,True,True,0.8492873311042786,False
data/local/local_citizen100_quality_audit_q82/landmarks/SORRY/ac8bc577.v17.npz,data/raw_videos/ASL VIDEOS/SORRY/ac8bc577.mp4,SORRY,SORRY,C_01_020,canonical_and_pinned_raw_text_equal,local_hex_unknown_session,0.826195840685135,SORRY,SORRY|WE|I|HUNGRY|MAKE,True,True,0.7654383182525635,False
data/local/local_citizen100_quality_audit_q82/landmarks/SORRY/b95547da.v17.npz,data/raw_videos/ASL VIDEOS/SORRY/b95547da.mp4,SORRY,SORRY,C_01_020,canonical_and_pinned_raw_text_equal,local_hex_unknown_session,0.9109206074495462,YEAR,YEAR|HELP|MAKE|TRY|SORRY,False,True,0.03638022392988205,False
data/local/local_citizen100_quality_audit_q82/landmarks/SORRY/c01ace66.v17.npz,data/raw_videos/ASL VIDEOS/SORRY/c01ace66.mp4,SORRY,SORRY,C_01_020,canonical_and_pinned_raw_text_equal,local_hex_unknown_session,0.9372725713882636,SORRY,SORRY|WE|MAKE|TIRED|I,True,True,0.7624610066413879,False
data/local/local_citizen100_quality_audit_q82/landmarks/SORRY/d60c0bee.v17.npz,data/raw_videos/ASL VIDEOS/SORRY/d60c0bee.mp4,SORRY,SORRY,C_01_020,canonical_and_pinned_raw_text_equal,local_hex_unknown_session,0.8839156506050936,SORRY,SORRY|I|MAKE|WE|HAVE,True,True,0.7773678302764893,False
data/local/local_citizen100_quality_audit_q82/landmarks/STOP/02e90ff1.v17.npz,data/raw_videos/ASL VIDEOS/STOP/02e90ff1.mp4,STOP,STOP,D_01_010,canonical_and_pinned_raw_text_equal,local_hex_unknown_session,0.855260763745767,SCHOOL,SCHOOL|MORNING|STOP|GOOD|LEARN,False,True,0.09187538921833038,False
data/local/local_citizen100_quality_audit_q82/landmarks/STOP/4ea8cc7c.v17.npz,data/raw_videos/ASL VIDEOS/STOP/4ea8cc7c.mp4,STOP,STOP,D_01_010,canonical_and_pinned_raw_text_equal,local_hex_unknown_session,0.9361255590032519,LESS,LESS|DOCTOR|EASY|NIGHT|WRITE,False,False,0.013737457804381847,False
data/local/local_citizen100_quality_audit_q82/landmarks/STOP/7c56ae76.v17.npz,data/raw_videos/ASL VIDEOS/STOP/7c56ae76.mp4,STOP,STOP,D_01_010,canonical_and_pinned_raw_text_equal,local_hex_unknown_session,0.9847089055370575,EASY,EASY|SCHOOL|HELP|HAPPY|STOP,False,True,0.015377006493508816,False
data/local/local_citizen100_quality_audit_q82/landmarks/STOP/86f8bee5.v17.npz,data/raw_videos/ASL VIDEOS/STOP/86f8bee5.mp4,STOP,STOP,D_01_010,canonical_and_pinned_raw_text_equal,local_hex_unknown_session,0.9412229407003254,STOP,STOP|EASY|MORNING|HELP|DOCTOR,True,True,0.46773794293403625,False
data/local/local_citizen100_quality_audit_q82/landmarks/TAKE/145e56ab.v17.npz,data/raw_videos/ASL VIDEOS/TAKE/145e56ab.mp4,TAKE,TAKE,G_01_093,canonical_and_pinned_raw_text_equal,local_hex_unknown_session,0.8435351218393766,TIME,TIME|WORK|TRY|SIGN|MAKE,False,False,0.0018181204795837402,False
data/local/local_citizen100_quality_audit_q82/landmarks/TAKE/58aed423.v17.npz,data/raw_videos/ASL VIDEOS/TAKE/58aed423.mp4,TAKE,TAKE,G_01_093,canonical_and_pinned_raw_text_equal,local_hex_unknown_session,0.9281420672770873,LIKE,LIKE|SAME|LANGUAGE|YOUR|NO,False,False,0.0016586021520197392,False
data/local/local_citizen100_quality_audit_q82/landmarks/TAKE/TAKE_1.v17.npz,data/raw_videos/ASL VIDEOS/TAKE/TAKE_1.mp4,TAKE,TAKE,G_01_093,canonical_and_pinned_raw_text_equal,local_numbered_single_session,0.9942112761137962,CHILD,CHILD|SAME|GOODBYE|YES|TAKE,False,True,0.01879844442009926,False
data/local/local_citizen100_quality_audit_q82/landmarks/TAKE/ff31c59b.v17.npz,data/raw_videos/ASL VIDEOS/TAKE/ff31c59b.mp4,TAKE,TAKE,G_01_093,canonical_and_pinned_raw_text_equal,local_hex_unknown_session,0.9558671137031218,SAME,SAME|YOUR|CHILD|GOODBYE|NO,False,False,0.005392598919570446,False
data/local/local_citizen100_quality_audit_q82/landmarks/TELL/51624f93.v17.npz,data/raw_videos/ASL VIDEOS/TELL/51624f93.mp4,TELL,TELL,C_02_013,canonical_and_pinned_raw_text_equal,local_hex_unknown_session,0.9321239409270421,TELL,TELL|THEY|UNDERSTAND|I|WHEN,True,True,0.31988218426704407,False
data/local/local_citizen100_quality_audit_q82/landmarks/TELL/5223494b.v17.npz,data/raw_videos/ASL VIDEOS/TELL/5223494b.mp4,TELL,TELL,C_02_013,canonical_and_pinned_raw_text_equal,local_hex_unknown_session,0.9565726701021817,TELL,TELL|LIKE|YOU|THEY|SEE,True,True,0.8583716154098511,False
data/local/local_citizen100_quality_audit_q82/landmarks/TELL/88f73351.v17.npz,data/raw_videos/ASL VIDEOS/TELL/88f73351.mp4,TELL,TELL,C_02_013,canonical_and_pinned_raw_text_equal,local_hex_unknown_session,0.9344575908467141,TELL,TELL|I|THINK|WHAT|WHO,True,True,0.8275607824325562,False
data/local/local_citizen100_quality_audit_q82/landmarks/TELL/TELL_3.v17.npz,data/raw_videos/ASL VIDEOS/TELL/TELL_3.mp4,TELL,TELL,C_02_013,canonical_and_pinned_raw_text_equal,local_numbered_single_session,0.994718263803895,TELL,TELL|LIKE|THEY|I|GIVE,True,True,0.9269323348999023,False
data/local/local_citizen100_quality_audit_q82/landmarks/THANKYOU/194924c0.v17.npz,data/raw_videos/ASL VIDEOS/THANKYOU/194924c0.mp4,THANKYOU,THANKYOU,H_02_053,canonical_and_pinned_raw_text_equal,local_hex_unknown_session,0.8722917266881526,THANKYOU,THANKYOU|GOOD|EAT|HAPPY|MY,True,True,0.7766586542129517,False
data/local/local_citizen100_quality_audit_q82/landmarks/THANKYOU/311e5918.v17.npz,data/raw_videos/ASL VIDEOS/THANKYOU/311e5918.mp4,THANKYOU,THANKYOU,H_02_053,canonical_and_pinned_raw_text_equal,local_hex_unknown_session,0.8616173485875411,GOOD,GOOD|THANKYOU|HAPPY|FEEL|GIVE,False,True,0.17863582074642181,False
data/local/local_citizen100_quality_audit_q82/landmarks/THANKYOU/a9c96653.v17.npz,data/raw_videos/ASL VIDEOS/THANKYOU/a9c96653.mp4,THANKYOU,THANKYOU,H_02_053,canonical_and_pinned_raw_text_equal,local_hex_unknown_session,0.9205462490723894,THANKYOU,THANKYOU|STOP|GIVE|MAYBE|GOOD,True,True,0.22188879549503326,False
data/local/local_citizen100_quality_audit_q82/landmarks/THANKYOU/f5e9102a.v17.npz,data/raw_videos/ASL VIDEOS/THANKYOU/f5e9102a.mp4,THANKYOU,THANKYOU,H_02_053,canonical_and_pinned_raw_text_equal,local_hex_unknown_session,0.9183393355546237,THANKYOU,THANKYOU|GOOD|EAT|HAPPY|EASY,True,True,0.7973834872245789,False
data/local/local_citizen100_quality_audit_q82/landmarks/THEY/0f7f065f.v17.npz,data/raw_videos/ASL VIDEOS/THEY/0f7f065f.mp4,THEY,THEY1,F_02_103,canonical_only_variant_review_required,local_hex_unknown_session,0.9042731142244453,THEY,THEY|TIME|NEED|YOU|WE,True,True,0.5100014209747314,False
data/local/local_citizen100_quality_audit_q82/landmarks/THEY/60b3bc2e.v17.npz,data/raw_videos/ASL VIDEOS/THEY/60b3bc2e.mp4,THEY,THEY1,F_02_103,canonical_only_variant_review_required,local_hex_unknown_session,0.9599206517972554,ASK,ASK|NEED|HE|THINK|YES,False,False,0.001328223035670817,False
data/local/local_citizen100_quality_audit_q82/landmarks/THEY/7edad4d3.v17.npz,data/raw_videos/ASL VIDEOS/THEY/7edad4d3.mp4,THEY,THEY1,F_02_103,canonical_only_variant_review_required,local_hex_unknown_session,0.9821911825265659,THEY,THEY|MAYBE|LANGUAGE|YES|CHILD,True,True,0.8029581904411316,False
data/local/local_citizen100_quality_audit_q82/landmarks/THEY/THEY_14.v17.npz,data/raw_videos/ASL VIDEOS/THEY/THEY_14.mp4,THEY,THEY1,F_02_103,canonical_only_variant_review_required,local_numbered_single_session,0.9943331497373196,WHERE,WHERE|NEED|YES|HE|I,False,False,0.017519555985927582,False
data/local/local_citizen100_quality_audit_q82/landmarks/THINK/5f9bc080.v17.npz,data/raw_videos/ASL VIDEOS/THINK/5f9bc080.mp4,THINK,THINK,C_03_053,canonical_and_pinned_raw_text_equal,local_hex_unknown_session,0.8477935955551693,THINK,THINK|UNDERSTAND|TELL|WHO|SIGN,True,True,0.6228238940238953,False
data/local/local_citizen100_quality_audit_q82/landmarks/THINK/THINK_1.v17.npz,data/raw_videos/ASL VIDEOS/THINK/THINK_1.mp4,THINK,THINK,C_03_053,canonical_and_pinned_raw_text_equal,local_numbered_single_session,0.9944701571010653,THINK,THINK|UNDERSTAND|WHO|TELL|SIGN,True,True,0.7733114957809448,False
data/local/local_citizen100_quality_audit_q82/landmarks/THINK/d1e762a3.v17.npz,data/raw_videos/ASL VIDEOS/THINK/d1e762a3.mp4,THINK,THINK,C_03_053,canonical_and_pinned_raw_text_equal,local_hex_unknown_session,0.9539467533346039,THINK,THINK|NEED|YESTERDAY|SIGN|TOMORROW,True,True,0.4169635474681854,False
data/local/local_citizen100_quality_audit_q82/landmarks/THINK/ea1fc3dc.v17.npz,data/raw_videos/ASL VIDEOS/THINK/ea1fc3dc.mp4,THINK,THINK,C_03_053,canonical_and_pinned_raw_text_equal,local_hex_unknown_session,0.8705253997175693,UNDERSTAND,UNDERSTAND|THINK|SICK|WHEN|SEE,False,True,0.23343870043754578,False
data/local/local_citizen100_quality_audit_q82/landmarks/TIME/040e25b9.v17.npz,data/raw_videos/ASL VIDEOS/TIME/040e25b9.mp4,TIME,TIME,B_02_080,canonical_and_pinned_raw_text_equal,local_hex_unknown_session,0.9418903784181893,TIME,TIME|SIGN|NAME|READ|WHEN,True,True,0.5570477843284607,False
data/local/local_citizen100_quality_audit_q82/landmarks/TIME/51f4755d.v17.npz,data/raw_videos/ASL VIDEOS/TIME/51f4755d.mp4,TIME,TIME,B_02_080,canonical_and_pinned_raw_text_equal,local_hex_unknown_session,0.981081419182397,TIME,TIME|SIGN|WHEN|IMPORTANT|GO,True,True,0.5599365830421448,False
data/local/local_citizen100_quality_audit_q82/landmarks/TIME/95ab1c0c.v17.npz,data/raw_videos/ASL VIDEOS/TIME/95ab1c0c.mp4,TIME,TIME,B_02_080,canonical_and_pinned_raw_text_equal,local_hex_unknown_session,0.9869690604040624,GO,GO|SIGN|TIME|ANSWER|FRIEND,False,True,0.048936568200588226,False
data/local/local_citizen100_quality_audit_q82/landmarks/TIME/dcd4ae1c.v17.npz,data/raw_videos/ASL VIDEOS/TIME/dcd4ae1c.mp4,TIME,TIME,B_02_080,canonical_and_pinned_raw_text_equal,local_hex_unknown_session,0.8826081610608314,TIME,TIME|WE|NAME|SIGN|USE,True,True,0.9259805679321289,False
data/local/local_citizen100_quality_audit_q82/landmarks/TIRED/431d7511.v17.npz,data/raw_videos/ASL VIDEOS/TIRED/431d7511.mp4,TIRED,TIRED,D_02_050,canonical_and_pinned_raw_text_equal,local_hex_unknown_session,0.9738236084043801,TIRED,TIRED|DOCTOR|WHAT|LESS|COLD,True,True,0.8035574555397034,False
data/local/local_citizen100_quality_audit_q82/landmarks/TIRED/54ff7ec7.v17.npz,data/raw_videos/ASL VIDEOS/TIRED/54ff7ec7.mp4,TIRED,TIRED,D_02_050,canonical_and_pinned_raw_text_equal,local_hex_unknown_session,0.9256314343989331,TIRED,TIRED|HOW|EASY|PLEASE|HELP,True,True,0.6682795286178589,False
data/local/local_citizen100_quality_audit_q82/landmarks/TIRED/8a54637a.v17.npz,data/raw_videos/ASL VIDEOS/TIRED/8a54637a.mp4,TIRED,TIRED,D_02_050,canonical_and_pinned_raw_text_equal,local_hex_unknown_session,0.8438720255337493,TIRED,TIRED|FRIEND|DOCTOR|LESS|HOW,True,True,0.5844608545303345,False
data/local/local_citizen100_quality_audit_q82/landmarks/TIRED/TIRED_24.v17.npz,data/raw_videos/ASL VIDEOS/TIRED/TIRED_24.mp4,TIRED,TIRED,D_02_050,canonical_and_pinned_raw_text_equal,local_numbered_single_session,0.993357704592464,HAVE,HAVE|TRY|TIRED|ANGRY|MAYBE,False,True,0.02314828336238861,False
data/local/local_citizen100_quality_audit_q82/landmarks/TOMORROW/025c5a9d.v17.npz,data/raw_videos/ASL VIDEOS/TOMORROW/025c5a9d.mp4,TOMORROW,TOMORROW,F_02_040,canonical_and_pinned_raw_text_equal,local_hex_unknown_session,0.9513890336453455,TOMORROW,TOMORROW|YESTERDAY|DRINK|HOME|YES,True,True,0.7290288805961609,False
data/local/local_citizen100_quality_audit_q82/landmarks/TOMORROW/718e6553.v17.npz,data/raw_videos/ASL VIDEOS/TOMORROW/718e6553.mp4,TOMORROW,TOMORROW,F_02_040,canonical_and_pinned_raw_text_equal,local_hex_unknown_session,0.93944999555523,TOMORROW,TOMORROW|COME|EAT|SORRY|TELL,True,True,0.4756576120853424,False
data/local/local_citizen100_quality_audit_q82/landmarks/TOMORROW/9570e0e7.v17.npz,data/raw_videos/ASL VIDEOS/TOMORROW/9570e0e7.mp4,TOMORROW,TOMORROW,F_02_040,canonical_and_pinned_raw_text_equal,local_hex_unknown_session,0.9608474772384381,TOMORROW,TOMORROW|WHO|YES|TELL|SORRY,True,True,0.6018314957618713,False
data/local/local_citizen100_quality_audit_q82/landmarks/TOMORROW/TOMORROW_13.v17.npz,data/raw_videos/ASL VIDEOS/TOMORROW/TOMORROW_13.mp4,TOMORROW,TOMORROW,F_02_040,canonical_and_pinned_raw_text_equal,local_numbered_single_session,0.9912604384139209,TOMORROW,TOMORROW|COME|YES|CHILD|YESTERDAY,True,True,0.4639974534511566,False
data/local/local_citizen100_quality_audit_q82/landmarks/TRY/4c2cda12.v17.npz,data/raw_videos/ASL VIDEOS/TRY/4c2cda12.mp4,TRY,TRY,B_02_034,canonical_and_pinned_raw_text_equal,local_hex_unknown_session,0.8607568217721551,TRY,TRY|COLD|WORK|WRITE|LANGUAGE,True,True,0.6791383624076843,False
data/local/local_citizen100_quality_audit_q82/landmarks/TRY/806c82ad.v17.npz,data/raw_videos/ASL VIDEOS/TRY/806c82ad.mp4,TRY,TRY,B_02_034,canonical_and_pinned_raw_text_equal,local_hex_unknown_session,0.9569668656873477,TRY,TRY|BIG|LANGUAGE|HAVE|YES,True,True,0.7682009935379028,False
data/local/local_citizen100_quality_audit_q82/landmarks/TRY/99aa59c2.v17.npz,data/raw_videos/ASL VIDEOS/TRY/99aa59c2.mp4,TRY,TRY,B_02_034,canonical_and_pinned_raw_text_equal,local_hex_unknown_session,0.9839566338946708,BIG,BIG|TRY|NOW|TOMORROW|UNDERSTAND,False,True,0.14509063959121704,False
data/local/local_citizen100_quality_audit_q82/landmarks/TRY/TRY_6.v17.npz,data/raw_videos/ASL VIDEOS/TRY/TRY_6.mp4,TRY,TRY,B_02_034,canonical_and_pinned_raw_text_equal,local_numbered_single_session,0.9167633946535406,TRY,TRY|LANGUAGE|COLD|IMPORTANT|HAVE,True,True,0.8336910605430603,False
data/local/local_citizen100_quality_audit_q82/landmarks/UNDERSTAND/638dd5c5.v17.npz,data/raw_videos/ASL VIDEOS/UNDERSTAND/638dd5c5.mp4,UNDERSTAND,UNDERSTAND,C_01_006,canonical_and_pinned_raw_text_equal,local_hex_unknown_session,0.8800979329561806,TELL,TELL|WHAT|HE|I|WHERE,False,False,0.023092839866876602,False
data/local/local_citizen100_quality_audit_q82/landmarks/UNDERSTAND/7cf29ca6.v17.npz,data/raw_videos/ASL VIDEOS/UNDERSTAND/7cf29ca6.mp4,UNDERSTAND,UNDERSTAND,C_01_006,canonical_and_pinned_raw_text_equal,local_hex_unknown_session,0.8581361281324261,HOSPITAL,HOSPITAL|LOVE|USE|DAY|WORK,False,False,0.0011099192779511213,False
data/local/local_citizen100_quality_audit_q82/landmarks/UNDERSTAND/UNDERSTAND_3.v17.npz,data/raw_videos/ASL VIDEOS/UNDERSTAND/UNDERSTAND_3.mp4,UNDERSTAND,UNDERSTAND,C_01_006,canonical_and_pinned_raw_text_equal,local_numbered_single_session,0.9871087605409565,THINK,THINK|UNDERSTAND|SIGN|SLEEP|WHY,False,True,0.30561500787734985,False
data/local/local_citizen100_quality_audit_q82/landmarks/UNDERSTAND/e6a986e1.v17.npz,data/raw_videos/ASL VIDEOS/UNDERSTAND/e6a986e1.mp4,UNDERSTAND,UNDERSTAND,C_01_006,canonical_and_pinned_raw_text_equal,local_hex_unknown_session,0.9516510527777458,WHY,WHY|HELLO|KNOW|CHILD|GOODBYE,False,False,0.0006338846287690103,False
data/local/local_citizen100_quality_audit_q82/landmarks/USE/2d94b57c.v17.npz,data/raw_videos/ASL VIDEOS/USE/2d94b57c.mp4,USE,USE,D_03_043,canonical_and_pinned_raw_text_equal,local_hex_unknown_session,0.8646901981288957,NAME,NAME|NIGHT|LEARN|DAY|MORE,False,False,0.042585764080286026,False
data/local/local_citizen100_quality_audit_q82/landmarks/USE/USE_21.v17.npz,data/raw_videos/ASL VIDEOS/USE/USE_21.mp4,USE,USE,D_03_043,canonical_and_pinned_raw_text_equal,local_numbered_single_session,0.9611934863272212,USE,USE|NIGHT|HOSPITAL|SCHOOL|DAY,True,True,0.6014006733894348,False
data/local/local_citizen100_quality_audit_q82/landmarks/USE/b379b4de.v17.npz,data/raw_videos/ASL VIDEOS/USE/b379b4de.mp4,USE,USE,D_03_043,canonical_and_pinned_raw_text_equal,local_hex_unknown_session,0.9496887032122775,USE,USE|HOSPITAL|WOMAN|NIGHT|SCHOOL,True,True,0.3499550521373749,False
data/local/local_citizen100_quality_audit_q82/landmarks/USE/fc41ed03.v17.npz,data/raw_videos/ASL VIDEOS/USE/fc41ed03.mp4,USE,USE,D_03_043,canonical_and_pinned_raw_text_equal,local_hex_unknown_session,0.97522040716576,USE,USE|HOSPITAL|NIGHT|WOMAN|WATER,True,True,0.6826043128967285,False
data/local/local_citizen100_quality_audit_q82/landmarks/WAIT/WAIT_25.v17.npz,data/raw_videos/ASL VIDEOS/WAIT/WAIT_25.mp4,WAIT,WAIT,B_02_016,canonical_and_pinned_raw_text_equal,local_numbered_single_session,0.9884629312890467,WANT,WANT|WAIT|ANGRY|SAD|READY,False,True,0.1322452872991562,False
data/local/local_citizen100_quality_audit_q82/landmarks/WAIT/a43479b4.v17.npz,data/raw_videos/ASL VIDEOS/WAIT/a43479b4.mp4,WAIT,WAIT,B_02_016,canonical_and_pinned_raw_text_equal,local_hex_unknown_session,0.9619483179352584,WANT,WANT|SAD|SICK|ANGRY|FAMILY,False,False,0.020480366423726082,False
data/local/local_citizen100_quality_audit_q82/landmarks/WAIT/d065b8fe.v17.npz,data/raw_videos/ASL VIDEOS/WAIT/d065b8fe.mp4,WAIT,WAIT,B_02_016,canonical_and_pinned_raw_text_equal,local_hex_unknown_session,0.8921864218471707,WAIT,WAIT|WANT|SAD|YOUR|FAMILY,True,True,0.8901639580726624,False
data/local/local_citizen100_quality_audit_q82/landmarks/WAIT/f2008e38.v17.npz,data/raw_videos/ASL VIDEOS/WAIT/f2008e38.mp4,WAIT,WAIT,B_02_016,canonical_and_pinned_raw_text_equal,local_hex_unknown_session,0.9507778752544513,STOP,STOP|WAIT|DOCTOR|SAD|SMALL,False,True,0.0761723667383194,False
data/local/local_citizen100_quality_audit_q82/landmarks/WANT/WANT_25.v17.npz,data/raw_videos/ASL VIDEOS/WANT/WANT_25.mp4,WANT,WANT1,E_01_025,canonical_only_variant_review_required,local_numbered_single_session,0.9872961303049097,MAYBE,MAYBE|WANT|HAVE|NOW|ANGRY,False,True,0.1934194266796112,False
data/local/local_citizen100_quality_audit_q82/landmarks/WANT/e7bb28f9.v17.npz,data/raw_videos/ASL VIDEOS/WANT/e7bb28f9.mp4,WANT,WANT1,E_01_025,canonical_only_variant_review_required,local_hex_unknown_session,0.9270814604002797,IMPORTANT,IMPORTANT|FAMILY|FIND|READY|LANGUAGE,False,False,0.0030775596387684345,False
data/local/local_citizen100_quality_audit_q82/landmarks/WANT/f264a39e.v17.npz,data/raw_videos/ASL VIDEOS/WANT/f264a39e.mp4,WANT,WANT1,E_01_025,canonical_only_variant_review_required,local_hex_unknown_session,0.9495224594160999,HAVE,HAVE|TRY|SIGN|MAYBE|ANGRY,False,False,0.008481183089315891,False
data/local/local_citizen100_quality_audit_q82/landmarks/WANT/fb3e9cac.v17.npz,data/raw_videos/ASL VIDEOS/WANT/fb3e9cac.mp4,WANT,WANT1,E_01_025,canonical_only_variant_review_required,local_hex_unknown_session,0.885318309098702,MAYBE,MAYBE|EASY|WAIT|DOCTOR|STOP,False,False,0.015556875616312027,False
data/local/local_citizen100_quality_audit_q82/landmarks/WATER/7582ea1c.v17.npz,data/raw_videos/ASL VIDEOS/WATER/7582ea1c.mp4,WATER,WATER,A_02_031,canonical_and_pinned_raw_text_equal,local_hex_unknown_session,0.9462597956086334,WATER,WATER|SLEEP|EAT|TALK|LIKE,True,True,0.5989353060722351,False
data/local/local_citizen100_quality_audit_q82/landmarks/WATER/WATER_17.v17.npz,data/raw_videos/ASL VIDEOS/WATER/WATER_17.mp4,WATER,WATER,A_02_031,canonical_and_pinned_raw_text_equal,local_numbered_single_session,0.9967872040723318,WATER,WATER|NO|LIKE|USE|TALK,True,True,0.8477804660797119,False
data/local/local_citizen100_quality_audit_q82/landmarks/WATER/f882b0aa.v17.npz,data/raw_videos/ASL VIDEOS/WATER/f882b0aa.mp4,WATER,WATER,A_02_031,canonical_and_pinned_raw_text_equal,local_hex_unknown_session,0.8592745281271381,WHY,WHY|LISTEN|SEE|HELLO|GOODBYE,False,False,0.0047774245031178,False
data/local/local_citizen100_quality_audit_q82/landmarks/WATER/fb2dc943.v17.npz,data/raw_videos/ASL VIDEOS/WATER/fb2dc943.mp4,WATER,WATER,A_02_031,canonical_and_pinned_raw_text_equal,local_hex_unknown_session,0.9280406793536119,WATER,WATER|YOUR|NO|TALK|MOTHER,True,True,0.5783933997154236,False
data/local/local_citizen100_quality_audit_q82/landmarks/WEEK/2796c9d7.v17.npz,data/raw_videos/ASL VIDEOS/WEEK/2796c9d7.mp4,WEEK,WEEK,B_02_079,canonical_and_pinned_raw_text_equal,local_hex_unknown_session,0.9189494966378118,WEEK,WEEK|WRITE|NAME|READ|SCHOOL,True,True,0.6015252470970154,False
data/local/local_citizen100_quality_audit_q82/landmarks/WEEK/61145b69.v17.npz,data/raw_videos/ASL VIDEOS/WEEK/61145b69.mp4,WEEK,WEEK,B_02_079,canonical_and_pinned_raw_text_equal,local_hex_unknown_session,0.9360974319811405,SCHOOL,SCHOOL|NAME|WEEK|HOW|DOCTOR,False,True,0.10464941710233688,False
data/local/local_citizen100_quality_audit_q82/landmarks/WEEK/WEEK_16.v17.npz,data/raw_videos/ASL VIDEOS/WEEK/WEEK_16.mp4,WEEK,WEEK,B_02_079,canonical_and_pinned_raw_text_equal,local_numbered_single_session,0.963989665679251,MORNING,MORNING|NAME|LOVE|HOW|WEEK,False,True,0.05244193971157074,False
data/local/local_citizen100_quality_audit_q82/landmarks/WEEK/c64f4c0b.v17.npz,data/raw_videos/ASL VIDEOS/WEEK/c64f4c0b.mp4,WEEK,WEEK,B_02_079,canonical_and_pinned_raw_text_equal,local_hex_unknown_session,0.8740233125449699,HOW,HOW|WEEK|EASY|SCHOOL|NAME,False,True,0.21146339178085327,False
data/local/local_citizen100_quality_audit_q82/landmarks/WHAT/14e9048d.v17.npz,data/raw_videos/ASL VIDEOS/WHAT/14e9048d.mp4,WHAT,WHAT1,D_02_094,canonical_only_variant_review_required,local_hex_unknown_session,0.9253186629895491,MAYBE,MAYBE|HAVE|DOCTOR|EXCITED|TIRED,False,False,0.005828781984746456,False
data/local/local_citizen100_quality_audit_q82/landmarks/WHAT/WHAT_21.v17.npz,data/raw_videos/ASL VIDEOS/WHAT/WHAT_21.mp4,WHAT,WHAT1,D_02_094,canonical_only_variant_review_required,local_numbered_single_session,0.985473338019007,MAYBE,MAYBE|WANT|NOW|TRY|CHILD,False,False,0.01172240823507309,False
data/local/local_citizen100_quality_audit_q82/landmarks/WHAT/acf11af1.v17.npz,data/raw_videos/ASL VIDEOS/WHAT/acf11af1.mp4,WHAT,WHAT1,D_02_094,canonical_only_variant_review_required,local_hex_unknown_session,0.9353847335508071,TIRED,TIRED|MAYBE|EXCITED|FEEL|HUNGRY,False,False,0.051185064017772675,False
data/local/local_citizen100_quality_audit_q82/landmarks/WHAT/ae55f895.v17.npz,data/raw_videos/ASL VIDEOS/WHAT/ae55f895.mp4,WHAT,WHAT1,D_02_094,canonical_only_variant_review_required,local_hex_unknown_session,0.9894451533001584,HAVE,HAVE|SIGN|MAYBE|EXCITED|TRY,False,False,0.007524734828621149,False
data/local/local_citizen100_quality_audit_q82/landmarks/WHEN/8432ebe9.v17.npz,data/raw_videos/ASL VIDEOS/WHEN/8432ebe9.mp4,WHEN,WHEN,C_03_086,canonical_and_pinned_raw_text_equal,local_hex_unknown_session,0.9417886740482397,SIGN,SIGN|WHEN|WHAT|FRIEND|NAME,False,True,0.3076578378677368,False
data/local/local_citizen100_quality_audit_q82/landmarks/WHEN/8773c424.v17.npz,data/raw_videos/ASL VIDEOS/WHEN/8773c424.mp4,WHEN,WHEN,C_03_086,canonical_and_pinned_raw_text_equal,local_hex_unknown_session,0.9910138404451998,SIGN,SIGN|WHEN|HAVE|TIME|DIFFERENT,False,True,0.14396169781684875,False
data/local/local_citizen100_quality_audit_q82/landmarks/WHEN/b84d07a3.v17.npz,data/raw_videos/ASL VIDEOS/WHEN/b84d07a3.mp4,WHEN,WHEN,C_03_086,canonical_and_pinned_raw_text_equal,local_hex_unknown_session,0.9570200129885902,WHEN,WHEN|ANSWER|WEEK|DIFFERENT|SIGN,True,True,0.9137998819351196,False
data/local/local_citizen100_quality_audit_q82/landmarks/WHEN/bafcc0d5.v17.npz,data/raw_videos/ASL VIDEOS/WHEN/bafcc0d5.mp4,WHEN,WHEN,C_03_086,canonical_and_pinned_raw_text_equal,local_hex_unknown_session,0.9855278655456607,SIGN,SIGN|WHEN|HAVE|HOW|MAKE,False,True,0.29386770725250244,False
data/local/local_citizen100_quality_audit_q82/landmarks/WHERE/4ac61425.v17.npz,data/raw_videos/ASL VIDEOS/WHERE/4ac61425.mp4,WHERE,WHERE,B_02_035,canonical_and_pinned_raw_text_equal,local_hex_unknown_session,0.9522891529969896,HE,HE|WHERE|DIFFERENT|ASK|NEED,False,True,0.36677879095077515,False
data/local/local_citizen100_quality_audit_q82/landmarks/WHERE/562c51a3.v17.npz,data/raw_videos/ASL VIDEOS/WHERE/562c51a3.mp4,WHERE,WHERE,B_02_035,canonical_and_pinned_raw_text_equal,local_hex_unknown_session,0.8201051167122961,WHERE,WHERE|ASK|YOU|WHO|TAKE,True,True,0.7801466584205627,False
data/local/local_citizen100_quality_audit_q82/landmarks/WHERE/6d5d5cde.v17.npz,data/raw_videos/ASL VIDEOS/WHERE/6d5d5cde.mp4,WHERE,WHERE,B_02_035,canonical_and_pinned_raw_text_equal,local_hex_unknown_session,0.9259154504249707,HE,HE|WHERE|SEE|ASK|LISTEN,False,True,0.23954233527183533,False
data/local/local_citizen100_quality_audit_q82/landmarks/WHERE/WHERE_19.v17.npz,data/raw_videos/ASL VIDEOS/WHERE/WHERE_19.mp4,WHERE,WHERE,B_02_035,canonical_and_pinned_raw_text_equal,local_numbered_single_session,0.9992567535334254,DIFFERENT,DIFFERENT|GO|WHEN|SIGN|BIG,False,False,0.026231488212943077,False
data/local/local_citizen100_quality_audit_q82/landmarks/WHO/1384e620.v17.npz,data/raw_videos/ASL VIDEOS/WHO/1384e620.mp4,WHO,WHO,C_01_041,canonical_and_pinned_raw_text_equal,local_hex_unknown_session,0.8246878949817443,WHO,WHO|WHERE|YOU|ASK|WATER,True,True,0.8805975317955017,False
data/local/local_citizen100_quality_audit_q82/landmarks/WHO/5dd2e673.v17.npz,data/raw_videos/ASL VIDEOS/WHO/5dd2e673.mp4,WHO,WHO,C_01_041,canonical_and_pinned_raw_text_equal,local_hex_unknown_session,0.9902890520882415,YOU,YOU|WHO|WHERE|TELL|WATER,False,True,0.21275341510772705,False
data/local/local_citizen100_quality_audit_q82/landmarks/WHO/955c68c7.v17.npz,data/raw_videos/ASL VIDEOS/WHO/955c68c7.mp4,WHO,WHO,C_01_041,canonical_and_pinned_raw_text_equal,local_hex_unknown_session,0.9594842758537423,WHERE,WHERE|WHO|YOU|ASK|HE,False,True,0.399183064699173,False
data/local/local_citizen100_quality_audit_q82/landmarks/WHO/WHO_23.v17.npz,data/raw_videos/ASL VIDEOS/WHO/WHO_23.mp4,WHO,WHO,C_01_041,canonical_and_pinned_raw_text_equal,local_numbered_single_session,0.9988419486186824,WHO,WHO|WHERE|YOU|TELL|WATER,True,True,0.6300163269042969,False
data/local/local_citizen100_quality_audit_q82/landmarks/WHY/57a442d0.v17.npz,data/raw_videos/ASL VIDEOS/WHY/57a442d0.mp4,WHY,WHY,D_01_067,canonical_and_pinned_raw_text_equal,local_hex_unknown_session,0.9468326772123224,WHY,WHY|THANKYOU|KNOW|WAIT|STOP,True,True,0.41725990176200867,False
data/local/local_citizen100_quality_audit_q82/landmarks/WHY/5e2587c7.v17.npz,data/raw_videos/ASL VIDEOS/WHY/5e2587c7.mp4,WHY,WHY,D_01_067,canonical_and_pinned_raw_text_equal,local_hex_unknown_session,0.9356333881468568,THANKYOU,THANKYOU|COME|HELP|UNDERSTAND|WHY,False,True,0.04338940978050232,False
data/local/local_citizen100_quality_audit_q82/landmarks/WHY/WHY_2.v17.npz,data/raw_videos/ASL VIDEOS/WHY/WHY_2.mp4,WHY,WHY,D_01_067,canonical_and_pinned_raw_text_equal,local_numbered_single_session,0.9926055639510463,CHILD,CHILD|GOODBYE|MAYBE|OUR|WHY,False,True,0.03848019987344742,False
data/local/local_citizen100_quality_audit_q82/landmarks/WHY/fe8ce85d.v17.npz,data/raw_videos/ASL VIDEOS/WHY/fe8ce85d.mp4,WHY,WHY,D_01_067,canonical_and_pinned_raw_text_equal,local_hex_unknown_session,0.8858919038584728,HE,HE|TELL|WHERE|SEE|WHAT,False,False,0.013680101372301579,False
data/local/local_citizen100_quality_audit_q82/landmarks/WOMAN/7bc49c6d.v17.npz,data/raw_videos/ASL VIDEOS/WOMAN/7bc49c6d.mp4,WOMAN,WOMAN1,C_02_028,canonical_only_variant_review_required,local_hex_unknown_session,0.9170733317232513,HELLO,HELLO|HEAR|MOTHER|DRINK|GOODBYE,False,False,0.0017889157170429826,False
data/local/local_citizen100_quality_audit_q82/landmarks/WOMAN/b4105186.v17.npz,data/raw_videos/ASL VIDEOS/WOMAN/b4105186.mp4,WOMAN,WOMAN1,C_02_028,canonical_only_variant_review_required,local_hex_unknown_session,0.8208452316896576,TOMORROW,TOMORROW|MAN|WOMAN|HOME|YESTERDAY,False,True,0.09293203800916672,False
data/local/local_citizen100_quality_audit_q82/landmarks/WOMAN/b4ba5f33.v17.npz,data/raw_videos/ASL VIDEOS/WOMAN/b4ba5f33.mp4,WOMAN,WOMAN1,C_02_028,canonical_only_variant_review_required,local_hex_unknown_session,0.859701240171466,TOMORROW,TOMORROW|YOU|NEED|YES|HOT,False,False,0.0013849977403879166,False
data/local/local_citizen100_quality_audit_q82/landmarks/WOMAN/d37c7060.v17.npz,data/raw_videos/ASL VIDEOS/WOMAN/d37c7060.mp4,WOMAN,WOMAN1,C_02_028,canonical_only_variant_review_required,local_hex_unknown_session,0.9270360863927303,MOTHER,MOTHER|DRINK|HELLO|TALK|WOMAN,False,True,0.04848887398838997,False
data/local/local_citizen100_quality_audit_q82/landmarks/WORK/59d6f5f4.v17.npz,data/raw_videos/ASL VIDEOS/WORK/59d6f5f4.mp4,WORK,WORK,B_03_059,canonical_and_pinned_raw_text_equal,local_hex_unknown_session,0.9628123741556955,WE,WE|TIME|I|HOSPITAL|WORK,False,True,0.04550755023956299,False
data/local/local_citizen100_quality_audit_q82/landmarks/WORK/aee26f01.v17.npz,data/raw_videos/ASL VIDEOS/WORK/aee26f01.mp4,WORK,WORK,B_03_059,canonical_and_pinned_raw_text_equal,local_hex_unknown_session,0.9473110166765321,WORK,WORK|NIGHT|MAKE|TIME|USE,True,True,0.7874559760093689,False
data/local/local_citizen100_quality_audit_q82/landmarks/WORK/b9e208ef.v17.npz,data/raw_videos/ASL VIDEOS/WORK/b9e208ef.mp4,WORK,WORK,B_03_059,canonical_and_pinned_raw_text_equal,local_hex_unknown_session,0.8443451513221562,WORK,WORK|NIGHT|HOSPITAL|MAKE|LOVE,True,True,0.5114846229553223,False
data/local/local_citizen100_quality_audit_q82/landmarks/WORK/c984ca09.v17.npz,data/raw_videos/ASL VIDEOS/WORK/c984ca09.mp4,WORK,WORK,B_03_059,canonical_and_pinned_raw_text_equal,local_hex_unknown_session,0.9663141272081537,HOSPITAL,HOSPITAL|WORK|LOVE|USE|NIGHT,False,True,0.1411481350660324,False
data/local/local_citizen100_quality_audit_q82/landmarks/WRITE/24a1add5.v17.npz,data/raw_videos/ASL VIDEOS/WRITE/24a1add5.mp4,WRITE,WRITE,D_01_051,canonical_and_pinned_raw_text_equal,local_hex_unknown_session,0.925645128264403,DOCTOR,DOCTOR|WRITE|LEARN|NAME|NIGHT,False,True,0.10883137583732605,False
data/local/local_citizen100_quality_audit_q82/landmarks/WRITE/853e8221.v17.npz,data/raw_videos/ASL VIDEOS/WRITE/853e8221.mp4,WRITE,WRITE,D_01_051,canonical_and_pinned_raw_text_equal,local_hex_unknown_session,0.9321116200697694,NIGHT,NIGHT|NAME|MAKE|DOCTOR|YEAR,False,False,0.008626789785921574,False
data/local/local_citizen100_quality_audit_q82/landmarks/WRITE/dc3b4e86.v17.npz,data/raw_videos/ASL VIDEOS/WRITE/dc3b4e86.mp4,WRITE,WRITE,D_01_051,canonical_and_pinned_raw_text_equal,local_hex_unknown_session,0.920861640480507,NAME,NAME|DOCTOR|WRITE|READ|FRIEND,False,True,0.11584318429231644,False
data/local/local_citizen100_quality_audit_q82/landmarks/WRITE/f09ff5b8.v17.npz,data/raw_videos/ASL VIDEOS/WRITE/f09ff5b8.mp4,WRITE,WRITE,D_01_051,canonical_and_pinned_raw_text_equal,local_hex_unknown_session,0.870118092252353,MAKE,MAKE|YEAR|WHAT|TELL|WHEN,False,False,0.0035553635098040104,False
data/local/local_citizen100_quality_audit_q82/landmarks/YEAR/22ce301c.v17.npz,data/raw_videos/ASL VIDEOS/YEAR/22ce301c.mp4,YEAR,YEAR,B_02_015,canonical_and_pinned_raw_text_equal,local_hex_unknown_session,0.9238415936178195,YEAR,YEAR|MAKE|TIME|SIGN|I,True,True,0.7277011275291443,False
data/local/local_citizen100_quality_audit_q82/landmarks/YEAR/41719d22.v17.npz,data/raw_videos/ASL VIDEOS/YEAR/41719d22.mp4,YEAR,YEAR,B_02_015,canonical_and_pinned_raw_text_equal,local_hex_unknown_session,0.9784669824107403,YEAR,YEAR|MAKE|LOVE|SCHOOL|HELP,True,True,0.8723499774932861,False
data/local/local_citizen100_quality_audit_q82/landmarks/YEAR/ed6972e5.v17.npz,data/raw_videos/ASL VIDEOS/YEAR/ed6972e5.mp4,YEAR,YEAR,B_02_015,canonical_and_pinned_raw_text_equal,local_hex_unknown_session,0.9619598791531656,MAKE,MAKE|YEAR|HOW|TIRED|MORNING,False,True,0.17513765394687653,False
data/local/local_citizen100_quality_audit_q82/landmarks/YEAR/f072be4c.v17.npz,data/raw_videos/ASL VIDEOS/YEAR/f072be4c.mp4,YEAR,YEAR,B_02_015,canonical_and_pinned_raw_text_equal,local_hex_unknown_session,0.892753369351805,YEAR,YEAR|LOVE|MAKE|HELP|DAY,True,True,0.7220892906188965,False
data/local/local_citizen100_quality_audit_q82/landmarks/YES/796f8307.v17.npz,data/raw_videos/ASL VIDEOS/YES/796f8307.mp4,YES,YES,G_03_074,canonical_and_pinned_raw_text_equal,local_hex_unknown_session,0.9800109949335996,NEED,NEED|CHILD|YES|YESTERDAY|THINK,False,True,0.08966293931007385,False
data/local/local_citizen100_quality_audit_q82/landmarks/YES/YES_2.v17.npz,data/raw_videos/ASL VIDEOS/YES/YES_2.mp4,YES,YES,G_03_074,canonical_and_pinned_raw_text_equal,local_numbered_single_session,0.9963997520452006,CHILD,CHILD|YES|NEED|COME|GOODBYE,False,True,0.40673449635505676,False
data/local/local_citizen100_quality_audit_q82/landmarks/YES/a43a7007.v17.npz,data/raw_videos/ASL VIDEOS/YES/a43a7007.mp4,YES,YES,G_03_074,canonical_and_pinned_raw_text_equal,local_hex_unknown_session,0.9524738348997697,CHILD,CHILD|GOODBYE|YESTERDAY|YES|NEED,False,True,0.08572617173194885,False
data/local/local_citizen100_quality_audit_q82/landmarks/YES/db10a28a.v17.npz,data/raw_videos/ASL VIDEOS/YES/db10a28a.mp4,YES,YES,G_03_074,canonical_and_pinned_raw_text_equal,local_hex_unknown_session,0.9042925355203081,LEARN,LEARN|ANSWER|FIND|YEAR|FATHER,False,False,0.00830168928951025,False
data/local/local_citizen100_quality_audit_q82/landmarks/YESTERDAY/2df93011.v17.npz,data/raw_videos/ASL VIDEOS/YESTERDAY/2df93011.mp4,YESTERDAY,YESTERDAY,D_01_024,canonical_and_pinned_raw_text_equal,local_hex_unknown_session,0.9420879765895078,YESTERDAY,YESTERDAY|YES|GOODBYE|CHILD|NEED,True,True,0.6090785264968872,False
data/local/local_citizen100_quality_audit_q82/landmarks/YESTERDAY/5f88ecfd.v17.npz,data/raw_videos/ASL VIDEOS/YESTERDAY/5f88ecfd.mp4,YESTERDAY,YESTERDAY,D_01_024,canonical_and_pinned_raw_text_equal,local_hex_unknown_session,0.8958586262935372,YESTERDAY,YESTERDAY|TOMORROW|YES|DRINK|TAKE,True,True,0.34818628430366516,False
data/local/local_citizen100_quality_audit_q82/landmarks/YESTERDAY/6e9786e4.v17.npz,data/raw_videos/ASL VIDEOS/YESTERDAY/6e9786e4.mp4,YESTERDAY,YESTERDAY,D_01_024,canonical_and_pinned_raw_text_equal,local_hex_unknown_session,0.9267000286243672,COME,COME|SORRY|TOMORROW|EAT|YES,False,False,0.007495969068259001,False
data/local/local_citizen100_quality_audit_q82/landmarks/YESTERDAY/YESTERDAY_15.v17.npz,data/raw_videos/ASL VIDEOS/YESTERDAY/YESTERDAY_15.mp4,YESTERDAY,YESTERDAY,D_01_024,canonical_and_pinned_raw_text_equal,local_numbered_single_session,0.9976469094601712,YESTERDAY,YESTERDAY|YES|NEED|WHERE|TAKE,True,True,0.37306544184684753,False
data/local/local_citizen100_quality_audit_q82/landmarks/YOU/09e9cd8a.v17.npz,data/raw_videos/ASL VIDEOS/YOU/09e9cd8a.mp4,YOU,YOU,D_02_065,canonical_and_pinned_raw_text_equal,local_hex_unknown_session,0.8754746621524389,YOU,YOU|TELL|THEY|WHO|LANGUAGE,True,True,0.904187798500061,False
data/local/local_citizen100_quality_audit_q82/landmarks/YOU/27fa363a.v17.npz,data/raw_videos/ASL VIDEOS/YOU/27fa363a.mp4,YOU,YOU,D_02_065,canonical_and_pinned_raw_text_equal,local_hex_unknown_session,0.9527937587643589,YOU,YOU|WHO|ASK|TELL|TOMORROW,True,True,0.7428742051124573,False
data/local/local_citizen100_quality_audit_q82/landmarks/YOU/YOU_12.v17.npz,data/raw_videos/ASL VIDEOS/YOU/YOU_12.mp4,YOU,YOU,D_02_065,canonical_and_pinned_raw_text_equal,local_numbered_single_session,0.9999131713974421,YOU,YOU|NEED|ASK|WHERE|FRIEND,True,True,0.8610429167747498,False
data/local/local_citizen100_quality_audit_q82/landmarks/YOU/cfc9db85.v17.npz,data/raw_videos/ASL VIDEOS/YOU/cfc9db85.mp4,YOU,YOU,D_02_065,canonical_and_pinned_raw_text_equal,local_hex_unknown_session,0.9101842849593109,ASK,ASK|NEED|YOU|ANSWER|GO,False,True,0.08842353522777557,False
data/local/local_citizen100_quality_audit_q82/landmarks/YOUR/270bef1b.v17.npz,data/raw_videos/ASL VIDEOS/YOUR/270bef1b.mp4,YOUR,YOUR,F_01_052,canonical_and_pinned_raw_text_equal,local_hex_unknown_session,0.9709788742518504,HELLO,HELLO|HEAR|GOODBYE|FIND|MOTHER,False,False,0.002143245190382004,False
data/local/local_citizen100_quality_audit_q82/landmarks/YOUR/289cf85c.v17.npz,data/raw_videos/ASL VIDEOS/YOUR/289cf85c.mp4,YOUR,YOUR,F_01_052,canonical_and_pinned_raw_text_equal,local_hex_unknown_session,0.9095467034192215,GOODBYE,GOODBYE|HELLO|CHILD|HEAR|WHY,False,False,0.018802691251039505,False
data/local/local_citizen100_quality_audit_q82/landmarks/YOUR/6759a789.v17.npz,data/raw_videos/ASL VIDEOS/YOUR/6759a789.mp4,YOUR,YOUR,F_01_052,canonical_and_pinned_raw_text_equal,local_hex_unknown_session,0.9907614268096785,HELLO,HELLO|FIND|GOODBYE|FAMILY|DRINK,False,False,0.008795962668955326,False
data/local/local_citizen100_quality_audit_q82/landmarks/YOUR/95b93354.v17.npz,data/raw_videos/ASL VIDEOS/YOUR/95b93354.mp4,YOUR,YOUR,F_01_052,canonical_and_pinned_raw_text_equal,local_hex_unknown_session,0.9415105649973372,GOODBYE,GOODBYE|CHILD|HEAR|YOUR|HELLO,False,True,0.009324404411017895,False
