item_id,true_label,predicted_label,correct
local_deep_clean_val/ANGRY/ANGRY_3252f0f6,ANGRY,ANGRY,True
local_deep_clean_val/ANGRY/ANGRY_33e8ad45,ANGRY,ANGRY,True
local_deep_clean_val/ANGRY/ANGRY_458f6cab,ANGRY,ANGRY,True
local_deep_clean_val/ANGRY/ANGRY_4ac04cfc,ANGRY,ANGRY,True
local_deep_clean_val/ANGRY/ANGRY_54d14fcc,ANGRY,EXCITED,False
local_deep_clean_val/ANGRY/ANGRY_575330c0,ANGRY,ANGRY,True
local_deep_clean_val/ANGRY/ANGRY_57b93b85,ANGRY,EXCITED,False
local_deep_clean_val/ANGRY/ANGRY_64df3eb8,ANGRY,EXCITED,False
local_deep_clean_val/ANGRY/ANGRY_7e84cd9f,ANGRY,EXCITED,False
local_deep_clean_val/ANGRY/ANGRY_81f9b201,ANGRY,ANGRY,True
local_deep_clean_val/ANGRY/ANGRY_8a532e84,ANGRY,EXCITED,False
local_deep_clean_val/ANGRY/ANGRY_ANGRY_14,ANGRY,ANGRY,True
local_deep_clean_val/ANGRY/ANGRY_ANGRY_20,ANGRY,ANGRY,True
local_deep_clean_val/ANGRY/ANGRY_ANGRY_23,ANGRY,ANGRY,True
local_deep_clean_val/ANGRY/ANGRY_ac92e609,ANGRY,ANGRY,True
local_deep_clean_val/ANGRY/ANGRY_d6f44b5e,ANGRY,HAPPY,False
local_deep_clean_val/ANGRY/ANGRY_e498de57,ANGRY,ANGRY,True
local_deep_clean_val/ANGRY/ANGRY_ecb03d86,ANGRY,ANGRY,True
local_deep_clean_val/ANGRY/ANGRY_f6f471a7,ANGRY,EXCITED,False
local_deep_clean_val/ANSWER/ANSWER_09062778,ANSWER,ANSWER,True
local_deep_clean_val/ANSWER/ANSWER_0c666a2f,ANSWER,ANSWER,True
local_deep_clean_val/ANSWER/ANSWER_0fed35bc,ANSWER,ANSWER,True
local_deep_clean_val/ANSWER/ANSWER_165efefe,ANSWER,YOU,False
local_deep_clean_val/ANSWER/ANSWER_16e63018,ANSWER,ANSWER,True
local_deep_clean_val/ANSWER/ANSWER_18d80847,ANSWER,NOW,False
local_deep_clean_val/ANSWER/ANSWER_1d7259f8,ANSWER,LANGUAGE,False
local_deep_clean_val/ANSWER/ANSWER_2033f745,ANSWER,GO,False
local_deep_clean_val/ANSWER/ANSWER_20d30cf6,ANSWER,ANSWER,True
local_deep_clean_val/ANSWER/ANSWER_21aab3cd,ANSWER,ANSWER,True
local_deep_clean_val/ANSWER/ANSWER_264ce692,ANSWER,ANSWER,True
local_deep_clean_val/ANSWER/ANSWER_37eb042b,ANSWER,ANSWER,True
local_deep_clean_val/ANSWER/ANSWER_382c1570,ANSWER,MAKE,False
local_deep_clean_val/ANSWER/ANSWER_456e1d63,ANSWER,ANSWER,True
local_deep_clean_val/ANSWER/ANSWER_473d04d1,ANSWER,FRIEND,False
local_deep_clean_val/ANSWER/ANSWER_4aa44f7e,ANSWER,WHO,False
local_deep_clean_val/ANSWER/ANSWER_5681b451,ANSWER,WEEK,False
local_deep_clean_val/ANSWER/ANSWER_63e12d32,ANSWER,ANSWER,True
local_deep_clean_val/ANSWER/ANSWER_64e02fd7,ANSWER,ANSWER,True
local_deep_clean_val/ANSWER/ANSWER_6a8c6a05,ANSWER,ANSWER,True
local_deep_clean_val/ANSWER/ANSWER_726cc1eb,ANSWER,GO,False
local_deep_clean_val/ANSWER/ANSWER_787dcd97,ANSWER,YOU,False
local_deep_clean_val/ANSWER/ANSWER_7a359e42,ANSWER,ANSWER,True
local_deep_clean_val/ANSWER/ANSWER_8caf3c22,ANSWER,ANSWER,True
local_deep_clean_val/ANSWER/ANSWER_983e9c2b,ANSWER,ANSWER,True
local_deep_clean_val/ANSWER/ANSWER_999eaf3e,ANSWER,ANSWER,True
local_deep_clean_val/ANSWER/ANSWER_ANSWER_15,ANSWER,ANSWER,True
local_deep_clean_val/ANSWER/ANSWER_ANSWER_16,ANSWER,ANSWER,True
local_deep_clean_val/ANSWER/ANSWER_ANSWER_18,ANSWER,GO,False
local_deep_clean_val/ANSWER/ANSWER_ANSWER_24,ANSWER,ANSWER,True
local_deep_clean_val/ANSWER/ANSWER_ANSWER_4,ANSWER,ANSWER,True
local_deep_clean_val/ANSWER/ANSWER_ANSWER_9,ANSWER,ANSWER,True
local_deep_clean_val/ANSWER/ANSWER_a0e4933e,ANSWER,ANSWER,True
local_deep_clean_val/ANSWER/ANSWER_a948428b,ANSWER,ANSWER,True
local_deep_clean_val/ANSWER/ANSWER_a9a783a0,ANSWER,SMALL,False
local_deep_clean_val/ANSWER/ANSWER_ad646a39,ANSWER,ANSWER,True
local_deep_clean_val/ANSWER/ANSWER_b0111bbe,ANSWER,GO,False
local_deep_clean_val/ANSWER/ANSWER_b6358282,ANSWER,ANSWER,True
local_deep_clean_val/ANSWER/ANSWER_babf58bf,ANSWER,WEEK,False
local_deep_clean_val/ANSWER/ANSWER_be0778e7,ANSWER,ANSWER,True
local_deep_clean_val/ANSWER/ANSWER_bf8f58be,ANSWER,ANSWER,True
local_deep_clean_val/ANSWER/ANSWER_c08a2ab8,ANSWER,ANSWER,True
local_deep_clean_val/ANSWER/ANSWER_c7c031a2,ANSWER,GO,False
local_deep_clean_val/ANSWER/ANSWER_cdad59ff,ANSWER,WHEN,False
local_deep_clean_val/ANSWER/ANSWER_dd1a8c24,ANSWER,GO,False
local_deep_clean_val/ANSWER/ANSWER_e23b2b43,ANSWER,ANSWER,True
local_deep_clean_val/ANSWER/ANSWER_e39770f2,ANSWER,ANSWER,True
local_deep_clean_val/ANSWER/ANSWER_ea849046,ANSWER,FRIEND,False
local_deep_clean_val/ANSWER/ANSWER_ed00813d,ANSWER,ANSWER,True
local_deep_clean_val/ANSWER/ANSWER_f23d373e,ANSWER,ANSWER,True
local_deep_clean_val/ANSWER/ANSWER_f37f6ad1,ANSWER,ANSWER,True
local_deep_clean_val/ASK/ASK_00e98d13,ASK,ASK,True
local_deep_clean_val/ASK/ASK_13be2b41,ASK,ASK,True
local_deep_clean_val/ASK/ASK_2218b87c,ASK,TOMORROW,False
local_deep_clean_val/ASK/ASK_314ea623,ASK,ASK,True
local_deep_clean_val/ASK/ASK_3c3577f7,ASK,ASK,True
local_deep_clean_val/ASK/ASK_46d28e98,ASK,NEED,False
local_deep_clean_val/ASK/ASK_4ffe644c,ASK,ASK,True
local_deep_clean_val/ASK/ASK_5241f3e1,ASK,YOU,False
local_deep_clean_val/ASK/ASK_5d2aba9a,ASK,ASK,True
local_deep_clean_val/ASK/ASK_5eeba551,ASK,HE,False
local_deep_clean_val/ASK/ASK_6623293f,ASK,ASK,True
local_deep_clean_val/ASK/ASK_6ce732da,ASK,NEED,False
local_deep_clean_val/ASK/ASK_791dda2d,ASK,ASK,True
local_deep_clean_val/ASK/ASK_9b154599,ASK,ASK,True
local_deep_clean_val/ASK/ASK_ASK_2,ASK,NO,False
local_deep_clean_val/ASK/ASK_ASK_23,ASK,NO,False
local_deep_clean_val/ASK/ASK_ASK_25,ASK,WHERE,False
local_deep_clean_val/ASK/ASK_ASK_4,ASK,ASK,True
local_deep_clean_val/ASK/ASK_de2d2b9a,ASK,ASK,True
local_deep_clean_val/ASK/ASK_e18a445b,ASK,YOU,False
local_deep_clean_val/ASK/ASK_ef005525,ASK,HE,False
local_deep_clean_val/ASK/ASK_f3f7857a,ASK,ASK,True
local_deep_clean_val/ASK/ASK_fc532a71,ASK,ASK,True
local_deep_clean_val/BAD/BAD_08554283,BAD,WOMAN,False
local_deep_clean_val/BAD/BAD_0ff533c3,BAD,THANKYOU,False
local_deep_clean_val/BAD/BAD_1ca22805,BAD,HOT,False
local_deep_clean_val/BAD/BAD_280e291e,BAD,THANKYOU,False
local_deep_clean_val/BAD/BAD_419cf875,BAD,BAD,True
local_deep_clean_val/BAD/BAD_56153e3d,BAD,BAD,True
local_deep_clean_val/BAD/BAD_624ffcd0,BAD,BAD,True
local_deep_clean_val/BAD/BAD_62d22427,BAD,BAD,True
local_deep_clean_val/BAD/BAD_743d9442,BAD,THANKYOU,False
local_deep_clean_val/BAD/BAD_78b4cb63,BAD,BAD,True
local_deep_clean_val/BAD/BAD_7e4e25c1,BAD,EAT,False
local_deep_clean_val/BAD/BAD_80b0bc39,BAD,THANKYOU,False
local_deep_clean_val/BAD/BAD_BAD_19,BAD,BAD,True
local_deep_clean_val/BAD/BAD_BAD_3,BAD,THANKYOU,False
local_deep_clean_val/BAD/BAD_BAD_7,BAD,HOT,False
local_deep_clean_val/BAD/BAD_BAD_9,BAD,HOT,False
local_deep_clean_val/BAD/BAD_a33d3704,BAD,BAD,True
local_deep_clean_val/BAD/BAD_a692394c,BAD,THANKYOU,False
local_deep_clean_val/BAD/BAD_b1791eb9,BAD,BAD,True
local_deep_clean_val/BAD/BAD_b73bf1b7,BAD,THANKYOU,False
local_deep_clean_val/BAD/BAD_cda978b8,BAD,BAD,True
local_deep_clean_val/BAD/BAD_d413169e,BAD,BAD,True
local_deep_clean_val/BAD/BAD_da893699,BAD,BAD,True
local_deep_clean_val/BAD/BAD_dd3123d1,BAD,BAD,True
local_deep_clean_val/BAD/BAD_f0b0fa81,BAD,BAD,True
local_deep_clean_val/BAD/BAD_f1a2eaf9,BAD,THANKYOU,False
local_deep_clean_val/BAD/BAD_f20277ae,BAD,HOT,False
local_deep_clean_val/BAD/BAD_fee04644,BAD,BAD,True
local_deep_clean_val/BAD/BAD_msasl_s-Km4Ni0Zko_7,BAD,DAY,False
local_deep_clean_val/BAD/BAD_wlasl_04720,BAD,BAD,True
local_deep_clean_val/BIG/BIG_021e1b1f,BIG,EASY,False
local_deep_clean_val/BIG/BIG_113e9830,BIG,MAYBE,False
local_deep_clean_val/BIG/BIG_2f7b292d,BIG,SMALL,False
local_deep_clean_val/BIG/BIG_35a40e27,BIG,MAYBE,False
local_deep_clean_val/BIG/BIG_492b0da2,BIG,READY,False
local_deep_clean_val/BIG/BIG_4dde8bf3,BIG,BIG,True
local_deep_clean_val/BIG/BIG_538b1ca5,BIG,COLD,False
local_deep_clean_val/BIG/BIG_541aa662,BIG,SMALL,False
local_deep_clean_val/BIG/BIG_6b193d91,BIG,MAYBE,False
local_deep_clean_val/BIG/BIG_6fbd6d7c,BIG,SMALL,False
local_deep_clean_val/BIG/BIG_7371db0a,BIG,SMALL,False
local_deep_clean_val/BIG/BIG_74ef8106,BIG,READY,False
local_deep_clean_val/BIG/BIG_7a7830fb,BIG,MAYBE,False
local_deep_clean_val/BIG/BIG_8a92a0d3,BIG,READY,False
local_deep_clean_val/BIG/BIG_BIG_1,BIG,WRITE,False
local_deep_clean_val/BIG/BIG_BIG_12,BIG,LEARN,False
local_deep_clean_val/BIG/BIG_BIG_14,BIG,LEARN,False
local_deep_clean_val/BIG/BIG_BIG_24,BIG,LEARN,False
local_deep_clean_val/BIG/BIG_BIG_3,BIG,SICK,False
local_deep_clean_val/BIG/BIG_BIG_4,BIG,LEARN,False
local_deep_clean_val/BIG/BIG_BIG_5,BIG,STOP,False
local_deep_clean_val/BIG/BIG_BIG_7,BIG,LEARN,False
local_deep_clean_val/BIG/BIG_BIG_8,BIG,WORK,False
local_deep_clean_val/BIG/BIG_cd52752e,BIG,MAYBE,False
local_deep_clean_val/BIG/BIG_d44dc7cc,BIG,BIG,True
local_deep_clean_val/BIG/BIG_d868afd3,BIG,SMALL,False
local_deep_clean_val/BIG/BIG_e76b26ae,BIG,BIG,True
local_deep_clean_val/BIG/BIG_f8826a1e,BIG,MAYBE,False
local_deep_clean_val/BIG/BIG_signasl_big_4,BIG,TRY,False
local_deep_clean_val/CHILD/CHILD_0345a3e7,CHILD,GOODBYE,False
local_deep_clean_val/CHILD/CHILD_297571fa,CHILD,WAIT,False
local_deep_clean_val/CHILD/CHILD_2aceccc0,CHILD,FIND,False
local_deep_clean_val/CHILD/CHILD_2f2ca3ea,CHILD,CHILD,True
local_deep_clean_val/CHILD/CHILD_5178a27b,CHILD,CHILD,True
local_deep_clean_val/CHILD/CHILD_51caea60,CHILD,CHILD,True
local_deep_clean_val/CHILD/CHILD_5451f0a2,CHILD,LIKE,False
local_deep_clean_val/CHILD/CHILD_7c124d47,CHILD,NEED,False
local_deep_clean_val/CHILD/CHILD_7f564e9a,CHILD,CHILD,True
local_deep_clean_val/CHILD/CHILD_82b33256,CHILD,CHILD,True
local_deep_clean_val/CHILD/CHILD_8ea273c8,CHILD,CHILD,True
local_deep_clean_val/CHILD/CHILD_9ca602d9,CHILD,MORNING,False
local_deep_clean_val/CHILD/CHILD_a53676ce,CHILD,CHILD,True
local_deep_clean_val/CHILD/CHILD_c64a65a5,CHILD,CHILD,True
local_deep_clean_val/CHILD/CHILD_cdc1ae8a,CHILD,CHILD,True
local_deep_clean_val/CHILD/CHILD_d7ca4864,CHILD,CHILD,True
local_deep_clean_val/CHILD/CHILD_dfddd1b9,CHILD,CHILD,True
local_deep_clean_val/CHILD/CHILD_e17fc3eb,CHILD,LIKE,False
local_deep_clean_val/CHILD/CHILD_e1fcc81b,CHILD,CHILD,True
local_deep_clean_val/CHILD/CHILD_e8d95bae,CHILD,LIKE,False
local_deep_clean_val/CHILD/CHILD_ed5740d9,CHILD,CHILD,True
local_deep_clean_val/CHILD/CHILD_f3268aad,CHILD,TELL,False
local_deep_clean_val/COLD/COLD_0b94d44f,COLD,COLD,True
local_deep_clean_val/COLD/COLD_2a8bfb4c,COLD,COLD,True
local_deep_clean_val/COLD/COLD_3327ffbb,COLD,COLD,True
local_deep_clean_val/COLD/COLD_373f88c2,COLD,COLD,True
local_deep_clean_val/COLD/COLD_5119c366,COLD,COLD,True
local_deep_clean_val/COLD/COLD_7ec9081a,COLD,COLD,True
local_deep_clean_val/COLD/COLD_8657d0de,COLD,COLD,True
local_deep_clean_val/COLD/COLD_9f08c9ad,COLD,COLD,True
local_deep_clean_val/COLD/COLD_COLD_2,COLD,COLD,True
local_deep_clean_val/COLD/COLD_COLD_20,COLD,COLD,True
local_deep_clean_val/COLD/COLD_COLD_24,COLD,COLD,True
local_deep_clean_val/COLD/COLD_ad78f121,COLD,HAVE,False
local_deep_clean_val/COLD/COLD_d40f2ca5,COLD,COLD,True
local_deep_clean_val/COLD/COLD_e8195ce2,COLD,COLD,True
local_deep_clean_val/COLD/COLD_fd97fad0,COLD,COLD,True
local_deep_clean_val/COLD/COLD_msasl_bhSbk9eQPu4_4,COLD,COLD,True
local_deep_clean_val/COLD/COLD_signasl_cold_7,COLD,SORRY,False
local_deep_clean_val/COME/COME_11971df7,COME,GIVE,False
local_deep_clean_val/COME/COME_25ed03e4,COME,ASK,False
local_deep_clean_val/COME/COME_261f431b,COME,SIGN,False
local_deep_clean_val/COME/COME_27af7f89,COME,WHERE,False
local_deep_clean_val/COME/COME_36db3b42,COME,THINK,False
local_deep_clean_val/COME/COME_390fe1e2,COME,MAN,False
local_deep_clean_val/COME/COME_39df56b5,COME,DIFFERENT,False
local_deep_clean_val/COME/COME_3b81ce80,COME,NEED,False
local_deep_clean_val/COME/COME_41d77d56,COME,NEED,False
local_deep_clean_val/COME/COME_448df122,COME,DAY,False
local_deep_clean_val/COME/COME_6d0f9b36,COME,HOT,False
local_deep_clean_val/COME/COME_74b1a2c9,COME,WHERE,False
local_deep_clean_val/COME/COME_801cf775,COME,NEED,False
local_deep_clean_val/COME/COME_846cfb91,COME,DIFFERENT,False
local_deep_clean_val/COME/COME_86439839,COME,NEED,False
local_deep_clean_val/COME/COME_88a16ba7,COME,DIFFERENT,False
local_deep_clean_val/COME/COME_8d6862d2,COME,HOT,False
local_deep_clean_val/COME/COME_9796564a,COME,NEED,False
local_deep_clean_val/COME/COME_COME_1,COME,WHERE,False
local_deep_clean_val/COME/COME_COME_13,COME,TIME,False
local_deep_clean_val/COME/COME_COME_4,COME,OUR,False
local_deep_clean_val/COME/COME_a1c2d5bd,COME,WHERE,False
local_deep_clean_val/COME/COME_a4a88397,COME,GIVE,False
local_deep_clean_val/COME/COME_b18945e1,COME,WE,False
local_deep_clean_val/COME/COME_e3cba3f4,COME,NEED,False
local_deep_clean_val/COME/COME_f6e4be41,COME,EAT,False
local_deep_clean_val/COME/COME_fc5a3262,COME,DIFFERENT,False
local_deep_clean_val/COME/COME_msasl_RMUydgQr9TE_4,COME,MAYBE,False
local_deep_clean_val/DAY/DAY_04ad1d3a,DAY,DAY,True
local_deep_clean_val/DAY/DAY_1ab5ca98,DAY,DAY,True
local_deep_clean_val/DAY/DAY_295183ec,DAY,DAY,True
local_deep_clean_val/DAY/DAY_2d222c61,DAY,DAY,True
local_deep_clean_val/DAY/DAY_2ea413a1,DAY,DAY,True
local_deep_clean_val/DAY/DAY_3ef4d2ee,DAY,DAY,True
local_deep_clean_val/DAY/DAY_4848f42d,DAY,DAY,True
local_deep_clean_val/DAY/DAY_4896c0c8,DAY,DAY,True
local_deep_clean_val/DAY/DAY_54833a96,DAY,DAY,True
local_deep_clean_val/DAY/DAY_56bf4bc9,DAY,DAY,True
local_deep_clean_val/DAY/DAY_668a9a13,DAY,DAY,True
local_deep_clean_val/DAY/DAY_75bc7a53,DAY,DAY,True
local_deep_clean_val/DAY/DAY_898a4327,DAY,DAY,True
local_deep_clean_val/DAY/DAY_9051f326,DAY,DAY,True
local_deep_clean_val/DAY/DAY_93a60d51,DAY,DAY,True
local_deep_clean_val/DAY/DAY_9ede1224,DAY,DAY,True
local_deep_clean_val/DAY/DAY_9f1b99d5,DAY,DAY,True
local_deep_clean_val/DAY/DAY_DAY_14,DAY,DAY,True
local_deep_clean_val/DAY/DAY_DAY_16,DAY,DAY,True
local_deep_clean_val/DAY/DAY_DAY_17,DAY,DAY,True
local_deep_clean_val/DAY/DAY_DAY_24,DAY,DAY,True
local_deep_clean_val/DAY/DAY_a2418d9e,DAY,DAY,True
local_deep_clean_val/DAY/DAY_acf1f860,DAY,DAY,True
local_deep_clean_val/DAY/DAY_b6aaee02,DAY,DAY,True
local_deep_clean_val/DAY/DAY_bd5750c7,DAY,DAY,True
local_deep_clean_val/DAY/DAY_d08c8fb7,DAY,DAY,True
local_deep_clean_val/DAY/DAY_d9cb01a4,DAY,DAY,True
local_deep_clean_val/DAY/DAY_dd0d0f44,DAY,DAY,True
local_deep_clean_val/DAY/DAY_e54e249b,DAY,DAY,True
local_deep_clean_val/DAY/DAY_e8c2d48b,DAY,DAY,True
local_deep_clean_val/DAY/DAY_fd0dbeb0,DAY,DAY,True
local_deep_clean_val/DAY/DAY_signasl_day_1,DAY,DAY,True
local_deep_clean_val/DAY/DAY_signasl_day_2,DAY,READ,False
local_deep_clean_val/DAY/DAY_signasl_day_4,DAY,MORNING,False
local_deep_clean_val/DIFFERENT/DIFFERENT_04f29b90,DIFFERENT,DIFFERENT,True
local_deep_clean_val/DIFFERENT/DIFFERENT_0a549b83,DIFFERENT,DIFFERENT,True
local_deep_clean_val/DIFFERENT/DIFFERENT_147513f3,DIFFERENT,DIFFERENT,True
local_deep_clean_val/DIFFERENT/DIFFERENT_28c2fbe7,DIFFERENT,DIFFERENT,True
local_deep_clean_val/DIFFERENT/DIFFERENT_2ff44373,DIFFERENT,DIFFERENT,True
local_deep_clean_val/DIFFERENT/DIFFERENT_30cb7ede,DIFFERENT,DIFFERENT,True
local_deep_clean_val/DIFFERENT/DIFFERENT_36a75b59,DIFFERENT,DIFFERENT,True
local_deep_clean_val/DIFFERENT/DIFFERENT_497cbfcc,DIFFERENT,DIFFERENT,True
local_deep_clean_val/DIFFERENT/DIFFERENT_4ce0dff5,DIFFERENT,DIFFERENT,True
local_deep_clean_val/DIFFERENT/DIFFERENT_5bddde2f,DIFFERENT,DIFFERENT,True
local_deep_clean_val/DIFFERENT/DIFFERENT_5cffb621,DIFFERENT,DIFFERENT,True
local_deep_clean_val/DIFFERENT/DIFFERENT_5d675d86,DIFFERENT,READY,False
local_deep_clean_val/DIFFERENT/DIFFERENT_65609ec8,DIFFERENT,DIFFERENT,True
local_deep_clean_val/DIFFERENT/DIFFERENT_66610a98,DIFFERENT,DIFFERENT,True
local_deep_clean_val/DIFFERENT/DIFFERENT_6c3a9de5,DIFFERENT,DIFFERENT,True
local_deep_clean_val/DIFFERENT/DIFFERENT_72b5fec2,DIFFERENT,DIFFERENT,True
local_deep_clean_val/DIFFERENT/DIFFERENT_7a0f32d1,DIFFERENT,DIFFERENT,True
local_deep_clean_val/DIFFERENT/DIFFERENT_8fa3991a,DIFFERENT,DIFFERENT,True
local_deep_clean_val/DIFFERENT/DIFFERENT_9380f745,DIFFERENT,DIFFERENT,True
local_deep_clean_val/DIFFERENT/DIFFERENT_DIFFERENT_1,DIFFERENT,DIFFERENT,True
local_deep_clean_val/DIFFERENT/DIFFERENT_DIFFERENT_18,DIFFERENT,DIFFERENT,True
local_deep_clean_val/DIFFERENT/DIFFERENT_DIFFERENT_19,DIFFERENT,DIFFERENT,True
local_deep_clean_val/DIFFERENT/DIFFERENT_DIFFERENT_23,DIFFERENT,DIFFERENT,True
local_deep_clean_val/DIFFERENT/DIFFERENT_DIFFERENT_5,DIFFERENT,DIFFERENT,True
local_deep_clean_val/DIFFERENT/DIFFERENT_ae5ad8d7,DIFFERENT,DIFFERENT,True
local_deep_clean_val/DIFFERENT/DIFFERENT_af8b8eee,DIFFERENT,DIFFERENT,True
local_deep_clean_val/DIFFERENT/DIFFERENT_b83c48c7,DIFFERENT,DIFFERENT,True
local_deep_clean_val/DIFFERENT/DIFFERENT_ce4ac203,DIFFERENT,DIFFERENT,True
local_deep_clean_val/DIFFERENT/DIFFERENT_wlasl_16199,DIFFERENT,DIFFERENT,True
local_deep_clean_val/DIFFERENT/DIFFERENT_wlasl_16200,DIFFERENT,DIFFERENT,True
local_deep_clean_val/DIFFERENT/DIFFERENT_wlasl_16201,DIFFERENT,DIFFERENT,True
local_deep_clean_val/DIFFERENT/DIFFERENT_wlasl_68034,DIFFERENT,DIFFERENT,True
local_deep_clean_val/DOCTOR/DOCTOR_0584b11b,DOCTOR,SCHOOL,False
local_deep_clean_val/DOCTOR/DOCTOR_088cfebb,DOCTOR,TIME,False
local_deep_clean_val/DOCTOR/DOCTOR_1c4c73fb,DOCTOR,NIGHT,False
local_deep_clean_val/DOCTOR/DOCTOR_2ba353d1,DOCTOR,DOCTOR,True
local_deep_clean_val/DOCTOR/DOCTOR_2c0d593a,DOCTOR,SCHOOL,False
local_deep_clean_val/DOCTOR/DOCTOR_3410eacd,DOCTOR,NAME,False
local_deep_clean_val/DOCTOR/DOCTOR_37d4d27d,DOCTOR,NAME,False
local_deep_clean_val/DOCTOR/DOCTOR_615aeb9b,DOCTOR,NAME,False
local_deep_clean_val/DOCTOR/DOCTOR_79fbbe47,DOCTOR,MAYBE,False
local_deep_clean_val/DOCTOR/DOCTOR_92137644,DOCTOR,TIME,False
local_deep_clean_val/DOCTOR/DOCTOR_a6043ba6,DOCTOR,SCHOOL,False
local_deep_clean_val/DOCTOR/DOCTOR_bd725768,DOCTOR,THEY,False
local_deep_clean_val/DOCTOR/DOCTOR_ce3987c7,DOCTOR,EASY,False
local_deep_clean_val/DOCTOR/DOCTOR_d1afbc73,DOCTOR,NAME,False
local_deep_clean_val/DOCTOR/DOCTOR_d800f49a,DOCTOR,NAME,False
local_deep_clean_val/DOCTOR/DOCTOR_d93ac924,DOCTOR,EASY,False
local_deep_clean_val/DOCTOR/DOCTOR_e3720896,DOCTOR,NAME,False
local_deep_clean_val/DOCTOR/DOCTOR_ee266c62,DOCTOR,NAME,False
local_deep_clean_val/DOCTOR/DOCTOR_ee654602,DOCTOR,NIGHT,False
local_deep_clean_val/DOCTOR/DOCTOR_f681beab,DOCTOR,SCHOOL,False
local_deep_clean_val/DOCTOR/DOCTOR_msasl_1kNszi0e9XU_6,DOCTOR,FRIEND,False
local_deep_clean_val/DRINK/DRINK_00f63f2e,DRINK,YESTERDAY,False
local_deep_clean_val/DRINK/DRINK_16d26af8,DRINK,THINK,False
local_deep_clean_val/DRINK/DRINK_185c855d,DRINK,DRINK,True
local_deep_clean_val/DRINK/DRINK_1c13c31b,DRINK,TOMORROW,False
local_deep_clean_val/DRINK/DRINK_21b95b39,DRINK,DRINK,True
local_deep_clean_val/DRINK/DRINK_30e1d2e6,DRINK,MAN,False
local_deep_clean_val/DRINK/DRINK_4640c492,DRINK,DRINK,True
local_deep_clean_val/DRINK/DRINK_4855ac9b,DRINK,DRINK,True
local_deep_clean_val/DRINK/DRINK_5f1746c4,DRINK,HOME,False
local_deep_clean_val/DRINK/DRINK_60301f98,DRINK,DRINK,True
local_deep_clean_val/DRINK/DRINK_6229d645,DRINK,MAN,False
local_deep_clean_val/DRINK/DRINK_73b1b161,DRINK,LEARN,False
local_deep_clean_val/DRINK/DRINK_760f2ff7,DRINK,HOME,False
local_deep_clean_val/DRINK/DRINK_7e34e00e,DRINK,YEAR,False
local_deep_clean_val/DRINK/DRINK_8bf2d2d0,DRINK,SEE,False
local_deep_clean_val/DRINK/DRINK_9d88ee79,DRINK,DRINK,True
local_deep_clean_val/DRINK/DRINK_9dd5f906,DRINK,EAT,False
local_deep_clean_val/DRINK/DRINK_DRINK_1,DRINK,SLEEP,False
local_deep_clean_val/DRINK/DRINK_DRINK_18,DRINK,YESTERDAY,False
local_deep_clean_val/DRINK/DRINK_DRINK_24,DRINK,SLEEP,False
local_deep_clean_val/DRINK/DRINK_bb3023e6,DRINK,DRINK,True
local_deep_clean_val/DRINK/DRINK_c25c25db,DRINK,THINK,False
local_deep_clean_val/DRINK/DRINK_c52933ed,DRINK,YESTERDAY,False
local_deep_clean_val/DRINK/DRINK_c9447aac,DRINK,KNOW,False
local_deep_clean_val/DRINK/DRINK_ccd5f54a,DRINK,LEARN,False
local_deep_clean_val/DRINK/DRINK_d0fba1b5,DRINK,EAT,False
local_deep_clean_val/DRINK/DRINK_d4231604,DRINK,HOME,False
local_deep_clean_val/DRINK/DRINK_e125f0c7,DRINK,LEARN,False
local_deep_clean_val/DRINK/DRINK_e6a3822f,DRINK,HOME,False
local_deep_clean_val/DRINK/DRINK_efa4497c,DRINK,YESTERDAY,False
local_deep_clean_val/DRINK/DRINK_f41121b0,DRINK,DRINK,True
local_deep_clean_val/DRINK/DRINK_f5393f36,DRINK,EAT,False
local_deep_clean_val/DRINK/DRINK_fc74ab51,DRINK,DRINK,True
local_deep_clean_val/DRINK/DRINK_fd652013,DRINK,LEARN,False
local_deep_clean_val/DRINK/DRINK_fe21f407,DRINK,DRINK,True
local_deep_clean_val/DRINK/DRINK_signasl_drink_1,DRINK,SLEEP,False
local_deep_clean_val/DRINK/DRINK_signasl_drink_3,DRINK,DRINK,True
local_deep_clean_val/DRINK/DRINK_signasl_drink_5,DRINK,HOME,False
local_deep_clean_val/EASY/EASY_190b0eaf,EASY,EASY,True
local_deep_clean_val/EASY/EASY_2f88165e,EASY,TIRED,False
local_deep_clean_val/EASY/EASY_3bf31b0f,EASY,EASY,True
local_deep_clean_val/EASY/EASY_3e83e9b6,EASY,EASY,True
local_deep_clean_val/EASY/EASY_4359607f,EASY,SAD,False
local_deep_clean_val/EASY/EASY_4908666a,EASY,EASY,True
local_deep_clean_val/EASY/EASY_551194b8,EASY,EASY,True
local_deep_clean_val/EASY/EASY_5c1aee85,EASY,EASY,True
local_deep_clean_val/EASY/EASY_6372b0bd,EASY,EASY,True
local_deep_clean_val/EASY/EASY_844aa4d8,EASY,EASY,True
local_deep_clean_val/EASY/EASY_952ed4ce,EASY,EASY,True
local_deep_clean_val/EASY/EASY_98a782d5,EASY,EASY,True
local_deep_clean_val/EASY/EASY_EASY_17,EASY,EASY,True
local_deep_clean_val/EASY/EASY_EASY_22,EASY,EASY,True
local_deep_clean_val/EASY/EASY_EASY_24,EASY,EASY,True
local_deep_clean_val/EASY/EASY_caf1e5a7,EASY,EASY,True
local_deep_clean_val/EASY/EASY_d061189a,EASY,EASY,True
local_deep_clean_val/EASY/EASY_d343ef6c,EASY,EASY,True
local_deep_clean_val/EASY/EASY_d786aee2,EASY,EASY,True
local_deep_clean_val/EASY/EASY_d96989fa,EASY,EASY,True
local_deep_clean_val/EASY/EASY_ee5a96a6,EASY,MORNING,False
local_deep_clean_val/EASY/EASY_f89417b3,EASY,EASY,True
local_deep_clean_val/EASY/EASY_msasl_-ChOGBEL5uE_0,EASY,SCHOOL,False
local_deep_clean_val/EASY/EASY_signasl_easy_1,EASY,GOOD,False
local_deep_clean_val/EAT/EAT_0192ef5d,EAT,EAT,True
local_deep_clean_val/EAT/EAT_090a83f8,EAT,EAT,True
local_deep_clean_val/EAT/EAT_0a8f8b3c,EAT,EAT,True
local_deep_clean_val/EAT/EAT_0c92cea6,EAT,MORE,False
local_deep_clean_val/EAT/EAT_189abecb,EAT,EAT,True
local_deep_clean_val/EAT/EAT_1d5ce4cd,EAT,EAT,True
local_deep_clean_val/EAT/EAT_248950f9,EAT,EAT,True
local_deep_clean_val/EAT/EAT_38110892,EAT,EAT,True
local_deep_clean_val/EAT/EAT_4632f11c,EAT,EAT,True
local_deep_clean_val/EAT/EAT_4c3bab10,EAT,EAT,True
local_deep_clean_val/EAT/EAT_5dc10b8d,EAT,GIVE,False
local_deep_clean_val/EAT/EAT_6edc0ac2,EAT,EAT,True
local_deep_clean_val/EAT/EAT_87b0aecb,EAT,EAT,True
local_deep_clean_val/EAT/EAT_8bebd599,EAT,EAT,True
local_deep_clean_val/EAT/EAT_8e7f6ae6,EAT,EAT,True
local_deep_clean_val/EAT/EAT_90b775df,EAT,EAT,True
local_deep_clean_val/EAT/EAT_96a97920,EAT,EAT,True
local_deep_clean_val/EAT/EAT_EAT_10,EAT,EAT,True
local_deep_clean_val/EAT/EAT_EAT_20,EAT,EAT,True
local_deep_clean_val/EAT/EAT_EAT_5,EAT,EAT,True
local_deep_clean_val/EAT/EAT_b2979fc2,EAT,EAT,True
local_deep_clean_val/EAT/EAT_b562265f,EAT,EAT,True
local_deep_clean_val/EAT/EAT_c357555d,EAT,EAT,True
local_deep_clean_val/EAT/EAT_cb2d063a,EAT,EAT,True
local_deep_clean_val/EAT/EAT_d002f7d0,EAT,EAT,True
local_deep_clean_val/EAT/EAT_d4efba72,EAT,EAT,True
local_deep_clean_val/EAT/EAT_dc02a266,EAT,EAT,True
local_deep_clean_val/EAT/EAT_ddd96569,EAT,EAT,True
local_deep_clean_val/EAT/EAT_e17018cd,EAT,EAT,True
local_deep_clean_val/EAT/EAT_signasl_eat_0,EAT,EAT,True
local_deep_clean_val/EAT/EAT_signasl_eat_2,EAT,EAT,True
local_deep_clean_val/EAT/EAT_signasl_eat_4,EAT,EAT,True
local_deep_clean_val/EXCITED/EXCITED_09bcee35,EXCITED,EXCITED,True
local_deep_clean_val/EXCITED/EXCITED_0a5b0639,EXCITED,EXCITED,True
local_deep_clean_val/EXCITED/EXCITED_0c8aa45e,EXCITED,EXCITED,True
local_deep_clean_val/EXCITED/EXCITED_1c1ef6ff,EXCITED,EXCITED,True
local_deep_clean_val/EXCITED/EXCITED_1dd8e98c,EXCITED,EXCITED,True
local_deep_clean_val/EXCITED/EXCITED_22f41ee8,EXCITED,EXCITED,True
local_deep_clean_val/EXCITED/EXCITED_43f3f9b7,EXCITED,EXCITED,True
local_deep_clean_val/EXCITED/EXCITED_534372ec,EXCITED,EXCITED,True
local_deep_clean_val/EXCITED/EXCITED_5ac9a251,EXCITED,EXCITED,True
local_deep_clean_val/EXCITED/EXCITED_6594b0e1,EXCITED,EXCITED,True
local_deep_clean_val/EXCITED/EXCITED_66cf991e,EXCITED,EXCITED,True
local_deep_clean_val/EXCITED/EXCITED_6a0f077a,EXCITED,EXCITED,True
local_deep_clean_val/EXCITED/EXCITED_73f68b63,EXCITED,EXCITED,True
local_deep_clean_val/EXCITED/EXCITED_79b35158,EXCITED,EXCITED,True
local_deep_clean_val/EXCITED/EXCITED_995d9cba,EXCITED,EXCITED,True
local_deep_clean_val/EXCITED/EXCITED_EXCITED_12,EXCITED,EXCITED,True
local_deep_clean_val/EXCITED/EXCITED_EXCITED_13,EXCITED,EXCITED,True
local_deep_clean_val/EXCITED/EXCITED_EXCITED_19,EXCITED,EXCITED,True
local_deep_clean_val/EXCITED/EXCITED_EXCITED_2,EXCITED,EXCITED,True
local_deep_clean_val/EXCITED/EXCITED_EXCITED_23,EXCITED,EXCITED,True
local_deep_clean_val/EXCITED/EXCITED_b962ac68,EXCITED,READ,False
local_deep_clean_val/EXCITED/EXCITED_b97b2064,EXCITED,EXCITED,True
local_deep_clean_val/EXCITED/EXCITED_cec3c932,EXCITED,EXCITED,True
local_deep_clean_val/EXCITED/EXCITED_d78db072,EXCITED,READ,False
local_deep_clean_val/EXCITED/EXCITED_ed247613,EXCITED,READ,False
local_deep_clean_val/EXCITED/EXCITED_fda5f420,EXCITED,EXCITED,True
local_deep_clean_val/FAMILY/FAMILY_10216f93,FAMILY,FAMILY,True
local_deep_clean_val/FAMILY/FAMILY_1444029e,FAMILY,FAMILY,True
local_deep_clean_val/FAMILY/FAMILY_21640b78,FAMILY,FAMILY,True
local_deep_clean_val/FAMILY/FAMILY_281c2a76,FAMILY,FAMILY,True
local_deep_clean_val/FAMILY/FAMILY_290bf131,FAMILY,FAMILY,True
local_deep_clean_val/FAMILY/FAMILY_2b9e0a06,FAMILY,FAMILY,True
local_deep_clean_val/FAMILY/FAMILY_3b575376,FAMILY,FAMILY,True
local_deep_clean_val/FAMILY/FAMILY_4b95f92b,FAMILY,FAMILY,True
local_deep_clean_val/FAMILY/FAMILY_5f1b2777,FAMILY,FAMILY,True
local_deep_clean_val/FAMILY/FAMILY_769757ed,FAMILY,FAMILY,True
local_deep_clean_val/FAMILY/FAMILY_811279ad,FAMILY,FAMILY,True
local_deep_clean_val/FAMILY/FAMILY_831a87d2,FAMILY,FAMILY,True
local_deep_clean_val/FAMILY/FAMILY_8a079f03,FAMILY,FAMILY,True
local_deep_clean_val/FAMILY/FAMILY_8ea0b010,FAMILY,FAMILY,True
local_deep_clean_val/FAMILY/FAMILY_9c13e5cb,FAMILY,FAMILY,True
local_deep_clean_val/FAMILY/FAMILY_9fd146f9,FAMILY,FAMILY,True
local_deep_clean_val/FAMILY/FAMILY_FAMILY_1,FAMILY,FAMILY,True
local_deep_clean_val/FAMILY/FAMILY_FAMILY_6,FAMILY,FAMILY,True
local_deep_clean_val/FAMILY/FAMILY_a4960d0a,FAMILY,FAMILY,True
local_deep_clean_val/FAMILY/FAMILY_b4d5de5c,FAMILY,FAMILY,True
local_deep_clean_val/FAMILY/FAMILY_c87bf855,FAMILY,FAMILY,True
local_deep_clean_val/FAMILY/FAMILY_ce4d5b93,FAMILY,FAMILY,True
local_deep_clean_val/FAMILY/FAMILY_dd5b9cc0,FAMILY,SAD,False
local_deep_clean_val/FAMILY/FAMILY_dfe70d10,FAMILY,FAMILY,True
local_deep_clean_val/FAMILY/FAMILY_e82930e1,FAMILY,FAMILY,True
local_deep_clean_val/FAMILY/FAMILY_f6c188ff,FAMILY,FAMILY,True
local_deep_clean_val/FAMILY/FAMILY_fb033ab3,FAMILY,FAMILY,True
local_deep_clean_val/FAMILY/FAMILY_fb1649e0,FAMILY,SAD,False
local_deep_clean_val/FAMILY/FAMILY_fcb5758a,FAMILY,FAMILY,True
local_deep_clean_val/FATHER/FATHER_05210171,FATHER,HEAR,False
local_deep_clean_val/FATHER/FATHER_06d52d21,FATHER,FATHER,True
local_deep_clean_val/FATHER/FATHER_0852a7cf,FATHER,FATHER,True
local_deep_clean_val/FATHER/FATHER_15c4318a,FATHER,FATHER,True
local_deep_clean_val/FATHER/FATHER_2923a123,FATHER,FATHER,True
local_deep_clean_val/FATHER/FATHER_33f61fe0,FATHER,FATHER,True
local_deep_clean_val/FATHER/FATHER_3415c217,FATHER,FATHER,True
local_deep_clean_val/FATHER/FATHER_361ec6a1,FATHER,FATHER,True
local_deep_clean_val/FATHER/FATHER_485a0e3b,FATHER,FATHER,True
local_deep_clean_val/FATHER/FATHER_5f989740,FATHER,HEAR,False
local_deep_clean_val/FATHER/FATHER_68448b7a,FATHER,FATHER,True
local_deep_clean_val/FATHER/FATHER_7d4fc6eb,FATHER,HEAR,False
local_deep_clean_val/FATHER/FATHER_8f0263a8,FATHER,FATHER,True
local_deep_clean_val/FATHER/FATHER_905d09fe,FATHER,FATHER,True
local_deep_clean_val/FATHER/FATHER_bf3099fa,FATHER,FATHER,True
local_deep_clean_val/FATHER/FATHER_dc98ad32,FATHER,FATHER,True
local_deep_clean_val/FATHER/FATHER_e6b7fb57,FATHER,FATHER,True
local_deep_clean_val/FATHER/FATHER_signasl_father_2,FATHER,FATHER,True
local_deep_clean_val/FEEL/FEEL_0e1a8612,FEEL,SEE,False
local_deep_clean_val/FEEL/FEEL_10b8db19,FEEL,FEEL,True
local_deep_clean_val/FEEL/FEEL_25ea74da,FEEL,FEEL,True
local_deep_clean_val/FEEL/FEEL_2a95074d,FEEL,FEEL,True
local_deep_clean_val/FEEL/FEEL_4936f795,FEEL,PLEASE,False
local_deep_clean_val/FEEL/FEEL_4ce90b67,FEEL,YOUR,False
local_deep_clean_val/FEEL/FEEL_64932813,FEEL,FEEL,True
local_deep_clean_val/FEEL/FEEL_69676c5b,FEEL,FEEL,True
local_deep_clean_val/FEEL/FEEL_6c5b920e,FEEL,FEEL,True
local_deep_clean_val/FEEL/FEEL_72b28ae4,FEEL,FEEL,True
local_deep_clean_val/FEEL/FEEL_76d25aed,FEEL,FEEL,True
local_deep_clean_val/FEEL/FEEL_7821174d,FEEL,FEEL,True
local_deep_clean_val/FEEL/FEEL_9e093621,FEEL,FEEL,True
local_deep_clean_val/FEEL/FEEL_FEEL_11,FEEL,FEEL,True
local_deep_clean_val/FEEL/FEEL_FEEL_13,FEEL,FEEL,True
local_deep_clean_val/FEEL/FEEL_FEEL_15,FEEL,FEEL,True
local_deep_clean_val/FEEL/FEEL_FEEL_17,FEEL,FEEL,True
local_deep_clean_val/FEEL/FEEL_FEEL_18,FEEL,FEEL,True
local_deep_clean_val/FEEL/FEEL_FEEL_21,FEEL,FEEL,True
local_deep_clean_val/FEEL/FEEL_FEEL_25,FEEL,FEEL,True
local_deep_clean_val/FEEL/FEEL_ba2dff7f,FEEL,SCHOOL,False
local_deep_clean_val/FEEL/FEEL_d17e2289,FEEL,FIND,False
local_deep_clean_val/FEEL/FEEL_d3d90ac5,FEEL,LIKE,False
local_deep_clean_val/FEEL/FEEL_e551d5f0,FEEL,FEEL,True
local_deep_clean_val/FEEL/FEEL_ed7a7083,FEEL,FEEL,True
local_deep_clean_val/FEEL/FEEL_fec88c38,FEEL,YOUR,False
local_deep_clean_val/FEEL/FEEL_signasl_feel_8,FEEL,FEEL,True
local_deep_clean_val/FRIEND/FRIEND_2c04e672,FRIEND,FRIEND,True
local_deep_clean_val/FRIEND/FRIEND_2cce21fe,FRIEND,WHEN,False
local_deep_clean_val/FRIEND/FRIEND_37dbf59c,FRIEND,FRIEND,True
local_deep_clean_val/FRIEND/FRIEND_40833b14,FRIEND,FRIEND,True
local_deep_clean_val/FRIEND/FRIEND_43035783,FRIEND,FRIEND,True
local_deep_clean_val/FRIEND/FRIEND_497bb150,FRIEND,FRIEND,True
local_deep_clean_val/FRIEND/FRIEND_54ea499c,FRIEND,FRIEND,True
local_deep_clean_val/FRIEND/FRIEND_59e76467,FRIEND,FRIEND,True
local_deep_clean_val/FRIEND/FRIEND_74febde4,FRIEND,FRIEND,True
local_deep_clean_val/FRIEND/FRIEND_976bc7cf,FRIEND,WHEN,False
local_deep_clean_val/FRIEND/FRIEND_9cd06278,FRIEND,FRIEND,True
local_deep_clean_val/FRIEND/FRIEND_9d557994,FRIEND,FRIEND,True
local_deep_clean_val/FRIEND/FRIEND_FRIEND_12,FRIEND,FRIEND,True
local_deep_clean_val/FRIEND/FRIEND_FRIEND_5,FRIEND,FRIEND,True
local_deep_clean_val/FRIEND/FRIEND_aff6192f,FRIEND,FRIEND,True
local_deep_clean_val/FRIEND/FRIEND_b0e33e35,FRIEND,WHEN,False
local_deep_clean_val/FRIEND/FRIEND_b1a02e89,FRIEND,FRIEND,True
local_deep_clean_val/FRIEND/FRIEND_b2824532,FRIEND,FRIEND,True
local_deep_clean_val/FRIEND/FRIEND_b8284c23,FRIEND,FRIEND,True
local_deep_clean_val/FRIEND/FRIEND_bd8a664f,FRIEND,FRIEND,True
local_deep_clean_val/FRIEND/FRIEND_be3bcfe3,FRIEND,WHEN,False
local_deep_clean_val/FRIEND/FRIEND_c22fd1ad,FRIEND,FRIEND,True
local_deep_clean_val/FRIEND/FRIEND_c3ac4507,FRIEND,FRIEND,True
local_deep_clean_val/FRIEND/FRIEND_c4568380,FRIEND,WHEN,False
local_deep_clean_val/FRIEND/FRIEND_df685260,FRIEND,TIME,False
local_deep_clean_val/FRIEND/FRIEND_e2e266d9,FRIEND,FRIEND,True
local_deep_clean_val/FRIEND/FRIEND_ef551edf,FRIEND,FRIEND,True
local_deep_clean_val/FRIEND/FRIEND_f25faad0,FRIEND,FRIEND,True
local_deep_clean_val/GIVE/GIVE_01628240,GIVE,TELL,False
local_deep_clean_val/GIVE/GIVE_0be6d0c3,GIVE,TELL,False
local_deep_clean_val/GIVE/GIVE_0d6685e6,GIVE,GIVE,True
local_deep_clean_val/GIVE/GIVE_1c181f54,GIVE,SORRY,False
local_deep_clean_val/GIVE/GIVE_2bee95ee,GIVE,YES,False
local_deep_clean_val/GIVE/GIVE_33136fc0,GIVE,SORRY,False
local_deep_clean_val/GIVE/GIVE_3749ef88,GIVE,HOSPITAL,False
local_deep_clean_val/GIVE/GIVE_415f4e82,GIVE,CHILD,False
local_deep_clean_val/GIVE/GIVE_483ee9b5,GIVE,GIVE,True
local_deep_clean_val/GIVE/GIVE_6c053245,GIVE,SORRY,False
local_deep_clean_val/GIVE/GIVE_7b1f0c69,GIVE,SORRY,False
local_deep_clean_val/GIVE/GIVE_7d5788b6,GIVE,CHILD,False
local_deep_clean_val/GIVE/GIVE_85ef5b35,GIVE,GIVE,True
local_deep_clean_val/GIVE/GIVE_89e441fe,GIVE,CHILD,False
local_deep_clean_val/GIVE/GIVE_8ec447a4,GIVE,GIVE,True
local_deep_clean_val/GIVE/GIVE_943bad66,GIVE,WOMAN,False
local_deep_clean_val/GIVE/GIVE_94bc06d7,GIVE,HOSPITAL,False
local_deep_clean_val/GIVE/GIVE_9c6693df,GIVE,CHILD,False
local_deep_clean_val/GIVE/GIVE_9e82c6e2,GIVE,WE,False
local_deep_clean_val/GIVE/GIVE_GIVE_1,GIVE,CHILD,False
local_deep_clean_val/GIVE/GIVE_GIVE_11,GIVE,OUR,False
local_deep_clean_val/GIVE/GIVE_GIVE_22,GIVE,CHILD,False
local_deep_clean_val/GIVE/GIVE_GIVE_7,GIVE,CHILD,False
local_deep_clean_val/GIVE/GIVE_b07c969d,GIVE,CHILD,False
local_deep_clean_val/GIVE/GIVE_c5a449ae,GIVE,CHILD,False
local_deep_clean_val/GIVE/GIVE_c750a33e,GIVE,OUR,False
local_deep_clean_val/GIVE/GIVE_cdbac5af,GIVE,GIVE,True
local_deep_clean_val/GIVE/GIVE_d2dc5ced,GIVE,MAYBE,False
local_deep_clean_val/GIVE/GIVE_e47f7770,GIVE,SORRY,False
local_deep_clean_val/GIVE/GIVE_e73d0b90,GIVE,WOMAN,False
local_deep_clean_val/GIVE/GIVE_f5466a5b,GIVE,SORRY,False
local_deep_clean_val/GIVE/GIVE_f795c7a3,GIVE,SORRY,False
local_deep_clean_val/GIVE/GIVE_f956fadc,GIVE,GIVE,True
local_deep_clean_val/GIVE/GIVE_feb0dba2,GIVE,GIVE,True
local_deep_clean_val/GO/GO_0f976fab,GO,WHERE,False
local_deep_clean_val/GO/GO_11da7d1b,GO,WEEK,False
local_deep_clean_val/GO/GO_244e70ab,GO,IMPORTANT,False
local_deep_clean_val/GO/GO_344de0a5,GO,ASK,False
local_deep_clean_val/GO/GO_3bccc8b0,GO,GO,True
local_deep_clean_val/GO/GO_3fb89328,GO,WHEN,False
local_deep_clean_val/GO/GO_3fbfe765,GO,WHEN,False
local_deep_clean_val/GO/GO_4a788ceb,GO,TRY,False
local_deep_clean_val/GO/GO_8206af09,GO,GO,True
local_deep_clean_val/GO/GO_84a1ee94,GO,GO,True
local_deep_clean_val/GO/GO_8bd9ae26,GO,DIFFERENT,False
local_deep_clean_val/GO/GO_92655950,GO,DIFFERENT,False
local_deep_clean_val/GO/GO_98ef012e,GO,WHEN,False
local_deep_clean_val/GO/GO_GO_14,GO,DIFFERENT,False
local_deep_clean_val/GO/GO_GO_18,GO,DIFFERENT,False
local_deep_clean_val/GO/GO_GO_2,GO,DIFFERENT,False
local_deep_clean_val/GO/GO_a695663c,GO,GO,True
local_deep_clean_val/GO/GO_af205b03,GO,DIFFERENT,False
local_deep_clean_val/GO/GO_b26c6f23,GO,TRY,False
local_deep_clean_val/GO/GO_bdb235d4,GO,WHEN,False
local_deep_clean_val/GO/GO_ca76ce89,GO,GO,True
local_deep_clean_val/GO/GO_cff97746,GO,GO,True
local_deep_clean_val/GO/GO_db6a8188,GO,IMPORTANT,False
local_deep_clean_val/GO/GO_e0b69c68,GO,WHEN,False
local_deep_clean_val/GO/GO_e1be8c5c,GO,WHEN,False
local_deep_clean_val/GO/GO_f722dcf7,GO,DIFFERENT,False
local_deep_clean_val/GO/GO_fe8c586e,GO,IMPORTANT,False
local_deep_clean_val/GO/GO_signasl_go_13,GO,YESTERDAY,False
local_deep_clean_val/GOOD/GOOD_0c09af55,GOOD,BAD,False
local_deep_clean_val/GOOD/GOOD_1628294a,GOOD,GOOD,True
local_deep_clean_val/GOOD/GOOD_1d2cec03,GOOD,THANKYOU,False
local_deep_clean_val/GOOD/GOOD_1ee941a7,GOOD,THANKYOU,False
local_deep_clean_val/GOOD/GOOD_2483eadb,GOOD,THANKYOU,False
local_deep_clean_val/GOOD/GOOD_2570e4cd,GOOD,THANKYOU,False
local_deep_clean_val/GOOD/GOOD_3b560029,GOOD,THANKYOU,False
local_deep_clean_val/GOOD/GOOD_4dfb4c69,GOOD,THANKYOU,False
local_deep_clean_val/GOOD/GOOD_733e9bfe,GOOD,THANKYOU,False
local_deep_clean_val/GOOD/GOOD_9775fbc4,GOOD,THANKYOU,False
local_deep_clean_val/GOOD/GOOD_9c102018,GOOD,THANKYOU,False
local_deep_clean_val/GOOD/GOOD_GOOD_12,GOOD,THANKYOU,False
local_deep_clean_val/GOOD/GOOD_GOOD_17,GOOD,GIVE,False
local_deep_clean_val/GOOD/GOOD_GOOD_23,GOOD,THANKYOU,False
local_deep_clean_val/GOOD/GOOD_GOOD_25,GOOD,SMALL,False
local_deep_clean_val/GOOD/GOOD_GOOD_3,GOOD,THANKYOU,False
local_deep_clean_val/GOOD/GOOD_GOOD_5,GOOD,THANKYOU,False
local_deep_clean_val/GOOD/GOOD_GOOD_6,GOOD,TALK,False
local_deep_clean_val/GOOD/GOOD_GOOD_8,GOOD,TALK,False
local_deep_clean_val/GOOD/GOOD_ae2fa8c9,GOOD,THANKYOU,False
local_deep_clean_val/GOOD/GOOD_c9877e01,GOOD,THANKYOU,False
local_deep_clean_val/GOOD/GOOD_c98aadd2,GOOD,THANKYOU,False
local_deep_clean_val/GOOD/GOOD_ede58d68,GOOD,BAD,False
local_deep_clean_val/GOODBYE/GOODBYE_26190347,GOODBYE,THANKYOU,False
local_deep_clean_val/GOODBYE/GOODBYE_2621e0a8,GOODBYE,BAD,False
local_deep_clean_val/GOODBYE/GOODBYE_4fde779c,GOODBYE,THANKYOU,False
local_deep_clean_val/GOODBYE/GOODBYE_5466f182,GOODBYE,THANKYOU,False
local_deep_clean_val/GOODBYE/GOODBYE_5918acbd,GOODBYE,THANKYOU,False
local_deep_clean_val/GOODBYE/GOODBYE_6d0e141e,GOODBYE,BAD,False
local_deep_clean_val/GOODBYE/GOODBYE_70b5d293,GOODBYE,THANKYOU,False
local_deep_clean_val/GOODBYE/GOODBYE_783bdfd2,GOODBYE,BAD,False
local_deep_clean_val/GOODBYE/GOODBYE_7dc7ca3c,GOODBYE,THANKYOU,False
local_deep_clean_val/GOODBYE/GOODBYE_97e6f85f,GOODBYE,THANKYOU,False
local_deep_clean_val/GOODBYE/GOODBYE_9adf50b3,GOODBYE,BAD,False
local_deep_clean_val/GOODBYE/GOODBYE_9ea1f19d,GOODBYE,BAD,False
local_deep_clean_val/GOODBYE/GOODBYE_abe2aaaf,GOODBYE,BAD,False
local_deep_clean_val/GOODBYE/GOODBYE_b4a7c09b,GOODBYE,THANKYOU,False
local_deep_clean_val/GOODBYE/GOODBYE_c07504f0,GOODBYE,BAD,False
local_deep_clean_val/GOODBYE/GOODBYE_c15425a4,GOODBYE,BAD,False
local_deep_clean_val/GOODBYE/GOODBYE_cd8fd9d3,GOODBYE,GOOD,False
local_deep_clean_val/GOODBYE/GOODBYE_f5dea0d3,GOODBYE,THANKYOU,False
local_deep_clean_val/HAPPY/HAPPY_004afc9d,HAPPY,HAPPY,True
local_deep_clean_val/HAPPY/HAPPY_0e4fa166,HAPPY,HAPPY,True
local_deep_clean_val/HAPPY/HAPPY_1d105a89,HAPPY,TIRED,False
local_deep_clean_val/HAPPY/HAPPY_23ae8280,HAPPY,EXCITED,False
local_deep_clean_val/HAPPY/HAPPY_281ea782,HAPPY,HAPPY,True
local_deep_clean_val/HAPPY/HAPPY_2e921887,HAPPY,EXCITED,False
local_deep_clean_val/HAPPY/HAPPY_3c553b94,HAPPY,EASY,False
local_deep_clean_val/HAPPY/HAPPY_3eef0d80,HAPPY,PLEASE,False
local_deep_clean_val/HAPPY/HAPPY_5a8864e2,HAPPY,HAPPY,True
local_deep_clean_val/HAPPY/HAPPY_68ca6488,HAPPY,TIRED,False
local_deep_clean_val/HAPPY/HAPPY_722c8b0f,HAPPY,HAPPY,True
local_deep_clean_val/HAPPY/HAPPY_7332d27c,HAPPY,HAPPY,True
local_deep_clean_val/HAPPY/HAPPY_749af0db,HAPPY,THANKYOU,False
local_deep_clean_val/HAPPY/HAPPY_80e87f9c,HAPPY,EXCITED,False
local_deep_clean_val/HAPPY/HAPPY_8d1d3666,HAPPY,HAPPY,True
local_deep_clean_val/HAPPY/HAPPY_9b1af201,HAPPY,GOOD,False
local_deep_clean_val/HAPPY/HAPPY_HAPPY_16,HAPPY,FEEL,False
local_deep_clean_val/HAPPY/HAPPY_HAPPY_20,HAPPY,FEEL,False
local_deep_clean_val/HAPPY/HAPPY_HAPPY_22,HAPPY,PLEASE,False
local_deep_clean_val/HAPPY/HAPPY_a8f8eacb,HAPPY,EXCITED,False
local_deep_clean_val/HAPPY/HAPPY_c3ee6944,HAPPY,TIRED,False
local_deep_clean_val/HAPPY/HAPPY_c6ce4cca,HAPPY,HAPPY,True
local_deep_clean_val/HAPPY/HAPPY_cab944ab,HAPPY,EXCITED,False
local_deep_clean_val/HAPPY/HAPPY_msasl_gzqjLnXje8g_10,HAPPY,HAPPY,True
local_deep_clean_val/HE/HE_SHE_06705917,HE,HE,True
local_deep_clean_val/HE/HE_SHE_0900f8b4,HE,WHERE,False
local_deep_clean_val/HE/HE_SHE_1005452f,HE,HOT,False
local_deep_clean_val/HE/HE_SHE_1d33212a,HE,YESTERDAY,False
local_deep_clean_val/HE/HE_SHE_2ab33871,HE,THINK,False
local_deep_clean_val/HE/HE_SHE_2b7150d0,HE,HE,True
local_deep_clean_val/HE/HE_SHE_3170bdfa,HE,HE,True
local_deep_clean_val/HE/HE_SHE_56be6b05,HE,NEED,False
local_deep_clean_val/HE/HE_SHE_64bed257,HE,NEED,False
local_deep_clean_val/HE/HE_SHE_6ad8f69e,HE,TOMORROW,False
local_deep_clean_val/HE/HE_SHE_6ce12faa,HE,HE,True
local_deep_clean_val/HE/HE_SHE_6dac9621,HE,HOT,False
local_deep_clean_val/HE/HE_SHE_740d16f3,HE,WHERE,False
local_deep_clean_val/HE/HE_SHE_76ea98d8,HE,HE,True
local_deep_clean_val/HE/HE_SHE_856e5e29,HE,WHERE,False
local_deep_clean_val/HE/HE_SHE_88d7eb1c,HE,WHERE,False
local_deep_clean_val/HE/HE_SHE_8cbccfc3,HE,WE,False
local_deep_clean_val/HE/HE_SHE_960d96b9,HE,HE,True
local_deep_clean_val/HE/HE_SHE_HE_SHE_16,HE,HE,True
local_deep_clean_val/HE/HE_SHE_HE_SHE_18,HE,SAME,False
local_deep_clean_val/HE/HE_SHE_HE_SHE_21,HE,WHERE,False
local_deep_clean_val/HE/HE_SHE_HE_SHE_25,HE,WHERE,False
local_deep_clean_val/HE/HE_SHE_HE_SHE_4,HE,HE,True
local_deep_clean_val/HE/HE_SHE_a01fea70,HE,HE,True
local_deep_clean_val/HE/HE_SHE_aa6bc7d3,HE,SCHOOL,False
local_deep_clean_val/HE/HE_SHE_bce76a1c,HE,HE,True
local_deep_clean_val/HE/HE_SHE_c67a9102,HE,HE,True
local_deep_clean_val/HE/HE_SHE_ce00d710,HE,NAME,False
local_deep_clean_val/HE/HE_SHE_d1c7e8b6,HE,THEY,False
local_deep_clean_val/HE/HE_SHE_dfea4d28,HE,LANGUAGE,False
local_deep_clean_val/HE/HE_SHE_e10990b7,HE,THEY,False
local_deep_clean_val/HE/HE_SHE_e392312f,HE,WHERE,False
local_deep_clean_val/HE/HE_SHE_ec0488b7,HE,HE,True
local_deep_clean_val/HE/HE_SHE_ec40a2c2,HE,HE,True
local_deep_clean_val/HE/HE_SHE_fe0064e7,HE,WHY,False
local_deep_clean_val/HE/HE_SHE_fe030c6a,HE,HE,True
local_deep_clean_val/HE/HE_SHE_ffdd043c,HE,THEY,False
local_deep_clean_val/HE/HE_SHE_signasl_she_1,HE,TOMORROW,False
local_deep_clean_val/HEAR/HEAR_0fc5afcf,HEAR,YESTERDAY,False
local_deep_clean_val/HEAR/HEAR_114237d0,HEAR,SEE,False
local_deep_clean_val/HEAR/HEAR_1171269f,HEAR,LISTEN,False
local_deep_clean_val/HEAR/HEAR_197517e9,HEAR,LISTEN,False
local_deep_clean_val/HEAR/HEAR_1af75997,HEAR,LISTEN,False
local_deep_clean_val/HEAR/HEAR_201bc1d0,HEAR,LISTEN,False
local_deep_clean_val/HEAR/HEAR_2fc02de7,HEAR,UNDERSTAND,False
local_deep_clean_val/HEAR/HEAR_363de1ff,HEAR,LISTEN,False
local_deep_clean_val/HEAR/HEAR_42510145,HEAR,LISTEN,False
local_deep_clean_val/HEAR/HEAR_4ee0d169,HEAR,LISTEN,False
local_deep_clean_val/HEAR/HEAR_51ea9257,HEAR,NO,False
local_deep_clean_val/HEAR/HEAR_55a27239,HEAR,LISTEN,False
local_deep_clean_val/HEAR/HEAR_55c3ad51,HEAR,SEE,False
local_deep_clean_val/HEAR/HEAR_57dfa8a5,HEAR,LISTEN,False
local_deep_clean_val/HEAR/HEAR_60a75400,HEAR,LISTEN,False
local_deep_clean_val/HEAR/HEAR_63bba840,HEAR,NO,False
local_deep_clean_val/HEAR/HEAR_7736cbf3,HEAR,LISTEN,False
local_deep_clean_val/HEAR/HEAR_79ba4290,HEAR,WHY,False
local_deep_clean_val/HEAR/HEAR_803dd7f0,HEAR,SEE,False
local_deep_clean_val/HEAR/HEAR_84767139,HEAR,WHY,False
local_deep_clean_val/HEAR/HEAR_8dae9142,HEAR,YESTERDAY,False
local_deep_clean_val/HEAR/HEAR_8e30b6d8,HEAR,LISTEN,False
local_deep_clean_val/HEAR/HEAR_8e8ddc1e,HEAR,YES,False
local_deep_clean_val/HEAR/HEAR_93e01b59,HEAR,UNDERSTAND,False
local_deep_clean_val/HEAR/HEAR_9eb7cca9,HEAR,NO,False
local_deep_clean_val/HEAR/HEAR_HEAR_13,HEAR,LISTEN,False
local_deep_clean_val/HEAR/HEAR_HEAR_16,HEAR,FIND,False
local_deep_clean_val/HEAR/HEAR_HEAR_5,HEAR,LISTEN,False
local_deep_clean_val/HEAR/HEAR_ac9665f5,HEAR,YESTERDAY,False
local_deep_clean_val/HEAR/HEAR_c13eee6f,HEAR,LISTEN,False
local_deep_clean_val/HEAR/HEAR_c1b0033b,HEAR,WHY,False
local_deep_clean_val/HEAR/HEAR_e403b66b,HEAR,YESTERDAY,False
local_deep_clean_val/HEAR/HEAR_e45e14c5,HEAR,YESTERDAY,False
local_deep_clean_val/HEAR/HEAR_f1655a6e,HEAR,LISTEN,False
local_deep_clean_val/HEAR/HEAR_signasl_hear_3,HEAR,LISTEN,False
local_deep_clean_val/HELLO/HELLO_06d6713f,HELLO,THANKYOU,False
local_deep_clean_val/HELLO/HELLO_078375d0,HELLO,HELLO,True
local_deep_clean_val/HELLO/HELLO_1aac2c4f,HELLO,THANKYOU,False
local_deep_clean_val/HELLO/HELLO_1ec1c966,HELLO,HELLO,True
local_deep_clean_val/HELLO/HELLO_1f138e4d,HELLO,YOUR,False
local_deep_clean_val/HELLO/HELLO_30565654,HELLO,HELLO,True
local_deep_clean_val/HELLO/HELLO_38c55ede,HELLO,MORNING,False
local_deep_clean_val/HELLO/HELLO_6565505d,HELLO,HELLO,True
local_deep_clean_val/HELLO/HELLO_667f2790,HELLO,YOUR,False
local_deep_clean_val/HELLO/HELLO_6d261b97,HELLO,HELLO,True
local_deep_clean_val/HELLO/HELLO_924a052e,HELLO,YOUR,False
local_deep_clean_val/HELLO/HELLO_930f31eb,HELLO,GOODBYE,False
local_deep_clean_val/HELLO/HELLO_a1e9ca4f,HELLO,YOUR,False
local_deep_clean_val/HELLO/HELLO_af149363,HELLO,HELLO,True
local_deep_clean_val/HELLO/HELLO_b90229f3,HELLO,HELLO,True
local_deep_clean_val/HELLO/HELLO_c0750e4b,HELLO,YOUR,False
local_deep_clean_val/HELLO/HELLO_c320df49,HELLO,YOUR,False
local_deep_clean_val/HELLO/HELLO_d0a600e6,HELLO,YOUR,False
local_deep_clean_val/HELLO/HELLO_dc1db3b1,HELLO,HOT,False
local_deep_clean_val/HELLO/HELLO_f382bed6,HELLO,HELLO,True
local_deep_clean_val/HELLO/HELLO_f9798456,HELLO,CHILD,False
local_deep_clean_val/HELLO/HELLO_signasl_hello_3,HELLO,HELLO,True
local_deep_clean_val/HELP/HELP_02804061,HELP,HELP,True
local_deep_clean_val/HELP/HELP_0b818b56,HELP,WRITE,False
local_deep_clean_val/HELP/HELP_10bc06c1,HELP,HELP,True
local_deep_clean_val/HELP/HELP_1bc907d6,HELP,WEEK,False
local_deep_clean_val/HELP/HELP_1dc182e8,HELP,HELP,True
local_deep_clean_val/HELP/HELP_2606ca99,HELP,HELP,True
local_deep_clean_val/HELP/HELP_29c9e085,HELP,HELP,True
local_deep_clean_val/HELP/HELP_30776611,HELP,TOMORROW,False
local_deep_clean_val/HELP/HELP_3c9a0d91,HELP,HELP,True
local_deep_clean_val/HELP/HELP_44225d1c,HELP,HELP,True
local_deep_clean_val/HELP/HELP_44df78b1,HELP,HELP,True
local_deep_clean_val/HELP/HELP_4c37bb68,HELP,DAY,False
local_deep_clean_val/HELP/HELP_4d1f0409,HELP,HELP,True
local_deep_clean_val/HELP/HELP_50bf577a,HELP,TOMORROW,False
local_deep_clean_val/HELP/HELP_53778486,HELP,HELP,True
local_deep_clean_val/HELP/HELP_54d5834d,HELP,HELP,True
local_deep_clean_val/HELP/HELP_552e0bbe,HELP,TOMORROW,False
local_deep_clean_val/HELP/HELP_6fe46751,HELP,DAY,False
local_deep_clean_val/HELP/HELP_7c63b55c,HELP,HELP,True
local_deep_clean_val/HELP/HELP_7f7a14b8,HELP,HELP,True
local_deep_clean_val/HELP/HELP_8a392380,HELP,MAKE,False
local_deep_clean_val/HELP/HELP_8cb9c36e,HELP,HELP,True
local_deep_clean_val/HELP/HELP_HELP_10,HELP,HELP,True
local_deep_clean_val/HELP/HELP_HELP_20,HELP,HELP,True
local_deep_clean_val/HELP/HELP_HELP_23,HELP,HELP,True
local_deep_clean_val/HELP/HELP_HELP_25,HELP,HELP,True
local_deep_clean_val/HELP/HELP_HELP_4,HELP,HELP,True
local_deep_clean_val/HELP/HELP_HELP_8,HELP,HELP,True
local_deep_clean_val/HELP/HELP_aa89c63d,HELP,HELP,True
local_deep_clean_val/HELP/HELP_ad830e9f,HELP,HELP,True
local_deep_clean_val/HELP/HELP_bef20dd0,HELP,WEEK,False
local_deep_clean_val/HELP/HELP_c014235b,HELP,HELP,True
local_deep_clean_val/HELP/HELP_c3e1a4bb,HELP,WOMAN,False
local_deep_clean_val/HELP/HELP_d370f51c,HELP,HELP,True
local_deep_clean_val/HELP/HELP_d5d24274,HELP,HELP,True
local_deep_clean_val/HELP/HELP_d8deae20,HELP,HELP,True
local_deep_clean_val/HELP/HELP_dfd858c2,HELP,HELP,True
local_deep_clean_val/HELP/HELP_e68ab7cd,HELP,HELP,True
local_deep_clean_val/HELP/HELP_f01f8fe1,HELP,HELP,True
local_deep_clean_val/HELP/HELP_signasl_help_4,HELP,HELP,True
local_deep_clean_val/HOME/HOUSE_0d02ead4,HOME,SMALL,False
local_deep_clean_val/HOME/HOUSE_190749f3,HOME,HELLO,False
local_deep_clean_val/HOME/HOUSE_19c49c21,HOME,HELLO,False
local_deep_clean_val/HOME/HOUSE_1b3c66e5,HOME,SMALL,False
local_deep_clean_val/HOME/HOUSE_1ce2545c,HOME,SMALL,False
local_deep_clean_val/HOME/HOUSE_214893f4,HOME,SMALL,False
local_deep_clean_val/HOME/HOUSE_2d65984f,HOME,SMALL,False
local_deep_clean_val/HOME/HOUSE_36f2638e,HOME,MORNING,False
local_deep_clean_val/HOME/HOUSE_460667fc,HOME,HELLO,False
local_deep_clean_val/HOME/HOUSE_51f07425,HOME,MORNING,False
local_deep_clean_val/HOME/HOUSE_53150e9b,HOME,HELLO,False
local_deep_clean_val/HOME/HOUSE_5763190b,HOME,HELLO,False
local_deep_clean_val/HOME/HOUSE_5f634318,HOME,SMALL,False
local_deep_clean_val/HOME/HOUSE_8360fc27,HOME,SMALL,False
local_deep_clean_val/HOME/HOUSE_8fb48235,HOME,MORNING,False
local_deep_clean_val/HOME/HOUSE_9091bda9,HOME,WRITE,False
local_deep_clean_val/HOME/HOUSE_93e91e92,HOME,SMALL,False
local_deep_clean_val/HOME/HOUSE_9679da48,HOME,SMALL,False
local_deep_clean_val/HOME/HOUSE_HOUSE_13,HOME,FAMILY,False
local_deep_clean_val/HOME/HOUSE_HOUSE_8,HOME,FAMILY,False
local_deep_clean_val/HOME/HOUSE_a77120e4,HOME,SMALL,False
local_deep_clean_val/HOME/HOUSE_a8158794,HOME,SMALL,False
local_deep_clean_val/HOME/HOUSE_a851ff05,HOME,STOP,False
local_deep_clean_val/HOME/HOUSE_aa534fa0,HOME,SMALL,False
local_deep_clean_val/HOME/HOUSE_aad07801,HOME,MORNING,False
local_deep_clean_val/HOME/HOUSE_bd7f0adb,HOME,SMALL,False
local_deep_clean_val/HOME/HOUSE_ccbe2873,HOME,SMALL,False
local_deep_clean_val/HOME/HOUSE_dc42439c,HOME,SMALL,False
local_deep_clean_val/HOME/HOUSE_f2bf7686,HOME,MORNING,False
local_deep_clean_val/HOSPITAL/HOSPITAL_0519da1d,HOSPITAL,NAME,False
local_deep_clean_val/HOSPITAL/HOSPITAL_290f6171,HOSPITAL,HOSPITAL,True
local_deep_clean_val/HOSPITAL/HOSPITAL_30269ed5,HOSPITAL,WE,False
local_deep_clean_val/HOSPITAL/HOSPITAL_41f06f6a,HOSPITAL,SORRY,False
local_deep_clean_val/HOSPITAL/HOSPITAL_49390d8e,HOSPITAL,SORRY,False
local_deep_clean_val/HOSPITAL/HOSPITAL_4dbb4fc1,HOSPITAL,HOSPITAL,True
local_deep_clean_val/HOSPITAL/HOSPITAL_5488d8ac,HOSPITAL,SORRY,False
local_deep_clean_val/HOSPITAL/HOSPITAL_5764b54e,HOSPITAL,SORRY,False
local_deep_clean_val/HOSPITAL/HOSPITAL_7d41cc72,HOSPITAL,PLEASE,False
local_deep_clean_val/HOSPITAL/HOSPITAL_7ea10433,HOSPITAL,DAY,False
local_deep_clean_val/HOSPITAL/HOSPITAL_8051ede9,HOSPITAL,CHILD,False
local_deep_clean_val/HOSPITAL/HOSPITAL_8acd200b,HOSPITAL,HOSPITAL,True
local_deep_clean_val/HOSPITAL/HOSPITAL_92c63308,HOSPITAL,SORRY,False
local_deep_clean_val/HOSPITAL/HOSPITAL_967beb38,HOSPITAL,HOSPITAL,True
local_deep_clean_val/HOSPITAL/HOSPITAL_9e40550d,HOSPITAL,HOSPITAL,True
local_deep_clean_val/HOSPITAL/HOSPITAL_a3c5d34f,HOSPITAL,HOSPITAL,True
local_deep_clean_val/HOSPITAL/HOSPITAL_abeee7e0,HOSPITAL,PLEASE,False
local_deep_clean_val/HOSPITAL/HOSPITAL_b41e81ed,HOSPITAL,DAY,False
local_deep_clean_val/HOSPITAL/HOSPITAL_cf7816b0,HOSPITAL,NAME,False
local_deep_clean_val/HOSPITAL/HOSPITAL_d561531f,HOSPITAL,HOSPITAL,True
local_deep_clean_val/HOSPITAL/HOSPITAL_d899c2cf,HOSPITAL,PLEASE,False
local_deep_clean_val/HOSPITAL/HOSPITAL_e05cda3c,HOSPITAL,HOSPITAL,True
local_deep_clean_val/HOSPITAL/HOSPITAL_e110f84e,HOSPITAL,HOSPITAL,True
local_deep_clean_val/HOSPITAL/HOSPITAL_f6fbdb9a,HOSPITAL,HOSPITAL,True
local_deep_clean_val/HOSPITAL/HOSPITAL_f9bece8e,HOSPITAL,HUNGRY,False
local_deep_clean_val/HOSPITAL/HOSPITAL_signasl_hospital_6,HOSPITAL,SORRY,False
local_deep_clean_val/HOSPITAL/HOSPITAL_signasl_hospital_8,HOSPITAL,HAPPY,False
local_deep_clean_val/HOT/HOT_499bbf3f,HOT,HOT,True
local_deep_clean_val/HOT/HOT_4f84f4fd,HOT,HOT,True
local_deep_clean_val/HOT/HOT_53e18970,HOT,HOT,True
local_deep_clean_val/HOT/HOT_54f641ed,HOT,HOT,True
local_deep_clean_val/HOT/HOT_62ec8e95,HOT,EAT,False
local_deep_clean_val/HOT/HOT_755e7fac,HOT,HOT,True
local_deep_clean_val/HOT/HOT_883b25eb,HOT,EAT,False
local_deep_clean_val/HOT/HOT_8a1a54de,HOT,HOT,True
local_deep_clean_val/HOT/HOT_HOT_19,HOT,HOT,True
local_deep_clean_val/HOT/HOT_HOT_24,HOT,HOT,True
local_deep_clean_val/HOT/HOT_HOT_4,HOT,HOT,True
local_deep_clean_val/HOT/HOT_HOT_5,HOT,HOT,True
local_deep_clean_val/HOT/HOT_HOT_6,HOT,HOT,True
local_deep_clean_val/HOT/HOT_beca82fd,HOT,HOT,True
local_deep_clean_val/HOT/HOT_e66b5e8f,HOT,HOT,True
local_deep_clean_val/HOT/HOT_f0f082e0,HOT,HOT,True
local_deep_clean_val/HOT/HOT_f61d47be,HOT,BAD,False
local_deep_clean_val/HOT/HOT_fe792d72,HOT,HOT,True
local_deep_clean_val/HOT/HOT_signasl_hot_4,HOT,HOT,True
local_deep_clean_val/HOT/HOT_signasl_hot_6,HOT,HOT,True
local_deep_clean_val/HOT/HOT_wlasl_28118,HOT,HOT,True
local_deep_clean_val/HOW/HOW_0350e98a,HOW,TRY,False
local_deep_clean_val/HOW/HOW_0661f561,HOW,WHEN,False
local_deep_clean_val/HOW/HOW_079c75c3,HOW,WORK,False
local_deep_clean_val/HOW/HOW_0d828afc,HOW,HOW,True
local_deep_clean_val/HOW/HOW_12d2ecc7,HOW,MAKE,False
local_deep_clean_val/HOW/HOW_130dba42,HOW,MAKE,False
local_deep_clean_val/HOW/HOW_13541146,HOW,FRIEND,False
local_deep_clean_val/HOW/HOW_15d5bfa5,HOW,HOW,True
local_deep_clean_val/HOW/HOW_174a2343,HOW,ASK,False
local_deep_clean_val/HOW/HOW_1a27540b,HOW,WORK,False
local_deep_clean_val/HOW/HOW_1d9d7fd5,HOW,HOW,True
local_deep_clean_val/HOW/HOW_233aee40,HOW,WHEN,False
local_deep_clean_val/HOW/HOW_24968406,HOW,UNDERSTAND,False
local_deep_clean_val/HOW/HOW_3d26db85,HOW,TOMORROW,False
local_deep_clean_val/HOW/HOW_4c1ec696,HOW,FRIEND,False
local_deep_clean_val/HOW/HOW_503bb516,HOW,YOU,False
local_deep_clean_val/HOW/HOW_51f95522,HOW,TRY,False
local_deep_clean_val/HOW/HOW_615e0ac0,HOW,HOW,True
local_deep_clean_val/HOW/HOW_7923da28,HOW,TIME,False
local_deep_clean_val/HOW/HOW_85fb3fe4,HOW,TOMORROW,False
local_deep_clean_val/HOW/HOW_8639d76d,HOW,ASK,False
local_deep_clean_val/HOW/HOW_86693dbb,HOW,HOW,True
local_deep_clean_val/HOW/HOW_8adcaad5,HOW,WHEN,False
local_deep_clean_val/HOW/HOW_9651cf08,HOW,HOW,True
local_deep_clean_val/HOW/HOW_96d9c8de,HOW,TRY,False
local_deep_clean_val/HOW/HOW_HOW_10,HOW,HOW,True
local_deep_clean_val/HOW/HOW_HOW_17,HOW,HOW,True
local_deep_clean_val/HOW/HOW_HOW_23,HOW,HOW,True
local_deep_clean_val/HOW/HOW_HOW_24,HOW,HOW,True
local_deep_clean_val/HOW/HOW_HOW_3,HOW,HOW,True
local_deep_clean_val/HOW/HOW_HOW_6,HOW,FRIEND,False
local_deep_clean_val/HOW/HOW_a1560f73,HOW,HOW,True
local_deep_clean_val/HOW/HOW_af48c640,HOW,HOW,True
local_deep_clean_val/HOW/HOW_b0a2b3e8,HOW,WORK,False
local_deep_clean_val/HOW/HOW_bd20b32c,HOW,DRINK,False
local_deep_clean_val/HOW/HOW_be731db7,HOW,HOW,True
local_deep_clean_val/HOW/HOW_ca96148a,HOW,MAKE,False
local_deep_clean_val/HOW/HOW_cf5fae11,HOW,HOW,True
local_deep_clean_val/HOW/HOW_d1ca406b,HOW,HOW,True
local_deep_clean_val/HOW/HOW_e089e531,HOW,WHEN,False
local_deep_clean_val/HOW/HOW_e449e9ce,HOW,MAKE,False
local_deep_clean_val/HOW/HOW_e4d9e4f3,HOW,YOU,False
local_deep_clean_val/HOW/HOW_e6fc25e5,HOW,HOW,True
local_deep_clean_val/HOW/HOW_ecdbec25,HOW,HOW,True
local_deep_clean_val/HOW/HOW_f81ab30c,HOW,GO,False
local_deep_clean_val/HOW/HOW_fd95e17a,HOW,WORK,False
local_deep_clean_val/I/I_03bdaa59,I,HE,False
local_deep_clean_val/I/I_1f777629,I,FEEL,False
local_deep_clean_val/I/I_26dda421,I,FATHER,False
local_deep_clean_val/I/I_309bf7e9,I,THINK,False
local_deep_clean_val/I/I_30de36b2,I,NEED,False
local_deep_clean_val/I/I_32fd58c4,I,HE,False
local_deep_clean_val/I/I_368066c6,I,YESTERDAY,False
local_deep_clean_val/I/I_3dc41a04,I,WHY,False
local_deep_clean_val/I/I_3ed204f0,I,UNDERSTAND,False
local_deep_clean_val/I/I_479fdf63,I,WHY,False
local_deep_clean_val/I/I_5f00300f,I,HE,False
local_deep_clean_val/I/I_62499c9e,I,WHY,False
local_deep_clean_val/I/I_62a6c904,I,YOU,False
local_deep_clean_val/I/I_730f08bb,I,ASK,False
local_deep_clean_val/I/I_7cd280c1,I,GO,False
local_deep_clean_val/I/I_7cd280c1__from_MARIAH_I__a5a600913f,I,GO,False
local_deep_clean_val/I/I_7dc886c8,I,WHERE,False
local_deep_clean_val/I/I_7f9d0c19,I,WHY,False
local_deep_clean_val/I/I_809bfa70,I,CHILD,False
local_deep_clean_val/I/I_9a366402,I,WHERE,False
local_deep_clean_val/I/I_9a366402__from_MARIAH_I__241baf9d21,I,WHERE,False
local_deep_clean_val/I/I_9ffead45,I,HE,False
local_deep_clean_val/I/I_I_15,I,HE,False
local_deep_clean_val/I/I_I_15__from_DWIGHT_I__c0e3690703,I,DIFFERENT,False
local_deep_clean_val/I/I_I_17,I,SAME,False
local_deep_clean_val/I/I_I_20__from_DWIGHT_I__67363c6e3d,I,GO,False
local_deep_clean_val/I/I_I_21__from_DWIGHT_I__093f05ee75,I,SEE,False
local_deep_clean_val/I/I_I_6,I,NEED,False
local_deep_clean_val/I/I_I_9__from_DWIGHT_I__984c5f9e54,I,SEE,False
local_deep_clean_val/I/I_ME_0d47bd2c,I,THEY,False
local_deep_clean_val/I/I_ME_1b112ff3,I,NEED,False
local_deep_clean_val/I/I_ME_26c3b5f7,I,HAVE,False
local_deep_clean_val/I/I_ME_2e8a4e6f,I,YOU,False
local_deep_clean_val/I/I_ME_2ea073f3,I,WHEN,False
local_deep_clean_val/I/I_ME_32872e83,I,THEY,False
local_deep_clean_val/I/I_ME_39833e4d,I,HUNGRY,False
local_deep_clean_val/I/I_ME_4980dc6b,I,COME,False
local_deep_clean_val/I/I_ME_50b1f56e,I,I,True
local_deep_clean_val/I/I_ME_5944778c,I,HAVE,False
local_deep_clean_val/I/I_ME_5b15432c,I,HOSPITAL,False
local_deep_clean_val/I/I_ME_5bf15077,I,WE,False
local_deep_clean_val/I/I_ME_70d66b48,I,I,True
local_deep_clean_val/I/I_ME_79c8a420,I,WE,False
local_deep_clean_val/I/I_ME_877fc4be,I,TIRED,False
local_deep_clean_val/I/I_ME_8b0a25c6,I,OUR,False
local_deep_clean_val/I/I_ME_95e430f2,I,I,True
local_deep_clean_val/I/I_ME_I_ME_15,I,FEEL,False
local_deep_clean_val/I/I_ME_I_ME_2,I,FEEL,False
local_deep_clean_val/I/I_ME_I_ME_20,I,FEEL,False
local_deep_clean_val/I/I_ME_a42b391a,I,OUR,False
local_deep_clean_val/I/I_ME_a9d9ee46,I,SAME,False
local_deep_clean_val/I/I_ME_ab1be9d6,I,YOU,False
local_deep_clean_val/I/I_ME_cb3c12b7,I,TRY,False
local_deep_clean_val/I/I_ME_d65eb722,I,THEY,False
local_deep_clean_val/I/I_ME_d7951063,I,WHEN,False
local_deep_clean_val/I/I_ME_dc7baa60,I,WE,False
local_deep_clean_val/I/I_ME_df617042,I,THEY,False
local_deep_clean_val/I/I_ME_eb647111,I,WE,False
local_deep_clean_val/I/I_ME_f6c229e2,I,SAME,False
local_deep_clean_val/I/I_a98c9d8c,I,SEE,False
local_deep_clean_val/I/I_b95f3a0b,I,HE,False
local_deep_clean_val/I/I_d1d04483,I,WHY,False
local_deep_clean_val/I/I_d485f185,I,UNDERSTAND,False
local_deep_clean_val/I/I_d485f185__from_MARIAH_I__e93135e2ce,I,UNDERSTAND,False
local_deep_clean_val/I/I_d944cda3,I,HE,False
local_deep_clean_val/I/I_df725c1b,I,SORRY,False
local_deep_clean_val/I/I_e7f4c9e5,I,SAME,False
local_deep_clean_val/I/I_ec537bb6,I,DRINK,False
local_deep_clean_val/I/I_f55ecf90,I,IMPORTANT,False
local_deep_clean_val/I/I_signasl_i_0,I,BAD,False
local_deep_clean_val/IMPORTANT/IMPORTANT_062447d2,IMPORTANT,IMPORTANT,True
local_deep_clean_val/IMPORTANT/IMPORTANT_076d401b,IMPORTANT,IMPORTANT,True
local_deep_clean_val/IMPORTANT/IMPORTANT_1267d2e9,IMPORTANT,IMPORTANT,True
local_deep_clean_val/IMPORTANT/IMPORTANT_2b0cd504,IMPORTANT,IMPORTANT,True
local_deep_clean_val/IMPORTANT/IMPORTANT_394d97f4,IMPORTANT,IMPORTANT,True
local_deep_clean_val/IMPORTANT/IMPORTANT_3a648cca,IMPORTANT,IMPORTANT,True
local_deep_clean_val/IMPORTANT/IMPORTANT_56336321,IMPORTANT,IMPORTANT,True
local_deep_clean_val/IMPORTANT/IMPORTANT_56cf84fd,IMPORTANT,IMPORTANT,True
local_deep_clean_val/IMPORTANT/IMPORTANT_5a65ed79,IMPORTANT,IMPORTANT,True
local_deep_clean_val/IMPORTANT/IMPORTANT_5e2c790a,IMPORTANT,IMPORTANT,True
local_deep_clean_val/IMPORTANT/IMPORTANT_6143af70,IMPORTANT,IMPORTANT,True
local_deep_clean_val/IMPORTANT/IMPORTANT_6a0c2306,IMPORTANT,IMPORTANT,True
local_deep_clean_val/IMPORTANT/IMPORTANT_7cdd94ae,IMPORTANT,IMPORTANT,True
local_deep_clean_val/IMPORTANT/IMPORTANT_7f667e63,IMPORTANT,IMPORTANT,True
local_deep_clean_val/IMPORTANT/IMPORTANT_95b52836,IMPORTANT,IMPORTANT,True
local_deep_clean_val/IMPORTANT/IMPORTANT_9df7fc8a,IMPORTANT,IMPORTANT,True
local_deep_clean_val/IMPORTANT/IMPORTANT_IMPORTANT_11,IMPORTANT,IMPORTANT,True
local_deep_clean_val/IMPORTANT/IMPORTANT_IMPORTANT_17,IMPORTANT,IMPORTANT,True
local_deep_clean_val/IMPORTANT/IMPORTANT_a0010097,IMPORTANT,IMPORTANT,True
local_deep_clean_val/IMPORTANT/IMPORTANT_aa373d77,IMPORTANT,IMPORTANT,True
local_deep_clean_val/IMPORTANT/IMPORTANT_ce2c6fd8,IMPORTANT,IMPORTANT,True
local_deep_clean_val/IMPORTANT/IMPORTANT_d0ce82bb,IMPORTANT,IMPORTANT,True
local_deep_clean_val/IMPORTANT/IMPORTANT_dd7e5643,IMPORTANT,WAIT,False
local_deep_clean_val/IMPORTANT/IMPORTANT_de80d78f,IMPORTANT,IMPORTANT,True
local_deep_clean_val/IMPORTANT/IMPORTANT_e2cfc6ab,IMPORTANT,IMPORTANT,True
local_deep_clean_val/IMPORTANT/IMPORTANT_e419a92c,IMPORTANT,IMPORTANT,True
local_deep_clean_val/IMPORTANT/IMPORTANT_ea575fd8,IMPORTANT,IMPORTANT,True
local_deep_clean_val/IMPORTANT/IMPORTANT_eccb7bd3,IMPORTANT,IMPORTANT,True
local_deep_clean_val/IMPORTANT/IMPORTANT_fde091eb,IMPORTANT,IMPORTANT,True
local_deep_clean_val/IMPORTANT/IMPORTANT_signasl_important_0,IMPORTANT,IMPORTANT,True
local_deep_clean_val/IMPORTANT/IMPORTANT_signasl_important_3,IMPORTANT,IMPORTANT,True
local_deep_clean_val/KNOW/KNOW_2b1a02bb,KNOW,KNOW,True
local_deep_clean_val/KNOW/KNOW_417c8d33,KNOW,KNOW,True
local_deep_clean_val/KNOW/KNOW_47c18235,KNOW,KNOW,True
local_deep_clean_val/KNOW/KNOW_4ec8dd6f,KNOW,KNOW,True
local_deep_clean_val/KNOW/KNOW_5e6ae737,KNOW,THINK,False
local_deep_clean_val/KNOW/KNOW_6174a995,KNOW,KNOW,True
local_deep_clean_val/KNOW/KNOW_63ce06c0,KNOW,KNOW,True
local_deep_clean_val/KNOW/KNOW_6d1549d8,KNOW,KNOW,True
local_deep_clean_val/KNOW/KNOW_6f0d1938,KNOW,KNOW,True
local_deep_clean_val/KNOW/KNOW_717d9324,KNOW,KNOW,True
local_deep_clean_val/KNOW/KNOW_8c5666ab,KNOW,KNOW,True
local_deep_clean_val/KNOW/KNOW_KNOW_10,KNOW,THINK,False
local_deep_clean_val/KNOW/KNOW_KNOW_11,KNOW,KNOW,True
local_deep_clean_val/KNOW/KNOW_KNOW_12,KNOW,KNOW,True
local_deep_clean_val/KNOW/KNOW_KNOW_14,KNOW,KNOW,True
local_deep_clean_val/KNOW/KNOW_KNOW_20,KNOW,KNOW,True
local_deep_clean_val/KNOW/KNOW_KNOW_4,KNOW,THINK,False
local_deep_clean_val/KNOW/KNOW_a21587ae,KNOW,KNOW,True
local_deep_clean_val/KNOW/KNOW_a2e8cd7b,KNOW,KNOW,True
local_deep_clean_val/KNOW/KNOW_a39d9334,KNOW,KNOW,True
local_deep_clean_val/KNOW/KNOW_a54e10c9,KNOW,KNOW,True
local_deep_clean_val/KNOW/KNOW_abe80e75,KNOW,KNOW,True
local_deep_clean_val/KNOW/KNOW_acf71cd1,KNOW,KNOW,True
local_deep_clean_val/KNOW/KNOW_ae50633f,KNOW,KNOW,True
local_deep_clean_val/KNOW/KNOW_d06950c9,KNOW,KNOW,True
local_deep_clean_val/KNOW/KNOW_dfb33add,KNOW,KNOW,True
local_deep_clean_val/KNOW/KNOW_e7afdc0a,KNOW,KNOW,True
local_deep_clean_val/KNOW/KNOW_msasl_xIIGn6cn8BI_5,KNOW,KNOW,True
local_deep_clean_val/KNOW/KNOW_msasl_xQR5y_xUtpA_1,KNOW,KNOW,True
local_deep_clean_val/KNOW/KNOW_wlasl_31896,KNOW,KNOW,True
local_deep_clean_val/KNOW/KNOW_wlasl_31905,KNOW,THINK,False
local_deep_clean_val/LANGUAGE/LANGUAGE_0d374168,LANGUAGE,LANGUAGE,True
local_deep_clean_val/LANGUAGE/LANGUAGE_17939f41,LANGUAGE,LANGUAGE,True
local_deep_clean_val/LANGUAGE/LANGUAGE_257009a3,LANGUAGE,DIFFERENT,False
local_deep_clean_val/LANGUAGE/LANGUAGE_2e6440df,LANGUAGE,NOW,False
local_deep_clean_val/LANGUAGE/LANGUAGE_3c85af40,LANGUAGE,LANGUAGE,True
local_deep_clean_val/LANGUAGE/LANGUAGE_4bd70667,LANGUAGE,LANGUAGE,True
local_deep_clean_val/LANGUAGE/LANGUAGE_5374b20c,LANGUAGE,LANGUAGE,True
local_deep_clean_val/LANGUAGE/LANGUAGE_59406a55,LANGUAGE,DIFFERENT,False
local_deep_clean_val/LANGUAGE/LANGUAGE_713bdbba,LANGUAGE,DIFFERENT,False
local_deep_clean_val/LANGUAGE/LANGUAGE_72856863,LANGUAGE,DIFFERENT,False
local_deep_clean_val/LANGUAGE/LANGUAGE_85e4ecaf,LANGUAGE,LANGUAGE,True
local_deep_clean_val/LANGUAGE/LANGUAGE_862f95f4,LANGUAGE,NOW,False
local_deep_clean_val/LANGUAGE/LANGUAGE_8be7d6e3,LANGUAGE,LANGUAGE,True
local_deep_clean_val/LANGUAGE/LANGUAGE_8f67c4a9,LANGUAGE,READY,False
local_deep_clean_val/LANGUAGE/LANGUAGE_97eb22e2,LANGUAGE,FRIEND,False
local_deep_clean_val/LANGUAGE/LANGUAGE_9e908e37,LANGUAGE,LANGUAGE,True
local_deep_clean_val/LANGUAGE/LANGUAGE_LANGUAGE_4,LANGUAGE,BIG,False
local_deep_clean_val/LANGUAGE/LANGUAGE_a20522da,LANGUAGE,LANGUAGE,True
local_deep_clean_val/LANGUAGE/LANGUAGE_b33fc65d,LANGUAGE,LANGUAGE,True
local_deep_clean_val/LANGUAGE/LANGUAGE_e64c9a2c,LANGUAGE,ANSWER,False
local_deep_clean_val/LANGUAGE/LANGUAGE_e67868a7,LANGUAGE,DIFFERENT,False
local_deep_clean_val/LANGUAGE/LANGUAGE_e86481ac,LANGUAGE,LANGUAGE,True
local_deep_clean_val/LANGUAGE/LANGUAGE_eb2197bf,LANGUAGE,LANGUAGE,True
local_deep_clean_val/LANGUAGE/LANGUAGE_f3c69fda,LANGUAGE,LANGUAGE,True
local_deep_clean_val/LANGUAGE/LANGUAGE_fd37d82b,LANGUAGE,DIFFERENT,False
local_deep_clean_val/LANGUAGE/LANGUAGE_ffa56cfc,LANGUAGE,DIFFERENT,False
local_deep_clean_val/LANGUAGE/LANGUAGE_wlasl_68084,LANGUAGE,LANGUAGE,True
local_deep_clean_val/LEARN/LEARN_0027d7ab,LEARN,LEARN,True
local_deep_clean_val/LEARN/LEARN_0468f3d5,LEARN,LEARN,True
local_deep_clean_val/LEARN/LEARN_0701da3b,LEARN,LEARN,True
local_deep_clean_val/LEARN/LEARN_0e4c7b06,LEARN,LEARN,True
local_deep_clean_val/LEARN/LEARN_121808d1,LEARN,LEARN,True
local_deep_clean_val/LEARN/LEARN_1b3110f3,LEARN,LEARN,True
local_deep_clean_val/LEARN/LEARN_1bf8bb7e,LEARN,LEARN,True
local_deep_clean_val/LEARN/LEARN_271f72d7,LEARN,LEARN,True
local_deep_clean_val/LEARN/LEARN_290589f6,LEARN,LEARN,True
local_deep_clean_val/LEARN/LEARN_487ded31,LEARN,LEARN,True
local_deep_clean_val/LEARN/LEARN_49a2eca7,LEARN,LEARN,True
local_deep_clean_val/LEARN/LEARN_53813424,LEARN,LEARN,True
local_deep_clean_val/LEARN/LEARN_6349dfc7,LEARN,LEARN,True
local_deep_clean_val/LEARN/LEARN_6b3d00f4,LEARN,LEARN,True
local_deep_clean_val/LEARN/LEARN_6e80bde7,LEARN,LEARN,True
local_deep_clean_val/LEARN/LEARN_7fc5a4c8,LEARN,LEARN,True
local_deep_clean_val/LEARN/LEARN_84bae38d,LEARN,KNOW,False
local_deep_clean_val/LEARN/LEARN_8bb85c89,LEARN,LEARN,True
local_deep_clean_val/LEARN/LEARN_91e84e6e,LEARN,LEARN,True
local_deep_clean_val/LEARN/LEARN_937c6d96,LEARN,LEARN,True
local_deep_clean_val/LEARN/LEARN_95678e40,LEARN,LEARN,True
local_deep_clean_val/LEARN/LEARN_98674fdd,LEARN,LEARN,True
local_deep_clean_val/LEARN/LEARN_LEARN_18,LEARN,LEARN,True
local_deep_clean_val/LEARN/LEARN_LEARN_9,LEARN,NAME,False
local_deep_clean_val/LEARN/LEARN_a47e922b,LEARN,LEARN,True
local_deep_clean_val/LEARN/LEARN_ab20d7f9,LEARN,LEARN,True
local_deep_clean_val/LEARN/LEARN_b60a2621,LEARN,LESS,False
local_deep_clean_val/LEARN/LEARN_c3389b71,LEARN,LEARN,True
local_deep_clean_val/LEARN/LEARN_c4cda33a,LEARN,LEARN,True
local_deep_clean_val/LEARN/LEARN_cdefa3de,LEARN,LEARN,True
local_deep_clean_val/LEARN/LEARN_ce54933a,LEARN,LEARN,True
local_deep_clean_val/LEARN/LEARN_db568944,LEARN,LEARN,True
local_deep_clean_val/LEARN/LEARN_e33e8283,LEARN,LEARN,True
local_deep_clean_val/LEARN/LEARN_f137fa0d,LEARN,LEARN,True
local_deep_clean_val/LEARN/LEARN_f54ac54d,LEARN,LEARN,True
local_deep_clean_val/LEARN/LEARN_msasl_c49qWjgFtRI_2,LEARN,LEARN,True
local_deep_clean_val/LEARN/LEARN_msasl_xbVVThaez2g_6,LEARN,LEARN,True
local_deep_clean_val/LEARN/LEARN_signasl_learn_4,LEARN,LEARN,True
local_deep_clean_val/LEARN/LEARN_wlasl_32598,LEARN,LEARN,True
local_deep_clean_val/LESS/LESS_0949116e,LESS,NAME,False
local_deep_clean_val/LESS/LESS_1b83d2d8,LESS,LESS,True
local_deep_clean_val/LESS/LESS_1ce97df0,LESS,USE,False
local_deep_clean_val/LESS/LESS_3ec34bcd,LESS,GIVE,False
local_deep_clean_val/LESS/LESS_4db6777a,LESS,LESS,True
local_deep_clean_val/LESS/LESS_532760b6,LESS,NIGHT,False
local_deep_clean_val/LESS/LESS_5f6bcd49,LESS,LESS,True
local_deep_clean_val/LESS/LESS_6aa5dcd0,LESS,LESS,True
local_deep_clean_val/LESS/LESS_6ab6b183,LESS,LESS,True
local_deep_clean_val/LESS/LESS_712edbb9,LESS,EASY,False
local_deep_clean_val/LESS/LESS_720c920c,LESS,LESS,True
local_deep_clean_val/LESS/LESS_75a99d1d,LESS,LESS,True
local_deep_clean_val/LESS/LESS_78aba858,LESS,WRITE,False
local_deep_clean_val/LESS/LESS_834509ab,LESS,LESS,True
local_deep_clean_val/LESS/LESS_8c486c03,LESS,LESS,True
local_deep_clean_val/LESS/LESS_8f992d94,LESS,MORNING,False
local_deep_clean_val/LESS/LESS_c9616953,LESS,NIGHT,False
local_deep_clean_val/LESS/LESS_cdb418a8,LESS,GIVE,False
local_deep_clean_val/LESS/LESS_d24f1ecc,LESS,STOP,False
local_deep_clean_val/LESS/LESS_d5c39d9b,LESS,LESS,True
local_deep_clean_val/LESS/LESS_e311eba7,LESS,LESS,True
local_deep_clean_val/LESS/LESS_e366af34,LESS,MORNING,False
local_deep_clean_val/LESS/LESS_ef314147,LESS,READ,False
local_deep_clean_val/LESS/LESS_f71cdb27,LESS,NIGHT,False
local_deep_clean_val/LESS/LESS_fb541729,LESS,YEAR,False
local_deep_clean_val/LESS/LESS_wlasl_32882,LESS,BAD,False
local_deep_clean_val/LIKE/LIKE_15383edd,LIKE,LIKE,True
local_deep_clean_val/LIKE/LIKE_1b6fcd44,LIKE,PLEASE,False
local_deep_clean_val/LIKE/LIKE_2163552e,LIKE,PLEASE,False
local_deep_clean_val/LIKE/LIKE_24832b0e,LIKE,LIKE,True
local_deep_clean_val/LIKE/LIKE_2503489e,LIKE,LIKE,True
local_deep_clean_val/LIKE/LIKE_27bf2d1d,LIKE,PLEASE,False
local_deep_clean_val/LIKE/LIKE_2936593b,LIKE,LIKE,True
local_deep_clean_val/LIKE/LIKE_2f6f0c7e,LIKE,FEEL,False
local_deep_clean_val/LIKE/LIKE_35b677e3,LIKE,LIKE,True
local_deep_clean_val/LIKE/LIKE_4c889f61,LIKE,PLEASE,False
local_deep_clean_val/LIKE/LIKE_4dcaa59b,LIKE,HUNGRY,False
local_deep_clean_val/LIKE/LIKE_54711808,LIKE,LIKE,True
local_deep_clean_val/LIKE/LIKE_5656a464,LIKE,HUNGRY,False
local_deep_clean_val/LIKE/LIKE_5a3f10a0,LIKE,LIKE,True
local_deep_clean_val/LIKE/LIKE_5db52de4,LIKE,SCHOOL,False
local_deep_clean_val/LIKE/LIKE_6dd053d4,LIKE,LIKE,True
local_deep_clean_val/LIKE/LIKE_75a0b6af,LIKE,LIKE,True
local_deep_clean_val/LIKE/LIKE_76343bee,LIKE,LIKE,True
local_deep_clean_val/LIKE/LIKE_81a3e188,LIKE,LIKE,True
local_deep_clean_val/LIKE/LIKE_863d1bc1,LIKE,FEEL,False
local_deep_clean_val/LIKE/LIKE_868280ec,LIKE,LIKE,True
local_deep_clean_val/LIKE/LIKE_89e7e428,LIKE,MY,False
local_deep_clean_val/LIKE/LIKE_LIKE_13,LIKE,LIKE,True
local_deep_clean_val/LIKE/LIKE_LIKE_21,LIKE,LIKE,True
local_deep_clean_val/LIKE/LIKE_LIKE_24,LIKE,LIKE,True
local_deep_clean_val/LIKE/LIKE_a0450318,LIKE,LIKE,True
local_deep_clean_val/LIKE/LIKE_a3e695c5,LIKE,LIKE,True
local_deep_clean_val/LIKE/LIKE_a99d4ab3,LIKE,LIKE,True
local_deep_clean_val/LIKE/LIKE_c5eedc4a,LIKE,LIKE,True
local_deep_clean_val/LIKE/LIKE_cefc2d5e,LIKE,LIKE,True
local_deep_clean_val/LIKE/LIKE_d83f1022,LIKE,LIKE,True
local_deep_clean_val/LIKE/LIKE_d9a288a0,LIKE,TIRED,False
local_deep_clean_val/LIKE/LIKE_ea144a52,LIKE,FEEL,False
local_deep_clean_val/LIKE/LIKE_f204f0df,LIKE,LIKE,True
local_deep_clean_val/LIKE/LIKE_fbbd3ddd,LIKE,LIKE,True
local_deep_clean_val/LIKE/LIKE_msasl_RMUydgQr9TE_5,LIKE,LIKE,True
local_deep_clean_val/LIKE/LIKE_wlasl_33277,LIKE,LIKE,True
local_deep_clean_val/LOVE/LOVE_0564c4f5,LOVE,LOVE,True
local_deep_clean_val/LOVE/LOVE_21657b50,LOVE,LOVE,True
local_deep_clean_val/LOVE/LOVE_2206e4c9,LOVE,LOVE,True
local_deep_clean_val/LOVE/LOVE_22f1034c,LOVE,LOVE,True
local_deep_clean_val/LOVE/LOVE_27c99a1f,LOVE,LOVE,True
local_deep_clean_val/LOVE/LOVE_2b0e6fe0,LOVE,LOVE,True
local_deep_clean_val/LOVE/LOVE_3226bc24,LOVE,LOVE,True
local_deep_clean_val/LOVE/LOVE_4c808655,LOVE,LOVE,True
local_deep_clean_val/LOVE/LOVE_5113266e,LOVE,LOVE,True
local_deep_clean_val/LOVE/LOVE_517a9402,LOVE,LOVE,True
local_deep_clean_val/LOVE/LOVE_52b72714,LOVE,LOVE,True
local_deep_clean_val/LOVE/LOVE_67d064a8,LOVE,LOVE,True
local_deep_clean_val/LOVE/LOVE_71a74273,LOVE,LOVE,True
local_deep_clean_val/LOVE/LOVE_83195aa7,LOVE,LOVE,True
local_deep_clean_val/LOVE/LOVE_8475a8c8,LOVE,LOVE,True
local_deep_clean_val/LOVE/LOVE_84799bc0,LOVE,LOVE,True
local_deep_clean_val/LOVE/LOVE_87e2608e,LOVE,LOVE,True
local_deep_clean_val/LOVE/LOVE_LOVE_10,LOVE,LOVE,True
local_deep_clean_val/LOVE/LOVE_LOVE_15,LOVE,LOVE,True
local_deep_clean_val/LOVE/LOVE_LOVE_21,LOVE,LOVE,True
local_deep_clean_val/LOVE/LOVE_LOVE_3,LOVE,LOVE,True
local_deep_clean_val/LOVE/LOVE_b0e51e54,LOVE,LOVE,True
local_deep_clean_val/LOVE/LOVE_b494bfb5,LOVE,LOVE,True
local_deep_clean_val/LOVE/LOVE_bed6c490,LOVE,LOVE,True
local_deep_clean_val/LOVE/LOVE_d44287b3,LOVE,LOVE,True
local_deep_clean_val/LOVE/LOVE_d6662d22,LOVE,LOVE,True
local_deep_clean_val/LOVE/LOVE_dd59f8de,LOVE,LOVE,True
local_deep_clean_val/LOVE/LOVE_dd5aed23,LOVE,LOVE,True
local_deep_clean_val/LOVE/LOVE_ea345692,LOVE,LOVE,True
local_deep_clean_val/MAKE/MAKE_2d34547c,MAKE,MAKE,True
local_deep_clean_val/MAKE/MAKE_3009f226,MAKE,MAKE,True
local_deep_clean_val/MAKE/MAKE_3ae91bd4,MAKE,MAKE,True
local_deep_clean_val/MAKE/MAKE_4114d0e7,MAKE,MAKE,True
local_deep_clean_val/MAKE/MAKE_53fe3e28,MAKE,YEAR,False
local_deep_clean_val/MAKE/MAKE_5f20f35a,MAKE,MAKE,True
local_deep_clean_val/MAKE/MAKE_81449cf2,MAKE,MAKE,True
local_deep_clean_val/MAKE/MAKE_866e8316,MAKE,MAKE,True
local_deep_clean_val/MAKE/MAKE_89feb8f4,MAKE,MAKE,True
local_deep_clean_val/MAKE/MAKE_8fca0218,MAKE,MAKE,True
local_deep_clean_val/MAKE/MAKE_936e23df,MAKE,MAKE,True
local_deep_clean_val/MAKE/MAKE_9b1a5d95,MAKE,MAKE,True
local_deep_clean_val/MAKE/MAKE_MAKE_11,MAKE,MAKE,True
local_deep_clean_val/MAKE/MAKE_MAKE_14,MAKE,MAKE,True
local_deep_clean_val/MAKE/MAKE_MAKE_7,MAKE,MAKE,True
local_deep_clean_val/MAKE/MAKE_MAKE_8,MAKE,MAKE,True
local_deep_clean_val/MAKE/MAKE_a8e51766,MAKE,YEAR,False
local_deep_clean_val/MAKE/MAKE_baed1df6,MAKE,YEAR,False
local_deep_clean_val/MAKE/MAKE_c96ffe05,MAKE,MAKE,True
local_deep_clean_val/MAKE/MAKE_cc071438,MAKE,MAKE,True
local_deep_clean_val/MAKE/MAKE_d535a01a,MAKE,MAKE,True
local_deep_clean_val/MAKE/MAKE_dc9177f9,MAKE,YES,False
local_deep_clean_val/MAKE/MAKE_de58b167,MAKE,YEAR,False
local_deep_clean_val/MAKE/MAKE_e17800b6,MAKE,MAKE,True
local_deep_clean_val/MAKE/MAKE_f02899fe,MAKE,MAKE,True
local_deep_clean_val/MAKE/MAKE_signasl_make_19,MAKE,NIGHT,False
local_deep_clean_val/MAKE/MAKE_signasl_make_9,MAKE,TAKE,False
local_deep_clean_val/MAN/MAN_02dfb331,MAN,MAN,True
local_deep_clean_val/MAN/MAN_088a933b,MAN,MAN,True
local_deep_clean_val/MAN/MAN_13126f84,MAN,WOMAN,False
local_deep_clean_val/MAN/MAN_18a9efdf,MAN,MAN,True
local_deep_clean_val/MAN/MAN_1db5d541,MAN,MAN,True
local_deep_clean_val/MAN/MAN_28376699,MAN,MAN,True
local_deep_clean_val/MAN/MAN_481b2127,MAN,MAN,True
local_deep_clean_val/MAN/MAN_81b8311d,MAN,MAN,True
local_deep_clean_val/MAN/MAN_898b5d15,MAN,MAN,True
local_deep_clean_val/MAN/MAN_9ff3f5bd,MAN,MAN,True
local_deep_clean_val/MAN/MAN_ab9db55d,MAN,MAN,True
local_deep_clean_val/MAN/MAN_b6decff6,MAN,MAN,True
local_deep_clean_val/MAN/MAN_bdb7eaae,MAN,STOP,False
local_deep_clean_val/MAN/MAN_bfc903df,MAN,MAN,True
local_deep_clean_val/MAN/MAN_c0d98cf6,MAN,MAN,True
local_deep_clean_val/MAN/MAN_c13de0fd,MAN,MAN,True
local_deep_clean_val/MAN/MAN_c9755096,MAN,MAN,True
local_deep_clean_val/MAN/MAN_eed49c9b,MAN,MAN,True
local_deep_clean_val/MAN/MAN_ef27613b,MAN,DRINK,False
local_deep_clean_val/MAN/MAN_f5079713,MAN,MAN,True
local_deep_clean_val/MAN/MAN_fbaea680,MAN,MAN,True
local_deep_clean_val/MAN/MAN_wlasl_34744,MAN,WOMAN,False
local_deep_clean_val/MAYBE/MAYBE_063959d1,MAYBE,MAYBE,True
local_deep_clean_val/MAYBE/MAYBE_0c2f3457,MAYBE,MAYBE,True
local_deep_clean_val/MAYBE/MAYBE_1100f552,MAYBE,MAYBE,True
local_deep_clean_val/MAYBE/MAYBE_1795df5e,MAYBE,MAYBE,True
local_deep_clean_val/MAYBE/MAYBE_183d1483,MAYBE,MAYBE,True
local_deep_clean_val/MAYBE/MAYBE_25de5e64,MAYBE,MAYBE,True
local_deep_clean_val/MAYBE/MAYBE_2fdc236f,MAYBE,MAYBE,True
local_deep_clean_val/MAYBE/MAYBE_40e8d326,MAYBE,MAYBE,True
local_deep_clean_val/MAYBE/MAYBE_482b0b2c,MAYBE,MAYBE,True
local_deep_clean_val/MAYBE/MAYBE_4e44a664,MAYBE,MAYBE,True
local_deep_clean_val/MAYBE/MAYBE_75c24a1a,MAYBE,MAYBE,True
local_deep_clean_val/MAYBE/MAYBE_7927b98b,MAYBE,MAYBE,True
local_deep_clean_val/MAYBE/MAYBE_88a4f68b,MAYBE,MAYBE,True
local_deep_clean_val/MAYBE/MAYBE_8ce7f2b4,MAYBE,MAYBE,True
local_deep_clean_val/MAYBE/MAYBE_8feee638,MAYBE,MAYBE,True
local_deep_clean_val/MAYBE/MAYBE_97f351c4,MAYBE,MAYBE,True
local_deep_clean_val/MAYBE/MAYBE_c2bb582f,MAYBE,MAYBE,True
local_deep_clean_val/MAYBE/MAYBE_c760a904,MAYBE,MAYBE,True
local_deep_clean_val/MAYBE/MAYBE_cd878257,MAYBE,MAYBE,True
local_deep_clean_val/MAYBE/MAYBE_ead9fb4e,MAYBE,MAYBE,True
local_deep_clean_val/MAYBE/MAYBE_f08c66db,MAYBE,SIGN,False
local_deep_clean_val/MAYBE/MAYBE_f28c51ae,MAYBE,MAYBE,True
local_deep_clean_val/MORE/MORE_03329fc6,MORE,MORE,True
local_deep_clean_val/MORE/MORE_111ba0fc,MORE,MORE,True
local_deep_clean_val/MORE/MORE_128dd795,MORE,MORE,True
local_deep_clean_val/MORE/MORE_16de339e,MORE,MORE,True
local_deep_clean_val/MORE/MORE_18e95f66,MORE,MORE,True
local_deep_clean_val/MORE/MORE_1c120c8c,MORE,MORE,True
local_deep_clean_val/MORE/MORE_3519204c,MORE,MORE,True
local_deep_clean_val/MORE/MORE_43b17925,MORE,MORE,True
local_deep_clean_val/MORE/MORE_6acb9bd6,MORE,MORE,True
local_deep_clean_val/MORE/MORE_748631dc,MORE,MORE,True
local_deep_clean_val/MORE/MORE_779ca53c,MORE,MORE,True
local_deep_clean_val/MORE/MORE_81e52d99,MORE,MORE,True
local_deep_clean_val/MORE/MORE_8ad554b0,MORE,MORE,True
local_deep_clean_val/MORE/MORE_a24a1e85,MORE,MORE,True
local_deep_clean_val/MORE/MORE_b2e873de,MORE,MORE,True
local_deep_clean_val/MORE/MORE_b2ffb1be,MORE,MORE,True
local_deep_clean_val/MORE/MORE_b8f257c8,MORE,MORE,True
local_deep_clean_val/MORE/MORE_ba7d568e,MORE,MORE,True
local_deep_clean_val/MORE/MORE_bc5f042b,MORE,MORE,True
local_deep_clean_val/MORE/MORE_d16d6ee3,MORE,MORE,True
local_deep_clean_val/MORE/MORE_d64c411d,MORE,MORE,True
local_deep_clean_val/MORE/MORE_f2a19cb2,MORE,MORE,True
local_deep_clean_val/MORE/MORE_wlasl_36826,MORE,MORE,True
local_deep_clean_val/MORE/MORE_wlasl_36837,MORE,HOW,False
local_deep_clean_val/MORE/MORE_wlasl_36838,MORE,HOW,False
local_deep_clean_val/MORNING/MORNING_09c5e965,MORNING,WHAT,False
local_deep_clean_val/MORNING/MORNING_17d784c5,MORNING,MORNING,True
local_deep_clean_val/MORNING/MORNING_18392209,MORNING,MORNING,True
local_deep_clean_val/MORNING/MORNING_25c2a535,MORNING,MORNING,True
local_deep_clean_val/MORNING/MORNING_6cec281e,MORNING,MORNING,True
local_deep_clean_val/MORNING/MORNING_7e69e157,MORNING,MORNING,True
local_deep_clean_val/MORNING/MORNING_887cae72,MORNING,MORNING,True
local_deep_clean_val/MORNING/MORNING_8b50c797,MORNING,MORNING,True
local_deep_clean_val/MORNING/MORNING_93c81c5d,MORNING,MORNING,True
local_deep_clean_val/MORNING/MORNING_973f5d99,MORNING,BAD,False
local_deep_clean_val/MORNING/MORNING_MORNING_10,MORNING,MORNING,True
local_deep_clean_val/MORNING/MORNING_MORNING_12,MORNING,MORNING,True
local_deep_clean_val/MORNING/MORNING_a689708e,MORNING,MORNING,True
local_deep_clean_val/MORNING/MORNING_a9f70d31,MORNING,MORNING,True
local_deep_clean_val/MORNING/MORNING_af8d9e4b,MORNING,MORNING,True
local_deep_clean_val/MORNING/MORNING_b1e4cb54,MORNING,MORNING,True
local_deep_clean_val/MORNING/MORNING_b364f484,MORNING,MORNING,True
local_deep_clean_val/MORNING/MORNING_b6757757,MORNING,LEARN,False
local_deep_clean_val/MORNING/MORNING_be79aef1,MORNING,MORNING,True
local_deep_clean_val/MORNING/MORNING_c08582af,MORNING,MORNING,True
local_deep_clean_val/MORNING/MORNING_c2698524,MORNING,MORNING,True
local_deep_clean_val/MORNING/MORNING_c3fc57e7,MORNING,LEARN,False
local_deep_clean_val/MORNING/MORNING_c87994f5,MORNING,MORNING,True
local_deep_clean_val/MORNING/MORNING_c8c00195,MORNING,MORNING,True
local_deep_clean_val/MORNING/MORNING_d1ef9d6a,MORNING,MORNING,True
local_deep_clean_val/MORNING/MORNING_d8f3cc5c,MORNING,MORNING,True
local_deep_clean_val/MORNING/MORNING_d917fe4e,MORNING,MORNING,True
local_deep_clean_val/MORNING/MORNING_d95c9887,MORNING,MORNING,True
local_deep_clean_val/MORNING/MORNING_e079da4e,MORNING,HAPPY,False
local_deep_clean_val/MORNING/MORNING_e890283a,MORNING,MORNING,True
local_deep_clean_val/MORNING/MORNING_signasl_morning_3,MORNING,MORNING,True
local_deep_clean_val/MORNING/MORNING_signasl_morning_9,MORNING,BAD,False
local_deep_clean_val/MOTHER/MOTHER_11419dac,MOTHER,MOTHER,True
local_deep_clean_val/MOTHER/MOTHER_11fdb238,MOTHER,MOTHER,True
local_deep_clean_val/MOTHER/MOTHER_283fba17,MOTHER,MOTHER,True
local_deep_clean_val/MOTHER/MOTHER_313fce4e,MOTHER,MOTHER,True
local_deep_clean_val/MOTHER/MOTHER_338797af,MOTHER,MOTHER,True
local_deep_clean_val/MOTHER/MOTHER_37c544a0,MOTHER,MOTHER,True
local_deep_clean_val/MOTHER/MOTHER_3b1f674e,MOTHER,MOTHER,True
local_deep_clean_val/MOTHER/MOTHER_40d9b24c,MOTHER,MOTHER,True
local_deep_clean_val/MOTHER/MOTHER_415aa7cc,MOTHER,MOTHER,True
local_deep_clean_val/MOTHER/MOTHER_43db4d62,MOTHER,YOUR,False
local_deep_clean_val/MOTHER/MOTHER_4e463ac2,MOTHER,WATER,False
local_deep_clean_val/MOTHER/MOTHER_5587335d,MOTHER,MOTHER,True
local_deep_clean_val/MOTHER/MOTHER_5e0ba035,MOTHER,MOTHER,True
local_deep_clean_val/MOTHER/MOTHER_6fb1224c,MOTHER,MOTHER,True
local_deep_clean_val/MOTHER/MOTHER_8cff0726,MOTHER,MOTHER,True
local_deep_clean_val/MOTHER/MOTHER_a26be66f,MOTHER,MOTHER,True
local_deep_clean_val/MOTHER/MOTHER_a597e9a4,MOTHER,MOTHER,True
local_deep_clean_val/MOTHER/MOTHER_bdd8e489,MOTHER,MOTHER,True
local_deep_clean_val/MOTHER/MOTHER_c1fb67de,MOTHER,MOTHER,True
local_deep_clean_val/MOTHER/MOTHER_c4f35e91,MOTHER,MOTHER,True
local_deep_clean_val/MOTHER/MOTHER_cc52b3b6,MOTHER,WATER,False
local_deep_clean_val/MOTHER/MOTHER_d5c21174,MOTHER,MOTHER,True
local_deep_clean_val/MOTHER/MOTHER_da80928d,MOTHER,MOTHER,True
local_deep_clean_val/MOTHER/MOTHER_dc8d00e1,MOTHER,MOTHER,True
local_deep_clean_val/MOTHER/MOTHER_fa104824,MOTHER,MOTHER,True
local_deep_clean_val/MOTHER/MOTHER_fc95a034,MOTHER,MOTHER,True
local_deep_clean_val/MY/MY_04b82e3b,MY,MY,True
local_deep_clean_val/MY/MY_05b7fd60,MY,PLEASE,False
local_deep_clean_val/MY/MY_0f84f871,MY,LIKE,False
local_deep_clean_val/MY/MY_1f4fb599,MY,MY,True
local_deep_clean_val/MY/MY_1fc959ed,MY,PLEASE,False
local_deep_clean_val/MY/MY_2b662bbb,MY,PLEASE,False
local_deep_clean_val/MY/MY_363e9001,MY,PLEASE,False
local_deep_clean_val/MY/MY_3b0bf48e,MY,HUNGRY,False
local_deep_clean_val/MY/MY_3d3bd5d9,MY,LIKE,False
local_deep_clean_val/MY/MY_4074bea9,MY,MY,True
local_deep_clean_val/MY/MY_411a0fce,MY,PLEASE,False
local_deep_clean_val/MY/MY_66dbb10e,MY,MY,True
local_deep_clean_val/MY/MY_7f3b835e,MY,PLEASE,False
local_deep_clean_val/MY/MY_9fc991d6,MY,PLEASE,False
local_deep_clean_val/MY/MY_MY_21,MY,LIKE,False
local_deep_clean_val/MY/MY_a238c656,MY,OUR,False
local_deep_clean_val/MY/MY_ccf5aac6,MY,PLEASE,False
local_deep_clean_val/MY/MY_da678ffa,MY,OUR,False
local_deep_clean_val/MY/MY_e330090a,MY,PLEASE,False
local_deep_clean_val/MY/MY_ebc2019b,MY,PLEASE,False
local_deep_clean_val/MY/MY_ef40d5d3,MY,HUNGRY,False
local_deep_clean_val/MY/MY_fe87457e,MY,OUR,False
local_deep_clean_val/NAME/NAME_03b53ad8,NAME,NAME,True
local_deep_clean_val/NAME/NAME_06cd53d9,NAME,NAME,True
local_deep_clean_val/NAME/NAME_070c15bf,NAME,NAME,True
local_deep_clean_val/NAME/NAME_270104b0,NAME,NAME,True
local_deep_clean_val/NAME/NAME_28f11200,NAME,NAME,True
local_deep_clean_val/NAME/NAME_2e050359,NAME,MORE,False
local_deep_clean_val/NAME/NAME_2f9cdf31,NAME,NAME,True
local_deep_clean_val/NAME/NAME_315d535c,NAME,NAME,True
local_deep_clean_val/NAME/NAME_327e881e,NAME,MORE,False
local_deep_clean_val/NAME/NAME_3dc52baa,NAME,NAME,True
local_deep_clean_val/NAME/NAME_3e39cedf,NAME,NAME,True
local_deep_clean_val/NAME/NAME_4bb23ce6,NAME,NAME,True
local_deep_clean_val/NAME/NAME_5461b33f,NAME,NAME,True
local_deep_clean_val/NAME/NAME_59aa211d,NAME,NAME,True
local_deep_clean_val/NAME/NAME_5a4b9e29,NAME,NAME,True
local_deep_clean_val/NAME/NAME_752af33a,NAME,FRIEND,False
local_deep_clean_val/NAME/NAME_80580576,NAME,NAME,True
local_deep_clean_val/NAME/NAME_8de52884,NAME,NAME,True
local_deep_clean_val/NAME/NAME_957a5ae6,NAME,FEEL,False
local_deep_clean_val/NAME/NAME_9a49f5ea,NAME,NAME,True
local_deep_clean_val/NAME/NAME_NAME_17,NAME,NIGHT,False
local_deep_clean_val/NAME/NAME_NAME_20,NAME,NAME,True
local_deep_clean_val/NAME/NAME_a020d373,NAME,NAME,True
local_deep_clean_val/NAME/NAME_a16d9f12,NAME,NAME,True
local_deep_clean_val/NAME/NAME_a94e84a1,NAME,NAME,True
local_deep_clean_val/NAME/NAME_d12aafa8,NAME,NAME,True
local_deep_clean_val/NAME/NAME_d846e72f,NAME,NAME,True
local_deep_clean_val/NAME/NAME_dc3ef522,NAME,NAME,True
local_deep_clean_val/NAME/NAME_de90b2c8,NAME,NAME,True
local_deep_clean_val/NAME/NAME_e4bfb926,NAME,NAME,True
local_deep_clean_val/NAME/NAME_e8e78333,NAME,NAME,True
local_deep_clean_val/NAME/NAME_f0338d2e,NAME,NAME,True
local_deep_clean_val/NAME/NAME_ffdd61c5,NAME,NAME,True
local_deep_clean_val/NAME/NAME_signasl_name_15,NAME,NAME,True
local_deep_clean_val/NEED/NEED_0993a46e,NEED,THINK,False
local_deep_clean_val/NEED/NEED_0c74c988,NEED,NEED,True
local_deep_clean_val/NEED/NEED_126d6b2e,NEED,NEED,True
local_deep_clean_val/NEED/NEED_24c441eb,NEED,TOMORROW,False
local_deep_clean_val/NEED/NEED_370f4e04,NEED,NEED,True
local_deep_clean_val/NEED/NEED_5a03bd7c,NEED,NEED,True
local_deep_clean_val/NEED/NEED_5cba458f,NEED,NEED,True
local_deep_clean_val/NEED/NEED_6396b536,NEED,WHO,False
local_deep_clean_val/NEED/NEED_6ee3d95b,NEED,NEED,True
local_deep_clean_val/NEED/NEED_70f8add2,NEED,NEED,True
local_deep_clean_val/NEED/NEED_794173f8,NEED,BIG,False
local_deep_clean_val/NEED/NEED_7dcccb56,NEED,NEED,True
local_deep_clean_val/NEED/NEED_81fbce14,NEED,ASK,False
local_deep_clean_val/NEED/NEED_88834af4,NEED,YES,False
local_deep_clean_val/NEED/NEED_946e21c2,NEED,NEED,True
local_deep_clean_val/NEED/NEED_97ac2b79,NEED,NEED,True
local_deep_clean_val/NEED/NEED_NEED_3,NEED,NEED,True
local_deep_clean_val/NEED/NEED_a310175b,NEED,BIG,False
local_deep_clean_val/NEED/NEED_b463bed4,NEED,WHERE,False
local_deep_clean_val/NEED/NEED_c9e51b31,NEED,NEED,True
local_deep_clean_val/NEED/NEED_ca654a52,NEED,NEED,True
local_deep_clean_val/NEED/NEED_dd91d29e,NEED,NEED,True
local_deep_clean_val/NEED/NEED_e919861a,NEED,NEED,True
local_deep_clean_val/NEED/NEED_ee316514,NEED,TOMORROW,False
local_deep_clean_val/NEED/NEED_f8ae2f28,NEED,THINK,False
local_deep_clean_val/NEED/NEED_signasl_need_0,NEED,NEED,True
local_deep_clean_val/NEED/NEED_wlasl_37879,NEED,NAME,False
local_deep_clean_val/NIGHT/NIGHT_0afb44a5,NIGHT,NAME,False
local_deep_clean_val/NIGHT/NIGHT_14b5616d,NIGHT,SCHOOL,False
local_deep_clean_val/NIGHT/NIGHT_19ea23e7,NIGHT,YEAR,False
local_deep_clean_val/NIGHT/NIGHT_1b9c3f26,NIGHT,TIME,False
local_deep_clean_val/NIGHT/NIGHT_1ede0073,NIGHT,NIGHT,True
local_deep_clean_val/NIGHT/NIGHT_2fd68f1c,NIGHT,NAME,False
local_deep_clean_val/NIGHT/NIGHT_3c3a2955,NIGHT,TIME,False
local_deep_clean_val/NIGHT/NIGHT_3fcd19ae,NIGHT,USE,False
local_deep_clean_val/NIGHT/NIGHT_4334da0a,NIGHT,LEARN,False
local_deep_clean_val/NIGHT/NIGHT_4e68c05a,NIGHT,NIGHT,True
local_deep_clean_val/NIGHT/NIGHT_56efd406,NIGHT,TIME,False
local_deep_clean_val/NIGHT/NIGHT_57127e22,NIGHT,NIGHT,True
local_deep_clean_val/NIGHT/NIGHT_62f12a2c,NIGHT,NAME,False
local_deep_clean_val/NIGHT/NIGHT_63dad2ed,NIGHT,NAME,False
local_deep_clean_val/NIGHT/NIGHT_6ceea9d7,NIGHT,NIGHT,True
local_deep_clean_val/NIGHT/NIGHT_6dba52fd,NIGHT,TIME,False
local_deep_clean_val/NIGHT/NIGHT_76c4897d,NIGHT,TIME,False
local_deep_clean_val/NIGHT/NIGHT_7b1bff8c,NIGHT,USE,False
local_deep_clean_val/NIGHT/NIGHT_83a4ba98,NIGHT,TIME,False
local_deep_clean_val/NIGHT/NIGHT_8658c0d8,NIGHT,TIME,False
local_deep_clean_val/NIGHT/NIGHT_9414b6a8,NIGHT,SCHOOL,False
local_deep_clean_val/NIGHT/NIGHT_987124e7,NIGHT,TIME,False
local_deep_clean_val/NIGHT/NIGHT_9a6ef555,NIGHT,USE,False
local_deep_clean_val/NIGHT/NIGHT_af32b09c,NIGHT,TIME,False
local_deep_clean_val/NIGHT/NIGHT_be968a01,NIGHT,NIGHT,True
local_deep_clean_val/NIGHT/NIGHT_c128244c,NIGHT,USE,False
local_deep_clean_val/NIGHT/NIGHT_c729fb57,NIGHT,NIGHT,True
local_deep_clean_val/NIGHT/NIGHT_cedfbf7f,NIGHT,NAME,False
local_deep_clean_val/NIGHT/NIGHT_d1ff0777,NIGHT,USE,False
local_deep_clean_val/NIGHT/NIGHT_f095e25e,NIGHT,USE,False
local_deep_clean_val/NIGHT/NIGHT_msasl_vQ78e7xLCoc_3,NIGHT,NIGHT,True
local_deep_clean_val/NIGHT/NIGHT_signasl_night_6,NIGHT,NIGHT,True
local_deep_clean_val/NO/NO_02778d45,NO,NO,True
local_deep_clean_val/NO/NO_099f7e1e,NO,NO,True
local_deep_clean_val/NO/NO_1035746d,NO,NO,True
local_deep_clean_val/NO/NO_2026e773,NO,NO,True
local_deep_clean_val/NO/NO_24e2d1ed,NO,NEED,False
local_deep_clean_val/NO/NO_2652ec06,NO,NO,True
local_deep_clean_val/NO/NO_26ebe368,NO,NEED,False
local_deep_clean_val/NO/NO_29110318,NO,NO,True
local_deep_clean_val/NO/NO_2e81026a,NO,NO,True
local_deep_clean_val/NO/NO_3d26a7fc,NO,WHO,False
local_deep_clean_val/NO/NO_4120faef,NO,NO,True
local_deep_clean_val/NO/NO_470b5f28,NO,NO,True
local_deep_clean_val/NO/NO_4cceff7e,NO,NO,True
local_deep_clean_val/NO/NO_563f5aa1,NO,UNDERSTAND,False
local_deep_clean_val/NO/NO_5b3ae4ef,NO,NEED,False
local_deep_clean_val/NO/NO_5dfb6e20,NO,NO,True
local_deep_clean_val/NO/NO_6b4ac2e2,NO,FAMILY,False
local_deep_clean_val/NO/NO_6ef6b1ba,NO,WHERE,False
local_deep_clean_val/NO/NO_71421dc0,NO,NO,True
local_deep_clean_val/NO/NO_80a34946,NO,DIFFERENT,False
local_deep_clean_val/NO/NO_889bd675,NO,CHILD,False
local_deep_clean_val/NO/NO_8b8d48f8,NO,NO,True
local_deep_clean_val/NO/NO_8c711b06,NO,UNDERSTAND,False
local_deep_clean_val/NO/NO_8f625f1a,NO,CHILD,False
local_deep_clean_val/NO/NO_998af4d9,NO,WHO,False
local_deep_clean_val/NO/NO_NO_12,NO,NO,True
local_deep_clean_val/NO/NO_NO_13,NO,NO,True
local_deep_clean_val/NO/NO_NO_16,NO,NO,True
local_deep_clean_val/NO/NO_NO_19,NO,NO,True
local_deep_clean_val/NO/NO_NO_24,NO,NO,True
local_deep_clean_val/NO/NO_NO_3,NO,NO,True
local_deep_clean_val/NO/NO_a0aaa0f9,NO,NEED,False
local_deep_clean_val/NO/NO_a3fa67b5,NO,SAME,False
local_deep_clean_val/NO/NO_baee898f,NO,NO,True
local_deep_clean_val/NO/NO_bf991793,NO,SEE,False
local_deep_clean_val/NO/NO_ce594ad2,NO,CHILD,False
local_deep_clean_val/NO/NO_e086645a,NO,NO,True
local_deep_clean_val/NO/NO_ea3c4e03,NO,NO,True
local_deep_clean_val/NO/NO_f4e91097,NO,NO,True
local_deep_clean_val/NO/NO_fa6ee80c,NO,LISTEN,False
local_deep_clean_val/NO/NO_fb15ead9,NO,SLEEP,False
local_deep_clean_val/NO/NO_signasl_no_0,NO,NO,True
local_deep_clean_val/NO/NO_signasl_no_11,NO,YES,False
local_deep_clean_val/NO/NO_signasl_no_8,NO,NO,True
local_deep_clean_val/NOW/NOW_0629f02b,NOW,TRY,False
local_deep_clean_val/NOW/NOW_1e002350,NOW,TRY,False
local_deep_clean_val/NOW/NOW_26b7322c,NOW,NOW,True
local_deep_clean_val/NOW/NOW_26e526cc,NOW,TRY,False
local_deep_clean_val/NOW/NOW_2999db9f,NOW,NOW,True
local_deep_clean_val/NOW/NOW_306f4e66,NOW,NOW,True
local_deep_clean_val/NOW/NOW_361e8d46,NOW,LANGUAGE,False
local_deep_clean_val/NOW/NOW_47d462cf,NOW,TRY,False
local_deep_clean_val/NOW/NOW_511d54d4,NOW,TRY,False
local_deep_clean_val/NOW/NOW_7288e28b,NOW,READY,False
local_deep_clean_val/NOW/NOW_73bd5a97,NOW,NOW,True
local_deep_clean_val/NOW/NOW_7b0ba7dd,NOW,NOW,True
local_deep_clean_val/NOW/NOW_84b6b5e0,NOW,NOW,True
local_deep_clean_val/NOW/NOW_890a0c8f,NOW,NOW,True
local_deep_clean_val/NOW/NOW_94ea2b28,NOW,NOW,True
local_deep_clean_val/NOW/NOW_NOW_12,NOW,READY,False
local_deep_clean_val/NOW/NOW_NOW_18,NOW,READY,False
local_deep_clean_val/NOW/NOW_NOW_22,NOW,NOW,True
local_deep_clean_val/NOW/NOW_NOW_9,NOW,NOW,True
local_deep_clean_val/NOW/NOW_a217c44c,NOW,TRY,False
local_deep_clean_val/NOW/NOW_b971e7ae,NOW,TRY,False
local_deep_clean_val/NOW/NOW_c8419314,NOW,TRY,False
local_deep_clean_val/NOW/NOW_c91b168a,NOW,NOW,True
local_deep_clean_val/NOW/NOW_db3c74cd,NOW,UNDERSTAND,False
local_deep_clean_val/NOW/NOW_e97f00ef,NOW,NOW,True
local_deep_clean_val/NOW/NOW_f60b0f5d,NOW,NOW,True
local_deep_clean_val/NOW/NOW_f864b9a8,NOW,NOW,True
local_deep_clean_val/NOW/NOW_fa275df1,NOW,TRY,False
local_deep_clean_val/NOW/NOW_fb7c7280,NOW,TRY,False
local_deep_clean_val/NOW/NOW_msasl_-hzoIOWYJac_3,NOW,NOW,True
local_deep_clean_val/NOW/NOW_msasl__nz_sivss20_6,NOW,TIRED,False
local_deep_clean_val/NOW/TODAY_30850437,NOW,NOW,True
local_deep_clean_val/NOW/TODAY_4b975115,NOW,NOW,True
local_deep_clean_val/NOW/TODAY_504a5c87,NOW,NOW,True
local_deep_clean_val/NOW/TODAY_5bd087c1,NOW,NOW,True
local_deep_clean_val/NOW/TODAY_61add482,NOW,READY,False
local_deep_clean_val/NOW/TODAY_61c3c516,NOW,NOW,True
local_deep_clean_val/NOW/TODAY_6298d928,NOW,NOW,True
local_deep_clean_val/NOW/TODAY_6dd8af6c,NOW,SAME,False
local_deep_clean_val/NOW/TODAY_73b787d0,NOW,NOW,True
local_deep_clean_val/NOW/TODAY_7ce11417,NOW,READ,False
local_deep_clean_val/NOW/TODAY_7f867625,NOW,MAYBE,False
local_deep_clean_val/NOW/TODAY_86d5570c,NOW,NOW,True
local_deep_clean_val/NOW/TODAY_TODAY_8,NOW,MAYBE,False
local_deep_clean_val/NOW/TODAY_a4353892,NOW,NOW,True
local_deep_clean_val/NOW/TODAY_a6f994cf,NOW,NOW,True
local_deep_clean_val/NOW/TODAY_b0ca116f,NOW,NOW,True
local_deep_clean_val/NOW/TODAY_b1c5000d,NOW,MAYBE,False
local_deep_clean_val/NOW/TODAY_d4dcc201,NOW,NOW,True
local_deep_clean_val/NOW/TODAY_e149ddac,NOW,NOW,True
local_deep_clean_val/NOW/TODAY_e5b458ad,NOW,TRY,False
local_deep_clean_val/NOW/TODAY_e95d9c8f,NOW,MAYBE,False
local_deep_clean_val/NOW/TODAY_ef70c3b2,NOW,GO,False
local_deep_clean_val/NOW/TODAY_efc42665,NOW,IMPORTANT,False
local_deep_clean_val/OUR/OUR_11f731be,OUR,OUR,True
local_deep_clean_val/OUR/OUR_14734f01,OUR,OUR,True
local_deep_clean_val/OUR/OUR_1bf4faf5,OUR,OUR,True
local_deep_clean_val/OUR/OUR_2001a303,OUR,OUR,True
local_deep_clean_val/OUR/OUR_32e956c1,OUR,OUR,True
local_deep_clean_val/OUR/OUR_4db03f79,OUR,OUR,True
local_deep_clean_val/OUR/OUR_550d0e73,OUR,OUR,True
local_deep_clean_val/OUR/OUR_64e2b004,OUR,MAYBE,False
local_deep_clean_val/OUR/OUR_67a2754b,OUR,OUR,True
local_deep_clean_val/OUR/OUR_68319a11,OUR,YOUR,False
local_deep_clean_val/OUR/OUR_86857536,OUR,OUR,True
local_deep_clean_val/OUR/OUR_8798b946,OUR,OUR,True
local_deep_clean_val/OUR/OUR_OUR_13,OUR,OUR,True
local_deep_clean_val/OUR/OUR_OUR_21,OUR,OUR,True
local_deep_clean_val/OUR/OUR_OUR_25,OUR,OUR,True
local_deep_clean_val/OUR/OUR_OUR_6,OUR,OUR,True
local_deep_clean_val/OUR/OUR_aaa51c95,OUR,OUR,True
local_deep_clean_val/OUR/OUR_b35a15d8,OUR,OUR,True
local_deep_clean_val/OUR/OUR_b9344dcf,OUR,OUR,True
local_deep_clean_val/OUR/OUR_bb4e9348,OUR,OUR,True
local_deep_clean_val/OUR/OUR_fc92bdfe,OUR,OUR,True
local_deep_clean_val/OUR/OUR_signasl_our_0,OUR,OUR,True
local_deep_clean_val/OUR/OUR_signasl_our_1,OUR,OUR,True
local_deep_clean_val/PLEASE/PLEASE_1d5ac104,PLEASE,PLEASE,True
local_deep_clean_val/PLEASE/PLEASE_1dc0f9a2,PLEASE,PLEASE,True
local_deep_clean_val/PLEASE/PLEASE_206f63d1,PLEASE,PLEASE,True
local_deep_clean_val/PLEASE/PLEASE_25a43834,PLEASE,PLEASE,True
local_deep_clean_val/PLEASE/PLEASE_31f5d458,PLEASE,PLEASE,True
local_deep_clean_val/PLEASE/PLEASE_36ecf860,PLEASE,PLEASE,True
local_deep_clean_val/PLEASE/PLEASE_461e2c99,PLEASE,PLEASE,True
local_deep_clean_val/PLEASE/PLEASE_479bf800,PLEASE,PLEASE,True
local_deep_clean_val/PLEASE/PLEASE_4d872abc,PLEASE,PLEASE,True
local_deep_clean_val/PLEASE/PLEASE_4e2d0189,PLEASE,PLEASE,True
local_deep_clean_val/PLEASE/PLEASE_564b33ee,PLEASE,PLEASE,True
local_deep_clean_val/PLEASE/PLEASE_63d02d0c,PLEASE,PLEASE,True
local_deep_clean_val/PLEASE/PLEASE_6d7702e9,PLEASE,PLEASE,True
local_deep_clean_val/PLEASE/PLEASE_8de6f6e7,PLEASE,PLEASE,True
local_deep_clean_val/PLEASE/PLEASE_9df98485,PLEASE,PLEASE,True
local_deep_clean_val/PLEASE/PLEASE_a9a4f9ed,PLEASE,PLEASE,True
local_deep_clean_val/PLEASE/PLEASE_ad21d46a,PLEASE,PLEASE,True
local_deep_clean_val/PLEASE/PLEASE_b6444191,PLEASE,PLEASE,True
local_deep_clean_val/PLEASE/PLEASE_bbcb6bea,PLEASE,PLEASE,True
local_deep_clean_val/PLEASE/PLEASE_bf9ee7bf,PLEASE,PLEASE,True
local_deep_clean_val/PLEASE/PLEASE_c644488f,PLEASE,PLEASE,True
local_deep_clean_val/PLEASE/PLEASE_c6a485bd,PLEASE,PLEASE,True
local_deep_clean_val/PLEASE/PLEASE_c856f7da,PLEASE,PLEASE,True
local_deep_clean_val/PLEASE/PLEASE_dac36d83,PLEASE,PLEASE,True
local_deep_clean_val/PLEASE/PLEASE_dd2db6dd,PLEASE,PLEASE,True
local_deep_clean_val/PLEASE/PLEASE_eb2586ae,PLEASE,PLEASE,True
local_deep_clean_val/PLEASE/PLEASE_ebf68752,PLEASE,PLEASE,True
local_deep_clean_val/PLEASE/PLEASE_f739e0ba,PLEASE,PLEASE,True
local_deep_clean_val/PLEASE/PLEASE_msasl_FBimL8-ND3E_6,PLEASE,PLEASE,True
local_deep_clean_val/READ/READ_0f4100f1,READ,NAME,False
local_deep_clean_val/READ/READ_2103f276,READ,NAME,False
local_deep_clean_val/READ/READ_22674dd4,READ,READ,True
local_deep_clean_val/READ/READ_23028ca5,READ,READ,True
local_deep_clean_val/READ/READ_34e57e61,READ,WHEN,False
local_deep_clean_val/READ/READ_3c42de08,READ,READ,True
local_deep_clean_val/READ/READ_418cb100,READ,USE,False
local_deep_clean_val/READ/READ_41ef1cd9,READ,MOTHER,False
local_deep_clean_val/READ/READ_49af083b,READ,READ,True
local_deep_clean_val/READ/READ_5900a5cf,READ,YOUR,False
local_deep_clean_val/READ/READ_62d94e89,READ,READ,True
local_deep_clean_val/READ/READ_73b3960a,READ,USE,False
local_deep_clean_val/READ/READ_759ec6d4,READ,READ,True
local_deep_clean_val/READ/READ_8b8716d0,READ,NAME,False
local_deep_clean_val/READ/READ_94718e4f,READ,READ,True
local_deep_clean_val/READ/READ_98e330a7,READ,NAME,False
local_deep_clean_val/READ/READ_9c3f1b47,READ,READ,True
local_deep_clean_val/READ/READ_READ_17,READ,WEEK,False
local_deep_clean_val/READ/READ_READ_18,READ,HELP,False
local_deep_clean_val/READ/READ_READ_22,READ,HELP,False
local_deep_clean_val/READ/READ_READ_23,READ,ANSWER,False
local_deep_clean_val/READ/READ_a6ed373f,READ,NAME,False
local_deep_clean_val/READ/READ_b83d29e3,READ,READ,True
local_deep_clean_val/READ/READ_bf3ef8ce,READ,READ,True
local_deep_clean_val/READ/READ_bfcbdb4e,READ,NAME,False
local_deep_clean_val/READ/READ_c756bd56,READ,WRITE,False
local_deep_clean_val/READ/READ_c7f8d0a8,READ,READ,True
local_deep_clean_val/READ/READ_cdb68510,READ,READ,True
local_deep_clean_val/READ/READ_d0daf226,READ,FAMILY,False
local_deep_clean_val/READ/READ_e632d991,READ,READ,True
local_deep_clean_val/READ/READ_eb965572,READ,ASK,False
local_deep_clean_val/READ/READ_f270636c,READ,WHEN,False
local_deep_clean_val/READ/READ_fc384b2a,READ,SCHOOL,False
local_deep_clean_val/READ/READ_signasl_read_6,READ,READ,True
local_deep_clean_val/READ/READ_signasl_read_7,READ,SCHOOL,False
local_deep_clean_val/READY/READY_0a25b30f,READY,READY,True
local_deep_clean_val/READY/READY_1054d16a,READY,READY,True
local_deep_clean_val/READY/READY_1145651a,READY,READY,True
local_deep_clean_val/READY/READY_13805458,READY,BIG,False
local_deep_clean_val/READY/READY_19e93196,READY,SIGN,False
local_deep_clean_val/READY/READY_2036cc11,READY,TIME,False
local_deep_clean_val/READY/READY_2b07bc2c,READY,READY,True
local_deep_clean_val/READY/READY_3ba29e23,READY,READY,True
local_deep_clean_val/READY/READY_44298f89,READY,READY,True
local_deep_clean_val/READY/READY_5cd147fc,READY,SAME,False
local_deep_clean_val/READY/READY_6453723c,READY,BIG,False
local_deep_clean_val/READY/READY_674ef177,READY,READY,True
local_deep_clean_val/READY/READY_7e71ac88,READY,READY,True
local_deep_clean_val/READY/READY_8ccc7a10,READY,DIFFERENT,False
local_deep_clean_val/READY/READY_8e32bb43,READY,SAME,False
local_deep_clean_val/READY/READY_READY_10,READY,WRITE,False
local_deep_clean_val/READY/READY_READY_16,READY,WRITE,False
local_deep_clean_val/READY/READY_READY_20,READY,WRITE,False
local_deep_clean_val/READY/READY_READY_21,READY,WRITE,False
local_deep_clean_val/READY/READY_READY_5,READY,WRITE,False
local_deep_clean_val/READY/READY_a634bb0b,READY,TIRED,False
local_deep_clean_val/READY/READY_aa538e24,READY,READY,True
local_deep_clean_val/READY/READY_af96e0c5,READY,BIG,False
local_deep_clean_val/READY/READY_b01096ad,READY,READY,True
local_deep_clean_val/READY/READY_b83083c2,READY,SAME,False
local_deep_clean_val/READY/READY_b84dac0b,READY,SIGN,False
local_deep_clean_val/READY/READY_b9aa5095,READY,READY,True
local_deep_clean_val/READY/READY_cf1deb91,READY,SAME,False
local_deep_clean_val/READY/READY_e11da301,READY,SAME,False
local_deep_clean_val/READY/READY_ec4c2f43,READY,READ,False
local_deep_clean_val/READY/READY_f99a5975,READY,IMPORTANT,False
local_deep_clean_val/READY/READY_msasl_E1wk7VLRWQs_1,READY,READY,True
local_deep_clean_val/READY/READY_signasl_ready_0,READY,READY,True
local_deep_clean_val/SAD/SAD_1b3274bd,SAD,SAD,True
local_deep_clean_val/SAD/SAD_29db69f3,SAD,SAD,True
local_deep_clean_val/SAD/SAD_2ea99999,SAD,SAD,True
local_deep_clean_val/SAD/SAD_67f0754d,SAD,SAD,True
local_deep_clean_val/SAD/SAD_74ca5c28,SAD,SAD,True
local_deep_clean_val/SAD/SAD_774b3188,SAD,SAD,True
local_deep_clean_val/SAD/SAD_91e615c9,SAD,SAD,True
local_deep_clean_val/SAD/SAD_942f3d59,SAD,SAD,True
local_deep_clean_val/SAD/SAD_SAD_21,SAD,SAD,True
local_deep_clean_val/SAD/SAD_SAD_5,SAD,SAD,True
local_deep_clean_val/SAD/SAD_a2e674fd,SAD,SAD,True
local_deep_clean_val/SAD/SAD_adbdc0f1,SAD,SAD,True
local_deep_clean_val/SAD/SAD_be1e2e1e,SAD,SAD,True
local_deep_clean_val/SAD/SAD_c714c444,SAD,SAD,True
local_deep_clean_val/SAD/SAD_d78e08e1,SAD,SAD,True
local_deep_clean_val/SAD/SAD_db3a7959,SAD,SAD,True
local_deep_clean_val/SAD/SAD_e41331c6,SAD,SAD,True
local_deep_clean_val/SAD/SAD_msasl_91foGHKuwL0_2,SAD,WAIT,False
local_deep_clean_val/SAD/SAD_signasl_sad_0,SAD,SAD,True
local_deep_clean_val/SAME/ALSO_SAME_0113c819,SAME,FEEL,False
local_deep_clean_val/SAME/ALSO_SAME_0284dc12,SAME,SAME,True
local_deep_clean_val/SAME/ALSO_SAME_05c4553c,SAME,HOSPITAL,False
local_deep_clean_val/SAME/ALSO_SAME_085108c3,SAME,SAME,True
local_deep_clean_val/SAME/ALSO_SAME_0f356abd,SAME,SAME,True
local_deep_clean_val/SAME/ALSO_SAME_13a7061f,SAME,THEY,False
local_deep_clean_val/SAME/ALSO_SAME_2604f0dc,SAME,SAME,True
local_deep_clean_val/SAME/ALSO_SAME_2c09d272,SAME,THEY,False
local_deep_clean_val/SAME/ALSO_SAME_2de0f4fd,SAME,WHERE,False
local_deep_clean_val/SAME/ALSO_SAME_2f9e68dd,SAME,SAME,True
local_deep_clean_val/SAME/ALSO_SAME_3ce614d9,SAME,SAME,True
local_deep_clean_val/SAME/ALSO_SAME_408ace43,SAME,SAME,True
local_deep_clean_val/SAME/ALSO_SAME_43ee9cee,SAME,CHILD,False
local_deep_clean_val/SAME/ALSO_SAME_447aca4f,SAME,ASK,False
local_deep_clean_val/SAME/ALSO_SAME_4508976f,SAME,HOT,False
local_deep_clean_val/SAME/ALSO_SAME_49a40ca4,SAME,SAME,True
local_deep_clean_val/SAME/ALSO_SAME_5487072b,SAME,SAME,True
local_deep_clean_val/SAME/ALSO_SAME_5565fe20,SAME,SAME,True
local_deep_clean_val/SAME/ALSO_SAME_58c99160,SAME,SAME,True
local_deep_clean_val/SAME/ALSO_SAME_66c4e2e1,SAME,HOSPITAL,False
local_deep_clean_val/SAME/ALSO_SAME_72072a05,SAME,FEEL,False
local_deep_clean_val/SAME/ALSO_SAME_7517f866,SAME,THEY,False
local_deep_clean_val/SAME/ALSO_SAME_81c7706a,SAME,NEED,False
local_deep_clean_val/SAME/ALSO_SAME_93f68d16,SAME,HOT,False
local_deep_clean_val/SAME/ALSO_SAME_9a9348eb,SAME,TELL,False
local_deep_clean_val/SAME/ALSO_SAME_a7c543c5,SAME,THEY,False
local_deep_clean_val/SAME/ALSO_SAME_b12f4522,SAME,WHERE,False
local_deep_clean_val/SAME/ALSO_SAME_b743df36,SAME,ASK,False
local_deep_clean_val/SAME/ALSO_SAME_b8b39671,SAME,SAME,True
local_deep_clean_val/SAME/ALSO_SAME_ca62a4ce,SAME,SAME,True
local_deep_clean_val/SAME/ALSO_SAME_d1193546,SAME,SAME,True
local_deep_clean_val/SAME/ALSO_SAME_d211e063,SAME,SAME,True
local_deep_clean_val/SAME/ALSO_SAME_d761502e,SAME,THEY,False
local_deep_clean_val/SAME/ALSO_SAME_d9f66274,SAME,WHERE,False
local_deep_clean_val/SAME/ALSO_SAME_e91a8b6c,SAME,READ,False
local_deep_clean_val/SAME/ALSO_SAME_f3afe264,SAME,THEY,False
local_deep_clean_val/SAME/ALSO_SAME_f6f08c36,SAME,SAME,True
local_deep_clean_val/SAME/ALSO_SAME_fb0c872c,SAME,FEEL,False
local_deep_clean_val/SAME/ALSO_SAME_signasl_also_2,SAME,SAME,True
local_deep_clean_val/SCHOOL/SCHOOL_021de5c7,SCHOOL,SCHOOL,True
local_deep_clean_val/SCHOOL/SCHOOL_0520cf0b,SCHOOL,SCHOOL,True
local_deep_clean_val/SCHOOL/SCHOOL_059e2739,SCHOOL,LESS,False
local_deep_clean_val/SCHOOL/SCHOOL_07681366,SCHOOL,NAME,False
local_deep_clean_val/SCHOOL/SCHOOL_0efd2aa6,SCHOOL,SCHOOL,True
local_deep_clean_val/SCHOOL/SCHOOL_1d957a15,SCHOOL,OUR,False
local_deep_clean_val/SCHOOL/SCHOOL_3471fb9f,SCHOOL,SCHOOL,True
local_deep_clean_val/SCHOOL/SCHOOL_3d646c05,SCHOOL,THEY,False
local_deep_clean_val/SCHOOL/SCHOOL_4b7465c8,SCHOOL,BAD,False
local_deep_clean_val/SCHOOL/SCHOOL_4b7b6b27,SCHOOL,SCHOOL,True
local_deep_clean_val/SCHOOL/SCHOOL_5aeb4a0a,SCHOOL,SCHOOL,True
local_deep_clean_val/SCHOOL/SCHOOL_6374d3a4,SCHOOL,DAY,False
local_deep_clean_val/SCHOOL/SCHOOL_69a15869,SCHOOL,LESS,False
local_deep_clean_val/SCHOOL/SCHOOL_6ac5270c,SCHOOL,SCHOOL,True
local_deep_clean_val/SCHOOL/SCHOOL_7230a6b0,SCHOOL,SCHOOL,True
local_deep_clean_val/SCHOOL/SCHOOL_74500b9b,SCHOOL,READ,False
local_deep_clean_val/SCHOOL/SCHOOL_814913b2,SCHOOL,LESS,False
local_deep_clean_val/SCHOOL/SCHOOL_85f4d101,SCHOOL,WEEK,False
local_deep_clean_val/SCHOOL/SCHOOL_932ffc39,SCHOOL,SCHOOL,True
local_deep_clean_val/SCHOOL/SCHOOL_9a1f49e6,SCHOOL,SCHOOL,True
local_deep_clean_val/SCHOOL/SCHOOL_SCHOOL_19,SCHOOL,SCHOOL,True
local_deep_clean_val/SCHOOL/SCHOOL_SCHOOL_20,SCHOOL,SCHOOL,True
local_deep_clean_val/SCHOOL/SCHOOL_SCHOOL_22,SCHOOL,SCHOOL,True
local_deep_clean_val/SCHOOL/SCHOOL_SCHOOL_23,SCHOOL,SCHOOL,True
local_deep_clean_val/SCHOOL/SCHOOL_a6172e17,SCHOOL,LEARN,False
local_deep_clean_val/SCHOOL/SCHOOL_aeb41892,SCHOOL,SCHOOL,True
local_deep_clean_val/SCHOOL/SCHOOL_b5306d03,SCHOOL,SCHOOL,True
local_deep_clean_val/SCHOOL/SCHOOL_b7b28d64,SCHOOL,SCHOOL,True
local_deep_clean_val/SCHOOL/SCHOOL_c229b3f7,SCHOOL,WEEK,False
local_deep_clean_val/SCHOOL/SCHOOL_c310707a,SCHOOL,THEY,False
local_deep_clean_val/SCHOOL/SCHOOL_cb9577d5,SCHOOL,CHILD,False
local_deep_clean_val/SCHOOL/SCHOOL_cce0a493,SCHOOL,STOP,False
local_deep_clean_val/SCHOOL/SCHOOL_e4dd5cae,SCHOOL,SCHOOL,True
local_deep_clean_val/SCHOOL/SCHOOL_f8b7ade5,SCHOOL,SCHOOL,True
local_deep_clean_val/SCHOOL/SCHOOL_fe2d9a16,SCHOOL,READ,False
local_deep_clean_val/SCHOOL/SCHOOL_msasl_c49qWjgFtRI_3,SCHOOL,SCHOOL,True
local_deep_clean_val/SCHOOL/SCHOOL_signasl_school_0,SCHOOL,SCHOOL,True
local_deep_clean_val/SCHOOL/SCHOOL_signasl_school_12,SCHOOL,WRITE,False
local_deep_clean_val/SCHOOL/SCHOOL_signasl_school_4,SCHOOL,DOCTOR,False
local_deep_clean_val/SCHOOL/SCHOOL_signasl_school_6,SCHOOL,SCHOOL,True
local_deep_clean_val/SCHOOL/SCHOOL_signasl_school_9,SCHOOL,SCHOOL,True
local_deep_clean_val/SEE/SEE_039fd2e5,SEE,SEE,True
local_deep_clean_val/SEE/SEE_0ae5f752,SEE,SEE,True
local_deep_clean_val/SEE/SEE_14730986,SEE,SEE,True
local_deep_clean_val/SEE/SEE_3023a527,SEE,SEE,True
local_deep_clean_val/SEE/SEE_35a73f78,SEE,SEE,True
local_deep_clean_val/SEE/SEE_448e664c,SEE,ASK,False
local_deep_clean_val/SEE/SEE_44ceec36,SEE,SEE,True
local_deep_clean_val/SEE/SEE_5a957a6f,SEE,SEE,True
local_deep_clean_val/SEE/SEE_6f133823,SEE,SEE,True
local_deep_clean_val/SEE/SEE_79e7305a,SEE,SEE,True
local_deep_clean_val/SEE/SEE_7ed9ebec,SEE,SEE,True
local_deep_clean_val/SEE/SEE_8231d72e,SEE,SEE,True
local_deep_clean_val/SEE/SEE_SEE_14,SEE,SEE,True
local_deep_clean_val/SEE/SEE_SEE_16,SEE,SEE,True
local_deep_clean_val/SEE/SEE_SEE_2,SEE,SEE,True
local_deep_clean_val/SEE/SEE_SEE_23,SEE,SEE,True
local_deep_clean_val/SEE/SEE_aa0f010c,SEE,SEE,True
local_deep_clean_val/SEE/SEE_ac3c32b6,SEE,SEE,True
local_deep_clean_val/SEE/SEE_b04a5b4e,SEE,SEE,True
local_deep_clean_val/SEE/SEE_c8ec33d5,SEE,THINK,False
local_deep_clean_val/SEE/SEE_cf71bffb,SEE,SEE,True
local_deep_clean_val/SEE/SEE_d6dd3120,SEE,SEE,True
local_deep_clean_val/SEE/SEE_d9b1cabf,SEE,SEE,True
local_deep_clean_val/SEE/SEE_d9b37981,SEE,WHERE,False
local_deep_clean_val/SEE/SEE_df6dd646,SEE,SEE,True
local_deep_clean_val/SEE/SEE_edfe5986,SEE,SEE,True
local_deep_clean_val/SEE/SEE_febcf08c,SEE,SEE,True
local_deep_clean_val/SEE/SEE_signasl_see_8,SEE,WHO,False
local_deep_clean_val/SIGN/SIGN_0df5d2f9,SIGN,DIFFERENT,False
local_deep_clean_val/SIGN/SIGN_1195f893,SIGN,WHEN,False
local_deep_clean_val/SIGN/SIGN_21b37df5,SIGN,GO,False
local_deep_clean_val/SIGN/SIGN_2c215d8b,SIGN,BIG,False
local_deep_clean_val/SIGN/SIGN_481c3ce1,SIGN,SIGN,True
local_deep_clean_val/SIGN/SIGN_5584c3a9,SIGN,DIFFERENT,False
local_deep_clean_val/SIGN/SIGN_56c7bb7c,SIGN,COLD,False
local_deep_clean_val/SIGN/SIGN_5abe77f2,SIGN,LESS,False
local_deep_clean_val/SIGN/SIGN_5beb6ad3,SIGN,SIGN,True
local_deep_clean_val/SIGN/SIGN_609e740d,SIGN,BIG,False
local_deep_clean_val/SIGN/SIGN_66664ff1,SIGN,READY,False
local_deep_clean_val/SIGN/SIGN_6aea9d88,SIGN,GO,False
local_deep_clean_val/SIGN/SIGN_715b566a,SIGN,DIFFERENT,False
local_deep_clean_val/SIGN/SIGN_73ffda73,SIGN,BIG,False
local_deep_clean_val/SIGN/SIGN_75f93e17,SIGN,READY,False
local_deep_clean_val/SIGN/SIGN_7b2fe416,SIGN,SIGN,True
local_deep_clean_val/SIGN/SIGN_7f10f74c,SIGN,LANGUAGE,False
local_deep_clean_val/SIGN/SIGN_9536fb72,SIGN,GO,False
local_deep_clean_val/SIGN/SIGN_995321de,SIGN,WHEN,False
local_deep_clean_val/SIGN/SIGN_SIGN_21,SIGN,DIFFERENT,False
local_deep_clean_val/SIGN/SIGN_SIGN_23,SIGN,READY,False
local_deep_clean_val/SIGN/SIGN_SIGN_24,SIGN,DIFFERENT,False
local_deep_clean_val/SIGN/SIGN_SIGN_6,SIGN,READY,False
local_deep_clean_val/SIGN/SIGN_SIGN_9,SIGN,DIFFERENT,False
local_deep_clean_val/SIGN/SIGN_b078e7fb,SIGN,SIGN,True
local_deep_clean_val/SIGN/SIGN_bb187504,SIGN,LESS,False
local_deep_clean_val/SIGN/SIGN_bffdbec3,SIGN,LESS,False
local_deep_clean_val/SIGN/SIGN_d256a78e,SIGN,LESS,False
local_deep_clean_val/SIGN/SIGN_d70bef21,SIGN,LESS,False
local_deep_clean_val/SIGN/SIGN_e68c7b2f,SIGN,LANGUAGE,False
local_deep_clean_val/SIGN/SIGN_e950894e,SIGN,BIG,False
local_deep_clean_val/SIGN/SIGN_ebad4337,SIGN,LESS,False
local_deep_clean_val/SIGN/SIGN_f75bbbaf,SIGN,READY,False
local_deep_clean_val/SIGN/SIGN_f868e16b,SIGN,BIG,False
local_deep_clean_val/SLEEP/SLEEP_09326477,SLEEP,SLEEP,True
local_deep_clean_val/SLEEP/SLEEP_0a32980b,SLEEP,SLEEP,True
local_deep_clean_val/SLEEP/SLEEP_18c09fbf,SLEEP,MORNING,False
local_deep_clean_val/SLEEP/SLEEP_212f28b7,SLEEP,SLEEP,True
local_deep_clean_val/SLEEP/SLEEP_26dcc730,SLEEP,SLEEP,True
local_deep_clean_val/SLEEP/SLEEP_2850754c,SLEEP,SLEEP,True
local_deep_clean_val/SLEEP/SLEEP_28a4af50,SLEEP,MORNING,False
local_deep_clean_val/SLEEP/SLEEP_46ba0430,SLEEP,SLEEP,True
local_deep_clean_val/SLEEP/SLEEP_5d8ee0eb,SLEEP,SLEEP,True
local_deep_clean_val/SLEEP/SLEEP_6cc786aa,SLEEP,SLEEP,True
local_deep_clean_val/SLEEP/SLEEP_7b08318f,SLEEP,SLEEP,True
local_deep_clean_val/SLEEP/SLEEP_81096bab,SLEEP,SLEEP,True
local_deep_clean_val/SLEEP/SLEEP_8dc5182f,SLEEP,SLEEP,True
local_deep_clean_val/SLEEP/SLEEP_96b7c332,SLEEP,SLEEP,True
local_deep_clean_val/SLEEP/SLEEP_9d4599b6,SLEEP,UNDERSTAND,False
local_deep_clean_val/SLEEP/SLEEP_SLEEP_1,SLEEP,SLEEP,True
local_deep_clean_val/SLEEP/SLEEP_SLEEP_10,SLEEP,SLEEP,True
local_deep_clean_val/SLEEP/SLEEP_SLEEP_4,SLEEP,SLEEP,True
local_deep_clean_val/SLEEP/SLEEP_a156708e,SLEEP,SLEEP,True
local_deep_clean_val/SLEEP/SLEEP_a2131e0a,SLEEP,SLEEP,True
local_deep_clean_val/SLEEP/SLEEP_a2c1ca62,SLEEP,SLEEP,True
local_deep_clean_val/SLEEP/SLEEP_b457717b,SLEEP,SLEEP,True
local_deep_clean_val/SLEEP/SLEEP_ba70846b,SLEEP,SLEEP,True
local_deep_clean_val/SLEEP/SLEEP_c0125a61,SLEEP,MORNING,False
local_deep_clean_val/SLEEP/SLEEP_c33a9194,SLEEP,SLEEP,True
local_deep_clean_val/SLEEP/SLEEP_caab159c,SLEEP,YESTERDAY,False
local_deep_clean_val/SLEEP/SLEEP_d3f1990c,SLEEP,SLEEP,True
local_deep_clean_val/SLEEP/SLEEP_f358fb0f,SLEEP,SLEEP,True
local_deep_clean_val/SLEEP/SLEEP_faddd754,SLEEP,SLEEP,True
local_deep_clean_val/SLEEP/SLEEP_signasl_sleep_4,SLEEP,SLEEP,True
local_deep_clean_val/SMALL/SMALL_0463d4bf,SMALL,COLD,False
local_deep_clean_val/SMALL/SMALL_1363d836,SMALL,HAVE,False
local_deep_clean_val/SMALL/SMALL_13fa137d,SMALL,MAYBE,False
local_deep_clean_val/SMALL/SMALL_20255c9b,SMALL,SMALL,True
local_deep_clean_val/SMALL/SMALL_2a10b751,SMALL,OUR,False
local_deep_clean_val/SMALL/SMALL_2ae9a484,SMALL,SMALL,True
local_deep_clean_val/SMALL/SMALL_38563367,SMALL,MAYBE,False
local_deep_clean_val/SMALL/SMALL_38694bff,SMALL,HAVE,False
local_deep_clean_val/SMALL/SMALL_3d6cede3,SMALL,SMALL,True
local_deep_clean_val/SMALL/SMALL_4364468a,SMALL,SMALL,True
local_deep_clean_val/SMALL/SMALL_6d1fe61b,SMALL,SMALL,True
local_deep_clean_val/SMALL/SMALL_71b49624,SMALL,EASY,False
local_deep_clean_val/SMALL/SMALL_77b663c9,SMALL,SMALL,True
local_deep_clean_val/SMALL/SMALL_814a9bdc,SMALL,SMALL,True
local_deep_clean_val/SMALL/SMALL_88effe73,SMALL,SMALL,True
local_deep_clean_val/SMALL/SMALL_8f80cc26,SMALL,MAYBE,False
local_deep_clean_val/SMALL/SMALL_8fe60142,SMALL,SMALL,True
local_deep_clean_val/SMALL/SMALL_SMALL_2,SMALL,SMALL,True
local_deep_clean_val/SMALL/SMALL_SMALL_21,SMALL,TALK,False
local_deep_clean_val/SMALL/SMALL_SMALL_7,SMALL,SMALL,True
local_deep_clean_val/SMALL/SMALL_SMALL_9,SMALL,SMALL,True
local_deep_clean_val/SMALL/SMALL_a8a85a3d,SMALL,SMALL,True
local_deep_clean_val/SMALL/SMALL_b146a492,SMALL,SMALL,True
local_deep_clean_val/SMALL/SMALL_c61d7973,SMALL,SMALL,True
local_deep_clean_val/SMALL/SMALL_d2d4b832,SMALL,READY,False
local_deep_clean_val/SMALL/SMALL_da61d94b,SMALL,SMALL,True
local_deep_clean_val/SMALL/SMALL_dad0b4cd,SMALL,SMALL,True
local_deep_clean_val/SMALL/SMALL_e217652e,SMALL,SMALL,True
local_deep_clean_val/SMALL/SMALL_f363b423,SMALL,SMALL,True
local_deep_clean_val/SMALL/SMALL_fa85ce08,SMALL,SMALL,True
local_deep_clean_val/SORRY/SORRY_044282e6,SORRY,SORRY,True
local_deep_clean_val/SORRY/SORRY_108fdc0d,SORRY,SORRY,True
local_deep_clean_val/SORRY/SORRY_1d0ef3cf,SORRY,SORRY,True
local_deep_clean_val/SORRY/SORRY_3678435e,SORRY,SORRY,True
local_deep_clean_val/SORRY/SORRY_3859ff94,SORRY,SORRY,True
local_deep_clean_val/SORRY/SORRY_3b556f78,SORRY,SORRY,True
local_deep_clean_val/SORRY/SORRY_495fd4ef,SORRY,SORRY,True
local_deep_clean_val/SORRY/SORRY_4f570466,SORRY,SORRY,True
local_deep_clean_val/SORRY/SORRY_552a92a8,SORRY,SORRY,True
local_deep_clean_val/SORRY/SORRY_6352be13,SORRY,SORRY,True
local_deep_clean_val/SORRY/SORRY_74029ffd,SORRY,SORRY,True
local_deep_clean_val/SORRY/SORRY_81501788,SORRY,SORRY,True
local_deep_clean_val/SORRY/SORRY_93a1a8e9,SORRY,SORRY,True
local_deep_clean_val/SORRY/SORRY_9d732c23,SORRY,SORRY,True
local_deep_clean_val/SORRY/SORRY_c73e8278,SORRY,SORRY,True
local_deep_clean_val/SORRY/SORRY_d0784bc1,SORRY,SORRY,True
local_deep_clean_val/SORRY/SORRY_d7b0c063,SORRY,SORRY,True
local_deep_clean_val/SORRY/SORRY_f26589b9,SORRY,SORRY,True
local_deep_clean_val/SORRY/SORRY_fb93afba,SORRY,SORRY,True
local_deep_clean_val/SORRY/SORRY_fbcda9b7,SORRY,SORRY,True
local_deep_clean_val/SORRY/SORRY_signasl_sorry_0,SORRY,SORRY,True
local_deep_clean_val/STOP/STOP_07de3e32,STOP,SCHOOL,False
local_deep_clean_val/STOP/STOP_0b3d73d6,STOP,STOP,True
local_deep_clean_val/STOP/STOP_0cbe841f,STOP,SCHOOL,False
local_deep_clean_val/STOP/STOP_251ff6aa,STOP,SCHOOL,False
local_deep_clean_val/STOP/STOP_2a75ac8f,STOP,YEAR,False
local_deep_clean_val/STOP/STOP_4400f19d,STOP,STOP,True
local_deep_clean_val/STOP/STOP_4c26b52d,STOP,USE,False
local_deep_clean_val/STOP/STOP_6084bb38,STOP,STOP,True
local_deep_clean_val/STOP/STOP_6213351e,STOP,STOP,True
local_deep_clean_val/STOP/STOP_67066370,STOP,SCHOOL,False
local_deep_clean_val/STOP/STOP_678654c3,STOP,STOP,True
local_deep_clean_val/STOP/STOP_8226dbbe,STOP,READ,False
local_deep_clean_val/STOP/STOP_83285e5b,STOP,SCHOOL,False
local_deep_clean_val/STOP/STOP_86f8bee5,STOP,STOP,True
local_deep_clean_val/STOP/STOP_895a2cae,STOP,SCHOOL,False
local_deep_clean_val/STOP/STOP_8a48d072,STOP,SCHOOL,False
local_deep_clean_val/STOP/STOP_8a5e72f0,STOP,STOP,True
local_deep_clean_val/STOP/STOP_8ee9e8be,STOP,SCHOOL,False
local_deep_clean_val/STOP/STOP_95ad7df0,STOP,SCHOOL,False
local_deep_clean_val/STOP/STOP_STOP_10,STOP,HELP,False
local_deep_clean_val/STOP/STOP_STOP_24,STOP,MORNING,False
local_deep_clean_val/STOP/STOP_STOP_25,STOP,STOP,True
local_deep_clean_val/STOP/STOP_STOP_3,STOP,USE,False
local_deep_clean_val/STOP/STOP_STOP_5,STOP,HELP,False
local_deep_clean_val/STOP/STOP_STOP_7,STOP,HELP,False
local_deep_clean_val/STOP/STOP_b1a2253a,STOP,NAME,False
local_deep_clean_val/STOP/STOP_b3f3d04b,STOP,NIGHT,False
local_deep_clean_val/STOP/STOP_badb02a3,STOP,STOP,True
local_deep_clean_val/STOP/STOP_bc454e4c,STOP,STOP,True
local_deep_clean_val/STOP/STOP_c24e5579,STOP,OUR,False
local_deep_clean_val/STOP/STOP_c48995a2,STOP,NAME,False
local_deep_clean_val/STOP/STOP_d02f5365,STOP,NAME,False
local_deep_clean_val/STOP/STOP_d4c117f0,STOP,LESS,False
local_deep_clean_val/STOP/STOP_dbd55057,STOP,USE,False
local_deep_clean_val/STOP/STOP_e9561237,STOP,STOP,True
local_deep_clean_val/TAKE/TAKE_12ab4838,TAKE,UNDERSTAND,False
local_deep_clean_val/TAKE/TAKE_1b889e43,TAKE,TAKE,True
local_deep_clean_val/TAKE/TAKE_210d11bb,TAKE,MOTHER,False
local_deep_clean_val/TAKE/TAKE_23f6b4de,TAKE,NEED,False
local_deep_clean_val/TAKE/TAKE_371299a0,TAKE,WHO,False
local_deep_clean_val/TAKE/TAKE_3c211c0e,TAKE,TAKE,True
local_deep_clean_val/TAKE/TAKE_546a1886,TAKE,TAKE,True
local_deep_clean_val/TAKE/TAKE_5dc82521,TAKE,YES,False
local_deep_clean_val/TAKE/TAKE_60b15d07,TAKE,HOSPITAL,False
local_deep_clean_val/TAKE/TAKE_63669b6b,TAKE,TAKE,True
local_deep_clean_val/TAKE/TAKE_6e991819,TAKE,TAKE,True
local_deep_clean_val/TAKE/TAKE_81542a17,TAKE,WORK,False
local_deep_clean_val/TAKE/TAKE_8404bfed,TAKE,YES,False
local_deep_clean_val/TAKE/TAKE_TAKE_16,TAKE,SCHOOL,False
local_deep_clean_val/TAKE/TAKE_TAKE_2,TAKE,TAKE,True
local_deep_clean_val/TAKE/TAKE_TAKE_23,TAKE,CHILD,False
local_deep_clean_val/TAKE/TAKE_a0c916df,TAKE,YES,False
local_deep_clean_val/TAKE/TAKE_a137b7c5,TAKE,OUR,False
local_deep_clean_val/TAKE/TAKE_a452456f,TAKE,TAKE,True
local_deep_clean_val/TAKE/TAKE_b757e930,TAKE,HOT,False
local_deep_clean_val/TAKE/TAKE_bbef8f70,TAKE,OUR,False
local_deep_clean_val/TAKE/TAKE_c51c332c,TAKE,HOSPITAL,False
local_deep_clean_val/TAKE/TAKE_d5210fb2,TAKE,CHILD,False
local_deep_clean_val/TAKE/TAKE_d853243e,TAKE,COME,False
local_deep_clean_val/TAKE/TAKE_e36dea06,TAKE,CHILD,False
local_deep_clean_val/TAKE/TAKE_e4d5f7c6,TAKE,WORK,False
local_deep_clean_val/TAKE/TAKE_ec9ca5cc,TAKE,TAKE,True
local_deep_clean_val/TAKE/TAKE_fa6c63ad,TAKE,YES,False
local_deep_clean_val/TELL/TELL_03d2ffbb,TELL,TELL,True
local_deep_clean_val/TELL/TELL_09a20fd3,TELL,TELL,True
local_deep_clean_val/TELL/TELL_0dd20204,TELL,TELL,True
local_deep_clean_val/TELL/TELL_0e6531b3,TELL,TELL,True
local_deep_clean_val/TELL/TELL_109c4c8b,TELL,TELL,True
local_deep_clean_val/TELL/TELL_1962130e,TELL,TELL,True
local_deep_clean_val/TELL/TELL_497aea7d,TELL,TELL,True
local_deep_clean_val/TELL/TELL_4cd6acfa,TELL,WHERE,False
local_deep_clean_val/TELL/TELL_526ab2c8,TELL,TOMORROW,False
local_deep_clean_val/TELL/TELL_5aa37c2d,TELL,TELL,True
local_deep_clean_val/TELL/TELL_675d1db6,TELL,TELL,True
local_deep_clean_val/TELL/TELL_881b6c72,TELL,TELL,True
local_deep_clean_val/TELL/TELL_8e8ba162,TELL,DAY,False
local_deep_clean_val/TELL/TELL_976083b0,TELL,TELL,True
local_deep_clean_val/TELL/TELL_9dccd63b,TELL,TELL,True
local_deep_clean_val/TELL/TELL_TELL_13,TELL,TELL,True
local_deep_clean_val/TELL/TELL_TELL_14,TELL,TELL,True
local_deep_clean_val/TELL/TELL_TELL_4,TELL,TELL,True
local_deep_clean_val/TELL/TELL_TELL_5,TELL,TELL,True
local_deep_clean_val/TELL/TELL_a36cf5ca,TELL,TELL,True
local_deep_clean_val/TELL/TELL_b9bfdf61,TELL,TELL,True
local_deep_clean_val/TELL/TELL_bdc734ce,TELL,TELL,True
local_deep_clean_val/TELL/TELL_be279b47,TELL,TELL,True
local_deep_clean_val/TELL/TELL_cdd0c676,TELL,TELL,True
local_deep_clean_val/TELL/TELL_d4480ad1,TELL,WHERE,False
local_deep_clean_val/TELL/TELL_da3de3ab,TELL,SEE,False
local_deep_clean_val/TELL/TELL_f4db574a,TELL,TELL,True
local_deep_clean_val/TELL/TELL_fccbc07e,TELL,TELL,True
local_deep_clean_val/THANKYOU/THANKYOU_001d2dc6,THANKYOU,THANKYOU,True
local_deep_clean_val/THANKYOU/THANKYOU_048439a9,THANKYOU,THANKYOU,True
local_deep_clean_val/THANKYOU/THANKYOU_079e1aad,THANKYOU,THANKYOU,True
local_deep_clean_val/THANKYOU/THANKYOU_12cd9543,THANKYOU,BAD,False
local_deep_clean_val/THANKYOU/THANKYOU_1b471a05,THANKYOU,BAD,False
local_deep_clean_val/THANKYOU/THANKYOU_20c033d5,THANKYOU,THANKYOU,True
local_deep_clean_val/THANKYOU/THANKYOU_2ca42c94,THANKYOU,BAD,False
local_deep_clean_val/THANKYOU/THANKYOU_2defbd54,THANKYOU,BAD,False
local_deep_clean_val/THANKYOU/THANKYOU_316fbd9e,THANKYOU,THANKYOU,True
local_deep_clean_val/THANKYOU/THANKYOU_545cb78a,THANKYOU,THANKYOU,True
local_deep_clean_val/THANKYOU/THANKYOU_5a631be7,THANKYOU,THANKYOU,True
local_deep_clean_val/THANKYOU/THANKYOU_7ba47961,THANKYOU,BAD,False
local_deep_clean_val/THANKYOU/THANKYOU_8cb3cc8a,THANKYOU,THANKYOU,True
local_deep_clean_val/THANKYOU/THANKYOU_8e317556,THANKYOU,THANKYOU,True
local_deep_clean_val/THANKYOU/THANKYOU_919ae61c,THANKYOU,THANKYOU,True
local_deep_clean_val/THANKYOU/THANKYOU_ab26a07d,THANKYOU,THANKYOU,True
local_deep_clean_val/THANKYOU/THANKYOU_aec928eb,THANKYOU,THANKYOU,True
local_deep_clean_val/THANKYOU/THANKYOU_c440d010,THANKYOU,THANKYOU,True
local_deep_clean_val/THANKYOU/THANKYOU_cbe8cfa4,THANKYOU,THANKYOU,True
local_deep_clean_val/THANKYOU/THANKYOU_d3fc3089,THANKYOU,THANKYOU,True
local_deep_clean_val/THANKYOU/THANKYOU_dfaf6531,THANKYOU,THANKYOU,True
local_deep_clean_val/THANKYOU/THANKYOU_e672104c,THANKYOU,THANKYOU,True
local_deep_clean_val/THANKYOU/THANKYOU_f73b0d6e,THANKYOU,THANKYOU,True
local_deep_clean_val/THANKYOU/THANKYOU_fbd3dd50,THANKYOU,THANKYOU,True
local_deep_clean_val/THEY/THEY_08d0ae43,THEY,NEED,False
local_deep_clean_val/THEY/THEY_0dd38723,THEY,NEED,False
local_deep_clean_val/THEY/THEY_0f7f065f,THEY,NEED,False
local_deep_clean_val/THEY/THEY_150e035b,THEY,WHERE,False
local_deep_clean_val/THEY/THEY_261520a5,THEY,NEED,False
local_deep_clean_val/THEY/THEY_2f7d5a6d,THEY,NEED,False
local_deep_clean_val/THEY/THEY_32fd103d,THEY,TIME,False
local_deep_clean_val/THEY/THEY_3983d2fd,THEY,HE,False
local_deep_clean_val/THEY/THEY_4f6b800a,THEY,NIGHT,False
local_deep_clean_val/THEY/THEY_54e9a924,THEY,YOU,False
local_deep_clean_val/THEY/THEY_59002aa1,THEY,NEED,False
local_deep_clean_val/THEY/THEY_7e052876,THEY,WHERE,False
local_deep_clean_val/THEY/THEY_7edad4d3,THEY,WHERE,False
local_deep_clean_val/THEY/THEY_83375207,THEY,YOU,False
local_deep_clean_val/THEY/THEY_868f059e,THEY,NEED,False
local_deep_clean_val/THEY/THEY_8813aa92,THEY,TIME,False
local_deep_clean_val/THEY/THEY_8e556b4f,THEY,CHILD,False
local_deep_clean_val/THEY/THEY_9340fc74,THEY,HE,False
local_deep_clean_val/THEY/THEY_93f5497e,THEY,WHERE,False
local_deep_clean_val/THEY/THEY_THEY_1,THEY,THEY,True
local_deep_clean_val/THEY/THEY_THEY_2,THEY,THEY,True
local_deep_clean_val/THEY/THEY_THEY_20,THEY,THEY,True
local_deep_clean_val/THEY/THEY_THEY_24,THEY,THEY,True
local_deep_clean_val/THEY/THEY_b4663e81,THEY,THEY,True
local_deep_clean_val/THEY/THEY_be3b411f,THEY,YOU,False
local_deep_clean_val/THEY/THEY_bf6fd00a,THEY,WHO,False
local_deep_clean_val/THEY/THEY_c134e265,THEY,HE,False
local_deep_clean_val/THEY/THEY_c157e3fe,THEY,THEY,True
local_deep_clean_val/THEY/THEY_c440aaa3,THEY,SIGN,False
local_deep_clean_val/THEY/THEY_ca1754c2,THEY,THEY,True
local_deep_clean_val/THEY/THEY_cbb386e5,THEY,NEED,False
local_deep_clean_val/THEY/THEY_d6f9bce4,THEY,HE,False
local_deep_clean_val/THEY/THEY_efc701a2,THEY,WHEN,False
local_deep_clean_val/THEY/THEY_fe67dcd4,THEY,THEY,True
local_deep_clean_val/THEY/THEY_msasl_xIIGn6cn8BI_1,THEY,HE,False
local_deep_clean_val/THINK/THINK_040d3bc9,THINK,KNOW,False
local_deep_clean_val/THINK/THINK_0a4bd60b,THINK,THINK,True
local_deep_clean_val/THINK/THINK_10d24ece,THINK,THINK,True
local_deep_clean_val/THINK/THINK_13870dcd,THINK,THINK,True
local_deep_clean_val/THINK/THINK_21602f91,THINK,THINK,True
local_deep_clean_val/THINK/THINK_2175057a,THINK,THINK,True
local_deep_clean_val/THINK/THINK_42df90c8,THINK,THINK,True
local_deep_clean_val/THINK/THINK_4679f567,THINK,THINK,True
local_deep_clean_val/THINK/THINK_48cd38c1,THINK,THINK,True
local_deep_clean_val/THINK/THINK_4a048998,THINK,THINK,True
local_deep_clean_val/THINK/THINK_4acdbda1,THINK,THINK,True
local_deep_clean_val/THINK/THINK_5214b169,THINK,KNOW,False
local_deep_clean_val/THINK/THINK_62e9bbfa,THINK,THINK,True
local_deep_clean_val/THINK/THINK_7b11fa91,THINK,THINK,True
local_deep_clean_val/THINK/THINK_7d9f4fc8,THINK,THINK,True
local_deep_clean_val/THINK/THINK_8bba7300,THINK,THINK,True
local_deep_clean_val/THINK/THINK_THINK_13,THINK,UNDERSTAND,False
local_deep_clean_val/THINK/THINK_THINK_15,THINK,UNDERSTAND,False
local_deep_clean_val/THINK/THINK_THINK_17,THINK,UNDERSTAND,False
local_deep_clean_val/THINK/THINK_THINK_21,THINK,UNDERSTAND,False
local_deep_clean_val/THINK/THINK_THINK_5,THINK,THINK,True
local_deep_clean_val/THINK/THINK_a62adb1d,THINK,THINK,True
local_deep_clean_val/THINK/THINK_b0c368ea,THINK,THINK,True
local_deep_clean_val/THINK/THINK_d1e762a3,THINK,THINK,True
local_deep_clean_val/THINK/THINK_dc3df51e,THINK,THINK,True
local_deep_clean_val/THINK/THINK_e23a9082,THINK,THINK,True
local_deep_clean_val/THINK/THINK_e3a09d79,THINK,THINK,True
local_deep_clean_val/THINK/THINK_e3b97f74,THINK,THINK,True
local_deep_clean_val/THINK/THINK_e6ba8226,THINK,THINK,True
local_deep_clean_val/THINK/THINK_f9cd3a47,THINK,THINK,True
local_deep_clean_val/TIME/TIME_0605e2b3,TIME,TIME,True
local_deep_clean_val/TIME/TIME_0727af88,TIME,TIME,True
local_deep_clean_val/TIME/TIME_09ba9516,TIME,TIME,True
local_deep_clean_val/TIME/TIME_0c6dbe48,TIME,TIME,True
local_deep_clean_val/TIME/TIME_0e3b9d66,TIME,TIME,True
local_deep_clean_val/TIME/TIME_1c924c54,TIME,TIME,True
local_deep_clean_val/TIME/TIME_344ace2f,TIME,TIME,True
local_deep_clean_val/TIME/TIME_36f95356,TIME,TIME,True
local_deep_clean_val/TIME/TIME_3df46430,TIME,WHEN,False
local_deep_clean_val/TIME/TIME_430c7516,TIME,YEAR,False
local_deep_clean_val/TIME/TIME_50e9ce9c,TIME,TIME,True
local_deep_clean_val/TIME/TIME_5235cbc3,TIME,TIME,True
local_deep_clean_val/TIME/TIME_5a32e7b3,TIME,TIME,True
local_deep_clean_val/TIME/TIME_5c2a4ba9,TIME,TIME,True
local_deep_clean_val/TIME/TIME_5f5dddb2,TIME,TIME,True
local_deep_clean_val/TIME/TIME_61bc35d0,TIME,YES,False
local_deep_clean_val/TIME/TIME_62c7a543,TIME,TIME,True
local_deep_clean_val/TIME/TIME_647ebb04,TIME,TIME,True
local_deep_clean_val/TIME/TIME_76e37483,TIME,USE,False
local_deep_clean_val/TIME/TIME_7d009b7d,TIME,TIME,True
local_deep_clean_val/TIME/TIME_8039dced,TIME,TIME,True
local_deep_clean_val/TIME/TIME_8652cf85,TIME,DAY,False
local_deep_clean_val/TIME/TIME_9093ad82,TIME,TIME,True
local_deep_clean_val/TIME/TIME_923f9626,TIME,TIME,True
local_deep_clean_val/TIME/TIME_9c15b859,TIME,TIME,True
local_deep_clean_val/TIME/TIME_9cdc01d0,TIME,TIME,True
local_deep_clean_val/TIME/TIME_TIME_21,TIME,TIME,True
local_deep_clean_val/TIME/TIME_TIME_22,TIME,TIME,True
local_deep_clean_val/TIME/TIME_a065b966,TIME,TIME,True
local_deep_clean_val/TIME/TIME_ac5e64f4,TIME,TIME,True
local_deep_clean_val/TIME/TIME_bb01e60f,TIME,NEED,False
local_deep_clean_val/TIME/TIME_c01a0f37,TIME,TIME,True
local_deep_clean_val/TIME/TIME_c7b234a1,TIME,TIME,True
local_deep_clean_val/TIME/TIME_caf014c9,TIME,TIME,True
local_deep_clean_val/TIME/TIME_de3dd531,TIME,TIME,True
local_deep_clean_val/TIME/TIME_ef511d69,TIME,TIME,True
local_deep_clean_val/TIME/TIME_f8c5ecf3,TIME,TIME,True
local_deep_clean_val/TIRED/TIRED_0d4d69a2,TIRED,TIRED,True
local_deep_clean_val/TIRED/TIRED_194250ee,TIRED,TIRED,True
local_deep_clean_val/TIRED/TIRED_2f807307,TIRED,TIRED,True
local_deep_clean_val/TIRED/TIRED_387a7020,TIRED,TIRED,True
local_deep_clean_val/TIRED/TIRED_54ff7ec7,TIRED,TIRED,True
local_deep_clean_val/TIRED/TIRED_55b05c1e,TIRED,TIRED,True
local_deep_clean_val/TIRED/TIRED_5ca873bb,TIRED,TIRED,True
local_deep_clean_val/TIRED/TIRED_6c88502e,TIRED,TIRED,True
local_deep_clean_val/TIRED/TIRED_86ed8aeb,TIRED,TIRED,True
local_deep_clean_val/TIRED/TIRED_8cb21b4b,TIRED,TIRED,True
local_deep_clean_val/TIRED/TIRED_90222039,TIRED,EASY,False
local_deep_clean_val/TIRED/TIRED_96eed184,TIRED,TIRED,True
local_deep_clean_val/TIRED/TIRED_9ea4c0dd,TIRED,TIRED,True
local_deep_clean_val/TIRED/TIRED_TIRED_3,TIRED,TIRED,True
local_deep_clean_val/TIRED/TIRED_bdb0b7ce,TIRED,EASY,False
local_deep_clean_val/TIRED/TIRED_bf757507,TIRED,TIRED,True
local_deep_clean_val/TIRED/TIRED_d1804ae1,TIRED,TIRED,True
local_deep_clean_val/TIRED/TIRED_ee361402,TIRED,TIRED,True
local_deep_clean_val/TOMORROW/TOMORROW_020c0835,TOMORROW,TOMORROW,True
local_deep_clean_val/TOMORROW/TOMORROW_03738930,TOMORROW,TOMORROW,True
local_deep_clean_val/TOMORROW/TOMORROW_060ea3a9,TOMORROW,TOMORROW,True
local_deep_clean_val/TOMORROW/TOMORROW_067886ac,TOMORROW,TOMORROW,True
local_deep_clean_val/TOMORROW/TOMORROW_09d266c2,TOMORROW,WHO,False
local_deep_clean_val/TOMORROW/TOMORROW_0b495e2a,TOMORROW,TOMORROW,True
local_deep_clean_val/TOMORROW/TOMORROW_0db7fb63,TOMORROW,TOMORROW,True
local_deep_clean_val/TOMORROW/TOMORROW_120d0254,TOMORROW,TOMORROW,True
local_deep_clean_val/TOMORROW/TOMORROW_19c92e7d,TOMORROW,TOMORROW,True
local_deep_clean_val/TOMORROW/TOMORROW_20fe2e18,TOMORROW,TOMORROW,True
local_deep_clean_val/TOMORROW/TOMORROW_2321228d,TOMORROW,TOMORROW,True
local_deep_clean_val/TOMORROW/TOMORROW_232c3f1a,TOMORROW,TOMORROW,True
local_deep_clean_val/TOMORROW/TOMORROW_316bed65,TOMORROW,TOMORROW,True
local_deep_clean_val/TOMORROW/TOMORROW_3df1d644,TOMORROW,TOMORROW,True
local_deep_clean_val/TOMORROW/TOMORROW_46b36831,TOMORROW,TOMORROW,True
local_deep_clean_val/TOMORROW/TOMORROW_47cb3b1e,TOMORROW,TOMORROW,True
local_deep_clean_val/TOMORROW/TOMORROW_4985f54b,TOMORROW,TOMORROW,True
local_deep_clean_val/TOMORROW/TOMORROW_5c31fadd,TOMORROW,TOMORROW,True
local_deep_clean_val/TOMORROW/TOMORROW_6e616731,TOMORROW,TOMORROW,True
local_deep_clean_val/TOMORROW/TOMORROW_81f228c9,TOMORROW,TOMORROW,True
local_deep_clean_val/TOMORROW/TOMORROW_949140be,TOMORROW,TOMORROW,True
local_deep_clean_val/TOMORROW/TOMORROW_998a1c96,TOMORROW,TOMORROW,True
local_deep_clean_val/TOMORROW/TOMORROW_9eee4328,TOMORROW,TOMORROW,True
local_deep_clean_val/TOMORROW/TOMORROW_TOMORROW_8,TOMORROW,TOMORROW,True
local_deep_clean_val/TOMORROW/TOMORROW_a2061750,TOMORROW,TOMORROW,True
local_deep_clean_val/TOMORROW/TOMORROW_c44c75f4,TOMORROW,TOMORROW,True
local_deep_clean_val/TOMORROW/TOMORROW_c6760532,TOMORROW,TOMORROW,True
local_deep_clean_val/TOMORROW/TOMORROW_dfca80c9,TOMORROW,YES,False
local_deep_clean_val/TOMORROW/TOMORROW_e235ac15,TOMORROW,TOMORROW,True
local_deep_clean_val/TOMORROW/TOMORROW_e395dd96,TOMORROW,TOMORROW,True
local_deep_clean_val/TOMORROW/TOMORROW_ead7f84c,TOMORROW,TOMORROW,True
local_deep_clean_val/TOMORROW/TOMORROW_ef022e5a,TOMORROW,TOMORROW,True
local_deep_clean_val/TOMORROW/TOMORROW_efc583f3,TOMORROW,TOMORROW,True
local_deep_clean_val/TOMORROW/TOMORROW_f0c2149e,TOMORROW,TOMORROW,True
local_deep_clean_val/TOMORROW/TOMORROW_f1d0dac5,TOMORROW,TOMORROW,True
local_deep_clean_val/TOMORROW/TOMORROW_fc694493,TOMORROW,EAT,False
local_deep_clean_val/TRY/TRY_00a8048d,TRY,TRY,True
local_deep_clean_val/TRY/TRY_04106f19,TRY,TRY,True
local_deep_clean_val/TRY/TRY_0a13892c,TRY,TRY,True
local_deep_clean_val/TRY/TRY_0f93148d,TRY,TRY,True
local_deep_clean_val/TRY/TRY_17550b90,TRY,TRY,True
local_deep_clean_val/TRY/TRY_2614c0a4,TRY,TRY,True
local_deep_clean_val/TRY/TRY_2fec78c6,TRY,TRY,True
local_deep_clean_val/TRY/TRY_335be36c,TRY,TRY,True
local_deep_clean_val/TRY/TRY_361583cd,TRY,TRY,True
local_deep_clean_val/TRY/TRY_4abff650,TRY,TRY,True
local_deep_clean_val/TRY/TRY_5359f6b3,TRY,TRY,True
local_deep_clean_val/TRY/TRY_5475143e,TRY,TRY,True
local_deep_clean_val/TRY/TRY_549e5ffc,TRY,TRY,True
local_deep_clean_val/TRY/TRY_59f2ec2c,TRY,TRY,True
local_deep_clean_val/TRY/TRY_5ced3386,TRY,ANSWER,False
local_deep_clean_val/TRY/TRY_637f8f80,TRY,TRY,True
local_deep_clean_val/TRY/TRY_6877d7a2,TRY,TRY,True
local_deep_clean_val/TRY/TRY_794676ac,TRY,TRY,True
local_deep_clean_val/TRY/TRY_7d1b46e1,TRY,TRY,True
local_deep_clean_val/TRY/TRY_837d1026,TRY,TRY,True
local_deep_clean_val/TRY/TRY_8a0d688a,TRY,TRY,True
local_deep_clean_val/TRY/TRY_94b5bf33,TRY,TRY,True
local_deep_clean_val/TRY/TRY_9a48a1bc,TRY,TRY,True
local_deep_clean_val/TRY/TRY_TRY_11,TRY,BIG,False
local_deep_clean_val/TRY/TRY_TRY_4,TRY,BIG,False
local_deep_clean_val/TRY/TRY_b23f842d,TRY,TRY,True
local_deep_clean_val/TRY/TRY_b36d0c1e,TRY,TRY,True
local_deep_clean_val/TRY/TRY_ce3e5b45,TRY,TRY,True
local_deep_clean_val/TRY/TRY_ce40a2f3,TRY,TRY,True
local_deep_clean_val/TRY/TRY_d40e6780,TRY,TRY,True
local_deep_clean_val/TRY/TRY_d80b2db3,TRY,TRY,True
local_deep_clean_val/TRY/TRY_dc53d1f0,TRY,TRY,True
local_deep_clean_val/TRY/TRY_e328c956,TRY,TRY,True
local_deep_clean_val/TRY/TRY_f76a0d7d,TRY,TRY,True
local_deep_clean_val/TRY/TRY_f9ea170f,TRY,TRY,True
local_deep_clean_val/TRY/TRY_fe3d3638,TRY,TRY,True
local_deep_clean_val/UNDERSTAND/UNDERSTAND_1b562008,UNDERSTAND,THINK,False
local_deep_clean_val/UNDERSTAND/UNDERSTAND_1fa7ee53,UNDERSTAND,UNDERSTAND,True
local_deep_clean_val/UNDERSTAND/UNDERSTAND_2514a8a2,UNDERSTAND,UNDERSTAND,True
local_deep_clean_val/UNDERSTAND/UNDERSTAND_35209532,UNDERSTAND,UNDERSTAND,True
local_deep_clean_val/UNDERSTAND/UNDERSTAND_42d8cafc,UNDERSTAND,KNOW,False
local_deep_clean_val/UNDERSTAND/UNDERSTAND_4371ae98,UNDERSTAND,UNDERSTAND,True
local_deep_clean_val/UNDERSTAND/UNDERSTAND_6176faf5,UNDERSTAND,UNDERSTAND,True
local_deep_clean_val/UNDERSTAND/UNDERSTAND_67942a24,UNDERSTAND,UNDERSTAND,True
local_deep_clean_val/UNDERSTAND/UNDERSTAND_68939dc1,UNDERSTAND,UNDERSTAND,True
local_deep_clean_val/UNDERSTAND/UNDERSTAND_72443686,UNDERSTAND,UNDERSTAND,True
local_deep_clean_val/UNDERSTAND/UNDERSTAND_76834662,UNDERSTAND,UNDERSTAND,True
local_deep_clean_val/UNDERSTAND/UNDERSTAND_79b47c99,UNDERSTAND,KNOW,False
local_deep_clean_val/UNDERSTAND/UNDERSTAND_88396050,UNDERSTAND,FATHER,False
local_deep_clean_val/UNDERSTAND/UNDERSTAND_UNDERSTAND_11,UNDERSTAND,UNDERSTAND,True
local_deep_clean_val/UNDERSTAND/UNDERSTAND_UNDERSTAND_14,UNDERSTAND,UNDERSTAND,True
local_deep_clean_val/UNDERSTAND/UNDERSTAND_UNDERSTAND_16,UNDERSTAND,UNDERSTAND,True
local_deep_clean_val/UNDERSTAND/UNDERSTAND_UNDERSTAND_2,UNDERSTAND,UNDERSTAND,True
local_deep_clean_val/UNDERSTAND/UNDERSTAND_UNDERSTAND_21,UNDERSTAND,UNDERSTAND,True
local_deep_clean_val/UNDERSTAND/UNDERSTAND_UNDERSTAND_8,UNDERSTAND,UNDERSTAND,True
local_deep_clean_val/UNDERSTAND/UNDERSTAND_a2bb690b,UNDERSTAND,UNDERSTAND,True
local_deep_clean_val/UNDERSTAND/UNDERSTAND_bf186719,UNDERSTAND,UNDERSTAND,True
local_deep_clean_val/UNDERSTAND/UNDERSTAND_c2882586,UNDERSTAND,UNDERSTAND,True
local_deep_clean_val/UNDERSTAND/UNDERSTAND_ce81786a,UNDERSTAND,UNDERSTAND,True
local_deep_clean_val/UNDERSTAND/UNDERSTAND_d9994683,UNDERSTAND,YESTERDAY,False
local_deep_clean_val/UNDERSTAND/UNDERSTAND_f1f7e6bb,UNDERSTAND,YESTERDAY,False
local_deep_clean_val/UNDERSTAND/UNDERSTAND_fd83b308,UNDERSTAND,UNDERSTAND,True
local_deep_clean_val/USE/USE_0b9ba7cc,USE,USE,True
local_deep_clean_val/USE/USE_0ba71d61,USE,USE,True
local_deep_clean_val/USE/USE_10ea1067,USE,TIME,False
local_deep_clean_val/USE/USE_11fc19db,USE,USE,True
local_deep_clean_val/USE/USE_199ebf64,USE,DIFFERENT,False
local_deep_clean_val/USE/USE_1d81f706,USE,USE,True
local_deep_clean_val/USE/USE_24180b55,USE,MORE,False
local_deep_clean_val/USE/USE_2d0e87e9,USE,NAME,False
local_deep_clean_val/USE/USE_2e9157b1,USE,READ,False
local_deep_clean_val/USE/USE_36cbd82a,USE,USE,True
local_deep_clean_val/USE/USE_38599f54,USE,USE,True
local_deep_clean_val/USE/USE_528b452f,USE,USE,True
local_deep_clean_val/USE/USE_52a28531,USE,NAME,False
local_deep_clean_val/USE/USE_6e576528,USE,SEE,False
local_deep_clean_val/USE/USE_7ca5e21a,USE,USE,True
local_deep_clean_val/USE/USE_9f6e238b,USE,USE,True
local_deep_clean_val/USE/USE_USE_1,USE,USE,True
local_deep_clean_val/USE/USE_USE_17,USE,USE,True
local_deep_clean_val/USE/USE_USE_18,USE,USE,True
local_deep_clean_val/USE/USE_USE_24,USE,USE,True
local_deep_clean_val/USE/USE_USE_25,USE,USE,True
local_deep_clean_val/USE/USE_USE_4,USE,USE,True
local_deep_clean_val/USE/USE_USE_6,USE,USE,True
local_deep_clean_val/USE/USE_a347e82d,USE,USE,True
local_deep_clean_val/USE/USE_abc316f2,USE,USE,True
local_deep_clean_val/USE/USE_b1640ca6,USE,USE,True
local_deep_clean_val/USE/USE_bfb55fea,USE,NAME,False
local_deep_clean_val/USE/USE_c45b3c4e,USE,USE,True
local_deep_clean_val/USE/USE_cd06b2cb,USE,USE,True
local_deep_clean_val/USE/USE_d39b4070,USE,USE,True
local_deep_clean_val/USE/USE_d553a954,USE,USE,True
local_deep_clean_val/USE/USE_da8bdf51,USE,USE,True
local_deep_clean_val/USE/USE_dcbdc10e,USE,WHO,False
local_deep_clean_val/USE/USE_f55e6d56,USE,WEEK,False
local_deep_clean_val/USE/USE_fe9abc6d,USE,FAMILY,False
local_deep_clean_val/USE/USE_fed86697,USE,WRITE,False
local_deep_clean_val/WAIT/WAIT_0286269c,WAIT,WAIT,True
local_deep_clean_val/WAIT/WAIT_10502d0a,WAIT,WAIT,True
local_deep_clean_val/WAIT/WAIT_174c0cfd,WAIT,WAIT,True
local_deep_clean_val/WAIT/WAIT_1ef76c19,WAIT,WAIT,True
local_deep_clean_val/WAIT/WAIT_20e85afa,WAIT,WAIT,True
local_deep_clean_val/WAIT/WAIT_367be5a5,WAIT,WAIT,True
local_deep_clean_val/WAIT/WAIT_3ad413ef,WAIT,WAIT,True
local_deep_clean_val/WAIT/WAIT_3db70cd3,WAIT,WAIT,True
local_deep_clean_val/WAIT/WAIT_451cfcd5,WAIT,WAIT,True
local_deep_clean_val/WAIT/WAIT_490824f6,WAIT,WAIT,True
local_deep_clean_val/WAIT/WAIT_4a334551,WAIT,WAIT,True
local_deep_clean_val/WAIT/WAIT_51dee7d9,WAIT,WAIT,True
local_deep_clean_val/WAIT/WAIT_5694e527,WAIT,WAIT,True
local_deep_clean_val/WAIT/WAIT_5c7efcc0,WAIT,WAIT,True
local_deep_clean_val/WAIT/WAIT_6772069c,WAIT,WAIT,True
local_deep_clean_val/WAIT/WAIT_6d21682c,WAIT,WAIT,True
local_deep_clean_val/WAIT/WAIT_7b194286,WAIT,WAIT,True
local_deep_clean_val/WAIT/WAIT_878cc372,WAIT,WAIT,True
local_deep_clean_val/WAIT/WAIT_98af50ec,WAIT,WAIT,True
local_deep_clean_val/WAIT/WAIT_9c1d5ada,WAIT,WAIT,True
local_deep_clean_val/WAIT/WAIT_WAIT_13,WAIT,WAIT,True
local_deep_clean_val/WAIT/WAIT_WAIT_15,WAIT,NOW,False
local_deep_clean_val/WAIT/WAIT_WAIT_18,WAIT,WAIT,True
local_deep_clean_val/WAIT/WAIT_WAIT_2,WAIT,WAIT,True
local_deep_clean_val/WAIT/WAIT_WAIT_20,WAIT,WANT,False
local_deep_clean_val/WAIT/WAIT_WAIT_6,WAIT,WAIT,True
local_deep_clean_val/WAIT/WAIT_WAIT_9,WAIT,WAIT,True
local_deep_clean_val/WAIT/WAIT_a4f2b526,WAIT,WAIT,True
local_deep_clean_val/WAIT/WAIT_b96e1c2f,WAIT,WAIT,True
local_deep_clean_val/WAIT/WAIT_bba401ef,WAIT,WAIT,True
local_deep_clean_val/WAIT/WAIT_c6278700,WAIT,WAIT,True
local_deep_clean_val/WAIT/WAIT_c92db2d8,WAIT,SAD,False
local_deep_clean_val/WAIT/WAIT_e2e1eb22,WAIT,WAIT,True
local_deep_clean_val/WAIT/WAIT_f0a915b3,WAIT,WAIT,True
local_deep_clean_val/WAIT/WAIT_f52902e3,WAIT,WAIT,True
local_deep_clean_val/WAIT/WAIT_fad8016d,WAIT,WAIT,True
local_deep_clean_val/WAIT/WAIT_fd72bb40,WAIT,WAIT,True
local_deep_clean_val/WANT/WANT_09b30385,WANT,MAYBE,False
local_deep_clean_val/WANT/WANT_0ce2975d,WANT,EASY,False
local_deep_clean_val/WANT/WANT_15e020b4,WANT,ANGRY,False
local_deep_clean_val/WANT/WANT_2604d231,WANT,WRITE,False
local_deep_clean_val/WANT/WANT_26aabdc8,WANT,MAYBE,False
local_deep_clean_val/WANT/WANT_2822f5fc,WANT,TRY,False
local_deep_clean_val/WANT/WANT_3736cc86,WANT,MAYBE,False
local_deep_clean_val/WANT/WANT_3dd686b3,WANT,WAIT,False
local_deep_clean_val/WANT/WANT_4d9ff9ab,WANT,WAIT,False
local_deep_clean_val/WANT/WANT_5c81c558,WANT,MAYBE,False
local_deep_clean_val/WANT/WANT_63d629c7,WANT,EASY,False
local_deep_clean_val/WANT/WANT_73f15b65,WANT,WAIT,False
local_deep_clean_val/WANT/WANT_74451902,WANT,WORK,False
local_deep_clean_val/WANT/WANT_778a963c,WANT,WANT,True
local_deep_clean_val/WANT/WANT_85b450d1,WANT,SAD,False
local_deep_clean_val/WANT/WANT_WANT_12,WANT,SMALL,False
local_deep_clean_val/WANT/WANT_WANT_13,WANT,SMALL,False
local_deep_clean_val/WANT/WANT_WANT_16,WANT,SMALL,False
local_deep_clean_val/WANT/WANT_WANT_7,WANT,SMALL,False
local_deep_clean_val/WANT/WANT_WANT_9,WANT,SMALL,False
local_deep_clean_val/WANT/WANT_a9af224f,WANT,MAYBE,False
local_deep_clean_val/WANT/WANT_b33d88fe,WANT,MAYBE,False
local_deep_clean_val/WANT/WANT_c29fbce9,WANT,MAYBE,False
local_deep_clean_val/WANT/WANT_d1c70b33,WANT,MAYBE,False
local_deep_clean_val/WANT/WANT_d54951b3,WANT,WAIT,False
local_deep_clean_val/WANT/WANT_ddb79aa7,WANT,MAYBE,False
local_deep_clean_val/WANT/WANT_f11452f7,WANT,MAYBE,False
local_deep_clean_val/WANT/WANT_fbeab323,WANT,WAIT,False
local_deep_clean_val/WANT/WANT_fdfe63ff,WANT,TRY,False
local_deep_clean_val/WATER/WATER_0b048467,WATER,FATHER,False
local_deep_clean_val/WATER/WATER_0bb932ff,WATER,WATER,True
local_deep_clean_val/WATER/WATER_10d0facb,WATER,WATER,True
local_deep_clean_val/WATER/WATER_12c2c035,WATER,WATER,True
local_deep_clean_val/WATER/WATER_13a4ea35,WATER,WATER,True
local_deep_clean_val/WATER/WATER_1ac066cf,WATER,WATER,True
local_deep_clean_val/WATER/WATER_1b4f9a98,WATER,FATHER,False
local_deep_clean_val/WATER/WATER_23bf27e1,WATER,WATER,True
local_deep_clean_val/WATER/WATER_2476bf72,WATER,MOTHER,False
local_deep_clean_val/WATER/WATER_2761afc8,WATER,WATER,True
local_deep_clean_val/WATER/WATER_2f5544b3,WATER,WATER,True
local_deep_clean_val/WATER/WATER_51b23742,WATER,WATER,True
local_deep_clean_val/WATER/WATER_57198237,WATER,WATER,True
local_deep_clean_val/WATER/WATER_62bbb53b,WATER,WATER,True
local_deep_clean_val/WATER/WATER_666ec0b6,WATER,WATER,True
local_deep_clean_val/WATER/WATER_7270e6cb,WATER,WATER,True
local_deep_clean_val/WATER/WATER_74ee2843,WATER,FATHER,False
local_deep_clean_val/WATER/WATER_77e055e1,WATER,WATER,True
local_deep_clean_val/WATER/WATER_79cdb3ea,WATER,WATER,True
local_deep_clean_val/WATER/WATER_816a9930,WATER,WATER,True
local_deep_clean_val/WATER/WATER_8529cb24,WATER,WATER,True
local_deep_clean_val/WATER/WATER_866d6b9d,WATER,WATER,True
local_deep_clean_val/WATER/WATER_8a268911,WATER,WATER,True
local_deep_clean_val/WATER/WATER_9370518a,WATER,WATER,True
local_deep_clean_val/WATER/WATER_WATER_10,WATER,WATER,True
local_deep_clean_val/WATER/WATER_WATER_18,WATER,WATER,True
local_deep_clean_val/WATER/WATER_WATER_4,WATER,WHO,False
local_deep_clean_val/WATER/WATER_WATER_8,WATER,WATER,True
local_deep_clean_val/WATER/WATER_a2d3753d,WATER,WATER,True
local_deep_clean_val/WATER/WATER_a3b3a052,WATER,WATER,True
local_deep_clean_val/WATER/WATER_a6ef7fee,WATER,FATHER,False
local_deep_clean_val/WATER/WATER_ab9d441d,WATER,WATER,True
local_deep_clean_val/WATER/WATER_c4cecf12,WATER,WHO,False
local_deep_clean_val/WATER/WATER_ca08d263,WATER,WATER,True
local_deep_clean_val/WATER/WATER_cb535ce5,WATER,WATER,True
local_deep_clean_val/WATER/WATER_dffe9151,WATER,WATER,True
local_deep_clean_val/WE/US_WE_0a4dbafd,WE,NEED,False
local_deep_clean_val/WE/US_WE_2247b653,WE,SAME,False
local_deep_clean_val/WE/US_WE_2c45f78b,WE,NEED,False
local_deep_clean_val/WE/US_WE_2c5616f6,WE,NEED,False
local_deep_clean_val/WE/US_WE_2e4ddeed,WE,NEED,False
local_deep_clean_val/WE/US_WE_325ba83a,WE,NEED,False
local_deep_clean_val/WE/US_WE_3322029d,WE,TELL,False
local_deep_clean_val/WE/US_WE_48c2a572,WE,NEED,False
local_deep_clean_val/WE/US_WE_4ecc0314,WE,NEED,False
local_deep_clean_val/WE/US_WE_4f80100b,WE,WE,True
local_deep_clean_val/WE/US_WE_4fb56773,WE,THEY,False
local_deep_clean_val/WE/US_WE_54cc7ba3,WE,WHERE,False
local_deep_clean_val/WE/US_WE_55d3ca0f,WE,WE,True
local_deep_clean_val/WE/US_WE_5cc18416,WE,OUR,False
local_deep_clean_val/WE/US_WE_72814055,WE,WE,True
local_deep_clean_val/WE/US_WE_81315791,WE,WE,True
local_deep_clean_val/WE/US_WE_81341474,WE,WHERE,False
local_deep_clean_val/WE/US_WE_84eea4d3,WE,MAYBE,False
local_deep_clean_val/WE/US_WE_8642914f,WE,SAME,False
local_deep_clean_val/WE/US_WE_88332ab3,WE,OUR,False
local_deep_clean_val/WE/US_WE_8dce4c1f,WE,WHO,False
local_deep_clean_val/WE/US_WE_9306ce84,WE,HELP,False
local_deep_clean_val/WE/US_WE_WE_US_15,WE,FEEL,False
local_deep_clean_val/WE/US_WE_WE_US_23,WE,PLEASE,False
local_deep_clean_val/WE/US_WE_WE_US_3,WE,PLEASE,False
local_deep_clean_val/WE/US_WE_a47ba932,WE,WHERE,False
local_deep_clean_val/WE/US_WE_b0935e0f,WE,NEED,False
local_deep_clean_val/WE/US_WE_b3a7fc59,WE,OUR,False
local_deep_clean_val/WE/US_WE_b62899bd,WE,TELL,False
local_deep_clean_val/WE/US_WE_d3d12d7d,WE,YESTERDAY,False
local_deep_clean_val/WE/US_WE_e2327481,WE,OUR,False
local_deep_clean_val/WE/US_WE_f4ba11d4,WE,NEED,False
local_deep_clean_val/WE/US_WE_fa802ee8,WE,OUR,False
local_deep_clean_val/WE/US_WE_fafb19f2,WE,SAME,False
local_deep_clean_val/WE/US_WE_fb7d87a3,WE,OUR,False
local_deep_clean_val/WE/US_WE_ffb0b046,WE,NEED,False
local_deep_clean_val/WEEK/WEEK_0918303f,WEEK,WEEK,True
local_deep_clean_val/WEEK/WEEK_0f4f714b,WEEK,NAME,False
local_deep_clean_val/WEEK/WEEK_113f8d7f,WEEK,WRITE,False
local_deep_clean_val/WEEK/WEEK_14c02dd9,WEEK,WEEK,True
local_deep_clean_val/WEEK/WEEK_2d9db0bb,WEEK,WRITE,False
local_deep_clean_val/WEEK/WEEK_379db6ca,WEEK,WEEK,True
local_deep_clean_val/WEEK/WEEK_39deb626,WEEK,WRITE,False
local_deep_clean_val/WEEK/WEEK_4ce3ae9c,WEEK,WRITE,False
local_deep_clean_val/WEEK/WEEK_4eb9babe,WEEK,NAME,False
local_deep_clean_val/WEEK/WEEK_61145b69,WEEK,WEEK,True
local_deep_clean_val/WEEK/WEEK_67fd25ca,WEEK,WEEK,True
local_deep_clean_val/WEEK/WEEK_71d2d610,WEEK,WEEK,True
local_deep_clean_val/WEEK/WEEK_76692c5c,WEEK,SCHOOL,False
local_deep_clean_val/WEEK/WEEK_815023d3,WEEK,WRITE,False
local_deep_clean_val/WEEK/WEEK_9438efb7,WEEK,WEEK,True
local_deep_clean_val/WEEK/WEEK_WEEK_1,WEEK,WEEK,True
local_deep_clean_val/WEEK/WEEK_WEEK_2,WEEK,WEEK,True
local_deep_clean_val/WEEK/WEEK_WEEK_23,WEEK,WEEK,True
local_deep_clean_val/WEEK/WEEK_WEEK_4,WEEK,WEEK,True
local_deep_clean_val/WEEK/WEEK_WEEK_6,WEEK,WEEK,True
local_deep_clean_val/WEEK/WEEK_WEEK_7,WEEK,WEEK,True
local_deep_clean_val/WEEK/WEEK_a76b245b,WEEK,WEEK,True
local_deep_clean_val/WEEK/WEEK_bd60923e,WEEK,WEEK,True
local_deep_clean_val/WEEK/WEEK_c64f4c0b,WEEK,WRITE,False
local_deep_clean_val/WEEK/WEEK_cadef9f5,WEEK,WEEK,True
local_deep_clean_val/WEEK/WEEK_cef4a66f,WEEK,WEEK,True
local_deep_clean_val/WEEK/WEEK_de6ff0bb,WEEK,NAME,False
local_deep_clean_val/WEEK/WEEK_fbcaa544,WEEK,WEEK,True
local_deep_clean_val/WEEK/WEEK_ff5ffde1,WEEK,SORRY,False
local_deep_clean_val/WEEK/WEEK_msasl_iDFtTpXAMJE_0,WEEK,WEEK,True
local_deep_clean_val/WHAT/WHAT_015987c4,WHAT,EXCITED,False
local_deep_clean_val/WHAT/WHAT_03bae1eb,WHAT,MAYBE,False
local_deep_clean_val/WHAT/WHAT_298731b4,WHAT,EXCITED,False
local_deep_clean_val/WHAT/WHAT_2a9d3336,WHAT,MAYBE,False
local_deep_clean_val/WHAT/WHAT_30e6955f,WHAT,BIG,False
local_deep_clean_val/WHAT/WHAT_38618439,WHAT,MAYBE,False
local_deep_clean_val/WHAT/WHAT_3a7376c4,WHAT,TRY,False
local_deep_clean_val/WHAT/WHAT_50cef74e,WHAT,BIG,False
local_deep_clean_val/WHAT/WHAT_50f09c4d,WHAT,MAYBE,False
local_deep_clean_val/WHAT/WHAT_5bac2453,WHAT,MAYBE,False
local_deep_clean_val/WHAT/WHAT_5dcb4334,WHAT,MAYBE,False
local_deep_clean_val/WHAT/WHAT_6b082db7,WHAT,MAYBE,False
local_deep_clean_val/WHAT/WHAT_71dd87b6,WHAT,MAYBE,False
local_deep_clean_val/WHAT/WHAT_777b269c,WHAT,MAYBE,False
local_deep_clean_val/WHAT/WHAT_89673962,WHAT,READY,False
local_deep_clean_val/WHAT/WHAT_WHAT_11,WHAT,MAYBE,False
local_deep_clean_val/WHAT/WHAT_WHAT_20,WHAT,MAYBE,False
local_deep_clean_val/WHAT/WHAT_WHAT_24,WHAT,MAYBE,False
local_deep_clean_val/WHAT/WHAT_WHAT_4,WHAT,MAYBE,False
local_deep_clean_val/WHAT/WHAT_WHAT_9,WHAT,MAYBE,False
local_deep_clean_val/WHAT/WHAT_ac61c272,WHAT,TRY,False
local_deep_clean_val/WHAT/WHAT_b1b8263e,WHAT,NOW,False
local_deep_clean_val/WHAT/WHAT_bf99fce9,WHAT,BIG,False
local_deep_clean_val/WHAT/WHAT_cc8d3a8c,WHAT,MAYBE,False
local_deep_clean_val/WHAT/WHAT_cf183643,WHAT,TIME,False
local_deep_clean_val/WHAT/WHAT_d2304cba,WHAT,NOW,False
local_deep_clean_val/WHAT/WHAT_d660b048,WHAT,READY,False
local_deep_clean_val/WHAT/WHAT_d7412764,WHAT,TRY,False
local_deep_clean_val/WHAT/WHAT_e64cebf2,WHAT,ANGRY,False
local_deep_clean_val/WHAT/WHAT_ecd58d37,WHAT,BIG,False
local_deep_clean_val/WHAT/WHAT_f86a1f27,WHAT,WANT,False
local_deep_clean_val/WHEN/WHEN_0387bcc3,WHEN,WHEN,True
local_deep_clean_val/WHEN/WHEN_14c06bf0,WHEN,PLEASE,False
local_deep_clean_val/WHEN/WHEN_2602af37,WHEN,SIGN,False
local_deep_clean_val/WHEN/WHEN_418f1e6a,WHEN,WHEN,True
local_deep_clean_val/WHEN/WHEN_46a44397,WHEN,WHEN,True
local_deep_clean_val/WHEN/WHEN_4dbd5c0e,WHEN,WHEN,True
local_deep_clean_val/WHEN/WHEN_5504e4a1,WHEN,WHEN,True
local_deep_clean_val/WHEN/WHEN_56cfbc0a,WHEN,DAY,False
local_deep_clean_val/WHEN/WHEN_648a7ea5,WHEN,WHEN,True
local_deep_clean_val/WHEN/WHEN_7174e66c,WHEN,FRIEND,False
local_deep_clean_val/WHEN/WHEN_738ef9d0,WHEN,NIGHT,False
local_deep_clean_val/WHEN/WHEN_82cfcf2f,WHEN,PLEASE,False
local_deep_clean_val/WHEN/WHEN_8432ebe9,WHEN,SIGN,False
local_deep_clean_val/WHEN/WHEN_86f0633c,WHEN,SIGN,False
local_deep_clean_val/WHEN/WHEN_87c7b7ad,WHEN,WHEN,True
local_deep_clean_val/WHEN/WHEN_87dfc095,WHEN,WHEN,True
local_deep_clean_val/WHEN/WHEN_8ac4a45f,WHEN,WHEN,True
local_deep_clean_val/WHEN/WHEN_94d47a6f,WHEN,DIFFERENT,False
local_deep_clean_val/WHEN/WHEN_9623f3bb,WHEN,TIRED,False
local_deep_clean_val/WHEN/WHEN_WHEN_14,WHEN,WHEN,True
local_deep_clean_val/WHEN/WHEN_WHEN_7,WHEN,NAME,False
local_deep_clean_val/WHEN/WHEN_WHEN_8,WHEN,NAME,False
local_deep_clean_val/WHEN/WHEN_abb3511e,WHEN,WHEN,True
local_deep_clean_val/WHEN/WHEN_b2a1ddb2,WHEN,TIME,False
local_deep_clean_val/WHEN/WHEN_b84d07a3,WHEN,WHEN,True
local_deep_clean_val/WHEN/WHEN_c715c2bc,WHEN,SIGN,False
local_deep_clean_val/WHEN/WHEN_d05a4bd8,WHEN,NAME,False
local_deep_clean_val/WHEN/WHEN_dec51188,WHEN,FRIEND,False
local_deep_clean_val/WHEN/WHEN_ec5712a7,WHEN,WHEN,True
local_deep_clean_val/WHEN/WHEN_f5271473,WHEN,SIGN,False
local_deep_clean_val/WHEN/WHEN_f931c9e8,WHEN,WHEN,True
local_deep_clean_val/WHEN/WHEN_fabe0a56,WHEN,FRIEND,False
local_deep_clean_val/WHEN/WHEN_fb9d0a32,WHEN,WHEN,True
local_deep_clean_val/WHEN/WHEN_fd6e96e9,WHEN,TIME,False
local_deep_clean_val/WHERE/WHERE_0184413e,WHERE,WHERE,True
local_deep_clean_val/WHERE/WHERE_0ba3a904,WHERE,WHERE,True
local_deep_clean_val/WHERE/WHERE_0d603ef0,WHERE,WHERE,True
local_deep_clean_val/WHERE/WHERE_13617ee6,WHERE,WHERE,True
local_deep_clean_val/WHERE/WHERE_1a1b0639,WHERE,WHO,False
local_deep_clean_val/WHERE/WHERE_28aedce2,WHERE,WHERE,True
local_deep_clean_val/WHERE/WHERE_31cac005,WHERE,WHERE,True
local_deep_clean_val/WHERE/WHERE_35e12682,WHERE,WHERE,True
local_deep_clean_val/WHERE/WHERE_374d6323,WHERE,WHERE,True
local_deep_clean_val/WHERE/WHERE_44a681d4,WHERE,NEED,False
local_deep_clean_val/WHERE/WHERE_500af6c2,WHERE,WHERE,True
local_deep_clean_val/WHERE/WHERE_571b3119,WHERE,WHERE,True
local_deep_clean_val/WHERE/WHERE_64b4fda8,WHERE,WHERE,True
local_deep_clean_val/WHERE/WHERE_76fd6f77,WHERE,WHERE,True
local_deep_clean_val/WHERE/WHERE_79ff5846,WHERE,WHERE,True
local_deep_clean_val/WHERE/WHERE_9e479c8c,WHERE,SORRY,False
local_deep_clean_val/WHERE/WHERE_WHERE_10,WHERE,WHERE,True
local_deep_clean_val/WHERE/WHERE_WHERE_12,WHERE,WHERE,True
local_deep_clean_val/WHERE/WHERE_WHERE_20,WHERE,WHERE,True
local_deep_clean_val/WHERE/WHERE_WHERE_4,WHERE,WHERE,True
local_deep_clean_val/WHERE/WHERE_a2a9c25b,WHERE,HOSPITAL,False
local_deep_clean_val/WHERE/WHERE_acd3fc5d,WHERE,WHERE,True
local_deep_clean_val/WHERE/WHERE_c63dc85c,WHERE,WHERE,True
local_deep_clean_val/WHERE/WHERE_c906753d,WHERE,WHERE,True
local_deep_clean_val/WHERE/WHERE_cd421704,WHERE,DIFFERENT,False
local_deep_clean_val/WHERE/WHERE_d4e4bf56,WHERE,ANSWER,False
local_deep_clean_val/WHERE/WHERE_e03b59d9,WHERE,WHERE,True
local_deep_clean_val/WHERE/WHERE_e36a64a4,WHERE,WHERE,True
local_deep_clean_val/WHERE/WHERE_e7bd4335,WHERE,WHERE,True
local_deep_clean_val/WHERE/WHERE_f1b92a41,WHERE,WHERE,True
local_deep_clean_val/WHERE/WHERE_f6257e59,WHERE,HE,False
local_deep_clean_val/WHERE/WHERE_f62d5c67,WHERE,YOU,False
local_deep_clean_val/WHERE/WHERE_msasl_RMUydgQr9TE_4,WHERE,HE,False
local_deep_clean_val/WHERE/WHERE_msasl_eBkzZg-9hd4_3,WHERE,SAME,False
local_deep_clean_val/WHO/WHO_20536494,WHO,WHO,True
local_deep_clean_val/WHO/WHO_297240f6,WHO,WHO,True
local_deep_clean_val/WHO/WHO_2d9fd44f,WHO,WHO,True
local_deep_clean_val/WHO/WHO_340ff0c9,WHO,WHO,True
local_deep_clean_val/WHO/WHO_3c987ed5,WHO,WHO,True
local_deep_clean_val/WHO/WHO_3dde21bd,WHO,WHO,True
local_deep_clean_val/WHO/WHO_4f624ad4,WHO,WHO,True
local_deep_clean_val/WHO/WHO_536889cc,WHO,WHO,True
local_deep_clean_val/WHO/WHO_563e6478,WHO,WHO,True
local_deep_clean_val/WHO/WHO_5aab763c,WHO,ASK,False
local_deep_clean_val/WHO/WHO_5dd2e673,WHO,WHO,True
local_deep_clean_val/WHO/WHO_6acecc71,WHO,ASK,False
local_deep_clean_val/WHO/WHO_88ce8fc3,WHO,NO,False
local_deep_clean_val/WHO/WHO_9e293156,WHO,WHO,True
local_deep_clean_val/WHO/WHO_WHO_13,WHO,WHO,True
local_deep_clean_val/WHO/WHO_WHO_16,WHO,WHO,True
local_deep_clean_val/WHO/WHO_WHO_4,WHO,WHO,True
local_deep_clean_val/WHO/WHO_WHO_8,WHO,WHO,True
local_deep_clean_val/WHO/WHO_a7262e9a,WHO,WHO,True
local_deep_clean_val/WHO/WHO_b2b23792,WHO,WHO,True
local_deep_clean_val/WHO/WHO_bcb804fd,WHO,WHO,True
local_deep_clean_val/WHO/WHO_c1879de9,WHO,WHO,True
local_deep_clean_val/WHO/WHO_c22f6769,WHO,WHO,True
local_deep_clean_val/WHO/WHO_c4649a1b,WHO,TOMORROW,False
local_deep_clean_val/WHO/WHO_ca16885b,WHO,WHO,True
local_deep_clean_val/WHO/WHO_de36d111,WHO,WHO,True
local_deep_clean_val/WHO/WHO_df88cd99,WHO,WHO,True
local_deep_clean_val/WHO/WHO_ebe22ae9,WHO,WHO,True
local_deep_clean_val/WHO/WHO_f948e905,WHO,TOMORROW,False
local_deep_clean_val/WHY/WHY_00ffb856,WHY,THINK,False
local_deep_clean_val/WHY/WHY_0952a852,WHY,UNDERSTAND,False
local_deep_clean_val/WHY/WHY_12a9e923,WHY,KNOW,False
local_deep_clean_val/WHY/WHY_14a26f67,WHY,ASK,False
local_deep_clean_val/WHY/WHY_28493a5f,WHY,FATHER,False
local_deep_clean_val/WHY/WHY_2f691e46,WHY,WHY,True
local_deep_clean_val/WHY/WHY_3c520a03,WHY,WHY,True
local_deep_clean_val/WHY/WHY_403dcc24,WHY,MAN,False
local_deep_clean_val/WHY/WHY_4a6b201d,WHY,WHY,True
local_deep_clean_val/WHY/WHY_4f9bf604,WHY,WHY,True
local_deep_clean_val/WHY/WHY_5eaffc9e,WHY,NEED,False
local_deep_clean_val/WHY/WHY_5f94cabe,WHY,WHY,True
local_deep_clean_val/WHY/WHY_7f6e0498,WHY,HOSPITAL,False
local_deep_clean_val/WHY/WHY_7fb3bd44,WHY,THINK,False
local_deep_clean_val/WHY/WHY_866c7549,WHY,UNDERSTAND,False
local_deep_clean_val/WHY/WHY_8c673e26,WHY,SEE,False
local_deep_clean_val/WHY/WHY_94e6c94d,WHY,THINK,False
local_deep_clean_val/WHY/WHY_9e85b50a,WHY,WHY,True
local_deep_clean_val/WHY/WHY_WHY_21,WHY,NO,False
local_deep_clean_val/WHY/WHY_WHY_6,WHY,SEE,False
local_deep_clean_val/WHY/WHY_WHY_7,WHY,MOTHER,False
local_deep_clean_val/WHY/WHY_a339fe62,WHY,WHY,True
local_deep_clean_val/WHY/WHY_ae4ef823,WHY,FATHER,False
local_deep_clean_val/WHY/WHY_ae512566,WHY,LISTEN,False
local_deep_clean_val/WHY/WHY_afb1b202,WHY,FATHER,False
local_deep_clean_val/WHY/WHY_bee8b867,WHY,THANKYOU,False
local_deep_clean_val/WHY/WHY_c478126f,WHY,FEEL,False
local_deep_clean_val/WHY/WHY_cca03bf9,WHY,WHY,True
local_deep_clean_val/WHY/WHY_dff9191e,WHY,MAYBE,False
local_deep_clean_val/WHY/WHY_f2a7ce76,WHY,UNDERSTAND,False
local_deep_clean_val/WHY/WHY_f7136ae6,WHY,HE,False
local_deep_clean_val/WHY/WHY_f7f5926b,WHY,FAMILY,False
local_deep_clean_val/WHY/WHY_fd96ca8a,WHY,WHY,True
local_deep_clean_val/WOMAN/WOMAN_07d7ab57,WOMAN,DAY,False
local_deep_clean_val/WOMAN/WOMAN_087e6eeb,WOMAN,WOMAN,True
local_deep_clean_val/WOMAN/WOMAN_0fc1f2d7,WOMAN,WOMAN,True
local_deep_clean_val/WOMAN/WOMAN_23cbb4d1,WOMAN,TOMORROW,False
local_deep_clean_val/WOMAN/WOMAN_377c6e2e,WOMAN,OUR,False
local_deep_clean_val/WOMAN/WOMAN_506f8c0f,WOMAN,TOMORROW,False
local_deep_clean_val/WOMAN/WOMAN_53e11c76,WOMAN,MAN,False
local_deep_clean_val/WOMAN/WOMAN_72697b21,WOMAN,WOMAN,True
local_deep_clean_val/WOMAN/WOMAN_8083573c,WOMAN,WOMAN,True
local_deep_clean_val/WOMAN/WOMAN_96f3580a,WOMAN,WOMAN,True
local_deep_clean_val/WOMAN/WOMAN_9b669ae4,WOMAN,WOMAN,True
local_deep_clean_val/WOMAN/WOMAN_b4dc9a89,WOMAN,WOMAN,True
local_deep_clean_val/WOMAN/WOMAN_c6cae9dc,WOMAN,TOMORROW,False
local_deep_clean_val/WOMAN/WOMAN_d2e701f0,WOMAN,MAN,False
local_deep_clean_val/WOMAN/WOMAN_d82d130c,WOMAN,WOMAN,True
local_deep_clean_val/WOMAN/WOMAN_f0280b60,WOMAN,WOMAN,True
local_deep_clean_val/WOMAN/WOMAN_f5a60955,WOMAN,WOMAN,True
local_deep_clean_val/WOMAN/WOMAN_fb0833ba,WOMAN,TOMORROW,False
local_deep_clean_val/WOMAN/WOMAN_msasl_sUC-XDC5TvA_1,WOMAN,MOTHER,False
local_deep_clean_val/WORK/WORK_0d718029,WORK,WORK,True
local_deep_clean_val/WORK/WORK_10e3eac9,WORK,WORK,True
local_deep_clean_val/WORK/WORK_161bb5b4,WORK,WORK,True
local_deep_clean_val/WORK/WORK_16e717ea,WORK,WORK,True
local_deep_clean_val/WORK/WORK_1c0d9c33,WORK,WORK,True
local_deep_clean_val/WORK/WORK_1f12ab17,WORK,WORK,True
local_deep_clean_val/WORK/WORK_21e9f6a2,WORK,WORK,True
local_deep_clean_val/WORK/WORK_35574b2e,WORK,MAKE,False
local_deep_clean_val/WORK/WORK_35ed47df,WORK,WORK,True
local_deep_clean_val/WORK/WORK_3a0d2d79,WORK,WORK,True
local_deep_clean_val/WORK/WORK_3e963f41,WORK,MAKE,False
local_deep_clean_val/WORK/WORK_59d6f5f4,WORK,I,False
local_deep_clean_val/WORK/WORK_5ec8a0b1,WORK,WORK,True
local_deep_clean_val/WORK/WORK_60ec24fe,WORK,WORK,True
local_deep_clean_val/WORK/WORK_622363a4,WORK,WORK,True
local_deep_clean_val/WORK/WORK_62f15bd4,WORK,WORK,True
local_deep_clean_val/WORK/WORK_97f7e746,WORK,WORK,True
local_deep_clean_val/WORK/WORK_99d6f8af,WORK,WORK,True
local_deep_clean_val/WORK/WORK_9ed04fa8,WORK,WORK,True
local_deep_clean_val/WORK/WORK_WORK_12,WORK,WORK,True
local_deep_clean_val/WORK/WORK_WORK_16,WORK,WORK,True
local_deep_clean_val/WORK/WORK_WORK_3,WORK,WORK,True
local_deep_clean_val/WORK/WORK_WORK_9,WORK,WORK,True
local_deep_clean_val/WORK/WORK_a03e20e7,WORK,WORK,True
local_deep_clean_val/WORK/WORK_aee26f01,WORK,WORK,True
local_deep_clean_val/WORK/WORK_b443b7a6,WORK,WORK,True
local_deep_clean_val/WORK/WORK_b5a7021b,WORK,WORK,True
local_deep_clean_val/WORK/WORK_b9e208ef,WORK,WORK,True
local_deep_clean_val/WORK/WORK_c31053fb,WORK,YESTERDAY,False
local_deep_clean_val/WORK/WORK_c49c80a5,WORK,WORK,True
local_deep_clean_val/WORK/WORK_c984ca09,WORK,YESTERDAY,False
local_deep_clean_val/WORK/WORK_cb8d14bc,WORK,WORK,True
local_deep_clean_val/WORK/WORK_d9b50aca,WORK,MAKE,False
local_deep_clean_val/WORK/WORK_ddcb9ad3,WORK,WORK,True
local_deep_clean_val/WORK/WORK_df479ec8,WORK,WORK,True
local_deep_clean_val/WORK/WORK_e3e3e562,WORK,MAKE,False
local_deep_clean_val/WORK/WORK_fba850b1,WORK,WORK,True
local_deep_clean_val/WRITE/WRITE_0413a273,WRITE,MORE,False
local_deep_clean_val/WRITE/WRITE_04aa099e,WRITE,WRITE,True
local_deep_clean_val/WRITE/WRITE_09f4f47b,WRITE,NAME,False
local_deep_clean_val/WRITE/WRITE_0a9a57ae,WRITE,YOU,False
local_deep_clean_val/WRITE/WRITE_1e4e6887,WRITE,TIME,False
local_deep_clean_val/WRITE/WRITE_2105e7a4,WRITE,TIME,False
local_deep_clean_val/WRITE/WRITE_24a1add5,WRITE,NIGHT,False
local_deep_clean_val/WRITE/WRITE_37f643df,WRITE,WRITE,True
local_deep_clean_val/WRITE/WRITE_39ae1a03,WRITE,WRITE,True
local_deep_clean_val/WRITE/WRITE_3f9fead1,WRITE,TIME,False
local_deep_clean_val/WRITE/WRITE_4bcab3db,WRITE,NIGHT,False
local_deep_clean_val/WRITE/WRITE_4e7647e4,WRITE,TIME,False
local_deep_clean_val/WRITE/WRITE_4f61dc2a,WRITE,NEED,False
local_deep_clean_val/WRITE/WRITE_55a1c415,WRITE,NIGHT,False
local_deep_clean_val/WRITE/WRITE_5aa5474e,WRITE,DOCTOR,False
local_deep_clean_val/WRITE/WRITE_6a4e6c85,WRITE,DOCTOR,False
local_deep_clean_val/WRITE/WRITE_73b2a212,WRITE,HOT,False
local_deep_clean_val/WRITE/WRITE_75d51120,WRITE,WRITE,True
local_deep_clean_val/WRITE/WRITE_7bdd07a8,WRITE,NAME,False
local_deep_clean_val/WRITE/WRITE_8055204b,WRITE,WRITE,True
local_deep_clean_val/WRITE/WRITE_80e3154c,WRITE,NAME,False
local_deep_clean_val/WRITE/WRITE_853e8221,WRITE,DOCTOR,False
local_deep_clean_val/WRITE/WRITE_8af9f0a0,WRITE,MORE,False
local_deep_clean_val/WRITE/WRITE_8c1914cc,WRITE,CHILD,False
local_deep_clean_val/WRITE/WRITE_94cb4fff,WRITE,CHILD,False
local_deep_clean_val/WRITE/WRITE_953ebccb,WRITE,WORK,False
local_deep_clean_val/WRITE/WRITE_99c90187,WRITE,TIME,False
local_deep_clean_val/WRITE/WRITE_WRITE_14,WRITE,STOP,False
local_deep_clean_val/WRITE/WRITE_WRITE_3,WRITE,GO,False
local_deep_clean_val/WRITE/WRITE_WRITE_5,WRITE,WEEK,False
local_deep_clean_val/WRITE/WRITE_WRITE_8,WRITE,FRIEND,False
local_deep_clean_val/WRITE/WRITE_b3b9392e,WRITE,TIME,False
local_deep_clean_val/WRITE/WRITE_b79455df,WRITE,NAME,False
local_deep_clean_val/WRITE/WRITE_c1bbb94f,WRITE,CHILD,False
local_deep_clean_val/WRITE/WRITE_d7b4eb63,WRITE,CHILD,False
local_deep_clean_val/WRITE/WRITE_e20b8568,WRITE,MAKE,False
local_deep_clean_val/WRITE/WRITE_ebe19d11,WRITE,WRITE,True
local_deep_clean_val/YEAR/YEAR_0750f231,YEAR,YEAR,True
local_deep_clean_val/YEAR/YEAR_13db0b34,YEAR,YEAR,True
local_deep_clean_val/YEAR/YEAR_14318378,YEAR,YEAR,True
local_deep_clean_val/YEAR/YEAR_17c72ab7,YEAR,YEAR,True
local_deep_clean_val/YEAR/YEAR_1a039687,YEAR,YEAR,True
local_deep_clean_val/YEAR/YEAR_2f807500,YEAR,YEAR,True
local_deep_clean_val/YEAR/YEAR_3cb023be,YEAR,YEAR,True
local_deep_clean_val/YEAR/YEAR_46dfb169,YEAR,LOVE,False
local_deep_clean_val/YEAR/YEAR_4af165c2,YEAR,YEAR,True
local_deep_clean_val/YEAR/YEAR_4c6f7e36,YEAR,YEAR,True
local_deep_clean_val/YEAR/YEAR_5212f29f,YEAR,YEAR,True
local_deep_clean_val/YEAR/YEAR_548a9fb6,YEAR,YEAR,True
local_deep_clean_val/YEAR/YEAR_5767473d,YEAR,MAKE,False
local_deep_clean_val/YEAR/YEAR_592833ff,YEAR,YEAR,True
local_deep_clean_val/YEAR/YEAR_5daac6da,YEAR,YEAR,True
local_deep_clean_val/YEAR/YEAR_661e8881,YEAR,YEAR,True
local_deep_clean_val/YEAR/YEAR_7356901b,YEAR,YEAR,True
local_deep_clean_val/YEAR/YEAR_80bbf9e8,YEAR,MAKE,False
local_deep_clean_val/YEAR/YEAR_84ae0900,YEAR,YEAR,True
local_deep_clean_val/YEAR/YEAR_859b2ec2,YEAR,YEAR,True
local_deep_clean_val/YEAR/YEAR_9f2c619c,YEAR,YEAR,True
local_deep_clean_val/YEAR/YEAR_YEAR_24,YEAR,MAKE,False
local_deep_clean_val/YEAR/YEAR_YEAR_3,YEAR,MAKE,False
local_deep_clean_val/YEAR/YEAR_b5322fd5,YEAR,YEAR,True
local_deep_clean_val/YEAR/YEAR_b8e88bc3,YEAR,YEAR,True
local_deep_clean_val/YEAR/YEAR_c4c349df,YEAR,MAKE,False
local_deep_clean_val/YEAR/YEAR_cea5ed77,YEAR,YEAR,True
local_deep_clean_val/YEAR/YEAR_de1a00d1,YEAR,YEAR,True
local_deep_clean_val/YEAR/YEAR_e24e59e4,YEAR,YEAR,True
local_deep_clean_val/YEAR/YEAR_ef757a5d,YEAR,MAKE,False
local_deep_clean_val/YEAR/YEAR_f55c0d71,YEAR,YEAR,True
local_deep_clean_val/YEAR/YEAR_msasl_-QZYGYEZlQg_5,YEAR,YEAR,True
local_deep_clean_val/YES/YES_1190f409,YES,YES,True
local_deep_clean_val/YES/YES_11d2cbd2,YES,YES,True
local_deep_clean_val/YES/YES_14208d59,YES,YES,True
local_deep_clean_val/YES/YES_191b29d5,YES,YES,True
local_deep_clean_val/YES/YES_2938472a,YES,YES,True
local_deep_clean_val/YES/YES_3e62acc6,YES,YES,True
local_deep_clean_val/YES/YES_4632dfa1,YES,CHILD,False
local_deep_clean_val/YES/YES_57e60971,YES,YES,True
local_deep_clean_val/YES/YES_599db9ec,YES,YES,True
local_deep_clean_val/YES/YES_6179ae98,YES,YES,True
local_deep_clean_val/YES/YES_6757fdac,YES,YES,True
local_deep_clean_val/YES/YES_79d216db,YES,YES,True
local_deep_clean_val/YES/YES_830e64d0,YES,YES,True
local_deep_clean_val/YES/YES_877fcfc4,YES,YES,True
local_deep_clean_val/YES/YES_8a166b09,YES,YES,True
local_deep_clean_val/YES/YES_9d16156b,YES,YES,True
local_deep_clean_val/YES/YES_9d51398f,YES,YES,True
local_deep_clean_val/YES/YES_9e18a1bc,YES,YES,True
local_deep_clean_val/YES/YES_YES_10,YES,YES,True
local_deep_clean_val/YES/YES_YES_17,YES,YES,True
local_deep_clean_val/YES/YES_YES_18,YES,YES,True
local_deep_clean_val/YES/YES_YES_19,YES,YES,True
local_deep_clean_val/YES/YES_YES_25,YES,YES,True
local_deep_clean_val/YES/YES_a07d92a3,YES,YES,True
local_deep_clean_val/YES/YES_aa775c93,YES,YES,True
local_deep_clean_val/YES/YES_b33c3f52,YES,YES,True
local_deep_clean_val/YES/YES_b8efba48,YES,TOMORROW,False
local_deep_clean_val/YES/YES_bf4bb8bb,YES,YES,True
local_deep_clean_val/YES/YES_c289709b,YES,YES,True
local_deep_clean_val/YES/YES_c65b19b6,YES,YES,True
local_deep_clean_val/YES/YES_cd288e85,YES,YES,True
local_deep_clean_val/YES/YES_cd84bc6b,YES,YES,True
local_deep_clean_val/YES/YES_ce72cba1,YES,YES,True
local_deep_clean_val/YES/YES_d881d705,YES,YES,True
local_deep_clean_val/YES/YES_dc41a601,YES,NEED,False
local_deep_clean_val/YES/YES_e8abdb9a,YES,YES,True
local_deep_clean_val/YES/YES_f017b9ee,YES,YES,True
local_deep_clean_val/YES/YES_f3fc57a8,YES,YES,True
local_deep_clean_val/YES/YES_f5a8ef4f,YES,YES,True
local_deep_clean_val/YES/YES_f77af646,YES,CHILD,False
local_deep_clean_val/YESTERDAY/YESTERDAY_0850817f,YESTERDAY,HOME,False
local_deep_clean_val/YESTERDAY/YESTERDAY_0c236845,YESTERDAY,YESTERDAY,True
local_deep_clean_val/YESTERDAY/YESTERDAY_0d558a2c,YESTERDAY,YESTERDAY,True
local_deep_clean_val/YESTERDAY/YESTERDAY_14cc05ac,YESTERDAY,TOMORROW,False
local_deep_clean_val/YESTERDAY/YESTERDAY_15fefc62,YESTERDAY,TOMORROW,False
local_deep_clean_val/YESTERDAY/YESTERDAY_20ca2baa,YESTERDAY,YESTERDAY,True
local_deep_clean_val/YESTERDAY/YESTERDAY_25fcac56,YESTERDAY,YESTERDAY,True
local_deep_clean_val/YESTERDAY/YESTERDAY_38ae7be6,YESTERDAY,TOMORROW,False
local_deep_clean_val/YESTERDAY/YESTERDAY_3a6d7af7,YESTERDAY,TOMORROW,False
local_deep_clean_val/YESTERDAY/YESTERDAY_421539d7,YESTERDAY,YESTERDAY,True
local_deep_clean_val/YESTERDAY/YESTERDAY_5709e257,YESTERDAY,NEED,False
local_deep_clean_val/YESTERDAY/YESTERDAY_64918f9a,YESTERDAY,YESTERDAY,True
local_deep_clean_val/YESTERDAY/YESTERDAY_6939768a,YESTERDAY,NEED,False
local_deep_clean_val/YESTERDAY/YESTERDAY_6e9786e4,YESTERDAY,TOMORROW,False
local_deep_clean_val/YESTERDAY/YESTERDAY_763a3563,YESTERDAY,YESTERDAY,True
local_deep_clean_val/YESTERDAY/YESTERDAY_87fbdb3c,YESTERDAY,TOMORROW,False
local_deep_clean_val/YESTERDAY/YESTERDAY_9c3c67d8,YESTERDAY,HOME,False
local_deep_clean_val/YESTERDAY/YESTERDAY_YESTERDAY_10,YESTERDAY,YESTERDAY,True
local_deep_clean_val/YESTERDAY/YESTERDAY_YESTERDAY_15,YESTERDAY,YESTERDAY,True
local_deep_clean_val/YESTERDAY/YESTERDAY_YESTERDAY_21,YESTERDAY,YESTERDAY,True
local_deep_clean_val/YESTERDAY/YESTERDAY_YESTERDAY_24,YESTERDAY,YESTERDAY,True
local_deep_clean_val/YESTERDAY/YESTERDAY_a23dc94c,YESTERDAY,YESTERDAY,True
local_deep_clean_val/YESTERDAY/YESTERDAY_a28a02ae,YESTERDAY,YESTERDAY,True
local_deep_clean_val/YESTERDAY/YESTERDAY_a72fd6b7,YESTERDAY,YESTERDAY,True
local_deep_clean_val/YESTERDAY/YESTERDAY_b57fe380,YESTERDAY,TOMORROW,False
local_deep_clean_val/YESTERDAY/YESTERDAY_b58f3298,YESTERDAY,YESTERDAY,True
local_deep_clean_val/YESTERDAY/YESTERDAY_b5c53656,YESTERDAY,YESTERDAY,True
local_deep_clean_val/YESTERDAY/YESTERDAY_bb7b4a32,YESTERDAY,YESTERDAY,True
local_deep_clean_val/YESTERDAY/YESTERDAY_bec68420,YESTERDAY,YESTERDAY,True
local_deep_clean_val/YESTERDAY/YESTERDAY_c6f5df58,YESTERDAY,TOMORROW,False
local_deep_clean_val/YESTERDAY/YESTERDAY_ca02d4bb,YESTERDAY,YESTERDAY,True
local_deep_clean_val/YESTERDAY/YESTERDAY_d2ffd894,YESTERDAY,YESTERDAY,True
local_deep_clean_val/YESTERDAY/YESTERDAY_d4d19992,YESTERDAY,YESTERDAY,True
local_deep_clean_val/YESTERDAY/YESTERDAY_db1be616,YESTERDAY,YESTERDAY,True
local_deep_clean_val/YESTERDAY/YESTERDAY_dd0f7cdb,YESTERDAY,YESTERDAY,True
local_deep_clean_val/YESTERDAY/YESTERDAY_e400c601,YESTERDAY,YESTERDAY,True
local_deep_clean_val/YESTERDAY/YESTERDAY_e5b8a2b8,YESTERDAY,YES,False
local_deep_clean_val/YESTERDAY/YESTERDAY_e703c353,YESTERDAY,YESTERDAY,True
local_deep_clean_val/YESTERDAY/YESTERDAY_e88bf5d9,YESTERDAY,YESTERDAY,True
local_deep_clean_val/YESTERDAY/YESTERDAY_f55d4308,YESTERDAY,YESTERDAY,True
local_deep_clean_val/YOU/YOU_11de3e44,YOU,YOU,True
local_deep_clean_val/YOU/YOU_12b86ead,YOU,YOU,True
local_deep_clean_val/YOU/YOU_2668c6b2,YOU,YOU,True
local_deep_clean_val/YOU/YOU_305573d2,YOU,YOU,True
local_deep_clean_val/YOU/YOU_383f94b8,YOU,YOU,True
local_deep_clean_val/YOU/YOU_4746c079,YOU,NEED,False
local_deep_clean_val/YOU/YOU_56c8645d,YOU,YOU,True
local_deep_clean_val/YOU/YOU_63a5efa9,YOU,ASK,False
local_deep_clean_val/YOU/YOU_69bb6858,YOU,YESTERDAY,False
local_deep_clean_val/YOU/YOU_6cfba708,YOU,YOU,True
local_deep_clean_val/YOU/YOU_8ca14b65,YOU,YES,False
local_deep_clean_val/YOU/YOU_98423cd3,YOU,NEED,False
local_deep_clean_val/YOU/YOU_9f847292,YOU,YOU,True
local_deep_clean_val/YOU/YOU_YOU_17,YOU,FRIEND,False
local_deep_clean_val/YOU/YOU_YOU_2,YOU,NAME,False
local_deep_clean_val/YOU/YOU_YOU_3,YOU,NAME,False
local_deep_clean_val/YOU/YOU_ad0f1203,YOU,YOU,True
local_deep_clean_val/YOU/YOU_b26fb226,YOU,YOU,True
local_deep_clean_val/YOU/YOU_c1d0ed55,YOU,YOU,True
local_deep_clean_val/YOU/YOU_c5d471f2,YOU,NEED,False
local_deep_clean_val/YOU/YOU_e3d51c1e,YOU,YOU,True
local_deep_clean_val/YOU/YOU_ea5695fd,YOU,YOU,True
local_deep_clean_val/YOU/YOU_f4b23b1d,YOU,YOU,True
local_deep_clean_val/YOU/YOU_f79922c2,YOU,YOU,True
local_deep_clean_val/YOUR/YOUR_098e9d5c,YOUR,YOUR,True
local_deep_clean_val/YOUR/YOUR_0b038840,YOUR,YOUR,True
local_deep_clean_val/YOUR/YOUR_1aaa4a60,YOUR,YOUR,True
local_deep_clean_val/YOUR/YOUR_20e44665,YOUR,WHY,False
local_deep_clean_val/YOUR/YOUR_289cf85c,YOUR,YOUR,True
local_deep_clean_val/YOUR/YOUR_3175b1ed,YOUR,YOUR,True
local_deep_clean_val/YOUR/YOUR_3af92d75,YOUR,YOUR,True
local_deep_clean_val/YOUR/YOUR_62fcc2db,YOUR,YOUR,True
local_deep_clean_val/YOUR/YOUR_633f3b4c,YOUR,YOUR,True
local_deep_clean_val/YOUR/YOUR_68d11f88,YOUR,MORNING,False
local_deep_clean_val/YOUR/YOUR_6ca6d7c7,YOUR,IMPORTANT,False
local_deep_clean_val/YOUR/YOUR_7911d276,YOUR,YOUR,True
local_deep_clean_val/YOUR/YOUR_7d70b57a,YOUR,YOUR,True
local_deep_clean_val/YOUR/YOUR_807b05e4,YOUR,SMALL,False
local_deep_clean_val/YOUR/YOUR_838be356,YOUR,MORNING,False
local_deep_clean_val/YOUR/YOUR_872c6900,YOUR,HELLO,False
local_deep_clean_val/YOUR/YOUR_917448c4,YOUR,MAYBE,False
local_deep_clean_val/YOUR/YOUR_92e2573f,YOUR,YOUR,True
local_deep_clean_val/YOUR/YOUR_944cb917,YOUR,YOUR,True
local_deep_clean_val/YOUR/YOUR_95b93354,YOUR,YOUR,True
local_deep_clean_val/YOUR/YOUR_YOUR_12,YOUR,YOUR,True
local_deep_clean_val/YOUR/YOUR_YOUR_8,YOUR,YOUR,True
local_deep_clean_val/YOUR/YOUR_a308a15a,YOUR,YOUR,True
local_deep_clean_val/YOUR/YOUR_a4eceffe,YOUR,YOUR,True
local_deep_clean_val/YOUR/YOUR_bdf6142f,YOUR,MOTHER,False
local_deep_clean_val/YOUR/YOUR_bf0057b3,YOUR,YOUR,True
local_deep_clean_val/YOUR/YOUR_dd0e1c52,YOUR,YOUR,True
local_deep_clean_val/YOUR/YOUR_e2b782f4,YOUR,YOUR,True
local_deep_clean_val/YOUR/YOUR_ed0d041c,YOUR,SEE,False
local_deep_clean_val/YOUR/YOUR_efa0e133,YOUR,YOUR,True
local_deep_clean_val/YOUR/YOUR_efd621b2,YOUR,YOUR,True
local_deep_clean_val/YOUR/YOUR_f09789fd,YOUR,MOTHER,False
local_deep_clean_val/YOUR/YOUR_f5b631fc,YOUR,YOUR,True
local_deep_clean_val/YOUR/YOUR_f72019d9,YOUR,MOTHER,False
local_deep_clean_val/YOUR/YOUR_fc5ddd59,YOUR,YOUR,True
local_deep_clean_val/YOUR/YOUR_fd60c14d,YOUR,SMALL,False
local_deep_clean_val/YOUR/YOUR_ff3162c6,YOUR,WHY,False
