canonical_label,citizen_raw_gloss,citizen_asl_lex_code,lexical_tier,source_kind,raw_path,crop_path,width,height,frames,fps,duration_seconds,brightness,clipped_fraction,sharpness,quality_score,appearance_min_distance,selection_rank,training_eligible,feature_path,raw_sha256,duplicate_of,observed_hand_frame_fraction,hand_presence_fraction,face_presence_fraction,body_presence_fraction,citizen_only_prediction,citizen_only_top5,citizen_only_true_probability,balanced_prediction,balanced_top5,balanced_true_probability,consensus_tier
ANGRY,ANGRY,B_01_070,canonical_and_pinned_raw_text_equal,local_hex_unknown_session,data/raw_videos/ASL VIDEOS/ANGRY/766ebe9e.mp4,data/local/ASL_hand_crops_av/ANGRY_766ebe9e.jpg,640,480,28,30.0,0.9333333333333333,74.9739990234375,0.0,235.2626953125,0.8651218761221093,0.22103196382522583,5,False,data/local/local_citizen100_quality_audit_q82_cap14_exact/landmarks/ANGRY/766ebe9e.v17.npz,e2221b3874c8b3df9416f6623f4224a51651dce2da70e811295c317d250c7fa5,,0.84,0.7822265625,0.6875,0.0625,ANGRY,ANGRY|EXCITED|WAIT|WANT|WHY,0.8705533742904663,ANGRY,ANGRY|EXCITED|HAPPY|EASY|SIGN,0.9530770778656006,tier_a_dual_top1
ANGRY,ANGRY,B_01_070,canonical_and_pinned_raw_text_equal,local_hex_unknown_session,data/raw_videos/ASL VIDEOS/ANGRY/b9a70dbf.mp4,data/local/ASL_hand_crops_av/ANGRY_b9a70dbf.jpg,640,480,35,30.0,1.1666666666666667,101.616943359375,0.0,302.6172790527344,0.9419838869000536,0.09361541271209717,9,False,data/local/local_citizen100_quality_audit_q82_cap14_exact/landmarks/ANGRY/b9a70dbf.v17.npz,c00e601a6a137fb0b44432e05628c43d32125f17711652eee1e15e5e5271133b,,0.8709677419354839,0.8369140625,0.5625,0.5625,ANGRY,ANGRY|EXCITED|SIGN|HAVE|BIG,0.7517384886741638,ANGRY,ANGRY|SIGN|HAPPY|HAVE|EXCITED,0.8787768483161926,tier_a_dual_top1
ANGRY,ANGRY,B_01_070,canonical_and_pinned_raw_text_equal,local_hex_unknown_session,data/raw_videos/ASL VIDEOS/ANGRY/4bfed7fa.mp4,data/local/ASL_hand_crops_av/ANGRY_4bfed7fa.jpg,640,480,31,30.0,1.0333333333333334,72.45428466796875,0.0,160.51947021484375,0.8450086188010618,0.13058948516845703,8,False,data/local/local_citizen100_quality_audit_q82_cap14_exact/landmarks/ANGRY/4bfed7fa.v17.npz,e288d275617c7e2c2b465712c0105962340f91319a5e055f244bac7ed849157a,,0.8571428571428571,0.83935546875,0.59375,0.3828125,ANGRY,ANGRY|EXCITED|HAVE|SIGN|EASY,0.5908961892127991,ANGRY,ANGRY|HAPPY|SIGN|EXCITED|HAVE,0.8791658878326416,tier_a_dual_top1
ANGRY,ANGRY,B_01_070,canonical_and_pinned_raw_text_equal,local_hex_unknown_session,data/raw_videos/ASL VIDEOS/ANGRY/49d3ea81.mp4,data/local/ASL_hand_crops_av/ANGRY_49d3ea81.jpg,640,480,26,30.0,0.8666666666666667,76.77728271484375,0.0,252.94683837890625,0.8680880206844068,0.09798860549926758,10,False,data/local/local_citizen100_quality_audit_q82_cap14_exact/landmarks/ANGRY/49d3ea81.v17.npz,a4fdfc263054c7d89754cd7bcc3571ad553caca157f2bea49fba479a772592ec,,0.8260869565217391,0.76953125,0.75,0.5703125,ANGRY,ANGRY|WAIT|WANT|NOW|EXCITED,0.2801394462585449,ANGRY,ANGRY|EASY|EXCITED|HAPPY|TIRED,0.7662981748580933,tier_a_dual_top1
ANSWER,ANSWER,E_03_065,canonical_and_pinned_raw_text_equal,local_hex_unknown_session,data/raw_videos/ASL VIDEOS/ANSWER/cc98f948.mp4,data/local/ASL_hand_crops_av/ANSWER_cc98f948.jpg,640,480,57,30.0,1.9,82.8680419921875,0.0,504.6161193847656,0.9440113388220829,0.2507730722427368,9,False,data/local/local_citizen100_quality_audit_q82_cap14_exact/landmarks/ANSWER/cc98f948.v17.npz,276b265074eece4f83389256b52d8786684380a01734be31ae36fd8d25fdbd8a,,1.0,0.76025390625,1.0,0.21875,ANSWER,ANSWER|WHEN|FRIEND|WEEK|YOU,0.5484533309936523,ANSWER,ANSWER|WEEK|FRIEND|ASK|YOU,0.48041224479675293,tier_a_dual_top1
ANSWER,ANSWER,E_03_065,canonical_and_pinned_raw_text_equal,local_hex_unknown_session,data/raw_videos/ASL VIDEOS/ANSWER/cb0377be.mp4,data/local/ASL_hand_crops_av/ANSWER_cb0377be.jpg,640,480,44,30.0,1.4666666666666666,57.36688232421875,0.21295166015625,1595.3458251953125,0.8621098253597632,0.46232080459594727,4,False,data/local/local_citizen100_quality_audit_q82_cap14_exact/landmarks/ANSWER/cb0377be.v17.npz,84f70cdc56623ffdd2c6e2441ce93101ef4bfb0042d8deb8921d1de53cdefe31,,0.9487179487179487,0.87060546875,0.8125,0.5703125,ANSWER,ANSWER|WHEN|HOW|FRIEND|GO,0.669512152671814,ANSWER,ANSWER|GO|FAMILY|READ|DIFFERENT,0.4535384476184845,tier_a_dual_top1
ANSWER,ANSWER,E_03_065,canonical_and_pinned_raw_text_equal,local_numbered_single_session,data/raw_videos/ASL VIDEOS/ANSWER/ANSWER_12.mp4,data/local/ASL_hand_crops_av/ANSWER_ANSWER_12.jpg,640,480,58,30.0,1.9333333333333333,127.0970458984375,0.0,2067.6953125,0.993234977108659,,1,False,data/local/local_citizen100_quality_audit_q82_cap14_exact/landmarks/ANSWER/ANSWER_12.v17.npz,867b0b4be317e1a21a0af0584ac6ca02aa550bc10a42aaad013a970c3d511729,,0.9069767441860465,0.78857421875,0.78125,0.6875,ANSWER,ANSWER|WHEN|GO|FRIEND|DIFFERENT,0.3259129226207733,ANSWER,ANSWER|GO|WHEN|SIGN|FRIEND,0.6648557782173157,tier_a_dual_top1
ASK,ASK,B_02_023,canonical_and_pinned_raw_text_equal,local_hex_unknown_session,data/raw_videos/ASL VIDEOS/ASK/655e9d8d.mp4,data/local/ASL_hand_crops_av/ASK_655e9d8d.jpg,640,480,15,30.0,0.5,134.4691162109375,0.06707763671875,3396.783203125,0.9198217360964551,0.3075908422470093,4,False,data/local/local_citizen100_quality_audit_q82_cap14_exact/landmarks/ASK/655e9d8d.v17.npz,e97292ca8e4c80770261abf803a26f795b2766ddf6b4e171fba64d3543f41ec5,,1.0,0.5,0.59375,0.0,ASK,ASK|YOU|ANSWER|WHO|USE,0.4804653525352478,ASK,ASK|YOU|THEY|NEED|ANSWER,0.6564342379570007,tier_a_dual_top1
ASK,ASK,B_02_023,canonical_and_pinned_raw_text_equal,local_hex_unknown_session,data/raw_videos/ASL VIDEOS/ASK/20ca03ad.mp4,data/local/ASL_hand_crops_av/ASK_20ca03ad.jpg,640,480,29,30.0,0.9666666666666667,49.7808837890625,0.260498046875,768.339599609375,0.8205674147169227,0.11962062120437622,14,False,data/local/local_citizen100_quality_audit_q82_cap14_exact/landmarks/ASK/20ca03ad.v17.npz,27f38eddc77c35fbc1fbce9db0a522361a04498a6503acfa9a1d6d609b9f1c88,,1.0,0.5,0.875,0.8046875,ASK,ASK|WHO|YOU|WHERE|THINK,0.4685373306274414,ASK,ASK|WHO|YOU|WHERE|NEED,0.2833559215068817,tier_a_dual_top1
BAD,BAD,B_02_082,canonical_and_pinned_raw_text_equal,local_hex_unknown_session,data/raw_videos/ASL VIDEOS/BAD/9e855da3.mp4,data/local/ASL_hand_crops_av/BAD_9e855da3.jpg,640,480,28,30.0,0.9333333333333333,97.4283447265625,0.0,317.4654541015625,0.9242597646753037,0.6861076354980469,2,False,data/local/local_citizen100_quality_audit_q82_cap14_exact/landmarks/BAD/9e855da3.v17.npz,acf93b323644ee240e042e82ce3b02e38e62d97d063f91a74779cfd567bd1254,,1.0,0.5,0.90625,0.6796875,BAD,BAD|GOOD|WOMAN|COME|EAT,0.9344357252120972,BAD,BAD|LESS|COME|GOODBYE|GIVE,0.9545692801475525,tier_a_dual_top1
BAD,BAD,B_02_082,canonical_and_pinned_raw_text_equal,local_hex_unknown_session,data/raw_videos/ASL VIDEOS/BAD/86df7502.mp4,data/local/ASL_hand_crops_av/BAD_86df7502.jpg,640,480,37,30.0,1.2333333333333334,76.3548583984375,0.0,194.23031616210938,0.874844413781158,0.1428302526473999,8,False,data/local/local_citizen100_quality_audit_q82_cap14_exact/landmarks/BAD/86df7502.v17.npz,7d810ff199cf70c1849bb654089e919656b5f3b83e80bc5d5a3349745b9e239e,,0.9375,0.46728515625,0.78125,0.71875,BAD,BAD|GOOD|HUNGRY|TALK|OUR,0.9140664339065552,BAD,BAD|HOT|GIVE|GOODBYE|COME,0.9528805613517761,tier_a_dual_top1
BAD,BAD,B_02_082,canonical_and_pinned_raw_text_equal,local_hex_unknown_session,data/raw_videos/ASL VIDEOS/BAD/3cdd930d.mp4,data/local/ASL_hand_crops_av/BAD_3cdd930d.jpg,640,480,23,30.0,0.7666666666666667,86.4512939453125,0.0,209.76922607421875,0.869143500406999,0.10133743286132812,12,False,data/local/local_citizen100_quality_audit_q82_cap14_exact/landmarks/BAD/3cdd930d.v17.npz,726f20bcdf979399ac3960e56e95f84c6e43eba4522b3c947b478886d929d196,,1.0,0.5,0.75,0.65625,BAD,BAD|GOOD|EAT|THANKYOU|COME,0.9032487869262695,BAD,BAD|THANKYOU|GIVE|COME|GOODBYE,0.9300450086593628,tier_a_dual_top1
BAD,BAD,B_02_082,canonical_and_pinned_raw_text_equal,local_hex_unknown_session,data/raw_videos/ASL VIDEOS/BAD/7e3ac1f2.mp4,data/local/ASL_hand_crops_av/BAD_7e3ac1f2.jpg,640,480,23,30.0,0.7666666666666667,88.0380859375,0.0,222.97352600097656,0.8755449424242494,0.11600017547607422,11,False,data/local/local_citizen100_quality_audit_q82_cap14_exact/landmarks/BAD/7e3ac1f2.v17.npz,852b7872e93b60d6dff704b642d96cbe718c3bdbbf224c0013d4b66af94a1c58,,1.0,0.5,0.75,0.75,BAD,BAD|GOOD|HAPPY|COME|CHILD,0.8875930309295654,BAD,BAD|COME|GOODBYE|THANKYOU|GIVE,0.9470171928405762,tier_a_dual_top1
BAD,BAD,B_02_082,canonical_and_pinned_raw_text_equal,local_hex_unknown_session,data/raw_videos/ASL VIDEOS/BAD/3ce897ef.mp4,data/local/ASL_hand_crops_av/BAD_3ce897ef.jpg,640,480,23,30.0,0.7666666666666667,95.61859130859375,0.0,297.3377380371094,0.9048083995728711,0.11401879787445068,10,False,data/local/local_citizen100_quality_audit_q82_cap14_exact/landmarks/BAD/3ce897ef.v17.npz,147da010eca150a19e6dfa25d4322ba8b4791af499fdcc7441bf20f16582b7e8,,1.0,0.5,0.75,0.578125,BAD,BAD|HOT|GIVE|GOOD|THANKYOU,0.7784597873687744,BAD,BAD|GIVE|HOT|THANKYOU|EAT,0.7086244225502014,tier_a_dual_top1
BAD,BAD,B_02_082,canonical_and_pinned_raw_text_equal,local_hex_unknown_session,data/raw_videos/ASL VIDEOS/BAD/16cc65c1.mp4,data/local/ASL_hand_crops_av/BAD_16cc65c1.jpg,640,480,21,30.0,0.7,92.27618408203125,0.0,289.0340270996094,0.892019837379457,0.08831465244293213,14,False,data/local/local_citizen100_quality_audit_q82_cap14_exact/landmarks/BAD/16cc65c1.v17.npz,907b3f7286806d020a1858eb25894864d7715cae3b8805e39bc968351267186d,,0.9523809523809523,0.5,0.8125,0.8125,BAD,BAD|GOOD|THANKYOU|HAPPY|EAT,0.8490205407142639,BAD,BAD|THANKYOU|EAT|GOOD|GIVE,0.6512100100517273,tier_a_dual_top1
BAD,BAD,B_02_082,canonical_and_pinned_raw_text_equal,local_hex_unknown_session,data/raw_videos/ASL VIDEOS/BAD/56153e3d.mp4,data/local/ASL_hand_crops_av/BAD_56153e3d.jpg,640,480,22,30.0,0.7333333333333333,54.301025390625,0.15283203125,1179.46728515625,0.8246381718028993,0.38809454441070557,5,False,data/local/local_citizen100_quality_audit_q82_cap14_exact/landmarks/BAD/56153e3d.v17.npz,963d9dad08719ecc4feed0589dc315888bd4bd891efa8f6fb928f606bf6124b1,,1.0,0.5,0.78125,0.4921875,BAD,BAD|HOT|GOOD|THANKYOU|HUNGRY,0.4733961820602417,BAD,BAD|HOT|THANKYOU|GOOD|GIVE,0.5453997850418091,tier_a_dual_top1
BAD,BAD,B_02_082,canonical_and_pinned_raw_text_equal,local_hex_unknown_session,data/raw_videos/ASL VIDEOS/BAD/419cf875.mp4,data/local/ASL_hand_crops_av/BAD_419cf875.jpg,640,480,15,30.0,0.5,135.5633544921875,0.0250244140625,1988.530517578125,0.9298739746495899,0.42962557077407837,3,False,data/local/local_citizen100_quality_audit_q82_cap14_exact/landmarks/BAD/419cf875.v17.npz,6d43c68d640c2b09d46c04e3e1723a97c0eac6c944b5d0e5c2b7a40ff41039e0,,1.0,0.49560546875,0.59375,0.1640625,BAD,BAD|THANKYOU|STOP|MAYBE|GOOD,0.3092007637023926,BAD,BAD|THANKYOU|GIVE|WHY|HELLO,0.6467961072921753,tier_a_dual_top1
BIG,BIG,F_02_054,canonical_and_pinned_raw_text_equal,local_hex_unknown_session,data/raw_videos/ASL VIDEOS/BIG/ecb0b1fa.mp4,data/local/ASL_hand_crops_av/BIG_ecb0b1fa.jpg,640,480,54,30.0,1.8,108.77642822265625,0.00433349609375,1834.4814453125,0.9864761602449401,,1,False,data/local/local_citizen100_quality_audit_q82_cap14_exact/landmarks/BIG/ecb0b1fa.v17.npz,dcd8f5ddd2fb325ab3137d70629a82bf2c7c213c492ebf3f1539caa453f68e79,,0.9111111111111111,0.82421875,0.90625,0.765625,BIG,BIG|LANGUAGE|TRY|EXCITED|WRITE,0.3682789206504822,BIG,BIG|LANGUAGE|TRY|GO|DIFFERENT,0.8504573106765747,tier_a_dual_top1
CHILD,CHILD,F_03_101,canonical_and_pinned_raw_text_equal,local_hex_unknown_session,data/raw_videos/ASL VIDEOS/CHILD/82b33256.mp4,data/local/ASL_hand_crops_av/CHILD_82b33256.jpg,640,480,17,30.0,0.5666666666666667,98.4486083984375,0.0,127.35419464111328,0.8441195334130788,0.26707983016967773,7,False,data/local/local_citizen100_quality_audit_q82_cap14_exact/landmarks/CHILD/82b33256.v17.npz,f09d8c1f808d878486e25642d3307ce17bff3050b9e8ebedf3c906f623495cf4,,1.0,0.49853515625,1.0,1.0,CHILD,CHILD|NEED|COME|MAYBE|HE,0.8369088172912598,CHILD,CHILD|YES|WHY|COME|GIVE,0.8875049352645874,tier_a_dual_top1
CHILD,CHILD,F_03_101,canonical_and_pinned_raw_text_equal,local_hex_unknown_session,data/raw_videos/ASL VIDEOS/CHILD/2f2ca3ea.mp4,data/local/ASL_hand_crops_av/CHILD_2f2ca3ea.jpg,640,480,16,30.0,0.5333333333333333,96.705322265625,0.0,121.5369873046875,0.835782093359517,0.17196440696716309,10,False,data/local/local_citizen100_quality_audit_q82_cap14_exact/landmarks/CHILD/2f2ca3ea.v17.npz,ed39607d9658c7ad9282c138abe148267c26ff4fdf31db5c8cda5bec7bcc41ae,,0.8125,0.3720703125,0.5625,0.296875,CHILD,CHILD|NEED|YES|GOODBYE|COME,0.7548975348472595,CHILD,CHILD|GOODBYE|WHY|YES|COME,0.8641738295555115,tier_a_dual_top1
CHILD,CHILD,F_03_101,canonical_and_pinned_raw_text_equal,local_hex_unknown_session,data/raw_videos/ASL VIDEOS/CHILD/1e96e6bf.mp4,data/local/ASL_hand_crops_av/CHILD_1e96e6bf.jpg,640,480,19,30.0,0.6333333333333333,110.5069580078125,0.0,162.78895568847656,0.8786106416798294,0.39858996868133545,4,False,data/local/local_citizen100_quality_audit_q82_cap14_exact/landmarks/CHILD/1e96e6bf.v17.npz,cafce80e7d900914b1d798fa82fbaeb2b46a7c67744d21704d73891a6d2427a3,,1.0,0.5,0.90625,0.25,CHILD,CHILD|GOODBYE|YES|NO|HOME,0.7548277974128723,CHILD,CHILD|GOODBYE|WHY|BAD|LESS,0.9036803245544434,tier_a_dual_top1
CHILD,CHILD,F_03_101,canonical_and_pinned_raw_text_equal,local_hex_unknown_session,data/raw_videos/ASL VIDEOS/CHILD/90c944c7.mp4,data/local/ASL_hand_crops_av/CHILD_90c944c7.jpg,640,480,43,30.0,1.4333333333333333,60.5489501953125,0.135009765625,277.19061279296875,0.8457929721614201,0.44878971576690674,3,False,data/local/local_citizen100_quality_audit_q82_cap14_exact/landmarks/CHILD/90c944c7.v17.npz,5392396feeda4b469db10973b41b901ce4b2b3d3f79d25464d3e94ecde233bee,,0.9444444444444444,0.458984375,0.90625,0.8515625,CHILD,CHILD|GOODBYE|NEED|YES|WHY,0.7005746364593506,CHILD,CHILD|YES|GOODBYE|NEED|WHY,0.9240577220916748,tier_a_dual_top1
CHILD,CHILD,F_03_101,canonical_and_pinned_raw_text_equal,local_hex_unknown_session,data/raw_videos/ASL VIDEOS/CHILD/8b99626e.mp4,data/local/ASL_hand_crops_av/CHILD_8b99626e.jpg,640,480,36,30.0,1.2,91.66644287109375,0.02032470703125,1600.1953125,0.9519537548463712,0.44826364517211914,2,False,data/local/local_citizen100_quality_audit_q82_cap14_exact/landmarks/CHILD/8b99626e.v17.npz,e374689f1db25948a9100f0281154bc24569db6161c5280036d6a1d128947fc9,,0.9166666666666666,0.48876953125,0.90625,0.34375,CHILD,CHILD|GOODBYE|MAYBE|SAME|FIND,0.7706523537635803,CHILD,CHILD|GOODBYE|MAYBE|BAD|WHY,0.6095760464668274,tier_a_dual_top1
CHILD,CHILD,F_03_101,canonical_and_pinned_raw_text_equal,local_hex_unknown_session,data/raw_videos/ASL VIDEOS/CHILD/0e114497.mp4,data/local/ASL_hand_crops_av/CHILD_0e114497.jpg,640,480,32,30.0,1.0666666666666667,95.1368408203125,0.01593017578125,1495.5963134765625,0.9514611290286896,0.13971185684204102,11,False,data/local/local_citizen100_quality_audit_q82_cap14_exact/landmarks/CHILD/0e114497.v17.npz,7455fb5a2dfa2142bfa5d0ff11f9b485866bebc61478d92634d84e0387f7c726,,0.8125,0.41357421875,0.78125,0.4609375,CHILD,CHILD|GOODBYE|MAYBE|YES|FIND,0.8210423588752747,CHILD,CHILD|GOODBYE|MAYBE|YES|FIND,0.5219818353652954,tier_a_dual_top1
COLD,COLD,C_02_068,canonical_and_pinned_raw_text_equal,local_hex_unknown_session,data/raw_videos/ASL VIDEOS/COLD/6a7a8c2d.mp4,data/local/ASL_hand_crops_av/COLD_6a7a8c2d.jpg,640,480,28,30.0,0.9333333333333333,66.07672119140625,0.07318115234375,1994.37890625,0.8758642167062323,0.24413913488388062,5,False,data/local/local_citizen100_quality_audit_q82_cap14_exact/landmarks/COLD/6a7a8c2d.v17.npz,7fbf4b679cc16cb75b95d3f9603883bd1f701afbbca2f673042371963fd7866e,,0.8695652173913043,0.703125,0.75,0.390625,COLD,COLD|NOW|TRY|BIG|SIGN,0.8803718090057373,COLD,COLD|BIG|TRY|SIGN|GO,0.8769056797027588,tier_a_dual_top1
COLD,COLD,C_02_068,canonical_and_pinned_raw_text_equal,local_numbered_single_session,data/raw_videos/ASL VIDEOS/COLD/COLD_5.mp4,data/local/ASL_hand_crops_av/COLD_COLD_5.jpg,640,480,53,30.0,1.7666666666666666,116.34124755859375,0.0,1729.35791015625,0.994555587262844,,1,False,data/local/local_citizen100_quality_audit_q82_cap14_exact/landmarks/COLD/COLD_5.v17.npz,2f5af8539d561eac75bcd6c7a1d0bc566ec88a71e9dc6e4b9380a19b453d7972,,0.9090909090909091,0.8095703125,0.90625,0.640625,COLD,COLD|TRY|CHILD|GO|YES,0.7517577409744263,COLD,COLD|CHILD|TRY|GO|NOW,0.6287088394165039,tier_a_dual_top1
COLD,COLD,C_02_068,canonical_and_pinned_raw_text_equal,local_hex_unknown_session,data/raw_videos/ASL VIDEOS/COLD/f67c76d0.mp4,data/local/ASL_hand_crops_av/COLD_f67c76d0.jpg,640,480,31,30.0,1.0333333333333334,74.25238037109375,0.08270263671875,1489.40478515625,0.8976376787908568,0.20138609409332275,6,False,data/local/local_citizen100_quality_audit_q82_cap14_exact/landmarks/COLD/f67c76d0.v17.npz,8746cf52c6ecd16c0cb9c811e72e71487bb973aba3839fae6b441bff57078b86,,0.8571428571428571,0.72119140625,0.59375,0.3125,COLD,COLD|SIGN|TIRED|HAVE|MAKE,0.7010188698768616,COLD,COLD|HAVE|MAKE|TIRED|TRY,0.5320907831192017,tier_a_dual_top1
COLD,COLD,C_02_068,canonical_and_pinned_raw_text_equal,local_hex_unknown_session,data/raw_videos/ASL VIDEOS/COLD/ddbeff35.mp4,data/local/ASL_hand_crops_av/COLD_ddbeff35.jpg,640,480,43,30.0,1.4333333333333333,87.0263671875,0.0,225.45144653320312,0.911149611621598,0.11603659391403198,12,False,data/local/local_citizen100_quality_audit_q82_cap14_exact/landmarks/COLD/ddbeff35.v17.npz,aef2ae34c2bb028a3decf5b0700d89f8d1c059f0e3a86ee758090ea4f1f0d278,,0.9024390243902439,0.84814453125,0.78125,0.78125,COLD,COLD|NOW|TIRED|TRY|HOW,0.7099961638450623,COLD,COLD|TIRED|TRY|NOW|HOW,0.4512608051300049,tier_a_dual_top1
DAY,DAY,C_01_044,canonical_and_pinned_raw_text_equal,local_hex_unknown_session,data/raw_videos/ASL VIDEOS/DAY/3de8350a.mp4,data/local/ASL_hand_crops_av/DAY_3de8350a.jpg,640,480,68,30.0,2.2666666666666666,104.07025146484375,0.0,130.48721313476562,0.8836806106081883,0.185105562210083,10,False,data/local/local_citizen100_quality_audit_q82_cap14_exact/landmarks/DAY/3de8350a.v17.npz,7c3a0c13482614f3193bb3bf55408be8cbf8741edce6b7a078b4b63c09684282,,0.9365079365079365,0.6630859375,0.875,0.875,DAY,DAY|MAN|LEARN|LESS|NIGHT,0.96773362159729,DAY,DAY|MORNING|MAN|USE|YEAR,0.940780520439148,tier_a_dual_top1
DAY,DAY,C_01_044,canonical_and_pinned_raw_text_equal,local_hex_unknown_session,data/raw_videos/ASL VIDEOS/DAY/75bc7a53.mp4,data/local/ASL_hand_crops_av/DAY_75bc7a53.jpg,640,480,40,30.0,1.3333333333333333,64.48699951171875,0.1510009765625,759.0679321289062,0.8814054018193609,0.14273428916931152,12,False,data/local/local_citizen100_quality_audit_q82_cap14_exact/landmarks/DAY/75bc7a53.v17.npz,50996291d29e35870bdec0b4818f28918b0c87892a8d53884c15a26d2ef3c0b8,,1.0,0.8447265625,0.8125,0.8125,DAY,DAY|THINK|LEARN|MORNING|YEAR,0.953782856464386,DAY,DAY|MORNING|HOSPITAL|USE|FRIEND,0.9386608004570007,tier_a_dual_top1
DAY,DAY,C_01_044,canonical_and_pinned_raw_text_equal,local_hex_unknown_session,data/raw_videos/ASL VIDEOS/DAY/43c37bcb.mp4,data/local/ASL_hand_crops_av/DAY_43c37bcb.jpg,640,480,79,30.0,2.6333333333333333,73.07061767578125,0.0,218.02459716796875,0.8262195275823484,0.49682843685150146,3,False,data/local/local_citizen100_quality_audit_q82_cap14_exact/landmarks/DAY/43c37bcb.v17.npz,0b45ee4233bb86611b54256ae51405a661742a60ffea85b9e69bcf5e76050528,,0.9452054794520548,0.70849609375,0.875,0.6015625,DAY,DAY|MAN|HOSPITAL|WE|WOMAN,0.9234042763710022,DAY,DAY|MAN|THINK|ASK|FRIEND,0.9668280482292175,tier_a_dual_top1
DAY,DAY,C_01_044,canonical_and_pinned_raw_text_equal,local_numbered_single_session,data/raw_videos/ASL VIDEOS/DAY/DAY_15.mp4,data/local/ASL_hand_crops_av/DAY_DAY_15.jpg,640,480,91,30.0,3.033333333333333,133.7037353515625,0.0,5445.67431640625,0.9051842664356087,0.30875808000564575,6,False,data/local/local_citizen100_quality_audit_q82_cap14_exact/landmarks/DAY/DAY_15.v17.npz,5d62687e28c8123f0c02114a58a0a910e03df5600d3f22fb582706f04b513c01,,0.8765432098765432,0.7841796875,0.875,0.78125,DAY,DAY|MORNING|LOVE|THINK|HOSPITAL,0.9572101831436157,DAY,DAY|MORNING|LOVE|USE|YEAR,0.9200571179389954,tier_a_dual_top1
DAY,DAY,C_01_044,canonical_and_pinned_raw_text_equal,local_hex_unknown_session,data/raw_videos/ASL VIDEOS/DAY/d5c08cc6.mp4,data/local/ASL_hand_crops_av/DAY_d5c08cc6.jpg,640,480,42,30.0,1.4,104.83355712890625,0.02947998046875,1282.13720703125,0.9761683416219882,0.6092447638511658,2,False,data/local/local_citizen100_quality_audit_q82_cap14_exact/landmarks/DAY/d5c08cc6.v17.npz,aba207efabed53b88e72fd2bfe5803adf1f78222d25682fccdabb4135e6348fa,,0.8571428571428571,0.6943359375,0.59375,0.59375,DAY,DAY|MORNING|HOSPITAL|WOMAN|MAN,0.8647111654281616,DAY,DAY|MAN|MORNING|USE|HOSPITAL,0.9211022257804871,tier_a_dual_top1
DAY,DAY,C_01_044,canonical_and_pinned_raw_text_equal,local_hex_unknown_session,data/raw_videos/ASL VIDEOS/DAY/706a0d59.mp4,data/local/ASL_hand_crops_av/DAY_706a0d59.jpg,640,480,43,30.0,1.4333333333333333,75.78643798828125,0.09124755859375,1261.1092529296875,0.9162483292845192,0.21454596519470215,8,False,data/local/local_citizen100_quality_audit_q82_cap14_exact/landmarks/DAY/706a0d59.v17.npz,8ced0c6b7fe279afdece3a4b7f92a282b2a4a6431c2bd87ea356e3816e0be43e,,0.8709677419354839,0.71435546875,0.8125,0.8125,DAY,DAY|MORNING|LEARN|MAN|THINK,0.8598759770393372,DAY,DAY|MORNING|MAN|LOVE|LEARN,0.8472608923912048,tier_a_dual_top1
DAY,DAY,C_01_044,canonical_and_pinned_raw_text_equal,local_hex_unknown_session,data/raw_videos/ASL VIDEOS/DAY/0bc64a63.mp4,data/local/ASL_hand_crops_av/DAY_0bc64a63.jpg,640,480,47,30.0,1.5666666666666667,56.46282958984375,0.19464111328125,1387.247802734375,0.8641313029739293,0.311053991317749,7,False,data/local/local_citizen100_quality_audit_q82_cap14_exact/landmarks/DAY/0bc64a63.v17.npz,491281aac07799fa3a05d7d12cb779ca16b4beeb68a122a882c62d347e41cfe0,,0.875,0.76318359375,0.8125,0.8125,DAY,DAY|LESS|THINK|MAN|LEARN,0.8321893215179443,DAY,DAY|MORNING|USE|THINK|YEAR,0.8668546676635742,tier_a_dual_top1
DAY,DAY,C_01_044,canonical_and_pinned_raw_text_equal,local_hex_unknown_session,data/raw_videos/ASL VIDEOS/DAY/3912a141.mp4,data/local/ASL_hand_crops_av/DAY_3912a141.jpg,640,480,42,30.0,1.4,91.8486328125,0.0631103515625,1101.694580078125,0.950191901143663,0.10734689235687256,14,False,data/local/local_citizen100_quality_audit_q82_cap14_exact/landmarks/DAY/3912a141.v17.npz,754b090cd36de440b1152ee7ca8d7e63fe224cdc37a446ba59dc56278ae3a06c,,0.8857142857142857,0.7666015625,0.9375,0.9375,DAY,DAY|LEARN|MORNING|WOMAN|MAN,0.8245646357536316,DAY,DAY|MORNING|USE|LOVE|MAN,0.8840650916099548,tier_a_dual_top1
DAY,DAY,C_01_044,canonical_and_pinned_raw_text_equal,local_hex_unknown_session,data/raw_videos/ASL VIDEOS/DAY/7314a8e3.mp4,data/local/ASL_hand_crops_av/DAY_7314a8e3.jpg,640,480,59,30.0,1.9666666666666666,99.94256591796875,0.0,134.62066650390625,0.8974173770753409,0.3497958779335022,4,False,data/local/local_citizen100_quality_audit_q82_cap14_exact/landmarks/DAY/7314a8e3.v17.npz,2bf2b44e1f25545d81d6c6c7e932e43f1fca9616fca51c0b6fb56eb370244d63,,0.8979591836734694,0.62060546875,0.8125,0.8125,DAY,DAY|MORNING|MAN|LEARN|WOMAN,0.7913666367530823,DAY,DAY|MORNING|MAN|USE|HOSPITAL,0.9507386088371277,tier_a_dual_top1
DAY,DAY,C_01_044,canonical_and_pinned_raw_text_equal,local_hex_unknown_session,data/raw_videos/ASL VIDEOS/DAY/2b889194.mp4,data/local/ASL_hand_crops_av/DAY_2b889194.jpg,640,480,57,30.0,1.9,79.78240966796875,0.0,95.55760955810547,0.845047526584873,0.20582258701324463,9,False,data/local/local_citizen100_quality_audit_q82_cap14_exact/landmarks/DAY/2b889194.v17.npz,dd91f8bd1a8473f5e6669ef18c8439ccd087ba48f4bb5236a1bd647fd6df6d74,,0.8867924528301887,0.64306640625,0.90625,0.75,DAY,DAY|MORNING|LEARN|MAN|THINK,0.7418369054794312,DAY,DAY|MAN|LEARN|YEAR|MORNING,0.7732546925544739,tier_a_dual_top1
DAY,DAY,C_01_044,canonical_and_pinned_raw_text_equal,local_hex_unknown_session,data/raw_videos/ASL VIDEOS/DAY/37c6ea78.mp4,data/local/ASL_hand_crops_av/DAY_37c6ea78.jpg,640,480,25,30.0,0.8333333333333334,137.09716796875,0.0047607421875,2823.42919921875,0.9633568582957042,0.3237234950065613,5,False,data/local/local_citizen100_quality_audit_q82_cap14_exact/landmarks/DAY/37c6ea78.v17.npz,a4cfca9a43347831ee29bbcca5035b7348ac6e5e3bbf43275dde18542fde8120,,1.0,1.0,1.0,1.0,DAY,DAY|MORNING|HOSPITAL|USE|LOVE,0.7300223112106323,DAY,DAY|HOSPITAL|USE|MORNING|WEEK,0.5397496223449707,tier_a_dual_top1
DIFFERENT,DIFFERENT,E_03_095,canonical_and_pinned_raw_text_equal,local_numbered_single_session,data/raw_videos/ASL VIDEOS/DIFFERENT/DIFFERENT_14.mp4,data/local/ASL_hand_crops_av/DIFFERENT_DIFFERENT_14.jpg,640,480,49,30.0,1.6333333333333333,121.39776611328125,0.0,3047.4921875,0.9987268707483408,,1,False,data/local/local_citizen100_quality_audit_q82_cap14_exact/landmarks/DIFFERENT/DIFFERENT_14.v17.npz,d7a08aa5d2e89d3bccb9d50f3cb3635f4ab48e94d854396314eca6e4351b3285,,0.8857142857142857,0.8349609375,0.71875,0.71875,DIFFERENT,DIFFERENT|WHEN|GO|WHERE|ANSWER,0.8440249562263489,DIFFERENT,DIFFERENT|WHEN|LANGUAGE|SIGN|GO,0.9414418935775757,tier_a_dual_top1
DIFFERENT,DIFFERENT,E_03_095,canonical_and_pinned_raw_text_equal,local_hex_unknown_session,data/raw_videos/ASL VIDEOS/DIFFERENT/d8944599.mp4,data/local/ASL_hand_crops_av/DIFFERENT_d8944599.jpg,640,480,38,30.0,1.2666666666666666,87.49908447265625,0.0,307.6948547363281,0.9244454704686083,0.4993785619735718,2,False,data/local/local_citizen100_quality_audit_q82_cap14_exact/landmarks/DIFFERENT/d8944599.v17.npz,16fa493024d1ee6452279f44c1bb7f79c8cbccf072848fb138682b54e9919d28,,0.875,0.849609375,0.78125,0.71875,DIFFERENT,DIFFERENT|WHEN|LANGUAGE|WEEK|TIME,0.8320922255516052,DIFFERENT,DIFFERENT|WHEN|LANGUAGE|WEEK|HE,0.8790806531906128,tier_a_dual_top1
DIFFERENT,DIFFERENT,E_03_095,canonical_and_pinned_raw_text_equal,local_hex_unknown_session,data/raw_videos/ASL VIDEOS/DIFFERENT/9380f745.mp4,data/local/ASL_hand_crops_av/DIFFERENT_9380f745.jpg,640,480,43,30.0,1.4333333333333333,78.714599609375,0.0,195.28900146484375,0.886545525924842,0.11893689632415771,7,False,data/local/local_citizen100_quality_audit_q82_cap14_exact/landmarks/DIFFERENT/9380f745.v17.npz,9cc1f77bcafd6cd53f1db4cb6c20613da0a7b027340167602295c3d26be43806,,0.8974358974358975,0.8251953125,0.84375,0.5,DIFFERENT,DIFFERENT|WHEN|LANGUAGE|THEY|HE,0.6241480112075806,DIFFERENT,DIFFERENT|LANGUAGE|WHEN|HE|THEY,0.702346682548523,tier_a_dual_top1
DIFFERENT,DIFFERENT,E_03_095,canonical_and_pinned_raw_text_equal,local_hex_unknown_session,data/raw_videos/ASL VIDEOS/DIFFERENT/8b411fdb.mp4,data/local/ASL_hand_crops_av/DIFFERENT_8b411fdb.jpg,640,480,37,30.0,1.2333333333333334,70.46563720703125,0.07562255859375,1646.353515625,0.9020101790617219,0.21763861179351807,4,False,data/local/local_citizen100_quality_audit_q82_cap14_exact/landmarks/DIFFERENT/8b411fdb.v17.npz,9563a5d71eb2697477c5d78b38c3c86a0adc04791bb6415f1069c07c43fada89,,0.8333333333333334,0.78271484375,0.84375,0.6484375,DIFFERENT,DIFFERENT|WHEN|ANSWER|WEEK|ASK,0.6187666058540344,DIFFERENT,DIFFERENT|GO|WHEN|LANGUAGE|WHERE,0.895409107208252,tier_a_dual_top1
DIFFERENT,DIFFERENT,E_03_095,canonical_and_pinned_raw_text_equal,local_hex_unknown_session,data/raw_videos/ASL VIDEOS/DIFFERENT/e074a8d8.mp4,data/local/ASL_hand_crops_av/DIFFERENT_e074a8d8.jpg,640,480,25,30.0,0.8333333333333334,90.23828125,0.0,236.55914306640625,0.8882696087908128,0.13704532384872437,5,False,data/local/local_citizen100_quality_audit_q82_cap14_exact/landmarks/DIFFERENT/e074a8d8.v17.npz,3b37896d2d9ebb73c59ec2254d2c597c82998a2aa501f5ed8b34f7e9d71b2d71,,0.84,0.77978515625,1.0,0.4453125,DIFFERENT,DIFFERENT|WHEN|LANGUAGE|THEY|WEEK,0.5614937543869019,DIFFERENT,DIFFERENT|LANGUAGE|WHEN|THEY|WEEK,0.5674142241477966,tier_a_dual_top1
DIFFERENT,DIFFERENT,E_03_095,canonical_and_pinned_raw_text_equal,local_hex_unknown_session,data/raw_videos/ASL VIDEOS/DIFFERENT/c14621ee.mp4,data/local/ASL_hand_crops_av/DIFFERENT_c14621ee.jpg,640,480,30,30.0,1.0,54.690185546875,0.1173095703125,1001.555908203125,0.8506225607420917,0.3154466152191162,3,False,data/local/local_citizen100_quality_audit_q82_cap14_exact/landmarks/DIFFERENT/c14621ee.v17.npz,25f3203246a29d5564ebd475f88dcba16ccc92300c78c1c2885b27f512294817,,1.0,1.0,0.84375,0.5078125,DIFFERENT,DIFFERENT|WHEN|WEEK|GO|TIME,0.7575669288635254,DIFFERENT,DIFFERENT|WHEN|HE|LANGUAGE|THEY,0.47055017948150635,tier_a_dual_top1
EASY,EASY,D_01_070,canonical_and_pinned_raw_text_equal,local_numbered_single_session,data/raw_videos/ASL VIDEOS/EASY/EASY_1.mp4,data/local/ASL_hand_crops_av/EASY_EASY_1.jpg,640,480,103,30.0,3.433333333333333,123.53125,0.19073486328125,1420.9578857421875,0.8227455028345916,0.3134072422981262,4,False,data/local/local_citizen100_quality_audit_q82_cap14_exact/landmarks/EASY/EASY_1.v17.npz,e10fdbd86029a56003a696523ad3d92f3df25db975a5bf3bcee3bea6e5c1fb04,,0.9493670886075949,0.921875,0.90625,0.65625,EASY,EASY|MY|HOW|HAPPY|DOCTOR,0.8988130688667297,EASY,EASY|DOCTOR|STOP|WAIT|PLEASE,0.9580873847007751,tier_a_dual_top1
EASY,EASY,D_01_070,canonical_and_pinned_raw_text_equal,local_hex_unknown_session,data/raw_videos/ASL VIDEOS/EASY/9b233c01.mp4,data/local/ASL_hand_crops_av/EASY_9b233c01.jpg,640,480,38,30.0,1.2666666666666666,55.03125,0.15576171875,1276.571533203125,0.8602576783485878,0.329642117023468,3,False,data/local/local_citizen100_quality_audit_q82_cap14_exact/landmarks/EASY/9b233c01.v17.npz,1afcac04580996ee9464504d9843c84abc89d5e6b929a468dbe0355f5e99b72a,,1.0,0.7529296875,0.875,0.765625,EASY,EASY|HOW|EXCITED|GOOD|LESS,0.8422910571098328,EASY,EASY|HAPPY|WRITE|EXCITED|SAD,0.7505244016647339,tier_a_dual_top1
EASY,EASY,D_01_070,canonical_and_pinned_raw_text_equal,local_hex_unknown_session,data/raw_videos/ASL VIDEOS/EASY/41ad5e17.mp4,data/local/ASL_hand_crops_av/EASY_41ad5e17.jpg,640,480,75,30.0,2.5,114.21832275390625,0.002197265625,1456.1197509765625,0.9500159101548742,0.1000596284866333,8,False,data/local/local_citizen100_quality_audit_q82_cap14_exact/landmarks/EASY/41ad5e17.v17.npz,06e3ffd9bb29f1a9ca1b9447412206ee7e4f3fccaa0b9327abb1d163122ce38a,,0.9322033898305084,0.8681640625,0.96875,0.8359375,EASY,EASY|HAPPY|EXCITED|GOOD|SICK,0.8412105441093445,EASY,EASY|HAPPY|EXCITED|BAD|GOOD,0.7248088121414185,tier_a_dual_top1
EASY,EASY,D_01_070,canonical_and_pinned_raw_text_equal,local_hex_unknown_session,data/raw_videos/ASL VIDEOS/EASY/06947210.mp4,data/local/ASL_hand_crops_av/EASY_06947210.jpg,640,480,35,30.0,1.1666666666666667,85.7208251953125,0.0,177.86672973632812,0.8858297125162613,0.12433123588562012,7,False,data/local/local_citizen100_quality_audit_q82_cap14_exact/landmarks/EASY/06947210.v17.npz,8a29f7137821c3a114f7241e4bc482abd58a5850be6b5e6dc5b1dcb7e8f06ce8,,1.0,0.88916015625,0.9375,0.546875,EASY,EASY|WAIT|DOCTOR|HAPPY|MY,0.6908050775527954,EASY,EASY|WAIT|GOOD|STOP|MAYBE,0.9543655514717102,tier_a_dual_top1
EASY,EASY,D_01_070,canonical_and_pinned_raw_text_equal,local_hex_unknown_session,data/raw_videos/ASL VIDEOS/EASY/069c652d.mp4,data/local/ASL_hand_crops_av/EASY_069c652d.jpg,640,480,26,30.0,0.8666666666666667,69.04315185546875,0.06805419921875,1325.902099609375,0.8779257084541476,0.1009521484375,11,False,data/local/local_citizen100_quality_audit_q82_cap14_exact/landmarks/EASY/069c652d.v17.npz,7e9b7ae0d1383d6b0b7f9e3220bce9c7e4a27301ef0a70e9b29890f268640bd6,,1.0,0.85693359375,0.96875,0.4921875,EASY,EASY|HOW|EXCITED|HELP|WRITE,0.6935049295425415,EASY,EASY|WRITE|HAPPY|HOW|LEARN,0.6165459752082825,tier_a_dual_top1
EASY,EASY,D_01_070,canonical_and_pinned_raw_text_equal,local_hex_unknown_session,data/raw_videos/ASL VIDEOS/EASY/f04c92a6.mp4,data/local/ASL_hand_crops_av/EASY_f04c92a6.jpg,640,480,41,30.0,1.3666666666666667,70.6944580078125,0.0,137.68475341796875,0.8480998051616896,0.18300068378448486,6,False,data/local/local_citizen100_quality_audit_q82_cap14_exact/landmarks/EASY/f04c92a6.v17.npz,fe4817ed601caca6971b5d3c447c380ac3a09a83038191f2e459c41c55542fcb,,0.8787878787878788,0.70703125,0.75,0.6328125,EASY,EASY|WAIT|STOP|DOCTOR|SCHOOL,0.593985915184021,EASY,EASY|MORNING|STOP|WAIT|DOCTOR,0.927665650844574,tier_a_dual_top1
EASY,EASY,D_01_070,canonical_and_pinned_raw_text_equal,local_hex_unknown_session,data/raw_videos/ASL VIDEOS/EASY/6d9163ca.mp4,data/local/ASL_hand_crops_av/EASY_6d9163ca.jpg,640,480,47,30.0,1.5666666666666667,112.00115966796875,0.00341796875,1404.2120361328125,0.9921100451783709,,1,False,data/local/local_citizen100_quality_audit_q82_cap14_exact/landmarks/EASY/6d9163ca.v17.npz,73189675c34e2fb24a7209744471a230aad239fa55f2efb55beb143cb9b80dbe,,1.0,0.859375,0.875,0.828125,EASY,EASY|HAPPY|EXCITED|HOW|MY,0.6011618971824646,EASY,EASY|HAPPY|EXCITED|WRITE|PLEASE,0.5424703359603882,tier_a_dual_top1
EASY,EASY,D_01_070,canonical_and_pinned_raw_text_equal,local_hex_unknown_session,data/raw_videos/ASL VIDEOS/EASY/53038e45.mp4,data/local/ASL_hand_crops_av/EASY_53038e45.jpg,640,480,30,30.0,1.0,61.50994873046875,0.13409423828125,1013.2352294921875,0.8616064881387293,0.1164589524269104,9,False,data/local/local_citizen100_quality_audit_q82_cap14_exact/landmarks/EASY/53038e45.v17.npz,5ae58ee90c68cce5cb9d7d3bca6abf956e3f5b512c86d9b2df48a5917f1a39c2,,1.0,0.84130859375,0.84375,0.3046875,EASY,EASY|HOW|DOCTOR|LESS|MORNING,0.7183924913406372,EASY,EASY|DOCTOR|HAPPY|WRITE|LEARN,0.36383047699928284,tier_a_dual_top1
EXCITED,EXCITED,H_01_102,canonical_and_pinned_raw_text_equal,local_numbered_single_session,data/raw_videos/ASL VIDEOS/EXCITED/EXCITED_25.mp4,data/local/ASL_hand_crops_av/EXCITED_EXCITED_25.jpg,640,480,56,30.0,1.8666666666666667,117.6016845703125,0.0,2111.42236328125,0.9926809647400789,,1,False,data/local/local_citizen100_quality_audit_q82_cap14_exact/landmarks/EXCITED/EXCITED_25.v17.npz,6dff8d6aba3fd8572706ca916bed570ec54eb5a977079ec01d857b06203a9e16,,0.875,0.8193359375,0.84375,0.84375,EXCITED,EXCITED|FEEL|WAIT|HAPPY|WEEK,0.8870082497596741,EXCITED,EXCITED|WAIT|LANGUAGE|MAYBE|BIG,0.8241252899169922,tier_a_dual_top1
EXCITED,EXCITED,H_01_102,canonical_and_pinned_raw_text_equal,local_hex_unknown_session,data/raw_videos/ASL VIDEOS/EXCITED/1c1ef6ff.mp4,data/local/ASL_hand_crops_av/EXCITED_1c1ef6ff.jpg,640,480,42,30.0,1.4,97.53729248046875,0.0,271.3604431152344,0.9388035270751718,0.10170251131057739,9,False,data/local/local_citizen100_quality_audit_q82_cap14_exact/landmarks/EXCITED/1c1ef6ff.v17.npz,9751e71ccdd4bb9073ff0c9cef5d7048fceab2df04fea8c9b931cc016056090b,,0.8717948717948718,0.82080078125,0.84375,0.6484375,EXCITED,EXCITED|WHAT|WAIT|WANT|READ,0.7854650616645813,EXCITED,EXCITED|WHAT|WAIT|WANT|READ,0.7843866348266602,tier_a_dual_top1
EXCITED,EXCITED,H_01_102,canonical_and_pinned_raw_text_equal,local_hex_unknown_session,data/raw_videos/ASL VIDEOS/EXCITED/38e7404e.mp4,data/local/ASL_hand_crops_av/EXCITED_38e7404e.jpg,640,480,50,30.0,1.6666666666666667,110.23443603515625,0.0,312.25360107421875,0.9646956712671131,0.12968558073043823,6,False,data/local/local_citizen100_quality_audit_q82_cap14_exact/landmarks/EXCITED/38e7404e.v17.npz,59d1c6d2b7affe6798f34bb5cca9cc74beba676dc957c1142072f1545ed84ec0,,0.9361702127659575,0.8818359375,0.84375,0.59375,EXCITED,EXCITED|WHAT|WEEK|SICK|WHEN,0.8458396792411804,EXCITED,EXCITED|WHAT|WAIT|READ|WHEN,0.7427264451980591,tier_a_dual_top1
EXCITED,EXCITED,H_01_102,canonical_and_pinned_raw_text_equal,local_hex_unknown_session,data/raw_videos/ASL VIDEOS/EXCITED/5f995760.mp4,data/local/ASL_hand_crops_av/EXCITED_5f995760.jpg,640,480,39,30.0,1.3,93.98370361328125,0.0,269.5568542480469,0.9297494563593062,0.15272831916809082,5,False,data/local/local_citizen100_quality_audit_q82_cap14_exact/landmarks/EXCITED/5f995760.v17.npz,b21cd021960bf7b4a5dc237d37e8fd339f361b73b49ac566e7f900feef390e76,,0.8823529411764706,0.83984375,0.71875,0.71875,EXCITED,EXCITED|WHAT|WANT|WAIT|NAME,0.7139240503311157,EXCITED,EXCITED|WHAT|WAIT|WANT|LIKE,0.6068755984306335,tier_a_dual_top1
EXCITED,EXCITED,H_01_102,canonical_and_pinned_raw_text_equal,local_hex_unknown_session,data/raw_videos/ASL VIDEOS/EXCITED/7c38fbff.mp4,data/local/ASL_hand_crops_av/EXCITED_7c38fbff.jpg,640,480,42,30.0,1.4,90.9185791015625,0.0,236.46282958984375,0.9201823201018464,0.11764556169509888,7,False,data/local/local_citizen100_quality_audit_q82_cap14_exact/landmarks/EXCITED/7c38fbff.v17.npz,59b1015ef7af169d6008e777f8a20faba6d2fe6dd6afa4a055dedcb7cdad4533,,0.8974358974358975,0.8525390625,0.84375,0.84375,EXCITED,EXCITED|READ|WHAT|DOCTOR|LANGUAGE,0.4836360812187195,EXCITED,EXCITED|WHAT|READ|WAIT|MAYBE,0.6907281875610352,tier_a_dual_top1
EXCITED,EXCITED,H_01_102,canonical_and_pinned_raw_text_equal,local_hex_unknown_session,data/raw_videos/ASL VIDEOS/EXCITED/9ab4907d.mp4,data/local/ASL_hand_crops_av/EXCITED_9ab4907d.jpg,640,480,33,30.0,1.1,62.3037109375,0.12371826171875,1134.0791015625,0.8709458997454074,0.11631327867507935,10,False,data/local/local_citizen100_quality_audit_q82_cap14_exact/landmarks/EXCITED/9ab4907d.v17.npz,d1d5a57c12b2c6a200f4f0211a7da0f6d377bca1fc2e701058e4fb95e895c411,,0.9285714285714286,0.81640625,0.90625,0.90625,EXCITED,EXCITED|WHAT|LANGUAGE|WANT|SIGN,0.45509880781173706,EXCITED,EXCITED|WHAT|READ|WANT|BIG,0.5364147424697876,tier_a_dual_top1
EXCITED,EXCITED,H_01_102,canonical_and_pinned_raw_text_equal,local_hex_unknown_session,data/raw_videos/ASL VIDEOS/EXCITED/9d5bc2ca.mp4,data/local/ASL_hand_crops_av/EXCITED_9d5bc2ca.jpg,640,480,35,30.0,1.1666666666666667,59.1705322265625,0.0850830078125,2026.03955078125,0.8740537237914581,0.17078030109405518,4,False,data/local/local_citizen100_quality_audit_q82_cap14_exact/landmarks/EXCITED/9d5bc2ca.v17.npz,e35d19c1e37a8d06ec79f7f26a363ef96e0ef8f37fdfdc2a5bd97aa37aaab975,,1.0,1.0,0.9375,0.9375,EXCITED,EXCITED|SIGN|WHAT|SICK|HAVE,0.3844805657863617,EXCITED,EXCITED|SICK|SIGN|ANGRY|FEEL,0.49843156337738037,tier_a_dual_top1
EXCITED,EXCITED,H_01_102,canonical_and_pinned_raw_text_equal,local_hex_unknown_session,data/raw_videos/ASL VIDEOS/EXCITED/20277f24.mp4,data/local/ASL_hand_crops_av/EXCITED_20277f24.jpg,640,480,45,30.0,1.5,104.3682861328125,0.0,406.11065673828125,0.9726992188576478,0.5187315344810486,2,False,data/local/local_citizen100_quality_audit_q82_cap14_exact/landmarks/EXCITED/20277f24.v17.npz,52fedcab89837f407bcd15108a42235f9084420a34f88be7a1bf3f3b7d8bb809,,0.9069767441860465,0.8447265625,0.75,0.5234375,EXCITED,EXCITED|WHAT|NAME|READ|WRITE,0.352487713098526,EXCITED,EXCITED|WHAT|READ|LIKE|WANT,0.7103474736213684,tier_a_dual_top1
EXCITED,EXCITED,H_01_102,canonical_and_pinned_raw_text_equal,local_hex_unknown_session,data/raw_videos/ASL VIDEOS/EXCITED/6717093d.mp4,data/local/ASL_hand_crops_av/EXCITED_6717093d.jpg,640,480,41,30.0,1.3666666666666667,58.07403564453125,0.1207275390625,1147.316650390625,0.8745370443136754,0.37260520458221436,3,False,data/local/local_citizen100_quality_audit_q82_cap14_exact/landmarks/EXCITED/6717093d.v17.npz,1831eaa818eb46cea6f87eb2f487bd891b62e32918350056c5c44b5a6f7f7a52,,1.0,0.84765625,1.0,1.0,EXCITED,EXCITED|LANGUAGE|WHAT|MAYBE|ANGRY,0.6596547365188599,EXCITED,EXCITED|WHAT|LANGUAGE|READ|BIG,0.29103219509124756,tier_a_dual_top1
EXCITED,EXCITED,H_01_102,canonical_and_pinned_raw_text_equal,local_hex_unknown_session,data/raw_videos/ASL VIDEOS/EXCITED/34215557.mp4,data/local/ASL_hand_crops_av/EXCITED_34215557.jpg,640,480,37,30.0,1.2333333333333334,100.079833984375,0.0,302.0534362792969,0.9428810558153684,0.11189717054367065,8,False,data/local/local_citizen100_quality_audit_q82_cap14_exact/landmarks/EXCITED/34215557.v17.npz,e61d104038a3e5613bbbfca17e62f526abdd7a0971111502769350a6223dcc43,,0.9117647058823529,0.837890625,0.71875,0.6015625,EXCITED,EXCITED|READ|WHAT|DOCTOR|WRITE,0.23016513884067535,EXCITED,EXCITED|WHAT|READ|TALK|WAIT,0.4669569134712219,tier_a_dual_top1
FAMILY,FAMILY,C_01_025,canonical_and_pinned_raw_text_equal,local_hex_unknown_session,data/raw_videos/ASL VIDEOS/FAMILY/650388d1.mp4,data/local/ASL_hand_crops_av/FAMILY_650388d1.jpg,640,480,27,30.0,0.9,129.61175537109375,0.00091552734375,1241.015625,0.9716284403371993,0.14858317375183105,10,False,data/local/local_citizen100_quality_audit_q82_cap14_exact/landmarks/FAMILY/650388d1.v17.npz,1381b06052f20cc9d484dbec77d808b5187a28d31ee32c829def7f62f24b6b8b,,0.92,0.8720703125,1.0,0.515625,FAMILY,FAMILY|IMPORTANT|SMALL|READ|SAD,0.9195983409881592,FAMILY,FAMILY|IMPORTANT|SMALL|FIND|ANSWER,0.9171285629272461,tier_a_dual_top1
FAMILY,FAMILY,C_01_025,canonical_and_pinned_raw_text_equal,local_hex_unknown_session,data/raw_videos/ASL VIDEOS/FAMILY/831a87d2.mp4,data/local/ASL_hand_crops_av/FAMILY_831a87d2.jpg,640,480,45,30.0,1.5,111.4384765625,0.0,159.72894287109375,0.9278924147448826,0.14133524894714355,14,False,data/local/local_citizen100_quality_audit_q82_cap14_exact/landmarks/FAMILY/831a87d2.v17.npz,ac248cedb08a58189678923801a443f4a43e39991fe4bdd98d8c870bb2575286,,0.95,0.90625,0.84375,0.0,FAMILY,FAMILY|STOP|IMPORTANT|SAD|SCHOOL,0.9154477119445801,FAMILY,FAMILY|WANT|IMPORTANT|SAD|WHEN,0.9277799725532532,tier_a_dual_top1
FAMILY,FAMILY,C_01_025,canonical_and_pinned_raw_text_equal,local_hex_unknown_session,data/raw_videos/ASL VIDEOS/FAMILY/3f00140b.mp4,data/local/ASL_hand_crops_av/FAMILY_3f00140b.jpg,640,480,55,30.0,1.8333333333333333,118.74627685546875,0.0,207.78765869140625,0.9450270193244364,0.2707444429397583,6,False,data/local/local_citizen100_quality_audit_q82_cap14_exact/landmarks/FAMILY/3f00140b.v17.npz,7d30a5b0ae555d51d6a8ad9c3a047b260d0e017f4f51fed3d3c9b5e0b2dce43c,,0.9607843137254902,0.9130859375,0.78125,0.5078125,FAMILY,FAMILY|STOP|SCHOOL|SMALL|WANT,0.8893817663192749,FAMILY,FAMILY|WANT|SAD|SMALL|READ,0.9293325543403625,tier_a_dual_top1
FAMILY,FAMILY,C_01_025,canonical_and_pinned_raw_text_equal,local_hex_unknown_session,data/raw_videos/ASL VIDEOS/FAMILY/cfc5ba04.mp4,data/local/ASL_hand_crops_av/FAMILY_cfc5ba04.jpg,640,480,39,30.0,1.3,125.19677734375,0.005615234375,2466.75634765625,0.9929007286128074,,1,False,data/local/local_citizen100_quality_audit_q82_cap14_exact/landmarks/FAMILY/cfc5ba04.v17.npz,061871e13e7780704bd19a9dd0ddc26ab0ed955b5151b772017cab74cd288f7b,,1.0,1.0,0.84375,0.84375,FAMILY,FAMILY|STOP|FIND|SAD|HELP,0.8835194110870361,FAMILY,FAMILY|IMPORTANT|FIND|STOP|WANT,0.9191931486129761,tier_a_dual_top1
FAMILY,FAMILY,C_01_025,canonical_and_pinned_raw_text_equal,local_hex_unknown_session,data/raw_videos/ASL VIDEOS/FAMILY/b3eb7cf2.mp4,data/local/ASL_hand_crops_av/FAMILY_b3eb7cf2.jpg,640,480,33,30.0,1.1,123.08966064453125,0.0006103515625,1241.2744140625,0.9843290570930238,0.3212336301803589,4,False,data/local/local_citizen100_quality_audit_q82_cap14_exact/landmarks/FAMILY/b3eb7cf2.v17.npz,5a7165b1c8927e9844a3d786cba8eb353e8aab37ea86711841f67d92776cff10,,0.8260869565217391,0.77392578125,0.75,0.015625,FAMILY,FAMILY|IMPORTANT|SMALL|MAYBE|WANT,0.8737927675247192,FAMILY,FAMILY|WANT|IMPORTANT|YOUR|FIND,0.9195603132247925,tier_a_dual_top1
FAMILY,FAMILY,C_01_025,canonical_and_pinned_raw_text_equal,local_numbered_single_session,data/raw_videos/ASL VIDEOS/FAMILY/FAMILY_1.mp4,data/local/ASL_hand_crops_av/FAMILY_FAMILY_1.jpg,640,480,90,30.0,3.0,111.017333984375,0.0,5279.51953125,0.9013587106780633,0.37834417819976807,3,False,data/local/local_citizen100_quality_audit_q82_cap14_exact/landmarks/FAMILY/FAMILY_1.v17.npz,25ae9e2699b8d12f6e1b943978f7f78f03cf1cc6f15797e3fd4473fb4a1a7ea3,,0.9493670886075949,0.8369140625,0.90625,0.6328125,FAMILY,FAMILY|IMPORTANT|READ|WANT|FIND,0.8673533797264099,FAMILY,FAMILY|FIND|ANSWER|WHEN|IMPORTANT,0.9126964807510376,tier_a_dual_top1
FAMILY,FAMILY,C_01_025,canonical_and_pinned_raw_text_equal,local_hex_unknown_session,data/raw_videos/ASL VIDEOS/FAMILY/e0bae73b.mp4,data/local/ASL_hand_crops_av/FAMILY_e0bae73b.jpg,640,480,52,30.0,1.7333333333333334,47.47930908203125,0.2667236328125,810.9699096679688,0.8382792622774594,0.3230521082878113,5,False,data/local/local_citizen100_quality_audit_q82_cap14_exact/landmarks/FAMILY/e0bae73b.v17.npz,e651b489b794f87b17cc0d8db698e23096ca723c755ce01da98eee376f573bb2,,0.8421052631578947,0.7841796875,0.65625,0.6015625,FAMILY,FAMILY|STOP|IMPORTANT|HELP|SAD,0.8605450987815857,FAMILY,FAMILY|WANT|FATHER|IMPORTANT|SMALL,0.8614465594291687,tier_a_dual_top1
FAMILY,FAMILY,C_01_025,canonical_and_pinned_raw_text_equal,local_hex_unknown_session,data/raw_videos/ASL VIDEOS/FAMILY/e9e8d3b4.mp4,data/local/ASL_hand_crops_av/FAMILY_e9e8d3b4.jpg,640,480,50,30.0,1.6666666666666667,120.97418212890625,0.0,202.49966430664062,0.9476384446042263,0.20755815505981445,8,False,data/local/local_citizen100_quality_audit_q82_cap14_exact/landmarks/FAMILY/e9e8d3b4.v17.npz,afc50fcdc641f251fc91d1a779886850617a36983981a07e5fd9400268f032d1,,0.9555555555555556,0.9033203125,0.90625,0.390625,FAMILY,FAMILY|IMPORTANT|SMALL|READ|SAD,0.754547655582428,FAMILY,FAMILY|SMALL|IMPORTANT|WANT|READ,0.8328376412391663,tier_a_dual_top1
FAMILY,FAMILY,C_01_025,canonical_and_pinned_raw_text_equal,local_hex_unknown_session,data/raw_videos/ASL VIDEOS/FAMILY/1ade7e13.mp4,data/local/ASL_hand_crops_av/FAMILY_1ade7e13.jpg,640,480,57,30.0,1.9,60.05548095703125,0.166015625,2046.729736328125,0.8695318601005363,0.16167199611663818,13,False,data/local/local_citizen100_quality_audit_q82_cap14_exact/landmarks/FAMILY/1ade7e13.v17.npz,70ebf431ccef7bcd2c15230ea4e66dbdd9d7d7e279d221925f7443174a98aa60,,0.9607843137254902,0.9052734375,0.96875,0.203125,FAMILY,FAMILY|WANT|NOW|WAIT|SAD,0.7221804857254028,FAMILY,FAMILY|WANT|SAD|NOW|WAIT,0.8479520082473755,tier_a_dual_top1
FAMILY,FAMILY,C_01_025,canonical_and_pinned_raw_text_equal,local_hex_unknown_session,data/raw_videos/ASL VIDEOS/FAMILY/ab20c03d.mp4,data/local/ASL_hand_crops_av/FAMILY_ab20c03d.jpg,640,480,49,30.0,1.6333333333333333,89.7412109375,0.0,130.1660919189453,0.8870509635007202,0.1614443063735962,12,False,data/local/local_citizen100_quality_audit_q82_cap14_exact/landmarks/FAMILY/ab20c03d.v17.npz,25c9c266f84967ed19a13eb333c6b91e7b1b80792f2e9dc96ef6039e382a5ed4,,0.9130434782608695,0.837890625,0.875,0.625,FAMILY,FAMILY|IMPORTANT|READ|FATHER|SAD,0.7191169857978821,FAMILY,FAMILY|FATHER|IMPORTANT|FIND|SMALL,0.7840702533721924,tier_a_dual_top1
FAMILY,FAMILY,C_01_025,canonical_and_pinned_raw_text_equal,local_hex_unknown_session,data/raw_videos/ASL VIDEOS/FAMILY/2dd686d5.mp4,data/local/ASL_hand_crops_av/FAMILY_2dd686d5.jpg,640,480,80,30.0,2.6666666666666665,90.99212646484375,0.0,274.8987121582031,0.8719857127408148,0.28671491146087646,7,False,data/local/local_citizen100_quality_audit_q82_cap14_exact/landmarks/FAMILY/2dd686d5.v17.npz,72bbc44026a0c949cff8dd36ffe65c1a73cdc0d272ff7521474e0972a9c9087b,,0.9242424242424242,0.8896484375,0.84375,0.78125,FAMILY,FAMILY|WANT|MAYBE|WAIT|SMALL,0.6063743233680725,FAMILY,FAMILY|WANT|MAYBE|IMPORTANT|SMALL,0.8782913088798523,tier_a_dual_top1
FAMILY,FAMILY,C_01_025,canonical_and_pinned_raw_text_equal,local_hex_unknown_session,data/raw_videos/ASL VIDEOS/FAMILY/5dcc4890.mp4,data/local/ASL_hand_crops_av/FAMILY_5dcc4890.jpg,640,480,49,30.0,1.6333333333333333,86.841552734375,0.0,172.083251953125,0.8973082882485817,0.17049157619476318,9,False,data/local/local_citizen100_quality_audit_q82_cap14_exact/landmarks/FAMILY/5dcc4890.v17.npz,fccf38fac7bb5a80d52f479fef7877367fd9da53e246171458e4ba58cd6eed26,,0.9069767441860465,0.8662109375,0.78125,0.109375,FAMILY,FAMILY|SAD|FATHER|HELLO|SMALL,0.6588281393051147,FAMILY,FAMILY|FATHER|FIND|IMPORTANT|WANT,0.3971416652202606,tier_a_dual_top1
FAMILY,FAMILY,C_01_025,canonical_and_pinned_raw_text_equal,local_hex_unknown_session,data/raw_videos/ASL VIDEOS/FAMILY/cc28268f.mp4,data/local/ASL_hand_crops_av/FAMILY_cc28268f.jpg,640,480,51,30.0,1.7,89.53155517578125,0.0,197.630126953125,0.9094883697646827,0.47122764587402344,2,False,data/local/local_citizen100_quality_audit_q82_cap14_exact/landmarks/FAMILY/cc28268f.v17.npz,08c8e78ce72c687281f3abb18c5fdca792b732407e5c69677482ddae1200e6e3,,0.9361702127659575,0.87939453125,0.84375,0.421875,FAMILY,FAMILY|WANT|STOP|SMALL|MAYBE,0.6714990139007568,FAMILY,FAMILY|STOP|SCHOOL|WAIT|GIVE,0.355140745639801,tier_a_dual_top1
FAMILY,FAMILY,C_01_025,canonical_and_pinned_raw_text_equal,local_hex_unknown_session,data/raw_videos/ASL VIDEOS/FAMILY/60564a72.mp4,data/local/ASL_hand_crops_av/FAMILY_60564a72.jpg,640,480,53,30.0,1.7666666666666666,88.4443359375,0.0,357.9901123046875,0.9397338875896715,0.15563946962356567,11,False,data/local/local_citizen100_quality_audit_q82_cap14_exact/landmarks/FAMILY/60564a72.v17.npz,234106ca8c1f5722294cc9affc1d2744747bdaf2ee02cc2db741b4277795659e,,1.0,0.921875,0.90625,0.71875,FAMILY,FAMILY|WANT|STOP|GIVE|WAIT,0.2981836199760437,FAMILY,FAMILY|GIVE|HOW|STOP|WANT,0.6082844138145447,tier_a_dual_top1
FATHER,FATHER,B_01_077,canonical_and_pinned_raw_text_equal,local_hex_unknown_session,data/raw_videos/ASL VIDEOS/FATHER/e6b7fb57.mp4,data/local/ASL_hand_crops_av/FATHER_e6b7fb57.jpg,640,480,30,30.0,1.0,54.44677734375,0.13494873046875,1915.680908203125,0.8477201796573521,0.29556596279144287,3,False,data/local/local_citizen100_quality_audit_q82_cap14_exact/landmarks/FATHER/e6b7fb57.v17.npz,5219ceec38b3cb7c6637c41febeb985208426407af0f3e64cdf903c47cfb7d08,,0.9666666666666667,0.484375,0.84375,0.640625,FATHER,FATHER|SICK|HEAR|KNOW|ANSWER,0.9128325581550598,FATHER,FATHER|SICK|HOSPITAL|LEARN|MAN,0.9368115663528442,tier_a_dual_top1
FATHER,FATHER,B_01_077,canonical_and_pinned_raw_text_equal,local_hex_unknown_session,data/raw_videos/ASL VIDEOS/FATHER/9f051576.mp4,data/local/ASL_hand_crops_av/FATHER_9f051576.jpg,640,480,37,30.0,1.2333333333333334,68.436279296875,0.0477294921875,1169.33349609375,0.9025552644164947,0.08420407772064209,14,False,data/local/local_citizen100_quality_audit_q82_cap14_exact/landmarks/FATHER/9f051576.v17.npz,832e859d8b8c331920d1a52446ff5e646c293b6d22e9313c7f2b4a6b1a2ce936,,0.92,0.466552734375,0.6875,0.4375,FATHER,FATHER|HEAR|SICK|KNOW|HELLO,0.9049590826034546,FATHER,FATHER|HOSPITAL|SICK|HEAR|HELLO,0.9540433883666992,tier_a_dual_top1
FATHER,FATHER,B_01_077,canonical_and_pinned_raw_text_equal,local_hex_unknown_session,data/raw_videos/ASL VIDEOS/FATHER/9a888450.mp4,data/local/ASL_hand_crops_av/FATHER_9a888450.jpg,640,480,47,30.0,1.5666666666666667,51.28948974609375,0.09686279296875,268.69903564453125,0.8326959594891021,0.2066677212715149,6,False,data/local/local_citizen100_quality_audit_q82_cap14_exact/landmarks/FATHER/9a888450.v17.npz,df8140176e1024a847e2564d84be81c66b1582014ae3b8a37fa283a7d01a26fc,,0.9428571428571428,0.46875,0.6875,0.4609375,FATHER,FATHER|HEAR|HELLO|KNOW|LISTEN,0.7304543852806091,FATHER,FATHER|HEAR|KNOW|LISTEN|THINK,0.9118050932884216,tier_a_dual_top1
FATHER,FATHER,B_01_077,canonical_and_pinned_raw_text_equal,local_hex_unknown_session,data/raw_videos/ASL VIDEOS/FATHER/3415c217.mp4,data/local/ASL_hand_crops_av/FATHER_3415c217.jpg,640,480,35,30.0,1.1666666666666667,67.14837646484375,0.0430908203125,1620.153076171875,0.8974545643518907,0.09650206565856934,13,False,data/local/local_citizen100_quality_audit_q82_cap14_exact/landmarks/FATHER/3415c217.v17.npz,fba2ee9bdd27057e88d3785371023f89be22e64706c3b4b557d383e2ddeaa06d,,1.0,0.5,0.9375,0.3515625,FATHER,FATHER|HELLO|HEAR|KNOW|SMALL,0.44286924600601196,FATHER,FATHER|HEAR|HELLO|WHY|KNOW,0.9324312806129456,tier_a_dual_top1
FATHER,FATHER,B_01_077,canonical_and_pinned_raw_text_equal,local_hex_unknown_session,data/raw_videos/ASL VIDEOS/FATHER/de177da7.mp4,data/local/ASL_hand_crops_av/FATHER_de177da7.jpg,640,480,33,30.0,1.1,63.65869140625,0.0738525390625,1026.0880126953125,0.8815032363990251,0.16613554954528809,8,False,data/local/local_citizen100_quality_audit_q82_cap14_exact/landmarks/FATHER/de177da7.v17.npz,e592d7ecf346e9c9072f2007226108540382513e3ca730a950e3269dabb4a9ef,,0.8787878787878788,0.435302734375,1.0,0.25,FATHER,FATHER|KNOW|MORNING|HOSPITAL|HELLO,0.4150591492652893,FATHER,FATHER|KNOW|HOSPITAL|MAN|SICK,0.8212994337081909,tier_a_dual_top1
FATHER,FATHER,B_01_077,canonical_and_pinned_raw_text_equal,local_hex_unknown_session,data/raw_videos/ASL VIDEOS/FATHER/bfb910eb.mp4,data/local/ASL_hand_crops_av/FATHER_bfb910eb.jpg,640,480,35,30.0,1.1666666666666667,72.189453125,0.0225830078125,1351.75634765625,0.9117720679130774,0.24220025539398193,4,False,data/local/local_citizen100_quality_audit_q82_cap14_exact/landmarks/FATHER/bfb910eb.v17.npz,185719521845a7ca1b6b125c9db28980ae78ea01312c21a57207435e1f599fb5,,1.0,0.5,0.9375,0.046875,FATHER,FATHER|HELLO|HEAR|KNOW|SMALL,0.4040728807449341,FATHER,FATHER|HEAR|HELLO|HOSPITAL|KNOW,0.874441921710968,tier_a_dual_top1
FATHER,FATHER,B_01_077,canonical_and_pinned_raw_text_equal,local_hex_unknown_session,data/raw_videos/ASL VIDEOS/FATHER/46de335d.mp4,data/local/ASL_hand_crops_av/FATHER_46de335d.jpg,640,480,41,30.0,1.3666666666666667,55.798828125,0.072021484375,1351.9136962890625,0.8768704022420702,0.10401260852813721,12,False,data/local/local_citizen100_quality_audit_q82_cap14_exact/landmarks/FATHER/46de335d.v17.npz,62085c101432fb8063b0464a10314bdfe7132f7cacdb72e2135d70f97c566acf,,1.0,0.5,1.0,0.0,FATHER,FATHER|HELLO|HEAR|SMALL|MOTHER,0.3862290680408478,FATHER,FATHER|HEAR|KNOW|HOSPITAL|HELLO,0.9314888119697571,tier_a_dual_top1
FATHER,FATHER,B_01_077,canonical_and_pinned_raw_text_equal,local_hex_unknown_session,data/raw_videos/ASL VIDEOS/FATHER/1e4f4c0d.mp4,data/local/ASL_hand_crops_av/FATHER_1e4f4c0d.jpg,640,480,32,30.0,1.0666666666666667,65.27093505859375,0.06121826171875,1201.2427978515625,0.8849479971939131,0.1376965045928955,10,False,data/local/local_citizen100_quality_audit_q82_cap14_exact/landmarks/FATHER/1e4f4c0d.v17.npz,9c06147d5462e93b169f20dde4df2c12e3a679ac9e54bd6e02a17d255bd98d24,,1.0,0.5,0.78125,0.0,FATHER,FATHER|HEAR|HELLO|SMALL|MOTHER,0.3282148838043213,FATHER,FATHER|HEAR|MAN|IMPORTANT|LISTEN,0.887848436832428,tier_a_dual_top1
FEEL,FEEL,C_02_001,canonical_and_pinned_raw_text_equal,local_hex_unknown_session,data/raw_videos/ASL VIDEOS/FEEL/b1daae71.mp4,data/local/ASL_hand_crops_av/FEEL_b1daae71.jpg,640,480,23,30.0,0.7666666666666667,77.18896484375,0.1107177734375,812.519287109375,0.8784254517681005,0.20085197687149048,10,False,data/local/local_citizen100_quality_audit_q82_cap14_exact/landmarks/FEEL/b1daae71.v17.npz,f5b21b2231c57863cbf0524d2c9abe191187872dc77c613b54aee91fc6758d6e,,1.0,0.5,0.75,0.4765625,FEEL,FEEL|HAPPY|EXCITED|LIKE|HAVE,0.8292928338050842,FEEL,FEEL|GIVE|HUNGRY|LIKE|EXCITED,0.8972585797309875,tier_a_dual_top1
FEEL,FEEL,C_02_001,canonical_and_pinned_raw_text_equal,local_hex_unknown_session,data/raw_videos/ASL VIDEOS/FEEL/c7c37ee2.mp4,data/local/ASL_hand_crops_av/FEEL_c7c37ee2.jpg,640,480,31,30.0,1.0333333333333334,73.1942138671875,0.1087646484375,1078.840087890625,0.8908608606959102,0.14533698558807373,14,False,data/local/local_citizen100_quality_audit_q82_cap14_exact/landmarks/FEEL/c7c37ee2.v17.npz,32f2ef3b61057bfb53ae3f5c269dc492f70d5bb39650b61091ecf9a8c595a7fb,,1.0,0.5,0.8125,0.8125,FEEL,FEEL|EXCITED|HAPPY|WEEK|LIKE,0.7680346965789795,FEEL,FEEL|HAPPY|EXCITED|LIKE|PLEASE,0.9314537048339844,tier_a_dual_top1
FEEL,FEEL,C_02_001,canonical_and_pinned_raw_text_equal,local_hex_unknown_session,data/raw_videos/ASL VIDEOS/FEEL/8b13d750.mp4,data/local/ASL_hand_crops_av/FEEL_8b13d750.jpg,640,480,50,30.0,1.6666666666666667,89.67059326171875,0.0,462.28131103515625,0.9577623424331014,0.5262233018875122,2,False,data/local/local_citizen100_quality_audit_q82_cap14_exact/landmarks/FEEL/8b13d750.v17.npz,702ed9b2b14ae3e357724f2b8fdfb0191e2fb55c9ef6c7e40a7881f84b19e31d,,0.9318181818181818,0.46875,0.90625,0.0,FEEL,FEEL|LIKE|THEY|WEEK|TELL,0.715732991695404,FEEL,FEEL|LIKE|THEY|PLEASE|WHO,0.6969630718231201,tier_a_dual_top1
FEEL,FEEL,C_02_001,canonical_and_pinned_raw_text_equal,local_hex_unknown_session,data/raw_videos/ASL VIDEOS/FEEL/76d25aed.mp4,data/local/ASL_hand_crops_av/FEEL_76d25aed.jpg,640,480,43,30.0,1.4333333333333333,91.0478515625,0.0423583984375,1218.5430908203125,0.9540878698344342,0.3499654531478882,4,False,data/local/local_citizen100_quality_audit_q82_cap14_exact/landmarks/FEEL/76d25aed.v17.npz,9ad2bdd7598f994bb2426aac3f22d6372a1ff22da877819ba9935dd7d69e3ee9,,1.0,0.5,0.9375,0.84375,FEEL,FEEL|HAPPY|EXCITED|GOOD|MAYBE,0.32375508546829224,FEEL,FEEL|HAPPY|LIKE|COME|PLEASE,0.6428244113922119,tier_a_dual_top1
FEEL,FEEL,C_02_001,canonical_and_pinned_raw_text_equal,local_numbered_single_session,data/raw_videos/ASL VIDEOS/FEEL/FEEL_1.mp4,data/local/ASL_hand_crops_av/FEEL_FEEL_1.jpg,640,480,50,30.0,1.6666666666666667,136.4757080078125,0.0,5548.2412109375,0.9977437766387187,,1,False,data/local/local_citizen100_quality_audit_q82_cap14_exact/landmarks/FEEL/FEEL_1.v17.npz,42ca65fa4e4b39fc273793c24b3ef7126f6cf0cacab172ca79da094165c10be6,,1.0,0.5,0.96875,0.5,FEEL,FEEL|TELL|WHAT|HE|LIKE,0.31086820363998413,FEEL,FEEL|EXCITED|TELL|GIVE|WHAT,0.3259632885456085,tier_a_dual_top1
FEEL,FEEL,C_02_001,canonical_and_pinned_raw_text_equal,local_hex_unknown_session,data/raw_videos/ASL VIDEOS/FEEL/7821174d.mp4,data/local/ASL_hand_crops_av/FEEL_7821174d.jpg,640,480,33,30.0,1.1,49.50592041015625,0.261474609375,1894.3736572265625,0.8284339064380678,0.2474973201751709,7,False,data/local/local_citizen100_quality_audit_q82_cap14_exact/landmarks/FEEL/7821174d.v17.npz,4de5c2ba6b17dc171a1e192b4e414212f67222570301808aba3bc244f91f2379,,1.0,0.5,1.0,0.25,FEEL,FEEL|GIVE|EXCITED|THEY|HAPPY,0.302112340927124,FEEL,FEEL|THEY|GIVE|HAPPY|TELL,0.6119544506072998,tier_a_dual_top1
FRIEND,FRIEND,D_03_010,canonical_and_pinned_raw_text_equal,local_hex_unknown_session,data/raw_videos/ASL VIDEOS/FRIEND/3e8be475.mp4,data/local/ASL_hand_crops_av/FRIEND_3e8be475.jpg,640,480,66,30.0,2.2,76.33099365234375,0.0108642578125,236.88623046875,0.8709958635292954,0.3987603187561035,5,False,data/local/local_citizen100_quality_audit_q82_cap14_exact/landmarks/FRIEND/3e8be475.v17.npz,628da9ab0b3cb1037ae84643cde1fe7c342db5af01f9c92213494a1064b49792,,0.9672131147540983,0.9677734375,0.9375,0.8125,FRIEND,FRIEND|GO|TIME|MAKE|WHEN,0.9499562978744507,FRIEND,FRIEND|SIGN|DAY|TIME|ANSWER,0.9170987606048584,tier_a_dual_top1
FRIEND,FRIEND,D_03_010,canonical_and_pinned_raw_text_equal,local_hex_unknown_session,data/raw_videos/ASL VIDEOS/FRIEND/29f6ca08.mp4,data/local/ASL_hand_crops_av/FRIEND_29f6ca08.jpg,640,480,27,30.0,0.9,136.45513916015625,0.00048828125,934.215576171875,0.9698356061888915,0.1435093879699707,13,False,data/local/local_citizen100_quality_audit_q82_cap14_exact/landmarks/FRIEND/29f6ca08.v17.npz,39f0ef6a5b9660d79e350d054f03535c0d680708511c9f6779ae26a571f31f4d,,0.9230769230769231,0.83056640625,0.96875,0.0,FRIEND,FRIEND|WHEN|MAKE|ANSWER|SIGN,0.6290847063064575,FRIEND,FRIEND|WHEN|MAKE|NAME|ANSWER,0.44207748770713806,tier_a_dual_top1
GIVE,GIVE,F_01_023,canonical_and_pinned_raw_text_equal,local_hex_unknown_session,data/raw_videos/ASL VIDEOS/GIVE/ca73513f.mp4,data/local/ASL_hand_crops_av/GIVE_ca73513f.jpg,640,480,54,30.0,1.8,55.35662841796875,0.03460693359375,446.50555419921875,0.8756834772684778,0.1776425838470459,8,False,data/local/local_citizen100_quality_audit_q82_cap14_exact/landmarks/GIVE/ca73513f.v17.npz,3eaabe9fdb0d941f9ddc57a85b55039fe34738405e7812bc0c7af69d5a38c8af,,0.9361702127659575,0.46875,0.84375,0.0078125,GIVE,GIVE|STOP|MORNING|MAYBE|SLEEP,0.6020428538322449,GIVE,GIVE|STOP|OUR|HOME|BAD,0.7431987524032593,tier_a_dual_top1
GIVE,GIVE,F_01_023,canonical_and_pinned_raw_text_equal,local_hex_unknown_session,data/raw_videos/ASL VIDEOS/GIVE/85ef5b35.mp4,data/local/ASL_hand_crops_av/GIVE_85ef5b35.jpg,640,480,31,30.0,1.0333333333333334,86.775634765625,0.0,168.40145874023438,0.8771705865821168,0.1762230396270752,9,False,data/local/local_citizen100_quality_audit_q82_cap14_exact/landmarks/GIVE/85ef5b35.v17.npz,ab7319ab8d26cf2408ab38dc0c28749e01734996820d5a80de918b0f12f025bb,,1.0,0.5,0.8125,0.4921875,GIVE,GIVE|MAYBE|CHILD|LIKE|WANT,0.542027473449707,GIVE,GIVE|LIKE|MAYBE|CHILD|STOP,0.836885929107666,tier_a_dual_top1
GIVE,GIVE,F_01_023,canonical_and_pinned_raw_text_equal,local_hex_unknown_session,data/raw_videos/ASL VIDEOS/GIVE/9489c156.mp4,data/local/ASL_hand_crops_av/GIVE_9489c156.jpg,640,480,69,30.0,2.3,50.93023681640625,0.05438232421875,1354.265625,0.8443421493379273,0.22105145454406738,7,False,data/local/local_citizen100_quality_audit_q82_cap14_exact/landmarks/GIVE/9489c156.v17.npz,5c452ea69368de2ac23f79929f299cd193ba1e8a77ab347ef05a9aa282a4641e,,0.847457627118644,0.436767578125,0.9375,0.7734375,GIVE,GIVE|MAYBE|WANT|WHAT|LIKE,0.4362800121307373,GIVE,GIVE|WHY|MORNING|WHAT|LIKE,0.8930361270904541,tier_a_dual_top1
GIVE,GIVE,F_01_023,canonical_and_pinned_raw_text_equal,local_hex_unknown_session,data/raw_videos/ASL VIDEOS/GIVE/3b44cb4e.mp4,data/local/ASL_hand_crops_av/GIVE_3b44cb4e.jpg,640,480,73,30.0,2.433333333333333,53.0928955078125,0.0648193359375,779.3232421875,0.8369676002880742,0.1626846194267273,10,False,data/local/local_citizen100_quality_audit_q82_cap14_exact/landmarks/GIVE/3b44cb4e.v17.npz,db797508cc0172001124acbf6ce207f56b299514c550ecb62d2fd3ba14212062,,0.9090909090909091,0.44873046875,0.96875,0.546875,GIVE,GIVE|CHILD|MAYBE|HUNGRY|LIKE,0.47704556584358215,GIVE,GIVE|COME|WE|OUR|CHILD,0.23861519992351532,tier_a_dual_top1
HAPPY,HAPPY,C_03_078,canonical_and_pinned_raw_text_equal,local_hex_unknown_session,data/raw_videos/ASL VIDEOS/HAPPY/72199624.mp4,data/local/ASL_hand_crops_av/HAPPY_72199624.jpg,640,480,23,30.0,0.7666666666666667,77.21380615234375,0.0,213.70840454101562,0.8515659965163791,0.18850255012512207,5,False,data/local/local_citizen100_quality_audit_q82_cap14_exact/landmarks/HAPPY/72199624.v17.npz,c1e931859d7c87c4acd0442ca572d45a6c92f939677e4dc5ac65c0ddaacbe1bb,,1.0,0.5,0.75,0.3828125,HAPPY,HAPPY|PLEASE|FEEL|MY|HAVE,0.7924633622169495,HAPPY,HAPPY|FEEL|PLEASE|BAD|EASY,0.9204092621803284,tier_a_dual_top1
HAPPY,HAPPY,C_03_078,canonical_and_pinned_raw_text_equal,local_hex_unknown_session,data/raw_videos/ASL VIDEOS/HAPPY/0e4fa166.mp4,data/local/ASL_hand_crops_av/HAPPY_0e4fa166.jpg,640,480,34,30.0,1.1333333333333333,57.11016845703125,0.14520263671875,1118.4454345703125,0.8594536357421239,0.09192848205566406,12,False,data/local/local_citizen100_quality_audit_q82_cap14_exact/landmarks/HAPPY/0e4fa166.v17.npz,07c57f0ac900ad656df02c923388f6f7b9bc68c9cbb4b2207bc06dd88a1f8829,,0.9411764705882353,0.53662109375,0.96875,0.9140625,HAPPY,HAPPY|MAYBE|GOOD|EASY|FEEL,0.3663461208343506,HAPPY,HAPPY|FEEL|BAD|EXCITED|CHILD,0.610328733921051,tier_a_dual_top1
HELLO,HELLO,D_02_055,canonical_and_pinned_raw_text_equal,local_hex_unknown_session,data/raw_videos/ASL VIDEOS/HELLO/ca3a21c7.mp4,data/local/ASL_hand_crops_av/HELLO_ca3a21c7.jpg,640,480,48,30.0,1.6,63.05010986328125,0.0736083984375,1228.564453125,0.895122782731206,0.09179627895355225,12,False,data/local/local_citizen100_quality_audit_q82_cap14_exact/landmarks/HELLO/ca3a21c7.v17.npz,320384d41d76e9fff09ba27399b3cc91853c8e6ed72ecb61c0d46cbe91cbc369,,1.0,0.5,0.84375,0.84375,HELLO,HELLO|WHY|KNOW|GOODBYE|HEAR,0.6296944618225098,HELLO,HELLO|WHY|KNOW|MOTHER|HEAR,0.8145688772201538,tier_a_dual_top1
HELLO,HELLO,D_02_055,canonical_and_pinned_raw_text_equal,local_hex_unknown_session,data/raw_videos/ASL VIDEOS/HELLO/22cbebc8.mp4,data/local/ASL_hand_crops_av/HELLO_22cbebc8.jpg,640,480,18,30.0,0.6,75.5096435546875,0.14007568359375,920.9100952148438,0.855310446941846,0.2433840036392212,4,False,data/local/local_citizen100_quality_audit_q82_cap14_exact/landmarks/HELLO/22cbebc8.v17.npz,822fb4f131a52843fadb4da11df5839af81a608d54bafb663f1e39868818ee57,,1.0,0.5,0.96875,0.96875,HELLO,HELLO|GOODBYE|HEAR|WHY|CHILD,0.46418461203575134,HELLO,HELLO|WHY|HEAR|MOTHER|KNOW,0.8311682343482971,tier_a_dual_top1
HOT,HOT,F_02_093,canonical_and_pinned_raw_text_equal,local_hex_unknown_session,data/raw_videos/ASL VIDEOS/HOT/b25fe1c7.mp4,data/local/ASL_hand_crops_av/HOT_b25fe1c7.jpg,640,480,28,30.0,0.9333333333333333,65.5843505859375,0.09661865234375,1283.760986328125,0.8710347323719412,0.26742804050445557,4,False,data/local/local_citizen100_quality_audit_q82_cap14_exact/landmarks/HOT/b25fe1c7.v17.npz,04e77dec22952f435eac63ed2201d65c14d55d7f3495e161345f72ebb313c1d1,,0.9130434782608695,0.425537109375,0.75,0.75,HOT,HOT|MOTHER|DRINK|BAD|WHO,0.9217283129692078,HOT,HOT|MOTHER|BAD|DRINK|SEE,0.9433104395866394,tier_a_dual_top1
HOT,HOT,F_02_093,canonical_and_pinned_raw_text_equal,local_hex_unknown_session,data/raw_videos/ASL VIDEOS/HOT/79d39652.mp4,data/local/ASL_hand_crops_av/HOT_79d39652.jpg,640,480,26,30.0,0.8666666666666667,70.8634033203125,0.0760498046875,1377.29248046875,0.8802888906854087,0.1814367175102234,5,False,data/local/local_citizen100_quality_audit_q82_cap14_exact/landmarks/HOT/79d39652.v17.npz,94343520fee82bf529df0681f5cfd045bf07130f0026d6b3c3e0c6650c9223ef,,0.9090909090909091,0.452392578125,0.78125,0.78125,HOT,HOT|BAD|TOMORROW|COME|WHY,0.6806579232215881,HOT,HOT|COME|BAD|THANKYOU|TOMORROW,0.8347590565681458,tier_a_dual_top1
HOT,HOT,F_02_093,canonical_and_pinned_raw_text_equal,local_hex_unknown_session,data/raw_videos/ASL VIDEOS/HOT/0470cc84.mp4,data/local/ASL_hand_crops_av/HOT_0470cc84.jpg,640,480,32,30.0,1.0666666666666667,90.3099365234375,0.0,228.068603515625,0.9027206395501324,0.5356189906597137,2,False,data/local/local_citizen100_quality_audit_q82_cap14_exact/landmarks/HOT/0470cc84.v17.npz,c2277c926fe3e11976b51b86a1aa0ca4600f65ad3df3321688894e74f6a14d4a,,1.0,0.5,0.78125,0.71875,HOT,HOT|DRINK|TOMORROW|THEY|THANKYOU,0.6557332277297974,HOT,HOT|THANKYOU|GOOD|MOTHER|EAT,0.6703711152076721,tier_a_dual_top1
HOT,HOT,F_02_093,canonical_and_pinned_raw_text_equal,local_hex_unknown_session,data/raw_videos/ASL VIDEOS/HOT/d9f7bdd6.mp4,data/local/ASL_hand_crops_av/HOT_d9f7bdd6.jpg,640,480,34,30.0,1.1333333333333333,59.414306640625,0.1136474609375,1774.121826171875,0.8685770312686496,0.1680588722229004,7,False,data/local/local_citizen100_quality_audit_q82_cap14_exact/landmarks/HOT/d9f7bdd6.v17.npz,b7448454a3fa125b8457f5eb795dc66c735a088815725433a87147462e3148fc,,1.0,0.499267578125,0.96875,0.1328125,HOT,HOT|MOTHER|DRINK|BAD|SEE,0.7684555649757385,HOT,HOT|DRINK|MOTHER|BAD|YOUR,0.6299475431442261,tier_a_dual_top1
IMPORTANT,IMPORTANT,B_01_081,canonical_and_pinned_raw_text_equal,local_hex_unknown_session,data/raw_videos/ASL VIDEOS/IMPORTANT/b3203530.mp4,data/local/ASL_hand_crops_av/IMPORTANT_b3203530.jpg,640,480,34,30.0,1.1333333333333333,76.03558349609375,0.0643310546875,1454.111083984375,0.910427206087004,0.08776187896728516,13,False,data/local/local_citizen100_quality_audit_q82_cap14_exact/landmarks/IMPORTANT/b3203530.v17.npz,04f10386c6fa02356c7d58baa4138111ccba918ba858e3c47369152ac7c5f407,,0.8461538461538461,0.8251953125,0.65625,0.421875,IMPORTANT,IMPORTANT|FAMILY|FIND|ANSWER|WORK,0.9153041839599609,IMPORTANT,IMPORTANT|FIND|FAMILY|LANGUAGE|SAME,0.9283022880554199,tier_a_dual_top1
IMPORTANT,IMPORTANT,B_01_081,canonical_and_pinned_raw_text_equal,local_hex_unknown_session,data/raw_videos/ASL VIDEOS/IMPORTANT/40a5a5bf.mp4,data/local/ASL_hand_crops_av/IMPORTANT_40a5a5bf.jpg,640,480,38,30.0,1.2666666666666666,82.27178955078125,0.0,229.29251098632812,0.8977939462735498,0.14241129159927368,7,False,data/local/local_citizen100_quality_audit_q82_cap14_exact/landmarks/IMPORTANT/40a5a5bf.v17.npz,782efb97ab9ae22d96e9049b45494538e5092664a564743652e056d8fe551cff,,0.8,0.73974609375,0.9375,0.65625,IMPORTANT,IMPORTANT|FAMILY|FIND|LANGUAGE|READ,0.9215051531791687,IMPORTANT,IMPORTANT|FIND|FAMILY|LANGUAGE|SAME,0.9062219262123108,tier_a_dual_top1
IMPORTANT,IMPORTANT,B_01_081,canonical_and_pinned_raw_text_equal,local_hex_unknown_session,data/raw_videos/ASL VIDEOS/IMPORTANT/2b331b1a.mp4,data/local/ASL_hand_crops_av/IMPORTANT_2b331b1a.jpg,640,480,39,30.0,1.3,68.98736572265625,0.0784912109375,3071.90380859375,0.9011446363319872,0.15058887004852295,6,False,data/local/local_citizen100_quality_audit_q82_cap14_exact/landmarks/IMPORTANT/2b331b1a.v17.npz,ace1cc79fcdb72454b648b2e9c03c0e21a1ab94fecc864f32f65562fe2119ce4,,0.9428571428571428,0.833984375,0.6875,0.25,IMPORTANT,IMPORTANT|FIND|ANSWER|FAMILY|WORK,0.9094545841217041,IMPORTANT,IMPORTANT|FIND|READY|FAMILY|LANGUAGE,0.8885204792022705,tier_a_dual_top1
IMPORTANT,IMPORTANT,B_01_081,canonical_and_pinned_raw_text_equal,local_hex_unknown_session,data/raw_videos/ASL VIDEOS/IMPORTANT/c59ab64b.mp4,data/local/ASL_hand_crops_av/IMPORTANT_c59ab64b.jpg,640,480,38,30.0,1.2666666666666666,74.135498046875,0.0,202.58566284179688,0.873825821964991,0.09084177017211914,14,False,data/local/local_citizen100_quality_audit_q82_cap14_exact/landmarks/IMPORTANT/c59ab64b.v17.npz,f747685c28f28e1190ad73004fccf490e120f3e10bd425ae3b4422a0575b93a7,,0.8823529411764706,0.8037109375,0.71875,0.4921875,IMPORTANT,IMPORTANT|READ|READY|LANGUAGE|FAMILY,0.8721573352813721,IMPORTANT,IMPORTANT|FIND|FAMILY|SAME|YOUR,0.9025968909263611,tier_a_dual_top1
IMPORTANT,IMPORTANT,B_01_081,canonical_and_pinned_raw_text_equal,local_hex_unknown_session,data/raw_videos/ASL VIDEOS/IMPORTANT/9b957be4.mp4,data/local/ASL_hand_crops_av/IMPORTANT_9b957be4.jpg,640,480,34,30.0,1.1333333333333333,95.0469970703125,0.0,282.6039123535156,0.9266209119627467,0.10436326265335083,8,False,data/local/local_citizen100_quality_audit_q82_cap14_exact/landmarks/IMPORTANT/9b957be4.v17.npz,c9e840512a070d7d91373199ada29164cc3b1ad2ff0829a0f5307b9a250a06de,,0.8620689655172413,0.83251953125,0.875,0.6015625,IMPORTANT,IMPORTANT|FIND|FAMILY|READ|LANGUAGE,0.9032576680183411,IMPORTANT,IMPORTANT|FIND|FAMILY|LANGUAGE|SAME,0.8621242642402649,tier_a_dual_top1
IMPORTANT,IMPORTANT,B_01_081,canonical_and_pinned_raw_text_equal,local_hex_unknown_session,data/raw_videos/ASL VIDEOS/IMPORTANT/a0010097.mp4,data/local/ASL_hand_crops_av/IMPORTANT_a0010097.jpg,640,480,41,30.0,1.3666666666666667,89.9293212890625,0.0,204.2933349609375,0.9093466936691904,0.10826683044433594,9,False,data/local/local_citizen100_quality_audit_q82_cap14_exact/landmarks/IMPORTANT/a0010097.v17.npz,693c93578639fb91a977a45b74888c2a004cb8af90761914cdcaf5997fb06ffa,,0.8823529411764706,0.79833984375,0.71875,0.375,IMPORTANT,IMPORTANT|FAMILY|LANGUAGE|READ|FIND,0.867902934551239,IMPORTANT,IMPORTANT|FAMILY|FIND|READ|TIME,0.8582265377044678,tier_a_dual_top1
IMPORTANT,IMPORTANT,B_01_081,canonical_and_pinned_raw_text_equal,local_hex_unknown_session,data/raw_videos/ASL VIDEOS/IMPORTANT/2d585d5d.mp4,data/local/ASL_hand_crops_av/IMPORTANT_2d585d5d.jpg,640,480,34,30.0,1.1333333333333333,100.22149658203125,0.0,261.5657958984375,0.930135646541157,0.5969118475914001,2,False,data/local/local_citizen100_quality_audit_q82_cap14_exact/landmarks/IMPORTANT/2d585d5d.v17.npz,a6dbaa4043f263568045f680fa4330e845d84be9d5592024a787003fb8047bcc,,0.8666666666666667,0.8408203125,0.59375,0.59375,IMPORTANT,IMPORTANT|FIND|FAMILY|ANSWER|READ,0.8412169814109802,IMPORTANT,IMPORTANT|FIND|FAMILY|LANGUAGE|TIME,0.8663133978843689,tier_a_dual_top1
IMPORTANT,IMPORTANT,B_01_081,canonical_and_pinned_raw_text_equal,local_hex_unknown_session,data/raw_videos/ASL VIDEOS/IMPORTANT/45f4d443.mp4,data/local/ASL_hand_crops_av/IMPORTANT_45f4d443.jpg,640,480,43,30.0,1.4333333333333333,46.503662109375,0.16363525390625,1475.74951171875,0.8484610964200408,0.121063232421875,10,False,data/local/local_citizen100_quality_audit_q82_cap14_exact/landmarks/IMPORTANT/45f4d443.v17.npz,113b22b5f87e7f476177bf753ebf21190dbcce3b2a2b198f50b1e39cffdee9ab,,0.9210526315789473,0.83642578125,0.84375,0.5546875,IMPORTANT,IMPORTANT|FAMILY|FIND|LANGUAGE|ANSWER,0.8566288352012634,IMPORTANT,IMPORTANT|FAMILY|FIND|MAN|READ,0.6770397424697876,tier_a_dual_top1
IMPORTANT,IMPORTANT,B_01_081,canonical_and_pinned_raw_text_equal,local_hex_unknown_session,data/raw_videos/ASL VIDEOS/IMPORTANT/1c184d77.mp4,data/local/ASL_hand_crops_av/IMPORTANT_1c184d77.jpg,640,480,31,30.0,1.0333333333333334,84.26702880859375,0.0,198.3914794921875,0.8815144158182752,0.20091032981872559,5,False,data/local/local_citizen100_quality_audit_q82_cap14_exact/landmarks/IMPORTANT/1c184d77.v17.npz,a9c0e22154602a5c9e5a31bd1f537a2b47077ec5b72c21e0b993020c7b262278,,0.896551724137931,0.88916015625,0.5625,0.5,IMPORTANT,IMPORTANT|FAMILY|FIND|READ|ANSWER,0.8399166464805603,IMPORTANT,IMPORTANT|FIND|FAMILY|TIME|YOUR,0.5093694925308228,tier_a_dual_top1
IMPORTANT,IMPORTANT,B_01_081,canonical_and_pinned_raw_text_equal,local_hex_unknown_session,data/raw_videos/ASL VIDEOS/IMPORTANT/6155cb06.mp4,data/local/ASL_hand_crops_av/IMPORTANT_6155cb06.jpg,640,480,39,30.0,1.3,84.5911865234375,0.0,199.71324157714844,0.8959124294957893,0.09274804592132568,12,False,data/local/local_citizen100_quality_audit_q82_cap14_exact/landmarks/IMPORTANT/6155cb06.v17.npz,de453eab2e199da5fccdf4465abf0cd8e4a2f10bb70c00b2c3a1a9e9d4266549,,0.8857142857142857,0.80810546875,0.6875,0.578125,IMPORTANT,IMPORTANT|ANSWER|READ|FAMILY|NIGHT,0.4715360701084137,IMPORTANT,IMPORTANT|FIND|READ|NO|LEARN,0.6534356474876404,tier_a_dual_top1
IMPORTANT,IMPORTANT,B_01_081,canonical_and_pinned_raw_text_equal,local_hex_unknown_session,data/raw_videos/ASL VIDEOS/IMPORTANT/671bad47.mp4,data/local/ASL_hand_crops_av/IMPORTANT_671bad47.jpg,640,480,42,30.0,1.4,82.147705078125,0.0,209.66754150390625,0.8968182435989143,0.10398072004318237,11,False,data/local/local_citizen100_quality_audit_q82_cap14_exact/landmarks/IMPORTANT/671bad47.v17.npz,fea172dcbb9a00553907010f0bc22dfa94fe5984be65ed2f7c2409353d0e822b,,0.8918918918918919,0.81787109375,0.875,0.765625,IMPORTANT,IMPORTANT|READ|WRITE|FAMILY|LEARN,0.3381955027580261,IMPORTANT,IMPORTANT|READ|FIND|SAME|NIGHT,0.28264474868774414,tier_a_dual_top1
KNOW,KNOW,C_01_048,canonical_and_pinned_raw_text_equal,local_hex_unknown_session,data/raw_videos/ASL VIDEOS/KNOW/dc9dc051.mp4,data/local/ASL_hand_crops_av/KNOW_dc9dc051.jpg,640,480,53,30.0,1.7666666666666666,89.0545654296875,0.0,547.0109252929688,0.9596183046089037,,1,False,data/local/local_citizen100_quality_audit_q82_cap14_exact/landmarks/KNOW/dc9dc051.v17.npz,1ff3d236d9ab438c13086afb04812c844c13341cb92659645d19878aefc20d52,,0.9545454545454546,0.462890625,0.75,0.4375,KNOW,KNOW|HOME|SLEEP|HEAR|HELLO,0.8233247995376587,KNOW,KNOW|WHY|HELLO|HOME|HEAR,0.7227650284767151,tier_a_dual_top1
KNOW,KNOW,C_01_048,canonical_and_pinned_raw_text_equal,local_hex_unknown_session,data/raw_videos/ASL VIDEOS/KNOW/fa5a7b5d.mp4,data/local/ASL_hand_crops_av/KNOW_fa5a7b5d.jpg,640,480,31,30.0,1.0333333333333334,122.28985595703125,0.0,121.2606430053711,0.9008177969808681,0.21130013465881348,9,False,data/local/local_citizen100_quality_audit_q82_cap14_exact/landmarks/KNOW/fa5a7b5d.v17.npz,c3cf74c402b956013dc05b8408f764e8ed91f1f2e56307ec7c91bb9626b0b0ee,,0.8888888888888888,0.453125,0.5,0.03125,KNOW,KNOW|WHY|COME|HOME|EAT,0.6793645024299622,KNOW,KNOW|WHY|THINK|SICK|MORNING,0.7306139469146729,tier_a_dual_top1
KNOW,KNOW,C_01_048,canonical_and_pinned_raw_text_equal,local_hex_unknown_session,data/raw_videos/ASL VIDEOS/KNOW/7f4f5860.mp4,data/local/ASL_hand_crops_av/KNOW_7f4f5860.jpg,640,480,35,30.0,1.1666666666666667,60.82318115234375,0.20001220703125,1791.253173828125,0.8600395310300746,0.335613489151001,6,False,data/local/local_citizen100_quality_audit_q82_cap14_exact/landmarks/KNOW/7f4f5860.v17.npz,77413f384afd042f1c0d1c8740c633b51aa4d128ba15a48977407ff39f93deac,,1.0,0.5,0.9375,0.703125,KNOW,KNOW|WHY|HOME|HELLO|DOCTOR,0.6768417954444885,KNOW,KNOW|WHY|THINK|HOME|SICK,0.54964679479599,tier_a_dual_top1
KNOW,KNOW,C_01_048,canonical_and_pinned_raw_text_equal,local_hex_unknown_session,data/raw_videos/ASL VIDEOS/KNOW/5eeab450.mp4,data/local/ASL_hand_crops_av/KNOW_5eeab450.jpg,640,480,55,30.0,1.8333333333333333,39.9945068359375,0.22332763671875,689.4722900390625,0.8289825426070966,0.4270091652870178,4,False,data/local/local_citizen100_quality_audit_q82_cap14_exact/landmarks/KNOW/5eeab450.v17.npz,6284822dab481e02a6716da4c03e2fe56a6f8e3b31189435c11cb409670ca0a5,,0.9545454545454546,0.46875,0.75,0.0,KNOW,KNOW|MORNING|WHY|SICK|STOP,0.45826226472854614,KNOW,KNOW|THINK|FATHER|WHY|COME,0.9010400176048279,tier_a_dual_top1
KNOW,KNOW,C_01_048,canonical_and_pinned_raw_text_equal,local_hex_unknown_session,data/raw_videos/ASL VIDEOS/KNOW/d04c0573.mp4,data/local/ASL_hand_crops_av/KNOW_d04c0573.jpg,640,480,32,30.0,1.0666666666666667,54.9735107421875,0.232177734375,1114.950927734375,0.8395009042816939,0.17271125316619873,12,False,data/local/local_citizen100_quality_audit_q82_cap14_exact/landmarks/KNOW/d04c0573.v17.npz,5e5314a3e1e094c5f9ad6f24df31ed4e8deb39d26c5d594257d13fd16836091d,,1.0,0.5,0.78125,0.015625,KNOW,KNOW|WHY|COME|DOCTOR|CHILD,0.36876049637794495,KNOW,KNOW|WHY|SICK|THINK|HOME,0.8830661177635193,tier_a_dual_top1
KNOW,KNOW,C_01_048,canonical_and_pinned_raw_text_equal,local_hex_unknown_session,data/raw_videos/ASL VIDEOS/KNOW/5d9c15f2.mp4,data/local/ASL_hand_crops_av/KNOW_5d9c15f2.jpg,640,480,31,30.0,1.0333333333333334,104.9144287109375,0.0,105.56322479248047,0.8796471560031888,0.2846943140029907,8,False,data/local/local_citizen100_quality_audit_q82_cap14_exact/landmarks/KNOW/5d9c15f2.v17.npz,af73238f6b9e59f21c9b48ba82036c01d9b47e6b7d3cc4e5c1c95e176436e7c5,,0.875,0.4375,0.5625,0.421875,KNOW,KNOW|HOME|EAT|WHY|SLEEP,0.30888232588768005,KNOW,KNOW|MORNING|WHY|EAT|UNDERSTAND,0.36850693821907043,tier_a_dual_top1
KNOW,KNOW,C_01_048,canonical_and_pinned_raw_text_equal,local_hex_unknown_session,data/raw_videos/ASL VIDEOS/KNOW/fa393391.mp4,data/local/ASL_hand_crops_av/KNOW_fa393391.jpg,640,480,15,30.0,0.5,122.92852783203125,0.0162353515625,5202.43505859375,0.9329114121062307,0.19529008865356445,10,False,data/local/local_citizen100_quality_audit_q82_cap14_exact/landmarks/KNOW/fa393391.v17.npz,7743937d50c53e21e75ead83594bd9b59e16be4b9f40252e09a4b6a29e693ec0,,1.0,0.5,0.59375,0.0,KNOW,KNOW|HELLO|SMALL|STOP|WHY,0.2536209225654602,KNOW,KNOW|WHY|MORNING|FATHER|SICK,0.9078377485275269,tier_a_dual_top1
KNOW,KNOW,C_01_048,canonical_and_pinned_raw_text_equal,local_hex_unknown_session,data/raw_videos/ASL VIDEOS/KNOW/b5497a7a.mp4,data/local/ASL_hand_crops_av/KNOW_b5497a7a.jpg,640,480,16,30.0,0.5333333333333333,131.2396240234375,0.01690673828125,4843.55712890625,0.9362610551509168,0.4458322525024414,3,False,data/local/local_citizen100_quality_audit_q82_cap14_exact/landmarks/KNOW/b5497a7a.v17.npz,3310d100c7dc335fd543e3aef858cb9240dbfb6a2e4eeaf52868818969767665,,1.0,0.5,0.5625,0.0,KNOW,KNOW|HELLO|SMALL|STOP|DOCTOR,0.23781226575374603,KNOW,KNOW|FATHER|WHY|MORNING|HEAR,0.9107236266136169,tier_a_dual_top1
LANGUAGE,LANGUAGE,A_01_067,canonical_and_pinned_raw_text_equal,local_hex_unknown_session,data/raw_videos/ASL VIDEOS/LANGUAGE/fc3542f4.mp4,data/local/ASL_hand_crops_av/LANGUAGE_fc3542f4.jpg,640,480,35,30.0,1.1666666666666667,92.1817626953125,0.07403564453125,1464.345458984375,0.9395537959137383,0.5921275615692139,2,False,data/local/local_citizen100_quality_audit_q82_cap14_exact/landmarks/LANGUAGE/fc3542f4.v17.npz,03b7c88b9df5094f8b3b5a3262983dd051a87897a75f6ed2d01eb3a1a60aec1b,,0.9333333333333333,0.837890625,0.84375,0.0234375,LANGUAGE,LANGUAGE|DIFFERENT|TIME|WEEK|WHEN,0.8764665722846985,LANGUAGE,LANGUAGE|DIFFERENT|TRY|IMPORTANT|WHEN,0.9290125370025635,tier_a_dual_top1
LANGUAGE,LANGUAGE,A_01_067,canonical_and_pinned_raw_text_equal,local_hex_unknown_session,data/raw_videos/ASL VIDEOS/LANGUAGE/7c4591e1.mp4,data/local/ASL_hand_crops_av/LANGUAGE_7c4591e1.jpg,640,480,35,30.0,1.1666666666666667,79.56463623046875,0.09820556640625,1130.729736328125,0.9125807112816116,0.21551501750946045,7,False,data/local/local_citizen100_quality_audit_q82_cap14_exact/landmarks/LANGUAGE/7c4591e1.v17.npz,377ad474a82383498780c80bdafce2e0429598292792e5d2e3389b2ab35125a0,,0.8928571428571429,0.73291015625,0.90625,0.0390625,LANGUAGE,LANGUAGE|WRITE|TRY|SAME|TIME,0.6987111568450928,LANGUAGE,LANGUAGE|TRY|SAME|GO|IMPORTANT,0.8861283659934998,tier_a_dual_top1
LANGUAGE,LANGUAGE,A_01_067,canonical_and_pinned_raw_text_equal,local_hex_unknown_session,data/raw_videos/ASL VIDEOS/LANGUAGE/ed455327.mp4,data/local/ASL_hand_crops_av/LANGUAGE_ed455327.jpg,640,480,37,30.0,1.2333333333333334,64.8994140625,0.12890625,1094.9576416015625,0.8819588767332367,0.1327916383743286,14,False,data/local/local_citizen100_quality_audit_q82_cap14_exact/landmarks/LANGUAGE/ed455327.v17.npz,5c56539f4e9077002fb283ce7b2b21021a81c755a7ada12aa9d54a9cb1cfadf0,,0.8620689655172413,0.84912109375,0.875,0.5859375,LANGUAGE,LANGUAGE|WHEN|DIFFERENT|WEEK|ANSWER,0.6869758367538452,LANGUAGE,LANGUAGE|WHEN|DIFFERENT|WEEK|ASK,0.8589804172515869,tier_a_dual_top1
LANGUAGE,LANGUAGE,A_01_067,canonical_and_pinned_raw_text_equal,local_hex_unknown_session,data/raw_videos/ASL VIDEOS/LANGUAGE/a20522da.mp4,data/local/ASL_hand_crops_av/LANGUAGE_a20522da.jpg,640,480,33,30.0,1.1,82.09796142578125,0.066650390625,1397.4879150390625,0.9199018812387522,0.1667841672897339,9,False,data/local/local_citizen100_quality_audit_q82_cap14_exact/landmarks/LANGUAGE/a20522da.v17.npz,c7a9fcdedce7168d7df2edac5018fdc271d0df4b9d40fdebe2f9f9d481d77f88,,0.8709677419354839,0.69921875,0.8125,0.421875,LANGUAGE,LANGUAGE|TRY|TIME|WRITE|GO,0.7702288031578064,LANGUAGE,LANGUAGE|TRY|GO|IMPORTANT|TIME,0.6168612241744995,tier_a_dual_top1
LANGUAGE,LANGUAGE,A_01_067,canonical_and_pinned_raw_text_equal,local_hex_unknown_session,data/raw_videos/ASL VIDEOS/LANGUAGE/4bd70667.mp4,data/local/ASL_hand_crops_av/LANGUAGE_4bd70667.jpg,640,480,60,30.0,2.0,55.02398681640625,0.17108154296875,426.17596435546875,0.8462519419433399,0.158294677734375,11,False,data/local/local_citizen100_quality_audit_q82_cap14_exact/landmarks/LANGUAGE/4bd70667.v17.npz,cd7cea3ca79941b0a5a3b691622d8d443314156edb9170c1b470db370b0df5d0,,0.9259259259259259,0.8525390625,0.90625,0.6484375,LANGUAGE,LANGUAGE|GO|YOU|DIFFERENT|ANSWER,0.38862454891204834,LANGUAGE,LANGUAGE|GO|YOU|SAME|FAMILY,0.8521926999092102,tier_a_dual_top1
LANGUAGE,LANGUAGE,A_01_067,canonical_and_pinned_raw_text_equal,local_hex_unknown_session,data/raw_videos/ASL VIDEOS/LANGUAGE/62778a7d.mp4,data/local/ASL_hand_crops_av/LANGUAGE_62778a7d.jpg,640,480,35,30.0,1.1666666666666667,68.22503662109375,0.0977783203125,1159.42041015625,0.890552942812944,0.14338582754135132,13,False,data/local/local_citizen100_quality_audit_q82_cap14_exact/landmarks/LANGUAGE/62778a7d.v17.npz,8d4c79fed53fbdeeaead6c1c93912a0c16fedc5383f9e033c33b362cb6b41bd5,,0.896551724137931,0.81005859375,0.875,0.59375,LANGUAGE,LANGUAGE|WHEN|WRITE|ANSWER|YOU,0.7089264988899231,LANGUAGE,LANGUAGE|GO|ANSWER|WHEN|YOU,0.3684985041618347,tier_a_dual_top1
LANGUAGE,LANGUAGE,A_01_067,canonical_and_pinned_raw_text_equal,local_hex_unknown_session,data/raw_videos/ASL VIDEOS/LANGUAGE/3f01bca7.mp4,data/local/ASL_hand_crops_av/LANGUAGE_3f01bca7.jpg,640,480,33,30.0,1.1,69.876953125,0.0826416015625,1203.7523193359375,0.892877237100388,0.21143019199371338,8,False,data/local/local_citizen100_quality_audit_q82_cap14_exact/landmarks/LANGUAGE/3f01bca7.v17.npz,52e5a632475aba635ef51cb812e0a593cdb213992ca189c074abaa613c9ca5e7,,0.8571428571428571,0.8310546875,0.90625,0.609375,LANGUAGE,LANGUAGE|WRITE|GO|FRIEND|WHEN,0.4294091463088989,LANGUAGE,LANGUAGE|GO|TRY|WHEN|WRITE,0.1718999147415161,tier_a_dual_top1
LEARN,LEARN,B_01_042,canonical_and_pinned_raw_text_equal,local_hex_unknown_session,data/raw_videos/ASL VIDEOS/LEARN/122fd087.mp4,data/local/ASL_hand_crops_av/LEARN_122fd087.jpg,640,480,29,30.0,0.9666666666666667,109.88421630859375,0.0,120.9930191040039,0.8882508416059004,0.21618139743804932,10,False,data/local/local_citizen100_quality_audit_q82_cap14_exact/landmarks/LEARN/122fd087.v17.npz,0de152e29eb0e6368d401b59aabcb8fb31b0ee0fc828c5440bed0e9988c4038d,,1.0,0.97607421875,0.875,0.875,LEARN,LEARN|MORNING|DAY|YEAR|LESS,0.8580241799354553,LEARN,LEARN|DAY|YEAR|SICK|MAN,0.8966774940490723,tier_a_dual_top1
LEARN,LEARN,B_01_042,canonical_and_pinned_raw_text_equal,local_hex_unknown_session,data/raw_videos/ASL VIDEOS/LEARN/6dfc00f0.mp4,data/local/ASL_hand_crops_av/LEARN_6dfc00f0.jpg,640,480,49,30.0,1.6333333333333333,56.083984375,0.20684814453125,863.962158203125,0.8617251182390018,0.5325114130973816,2,False,data/local/local_citizen100_quality_audit_q82_cap14_exact/landmarks/LEARN/6dfc00f0.v17.npz,d76cd158b9e9179a9e32ddce9014bd98507922ff444497ef0ad0abed519dd4b0,,0.875,0.771484375,0.8125,0.8125,LEARN,LEARN|LESS|MORNING|SICK|STOP,0.5477393269538879,LEARN,LEARN|LESS|SICK|MORNING|MORE,0.848675549030304,tier_a_dual_top1
LEARN,LEARN,B_01_042,canonical_and_pinned_raw_text_equal,local_hex_unknown_session,data/raw_videos/ASL VIDEOS/LEARN/f17a160d.mp4,data/local/ASL_hand_crops_av/LEARN_f17a160d.jpg,640,480,26,30.0,0.8666666666666667,108.8436279296875,0.01617431640625,2033.091796875,0.9555686532323178,0.3291163444519043,4,False,data/local/local_citizen100_quality_audit_q82_cap14_exact/landmarks/LEARN/f17a160d.v17.npz,65d4992db1e14061a58729d887825ef699dc696401de68d7d7acd3ab45d6a216,,1.0,0.9970703125,0.96875,0.2578125,LEARN,LEARN|LESS|MORNING|STOP|HOW,0.44201284646987915,LEARN,LEARN|NIGHT|LESS|MORNING|SICK,0.8976279497146606,tier_a_dual_top1
LEARN,LEARN,B_01_042,canonical_and_pinned_raw_text_equal,local_hex_unknown_session,data/raw_videos/ASL VIDEOS/LEARN/f7484b58.mp4,data/local/ASL_hand_crops_av/LEARN_f7484b58.jpg,640,480,31,30.0,1.0333333333333334,126.58868408203125,0.00433349609375,4841.21435546875,0.9799906083042625,0.15406042337417603,13,False,data/local/local_citizen100_quality_audit_q82_cap14_exact/landmarks/LEARN/f7484b58.v17.npz,b6304b5d5928110193e5cc1c109c6766e9e20a619cc96a02d4e68a6d631be466,,0.84,0.75537109375,0.6875,0.4375,LEARN,LEARN|LESS|MORNING|MORE|NIGHT,0.4410935640335083,LEARN,LEARN|HOME|DAY|LESS|NIGHT,0.89999920129776,tier_a_dual_top1
LEARN,LEARN,B_01_042,canonical_and_pinned_raw_text_equal,local_hex_unknown_session,data/raw_videos/ASL VIDEOS/LEARN/48db828c.mp4,data/local/ASL_hand_crops_av/LEARN_48db828c.jpg,640,480,29,30.0,0.9666666666666667,137.532958984375,0.0341796875,4350.619140625,0.965747299923659,0.26304441690444946,5,False,data/local/local_citizen100_quality_audit_q82_cap14_exact/landmarks/LEARN/48db828c.v17.npz,29d548206eea95b249f4917c98553ce2bfb5b8aff0be50aabe7b0170289a05a8,,0.84,0.7685546875,0.6875,0.515625,LEARN,LEARN|LESS|MORNING|MORE|HOW,0.3905526399612427,LEARN,LEARN|NIGHT|LESS|DAY|HOME,0.7650847434997559,tier_a_dual_top1
LEARN,LEARN,B_01_042,canonical_and_pinned_raw_text_equal,local_hex_unknown_session,data/raw_videos/ASL VIDEOS/LEARN/e6634440.mp4,data/local/ASL_hand_crops_av/LEARN_e6634440.jpg,640,480,38,30.0,1.2666666666666666,134.55322265625,0.00457763671875,5063.61865234375,0.9909318059651269,,1,False,data/local/local_citizen100_quality_audit_q82_cap14_exact/landmarks/LEARN/e6634440.v17.npz,ba8121cd5a03e5c34747741c263082c774e0a924fb63ee338e3eb2e9b5c85a5e,,0.8620689655172413,0.83251953125,0.875,0.875,LEARN,LEARN|LESS|MORNING|MORE|DAY,0.3794522285461426,LEARN,LEARN|LESS|HAPPY|SICK|HOME,0.8355197906494141,tier_a_dual_top1
LEARN,LEARN,B_01_042,canonical_and_pinned_raw_text_equal,local_hex_unknown_session,data/raw_videos/ASL VIDEOS/LEARN/34e64ba1.mp4,data/local/ASL_hand_crops_av/LEARN_34e64ba1.jpg,640,480,26,30.0,0.8666666666666667,118.39483642578125,0.0,136.49835205078125,0.8940732354322989,0.19747072458267212,11,False,data/local/local_citizen100_quality_audit_q82_cap14_exact/landmarks/LEARN/34e64ba1.v17.npz,c951c4f8140721b7d74bb031fd560b1a64f87a3695cab77f752d7a36a40be8f9,,1.0,0.9912109375,0.96875,0.734375,LEARN,LEARN|MORNING|LESS|DAY|NAME,0.3757120966911316,LEARN,LEARN|LESS|DAY|MORNING|SICK,0.704518735408783,tier_a_dual_top1
LEARN,LEARN,B_01_042,canonical_and_pinned_raw_text_equal,local_hex_unknown_session,data/raw_videos/ASL VIDEOS/LEARN/3fcc070a.mp4,data/local/ASL_hand_crops_av/LEARN_3fcc070a.jpg,640,480,32,30.0,1.0666666666666667,134.73394775390625,0.02069091796875,3147.130859375,0.9767905901809504,0.1679677963256836,12,False,data/local/local_citizen100_quality_audit_q82_cap14_exact/landmarks/LEARN/3fcc070a.v17.npz,c8762761ce724282ab04f0db352369dc668cd9b8c56f63cc441ad734e8206a63,,0.84,0.818359375,0.6875,0.6875,LEARN,LEARN|LESS|MORNING|DAY|MORE,0.36512014269828796,LEARN,LEARN|HOME|NIGHT|MORNING|LESS,0.8932930827140808,tier_a_dual_top1
LEARN,LEARN,B_01_042,canonical_and_pinned_raw_text_equal,local_hex_unknown_session,data/raw_videos/ASL VIDEOS/LEARN/8c2716c3.mp4,data/local/ASL_hand_crops_av/LEARN_8c2716c3.jpg,640,480,26,30.0,0.8666666666666667,118.8350830078125,0.0093994140625,5213.63916015625,0.9647684586283221,0.2590940594673157,7,False,data/local/local_citizen100_quality_audit_q82_cap14_exact/landmarks/LEARN/8c2716c3.v17.npz,9c962eda53d59ae246c48289beb22c07c30560d1ec9995ecfc7bf1faf97ce365,,0.8636363636363636,0.80419921875,0.78125,0.2109375,LEARN,LEARN|LESS|MORNING|MORE|DAY,0.3529164493083954,LEARN,LEARN|DAY|LESS|NIGHT|MORNING,0.7610542178153992,tier_a_dual_top1
LESS,LESS,E_02_043,canonical_and_pinned_raw_text_equal,local_hex_unknown_session,data/raw_videos/ASL VIDEOS/LESS/47f16fd8.mp4,data/local/ASL_hand_crops_av/LESS_47f16fd8.jpg,640,480,48,30.0,1.6,62.3958740234375,0.06573486328125,1812.30859375,0.8949776124313531,0.4585533142089844,2,False,data/local/local_citizen100_quality_audit_q82_cap14_exact/landmarks/LESS/47f16fd8.v17.npz,a406aaf25f0dc4d4568687013c5e102e11a077f93141cd3d9a07ae6cfe586c45,,1.0,1.0,0.84375,0.84375,LESS,LESS|MORE|DOCTOR|NIGHT|MORNING,0.8267970681190491,LESS,LESS|LEARN|DOCTOR|STOP|MORE,0.8828170299530029,tier_a_dual_top1
LESS,LESS,E_02_043,canonical_and_pinned_raw_text_equal,local_hex_unknown_session,data/raw_videos/ASL VIDEOS/LESS/869e6889.mp4,data/local/ASL_hand_crops_av/LESS_869e6889.jpg,640,480,42,30.0,1.4,84.84893798828125,0.12652587890625,1362.9195556640625,0.9252051855685559,0.12302261590957642,12,False,data/local/local_citizen100_quality_audit_q82_cap14_exact/landmarks/LESS/869e6889.v17.npz,3690a2432463ffdfad20ec1806d69f981a9079d850ff9fe5cd4825693dab5bcd,,1.0,0.81396484375,0.96875,0.515625,LESS,LESS|MORNING|DOCTOR|MORE|DAY,0.808306872844696,LESS,LESS|SICK|LEARN|MORNING|MAN,0.895862877368927,tier_a_dual_top1
LESS,LESS,E_02_043,canonical_and_pinned_raw_text_equal,local_hex_unknown_session,data/raw_videos/ASL VIDEOS/LESS/6db34606.mp4,data/local/ASL_hand_crops_av/LESS_6db34606.jpg,640,480,34,30.0,1.1333333333333333,101.671142578125,0.097412109375,1470.807373046875,0.9459627401981152,,1,False,data/local/local_citizen100_quality_audit_q82_cap14_exact/landmarks/LESS/6db34606.v17.npz,39488cb172a50d637bee0b35863d158cd38b479e2be87d88f70a3befbd86fa89,,1.0,0.79931640625,0.96875,0.484375,LESS,LESS|DOCTOR|NIGHT|MORE|SCHOOL,0.749498188495636,LESS,LESS|LEARN|BAD|READ|HAPPY,0.7965561747550964,tier_a_dual_top1
LESS,LESS,E_02_043,canonical_and_pinned_raw_text_equal,local_hex_unknown_session,data/raw_videos/ASL VIDEOS/LESS/834509ab.mp4,data/local/ASL_hand_crops_av/LESS_834509ab.jpg,640,480,29,30.0,0.9666666666666667,92.2572021484375,0.10986328125,1222.312255859375,0.9198723839242863,0.26616334915161133,5,False,data/local/local_citizen100_quality_audit_q82_cap14_exact/landmarks/LESS/834509ab.v17.npz,b3860eb582332183d32ae202ee19a285f311edbe943c2e0899c8850f5c99eaae,,1.0,0.77099609375,0.875,0.453125,LESS,LESS|DOCTOR|LEARN|MORE|MORNING,0.7338242530822754,LESS,LESS|LEARN|MAN|SICK|STOP,0.8505837917327881,tier_a_dual_top1
LESS,LESS,E_02_043,canonical_and_pinned_raw_text_equal,local_hex_unknown_session,data/raw_videos/ASL VIDEOS/LESS/62658705.mp4,data/local/ASL_hand_crops_av/LESS_62658705.jpg,640,480,31,30.0,1.0333333333333334,94.4429931640625,0.11566162109375,1470.3408203125,0.9262797544983193,0.1140984296798706,14,False,data/local/local_citizen100_quality_audit_q82_cap14_exact/landmarks/LESS/62658705.v17.npz,b78938a76870eacc2cc2b3f6292c26f3d94c9e6d546c6b74cb278ea91206af4e,,1.0,0.79248046875,0.8125,0.421875,LESS,LESS|DOCTOR|STOP|EASY|TIRED,0.6353985667228699,LESS,LESS|LEARN|BAD|STOP|SICK,0.939536988735199,tier_a_dual_top1
LESS,LESS,E_02_043,canonical_and_pinned_raw_text_equal,local_hex_unknown_session,data/raw_videos/ASL VIDEOS/LESS/a8a10da7.mp4,data/local/ASL_hand_crops_av/LESS_a8a10da7.jpg,640,480,31,30.0,1.0333333333333334,87.1427001953125,0.11895751953125,1344.4478759765625,0.9141946649311453,0.15341293811798096,10,False,data/local/local_citizen100_quality_audit_q82_cap14_exact/landmarks/LESS/a8a10da7.v17.npz,148828db79bcb13ef2d92cad936edc907eee33493ae98afde99d96c239b6bc93,,1.0,0.84228515625,0.8125,0.4296875,LESS,LESS|DOCTOR|STOP|NIGHT|NAME,0.43916264176368713,LESS,LESS|LEARN|DOCTOR|BAD|STOP,0.9262905716896057,tier_a_dual_top1
LESS,LESS,E_02_043,canonical_and_pinned_raw_text_equal,local_hex_unknown_session,data/raw_videos/ASL VIDEOS/LESS/e5cf4159.mp4,data/local/ASL_hand_crops_av/LESS_e5cf4159.jpg,640,480,43,30.0,1.4333333333333333,67.193115234375,0.06463623046875,900.7438354492188,0.9035289377669575,0.16310805082321167,7,False,data/local/local_citizen100_quality_audit_q82_cap14_exact/landmarks/LESS/e5cf4159.v17.npz,df76dafcc1e32a8d8d87b2c14c91875f13fc3985258b0855fa6dd1c869effd2f,,1.0,1.0,0.9375,0.9375,LESS,LESS|DOCTOR|STOP|EASY|MORE,0.36238205432891846,LESS,LESS|LEARN|DOCTOR|STOP|BAD,0.8204222917556763,tier_a_dual_top1
LIKE,LIKE,F_03_063,canonical_and_pinned_raw_text_equal,local_hex_unknown_session,data/raw_videos/ASL VIDEOS/LIKE/38e3212c.mp4,data/local/ASL_hand_crops_av/LIKE_38e3212c.jpg,640,480,17,30.0,0.5666666666666667,146.17889404296875,0.0150146484375,3695.241455078125,0.9312404001401763,0.19195759296417236,11,False,data/local/local_citizen100_quality_audit_q82_cap14_exact/landmarks/LIKE/38e3212c.v17.npz,81e9e50a2dfa4d429bf14826397fb90ed930d62a0f494b5785e628df1b029c67,,1.0,0.5,1.0,0.8828125,LIKE,LIKE|FEEL|THEY|WEEK|NAME,0.9352659583091736,LIKE,LIKE|FEEL|THEY|NAME|PLEASE,0.9197702407836914,tier_a_dual_top1
LIKE,LIKE,F_03_063,canonical_and_pinned_raw_text_equal,local_hex_unknown_session,data/raw_videos/ASL VIDEOS/LIKE/ea1233a4.mp4,data/local/ASL_hand_crops_av/LIKE_ea1233a4.jpg,640,480,19,30.0,0.6333333333333333,134.30865478515625,0.00335693359375,4689.44580078125,0.9479554514250821,0.17395484447479248,14,False,data/local/local_citizen100_quality_audit_q82_cap14_exact/landmarks/LIKE/ea1233a4.v17.npz,54e4a7d3a7098715701124fa6e1d5ebc09ca33df81f6d0ad63372506210c5338,,1.0,0.5,0.5,0.359375,LIKE,LIKE|THEY|FEEL|GIVE|NAME,0.888407826423645,LIKE,LIKE|FEEL|GIVE|NAME|WHEN,0.9702840447425842,tier_a_dual_top1
LIKE,LIKE,F_03_063,canonical_and_pinned_raw_text_equal,local_hex_unknown_session,data/raw_videos/ASL VIDEOS/LIKE/6c54239f.mp4,data/local/ASL_hand_crops_av/LIKE_6c54239f.jpg,640,480,22,30.0,0.7333333333333333,124.7169189453125,0.0015869140625,3212.365234375,0.9579224191539534,0.2908424139022827,7,False,data/local/local_citizen100_quality_audit_q82_cap14_exact/landmarks/LIKE/6c54239f.v17.npz,b77b04530d072dc5629c11b18db149e3d78a816a1345896e6763ec9cac9adeee,,1.0,0.5,0.78125,0.6875,LIKE,LIKE|THEY|TELL|FEEL|NAME,0.8102518320083618,LIKE,LIKE|FEEL|I|THEY|TELL,0.8774852156639099,tier_a_dual_top1
LIKE,LIKE,F_03_063,canonical_and_pinned_raw_text_equal,local_hex_unknown_session,data/raw_videos/ASL VIDEOS/LIKE/80c84b6c.mp4,data/local/ASL_hand_crops_av/LIKE_80c84b6c.jpg,640,480,26,30.0,0.8666666666666667,93.5802001953125,0.04022216796875,2033.359130859375,0.9298389674042937,0.3275343179702759,5,False,data/local/local_citizen100_quality_audit_q82_cap14_exact/landmarks/LIKE/80c84b6c.v17.npz,162515a639033b16e8bb3111fd65cbf215dd6e4750b78db8728bf328251e5250,,0.9230769230769231,0.42333984375,0.96875,0.0234375,LIKE,LIKE|FEEL|THEY|WEEK|NAME,0.7573826313018799,LIKE,LIKE|FEEL|MY|THEY|WEEK,0.961061418056488,tier_a_dual_top1
LIKE,LIKE,F_03_063,canonical_and_pinned_raw_text_equal,local_hex_unknown_session,data/raw_videos/ASL VIDEOS/LIKE/8bfb8260.mp4,data/local/ASL_hand_crops_av/LIKE_8bfb8260.jpg,640,480,30,30.0,1.0,74.8638916015625,0.1600341796875,1046.157958984375,0.8825475611060565,0.1986161470413208,13,False,data/local/local_citizen100_quality_audit_q82_cap14_exact/landmarks/LIKE/8bfb8260.v17.npz,d1e9cd5d42d82383ac6b3a25c28a3811c4ab247baf524a592611e96aaeba89e3,,1.0,0.5439453125,0.84375,0.640625,LIKE,LIKE|MY|PLEASE|HUNGRY|FEEL,0.5845925211906433,LIKE,LIKE|PLEASE|FEEL|HUNGRY|DOCTOR,0.7937024831771851,tier_a_dual_top1
LIKE,LIKE,F_03_063,canonical_and_pinned_raw_text_equal,local_hex_unknown_session,data/raw_videos/ASL VIDEOS/LIKE/ea951476.mp4,data/local/ASL_hand_crops_av/LIKE_ea951476.jpg,640,480,51,30.0,1.7,45.91595458984375,0.200927734375,414.6258544921875,0.8335535289331508,0.38974279165267944,3,False,data/local/local_citizen100_quality_audit_q82_cap14_exact/landmarks/LIKE/ea951476.v17.npz,9e4dda041e38d11f4643a08ad4dcd605b3fc0b92cea6e06f9c6b937f1908dbae,,1.0,0.75,0.96875,0.859375,LIKE,LIKE|MY|SCHOOL|PLEASE|NIGHT,0.34409332275390625,LIKE,LIKE|PLEASE|FEEL|WE|SCHOOL,0.7260125279426575,tier_a_dual_top1
LOVE,LOVE,G_01_068,canonical_and_pinned_raw_text_equal,local_hex_unknown_session,data/raw_videos/ASL VIDEOS/LOVE/83195aa7.mp4,data/local/ASL_hand_crops_av/LOVE_83195aa7.jpg,640,480,54,30.0,1.8,89.78076171875,0.0,629.4066162109375,0.9601879102309667,0.4992167353630066,2,False,data/local/local_citizen100_quality_audit_q82_cap14_exact/landmarks/LOVE/83195aa7.v17.npz,00e0b74e69a8ac0769651549d7e2986f79efac85f7b358a3f43227abe0b46990,,0.925,0.8193359375,0.8125,0.765625,LOVE,LOVE|MAKE|YEAR|HOSPITAL|HELP,0.9157472848892212,LOVE,LOVE|MAKE|HOSPITAL|HE|MORNING,0.9281718134880066,tier_a_dual_top1
LOVE,LOVE,G_01_068,canonical_and_pinned_raw_text_equal,local_hex_unknown_session,data/raw_videos/ASL VIDEOS/LOVE/37b98737.mp4,data/local/ASL_hand_crops_av/LOVE_37b98737.jpg,640,480,42,30.0,1.4,57.12310791015625,0.2259521484375,980.8621826171875,0.8584556024160594,0.35686194896698,3,False,data/local/local_citizen100_quality_audit_q82_cap14_exact/landmarks/LOVE/37b98737.v17.npz,24d7995e918d25dc89a9175901c7628215cd5afd6264e116d38ea18a303f4c9f,,0.8709677419354839,0.80810546875,0.5625,0.4296875,LOVE,LOVE|MAKE|MY|HOSPITAL|HELP,0.8957589864730835,LOVE,LOVE|MY|HE|HOSPITAL|MAKE,0.9407040476799011,tier_a_dual_top1
LOVE,LOVE,G_01_068,canonical_and_pinned_raw_text_equal,local_hex_unknown_session,data/raw_videos/ASL VIDEOS/LOVE/19fc72ae.mp4,data/local/ASL_hand_crops_av/LOVE_19fc72ae.jpg,640,480,33,30.0,1.1,55.80804443359375,0.25433349609375,728.2863159179688,0.8397868834023816,0.14727258682250977,14,False,data/local/local_citizen100_quality_audit_q82_cap14_exact/landmarks/LOVE/19fc72ae.v17.npz,311ca48391b2f73bedc7235b521120fa1fc54351035357195d6324b991638d4e,,0.8333333333333334,0.724609375,0.71875,0.71875,LOVE,LOVE|MAKE|SORRY|YEAR|HELP,0.5869346857070923,LOVE,LOVE|MAKE|HOSPITAL|HE|MY,0.9593517184257507,tier_a_dual_top1
MAKE,MAKE,C_01_032,canonical_and_pinned_raw_text_equal,local_hex_unknown_session,data/raw_videos/ASL VIDEOS/MAKE/a1b2dc87.mp4,,640,480,49,30.0,1.6333333333333333,75.0960693359375,0.116455078125,689.823974609375,0.9119204460305919,0.45016998052597046,2,False,data/local/local_citizen100_quality_audit_q82_cap14_exact/landmarks/MAKE/a1b2dc87.v17.npz,abfdc19d57beb2b6448d71482780eb35d82458f9f31fb6361eec8b3f8a2fc1b1,,0.8823529411764706,0.73681640625,0.71875,0.5546875,MAKE,MAKE|YEAR|LOVE|USE|NIGHT,0.7811640501022339,MAKE,MAKE|YEAR|LOVE|SCHOOL|HELP,0.9195180535316467,tier_a_dual_top1
MAKE,MAKE,C_01_032,canonical_and_pinned_raw_text_equal,local_hex_unknown_session,data/raw_videos/ASL VIDEOS/MAKE/e880ee91.mp4,,640,480,35,30.0,1.1666666666666667,99.1314697265625,0.0009765625,622.5902099609375,0.9664638455344059,,1,False,data/local/local_citizen100_quality_audit_q82_cap14_exact/landmarks/MAKE/e880ee91.v17.npz,3d07bd8183d975a21a04281176fd6b036fd231e3c641434091c174193aea6347,,0.8333333333333334,0.8095703125,0.84375,0.5703125,MAKE,MAKE|YEAR|HOW|LOVE|TELL,0.7262300252914429,MAKE,MAKE|LOVE|HOW|HELP|YEAR,0.7360461950302124,tier_a_dual_top1
MAKE,MAKE,C_01_032,canonical_and_pinned_raw_text_equal,local_hex_unknown_session,data/raw_videos/ASL VIDEOS/MAKE/af42d6ff.mp4,,640,480,22,30.0,0.7333333333333333,95.07769775390625,0.00079345703125,559.565673828125,0.93014969598505,0.17305529117584229,7,False,data/local/local_citizen100_quality_audit_q82_cap14_exact/landmarks/MAKE/af42d6ff.v17.npz,ef0302ceeb030fefc9465b8acb139c4a3214d7f4ce69eb57f11b8d763b673133,,0.9090909090909091,0.77587890625,0.78125,0.6875,MAKE,MAKE|YEAR|HOW|LOVE|TELL,0.7374093532562256,MAKE,MAKE|LOVE|YEAR|HOW|HELP,0.712821364402771,tier_a_dual_top1
MAKE,MAKE,C_01_032,canonical_and_pinned_raw_text_equal,local_hex_unknown_session,data/raw_videos/ASL VIDEOS/MAKE/1c4674b2.mp4,,640,480,40,30.0,1.3333333333333333,67.11907958984375,0.19171142578125,481.7034912109375,0.8775762478000559,0.15806794166564941,9,False,data/local/local_citizen100_quality_audit_q82_cap14_exact/landmarks/MAKE/1c4674b2.v17.npz,a54c422535fc9b93c5e4b00c6307c5f5bb9007197cf7f299a383a972ff940661,,0.8857142857142857,0.7685546875,0.71875,0.6640625,MAKE,MAKE|HOW|YEAR|LOVE|TELL,0.7381093502044678,MAKE,MAKE|LOVE|HELP|YEAR|USE,0.40824997425079346,tier_a_dual_top1
MAKE,MAKE,C_01_032,canonical_and_pinned_raw_text_equal,local_numbered_single_session,data/raw_videos/ASL VIDEOS/MAKE/MAKE_25.mp4,,640,480,89,30.0,2.966666666666667,129.50482177734375,0.0,2697.053466796875,0.9123124202330088,0.2918742895126343,3,False,data/local/local_citizen100_quality_audit_q82_cap14_exact/landmarks/MAKE/MAKE_25.v17.npz,a7765ca1fa43a65bc5b4648119aef9799f390ae7b0557209992143c3d7d9cae7,,0.9354838709677419,0.91455078125,0.78125,0.78125,MAKE,MAKE|TELL|HOW|LOVE|YEAR,0.6448341608047485,MAKE,MAKE|TELL|HELP|YEAR|HOW,0.3944740295410156,tier_a_dual_top1
MAN,MAN,C_01_040,canonical_and_pinned_raw_text_equal,local_hex_unknown_session,data/raw_videos/ASL VIDEOS/MAN/99984b1c.mp4,data/local/ASL_hand_crops_av/MAN_99984b1c.jpg,640,480,36,30.0,1.2,75.64569091796875,0.0421142578125,1569.812744140625,0.9171113848923478,0.17417991161346436,5,False,data/local/local_citizen100_quality_audit_q82_cap14_exact/landmarks/MAN/99984b1c.v17.npz,d3b5b8b0911be87ba96169407a972d1aba35a6e1b2e9b499634c7494f049280a,,1.0,0.499267578125,0.90625,0.8515625,MAN,MAN|HELLO|FATHER|WOMAN|SMALL,0.6972948312759399,MAN,MAN|FATHER|LESS|SAD|WOMAN,0.8882046341896057,tier_a_dual_top1
MAN,MAN,C_01_040,canonical_and_pinned_raw_text_equal,local_hex_unknown_session,data/raw_videos/ASL VIDEOS/MAN/8dca8c78.mp4,data/local/ASL_hand_crops_av/MAN_8dca8c78.jpg,640,480,38,30.0,1.2666666666666666,66.36785888671875,0.0621337890625,1339.9208984375,0.8971762106901326,0.10778623819351196,7,False,data/local/local_citizen100_quality_audit_q82_cap14_exact/landmarks/MAN/8dca8c78.v17.npz,7aaf61fcaec58f6aff167503312d83458c54d0f5619e63fd79d35ae89c062351,,1.0,0.5,0.875,0.6640625,MAN,MAN|FATHER|HELLO|MORNING|FIND,0.4309621751308441,MAN,MAN|LEARN|FATHER|LESS|SAD,0.6693593263626099,tier_a_dual_top1
MAN,MAN,C_01_040,canonical_and_pinned_raw_text_equal,local_hex_unknown_session,data/raw_videos/ASL VIDEOS/MAN/28376699.mp4,data/local/ASL_hand_crops_av/MAN_28376699.jpg,640,480,16,30.0,0.5333333333333333,74.85345458984375,0.0,212.68289184570312,0.8256166670309896,0.1330663561820984,6,False,data/local/local_citizen100_quality_audit_q82_cap14_exact/landmarks/MAN/28376699.v17.npz,83a3075427ce91932804fe8fb46da79fb6de1a81f71df1dd3ddd20f6aa3b201a,,1.0,0.5,0.5625,0.5625,MAN,MAN|HEAR|GOODBYE|DRINK|OUR,0.37052121758461,MAN,MAN|LESS|WOMAN|YESTERDAY|DAY,0.6383259892463684,tier_a_dual_top1
MAN,MAN,C_01_040,canonical_and_pinned_raw_text_equal,local_hex_unknown_session,data/raw_videos/ASL VIDEOS/MAN/7cd419c8.mp4,data/local/ASL_hand_crops_av/MAN_7cd419c8.jpg,640,480,49,30.0,1.6333333333333333,66.1881103515625,0.0438232421875,1768.29931640625,0.9064697847775094,0.3858375549316406,2,False,data/local/local_citizen100_quality_audit_q82_cap14_exact/landmarks/MAN/7cd419c8.v17.npz,a1cdcede4a296b4a37e902a7ad11c5226215137cdd39749acc65a03af07397c4,,0.9591836734693877,0.49169921875,1.0,0.75,MAN,MAN|HELLO|FATHER|DRINK|FIND,0.35111042857170105,MAN,MAN|LEARN|DRINK|FATHER|LESS,0.8234484195709229,tier_a_dual_top1
MAN,MAN,C_01_040,canonical_and_pinned_raw_text_equal,local_hex_unknown_session,data/raw_videos/ASL VIDEOS/MAN/dd8f55a4.mp4,data/local/ASL_hand_crops_av/MAN_dd8f55a4.jpg,640,480,44,30.0,1.4666666666666666,74.12164306640625,0.0556640625,1457.4423828125,0.9200554032662752,0.24777090549468994,3,False,data/local/local_citizen100_quality_audit_q82_cap14_exact/landmarks/MAN/dd8f55a4.v17.npz,0f60b5399529fec33ffdd235c20fa07ccc463473bac87198d4131048d1648b5d,,1.0,0.499267578125,0.9375,0.703125,MAN,MAN|HELLO|FATHER|FIND|IMPORTANT,0.19783362746238708,MAN,MAN|LEARN|FATHER|FIND|DRINK,0.261758029460907,tier_a_dual_top1
MAYBE,MAYBE,B_03_022,canonical_and_pinned_raw_text_equal,local_hex_unknown_session,data/raw_videos/ASL VIDEOS/MAYBE/6cb6e428.mp4,data/local/ASL_hand_crops_av/MAYBE_6cb6e428.jpg,640,480,31,30.0,1.0333333333333334,111.83709716796875,0.0,116.70489501953125,0.8924485564085455,0.12454330921173096,10,False,data/local/local_citizen100_quality_audit_q82_cap14_exact/landmarks/MAYBE/6cb6e428.v17.npz,d612a219245279799642234eac2456bc506b6b70ab30ef47072286fda47a4f6c,,0.9310344827586207,0.8740234375,0.5625,0.296875,MAYBE,MAYBE|WANT|DOCTOR|WHAT|STOP,0.9049434661865234,MAYBE,MAYBE|WANT|WHAT|WAIT|EXCITED,0.9586244225502014,tier_a_dual_top1
MAYBE,MAYBE,B_03_022,canonical_and_pinned_raw_text_equal,local_hex_unknown_session,data/raw_videos/ASL VIDEOS/MAYBE/02f8e01f.mp4,data/local/ASL_hand_crops_av/MAYBE_02f8e01f.jpg,640,480,36,30.0,1.2,63.67633056640625,0.077880859375,2060.042236328125,0.8861184112986078,0.12725627422332764,9,False,data/local/local_citizen100_quality_audit_q82_cap14_exact/landmarks/MAYBE/02f8e01f.v17.npz,4145ae838f9c38d2bde73192e63a612d8c8b512fe10a04d25f0e8cfa9c035f19,,0.8888888888888888,0.70849609375,0.65625,0.578125,MAYBE,MAYBE|WANT|GIVE|STOP|FAMILY,0.7709854245185852,MAYBE,MAYBE|WHY|WANT|STOP|GIVE,0.9605445861816406,tier_a_dual_top1
MAYBE,MAYBE,B_03_022,canonical_and_pinned_raw_text_equal,local_hex_unknown_session,data/raw_videos/ASL VIDEOS/MAYBE/67fca880.mp4,data/local/ASL_hand_crops_av/MAYBE_67fca880.jpg,640,480,45,30.0,1.5,48.91485595703125,0.1563720703125,1147.4425048828125,0.8548511029878504,0.44854360818862915,2,False,data/local/local_citizen100_quality_audit_q82_cap14_exact/landmarks/MAYBE/67fca880.v17.npz,21382cdeb41a816894abdf215d1e96d4937548536c7cb4e9904c8a396e34d228,,1.0,1.0,0.90625,0.90625,MAYBE,MAYBE|WANT|WHY|ANGRY|WAIT,0.7024611234664917,MAYBE,MAYBE|WHY|WANT|WHAT|EXCITED,0.7765235304832458,tier_a_dual_top1
MAYBE,MAYBE,B_03_022,canonical_and_pinned_raw_text_equal,local_hex_unknown_session,data/raw_videos/ASL VIDEOS/MAYBE/02da4874.mp4,data/local/ASL_hand_crops_av/MAYBE_02da4874.jpg,640,480,46,30.0,1.5333333333333334,75.65765380859375,0.060302734375,1177.076416015625,0.9231418146063111,0.13988596200942993,7,False,data/local/local_citizen100_quality_audit_q82_cap14_exact/landmarks/MAYBE/02da4874.v17.npz,ab6b5b27a2c3c0e359012b0a1d979728117dbcfde74a7b44e1311be604e0fa8f,,1.0,1.0,0.875,0.75,MAYBE,MAYBE|WANT|STOP|WAIT|WHY,0.6786896586418152,MAYBE,MAYBE|WHY|WANT|GIVE|STOP,0.9063921570777893,tier_a_dual_top1
MORE,MORE,B_03_032,canonical_and_pinned_raw_text_equal,local_hex_unknown_session,data/raw_videos/ASL VIDEOS/MORE/d4ccaafa.mp4,data/local/ASL_hand_crops_av/MORE_d4ccaafa.jpg,640,480,28,30.0,0.9333333333333333,113.59747314453125,0.0,169.0500946044922,0.9078493713554219,0.11541604995727539,12,False,data/local/local_citizen100_quality_audit_q82_cap14_exact/landmarks/MORE/d4ccaafa.v17.npz,6da912d414c1e0c46f4128d89878b57cc68f4fe36799b1ef3cfedf0e86eb0767,,0.8181818181818182,0.80712890625,0.78125,0.3125,MORE,MORE|DOCTOR|SMALL|HOME|COLD,0.8905947208404541,MORE,MORE|COLD|HOME|DOCTOR|NIGHT,0.9489952325820923,tier_a_dual_top1
MORE,MORE,B_03_032,canonical_and_pinned_raw_text_equal,local_hex_unknown_session,data/raw_videos/ASL VIDEOS/MORE/d4df2d72.mp4,data/local/ASL_hand_crops_av/MORE_d4df2d72.jpg,640,480,28,30.0,0.9333333333333333,118.3065185546875,0.0,119.6697998046875,0.8916273732313775,0.11690628528594971,13,False,data/local/local_citizen100_quality_audit_q82_cap14_exact/landmarks/MORE/d4df2d72.v17.npz,61d13eac8efeff5833549954b9fe61edf68b90ec4fa482e000d0e0f54d46841d,,0.92,0.8603515625,0.6875,0.609375,MORE,MORE|HOME|LESS|COLD|DOCTOR,0.9141750335693359,MORE,MORE|COLD|DOCTOR|HOME|KNOW,0.8749057054519653,tier_a_dual_top1
MORE,MORE,B_03_032,canonical_and_pinned_raw_text_equal,local_hex_unknown_session,data/raw_videos/ASL VIDEOS/MORE/070bf803.mp4,data/local/ASL_hand_crops_av/MORE_070bf803.jpg,640,480,40,30.0,1.3333333333333333,93.3089599609375,0.116455078125,1060.336181640625,0.9389690910559301,0.1667923927307129,6,False,data/local/local_citizen100_quality_audit_q82_cap14_exact/landmarks/MORE/070bf803.v17.npz,579517e61e484aeb89a351d616a4f0b21ab84b9ebeeccafff2abc6ed2c9144d9,,1.0,0.86083984375,0.8125,0.5234375,MORE,MORE|HOME|NIGHT|DOCTOR|COLD,0.8742082118988037,MORE,MORE|HOME|NIGHT|COLD|DOCTOR,0.9443696737289429,tier_a_dual_top1
MORE,MORE,B_03_032,canonical_and_pinned_raw_text_equal,local_hex_unknown_session,data/raw_videos/ASL VIDEOS/MORE/037df209.mp4,data/local/ASL_hand_crops_av/MORE_037df209.jpg,640,480,37,30.0,1.2333333333333334,94.955322265625,0.1009521484375,1018.64794921875,0.9410191591354553,0.10263329744338989,14,False,data/local/local_citizen100_quality_audit_q82_cap14_exact/landmarks/MORE/037df209.v17.npz,a65f47092618e4f4475ce2c601c0d289d5d6575d157c519b477a52d769138403,,1.0,0.78955078125,0.875,0.765625,MORE,MORE|HOME|DOCTOR|NIGHT|COLD,0.8573684096336365,MORE,MORE|COLD|HOME|DOCTOR|NIGHT,0.9403098821640015,tier_a_dual_top1
MORE,MORE,B_03_032,canonical_and_pinned_raw_text_equal,local_hex_unknown_session,data/raw_videos/ASL VIDEOS/MORE/2e3262ee.mp4,data/local/ASL_hand_crops_av/MORE_2e3262ee.jpg,640,480,38,30.0,1.2666666666666666,121.14013671875,0.0225830078125,2167.835205078125,0.9863410249996649,,1,False,data/local/local_citizen100_quality_audit_q82_cap14_exact/landmarks/MORE/2e3262ee.v17.npz,137cf41266b2d9e524f8d818f568a105bdaf5d0ba42af9c56e85d465e11d5f5d,,1.0,1.0,0.875,0.671875,MORE,MORE|HOME|DOCTOR|SMALL|LESS,0.8570565581321716,MORE,MORE|HOME|COLD|LIKE|KNOW,0.9138535261154175,tier_a_dual_top1
MORE,MORE,B_03_032,canonical_and_pinned_raw_text_equal,local_hex_unknown_session,data/raw_videos/ASL VIDEOS/MORE/8a6b5804.mp4,data/local/ASL_hand_crops_av/MORE_8a6b5804.jpg,640,480,35,30.0,1.1666666666666667,115.17376708984375,0.0,126.52510070800781,0.9071864247011794,0.15617990493774414,8,False,data/local/local_citizen100_quality_audit_q82_cap14_exact/landmarks/MORE/8a6b5804.v17.npz,7e783877cd009915f636389980442d5efabd8acd2ae0fbd7de1c7c542e10d413,,0.8709677419354839,0.80126953125,0.8125,0.6171875,MORE,MORE|HOME|COLD|LESS|DAY,0.8749265074729919,MORE,MORE|COLD|HOME|LEARN|NIGHT,0.8518392443656921,tier_a_dual_top1
MORE,MORE,B_03_032,canonical_and_pinned_raw_text_equal,local_hex_unknown_session,data/raw_videos/ASL VIDEOS/MORE/5ef7d69f.mp4,data/local/ASL_hand_crops_av/MORE_5ef7d69f.jpg,640,480,34,30.0,1.1333333333333333,78.1319580078125,0.0,137.7646942138672,0.8545072644680478,0.20806169509887695,5,False,data/local/local_citizen100_quality_audit_q82_cap14_exact/landmarks/MORE/5ef7d69f.v17.npz,250b746b4f8e14a61e0a85f6d904cc00b8151e29f6202fd6a3d643aaa023054f,,0.9,0.8134765625,0.84375,0.5625,MORE,MORE|DOCTOR|HOME|NIGHT|COLD,0.8149991035461426,MORE,MORE|DOCTOR|COLD|GIVE|LIKE,0.9146761298179626,tier_a_dual_top1
MORE,MORE,B_03_032,canonical_and_pinned_raw_text_equal,local_hex_unknown_session,data/raw_videos/ASL VIDEOS/MORE/c2cf58aa.mp4,data/local/ASL_hand_crops_av/MORE_c2cf58aa.jpg,640,480,36,30.0,1.2,92.44482421875,0.1060791015625,1039.8695068359375,0.9346332965079713,0.374408483505249,3,False,data/local/local_citizen100_quality_audit_q82_cap14_exact/landmarks/MORE/c2cf58aa.v17.npz,a090dce0f2277d3388e31f68db66a74859790f7f9d1dc9a3757782ec92858efe,,1.0,0.828125,0.90625,0.90625,MORE,MORE|DOCTOR|NIGHT|HOME|LESS,0.7901290655136108,MORE,MORE|DOCTOR|NIGHT|HOME|LIKE,0.9248127341270447,tier_a_dual_top1
MORE,MORE,B_03_032,canonical_and_pinned_raw_text_equal,local_hex_unknown_session,data/raw_videos/ASL VIDEOS/MORE/c547c989.mp4,data/local/ASL_hand_crops_av/MORE_c547c989.jpg,640,480,44,30.0,1.4666666666666666,65.08050537109375,0.10980224609375,1367.572265625,0.8924284411094235,0.12011659145355225,11,False,data/local/local_citizen100_quality_audit_q82_cap14_exact/landmarks/MORE/c547c989.v17.npz,f0f64a73e76348bcc55237de7a90a642a95abcba47acb90929718bb3a515245e,,1.0,1.0,0.9375,0.1484375,MORE,MORE|DOCTOR|LESS|HOW|NAME,0.6505264639854431,MORE,MORE|LEARN|LIKE|DOCTOR|GIVE,0.7175167798995972,tier_a_dual_top1
MORE,MORE,B_03_032,canonical_and_pinned_raw_text_equal,local_hex_unknown_session,data/raw_videos/ASL VIDEOS/MORE/f5b742f3.mp4,data/local/ASL_hand_crops_av/MORE_f5b742f3.jpg,640,480,44,30.0,1.4666666666666666,55.77825927734375,0.13287353515625,2187.69580078125,0.8705306145892003,0.17871034145355225,7,False,data/local/local_citizen100_quality_audit_q82_cap14_exact/landmarks/MORE/f5b742f3.v17.npz,0a7aee6feeeed222c7121b6c9096bbeb4c3f52a62fac6252ef03c83d70ec9e45,,1.0,1.0,0.9375,0.9375,MORE,MORE|DOCTOR|LESS|HOW|HOME,0.5870971083641052,MORE,MORE|DOCTOR|MORNING|HOW|NIGHT,0.7105201482772827,tier_a_dual_top1
MORE,MORE,B_03_032,canonical_and_pinned_raw_text_equal,local_hex_unknown_session,data/raw_videos/ASL VIDEOS/MORE/fe925fb7.mp4,data/local/ASL_hand_crops_av/MORE_fe925fb7.jpg,640,480,46,30.0,1.5333333333333334,80.9595947265625,0.02099609375,1387.43603515625,0.941257994703143,0.48453956842422485,2,False,data/local/local_citizen100_quality_audit_q82_cap14_exact/landmarks/MORE/fe925fb7.v17.npz,d8bbb2793bc1e24ab0e89dcd47a5da622d1bb8ea65e3695760a671fbd3c5f5de,,1.0,0.99755859375,0.875,0.625,MORE,MORE|DOCTOR|LESS|HOW|HOME,0.7011691331863403,MORE,MORE|HOME|MORNING|LIKE|DOCTOR,0.5706615447998047,tier_a_dual_top1
MORE,MORE,B_03_032,canonical_and_pinned_raw_text_equal,local_hex_unknown_session,data/raw_videos/ASL VIDEOS/MORE/d827c37f.mp4,data/local/ASL_hand_crops_av/MORE_d827c37f.jpg,640,480,32,30.0,1.0666666666666667,126.52093505859375,0.0,166.25030517578125,0.9213613289061613,0.1448572278022766,10,False,data/local/local_citizen100_quality_audit_q82_cap14_exact/landmarks/MORE/d827c37f.v17.npz,b5aaa2cba421396bf976c2c333a74d711c1b02cd3116918850497ac94a96f47f,,0.896551724137931,0.87939453125,0.59375,0.5234375,MORE,MORE|DOCTOR|NIGHT|LESS|HOME,0.5182260274887085,MORE,MORE|DOCTOR|COLD|NIGHT|GIVE,0.8671708106994629,tier_a_dual_top1
MORE,MORE,B_03_032,canonical_and_pinned_raw_text_equal,local_hex_unknown_session,data/raw_videos/ASL VIDEOS/MORE/1ea6300e.mp4,data/local/ASL_hand_crops_av/MORE_1ea6300e.jpg,640,480,36,30.0,1.2,66.714111328125,0.09869384765625,1268.387939453125,0.8889811347242853,0.15466487407684326,9,False,data/local/local_citizen100_quality_audit_q82_cap14_exact/landmarks/MORE/1ea6300e.v17.npz,aaf78a1a9db146a5980d63392ed8eba79079cf3033fdfbce003b2e9497c33642,,1.0,1.0,0.90625,0.515625,MORE,MORE|DOCTOR|LESS|NAME|HOW,0.3906913101673126,MORE,MORE|DOCTOR|LEARN|EASY|MORNING,0.6986390352249146,tier_a_dual_top1
MORNING,MORNING,C_02_012,canonical_and_pinned_raw_text_equal,local_hex_unknown_session,data/raw_videos/ASL VIDEOS/MORNING/c2698524.mp4,data/local/ASL_hand_crops_av/MORNING_c2698524.jpg,640,480,50,30.0,1.6666666666666667,103.107421875,0.0,298.46185302734375,0.9541637977961976,0.44997674226760864,2,False,data/local/local_citizen100_quality_audit_q82_cap14_exact/landmarks/MORNING/c2698524.v17.npz,46db36149f2ab3c64c4594d79ff0a6d966ad5c4911543f362f955cdf5397ac40,,0.8936170212765957,0.7998046875,0.84375,0.84375,MORNING,MORNING|DAY|LEARN|STOP|EAT,0.9345946907997131,MORNING,MORNING|SICK|EAT|DAY|YEAR,0.9578471779823303,tier_a_dual_top1
MORNING,MORNING,C_02_012,canonical_and_pinned_raw_text_equal,local_hex_unknown_session,data/raw_videos/ASL VIDEOS/MORNING/17d784c5.mp4,data/local/ASL_hand_crops_av/MORNING_17d784c5.jpg,640,480,33,30.0,1.1,135.3150634765625,0.036865234375,976.8656616210938,0.9745085372425258,,1,False,data/local/local_citizen100_quality_audit_q82_cap14_exact/landmarks/MORNING/17d784c5.v17.npz,20315ae29069907d63cc61c08c60c029f41b3a0462e9f3e17c2d74f9d0a3e881,,0.8571428571428571,0.7431640625,0.59375,0.4453125,MORNING,MORNING|LEARN|SICK|DAY|STOP,0.9196237921714783,MORNING,MORNING|UNDERSTAND|YEAR|SICK|LEARN,0.9157187938690186,tier_a_dual_top1
MORNING,MORNING,C_02_012,canonical_and_pinned_raw_text_equal,local_hex_unknown_session,data/raw_videos/ASL VIDEOS/MORNING/b364f484.mp4,data/local/ASL_hand_crops_av/MORNING_b364f484.jpg,640,480,55,30.0,1.8333333333333333,68.47686767578125,6.103515625e-05,179.26828002929688,0.857937232615191,0.16881036758422852,10,False,data/local/local_citizen100_quality_audit_q82_cap14_exact/landmarks/MORNING/b364f484.v17.npz,b5bbc2749e668f47c70364b137cef8c9339aaa2b1f693ed9769163f80e5b8fd0,,0.8837209302325582,0.72412109375,0.9375,0.4453125,MORNING,MORNING|LEARN|DAY|MAN|STOP,0.8926464915275574,MORNING,MORNING|DAY|SICK|LOVE|STOP,0.9107179045677185,tier_a_dual_top1
MORNING,MORNING,C_02_012,canonical_and_pinned_raw_text_equal,local_hex_unknown_session,data/raw_videos/ASL VIDEOS/MORNING/54565e7c.mp4,data/local/ASL_hand_crops_av/MORNING_54565e7c.jpg,640,480,53,30.0,1.7666666666666666,76.3348388671875,0.0457763671875,1769.3834228515625,0.9257690474652738,0.3757557272911072,3,False,data/local/local_citizen100_quality_audit_q82_cap14_exact/landmarks/MORNING/54565e7c.v17.npz,c8aee92b98d117b8fd50c06c36ec8257c20d7751465b8a61656055b8392495de,,0.9069767441860465,0.693359375,0.9375,0.9375,MORNING,MORNING|LEARN|DAY|LESS|STOP,0.8684532642364502,MORNING,MORNING|LEARN|STOP|DAY|SICK,0.8523633480072021,tier_a_dual_top1
MORNING,MORNING,C_02_012,canonical_and_pinned_raw_text_equal,local_hex_unknown_session,data/raw_videos/ASL VIDEOS/MORNING/fd36dc77.mp4,data/local/ASL_hand_crops_av/MORNING_fd36dc77.jpg,640,480,40,30.0,1.3333333333333333,52.32855224609375,0.16802978515625,1205.2642822265625,0.8559383828660541,0.20067471265792847,8,False,data/local/local_citizen100_quality_audit_q82_cap14_exact/landmarks/MORNING/fd36dc77.v17.npz,79ec16b893a8ce8d685542e95ebcabb7033622cb171f740cccab5046aa8627e1,,0.8787878787878788,0.66455078125,0.75,0.75,MORNING,MORNING|DAY|LEARN|LOVE|LESS,0.9363581538200378,MORNING,MORNING|DAY|LOVE|LEARN|SICK,0.8500241041183472,tier_a_dual_top1
MORNING,MORNING,C_02_012,canonical_and_pinned_raw_text_equal,local_hex_unknown_session,data/raw_videos/ASL VIDEOS/MORNING/d3a2bdf9.mp4,data/local/ASL_hand_crops_av/MORNING_d3a2bdf9.jpg,640,480,23,30.0,0.7666666666666667,136.3939208984375,0.0455322265625,1164.609619140625,0.9481769620884404,0.14905643463134766,9,False,data/local/local_citizen100_quality_audit_q82_cap14_exact/landmarks/MORNING/d3a2bdf9.v17.npz,589867e57edb40cdad2dc94b43835a5254df067ba985acd9b3ff71ca38d06d89,,1.0,0.8720703125,0.75,0.578125,MORNING,MORNING|STOP|LEARN|SICK|DAY,0.9104810357093811,MORNING,MORNING|SICK|SAD|UNDERSTAND|LEARN,0.8034697771072388,tier_a_dual_top1
MORNING,MORNING,C_02_012,canonical_and_pinned_raw_text_equal,local_numbered_single_session,data/raw_videos/ASL VIDEOS/MORNING/MORNING_16.mp4,data/local/ASL_hand_crops_av/MORNING_MORNING_16.jpg,640,480,88,30.0,2.933333333333333,144.66302490234375,0.0,2003.2564697265625,0.907966226675258,0.3365735411643982,4,False,data/local/local_citizen100_quality_audit_q82_cap14_exact/landmarks/MORNING/MORNING_16.v17.npz,8208b1ecfc5ec79a1f619765d00f07e0929ba4b8e6996d607fa734ef1dbf2e10,,0.9420289855072463,0.8818359375,0.90625,0.6796875,MORNING,MORNING|EAT|THANKYOU|STOP|KNOW,0.8023776412010193,MORNING,MORNING|EAT|STOP|SICK|LIKE,0.960910439491272,tier_a_dual_top1
MORNING,MORNING,C_02_012,canonical_and_pinned_raw_text_equal,local_hex_unknown_session,data/raw_videos/ASL VIDEOS/MORNING/6c6af202.mp4,data/local/ASL_hand_crops_av/MORNING_6c6af202.jpg,640,480,59,30.0,1.9666666666666666,93.78936767578125,0.0,106.3370361328125,0.8747259151407598,0.13904941082000732,14,False,data/local/local_citizen100_quality_audit_q82_cap14_exact/landmarks/MORNING/6c6af202.v17.npz,c4d6103b4360bc5e339fe14dbc29bb9566b888820ee400e87c963293924c3260,,0.9215686274509803,0.77587890625,0.65625,0.65625,MORNING,MORNING|STOP|YEAR|SICK|LEARN,0.7596903443336487,MORNING,MORNING|SICK|YEAR|WHAT|STOP,0.8346945643424988,tier_a_dual_top1
MOTHER,MOTHER,B_02_008,canonical_and_pinned_raw_text_equal,local_hex_unknown_session,data/raw_videos/ASL VIDEOS/MOTHER/c41516e0.mp4,data/local/ASL_hand_crops_av/MOTHER_c41516e0.jpg,640,480,66,30.0,2.2,132.64288330078125,0.0,372.34716796875,0.9618135246470676,0.20249903202056885,6,False,data/local/local_citizen100_quality_audit_q82_cap14_exact/landmarks/MOTHER/c41516e0.v17.npz,07d78a3c777816f58b7cfc74b62d4e1865d28f6edbf7737b099ba2e71da3d81f,,0.9148936170212766,0.4375,0.875,0.0234375,MOTHER,MOTHER|YOUR|HEAR|GOODBYE|TALK,0.7540831565856934,MOTHER,MOTHER|HEAR|TALK|GOODBYE|YOUR,0.8281551003456116,tier_a_dual_top1
MOTHER,MOTHER,B_02_008,canonical_and_pinned_raw_text_equal,local_hex_unknown_session,data/raw_videos/ASL VIDEOS/MOTHER/47637c15.mp4,data/local/ASL_hand_crops_av/MOTHER_47637c15.jpg,640,480,39,30.0,1.3,54.775390625,0.12799072265625,1286.9654541015625,0.8648698680754076,0.2842634916305542,5,False,data/local/local_citizen100_quality_audit_q82_cap14_exact/landmarks/MOTHER/47637c15.v17.npz,3e3a2eb7a2f54106e1cb624526b51bdcb38245acabf0ef06179b169ad3353536,,1.0,0.5,0.84375,0.21875,MOTHER,MOTHER|YOUR|TALK|HELLO|HEAR,0.7308587431907654,MOTHER,MOTHER|DRINK|TALK|YOUR|HELLO,0.8436835408210754,tier_a_dual_top1
MOTHER,MOTHER,B_02_008,canonical_and_pinned_raw_text_equal,local_hex_unknown_session,data/raw_videos/ASL VIDEOS/MOTHER/c4ed1f61.mp4,data/local/ASL_hand_crops_av/MOTHER_c4ed1f61.jpg,640,480,28,30.0,0.9333333333333333,79.477294921875,0.03564453125,1380.936279296875,0.9100918823889375,0.1898578405380249,9,False,data/local/local_citizen100_quality_audit_q82_cap14_exact/landmarks/MOTHER/c4ed1f61.v17.npz,e900983a4de8dd77178c74acc0cb77560d1dffda3695d7cfc1a3168bca8b535e,,1.0,0.5,0.90625,0.6796875,MOTHER,MOTHER|HEAR|GOODBYE|YOUR|TALK,0.638884425163269,MOTHER,MOTHER|HEAR|DRINK|GOODBYE|HELLO,0.8723005056381226,tier_a_dual_top1
MOTHER,MOTHER,B_02_008,canonical_and_pinned_raw_text_equal,local_hex_unknown_session,data/raw_videos/ASL VIDEOS/MOTHER/d4e7ce73.mp4,data/local/ASL_hand_crops_av/MOTHER_d4e7ce73.jpg,640,480,44,30.0,1.4666666666666666,73.07025146484375,0.06427001953125,1204.6529541015625,0.9163595366323852,0.12979954481124878,13,False,data/local/local_citizen100_quality_audit_q82_cap14_exact/landmarks/MOTHER/d4e7ce73.v17.npz,8caea9eed926316c44df25da2dbeed5fb941a26a39f4925cf7eca05bae0d4706,,1.0,0.5,0.9375,0.0078125,MOTHER,MOTHER|YOUR|TALK|WATER|NO,0.6075097918510437,MOTHER,MOTHER|HEAR|WOMAN|GOODBYE|YOUR,0.9477198719978333,tier_a_dual_top1
MOTHER,MOTHER,B_02_008,canonical_and_pinned_raw_text_equal,local_hex_unknown_session,data/raw_videos/ASL VIDEOS/MOTHER/283fba17.mp4,data/local/ASL_hand_crops_av/MOTHER_283fba17.jpg,640,480,20,30.0,0.6666666666666666,91.40179443359375,0.0,152.40628051757812,0.8517356133224067,0.13069939613342285,14,False,data/local/local_citizen100_quality_audit_q82_cap14_exact/landmarks/MOTHER/283fba17.v17.npz,4d709ca955e2a4c4acaf6fa9b4713ee6da238cd24b0cf09d1bc99d0659fa7175,,1.0,0.5,0.84375,0.84375,MOTHER,MOTHER|YOUR|HEAR|GOODBYE|TALK,0.4771510660648346,MOTHER,MOTHER|HEAR|YOUR|DRINK|GOODBYE,0.8158302307128906,tier_a_dual_top1
MOTHER,MOTHER,B_02_008,canonical_and_pinned_raw_text_equal,local_hex_unknown_session,data/raw_videos/ASL VIDEOS/MOTHER/338797af.mp4,data/local/ASL_hand_crops_av/MOTHER_338797af.jpg,640,480,54,30.0,1.8,131.17095947265625,0.0,607.6705322265625,0.9972676669368992,0.12660956382751465,11,False,data/local/local_citizen100_quality_audit_q82_cap14_exact/landmarks/MOTHER/338797af.v17.npz,d53d628746e6dd0199cc55ead635c1f7e3ae7d1b88b4c7f1031e36f91f080f04,,0.8918918918918919,0.4375,0.875,0.1640625,MOTHER,MOTHER|HEAR|YOUR|GOODBYE|TALK,0.4282802939414978,MOTHER,MOTHER|HEAR|YOUR|TALK|GOODBYE,0.8228184580802917,tier_a_dual_top1
MOTHER,MOTHER,B_02_008,canonical_and_pinned_raw_text_equal,local_hex_unknown_session,data/raw_videos/ASL VIDEOS/MOTHER/45df18ff.mp4,data/local/ASL_hand_crops_av/MOTHER_45df18ff.jpg,640,480,40,30.0,1.3333333333333333,62.89837646484375,0.1087646484375,1339.0284423828125,0.8849687319946566,0.16599613428115845,10,False,data/local/local_citizen100_quality_audit_q82_cap14_exact/landmarks/MOTHER/45df18ff.v17.npz,342c04d07ae8a7da0af949cdaf46261d50e72386e468f33e63e33fca4accac37,,1.0,0.5,0.8125,0.4609375,MOTHER,MOTHER|YOUR|HELLO|GOODBYE|TALK,0.4263785481452942,MOTHER,MOTHER|TALK|DRINK|YOUR|WOMAN,0.9489109516143799,tier_a_dual_top1
MOTHER,MOTHER,B_02_008,canonical_and_pinned_raw_text_equal,local_hex_unknown_session,data/raw_videos/ASL VIDEOS/MOTHER/f8859389.mp4,data/local/ASL_hand_crops_av/MOTHER_f8859389.jpg,640,480,40,30.0,1.3333333333333333,84.9490966796875,0.0455322265625,1561.5657958984375,0.9399767957588401,0.5081686079502106,2,False,data/local/local_citizen100_quality_audit_q82_cap14_exact/landmarks/MOTHER/f8859389.v17.npz,9b9d1ac0e4c61a9d9c54774dfb2683001a0934ee2f53c6d33f3d2286879a41e4,,1.0,0.5,0.8125,0.5625,MOTHER,MOTHER|HEAR|GOODBYE|YOUR|HELLO,0.39721179008483887,MOTHER,MOTHER|HEAR|HELLO|YOUR|DRINK,0.736322283744812,tier_a_dual_top1
MOTHER,MOTHER,B_02_008,canonical_and_pinned_raw_text_equal,local_hex_unknown_session,data/raw_videos/ASL VIDEOS/MOTHER/ec713660.mp4,data/local/ASL_hand_crops_av/MOTHER_ec713660.jpg,640,480,18,30.0,0.6,92.07855224609375,0.0,113.80908203125,0.8306326518057046,0.22937285900115967,7,False,data/local/local_citizen100_quality_audit_q82_cap14_exact/landmarks/MOTHER/ec713660.v17.npz,7ed4984c4d87bf80d8acd920e390151a7c86d47acca4a2b97169a8fbd259af80,,1.0,0.5,0.96875,0.8515625,MOTHER,MOTHER|HEAR|GOODBYE|YOUR|TALK,0.320273756980896,MOTHER,MOTHER|HEAR|YOUR|GOODBYE|HELLO,0.6056418418884277,tier_a_dual_top1
NAME,NAME,D_01_021,canonical_and_pinned_raw_text_equal,local_numbered_single_session,data/raw_videos/ASL VIDEOS/NAME/NAME_6.mp4,data/local/ASL_hand_crops_av/NAME_NAME_6.jpg,640,480,68,30.0,2.2666666666666666,158.95318603515625,0.0,5625.814453125,0.9491837117468773,0.45997607707977295,2,False,data/local/local_citizen100_quality_audit_q82_cap14_exact/landmarks/NAME/NAME_6.v17.npz,ebe641de96bb76f38fec31ba32673722388e4ba67dcea3f2ffd9074f0cb7ea3b,,0.9122807017543859,0.87646484375,0.84375,0.6328125,NAME,NAME|READ|USE|LIKE|SEE,0.9391635656356812,NAME,NAME|ANGRY|READ|USE|LIKE,0.955248236656189,tier_a_dual_top1
NAME,NAME,D_01_021,canonical_and_pinned_raw_text_equal,local_hex_unknown_session,data/raw_videos/ASL VIDEOS/NAME/ec1d980b.mp4,data/local/ASL_hand_crops_av/NAME_ec1d980b.jpg,640,480,40,30.0,1.3333333333333333,88.29998779296875,0.0,182.46044921875,0.8990386864389763,0.2457575798034668,9,False,data/local/local_citizen100_quality_audit_q82_cap14_exact/landmarks/NAME/ec1d980b.v17.npz,bac89ecb20fd696fdee6d39e00581b31c8e00639011b9a9143ac74af52d567fe,,0.8888888888888888,0.8095703125,0.71875,0.546875,NAME,NAME|READ|USE|LEARN|THINK,0.9386374950408936,NAME,NAME|LIKE|USE|READ|SEE,0.9661809206008911,tier_a_dual_top1
NAME,NAME,D_01_021,canonical_and_pinned_raw_text_equal,local_hex_unknown_session,data/raw_videos/ASL VIDEOS/NAME/03b53ad8.mp4,data/local/ASL_hand_crops_av/NAME_03b53ad8.jpg,640,480,60,30.0,2.0,85.8050537109375,0.0244140625,1255.27001953125,0.9405936475955357,0.5116691887378693,3,False,data/local/local_citizen100_quality_audit_q82_cap14_exact/landmarks/NAME/03b53ad8.v17.npz,d61bfda49307ba1657dfcaaaff6eb9b6a3d50854f0ed4477437d9249572c1947,,0.9473684210526315,0.84765625,0.84375,0.84375,NAME,NAME|USE|TIME|LIKE|READ,0.9080416560173035,NAME,NAME|USE|TIME|MAKE|READ,0.9451338052749634,tier_a_dual_top1
NAME,NAME,D_01_021,canonical_and_pinned_raw_text_equal,local_hex_unknown_session,data/raw_videos/ASL VIDEOS/NAME/315d535c.mp4,data/local/ASL_hand_crops_av/NAME_315d535c.jpg,640,480,29,30.0,0.9666666666666667,108.4869384765625,0.0255126953125,2297.244140625,0.9602687163517977,,1,False,data/local/local_citizen100_quality_audit_q82_cap14_exact/landmarks/NAME/315d535c.v17.npz,39743fcec29e3a8673eeb763bc2ccdeefae7ec596241ccd7ac95ddafcad1ebc0,,1.0,1.0,0.875,0.875,NAME,NAME|READ|USE|LIKE|WEEK,0.905116617679596,NAME,NAME|READ|USE|LIKE|ANGRY,0.8912218809127808,tier_a_dual_top1
NAME,NAME,D_01_021,canonical_and_pinned_raw_text_equal,local_hex_unknown_session,data/raw_videos/ASL VIDEOS/NAME/e71e5c85.mp4,data/local/ASL_hand_crops_av/NAME_e71e5c85.jpg,640,480,59,30.0,1.9666666666666666,51.7266845703125,0.0157470703125,335.37396240234375,0.8485918520815889,0.42537009716033936,4,False,data/local/local_citizen100_quality_audit_q82_cap14_exact/landmarks/NAME/e71e5c85.v17.npz,3e27b4569e352e6bc4917ac15fd281d78e523c0dfd284159a4f2d793b6050582,,0.8775510204081632,0.853515625,0.8125,0.734375,NAME,NAME|USE|READ|WEEK|TIME,0.8954305052757263,NAME,NAME|USE|TIME|MAKE|READ,0.8795278668403625,tier_a_dual_top1
NAME,NAME,D_01_021,canonical_and_pinned_raw_text_equal,local_hex_unknown_session,data/raw_videos/ASL VIDEOS/NAME/2f9cdf31.mp4,data/local/ASL_hand_crops_av/NAME_2f9cdf31.jpg,640,480,28,30.0,0.9333333333333333,100.63592529296875,0.0772705078125,1837.079833984375,0.9366790969366361,0.3270500898361206,5,False,data/local/local_citizen100_quality_audit_q82_cap14_exact/landmarks/NAME/2f9cdf31.v17.npz,95d1774f8aa6edef215b113b1401e6788e0fc48da122762e71fb81a365184832,,1.0,1.0,0.625,0.90625,NAME,NAME|USE|READ|LIKE|SEE,0.903361439704895,NAME,NAME|USE|READ|SEE|LIKE,0.860061764717102,tier_a_dual_top1
NAME,NAME,D_01_021,canonical_and_pinned_raw_text_equal,local_hex_unknown_session,data/raw_videos/ASL VIDEOS/NAME/86c7be2c.mp4,data/local/ASL_hand_crops_av/NAME_86c7be2c.jpg,640,480,25,30.0,0.8333333333333334,108.35003662109375,0.031982421875,2127.89892578125,0.9486871400795633,0.14596521854400635,12,False,data/local/local_citizen100_quality_audit_q82_cap14_exact/landmarks/NAME/86c7be2c.v17.npz,b4240921656df868dc8e0f51dc46c02617931d7f2c3513f4b1de20b5c74cdd6f,,1.0,1.0,1.0,0.59375,NAME,NAME|READ|USE|LIKE|SEE,0.9166088700294495,NAME,NAME|READ|USE|LIKE|SEE,0.8304891586303711,tier_a_dual_top1
NAME,NAME,D_01_021,canonical_and_pinned_raw_text_equal,local_hex_unknown_session,data/raw_videos/ASL VIDEOS/NAME/63256a69.mp4,data/local/ASL_hand_crops_av/NAME_63256a69.jpg,640,480,31,30.0,1.0333333333333334,68.94927978515625,0.00311279296875,631.936767578125,0.9004799075244051,0.170090913772583,11,False,data/local/local_citizen100_quality_audit_q82_cap14_exact/landmarks/NAME/63256a69.v17.npz,6e223f79ded1fc1ca72e2e5d936f5b37d9ae94783bd7f3d0a27b290084bacd42,,0.8518518518518519,0.8125,0.625,0.0,NAME,NAME|USE|READ|LIKE|SEE,0.8253472447395325,NAME,NAME|READ|USE|LIKE|SEE,0.9118747711181641,tier_a_dual_top1
NAME,NAME,D_01_021,canonical_and_pinned_raw_text_equal,local_hex_unknown_session,data/raw_videos/ASL VIDEOS/NAME/150b70b4.mp4,data/local/ASL_hand_crops_av/NAME_150b70b4.jpg,640,480,26,30.0,0.8666666666666667,103.42596435546875,0.05377197265625,2407.4248046875,0.940658887217938,0.27880632877349854,8,False,data/local/local_citizen100_quality_audit_q82_cap14_exact/landmarks/NAME/150b70b4.v17.npz,1d1aaa6b78fe7e80ee6d6411f99ec5d5835f53e1f59846b0935f000dbd222826,,1.0,1.0,0.96875,0.5703125,NAME,NAME|LIKE|USE|SEE|READ,0.8128519058227539,NAME,NAME|SEE|USE|LIKE|READ,0.8042264580726624,tier_a_dual_top1
NAME,NAME,D_01_021,canonical_and_pinned_raw_text_equal,local_hex_unknown_session,data/raw_videos/ASL VIDEOS/NAME/4c30551e.mp4,data/local/ASL_hand_crops_av/NAME_4c30551e.jpg,640,480,38,30.0,1.2666666666666666,98.42486572265625,0.0,178.49386596679688,0.9123742560742156,0.3307725191116333,6,False,data/local/local_citizen100_quality_audit_q82_cap14_exact/landmarks/NAME/4c30551e.v17.npz,107c095c337af2a7550f1ef107e1b06e2d57bef77ac0050ffa6e126b416c7f43,,0.8157894736842105,0.73828125,0.65625,0.671875,NAME,NAME|USE|READ|LIKE|TIME,0.7776419520378113,NAME,NAME|USE|READ|TIME|MAKE,0.8948718309402466,tier_a_dual_top1
NEED,NEED,C_02_034,canonical_and_pinned_raw_text_equal,local_hex_unknown_session,data/raw_videos/ASL VIDEOS/NEED/7bd5f010.mp4,data/local/ASL_hand_crops_av/NEED_7bd5f010.jpg,640,480,26,30.0,0.8666666666666667,70.7801513671875,0.17266845703125,856.438720703125,0.8633139604593307,0.13824832439422607,12,False,data/local/local_citizen100_quality_audit_q82_cap14_exact/landmarks/NEED/7bd5f010.v17.npz,1bda3be60b2438c6e2ef86d3c7b4495438b5a19ae73e46ca0a5e105f139d0655,,1.0,0.5,0.96875,0.7265625,NEED,NEED|YES|THINK|ASK|GO,0.8658983707427979,NEED,NEED|THINK|YES|YOU|WHERE,0.9555752277374268,tier_a_dual_top1
NEED,NEED,C_02_034,canonical_and_pinned_raw_text_equal,local_hex_unknown_session,data/raw_videos/ASL VIDEOS/NEED/0371d386.mp4,data/local/ASL_hand_crops_av/NEED_0371d386.jpg,640,480,33,30.0,1.1,51.1282958984375,0.219970703125,1977.8643798828125,0.836467013509781,0.16768163442611694,11,False,data/local/local_citizen100_quality_audit_q82_cap14_exact/landmarks/NEED/0371d386.v17.npz,36b1b132f284111032aedb990084a57301427ce96fa242c1d875f9367a0ef19f,,1.0,0.5,1.0,0.75,NEED,NEED|YOU|SIGN|THINK|ASK,0.6299441456794739,NEED,NEED|THINK|YOU|SIGN|THEY,0.8511865735054016,tier_a_dual_top1
NEED,NEED,C_02_034,canonical_and_pinned_raw_text_equal,local_hex_unknown_session,data/raw_videos/ASL VIDEOS/NEED/2167582c.mp4,data/local/ASL_hand_crops_av/NEED_2167582c.jpg,640,480,28,30.0,0.9333333333333333,73.90936279296875,0.1632080078125,749.7354736328125,0.8756377214748616,0.44439947605133057,3,False,data/local/local_citizen100_quality_audit_q82_cap14_exact/landmarks/NEED/2167582c.v17.npz,58744f17348004d55bff22bb31e3cc0bd5e43dc780c4f50b3ebd32c978cc047a,,1.0,0.5,0.90625,0.6875,NEED,NEED|YES|YOU|ASK|WE,0.5583271980285645,NEED,NEED|SIGN|THINK|YES|TIME,0.9192969799041748,tier_a_dual_top1
NO,NO,C_03_041,canonical_and_pinned_raw_text_equal,local_hex_unknown_session,data/raw_videos/ASL VIDEOS/NO/afa4a312.mp4,data/local/ASL_hand_crops_av/NO_afa4a312.jpg,640,480,24,30.0,0.8,56.14935302734375,0.22930908203125,706.4677734375,0.822891990443715,0.3819923400878906,4,False,data/local/local_citizen100_quality_audit_q82_cap14_exact/landmarks/NO/afa4a312.v17.npz,2e9e465922d6de1a88088c76eb6b5e43b3e129bb77a8307aede90836e231eef6,,1.0,0.5,0.71875,0.5390625,NO,NO|READY|WATER|YOUR|USE,0.6938129663467407,NO,NO|WATER|READ|USE|READY,0.8607274293899536,tier_a_dual_top1
NO,NO,C_03_041,canonical_and_pinned_raw_text_equal,local_hex_unknown_session,data/raw_videos/ASL VIDEOS/NO/4ba543cf.mp4,data/local/ASL_hand_crops_av/NO_4ba543cf.jpg,640,480,32,30.0,1.0666666666666667,76.3297119140625,0.05865478515625,1874.0731201171875,0.908261224110426,0.2603016495704651,8,False,data/local/local_citizen100_quality_audit_q82_cap14_exact/landmarks/NO/4ba543cf.v17.npz,97d83003c784314591007dc3b63027dbeee9ebcb46db26bd0dec9d4a23d01336,,1.0,0.5,0.78125,0.3984375,NO,NO|WHERE|YOUR|WATER|LISTEN,0.7333125472068787,NO,NO|MOTHER|LISTEN|WATER|SEE,0.6821834444999695,tier_a_dual_top1
NO,NO,C_03_041,canonical_and_pinned_raw_text_equal,local_numbered_single_session,data/raw_videos/ASL VIDEOS/NO/NO_7.mp4,data/local/ASL_hand_crops_av/NO_NO_7.jpg,640,480,47,30.0,1.5666666666666667,139.10150146484375,0.0,6842.71435546875,0.996540686128615,,1,False,data/local/local_citizen100_quality_audit_q82_cap14_exact/landmarks/NO/NO_7.v17.npz,b5804ab9fc99b1154d4d8af506de580037f20c70e84005d6d4b6086281253ea1,,1.0,0.5,0.875,0.53125,NO,NO|WHERE|HE|LISTEN|GOODBYE,0.7246715426445007,NO,NO|LISTEN|GOODBYE|WHERE|READY,0.6507439613342285,tier_a_dual_top1
NO,NO,C_03_041,canonical_and_pinned_raw_text_equal,local_hex_unknown_session,data/raw_videos/ASL VIDEOS/NO/8b8d48f8.mp4,data/local/ASL_hand_crops_av/NO_8b8d48f8.jpg,640,480,64,30.0,2.1333333333333333,94.04779052734375,0.00433349609375,562.7091064453125,0.9522599029046589,0.3486294746398926,5,False,data/local/local_citizen100_quality_audit_q82_cap14_exact/landmarks/NO/8b8d48f8.v17.npz,17062e769d7cc22b3fb7b7798f86a85b4c8afeb25d44b298b1636fd63bf396bc,,0.9591836734693877,0.484375,0.8125,0.0,NO,NO|LISTEN|GOODBYE|HE|NEED,0.6649304628372192,NO,NO|LISTEN|GOODBYE|NEED|WHERE,0.6019453406333923,tier_a_dual_top1
NO,NO,C_03_041,canonical_and_pinned_raw_text_equal,local_hex_unknown_session,data/raw_videos/ASL VIDEOS/NO/3792f0fe.mp4,data/local/ASL_hand_crops_av/NO_3792f0fe.jpg,640,480,69,30.0,2.3,81.5748291015625,0.04425048828125,611.1478881835938,0.9101070481091738,0.31231415271759033,7,False,data/local/local_citizen100_quality_audit_q82_cap14_exact/landmarks/NO/3792f0fe.v17.npz,33200dde21701d000724070df5199fd06dbe804ced0edf8ee2714e26f25893f5,,0.9523809523809523,0.46728515625,0.78125,0.0078125,NO,NO|CHILD|WHERE|HE|GOODBYE,0.5726202726364136,NO,NO|GOODBYE|NEED|LISTEN|SLEEP,0.7287077903747559,tier_a_dual_top1
NO,NO,C_03_041,canonical_and_pinned_raw_text_equal,local_hex_unknown_session,data/raw_videos/ASL VIDEOS/NO/ff436529.mp4,data/local/ASL_hand_crops_av/NO_ff436529.jpg,640,480,28,30.0,0.9333333333333333,91.01788330078125,0.003173828125,3322.681884765625,0.9385269838924781,0.17702901363372803,12,False,data/local/local_citizen100_quality_audit_q82_cap14_exact/landmarks/NO/ff436529.v17.npz,b86e5cdf28e0252910b99c5a207a7985d6b50681c734869647f0d7fcc75bd0ed,,1.0,0.5,0.90625,0.4765625,NO,NO|LISTEN|READY|WATER|USE,0.5219110250473022,NO,NO|LISTEN|WATER|USE|HOSPITAL,0.6941602826118469,tier_a_dual_top1
NO,NO,C_03_041,canonical_and_pinned_raw_text_equal,local_hex_unknown_session,data/raw_videos/ASL VIDEOS/NO/006f313c.mp4,data/local/ASL_hand_crops_av/NO_006f313c.jpg,640,480,69,30.0,2.3,109.82867431640625,0.0,557.31982421875,0.9629477758435823,0.17871487140655518,11,False,data/local/local_citizen100_quality_audit_q82_cap14_exact/landmarks/NO/006f313c.v17.npz,1edca5c746ac2ac38fb8b1599644968d505e9632e5be72d705e1e9330f3155a9,,0.9636363636363636,0.484375,0.875,0.0,NO,NO|WHERE|HE|CHILD|GOODBYE,0.40660229325294495,NO,NO|GOODBYE|LISTEN|SLEEP|NEED,0.35758182406425476,tier_a_dual_top1
NO,NO,C_03_041,canonical_and_pinned_raw_text_equal,local_hex_unknown_session,data/raw_videos/ASL VIDEOS/NO/9f4510b9.mp4,data/local/ASL_hand_crops_av/NO_9f4510b9.jpg,640,480,68,30.0,2.2666666666666666,69.4078369140625,0.06439208984375,658.4107055664062,0.8842574448894691,0.20099025964736938,10,False,data/local/local_citizen100_quality_audit_q82_cap14_exact/landmarks/NO/9f4510b9.v17.npz,4400bf2a8d050333351cee1347fd94348b7685df5370afe858060f19136fa576,,0.9534883720930233,0.46875,0.78125,0.078125,NO,NO|CHILD|GOODBYE|NEED|HE,0.4777405560016632,NO,NO|GOODBYE|CHILD|NEED|LISTEN,0.3517760932445526,tier_a_dual_top1
NOW,NOW,C_03_062,canonical_and_pinned_raw_text_equal,local_hex_unknown_session,data/raw_videos/ASL VIDEOS/NOW/7eaa0852.mp4,data/local/ASL_hand_crops_av/NOW_7eaa0852.jpg,640,480,44,30.0,1.4666666666666666,65.51605224609375,0.09429931640625,2164.8896484375,0.8958143159892736,0.512071430683136,3,False,data/local/local_citizen100_quality_audit_q82_cap14_exact/landmarks/NOW/7eaa0852.v17.npz,c61f3b588eee15fd75b462c9894569ff70da8fe7551f5438fbbb4cfeb811fd23,,0.9459459459459459,0.8310546875,0.875,0.34375,NOW,NOW|WANT|ANGRY|BIG|COLD,0.9583353400230408,NOW,NOW|BIG|HEAR|TOMORROW|THANKYOU,0.9570892453193665,tier_a_dual_top1
NOW,NOW,C_03_062,canonical_and_pinned_raw_text_equal,local_hex_unknown_session,data/raw_videos/ASL VIDEOS/NOW/ab5fd457.mp4,data/local/ASL_hand_crops_av/NOW_ab5fd457.jpg,640,480,40,30.0,1.3333333333333333,75.75848388671875,0.0,203.66537475585938,0.8800163478749352,0.21284592151641846,14,False,data/local/local_citizen100_quality_audit_q82_cap14_exact/landmarks/NOW/ab5fd457.v17.npz,c221a4cf4420c4a25917b27d7b6bc0ca1445f8c86aa75dd2f96bb717f732ca77,,0.9428571428571428,0.85400390625,0.71875,0.375,NOW,NOW|WANT|WAIT|THANKYOU|ANGRY,0.9424996376037598,NOW,NOW|WANT|WAIT|MAYBE|TIRED,0.9467800855636597,tier_a_dual_top1
NOW,NOW,C_03_062,canonical_and_pinned_raw_text_equal,local_hex_unknown_session,data/raw_videos/ASL VIDEOS/NOW/a5fd0c91.mp4,data/local/ASL_hand_crops_av/NOW_a5fd0c91.jpg,640,480,35,30.0,1.1666666666666667,105.1746826171875,0.0,235.35598754882812,0.9324179939605932,0.2515949010848999,10,False,data/local/local_citizen100_quality_audit_q82_cap14_exact/landmarks/NOW/a5fd0c91.v17.npz,a999480048c7077d9d37842d5c305bcc3345721d2a3e43e3afd07522df7e85d1,,0.9393939393939394,0.86328125,0.75,0.5703125,NOW,NOW|MAYBE|WANT|TIRED|ANGRY,0.9184092879295349,NOW,NOW|WANT|TIRED|WAIT|MAYBE,0.901800811290741,tier_a_dual_top1
OUR,OUR,G_02_067,canonical_and_pinned_raw_text_equal,local_numbered_single_session,data/raw_videos/ASL VIDEOS/OUR/OUR_3.mp4,data/local/ASL_hand_crops_av/OUR_OUR_3.jpg,640,480,64,30.0,2.1333333333333333,153.00299072265625,0.0,1664.1192626953125,0.9664593618670351,0.47166669368743896,2,False,data/local/local_citizen100_quality_audit_q82_cap14_exact/landmarks/OUR/OUR_3.v17.npz,13f8e52bc91e314490350a9276454462649945350a9738fcff119fac3a8eff7c,,1.0,0.5,0.875,0.84375,OUR,OUR|GOODBYE|STOP|YOUR|CHILD,0.7633219361305237,OUR,OUR|SMALL|COME|GOODBYE|STOP,0.9039398431777954,tier_a_dual_top1
OUR,OUR,G_02_067,canonical_and_pinned_raw_text_equal,local_hex_unknown_session,data/raw_videos/ASL VIDEOS/OUR/dcd895e8.mp4,data/local/ASL_hand_crops_av/OUR_dcd895e8.jpg,640,480,20,30.0,0.6666666666666666,139.69580078125,0.0,135.59329223632812,0.8759207099801724,0.1772173047065735,11,False,data/local/local_citizen100_quality_audit_q82_cap14_exact/landmarks/OUR/dcd895e8.v17.npz,73f956eb26ab64f8040aaae93baa5269745a7e6891b8885db6c3b35033261418,,0.85,0.52685546875,0.84375,0.015625,OUR,OUR|SMALL|STOP|SCHOOL|DOCTOR,0.7090508341789246,OUR,OUR|COME|WE|DOCTOR|STOP,0.8942298889160156,tier_a_dual_top1
OUR,OUR,G_02_067,canonical_and_pinned_raw_text_equal,local_hex_unknown_session,data/raw_videos/ASL VIDEOS/OUR/e5008330.mp4,data/local/ASL_hand_crops_av/OUR_e5008330.jpg,640,480,30,30.0,1.0,71.29681396484375,0.13958740234375,1075.4912109375,0.8796024797157369,0.4067476987838745,3,False,data/local/local_citizen100_quality_audit_q82_cap14_exact/landmarks/OUR/e5008330.v17.npz,1d42b19841dce4cc8462ccebb775aefe35d26ab47d0808affd7df3157903a694,,1.0,0.5,0.84375,0.7734375,OUR,OUR|YOUR|WOMAN|GOODBYE|SAME,0.6971274018287659,OUR,OUR|YOUR|WOMAN|SAME|WE,0.8871057033538818,tier_a_dual_top1
OUR,OUR,G_02_067,canonical_and_pinned_raw_text_equal,local_hex_unknown_session,data/raw_videos/ASL VIDEOS/OUR/3dc7518e.mp4,data/local/ASL_hand_crops_av/OUR_3dc7518e.jpg,640,480,40,30.0,1.3333333333333333,96.02874755859375,0.001953125,3544.9345703125,0.9684521277344522,,1,False,data/local/local_citizen100_quality_audit_q82_cap14_exact/landmarks/OUR/3dc7518e.v17.npz,79ffc579ad50ffb0b4ab7bc62a8f609d710c661e53c7ca64adc7bfe6a39b9fb0,,1.0,0.5,0.8125,0.8125,OUR,OUR|GOODBYE|YOUR|DRINK|SMALL,0.6967295408248901,OUR,OUR|SMALL|TALK|DOCTOR|YOUR,0.9083349108695984,tier_a_dual_top1
OUR,OUR,G_02_067,canonical_and_pinned_raw_text_equal,local_hex_unknown_session,data/raw_videos/ASL VIDEOS/OUR/0567ec81.mp4,data/local/ASL_hand_crops_av/OUR_0567ec81.jpg,640,480,20,30.0,0.6666666666666666,136.3013916015625,0.084716796875,1983.536865234375,0.9299300509114704,0.3463273048400879,4,False,data/local/local_citizen100_quality_audit_q82_cap14_exact/landmarks/OUR/0567ec81.v17.npz,091dd4462a505b77f03381bf91df8f4ed6f2d80b2587d326c60eb50288e5af6f,,1.0,0.5,0.84375,0.84375,OUR,OUR|COME|WE|CHILD|DOCTOR,0.6746450662612915,OUR,OUR|WE|COME|DAY|WHERE,0.6867064237594604,tier_a_dual_top1
OUR,OUR,G_02_067,canonical_and_pinned_raw_text_equal,local_hex_unknown_session,data/raw_videos/ASL VIDEOS/OUR/8681bdaf.mp4,data/local/ASL_hand_crops_av/OUR_8681bdaf.jpg,640,480,30,30.0,1.0,138.60760498046875,0.11285400390625,1905.6175537109375,0.9480063540161707,0.25979453325271606,7,False,data/local/local_citizen100_quality_audit_q82_cap14_exact/landmarks/OUR/8681bdaf.v17.npz,9a14f715b819b5bd4edfaa2418b4af2f38dc8825ef1421bff9a73af08148332a,,1.0,0.5,0.84375,0.578125,OUR,OUR|COME|WE|CHILD|GOODBYE,0.7657976746559143,OUR,OUR|WE|DAY|COME|SAME,0.6104573011398315,tier_a_dual_top1
OUR,OUR,G_02_067,canonical_and_pinned_raw_text_equal,local_hex_unknown_session,data/raw_videos/ASL VIDEOS/OUR/3141a11d.mp4,data/local/ASL_hand_crops_av/OUR_3141a11d.jpg,640,480,41,30.0,1.3666666666666667,86.57275390625,0.023193359375,3055.126953125,0.948579287758864,0.3250938653945923,6,False,data/local/local_citizen100_quality_audit_q82_cap14_exact/landmarks/OUR/3141a11d.v17.npz,c84eff6f6537b31137e90f13e0869c1cda7bebe9a602be87e817a3942e94681d,,1.0,0.5,1.0,0.75,OUR,OUR|GOODBYE|CHILD|MAN|HELLO,0.5396627187728882,OUR,OUR|COME|LESS|GOODBYE|SAME,0.7876167893409729,tier_a_dual_top1
OUR,OUR,G_02_067,canonical_and_pinned_raw_text_equal,local_hex_unknown_session,data/raw_videos/ASL VIDEOS/OUR/56e720e5.mp4,data/local/ASL_hand_crops_av/OUR_56e720e5.jpg,640,480,29,30.0,0.9666666666666667,116.11358642578125,0.06268310546875,1725.8734130859375,0.9574007087819606,0.17621153593063354,10,False,data/local/local_citizen100_quality_audit_q82_cap14_exact/landmarks/OUR/56e720e5.v17.npz,86a417facf616bf72b8eb74a94d1318ef14d7265dbde56742316c66b59663a19,,0.9310344827586207,0.49169921875,0.875,0.6640625,OUR,OUR|COME|WE|STOP|CHILD,0.7540417313575745,OUR,OUR|WE|GIVE|COME|SAME,0.3223288059234619,tier_a_dual_top1
OUR,OUR,G_02_067,canonical_and_pinned_raw_text_equal,local_hex_unknown_session,data/raw_videos/ASL VIDEOS/OUR/a62d7f24.mp4,data/local/ASL_hand_crops_av/OUR_a62d7f24.jpg,640,480,49,30.0,1.6333333333333333,42.42431640625,0.3026123046875,751.0870971679688,0.8273798696921619,0.1738293170928955,12,False,data/local/local_citizen100_quality_audit_q82_cap14_exact/landmarks/OUR/a62d7f24.v17.npz,4278a0fe56c7e3ad154b9100b589429c7fd3e07211f9dca166d6182b97b697fa,,0.8979591836734694,0.58251953125,1.0,0.8828125,OUR,OUR|WOMAN|PLEASE|NIGHT|LESS,0.8316141366958618,OUR,OUR|SCHOOL|LESS|STOP|SMALL,0.2476406693458557,tier_a_dual_top1
PLEASE,PLEASE,B_02_007,canonical_and_pinned_raw_text_equal,local_hex_unknown_session,data/raw_videos/ASL VIDEOS/PLEASE/79f23b5b.mp4,data/local/ASL_hand_crops_av/PLEASE_79f23b5b.jpg,640,480,37,30.0,1.2333333333333334,79.05535888671875,0.0728759765625,1450.2303466796875,0.9196166863966582,0.4173370599746704,2,False,data/local/local_citizen100_quality_audit_q82_cap14_exact/landmarks/PLEASE/79f23b5b.v17.npz,eb57352ba37fee15972452075c2d9bd14030c449bb9e031715e35ed7f78ed01f,,1.0,0.5,0.875,0.875,PLEASE,PLEASE|MY|SORRY|HAPPY|HUNGRY,0.8906837105751038,PLEASE,PLEASE|SORRY|MY|LIKE|WRITE,0.9520978927612305,tier_a_dual_top1
PLEASE,PLEASE,B_02_007,canonical_and_pinned_raw_text_equal,local_hex_unknown_session,data/raw_videos/ASL VIDEOS/PLEASE/893f13f0.mp4,data/local/ASL_hand_crops_av/PLEASE_893f13f0.jpg,640,480,37,30.0,1.2333333333333334,66.33502197265625,0.07696533203125,1393.911376953125,0.8932874052237301,0.11808562278747559,9,False,data/local/local_citizen100_quality_audit_q82_cap14_exact/landmarks/PLEASE/893f13f0.v17.npz,7568a89e82d8dc4e14ce87db50dc7b9ea70ea9ece3447840d033330ecfdb941f,,1.0,0.5,0.875,0.875,PLEASE,PLEASE|MY|HAPPY|SORRY|HUNGRY,0.8726024031639099,PLEASE,PLEASE|HAPPY|DOCTOR|FEEL|TIRED,0.9524510502815247,tier_a_dual_top1
PLEASE,PLEASE,B_02_007,canonical_and_pinned_raw_text_equal,local_hex_unknown_session,data/raw_videos/ASL VIDEOS/PLEASE/dc962d6f.mp4,data/local/ASL_hand_crops_av/PLEASE_dc962d6f.jpg,640,480,36,30.0,1.2,51.9254150390625,0.140380859375,1201.7607421875,0.8535386955978843,0.159765362739563,8,False,data/local/local_citizen100_quality_audit_q82_cap14_exact/landmarks/PLEASE/dc962d6f.v17.npz,b90ae984a4f4ea5253299401d5fbdac7f590a3d433f7c5356921c7288267d871,,1.0,0.5,0.90625,0.90625,PLEASE,PLEASE|MY|HAPPY|SORRY|OUR,0.8606463670730591,PLEASE,PLEASE|HAPPY|FEEL|DOCTOR|LIKE,0.9211003184318542,tier_a_dual_top1
PLEASE,PLEASE,B_02_007,canonical_and_pinned_raw_text_equal,local_hex_unknown_session,data/raw_videos/ASL VIDEOS/PLEASE/55a2f5fc.mp4,data/local/ASL_hand_crops_av/PLEASE_55a2f5fc.jpg,640,480,21,30.0,0.7,112.0257568359375,0.0,91.91334533691406,0.8539271209434613,0.1133805513381958,10,False,data/local/local_citizen100_quality_audit_q82_cap14_exact/landmarks/PLEASE/55a2f5fc.v17.npz,6a95d298eda43367577c6245811a9907f121f529990c3530461ffb529037f89c,,1.0,0.5,0.8125,0.8125,PLEASE,PLEASE|HUNGRY|SORRY|MY|FEEL,0.8590646386146545,PLEASE,PLEASE|LIKE|HUNGRY|SORRY|DOCTOR,0.9341945052146912,tier_a_dual_top1
PLEASE,PLEASE,B_02_007,canonical_and_pinned_raw_text_equal,local_hex_unknown_session,data/raw_videos/ASL VIDEOS/PLEASE/ede9d3fd.mp4,data/local/ASL_hand_crops_av/PLEASE_ede9d3fd.jpg,640,480,37,30.0,1.2333333333333334,74.99652099609375,0.0592041015625,1305.839111328125,0.9141548189676432,0.08999025821685791,13,False,data/local/local_citizen100_quality_audit_q82_cap14_exact/landmarks/PLEASE/ede9d3fd.v17.npz,11df93c40e2f7e5d82c96ceba6ed30aa9c4f15c91404378b1d49e2bdaf5accbf,,1.0,0.5,0.875,0.875,PLEASE,PLEASE|MY|HAPPY|OUR|SORRY,0.8390682935714722,PLEASE,PLEASE|SORRY|MY|SAME|YOUR,0.9540769457817078,tier_a_dual_top1
PLEASE,PLEASE,B_02_007,canonical_and_pinned_raw_text_equal,local_hex_unknown_session,data/raw_videos/ASL VIDEOS/PLEASE/d7c0e303.mp4,data/local/ASL_hand_crops_av/PLEASE_d7c0e303.jpg,640,480,40,30.0,1.3333333333333333,77.5157470703125,0.05255126953125,1699.5828857421875,0.9242457116798135,0.16239595413208008,7,False,data/local/local_citizen100_quality_audit_q82_cap14_exact/landmarks/PLEASE/d7c0e303.v17.npz,0884da14dbb5b2c09255aace2a248659bed8cd201eab2bc648c5e425ec22d190,,1.0,0.5,0.8125,0.609375,PLEASE,PLEASE|MY|HAPPY|SORRY|HUNGRY,0.835284948348999,PLEASE,PLEASE|MY|DOCTOR|SORRY|TIRED,0.9538313150405884,tier_a_dual_top1
PLEASE,PLEASE,B_02_007,canonical_and_pinned_raw_text_equal,local_hex_unknown_session,data/raw_videos/ASL VIDEOS/PLEASE/8de6f6e7.mp4,data/local/ASL_hand_crops_av/PLEASE_8de6f6e7.jpg,640,480,44,30.0,1.4666666666666666,61.2662353515625,0.128662109375,183.57119750976562,0.825676659352072,0.19778180122375488,5,False,data/local/local_citizen100_quality_audit_q82_cap14_exact/landmarks/PLEASE/8de6f6e7.v17.npz,e127bf859ca4d5cfe92cbec53795dfe174a1f925bbe6f2d1a27bbfb87228f0bb,,0.8181818181818182,0.4873046875,0.9375,0.7578125,PLEASE,PLEASE|HAPPY|FEEL|HUNGRY|MY,0.8426429033279419,PLEASE,PLEASE|DOCTOR|HAPPY|FEEL|SAME,0.8235664367675781,tier_a_dual_top1
PLEASE,PLEASE,B_02_007,canonical_and_pinned_raw_text_equal,local_hex_unknown_session,data/raw_videos/ASL VIDEOS/PLEASE/12468cb9.mp4,data/local/ASL_hand_crops_av/PLEASE_12468cb9.jpg,640,480,32,30.0,1.0666666666666667,110.30364990234375,0.0,98.82334899902344,0.8838396300228177,0.09951519966125488,12,False,data/local/local_citizen100_quality_audit_q82_cap14_exact/landmarks/PLEASE/12468cb9.v17.npz,bd2de1466ec787d8e41ec541a9092a68d617c31bca219f7205450cc5f4463ed1,,0.9259259259259259,0.46875,0.65625,0.5,PLEASE,PLEASE|MY|HAPPY|TIRED|HAVE,0.8085907101631165,PLEASE,PLEASE|DOCTOR|TIRED|SORRY|FEEL,0.915840208530426,tier_a_dual_top1
PLEASE,PLEASE,B_02_007,canonical_and_pinned_raw_text_equal,local_hex_unknown_session,data/raw_videos/ASL VIDEOS/PLEASE/2a4d9720.mp4,data/local/ASL_hand_crops_av/PLEASE_2a4d9720.jpg,640,480,48,30.0,1.6,67.578369140625,0.08453369140625,1084.4283447265625,0.9027223190948599,0.2634899616241455,4,False,data/local/local_citizen100_quality_audit_q82_cap14_exact/landmarks/PLEASE/2a4d9720.v17.npz,a247a1cff356acc9f36aaf1b209f852d8cfe433f52af77d968c955d325c3a6ca,,1.0,0.5,0.84375,0.84375,PLEASE,PLEASE|HAPPY|MY|TIRED|OUR,0.7944601774215698,PLEASE,PLEASE|HAPPY|DOCTOR|FEEL|SAME,0.9240073561668396,tier_a_dual_top1
PLEASE,PLEASE,B_02_007,canonical_and_pinned_raw_text_equal,local_hex_unknown_session,data/raw_videos/ASL VIDEOS/PLEASE/988b754b.mp4,data/local/ASL_hand_crops_av/PLEASE_988b754b.jpg,640,480,39,30.0,1.3,59.09857177734375,0.09539794921875,1148.405029296875,0.8781639277446478,0.09567159414291382,14,False,data/local/local_citizen100_quality_audit_q82_cap14_exact/landmarks/PLEASE/988b754b.v17.npz,312abce138280195628828ac8e271c053f2b976fda9ea12bdea73d37dd49ae66,,1.0,0.5,0.84375,0.84375,PLEASE,PLEASE|HAPPY|MY|TIRED|OUR,0.7691588401794434,PLEASE,PLEASE|DOCTOR|HAPPY|SORRY|TIRED,0.9221624135971069,tier_a_dual_top1
PLEASE,PLEASE,B_02_007,canonical_and_pinned_raw_text_equal,local_hex_unknown_session,data/raw_videos/ASL VIDEOS/PLEASE/9e96ca52.mp4,data/local/ASL_hand_crops_av/PLEASE_9e96ca52.jpg,640,480,20,30.0,0.6666666666666666,94.6212158203125,0.0,94.18844604492188,0.8303146715569981,0.19028067588806152,6,False,data/local/local_citizen100_quality_audit_q82_cap14_exact/landmarks/PLEASE/9e96ca52.v17.npz,f51c45a2b0d4104cb100568f5fe52f953cd875a06f41da9eb0575fb26cde2e65,,1.0,0.5,0.84375,0.84375,PLEASE,PLEASE|MY|HAPPY|HUNGRY|LIKE,0.7301291227340698,PLEASE,PLEASE|LIKE|DOCTOR|MY|HAPPY,0.9546082019805908,tier_a_dual_top1
PLEASE,PLEASE,B_02_007,canonical_and_pinned_raw_text_equal,local_hex_unknown_session,data/raw_videos/ASL VIDEOS/PLEASE/dac36d83.mp4,data/local/ASL_hand_crops_av/PLEASE_dac36d83.jpg,640,480,21,30.0,0.7,120.78192138671875,0.0,97.46699523925781,0.8627261467351166,0.38621872663497925,3,False,data/local/local_citizen100_quality_audit_q82_cap14_exact/landmarks/PLEASE/dac36d83.v17.npz,ccc63384bba7d3955c4d06d6b85d6074c83feea04e7877f87ed63e0f6b99a345,,1.0,0.5,0.8125,0.53125,PLEASE,PLEASE|MY|HAPPY|HUNGRY|SORRY,0.5883879661560059,PLEASE,PLEASE|MY|DOCTOR|LIKE|SORRY,0.9621912240982056,tier_a_dual_top1
PLEASE,PLEASE,B_02_007,canonical_and_pinned_raw_text_equal,local_hex_unknown_session,data/raw_videos/ASL VIDEOS/PLEASE/83e982ca.mp4,data/local/ASL_hand_crops_av/PLEASE_83e982ca.jpg,640,480,45,30.0,1.5,74.122802734375,0.0,592.325927734375,0.9306244261135319,,1,False,data/local/local_citizen100_quality_audit_q82_cap14_exact/landmarks/PLEASE/83e982ca.v17.npz,dd8817f7d34866186f72b0da4687bd309296cbad1e77911f4e27d18e4f4e599a,,0.9555555555555556,0.5,0.90625,0.0,PLEASE,PLEASE|HAPPY|MY|GOOD|HELP,0.3939073979854584,PLEASE,PLEASE|HAPPY|FEEL|MY|WRITE,0.7932485938072205,tier_a_dual_top1
READ,READ,A_01_022,canonical_and_pinned_raw_text_equal,local_hex_unknown_session,data/raw_videos/ASL VIDEOS/READ/9213fd2c.mp4,data/local/ASL_hand_crops_av/READ_9213fd2c.jpg,640,480,40,30.0,1.3333333333333333,81.03570556640625,0.0660400390625,1181.454833984375,0.9285229237689974,0.4539942145347595,3,False,data/local/local_citizen100_quality_audit_q82_cap14_exact/landmarks/READ/9213fd2c.v17.npz,9bc205d140208b960e479ee09f20e3eb989bf35acea7b177acd380694535c60c,,1.0,0.8681640625,0.8125,0.8125,READ,READ|READY|GO|WHAT|MORE,0.8938847780227661,READ,READ|NO|WHAT|GO|LIKE,0.958808958530426,tier_a_dual_top1
READ,READ,A_01_022,canonical_and_pinned_raw_text_equal,local_hex_unknown_session,data/raw_videos/ASL VIDEOS/READ/22674dd4.mp4,data/local/ASL_hand_crops_av/READ_22674dd4.jpg,640,480,21,30.0,0.7,98.749755859375,0.0,223.63465881347656,0.8879880758898708,0.2693334221839905,6,False,data/local/local_citizen100_quality_audit_q82_cap14_exact/landmarks/READ/22674dd4.v17.npz,f7422bfa51860e364aac264e21919a40bdbb6b1d8ad9fd7bc93233d39ea75c7d,,1.0,1.0,0.8125,0.71875,READ,READ|NAME|DOCTOR|FRIEND|MORE,0.6304299235343933,READ,READ|NAME|LEARN|LIKE|ANSWER,0.9273921847343445,tier_a_dual_top1
READ,READ,A_01_022,canonical_and_pinned_raw_text_equal,local_hex_unknown_session,data/raw_videos/ASL VIDEOS/READ/cb1b6cf3.mp4,data/local/ASL_hand_crops_av/READ_cb1b6cf3.jpg,640,480,28,30.0,0.9333333333333333,129.008056640625,0.1129150390625,2072.831787109375,0.9461099375713236,0.11887329816818237,13,False,data/local/local_citizen100_quality_audit_q82_cap14_exact/landmarks/READ/cb1b6cf3.v17.npz,5860326aeba07a5350f716276eb938f0436b8508c7fc324f227f43f551ee5def,,0.8181818181818182,0.76416015625,0.78125,0.03125,READ,READ|SICK|SAD|LEARN|MORE,0.49392372369766235,READ,READ|SAD|SICK|HELLO|NAME,0.38082584738731384,tier_a_dual_top1
READY,READY,F_03_042,canonical_and_pinned_raw_text_equal,local_hex_unknown_session,data/raw_videos/ASL VIDEOS/READY/51b839f4.mp4,data/local/ASL_hand_crops_av/READY_51b839f4.jpg,640,480,32,30.0,1.0666666666666667,72.07989501953125,0.10614013671875,1392.2294921875,0.8912174161225461,0.12427699565887451,7,False,data/local/local_citizen100_quality_audit_q82_cap14_exact/landmarks/READY/51b839f4.v17.npz,aff133850431a65788daf1d55becc4bd153ffb0fde61637b6485f2c02bf60b42,,0.8518518518518519,0.8134765625,0.625,0.0859375,READY,READY|READ|USE|IMPORTANT|GO,0.7697234749794006,READY,READY|NO|READ|LANGUAGE|DIFFERENT,0.7193000316619873,tier_a_dual_top1
READY,READY,F_03_042,canonical_and_pinned_raw_text_equal,local_hex_unknown_session,data/raw_videos/ASL VIDEOS/READY/01db0a12.mp4,data/local/ASL_hand_crops_av/READY_01db0a12.jpg,640,480,46,30.0,1.5333333333333334,62.94647216796875,0.109130859375,1497.194091796875,0.8890757050233378,0.13841938972473145,6,False,data/local/local_citizen100_quality_audit_q82_cap14_exact/landmarks/READY/01db0a12.v17.npz,82028b8102942f7c3f8598e25bf660e2e149a4e3bf39cab42dd08f6cf8aefd82,,0.9310344827586207,0.806640625,0.875,0.59375,READY,READY|LANGUAGE|DIFFERENT|BIG|READ,0.702246367931366,READY,READY|LANGUAGE|DIFFERENT|READ|NO,0.7911099791526794,tier_a_dual_top1
READY,READY,F_03_042,canonical_and_pinned_raw_text_equal,local_hex_unknown_session,data/raw_videos/ASL VIDEOS/READY/708fdebe.mp4,data/local/ASL_hand_crops_av/READY_708fdebe.jpg,640,480,36,30.0,1.2,62.68524169921875,0.1083984375,1474.1884765625,0.8793025053372472,0.09394705295562744,11,False,data/local/local_citizen100_quality_audit_q82_cap14_exact/landmarks/READY/708fdebe.v17.npz,eaed224fa50420835596266a837cefa8de220f8d57ee494ea17426b864056cdf,,0.8518518518518519,0.7685546875,0.9375,0.9375,READY,READY|DIFFERENT|BIG|LANGUAGE|GO,0.681634783744812,READY,READY|DIFFERENT|WANT|LISTEN|BIG,0.7206100225448608,tier_a_dual_top1
READY,READY,F_03_042,canonical_and_pinned_raw_text_equal,local_hex_unknown_session,data/raw_videos/ASL VIDEOS/READY/221d4adb.mp4,data/local/ASL_hand_crops_av/READY_221d4adb.jpg,640,480,31,30.0,1.0333333333333334,60.75970458984375,0.10723876953125,1197.47021484375,0.8663693834979399,0.08574211597442627,13,False,data/local/local_citizen100_quality_audit_q82_cap14_exact/landmarks/READY/221d4adb.v17.npz,5d3db289879da89b69beab94c885a5ad2f02e7bb6f437d9539614007ccfca784,,0.9230769230769231,0.83642578125,0.65625,0.421875,READY,READY|USE|DIFFERENT|IMPORTANT|NO,0.6667252779006958,READY,READY|LANGUAGE|DIFFERENT|USE|IMPORTANT,0.7909875512123108,tier_a_dual_top1
READY,READY,F_03_042,canonical_and_pinned_raw_text_equal,local_hex_unknown_session,data/raw_videos/ASL VIDEOS/READY/5abcc907.mp4,data/local/ASL_hand_crops_av/READY_5abcc907.jpg,640,480,30,30.0,1.0,65.90972900390625,0.13836669921875,1330.538818359375,0.8694901703368856,0.08368480205535889,14,False,data/local/local_citizen100_quality_audit_q82_cap14_exact/landmarks/READY/5abcc907.v17.npz,f75cc7eb157ddec750c62fc3422b48b374ae935ebc8fb117e1185496089fd71c,,0.8666666666666667,0.64892578125,0.84375,0.640625,READY,READY|USE|READ|DIFFERENT|LANGUAGE,0.4259532392024994,READY,READY|READ|LANGUAGE|NO|DIFFERENT,0.497964471578598,tier_a_dual_top1
READY,READY,F_03_042,canonical_and_pinned_raw_text_equal,local_hex_unknown_session,data/raw_videos/ASL VIDEOS/READY/15cb7d89.mp4,data/local/ASL_hand_crops_av/READY_15cb7d89.jpg,640,480,33,30.0,1.1,78.5130615234375,0.0826416015625,1651.248046875,0.9099847595244864,0.6719357967376709,2,False,data/local/local_citizen100_quality_audit_q82_cap14_exact/landmarks/READY/15cb7d89.v17.npz,633138d058b711f797d0e9cf60b1f21888a02691a0e3d93468d3fa95ade4f5b0,,0.8214285714285714,0.73583984375,0.59375,0.3125,READY,READY|DIFFERENT|USE|READ|GO,0.393494188785553,READY,READY|DIFFERENT|USE|LANGUAGE|NAME,0.6940070986747742,tier_a_dual_top1
READY,READY,F_03_042,canonical_and_pinned_raw_text_equal,local_hex_unknown_session,data/raw_videos/ASL VIDEOS/READY/bda1e90a.mp4,data/local/ASL_hand_crops_av/READY_bda1e90a.jpg,640,480,35,30.0,1.1666666666666667,84.0357666015625,0.0,164.25531005859375,0.8780976899850863,0.0855444073677063,12,False,data/local/local_citizen100_quality_audit_q82_cap14_exact/landmarks/READY/bda1e90a.v17.npz,4098440ba179517d244dfeaa41af3be648cc3c5b41b6d252c2e848331a7ea8a6,,0.875,0.7802734375,0.78125,0.40625,READY,READY|READ|GO|ANSWER|LISTEN,0.392381489276886,READY,READY|READ|NO|LISTEN|DIFFERENT,0.8685025572776794,tier_a_dual_top1
READY,READY,F_03_042,canonical_and_pinned_raw_text_equal,local_hex_unknown_session,data/raw_videos/ASL VIDEOS/READY/dd50d186.mp4,data/local/ASL_hand_crops_av/READY_dd50d186.jpg,640,480,44,30.0,1.4666666666666666,71.5423583984375,0.0,162.23590087890625,0.8613817073952114,0.24330836534500122,4,False,data/local/local_citizen100_quality_audit_q82_cap14_exact/landmarks/READY/dd50d186.v17.npz,245fd62af7506213fe61a8784610c033e4839de3ed732d5ae95bdb1e1be3992d,,0.8974358974358975,0.8349609375,0.84375,0.6953125,READY,READY|READ|LISTEN|ANSWER|GO,0.3644932508468628,READY,READY|READ|USE|NAME|LISTEN,0.8640630841255188,tier_a_dual_top1
SAD,SAD,B_02_053,canonical_and_pinned_raw_text_equal,local_hex_unknown_session,data/raw_videos/ASL VIDEOS/SAD/5a5de8ae.mp4,data/local/ASL_hand_crops_av/SAD_5a5de8ae.jpg,640,480,30,30.0,1.0,68.851806640625,0.06884765625,2295.9091796875,0.8869500265359289,0.12512290477752686,9,False,data/local/local_citizen100_quality_audit_q82_cap14_exact/landmarks/SAD/5a5de8ae.v17.npz,27217a6f3b06ea9e45652fa403349e4dd8929fb14b676372e879ee28919d5e69,,1.0,1.0,0.84375,0.7734375,SAD,SAD|WANT|WAIT|SEE|FAMILY,0.8858204483985901,SAD,SAD|ANGRY|WAIT|WANT|SICK,0.9007731676101685,tier_a_dual_top1
SAD,SAD,B_02_053,canonical_and_pinned_raw_text_equal,local_numbered_single_session,data/raw_videos/ASL VIDEOS/SAD/SAD_22.mp4,data/local/ASL_hand_crops_av/SAD_SAD_22.jpg,640,480,47,30.0,1.5666666666666667,139.4859619140625,0.0,1422.3994140625,0.9963035092347885,,1,False,data/local/local_citizen100_quality_audit_q82_cap14_exact/landmarks/SAD/SAD_22.v17.npz,337c4c00d8fb72e98f06880258c9d23ac650fc121ebc399c2eb813f6b97c2228,,0.8787878787878788,0.80126953125,0.75,0.2578125,SAD,SAD|WAIT|WANT|SEE|ANGRY,0.8802735209465027,SAD,SAD|WANT|WAIT|FAMILY|ANGRY,0.9093734622001648,tier_a_dual_top1
SAD,SAD,B_02_053,canonical_and_pinned_raw_text_equal,local_hex_unknown_session,data/raw_videos/ASL VIDEOS/SAD/25793182.mp4,data/local/ASL_hand_crops_av/SAD_25793182.jpg,640,480,32,30.0,1.0666666666666667,81.8909912109375,0.0,197.21372985839844,0.8785144793438466,0.10963249206542969,11,False,data/local/local_citizen100_quality_audit_q82_cap14_exact/landmarks/SAD/25793182.v17.npz,c6eb9b61e8e66887108ea0c5c420d7a0bd93b4918c9d71e0fb59a88fa623d321,,0.8461538461538461,0.80517578125,0.65625,0.1875,SAD,SAD|WAIT|WANT|HOW|SEE,0.8467728495597839,SAD,SAD|EASY|WAIT|HOW|ANGRY,0.9517351388931274,tier_a_dual_top1
SAD,SAD,B_02_053,canonical_and_pinned_raw_text_equal,local_hex_unknown_session,data/raw_videos/ASL VIDEOS/SAD/109cd38d.mp4,data/local/ASL_hand_crops_av/SAD_109cd38d.jpg,640,480,29,30.0,0.9666666666666667,80.283935546875,0.0,201.0717315673828,0.8698480260114023,0.14750546216964722,7,False,data/local/local_citizen100_quality_audit_q82_cap14_exact/landmarks/SAD/109cd38d.v17.npz,5d7b171478f00f9d9812089b36f8e35077145f575dedde6d8ff89888249e5742,,0.8333333333333334,0.8095703125,0.71875,0.5390625,SAD,SAD|WAIT|SEE|WANT|EASY,0.8118360042572021,SAD,SAD|WAIT|EASY|WANT|SICK,0.8448668122291565,tier_a_dual_top1
SAD,SAD,B_02_053,canonical_and_pinned_raw_text_equal,local_hex_unknown_session,data/raw_videos/ASL VIDEOS/SAD/29db69f3.mp4,data/local/ASL_hand_crops_av/SAD_29db69f3.jpg,640,480,32,30.0,1.0666666666666667,72.83367919921875,0.09600830078125,1048.9013671875,0.8944983572359146,0.0938788652420044,13,False,data/local/local_citizen100_quality_audit_q82_cap14_exact/landmarks/SAD/29db69f3.v17.npz,e32f0990bc80a140eebbc3a2b3411afb91d314149b27205fa47a19c41fad1c18,,1.0,0.84130859375,0.78125,0.78125,SAD,SAD|WAIT|EASY|HOW|THANKYOU,0.8013314604759216,SAD,SAD|KNOW|HOW|ANGRY|EASY,0.9266550540924072,tier_a_dual_top1
SAD,SAD,B_02_053,canonical_and_pinned_raw_text_equal,local_hex_unknown_session,data/raw_videos/ASL VIDEOS/SAD/485b0a78.mp4,data/local/ASL_hand_crops_av/SAD_485b0a78.jpg,640,480,29,30.0,0.9666666666666667,85.9111328125,0.0,160.62847900390625,0.8684624030631772,0.11048483848571777,12,False,data/local/local_citizen100_quality_audit_q82_cap14_exact/landmarks/SAD/485b0a78.v17.npz,9aeef7bd6e80e596da1814d7046ecb8ff7d1555605d0f1b1eeb7a4449d090aeb,,0.88,0.81103515625,0.6875,0.5234375,SAD,SAD|READ|SICK|WANT|WAIT,0.7982913255691528,SAD,SAD|HELLO|WANT|READ|EASY,0.8334832787513733,tier_a_dual_top1
SAD,SAD,B_02_053,canonical_and_pinned_raw_text_equal,local_hex_unknown_session,data/raw_videos/ASL VIDEOS/SAD/87718520.mp4,data/local/ASL_hand_crops_av/SAD_87718520.jpg,640,480,38,30.0,1.2666666666666666,63.61328125,0.11053466796875,1460.40771484375,0.8837248189115988,0.09078103303909302,14,False,data/local/local_citizen100_quality_audit_q82_cap14_exact/landmarks/SAD/87718520.v17.npz,54908e68433fc2db518065940543f3713edfe86307064af3df0e51dee917781b,,1.0,0.7529296875,0.875,0.7265625,SAD,SAD|WAIT|SICK|EASY|HOW,0.7913120985031128,SAD,SAD|KNOW|THANKYOU|SICK|WAIT,0.8964276909828186,tier_a_dual_top1
SAD,SAD,B_02_053,canonical_and_pinned_raw_text_equal,local_hex_unknown_session,data/raw_videos/ASL VIDEOS/SAD/73bd55b7.mp4,data/local/ASL_hand_crops_av/SAD_73bd55b7.jpg,640,480,29,30.0,0.9666666666666667,67.1021728515625,0.1209716796875,1160.2158203125,0.872419207240888,0.1263086199760437,10,False,data/local/local_citizen100_quality_audit_q82_cap14_exact/landmarks/SAD/73bd55b7.v17.npz,e8f74f5fe9d1b9238425e207c63fc9cd200796d173814afbde6fb566dbf48b13,,1.0,0.80712890625,0.875,0.4609375,SAD,SAD|NOW|WAIT|HOW|WANT,0.7738245725631714,SAD,SAD|KNOW|FATHER|SICK|THANKYOU,0.9271706342697144,tier_a_dual_top1
SAD,SAD,B_02_053,canonical_and_pinned_raw_text_equal,local_hex_unknown_session,data/raw_videos/ASL VIDEOS/SAD/785c84da.mp4,data/local/ASL_hand_crops_av/SAD_785c84da.jpg,640,480,29,30.0,0.9666666666666667,74.60198974609375,0.09552001953125,1100.06494140625,0.8915763672486178,0.13551372289657593,8,False,data/local/local_citizen100_quality_audit_q82_cap14_exact/landmarks/SAD/785c84da.v17.npz,75fdd5638abc578a839711702f9a464be2f0228b90de057fbe47bd5a9f09d668,,1.0,0.80224609375,0.875,0.2578125,SAD,SAD|WAIT|NOW|WANT|THANKYOU,0.7625216841697693,SAD,SAD|KNOW|ANGRY|SICK|FATHER,0.9081344604492188,tier_a_dual_top1
SAD,SAD,B_02_053,canonical_and_pinned_raw_text_equal,local_hex_unknown_session,data/raw_videos/ASL VIDEOS/SAD/5252d5c3.mp4,data/local/ASL_hand_crops_av/SAD_5252d5c3.jpg,640,480,33,30.0,1.1,64.69970703125,0.0865478515625,1940.223876953125,0.8816380514583549,0.26394134759902954,4,False,data/local/local_citizen100_quality_audit_q82_cap14_exact/landmarks/SAD/5252d5c3.v17.npz,424ca4f40fb0afd34822265e71109946aaf0a203e522d48b78243d131a6593c1,,1.0,1.0,1.0,0.578125,SAD,SAD|WANT|WAIT|SEE|FAMILY,0.7377784252166748,SAD,SAD|ANGRY|SICK|WAIT|WANT,0.9105008244514465,tier_a_dual_top1
SAD,SAD,B_02_053,canonical_and_pinned_raw_text_equal,local_hex_unknown_session,data/raw_videos/ASL VIDEOS/SAD/e713c701.mp4,data/local/ASL_hand_crops_av/SAD_e713c701.jpg,640,480,31,30.0,1.0333333333333334,78.86541748046875,0.05584716796875,990.1329956054688,0.9117662759890498,0.1757022738456726,5,False,data/local/local_citizen100_quality_audit_q82_cap14_exact/landmarks/SAD/e713c701.v17.npz,42dca322405db43dae22eefeef3305472e43cc241ab4ab4062a1850a2abb3bb4,,1.0,0.80126953125,0.8125,0.8125,SAD,SAD|WAIT|NOW|WANT|THANKYOU,0.6199638247489929,SAD,SAD|KNOW|ANGRY|SICK|HELLO,0.9208106398582458,tier_a_dual_top1
SAD,SAD,B_02_053,canonical_and_pinned_raw_text_equal,local_hex_unknown_session,data/raw_videos/ASL VIDEOS/SAD/e3cc9847.mp4,data/local/ASL_hand_crops_av/SAD_e3cc9847.jpg,640,480,30,30.0,1.0,75.65966796875,0.0,183.84388732910156,0.8573794548861677,0.15829968452453613,6,False,data/local/local_citizen100_quality_audit_q82_cap14_exact/landmarks/SAD/e3cc9847.v17.npz,4bfc5cb2af43e5fa7d2b7ec447097f09c057e131efea09261164747503cc1377,,0.8333333333333334,0.78857421875,0.71875,0.546875,SAD,SAD|WAIT|EASY|READ|ANGRY,0.7624854445457458,SAD,SAD|EASY|BAD|READ|WAIT,0.6027882099151611,tier_a_dual_top1
SAD,SAD,B_02_053,canonical_and_pinned_raw_text_equal,local_hex_unknown_session,data/raw_videos/ASL VIDEOS/SAD/3ad299ca.mp4,data/local/ASL_hand_crops_av/SAD_3ad299ca.jpg,640,480,25,30.0,0.8333333333333334,90.9698486328125,0.0,138.5202178955078,0.8596039912473797,0.29334819316864014,3,False,data/local/local_citizen100_quality_audit_q82_cap14_exact/landmarks/SAD/3ad299ca.v17.npz,941de4843bb433facd3ce58bacf365d4d7dfc8127201a84bedc847763b3a0156,,0.85,0.875,0.84375,0.0234375,SAD,SAD|WANT|WAIT|READ|SEE,0.5925281047821045,SAD,SAD|WANT|WAIT|HELLO|READ,0.4271482825279236,tier_a_dual_top1
SCHOOL,SCHOOL,C_03_089,canonical_and_pinned_raw_text_equal,local_hex_unknown_session,data/raw_videos/ASL VIDEOS/SCHOOL/9de273c4.mp4,data/local/ASL_hand_crops_av/SCHOOL_9de273c4.jpg,640,480,45,30.0,1.5,93.1605224609375,0.0,190.18695068359375,0.9136860257360908,0.3262217044830322,4,False,data/local/local_citizen100_quality_audit_q82_cap14_exact/landmarks/SCHOOL/9de273c4.v17.npz,d01adf5b6a716e7154a8fdcdb6c23a79ff1feebce4a5fed66d5b1fc1b1a95def,,1.0,0.90625,0.90625,0.6328125,SCHOOL,SCHOOL|LESS|MY|STOP|NIGHT,0.849490761756897,SCHOOL,SCHOOL|STOP|DOCTOR|BAD|LESS,0.6222149133682251,tier_a_dual_top1
SCHOOL,SCHOOL,C_03_089,canonical_and_pinned_raw_text_equal,local_numbered_single_session,data/raw_videos/ASL VIDEOS/SCHOOL/SCHOOL_14.mp4,data/local/ASL_hand_crops_av/SCHOOL_SCHOOL_14.jpg,640,480,120,30.0,4.0,114.81243896484375,0.0,5861.2666015625,0.8290312825388805,0.423123836517334,3,False,data/local/local_citizen100_quality_audit_q82_cap14_exact/landmarks/SCHOOL/SCHOOL_14.v17.npz,7c9da8b9efe3401d99a13726d3914368865adf7d9c67743c3541f868e6aa3777,,0.9506172839506173,0.8427734375,0.875,0.828125,SCHOOL,SCHOOL|EASY|STOP|HAPPY|DOCTOR,0.4723188579082489,SCHOOL,SCHOOL|EASY|STOP|WEEK|LEARN,0.47364696860313416,tier_a_dual_top1
SCHOOL,SCHOOL,C_03_089,canonical_and_pinned_raw_text_equal,local_hex_unknown_session,data/raw_videos/ASL VIDEOS/SCHOOL/f8b7ade5.mp4,data/local/ASL_hand_crops_av/SCHOOL_f8b7ade5.jpg,640,480,40,30.0,1.3333333333333333,66.667236328125,0.16943359375,862.265625,0.8825244426899987,0.14942264556884766,12,False,data/local/local_citizen100_quality_audit_q82_cap14_exact/landmarks/SCHOOL/f8b7ade5.v17.npz,386ee23885b1b957ea6dca50b8f3f755cf7fa53f1d063edd59f15b13978c6a4d,,1.0,0.87109375,0.8125,0.6640625,SCHOOL,SCHOOL|SMALL|LESS|DOCTOR|STOP,0.5142225027084351,SCHOOL,SCHOOL|DOCTOR|STOP|SMALL|OUR,0.2914138436317444,tier_a_dual_top1
SCHOOL,SCHOOL,C_03_089,canonical_and_pinned_raw_text_equal,local_hex_unknown_session,data/raw_videos/ASL VIDEOS/SCHOOL/15f9a525.mp4,data/local/ASL_hand_crops_av/SCHOOL_15f9a525.jpg,640,480,36,30.0,1.2,93.49151611328125,0.0,124.8963851928711,0.8817001860684293,0.16720807552337646,11,False,data/local/local_citizen100_quality_audit_q82_cap14_exact/landmarks/SCHOOL/15f9a525.v17.npz,d2e4d2e5296588d967dc71eec5ca6294f224722a066682ce42f3b324dc6768a6,,1.0,0.66796875,0.90625,0.03125,SCHOOL,SCHOOL|OUR|STOP|MY|SMALL,0.48776647448539734,SCHOOL,SCHOOL|DOCTOR|OUR|STOP|PLEASE,0.19365748763084412,tier_a_dual_top1
SEE,SEE,C_02_030,canonical_and_pinned_raw_text_equal,local_hex_unknown_session,data/raw_videos/ASL VIDEOS/SEE/1d7d2995.mp4,data/local/ASL_hand_crops_av/SEE_1d7d2995.jpg,640,480,28,30.0,0.9333333333333333,62.627197265625,0.24407958984375,725.7098999023438,0.8420605194499933,0.11902272701263428,6,False,data/local/local_citizen100_quality_audit_q82_cap14_exact/landmarks/SEE/1d7d2995.v17.npz,60bbeb17fe43ac175a012b7589b6276f2b55f5bd266f8d7e1500cbecb257d4bb,,1.0,0.5,0.90625,0.6875,SEE,SEE|HE|UNDERSTAND|WHAT|LISTEN,0.919111967086792,SEE,SEE|UNDERSTAND|LISTEN|WHAT|HE,0.9125656485557556,tier_a_dual_top1
SEE,SEE,C_02_030,canonical_and_pinned_raw_text_equal,local_hex_unknown_session,data/raw_videos/ASL VIDEOS/SEE/5653eb74.mp4,data/local/ASL_hand_crops_av/SEE_5653eb74.jpg,640,480,25,30.0,0.8333333333333334,55.13189697265625,0.2296142578125,1433.4815673828125,0.823757105113895,0.1759486198425293,4,False,data/local/local_citizen100_quality_audit_q82_cap14_exact/landmarks/SEE/5653eb74.v17.npz,a08d1e0d12b6d215c38b7dfdd4125695ee3f0efe268644f57e5bf2c68c7a9f4a,,1.0,0.5,1.0,0.0,SEE,SEE|HE|THEY|WATER|LISTEN,0.8634245991706848,SEE,SEE|LISTEN|HE|NAME|USE,0.8681149482727051,tier_a_dual_top1
SEE,SEE,C_02_030,canonical_and_pinned_raw_text_equal,local_hex_unknown_session,data/raw_videos/ASL VIDEOS/SEE/a6415e4d.mp4,data/local/ASL_hand_crops_av/SEE_a6415e4d.jpg,640,480,50,30.0,1.6666666666666667,89.059814453125,0.0,511.065185546875,0.9610610656277068,0.5620221495628357,2,False,data/local/local_citizen100_quality_audit_q82_cap14_exact/landmarks/SEE/a6415e4d.v17.npz,c1333757ea53c7d0079436d3cc563156a74d8538546979d71f2dc3fb018e4e16,,0.98,0.5,0.96875,0.0,SEE,SEE|WATER|NAME|LISTEN|HE,0.8487045168876648,SEE,SEE|LISTEN|USE|SLEEP|WATER,0.9520643949508667,tier_a_dual_top1
SEE,SEE,C_02_030,canonical_and_pinned_raw_text_equal,local_numbered_single_session,data/raw_videos/ASL VIDEOS/SEE/SEE_1.mp4,data/local/ASL_hand_crops_av/SEE_SEE_1.jpg,640,480,51,30.0,1.7,139.66851806640625,0.0,4459.13134765625,0.9956403872440982,,1,False,data/local/local_citizen100_quality_audit_q82_cap14_exact/landmarks/SEE/SEE_1.v17.npz,ac68247d84dc9ef74b022385596d5bd9ef9c5d02ff6048293990d7e304d9ef04,,1.0,0.5,0.96875,0.6171875,SEE,SEE|WATER|NAME|LIKE|HE,0.8406636118888855,SEE,SEE|LISTEN|WATER|USE|SLEEP,0.9447267055511475,tier_a_dual_top1
SEE,SEE,C_02_030,canonical_and_pinned_raw_text_equal,local_hex_unknown_session,data/raw_videos/ASL VIDEOS/SEE/1321837e.mp4,data/local/ASL_hand_crops_av/SEE_1321837e.jpg,640,480,32,30.0,1.0666666666666667,61.153076171875,0.1859130859375,892.1354370117188,0.857235674157951,0.36780500411987305,3,False,data/local/local_citizen100_quality_audit_q82_cap14_exact/landmarks/SEE/1321837e.v17.npz,86809193c3bb6a12f6edc3415b740df12b9c8007ddc3d382669c4510a849a1be,,1.0,0.5,0.78125,0.78125,SEE,SEE|UNDERSTAND|WHAT|TELL|THEY,0.7632924914360046,SEE,SEE|UNDERSTAND|THINK|WHAT|WHY,0.7188577651977539,tier_a_dual_top1
SEE,SEE,C_02_030,canonical_and_pinned_raw_text_equal,local_hex_unknown_session,data/raw_videos/ASL VIDEOS/SEE/33d7e40a.mp4,data/local/ASL_hand_crops_av/SEE_33d7e40a.jpg,640,480,28,30.0,0.9333333333333333,53.716552734375,0.25958251953125,1513.20751953125,0.8247979584694123,0.11602765321731567,7,False,data/local/local_citizen100_quality_audit_q82_cap14_exact/landmarks/SEE/33d7e40a.v17.npz,2048b6ca5c3e8e8455faef3a765e6a9d0ea7b5d262bae6befff2f48d831fa00f,,1.0,0.5,0.90625,0.2265625,SEE,SEE|TELL|THINK|HE|WHAT,0.6216627359390259,SEE,SEE|UNDERSTAND|TELL|WHAT|HE,0.8865121603012085,tier_a_dual_top1
SEE,SEE,C_02_030,canonical_and_pinned_raw_text_equal,local_hex_unknown_session,data/raw_videos/ASL VIDEOS/SEE/bca10bb6.mp4,data/local/ASL_hand_crops_av/SEE_bca10bb6.jpg,640,480,36,30.0,1.2,56.60516357421875,0.2362060546875,1872.5321044921875,0.8489137449447124,0.12543851137161255,5,False,data/local/local_citizen100_quality_audit_q82_cap14_exact/landmarks/SEE/bca10bb6.v17.npz,499b748d455bf112574fb7298c84a5de73ae61cb0552bd7123546f7e34da51e3,,1.0,0.5,0.90625,0.6796875,SEE,SEE|TELL|SLEEP|THINK|HE,0.6444843411445618,SEE,SEE|WHERE|HE|USE|TELL,0.5992956757545471,tier_a_dual_top1
SIGN,SIGN,E_03_050,canonical_and_pinned_raw_text_equal,local_hex_unknown_session,data/raw_videos/ASL VIDEOS/SIGN/7355babc.mp4,data/local/ASL_hand_crops_av/SIGN_7355babc.jpg,640,480,50,30.0,1.6666666666666667,50.33050537109375,0.16925048828125,475.51776123046875,0.8533478608049248,0.21263974905014038,7,False,data/local/local_citizen100_quality_audit_q82_cap14_exact/landmarks/SIGN/7355babc.v17.npz,cd6dffcd98f03ff97d6269918032a4977b62928d55ab3b6ef84b6e54ac2b8d9f,,0.9069767441860465,0.8740234375,0.75,0.015625,SIGN,SIGN|TIME|NAME|WHEN|WHAT,0.8709714412689209,SIGN,SIGN|WHAT|NEED|TIME|WHEN,0.9558277130126953,tier_a_dual_top1
SLEEP,SLEEP,B_03_037,canonical_and_pinned_raw_text_equal,local_hex_unknown_session,data/raw_videos/ASL VIDEOS/SLEEP/b91d77e5.mp4,data/local/ASL_hand_crops_av/SLEEP_b91d77e5.jpg,640,480,24,30.0,0.8,56.31207275390625,0.23040771484375,1435.81884765625,0.8230183611330139,0.1567821502685547,6,False,data/local/local_citizen100_quality_audit_q82_cap14_exact/landmarks/SLEEP/b91d77e5.v17.npz,fe5f66e88515d3d41c067a0e4b09f3867d734f599f14b7e675e0ac7f371a65ec,,1.0,0.5,0.71875,0.3671875,SLEEP,SLEEP|EAT|MORNING|KNOW|HOME,0.8366811871528625,SLEEP,SLEEP|MORNING|SAD|EAT|MAN,0.9254599809646606,tier_a_dual_top1
SLEEP,SLEEP,B_03_037,canonical_and_pinned_raw_text_equal,local_hex_unknown_session,data/raw_videos/ASL VIDEOS/SLEEP/a84a3f96.mp4,data/local/ASL_hand_crops_av/SLEEP_a84a3f96.jpg,640,480,34,30.0,1.1333333333333333,53.419921875,0.25531005859375,651.4403686523438,0.837519561992196,0.4464200735092163,3,False,data/local/local_citizen100_quality_audit_q82_cap14_exact/landmarks/SLEEP/a84a3f96.v17.npz,1883a0a8f4bf160583b83f0cb96d050e84bf3f66d3ef5fcbecf09f3ff02898ec,,0.8620689655172413,0.418212890625,0.875,0.875,SLEEP,SLEEP|MORNING|UNDERSTAND|SEE|KNOW,0.672170102596283,SLEEP,SLEEP|MAN|SAD|SEE|UNDERSTAND,0.9405115842819214,tier_a_dual_top1
SLEEP,SLEEP,B_03_037,canonical_and_pinned_raw_text_equal,local_hex_unknown_session,data/raw_videos/ASL VIDEOS/SLEEP/d36902b3.mp4,data/local/ASL_hand_crops_av/SLEEP_d36902b3.jpg,640,480,30,30.0,1.0,58.916015625,0.22198486328125,870.6460571289062,0.8435889762015736,0.11785125732421875,9,False,data/local/local_citizen100_quality_audit_q82_cap14_exact/landmarks/SLEEP/d36902b3.v17.npz,912a84cf85c2f3e385d26f3e4fd11d7403e6adc64f1b407e3b12748002d0f83b,,1.0,0.49560546875,0.84375,0.84375,SLEEP,SLEEP|HOSPITAL|EAT|WOMAN|MORNING,0.6612831354141235,SLEEP,SLEEP|DAY|COME|UNDERSTAND|HOSPITAL,0.6396802067756653,tier_a_dual_top1
SLEEP,SLEEP,B_03_037,canonical_and_pinned_raw_text_equal,local_numbered_single_session,data/raw_videos/ASL VIDEOS/SLEEP/SLEEP_1.mp4,data/local/ASL_hand_crops_av/SLEEP_SLEEP_1.jpg,640,480,48,30.0,1.6,129.177001953125,0.0,3321.6142578125,0.999961628053212,,1,False,data/local/local_citizen100_quality_audit_q82_cap14_exact/landmarks/SLEEP/SLEEP_1.v17.npz,43d2a7d11260f772939b1aca9ae61b01c8d7c120f831fb927416cc2bbd951f23,,1.0,0.5,0.84375,0.0625,SLEEP,SLEEP|EAT|SEE|WATER|MORNING,0.562110424041748,SLEEP,SLEEP|SEE|SAD|EAT|UNDERSTAND,0.738487958908081,tier_a_dual_top1
SLEEP,SLEEP,B_03_037,canonical_and_pinned_raw_text_equal,local_hex_unknown_session,data/raw_videos/ASL VIDEOS/SLEEP/e356135d.mp4,data/local/ASL_hand_crops_av/SLEEP_e356135d.jpg,640,480,24,30.0,0.8,58.84423828125,0.2032470703125,1420.4508056640625,0.8314036369996368,0.1916806697845459,5,False,data/local/local_citizen100_quality_audit_q82_cap14_exact/landmarks/SLEEP/e356135d.v17.npz,dfdc57d0d1d4e3926402230122c7225ae2d56daf5e441bd985de285c9c07f9fa,,1.0,0.5,0.71875,0.03125,SLEEP,SLEEP|MORNING|WHY|SICK|KNOW,0.4403494596481323,SLEEP,SLEEP|SAD|SEE|FATHER|MAN,0.4993024170398712,tier_a_dual_top1
SMALL,SMALL,D_01_030,canonical_and_pinned_raw_text_equal,local_hex_unknown_session,data/raw_videos/ASL VIDEOS/SMALL/5e1891a7.mp4,data/local/ASL_hand_crops_av/SMALL_5e1891a7.jpg,640,480,34,30.0,1.1333333333333333,81.49761962890625,0.0,180.98878479003906,0.8767189896323495,0.10390567779541016,7,False,data/local/local_citizen100_quality_audit_q82_cap14_exact/landmarks/SMALL/5e1891a7.v17.npz,c908c8ccbabafa553de6c978d8ef60e719ed49f587be5c4352bf6e1d734f299c,,0.8518518518518519,0.859375,0.65625,0.5,SMALL,SMALL|DOCTOR|READ|TALK|MORE,0.8581454157829285,SMALL,SMALL|DOCTOR|OUR|LESS|MORE,0.928641676902771,tier_a_dual_top1
SMALL,SMALL,D_01_030,canonical_and_pinned_raw_text_equal,local_hex_unknown_session,data/raw_videos/ASL VIDEOS/SMALL/db9fbf0b.mp4,data/local/ASL_hand_crops_av/SMALL_db9fbf0b.jpg,640,480,50,30.0,1.6666666666666667,76.00140380859375,0.00140380859375,1149.6243896484375,0.9347451336114709,0.5048230588436127,2,False,data/local/local_citizen100_quality_audit_q82_cap14_exact/landmarks/SMALL/db9fbf0b.v17.npz,909d3b609bfcb78f2e52dea2e46d5e4f3d173ab3c40c91b64cf7c108d5e7f442,,0.9,0.853515625,0.84375,0.2265625,SMALL,SMALL|FAMILY|DOCTOR|LESS|MORE,0.8492873311042786,SMALL,SMALL|DOCTOR|SCHOOL|TALK|STOP,0.8756717443466187,tier_a_dual_top1
SMALL,SMALL,D_01_030,canonical_and_pinned_raw_text_equal,local_hex_unknown_session,data/raw_videos/ASL VIDEOS/SMALL/7bc56866.mp4,data/local/ASL_hand_crops_av/SMALL_7bc56866.jpg,640,480,32,30.0,1.0666666666666667,81.60906982421875,0.0,251.40737915039062,0.8915523633560378,0.26699399948120117,4,False,data/local/local_citizen100_quality_audit_q82_cap14_exact/landmarks/SMALL/7bc56866.v17.npz,c0dbf9ecab281fe8d649428617bac12ad825a1d0db1b82115018186d71770210,,0.84,0.84375,0.6875,0.609375,SMALL,SMALL|MORE|DOCTOR|FAMILY|LESS,0.8435607552528381,SMALL,SMALL|MORE|WANT|SAD|MORNING,0.9532886147499084,tier_a_dual_top1
SMALL,SMALL,D_01_030,canonical_and_pinned_raw_text_equal,local_hex_unknown_session,data/raw_videos/ASL VIDEOS/SMALL/f363b423.mp4,data/local/ASL_hand_crops_av/SMALL_f363b423.jpg,640,480,31,30.0,1.0333333333333334,83.79156494140625,0.0,195.80075073242188,0.8798432007989475,0.09798336029052734,8,False,data/local/local_citizen100_quality_audit_q82_cap14_exact/landmarks/SMALL/f363b423.v17.npz,15c0118a79985b18d067b2fd7d5d266e793017bcca65da1610686eaed6fdfb6e,,0.8461538461538461,0.818359375,0.65625,0.34375,SMALL,SMALL|HELLO|FAMILY|SAD|DOCTOR,0.7662319540977478,SMALL,SMALL|SAD|HEAR|KNOW|MORE,0.871457040309906,tier_a_dual_top1
SMALL,SMALL,D_01_030,canonical_and_pinned_raw_text_equal,local_hex_unknown_session,data/raw_videos/ASL VIDEOS/SMALL/8e631ca1.mp4,data/local/ASL_hand_crops_av/SMALL_8e631ca1.jpg,640,480,39,30.0,1.3,82.24298095703125,0.0,164.21762084960938,0.8803026242788248,0.0881948471069336,10,False,data/local/local_citizen100_quality_audit_q82_cap14_exact/landmarks/SMALL/8e631ca1.v17.npz,3043fd63d3e91e3b8d92bc9f1db61669ca1ea067e94331e193d7611bf8749dfa,,0.9393939393939394,0.83642578125,0.75,0.5703125,SMALL,SMALL|LESS|MORE|DOCTOR|FAMILY,0.7830586433410645,SMALL,SMALL|LESS|DOCTOR|MORE|MORNING,0.7606788277626038,tier_a_dual_top1
SMALL,SMALL,D_01_030,canonical_and_pinned_raw_text_equal,local_hex_unknown_session,data/raw_videos/ASL VIDEOS/SMALL/47610822.mp4,data/local/ASL_hand_crops_av/SMALL_47610822.jpg,640,480,64,30.0,2.1333333333333333,72.34515380859375,0.002685546875,865.5020751953125,0.9100864901771136,0.15081191062927246,5,False,data/local/local_citizen100_quality_audit_q82_cap14_exact/landmarks/SMALL/47610822.v17.npz,d73d265fff622ed14087cc6e29ca5b321264fda3f7807956b4558edff4ae4c4d,,0.9464285714285714,0.912109375,0.875,0.515625,SMALL,SMALL|DOCTOR|FAMILY|HELLO|IMPORTANT,0.8068071603775024,SMALL,SMALL|DOCTOR|SCHOOL|EASY|WRITE,0.7139330506324768,tier_a_dual_top1
SORRY,SORRY,C_01_020,canonical_and_pinned_raw_text_equal,local_hex_unknown_session,data/raw_videos/ASL VIDEOS/SORRY/f75da5ec.mp4,data/local/ASL_hand_crops_av/SORRY_f75da5ec.jpg,640,480,19,30.0,0.6333333333333333,99.72027587890625,0.0,108.60679626464844,0.8431299606909992,0.21392804384231567,6,False,data/local/local_citizen100_quality_audit_q82_cap14_exact/landmarks/SORRY/f75da5ec.v17.npz,c6980e1ba93ecbf422c34048ceb8eafa734e577a4a949d9c399b039ea3393d23,,1.0,0.5,0.90625,0.90625,SORRY,SORRY|I|WE|PLEASE|MAKE,0.9134184718132019,SORRY,SORRY|PLEASE|WORK|I|TAKE,0.9312687516212463,tier_a_dual_top1
SORRY,SORRY,C_01_020,canonical_and_pinned_raw_text_equal,local_hex_unknown_session,data/raw_videos/ASL VIDEOS/SORRY/f100b6f2.mp4,data/local/ASL_hand_crops_av/SORRY_f100b6f2.jpg,640,480,53,30.0,1.7666666666666666,67.34375,0.100830078125,1230.42919921875,0.8978249213481682,0.1344844102859497,8,False,data/local/local_citizen100_quality_audit_q82_cap14_exact/landmarks/SORRY/f100b6f2.v17.npz,30a8422acaa134f14c9a95557879fb3ce75dc5c2e4e67c3f70ee3534060b81ea,,1.0,0.5,0.90625,0.90625,SORRY,SORRY|MAKE|PLEASE|WE|I,0.892532229423523,SORRY,SORRY|WORK|PLEASE|SAME|TAKE,0.9371127486228943,tier_a_dual_top1
SORRY,SORRY,C_01_020,canonical_and_pinned_raw_text_equal,local_hex_unknown_session,data/raw_videos/ASL VIDEOS/SORRY/45d7eb91.mp4,data/local/ASL_hand_crops_av/SORRY_45d7eb91.jpg,640,480,40,30.0,1.3333333333333333,63.45245361328125,0.09991455078125,1356.0550537109375,0.8874764450478916,0.08722174167633057,14,False,data/local/local_citizen100_quality_audit_q82_cap14_exact/landmarks/SORRY/45d7eb91.v17.npz,a2af88b9dc12f021916ad0400c3e4be9d747fbd3f2ff9f9971d99a5e1b814f64,,1.0,0.5,0.8125,0.8125,SORRY,SORRY|WE|MAKE|PLEASE|I,0.8840692639350891,SORRY,SORRY|WORK|TAKE|SAME|LOVE,0.8858142495155334,tier_a_dual_top1
SORRY,SORRY,C_01_020,canonical_and_pinned_raw_text_equal,local_hex_unknown_session,data/raw_videos/ASL VIDEOS/SORRY/b549a171.mp4,data/local/ASL_hand_crops_av/SORRY_b549a171.jpg,640,480,22,30.0,0.7333333333333333,84.30145263671875,0.0,109.56721496582031,0.8258724581155791,0.15997731685638428,7,False,data/local/local_citizen100_quality_audit_q82_cap14_exact/landmarks/SORRY/b549a171.v17.npz,abb9e85f4b3e762d3d6b3ce652c8aed0411639b0822d791044d41d2310101120,,1.0,0.5,0.78125,0.78125,SORRY,SORRY|I|PLEASE|HAVE|MAKE,0.8735344409942627,SORRY,SORRY|I|PLEASE|HAVE|TRY,0.947003185749054,tier_a_dual_top1
SORRY,SORRY,C_01_020,canonical_and_pinned_raw_text_equal,local_hex_unknown_session,data/raw_videos/ASL VIDEOS/SORRY/3c5583ba.mp4,data/local/ASL_hand_crops_av/SORRY_3c5583ba.jpg,640,480,44,30.0,1.4666666666666666,67.6165771484375,0.089111328125,1356.7086181640625,0.90094200526392,0.10975790023803711,11,False,data/local/local_citizen100_quality_audit_q82_cap14_exact/landmarks/SORRY/3c5583ba.v17.npz,c71ddf6da2bd1d2f57133eb16fc3c637dd8b299a6b6a65c29dd6035a3d74012e,,1.0,0.5,0.9375,0.9375,SORRY,SORRY|WE|MAKE|I|PLEASE,0.8945894241333008,SORRY,SORRY|TAKE|WORK|WE|SAME,0.8678348660469055,tier_a_dual_top1
SORRY,SORRY,C_01_020,canonical_and_pinned_raw_text_equal,local_hex_unknown_session,data/raw_videos/ASL VIDEOS/SORRY/d60c0bee.mp4,data/local/ASL_hand_crops_av/SORRY_d60c0bee.jpg,640,480,23,30.0,0.7666666666666667,118.20538330078125,0.0,131.5583953857422,0.8839156506050936,0.34970808029174805,3,False,data/local/local_citizen100_quality_audit_q82_cap14_exact/landmarks/SORRY/d60c0bee.v17.npz,723adb7898d2d818962a66e71c1b24de0e49025b401cd82f84a5f2347ee69554,,1.0,0.5,0.75,0.75,SORRY,SORRY|I|MAKE|WE|HAVE,0.7773678302764893,SORRY,SORRY|I|PLEASE|MAKE|WORK,0.9476695656776428,tier_a_dual_top1
SORRY,SORRY,C_01_020,canonical_and_pinned_raw_text_equal,local_hex_unknown_session,data/raw_videos/ASL VIDEOS/SORRY/ac8bc577.mp4,data/local/ASL_hand_crops_av/SORRY_ac8bc577.jpg,640,480,51,30.0,1.7,60.99603271484375,0.17169189453125,208.4302215576172,0.826195840685135,0.3342933654785156,4,False,data/local/local_citizen100_quality_audit_q82_cap14_exact/landmarks/SORRY/ac8bc577.v17.npz,792ef40124e6571a6b108c34c4a6c2f17995305109aebff97ba9c3c125f2e5e0,,1.0,0.50244140625,0.96875,0.96875,SORRY,SORRY|WE|I|HUNGRY|MAKE,0.7654383182525635,SORRY,SORRY|TAKE|WORK|SAME|HUNGRY,0.9450637698173523,tier_a_dual_top1
SORRY,SORRY,C_01_020,canonical_and_pinned_raw_text_equal,local_hex_unknown_session,data/raw_videos/ASL VIDEOS/SORRY/42b58cd0.mp4,data/local/ASL_hand_crops_av/SORRY_42b58cd0.jpg,640,480,43,30.0,1.4333333333333333,53.784423828125,0.12750244140625,1171.5419921875,0.8667752538219629,0.21773838996887207,5,False,data/local/local_citizen100_quality_audit_q82_cap14_exact/landmarks/SORRY/42b58cd0.v17.npz,16c706388210073472d40b0b6d9f3dbc85c3f7036d9bcf4eb45387e3b8d53f97,,1.0,0.5,0.9375,0.9375,SORRY,SORRY|WE|TOMORROW|MAKE|COME,0.7581894993782043,SORRY,SORRY|TOMORROW|WORK|SAME|TAKE,0.878838300704956,tier_a_dual_top1
SORRY,SORRY,C_01_020,canonical_and_pinned_raw_text_equal,local_hex_unknown_session,data/raw_videos/ASL VIDEOS/SORRY/d0784bc1.mp4,data/local/ASL_hand_crops_av/SORRY_d0784bc1.jpg,640,480,20,30.0,0.6666666666666666,98.59930419921875,0.0,119.42221069335938,0.8497535803991837,0.1031419038772583,12,False,data/local/local_citizen100_quality_audit_q82_cap14_exact/landmarks/SORRY/d0784bc1.v17.npz,8c5a47236f116dfa3ae3089073f426cab4345b20345addc566749ecc7bd06417,,1.0,0.5,0.84375,0.84375,SORRY,SORRY|I|MAKE|PLEASE|HAVE,0.7496784329414368,SORRY,SORRY|I|PLEASE|SAME|MAKE,0.9217780828475952,tier_a_dual_top1
SORRY,SORRY,C_01_020,canonical_and_pinned_raw_text_equal,local_hex_unknown_session,data/raw_videos/ASL VIDEOS/SORRY/d8b3838f.mp4,data/local/ASL_hand_crops_av/SORRY_d8b3838f.jpg,640,480,28,30.0,0.9333333333333333,92.9598388671875,0.0,93.9668197631836,0.8489316620560816,0.10066604614257812,13,False,data/local/local_citizen100_quality_audit_q82_cap14_exact/landmarks/SORRY/d8b3838f.v17.npz,505894c5ff64708a80c3d8c399808423a5d60976b9d52dcf3ffc1df07c83b649,,1.0,0.5,0.90625,0.90625,SORRY,SORRY|I|TELL|MAKE|HUNGRY,0.7002956867218018,SORRY,SORRY|I|PLEASE|MAKE|HAVE,0.9119015336036682,tier_a_dual_top1
SORRY,SORRY,C_01_020,canonical_and_pinned_raw_text_equal,local_hex_unknown_session,data/raw_videos/ASL VIDEOS/SORRY/dba4cf69.mp4,data/local/ASL_hand_crops_av/SORRY_dba4cf69.jpg,640,480,23,30.0,0.7666666666666667,101.8607177734375,0.0,125.48719787597656,0.8656913242727522,0.13601577281951904,9,False,data/local/local_citizen100_quality_audit_q82_cap14_exact/landmarks/SORRY/dba4cf69.v17.npz,ffdef110210e4f2f66e9203b580722d09910f77c7e64c30854c73c646a6768d1,,1.0,0.5,0.75,0.75,SORRY,SORRY|I|HAVE|MAKE|TELL,0.6946020722389221,SORRY,SORRY|I|PLEASE|HUNGRY|MAKE,0.9288805723190308,tier_a_dual_top1
SORRY,SORRY,C_01_020,canonical_and_pinned_raw_text_equal,local_hex_unknown_session,data/raw_videos/ASL VIDEOS/SORRY/c01ace66.mp4,data/local/ASL_hand_crops_av/SORRY_c01ace66.jpg,640,480,44,30.0,1.4666666666666666,81.3138427734375,0.04071044921875,2334.459716796875,0.9372725713882636,,1,False,data/local/local_citizen100_quality_audit_q82_cap14_exact/landmarks/SORRY/c01ace66.v17.npz,595eba62fbae03a28079a67f43bdcce0ac14878446e03638852522c2018c7d7a,,1.0,0.494873046875,0.9375,0.703125,SORRY,SORRY|WE|MAKE|TIRED|I,0.7624610066413879,SORRY,SORRY|WE|WORK|SAME|TAKE,0.6075924038887024,tier_a_dual_top1
STOP,STOP,D_01_010,canonical_and_pinned_raw_text_equal,local_hex_unknown_session,data/raw_videos/ASL VIDEOS/STOP/86f8bee5.mp4,data/local/ASL_hand_crops_av/STOP_86f8bee5.jpg,640,480,21,30.0,0.7,120.6080322265625,0.05242919921875,1544.995361328125,0.9412229407003254,0.46028685569763184,2,False,data/local/local_citizen100_quality_audit_q82_cap14_exact/landmarks/STOP/86f8bee5.v17.npz,6043ab60f9421d891a00885c75c153d4fadb1eb4327efbe8325d536ee322ffc3,,1.0,0.93310546875,0.8125,0.015625,STOP,STOP|EASY|MORNING|HELP|DOCTOR,0.46773794293403625,STOP,STOP|DOCTOR|MORNING|SCHOOL|BAD,0.38969510793685913,tier_a_dual_top1
TAKE,TAKE,G_01_093,canonical_and_pinned_raw_text_equal,local_hex_unknown_session,data/raw_videos/ASL VIDEOS/TAKE/6e991819.mp4,data/local/ASL_hand_crops_av/TAKE_6e991819.jpg,640,480,62,30.0,2.066666666666667,67.33990478515625,0.032958984375,837.548583984375,0.8978097070169855,0.20240700244903564,8,False,data/local/local_citizen100_quality_audit_q82_cap14_exact/landmarks/TAKE/6e991819.v17.npz,e29fc0c85612eb3c8163789da74783934cb05a6cd39afed745ecb034b34d8acf,,0.9629629629629629,0.47314453125,0.90625,0.34375,TAKE,TAKE|YES|WE|NEED|SAME,0.2909598648548126,TAKE,TAKE|SAME|WE|YES|NO,0.9133881330490112,tier_a_dual_top1
TELL,TELL,C_02_013,canonical_and_pinned_raw_text_equal,local_numbered_single_session,data/raw_videos/ASL VIDEOS/TELL/TELL_3.mp4,data/local/ASL_hand_crops_av/TELL_TELL_3.jpg,640,480,44,30.0,1.4666666666666666,140.3468017578125,0.0,4259.9921875,0.994718263803895,,1,False,data/local/local_citizen100_quality_audit_q82_cap14_exact/landmarks/TELL/TELL_3.v17.npz,85d858d2cbb561f7ac8641a2433630b799d48952295d599c2fb8f7a4d998fa3f,,1.0,0.5,0.9375,0.5625,TELL,TELL|LIKE|THEY|I|GIVE,0.9269323348999023,TELL,TELL|I|THEY|WHO|LIKE,0.8624581694602966,tier_a_dual_top1
TELL,TELL,C_02_013,canonical_and_pinned_raw_text_equal,local_hex_unknown_session,data/raw_videos/ASL VIDEOS/TELL/5223494b.mp4,data/local/ASL_hand_crops_av/TELL_5223494b.jpg,640,480,60,30.0,2.0,91.79840087890625,0.0,553.986328125,0.9565726701021817,0.5850745737552643,2,False,data/local/local_citizen100_quality_audit_q82_cap14_exact/landmarks/TELL/5223494b.v17.npz,838cac02ca7f08a05d048cbc7d8f21ec27a5a09896a22bcac4fcf4c3bb672c99,,0.9666666666666667,0.49267578125,0.9375,0.21875,TELL,TELL|LIKE|YOU|THEY|SEE,0.8583716154098511,TELL,TELL|YOU|WHO|UNDERSTAND|I,0.9427200555801392,tier_a_dual_top1
TELL,TELL,C_02_013,canonical_and_pinned_raw_text_equal,local_hex_unknown_session,data/raw_videos/ASL VIDEOS/TELL/88f73351.mp4,data/local/ASL_hand_crops_av/TELL_88f73351.jpg,640,480,15,30.0,0.5,128.54791259765625,0.0128173828125,1941.337890625,0.9344575908467141,0.3988304138183594,4,False,data/local/local_citizen100_quality_audit_q82_cap14_exact/landmarks/TELL/88f73351.v17.npz,66f98a7e6734d7aa99e392152f983cbb2fda24d09ce030a2766e9432d9396e05,,1.0,0.5,0.59375,0.046875,TELL,TELL|I|THINK|WHAT|WHO,0.8275607824325562,TELL,TELL|UNDERSTAND|I|HE|WHEN,0.8851573467254639,tier_a_dual_top1
TELL,TELL,C_02_013,canonical_and_pinned_raw_text_equal,local_hex_unknown_session,data/raw_videos/ASL VIDEOS/TELL/f4db574a.mp4,data/local/ASL_hand_crops_av/TELL_f4db574a.jpg,640,480,21,30.0,0.7,128.8372802734375,0.01007080078125,2700.5087890625,0.9532232333916233,0.24708187580108643,7,False,data/local/local_citizen100_quality_audit_q82_cap14_exact/landmarks/TELL/f4db574a.v17.npz,d0579639b91e8047f3ef9114e6d4b268fae71603d51a485abcec8e58d64db4f2,,1.0,0.5,0.8125,0.6171875,TELL,TELL|YOU|WHO|I|THEY,0.8076205849647522,TELL,TELL|THEY|YOU|I|WHO,0.8179370164871216,tier_a_dual_top1
TELL,TELL,C_02_013,canonical_and_pinned_raw_text_equal,local_hex_unknown_session,data/raw_videos/ASL VIDEOS/TELL/c364df3f.mp4,data/local/ASL_hand_crops_av/TELL_c364df3f.jpg,640,480,36,30.0,1.2,49.13885498046875,0.264892578125,852.2560424804688,0.8326249108495016,0.363927960395813,5,False,data/local/local_citizen100_quality_audit_q82_cap14_exact/landmarks/TELL/c364df3f.v17.npz,5a0b48d1baf963c3e9a4d9cd0a541d751b41a66e61bf3eb33cff13b9aa1c6e42,,1.0,0.5,0.90625,0.90625,TELL,TELL|YOU|WHO|THEY|SEE,0.7743501663208008,TELL,TELL|WHO|YOU|HE|THEY,0.869205117225647,tier_a_dual_top1
TELL,TELL,C_02_013,canonical_and_pinned_raw_text_equal,local_hex_unknown_session,data/raw_videos/ASL VIDEOS/TELL/312a4049.mp4,data/local/ASL_hand_crops_av/TELL_312a4049.jpg,640,480,26,30.0,0.8666666666666667,109.22296142578125,0.0,171.1969451904297,0.8997067070676039,0.27107346057891846,6,False,data/local/local_citizen100_quality_audit_q82_cap14_exact/landmarks/TELL/312a4049.v17.npz,ba3d3cc2dbe170f7ae5bc66c5f2cc50c0d9dcdec00bd455ef527fc3a0ee326fd,,1.0,0.5,0.96875,0.34375,TELL,TELL|YOU|I|WHAT|THEY,0.8832294940948486,TELL,TELL|THEY|HE|WHO|SORRY,0.7009129524230957,tier_a_dual_top1
TELL,TELL,C_02_013,canonical_and_pinned_raw_text_equal,local_hex_unknown_session,data/raw_videos/ASL VIDEOS/TELL/1ae73c85.mp4,data/local/ASL_hand_crops_av/TELL_1ae73c85.jpg,640,480,24,30.0,0.8,96.45257568359375,0.0,152.03573608398438,0.8712786257096626,0.13105237483978271,13,False,data/local/local_citizen100_quality_audit_q82_cap14_exact/landmarks/TELL/1ae73c85.v17.npz,f327a2c012704e332c90c8566ef83ded148304bc1c47d32a45ee5244e3863a38,,1.0,0.5,0.71875,0.1875,TELL,TELL|YOU|LIKE|WHERE|SEE,0.7267146110534668,TELL,TELL|LIKE|I|WHEN|HE,0.668188214302063,tier_a_dual_top1
TELL,TELL,C_02_013,canonical_and_pinned_raw_text_equal,local_hex_unknown_session,data/raw_videos/ASL VIDEOS/TELL/4893d922.mp4,data/local/ASL_hand_crops_av/TELL_4893d922.jpg,640,480,18,30.0,0.6,100.5841064453125,0.0,179.64569091796875,0.869480671532455,0.1416395902633667,11,False,data/local/local_citizen100_quality_audit_q82_cap14_exact/landmarks/TELL/4893d922.v17.npz,ef47a1087b0db388f28cc81cac768fcd7284069a3a69c426467581c0511ef518,,1.0,0.5,0.96875,0.7421875,TELL,TELL|WHO|YOU|LIKE|SEE,0.8009020686149597,TELL,TELL|HE|I|LIKE|WHEN,0.6484825611114502,tier_a_dual_top1
TELL,TELL,C_02_013,canonical_and_pinned_raw_text_equal,local_hex_unknown_session,data/raw_videos/ASL VIDEOS/TELL/854b6d9e.mp4,data/local/ASL_hand_crops_av/TELL_854b6d9e.jpg,640,480,22,30.0,0.7333333333333333,99.43695068359375,0.0,167.61300659179688,0.8756972188092803,0.12354671955108643,14,False,data/local/local_citizen100_quality_audit_q82_cap14_exact/landmarks/TELL/854b6d9e.v17.npz,099176e9054ff5c528e634e6fd3c408605ee1a64b300d4c7d6bb8c58a13e986b,,1.0,0.5,0.78125,0.78125,TELL,TELL|WHO|MAKE|YOU|UNDERSTAND,0.8317780494689941,TELL,TELL|HE|I|UNDERSTAND|THEY,0.6097185015678406,tier_a_dual_top1
TELL,TELL,C_02_013,canonical_and_pinned_raw_text_equal,local_hex_unknown_session,data/raw_videos/ASL VIDEOS/TELL/28733d2e.mp4,data/local/ASL_hand_crops_av/TELL_28733d2e.jpg,640,480,23,30.0,0.7666666666666667,100.9429931640625,0.0,146.2042999267578,0.8729806960164217,0.15436458587646484,10,False,data/local/local_citizen100_quality_audit_q82_cap14_exact/landmarks/TELL/28733d2e.v17.npz,b535cc8ca20dff42febfa40dad914a1cc78ddab595d0ca8f806a264c928569fa,,1.0,0.5,0.75,0.3828125,TELL,TELL|LIKE|YOU|I|WHO,0.5605650544166565,TELL,TELL|HE|WHO|LIKE|THEY,0.5730949640274048,tier_a_dual_top1
TELL,TELL,C_02_013,canonical_and_pinned_raw_text_equal,local_hex_unknown_session,data/raw_videos/ASL VIDEOS/TELL/1962130e.mp4,data/local/ASL_hand_crops_av/TELL_1962130e.jpg,640,480,25,30.0,0.8333333333333334,56.28265380859375,0.2078857421875,1161.0047607421875,0.8288191942555272,0.14590835571289062,12,False,data/local/local_citizen100_quality_audit_q82_cap14_exact/landmarks/TELL/1962130e.v17.npz,a343d915a08d92fdc341052b469be21690a9d7d2762761c640a8d49e675eed53,,1.0,0.5,1.0,0.0,TELL,TELL|THEY|HE|UNDERSTAND|SEE,0.28810375928878784,TELL,TELL|THEY|I|HE|UNDERSTAND,0.7656888365745544,tier_a_dual_top1
THANKYOU,THANKYOU,H_02_053,canonical_and_pinned_raw_text_equal,local_hex_unknown_session,data/raw_videos/ASL VIDEOS/THANKYOU/194924c0.mp4,data/local/ASL_hand_crops_av/THANKYOU_194924c0.jpg,640,480,24,30.0,0.8,76.18292236328125,0.14825439453125,951.6973876953125,0.8722917266881526,0.2638505697250366,4,False,data/local/local_citizen100_quality_audit_q82_cap14_exact/landmarks/THANKYOU/194924c0.v17.npz,c543f01b0542a7dc5f2db809a15f68ea03516d53113ec70418326564398d34d5,,1.0,0.5,0.71875,0.1953125,THANKYOU,THANKYOU|GOOD|EAT|HAPPY|MY,0.7766586542129517,THANKYOU,THANKYOU|GOOD|MOTHER|EAT|MY,0.8354128003120422,tier_a_dual_top1
THANKYOU,THANKYOU,H_02_053,canonical_and_pinned_raw_text_equal,local_hex_unknown_session,data/raw_videos/ASL VIDEOS/THANKYOU/1a00c734.mp4,data/local/ASL_hand_crops_av/THANKYOU_1a00c734.jpg,640,480,40,30.0,1.3333333333333333,68.6385498046875,0.08087158203125,1397.040771484375,0.9011643138681822,0.11667722463607788,11,False,data/local/local_citizen100_quality_audit_q82_cap14_exact/landmarks/THANKYOU/1a00c734.v17.npz,d2ebadebc2e83469f0e7bb5aea1ab2a52d3e29af0e6e465cf5507fe54ab90b65,,1.0,0.5,0.8125,0.8125,THANKYOU,THANKYOU|EAT|GOOD|MY|KNOW,0.7259496450424194,THANKYOU,THANKYOU|GOOD|MOTHER|EAT|MY,0.7540248036384583,tier_a_dual_top1
THANKYOU,THANKYOU,H_02_053,canonical_and_pinned_raw_text_equal,local_hex_unknown_session,data/raw_videos/ASL VIDEOS/THANKYOU/f5e9102a.mp4,data/local/ASL_hand_crops_av/THANKYOU_f5e9102a.jpg,640,480,38,30.0,1.2666666666666666,76.9930419921875,0.065673828125,2496.66357421875,0.9183393355546237,0.42929553985595703,2,False,data/local/local_citizen100_quality_audit_q82_cap14_exact/landmarks/THANKYOU/f5e9102a.v17.npz,ff3a7d9098d1d004c1f55e2e1b70815098f91548a7a299d86463a081ed41fbc3,,1.0,0.5,0.875,0.234375,THANKYOU,THANKYOU|GOOD|EAT|HAPPY|EASY,0.7973834872245789,THANKYOU,THANKYOU|GOOD|EAT|BAD|COME,0.539607584476471,tier_a_dual_top1
THANKYOU,THANKYOU,H_02_053,canonical_and_pinned_raw_text_equal,local_hex_unknown_session,data/raw_videos/ASL VIDEOS/THANKYOU/20a7bb0c.mp4,data/local/ASL_hand_crops_av/THANKYOU_20a7bb0c.jpg,640,480,36,30.0,1.2,66.4022216796875,0.1055908203125,1294.240234375,0.8872189098488106,0.1392664909362793,9,False,data/local/local_citizen100_quality_audit_q82_cap14_exact/landmarks/THANKYOU/20a7bb0c.v17.npz,15427772a26b9262d503ff042a493b7293e0b6d6a62df476d5d43a1a2c361924,,1.0,0.5,0.90625,0.578125,THANKYOU,THANKYOU|GOOD|HAPPY|MY|EASY,0.5283964276313782,THANKYOU,THANKYOU|GOOD|HAPPY|SAD|HUNGRY,0.7213178873062134,tier_a_dual_top1
THANKYOU,THANKYOU,H_02_053,canonical_and_pinned_raw_text_equal,local_hex_unknown_session,data/raw_videos/ASL VIDEOS/THANKYOU/bfef99b8.mp4,data/local/ASL_hand_crops_av/THANKYOU_bfef99b8.jpg,640,480,42,30.0,1.4,62.3968505859375,0.1031494140625,1416.199951171875,0.8867197077242543,0.23448503017425537,5,False,data/local/local_citizen100_quality_audit_q82_cap14_exact/landmarks/THANKYOU/bfef99b8.v17.npz,e2027458312915a21017117986ec57f6d2439cc63a4d4fb067c00e72637ce95d,,1.0,0.5,0.96875,0.96875,THANKYOU,THANKYOU|GOOD|HAPPY|EASY|WAIT,0.5075708627700806,THANKYOU,THANKYOU|GOOD|WHY|HAPPY|BAD,0.8237519264221191,tier_a_dual_top1
THANKYOU,THANKYOU,H_02_053,canonical_and_pinned_raw_text_equal,local_hex_unknown_session,data/raw_videos/ASL VIDEOS/THANKYOU/76b340b8.mp4,data/local/ASL_hand_crops_av/THANKYOU_76b340b8.jpg,640,480,54,30.0,1.8,63.83563232421875,0.145263671875,251.93716430664062,0.8444773331401321,0.1470789909362793,10,False,data/local/local_citizen100_quality_audit_q82_cap14_exact/landmarks/THANKYOU/76b340b8.v17.npz,34f2cd1693afebe32123d4ff7250b3953b6a901ba126e963752df6eb0fa5ecf0,,0.9130434782608695,0.4375,0.875,0.53125,THANKYOU,THANKYOU|GOOD|STOP|WAIT|GIVE,0.6144049167633057,THANKYOU,THANKYOU|GOOD|WAIT|MOTHER|SAD,0.5028200149536133,tier_a_dual_top1
THANKYOU,THANKYOU,H_02_053,canonical_and_pinned_raw_text_equal,local_hex_unknown_session,data/raw_videos/ASL VIDEOS/THANKYOU/dafc6271.mp4,data/local/ASL_hand_crops_av/THANKYOU_dafc6271.jpg,640,480,43,30.0,1.4333333333333333,62.05438232421875,0.107421875,1282.03857421875,0.8861136148279007,0.16269612312316895,7,False,data/local/local_citizen100_quality_audit_q82_cap14_exact/landmarks/THANKYOU/dafc6271.v17.npz,732efdc1ab49ad1ae951ef89bb152aa2c269b3520e45d0d575717dd019bb7233,,1.0,0.5,0.9375,0.9375,THANKYOU,THANKYOU|GOOD|EAT|HAPPY|MY,0.7296631336212158,THANKYOU,THANKYOU|GOOD|SAD|MOTHER|BAD,0.4451393187046051,tier_a_dual_top1
THINK,THINK,C_03_053,canonical_and_pinned_raw_text_equal,local_hex_unknown_session,data/raw_videos/ASL VIDEOS/THINK/9389e9a8.mp4,data/local/ASL_hand_crops_av/THINK_9389e9a8.jpg,640,480,21,30.0,0.7,62.61297607421875,0.1981201171875,819.6844482421875,0.8305871795370895,0.1425642967224121,12,False,data/local/local_citizen100_quality_audit_q82_cap14_exact/landmarks/THINK/9389e9a8.v17.npz,39425ad7d99e3d84654946ce15c6ece5f91ae461ccf0f10534731f2ddef72fd2,,1.0,0.5,0.8125,0.8125,THINK,THINK|UNDERSTAND|SIGN|WHO|NEED,0.9240700602531433,THINK,THINK|UNDERSTAND|NEED|WHO|SIGN,0.9545091390609741,tier_a_dual_top1
THINK,THINK,C_03_053,canonical_and_pinned_raw_text_equal,local_hex_unknown_session,data/raw_videos/ASL VIDEOS/THINK/be523ee9.mp4,data/local/ASL_hand_crops_av/THINK_be523ee9.jpg,640,480,30,30.0,1.0,60.7747802734375,0.19110107421875,1778.4591064453125,0.8515319299716936,0.147533118724823,11,False,data/local/local_citizen100_quality_audit_q82_cap14_exact/landmarks/THINK/be523ee9.v17.npz,dc27b62318d5409f2650f427866e9ff7449e8380b0755beac2fd75dd797b0736,,1.0,0.5,0.84375,0.6328125,THINK,THINK|SIGN|UNDERSTAND|NEED|COME,0.906253457069397,THINK,THINK|UNDERSTAND|SIGN|TELL|WHY,0.9073194265365601,tier_a_dual_top1
THINK,THINK,C_03_053,canonical_and_pinned_raw_text_equal,local_numbered_single_session,data/raw_videos/ASL VIDEOS/THINK/THINK_1.mp4,data/local/ASL_hand_crops_av/THINK_THINK_1.jpg,640,480,39,30.0,1.3,129.35345458984375,0.0,3091.8515625,0.9944701571010653,,1,False,data/local/local_citizen100_quality_audit_q82_cap14_exact/landmarks/THINK/THINK_1.v17.npz,81567f0d2f5b30ed703339bc9c6fa5ffd28cf7cd66c907b02ed8322466e210ea,,1.0,0.5,0.84375,0.3125,THINK,THINK|UNDERSTAND|WHO|TELL|SIGN,0.7733114957809448,THINK,THINK|WHO|UNDERSTAND|NEED|WHERE,0.7635510563850403,tier_a_dual_top1
THINK,THINK,C_03_053,canonical_and_pinned_raw_text_equal,local_hex_unknown_session,data/raw_videos/ASL VIDEOS/THINK/54363655.mp4,data/local/ASL_hand_crops_av/THINK_54363655.jpg,640,480,25,30.0,0.8333333333333334,148.38031005859375,0.0,134.0316162109375,0.8817573520273603,0.2086794376373291,6,False,data/local/local_citizen100_quality_audit_q82_cap14_exact/landmarks/THINK/54363655.v17.npz,9db690cbee2f14b646f8768eeef568e87f1099e57f2cdab18e9e9eccc672f0e8,,0.8333333333333334,0.421875,0.75,0.03125,THINK,THINK|UNDERSTAND|EAT|SEE|KNOW,0.7177528142929077,THINK,THINK|UNDERSTAND|SEE|EAT|WHY,0.7745992541313171,tier_a_dual_top1
THINK,THINK,C_03_053,canonical_and_pinned_raw_text_equal,local_hex_unknown_session,data/raw_videos/ASL VIDEOS/THINK/5f9bc080.mp4,data/local/ASL_hand_crops_av/THINK_5f9bc080.jpg,640,480,33,30.0,1.1,55.47613525390625,0.1929931640625,775.2568969726562,0.8477935955551693,0.39149194955825806,3,False,data/local/local_citizen100_quality_audit_q82_cap14_exact/landmarks/THINK/5f9bc080.v17.npz,63fd924b827a29ba30f75470930a45783f10ff1a70b9c0f302faace54dfba43f,,0.8148148148148148,0.427001953125,0.9375,0.9375,THINK,THINK|UNDERSTAND|TELL|WHO|SIGN,0.6228238940238953,THINK,THINK|NEED|UNDERSTAND|SIGN|WHO,0.8806086778640747,tier_a_dual_top1
THINK,THINK,C_03_053,canonical_and_pinned_raw_text_equal,local_hex_unknown_session,data/raw_videos/ASL VIDEOS/THINK/5914de3b.mp4,data/local/ASL_hand_crops_av/THINK_5914de3b.jpg,640,480,20,30.0,0.6666666666666666,59.43524169921875,0.18231201171875,1597.778076171875,0.8242735253620166,0.16898345947265625,10,False,data/local/local_citizen100_quality_audit_q82_cap14_exact/landmarks/THINK/5914de3b.v17.npz,97da92327959b88aff27cfe0587760574a42bda49268923e9f35045008b2e6b6,,1.0,0.5,0.84375,0.0234375,THINK,THINK|SIGN|UNDERSTAND|HE|TELL,0.5650335550308228,THINK,THINK|UNDERSTAND|SIGN|NEED|BIG,0.6765748262405396,tier_a_dual_top1
THINK,THINK,C_03_053,canonical_and_pinned_raw_text_equal,local_hex_unknown_session,data/raw_videos/ASL VIDEOS/THINK/70e625b5.mp4,data/local/ASL_hand_crops_av/THINK_70e625b5.jpg,640,480,25,30.0,0.8333333333333334,106.79583740234375,0.0,119.11763000488281,0.8742634378728804,0.27157753705978394,5,False,data/local/local_citizen100_quality_audit_q82_cap14_exact/landmarks/THINK/70e625b5.v17.npz,7caac7b6182af0a083479a218a844562ebb1cd573d4ceec4f174a95af5115956,,0.8461538461538461,0.4375,0.6875,0.0,THINK,THINK|UNDERSTAND|SEE|SIGN|TELL,0.767760157585144,THINK,THINK|UNDERSTAND|TELL|SEE|HE,0.5122169256210327,tier_a_dual_top1
THINK,THINK,C_03_053,canonical_and_pinned_raw_text_equal,local_hex_unknown_session,data/raw_videos/ASL VIDEOS/THINK/1243c9b7.mp4,data/local/ASL_hand_crops_av/THINK_1243c9b7.jpg,640,480,57,30.0,1.9,87.2647705078125,0.0,539.4131469726562,0.9525334493827377,0.1650007963180542,8,False,data/local/local_citizen100_quality_audit_q82_cap14_exact/landmarks/THINK/1243c9b7.v17.npz,093a56bf005982c79a0dcf23337998b790f1bcc8ac5327cc9555e6fc2fa05a6f,,0.8245614035087719,0.40771484375,1.0,0.5078125,THINK,THINK|NEED|LISTEN|YESTERDAY|SIGN,0.48656967282295227,THINK,THINK|NEED|HOT|YOU|LISTEN,0.47084760665893555,tier_a_dual_top1
THINK,THINK,C_03_053,canonical_and_pinned_raw_text_equal,local_hex_unknown_session,data/raw_videos/ASL VIDEOS/THINK/a16d4181.mp4,data/local/ASL_hand_crops_av/THINK_a16d4181.jpg,640,480,25,30.0,0.8333333333333334,59.7879638671875,0.18896484375,816.431884765625,0.8378994843515735,0.11747515201568604,14,False,data/local/local_citizen100_quality_audit_q82_cap14_exact/landmarks/THINK/a16d4181.v17.npz,0492ee34f658eb2e0b703a9349848c7e6204e02516b3d6bf3a0dc671aa476015,,1.0,0.5,1.0,1.0,THINK,THINK|NEED|SIGN|GO|ASK,0.8025579452514648,THINK,THINK|NEED|SIGN|I|WHO,0.46600720286369324,tier_a_dual_top1
THINK,THINK,C_03_053,canonical_and_pinned_raw_text_equal,local_hex_unknown_session,data/raw_videos/ASL VIDEOS/THINK/d1e762a3.mp4,data/local/ASL_hand_crops_av/THINK_d1e762a3.jpg,640,480,57,30.0,1.9,88.02191162109375,0.0,519.1884765625,0.9539467533346039,0.45782625675201416,2,False,data/local/local_citizen100_quality_audit_q82_cap14_exact/landmarks/THINK/d1e762a3.v17.npz,fbf4d2158fb736902886931526ae615ef4cee77dd5f3100f663217cff56f9900,,0.9649122807017544,0.494140625,1.0,0.75,THINK,THINK|NEED|YESTERDAY|SIGN|TOMORROW,0.4169635474681854,THINK,THINK|NEED|WHY|YEAR|TOMORROW,0.7021450400352478,tier_a_dual_top1
TIME,TIME,B_02_080,canonical_and_pinned_raw_text_equal,local_hex_unknown_session,data/raw_videos/ASL VIDEOS/TIME/dcd4ae1c.mp4,data/local/ASL_hand_crops_av/TIME_dcd4ae1c.jpg,640,480,34,30.0,1.1333333333333333,70.45904541015625,0.159423828125,728.8075561523438,0.8826081610608314,0.4883863925933838,3,False,data/local/local_citizen100_quality_audit_q82_cap14_exact/landmarks/TIME/dcd4ae1c.v17.npz,fbfeddaae92d6416331238dab338346f06390e3478f3c239fce7322c3b4d3b53,,1.0,0.77978515625,0.96875,0.96875,TIME,TIME|WE|NAME|SIGN|USE,0.9259805679321289,TIME,TIME|SIGN|NAME|USE|NEED,0.9334566593170166,tier_a_dual_top1
TIME,TIME,B_02_080,canonical_and_pinned_raw_text_equal,local_hex_unknown_session,data/raw_videos/ASL VIDEOS/TIME/9c15b859.mp4,data/local/ASL_hand_crops_av/TIME_9c15b859.jpg,640,480,78,30.0,2.6,77.7950439453125,0.00048828125,479.4093322753906,0.8835148795470877,0.22204214334487915,12,False,data/local/local_citizen100_quality_audit_q82_cap14_exact/landmarks/TIME/9c15b859.v17.npz,95c27896aae037d2e14008c63e99fbe64db18f5a21c23abccf20010246e983b9,,0.9420289855072463,0.9130859375,0.8125,0.1953125,TIME,TIME|SIGN|NIGHT|WE|WORK,0.925574541091919,TIME,TIME|SIGN|WE|WORK|FIND,0.9432352781295776,tier_a_dual_top1
TIME,TIME,B_02_080,canonical_and_pinned_raw_text_equal,local_hex_unknown_session,data/raw_videos/ASL VIDEOS/TIME/f6603516.mp4,data/local/ASL_hand_crops_av/TIME_f6603516.jpg,640,480,69,30.0,2.3,76.810791015625,0.01019287109375,321.38360595703125,0.8822040751666451,0.39110422134399414,5,False,data/local/local_citizen100_quality_audit_q82_cap14_exact/landmarks/TIME/f6603516.v17.npz,859f530ed8fbce64f2ee774e74de63a3b7c79f4881e6821dc35aadd9779f719b,,0.9285714285714286,0.9306640625,0.84375,0.4140625,TIME,TIME|SIGN|WE|NEED|NAME,0.909767210483551,TIME,TIME|SIGN|FIND|NEED|WE,0.9339953064918518,tier_a_dual_top1
TIME,TIME,B_02_080,canonical_and_pinned_raw_text_equal,local_hex_unknown_session,data/raw_videos/ASL VIDEOS/TIME/5c9d600a.mp4,data/local/ASL_hand_crops_av/TIME_5c9d600a.jpg,640,480,44,30.0,1.4666666666666666,87.4136962890625,0.0,157.59303283691406,0.8924366469077608,0.19367587566375732,14,False,data/local/local_citizen100_quality_audit_q82_cap14_exact/landmarks/TIME/5c9d600a.v17.npz,d0b6a44c2650ab875eac34b01946e6b9be2a43d228eac3fc4f5441dd2c2d2a16,,0.926829268292683,0.77099609375,0.8125,0.4765625,TIME,TIME|WORK|SIGN|WE|MAKE,0.812580406665802,TIME,TIME|WORK|NIGHT|WE|WAIT,0.7254344820976257,tier_a_dual_top1
TIME,TIME,B_02_080,canonical_and_pinned_raw_text_equal,local_hex_unknown_session,data/raw_videos/ASL VIDEOS/TIME/5c2a4ba9.mp4,data/local/ASL_hand_crops_av/TIME_5c2a4ba9.jpg,640,480,40,30.0,1.3333333333333333,53.01763916015625,0.19708251953125,1267.832763671875,0.8533186665591821,0.2666381001472473,10,False,data/local/local_citizen100_quality_audit_q82_cap14_exact/landmarks/TIME/5c2a4ba9.v17.npz,495d6c25d784d7573a682b3215dfb9238e2bcef045dd6dd6b01d85f9c148b260,,0.8709677419354839,0.79931640625,0.8125,0.4921875,TIME,TIME|FRIEND|WORK|SIGN|GO,0.5314030647277832,TIME,TIME|WORK|NIGHT|DOCTOR|SIGN,0.40443795919418335,tier_a_dual_top1
TIRED,TIRED,D_02_050,canonical_and_pinned_raw_text_equal,local_hex_unknown_session,data/raw_videos/ASL VIDEOS/TIRED/2b6ae2ea.mp4,data/local/ASL_hand_crops_av/TIRED_2b6ae2ea.jpg,640,480,32,30.0,1.0666666666666667,90.25152587890625,0.0,243.95150756835938,0.9063907154685023,0.09711140394210815,14,False,data/local/local_citizen100_quality_audit_q82_cap14_exact/landmarks/TIRED/2b6ae2ea.v17.npz,4ff02c2266e837742113af0e2ea000e5ffc209183977f9d8adfea9e61f281fbe,,0.896551724137931,0.85791015625,0.59375,0.5234375,TIRED,TIRED|NOW|DOCTOR|HUNGRY|WHAT,0.8276166319847107,TIRED,TIRED|NOW|WAIT|THANKYOU|HUNGRY,0.9081485271453857,tier_a_dual_top1
TIRED,TIRED,D_02_050,canonical_and_pinned_raw_text_equal,local_hex_unknown_session,data/raw_videos/ASL VIDEOS/TIRED/64f794d7.mp4,data/local/ASL_hand_crops_av/TIRED_64f794d7.jpg,640,480,33,30.0,1.1,70.44610595703125,0.0804443359375,1572.6324462890625,0.8944126457861489,0.18604439496994019,7,False,data/local/local_citizen100_quality_audit_q82_cap14_exact/landmarks/TIRED/64f794d7.v17.npz,eb1dc3b821b53e35d9dd6666d6808af5c0a3f606ada824e8ff419573c09daa20,,1.0,0.8525390625,1.0,0.828125,TIRED,TIRED|HOW|EASY|DOCTOR|HAPPY,0.8257296085357666,TIRED,TIRED|DOCTOR|HOW|EASY|HUNGRY,0.9444603323936462,tier_a_dual_top1
TIRED,TIRED,D_02_050,canonical_and_pinned_raw_text_equal,local_hex_unknown_session,data/raw_videos/ASL VIDEOS/TIRED/cf4e9a69.mp4,data/local/ASL_hand_crops_av/TIRED_cf4e9a69.jpg,640,480,31,30.0,1.0333333333333334,65.81689453125,0.09222412109375,1691.48583984375,0.8789874018771985,0.13341939449310303,10,False,data/local/local_citizen100_quality_audit_q82_cap14_exact/landmarks/TIRED/cf4e9a69.v17.npz,2c668490d045701ea645bcf31f3348a628d75041805f7a9d8c4551193f7ea091,,1.0,0.8349609375,0.8125,0.625,TIRED,TIRED|HOW|NOW|EASY|HAVE,0.7810835838317871,TIRED,TIRED|NOW|HAVE|HOW|HUNGRY,0.9664118885993958,tier_a_dual_top1
TIRED,TIRED,D_02_050,canonical_and_pinned_raw_text_equal,local_hex_unknown_session,data/raw_videos/ASL VIDEOS/TIRED/bec0730c.mp4,data/local/ASL_hand_crops_av/TIRED_bec0730c.jpg,640,480,32,30.0,1.0666666666666667,81.82708740234375,0.05987548828125,1575.3961181640625,0.9187715008320119,0.19682925939559937,6,False,data/local/local_citizen100_quality_audit_q82_cap14_exact/landmarks/TIRED/bec0730c.v17.npz,fe074defc12b2cef620aa3cca331c622b33d928ae9b6611e71d2b960415beb6d,,1.0,0.8291015625,0.78125,0.78125,TIRED,TIRED|HOW|EASY|PLEASE|HAVE,0.677533745765686,TIRED,TIRED|HUNGRY|HOW|DOCTOR|HAVE,0.9455030560493469,tier_a_dual_top1
TIRED,TIRED,D_02_050,canonical_and_pinned_raw_text_equal,local_hex_unknown_session,data/raw_videos/ASL VIDEOS/TIRED/54ff7ec7.mp4,data/local/ASL_hand_crops_av/TIRED_54ff7ec7.jpg,640,480,32,30.0,1.0666666666666667,84.4716796875,0.0504150390625,1600.5689697265625,0.9256314343989331,0.2580251693725586,4,False,data/local/local_citizen100_quality_audit_q82_cap14_exact/landmarks/TIRED/54ff7ec7.v17.npz,29d7fd3e38da3a021166bce0d2dd72c5abe22103ce2f4cccfac88fbf68fb8857,,1.0,0.83837890625,0.78125,0.65625,TIRED,TIRED|HOW|EASY|PLEASE|HELP,0.6682795286178589,TIRED,TIRED|HOW|DOCTOR|HAVE|HUNGRY,0.9571214914321899,tier_a_dual_top1
TIRED,TIRED,D_02_050,canonical_and_pinned_raw_text_equal,local_hex_unknown_session,data/raw_videos/ASL VIDEOS/TIRED/8a54637a.mp4,data/local/ASL_hand_crops_av/TIRED_8a54637a.jpg,640,480,35,30.0,1.1666666666666667,48.9989013671875,0.1602783203125,2052.86865234375,0.8438720255337493,0.4180307388305664,3,False,data/local/local_citizen100_quality_audit_q82_cap14_exact/landmarks/TIRED/8a54637a.v17.npz,aaed11feb9795c12f1646ab8d7f5edf48674067ccfde5c123e6d3a0ad1a2d0bf,,1.0,1.0,0.9375,0.9375,TIRED,TIRED|FRIEND|DOCTOR|LESS|HOW,0.5844608545303345,TIRED,TIRED|DOCTOR|I|HUNGRY|COLD,0.8186944127082825,tier_a_dual_top1
TIRED,TIRED,D_02_050,canonical_and_pinned_raw_text_equal,local_hex_unknown_session,data/raw_videos/ASL VIDEOS/TIRED/225f7041.mp4,data/local/ASL_hand_crops_av/TIRED_225f7041.jpg,640,480,30,30.0,1.0,62.02398681640625,0.11407470703125,1245.5634765625,0.865700813581916,0.14729678630828857,8,False,data/local/local_citizen100_quality_audit_q82_cap14_exact/landmarks/TIRED/225f7041.v17.npz,4be934e9cea277c63551a68568cc9ef23c5be9f30857fab000917f20af7e3380,,1.0,0.8251953125,0.84375,0.84375,TIRED,TIRED|EASY|HOW|GOOD|HAPPY,0.5713527202606201,TIRED,TIRED|DOCTOR|EASY|HUNGRY|THANKYOU,0.9197912216186523,tier_a_dual_top1
TIRED,TIRED,D_02_050,canonical_and_pinned_raw_text_equal,local_hex_unknown_session,data/raw_videos/ASL VIDEOS/TIRED/12787c85.mp4,data/local/ASL_hand_crops_av/TIRED_12787c85.jpg,640,480,42,30.0,1.4,52.99267578125,0.16253662109375,2360.774169921875,0.8597920261327676,0.11692279577255249,13,False,data/local/local_citizen100_quality_audit_q82_cap14_exact/landmarks/TIRED/12787c85.v17.npz,4f16b8cb7a62321f0695a0d619acf819061beaaddb9ec82fdaa9f2cc76547d1a,,0.90625,0.806640625,0.78125,0.78125,TIRED,TIRED|HOW|LESS|WRITE|FRIEND,0.5645841956138611,TIRED,TIRED|HOW|DOCTOR|WRITE|FRIEND,0.8635156154632568,tier_a_dual_top1
TIRED,TIRED,D_02_050,canonical_and_pinned_raw_text_equal,local_hex_unknown_session,data/raw_videos/ASL VIDEOS/TIRED/08691e67.mp4,data/local/ASL_hand_crops_av/TIRED_08691e67.jpg,640,480,37,30.0,1.2333333333333334,85.51080322265625,0.0,219.75193786621094,0.9004036883691542,0.13578307628631592,9,False,data/local/local_citizen100_quality_audit_q82_cap14_exact/landmarks/TIRED/08691e67.v17.npz,1c335a433ed2bb5622f65c45e92a9899bf10ad43ffa20c26460edc801b537437,,0.8823529411764706,0.8251953125,0.71875,0.546875,TIRED,TIRED|DOCTOR|EASY|NOW|WAIT,0.5143890976905823,TIRED,TIRED|WAIT|NOW|SMALL|THANKYOU,0.7844517230987549,tier_a_dual_top1
TOMORROW,TOMORROW,F_02_040,canonical_and_pinned_raw_text_equal,local_hex_unknown_session,data/raw_videos/ASL VIDEOS/TOMORROW/b8c83b79.mp4,data/local/ASL_hand_crops_av/TOMORROW_b8c83b79.jpg,640,480,24,30.0,0.8,99.27532958984375,0.0,103.96398162841797,0.8543109531967975,0.3296849727630615,6,False,data/local/local_citizen100_quality_audit_q82_cap14_exact/landmarks/TOMORROW/b8c83b79.v17.npz,cde2897b3826164b4ab29386defac7cbdd2cb1f2d4993bd5a91f8857020ce125,,1.0,0.5,0.71875,0.0,TOMORROW,TOMORROW|TELL|COME|HOT|UNDERSTAND,0.8943898677825928,TOMORROW,TOMORROW|SORRY|HOW|HAVE|WHO,0.874826967716217,tier_a_dual_top1
TOMORROW,TOMORROW,F_02_040,canonical_and_pinned_raw_text_equal,local_hex_unknown_session,data/raw_videos/ASL VIDEOS/TOMORROW/7be75437.mp4,data/local/ASL_hand_crops_av/TOMORROW_7be75437.jpg,640,480,27,30.0,0.9,61.48419189453125,0.19366455078125,894.0177001953125,0.8453960308244721,0.19679534435272217,9,False,data/local/local_citizen100_quality_audit_q82_cap14_exact/landmarks/TOMORROW/7be75437.v17.npz,5a5cda8fbef67c3b434edb0bd122c590958a64991a3bffc3919a2bcf16ce6dd9,,0.92,0.43310546875,0.6875,0.6875,TOMORROW,TOMORROW|HOT|WHO|YOU|TELL,0.8380312919616699,TOMORROW,TOMORROW|SORRY|HOT|YOU|COME,0.9647853374481201,tier_a_dual_top1
TOMORROW,TOMORROW,F_02_040,canonical_and_pinned_raw_text_equal,local_hex_unknown_session,data/raw_videos/ASL VIDEOS/TOMORROW/867221fc.mp4,data/local/ASL_hand_crops_av/TOMORROW_867221fc.jpg,640,480,35,30.0,1.1666666666666667,60.8837890625,0.1177978515625,2408.41015625,0.8726262948963424,0.39561551809310913,5,False,data/local/local_citizen100_quality_audit_q82_cap14_exact/landmarks/TOMORROW/867221fc.v17.npz,6cbd13236e29bad2ef9375d70d05ef8dcae99bdca7ad0769beb91e8d2b901407,,1.0,0.5,0.9375,0.3671875,TOMORROW,TOMORROW|HOME|YES|YESTERDAY|DRINK,0.8760925531387329,TOMORROW,TOMORROW|YESTERDAY|YES|DRINK|WHO,0.8196166157722473,tier_a_dual_top1
TOMORROW,TOMORROW,F_02_040,canonical_and_pinned_raw_text_equal,local_hex_unknown_session,data/raw_videos/ASL VIDEOS/TOMORROW/52b5a9a6.mp4,data/local/ASL_hand_crops_av/TOMORROW_52b5a9a6.jpg,640,480,22,30.0,0.7333333333333333,90.7950439453125,0.0,86.4003677368164,0.8247618552086785,0.16139519214630127,10,False,data/local/local_citizen100_quality_audit_q82_cap14_exact/landmarks/TOMORROW/52b5a9a6.v17.npz,0193ced955ed325fc0d6059e62e73213cabc164f462b36871a6cc270b750bebb,,1.0,0.5,0.78125,0.5859375,TOMORROW,TOMORROW|YES|TELL|COME|SORRY,0.6663099527359009,TOMORROW,TOMORROW|SORRY|YES|HOW|YESTERDAY,0.7814375758171082,tier_a_dual_top1
TOMORROW,TOMORROW,F_02_040,canonical_and_pinned_raw_text_equal,local_hex_unknown_session,data/raw_videos/ASL VIDEOS/TOMORROW/f8711e0a.mp4,data/local/ASL_hand_crops_av/TOMORROW_f8711e0a.jpg,640,480,71,30.0,2.3666666666666667,77.760986328125,0.0,393.84967041015625,0.8924225216216104,0.12556320428848267,11,False,data/local/local_citizen100_quality_audit_q82_cap14_exact/landmarks/TOMORROW/f8711e0a.v17.npz,1552b2dc79851ddaf940c71a7cc4ec3ad9babb47f235dbfecd462c26311467d6,,1.0,0.49853515625,0.90625,0.3515625,TOMORROW,TOMORROW|SORRY|YES|TELL|COME,0.7243887186050415,TOMORROW,TOMORROW|YES|COME|GIVE|SORRY,0.6389145255088806,tier_a_dual_top1
TOMORROW,TOMORROW,F_02_040,canonical_and_pinned_raw_text_equal,local_hex_unknown_session,data/raw_videos/ASL VIDEOS/TOMORROW/025c5a9d.mp4,data/local/ASL_hand_crops_av/TOMORROW_025c5a9d.jpg,640,480,24,30.0,0.8,137.4730224609375,0.04156494140625,2868.193359375,0.9513890336453455,0.37955689430236816,4,False,data/local/local_citizen100_quality_audit_q82_cap14_exact/landmarks/TOMORROW/025c5a9d.v17.npz,e8e4b82e79351606a8642b79f4f24132e32f844f597345aa5172fe0c6f20ddb7,,1.0,0.5,0.71875,0.6328125,TOMORROW,TOMORROW|YESTERDAY|DRINK|HOME|YES,0.7290288805961609,TOMORROW,TOMORROW|YESTERDAY|DRINK|MAN|HEAR,0.5696631669998169,tier_a_dual_top1
TOMORROW,TOMORROW,F_02_040,canonical_and_pinned_raw_text_equal,local_hex_unknown_session,data/raw_videos/ASL VIDEOS/TOMORROW/718e6553.mp4,data/local/ASL_hand_crops_av/TOMORROW_718e6553.jpg,640,480,53,30.0,1.7666666666666666,80.91241455078125,0.0,462.4501953125,0.93944999555523,0.46535372734069824,2,False,data/local/local_citizen100_quality_audit_q82_cap14_exact/landmarks/TOMORROW/718e6553.v17.npz,46cb0a4e90a06491ef642a5674de0f5a1ee4c9d08b48cbab21b4753970e91864,,1.0,0.494873046875,0.90625,0.3984375,TOMORROW,TOMORROW|COME|EAT|SORRY|TELL,0.4756576120853424,TOMORROW,TOMORROW|COME|SORRY|HUNGRY|TELL,0.7941287755966187,tier_a_dual_top1
TOMORROW,TOMORROW,F_02_040,canonical_and_pinned_raw_text_equal,local_numbered_single_session,data/raw_videos/ASL VIDEOS/TOMORROW/TOMORROW_13.mp4,data/local/ASL_hand_crops_av/TOMORROW_TOMORROW_13.jpg,640,480,44,30.0,1.4666666666666666,111.25787353515625,0.0,3939.468017578125,0.9912604384139209,,1,False,data/local/local_citizen100_quality_audit_q82_cap14_exact/landmarks/TOMORROW/TOMORROW_13.v17.npz,0428a5049227827694d89a3ad4ef0a157911b71052d24817feffc3d6250b56ac,,1.0,0.6572265625,0.9375,0.0390625,TOMORROW,TOMORROW|COME|YES|CHILD|YESTERDAY,0.4639974534511566,TOMORROW,TOMORROW|COME|YES|YESTERDAY|HAVE,0.552868664264679,tier_a_dual_top1
TRY,TRY,B_02_034,canonical_and_pinned_raw_text_equal,local_hex_unknown_session,data/raw_videos/ASL VIDEOS/TRY/6e52879b.mp4,data/local/ASL_hand_crops_av/TRY_6e52879b.jpg,640,480,72,30.0,2.4,54.283447265625,0.09735107421875,1024.9537353515625,0.8377347836371776,0.1989762783050537,10,False,data/local/local_citizen100_quality_audit_q82_cap14_exact/landmarks/TRY/6e52879b.v17.npz,b1f1034078398c345c723477bbbf2f62cc76d34b735dbe09f90bab9e870d5d0c,,0.9393939393939394,0.8779296875,0.84375,0.515625,TRY,TRY|HAVE|LANGUAGE|YES|SAME,0.933319628238678,TRY,TRY|SAME|BIG|HAVE|NOW,0.8980630040168762,tier_a_dual_top1
TRY,TRY,B_02_034,canonical_and_pinned_raw_text_equal,local_hex_unknown_session,data/raw_videos/ASL VIDEOS/TRY/dc53d1f0.mp4,data/local/ASL_hand_crops_av/TRY_dc53d1f0.jpg,640,480,31,30.0,1.0333333333333334,52.64111328125,0.26959228515625,482.586669921875,0.8264627061711127,0.2861575484275818,7,False,data/local/local_citizen100_quality_audit_q82_cap14_exact/landmarks/TRY/dc53d1f0.v17.npz,1b7380792842ddb46272957d379a46c3dc2446e38897934b09ffed4a2d6f3678,,0.8461538461538461,0.75732421875,0.65625,0.2578125,TRY,TRY|LANGUAGE|COLD|YES|WORK,0.8758438229560852,TRY,TRY|LANGUAGE|SAME|GO|COLD,0.9084671139717102,tier_a_dual_top1
TRY,TRY,B_02_034,canonical_and_pinned_raw_text_equal,local_hex_unknown_session,data/raw_videos/ASL VIDEOS/TRY/121dda94.mp4,data/local/ASL_hand_crops_av/TRY_121dda94.jpg,640,480,51,30.0,1.7,44.65081787109375,0.25439453125,838.744140625,0.8357106319420688,0.14460688829421997,14,False,data/local/local_citizen100_quality_audit_q82_cap14_exact/landmarks/TRY/121dda94.v17.npz,d281ffeb68d89f518d925735649aaf388720a4f5c401bf178f53452773eaf6cb,,0.8888888888888888,0.72607421875,0.6875,0.6875,TRY,TRY|COLD|YES|SIGN|LANGUAGE,0.7242733836174011,TRY,TRY|COLD|YES|HAVE|BIG,0.8778840899467468,tier_a_dual_top1
TRY,TRY,B_02_034,canonical_and_pinned_raw_text_equal,local_hex_unknown_session,data/raw_videos/ASL VIDEOS/TRY/4c2cda12.mp4,data/local/ASL_hand_crops_av/TRY_4c2cda12.jpg,640,480,27,30.0,0.9,74.84783935546875,0.0,228.40213012695312,0.8607568217721551,0.4960094690322876,2,False,data/local/local_citizen100_quality_audit_q82_cap14_exact/landmarks/TRY/4c2cda12.v17.npz,06f3604379660c0b98c15dfaf7134056830f44f9ee8bcb2a090e8e3087c3604b,,1.0,1.0,0.9375,0.9375,TRY,TRY|COLD|WORK|WRITE|LANGUAGE,0.6791383624076843,TRY,TRY|SAME|YES|WORK|COLD,0.8148667216300964,tier_a_dual_top1
TRY,TRY,B_02_034,canonical_and_pinned_raw_text_equal,local_hex_unknown_session,data/raw_videos/ASL VIDEOS/TRY/f3adefed.mp4,data/local/ASL_hand_crops_av/TRY_f3adefed.jpg,640,480,22,30.0,0.7333333333333333,133.21844482421875,0.015869140625,2087.3017578125,0.9539085237371862,0.12298250198364258,13,False,data/local/local_citizen100_quality_audit_q82_cap14_exact/landmarks/TRY/f3adefed.v17.npz,3890cb91785b1aba6a95301714b4b83c8a8806d53fb8c7df73fca769a1e101a3,,0.8333333333333334,0.84228515625,0.5,0.0,TRY,TRY|BIG|YES|YESTERDAY|LANGUAGE,0.35549992322921753,TRY,TRY|YES|SAME|LANGUAGE|BIG,0.45521947741508484,tier_a_dual_top1
TRY,TRY,B_02_034,canonical_and_pinned_raw_text_equal,local_hex_unknown_session,data/raw_videos/ASL VIDEOS/TRY/71de4bf8.mp4,data/local/ASL_hand_crops_av/TRY_71de4bf8.jpg,640,480,33,30.0,1.1,105.9395751953125,0.00701904296875,1792.905517578125,0.9703616844850348,0.11935693025588989,12,False,data/local/local_citizen100_quality_audit_q82_cap14_exact/landmarks/TRY/71de4bf8.v17.npz,c8bf883b9ad29204d481f11c11505d88b0d5d4fbedfe3a1838bcfd1dbe275604,,1.0,0.9853515625,1.0,1.0,TRY,TRY|BIG|HAVE|YESTERDAY|NOW,0.5615202188491821,TRY,TRY|UNDERSTAND|HAVE|ANGRY|BIG,0.2902034521102905,tier_a_dual_top1
UNDERSTAND,UNDERSTAND,C_01_006,canonical_and_pinned_raw_text_equal,local_hex_unknown_session,data/raw_videos/ASL VIDEOS/UNDERSTAND/3f373fcc.mp4,data/local/ASL_hand_crops_av/UNDERSTAND_3f373fcc.jpg,640,480,53,30.0,1.7666666666666666,49.1005859375,0.0916748046875,266.01910400390625,0.8267888027262724,0.16287219524383545,7,False,data/local/local_citizen100_quality_audit_q82_cap14_exact/landmarks/UNDERSTAND/3f373fcc.v17.npz,d14b17d639109f96906485873df9a88b78ef7504d85afd85797dd578aa75bedd,,0.8947368421052632,0.4375,0.875,0.65625,UNDERSTAND,UNDERSTAND|THINK|SIGN|SLEEP|WHY,0.5976543426513672,UNDERSTAND,UNDERSTAND|THINK|SLEEP|DAY|SEE,0.9491465091705322,tier_a_dual_top1
UNDERSTAND,UNDERSTAND,C_01_006,canonical_and_pinned_raw_text_equal,local_hex_unknown_session,data/raw_videos/ASL VIDEOS/UNDERSTAND/a53d97d0.mp4,data/local/ASL_hand_crops_av/UNDERSTAND_a53d97d0.jpg,640,480,21,30.0,0.7,129.29150390625,0.03729248046875,5571.5771484375,0.9463925591906743,0.3049547076225281,5,False,data/local/local_citizen100_quality_audit_q82_cap14_exact/landmarks/UNDERSTAND/a53d97d0.v17.npz,d2264a2368ca5b5e4cb9f3187fd0694b5335a4ebdf7ff2105963abe3f2b1e8a8,,0.8888888888888888,0.453125,0.5,0.0,UNDERSTAND,UNDERSTAND|SEE|THINK|TELL|SLEEP,0.54319828748703,UNDERSTAND,UNDERSTAND|THINK|WHAT|WHY|MORNING,0.943564236164093,tier_a_dual_top1
USE,USE,D_03_043,canonical_and_pinned_raw_text_equal,local_hex_unknown_session,data/raw_videos/ASL VIDEOS/USE/84b9853f.mp4,data/local/ASL_hand_crops_av/USE_84b9853f.jpg,640,480,66,30.0,2.2,57.89215087890625,0.10919189453125,305.6075439453125,0.8305042855857512,0.24125730991363525,8,False,data/local/local_citizen100_quality_audit_q82_cap14_exact/landmarks/USE/84b9853f.v17.npz,44b36a77e196b69dcdb79acca84b79cf8fe306e69898ed00303e9c7df0d09506,,0.9365079365079365,0.88818359375,0.90625,0.6171875,USE,USE|HOSPITAL|NIGHT|TIME|DAY,0.9121867418289185,USE,USE|HOSPITAL|TIME|READY|LISTEN,0.8919912576675415,tier_a_dual_top1
USE,USE,D_03_043,canonical_and_pinned_raw_text_equal,local_hex_unknown_session,data/raw_videos/ASL VIDEOS/USE/803631e5.mp4,data/local/ASL_hand_crops_av/USE_803631e5.jpg,640,480,27,30.0,0.9,95.74615478515625,0.076904296875,1306.025634765625,0.9275777654397985,0.3760187029838562,5,False,data/local/local_citizen100_quality_audit_q82_cap14_exact/landmarks/USE/803631e5.v17.npz,d3c764b8b4f8e5835d21b5679499872ad21ca2b9015f3954bd7873289f7e3077,,1.0,1.0,0.9375,0.859375,USE,USE|NAME|READ|WATER|HOSPITAL,0.8693985939025879,USE,USE|HOSPITAL|SCHOOL|DAY|WEEK,0.8715549111366272,tier_a_dual_top1
USE,USE,D_03_043,canonical_and_pinned_raw_text_equal,local_hex_unknown_session,data/raw_videos/ASL VIDEOS/USE/d824b2b2.mp4,data/local/ASL_hand_crops_av/USE_d824b2b2.jpg,640,480,18,30.0,0.6,154.0091552734375,0.0091552734375,1230.4244384765625,0.9267113259726483,0.14258545637130737,14,False,data/local/local_citizen100_quality_audit_q82_cap14_exact/landmarks/USE/d824b2b2.v17.npz,5288ef87b432c44e9d000f7c2dce92b5026df585babd2561989f79d2834159b7,,0.8,0.7158203125,0.625,0.0234375,USE,USE|WATER|NAME|HOSPITAL|READ,0.753062903881073,USE,USE|NAME|READ|NIGHT|NO,0.6478813886642456,tier_a_dual_top1
USE,USE,D_03_043,canonical_and_pinned_raw_text_equal,local_hex_unknown_session,data/raw_videos/ASL VIDEOS/USE/1be22c38.mp4,data/local/ASL_hand_crops_av/USE_1be22c38.jpg,640,480,42,30.0,1.4,54.6236572265625,0.21221923828125,972.045654296875,0.8560027043996417,0.18185585737228394,11,False,data/local/local_citizen100_quality_audit_q82_cap14_exact/landmarks/USE/1be22c38.v17.npz,c44bbac03ffb31b9db3feee4edbc09129321d6e9d99177f1f6e0621554acde09,,0.9444444444444444,0.8154296875,0.90625,0.515625,USE,USE|NAME|READ|NIGHT|WEEK,0.6135522723197937,USE,USE|HOSPITAL|WEEK|READY|READ,0.8188481330871582,tier_a_dual_top1
USE,USE,D_03_043,canonical_and_pinned_raw_text_equal,local_numbered_single_session,data/raw_videos/ASL VIDEOS/USE/USE_21.mp4,data/local/ASL_hand_crops_av/USE_USE_21.jpg,640,480,72,30.0,2.4,117.63653564453125,0.0,2198.65966796875,0.9611934863272212,0.45221400260925293,2,False,data/local/local_citizen100_quality_audit_q82_cap14_exact/landmarks/USE/USE_21.v17.npz,42eb3ed6c0ce418ce70f1eee9a2f1e474ef060b46a8f0aa2a95bd32762c33803,,0.9272727272727272,0.90380859375,0.875,0.65625,USE,USE|NIGHT|HOSPITAL|SCHOOL|DAY,0.6014006733894348,USE,USE|NIGHT|HOSPITAL|SCHOOL|DAY,0.6828107833862305,tier_a_dual_top1
USE,USE,D_03_043,canonical_and_pinned_raw_text_equal,local_hex_unknown_session,data/raw_videos/ASL VIDEOS/USE/22238130.mp4,data/local/ASL_hand_crops_av/USE_22238130.jpg,640,480,20,30.0,0.6666666666666666,130.39752197265625,0.02886962890625,1052.34521484375,0.9454778377630438,0.14258193969726562,13,False,data/local/local_citizen100_quality_audit_q82_cap14_exact/landmarks/USE/22238130.v17.npz,cf14a0ee1c3c5ca7a66d4acd3dcb60a8752eea9541b6cfb5817649ec797984f3,,1.0,0.87109375,0.84375,0.234375,USE,USE|NIGHT|DAY|SCHOOL|NAME,0.5185900926589966,USE,USE|NIGHT|HOSPITAL|DAY|SCHOOL,0.7348557710647583,tier_a_dual_top1
USE,USE,D_03_043,canonical_and_pinned_raw_text_equal,local_hex_unknown_session,data/raw_videos/ASL VIDEOS/USE/fc41ed03.mp4,data/local/ASL_hand_crops_av/USE_fc41ed03.jpg,640,480,36,30.0,1.2,142.95916748046875,0.0369873046875,1073.9368896484375,0.97522040716576,,1,False,data/local/local_citizen100_quality_audit_q82_cap14_exact/landmarks/USE/fc41ed03.v17.npz,0c427a13aced1440e56e53efb42c502a9b9819f81ee09854aae87fa995cf4cd0,,0.8709677419354839,0.8291015625,0.8125,0.0,USE,USE|HOSPITAL|NIGHT|WOMAN|WATER,0.6826043128967285,USE,USE|HOSPITAL|LEARN|NAME|NIGHT,0.4281438887119293,tier_a_dual_top1
USE,USE,D_03_043,canonical_and_pinned_raw_text_equal,local_hex_unknown_session,data/raw_videos/ASL VIDEOS/USE/3b502a7f.mp4,data/local/ASL_hand_crops_av/USE_3b502a7f.jpg,640,480,29,30.0,0.9666666666666667,148.77374267578125,0.02874755859375,1601.4609375,0.9581870920218726,0.2370750904083252,7,False,data/local/local_citizen100_quality_audit_q82_cap14_exact/landmarks/USE/3b502a7f.v17.npz,13a034b4abb4a62af3d4d2ceee1a589add467da069e8cf8eac110e131aa1f013,,0.896551724137931,0.7568359375,0.875,0.09375,USE,USE|SCHOOL|LOVE|NIGHT|DAY,0.4003385603427887,USE,USE|NIGHT|SCHOOL|HOSPITAL|WEEK,0.43540218472480774,tier_a_dual_top1
WAIT,WAIT,B_02_016,canonical_and_pinned_raw_text_equal,local_hex_unknown_session,data/raw_videos/ASL VIDEOS/WAIT/6772069c.mp4,data/local/ASL_hand_crops_av/WAIT_6772069c.jpg,640,480,87,30.0,2.9,64.9405517578125,0.03765869140625,916.2197265625,0.8235648467044397,0.21618998050689697,12,False,data/local/local_citizen100_quality_audit_q82_cap14_exact/landmarks/WAIT/6772069c.v17.npz,b3cf912b514411d66f1605a63e0b640da0a90cd33154fe7446512b29d18eb940,,0.9493670886075949,0.916015625,0.90625,0.7890625,WAIT,WAIT|SAD|WANT|EASY|EXCITED,0.9442149996757507,WAIT,WAIT|THANKYOU|SAD|EASY|WANT,0.9539084434509277,tier_a_dual_top1
WAIT,WAIT,B_02_016,canonical_and_pinned_raw_text_equal,local_hex_unknown_session,data/raw_videos/ASL VIDEOS/WAIT/d065b8fe.mp4,data/local/ASL_hand_crops_av/WAIT_d065b8fe.jpg,640,480,59,30.0,1.9666666666666666,66.0391845703125,0.0799560546875,2308.163818359375,0.8921864218471707,0.4587293863296509,3,False,data/local/local_citizen100_quality_audit_q82_cap14_exact/landmarks/WAIT/d065b8fe.v17.npz,15657b50a65b7996448c10e49b7db6227753493479122b876b6388ff1b8a4e85,,0.9215686274509803,0.90380859375,0.8125,0.171875,WAIT,WAIT|WANT|SAD|YOUR|FAMILY,0.8901639580726624,WAIT,WAIT|THANKYOU|TALK|SAD|YOUR,0.9150230288505554,tier_a_dual_top1
WAIT,WAIT,B_02_016,canonical_and_pinned_raw_text_equal,local_hex_unknown_session,data/raw_videos/ASL VIDEOS/WAIT/41c3f1a9.mp4,data/local/ASL_hand_crops_av/WAIT_41c3f1a9.jpg,640,480,26,30.0,0.8666666666666667,154.87420654296875,0.00189208984375,1854.49560546875,0.9497492411866701,0.1674531102180481,13,False,data/local/local_citizen100_quality_audit_q82_cap14_exact/landmarks/WAIT/41c3f1a9.v17.npz,30f9efbf0e5da44cab027c9895d7cb9b7535cabc445b73dbb82d51ad8ce5f67b,,0.8636363636363636,0.84375,0.78125,0.203125,WAIT,WAIT|SAD|WANT|SLEEP|HELLO,0.7395980358123779,WAIT,WAIT|WANT|TALK|MAYBE|THANKYOU,0.8354487419128418,tier_a_dual_top1
WAIT,WAIT,B_02_016,canonical_and_pinned_raw_text_equal,local_hex_unknown_session,data/raw_videos/ASL VIDEOS/WAIT/e84f3b3f.mp4,data/local/ASL_hand_crops_av/WAIT_e84f3b3f.jpg,640,480,28,30.0,0.9333333333333333,69.74395751953125,0.20440673828125,1029.1802978515625,0.8609221684262449,0.28665679693222046,9,False,data/local/local_citizen100_quality_audit_q82_cap14_exact/landmarks/WAIT/e84f3b3f.v17.npz,8e24f782105c65f6f5a24c9eff6b7d8b3c878de964f5644e54dfb558396366c0,,1.0,0.828125,0.90625,0.171875,WAIT,WAIT|WANT|EXCITED|LIKE|MAYBE,0.6521021127700806,WAIT,WAIT|WANT|LIKE|EXCITED|WHAT,0.5530858039855957,tier_a_dual_top1
WAIT,WAIT,B_02_016,canonical_and_pinned_raw_text_equal,local_hex_unknown_session,data/raw_videos/ASL VIDEOS/WAIT/761a92b0.mp4,data/local/ASL_hand_crops_av/WAIT_761a92b0.jpg,640,480,26,30.0,0.8666666666666667,76.887451171875,0.0,192.03121948242188,0.8528798878846946,0.25509101152420044,10,False,data/local/local_citizen100_quality_audit_q82_cap14_exact/landmarks/WAIT/761a92b0.v17.npz,3a276a20bc95b53c883f450351d2b698ce677ea5fb6d0fc826956d1b9e992044,,1.0,1.0,0.96875,0.734375,WAIT,WAIT|LIKE|WANT|DOCTOR|GIVE,0.5984209775924683,WAIT,WAIT|GIVE|LIKE|STOP|MORNING,0.2626820504665375,tier_a_dual_top1
WATER,WATER,A_02_031,canonical_and_pinned_raw_text_equal,local_numbered_single_session,data/raw_videos/ASL VIDEOS/WATER/WATER_17.mp4,data/local/ASL_hand_crops_av/WATER_WATER_17.jpg,640,480,42,30.0,1.4,133.2379150390625,0.0,5711.564453125,0.9967872040723318,,1,False,data/local/local_citizen100_quality_audit_q82_cap14_exact/landmarks/WATER/WATER_17.v17.npz,01090db52f45f4084da248ce97c80c29322bbd79de94bbd9039d83545d317b46,,1.0,0.5,0.96875,0.875,WATER,WATER|NO|LIKE|USE|TALK,0.8477804660797119,WATER,WATER|LIKE|TALK|WOMAN|NO,0.924728512763977,tier_a_dual_top1
WATER,WATER,A_02_031,canonical_and_pinned_raw_text_equal,local_hex_unknown_session,data/raw_videos/ASL VIDEOS/WATER/866d6b9d.mp4,data/local/ASL_hand_crops_av/WATER_866d6b9d.jpg,640,480,28,30.0,0.9333333333333333,56.28338623046875,0.1934814453125,947.2570190429688,0.8384027048531486,0.18630540370941162,11,False,data/local/local_citizen100_quality_audit_q82_cap14_exact/landmarks/WATER/866d6b9d.v17.npz,e0cfe4ca44bf74d0bf10799f44830dec29af1d597508ba7a4334d4d583ea6432,,1.0,0.48583984375,0.90625,0.8359375,WATER,WATER|NO|TALK|LIKE|MOTHER,0.833264172077179,WATER,WATER|LIKE|TALK|NO|READ,0.8543819189071655,tier_a_dual_top1
WATER,WATER,A_02_031,canonical_and_pinned_raw_text_equal,local_hex_unknown_session,data/raw_videos/ASL VIDEOS/WATER/c42905e5.mp4,data/local/ASL_hand_crops_av/WATER_c42905e5.jpg,640,480,21,30.0,0.7,94.50421142578125,0.0,170.410400390625,0.8661497677579832,0.3703634738922119,5,False,data/local/local_citizen100_quality_audit_q82_cap14_exact/landmarks/WATER/c42905e5.v17.npz,4a32cdf6f120ccb967caccd1691e19dfc5e9b29cbc5bb96c64b9318776746151,,1.0,0.5,0.8125,0.421875,WATER,WATER|TALK|NO|YOUR|READ,0.8530821800231934,WATER,WATER|TALK|MOTHER|NO|LIKE,0.7441730499267578,tier_a_dual_top1
WATER,WATER,A_02_031,canonical_and_pinned_raw_text_equal,local_hex_unknown_session,data/raw_videos/ASL VIDEOS/WATER/fb2dc943.mp4,data/local/ASL_hand_crops_av/WATER_fb2dc943.jpg,640,480,16,30.0,0.5333333333333333,134.824462890625,0.0460205078125,887.7588500976562,0.9280406793536119,0.4072669744491577,4,False,data/local/local_citizen100_quality_audit_q82_cap14_exact/landmarks/WATER/fb2dc943.v17.npz,0242c3e1fe1d2b665582da6c791f6a62a32d25722e0dad585a3ea90e8a30e9ab,,1.0,0.5,0.5625,0.046875,WATER,WATER|YOUR|NO|TALK|MOTHER,0.5783933997154236,WATER,WATER|TALK|MOTHER|READ|NO,0.5346630811691284,tier_a_dual_top1
WEEK,WEEK,B_02_079,canonical_and_pinned_raw_text_equal,local_hex_unknown_session,data/raw_videos/ASL VIDEOS/WEEK/4114f361.mp4,data/local/ASL_hand_crops_av/WEEK_4114f361.jpg,640,480,49,30.0,1.6333333333333333,70.61956787109375,0.04742431640625,2246.24609375,0.9152796498386089,0.21262067556381226,10,False,data/local/local_citizen100_quality_audit_q82_cap14_exact/landmarks/WEEK/4114f361.v17.npz,1e3267674a82241e25507888a47add130ee81d50a270f5df111783df65cb41b5,,0.8918918918918919,0.806640625,0.875,0.875,WEEK,WEEK|SCHOOL|NAME|EASY|HOW,0.6912796497344971,WEEK,WEEK|WRITE|HELP|THEY|SCHOOL,0.9655218124389648,tier_a_dual_top1
WEEK,WEEK,B_02_079,canonical_and_pinned_raw_text_equal,local_hex_unknown_session,data/raw_videos/ASL VIDEOS/WEEK/65e318ad.mp4,data/local/ASL_hand_crops_av/WEEK_65e318ad.jpg,640,480,45,30.0,1.5,108.11468505859375,0.0,240.128662109375,0.9474951382988095,0.3062931299209595,6,False,data/local/local_citizen100_quality_audit_q82_cap14_exact/landmarks/WEEK/65e318ad.v17.npz,4245efb773c75584897f38a3efa36955cd85d513ff3661c148e5bd5caaea6fba,,0.9512195121951219,0.89794921875,0.625,0.8125,WEEK,WEEK|NAME|LIKE|SCHOOL|WAIT,0.6275743842124939,WEEK,WEEK|HELP|LIKE|MORNING|EASY,0.8784877061843872,tier_a_dual_top1
WEEK,WEEK,B_02_079,canonical_and_pinned_raw_text_equal,local_hex_unknown_session,data/raw_videos/ASL VIDEOS/WEEK/bde73b2d.mp4,data/local/ASL_hand_crops_av/WEEK_bde73b2d.jpg,640,480,72,30.0,2.4,58.68035888671875,0.0814208984375,308.6816101074219,0.8219083273048077,0.24968206882476807,7,False,data/local/local_citizen100_quality_audit_q82_cap14_exact/landmarks/WEEK/bde73b2d.v17.npz,f1a63f775ea1bb40aa434e26b2492afc2706c292d6b4ab04f98f53bd128df8b4,,0.9333333333333333,0.88232421875,0.9375,0.9375,WEEK,WEEK|NAME|LIKE|FRIEND|HOW,0.5826435089111328,WEEK,WEEK|FRIEND|DAY|USE|SCHOOL,0.8366687297821045,tier_a_dual_top1
WEEK,WEEK,B_02_079,canonical_and_pinned_raw_text_equal,local_hex_unknown_session,data/raw_videos/ASL VIDEOS/WEEK/4ee2aa43.mp4,data/local/ASL_hand_crops_av/WEEK_4ee2aa43.jpg,640,480,34,30.0,1.1333333333333333,104.53509521484375,0.06884765625,1225.8109130859375,0.9560093417456137,0.17052710056304932,12,False,data/local/local_citizen100_quality_audit_q82_cap14_exact/landmarks/WEEK/4ee2aa43.v17.npz,5465116502c305cdc35ac66b240ce915b520aaf55a178d6d172f4c4d83e5ed39,,1.0,0.818359375,0.71875,0.3828125,WEEK,WEEK|FEEL|EXCITED|HOW|HELP,0.7285270094871521,WEEK,WEEK|FEEL|WRITE|HELP|EXCITED,0.32510703802108765,tier_a_dual_top1
WHEN,WHEN,C_03_086,canonical_and_pinned_raw_text_equal,local_hex_unknown_session,data/raw_videos/ASL VIDEOS/WHEN/8bf94863.mp4,data/local/ASL_hand_crops_av/WHEN_8bf94863.jpg,640,480,24,30.0,0.8,110.77276611328125,0.0,141.87034606933594,0.8854248114442568,0.2185194492340088,14,False,data/local/local_citizen100_quality_audit_q82_cap14_exact/landmarks/WHEN/8bf94863.v17.npz,91d19b7e256f872c3c01ffd4bb60a184c5668bfc5c50f4699eebf1319e7fec2b,,1.0,0.974609375,0.71875,0.2890625,WHEN,WHEN|SIGN|FRIEND|WEEK|MAKE,0.9260606169700623,WHEN,WHEN|DIFFERENT|SIGN|NAME|WEEK,0.9519091248512268,tier_a_dual_top1
WHEN,WHEN,C_03_086,canonical_and_pinned_raw_text_equal,local_hex_unknown_session,data/raw_videos/ASL VIDEOS/WHEN/b84d07a3.mp4,data/local/ASL_hand_crops_av/WHEN_b84d07a3.jpg,640,480,53,30.0,1.7666666666666666,88.33709716796875,0.006103515625,3402.251708984375,0.9570200129885902,0.4034773111343384,4,False,data/local/local_citizen100_quality_audit_q82_cap14_exact/landmarks/WHEN/b84d07a3.v17.npz,c9763ed65e8804a3d07d81d25878e619e8871526c2a2784822d43f8ca45ab13c,,1.0,0.8740234375,0.90625,0.796875,WHEN,WHEN|ANSWER|WEEK|DIFFERENT|SIGN,0.9137998819351196,WHEN,WHEN|SIGN|DIFFERENT|NAME|WEEK,0.9541248083114624,tier_a_dual_top1
WHEN,WHEN,C_03_086,canonical_and_pinned_raw_text_equal,local_hex_unknown_session,data/raw_videos/ASL VIDEOS/WHEN/d14168bc.mp4,data/local/ASL_hand_crops_av/WHEN_d14168bc.jpg,640,480,55,30.0,1.8333333333333333,82.98297119140625,0.0,417.09173583984375,0.9362017901735232,0.40408170223236084,5,False,data/local/local_citizen100_quality_audit_q82_cap14_exact/landmarks/WHEN/d14168bc.v17.npz,f7e0f4d309cf89efe4e4932a3c64f750304b271445d0ae8b7afd9811320446de,,0.9148936170212766,0.6865234375,0.875,0.0,WHEN,WHEN|ANSWER|UNDERSTAND|ASK|DIFFERENT,0.445590615272522,WHEN,WHEN|ASK|THEY|YOU|LANGUAGE,0.48519980907440186,tier_a_dual_top1
WHEN,WHEN,C_03_086,canonical_and_pinned_raw_text_equal,local_hex_unknown_session,data/raw_videos/ASL VIDEOS/WHEN/87c7b7ad.mp4,data/local/ASL_hand_crops_av/WHEN_87c7b7ad.jpg,640,480,24,30.0,0.8,115.28857421875,0.0,138.6402587890625,0.8877885294161093,0.2523226737976074,11,False,data/local/local_citizen100_quality_audit_q82_cap14_exact/landmarks/WHEN/87c7b7ad.v17.npz,0cf69bdc6a7fd576dd8ba8b5fc229c4e09305602604821ea5b363a54597fba00,,1.0,0.875,0.71875,0.0,WHEN,WHEN|THINK|SIGN|SICK|ANSWER,0.43075069785118103,WHEN,WHEN|DIFFERENT|LANGUAGE|SEE|SIGN,0.7170319557189941,tier_a_dual_top1
WHERE,WHERE,B_02_035,canonical_and_pinned_raw_text_equal,local_hex_unknown_session,data/raw_videos/ASL VIDEOS/WHERE/4597cf6b.mp4,data/local/ASL_hand_crops_av/WHERE_4597cf6b.jpg,640,480,34,30.0,1.1333333333333333,60.3018798828125,0.21112060546875,811.1055297851562,0.8556873950973903,0.12606871128082275,13,False,data/local/local_citizen100_quality_audit_q82_cap14_exact/landmarks/WHERE/4597cf6b.v17.npz,8419f36665baa9e2262f5fae1d6d131e65ef2f98b2c51ccba3c0da903d9507b1,,0.9259259259259259,0.458984375,0.9375,0.7109375,WHERE,WHERE|ASK|YOU|DIFFERENT|HE,0.7907689213752747,WHERE,WHERE|HE|DIFFERENT|ASK|I,0.9490045309066772,tier_a_dual_top1
WHERE,WHERE,B_02_035,canonical_and_pinned_raw_text_equal,local_hex_unknown_session,data/raw_videos/ASL VIDEOS/WHERE/562c51a3.mp4,data/local/ASL_hand_crops_av/WHERE_562c51a3.jpg,640,480,32,30.0,1.0666666666666667,46.591796875,0.27545166015625,707.2490234375,0.8201051167122961,0.38097965717315674,4,False,data/local/local_citizen100_quality_audit_q82_cap14_exact/landmarks/WHERE/562c51a3.v17.npz,b2bc424aa4b2a7ee398ce3c374a5edddae5028ebbe8a6fe3fc19525f8a951fc9,,1.0,0.51171875,0.78125,0.71875,WHERE,WHERE|ASK|YOU|WHO|TAKE,0.7801466584205627,WHERE,WHERE|ASK|NEED|NO|WHO,0.959316074848175,tier_a_dual_top1
WHERE,WHERE,B_02_035,canonical_and_pinned_raw_text_equal,local_hex_unknown_session,data/raw_videos/ASL VIDEOS/WHERE/3af1a298.mp4,data/local/ASL_hand_crops_av/WHERE_3af1a298.jpg,640,480,53,30.0,1.7666666666666666,49.66949462890625,0.01568603515625,223.46762084960938,0.8277760994333181,0.17844223976135254,11,False,data/local/local_citizen100_quality_audit_q82_cap14_exact/landmarks/WHERE/3af1a298.v17.npz,5656f2d22ee02b96ea637c66c81958bf2412295659c117397ea0b93621470232,,0.9811320754716981,0.4970703125,0.90625,0.0,WHERE,WHERE|HE|YOU|ASK|TELL,0.44549673795700073,WHERE,WHERE|HE|NEED|YOU|WHEN,0.610781192779541,tier_a_dual_top1
WHERE,WHERE,B_02_035,canonical_and_pinned_raw_text_equal,local_hex_unknown_session,data/raw_videos/ASL VIDEOS/WHERE/76607098.mp4,data/local/ASL_hand_crops_av/WHERE_76607098.jpg,640,480,33,30.0,1.1,87.43896484375,0.01385498046875,3479.09130859375,0.9406009253028583,0.1848873496055603,9,False,data/local/local_citizen100_quality_audit_q82_cap14_exact/landmarks/WHERE/76607098.v17.npz,cb254b34f2f9b78b316eaa647ad84b856b483aad6a6b5f20560f756a6c1bd6f7,,1.0,0.505859375,1.0,0.6875,WHERE,WHERE|HE|ASK|WHO|THEY,0.31031855940818787,WHERE,WHERE|HE|THEY|ASK|NEED,0.5757684111595154,tier_a_dual_top1
WHERE,WHERE,B_02_035,canonical_and_pinned_raw_text_equal,local_hex_unknown_session,data/raw_videos/ASL VIDEOS/WHERE/e439e5a6.mp4,data/local/ASL_hand_crops_av/WHERE_e439e5a6.jpg,640,480,69,30.0,2.3,73.46160888671875,0.0,309.8276062011719,0.8748599189558615,0.12866175174713135,12,False,data/local/local_citizen100_quality_audit_q82_cap14_exact/landmarks/WHERE/e439e5a6.v17.npz,3927953d95cdd76f86fec049eb3a40e13634024fd42cc9fb6e00e0e066ee1c2a,,1.0,0.5,0.9375,0.0,WHERE,WHERE|ASK|HE|SEE|YOU,0.5734518766403198,WHERE,WHERE|HE|SEE|YOU|ASK,0.21645678579807281,tier_a_dual_top1
WHO,WHO,C_01_041,canonical_and_pinned_raw_text_equal,local_hex_unknown_session,data/raw_videos/ASL VIDEOS/WHO/1384e620.mp4,data/local/ASL_hand_crops_av/WHO_1384e620.jpg,640,480,24,30.0,0.8,56.7244873046875,0.22369384765625,941.750732421875,0.8246878949817443,0.4126763939857483,4,False,data/local/local_citizen100_quality_audit_q82_cap14_exact/landmarks/WHO/1384e620.v17.npz,bdfc339b721d1c31687e0ff8db4ab6cab246386da302cc2cbbdf021c528154e8,,0.9583333333333334,0.484375,0.71875,0.71875,WHO,WHO|WHERE|YOU|ASK|WATER,0.8805975317955017,WHO,WHO|WHERE|YOU|ASK|HE,0.7416127920150757,tier_a_dual_top1
WHO,WHO,C_01_041,canonical_and_pinned_raw_text_equal,local_hex_unknown_session,data/raw_videos/ASL VIDEOS/WHO/3c1448cb.mp4,data/local/ASL_hand_crops_av/WHO_3c1448cb.jpg,640,480,25,30.0,0.8333333333333334,129.29827880859375,0.0,159.40347290039062,0.9026497186524198,0.2406579852104187,9,False,data/local/local_citizen100_quality_audit_q82_cap14_exact/landmarks/WHO/3c1448cb.v17.npz,f3e7fc52d355f33b9bc3178c5e98a758ee9997a1669fdfd5dc4138f95b9c6210,,1.0,0.5,1.0,0.8359375,WHO,WHO|HOSPITAL|TELL|UNDERSTAND|LOVE,0.7795581817626953,WHO,WHO|THEY|HE|TELL|YOU,0.7058764696121216,tier_a_dual_top1
WHO,WHO,C_01_041,canonical_and_pinned_raw_text_equal,local_numbered_single_session,data/raw_videos/ASL VIDEOS/WHO/WHO_23.mp4,data/local/ASL_hand_crops_av/WHO_WHO_23.jpg,640,480,45,30.0,1.5,123.57537841796875,0.0,4248.71044921875,0.9988419486186824,,1,False,data/local/local_citizen100_quality_audit_q82_cap14_exact/landmarks/WHO/WHO_23.v17.npz,3eea542c9282ed5356643734a1aa9e5de58f75417ef4686815bbc772f7395d61,,1.0,0.5,0.90625,0.6328125,WHO,WHO|WHERE|YOU|TELL|WATER,0.6300163269042969,WHO,WHO|YOU|WHERE|HOME|HOW,0.9012715220451355,tier_a_dual_top1
WHO,WHO,C_01_041,canonical_and_pinned_raw_text_equal,local_hex_unknown_session,data/raw_videos/ASL VIDEOS/WHO/c0209c61.mp4,data/local/ASL_hand_crops_av/WHO_c0209c61.jpg,640,480,25,30.0,0.8333333333333334,117.2322998046875,0.0,128.91729736328125,0.8876373298149529,0.16994953155517578,13,False,data/local/local_citizen100_quality_audit_q82_cap14_exact/landmarks/WHO/c0209c61.v17.npz,69a44c8086680fa2821291d7aa51e866f663c6ce7615a5441f53afd21b1dbad4,,1.0,0.5,1.0,0.75,WHO,WHO|YOU|ASK|WHERE|FRIEND,0.5945478677749634,WHO,WHO|YOU|WHERE|ASK|WATER,0.7991843223571777,tier_a_dual_top1
WHO,WHO,C_01_041,canonical_and_pinned_raw_text_equal,local_hex_unknown_session,data/raw_videos/ASL VIDEOS/WHO/511fb8f9.mp4,data/local/ASL_hand_crops_av/WHO_511fb8f9.jpg,640,480,25,30.0,0.8333333333333334,129.8529052734375,0.0,146.46722412109375,0.8978671855396858,0.3364220857620239,6,False,data/local/local_citizen100_quality_audit_q82_cap14_exact/landmarks/WHO/511fb8f9.v17.npz,6315fae37504d2712f0defc54b7e679b7fea39fc86a9a2548af49dfba5645d31,,1.0,0.5,1.0,0.75,WHO,WHO|HOSPITAL|LOVE|SORRY|UNDERSTAND,0.7310810089111328,WHO,WHO|HE|THEY|HOSPITAL|MOTHER,0.5482708811759949,tier_a_dual_top1
WHY,WHY,D_01_067,canonical_and_pinned_raw_text_equal,local_hex_unknown_session,data/raw_videos/ASL VIDEOS/WHY/fb0c63dd.mp4,data/local/ASL_hand_crops_av/WHY_fb0c63dd.jpg,640,480,24,30.0,0.8,130.80078125,0.0,160.8539276123047,0.900318800271536,0.24117952585220337,11,False,data/local/local_citizen100_quality_audit_q82_cap14_exact/landmarks/WHY/fb0c63dd.v17.npz,fdd36536842aa44de74f4ecc844b253d74721b8ea24b2ffe03a09d990a3ccc62,,0.8823529411764706,0.44580078125,0.5625,0.4375,WHY,WHY|CHILD|HELLO|HOME|GOODBYE,0.8397521376609802,WHY,WHY|CHILD|MAYBE|WHAT|EXCITED,0.9495381116867065,tier_a_dual_top1
WHY,WHY,D_01_067,canonical_and_pinned_raw_text_equal,local_hex_unknown_session,data/raw_videos/ASL VIDEOS/WHY/3dfe85e4.mp4,data/local/ASL_hand_crops_av/WHY_3dfe85e4.jpg,640,480,28,30.0,0.9333333333333333,82.26953125,0.02752685546875,3539.962158203125,0.9171972956064258,0.21960753202438354,12,False,data/local/local_citizen100_quality_audit_q82_cap14_exact/landmarks/WHY/3dfe85e4.v17.npz,e227bbd37f2410299ccb01496f574f063d6e97d1255e8379e5fa83bb06456cc7,,1.0,0.50732421875,0.90625,0.6015625,WHY,WHY|KNOW|HELLO|SICK|ANGRY,0.7389627695083618,WHY,WHY|HELLO|KNOW|CHILD|WORK,0.8746510148048401,tier_a_dual_top1
WHY,WHY,D_01_067,canonical_and_pinned_raw_text_equal,local_hex_unknown_session,data/raw_videos/ASL VIDEOS/WHY/2bdfaf11.mp4,data/local/ASL_hand_crops_av/WHY_2bdfaf11.jpg,640,480,72,30.0,2.4,74.3370361328125,0.05126953125,671.8904418945312,0.8865390963675185,0.26874250173568726,9,False,data/local/local_citizen100_quality_audit_q82_cap14_exact/landmarks/WHY/2bdfaf11.v17.npz,a1b4d0ebcda85343c7e1fceb409d4d7ae07de59dc6db98a7e22535cd318c9a88,,0.9682539682539683,0.47607421875,0.75,0.0,WHY,WHY|LISTEN|CHILD|HELLO|KNOW,0.7364046573638916,WHY,WHY|LISTEN|HELLO|FATHER|FIND,0.8970013856887817,tier_a_dual_top1
WORK,WORK,B_03_059,canonical_and_pinned_raw_text_equal,local_hex_unknown_session,data/raw_videos/ASL VIDEOS/WORK/b02819a3.mp4,data/local/ASL_hand_crops_av/WORK_b02819a3.jpg,640,480,34,30.0,1.1333333333333333,99.09185791015625,0.0,175.5975799560547,0.9061824503251348,0.25716257095336914,6,False,data/local/local_citizen100_quality_audit_q82_cap14_exact/landmarks/WORK/b02819a3.v17.npz,d27ce0a380d88282939a814c679747081ef1a500bb8077d2dbb90e1dae59ce46,,0.8928571428571429,0.85791015625,0.90625,0.90625,WORK,WORK|NIGHT|TIME|ANSWER|TAKE,0.9296717047691345,WORK,WORK|NIGHT|TAKE|MAKE|TIME,0.9597925543785095,tier_a_dual_top1
WORK,WORK,B_03_059,canonical_and_pinned_raw_text_equal,local_hex_unknown_session,data/raw_videos/ASL VIDEOS/WORK/7b538554.mp4,data/local/ASL_hand_crops_av/WORK_7b538554.jpg,640,480,33,30.0,1.1,89.8760986328125,0.0,208.62481689453125,0.8989075211456065,0.1960574984550476,13,False,data/local/local_citizen100_quality_audit_q82_cap14_exact/landmarks/WORK/7b538554.v17.npz,531bdfb9966b89e96a118073089b470bfcdcc4bf3ef770ce1b124868b4707d5e,,0.9696969696969697,0.90478515625,1.0,0.9375,WORK,WORK|NIGHT|WE|MAKE|TAKE,0.8058893084526062,WORK,WORK|NIGHT|MAKE|TAKE|YEAR,0.8826035261154175,tier_a_dual_top1
WORK,WORK,B_03_059,canonical_and_pinned_raw_text_equal,local_hex_unknown_session,data/raw_videos/ASL VIDEOS/WORK/8a69f2a3.mp4,data/local/ASL_hand_crops_av/WORK_8a69f2a3.jpg,640,480,29,30.0,0.9666666666666667,104.72735595703125,0.0,185.8359375,0.9066157339162392,0.25525522232055664,7,False,data/local/local_citizen100_quality_audit_q82_cap14_exact/landmarks/WORK/8a69f2a3.v17.npz,0344923a44d39a070f7628a2bf356e249e25567c346c40ac0f7aef8ec0f5444e,,1.0,0.896484375,0.875,0.453125,WORK,WORK|NIGHT|TIME|WE|TAKE,0.798467755317688,WORK,WORK|NIGHT|TAKE|TIME|MAKE,0.9371662735939026,tier_a_dual_top1
WORK,WORK,B_03_059,canonical_and_pinned_raw_text_equal,local_numbered_single_session,data/raw_videos/ASL VIDEOS/WORK/WORK_8.mp4,data/local/ASL_hand_crops_av/WORK_WORK_8.jpg,640,480,85,30.0,2.8333333333333335,124.27728271484375,0.0,5138.95654296875,0.9246820278277919,0.28116142749786377,5,False,data/local/local_citizen100_quality_audit_q82_cap14_exact/landmarks/WORK/WORK_8.v17.npz,614f2f7e563763a1f02f0dab6b4593111b34511ee188026b1660e69a41759516,,0.9310344827586207,0.93603515625,0.84375,0.84375,WORK,WORK|TIME|MAKE|NIGHT|WE,0.7578555941581726,WORK,WORK|NIGHT|TIME|MAKE|TAKE,0.9402183890342712,tier_a_dual_top1
WORK,WORK,B_03_059,canonical_and_pinned_raw_text_equal,local_hex_unknown_session,data/raw_videos/ASL VIDEOS/WORK/b9e208ef.mp4,data/local/ASL_hand_crops_av/WORK_b9e208ef.jpg,640,480,52,30.0,1.7333333333333334,51.14007568359375,0.265380859375,827.9237060546875,0.8443451513221562,0.38074803352355957,3,False,data/local/local_citizen100_quality_audit_q82_cap14_exact/landmarks/WORK/b9e208ef.v17.npz,d70e46bb8e7283477e31a72f8877cd1a98416cea56f340505d7e4ef09eec16aa,,0.8717948717948718,0.73193359375,0.84375,0.84375,WORK,WORK|NIGHT|HOSPITAL|MAKE|LOVE,0.5114846229553223,WORK,WORK|NIGHT|YESTERDAY|TAKE|WAIT,0.8190715312957764,tier_a_dual_top1
WORK,WORK,B_03_059,canonical_and_pinned_raw_text_equal,local_hex_unknown_session,data/raw_videos/ASL VIDEOS/WORK/622363a4.mp4,data/local/ASL_hand_crops_av/WORK_622363a4.jpg,640,480,17,30.0,0.5666666666666667,128.52349853515625,0.0115966796875,3446.2119140625,0.9409412027252645,0.2292996644973755,10,False,data/local/local_citizen100_quality_audit_q82_cap14_exact/landmarks/WORK/622363a4.v17.npz,31302d4e34c05a48d9af74bf70c22015afa0b076d957a5047d3f57aa0a930bf1,,0.8666666666666667,0.7333984375,0.59375,0.1953125,WORK,WORK|HOSPITAL|WE|NIGHT|TAKE,0.2562638819217682,WORK,WORK|NIGHT|LOVE|HOSPITAL|MAKE,0.3580048680305481,tier_a_dual_top1
WRITE,WRITE,D_01_051,canonical_and_pinned_raw_text_equal,local_hex_unknown_session,data/raw_videos/ASL VIDEOS/WRITE/da63554a.mp4,data/local/ASL_hand_crops_av/WRITE_da63554a.jpg,640,480,18,30.0,0.6,150.88812255859375,0.14013671875,1854.353271484375,0.8997318658534696,0.23917019367218018,7,False,data/local/local_citizen100_quality_audit_q82_cap14_exact/landmarks/WRITE/da63554a.v17.npz,01b10b3e64ab6785076677f48ea78fb5f8b3c5c9336a94c0413e9b960989c718,,1.0,0.8369140625,0.96875,0.96875,WRITE,WRITE|TIME|YEAR|FRIEND|DOCTOR,0.4915436804294586,WRITE,WRITE|TIME|DOCTOR|READ|SAME,0.327808141708374,tier_a_dual_top1
WRITE,WRITE,D_01_051,canonical_and_pinned_raw_text_equal,local_hex_unknown_session,data/raw_videos/ASL VIDEOS/WRITE/2740f4ed.mp4,data/local/ASL_hand_crops_av/WRITE_2740f4ed.jpg,640,480,18,30.0,0.6,146.989990234375,0.1016845703125,1410.3602294921875,0.9126708207007723,0.12729251384735107,10,False,data/local/local_citizen100_quality_audit_q82_cap14_exact/landmarks/WRITE/2740f4ed.v17.npz,a89e86f8d2158ac0ce7a534f9c97a10943cd0343d9d1dd39c10283a45d596bd6,,1.0,0.8125,0.96875,0.625,WRITE,WRITE|HOW|NIGHT|NAME|LEARN,0.1808357685804367,WRITE,WRITE|READ|DOCTOR|LEARN|WEEK,0.7489638924598694,tier_a_dual_top1
YEAR,YEAR,B_02_015,canonical_and_pinned_raw_text_equal,local_hex_unknown_session,data/raw_videos/ASL VIDEOS/YEAR/1eb3effe.mp4,data/local/ASL_hand_crops_av/YEAR_1eb3effe.jpg,640,480,43,30.0,1.4333333333333333,74.71142578125,0.16558837890625,966.02294921875,0.9005827673424498,0.26719820499420166,6,False,data/local/local_citizen100_quality_audit_q82_cap14_exact/landmarks/YEAR/1eb3effe.v17.npz,c378919af6f0f89ab0fdafbfc140bf5720e257e5969e261a5c24127c9459842e,,0.9069767441860465,0.8212890625,0.9375,0.7109375,YEAR,YEAR|MAKE|LOVE|TIME|THEY,0.9232146739959717,YEAR,YEAR|MAKE|THINK|HELP|NAME,0.918228030204773,tier_a_dual_top1
YEAR,YEAR,B_02_015,canonical_and_pinned_raw_text_equal,local_hex_unknown_session,data/raw_videos/ASL VIDEOS/YEAR/22ce301c.mp4,data/local/ASL_hand_crops_av/YEAR_22ce301c.jpg,640,480,48,30.0,1.6,98.66094970703125,0.0,192.9979248046875,0.9238415936178195,0.3556975722312927,4,False,data/local/local_citizen100_quality_audit_q82_cap14_exact/landmarks/YEAR/22ce301c.v17.npz,f276ba4bd951479879f1f183a0a2fae24e9fd2c8fda0b107ba023f87073057b6,,0.9047619047619048,0.8564453125,0.78125,0.78125,YEAR,YEAR|MAKE|TIME|SIGN|I,0.7277011275291443,YEAR,YEAR|MAKE|I|TIME|FRIEND,0.863642156124115,tier_a_dual_top1
YEAR,YEAR,B_02_015,canonical_and_pinned_raw_text_equal,local_hex_unknown_session,data/raw_videos/ASL VIDEOS/YEAR/f072be4c.mp4,data/local/ASL_hand_crops_av/YEAR_f072be4c.jpg,640,480,43,30.0,1.4333333333333333,65.1602783203125,0.10498046875,1877.20751953125,0.892753369351805,0.4437204599380493,3,False,data/local/local_citizen100_quality_audit_q82_cap14_exact/landmarks/YEAR/f072be4c.v17.npz,3612fffb2e16bb1cee5953d2b8d95e2f67749a30e921538f2246b6a3b1cdc349,,0.9069767441860465,0.78857421875,0.9375,0.8515625,YEAR,YEAR|LOVE|MAKE|HELP|DAY,0.7220892906188965,YEAR,YEAR|MAKE|DAY|LOVE|FRIEND,0.8689427375793457,tier_a_dual_top1
YEAR,YEAR,B_02_015,canonical_and_pinned_raw_text_equal,local_hex_unknown_session,data/raw_videos/ASL VIDEOS/YEAR/d3573891.mp4,data/local/ASL_hand_crops_av/YEAR_d3573891.jpg,640,480,47,30.0,1.5666666666666667,97.73779296875,0.0,148.8242645263672,0.9078444938883414,0.2501624822616577,7,False,data/local/local_citizen100_quality_audit_q82_cap14_exact/landmarks/YEAR/d3573891.v17.npz,239d9f3e37b7170447e5f88f29409fa9cfa078b141d88998d207f3791a23d0e9,,0.9047619047619048,0.875,0.78125,0.6875,YEAR,YEAR|MAKE|LOVE|TIME|SORRY,0.6088474988937378,YEAR,YEAR|MAKE|WORK|FRIEND|TIME,0.878481924533844,tier_a_dual_top1
YEAR,YEAR,B_02_015,canonical_and_pinned_raw_text_equal,local_hex_unknown_session,data/raw_videos/ASL VIDEOS/YEAR/41719d22.mp4,data/local/ASL_hand_crops_av/YEAR_41719d22.jpg,640,480,39,30.0,1.3,144.28314208984375,0.03631591796875,763.1370849609375,0.9784669824107403,,1,False,data/local/local_citizen100_quality_audit_q82_cap14_exact/landmarks/YEAR/41719d22.v17.npz,c1133875b99295a122c68bcef69dd7a2adfab11b57ade05b69241268ae751f94,,0.8611111111111112,0.7431640625,0.71875,0.71875,YEAR,YEAR|MAKE|LOVE|SCHOOL|HELP,0.8723499774932861,YEAR,YEAR|MAKE|HELP|USE|DAY,0.5897651314735413,tier_a_dual_top1
YEAR,YEAR,B_02_015,canonical_and_pinned_raw_text_equal,local_hex_unknown_session,data/raw_videos/ASL VIDEOS/YEAR/5eab0624.mp4,data/local/ASL_hand_crops_av/YEAR_5eab0624.jpg,640,480,46,30.0,1.5333333333333334,62.46966552734375,0.129150390625,1183.9130859375,0.8850077142092774,0.1808786392211914,14,False,data/local/local_citizen100_quality_audit_q82_cap14_exact/landmarks/YEAR/5eab0624.v17.npz,081232393406abe63f965beb776ee3e22875b92b3c22ee3a0270476bbf2d5334,,0.9090909090909091,0.74755859375,0.9375,0.9375,YEAR,YEAR|MAKE|LOVE|HELP|HOW,0.5859612226486206,YEAR,YEAR|MAKE|HELP|DAY|LOVE,0.8369507789611816,tier_a_dual_top1
YEAR,YEAR,B_02_015,canonical_and_pinned_raw_text_equal,local_hex_unknown_session,data/raw_videos/ASL VIDEOS/YEAR/e0af43bf.mp4,data/local/ASL_hand_crops_av/YEAR_e0af43bf.jpg,640,480,32,30.0,1.0666666666666667,141.11090087890625,0.06195068359375,1461.6226806640625,0.9632782985933941,0.213708758354187,9,False,data/local/local_citizen100_quality_audit_q82_cap14_exact/landmarks/YEAR/e0af43bf.v17.npz,c0436254c50e99abdb4f37938edabcdd8d34455ef7a9c77297c166244f79ef49,,0.8888888888888888,0.8427734375,0.65625,0.65625,YEAR,YEAR|LOVE|MAKE|WORK|HOSPITAL,0.43204134702682495,YEAR,YEAR|MAKE|LOVE|DAY|WORK,0.36193031072616577,tier_a_dual_top1
YES,YES,G_03_074,canonical_and_pinned_raw_text_equal,local_hex_unknown_session,data/raw_videos/ASL VIDEOS/YES/191eba20.mp4,data/local/ASL_hand_crops_av/YES_191eba20.jpg,640,480,24,30.0,0.8,61.25933837890625,0.20294189453125,991.065673828125,0.8357927069160279,0.27633506059646606,8,False,data/local/local_citizen100_quality_audit_q82_cap14_exact/landmarks/YES/191eba20.v17.npz,819d69a10e028b8705befa7aba5fb8329e6b3a7e1e0fb54134bae6e77bf93ce9,,1.0,0.5,0.71875,0.71875,YES,YES|CHILD|YESTERDAY|NEED|TRY,0.8696677088737488,YES,YES|YESTERDAY|FIND|CHILD|NEED,0.8922706246376038,tier_a_dual_top1
YES,YES,G_03_074,canonical_and_pinned_raw_text_equal,local_hex_unknown_session,data/raw_videos/ASL VIDEOS/YES/57e60971.mp4,data/local/ASL_hand_crops_av/YES_57e60971.jpg,640,480,73,30.0,2.433333333333333,76.37786865234375,0.10211181640625,406.2833251953125,0.8668367149020422,0.3267538547515869,6,False,data/local/local_citizen100_quality_audit_q82_cap14_exact/landmarks/YES/57e60971.v17.npz,84910423c442723e4bb994e161f3db7fd323fe235c888737e01b2ab7660493aa,,0.9032258064516129,0.477783203125,0.90625,0.6171875,YES,YES|CHILD|YESTERDAY|NEED|TRY,0.7811063528060913,YES,YES|NEED|CHILD|SAME|FIND,0.9277411103248596,tier_a_dual_top1
YESTERDAY,YESTERDAY,D_01_024,canonical_and_pinned_raw_text_equal,local_hex_unknown_session,data/raw_videos/ASL VIDEOS/YESTERDAY/1a9a88de.mp4,data/local/ASL_hand_crops_av/YESTERDAY_1a9a88de.jpg,640,480,18,30.0,0.6,134.45098876953125,0.005126953125,5396.1064453125,0.9444627692664143,0.24683129787445068,9,False,data/local/local_citizen100_quality_audit_q82_cap14_exact/landmarks/YESTERDAY/1a9a88de.v17.npz,26a342716a8d1dd1be32c447e20ce8139029a6a2f1baf1c3ceea8e1e4f90c465,,1.0,0.5,0.96875,0.859375,YESTERDAY,YESTERDAY|YES|HEAR|GOODBYE|TAKE,0.8582008481025696,YESTERDAY,YESTERDAY|TOMORROW|YES|TAKE|HEAR,0.9308265447616577,tier_a_dual_top1
YESTERDAY,YESTERDAY,D_01_024,canonical_and_pinned_raw_text_equal,local_hex_unknown_session,data/raw_videos/ASL VIDEOS/YESTERDAY/13189d7b.mp4,data/local/ASL_hand_crops_av/YESTERDAY_13189d7b.jpg,640,480,17,30.0,0.5666666666666667,117.263427734375,0.00408935546875,4154.9345703125,0.9396656332549892,0.20673412084579468,13,False,data/local/local_citizen100_quality_audit_q82_cap14_exact/landmarks/YESTERDAY/13189d7b.v17.npz,00e660202d6e027a629e3156db08f75ded2fc6e4bdf3e366f7e7e69246292a6d,,1.0,0.5,1.0,0.515625,YESTERDAY,YESTERDAY|YES|HEAR|GOODBYE|TOMORROW,0.8225612640380859,YESTERDAY,YESTERDAY|YES|WORK|TOMORROW|WHO,0.9202272891998291,tier_a_dual_top1
YESTERDAY,YESTERDAY,D_01_024,canonical_and_pinned_raw_text_equal,local_hex_unknown_session,data/raw_videos/ASL VIDEOS/YESTERDAY/38ef1de2.mp4,data/local/ASL_hand_crops_av/YESTERDAY_38ef1de2.jpg,640,480,24,30.0,0.8,127.5308837890625,0.00225830078125,5195.01171875,0.9635803041829559,0.18418997526168823,14,False,data/local/local_citizen100_quality_audit_q82_cap14_exact/landmarks/YESTERDAY/38ef1de2.v17.npz,36d4eeb2aa5e3c31096b0562f3fb8fb96b17463d456e54b887c0b114c4418720,,1.0,0.494140625,0.71875,0.0,YESTERDAY,YESTERDAY|THINK|ASK|HEAR|HOSPITAL,0.8380085229873657,YESTERDAY,YESTERDAY|FATHER|GO|THINK|WORK,0.7461093664169312,tier_a_dual_top1
YESTERDAY,YESTERDAY,D_01_024,canonical_and_pinned_raw_text_equal,local_hex_unknown_session,data/raw_videos/ASL VIDEOS/YESTERDAY/2df93011.mp4,data/local/ASL_hand_crops_av/YESTERDAY_2df93011.jpg,640,480,18,30.0,0.6,117.901123046875,0.008056640625,5080.578125,0.9420879765895078,0.4914066195487976,2,False,data/local/local_citizen100_quality_audit_q82_cap14_exact/landmarks/YESTERDAY/2df93011.v17.npz,7f78921dce8378e5bae0ca58305686c7e613480d7847152a210786b359c8aacc,,1.0,0.5,0.96875,0.015625,YESTERDAY,YESTERDAY|YES|GOODBYE|CHILD|NEED,0.6090785264968872,YESTERDAY,YESTERDAY|TOMORROW|HEAR|GO|YES,0.9312819838523865,tier_a_dual_top1
YESTERDAY,YESTERDAY,D_01_024,canonical_and_pinned_raw_text_equal,local_hex_unknown_session,data/raw_videos/ASL VIDEOS/YESTERDAY/421539d7.mp4,data/local/ASL_hand_crops_av/YESTERDAY_421539d7.jpg,640,480,15,30.0,0.5,132.18890380859375,0.02020263671875,3918.05908203125,0.9321437049781349,0.3631312847137451,5,False,data/local/local_citizen100_quality_audit_q82_cap14_exact/landmarks/YESTERDAY/421539d7.v17.npz,00ba6a93dde149a0c231497e24b0b235379c7a92f16ec6e1e8f008d9f6ef38b3,,1.0,0.5,0.59375,0.0,YESTERDAY,YESTERDAY|YES|WORK|NEED|TAKE,0.5701292157173157,YESTERDAY,YESTERDAY|WORK|TOMORROW|FATHER|GO,0.7246158123016357,tier_a_dual_top1
YESTERDAY,YESTERDAY,D_01_024,canonical_and_pinned_raw_text_equal,local_hex_unknown_session,data/raw_videos/ASL VIDEOS/YESTERDAY/11824287.mp4,data/local/ASL_hand_crops_av/YESTERDAY_11824287.jpg,640,480,22,30.0,0.7333333333333333,92.54803466796875,0.0,111.05636596679688,0.8418006988395729,0.234291672706604,12,False,data/local/local_citizen100_quality_audit_q82_cap14_exact/landmarks/YESTERDAY/11824287.v17.npz,fdbb67f561b95aa70d6a14924dbc7c4ea60db4e904650e6c5dcada0286e877b9,,1.0,0.5,0.78125,0.6015625,YESTERDAY,YESTERDAY|YES|GOODBYE|TAKE|TRY,0.5640432238578796,YESTERDAY,YESTERDAY|YES|TOMORROW|HEAR|GO,0.9374274611473083,tier_a_dual_top1
YESTERDAY,YESTERDAY,D_01_024,canonical_and_pinned_raw_text_equal,local_hex_unknown_session,data/raw_videos/ASL VIDEOS/YESTERDAY/183845f4.mp4,data/local/ASL_hand_crops_av/YESTERDAY_183845f4.jpg,640,480,23,30.0,0.7666666666666667,100.370849609375,0.0,125.4832992553711,0.863641435183254,0.3310573101043701,6,False,data/local/local_citizen100_quality_audit_q82_cap14_exact/landmarks/YESTERDAY/183845f4.v17.npz,6bb7cc29d7c1b37e8cfa4a2fe927321240341d8723fae15debbfef2eef892990,,1.0,0.5,0.75,0.46875,YESTERDAY,YESTERDAY|YES|NEED|THINK|TOMORROW,0.438674658536911,YESTERDAY,YESTERDAY|YES|TOMORROW|WORK|ASK,0.8624736666679382,tier_a_dual_top1
YESTERDAY,YESTERDAY,D_01_024,canonical_and_pinned_raw_text_equal,local_numbered_single_session,data/raw_videos/ASL VIDEOS/YESTERDAY/YESTERDAY_15.mp4,data/local/ASL_hand_crops_av/YESTERDAY_YESTERDAY_15.jpg,640,480,45,30.0,1.5,135.93194580078125,0.0,4565.7490234375,0.9976469094601712,,1,False,data/local/local_citizen100_quality_audit_q82_cap14_exact/landmarks/YESTERDAY/YESTERDAY_15.v17.npz,02fcf77e277aab541f888a30ac8c8b1cba35a33e1c7c0345fb3f2082ff919764,,1.0,0.5,0.90625,0.453125,YESTERDAY,YESTERDAY|YES|NEED|WHERE|TAKE,0.37306544184684753,YESTERDAY,YESTERDAY|YES|TOMORROW|HEAR|ASK,0.9352260231971741,tier_a_dual_top1
YESTERDAY,YESTERDAY,D_01_024,canonical_and_pinned_raw_text_equal,local_hex_unknown_session,data/raw_videos/ASL VIDEOS/YESTERDAY/7d5e4511.mp4,data/local/ASL_hand_crops_av/YESTERDAY_7d5e4511.jpg,640,480,26,30.0,0.8666666666666667,136.4227294921875,0.05548095703125,2739.45263671875,0.9536934035868807,0.2881356477737427,7,False,data/local/local_citizen100_quality_audit_q82_cap14_exact/landmarks/YESTERDAY/7d5e4511.v17.npz,72134a2fca6a47e06a6a42138647ccb08cef385a1a05596715e40804cb335207,,1.0,0.5,0.96875,0.6484375,YESTERDAY,YESTERDAY|YES|TAKE|WHERE|COLD,0.26601171493530273,YESTERDAY,YESTERDAY|WHERE|YES|TOMORROW|TAKE,0.7574805617332458,tier_a_dual_top1
YOU,YOU,D_02_065,canonical_and_pinned_raw_text_equal,local_hex_unknown_session,data/raw_videos/ASL VIDEOS/YOU/09e9cd8a.mp4,data/local/ASL_hand_crops_av/YOU_09e9cd8a.jpg,640,480,39,30.0,1.3,58.81011962890625,0.10968017578125,2187.4072265625,0.8754746621524389,0.6447218060493469,3,False,data/local/local_citizen100_quality_audit_q82_cap14_exact/landmarks/YOU/09e9cd8a.v17.npz,09a0e57faab4712304fc11c9c5bedd71f8be33a8fdf7bab2e31eb03591ec9f06,,1.0,0.5,0.84375,0.2265625,YOU,YOU|TELL|THEY|WHO|LANGUAGE,0.904187798500061,YOU,YOU|NEED|GIVE|THEY|TELL,0.8324273824691772,tier_a_dual_top1
YOU,YOU,D_02_065,canonical_and_pinned_raw_text_equal,local_numbered_single_session,data/raw_videos/ASL VIDEOS/YOU/YOU_12.mp4,data/local/ASL_hand_crops_av/YOU_YOU_12.jpg,640,480,49,30.0,1.6333333333333333,127.188232421875,0.0,1086.47607421875,0.9999131713974421,,1,False,data/local/local_citizen100_quality_audit_q82_cap14_exact/landmarks/YOU/YOU_12.v17.npz,498738e039056189203066c5da6c668106963207d182ff2161778102daaa2871,,0.95,0.44189453125,0.8125,0.765625,YOU,YOU|NEED|ASK|WHERE|FRIEND,0.8610429167747498,YOU,YOU|NEED|ASK|FEEL|THEY,0.7531896233558655,tier_a_dual_top1
YOU,YOU,D_02_065,canonical_and_pinned_raw_text_equal,local_hex_unknown_session,data/raw_videos/ASL VIDEOS/YOU/27fa363a.mp4,data/local/ASL_hand_crops_av/YOU_27fa363a.jpg,640,480,28,30.0,0.9333333333333333,139.12213134765625,0.07366943359375,1865.363037109375,0.9527937587643589,0.5020935535430908,2,False,data/local/local_citizen100_quality_audit_q82_cap14_exact/landmarks/YOU/27fa363a.v17.npz,73c3196fda4c30d078c68bde4c314f9b94a6d22a28000f2e696a3b90311d1225,,1.0,0.5,0.90625,0.90625,YOU,YOU|WHO|ASK|TELL|TOMORROW,0.7428742051124573,YOU,YOU|ASK|THEY|TELL|NEED,0.7752434611320496,tier_a_dual_top1
YOU,YOU,D_02_065,canonical_and_pinned_raw_text_equal,local_hex_unknown_session,data/raw_videos/ASL VIDEOS/YOU/0d56b380.mp4,data/local/ASL_hand_crops_av/YOU_0d56b380.jpg,640,480,18,30.0,0.6,138.230224609375,0.0,168.55966186523438,0.8830100045367515,0.27552783489227295,10,False,data/local/local_citizen100_quality_audit_q82_cap14_exact/landmarks/YOU/0d56b380.v17.npz,5b9f5f956b1c5caef0dec4baf9276972789e7f40922115fa4429699f251c1bff,,0.8333333333333334,0.419677734375,0.78125,0.609375,YOU,YOU|WHO|TELL|MAKE|WHERE,0.5126799941062927,YOU,YOU|WHO|WATER|LIKE|TELL,0.8955998420715332,tier_a_dual_top1
YOUR,YOUR,F_01_052,canonical_and_pinned_raw_text_equal,local_hex_unknown_session,data/raw_videos/ASL VIDEOS/YOUR/2b3f6eb3.mp4,data/local/ASL_hand_crops_av/YOUR_2b3f6eb3.jpg,640,480,33,30.0,1.1,85.91802978515625,0.04022216796875,2816.254638671875,0.932341999113487,0.33395063877105713,7,False,data/local/local_citizen100_quality_audit_q82_cap14_exact/landmarks/YOUR/2b3f6eb3.v17.npz,0d26ffef55922d3eaebb505317b4090ef6520bc0d84fa20ead0194f1b220c1fd,,1.0,0.5,1.0,0.8125,YOUR,YOUR|TALK|MOTHER|GOODBYE|WOMAN,0.6012066602706909,YOUR,YOUR|MOTHER|WOMAN|TALK|GOODBYE,0.7657507658004761,tier_a_dual_top1
ANGRY,ANGRY,B_01_070,canonical_and_pinned_raw_text_equal,local_numbered_single_session,data/raw_videos/ASL VIDEOS/ANGRY/ANGRY_10.mp4,data/local/ASL_hand_crops_av/ANGRY_ANGRY_10.jpg,640,480,47,30.0,1.5666666666666667,129.80548095703125,0.0,1857.35595703125,0.9998411428569298,,1,False,data/local/local_citizen100_quality_audit_q82_cap14_exact/landmarks/ANGRY/ANGRY_10.v17.npz,7e8b3349ac7b567c27ee6854198c0c3b6a1e96bc82af515330719d8b44710ed5,,0.8787878787878788,0.84375,0.75,0.5078125,HAVE,HAVE|ANGRY|EXCITED|HAPPY|EASY,0.20562206208705902,ANGRY,ANGRY|HAPPY|EASY|HAVE|EXCITED,0.8393535614013672,tier_b_dual_top5_one_top1
ANSWER,ANSWER,E_03_065,canonical_and_pinned_raw_text_equal,local_hex_unknown_session,data/raw_videos/ASL VIDEOS/ANSWER/784dcaa9.mp4,data/local/ASL_hand_crops_av/ANSWER_784dcaa9.jpg,640,480,22,30.0,0.7333333333333333,86.94769287109375,0.02423095703125,2015.371337890625,0.9110068874953438,0.22112739086151123,12,False,data/local/local_citizen100_quality_audit_q82_cap14_exact/landmarks/ANSWER/784dcaa9.v17.npz,c162beeba57face4b98fdcfc21257c0edec2ff9c2c06ecbbe21ffabe6e2b17c7,,0.85,0.73681640625,0.84375,0.4375,WHEN,WHEN|ANSWER|FRIEND|SEE|UNDERSTAND,0.162993386387825,ANSWER,ANSWER|GO|READ|FAMILY|WHEN,0.5826563835144043,tier_b_dual_top5_one_top1
ANSWER,ANSWER,E_03_065,canonical_and_pinned_raw_text_equal,local_hex_unknown_session,data/raw_videos/ASL VIDEOS/ANSWER/6df5a28b.mp4,data/local/ASL_hand_crops_av/ANSWER_6df5a28b.jpg,640,480,22,30.0,0.7333333333333333,135.46221923828125,0.03338623046875,1896.8223876953125,0.9487840912147053,0.17706167697906494,14,False,data/local/local_citizen100_quality_audit_q82_cap14_exact/landmarks/ANSWER/6df5a28b.v17.npz,224b440971ffbc1e801257df78f8a51e54874160480a9dacd27f9ae662e94e49,,1.0,0.86376953125,0.78125,0.4140625,WHEN,WHEN|ANSWER|UNDERSTAND|WEEK|DIFFERENT,0.10920724272727966,ANSWER,ANSWER|WHEN|FRIEND|WEEK|FAMILY,0.3659419119358063,tier_b_dual_top5_one_top1
ASK,ASK,B_02_023,canonical_and_pinned_raw_text_equal,local_hex_unknown_session,data/raw_videos/ASL VIDEOS/ASK/986fbf9b.mp4,data/local/ASL_hand_crops_av/ASK_986fbf9b.jpg,640,480,23,30.0,0.7666666666666667,57.7669677734375,0.214599609375,1647.0672607421875,0.8250904786782394,0.4304882287979126,3,False,data/local/local_citizen100_quality_audit_q82_cap14_exact/landmarks/ASK/986fbf9b.v17.npz,86d74aecfb50046a1907fbc2cab8e86e628b0f6ac1ed12ef16fbe6491c7e51b9,,1.0,0.5,0.75,0.3828125,ASK,ASK|WHERE|HE|THINK|NEED,0.31043022871017456,WHERE,WHERE|ASK|GO|NEED|HE,0.278085321187973,tier_b_dual_top5_one_top1
ASK,ASK,B_02_023,canonical_and_pinned_raw_text_equal,local_hex_unknown_session,data/raw_videos/ASL VIDEOS/ASK/d06f4637.mp4,data/local/ASL_hand_crops_av/ASK_d06f4637.jpg,640,480,59,30.0,1.9666666666666666,88.1302490234375,0.0,466.75115966796875,0.9476313203832081,0.15828728675842285,9,False,data/local/local_citizen100_quality_audit_q82_cap14_exact/landmarks/ASK/d06f4637.v17.npz,1abf7bebd715becdda032c8d4ee862026e411375157f9aa71fad5e094d007ee3,,0.8813559322033898,0.472412109375,0.96875,0.0078125,WHERE,WHERE|HE|ASK|YOU|DIFFERENT,0.2038232833147049,ASK,ASK|WHERE|YOU|HE|NEED,0.24194706976413727,tier_b_dual_top5_one_top1
BAD,BAD,B_02_082,canonical_and_pinned_raw_text_equal,local_numbered_single_session,data/raw_videos/ASL VIDEOS/BAD/BAD_3.mp4,data/local/ASL_hand_crops_av/BAD_BAD_3.jpg,640,480,56,30.0,1.8666666666666667,150.2794189453125,0.002197265625,1280.8935546875,0.9817596780122748,,1,False,data/local/local_citizen100_quality_audit_q82_cap14_exact/landmarks/BAD/BAD_3.v17.npz,b78fdd7ee1148088e772739b222f9d02871622ccbf62212a5a6882de5c0d9813,,1.0,0.5,0.875,0.6640625,BAD,BAD|HAPPY|THANKYOU|MAYBE|WHY,0.3001158833503723,THANKYOU,THANKYOU|BAD|GOOD|WHY|EAT,0.3244231939315796,tier_b_dual_top5_one_top1
BAD,BAD,B_02_082,canonical_and_pinned_raw_text_equal,local_hex_unknown_session,data/raw_videos/ASL VIDEOS/BAD/280e291e.mp4,data/local/ASL_hand_crops_av/BAD_280e291e.jpg,640,480,28,30.0,0.9333333333333333,62.23199462890625,0.1470947265625,1363.247314453125,0.8564006482281397,0.10175102949142456,13,False,data/local/local_citizen100_quality_audit_q82_cap14_exact/landmarks/BAD/280e291e.v17.npz,b581ae18ca73ff0eaf907ef834db2d283abe9d698a94d52102d4737d17908c68,,0.9230769230769231,0.44189453125,0.65625,0.4921875,BAD,BAD|GOOD|THANKYOU|COME|HOT,0.8508349657058716,THANKYOU,THANKYOU|BAD|COME|HOT|GOOD,0.25043240189552307,tier_b_dual_top5_one_top1
BAD,BAD,B_02_082,canonical_and_pinned_raw_text_equal,local_hex_unknown_session,data/raw_videos/ASL VIDEOS/BAD/625b8bf5.mp4,data/local/ASL_hand_crops_av/BAD_625b8bf5.jpg,640,480,26,30.0,0.8666666666666667,82.55657958984375,0.0,225.03977966308594,0.8734707953006615,0.21767312288284302,7,False,data/local/local_citizen100_quality_audit_q82_cap14_exact/landmarks/BAD/625b8bf5.v17.npz,a9ee608a55d1743e22fd64de50ac0dae0411f078649a749f10fd7c78fdf7661a,,1.0,0.5,0.96875,0.890625,BAD,BAD|GOOD|HOT|HAPPY|THANKYOU,0.5381843447685242,THANKYOU,THANKYOU|BAD|GOOD|HOT|HAPPY,0.24557125568389893,tier_b_dual_top5_one_top1
BAD,BAD,B_02_082,canonical_and_pinned_raw_text_equal,local_hex_unknown_session,data/raw_videos/ASL VIDEOS/BAD/7e4e25c1.mp4,data/local/ASL_hand_crops_av/BAD_7e4e25c1.jpg,640,480,16,30.0,0.5333333333333333,112.52886962890625,0.0333251953125,2359.26220703125,0.9261169323828972,0.3785941004753113,4,False,data/local/local_citizen100_quality_audit_q82_cap14_exact/landmarks/BAD/7e4e25c1.v17.npz,d9e766395c18dfce5dbfe063af3c3ec1456dd240db1caba0cb1a5d168b3fce0c,,1.0,0.5,0.5625,0.046875,EAT,EAT|BAD|THANKYOU|OUR|STOP,0.10054284334182739,BAD,BAD|LESS|HOME|DRINK|GOODBYE,0.38381510972976685,tier_b_dual_top5_one_top1
BIG,BIG,F_02_054,canonical_and_pinned_raw_text_equal,local_hex_unknown_session,data/raw_videos/ASL VIDEOS/BIG/b838f128.mp4,data/local/ASL_hand_crops_av/BIG_b838f128.jpg,640,480,62,30.0,2.066666666666667,104.68914794921875,0.00408935546875,1566.720458984375,0.9714278439574844,0.09635657072067261,6,False,data/local/local_citizen100_quality_audit_q82_cap14_exact/landmarks/BIG/b838f128.v17.npz,b9417a3ab8680f7c5a0df3e07b9a27d35da84dd953556fa2e9bd7b60e6afe771,,0.92,0.87060546875,0.8125,0.6171875,BIG,BIG|WHEN|LANGUAGE|DIFFERENT|NOW,0.20337045192718506,LANGUAGE,LANGUAGE|BIG|DIFFERENT|WHEN|OUR,0.17169448733329773,tier_b_dual_top5_one_top1
CHILD,CHILD,F_03_101,canonical_and_pinned_raw_text_equal,local_hex_unknown_session,data/raw_videos/ASL VIDEOS/CHILD/c9fa9921.mp4,data/local/ASL_hand_crops_av/CHILD_c9fa9921.jpg,640,480,31,30.0,1.0333333333333334,72.73443603515625,0.05487060546875,1266.6719970703125,0.8995728230356405,0.09951698780059814,14,False,data/local/local_citizen100_quality_audit_q82_cap14_exact/landmarks/CHILD/c9fa9921.v17.npz,55a2881f3a89915a10d1ed2c4c31724089da5d8f1967733a3e9d57e62547b2ca,,0.8064516129032258,0.46875,0.8125,0.4140625,CHILD,CHILD|MAYBE|GIVE|FIND|STOP,0.384690523147583,FIND,FIND|CHILD|GIVE|GOODBYE|WHY,0.12767165899276733,tier_b_dual_top5_one_top1
CHILD,CHILD,F_03_101,canonical_and_pinned_raw_text_equal,local_hex_unknown_session,data/raw_videos/ASL VIDEOS/CHILD/dd82cd4b.mp4,data/local/ASL_hand_crops_av/CHILD_dd82cd4b.jpg,640,480,49,30.0,1.6333333333333333,78.7247314453125,0.05499267578125,1527.370849609375,0.9304551251882176,0.2610102891921997,5,False,data/local/local_citizen100_quality_audit_q82_cap14_exact/landmarks/CHILD/dd82cd4b.v17.npz,6cd364a571da0369dd826b21885c6d8817bf30ebb45f32cb60a6039198958236,,0.8571428571428571,0.441162109375,1.0,0.1953125,CHILD,CHILD|NEED|YES|MAYBE|FIND,0.5463967323303223,FIND,FIND|YES|CHILD|GIVE|NEED,0.0616595521569252,tier_b_dual_top5_one_top1
COLD,COLD,C_02_068,canonical_and_pinned_raw_text_equal,local_hex_unknown_session,data/raw_videos/ASL VIDEOS/COLD/099116d5.mp4,data/local/ASL_hand_crops_av/COLD_099116d5.jpg,640,480,26,30.0,0.8666666666666667,80.1290283203125,0.0462646484375,1780.3804931640625,0.9043784307922849,0.12974607944488525,10,False,data/local/local_citizen100_quality_audit_q82_cap14_exact/landmarks/COLD/099116d5.v17.npz,0677483e9d9d3f47ae8c89061780c10560f8fa1d9d722e125c02ceca650b5923,,0.8888888888888888,0.78955078125,0.96875,0.7421875,COLD,COLD|SIGN|HAVE|TIRED|DOCTOR,0.5731722712516785,HAVE,HAVE|COLD|SIGN|TIRED|BIG,0.21120910346508026,tier_b_dual_top5_one_top1
COLD,COLD,C_02_068,canonical_and_pinned_raw_text_equal,local_hex_unknown_session,data/raw_videos/ASL VIDEOS/COLD/373f88c2.mp4,data/local/ASL_hand_crops_av/COLD_373f88c2.jpg,640,480,26,30.0,0.8666666666666667,84.02099609375,0.022216796875,1410.05126953125,0.916704142773521,0.30411314964294434,4,False,data/local/local_citizen100_quality_audit_q82_cap14_exact/landmarks/COLD/373f88c2.v17.npz,bb72b3554be2bb20ed22cb649f14cb841955574f0fc61c52c0194e760f07bf84,,1.0,0.73046875,0.96875,0.8125,COLD,COLD|SIGN|HAVE|TIRED|WHAT,0.5540997385978699,HAVE,HAVE|COLD|TRY|SIGN|BIG,0.17206735908985138,tier_b_dual_top5_one_top1
COLD,COLD,C_02_068,canonical_and_pinned_raw_text_equal,local_hex_unknown_session,data/raw_videos/ASL VIDEOS/COLD/f00e1b6e.mp4,data/local/ASL_hand_crops_av/COLD_f00e1b6e.jpg,640,480,43,30.0,1.4333333333333333,97.88043212890625,0.0,271.3427734375,0.9400666634189585,0.10124057531356812,14,False,data/local/local_citizen100_quality_audit_q82_cap14_exact/landmarks/COLD/f00e1b6e.v17.npz,4bcc8c76dd59bf613b256180705826cd5a5a6bcf2534c84f868591e545f75699,,0.9,0.84765625,0.8125,0.328125,COLD,COLD|NOW|TRY|TIRED|HAVE,0.4688049256801605,NOW,NOW|TRY|COLD|TIRED|FAMILY,0.16393427550792694,tier_b_dual_top5_one_top1
COLD,COLD,C_02_068,canonical_and_pinned_raw_text_equal,local_hex_unknown_session,data/raw_videos/ASL VIDEOS/COLD/08ba23fd.mp4,data/local/ASL_hand_crops_av/COLD_08ba23fd.jpg,640,480,39,30.0,1.3,107.04754638671875,0.0,321.40423583984375,0.9578337188879845,0.18445968627929688,7,False,data/local/local_citizen100_quality_audit_q82_cap14_exact/landmarks/COLD/08ba23fd.v17.npz,042ae919cbc88fed13d8466d25ba253d2c4a55e84d82cf53ea39861a36467bda,,0.8888888888888888,0.8623046875,0.71875,0.71875,HOW,HOW|COLD|TIRED|MAKE|NOW,0.15326498448848724,COLD,COLD|TIRED|HOW|TRY|FRIEND,0.34183269739151,tier_b_dual_top5_one_top1
DIFFERENT,DIFFERENT,E_03_095,canonical_and_pinned_raw_text_equal,local_hex_unknown_session,data/raw_videos/ASL VIDEOS/DIFFERENT/770ba5db.mp4,data/local/ASL_hand_crops_av/DIFFERENT_770ba5db.jpg,640,480,27,30.0,0.9,65.5213623046875,0.06671142578125,1143.741943359375,0.8733239205702652,0.13927912712097168,6,False,data/local/local_citizen100_quality_audit_q82_cap14_exact/landmarks/DIFFERENT/770ba5db.v17.npz,d8d59deef825fdc5b0ca457ee23b913e33dfb5998df317fc1d89a830a8d48f9f,,0.8,0.72314453125,0.875,0.875,ANSWER,ANSWER|WHEN|DIFFERENT|WEEK|ASK,0.179393470287323,DIFFERENT,DIFFERENT|WHEN|GO|WHERE|LANGUAGE,0.6292109489440918,tier_b_dual_top5_one_top1
DIFFERENT,DIFFERENT,E_03_095,canonical_and_pinned_raw_text_equal,local_hex_unknown_session,data/raw_videos/ASL VIDEOS/DIFFERENT/eb7461af.mp4,data/local/ASL_hand_crops_av/DIFFERENT_eb7461af.jpg,640,480,37,30.0,1.2333333333333334,61.4609375,0.09478759765625,1255.654296875,0.8804302315211987,0.10872763395309448,8,False,data/local/local_citizen100_quality_audit_q82_cap14_exact/landmarks/DIFFERENT/eb7461af.v17.npz,d24f3a94cfc90501c319a6a4453b010be31b575bd3944417a3c58c8cf6e026da,,0.84,0.82373046875,1.0,1.0,ANSWER,ANSWER|DIFFERENT|WHEN|FRIEND|GO,0.13203132152557373,DIFFERENT,DIFFERENT|GO|WHERE|SMALL|READY,0.8446701169013977,tier_b_dual_top5_one_top1
EASY,EASY,D_01_070,canonical_and_pinned_raw_text_equal,local_hex_unknown_session,data/raw_videos/ASL VIDEOS/EASY/e9e96647.mp4,data/local/ASL_hand_crops_av/EASY_e9e96647.jpg,640,480,63,30.0,2.1,118.6885986328125,0.00201416015625,1686.0814208984375,0.9822593042638027,0.16248196363449097,5,False,data/local/local_citizen100_quality_audit_q82_cap14_exact/landmarks/EASY/e9e96647.v17.npz,61591cc2bed69c4a09b646126cc8fb515afd77a28a8082e076b1c0f67284f6c3,,0.9622641509433962,0.8935546875,0.75,0.7109375,EASY,EASY|HAPPY|EXCITED|HELP|WRITE,0.7417200207710266,HAPPY,HAPPY|EASY|EXCITED|BAD|LEARN,0.14535728096961975,tier_b_dual_top5_one_top1
FATHER,FATHER,B_01_077,canonical_and_pinned_raw_text_equal,local_hex_unknown_session,data/raw_videos/ASL VIDEOS/FATHER/15c4318a.mp4,data/local/ASL_hand_crops_av/FATHER_15c4318a.jpg,640,480,38,30.0,1.2666666666666666,77.48797607421875,0.0162353515625,1571.224365234375,0.9286327047349661,,1,False,data/local/local_citizen100_quality_audit_q82_cap14_exact/landmarks/FATHER/15c4318a.v17.npz,6db32961322f8087ef3ab4877fba06bf3151554b7f09e8ed59ce42c15c282e21,,1.0,0.5,0.875,0.0,HELLO,HELLO|FATHER|HEAR|MOTHER|SMALL,0.2740355134010315,FATHER,FATHER|KNOW|HEAR|HELLO|HOSPITAL,0.9034589529037476,tier_b_dual_top5_one_top1
FATHER,FATHER,B_01_077,canonical_and_pinned_raw_text_equal,local_hex_unknown_session,data/raw_videos/ASL VIDEOS/FATHER/bf504bcf.mp4,data/local/ASL_hand_crops_av/FATHER_bf504bcf.jpg,640,480,39,30.0,1.3,69.17559814453125,0.0478515625,1033.6658935546875,0.9067505098544691,0.18360233306884766,7,False,data/local/local_citizen100_quality_audit_q82_cap14_exact/landmarks/FATHER/bf504bcf.v17.npz,fbe41813648d210df06bb01a48e21a976ac265cd872680b6c8ef22a9a094ffb5,,1.0,0.5,0.84375,0.0625,HELLO,HELLO|FATHER|SAD|HOSPITAL|MOTHER,0.2570739984512329,FATHER,FATHER|SICK|HELLO|HEAR|HOSPITAL,0.9335977435112,tier_b_dual_top5_one_top1
FATHER,FATHER,B_01_077,canonical_and_pinned_raw_text_equal,local_hex_unknown_session,data/raw_videos/ASL VIDEOS/FATHER/9d0b7a51.mp4,data/local/ASL_hand_crops_av/FATHER_9d0b7a51.jpg,640,480,17,30.0,0.5666666666666667,97.15765380859375,0.0,136.13780212402344,0.8458941560347285,0.37695538997650146,2,False,data/local/local_citizen100_quality_audit_q82_cap14_exact/landmarks/FATHER/9d0b7a51.v17.npz,05e0f67f18642f7d5291854e04961bd0e65790d156289948d18985766745084f,,1.0,0.5,1.0,0.75,HEAR,HEAR|HELLO|FATHER|KNOW|SMALL,0.040773287415504456,FATHER,FATHER|HEAR|HELLO|KNOW|WHY,0.3947739899158478,tier_b_dual_top5_one_top1
FATHER,FATHER,B_01_077,canonical_and_pinned_raw_text_equal,local_hex_unknown_session,data/raw_videos/ASL VIDEOS/FATHER/a3cff7ae.mp4,data/local/ASL_hand_crops_av/FATHER_a3cff7ae.jpg,640,480,17,30.0,0.5666666666666667,90.4635009765625,0.0,120.79951477050781,0.8280895831736117,0.15965187549591064,9,False,data/local/local_citizen100_quality_audit_q82_cap14_exact/landmarks/FATHER/a3cff7ae.v17.npz,faacea13c139a63d84de07b02f79644c468f6781f72ff320130e1076e99da812,,1.0,0.5,1.0,0.5,HEAR,HEAR|HELLO|FATHER|GOODBYE|LISTEN,0.04047892615199089,FATHER,FATHER|HEAR|HELLO|WHY|KNOW,0.510868489742279,tier_b_dual_top5_one_top1
FEEL,FEEL,C_02_001,canonical_and_pinned_raw_text_equal,local_hex_unknown_session,data/raw_videos/ASL VIDEOS/FEEL/51fb409a.mp4,data/local/ASL_hand_crops_av/FEEL_51fb409a.jpg,640,480,66,30.0,2.2,47.501220703125,0.08709716796875,480.7200622558594,0.8380689570087698,0.1933106780052185,12,False,data/local/local_citizen100_quality_audit_q82_cap14_exact/landmarks/FEEL/51fb409a.v17.npz,3d2ce474b2a550db09d81dc68a32f390d1c9ef02ee2b512c143c36f6efb36616,,0.9622641509433962,0.52294921875,0.90625,0.015625,WAIT,WAIT|FEEL|GOOD|WEEK|THANKYOU,0.1744316816329956,FEEL,FEEL|HELP|GOOD|GIVE|TELL,0.37528130412101746,tier_b_dual_top5_one_top1
FEEL,FEEL,C_02_001,canonical_and_pinned_raw_text_equal,local_hex_unknown_session,data/raw_videos/ASL VIDEOS/FEEL/7e3e44c7.mp4,data/local/ASL_hand_crops_av/FEEL_7e3e44c7.jpg,640,480,55,30.0,1.8333333333333333,85.111572265625,0.0001220703125,312.9763488769531,0.924237308216146,0.1770535707473755,11,False,data/local/local_citizen100_quality_audit_q82_cap14_exact/landmarks/FEEL/7e3e44c7.v17.npz,30fc3ff3560f538003b99ab564ce34ef3a88198e64cd9c708cd7c67488913984,,0.9347826086956522,0.46044921875,0.71875,0.015625,GIVE,GIVE|FEEL|THEY|WHAT|LIKE,0.12168091535568237,FEEL,FEEL|GIVE|LIKE|TELL|WHAT,0.25999632477760315,tier_b_dual_top5_one_top1
FEEL,FEEL,C_02_001,canonical_and_pinned_raw_text_equal,local_hex_unknown_session,data/raw_videos/ASL VIDEOS/FEEL/22368f5e.mp4,data/local/ASL_hand_crops_av/FEEL_22368f5e.jpg,640,480,65,30.0,2.1666666666666665,68.52227783203125,0.12200927734375,389.128173828125,0.8653651276296497,0.36790651082992554,5,False,data/local/local_citizen100_quality_audit_q82_cap14_exact/landmarks/FEEL/22368f5e.v17.npz,1fab4b3873aeedf7afb7510a940b8a5114f6a52907d4597ade1491914890e953,,0.8571428571428571,0.4375,1.0,0.265625,GIVE,GIVE|TELL|THEY|FEEL|HE,0.09988047927618027,FEEL,FEEL|LIKE|PLEASE|HUNGRY|TELL,0.4594782888889313,tier_b_dual_top5_one_top1
FEEL,FEEL,C_02_001,canonical_and_pinned_raw_text_equal,local_hex_unknown_session,data/raw_videos/ASL VIDEOS/FEEL/dcb8fd03.mp4,data/local/ASL_hand_crops_av/FEEL_dcb8fd03.jpg,640,480,60,30.0,2.0,64.57745361328125,0.00701904296875,469.9551696777344,0.8958521992870914,0.2273431420326233,8,False,data/local/local_citizen100_quality_audit_q82_cap14_exact/landmarks/FEEL/dcb8fd03.v17.npz,5fdd508732f0b7d0845c776806d845213a8d0d248e3f4e61ef469be0cfc64678,,0.9615384615384616,0.484375,0.9375,0.0390625,WAIT,WAIT|EXCITED|FEEL|GOOD|LIKE,0.09411292523145676,FEEL,FEEL|LIKE|HOT|GOOD|SEE,0.35626351833343506,tier_b_dual_top5_one_top1
FRIEND,FRIEND,D_03_010,canonical_and_pinned_raw_text_equal,local_hex_unknown_session,data/raw_videos/ASL VIDEOS/FRIEND/ab6886ef.mp4,data/local/ASL_hand_crops_av/FRIEND_ab6886ef.jpg,640,480,35,30.0,1.1666666666666667,88.65997314453125,0.0,164.6389923095703,0.8870283501547107,0.25214600563049316,8,False,data/local/local_citizen100_quality_audit_q82_cap14_exact/landmarks/FRIEND/ab6886ef.v17.npz,470ab04918136a4c304e459866fe3440601232e259859388023311adcf0d713e,,0.8666666666666667,0.82275390625,0.84375,0.7734375,WHEN,WHEN|FRIEND|SIGN|TIME|MAKE,0.39064380526542664,FRIEND,FRIEND|WHEN|SIGN|TIME|WEEK,0.4841940701007843,tier_b_dual_top5_one_top1
FRIEND,FRIEND,D_03_010,canonical_and_pinned_raw_text_equal,local_hex_unknown_session,data/raw_videos/ASL VIDEOS/FRIEND/c45f8383.mp4,data/local/ASL_hand_crops_av/FRIEND_c45f8383.jpg,640,480,27,30.0,0.9,114.29705810546875,0.0213623046875,2182.372314453125,0.9615509295047304,0.45051783323287964,2,False,data/local/local_citizen100_quality_audit_q82_cap14_exact/landmarks/FRIEND/c45f8383.v17.npz,04934e94bad9eca32c59d877c661d080c9933359fc2fb64da0d9066cd23f8248,,1.0,1.0,0.9375,0.9375,WHEN,WHEN|FRIEND|SIGN|NAME|GO,0.36085230112075806,FRIEND,FRIEND|SIGN|WHEN|UNDERSTAND|DAY,0.7517073154449463,tier_b_dual_top5_one_top1
FRIEND,FRIEND,D_03_010,canonical_and_pinned_raw_text_equal,local_numbered_single_session,data/raw_videos/ASL VIDEOS/FRIEND/FRIEND_18.mp4,data/local/ASL_hand_crops_av/FRIEND_FRIEND_18.jpg,640,480,82,30.0,2.7333333333333334,137.50335693359375,0.0,7289.728515625,0.9320537150276998,0.43140900135040283,4,False,data/local/local_citizen100_quality_audit_q82_cap14_exact/landmarks/FRIEND/FRIEND_18.v17.npz,bf740f01f8f0628a0bc2d3490a7fb1cbedfb42a89a9eb109701bece05d7a6277,,0.9375,0.91943359375,0.875,0.875,WHEN,WHEN|FRIEND|SIGN|TIME|GO,0.2831117808818817,FRIEND,FRIEND|SIGN|WHEN|TIME|TALK,0.7512794137001038,tier_b_dual_top5_one_top1
FRIEND,FRIEND,D_03_010,canonical_and_pinned_raw_text_equal,local_hex_unknown_session,data/raw_videos/ASL VIDEOS/FRIEND/765d5d8d.mp4,data/local/ASL_hand_crops_av/FRIEND_765d5d8d.jpg,640,480,29,30.0,0.9666666666666667,136.1922607421875,0.00775146484375,1389.249755859375,0.972935652076795,0.213520348072052,9,False,data/local/local_citizen100_quality_audit_q82_cap14_exact/landmarks/FRIEND/765d5d8d.v17.npz,329b13455bdbfc0c0397bc30eee7c5bb37a62a4d8e20a803a37326fb0791e99a,,0.8260869565217391,0.796875,0.75,0.0234375,FRIEND,FRIEND|ANSWER|WORK|MAKE|WEEK,0.46716296672821045,ANSWER,ANSWER|FRIEND|WHEN|WHAT|GO,0.18320885300636292,tier_b_dual_top5_one_top1
FRIEND,FRIEND,D_03_010,canonical_and_pinned_raw_text_equal,local_hex_unknown_session,data/raw_videos/ASL VIDEOS/FRIEND/6aa97372.mp4,data/local/ASL_hand_crops_av/FRIEND_6aa97372.jpg,640,480,41,30.0,1.3666666666666667,55.86737060546875,0.18511962890625,768.2340087890625,0.8611271930170458,0.45306098461151123,3,False,data/local/local_citizen100_quality_audit_q82_cap14_exact/landmarks/FRIEND/6aa97372.v17.npz,131daade6d4e6b84e0af9d8c590be6555369437bb565c176aeb596a2e262c54c,,0.84375,0.76806640625,0.78125,0.78125,WHEN,WHEN|HOW|ANSWER|FRIEND|UNDERSTAND,0.08031110465526581,FRIEND,FRIEND|WHEN|UNDERSTAND|WEEK|SMALL,0.3056051731109619,tier_b_dual_top5_one_top1
GIVE,GIVE,F_01_023,canonical_and_pinned_raw_text_equal,local_hex_unknown_session,data/raw_videos/ASL VIDEOS/GIVE/34ef8e27.mp4,data/local/ASL_hand_crops_av/GIVE_34ef8e27.jpg,640,480,25,30.0,0.8333333333333334,74.73681640625,0.0,172.26466369628906,0.8396054679733356,0.2371518611907959,6,False,data/local/local_citizen100_quality_audit_q82_cap14_exact/landmarks/GIVE/34ef8e27.v17.npz,6b0e58f516351f90c0f29dc4877bf6e3753320f1e6c06d856f8a0a2c0ee3e4c5,,1.0,0.5,1.0,1.0,GIVE,GIVE|MAYBE|CHILD|WHY|THEY,0.3172503113746643,COME,COME|GIVE|BAD|OUR|MORNING,0.18270468711853027,tier_b_dual_top5_one_top1
GIVE,GIVE,F_01_023,canonical_and_pinned_raw_text_equal,local_hex_unknown_session,data/raw_videos/ASL VIDEOS/GIVE/76ffe842.mp4,data/local/ASL_hand_crops_av/GIVE_76ffe842.jpg,640,480,37,30.0,1.2333333333333334,48.61541748046875,0.273193359375,2290.928466796875,0.8322571437158994,0.4122835397720337,3,False,data/local/local_citizen100_quality_audit_q82_cap14_exact/landmarks/GIVE/76ffe842.v17.npz,f44acd96da02c8be12b6d56fc46f6504d1ef84fcda1ea9e1a4b0a34cf427ccbb,,1.0,0.496337890625,0.875,0.765625,THEY,THEY|MAYBE|GIVE|CHILD|WHY,0.13010179996490479,GIVE,GIVE|THEY|LIKE|FIND|YES,0.7192408442497253,tier_b_dual_top5_one_top1
GIVE,GIVE,F_01_023,canonical_and_pinned_raw_text_equal,local_hex_unknown_session,data/raw_videos/ASL VIDEOS/GIVE/47568804.mp4,data/local/ASL_hand_crops_av/GIVE_47568804.jpg,640,480,33,30.0,1.1,60.6136474609375,0.1944580078125,2444.54443359375,0.8569106873178128,0.11793005466461182,12,False,data/local/local_citizen100_quality_audit_q82_cap14_exact/landmarks/GIVE/47568804.v17.npz,090643cb2887b410686e8ac0d29794805013963cc7157440794cd1f9a1a4e55a,,0.9696969696969697,0.5,1.0,0.8203125,CHILD,CHILD|FEEL|MAYBE|GIVE|COME,0.07582803815603256,GIVE,GIVE|COME|WE|OUR|HUNGRY,0.2690387964248657,tier_b_dual_top5_one_top1
GO,GO,C_03_056,canonical_and_pinned_raw_text_equal,local_hex_unknown_session,data/raw_videos/ASL VIDEOS/GO/b81f3217.mp4,data/local/ASL_hand_crops_av/GO_b81f3217.jpg,640,480,27,30.0,0.9,138.73187255859375,0.0213623046875,4994.1875,0.9634862314062149,0.15953660011291504,10,False,data/local/local_citizen100_quality_audit_q82_cap14_exact/landmarks/GO/b81f3217.v17.npz,e8fff7e3a04eed8dc8b3364de3d37018772077a8e5304df3445ab4773a5e8488,,0.8095238095238095,0.74462890625,0.8125,0.0,GO,GO|BIG|DIFFERENT|READY|COLD,0.2652372419834137,BIG,BIG|GO|LANGUAGE|LOVE|HE,0.25920242071151733,tier_b_dual_top5_one_top1
GO,GO,C_03_056,canonical_and_pinned_raw_text_equal,local_hex_unknown_session,data/raw_videos/ASL VIDEOS/GO/16b9209a.mp4,data/local/ASL_hand_crops_av/GO_16b9209a.jpg,640,480,31,30.0,1.0333333333333334,58.64471435546875,0.22918701171875,575.560791015625,0.8442173546428694,0.437538743019104,3,False,data/local/local_citizen100_quality_audit_q82_cap14_exact/landmarks/GO/16b9209a.v17.npz,e74eeeea1d981319415808fe085fda098edd35a625aea61f5c6a98900600f8ab,,0.88,0.75830078125,0.6875,0.0625,ANSWER,ANSWER|DIFFERENT|WHEN|GO|YOU,0.1186688095331192,GO,GO|ANSWER|LANGUAGE|WHEN|ASK,0.5744670033454895,tier_b_dual_top5_one_top1
GO,GO,C_03_056,canonical_and_pinned_raw_text_equal,local_hex_unknown_session,data/raw_videos/ASL VIDEOS/GO/c2c34780.mp4,data/local/ASL_hand_crops_av/GO_c2c34780.jpg,640,480,27,30.0,0.9,133.78515625,0.00775146484375,5218.20068359375,0.9690731372878825,0.32268261909484863,5,False,data/local/local_citizen100_quality_audit_q82_cap14_exact/landmarks/GO/c2c34780.v17.npz,dbc551ab83b2ba19e838a3b103fbc48666a84d2bfb8ac40736de6c7548c3ccae,,0.8181818181818182,0.77294921875,0.78125,0.0,ANSWER,ANSWER|GO|WHEN|DIFFERENT|BIG,0.10950416326522827,GO,GO|BIG|ANSWER|DIFFERENT|ASK,0.811832845211029,tier_b_dual_top5_one_top1
GO,GO,C_03_056,canonical_and_pinned_raw_text_equal,local_hex_unknown_session,data/raw_videos/ASL VIDEOS/GO/e1be8c5c.mp4,data/local/ASL_hand_crops_av/GO_e1be8c5c.jpg,640,480,46,30.0,1.5333333333333334,55.5933837890625,0.1925048828125,1738.638671875,0.8626517629370085,0.2347671389579773,6,False,data/local/local_citizen100_quality_audit_q82_cap14_exact/landmarks/GO/e1be8c5c.v17.npz,a26068933a10d2f1065e2df2f3d7f7ba57c7a393f0f4a89dff68409daea751da,,0.8888888888888888,0.8134765625,0.90625,0.03125,ANSWER,ANSWER|WHEN|GO|FRIEND|MORE,0.043494176119565964,GO,GO|ANSWER|DIFFERENT|SIGN|BIG,0.8729684352874756,tier_b_dual_top5_one_top1
GO,GO,C_03_056,canonical_and_pinned_raw_text_equal,local_hex_unknown_session,data/raw_videos/ASL VIDEOS/GO/9dac7e54.mp4,data/local/ASL_hand_crops_av/GO_9dac7e54.jpg,640,480,21,30.0,0.7,136.66900634765625,0.0064697265625,4813.42822265625,0.9520830172261237,0.16300344467163086,9,False,data/local/local_citizen100_quality_audit_q82_cap14_exact/landmarks/GO/9dac7e54.v17.npz,0ddd1a7d39f1f3807807f3f6d0a78900369539bc8daf5d7b8ffbfd44273b1121,,0.9,0.81689453125,0.84375,0.0,DIFFERENT,DIFFERENT|WHEN|ANSWER|GO|UNDERSTAND,0.03564673289656639,GO,GO|LANGUAGE|DIFFERENT|BIG|ASK,0.29528552293777466,tier_b_dual_top5_one_top1
GO,GO,C_03_056,canonical_and_pinned_raw_text_equal,local_hex_unknown_session,data/raw_videos/ASL VIDEOS/GO/5589cf6f.mp4,data/local/ASL_hand_crops_av/GO_5589cf6f.jpg,640,480,35,30.0,1.1666666666666667,53.40130615234375,0.21990966796875,796.4327392578125,0.8440051423433652,0.14346063137054443,13,False,data/local/local_citizen100_quality_audit_q82_cap14_exact/landmarks/GO/5589cf6f.v17.npz,8aa2d0eec10fcffed053bf77f165234a3b47103ef566dc56b7e86cae96d6eef1,,0.9,0.7431640625,0.84375,0.703125,ANSWER,ANSWER|WHEN|DIFFERENT|BIG|GO,0.03051440604031086,GO,GO|ANSWER|ASK|LANGUAGE|DIFFERENT,0.7613930702209473,tier_b_dual_top5_one_top1
GOOD,GOOD,B_01_052,canonical_and_pinned_raw_text_equal,local_hex_unknown_session,data/raw_videos/ASL VIDEOS/GOOD/eef19ff2.mp4,data/local/ASL_hand_crops_av/GOOD_eef19ff2.jpg,640,480,29,30.0,0.9666666666666667,79.50531005859375,0.0,207.32102966308594,0.8699570530157578,0.1477653980255127,6,False,data/local/local_citizen100_quality_audit_q82_cap14_exact/landmarks/GOOD/eef19ff2.v17.npz,27b2d38a2a29d37aa3f9521a3d4071a2930eba59a0baaafdb96fbdcfe3bdb29c,,0.9655172413793104,0.8349609375,0.875,0.875,GOOD,GOOD|SCHOOL|MORNING|EASY|STOP,0.3128889501094818,BAD,BAD|GOOD|STOP|TALK|SCHOOL,0.228445366024971,tier_b_dual_top5_one_top1
GOOD,GOOD,B_01_052,canonical_and_pinned_raw_text_equal,local_hex_unknown_session,data/raw_videos/ASL VIDEOS/GOOD/f7c56736.mp4,data/local/ASL_hand_crops_av/GOOD_f7c56736.jpg,640,480,46,30.0,1.5333333333333334,36.83270263671875,0.15533447265625,425.7469482421875,0.8247691757517712,0.3734973669052124,3,False,data/local/local_citizen100_quality_audit_q82_cap14_exact/landmarks/GOOD/f7c56736.v17.npz,d40df29b5c880c02db8cc4457224f0f208d9363b6e523465ac59aa0d5bd46d23,,0.9782608695652174,0.6318359375,0.875,0.046875,GOOD,GOOD|THANKYOU|EASY|STOP|MY,0.2688852846622467,STOP,STOP|GOOD|EASY|THANKYOU|GIVE,0.22796517610549927,tier_b_dual_top5_one_top1
HAPPY,HAPPY,C_03_078,canonical_and_pinned_raw_text_equal,local_hex_unknown_session,data/raw_videos/ASL VIDEOS/HAPPY/34a08bb2.mp4,data/local/ASL_hand_crops_av/HAPPY_34a08bb2.jpg,640,480,35,30.0,1.1666666666666667,54.06060791015625,0.16259765625,995.98291015625,0.8529717952320259,0.12762665748596191,7,False,data/local/local_citizen100_quality_audit_q82_cap14_exact/landmarks/HAPPY/34a08bb2.v17.npz,0335a5d5e202f7e7a9fa13eda73cd78dda4cd42399c845eb56f8ebb6b02d8ed4,,0.9428571428571428,0.494140625,0.9375,0.8828125,MAYBE,MAYBE|HAPPY|GIVE|GOOD|WHY,0.06822901964187622,HAPPY,HAPPY|BAD|GIVE|FEEL|MAYBE,0.35248661041259766,tier_b_dual_top5_one_top1
HAPPY,HAPPY,C_03_078,canonical_and_pinned_raw_text_equal,local_hex_unknown_session,data/raw_videos/ASL VIDEOS/HAPPY/04b9bbfb.mp4,data/local/ASL_hand_crops_av/HAPPY_04b9bbfb.jpg,640,480,33,30.0,1.1,56.8792724609375,0.09735107421875,2153.01318359375,0.8639891934847362,0.3127906322479248,3,False,data/local/local_citizen100_quality_audit_q82_cap14_exact/landmarks/HAPPY/04b9bbfb.v17.npz,4c57635d01ad89837f01f171eb203b3d84de8fd95372ec57c04dbc4a9bb2f0aa,,0.9047619047619048,0.88037109375,0.8125,0.625,EXCITED,EXCITED|EASY|HAPPY|ANGRY|WAIT,0.06797488033771515,HAPPY,HAPPY|EXCITED|EASY|ANGRY|WHY,0.6102661490440369,tier_b_dual_top5_one_top1
HELLO,HELLO,D_02_055,canonical_and_pinned_raw_text_equal,local_hex_unknown_session,data/raw_videos/ASL VIDEOS/HELLO/48018880.mp4,data/local/ASL_hand_crops_av/HELLO_48018880.jpg,640,480,46,30.0,1.5333333333333334,65.46075439453125,0.0977783203125,279.3222961425781,0.8632661956402707,0.30292201042175293,3,False,data/local/local_citizen100_quality_audit_q82_cap14_exact/landmarks/HELLO/48018880.v17.npz,dd7cf294f714c8d8d08a6c0dc7931b7765ddd829047602f8a35d14034c2b48e0,,0.9487179487179487,0.46875,0.84375,0.6953125,WHY,WHY|HELLO|GOODBYE|CHILD|FIND,0.200198233127594,HELLO,HELLO|WHY|MOTHER|HOT|WHAT,0.9081135392189026,tier_b_dual_top5_one_top1
HELLO,HELLO,D_02_055,canonical_and_pinned_raw_text_equal,local_hex_unknown_session,data/raw_videos/ASL VIDEOS/HELLO/05bde8c1.mp4,data/local/ASL_hand_crops_av/HELLO_05bde8c1.jpg,640,480,16,30.0,0.5333333333333333,113.09429931640625,0.0,142.94961547851562,0.864478798942549,0.13789057731628418,9,False,data/local/local_citizen100_quality_audit_q82_cap14_exact/landmarks/HELLO/05bde8c1.v17.npz,0fcaf90410f0d93e1833d8e52903a40800ec3f452fc7efdacf1716acc0ae55b3,,1.0,0.5,0.5625,0.4375,YOUR,YOUR|GOODBYE|HELLO|MOTHER|TALK,0.1463593691587448,HELLO,HELLO|MOTHER|YOUR|BAD|TALK,0.6367619633674622,tier_b_dual_top5_one_top1
HELLO,HELLO,D_02_055,canonical_and_pinned_raw_text_equal,local_hex_unknown_session,data/raw_videos/ASL VIDEOS/HELLO/3f54b470.mp4,data/local/ASL_hand_crops_av/HELLO_3f54b470.jpg,640,480,44,30.0,1.4666666666666666,68.81292724609375,0.0604248046875,1244.084228515625,0.9082355768764926,,1,False,data/local/local_citizen100_quality_audit_q82_cap14_exact/landmarks/HELLO/3f54b470.v17.npz,2ad3691ec96c819cf4c66d1d9a41c3e16c03519cf16aae970fc5b89074334813,,1.0,0.5,0.9375,0.9375,WHY,WHY|HELLO|GOODBYE|MAYBE|CHILD,0.11850189417600632,HELLO,HELLO|WHY|THEY|WHAT|HOT,0.49252140522003174,tier_b_dual_top5_one_top1
HELP,HELP,D_01_042,canonical_and_pinned_raw_text_equal,local_hex_unknown_session,data/raw_videos/ASL VIDEOS/HELP/ee094570.mp4,data/local/ASL_hand_crops_av/HELP_ee094570.jpg,640,480,46,30.0,1.5333333333333334,81.6358642578125,0.10528564453125,1118.5096435546875,0.9259970292524009,0.5745578706264496,3,False,data/local/local_citizen100_quality_audit_q82_cap14_exact/landmarks/HELP/ee094570.v17.npz,a15ee9409d35bed33a574b17ac4ea477b72eb3b0701fdbeeaad6643e24f520ba,,0.8857142857142857,0.7099609375,0.71875,0.71875,HELP,HELP|LEARN|EASY|SCHOOL|HOW,0.2655431032180786,STOP,STOP|HELP|LEARN|GOOD|HAPPY,0.24627430737018585,tier_b_dual_top5_one_top1
HELP,HELP,D_01_042,canonical_and_pinned_raw_text_equal,local_hex_unknown_session,data/raw_videos/ASL VIDEOS/HELP/5f97a288.mp4,data/local/ASL_hand_crops_av/HELP_5f97a288.jpg,640,480,26,30.0,0.8666666666666667,128.88104248046875,0.01409912109375,2168.7431640625,0.9658665216949482,0.3240501880645752,6,False,data/local/local_citizen100_quality_audit_q82_cap14_exact/landmarks/HELP/5f97a288.v17.npz,b780e7e8f83d71ffde0eaf4e50dcc8304d89f8d9815746a8e914bd6b3f2de6c2,,0.8695652173913043,0.69873046875,0.75,0.5625,YEAR,YEAR|HELP|LOVE|WEEK|SCHOOL,0.12432271242141724,HELP,HELP|SCHOOL|WEEK|MAKE|WRITE,0.18318898975849152,tier_b_dual_top5_one_top1
HELP,HELP,D_01_042,canonical_and_pinned_raw_text_equal,local_hex_unknown_session,data/raw_videos/ASL VIDEOS/HELP/a312d501.mp4,data/local/ASL_hand_crops_av/HELP_a312d501.jpg,640,480,39,30.0,1.3,55.51873779296875,0.26678466796875,1099.8675537109375,0.846936194342608,0.18926775455474854,13,False,data/local/local_citizen100_quality_audit_q82_cap14_exact/landmarks/HELP/a312d501.v17.npz,28be6b7115b44154332117a3b1e01e9501f40cb9b13c1e6804b0b0aa10454157,,0.9393939393939394,0.89306640625,0.75,0.15625,LEARN,LEARN|HELP|YEAR|WRITE|DRINK,0.12060578167438507,HELP,HELP|LEARN|YEAR|WRITE|MORNING,0.3220302164554596,tier_b_dual_top5_one_top1
HELP,HELP,D_01_042,canonical_and_pinned_raw_text_equal,local_hex_unknown_session,data/raw_videos/ASL VIDEOS/HELP/36192561.mp4,data/local/ASL_hand_crops_av/HELP_36192561.jpg,640,480,67,30.0,2.2333333333333334,88.62615966796875,0.0,485.0506591796875,0.9355472826970289,0.27081942558288574,8,False,data/local/local_citizen100_quality_audit_q82_cap14_exact/landmarks/HELP/36192561.v17.npz,9cfd5fea4e20616326fd5f6e42b42eb05d376f5716394ef53204bbdb99ece9bb,,0.847457627118644,0.485107421875,0.96875,0.6484375,HELP,HELP|WRITE|SCHOOL|LESS|HOW,0.4027191400527954,TOMORROW,TOMORROW|SORRY|HELP|LOVE|HUNGRY,0.10915926098823547,tier_b_dual_top5_one_top1
HELP,HELP,D_01_042,canonical_and_pinned_raw_text_equal,local_hex_unknown_session,data/raw_videos/ASL VIDEOS/HELP/50bf577a.mp4,data/local/ASL_hand_crops_av/HELP_50bf577a.jpg,640,480,37,30.0,1.2333333333333334,98.90618896484375,0.0,141.86801147460938,0.898849613402245,0.3760775327682495,4,False,data/local/local_citizen100_quality_audit_q82_cap14_exact/landmarks/HELP/50bf577a.v17.npz,9a85354ca7fb25fb81440d5045d2ba25112499b93f275d0acd333e6ad0a1d96a,,0.972972972972973,0.87353515625,0.875,0.140625,COME,COME|TIRED|HELP|HOW|HAVE,0.07955069094896317,HELP,HELP|YEAR|COME|DAY|HUNGRY,0.2804524898529053,tier_b_dual_top5_one_top1
HOT,HOT,F_02_093,canonical_and_pinned_raw_text_equal,local_hex_unknown_session,data/raw_videos/ASL VIDEOS/HOT/29978b8a.mp4,data/local/ASL_hand_crops_av/HOT_29978b8a.jpg,640,480,31,30.0,1.0333333333333334,73.7764892578125,0.0,135.2953643798828,0.8383280433400807,0.1674213409423828,8,False,data/local/local_citizen100_quality_audit_q82_cap14_exact/landmarks/HOT/29978b8a.v17.npz,c3063fcf34d4125cc916f7a728a7b755f0764f8c3c8492a2d7f4dec2fd6ca190,,1.0,0.5,0.8125,0.8125,HOT,HOT|BAD|DRINK|THANKYOU|EAT,0.8630005717277527,EAT,EAT|HOT|THANKYOU|MOTHER|GOOD,0.1684797704219818,tier_b_dual_top5_one_top1
HOT,HOT,F_02_093,canonical_and_pinned_raw_text_equal,local_hex_unknown_session,data/raw_videos/ASL VIDEOS/HOT/018ab8ba.mp4,data/local/ASL_hand_crops_av/HOT_018ab8ba.jpg,640,480,26,30.0,0.8666666666666667,63.897705078125,0.08203125,1443.07421875,0.8649693283736606,0.10883885622024536,12,False,data/local/local_citizen100_quality_audit_q82_cap14_exact/landmarks/HOT/018ab8ba.v17.npz,22e7da2bdeb0713d487222305c46b9ca4c4513f158225cc08e77fde4eb24f53f,,1.0,0.6474609375,0.96875,0.96875,LEARN,LEARN|HOT|GIVE|BAD|MORNING,0.11679809540510178,HOT,HOT|SICK|SEE|WHAT|GOOD,0.3368254005908966,tier_b_dual_top5_one_top1
HOT,HOT,F_02_093,canonical_and_pinned_raw_text_equal,local_hex_unknown_session,data/raw_videos/ASL VIDEOS/HOT/ef29e834.mp4,data/local/ASL_hand_crops_av/HOT_ef29e834.jpg,640,480,28,30.0,0.9333333333333333,76.16595458984375,0.0,111.15658569335938,0.8257281504822579,0.11951982975006104,11,False,data/local/local_citizen100_quality_audit_q82_cap14_exact/landmarks/HOT/ef29e834.v17.npz,2e56ccab648dfe5694c011c3a744071a62c94d00e72a2ed8c1f5ae84cc976e20,,1.0,0.5,0.90625,0.828125,HOT,HOT|THANKYOU|EAT|BAD|DRINK,0.7393226027488708,EAT,EAT|HOT|THANKYOU|TELL|MOTHER,0.039545901119709015,tier_b_dual_top5_one_top1
IMPORTANT,IMPORTANT,B_01_081,canonical_and_pinned_raw_text_equal,local_hex_unknown_session,data/raw_videos/ASL VIDEOS/IMPORTANT/38353e84.mp4,data/local/ASL_hand_crops_av/IMPORTANT_38353e84.jpg,640,480,42,30.0,1.4,62.1573486328125,0.08575439453125,1694.99267578125,0.888925046881005,0.3215025067329407,4,False,data/local/local_citizen100_quality_audit_q82_cap14_exact/landmarks/IMPORTANT/38353e84.v17.npz,0465a46610bd530856f922af46f61a543ea52c05aac46e394efa5e30468969e3,,0.9761904761904762,0.80859375,0.96875,0.921875,IMPORTANT,IMPORTANT|FIND|FAMILY|ANSWER|LEARN,0.678301990032196,FAMILY,FAMILY|IMPORTANT|FIND|ANSWER|LEARN,0.27881917357444763,tier_b_dual_top5_one_top1
KNOW,KNOW,C_01_048,canonical_and_pinned_raw_text_equal,local_hex_unknown_session,data/raw_videos/ASL VIDEOS/KNOW/82b43a7f.mp4,data/local/ASL_hand_crops_av/KNOW_82b43a7f.jpg,640,480,17,30.0,0.5666666666666667,134.868408203125,0.02154541015625,4390.30615234375,0.9371862270828629,0.29923152923583984,7,False,data/local/local_citizen100_quality_audit_q82_cap14_exact/landmarks/KNOW/82b43a7f.v17.npz,750020b58cceeeafdf6fb1bcdcc2bb8f664837c012564e50bf6575e0c5b482b9,,1.0,0.5,1.0,0.0,HOME,HOME|KNOW|WHY|HELLO|DOCTOR,0.20222751796245575,KNOW,KNOW|HOME|WHY|HEAR|MORNING,0.9555357098579407,tier_b_dual_top5_one_top1
KNOW,KNOW,C_01_048,canonical_and_pinned_raw_text_equal,local_numbered_single_session,data/raw_videos/ASL VIDEOS/KNOW/KNOW_14.mp4,data/local/ASL_hand_crops_av/KNOW_KNOW_14.jpg,640,480,43,30.0,1.4333333333333333,167.8487548828125,0.0,3326.3037109375,0.9579582225594083,0.5240767896175385,2,False,data/local/local_citizen100_quality_audit_q82_cap14_exact/landmarks/KNOW/KNOW_14.v17.npz,44eebfdbe56b827f6285e1e8d116cc006b63fa39d98d7006ff4b6811148d828c,,1.0,0.5,0.9375,0.0,HOME,HOME|KNOW|WHY|DOCTOR|MORE,0.16490018367767334,KNOW,KNOW|WHY|HOME|HEAR|HELLO,0.878938615322113,tier_b_dual_top5_one_top1
KNOW,KNOW,C_01_048,canonical_and_pinned_raw_text_equal,local_hex_unknown_session,data/raw_videos/ASL VIDEOS/KNOW/3c947718.mp4,data/local/ASL_hand_crops_av/KNOW_3c947718.jpg,640,480,29,30.0,0.9666666666666667,136.31280517578125,0.0,150.98623657226562,0.9076479396602245,0.1533706784248352,13,False,data/local/local_citizen100_quality_audit_q82_cap14_exact/landmarks/KNOW/3c947718.v17.npz,7ef1d60b6da5cac90f350ea1b0dbc5ad025052bdece9d29a370bb7be461ec362,,0.8571428571428571,0.4345703125,0.65625,0.4921875,KNOW,KNOW|HOME|WHY|EAT|THINK,0.47117799520492554,WHY,WHY|KNOW|HOME|SICK|MORNING,0.15526466071605682,tier_b_dual_top5_one_top1
KNOW,KNOW,C_01_048,canonical_and_pinned_raw_text_equal,local_hex_unknown_session,data/raw_videos/ASL VIDEOS/KNOW/6e2dc6e8.mp4,data/local/ASL_hand_crops_av/KNOW_6e2dc6e8.jpg,640,480,60,30.0,2.0,82.24261474609375,0.0,506.82037353515625,0.9386012428570147,0.17363691329956055,11,False,data/local/local_citizen100_quality_audit_q82_cap14_exact/landmarks/KNOW/6e2dc6e8.v17.npz,57e6eb473ab7cc8a149438c335514f42cafcd0cf7b94da379ba46354767c101b,,1.0,0.45751953125,0.9375,0.421875,KNOW,KNOW|WHY|HOME|LISTEN|SLEEP,0.15031561255455017,WHY,WHY|HELLO|KNOW|LISTEN|HEAR,0.10252542048692703,tier_b_dual_top5_one_top1
LANGUAGE,LANGUAGE,A_01_067,canonical_and_pinned_raw_text_equal,local_hex_unknown_session,data/raw_videos/ASL VIDEOS/LANGUAGE/59406a55.mp4,data/local/ASL_hand_crops_av/LANGUAGE_59406a55.jpg,640,480,45,30.0,1.5,78.71868896484375,0.06817626953125,2107.65234375,0.9273771754008242,0.4628816246986389,3,False,data/local/local_citizen100_quality_audit_q82_cap14_exact/landmarks/LANGUAGE/59406a55.v17.npz,9e31efbd542b9837d5ae7dbdb1daa847863e5c932ba50d1fee633314454c19bd,,1.0,1.0,0.90625,0.90625,LANGUAGE,LANGUAGE|DIFFERENT|TIME|WHEN|WEEK,0.3598884046077728,WHEN,WHEN|LANGUAGE|DIFFERENT|THEY|TIME,0.2918402850627899,tier_b_dual_top5_one_top1
LANGUAGE,LANGUAGE,A_01_067,canonical_and_pinned_raw_text_equal,local_numbered_single_session,data/raw_videos/ASL VIDEOS/LANGUAGE/LANGUAGE_2.mp4,data/local/ASL_hand_crops_av/LANGUAGE_LANGUAGE_2.jpg,640,480,74,30.0,2.466666666666667,86.90863037109375,0.0,4720.7626953125,0.915959037090918,0.44526684284210205,4,False,data/local/local_citizen100_quality_audit_q82_cap14_exact/landmarks/LANGUAGE/LANGUAGE_2.v17.npz,adbc674d23de41b148ee4d755c5a47ffab4e7cc8bc27c52cc999647112472213,,0.8666666666666667,0.81982421875,0.8125,0.7734375,DIFFERENT,DIFFERENT|LANGUAGE|GO|WHERE|YOU,0.15351998805999756,LANGUAGE,LANGUAGE|DIFFERENT|GO|HE|YOUR,0.6664322018623352,tier_b_dual_top5_one_top1
LEARN,LEARN,B_01_042,canonical_and_pinned_raw_text_equal,local_hex_unknown_session,data/raw_videos/ASL VIDEOS/LEARN/d5d19e67.mp4,data/local/ASL_hand_crops_av/LEARN_d5d19e67.jpg,640,480,35,30.0,1.1666666666666667,142.57952880859375,0.03167724609375,5180.0009765625,0.9751839413512913,0.20320510864257812,9,False,data/local/local_citizen100_quality_audit_q82_cap14_exact/landmarks/LEARN/d5d19e67.v17.npz,b98066fb51a0a8cf9c33362589ea0fb463f7b6e0b2fa749c9ca3b722139f384f,,0.84,0.875,0.6875,0.6015625,LESS,LESS|LEARN|MORE|HOW|DAY,0.21978998184204102,LEARN,LEARN|LESS|MORE|HAPPY|DOCTOR,0.46908071637153625,tier_b_dual_top5_one_top1
LEARN,LEARN,B_01_042,canonical_and_pinned_raw_text_equal,local_numbered_single_session,data/raw_videos/ASL VIDEOS/LEARN/LEARN_25.mp4,data/local/ASL_hand_crops_av/LEARN_LEARN_25.jpg,640,480,107,30.0,3.566666666666667,132.3275146484375,0.0,4349.96435546875,0.8600977682428124,0.28571999073028564,6,False,data/local/local_citizen100_quality_audit_q82_cap14_exact/landmarks/LEARN/LEARN_25.v17.npz,b2cf245a0c8f1b30a1758c42ea975d60999cefcc93af873ade4c21964b9c4c01,,0.9518072289156626,0.88818359375,0.875,0.828125,LESS,LESS|MORE|LEARN|DAY|HOW,0.21322742104530334,LEARN,LEARN|LESS|HOME|SICK|MORE,0.8399427533149719,tier_b_dual_top5_one_top1
LEARN,LEARN,B_01_042,canonical_and_pinned_raw_text_equal,local_hex_unknown_session,data/raw_videos/ASL VIDEOS/LEARN/2ed4e9ef.mp4,data/local/ASL_hand_crops_av/LEARN_2ed4e9ef.jpg,640,480,22,30.0,0.7333333333333333,126.3199462890625,0.0118408203125,3124.49609375,0.9555796176621923,0.21048259735107422,8,False,data/local/local_citizen100_quality_audit_q82_cap14_exact/landmarks/LEARN/2ed4e9ef.v17.npz,0d4f86b9e5fc63e3e4682d8873bbc0262a7021486d1a6da4b15a0a0844caf85b,,0.9545454545454546,0.890625,0.78125,0.046875,LESS,LESS|LEARN|MORNING|MORE|DAY,0.21248430013656616,LEARN,LEARN|LESS|NIGHT|HOME|DAY,0.8619861602783203,tier_b_dual_top5_one_top1
LEARN,LEARN,B_01_042,canonical_and_pinned_raw_text_equal,local_hex_unknown_session,data/raw_videos/ASL VIDEOS/LEARN/85a09218.mp4,data/local/ASL_hand_crops_av/LEARN_85a09218.jpg,640,480,34,30.0,1.1333333333333333,137.547119140625,0.02276611328125,3593.28271484375,0.9788522728659146,0.14688849449157715,14,False,data/local/local_citizen100_quality_audit_q82_cap14_exact/landmarks/LEARN/85a09218.v17.npz,43268e4d1e4c78af84959756924c2821cc4da6623af7f7e4aa256849883e3acf,,0.8620689655172413,0.7490234375,0.875,0.875,LESS,LESS|LEARN|MORNING|MORE|DAY,0.19305218756198883,LEARN,LEARN|LESS|DAY|HAPPY|HOME,0.7894177436828613,tier_b_dual_top5_one_top1
LESS,LESS,E_02_043,canonical_and_pinned_raw_text_equal,local_hex_unknown_session,data/raw_videos/ASL VIDEOS/LESS/ebd91c66.mp4,data/local/ASL_hand_crops_av/LESS_ebd91c66.jpg,640,480,33,30.0,1.1,88.95172119140625,0.140869140625,1444.6365966796875,0.91654335169058,0.157179594039917,8,False,data/local/local_citizen100_quality_audit_q82_cap14_exact/landmarks/LESS/ebd91c66.v17.npz,2f35f5f2ba9940485a47325d0c852fabbfcb58a2763e83f46118fc70d14981dd,,1.0,0.71142578125,1.0,0.328125,LESS,LESS|HOW|LEARN|MORNING|NIGHT,0.29401400685310364,EASY,EASY|HAPPY|BAD|LESS|MORNING,0.04390387982130051,tier_b_dual_top5_one_top1
LIKE,LIKE,F_03_063,canonical_and_pinned_raw_text_equal,local_hex_unknown_session,data/raw_videos/ASL VIDEOS/LIKE/0bf1c58e.mp4,data/local/ASL_hand_crops_av/LIKE_0bf1c58e.jpg,640,480,25,30.0,0.8333333333333334,107.5052490234375,0.0,145.92434692382812,0.8863859220204344,0.3355444669723511,6,False,data/local/local_citizen100_quality_audit_q82_cap14_exact/landmarks/LIKE/0bf1c58e.v17.npz,bf09c773b81fe75bc7fb5962742ef6ed2984a0ac20de4a276d858ec8581efe47,,1.0,0.499267578125,1.0,0.515625,FEEL,FEEL|LIKE|THEY|WEEK|EXCITED,0.37439683079719543,LIKE,LIKE|FEEL|PLEASE|MY|FATHER,0.8409776091575623,tier_b_dual_top5_one_top1
MAKE,MAKE,C_01_032,canonical_and_pinned_raw_text_equal,local_hex_unknown_session,data/raw_videos/ASL VIDEOS/MAKE/28ad1047.mp4,,640,480,31,30.0,1.0333333333333334,94.9312744140625,0.00079345703125,747.87255859375,0.9524244781053358,0.1147756576538086,11,False,data/local/local_citizen100_quality_audit_q82_cap14_exact/landmarks/MAKE/28ad1047.v17.npz,19bbcdb562ae3372b0c92ea46b74d7c2bafc460a6a23125fe9a0217a983839e2,,0.84,0.81640625,0.6875,0.4375,YEAR,YEAR|MAKE|TELL|NAME|SIGN,0.31615543365478516,MAKE,MAKE|YEAR|NAME|TELL|I,0.7586215734481812,tier_b_dual_top5_one_top1
MAKE,MAKE,C_01_032,canonical_and_pinned_raw_text_equal,local_hex_unknown_session,data/raw_videos/ASL VIDEOS/MAKE/439c407b.mp4,,640,480,48,30.0,1.6,49.27703857421875,0.28826904296875,481.8818054199219,0.8374696257439231,0.1327366828918457,14,False,data/local/local_citizen100_quality_audit_q82_cap14_exact/landmarks/MAKE/439c407b.v17.npz,110005b72899a84ec0480a3474c4636c9a588b1592c684235172d970be0502b1,,0.868421052631579,0.7783203125,0.65625,0.6015625,MAKE,MAKE|YEAR|LOVE|TELL|THEY,0.43800970911979675,YEAR,YEAR|MAKE|HOW|HELP|TELL,0.29066768288612366,tier_b_dual_top5_one_top1
MAKE,MAKE,C_01_032,canonical_and_pinned_raw_text_equal,local_hex_unknown_session,data/raw_videos/ASL VIDEOS/MAKE/e17800b6.mp4,,640,480,30,30.0,1.0,96.14404296875,0.0006103515625,626.8450927734375,0.952243477295452,0.180952250957489,6,False,data/local/local_citizen100_quality_audit_q82_cap14_exact/landmarks/MAKE/e17800b6.v17.npz,a3ac4ba8cb46ce79d4173d1773ec8c6e42264d09e0ff41d83ef8f0c0fada1c08,,0.8181818181818182,0.77978515625,0.78125,0.5859375,YEAR,YEAR|MAKE|HELP|LOVE|TELL,0.08072332292795181,MAKE,MAKE|YEAR|USE|GIVE|LOVE,0.4590432643890381,tier_b_dual_top5_one_top1
MAN,MAN,C_01_040,canonical_and_pinned_raw_text_equal,local_hex_unknown_session,data/raw_videos/ASL VIDEOS/MAN/8cac8b38.mp4,data/local/ASL_hand_crops_av/MAN_8cac8b38.jpg,640,480,38,30.0,1.2666666666666666,73.88873291015625,0.061279296875,1482.5299072265625,0.9129161747405503,0.08499693870544434,9,False,data/local/local_citizen100_quality_audit_q82_cap14_exact/landmarks/MAN/8cac8b38.v17.npz,4cb85584c9eec7ddb8f288354f0cb05ba35fb1774a7392727587075bba691af6,,0.9736842105263158,0.5,0.875,0.65625,FATHER,FATHER|MAN|HELLO|HEAR|FIND,0.2549508213996887,MAN,MAN|FATHER|LEARN|SICK|SAD,0.5788670182228088,tier_b_dual_top5_one_top1
MAN,MAN,C_01_040,canonical_and_pinned_raw_text_equal,local_hex_unknown_session,data/raw_videos/ASL VIDEOS/MAN/63199b2c.mp4,data/local/ASL_hand_crops_av/MAN_63199b2c.jpg,640,480,15,30.0,0.5,77.9696044921875,0.0,207.5167999267578,0.8277658252743327,0.1002090573310852,10,False,data/local/local_citizen100_quality_audit_q82_cap14_exact/landmarks/MAN/63199b2c.v17.npz,3c895b9395143ef92c9f4ad1edf8fcb9a3e8b9237584cc13bc545a0fa9c73f64,,1.0,0.5,0.59375,0.59375,HEAR,HEAR|MAN|YESTERDAY|GOODBYE|HOME,0.2454940378665924,MAN,MAN|YESTERDAY|LESS|WOMAN|HEAR,0.5996888875961304,tier_b_dual_top5_one_top1
MAN,MAN,C_01_040,canonical_and_pinned_raw_text_equal,local_hex_unknown_session,data/raw_videos/ASL VIDEOS/MAN/b6173909.mp4,data/local/ASL_hand_crops_av/MAN_b6173909.jpg,640,480,34,30.0,1.1333333333333333,75.735107421875,0.05487060546875,1347.9725341796875,0.9115738625087679,0.08736145496368408,8,False,data/local/local_citizen100_quality_audit_q82_cap14_exact/landmarks/MAN/b6173909.v17.npz,c776f83d8a26275b3c2a5b770c190c1f634bf9108bd8efbb450735d31b2add94,,1.0,0.5,0.96875,0.6796875,HELLO,HELLO|MAN|FIND|FATHER|FAMILY,0.20021235942840576,MAN,MAN|LEARN|FATHER|FIND|FAMILY,0.36947542428970337,tier_b_dual_top5_one_top1
MAYBE,MAYBE,B_03_022,canonical_and_pinned_raw_text_equal,local_hex_unknown_session,data/raw_videos/ASL VIDEOS/MAYBE/62d8a191.mp4,data/local/ASL_hand_crops_av/MAYBE_62d8a191.jpg,640,480,44,30.0,1.4666666666666666,105.24261474609375,0.0,104.07048034667969,0.8970228033140687,0.09508925676345825,14,False,data/local/local_citizen100_quality_audit_q82_cap14_exact/landmarks/MAYBE/62d8a191.v17.npz,335bda2bf4cf8b424c79ac124c1accfc6e7ab4b1c81b47dd9eb8cceaad31d977,,0.9,0.87255859375,0.8125,0.46875,MAYBE,MAYBE|DOCTOR|WANT|TIRED|TALK,0.3099895417690277,DOCTOR,DOCTOR|MAYBE|TIRED|SMALL|WAIT,0.2864208519458771,tier_b_dual_top5_one_top1
MORNING,MORNING,C_02_012,canonical_and_pinned_raw_text_equal,local_hex_unknown_session,data/raw_videos/ASL VIDEOS/MORNING/030b15cd.mp4,data/local/ASL_hand_crops_av/MORNING_030b15cd.jpg,640,480,23,30.0,0.7666666666666667,141.92108154296875,0.0841064453125,1575.198974609375,0.9355246305326981,0.13119590282440186,13,False,data/local/local_citizen100_quality_audit_q82_cap14_exact/landmarks/MORNING/030b15cd.v17.npz,54142bdb638fb826d0fcf96255cf010ee564f1f6588c82c24e3a61e77980e00e,,0.9565217391304348,0.8525390625,0.75,0.3828125,MORNING,MORNING|LEARN|SICK|LESS|SAD,0.8676095008850098,SICK,SICK|MORNING|SLEEP|SAD|UNDERSTAND,0.12235385924577713,tier_b_dual_top5_one_top1
MOTHER,MOTHER,B_02_008,canonical_and_pinned_raw_text_equal,local_hex_unknown_session,data/raw_videos/ASL VIDEOS/MOTHER/b0644df4.mp4,data/local/ASL_hand_crops_av/MOTHER_b0644df4.jpg,640,480,48,30.0,1.6,128.41400146484375,0.0,502.3697509765625,0.9999952521998512,,1,False,data/local/local_citizen100_quality_audit_q82_cap14_exact/landmarks/MOTHER/b0644df4.v17.npz,ccd8d40f6c9c868a8a97fbd1001a71c88283df0fa0225c8846d0f0fe1ac9db88,,0.8518518518518519,0.427001953125,0.9375,0.0,WATER,WATER|MOTHER|TALK|SLEEP|EAT,0.3135770857334137,MOTHER,MOTHER|TALK|THANKYOU|WAIT|EAT,0.46930399537086487,tier_b_dual_top5_one_top1
MOTHER,MOTHER,B_02_008,canonical_and_pinned_raw_text_equal,local_hex_unknown_session,data/raw_videos/ASL VIDEOS/MOTHER/3740cdac.mp4,data/local/ASL_hand_crops_av/MOTHER_3740cdac.jpg,640,480,49,30.0,1.6333333333333333,52.10760498046875,0.045166015625,391.1022033691406,0.8622303579984183,0.21414053440093994,8,False,data/local/local_citizen100_quality_audit_q82_cap14_exact/landmarks/MOTHER/3740cdac.v17.npz,13bfe9a5a27f254384a0a524f82207a7212f3266db44e92626feec9099d444b4,,0.8947368421052632,0.432373046875,0.65625,0.0,HEAR,HEAR|MOTHER|HELLO|YOUR|GOODBYE,0.24404199421405792,MOTHER,MOTHER|HEAR|GOODBYE|THANKYOU|YOUR,0.5928269624710083,tier_b_dual_top5_one_top1
MOTHER,MOTHER,B_02_008,canonical_and_pinned_raw_text_equal,local_hex_unknown_session,data/raw_videos/ASL VIDEOS/MOTHER/9606e3e8.mp4,data/local/ASL_hand_crops_av/MOTHER_9606e3e8.jpg,640,480,25,30.0,0.8333333333333334,72.998046875,0.14581298828125,766.3285522460938,0.8695451665322904,0.30248069763183594,4,False,data/local/local_citizen100_quality_audit_q82_cap14_exact/landmarks/MOTHER/9606e3e8.v17.npz,5998967b8b27722bb58d08b18373e84c43a28306376a6217350cf2c85fa8afdf,,1.0,0.5,1.0,0.0,GOODBYE,GOODBYE|YOUR|HEAR|MOTHER|TALK,0.0458676852285862,MOTHER,MOTHER|HEAR|GOODBYE|TALK|YOUR,0.27056601643562317,tier_b_dual_top5_one_top1
MY,MY,C_01_060,canonical_and_pinned_raw_text_equal,local_numbered_single_session,data/raw_videos/ASL VIDEOS/MY/MY_1.mp4,data/local/ASL_hand_crops_av/MY_MY_1.jpg,640,480,45,30.0,1.5,150.3179931640625,0.0,1431.3564453125,0.9859599204377063,,1,False,data/local/local_citizen100_quality_audit_q82_cap14_exact/landmarks/MY/MY_1.v17.npz,5f0e9b11fe45b45315aa49c0e6064811b31e54d6d5ec569e5c1f61cac26228b3,,1.0,0.5,0.90625,0.90625,MY,MY|PLEASE|HAPPY|LIKE|HUNGRY,0.4624892473220825,PLEASE,PLEASE|MY|LIKE|HAPPY|HUNGRY,0.3671843409538269,tier_b_dual_top5_one_top1
MY,MY,C_01_060,canonical_and_pinned_raw_text_equal,local_hex_unknown_session,data/raw_videos/ASL VIDEOS/MY/2127cb77.mp4,data/local/ASL_hand_crops_av/MY_2127cb77.jpg,640,480,63,30.0,2.1,68.7171630859375,0.0,378.581298828125,0.8888862368307012,0.28776538372039795,7,False,data/local/local_citizen100_quality_audit_q82_cap14_exact/landmarks/MY/2127cb77.v17.npz,5e56acc1bc6414d1f1efc4cf19e355b16bb56a58073beb15a6df9f6f0bc03b6e,,0.9682539682539683,0.484375,0.90625,0.0,MY,MY|PLEASE|HAPPY|LIKE|HELP,0.657302975654602,PLEASE,PLEASE|MY|SORRY|LIKE|DOCTOR,0.06693239510059357,tier_b_dual_top5_one_top1
NEED,NEED,C_02_034,canonical_and_pinned_raw_text_equal,local_hex_unknown_session,data/raw_videos/ASL VIDEOS/NEED/b9f67bb8.mp4,data/local/ASL_hand_crops_av/NEED_b9f67bb8.jpg,640,480,25,30.0,0.8333333333333334,104.961181640625,0.0179443359375,2203.95166015625,0.9483090989865148,0.3055635690689087,6,False,data/local/local_citizen100_quality_audit_q82_cap14_exact/landmarks/NEED/b9f67bb8.v17.npz,682fcb06f87e52668dbe7aaebc5148976e905846951c279c832fbb4cf9637ffe,,1.0,0.499267578125,1.0,1.0,CHILD,CHILD|NEED|HE|YES|WHERE,0.2422827184200287,NEED,NEED|CHILD|YES|HE|WHERE,0.583651602268219,tier_b_dual_top5_one_top1
NEED,NEED,C_02_034,canonical_and_pinned_raw_text_equal,local_hex_unknown_session,data/raw_videos/ASL VIDEOS/NEED/1812038d.mp4,data/local/ASL_hand_crops_av/NEED_1812038d.jpg,640,480,28,30.0,0.9333333333333333,52.23870849609375,0.232666015625,1806.465087890625,0.8259228611977834,0.3002556562423706,7,False,data/local/local_citizen100_quality_audit_q82_cap14_exact/landmarks/NEED/1812038d.v17.npz,69e9a536149ba5898cc658b6e568fae47593a987ef37114f64f33eccb48dbcf8,,1.0,0.5,0.90625,0.0,NEED,NEED|THINK|WE|ASK|DAY,0.34964483976364136,THINK,THINK|ASK|NEED|DAY|UNDERSTAND,0.08359652757644653,tier_b_dual_top5_one_top1
NO,NO,C_03_041,canonical_and_pinned_raw_text_equal,local_hex_unknown_session,data/raw_videos/ASL VIDEOS/NO/cae24723.mp4,data/local/ASL_hand_crops_av/NO_cae24723.jpg,640,480,51,30.0,1.7,105.2357177734375,0.0,526.3700561523438,0.9854331007391135,0.12746316194534302,14,False,data/local/local_citizen100_quality_audit_q82_cap14_exact/landmarks/NO/cae24723.v17.npz,ec56c569a5506d79c350b257871466db31da9439d91047817857d9513a708ba8,,0.9607843137254902,0.483642578125,0.96875,0.0,NO,NO|LISTEN|HE|CHILD|WHY,0.445080429315567,LISTEN,LISTEN|SEE|FIND|NO|WHY,0.06426037847995758,tier_b_dual_top5_one_top1
NOW,NOW,C_03_062,canonical_and_pinned_raw_text_equal,local_hex_unknown_session,data/raw_videos/ASL VIDEOS/NOW/451467eb.mp4,data/local/ASL_hand_crops_av/NOW_451467eb.jpg,640,480,40,30.0,1.3333333333333333,124.9921875,0.02044677734375,2474.72509765625,0.9903011908007313,,1,False,data/local/local_citizen100_quality_audit_q82_cap14_exact/landmarks/NOW/451467eb.v17.npz,c5101122b1f5f0a822d4ce058e791bfc9e472e42a6826661ec1670821ed29082,,1.0,1.0,0.8125,0.8125,NOW,NOW|HAVE|TIRED|ANGRY|WHAT,0.810143232345581,HAVE,HAVE|NOW|TIRED|HOW|HELP,0.21510642766952515,tier_b_dual_top5_one_top1
READ,READ,A_01_022,canonical_and_pinned_raw_text_equal,local_hex_unknown_session,data/raw_videos/ASL VIDEOS/READ/6e7c1f1f.mp4,data/local/ASL_hand_crops_av/READ_6e7c1f1f.jpg,640,480,27,30.0,0.9,91.809814453125,0.0,189.0789794921875,0.8835934526142375,0.1288684606552124,14,False,data/local/local_citizen100_quality_audit_q82_cap14_exact/landmarks/READ/6e7c1f1f.v17.npz,fc29ca41e2bae5832a3a210a242015a9594682cd74907b9bebbe533f2102d537,,1.0,1.0,0.9375,0.7890625,NAME,NAME|READ|DOCTOR|MORE|EXCITED,0.26966649293899536,READ,READ|LIKE|NAME|DOCTOR|WHAT,0.8802406191825867,tier_b_dual_top5_one_top1
READ,READ,A_01_022,canonical_and_pinned_raw_text_equal,local_hex_unknown_session,data/raw_videos/ASL VIDEOS/READ/6b9ad097.mp4,data/local/ASL_hand_crops_av/READ_6b9ad097.jpg,640,480,61,30.0,2.033333333333333,48.86761474609375,0.118408203125,416.44891357421875,0.8385888386130094,0.3076290488243103,5,False,data/local/local_citizen100_quality_audit_q82_cap14_exact/landmarks/READ/6b9ad097.v17.npz,7f9bd6b54780e875312ab27a16e0152bf1447dc000d85cbc3aa7cb5edf5d9c3c,,0.9230769230769231,0.89892578125,0.9375,0.0,NAME,NAME|READ|WEEK|WRITE|EXCITED,0.2037309855222702,READ,READ|NAME|WRITE|EXCITED|SAD,0.882665753364563,tier_b_dual_top5_one_top1
READ,READ,A_01_022,canonical_and_pinned_raw_text_equal,local_numbered_single_session,data/raw_videos/ASL VIDEOS/READ/READ_13.mp4,data/local/ASL_hand_crops_av/READ_READ_13.jpg,640,480,90,30.0,3.0,113.089111328125,0.0,1536.34326171875,0.9031380177748246,0.32450592517852783,4,False,data/local/local_citizen100_quality_audit_q82_cap14_exact/landmarks/READ/READ_13.v17.npz,0685b15d30eedb237947894cab9569135eed0e0a1e678f609b1388d596c6d5e1,,0.9324324324324325,0.849609375,0.875,0.6640625,NAME,NAME|WEEK|READ|EXCITED|LIKE,0.08038745820522308,READ,READ|NAME|WATER|WEEK|SAD,0.8101791739463806,tier_b_dual_top5_one_top1
READ,READ,A_01_022,canonical_and_pinned_raw_text_equal,local_hex_unknown_session,data/raw_videos/ASL VIDEOS/READ/0f4100f1.mp4,data/local/ASL_hand_crops_av/READ_0f4100f1.jpg,640,480,25,30.0,0.8333333333333334,87.1290283203125,0.0,226.59144592285156,0.8801511888491744,0.1841077208518982,9,False,data/local/local_citizen100_quality_audit_q82_cap14_exact/landmarks/READ/0f4100f1.v17.npz,22570549be0736b7debc6fbbc2984d38d3f5949d7a3b3752a888257c032d79da,,1.0,1.0,1.0,0.75,NAME,NAME|READ|DOCTOR|MORE|LIKE,0.07977061718702316,READ,READ|LIKE|DOCTOR|NAME|LEARN,0.7642533183097839,tier_b_dual_top5_one_top1
READY,READY,F_03_042,canonical_and_pinned_raw_text_equal,local_hex_unknown_session,data/raw_videos/ASL VIDEOS/READY/65849cac.mp4,data/local/ASL_hand_crops_av/READY_65849cac.jpg,640,480,33,30.0,1.1,86.39532470703125,0.0,208.6429443359375,0.8924680041537715,0.11300885677337646,8,False,data/local/local_citizen100_quality_audit_q82_cap14_exact/landmarks/READY/65849cac.v17.npz,5ac0fdd71c397d757c299b983c41d9557a9b0092d9283c7ff4af3d5444c7b4df,,0.8571428571428571,0.83349609375,0.59375,0.5234375,READ,READ|GO|READY|NAME|ANSWER,0.10986669361591339,READY,READY|READ|GO|DIFFERENT|LISTEN,0.816260814666748,tier_b_dual_top5_one_top1
READY,READY,F_03_042,canonical_and_pinned_raw_text_equal,local_hex_unknown_session,data/raw_videos/ASL VIDEOS/READY/43a4ff43.mp4,data/local/ASL_hand_crops_av/READY_43a4ff43.jpg,640,480,30,30.0,1.0,58.9510498046875,0.11737060546875,1241.6639404296875,0.8590710211963597,0.15869605541229248,5,False,data/local/local_citizen100_quality_audit_q82_cap14_exact/landmarks/READY/43a4ff43.v17.npz,fba9e6e798fcf6e01c9dfad7421e759fe9bf2358788c1cf31a0506bed6a42df4,,0.92,0.86669921875,0.6875,0.5234375,USE,USE|READY|WEEK|READ|HOSPITAL,0.07486186921596527,READY,READY|USE|DIFFERENT|HOSPITAL|LANGUAGE,0.7318964600563049,tier_b_dual_top5_one_top1
SAD,SAD,B_02_053,canonical_and_pinned_raw_text_equal,local_hex_unknown_session,data/raw_videos/ASL VIDEOS/SAD/384dc0a8.mp4,data/local/ASL_hand_crops_av/SAD_384dc0a8.jpg,640,480,35,30.0,1.1666666666666667,89.845947265625,0.0765380859375,1340.09228515625,0.9352132906676316,0.6526663899421692,2,False,data/local/local_citizen100_quality_audit_q82_cap14_exact/landmarks/SAD/384dc0a8.v17.npz,dac9b46be036602b7132918f295ada5089bbf16f8a92bcc07dce15bbc102a364,,1.0,0.86669921875,0.9375,0.2265625,WAIT,WAIT|SAD|WANT|NOW|ANGRY,0.1802341490983963,SAD,SAD|KNOW|ANGRY|WAIT|WANT,0.8678760528564453,tier_b_dual_top5_one_top1
SCHOOL,SCHOOL,C_03_089,canonical_and_pinned_raw_text_equal,local_hex_unknown_session,data/raw_videos/ASL VIDEOS/SCHOOL/7a14a902.mp4,data/local/ASL_hand_crops_av/SCHOOL_7a14a902.jpg,640,480,46,30.0,1.5333333333333334,99.1954345703125,0.0,193.0765380859375,0.9243741355313793,0.12867802381515503,14,False,data/local/local_citizen100_quality_audit_q82_cap14_exact/landmarks/SCHOOL/7a14a902.v17.npz,d4d54cb932c1f616cb1d87c535965cce5e18f7af263b4b1fb84a12e3a4d37b4f,,1.0,0.79931640625,0.875,0.5,SCHOOL,SCHOOL|STOP|EASY|MY|GOOD,0.8647329211235046,STOP,STOP|SCHOOL|GOOD|MY|BAD,0.3422599732875824,tier_b_dual_top5_one_top1
SCHOOL,SCHOOL,C_03_089,canonical_and_pinned_raw_text_equal,local_hex_unknown_session,data/raw_videos/ASL VIDEOS/SCHOOL/1d957a15.mp4,data/local/ASL_hand_crops_av/SCHOOL_1d957a15.jpg,640,480,46,30.0,1.5333333333333334,51.16241455078125,0.27935791015625,799.5869140625,0.8433851470336571,0.4411815404891968,2,False,data/local/local_citizen100_quality_audit_q82_cap14_exact/landmarks/SCHOOL/1d957a15.v17.npz,4824b952f33a3f6697cdb7e6fd516951bfbed3102f55a23a298cf808803a76bf,,0.8947368421052632,0.82373046875,0.875,0.7265625,SCHOOL,SCHOOL|STOP|DOCTOR|SMALL|LESS,0.46452397108078003,STOP,STOP|DOCTOR|SCHOOL|SMALL|MAYBE,0.13014940917491913,tier_b_dual_top5_one_top1
SCHOOL,SCHOOL,C_03_089,canonical_and_pinned_raw_text_equal,local_hex_unknown_session,data/raw_videos/ASL VIDEOS/SCHOOL/74c7254b.mp4,data/local/ASL_hand_crops_av/SCHOOL_74c7254b.jpg,640,480,32,30.0,1.0666666666666667,98.48980712890625,0.0191650390625,1619.2772216796875,0.9558438358674033,,1,False,data/local/local_citizen100_quality_audit_q82_cap14_exact/landmarks/SCHOOL/74c7254b.v17.npz,622947f252d4d67b9179615fe4f49f0f3b295a50294a2ad38e9b181b87945623,,1.0,1.0,0.78125,0.78125,SCHOOL,SCHOOL|WEEK|LIKE|EASY|READ,0.7921525835990906,HELP,HELP|WEEK|SCHOOL|WRITE|STOP,0.11596080660820007,tier_b_dual_top5_one_top1
SCHOOL,SCHOOL,C_03_089,canonical_and_pinned_raw_text_equal,local_hex_unknown_session,data/raw_videos/ASL VIDEOS/SCHOOL/c83f8bef.mp4,data/local/ASL_hand_crops_av/SCHOOL_c83f8bef.jpg,640,480,90,30.0,3.0,79.25762939453125,0.0606689453125,704.5177001953125,0.8397025368148822,0.22048932313919067,8,False,data/local/local_citizen100_quality_audit_q82_cap14_exact/landmarks/SCHOOL/c83f8bef.v17.npz,55c387ecab8dc3e3bafce69355bc1c0b001b0f6995ac7c44399086d7dd43dd39,,0.8181818181818182,0.6533203125,0.65625,0.90625,SCHOOL,SCHOOL|STOP|LEARN|LESS|GOOD,0.31075960397720337,STOP,STOP|BAD|SCHOOL|LEARN|MORNING,0.11293977499008179,tier_b_dual_top5_one_top1
SLEEP,SLEEP,B_03_037,canonical_and_pinned_raw_text_equal,local_hex_unknown_session,data/raw_videos/ASL VIDEOS/SLEEP/8dc5182f.mp4,data/local/ASL_hand_crops_av/SLEEP_8dc5182f.jpg,640,480,24,30.0,0.8,57.95367431640625,0.22637939453125,1333.3140869140625,0.8264462682123755,0.14435887336730957,7,False,data/local/local_citizen100_quality_audit_q82_cap14_exact/landmarks/SLEEP/8dc5182f.v17.npz,4f4acae00a41df7fd654eacdb7b7bd9ee221ff3eb2d6018a9097fbf04f85c8b5,,1.0,0.5,0.71875,0.0,MORNING,MORNING|EAT|SLEEP|KNOW|WHY,0.10504057258367538,SLEEP,SLEEP|MORNING|KNOW|FATHER|UNDERSTAND,0.22968442738056183,tier_b_dual_top5_one_top1
SLEEP,SLEEP,B_03_037,canonical_and_pinned_raw_text_equal,local_hex_unknown_session,data/raw_videos/ASL VIDEOS/SLEEP/eeb80f44.mp4,data/local/ASL_hand_crops_av/SLEEP_eeb80f44.jpg,640,480,23,30.0,0.7666666666666667,66.16546630859375,0.20562744140625,707.1497192382812,0.8414242461007321,0.1083606481552124,10,False,data/local/local_citizen100_quality_audit_q82_cap14_exact/landmarks/SLEEP/eeb80f44.v17.npz,66317239551b3b1f6b0492ce3d4a40d8f1419c4dbf2085c07c319eb8b7a9ab11,,1.0,0.5,0.75,0.5625,SEE,SEE|MORNING|SLEEP|EAT|UNDERSTAND,0.10431847721338272,SLEEP,SLEEP|SAD|MAN|DAY|MORNING,0.7552555203437805,tier_b_dual_top5_one_top1
SMALL,SMALL,D_01_030,canonical_and_pinned_raw_text_equal,local_numbered_single_session,data/raw_videos/ASL VIDEOS/SMALL/SMALL_25.mp4,data/local/ASL_hand_crops_av/SMALL_SMALL_25.jpg,640,480,74,30.0,2.466666666666667,142.78338623046875,6.103515625e-05,1090.8544921875,0.9526209167651408,,1,False,data/local/local_citizen100_quality_audit_q82_cap14_exact/landmarks/SMALL/SMALL_25.v17.npz,a1baf96cb89518f4d6f84517cdc25af2c86ba3cc24df717bb7788cd685264e8c,,0.9074074074074074,0.88671875,0.90625,0.8671875,DOCTOR,DOCTOR|SMALL|TALK|COLD|READ,0.21380768716335297,SMALL,SMALL|DOCTOR|COLD|TIRED|SAME,0.5145209431648254,tier_b_dual_top5_one_top1
SMALL,SMALL,D_01_030,canonical_and_pinned_raw_text_equal,local_hex_unknown_session,data/raw_videos/ASL VIDEOS/SMALL/e4c6b8f2.mp4,data/local/ASL_hand_crops_av/SMALL_e4c6b8f2.jpg,640,480,33,30.0,1.1,84.67755126953125,0.0,172.975830078125,0.8786594395038406,0.09788250923156738,9,False,data/local/local_citizen100_quality_audit_q82_cap14_exact/landmarks/SMALL/e4c6b8f2.v17.npz,4e6bfbd3a712c124c54e3c17f8dd88306f26fe2270d8bd5f660816c5cb865dc9,,0.8620689655172413,0.8583984375,0.5625,0.421875,SAD,SAD|SMALL|FATHER|MORNING|KNOW,0.09725137054920197,SMALL,SMALL|FATHER|HEAR|KNOW|SAD,0.30885839462280273,tier_b_dual_top5_one_top1
STOP,STOP,D_01_010,canonical_and_pinned_raw_text_equal,local_hex_unknown_session,data/raw_videos/ASL VIDEOS/STOP/98731a28.mp4,data/local/ASL_hand_crops_av/STOP_98731a28.jpg,640,480,39,30.0,1.3,66.875732421875,0.20587158203125,647.076171875,0.8757533341928841,0.19908571243286133,12,False,data/local/local_citizen100_quality_audit_q82_cap14_exact/landmarks/STOP/98731a28.v17.npz,d8c66658f757d690bc27596b147a60eeee376e8b143a4417acbf6474f342aeb1,,0.8461538461538461,0.5537109375,0.65625,0.2578125,GIVE,GIVE|STOP|GOOD|BAD|WOMAN,0.1722584217786789,STOP,STOP|BAD|LESS|GOOD|GIVE,0.5196287631988525,tier_b_dual_top5_one_top1
TAKE,TAKE,G_01_093,canonical_and_pinned_raw_text_equal,local_hex_unknown_session,data/raw_videos/ASL VIDEOS/TAKE/b96e3111.mp4,data/local/ASL_hand_crops_av/TAKE_b96e3111.jpg,640,480,35,30.0,1.1666666666666667,49.005859375,0.24737548828125,737.7684326171875,0.8329788768854152,0.12426751852035522,12,False,data/local/local_citizen100_quality_audit_q82_cap14_exact/landmarks/TAKE/b96e3111.v17.npz,4f3391239db8792ba7ae6a1f82bad9599a6afb4c2d31080bfeee0e5958111f9e,,1.0,0.5,0.9375,0.9375,WE,WE|OUR|TAKE|COME|YES,0.1269199550151825,TAKE,TAKE|SAME|WE|COME|OUR,0.2409065216779709,tier_b_dual_top5_one_top1
TAKE,TAKE,G_01_093,canonical_and_pinned_raw_text_equal,local_numbered_single_session,data/raw_videos/ASL VIDEOS/TAKE/TAKE_1.mp4,data/local/ASL_hand_crops_av/TAKE_TAKE_1.jpg,640,480,46,30.0,1.5333333333333334,113.81182861328125,0.0,4378.26708984375,0.9942112761137962,,1,False,data/local/local_citizen100_quality_audit_q82_cap14_exact/landmarks/TAKE/TAKE_1.v17.npz,58a510effa0beacfdce021ca68e2a965bd5600cf7ba2088e96f016d908b8bcfd,,1.0,0.5,0.875,0.65625,CHILD,CHILD|SAME|GOODBYE|YES|TAKE,0.01879844442009926,TAKE,TAKE|SAME|GOODBYE|OUR|WE,0.6166653037071228,tier_b_dual_top5_one_top1
TELL,TELL,C_02_013,canonical_and_pinned_raw_text_equal,local_hex_unknown_session,data/raw_videos/ASL VIDEOS/TELL/d107b5e2.mp4,data/local/ASL_hand_crops_av/TELL_d107b5e2.jpg,640,480,25,30.0,0.8333333333333334,95.544189453125,0.0,213.61778259277344,0.8915483383233067,0.2231561541557312,8,False,data/local/local_citizen100_quality_audit_q82_cap14_exact/landmarks/TELL/d107b5e2.v17.npz,fa362fd45d2003d4cf9b4a6c95765e85467fb86b35edefaf5e207f562066970d,,1.0,0.5,1.0,0.75,YOU,YOU|TELL|LIKE|WHO|SORRY,0.31926000118255615,TELL,TELL|YOU|LIKE|I|THEY,0.750478982925415,tier_b_dual_top5_one_top1
TELL,TELL,C_02_013,canonical_and_pinned_raw_text_equal,local_hex_unknown_session,data/raw_videos/ASL VIDEOS/TELL/51624f93.mp4,data/local/ASL_hand_crops_av/TELL_51624f93.jpg,640,480,15,30.0,0.5,125.34942626953125,0.02142333984375,3432.644775390625,0.9321239409270421,0.402496337890625,3,False,data/local/local_citizen100_quality_audit_q82_cap14_exact/landmarks/TELL/51624f93.v17.npz,083e043c6d5d09b4d96ae449e1d03b634cd2d4a4b5d8e6c1046f61f46924089d,,1.0,0.5,0.59375,0.1484375,TELL,TELL|THEY|UNDERSTAND|I|WHEN,0.31988218426704407,I,I|TELL|THEY|HE|WHEN,0.11484499275684357,tier_b_dual_top5_one_top1
TELL,TELL,C_02_013,canonical_and_pinned_raw_text_equal,local_hex_unknown_session,data/raw_videos/ASL VIDEOS/TELL/b141e293.mp4,data/local/ASL_hand_crops_av/TELL_b141e293.jpg,640,480,22,30.0,0.7333333333333333,101.90679931640625,0.0,129.89520263671875,0.8648832134594472,0.21945756673812866,9,False,data/local/local_citizen100_quality_audit_q82_cap14_exact/landmarks/TELL/b141e293.v17.npz,33d08128dd0add8073403cb9d9f15e66de90e1e14d6ba0374872d19c4ad5c1d1,,1.0,0.5,0.78125,0.0,TELL,TELL|THEY|YOU|LIKE|I,0.5072610974311829,LIKE,LIKE|THEY|TELL|FEEL|YOU,0.11155874282121658,tier_b_dual_top5_one_top1
THANKYOU,THANKYOU,H_02_053,canonical_and_pinned_raw_text_equal,local_hex_unknown_session,data/raw_videos/ASL VIDEOS/THANKYOU/d0c7f190.mp4,data/local/ASL_hand_crops_av/THANKYOU_d0c7f190.jpg,640,480,37,30.0,1.2333333333333334,77.19775390625,0.0,90.11212158203125,0.833726706231545,0.11742836236953735,13,False,data/local/local_citizen100_quality_audit_q82_cap14_exact/landmarks/THANKYOU/d0c7f190.v17.npz,9e764dd5518143a33862317eb0a75ee2da8231d8d26c4d55003a171d4cc16803,,0.875,0.465087890625,0.78125,0.78125,GOOD,GOOD|THANKYOU|BAD|HAPPY|HUNGRY,0.42719709873199463,THANKYOU,THANKYOU|GOOD|WAIT|WHY|BAD,0.7337655425071716,tier_b_dual_top5_one_top1
THANKYOU,THANKYOU,H_02_053,canonical_and_pinned_raw_text_equal,local_hex_unknown_session,data/raw_videos/ASL VIDEOS/THANKYOU/bbe85cc2.mp4,data/local/ASL_hand_crops_av/THANKYOU_bbe85cc2.jpg,640,480,16,30.0,0.5333333333333333,118.63909912109375,0.0,165.14889526367188,0.8762173668934318,0.12082374095916748,12,False,data/local/local_citizen100_quality_audit_q82_cap14_exact/landmarks/THANKYOU/bbe85cc2.v17.npz,ea9f8f34a407f68b15dea613ce17e72807668cce6b24c9cc50e4d6efc69f8948,,1.0,0.5,0.5625,0.4375,HAPPY,HAPPY|THANKYOU|GOOD|EASY|MY,0.19630067050457,THANKYOU,THANKYOU|HAPPY|GOOD|EASY|WHY,0.33005422353744507,tier_b_dual_top5_one_top1
THANKYOU,THANKYOU,H_02_053,canonical_and_pinned_raw_text_equal,local_hex_unknown_session,data/raw_videos/ASL VIDEOS/THANKYOU/311e5918.mp4,data/local/ASL_hand_crops_av/THANKYOU_311e5918.jpg,640,480,21,30.0,0.7,118.38616943359375,0.0,97.46582794189453,0.8616173485875411,0.38756877183914185,3,False,data/local/local_citizen100_quality_audit_q82_cap14_exact/landmarks/THANKYOU/311e5918.v17.npz,9981b7d591959f748a6c179d692e92b792776df4a1bd4bf06b490e83ef0dd304,,1.0,0.5,0.8125,0.609375,GOOD,GOOD|THANKYOU|HAPPY|FEEL|GIVE,0.17863582074642181,THANKYOU,THANKYOU|GOOD|EAT|GIVE|WAIT,0.6890782713890076,tier_b_dual_top5_one_top1
THANKYOU,THANKYOU,H_02_053,canonical_and_pinned_raw_text_equal,local_hex_unknown_session,data/raw_videos/ASL VIDEOS/THANKYOU/5d7dc934.mp4,data/local/ASL_hand_crops_av/THANKYOU_5d7dc934.jpg,640,480,16,30.0,0.5333333333333333,96.8564453125,0.0,148.21270751953125,0.8471057229017765,0.1696907877922058,8,False,data/local/local_citizen100_quality_audit_q82_cap14_exact/landmarks/THANKYOU/5d7dc934.v17.npz,9436fd8e8faa4f6c81c0c47cf77ff3cd5cb73e397efa224dfb54db1d3fb07eb3,,1.0,0.5,0.5625,0.4375,MY,MY|THANKYOU|HAPPY|GOOD|EASY,0.137392058968544,THANKYOU,THANKYOU|MY|GOOD|GO|STOP,0.48977386951446533,tier_b_dual_top5_one_top1
THINK,THINK,C_03_053,canonical_and_pinned_raw_text_equal,local_hex_unknown_session,data/raw_videos/ASL VIDEOS/THINK/e4667c75.mp4,data/local/ASL_hand_crops_av/THINK_e4667c75.jpg,640,480,18,30.0,0.6,68.62109375,0.16754150390625,920.4073486328125,0.8376988950930015,0.20197653770446777,7,False,data/local/local_citizen100_quality_audit_q82_cap14_exact/landmarks/THINK/e4667c75.v17.npz,118ff80454fe1cbe91d148a6171bff8df4aad26f9f2e353e0274e0dc9351f75b,,1.0,0.5,0.96875,0.4921875,HE,HE|UNDERSTAND|THINK|SEE|TELL,0.18706291913986206,THINK,THINK|UNDERSTAND|HE|NEED|SEE,0.32789692282676697,tier_b_dual_top5_one_top1
TOMORROW,TOMORROW,F_02_040,canonical_and_pinned_raw_text_equal,local_hex_unknown_session,data/raw_videos/ASL VIDEOS/TOMORROW/01468c17.mp4,data/local/ASL_hand_crops_av/TOMORROW_01468c17.jpg,640,480,28,30.0,0.9333333333333333,100.38250732421875,0.0234375,2427.638671875,0.9487191616608888,0.09662473201751709,13,False,data/local/local_citizen100_quality_audit_q82_cap14_exact/landmarks/TOMORROW/01468c17.v17.npz,74bf78af145cd387942104586efd0e71c979c9a4b529285e935375456e2ca006,,1.0,0.5,0.90625,0.6875,YESTERDAY,YESTERDAY|TOMORROW|WHO|YES|DRINK,0.30810806155204773,TOMORROW,TOMORROW|YESTERDAY|WHO|DRINK|HOME,0.454352468252182,tier_b_dual_top5_one_top1
TOMORROW,TOMORROW,F_02_040,canonical_and_pinned_raw_text_equal,local_hex_unknown_session,data/raw_videos/ASL VIDEOS/TOMORROW/998a1c96.mp4,data/local/ASL_hand_crops_av/TOMORROW_998a1c96.jpg,640,480,66,30.0,2.2,73.4000244140625,0.0,303.795654296875,0.8806613979747968,0.12544751167297363,12,False,data/local/local_citizen100_quality_audit_q82_cap14_exact/landmarks/TOMORROW/998a1c96.v17.npz,bb50d8407fe730077384ff0c6d50fb357ef9e5750605f4d4ff0dfc7ed3c14b4c,,0.9545454545454546,0.5,0.96875,0.0078125,TOMORROW,TOMORROW|COME|SORRY|WHO|TELL,0.6453830599784851,SORRY,SORRY|TOMORROW|HAVE|HELP|HUNGRY,0.2681030333042145,tier_b_dual_top5_one_top1
TOMORROW,TOMORROW,F_02_040,canonical_and_pinned_raw_text_equal,local_hex_unknown_session,data/raw_videos/ASL VIDEOS/TOMORROW/62c85474.mp4,data/local/ASL_hand_crops_av/TOMORROW_62c85474.jpg,640,480,41,30.0,1.3666666666666667,64.25347900390625,0.111083984375,1865.725341796875,0.8883295909359435,0.11117011308670044,14,False,data/local/local_citizen100_quality_audit_q82_cap14_exact/landmarks/TOMORROW/62c85474.v17.npz,15b488272b9e7711f1dadd8de3c2bc0004cafb4c92c9360004fc9645fc807951,,1.0,0.5,1.0,0.75,EAT,EAT|WHO|TOMORROW|HOME|WE,0.09178701788187027,TOMORROW,TOMORROW|YEAR|WHO|THINK|EAT,0.583753764629364,tier_b_dual_top5_one_top1
TRY,TRY,B_02_034,canonical_and_pinned_raw_text_equal,local_hex_unknown_session,data/raw_videos/ASL VIDEOS/TRY/559d75ad.mp4,data/local/ASL_hand_crops_av/TRY_559d75ad.jpg,640,480,56,30.0,1.8666666666666667,56.0181884765625,0.21759033203125,2314.94091796875,0.8558222115642766,0.1946033239364624,9,False,data/local/local_citizen100_quality_audit_q82_cap14_exact/landmarks/TRY/559d75ad.v17.npz,e0f06fb9cee5b4a14732d87ceb13153dae39cf1288d19a2b1ae2bb90a3ce877f,,0.8780487804878049,0.70703125,1.0,0.7109375,HAVE,HAVE|COLD|TRY|TIRED|SIGN,0.15471026301383972,TRY,TRY|HAVE|BIG|SIGN|COLD,0.6965789794921875,tier_b_dual_top5_one_top1
UNDERSTAND,UNDERSTAND,C_01_006,canonical_and_pinned_raw_text_equal,local_numbered_single_session,data/raw_videos/ASL VIDEOS/UNDERSTAND/UNDERSTAND_3.mp4,data/local/ASL_hand_crops_av/UNDERSTAND_UNDERSTAND_3.jpg,640,480,42,30.0,1.4,147.6182861328125,0.0,3305.18310546875,0.9871087605409565,,1,False,data/local/local_citizen100_quality_audit_q82_cap14_exact/landmarks/UNDERSTAND/UNDERSTAND_3.v17.npz,b8e6cdd1a3154a7ca88106a69797d3141e9f826fbadbe3dc6e724ce9fd84e9b6,,1.0,0.5,0.96875,0.015625,THINK,THINK|UNDERSTAND|SIGN|SLEEP|WHY,0.30561500787734985,UNDERSTAND,UNDERSTAND|THINK|WHY|SEE|SLEEP,0.9064213633537292,tier_b_dual_top5_one_top1
UNDERSTAND,UNDERSTAND,C_01_006,canonical_and_pinned_raw_text_equal,local_hex_unknown_session,data/raw_videos/ASL VIDEOS/UNDERSTAND/98aff889.mp4,data/local/ASL_hand_crops_av/UNDERSTAND_98aff889.jpg,640,480,23,30.0,0.7666666666666667,130.2730712890625,0.0,129.18247985839844,0.8853976941248218,0.1223224401473999,9,False,data/local/local_citizen100_quality_audit_q82_cap14_exact/landmarks/UNDERSTAND/98aff889.v17.npz,56b1271797c3e5a0dc56365b2f7e9f3fb0e26d74d4abd01d2c3ce8848fd2d41b,,1.0,0.5,0.75,0.375,THINK,THINK|UNDERSTAND|SIGN|KNOW|SICK,0.28878676891326904,UNDERSTAND,UNDERSTAND|THINK|WHY|SIGN|YOUR,0.779727578163147,tier_b_dual_top5_one_top1
WAIT,WAIT,B_02_016,canonical_and_pinned_raw_text_equal,local_hex_unknown_session,data/raw_videos/ASL VIDEOS/WAIT/af286d1b.mp4,data/local/ASL_hand_crops_av/WAIT_af286d1b.jpg,640,480,40,30.0,1.3333333333333333,55.68768310546875,0.2518310546875,1854.043212890625,0.8504459024274302,0.1670452356338501,14,False,data/local/local_citizen100_quality_audit_q82_cap14_exact/landmarks/WAIT/af286d1b.v17.npz,f348d29d17ec5415ac2f665811bef35e5de28f8210a769c0b0c219a3905cdf0d,,0.90625,0.8564453125,0.78125,0.0234375,WAIT,WAIT|SAD|ANGRY|WANT|NOW,0.4271322786808014,WANT,WANT|MAYBE|WAIT|NOW|WHY,0.05390545353293419,tier_b_dual_top5_one_top1
WATER,WATER,A_02_031,canonical_and_pinned_raw_text_equal,local_hex_unknown_session,data/raw_videos/ASL VIDEOS/WATER/f4d5b340.mp4,data/local/ASL_hand_crops_av/WATER_f4d5b340.jpg,640,480,25,30.0,0.8333333333333334,84.71209716796875,0.0,157.07241821289062,0.8549995251810525,0.1713773012161255,12,False,data/local/local_citizen100_quality_audit_q82_cap14_exact/landmarks/WATER/f4d5b340.v17.npz,fa800cac8cfd71a15615b37163a1cf112c9913efbec8d49ab770117d307e7b54,,1.0,0.5,1.0,0.6796875,WATER,WATER|TALK|LIKE|NO|SEE,0.8985772132873535,TALK,TALK|WATER|LIKE|MOTHER|YOUR,0.40965092182159424,tier_b_dual_top5_one_top1
WATER,WATER,A_02_031,canonical_and_pinned_raw_text_equal,local_hex_unknown_session,data/raw_videos/ASL VIDEOS/WATER/7f60c61f.mp4,data/local/ASL_hand_crops_av/WATER_7f60c61f.jpg,640,480,23,30.0,0.7666666666666667,85.73590087890625,0.0,143.33523559570312,0.8464593845922592,0.2715860605239868,9,False,data/local/local_citizen100_quality_audit_q82_cap14_exact/landmarks/WATER/7f60c61f.v17.npz,e823426dae54aee1f664c1aaa475f9e0d3d9ec88bfd1292ffbf545e5a18dd1cc,,1.0,0.5,0.75,0.2109375,WATER,WATER|TALK|NO|YOUR|MOTHER,0.5957297086715698,TALK,TALK|WATER|LIKE|MOTHER|READ,0.3613573908805847,tier_b_dual_top5_one_top1
WATER,WATER,A_02_031,canonical_and_pinned_raw_text_equal,local_hex_unknown_session,data/raw_videos/ASL VIDEOS/WATER/aaa03230.mp4,data/local/ASL_hand_crops_av/WATER_aaa03230.jpg,640,480,16,30.0,0.5333333333333333,115.41839599609375,6.103515625e-05,606.2892456054688,0.9364116696380208,0.3361482620239258,6,False,data/local/local_citizen100_quality_audit_q82_cap14_exact/landmarks/WATER/aaa03230.v17.npz,067aec8afb17043d52ae4354ee6a3d199cb4d93eb142cc7d2ac021c455b843da,,1.0,0.5,0.5625,0.0,USE,USE|WATER|READ|NO|MOTHER,0.2656029164791107,WATER,WATER|USE|SEE|MOTHER|FATHER,0.21132899820804596,tier_b_dual_top5_one_top1
WATER,WATER,A_02_031,canonical_and_pinned_raw_text_equal,local_hex_unknown_session,data/raw_videos/ASL VIDEOS/WATER/7582ea1c.mp4,data/local/ASL_hand_crops_av/WATER_7582ea1c.jpg,640,480,26,30.0,0.8666666666666667,101.8594970703125,0.021240234375,1684.83984375,0.9462597956086334,0.45344626903533936,2,False,data/local/local_citizen100_quality_audit_q82_cap14_exact/landmarks/WATER/7582ea1c.v17.npz,9c64bbaa271ce47f1d181526d94a70508994ce9e72824a9a1f497f8e368603af,,1.0,0.5,0.96875,0.3359375,WATER,WATER|SLEEP|EAT|TALK|LIKE,0.5989353060722351,TALK,TALK|WATER|MOTHER|LIKE|EAT,0.1779027283191681,tier_b_dual_top5_one_top1
WATER,WATER,A_02_031,canonical_and_pinned_raw_text_equal,local_hex_unknown_session,data/raw_videos/ASL VIDEOS/WATER/25dc2d93.mp4,data/local/ASL_hand_crops_av/WATER_25dc2d93.jpg,640,480,16,30.0,0.5333333333333333,122.04388427734375,0.01385498046875,566.1893310546875,0.9363424597029174,0.14169442653656006,13,False,data/local/local_citizen100_quality_audit_q82_cap14_exact/landmarks/WATER/25dc2d93.v17.npz,39be34870f1e18707a7b1b01921057a56777960b8beaec91f737c58bbc168635,,1.0,0.5,0.5625,0.0,WATER,WATER|USE|NO|SEE|READ,0.3650631606578827,SEE,SEE|WATER|MOTHER|LIKE|USE,0.09954605996608734,tier_b_dual_top5_one_top1
WATER,WATER,A_02_031,canonical_and_pinned_raw_text_equal,local_hex_unknown_session,data/raw_videos/ASL VIDEOS/WATER/ab9d441d.mp4,data/local/ASL_hand_crops_av/WATER_ab9d441d.jpg,640,480,23,30.0,0.7666666666666667,82.6807861328125,0.0,146.9383087158203,0.8418557044273052,0.2219598889350891,10,False,data/local/local_citizen100_quality_audit_q82_cap14_exact/landmarks/WATER/ab9d441d.v17.npz,078854d085ff4e29e613050fe0d4c5fc705928bdfc76ab6062b1f8d53087c650,,1.0,0.5,0.75,0.75,WATER,WATER|TALK|NO|HOME|WOMAN,0.5609914064407349,TALK,TALK|WATER|MOTHER|EAT|WAIT,0.08986731618642807,tier_b_dual_top5_one_top1
WEEK,WEEK,B_02_079,canonical_and_pinned_raw_text_equal,local_hex_unknown_session,data/raw_videos/ASL VIDEOS/WEEK/c64f4c0b.mp4,data/local/ASL_hand_crops_av/WEEK_c64f4c0b.jpg,640,480,33,30.0,1.1,63.000244140625,0.11285400390625,1111.52294921875,0.8740233125449699,0.38686496019363403,4,False,data/local/local_citizen100_quality_audit_q82_cap14_exact/landmarks/WEEK/c64f4c0b.v17.npz,322bb51b593b16011932a4563023fa0b6a7189ed3a20cb57e90c1a380a8b8e8d,,1.0,0.8447265625,1.0,0.9375,HOW,HOW|WEEK|EASY|SCHOOL|NAME,0.21146339178085327,WEEK,WEEK|HELP|SCHOOL|WRITE|LEARN,0.6417081356048584,tier_b_dual_top5_one_top1
WEEK,WEEK,B_02_079,canonical_and_pinned_raw_text_equal,local_hex_unknown_session,data/raw_videos/ASL VIDEOS/WEEK/383132c1.mp4,data/local/ASL_hand_crops_av/WEEK_383132c1.jpg,640,480,21,30.0,0.7,115.0213623046875,0.00604248046875,553.43017578125,0.9496546768641381,0.31524503231048584,5,False,data/local/local_citizen100_quality_audit_q82_cap14_exact/landmarks/WEEK/383132c1.v17.npz,7a00c4b66dc10fb57d870855366cb64389c7e18ed10b753515b65109492055e6,,0.8333333333333334,0.7509765625,0.96875,0.734375,WEEK,WEEK|NAME|FRIEND|YEAR|LIKE,0.7530278563499451,NAME,NAME|WEEK|MAKE|YEAR|FRIEND,0.11213180422782898,tier_b_dual_top5_one_top1
WEEK,WEEK,B_02_079,canonical_and_pinned_raw_text_equal,local_hex_unknown_session,data/raw_videos/ASL VIDEOS/WEEK/241b3ba2.mp4,data/local/ASL_hand_crops_av/WEEK_241b3ba2.jpg,640,480,52,30.0,1.7333333333333334,78.2518310546875,0.0,232.0522003173828,0.8958564012601896,0.20789039134979248,11,False,data/local/local_citizen100_quality_audit_q82_cap14_exact/landmarks/WEEK/241b3ba2.v17.npz,0764edda65507e63be65329f4b8bbc921f47004d1a5b476db1d731d78e4e453b,,1.0,0.921875,0.9375,0.2421875,NAME,NAME|READ|SCHOOL|WEEK|USE,0.07353238761425018,WEEK,WEEK|USE|WHAT|SCHOOL|LEARN,0.3962055444717407,tier_b_dual_top5_one_top1
WHEN,WHEN,C_03_086,canonical_and_pinned_raw_text_equal,local_hex_unknown_session,data/raw_videos/ASL VIDEOS/WHEN/e750d991.mp4,data/local/ASL_hand_crops_av/WHEN_e750d991.jpg,640,480,46,30.0,1.5333333333333334,70.34320068359375,0.082275390625,2394.053955078125,0.9084644331808249,0.27942031621932983,9,False,data/local/local_citizen100_quality_audit_q82_cap14_exact/landmarks/WHEN/e750d991.v17.npz,c24e6e9d5bc407d43ec08670ee7fa1203610af599fa8f27343826847be3aae69,,0.9473684210526315,0.85791015625,0.875,0.875,WHEN,WHEN|SIGN|WHAT|FRIEND|TIME,0.5885410308837891,SIGN,SIGN|WHEN|DIFFERENT|GO|BIG,0.34559252858161926,tier_b_dual_top5_one_top1
WHEN,WHEN,C_03_086,canonical_and_pinned_raw_text_equal,local_hex_unknown_session,data/raw_videos/ASL VIDEOS/WHEN/8432ebe9.mp4,data/local/ASL_hand_crops_av/WHEN_8432ebe9.jpg,640,480,30,30.0,1.0,93.0732421875,0.0255126953125,1269.966552734375,0.9417886740482397,0.44723784923553467,3,False,data/local/local_citizen100_quality_audit_q82_cap14_exact/landmarks/WHEN/8432ebe9.v17.npz,0ba5e66a416e349cbe123826280f217cd5bc50dc09142fb9561331730a22f403,,0.9666666666666667,0.7177734375,0.84375,0.7734375,SIGN,SIGN|WHEN|WHAT|FRIEND|NAME,0.3076578378677368,WHEN,WHEN|SIGN|ANGRY|WHAT|NAME,0.5624858736991882,tier_b_dual_top5_one_top1
WHEN,WHEN,C_03_086,canonical_and_pinned_raw_text_equal,local_hex_unknown_session,data/raw_videos/ASL VIDEOS/WHEN/7241671b.mp4,data/local/ASL_hand_crops_av/WHEN_7241671b.jpg,640,480,25,30.0,0.8333333333333334,130.9566650390625,0.0,143.92327880859375,0.8967405158783219,0.29813385009765625,8,False,data/local/local_citizen100_quality_audit_q82_cap14_exact/landmarks/WHEN/7241671b.v17.npz,d215af7fde12cb24a517e20b52b654de8fc1cec4dd00d04becd20de3e51057b3,,1.0,0.828125,1.0,0.265625,FRIEND,FRIEND|WHEN|NAME|TIME|WEEK,0.15459805727005005,WHEN,WHEN|FRIEND|ANSWER|NAME|SIGN,0.1974421739578247,tier_b_dual_top5_one_top1
WHEN,WHEN,C_03_086,canonical_and_pinned_raw_text_equal,local_hex_unknown_session,data/raw_videos/ASL VIDEOS/WHEN/cbbddadc.mp4,data/local/ASL_hand_crops_av/WHEN_cbbddadc.jpg,640,480,28,30.0,0.9333333333333333,148.41534423828125,0.08819580078125,5680.4052734375,0.9420270172596013,0.23468607664108276,12,False,data/local/local_citizen100_quality_audit_q82_cap14_exact/landmarks/WHEN/cbbddadc.v17.npz,af5338d1bee52613e46df17279c348ac280f39d5bb82a6110d1f3431186707e1,,1.0,0.89892578125,0.625,0.625,SIGN,SIGN|WHEN|WHAT|HAVE|MAKE,0.11831323802471161,WHEN,WHEN|SIGN|FRIEND|I|MAKE,0.5337728261947632,tier_b_dual_top5_one_top1
WHERE,WHERE,B_02_035,canonical_and_pinned_raw_text_equal,local_hex_unknown_session,data/raw_videos/ASL VIDEOS/WHERE/4ac61425.mp4,data/local/ASL_hand_crops_av/WHERE_4ac61425.jpg,640,480,41,30.0,1.3666666666666667,86.15496826171875,0.00140380859375,3284.892822265625,0.9522891529969896,0.4507073760032654,2,False,data/local/local_citizen100_quality_audit_q82_cap14_exact/landmarks/WHERE/4ac61425.v17.npz,5911a45c25e72d3efa4f374ee5a255aee4e86a56baa1e40d407050292e555dc3,,1.0,0.5,1.0,0.8046875,HE,HE|WHERE|DIFFERENT|ASK|NEED,0.36677879095077515,WHERE,WHERE|HE|NEED|I|ASK,0.9111183285713196,tier_b_dual_top5_one_top1
WHERE,WHERE,B_02_035,canonical_and_pinned_raw_text_equal,local_hex_unknown_session,data/raw_videos/ASL VIDEOS/WHERE/6d5d5cde.mp4,data/local/ASL_hand_crops_av/WHERE_6d5d5cde.jpg,640,480,58,30.0,1.9333333333333333,88.6944580078125,0.0,303.6361999511719,0.9259154504249707,0.5177317261695862,3,False,data/local/local_citizen100_quality_audit_q82_cap14_exact/landmarks/WHERE/6d5d5cde.v17.npz,87d73a27cf4d8c8c8e5013463ac241b2101ec0d604030f57f3eac83728b5fb41,,0.8771929824561403,0.430908203125,1.0,0.0,HE,HE|WHERE|SEE|ASK|LISTEN,0.23954233527183533,WHERE,WHERE|HE|YOU|WHO|ASK,0.296345591545105,tier_b_dual_top5_one_top1
WHERE,WHERE,B_02_035,canonical_and_pinned_raw_text_equal,local_hex_unknown_session,data/raw_videos/ASL VIDEOS/WHERE/10cce320.mp4,data/local/ASL_hand_crops_av/WHERE_10cce320.jpg,640,480,42,30.0,1.4,63.48150634765625,0.116455078125,1885.9151611328125,0.8868159556821722,0.20927762985229492,8,False,data/local/local_citizen100_quality_audit_q82_cap14_exact/landmarks/WHERE/10cce320.v17.npz,a597d6cbbeca6e84f5198a22044292f942a05fa45d1480f60027c7db70f48215,,1.0,0.5,0.96875,0.0,HE,HE|WHERE|ASK|DIFFERENT|YOU,0.0768296867609024,WHERE,WHERE|HE|NEED|THEY|ASK,0.3484936058521271,tier_b_dual_top5_one_top1
WHO,WHO,C_01_041,canonical_and_pinned_raw_text_equal,local_hex_unknown_session,data/raw_videos/ASL VIDEOS/WHO/955c68c7.mp4,data/local/ASL_hand_crops_av/WHO_955c68c7.jpg,640,480,48,30.0,1.6,88.23321533203125,0.0015869140625,3391.753173828125,0.9594842758537423,0.47112298011779785,3,False,data/local/local_citizen100_quality_audit_q82_cap14_exact/landmarks/WHO/955c68c7.v17.npz,ccafdcdd354f1f556064b32334fb9220a0516bffb5e9eff7ba90a5dcc956b0fd,,1.0,0.5,0.84375,0.640625,WHERE,WHERE|WHO|YOU|ASK|HE,0.399183064699173,WHO,WHO|WHERE|YOU|HE|ASK,0.4954218864440918,tier_b_dual_top5_one_top1
WHO,WHO,C_01_041,canonical_and_pinned_raw_text_equal,local_hex_unknown_session,data/raw_videos/ASL VIDEOS/WHO/340ff0c9.mp4,data/local/ASL_hand_crops_av/WHO_340ff0c9.jpg,640,480,25,30.0,0.8333333333333334,121.079833984375,0.0,150.40432739257812,0.8981226409838661,0.16188031435012817,14,False,data/local/local_citizen100_quality_audit_q82_cap14_exact/landmarks/WHO/340ff0c9.v17.npz,c41ef6eec422997613fd92afdd68911720b6efc8c4ee550123c0d1c853e056b6,,1.0,0.5,1.0,0.5859375,WHO,WHO|HOSPITAL|LOVE|MOTHER|WATER,0.4115576446056366,HE,HE|WHO|MOTHER|HOSPITAL|THEY,0.22180743515491486,tier_b_dual_top5_one_top1
WHO,WHO,C_01_041,canonical_and_pinned_raw_text_equal,local_hex_unknown_session,data/raw_videos/ASL VIDEOS/WHO/ab3931bc.mp4,data/local/ASL_hand_crops_av/WHO_ab3931bc.jpg,640,480,50,30.0,1.6666666666666667,86.9453125,0.0345458984375,448.71337890625,0.9438915934833196,0.18978279829025269,12,False,data/local/local_citizen100_quality_audit_q82_cap14_exact/landmarks/WHO/ab3931bc.v17.npz,8262be18bc9b7156661f02dac32f4c027d7b05305f6456669aef84c5cd93069f,,0.8863636363636364,0.4375,0.90625,0.234375,WHERE,WHERE|WHO|YOU|ASK|YES,0.10759390890598297,WHO,WHO|YOU|WHERE|TAKE|HOME,0.6727502942085266,tier_b_dual_top5_one_top1
WHY,WHY,D_01_067,canonical_and_pinned_raw_text_equal,local_hex_unknown_session,data/raw_videos/ASL VIDEOS/WHY/57a442d0.mp4,data/local/ASL_hand_crops_av/WHY_57a442d0.jpg,640,480,29,30.0,0.9666666666666667,94.483642578125,0.0028076171875,3439.4443359375,0.9468326772123224,0.5144652128219604,2,False,data/local/local_citizen100_quality_audit_q82_cap14_exact/landmarks/WHY/57a442d0.v17.npz,bf11c57d9b11a72422e24a12b41d58de527c01992be41f99e54db7d823cee79f,,1.0,0.5,0.875,0.65625,WHY,WHY|THANKYOU|KNOW|WAIT|STOP,0.41725990176200867,KNOW,KNOW|WHY|THANKYOU|MAYBE|SAD,0.22107535600662231,tier_b_dual_top5_one_top1
WORK,WORK,B_03_059,canonical_and_pinned_raw_text_equal,local_hex_unknown_session,data/raw_videos/ASL VIDEOS/WORK/c984ca09.mp4,data/local/ASL_hand_crops_av/WORK_c984ca09.jpg,640,480,27,30.0,0.9,132.43792724609375,0.02032470703125,3288.5,0.9663141272081537,,1,False,data/local/local_citizen100_quality_audit_q82_cap14_exact/landmarks/WORK/c984ca09.v17.npz,016d3ae4ff4420643771e11e4eedbf38245f177b48974a4140c0c8b6489adc9d,,0.8260869565217391,0.765625,0.75,0.40625,HOSPITAL,HOSPITAL|WORK|LOVE|USE|NIGHT,0.1411481350660324,WORK,WORK|YESTERDAY|NIGHT|HOSPITAL|LOVE,0.22521331906318665,tier_b_dual_top5_one_top1
WRITE,WRITE,D_01_051,canonical_and_pinned_raw_text_equal,local_hex_unknown_session,data/raw_videos/ASL VIDEOS/WRITE/dc3b4e86.mp4,data/local/ASL_hand_crops_av/WRITE_dc3b4e86.jpg,640,480,30,30.0,1.0,87.629150390625,0.08050537109375,1477.4522705078125,0.920861640480507,0.4552256464958191,2,False,data/local/local_citizen100_quality_audit_q82_cap14_exact/landmarks/WRITE/dc3b4e86.v17.npz,04627ea2db6a469c4188d0fc7e8afefa534f700eb714124bfbde84b8fdbf48a1,,1.0,0.994140625,0.84375,0.84375,NAME,NAME|DOCTOR|WRITE|READ|FRIEND,0.11584318429231644,WRITE,WRITE|DOCTOR|TIME|READ|NIGHT,0.5668453574180603,tier_b_dual_top5_one_top1
WRITE,WRITE,D_01_051,canonical_and_pinned_raw_text_equal,local_hex_unknown_session,data/raw_videos/ASL VIDEOS/WRITE/94c640c1.mp4,data/local/ASL_hand_crops_av/WRITE_94c640c1.jpg,640,480,39,30.0,1.3,60.1964111328125,0.18084716796875,736.919677734375,0.8675692293770579,0.10033297538757324,14,False,data/local/local_citizen100_quality_audit_q82_cap14_exact/landmarks/WRITE/94c640c1.v17.npz,c3d4a7a4cec934fc69f3a0f510cd061dff5acda599e1ad5fce61695602668330,,1.0,0.83837890625,0.84375,0.84375,FRIEND,FRIEND|WRITE|WHAT|TIRED|COLD,0.10299892723560333,WRITE,WRITE|MAKE|DOCTOR|YEAR|WHAT,0.3475465774536133,tier_b_dual_top5_one_top1
YES,YES,G_03_074,canonical_and_pinned_raw_text_equal,local_numbered_single_session,data/raw_videos/ASL VIDEOS/YES/YES_2.mp4,data/local/ASL_hand_crops_av/YES_YES_2.jpg,640,480,47,30.0,1.5666666666666667,139.33148193359375,0.0,6765.6689453125,0.9963997520452006,,1,False,data/local/local_citizen100_quality_audit_q82_cap14_exact/landmarks/YES/YES_2.v17.npz,7043183194afe3b14f194d89d934e474789133d17e74458fe619615fd511b37f,,1.0,0.5,0.875,0.09375,CHILD,CHILD|YES|NEED|COME|GOODBYE,0.40673449635505676,YES,YES|CHILD|NEED|HE|WHAT,0.7147897481918335,tier_b_dual_top5_one_top1
YES,YES,G_03_074,canonical_and_pinned_raw_text_equal,local_hex_unknown_session,data/raw_videos/ASL VIDEOS/YES/b493e258.mp4,data/local/ASL_hand_crops_av/YES_b493e258.jpg,640,480,22,30.0,0.7333333333333333,74.23162841796875,0.00958251953125,788.973388671875,0.8883542385447935,0.2367875576019287,9,False,data/local/local_citizen100_quality_audit_q82_cap14_exact/landmarks/YES/b493e258.v17.npz,1769f394a500412e3b6b7619aae91bff4a8dea66f8e87addb1f8be2fa0f90f4a,,1.0,0.59375,0.78125,0.390625,CHILD,CHILD|YES|NEED|COME|WE,0.18576326966285706,YES,YES|NEED|CHILD|HE|WE,0.39166948199272156,tier_b_dual_top5_one_top1
YES,YES,G_03_074,canonical_and_pinned_raw_text_equal,local_hex_unknown_session,data/raw_videos/ASL VIDEOS/YES/ca766a4f.mp4,data/local/ASL_hand_crops_av/YES_ca766a4f.jpg,640,480,26,30.0,0.8666666666666667,66.18408203125,0.1524658203125,667.9076538085938,0.8581570250102333,0.16996073722839355,13,False,data/local/local_citizen100_quality_audit_q82_cap14_exact/landmarks/YES/ca766a4f.v17.npz,5c925fec9f041fc1b59c0f1cfa2af5e7b640fbe7a2a23f34e862c000002925ca,,1.0,0.48876953125,0.96875,0.96875,YESTERDAY,YESTERDAY|YES|TOMORROW|FIND|HOME,0.15997904539108276,YES,YES|YESTERDAY|FIND|TOMORROW|GO,0.8427016735076904,tier_b_dual_top5_one_top1
YES,YES,G_03_074,canonical_and_pinned_raw_text_equal,local_hex_unknown_session,data/raw_videos/ASL VIDEOS/YES/1b057819.mp4,data/local/ASL_hand_crops_av/YES_1b057819.jpg,640,480,25,30.0,0.8333333333333334,128.9317626953125,0.0,195.3134765625,0.9140462703958752,0.3047581911087036,7,False,data/local/local_citizen100_quality_audit_q82_cap14_exact/landmarks/YES/1b057819.v17.npz,c243f6a40a50da420ca174fca57d09f3819dd99dad66e7da60250d979dd45466,,0.96,0.5,1.0,0.7578125,NEED,NEED|CHILD|YES|YESTERDAY|THINK,0.1115172952413559,YES,YES|NEED|THINK|CHILD|YESTERDAY,0.631218433380127,tier_b_dual_top5_one_top1
YES,YES,G_03_074,canonical_and_pinned_raw_text_equal,local_hex_unknown_session,data/raw_videos/ASL VIDEOS/YES/94c866d9.mp4,data/local/ASL_hand_crops_av/YES_94c866d9.jpg,640,480,83,30.0,2.7666666666666666,84.24603271484375,0.073486328125,475.54986572265625,0.8659359819542076,0.17168790102005005,12,False,data/local/local_citizen100_quality_audit_q82_cap14_exact/landmarks/YES/94c866d9.v17.npz,c0945796c1955f62b42baff365b5fb4903d0d06cfd4d92a2edb3141d84a04b3d,,0.9622641509433962,0.483642578125,0.9375,0.0,NEED,NEED|YES|CHILD|WHERE|HE,0.09253331273794174,YES,YES|NEED|YESTERDAY|THINK|CHILD,0.6092821955680847,tier_b_dual_top5_one_top1
YES,YES,G_03_074,canonical_and_pinned_raw_text_equal,local_hex_unknown_session,data/raw_videos/ASL VIDEOS/YES/a43a7007.mp4,data/local/ASL_hand_crops_av/YES_a43a7007.jpg,640,480,43,30.0,1.4333333333333333,86.31048583984375,0.00982666015625,3293.468017578125,0.9524738348997697,0.35627996921539307,4,False,data/local/local_citizen100_quality_audit_q82_cap14_exact/landmarks/YES/a43a7007.v17.npz,0958380c69f64f8b7e4b89781ede074aa7593d5f48ab1f19d2fa53c31c428efa,,1.0,0.5087890625,0.9375,0.5234375,CHILD,CHILD|GOODBYE|YESTERDAY|YES|NEED,0.08572617173194885,YES,YES|CHILD|YESTERDAY|NEED|GO,0.7485496401786804,tier_b_dual_top5_one_top1
YES,YES,G_03_074,canonical_and_pinned_raw_text_equal,local_hex_unknown_session,data/raw_videos/ASL VIDEOS/YES/d0cd7640.mp4,data/local/ASL_hand_crops_av/YES_d0cd7640.jpg,640,480,91,30.0,3.033333333333333,103.1307373046875,0.0,674.1646728515625,0.8895252639789673,0.34613990783691406,5,False,data/local/local_citizen100_quality_audit_q82_cap14_exact/landmarks/YES/d0cd7640.v17.npz,0c82c13b7a4f23562aee26323baec39b7776c2563a6185f97697b6bb28077f4d,,0.9605263157894737,0.47314453125,0.9375,0.0625,NEED,NEED|CHILD|YES|COME|HE,0.055240556597709656,YES,YES|CHILD|YESTERDAY|WHERE|TOMORROW,0.361268550157547,tier_b_dual_top5_one_top1
YESTERDAY,YESTERDAY,D_01_024,canonical_and_pinned_raw_text_equal,local_hex_unknown_session,data/raw_videos/ASL VIDEOS/YESTERDAY/5522ad4a.mp4,data/local/ASL_hand_crops_av/YESTERDAY_5522ad4a.jpg,640,480,32,30.0,1.0666666666666667,66.497802734375,0.08868408203125,1496.26123046875,0.8830170892299911,0.22537577152252197,11,False,data/local/local_citizen100_quality_audit_q82_cap14_exact/landmarks/YESTERDAY/5522ad4a.v17.npz,59560b39647c56c5cfda1b5055752fe33dbc39937ed5d71aedfb586e7a3cfbd4,,1.0,0.5,0.78125,0.3984375,YES,YES|YESTERDAY|TOMORROW|COLD|CHILD,0.27786457538604736,YESTERDAY,YESTERDAY|TOMORROW|YES|THINK|GO,0.9536538124084473,tier_b_dual_top5_one_top1
YESTERDAY,YESTERDAY,D_01_024,canonical_and_pinned_raw_text_equal,local_hex_unknown_session,data/raw_videos/ASL VIDEOS/YESTERDAY/fd142117.mp4,data/local/ASL_hand_crops_av/YESTERDAY_fd142117.jpg,640,480,22,30.0,0.7333333333333333,102.50457763671875,0.0,114.73115539550781,0.8587445883947414,0.2556579113006592,10,False,data/local/local_citizen100_quality_audit_q82_cap14_exact/landmarks/YESTERDAY/fd142117.v17.npz,899cefd03db73e36c70fa89bba0446ded681891946a411c07b9d5cbe8f9426c7,,1.0,0.5,0.78125,0.046875,YES,YES|YESTERDAY|SAME|TAKE|CHILD,0.09985586255788803,YESTERDAY,YESTERDAY|YES|TOMORROW|WORK|COLD,0.8604686260223389,tier_b_dual_top5_one_top1
YOU,YOU,D_02_065,canonical_and_pinned_raw_text_equal,local_hex_unknown_session,data/raw_videos/ASL VIDEOS/YOU/5b5dc2ad.mp4,data/local/ASL_hand_crops_av/YOU_5b5dc2ad.jpg,640,480,20,30.0,0.6666666666666666,115.37286376953125,0.0927734375,2475.88671875,0.925684664944172,0.34074825048446655,7,False,data/local/local_citizen100_quality_audit_q82_cap14_exact/landmarks/YOU/5b5dc2ad.v17.npz,06428f4b6b414fa51a8e330534953aee72927ace633ae32f4615ea1a979764a5,,1.0,0.5,0.84375,0.421875,TELL,TELL|YOU|I|WHO|LIKE,0.27691400051116943,YOU,YOU|TELL|GIVE|LIKE|THEY,0.33290961384773254,tier_b_dual_top5_one_top1
YOUR,YOUR,F_01_052,canonical_and_pinned_raw_text_equal,local_hex_unknown_session,data/raw_videos/ASL VIDEOS/YOUR/c8b42a90.mp4,data/local/ASL_hand_crops_av/YOUR_c8b42a90.jpg,640,480,36,30.0,1.2,57.1881103515625,0.2098388671875,946.6098022460938,0.8536973095169222,0.3258547782897949,8,False,data/local/local_citizen100_quality_audit_q82_cap14_exact/landmarks/YOUR/c8b42a90.v17.npz,18c4bc7c42f0815e20af3b26afd34d3c31ff72cc2361d07291483d76a8ff3e03,,0.875,0.5068359375,0.78125,0.78125,MOTHER,MOTHER|YOUR|HELLO|DRINK|GOODBYE,0.18670885264873505,YOUR,YOUR|HELLO|FIND|DRINK|GOODBYE,0.3746281564235687,tier_b_dual_top5_one_top1
YOUR,YOUR,F_01_052,canonical_and_pinned_raw_text_equal,local_numbered_single_session,data/raw_videos/ASL VIDEOS/YOUR/YOUR_24.mp4,data/local/ASL_hand_crops_av/YOUR_YOUR_24.jpg,640,480,28,30.0,0.9333333333333333,152.689208984375,0.0,1633.994873046875,0.9580360284099882,0.3598439693450928,5,False,data/local/local_citizen100_quality_audit_q82_cap14_exact/landmarks/YOUR/YOUR_24.v17.npz,15410f9fc2dd041356d0644d84b475d044e598fb09f0ab7d1496f027caee3643,,1.0,0.5,0.90625,0.90625,YOUR,YOUR|GOODBYE|TALK|MOTHER|HEAR,0.5636187791824341,TALK,TALK|GOODBYE|YOUR|MOTHER|WHERE,0.1567423939704895,tier_b_dual_top5_one_top1
ANSWER,ANSWER,E_03_065,canonical_and_pinned_raw_text_equal,local_hex_unknown_session,data/raw_videos/ASL VIDEOS/ANSWER/8a965e49.mp4,data/local/ASL_hand_crops_av/ANSWER_8a965e49.jpg,640,480,21,30.0,0.7,85.639404296875,0.00860595703125,1837.11572265625,0.9089193767673975,0.4512326121330261,3,False,data/local/local_citizen100_quality_audit_q82_cap14_exact/landmarks/ANSWER/8a965e49.v17.npz,73ae5dacb5e67edf3f3eb22b12fa831b1c5b18dba5edb1a0750bd406820e8faa,,0.8,0.73876953125,0.84375,0.7421875,WHEN,WHEN|ANSWER|FRIEND|DIFFERENT|WEEK,0.29140761494636536,GO,GO|ANSWER|WHEN|FAMILY|DIFFERENT,0.25163453817367554,tier_c_dual_top5_only
ANSWER,ANSWER,E_03_065,canonical_and_pinned_raw_text_equal,local_hex_unknown_session,data/raw_videos/ASL VIDEOS/ANSWER/2d4a7d50.mp4,data/local/ASL_hand_crops_av/ANSWER_2d4a7d50.jpg,640,480,27,30.0,0.9,125.0616455078125,0.007568359375,1911.6768798828125,0.9697998727296033,0.2913033366203308,8,False,data/local/local_citizen100_quality_audit_q82_cap14_exact/landmarks/ANSWER/2d4a7d50.v17.npz,561797e959f0d5fcae433d950f9fd6a82792ce7cd1ed009965babe738f10abec,,0.8095238095238095,0.791015625,0.8125,0.6171875,WHEN,WHEN|WEEK|ANSWER|SEE|UNDERSTAND,0.071223184466362,WEEK,WEEK|ANSWER|FAMILY|WHEN|FRIEND,0.23768678307533264,tier_c_dual_top5_only
ANSWER,ANSWER,E_03_065,canonical_and_pinned_raw_text_equal,local_hex_unknown_session,data/raw_videos/ASL VIDEOS/ANSWER/df4bcc27.mp4,data/local/ASL_hand_crops_av/ANSWER_df4bcc27.jpg,640,480,28,30.0,0.9333333333333333,126.50384521484375,0.00531005859375,2148.8828125,0.9729744810006118,0.4091153144836426,5,False,data/local/local_citizen100_quality_audit_q82_cap14_exact/landmarks/ANSWER/df4bcc27.v17.npz,30d8075ba08ca0bee9d70d05d1677482c9a2e484d4d9710de6e7aa3c31785e36,,0.8260869565217391,0.77978515625,0.75,0.65625,WHEN,WHEN|WEEK|THEY|ANSWER|MAKE,0.046686768531799316,WEEK,WEEK|WHEN|ANSWER|FRIEND|FAMILY,0.04367496818304062,tier_c_dual_top5_only
ASK,ASK,B_02_023,canonical_and_pinned_raw_text_equal,local_hex_unknown_session,data/raw_videos/ASL VIDEOS/ASK/5f66b7c6.mp4,data/local/ASL_hand_crops_av/ASK_5f66b7c6.jpg,640,480,22,30.0,0.7333333333333333,99.01593017578125,0.0,158.68014526367188,0.8720202520639214,0.12567418813705444,13,False,data/local/local_citizen100_quality_audit_q82_cap14_exact/landmarks/ASK/5f66b7c6.v17.npz,8df04a28fc33dc758ea64b05c4f3e46342fed77a0c75e6c2b9272321fbd17694,,1.0,0.5,0.78125,0.78125,WHO,WHO|YOU|ASK|HOSPITAL|WE,0.04812934994697571,YOU,YOU|WHO|ASK|THEY|WHERE,0.03441402316093445,tier_c_dual_top5_only
ASK,ASK,B_02_023,canonical_and_pinned_raw_text_equal,local_numbered_single_session,data/raw_videos/ASL VIDEOS/ASK/ASK_7.mp4,data/local/ASL_hand_crops_av/ASK_ASK_7.jpg,640,480,36,30.0,1.2,117.8719482421875,0.0,3735.5908203125,0.9875379637754687,,1,False,data/local/local_citizen100_quality_audit_q82_cap14_exact/landmarks/ASK/ASK_7.v17.npz,c6161965a3c267bf49965a7ba4ec4598f03afc770f8cd2a3addc954e1527c255,,1.0,0.5,0.90625,0.515625,HE,HE|WHERE|ASK|NEED|DIFFERENT,0.056586023420095444,NEED,NEED|WHERE|HE|ASK|YOU,0.01550204586237669,tier_c_dual_top5_only
ASK,ASK,B_02_023,canonical_and_pinned_raw_text_equal,local_hex_unknown_session,data/raw_videos/ASL VIDEOS/ASK/1fcfd928.mp4,data/local/ASL_hand_crops_av/ASK_1fcfd928.jpg,640,480,57,30.0,1.9,90.1900634765625,0.0,490.48187255859375,0.9568173245494854,0.10593736171722412,12,False,data/local/local_citizen100_quality_audit_q82_cap14_exact/landmarks/ASK/1fcfd928.v17.npz,9f9415e4bffab0bf52148a3921cd3dac36f8f3522aed4571355cebc7549ab0f6,,1.0,0.4970703125,1.0,0.0,WHERE,WHERE|HE|YOU|ASK|NEED,0.013616382144391537,WHERE,WHERE|HE|ASK|NEED|YOU,0.029671458527445793,tier_c_dual_top5_only
ASK,ASK,B_02_023,canonical_and_pinned_raw_text_equal,local_hex_unknown_session,data/raw_videos/ASL VIDEOS/ASK/427ef099.mp4,data/local/ASL_hand_crops_av/ASK_427ef099.jpg,640,480,25,30.0,0.8333333333333334,102.52008056640625,0.0,225.01824951171875,0.9046507847671834,0.24891877174377441,6,False,data/local/local_citizen100_quality_audit_q82_cap14_exact/landmarks/ASK/427ef099.v17.npz,94713b1f835e793488f7167ca2559b83d3f5df29244b41ac98954d684a9413ab,,1.0,0.5,1.0,0.2578125,HE,HE|WHERE|NEED|YOU|ASK,0.03913350775837898,NEED,NEED|YOU|HE|WHERE|ASK,0.009269574657082558,tier_c_dual_top5_only
BAD,BAD,B_02_082,canonical_and_pinned_raw_text_equal,local_hex_unknown_session,data/raw_videos/ASL VIDEOS/BAD/26e52cbb.mp4,data/local/ASL_hand_crops_av/BAD_26e52cbb.jpg,640,480,29,30.0,0.9666666666666667,62.44342041015625,0.0828857421875,2525.6396484375,0.8691258982965914,0.1332603096961975,9,False,data/local/local_citizen100_quality_audit_q82_cap14_exact/landmarks/BAD/26e52cbb.v17.npz,0f845a901cf6b711455b40bb589b6997e6c95eba5c4a50ea40b59340cfb6537b,,1.0,0.5,0.875,0.3046875,HOT,HOT|DRINK|BAD|YOUR|THANKYOU,0.07815181463956833,HOT,HOT|BAD|YOUR|HELLO|MOTHER,0.1904679387807846,tier_c_dual_top5_only
BAD,BAD,B_02_082,canonical_and_pinned_raw_text_equal,local_hex_unknown_session,data/raw_videos/ASL VIDEOS/BAD/a1b7f671.mp4,data/local/ASL_hand_crops_av/BAD_a1b7f671.jpg,640,480,17,30.0,0.5666666666666667,109.36163330078125,0.02606201171875,2140.18310546875,0.9281382941327893,0.3380396366119385,6,False,data/local/local_citizen100_quality_audit_q82_cap14_exact/landmarks/BAD/a1b7f671.v17.npz,6ccf38959c76806615ef187256998d8a0c97420b819d7eb55a16f95b0eb375a1,,1.0,0.5,1.0,0.015625,OUR,OUR|BAD|DOCTOR|HOME|TALK,0.16516825556755066,LESS,LESS|BAD|HOME|GOODBYE|WOMAN,0.05905458703637123,tier_c_dual_top5_only
BIG,BIG,F_02_054,canonical_and_pinned_raw_text_equal,local_hex_unknown_session,data/raw_videos/ASL VIDEOS/BIG/f704cf14.mp4,data/local/ASL_hand_crops_av/BIG_f704cf14.jpg,640,480,66,30.0,2.2,101.81903076171875,0.0042724609375,1624.0947265625,0.9596936476451265,0.08103489875793457,9,False,data/local/local_citizen100_quality_audit_q82_cap14_exact/landmarks/BIG/f704cf14.v17.npz,103af2a34a39f05ae724cdd15a67060953f0aeb86fdfe7c0bfcbf728101d2804,,0.9245283018867925,0.89599609375,0.78125,0.703125,LANGUAGE,LANGUAGE|BIG|WRITE|NOW|DIFFERENT,0.14410056173801422,LANGUAGE,LANGUAGE|BIG|DIFFERENT|TRY|GO,0.31508737802505493,tier_c_dual_top5_only
BIG,BIG,F_02_054,canonical_and_pinned_raw_text_equal,local_hex_unknown_session,data/raw_videos/ASL VIDEOS/BIG/05d22988.mp4,data/local/ASL_hand_crops_av/BIG_05d22988.jpg,640,480,30,30.0,1.0,61.2158203125,0.08740234375,1163.652099609375,0.8681528489204264,0.30067306756973267,4,False,data/local/local_citizen100_quality_audit_q82_cap14_exact/landmarks/BIG/05d22988.v17.npz,eefb6b2be4362fc8428aef46746473ebd794015c825f10c1baac20cab6a3cd26,,1.0,0.8271484375,0.84375,0.5625,LANGUAGE,LANGUAGE|TRY|BIG|HAVE|NOW,0.16182976961135864,LANGUAGE,LANGUAGE|TRY|WRITE|SAME|BIG,0.0615997314453125,tier_c_dual_top5_only
BIG,BIG,F_02_054,canonical_and_pinned_raw_text_equal,local_hex_unknown_session,data/raw_videos/ASL VIDEOS/BIG/dae4325c.mp4,data/local/ASL_hand_crops_av/BIG_dae4325c.jpg,640,480,30,30.0,1.0,53.82012939453125,0.11669921875,2053.87109375,0.848987954010594,0.11656802892684937,7,False,data/local/local_citizen100_quality_audit_q82_cap14_exact/landmarks/BIG/dae4325c.v17.npz,7cf710f774ad84d595f9919f3d9d8588187ac91f86cca868e5f560445d7c1187,,0.9230769230769231,0.78369140625,0.65625,0.578125,LANGUAGE,LANGUAGE|BIG|READY|TRY|NOW,0.3341636657714844,LANGUAGE,LANGUAGE|READY|IMPORTANT|WHAT|BIG,0.01952197216451168,tier_c_dual_top5_only
COLD,COLD,C_02_068,canonical_and_pinned_raw_text_equal,local_hex_unknown_session,data/raw_videos/ASL VIDEOS/COLD/cc3b3acd.mp4,data/local/ASL_hand_crops_av/COLD_cc3b3acd.jpg,640,480,45,30.0,1.5,82.8167724609375,0.0,206.16073608398438,0.8990519091930769,0.135451078414917,9,False,data/local/local_citizen100_quality_audit_q82_cap14_exact/landmarks/COLD/cc3b3acd.v17.npz,a245b57c3dbf32b6477f35ddf5da1bdecd359fbc11e4bc28df0b06c92325a740,,0.9047619047619048,0.875,0.78125,0.640625,TIRED,TIRED|COLD|NOW|HAVE|TRY,0.13554762303829193,TIRED,TIRED|NOW|TRY|COLD|FAMILY,0.10245104879140854,tier_c_dual_top5_only
COME,COME,C_03_074,canonical_and_pinned_raw_text_equal,local_hex_unknown_session,data/raw_videos/ASL VIDEOS/COME/987df0fa.mp4,data/local/ASL_hand_crops_av/COME_987df0fa.jpg,640,480,28,30.0,0.9333333333333333,51.135986328125,0.24285888671875,686.4147338867188,0.8227223428206107,0.42759472131729126,3,False,data/local/local_citizen100_quality_audit_q82_cap14_exact/landmarks/COME/987df0fa.v17.npz,5479e735f3e9c30461f4843d1b5c91284020880a39943ea16ee5b9d16bccf0b2,,0.8571428571428571,0.5,0.90625,0.90625,YES,YES|WE|NEED|TAKE|COME,0.02575654350221157,WE,WE|YES|NEED|TAKE|COME,0.04449839890003204,tier_c_dual_top5_only
COME,COME,C_03_074,canonical_and_pinned_raw_text_equal,local_hex_unknown_session,data/raw_videos/ASL VIDEOS/COME/9796564a.mp4,data/local/ASL_hand_crops_av/COME_9796564a.jpg,640,480,19,30.0,0.6333333333333333,138.85528564453125,0.0615234375,3183.8232421875,0.931466721303317,0.13873082399368286,9,False,data/local/local_citizen100_quality_audit_q82_cap14_exact/landmarks/COME/9796564a.v17.npz,3e70a4ebf5bccef662f6676033f4d163cf572dd752c2acc6272f9a0b31cfa1ed,,1.0,0.5,0.90625,0.5,WE,WE|NEED|THINK|COME|I,0.021914560347795486,WE,WE|NEED|THINK|DAY|COME,0.020060276612639427,tier_c_dual_top5_only
DAY,DAY,C_01_044,canonical_and_pinned_raw_text_equal,local_hex_unknown_session,data/raw_videos/ASL VIDEOS/DAY/abe26bfb.mp4,data/local/ASL_hand_crops_av/DAY_abe26bfb.jpg,640,480,41,30.0,1.3666666666666667,142.2708740234375,0.03021240234375,1767.0810546875,0.9837044301211676,,1,False,data/local/local_citizen100_quality_audit_q82_cap14_exact/landmarks/DAY/abe26bfb.v17.npz,9e72106f0286b559fb794ace5a8b0a11eaaf9aad4e9429cd66af5a5aaa8ee83c,,0.8620689655172413,0.521484375,0.59375,0.59375,HOSPITAL,HOSPITAL|LOVE|WE|DAY|THEY,0.048570286482572556,HOSPITAL,HOSPITAL|DAY|LOVE|USE|WE,0.06832747906446457,tier_c_dual_top5_only
FATHER,FATHER,B_01_077,canonical_and_pinned_raw_text_equal,local_hex_unknown_session,data/raw_videos/ASL VIDEOS/FATHER/ae4036e0.mp4,data/local/ASL_hand_crops_av/FATHER_ae4036e0.jpg,640,480,18,30.0,0.6,97.05865478515625,0.0,139.9688720703125,0.8503338294498015,0.14070886373519897,11,False,data/local/local_citizen100_quality_audit_q82_cap14_exact/landmarks/FATHER/ae4036e0.v17.npz,0235b31e884f6ae0a50ce90422e7fec43e3bca5827783da41d702c60673173a5,,1.0,0.5,0.96875,0.484375,HEAR,HEAR|HELLO|FATHER|GOODBYE|LISTEN,0.10090392082929611,HEAR,HEAR|FATHER|HELLO|WHY|LISTEN,0.30640503764152527,tier_c_dual_top5_only
FATHER,FATHER,B_01_077,canonical_and_pinned_raw_text_equal,local_hex_unknown_session,data/raw_videos/ASL VIDEOS/FATHER/7d91602c.mp4,data/local/ASL_hand_crops_av/FATHER_7d91602c.jpg,640,480,16,30.0,0.5333333333333333,96.82318115234375,0.0,159.87042236328125,0.8512894607032525,0.22111403942108154,5,False,data/local/local_citizen100_quality_audit_q82_cap14_exact/landmarks/FATHER/7d91602c.v17.npz,725201fe0896ce39794b8cf44938ac849ac09ccdc4311f8e56a0582ce0f4cdef,,1.0,0.5,0.5625,0.296875,HEAR,HEAR|HELLO|FATHER|GOODBYE|MOTHER,0.04659068584442139,HEAR,HEAR|FATHER|HELLO|WHY|LISTEN,0.1799982488155365,tier_c_dual_top5_only
FRIEND,FRIEND,D_03_010,canonical_and_pinned_raw_text_equal,local_hex_unknown_session,data/raw_videos/ASL VIDEOS/FRIEND/8b7eb3b9.mp4,data/local/ASL_hand_crops_av/FRIEND_8b7eb3b9.jpg,640,480,43,30.0,1.4333333333333333,94.0859375,0.0,141.88845825195312,0.8977470532984617,0.16587841510772705,12,False,data/local/local_citizen100_quality_audit_q82_cap14_exact/landmarks/FRIEND/8b7eb3b9.v17.npz,9598eb82bc775be34db03ec6aa67669c9ffcaac0884fcd2da6c6d965304156fc,,0.8974358974358975,0.84619140625,0.84375,0.28125,WHEN,WHEN|ANSWER|FRIEND|MAKE|HOW,0.053718145936727524,WHEN,WHEN|SIGN|FRIEND|UNDERSTAND|WHAT,0.10921180993318558,tier_c_dual_top5_only
FRIEND,FRIEND,D_03_010,canonical_and_pinned_raw_text_equal,local_hex_unknown_session,data/raw_videos/ASL VIDEOS/FRIEND/b48e6ce2.mp4,data/local/ASL_hand_crops_av/FRIEND_b48e6ce2.jpg,640,480,37,30.0,1.2333333333333334,77.5511474609375,0.1796875,870.8462524414062,0.8965551918089114,0.17681217193603516,10,False,data/local/local_citizen100_quality_audit_q82_cap14_exact/landmarks/FRIEND/b48e6ce2.v17.npz,dd82b114da10a53a40a4282606912c86b1dbf4d4370f7a4431ccfe5e1d5b1674,,0.9354838709677419,0.84375,0.8125,0.6171875,WHEN,WHEN|FRIEND|WEEK|SIGN|ANSWER,0.05216232314705849,WHEN,WHEN|FRIEND|SIGN|GO|ANSWER,0.09079974889755249,tier_c_dual_top5_only
GO,GO,C_03_056,canonical_and_pinned_raw_text_equal,local_hex_unknown_session,data/raw_videos/ASL VIDEOS/GO/b2626d6d.mp4,data/local/ASL_hand_crops_av/GO_b2626d6d.jpg,640,480,59,30.0,1.9666666666666666,83.47265625,0.0,397.1583557128906,0.9296276237349623,0.5417938828468323,2,False,data/local/local_citizen100_quality_audit_q82_cap14_exact/landmarks/GO/b2626d6d.v17.npz,5e3ed7a7353058f34c766a46f4940a114493d6a368d306f4ad64a4e636960f45,,1.0,0.90625,0.96875,0.0078125,WHEN,WHEN|GO|DIFFERENT|FRIEND|YOU,0.1996321976184845,WHEN,WHEN|DIFFERENT|LANGUAGE|GO|SEE,0.06598642468452454,tier_c_dual_top5_only
GO,GO,C_03_056,canonical_and_pinned_raw_text_equal,local_numbered_single_session,data/raw_videos/ASL VIDEOS/GO/GO_16.mp4,data/local/ASL_hand_crops_av/GO_GO_16.jpg,640,480,56,30.0,1.8666666666666667,118.89874267578125,0.0,3952.654052734375,0.9933742036022,,1,False,data/local/local_citizen100_quality_audit_q82_cap14_exact/landmarks/GO/GO_16.v17.npz,5d3250e2ba14a4824b3b0325e004f4263bab9f987f73a7be137fceb40ebd2a4e,,0.9090909090909091,0.84375,0.75,0.34375,WHEN,WHEN|DIFFERENT|ANSWER|GO|UNDERSTAND,0.021568166092038155,DIFFERENT,DIFFERENT|GO|WHEN|SIGN|ANSWER,0.25361379981040955,tier_c_dual_top5_only
GOOD,GOOD,B_01_052,canonical_and_pinned_raw_text_equal,local_hex_unknown_session,data/raw_videos/ASL VIDEOS/GOOD/2777363b.mp4,data/local/ASL_hand_crops_av/GOOD_2777363b.jpg,640,480,19,30.0,0.6333333333333333,64.73974609375,0.1358642578125,1205.305908203125,0.838549820436262,0.1849668025970459,4,False,data/local/local_citizen100_quality_audit_q82_cap14_exact/landmarks/GOOD/2777363b.v17.npz,ffe4e0c36502bbc4832fa8871084b160605e36c49efc1040627003bfacc8dc10,,1.0,0.490966796875,0.90625,0.6953125,THANKYOU,THANKYOU|GOOD|EAT|HAPPY|COME,0.18779194355010986,THANKYOU,THANKYOU|GOOD|COME|WHY|EAT,0.14044508337974548,tier_c_dual_top5_only
GOOD,GOOD,B_01_052,canonical_and_pinned_raw_text_equal,local_hex_unknown_session,data/raw_videos/ASL VIDEOS/GOOD/1892a63d.mp4,data/local/ASL_hand_crops_av/GOOD_1892a63d.jpg,640,480,27,30.0,0.9,57.3931884765625,0.11846923828125,2266.52783203125,0.8487754030503678,0.12610137462615967,9,False,data/local/local_citizen100_quality_audit_q82_cap14_exact/landmarks/GOOD/1892a63d.v17.npz,3ab78a4f0b6d877d3ae7d9d80e2b19a10c67fd2b17a09d8f78d0703774dc53dd,,1.0,0.5,0.9375,0.4765625,THANKYOU,THANKYOU|GOOD|EAT|HAPPY|COME,0.1324918568134308,THANKYOU,THANKYOU|GOOD|BAD|MOTHER|HAPPY,0.2469330132007599,tier_c_dual_top5_only
GOOD,GOOD,B_01_052,canonical_and_pinned_raw_text_equal,local_numbered_single_session,data/raw_videos/ASL VIDEOS/GOOD/GOOD_14.mp4,data/local/ASL_hand_crops_av/GOOD_GOOD_14.jpg,640,480,44,30.0,1.4666666666666666,151.1561279296875,0.00140380859375,1043.3447265625,0.9841541784611202,,1,False,data/local/local_citizen100_quality_audit_q82_cap14_exact/landmarks/GOOD/GOOD_14.v17.npz,48c2be79026ffd68db805999314afb53694ad257181a8c90986b9a577ebfcce2,,1.0,0.5,0.9375,0.9375,THANKYOU,THANKYOU|MY|GOOD|EAT|HAPPY,0.08294375240802765,THANKYOU,THANKYOU|EAT|GOOD|MY|TALK,0.10187172889709473,tier_c_dual_top5_only
GOOD,GOOD,B_01_052,canonical_and_pinned_raw_text_equal,local_hex_unknown_session,data/raw_videos/ASL VIDEOS/GOOD/6e9d20d6.mp4,data/local/ASL_hand_crops_av/GOOD_6e9d20d6.jpg,640,480,35,30.0,1.1666666666666667,91.6724853515625,0.0,178.29757690429688,0.8968764883066307,0.12315940856933594,8,False,data/local/local_citizen100_quality_audit_q82_cap14_exact/landmarks/GOOD/6e9d20d6.v17.npz,0cbcba9e2b00b369eb9d640fa563e98ae9f7310b3cab451f6b5e98923593771c,,1.0,0.80517578125,0.9375,0.71875,EASY,EASY|STOP|SCHOOL|GOOD|HAPPY,0.0293659009039402,STOP,STOP|GOOD|EASY|SCHOOL|BAD,0.02095348946750164,tier_c_dual_top5_only
HELLO,HELLO,D_02_055,canonical_and_pinned_raw_text_equal,local_hex_unknown_session,data/raw_videos/ASL VIDEOS/HELLO/667f2790.mp4,data/local/ASL_hand_crops_av/HELLO_667f2790.jpg,640,480,39,30.0,1.3,65.3970947265625,0.08819580078125,2139.38134765625,0.8921759694973951,0.2295953631401062,5,False,data/local/local_citizen100_quality_audit_q82_cap14_exact/landmarks/HELLO/667f2790.v17.npz,1ea0bf65c3eb23a0a736e67a14b1b2914b0914a9c43c3f9c2e5895922147d3dd,,1.0,0.5,0.84375,0.0078125,GOODBYE,GOODBYE|YOUR|HELLO|CHILD|OUR,0.08633352071046829,HEAR,HEAR|GOODBYE|MOTHER|HELLO|YOUR,0.08257610350847244,tier_c_dual_top5_only
HELLO,HELLO,D_02_055,canonical_and_pinned_raw_text_equal,local_hex_unknown_session,data/raw_videos/ASL VIDEOS/HELLO/1aac2c4f.mp4,data/local/ASL_hand_crops_av/HELLO_1aac2c4f.jpg,640,480,37,30.0,1.2333333333333334,63.28912353515625,0.10992431640625,2531.40087890625,0.8817841644223334,0.10230547189712524,11,False,data/local/local_citizen100_quality_audit_q82_cap14_exact/landmarks/HELLO/1aac2c4f.v17.npz,5d0332943829c08f5182bcd9b0769c46efb43a62044e63813d2d4e4cfa66bede,,1.0,0.5,0.875,0.0078125,YOUR,YOUR|HELLO|GOODBYE|DRINK|MOTHER,0.11591004580259323,MOTHER,MOTHER|HELLO|THANKYOU|HEAR|TALK,0.08012382686138153,tier_c_dual_top5_only
HELLO,HELLO,D_02_055,canonical_and_pinned_raw_text_equal,local_hex_unknown_session,data/raw_videos/ASL VIDEOS/HELLO/b87515b0.mp4,data/local/ASL_hand_crops_av/HELLO_b87515b0.jpg,640,480,39,30.0,1.3,62.93975830078125,0.11395263671875,2217.08935546875,0.8831031231678536,0.16840434074401855,8,False,data/local/local_citizen100_quality_audit_q82_cap14_exact/landmarks/HELLO/b87515b0.v17.npz,03353bce2076837743c559b12eafcac2740f5e2bd796aab5f9089d6661515eb1,,1.0,0.5,0.84375,0.0,GOODBYE,GOODBYE|YOUR|CHILD|HELLO|OUR,0.04804455116391182,GOODBYE,GOODBYE|HEAR|MOTHER|HELLO|LESS,0.01723814755678177,tier_c_dual_top5_only
HELP,HELP,D_01_042,canonical_and_pinned_raw_text_equal,local_hex_unknown_session,data/raw_videos/ASL VIDEOS/HELP/7f7a14b8.mp4,data/local/ASL_hand_crops_av/HELP_7f7a14b8.jpg,640,480,18,30.0,0.6,127.35699462890625,0.01544189453125,2162.5712890625,0.9430169847963346,0.24145305156707764,9,False,data/local/local_citizen100_quality_audit_q82_cap14_exact/landmarks/HELP/7f7a14b8.v17.npz,d0aa9026ace0e48c8503c609171564332278c99a6ce77d1a8c59ea90dae029e4,,0.8888888888888888,0.73046875,0.96875,0.7421875,YEAR,YEAR|HELP|HOW|MAKE|LOVE,0.1861044466495514,MAKE,MAKE|HELP|YEAR|HOW|LOVE,0.18766309320926666,tier_c_dual_top5_only
LANGUAGE,LANGUAGE,A_01_067,canonical_and_pinned_raw_text_equal,local_hex_unknown_session,data/raw_videos/ASL VIDEOS/LANGUAGE/408adee5.mp4,data/local/ASL_hand_crops_av/LANGUAGE_408adee5.jpg,640,480,40,30.0,1.3333333333333333,58.7435302734375,0.12451171875,1419.986572265625,0.8742990230653058,0.3420403003692627,5,False,data/local/local_citizen100_quality_audit_q82_cap14_exact/landmarks/LANGUAGE/408adee5.v17.npz,153c0847a9335459c08be677d551c6cdb71ca63b56c24fc53d484cd02f95fd94,,0.8787878787878788,0.7880859375,0.75,0.15625,DIFFERENT,DIFFERENT|READY|NAME|LANGUAGE|EXCITED,0.06583413481712341,READY,READY|DIFFERENT|LANGUAGE|GO|SEE,0.11854218691587448,tier_c_dual_top5_only
LESS,LESS,E_02_043,canonical_and_pinned_raw_text_equal,local_hex_unknown_session,data/raw_videos/ASL VIDEOS/LESS/036948f6.mp4,data/local/ASL_hand_crops_av/LESS_036948f6.jpg,640,480,40,30.0,1.3333333333333333,113.75396728515625,0.0,163.59349060058594,0.92742913756373,0.12739324569702148,11,False,data/local/local_citizen100_quality_audit_q82_cap14_exact/landmarks/LESS/036948f6.v17.npz,1ca07ee342bf6b63de49b77e4dcfa05c0c55bcff933d40cc46d23d4ee987f9e4,,0.918918918918919,0.84765625,0.6875,0.6328125,DOCTOR,DOCTOR|LESS|MORE|SCHOOL|GIVE,0.2619969844818115,DOCTOR,DOCTOR|LESS|MORE|NIGHT|STOP,0.12514019012451172,tier_c_dual_top5_only
MORNING,MORNING,C_02_012,canonical_and_pinned_raw_text_equal,local_hex_unknown_session,data/raw_videos/ASL VIDEOS/MORNING/49083c25.mp4,data/local/ASL_hand_crops_av/MORNING_49083c25.jpg,640,480,46,30.0,1.5333333333333334,83.87646484375,0.095703125,780.1103515625,0.9319325597453447,0.3287304639816284,5,False,data/local/local_citizen100_quality_audit_q82_cap14_exact/landmarks/MORNING/49083c25.v17.npz,054c56088a2d95ea142c1667b0fa0275d4a456d67795e2dd48734322f8a7425d,,0.9782608695652174,0.80859375,0.53125,0.5703125,STOP,STOP|READ|LESS|SCHOOL|MORNING,0.05207870528101921,SAD,SAD|LESS|MORNING|WHAT|SMALL,0.09747859835624695,tier_c_dual_top5_only
MOTHER,MOTHER,B_02_008,canonical_and_pinned_raw_text_equal,local_hex_unknown_session,data/raw_videos/ASL VIDEOS/MOTHER/17be5522.mp4,data/local/ASL_hand_crops_av/MOTHER_17be5522.jpg,640,480,16,30.0,0.5333333333333333,94.7969970703125,0.0,149.63519287109375,0.8443671785444758,0.14829540252685547,12,False,data/local/local_citizen100_quality_audit_q82_cap14_exact/landmarks/MOTHER/17be5522.v17.npz,1f7c7799a4cdf62544e6efb1760902987c7b0aa4ae79cb73942428c6359ff801,,1.0,0.5,0.5625,0.171875,YOUR,YOUR|GOODBYE|MOTHER|HEAR|TALK,0.15424011647701263,HEAR,HEAR|MOTHER|GOODBYE|HELLO|YOUR,0.18421399593353271,tier_c_dual_top5_only
MOTHER,MOTHER,B_02_008,canonical_and_pinned_raw_text_equal,local_hex_unknown_session,data/raw_videos/ASL VIDEOS/MOTHER/da80928d.mp4,data/local/ASL_hand_crops_av/MOTHER_da80928d.jpg,640,480,15,30.0,0.5,97.4498291015625,0.0,147.81564331054688,0.8447650581498551,0.32622528076171875,3,False,data/local/local_citizen100_quality_audit_q82_cap14_exact/landmarks/MOTHER/da80928d.v17.npz,e9b7cce31eb1835927350eb15b1eb42687ad14012064fce891b0529987353653,,1.0,0.5,0.59375,0.03125,GOODBYE,GOODBYE|HEAR|HELLO|MOTHER|YOUR,0.07870622724294662,HEAR,HEAR|MOTHER|HELLO|DRINK|GOODBYE,0.19365514814853668,tier_c_dual_top5_only
MY,MY,C_01_060,canonical_and_pinned_raw_text_equal,local_hex_unknown_session,data/raw_videos/ASL VIDEOS/MY/e1928a36.mp4,data/local/ASL_hand_crops_av/MY_e1928a36.jpg,640,480,36,30.0,1.2,86.46240234375,0.05975341796875,2108.318359375,0.9345210822389394,0.19460749626159668,10,False,data/local/local_citizen100_quality_audit_q82_cap14_exact/landmarks/MY/e1928a36.v17.npz,728a988a99849a1351ede826bcce4760e2922b83bd7fbbdd91d879cc32f9cb9f,,1.0,0.5,0.90625,0.6953125,LIKE,LIKE|MY|HAPPY|PLEASE|FEEL,0.24606072902679443,LIKE,LIKE|HAPPY|MY|PLEASE|FEEL,0.08013097196817398,tier_c_dual_top5_only
MY,MY,C_01_060,canonical_and_pinned_raw_text_equal,local_hex_unknown_session,data/raw_videos/ASL VIDEOS/MY/5b617711.mp4,data/local/ASL_hand_crops_av/MY_5b617711.jpg,640,480,32,30.0,1.0666666666666667,67.5289306640625,0.158203125,961.6679077148438,0.8735298415233783,0.33856135606765747,4,False,data/local/local_citizen100_quality_audit_q82_cap14_exact/landmarks/MY/5b617711.v17.npz,ce7b205174521381b0fb24da4ecaa28b07403b29e716f8d45feabf8845363ddc,,1.0,0.5556640625,0.78125,0.78125,PLEASE,PLEASE|MY|HAPPY|OUR|FEEL,0.10171816498041153,PLEASE,PLEASE|MY|LIKE|FEEL|HUNGRY,0.06767120212316513,tier_c_dual_top5_only
MY,MY,C_01_060,canonical_and_pinned_raw_text_equal,local_hex_unknown_session,data/raw_videos/ASL VIDEOS/MY/da678ffa.mp4,data/local/ASL_hand_crops_av/MY_da678ffa.jpg,640,480,20,30.0,0.6666666666666666,131.6275634765625,0.095703125,1954.595703125,0.9285946499205989,0.25833702087402344,8,False,data/local/local_citizen100_quality_audit_q82_cap14_exact/landmarks/MY/da678ffa.v17.npz,3a54ad525c94a7fe3c46cbc6635e95b02a65b37b335a70cf8d36296f2ed78f03,,1.0,0.499267578125,0.84375,0.4375,PLEASE,PLEASE|COME|MY|HUNGRY|SORRY,0.06600906699895859,OUR,OUR|MY|COME|PLEASE|LIKE,0.2207133024930954,tier_c_dual_top5_only
MY,MY,C_01_060,canonical_and_pinned_raw_text_equal,local_hex_unknown_session,data/raw_videos/ASL VIDEOS/MY/96445b95.mp4,data/local/ASL_hand_crops_av/MY_96445b95.jpg,640,480,39,30.0,1.3,56.75872802734375,0.19818115234375,854.730712890625,0.8587522876971393,0.17219799757003784,12,False,data/local/local_citizen100_quality_audit_q82_cap14_exact/landmarks/MY/96445b95.v17.npz,564d55ffc137c16e2ffca8b5750ab0ab4565434ff4f187952b14412e607146ff,,1.0,0.54931640625,0.84375,0.7890625,PLEASE,PLEASE|HAPPY|MY|COME|GOOD,0.06346108019351959,PLEASE,PLEASE|HAPPY|MY|EASY|FEEL,0.07886465638875961,tier_c_dual_top5_only
NAME,NAME,D_01_021,canonical_and_pinned_raw_text_equal,local_hex_unknown_session,data/raw_videos/ASL VIDEOS/NAME/db9a5e8a.mp4,data/local/ASL_hand_crops_av/NAME_db9a5e8a.jpg,640,480,31,30.0,1.0333333333333334,83.54132080078125,0.02374267578125,857.5096435546875,0.9271889357036874,0.2889995574951172,7,False,data/local/local_citizen100_quality_audit_q82_cap14_exact/landmarks/NAME/db9a5e8a.v17.npz,8ce5e12a9ad7c98ec9355a1768af4088c761120246f746af8c336e6fac8aa73a,,0.8333333333333334,0.64599609375,0.6875,0.0,USE,USE|NAME|MORNING|HOSPITAL|LEARN,0.1038530021905899,USE,USE|NAME|THEY|SEE|HOSPITAL,0.15709729492664337,tier_c_dual_top5_only
NAME,NAME,D_01_021,canonical_and_pinned_raw_text_equal,local_hex_unknown_session,data/raw_videos/ASL VIDEOS/NAME/0406f2ac.mp4,data/local/ASL_hand_crops_av/NAME_0406f2ac.jpg,640,480,44,30.0,1.4666666666666666,71.3956298828125,0.0,92.18097686767578,0.8294939887294356,0.16771984100341797,14,False,data/local/local_citizen100_quality_audit_q82_cap14_exact/landmarks/NAME/0406f2ac.v17.npz,f6873ebc4c6419b423586be3b50d3c88a5a5a8dbd623329a914d531b08de81e8,,0.8974358974358975,0.73974609375,0.8125,0.765625,USE,USE|NIGHT|SCHOOL|YEAR|NAME,0.025697173550724983,USE,USE|NAME|NIGHT|SCHOOL|DAY,0.08531741797924042,tier_c_dual_top5_only
NEED,NEED,C_02_034,canonical_and_pinned_raw_text_equal,local_hex_unknown_session,data/raw_videos/ASL VIDEOS/NEED/ca314769.mp4,data/local/ASL_hand_crops_av/NEED_ca314769.jpg,640,480,24,30.0,0.8,130.47210693359375,0.0,172.62088012695312,0.90431795191671,0.2687245011329651,8,False,data/local/local_citizen100_quality_audit_q82_cap14_exact/landmarks/NEED/ca314769.v17.npz,fb120a400894934f050ea280c155d538ea7790c0391f43a1991b9b3503012d03,,1.0,0.5,0.71875,0.5546875,HE,HE|CHILD|NEED|SIGN|I,0.10601834207773209,HE,HE|CHILD|NEED|WHERE|WHY,0.06236017867922783,tier_c_dual_top5_only
NEED,NEED,C_02_034,canonical_and_pinned_raw_text_equal,local_hex_unknown_session,data/raw_videos/ASL VIDEOS/NEED/47432b82.mp4,data/local/ASL_hand_crops_av/NEED_47432b82.jpg,640,480,34,30.0,1.1333333333333333,63.40045166015625,0.13336181640625,1008.5899658203125,0.8734454103152909,0.16113632917404175,10,False,data/local/local_citizen100_quality_audit_q82_cap14_exact/landmarks/NEED/47432b82.v17.npz,4cfd9a84de8e456d7138a00fad36201857aff7cc419afad8f5cf49d487d88ee7,,0.9166666666666666,0.453125,0.71875,0.71875,YES,YES|NEED|CHILD|FIND|TOMORROW,0.060831256210803986,YES,YES|NEED|CHILD|GO|GIVE,0.2956623435020447,tier_c_dual_top5_only
NEED,NEED,C_02_034,canonical_and_pinned_raw_text_equal,local_hex_unknown_session,data/raw_videos/ASL VIDEOS/NEED/ee316514.mp4,data/local/ASL_hand_crops_av/NEED_ee316514.jpg,640,480,15,30.0,0.5,127.14178466796875,0.0609130859375,3821.97314453125,0.9224227153314093,0.3408878445625305,4,False,data/local/local_citizen100_quality_audit_q82_cap14_exact/landmarks/NEED/ee316514.v17.npz,3408862ad17edb197dc889a0799b22d9c23b2efb5519b6e3b6c9d4ab839165de,,1.0,0.5,0.59375,0.03125,HE,HE|NEED|WHERE|CHILD|BIG,0.024453233927488327,HE,HE|WHERE|NEED|I|CHILD,0.030894873663783073,tier_c_dual_top5_only
NEED,NEED,C_02_034,canonical_and_pinned_raw_text_equal,local_hex_unknown_session,data/raw_videos/ASL VIDEOS/NEED/877374a7.mp4,data/local/ASL_hand_crops_av/NEED_877374a7.jpg,640,480,24,30.0,0.8,124.20947265625,0.0,168.33541870117188,0.9026823877744842,0.16884613037109375,9,False,data/local/local_citizen100_quality_audit_q82_cap14_exact/landmarks/NEED/877374a7.v17.npz,d7e2f55d18f20c7e8efb7fe5a718fe1f20be0af6aecfb88463b59df9f72f21b2,,1.0,0.5,0.71875,0.71875,HE,HE|CHILD|NEED|WHY|THEY,0.047309987246990204,HE,HE|CHILD|WHERE|NOW|NEED,0.012362723238766193,tier_c_dual_top5_only
NO,NO,C_03_041,canonical_and_pinned_raw_text_equal,local_hex_unknown_session,data/raw_videos/ASL VIDEOS/NO/5285fdba.mp4,data/local/ASL_hand_crops_av/NO_5285fdba.jpg,640,480,32,30.0,1.0666666666666667,88.65728759765625,0.01837158203125,3000.765625,0.9399199688491611,0.44963282346725464,3,False,data/local/local_citizen100_quality_audit_q82_cap14_exact/landmarks/NO/5285fdba.v17.npz,5db73ccc521536250c443af45a3d6fa3bc4232d308e63daf8c19b2c984f2f18d,,1.0,0.5,0.78125,0.3984375,LISTEN,LISTEN|NO|READY|HEAR|GOODBYE,0.11473406851291656,LISTEN,LISTEN|NO|SEE|READY|HEAR,0.09548266232013702,tier_c_dual_top5_only
NO,NO,C_03_041,canonical_and_pinned_raw_text_equal,local_hex_unknown_session,data/raw_videos/ASL VIDEOS/NO/eb074895.mp4,data/local/ASL_hand_crops_av/NO_eb074895.jpg,640,480,28,30.0,0.9333333333333333,131.8623046875,0.0,175.66351318359375,0.9152651074530411,0.337294340133667,6,False,data/local/local_citizen100_quality_audit_q82_cap14_exact/landmarks/NO/eb074895.v17.npz,04a89acfe2b5c1ac06ccdf0711c937054f059c7c0a92fba9ff01736bb11a0b38,,1.0,0.5,0.90625,0.4609375,LISTEN,LISTEN|NO|HE|CHILD|GOODBYE,0.21197719871997833,LISTEN,LISTEN|SEE|NO|USE|WHY,0.0613677091896534,tier_c_dual_top5_only
READ,READ,A_01_022,canonical_and_pinned_raw_text_equal,local_hex_unknown_session,data/raw_videos/ASL VIDEOS/READ/d15c1609.mp4,data/local/ASL_hand_crops_av/READ_d15c1609.jpg,640,480,34,30.0,1.1333333333333333,61.30010986328125,0.15869140625,1414.607666015625,0.865471149898692,0.24269741773605347,7,False,data/local/local_citizen100_quality_audit_q82_cap14_exact/landmarks/READ/d15c1609.v17.npz,0316971b0b89ba30168451bb388d9ab4c25e1ba06bd93069ae619da7e3a8d8ce,,0.8620689655172413,0.71630859375,0.875,0.375,WHAT,WHAT|READ|NAME|EXCITED|WANT,0.32713839411735535,WHAT,WHAT|READ|EXCITED|SICK|LIKE,0.2154250293970108,tier_c_dual_top5_only
READ,READ,A_01_022,canonical_and_pinned_raw_text_equal,local_hex_unknown_session,data/raw_videos/ASL VIDEOS/READ/20436b24.mp4,data/local/ASL_hand_crops_av/READ_20436b24.jpg,640,480,25,30.0,0.8333333333333334,119.5234375,0.10888671875,3181.555908203125,0.9378299021248999,0.21977561712265015,8,False,data/local/local_citizen100_quality_audit_q82_cap14_exact/landmarks/READ/20436b24.v17.npz,7a050cd74182a299c673f4b95e6e04542a6c07b72db938bc7fa4fbaa5a5c79f9,,0.8181818181818182,0.8125,0.78125,0.1171875,READY,READY|READ|SMALL|TALK|WANT,0.22914165258407593,GOODBYE,GOODBYE|READ|NO|LISTEN|USE,0.10364241153001785,tier_c_dual_top5_only
READY,READY,F_03_042,canonical_and_pinned_raw_text_equal,local_hex_unknown_session,data/raw_videos/ASL VIDEOS/READY/b0fa719f.mp4,data/local/ASL_hand_crops_av/READY_b0fa719f.jpg,640,480,36,30.0,1.2,82.83795166015625,0.0,182.52212524414062,0.8832524827937771,0.09328699111938477,10,False,data/local/local_citizen100_quality_audit_q82_cap14_exact/landmarks/READY/b0fa719f.v17.npz,f946a9ccd005c8376341b330fb421382807ca7a1f401b605e84df939a98242cc,,0.875,0.83642578125,0.78125,0.5859375,READ,READ|READY|NAME|USE|WANT,0.09895242750644684,READ,READ|READY|USE|NAME|NO,0.24642351269721985,tier_c_dual_top5_only
SCHOOL,SCHOOL,C_03_089,canonical_and_pinned_raw_text_equal,local_hex_unknown_session,data/raw_videos/ASL VIDEOS/SCHOOL/74b460a4.mp4,data/local/ASL_hand_crops_av/SCHOOL_74b460a4.jpg,640,480,46,30.0,1.5333333333333334,96.88140869140625,0.0,146.37220764160156,0.9053980758443705,0.1380428671836853,13,False,data/local/local_citizen100_quality_audit_q82_cap14_exact/landmarks/SCHOOL/74b460a4.v17.npz,eb04972b22e6f9daea50355a4bc9d4c7ef64d02aabdfb50669bc503a7279fc55,,1.0,0.78125,0.875,0.0234375,SMALL,SMALL|DOCTOR|STOP|SCHOOL|OUR,0.028229495510458946,DOCTOR,DOCTOR|SCHOOL|STOP|SMALL|EASY,0.03825325891375542,tier_c_dual_top5_only
STOP,STOP,D_01_010,canonical_and_pinned_raw_text_equal,local_hex_unknown_session,data/raw_videos/ASL VIDEOS/STOP/e7534705.mp4,data/local/ASL_hand_crops_av/STOP_e7534705.jpg,640,480,80,30.0,2.6666666666666665,69.4088134765625,0.034423828125,653.6099853515625,0.8557907782281764,0.24716341495513916,10,False,data/local/local_citizen100_quality_audit_q82_cap14_exact/landmarks/STOP/e7534705.v17.npz,8d2904a5befe3ca2b670a6dcb753b32250d8c543c740b0b1c7553b4b3ea4dc26,,0.9393939393939394,0.88623046875,0.84375,0.5234375,HELP,HELP|STOP|COME|EASY|THANKYOU,0.2834281027317047,HELP,HELP|SCHOOL|STOP|EASY|WRITE,0.12775777280330658,tier_c_dual_top5_only
TAKE,TAKE,G_01_093,canonical_and_pinned_raw_text_equal,local_hex_unknown_session,data/raw_videos/ASL VIDEOS/TAKE/1f6983cc.mp4,data/local/ASL_hand_crops_av/TAKE_1f6983cc.jpg,640,480,33,30.0,1.1,60.3289794921875,0.17626953125,2752.12451171875,0.8591306911846192,0.3428780436515808,6,False,data/local/local_citizen100_quality_audit_q82_cap14_exact/landmarks/TAKE/1f6983cc.v17.npz,f64a3084e4cc46efb8a2b7a96297919893005b215b0efc5d095593b7c646719c,,1.0,0.5,1.0,1.0,YES,YES|TAKE|WE|SAME|I,0.07548979669809341,SAME,SAME|TAKE|YES|WE|SORRY,0.2761390209197998,tier_c_dual_top5_only
TAKE,TAKE,G_01_093,canonical_and_pinned_raw_text_equal,local_hex_unknown_session,data/raw_videos/ASL VIDEOS/TAKE/2f270da7.mp4,data/local/ASL_hand_crops_av/TAKE_2f270da7.jpg,640,480,74,30.0,2.466666666666667,47.94970703125,0.079345703125,1342.124267578125,0.8217719044340107,0.11663854122161865,13,False,data/local/local_citizen100_quality_audit_q82_cap14_exact/landmarks/TAKE/2f270da7.v17.npz,a8717d3c3206ae2e0b5fd8613a41da48a83927522c3cc6978ad85da6559a57d8,,0.8846153846153846,0.47998046875,0.9375,0.640625,YES,YES|WE|I|NEED|TAKE,0.01953846402466297,YES,YES|TAKE|WE|I|YOU,0.18040220439434052,tier_c_dual_top5_only
THANKYOU,THANKYOU,H_02_053,canonical_and_pinned_raw_text_equal,local_hex_unknown_session,data/raw_videos/ASL VIDEOS/THANKYOU/574779f9.mp4,data/local/ASL_hand_crops_av/THANKYOU_574779f9.jpg,640,480,55,30.0,1.8333333333333333,62.02392578125,0.070068359375,188.15234375,0.8353520358070982,0.11507236957550049,14,False,data/local/local_citizen100_quality_audit_q82_cap14_exact/landmarks/THANKYOU/574779f9.v17.npz,afbc1f08cf9aa1b44cc38014078a751ecf7259185f07aff9526ecf34d90f349c,,0.9130434782608695,0.4375,0.875,0.828125,OUR,OUR|WOMAN|GOOD|STOP|THANKYOU,0.038518328219652176,OUR,OUR|WOMAN|BAD|THANKYOU|LESS,0.07654589414596558,tier_c_dual_top5_only
TIME,TIME,B_02_080,canonical_and_pinned_raw_text_equal,local_hex_unknown_session,data/raw_videos/ASL VIDEOS/TIME/95ab1c0c.mp4,data/local/ASL_hand_crops_av/TIME_95ab1c0c.jpg,640,480,37,30.0,1.2333333333333334,116.472900390625,0.00506591796875,2475.38232421875,0.9869690604040624,,1,False,data/local/local_citizen100_quality_audit_q82_cap14_exact/landmarks/TIME/95ab1c0c.v17.npz,70e194697b6d1d10b880116c97ded1050d4e6aa903e345f7bc9a28bad4e3ff7d,,1.0,1.0,0.875,0.875,GO,GO|SIGN|TIME|ANSWER|FRIEND,0.048936568200588226,SIGN,SIGN|GO|ANSWER|TIME|WHEN,0.05880006402730942,tier_c_dual_top5_only
TOMORROW,TOMORROW,F_02_040,canonical_and_pinned_raw_text_equal,local_hex_unknown_session,data/raw_videos/ASL VIDEOS/TOMORROW/9f05e5da.mp4,data/local/ASL_hand_crops_av/TOMORROW_9f05e5da.jpg,640,480,63,30.0,2.1,62.79718017578125,0.0277099609375,542.8408203125,0.8869066385571315,0.25698602199554443,7,False,data/local/local_citizen100_quality_audit_q82_cap14_exact/landmarks/TOMORROW/9f05e5da.v17.npz,326e62c34c74a66ccd118ac1e5d0fb6a457c3a9b3e8101be583a882ff81a2503,,0.9375,0.4658203125,0.84375,0.0234375,YES,YES|YESTERDAY|TOMORROW|COME|CHILD,0.05962934345006943,YESTERDAY,YESTERDAY|TOMORROW|YES|HOME|TAKE,0.08839765936136246,tier_c_dual_top5_only
TOMORROW,TOMORROW,F_02_040,canonical_and_pinned_raw_text_equal,local_hex_unknown_session,data/raw_videos/ASL VIDEOS/TOMORROW/a03d50d4.mp4,data/local/ASL_hand_crops_av/TOMORROW_a03d50d4.jpg,640,480,62,30.0,2.066666666666667,37.00811767578125,0.04510498046875,429.568603515625,0.823852989230669,0.2026929259300232,8,False,data/local/local_citizen100_quality_audit_q82_cap14_exact/landmarks/TOMORROW/a03d50d4.v17.npz,76e8f505945f5894a23571ddfe939f2bdde3fd67bf6fd39bd744d3567ec6fe0e,,0.96,0.479248046875,0.8125,0.1015625,YES,YES|TAKE|TOMORROW|YESTERDAY|SAME,0.01527715940028429,YES,YES|YESTERDAY|HOME|TOMORROW|YOU,0.03965069726109505,tier_c_dual_top5_only
TRY,TRY,B_02_034,canonical_and_pinned_raw_text_equal,local_hex_unknown_session,data/raw_videos/ASL VIDEOS/TRY/99aa59c2.mp4,data/local/ASL_hand_crops_av/TRY_99aa59c2.jpg,640,480,34,30.0,1.1333333333333333,137.749755859375,0.001708984375,2740.8994140625,0.9839566338946708,,1,False,data/local/local_citizen100_quality_audit_q82_cap14_exact/landmarks/TRY/99aa59c2.v17.npz,eac9099350e66fc546e2533e6bed51f8f11e718f76359520a2f59e609aca8aa0,,1.0,1.0,0.96875,0.96875,BIG,BIG|TRY|NOW|TOMORROW|UNDERSTAND,0.14509063959121704,NOW,NOW|UNDERSTAND|ANGRY|TRY|HAVE,0.09190883487462997,tier_c_dual_top5_only
UNDERSTAND,UNDERSTAND,C_01_006,canonical_and_pinned_raw_text_equal,local_hex_unknown_session,data/raw_videos/ASL VIDEOS/UNDERSTAND/8475e36a.mp4,data/local/ASL_hand_crops_av/UNDERSTAND_8475e36a.jpg,640,480,22,30.0,0.7333333333333333,141.4281005859375,0.0,139.45025634765625,0.8820710777121391,0.21401828527450562,6,False,data/local/local_citizen100_quality_audit_q82_cap14_exact/landmarks/UNDERSTAND/8475e36a.v17.npz,6865f2a1f1a9e66355be8e7cfe9e91fd7cac952d9b27af5e2f7c303eb231a857,,1.0,0.49853515625,0.78125,0.390625,THINK,THINK|UNDERSTAND|SIGN|SICK|LISTEN,0.13082152605056763,THINK,THINK|UNDERSTAND|WHY|FATHER|SICK,0.3669475018978119,tier_c_dual_top5_only
UNDERSTAND,UNDERSTAND,C_01_006,canonical_and_pinned_raw_text_equal,local_hex_unknown_session,data/raw_videos/ASL VIDEOS/UNDERSTAND/918d41f4.mp4,data/local/ASL_hand_crops_av/UNDERSTAND_918d41f4.jpg,640,480,24,30.0,0.8,57.2808837890625,0.20916748046875,1761.3316650390625,0.8277463600939112,0.1426905393600464,8,False,data/local/local_citizen100_quality_audit_q82_cap14_exact/landmarks/UNDERSTAND/918d41f4.v17.npz,3edc4e4d469e3838f62ac64d9464762e396474358b2ae6d3eee5fc9b013601a8,,1.0,0.5,0.71875,0.5390625,THINK,THINK|WHERE|HE|NEED|UNDERSTAND,0.05571217089891434,THINK,THINK|WHERE|UNDERSTAND|HE|WHO,0.15194259583950043,tier_c_dual_top5_only
WAIT,WAIT,B_02_016,canonical_and_pinned_raw_text_equal,local_hex_unknown_session,data/raw_videos/ASL VIDEOS/WAIT/645bc18c.mp4,data/local/ASL_hand_crops_av/WAIT_645bc18c.jpg,640,480,26,30.0,0.8666666666666667,112.26123046875,0.0675048828125,1201.4681396484375,0.9462247515364135,0.26915693283081055,8,False,data/local/local_citizen100_quality_audit_q82_cap14_exact/landmarks/WAIT/645bc18c.v17.npz,fb3d264db490082a13dd3a6230c88cb205c75bef7bba4e090e613b75838ea503,,0.9130434782608695,0.8564453125,0.75,0.0,WANT,WANT|MAYBE|WAIT|WHY|DOCTOR,0.14329345524311066,MAYBE,MAYBE|WAIT|THANKYOU|STOP|WHY,0.034369420260190964,tier_c_dual_top5_only
WATER,WATER,A_02_031,canonical_and_pinned_raw_text_equal,local_hex_unknown_session,data/raw_videos/ASL VIDEOS/WATER/8a268911.mp4,data/local/ASL_hand_crops_av/WATER_8a268911.jpg,640,480,16,30.0,0.5333333333333333,125.12835693359375,0.03692626953125,1026.6864013671875,0.9313219210244236,0.12844324111938477,14,False,data/local/local_citizen100_quality_audit_q82_cap14_exact/landmarks/WATER/8a268911.v17.npz,14a0c0da3c32a4c37a77088724f7ba6c2f47f6d9b06bd43312b925cf372b4794,,1.0,0.49853515625,0.5625,0.03125,YOUR,YOUR|NO|TALK|WATER|LIKE,0.07442827522754669,LIKE,LIKE|READ|TALK|WATER|BAD,0.09666598588228226,tier_c_dual_top5_only
WEEK,WEEK,B_02_079,canonical_and_pinned_raw_text_equal,local_hex_unknown_session,data/raw_videos/ASL VIDEOS/WEEK/ada655e0.mp4,data/local/ASL_hand_crops_av/WEEK_ada655e0.jpg,640,480,33,30.0,1.1,95.867919921875,0.09039306640625,1071.5377197265625,0.9379678772746874,0.15978240966796875,13,False,data/local/local_citizen100_quality_audit_q82_cap14_exact/landmarks/WEEK/ada655e0.v17.npz,63fdcf46e7914ddb1c03328d867e6ec57ad344b1e7cecb31c25375f1fc8f88b2,,1.0,0.72412109375,0.5,0.625,LIKE,LIKE|WEEK|THEY|NAME|TIME,0.0773465633392334,FRIEND,FRIEND|LIKE|NAME|DOCTOR|WEEK,0.05043387413024902,tier_c_dual_top5_only
WHEN,WHEN,C_03_086,canonical_and_pinned_raw_text_equal,local_hex_unknown_session,data/raw_videos/ASL VIDEOS/WHEN/47c62bf9.mp4,data/local/ASL_hand_crops_av/WHEN_47c62bf9.jpg,640,480,88,30.0,2.933333333333333,83.4822998046875,0.01470947265625,598.9938354492188,0.8632994712277706,0.32200533151626587,7,False,data/local/local_citizen100_quality_audit_q82_cap14_exact/landmarks/WHEN/47c62bf9.v17.npz,2b8039575d9f83004760c28992fa918d437d1641a79ded2b87dae39a39b4ba34,,0.9420289855072463,0.93212890625,0.8125,0.125,SIGN,SIGN|WHEN|EXCITED|WHAT|ANGRY,0.28015008568763733,SIGN,SIGN|WHEN|THEY|NAME|I,0.3582713007926941,tier_c_dual_top5_only
WHEN,WHEN,C_03_086,canonical_and_pinned_raw_text_equal,local_hex_unknown_session,data/raw_videos/ASL VIDEOS/WHEN/abb3511e.mp4,data/local/ASL_hand_crops_av/WHEN_abb3511e.jpg,640,480,26,30.0,0.8666666666666667,138.830322265625,0.05487060546875,2429.5390625,0.952643810522577,0.20422613620758057,13,False,data/local/local_citizen100_quality_audit_q82_cap14_exact/landmarks/WHEN/abb3511e.v17.npz,47394da1b5e94aa8316e1a56579cb6bdb7c61fdd6b27983e3bc01d3326b0583b,,1.0,0.95166015625,0.96875,0.0234375,SIGN,SIGN|WHEN|THINK|SICK|NAME,0.058256637305021286,SIGN,SIGN|WHEN|THINK|ANGRY|NAME,0.1337403655052185,tier_c_dual_top5_only
WHERE,WHERE,B_02_035,canonical_and_pinned_raw_text_equal,local_hex_unknown_session,data/raw_videos/ASL VIDEOS/WHERE/db259d27.mp4,data/local/ASL_hand_crops_av/WHERE_db259d27.jpg,640,480,15,30.0,0.5,106.64898681640625,0.0,136.21768188476562,0.8524442386326223,0.23508989810943604,7,False,data/local/local_citizen100_quality_audit_q82_cap14_exact/landmarks/WHERE/db259d27.v17.npz,22b31fb7809e09ab43268c4242e5b74e7f432816b9d6e13c75df7bf28c7306c0,,1.0,0.5,0.59375,0.4453125,YOU,YOU|WHO|WHERE|TELL|THEY,0.08498895913362503,YOU,YOU|WHEN|WHERE|THEY|LIKE,0.10779178142547607,tier_c_dual_top5_only
WHERE,WHERE,B_02_035,canonical_and_pinned_raw_text_equal,local_hex_unknown_session,data/raw_videos/ASL VIDEOS/WHERE/63a4c577.mp4,data/local/ASL_hand_crops_av/WHERE_63a4c577.jpg,640,480,18,30.0,0.6,114.722412109375,0.0,128.1160430908203,0.8657146527778146,0.27268916368484497,6,False,data/local/local_citizen100_quality_audit_q82_cap14_exact/landmarks/WHERE/63a4c577.v17.npz,cd10983d7932b8486d93e0712c663ae7927e853677bd1d0faeac7868e3eff9b7,,1.0,0.5,0.96875,0.859375,HE,HE|WHERE|NEED|WHAT|DIFFERENT,0.029280487447977066,HE,HE|WHERE|NEED|I|CHILD,0.22422663867473602,tier_c_dual_top5_only
WHO,WHO,C_01_041,canonical_and_pinned_raw_text_equal,local_hex_unknown_session,data/raw_videos/ASL VIDEOS/WHO/5dd2e673.mp4,data/local/ASL_hand_crops_av/WHO_5dd2e673.jpg,640,480,45,30.0,1.5,109.83331298828125,0.00048828125,548.0639038085938,0.9902890520882415,0.46561968326568604,2,False,data/local/local_citizen100_quality_audit_q82_cap14_exact/landmarks/WHO/5dd2e673.v17.npz,4e2b54a984e352b5cae88f58d9565c13393539a41e29db57dc7ac99482996fd0,,0.9473684210526315,0.46875,0.875,0.0,YOU,YOU|WHO|WHERE|TELL|WATER,0.21275341510772705,YOU,YOU|WHO|ASK|WHERE|FEEL,0.37494784593582153,tier_c_dual_top5_only
WHY,WHY,D_01_067,canonical_and_pinned_raw_text_equal,local_hex_unknown_session,data/raw_videos/ASL VIDEOS/WHY/768580c0.mp4,data/local/ASL_hand_crops_av/WHY_768580c0.jpg,640,480,18,30.0,0.6,116.2540283203125,0.03485107421875,1986.752197265625,0.934515387848535,0.31155526638031006,7,False,data/local/local_citizen100_quality_audit_q82_cap14_exact/landmarks/WHY/768580c0.v17.npz,3f1ca3a534ac52c68b9eb47f547eb71cd659384da67fdeadd6708bf935dab387,,1.0,0.5,0.96875,0.0,HE,HE|CHILD|WHY|NEED|THINK,0.14468930661678314,THINK,THINK|UNDERSTAND|WHY|COME|DAY,0.040113259106874466,tier_c_dual_top5_only
WHY,WHY,D_01_067,canonical_and_pinned_raw_text_equal,local_numbered_single_session,data/raw_videos/ASL VIDEOS/WHY/WHY_2.mp4,data/local/ASL_hand_crops_av/WHY_WHY_2.jpg,640,480,48,30.0,1.6,144.4610595703125,0.0,6426.3544921875,0.9926055639510463,,1,False,data/local/local_citizen100_quality_audit_q82_cap14_exact/landmarks/WHY/WHY_2.v17.npz,e1a66d44efb90835f36ff996ec47e44d3f4ed78ceb779fddae960b053b4e7174,,1.0,0.490234375,0.84375,0.0,CHILD,CHILD|GOODBYE|MAYBE|OUR|WHY,0.03848019987344742,GOODBYE,GOODBYE|COME|WHY|SLEEP|CHILD,0.1284976303577423,tier_c_dual_top5_only
WHY,WHY,D_01_067,canonical_and_pinned_raw_text_equal,local_hex_unknown_session,data/raw_videos/ASL VIDEOS/WHY/985afbf7.mp4,data/local/ASL_hand_crops_av/WHY_985afbf7.jpg,640,480,61,30.0,2.033333333333333,99.90728759765625,0.0,304.3328857421875,0.9399249917537293,0.2362614870071411,10,False,data/local/local_citizen100_quality_audit_q82_cap14_exact/landmarks/WHY/985afbf7.v17.npz,f4df11efb54bcdc469ec5a31046ce5c6e3f212963c39d76a64e1b02145bf92f9,,0.9629629629629629,0.4658203125,0.875,0.015625,CHILD,CHILD|GOODBYE|WHY|HE|NO,0.02884942665696144,CHILD,CHILD|WHY|NEED|HE|WHAT,0.07179001718759537,tier_c_dual_top5_only
WHY,WHY,D_01_067,canonical_and_pinned_raw_text_equal,local_hex_unknown_session,data/raw_videos/ASL VIDEOS/WHY/ffdfe6e1.mp4,data/local/ASL_hand_crops_av/WHY_ffdfe6e1.jpg,640,480,23,30.0,0.7666666666666667,126.2398681640625,0.0,173.7548065185547,0.9020325663222934,0.30709028244018555,8,False,data/local/local_citizen100_quality_audit_q82_cap14_exact/landmarks/WHY/ffdfe6e1.v17.npz,b5886cff3eb1769f5133ee118ee66364adddced48551e585cad632ce7c7cf3d4,,0.8823529411764706,0.44873046875,0.5625,0.15625,KNOW,KNOW|WHY|SICK|MORNING|STOP,0.21734680235385895,KNOW,KNOW|FATHER|WHY|HEAR|COME,0.024383213371038437,tier_c_dual_top5_only
WHY,WHY,D_01_067,canonical_and_pinned_raw_text_equal,local_hex_unknown_session,data/raw_videos/ASL VIDEOS/WHY/420f8970.mp4,data/local/ASL_hand_crops_av/WHY_420f8970.jpg,640,480,75,30.0,2.5,61.37646484375,0.0316162109375,673.5079345703125,0.8538045101368494,0.22102749347686768,14,False,data/local/local_citizen100_quality_audit_q82_cap14_exact/landmarks/WHY/420f8970.v17.npz,e9b54a676a47fc8040883aa3566ba675ca6487da1def8174d74e6e4b8ebe7681,,0.9552238805970149,0.482177734375,0.96875,0.0234375,HE,HE|WHAT|TELL|WHY|THEY,0.014939281158149242,HE,HE|WHAT|WHY|NEED|TELL,0.06292010843753815,tier_c_dual_top5_only
WHY,WHY,D_01_067,canonical_and_pinned_raw_text_equal,local_hex_unknown_session,data/raw_videos/ASL VIDEOS/WHY/50a14185.mp4,data/local/ASL_hand_crops_av/WHY_50a14185.jpg,640,480,43,30.0,1.4333333333333333,98.589111328125,0.0,317.10443115234375,0.9498705646763776,0.3461639881134033,5,False,data/local/local_citizen100_quality_audit_q82_cap14_exact/landmarks/WHY/50a14185.v17.npz,5c6a7f41587d6e5a34849cc757a8c978a10a53abc5b69627bae16809804ba553,,1.0,0.486572265625,0.9375,0.0078125,GOODBYE,GOODBYE|CHILD|WHY|COME|FIND,0.015163389965891838,GOODBYE,GOODBYE|FIND|SLEEP|LISTEN|WHY,0.007846365682780743,tier_c_dual_top5_only
WRITE,WRITE,D_01_051,canonical_and_pinned_raw_text_equal,local_hex_unknown_session,data/raw_videos/ASL VIDEOS/WRITE/24a1add5.mp4,data/local/ASL_hand_crops_av/WRITE_24a1add5.jpg,640,480,17,30.0,0.5666666666666667,114.80438232421875,0.05474853515625,2443.84375,0.925645128264403,0.35685598850250244,4,False,data/local/local_citizen100_quality_audit_q82_cap14_exact/landmarks/WRITE/24a1add5.v17.npz,11b8af25a489feda271621ba5f223094cc73f831923b233731b7953a532267ea,,0.8823529411764706,0.744140625,1.0,0.765625,DOCTOR,DOCTOR|WRITE|LEARN|NAME|NIGHT,0.10883137583732605,DOCTOR,DOCTOR|NIGHT|READ|LEARN|WRITE,0.04228532314300537,tier_c_dual_top5_only
YEAR,YEAR,B_02_015,canonical_and_pinned_raw_text_equal,local_hex_unknown_session,data/raw_videos/ASL VIDEOS/YEAR/4a118271.mp4,data/local/ASL_hand_crops_av/YEAR_4a118271.jpg,640,480,48,30.0,1.6,85.39471435546875,0.12847900390625,654.2973022460938,0.9281835596790571,0.23792433738708496,8,False,data/local/local_citizen100_quality_audit_q82_cap14_exact/landmarks/YEAR/4a118271.v17.npz,bf98232c086897df18162eecac9799e605ba7df5dd139e6ccd1e500eba23c4c3,,1.0,0.83056640625,0.84375,0.84375,MAKE,MAKE|YEAR|SORRY|LOVE|WORK,0.14563235640525818,MAKE,MAKE|YEAR|HELP|SORRY|WORK,0.2700737714767456,tier_c_dual_top5_only
YEAR,YEAR,B_02_015,canonical_and_pinned_raw_text_equal,local_numbered_single_session,data/raw_videos/ASL VIDEOS/YEAR/YEAR_18.mp4,data/local/ASL_hand_crops_av/YEAR_YEAR_18.jpg,640,480,109,30.0,3.6333333333333333,143.02484130859375,0.0,2586.537109375,0.8496510254594076,0.3520156145095825,5,False,data/local/local_citizen100_quality_audit_q82_cap14_exact/landmarks/YEAR/YEAR_18.v17.npz,3e949325fe3fc3cb698a94b6c9430cf4c0466a5a05fbd830dee44eb5d8e36c60,,0.9529411764705882,0.86328125,0.84375,0.84375,MAKE,MAKE|YEAR|SORRY|TIRED|LOVE,0.1349143534898758,MAKE,MAKE|YEAR|I|HOW|NAME,0.14164449274539948,tier_c_dual_top5_only
YES,YES,G_03_074,canonical_and_pinned_raw_text_equal,local_hex_unknown_session,data/raw_videos/ASL VIDEOS/YES/796f8307.mp4,data/local/ASL_hand_crops_av/YES_796f8307.jpg,640,480,59,30.0,1.9666666666666666,107.05657958984375,0.0,530.636962890625,0.9800109949335996,0.49461328983306885,2,False,data/local/local_citizen100_quality_audit_q82_cap14_exact/landmarks/YES/796f8307.v17.npz,00812a508f2c903d6080fa17cedc0a9d256c01ab62733f79eafbb03a2a598a15,,0.9491525423728814,0.49169921875,0.96875,0.0,NEED,NEED|CHILD|YES|YESTERDAY|THINK,0.08966293931007385,THINK,THINK|NEED|YES|YESTERDAY|GO,0.08702992647886276,tier_c_dual_top5_only
YES,YES,G_03_074,canonical_and_pinned_raw_text_equal,local_hex_unknown_session,data/raw_videos/ASL VIDEOS/YES/883bd9e8.mp4,data/local/ASL_hand_crops_av/YES_883bd9e8.jpg,640,480,74,30.0,2.466666666666667,99.8360595703125,0.0,431.793212890625,0.9293430668622124,0.16847050189971924,11,False,data/local/local_citizen100_quality_audit_q82_cap14_exact/landmarks/YES/883bd9e8.v17.npz,c14cf98ae06bdfd314309762382573716b5fb1906214154d60189af65f8e393c,,0.9594594594594594,0.496337890625,0.875,0.0,NEED,NEED|CHILD|YES|HE|YESTERDAY,0.05334121361374855,NEED,NEED|YES|THINK|CHILD|WHERE,0.19623105227947235,tier_c_dual_top5_only
YOU,YOU,D_02_065,canonical_and_pinned_raw_text_equal,local_hex_unknown_session,data/raw_videos/ASL VIDEOS/YOU/639ad3cc.mp4,data/local/ASL_hand_crops_av/YOU_639ad3cc.jpg,640,480,31,30.0,1.0333333333333334,134.2696533203125,0.0966796875,1254.0330810546875,0.9559775220680103,0.2826322317123413,8,False,data/local/local_citizen100_quality_audit_q82_cap14_exact/landmarks/YOU/639ad3cc.v17.npz,30f7f867f3bec6907c8862d0d74d5ae7b9bf76818f50ef73ea305f2db6eaadd4,,1.0,0.5,0.8125,0.0390625,NEED,NEED|TOMORROW|COME|YOU|TELL,0.054791152477264404,GIVE,GIVE|TELL|YOU|THEY|NEED,0.11489113420248032,tier_c_dual_top5_only
YOU,YOU,D_02_065,canonical_and_pinned_raw_text_equal,local_hex_unknown_session,data/raw_videos/ASL VIDEOS/YOU/896c2613.mp4,data/local/ASL_hand_crops_av/YOU_896c2613.jpg,640,480,44,30.0,1.4666666666666666,118.97882080078125,0.00677490234375,3226.90185546875,0.9949828837978606,0.26891016960144043,9,False,data/local/local_citizen100_quality_audit_q82_cap14_exact/landmarks/YOU/896c2613.v17.npz,7cfcc37c99e851c6550b1f77a2fa016f9072c1dd2eabf5047992122f5a4790cc,,1.0,0.5,0.9375,0.0,THINK,THINK|HOSPITAL|WHO|ASK|YOU,0.039766378700733185,THINK,THINK|TOMORROW|FATHER|NEED|YOU,0.03237736597657204,tier_c_dual_top5_only
YOU,YOU,D_02_065,canonical_and_pinned_raw_text_equal,local_hex_unknown_session,data/raw_videos/ASL VIDEOS/YOU/c26aa507.mp4,data/local/ASL_hand_crops_av/YOU_c26aa507.jpg,640,480,55,30.0,1.8333333333333333,78.177001953125,0.1959228515625,187.08197021484375,0.84418874215526,0.4193043112754822,5,False,data/local/local_citizen100_quality_audit_q82_cap14_exact/landmarks/YOU/c26aa507.v17.npz,41c943f351b5f387bcbfd86de8391b8cd4f55982e4db8249e54772711d594dc9,,0.9545454545454546,0.46728515625,0.75,0.0,NEED,NEED|YOU|THINK|ASK|HE,0.32443398237228394,NEED,NEED|YOU|WHERE|HE|I,0.026040608063340187,tier_c_dual_top5_only
YOU,YOU,D_02_065,canonical_and_pinned_raw_text_equal,local_hex_unknown_session,data/raw_videos/ASL VIDEOS/YOU/3bcafae7.mp4,data/local/ASL_hand_crops_av/YOU_3bcafae7.jpg,640,480,46,30.0,1.5333333333333334,75.67681884765625,0.0009765625,340.75506591796875,0.9125953891465426,0.34819525480270386,6,False,data/local/local_citizen100_quality_audit_q82_cap14_exact/landmarks/YOU/3bcafae7.v17.npz,725314337ec1a4089d04b164a87105548fb2ef0e06f2a5d98118b59dd5092ba8,,1.0,0.486572265625,0.875,0.0,NEED,NEED|YES|WHERE|YOU|WE,0.06285782903432846,NEED,NEED|YOU|WHERE|I|HE,0.024855252355337143,tier_c_dual_top5_only
YOU,YOU,D_02_065,canonical_and_pinned_raw_text_equal,local_hex_unknown_session,data/raw_videos/ASL VIDEOS/YOU/3937ebd4.mp4,data/local/ASL_hand_crops_av/YOU_3937ebd4.jpg,640,480,48,30.0,1.6,54.08282470703125,0.0001220703125,334.6937255859375,0.8639039084856526,0.22040653228759766,13,False,data/local/local_citizen100_quality_audit_q82_cap14_exact/landmarks/YOU/3937ebd4.v17.npz,6390da4ace03d28c3e5ce954dee22712a3925082ee1ca96c6978f58c5872dd31,,1.0,0.5,0.84375,0.0,NEED,NEED|YOU|ASK|GO|WHERE,0.18141497671604156,NEED,NEED|YOU|TIME|SIGN|I,0.014220001175999641,tier_c_dual_top5_only
ANGRY,ANGRY,B_01_070,canonical_and_pinned_raw_text_equal,local_hex_unknown_session,data/raw_videos/ASL VIDEOS/ANGRY/57b93b85.mp4,data/local/ASL_hand_crops_av/ANGRY_57b93b85.jpg,640,480,29,30.0,0.9666666666666667,56.05828857421875,0.10296630859375,1930.4779052734375,0.8530952788051313,0.45366668701171875,3,False,data/local/local_citizen100_quality_audit_q82_cap14_exact/landmarks/ANGRY/57b93b85.v17.npz,daf2b30b0d1426470fcc1708b8c6067cfe6ef3afd6f3ec0b1da98c2323c2a198,,1.0,1.0,0.875,0.875,NAME,NAME|EXCITED|SIGN|LIKE|ANGRY,0.03409504517912865,LIKE,LIKE|SEE|WHEN|WANT|EXCITED,0.03714500740170479,quarantine_model_disagreement
ANGRY,ANGRY,B_01_070,canonical_and_pinned_raw_text_equal,local_hex_unknown_session,data/raw_videos/ASL VIDEOS/ANGRY/ae38897b.mp4,data/local/ASL_hand_crops_av/ANGRY_ae38897b.jpg,640,480,44,30.0,1.4666666666666666,65.22119140625,0.08935546875,1239.3037109375,0.8960129553978473,0.14571183919906616,6,False,data/local/local_citizen100_quality_audit_q82_cap14_exact/landmarks/ANGRY/ae38897b.v17.npz,e936c0b2260429fda5ed1fc3f40210be6a2cf37427f0c630173512730ac0cc6c,,0.8409090909090909,0.75146484375,0.9375,0.9375,WANT,WANT|WAIT|EXCITED|GIVE|NAME,0.016634313389658928,LIKE,LIKE|EXCITED|ANGRY|SIGN|EASY,0.06410622596740723,quarantine_model_disagreement
ANGRY,ANGRY,B_01_070,canonical_and_pinned_raw_text_equal,local_hex_unknown_session,data/raw_videos/ASL VIDEOS/ANGRY/20281937.mp4,data/local/ASL_hand_crops_av/ANGRY_20281937.jpg,640,480,31,30.0,1.0333333333333334,80.49737548828125,0.0716552734375,1394.2735595703125,0.9118728185150787,0.11913430690765381,7,False,data/local/local_citizen100_quality_audit_q82_cap14_exact/landmarks/ANGRY/20281937.v17.npz,d7d936991d3f7a96f55c923a1af2c081e400a2477fb751564bcc6a9cd2ae65d2,,1.0,0.84814453125,0.8125,0.8125,LIKE,LIKE|EXCITED|GIVE|WANT|NAME,0.004553249571472406,EXCITED,EXCITED|TIRED|LIKE|SIGN|FEEL,0.025469394400715828,quarantine_model_disagreement
ANSWER,ANSWER,E_03_065,canonical_and_pinned_raw_text_equal,local_hex_unknown_session,data/raw_videos/ASL VIDEOS/ANSWER/b4d61271.mp4,data/local/ASL_hand_crops_av/ANSWER_b4d61271.jpg,640,480,27,30.0,0.9,132.8868408203125,0.0670166015625,3416.800048828125,0.9545586754088415,0.23368704319000244,10,False,data/local/local_citizen100_quality_audit_q82_cap14_exact/landmarks/ANSWER/b4d61271.v17.npz,68575a460e31889d9e567da4aecf69a6ba4c94f0d908308aabd7766f148e130c,,0.9259259259259259,0.84375,0.9375,0.0,WHEN,WHEN|WEEK|DIFFERENT|ANSWER|SEE,0.025646820664405823,WHEN,WHEN|GO|LANGUAGE|WHAT|WEEK,0.031176947057247162,quarantine_model_disagreement
ANSWER,ANSWER,E_03_065,canonical_and_pinned_raw_text_equal,local_hex_unknown_session,data/raw_videos/ASL VIDEOS/ANSWER/1e3a6fcc.mp4,data/local/ASL_hand_crops_av/ANSWER_1e3a6fcc.jpg,640,480,50,30.0,1.6666666666666667,83.5313720703125,0.0,150.80076599121094,0.8833091077907997,0.20547640323638916,13,False,data/local/local_citizen100_quality_audit_q82_cap14_exact/landmarks/ANSWER/1e3a6fcc.v17.npz,23809a328b6915cfda1b429ba6658bf3040792720346b7139f405af4611626a2,,1.0,0.84130859375,0.96875,0.96875,WHEN,WHEN|FRIEND|WEEK|TIME|ANSWER,0.05419411510229111,FRIEND,FRIEND|WHEN|WEEK|USE|TIME,0.02415732853114605,quarantine_model_disagreement
ANSWER,ANSWER,E_03_065,canonical_and_pinned_raw_text_equal,local_hex_unknown_session,data/raw_videos/ASL VIDEOS/ANSWER/0c235bab.mp4,data/local/ASL_hand_crops_av/ANSWER_0c235bab.jpg,640,480,42,30.0,1.4,103.53082275390625,0.0,183.541748046875,0.9252692915902043,0.34314095973968506,7,False,data/local/local_citizen100_quality_audit_q82_cap14_exact/landmarks/ANSWER/0c235bab.v17.npz,ee31cdf8731c19d28d52fba427163b2a1e56a90d0e5941decf5a6d08b3d0fc6a,,1.0,0.896484375,0.96875,0.0,WHEN,WHEN|DIFFERENT|SIGN|ANSWER|WEEK,0.021126985549926758,DIFFERENT,DIFFERENT|LANGUAGE|WHEN|GO|BIG,0.008591771125793457,quarantine_model_disagreement
ANSWER,ANSWER,E_03_065,canonical_and_pinned_raw_text_equal,local_hex_unknown_session,data/raw_videos/ASL VIDEOS/ANSWER/bea78a75.mp4,data/local/ASL_hand_crops_av/ANSWER_bea78a75.jpg,640,480,28,30.0,0.9333333333333333,114.2869873046875,0.0384521484375,1785.9996337890625,0.9597936993295837,0.2267467975616455,11,False,data/local/local_citizen100_quality_audit_q82_cap14_exact/landmarks/ANSWER/bea78a75.v17.npz,2102d1d5b23afbbee3f4ade3547d888324b3965630ccff052f5a1393ab6aacab,,1.0,0.8720703125,0.90625,0.375,WHEN,WHEN|WEEK|FRIEND|DIFFERENT|YOU,0.005187668837606907,WHEN,WHEN|WEEK|ANSWER|FRIEND|WHERE,0.052831340581178665,quarantine_model_disagreement
ANSWER,ANSWER,E_03_065,canonical_and_pinned_raw_text_equal,local_hex_unknown_session,data/raw_videos/ASL VIDEOS/ANSWER/3348d5f1.mp4,data/local/ASL_hand_crops_av/ANSWER_3348d5f1.jpg,640,480,23,30.0,0.7666666666666667,164.65643310546875,0.08599853515625,1626.886474609375,0.9083069889119042,0.3562866449356079,6,False,data/local/local_citizen100_quality_audit_q82_cap14_exact/landmarks/ANSWER/3348d5f1.v17.npz,8f5033ac93abe55975f1cba2e215628e3cd094cf3845150f74fdf79a067e5c0f,,1.0,0.875,0.75,0.203125,WHEN,WHEN|SEE|WEEK|LIKE|NAME,0.0032430400606244802,WHEN,WHEN|WEEK|ANSWER|SEE|FAMILY,0.04337149113416672,quarantine_model_disagreement
ASK,ASK,B_02_023,canonical_and_pinned_raw_text_equal,local_hex_unknown_session,data/raw_videos/ASL VIDEOS/ASK/f1f4525f.mp4,data/local/ASL_hand_crops_av/ASK_f1f4525f.jpg,640,480,25,30.0,0.8333333333333334,58.21929931640625,0.16253662109375,1255.99853515625,0.8388819270193215,0.16513270139694214,11,False,data/local/local_citizen100_quality_audit_q82_cap14_exact/landmarks/ASK/f1f4525f.v17.npz,7829a7d6dc2da7a486e8d5aa6d9561c84ac961d26a423c2803982b4226eb31ed,,1.0,0.5,1.0,0.015625,HE,HE|NEED|THINK|WHERE|DIFFERENT,0.014804136008024216,NEED,NEED|HE|THINK|WHERE|ASK,0.031169481575489044,quarantine_model_disagreement
ASK,ASK,B_02_023,canonical_and_pinned_raw_text_equal,local_hex_unknown_session,data/raw_videos/ASL VIDEOS/ASK/b248cd56.mp4,data/local/ASL_hand_crops_av/ASK_b248cd56.jpg,640,480,55,30.0,1.8333333333333333,91.6793212890625,0.0,516.7366943359375,0.9626698350907016,0.6437616050243378,2,False,data/local/local_citizen100_quality_audit_q82_cap14_exact/landmarks/ASK/b248cd56.v17.npz,cf3f7baecbdc65c1506a51eb4b2d8e91d3812cac19cdbf29d56d9fb3355017ae,,0.9818181818181818,0.5,0.875,0.515625,TELL,TELL|THINK|UNDERSTAND|WHO|I,0.009138080291450024,NEED,NEED|YOU|THINK|TELL|I,0.016724716871976852,quarantine_model_disagreement
ASK,ASK,B_02_023,canonical_and_pinned_raw_text_equal,local_hex_unknown_session,data/raw_videos/ASL VIDEOS/ASK/bbc3f389.mp4,data/local/ASL_hand_crops_av/ASK_bbc3f389.jpg,640,480,20,30.0,0.6666666666666666,106.08160400390625,0.0,184.67860412597656,0.8840063380188635,0.29126131534576416,5,False,data/local/local_citizen100_quality_audit_q82_cap14_exact/landmarks/ASK/bbc3f389.v17.npz,ffdf929734a622748687c6b6656fb8d832859a9af347b4fb650464def93a44d0,,1.0,0.5,0.84375,0.7421875,WHERE,WHERE|HE|YOU|ASK|DIFFERENT,0.016216835007071495,WHERE,WHERE|HE|NEED|YOU|I,0.0034646308049559593,quarantine_model_disagreement
ASK,ASK,B_02_023,canonical_and_pinned_raw_text_equal,local_hex_unknown_session,data/raw_videos/ASL VIDEOS/ASK/64a4dcf7.mp4,data/local/ASL_hand_crops_av/ASK_64a4dcf7.jpg,640,480,21,30.0,0.7,99.65277099609375,0.0,189.37387084960938,0.8799853405508506,0.19252365827560425,8,False,data/local/local_citizen100_quality_audit_q82_cap14_exact/landmarks/ASK/64a4dcf7.v17.npz,56631130c7a4d44df58fc58a332e7572252dc49ebf71e97e0d1a7bb2ea68427c,,1.0,0.5,0.8125,0.328125,HE,HE|WHERE|NEED|I|DIFFERENT,0.004599735606461763,HE,HE|WHERE|NEED|CHILD|I,0.0017428382998332381,quarantine_model_disagreement
ASK,ASK,B_02_023,canonical_and_pinned_raw_text_equal,local_hex_unknown_session,data/raw_videos/ASL VIDEOS/ASK/29fb9293.mp4,data/local/ASL_hand_crops_av/ASK_29fb9293.jpg,640,480,24,30.0,0.8,97.958251953125,0.0,192.74728393554688,0.8868714775697223,0.15627026557922363,10,False,data/local/local_citizen100_quality_audit_q82_cap14_exact/landmarks/ASK/29fb9293.v17.npz,0af118898851b1b19d599eb9a269d8d78472fc2d7ff483701ffdd8a1ee4d15d3,,1.0,0.5,0.71875,0.71875,HE,HE|WHERE|DIFFERENT|ASK|SEE,0.004010363481938839,HE,HE|WHERE|NEED|CHILD|I,0.0015710052102804184,quarantine_model_disagreement
BIG,BIG,F_02_054,canonical_and_pinned_raw_text_equal,local_hex_unknown_session,data/raw_videos/ASL VIDEOS/BIG/541aa662.mp4,data/local/ASL_hand_crops_av/BIG_541aa662.jpg,640,480,36,30.0,1.2,89.520751953125,0.0,309.9002685546875,0.9256728429529744,0.45602142810821533,2,False,data/local/local_citizen100_quality_audit_q82_cap14_exact/landmarks/BIG/541aa662.v17.npz,cbe32981a674008572ee9f4f67cdcd013154e47026f2616785ada8ccf9ad1b27,,0.8,0.7568359375,0.5625,0.640625,SMALL,SMALL|TALK|GOODBYE|READY|DOCTOR,0.0013395403511822224,SMALL,SMALL|HELLO|WANT|TALK|YOUR,0.002377580851316452,quarantine_model_disagreement
BIG,BIG,F_02_054,canonical_and_pinned_raw_text_equal,local_hex_unknown_session,data/raw_videos/ASL VIDEOS/BIG/7371db0a.mp4,data/local/ASL_hand_crops_av/BIG_7371db0a.jpg,640,480,35,30.0,1.1666666666666667,88.7294921875,0.0,293.68218994140625,0.919590072091456,0.09825563430786133,8,False,data/local/local_citizen100_quality_audit_q82_cap14_exact/landmarks/BIG/7371db0a.v17.npz,5cc3f908fe42cd02e53edc7803dbfd1bad720b2c70b1fec88444d6feddd315e2,,0.8666666666666667,0.822265625,0.84375,0.640625,SMALL,SMALL|DOCTOR|TALK|READ|READY,0.00025550980353727937,SMALL,SMALL|DOCTOR|MAYBE|LIKE|KNOW,0.000818951812107116,quarantine_model_disagreement
BIG,BIG,F_02_054,canonical_and_pinned_raw_text_equal,local_hex_unknown_session,data/raw_videos/ASL VIDEOS/BIG/d868afd3.mp4,data/local/ASL_hand_crops_av/BIG_d868afd3.jpg,640,480,30,30.0,1.0,84.53826904296875,0.0,249.79278564453125,0.8927970753457519,0.12272709608078003,5,False,data/local/local_citizen100_quality_audit_q82_cap14_exact/landmarks/BIG/d868afd3.v17.npz,e55ce862bdfd56d0315c5e016bd0086d8483ebb4a9241415c4dc16f36aeaee21,,0.84,0.79296875,0.6875,0.609375,SMALL,SMALL|DOCTOR|TALK|READ|HELLO,0.00016083625087048858,DOCTOR,DOCTOR|SMALL|MAYBE|BAD|EASY,0.000816471641883254,quarantine_model_disagreement
CHILD,CHILD,F_03_101,canonical_and_pinned_raw_text_equal,local_hex_unknown_session,data/raw_videos/ASL VIDEOS/CHILD/d9498936.mp4,data/local/ASL_hand_crops_av/CHILD_d9498936.jpg,640,480,62,30.0,2.066666666666667,134.257080078125,0.0,474.045166015625,0.9829216051665985,0.08233499526977539,13,False,data/local/local_citizen100_quality_audit_q82_cap14_exact/landmarks/CHILD/d9498936.v17.npz,ef74427d3554257f2d1325518eea51b49c3792e9a33e2152d7042a0fb8493bfe,,0.8888888888888888,0.4375,0.71875,0.3984375,HOME,HOME|LESS|BAD|OUR|DOCTOR,0.022354109212756157,BAD,BAD|HAPPY|LESS|HOME|GIVE,0.02688189037144184,quarantine_model_disagreement
CHILD,CHILD,F_03_101,canonical_and_pinned_raw_text_equal,local_hex_unknown_session,data/raw_videos/ASL VIDEOS/CHILD/0cf98949.mp4,data/local/ASL_hand_crops_av/CHILD_0cf98949.jpg,640,480,51,30.0,1.7,127.85595703125,0.0,668.4014282226562,0.9993830929221674,,1,False,data/local/local_citizen100_quality_audit_q82_cap14_exact/landmarks/CHILD/0cf98949.v17.npz,9d51321c873b102d951f3f308ef026f1161bd4dc0cb944b3e6fd16f3f6de90cb,,1.0,0.499267578125,0.96875,0.96875,HAPPY,HAPPY|FEEL|BAD|GOOD|GIVE,0.021071506664156914,HAPPY,HAPPY|MY|PLEASE|LIKE|BAD,0.009023617953062057,quarantine_model_disagreement
CHILD,CHILD,F_03_101,canonical_and_pinned_raw_text_equal,local_hex_unknown_session,data/raw_videos/ASL VIDEOS/CHILD/b87768e7.mp4,data/local/ASL_hand_crops_av/CHILD_b87768e7.jpg,640,480,59,30.0,1.9666666666666666,136.06591796875,0.0,457.0402526855469,0.9850277654186066,0.15799617767333984,8,False,data/local/local_citizen100_quality_audit_q82_cap14_exact/landmarks/CHILD/b87768e7.v17.npz,bdcba8882b5b26b2d5d70645f31e43430bab87562d84de13788f43c10bf8d689,,0.8936170212765957,0.4375,0.875,0.65625,OUR,OUR|COME|WE|SAME|NIGHT,0.047346461564302444,SAME,SAME|WE|TAKE|DOCTOR|NIGHT,0.005024047568440437,quarantine_model_disagreement
CHILD,CHILD,F_03_101,canonical_and_pinned_raw_text_equal,local_hex_unknown_session,data/raw_videos/ASL VIDEOS/CHILD/79b5732f.mp4,data/local/ASL_hand_crops_av/CHILD_79b5732f.jpg,640,480,29,30.0,0.9666666666666667,61.59771728515625,0.04132080078125,1529.718994140625,0.8737508362513241,0.2728590965270996,6,False,data/local/local_citizen100_quality_audit_q82_cap14_exact/landmarks/CHILD/79b5732f.v17.npz,88a4cc89169bd9dc2fbd8f451731ca831a3c701a6b97cacc99031b145e8fda4a,,1.0,0.499267578125,0.875,0.1640625,FIND,FIND|GOODBYE|WHY|HELLO|MAYBE,0.04764421284198761,FIND,FIND|HELLO|DRINK|HEAR|GOODBYE,0.001233902177773416,quarantine_model_disagreement
CHILD,CHILD,F_03_101,canonical_and_pinned_raw_text_equal,local_hex_unknown_session,data/raw_videos/ASL VIDEOS/CHILD/6bebcd71.mp4,data/local/ASL_hand_crops_av/CHILD_6bebcd71.jpg,640,480,35,30.0,1.1666666666666667,49.91522216796875,0.0955810546875,1321.459716796875,0.8537926321156917,0.12803691625595093,12,False,data/local/local_citizen100_quality_audit_q82_cap14_exact/landmarks/CHILD/6bebcd71.v17.npz,0248ab74498d06fe649b33a5622561f772a9241d780af77cbb80fe52a64a9111,,1.0,0.4970703125,0.9375,0.703125,FIND,FIND|GOODBYE|HELLO|WHY|CHILD,0.04422156512737274,FIND,FIND|DRINK|MAN|HEAR|LESS,0.0010503383819013834,quarantine_model_disagreement
COLD,COLD,C_02_068,canonical_and_pinned_raw_text_equal,local_hex_unknown_session,data/raw_videos/ASL VIDEOS/COLD/67974f89.mp4,data/local/ASL_hand_crops_av/COLD_67974f89.jpg,640,480,59,30.0,1.9666666666666666,43.33428955078125,0.16900634765625,677.0930786132812,0.8357546272942393,0.45406419038772583,3,False,data/local/local_citizen100_quality_audit_q82_cap14_exact/landmarks/COLD/67974f89.v17.npz,d045d51ec2440231d336acb29baf13f55666cbfb6f477cb61dcc89730a039bd3,,0.9111111111111111,0.85107421875,0.71875,0.40625,TIRED,TIRED|HAVE|MAKE|COLD|FRIEND,0.06156642362475395,MAKE,MAKE|TIRED|HAVE|TRY|I,0.03416174650192261,quarantine_model_disagreement
COME,COME,C_03_074,canonical_and_pinned_raw_text_equal,local_hex_unknown_session,data/raw_videos/ASL VIDEOS/COME/ee1dd9fd.mp4,data/local/ASL_hand_crops_av/COME_ee1dd9fd.jpg,640,480,26,30.0,0.8666666666666667,57.60784912109375,0.1614990234375,1638.7891845703125,0.840472323489279,0.14261555671691895,10,False,data/local/local_citizen100_quality_audit_q82_cap14_exact/landmarks/COME/ee1dd9fd.v17.npz,088de8981c27f08debbdac29ff0e4ca835a9105b634230e3d6e1f5fe8c2b0051,,1.0,0.5,0.96875,0.2578125,WE,WE|NEED|THINK|COME|SIGN,0.06035887822508812,WE,WE|NEED|THINK|DAY|ASK,0.023119119927287102,quarantine_model_disagreement
COME,COME,C_03_074,canonical_and_pinned_raw_text_equal,local_hex_unknown_session,data/raw_videos/ASL VIDEOS/COME/448df122.mp4,data/local/ASL_hand_crops_av/COME_448df122.jpg,640,480,19,30.0,0.6333333333333333,135.2611083984375,0.07470703125,2423.73876953125,0.9298668341773835,0.22475779056549072,6,False,data/local/local_citizen100_quality_audit_q82_cap14_exact/landmarks/COME/448df122.v17.npz,c5cecf58292057753413f25eb81d1c7fe3e59fc6427494391d5072f3dc430f71,,1.0,0.496337890625,0.90625,0.703125,WE,WE|NEED|YES|THINK|GO,0.006201440002769232,NEED,NEED|ASK|THINK|WE|DAY,0.004853257443755865,quarantine_model_disagreement
COME,COME,C_03_074,canonical_and_pinned_raw_text_equal,local_hex_unknown_session,data/raw_videos/ASL VIDEOS/COME/59977557.mp4,data/local/ASL_hand_crops_av/COME_59977557.jpg,640,480,64,30.0,2.1333333333333333,51.359130859375,0.03350830078125,373.78851318359375,0.8428818120493465,0.19543993473052979,7,False,data/local/local_citizen100_quality_audit_q82_cap14_exact/landmarks/COME/59977557.v17.npz,c885d73beeab3f9dd83cd329363c3718acbbf8cdc2fdd7dd14c751a261890155,,0.8793103448275862,0.8603515625,0.96875,0.828125,HAVE,HAVE|HOW|TELL|WHEN|TIRED,0.0050067296251654625,HAVE,HAVE|HOW|NOW|TIRED|MAKE,0.0023679938167333603,quarantine_model_disagreement
COME,COME,C_03_074,canonical_and_pinned_raw_text_equal,local_hex_unknown_session,data/raw_videos/ASL VIDEOS/COME/26cf1e41.mp4,data/local/ASL_hand_crops_av/COME_26cf1e41.jpg,640,480,24,30.0,0.8,136.82293701171875,0.0,150.5865478515625,0.8946991096180373,0.120547354221344,13,False,data/local/local_citizen100_quality_audit_q82_cap14_exact/landmarks/COME/26cf1e41.v17.npz,50f1ee9dfd25c75a6932ac6def33a7c65822bec432e3c4a51291415da8998ba4,,1.0,1.0,0.71875,0.71875,WHAT,WHAT|TIRED|SIGN|HAVE|MAKE,0.009173841215670109,HOW,HOW|UNDERSTAND|I|TELL|FRIEND,0.001969464821740985,quarantine_model_disagreement
COME,COME,C_03_074,canonical_and_pinned_raw_text_equal,local_hex_unknown_session,data/raw_videos/ASL VIDEOS/COME/70652b57.mp4,data/local/ASL_hand_crops_av/COME_70652b57.jpg,640,480,26,30.0,0.8666666666666667,131.13238525390625,0.0,159.90426635742188,0.905194579673642,0.27031612396240234,5,False,data/local/local_citizen100_quality_audit_q82_cap14_exact/landmarks/COME/70652b57.v17.npz,933094fbd03fc915b09c810c6661249da170c5be29dca8970ab986c142d04c67,,1.0,1.0,0.96875,0.734375,TIRED,TIRED|FRIEND|TELL|WHAT|HOW,0.0016590056475251913,TELL,TELL|TIRED|I|UNDERSTAND|SIGN,0.0013809684896841645,quarantine_model_disagreement
COME,COME,C_03_074,canonical_and_pinned_raw_text_equal,local_hex_unknown_session,data/raw_videos/ASL VIDEOS/COME/c3e0e721.mp4,data/local/ASL_hand_crops_av/COME_c3e0e721.jpg,640,480,58,30.0,1.9333333333333333,78.19146728515625,0.0,491.2506103515625,0.9321794039773201,0.11580550670623779,11,False,data/local/local_citizen100_quality_audit_q82_cap14_exact/landmarks/COME/c3e0e721.v17.npz,83ad6a94329bef3d9f1a94bf538e73e18469fb49470c3f707f23098fb2a5f08f,,0.868421052631579,0.77978515625,0.65625,0.1171875,WHEN,WHEN|WHAT|SIGN|UNDERSTAND|TELL,0.0018358007073402405,WHEN,WHEN|WHAT|UNDERSTAND|FRIEND|WEEK,0.0012682043015956879,quarantine_model_disagreement
COME,COME,C_03_074,canonical_and_pinned_raw_text_equal,local_hex_unknown_session,data/raw_videos/ASL VIDEOS/COME/483111a8.mp4,data/local/ASL_hand_crops_av/COME_483111a8.jpg,640,480,18,30.0,0.6,138.20989990234375,0.05230712890625,3343.1787109375,0.931091145609849,0.3363882303237915,4,False,data/local/local_citizen100_quality_audit_q82_cap14_exact/landmarks/COME/483111a8.v17.npz,8ee5ebc0a0444f2fd308fe31046cc38ecb7890e52fc9298a63cb90043d638e1b,,1.0,0.5,0.96875,0.96875,WE,WE|NEED|I|TIME|WHERE,0.003906588535755873,NEED,NEED|WE|I|WHERE|YOU,0.001087250537239015,quarantine_model_disagreement
COME,COME,C_03_074,canonical_and_pinned_raw_text_equal,local_hex_unknown_session,data/raw_videos/ASL VIDEOS/COME/1f8fe617.mp4,data/local/ASL_hand_crops_av/COME_1f8fe617.jpg,640,480,59,30.0,1.9666666666666666,85.268310546875,0.0,449.9559326171875,0.9401529221266445,0.5317668318748474,2,False,data/local/local_citizen100_quality_audit_q82_cap14_exact/landmarks/COME/1f8fe617.v17.npz,2fe64f25a5a67bc438261a1bc55da42b8e8386fd2a626e4c78393899a6e12d5d,,0.9024390243902439,0.771484375,0.8125,0.125,WHAT,WHAT|TELL|SIGN|WHEN|UNDERSTAND,0.0006192412693053484,WHAT,WHAT|UNDERSTAND|WHEN|GO|SEE,0.002959136851131916,quarantine_model_disagreement
COME,COME,C_03_074,canonical_and_pinned_raw_text_equal,local_hex_unknown_session,data/raw_videos/ASL VIDEOS/COME/7c920601.mp4,data/local/ASL_hand_crops_av/COME_7c920601.jpg,640,480,18,30.0,0.6,135.77960205078125,0.05609130859375,2650.360107421875,0.9312887239794014,0.10051107406616211,14,False,data/local/local_citizen100_quality_audit_q82_cap14_exact/landmarks/COME/7c920601.v17.npz,f169efea4a74baab2598f3295ba9bdbc1b2a830ac86c55ba0256980992d09b60,,1.0,0.5,0.96875,0.6328125,WHO,WHO|WE|YOU|ASK|THINK,0.0003639136557467282,WE,WE|YOU|NEED|WHO|I,0.0005311391432769597,quarantine_model_disagreement
COME,COME,C_03_074,canonical_and_pinned_raw_text_equal,local_numbered_single_session,data/raw_videos/ASL VIDEOS/COME/COME_21.mp4,data/local/ASL_hand_crops_av/COME_COME_21.jpg,640,480,38,30.0,1.2666666666666666,112.56640625,0.0,3992.69580078125,0.9867456513081225,,1,False,data/local/local_citizen100_quality_audit_q82_cap14_exact/landmarks/COME/COME_21.v17.npz,0f8ec5c636adc23e701939f92c300818a48d7110b6c9516ec540044845a2e362,,1.0,0.4970703125,0.875,0.65625,WHERE,WHERE|HE|TELL|YOU|ASK,0.00012450743815861642,HE,HE|WHERE|NEED|I|TELL,0.00048766235704533756,quarantine_model_disagreement
COME,COME,C_03_074,canonical_and_pinned_raw_text_equal,local_hex_unknown_session,data/raw_videos/ASL VIDEOS/COME/b7aa7e04.mp4,data/local/ASL_hand_crops_av/COME_b7aa7e04.jpg,640,480,25,30.0,0.8333333333333334,138.04925537109375,0.068359375,3174.693115234375,0.9471366552073641,0.10811859369277954,12,False,data/local/local_citizen100_quality_audit_q82_cap14_exact/landmarks/COME/b7aa7e04.v17.npz,bbc2c7a70e6796b7370eee5d8a0fd5131023368e1e51bf90fa1305a765c9e3e5,,0.8571428571428571,0.418212890625,0.8125,0.8125,WHO,WHO|HOSPITAL|ASK|WE|THINK,0.000409040687372908,WHO,WHO|ASK|YOU|HOSPITAL|THINK,5.462993067339994e-05,quarantine_model_disagreement
FEEL,FEEL,C_02_001,canonical_and_pinned_raw_text_equal,local_hex_unknown_session,data/raw_videos/ASL VIDEOS/FEEL/4ce90b67.mp4,data/local/ASL_hand_crops_av/FEEL_4ce90b67.jpg,640,480,58,30.0,1.9333333333333333,73.44952392578125,0.01959228515625,463.531494140625,0.9152608541897984,0.21417570114135742,9,False,data/local/local_citizen100_quality_audit_q82_cap14_exact/landmarks/FEEL/4ce90b67.v17.npz,7dc746e7d98b34ab0adb74c78108b2557692f1b6caf43ff674407c3c6035e87e,,0.9545454545454546,0.71875,0.90625,0.296875,THEY,THEY|LIKE|SEE|FEEL|GIVE,0.06409401446580887,WEEK,WEEK|THEY|LIKE|HE|HOT,0.025158943608403206,quarantine_model_disagreement
FEEL,FEEL,C_02_001,canonical_and_pinned_raw_text_equal,local_hex_unknown_session,data/raw_videos/ASL VIDEOS/FEEL/0e1a8612.mp4,data/local/ASL_hand_crops_av/FEEL_0e1a8612.jpg,640,480,68,30.0,2.2666666666666666,71.7738037109375,0.0001220703125,201.6307830810547,0.8494981001291626,0.45889174938201904,3,False,data/local/local_citizen100_quality_audit_q82_cap14_exact/landmarks/FEEL/0e1a8612.v17.npz,bad4f881117b6d663da2406da6d9ce93004e2039a903322e82357e7a5ddbfd91,,0.9491525423728814,0.4814453125,0.8125,0.0703125,THANKYOU,THANKYOU|MAYBE|STOP|GOOD|WHY,0.020685551688075066,FEEL,FEEL|HUNGRY|GOOD|HELP|GIVE,0.6504014134407043,quarantine_model_disagreement
FEEL,FEEL,C_02_001,canonical_and_pinned_raw_text_equal,local_hex_unknown_session,data/raw_videos/ASL VIDEOS/FEEL/a6cc6d83.mp4,data/local/ASL_hand_crops_av/FEEL_a6cc6d83.jpg,640,480,15,30.0,0.5,87.20428466796875,0.00457763671875,1386.4078369140625,0.8946173822627039,0.30051565170288086,6,False,data/local/local_citizen100_quality_audit_q82_cap14_exact/landmarks/FEEL/a6cc6d83.v17.npz,15df0175655a323ab4fc16d4fa7573c78c88fb72ff2efb1009f4eff17c6602cf,,1.0,0.5,0.59375,0.046875,MY,MY|WOMAN|HOSPITAL|LIKE|MOTHER,0.0007675747037865222,MY,MY|HOSPITAL|WOMAN|LIKE|PLEASE,0.0017644030740484595,quarantine_model_disagreement
FRIEND,FRIEND,D_03_010,canonical_and_pinned_raw_text_equal,local_hex_unknown_session,data/raw_videos/ASL VIDEOS/FRIEND/8005d3a3.mp4,data/local/ASL_hand_crops_av/FRIEND_8005d3a3.jpg,640,480,28,30.0,0.9333333333333333,137.88037109375,0.00164794921875,954.37890625,0.9712664812468912,0.15762180089950562,11,False,data/local/local_citizen100_quality_audit_q82_cap14_exact/landmarks/FRIEND/8005d3a3.v17.npz,471407595b0df5664504c194dcce90aff542f6559dee2594a36b55213b2bd767,,0.9230769230769231,0.84228515625,0.96875,0.015625,ANSWER,ANSWER|YEAR|HOW|THINK|GO,0.038327768445014954,FRIEND,FRIEND|ANSWER|WORK|UNDERSTAND|SMALL,0.4040108323097229,quarantine_model_disagreement
FRIEND,FRIEND,D_03_010,canonical_and_pinned_raw_text_equal,local_hex_unknown_session,data/raw_videos/ASL VIDEOS/FRIEND/a5b23ccf.mp4,data/local/ASL_hand_crops_av/FRIEND_a5b23ccf.jpg,640,480,34,30.0,1.1333333333333333,130.76910400390625,0.00079345703125,1263.0462646484375,0.9865882494097398,0.13040494918823242,14,False,data/local/local_citizen100_quality_audit_q82_cap14_exact/landmarks/FRIEND/a5b23ccf.v17.npz,6e01d6c4e15e0ac764378e9c2ee5b5cf023c01aef4acb3bfcffd81fc43150227,,0.8076923076923077,0.640625,0.65625,0.265625,ANSWER,ANSWER|THINK|GO|WHEN|DAY,0.01154349185526371,FRIEND,FRIEND|UNDERSTAND|THINK|DAY|SMALL,0.33223041892051697,quarantine_model_disagreement
FRIEND,FRIEND,D_03_010,canonical_and_pinned_raw_text_equal,local_hex_unknown_session,data/raw_videos/ASL VIDEOS/FRIEND/e9441a43.mp4,data/local/ASL_hand_crops_av/FRIEND_e9441a43.jpg,640,480,43,30.0,1.4333333333333333,102.62896728515625,0.0,188.0715789794922,0.9262188971503282,0.2931852340698242,6,False,data/local/local_citizen100_quality_audit_q82_cap14_exact/landmarks/FRIEND/e9441a43.v17.npz,5e029eac27c7063307b9ef734a23b9fceb767194407b0a06621344d06e1dd7e0,,0.8888888888888888,0.77978515625,0.71875,0.421875,ANSWER,ANSWER|GO|THINK|WHEN|FATHER,0.008583057671785355,DIFFERENT,DIFFERENT|THINK|SIGN|WHEN|GO,0.027126707136631012,quarantine_model_disagreement
FRIEND,FRIEND,D_03_010,canonical_and_pinned_raw_text_equal,local_hex_unknown_session,data/raw_videos/ASL VIDEOS/FRIEND/0cc2c8b3.mp4,data/local/ASL_hand_crops_av/FRIEND_0cc2c8b3.jpg,640,480,29,30.0,0.9666666666666667,142.46142578125,0.0010986328125,1037.298095703125,0.9707164409955328,0.2500385642051697,7,False,data/local/local_citizen100_quality_audit_q82_cap14_exact/landmarks/FRIEND/0cc2c8b3.v17.npz,2549655c9eab523a02a85d40417bb2c018db2fe59a31b6ee7a3b39ca81cebfd9,,0.8095238095238095,0.65234375,0.84375,0.0,THINK,THINK|GO|ANSWER|FATHER|NEED,0.004319666884839535,GO,GO|NEED|WHEN|ASK|UNDERSTAND,0.0035447163973003626,quarantine_model_disagreement
FRIEND,FRIEND,D_03_010,canonical_and_pinned_raw_text_equal,local_hex_unknown_session,data/raw_videos/ASL VIDEOS/FRIEND/26b51918.mp4,data/local/ASL_hand_crops_av/FRIEND_26b51918.jpg,640,480,37,30.0,1.2333333333333334,117.7181396484375,0.0006103515625,1145.482421875,0.9888086229314097,,1,False,data/local/local_citizen100_quality_audit_q82_cap14_exact/landmarks/FRIEND/26b51918.v17.npz,e8e3d0f953f6b820d5c7c5b2d78deb522f2a84d3fa6fe6e26b6c79e79320914b,,0.8333333333333334,0.80810546875,0.71875,0.546875,WHEN,WHEN|SIGN|HOW|ANSWER|UNDERSTAND,0.0029101683758199215,SIGN,SIGN|THINK|BIG|GO|UNDERSTAND,0.005559063516557217,quarantine_model_disagreement
GIVE,GIVE,F_01_023,canonical_and_pinned_raw_text_equal,local_hex_unknown_session,data/raw_videos/ASL VIDEOS/GIVE/29eb07dc.mp4,data/local/ASL_hand_crops_av/GIVE_29eb07dc.jpg,640,480,29,30.0,0.9666666666666667,58.678955078125,0.188232421875,793.1519775390625,0.84587105478259,0.14921319484710693,11,False,data/local/local_citizen100_quality_audit_q82_cap14_exact/landmarks/GIVE/29eb07dc.v17.npz,c990b7079aff64b05554fa6dfe594f6e92c619a7be14b68532f8082d86f2e391,,0.8148148148148148,0.458251953125,0.625,0.625,CHILD,CHILD|YES|DOCTOR|COME|MAYBE,0.04383964091539383,GIVE,GIVE|COME|CHILD|BAD|SLEEP,0.49708783626556396,quarantine_model_disagreement
GIVE,GIVE,F_01_023,canonical_and_pinned_raw_text_equal,local_hex_unknown_session,data/raw_videos/ASL VIDEOS/GIVE/cecbd9cd.mp4,data/local/ASL_hand_crops_av/GIVE_cecbd9cd.jpg,640,480,82,30.0,2.7333333333333334,61.6524658203125,0.0135498046875,462.21746826171875,0.83154929684868,0.29823970794677734,4,False,data/local/local_citizen100_quality_audit_q82_cap14_exact/landmarks/GIVE/cecbd9cd.v17.npz,5c35de1f66aa128c70e4a8dae77933b64902a09650e8892cde5a21da50367ce0,,0.9552238805970149,0.4873046875,0.9375,0.0,OUR,OUR|MY|TALK|SCHOOL|WOMAN,0.0007296199910342693,OUR,OUR|TALK|MY|THANKYOU|EAT,0.0017063870327547193,quarantine_model_disagreement
GO,GO,C_03_056,canonical_and_pinned_raw_text_equal,local_hex_unknown_session,data/raw_videos/ASL VIDEOS/GO/851556fa.mp4,data/local/ASL_hand_crops_av/GO_851556fa.jpg,640,480,24,30.0,0.8,136.703369140625,0.0,173.86485290527344,0.9027996144206317,0.21047043800354004,8,False,data/local/local_citizen100_quality_audit_q82_cap14_exact/landmarks/GO/851556fa.v17.npz,c1fc568c9fd4ec71db75d434b57ae87d812380f5de69436957ef419afa3652cd,,1.0,1.0,0.71875,0.71875,SIGN,SIGN|WHEN|DIFFERENT|WHAT|GO,0.037276770919561386,DIFFERENT,DIFFERENT|WHEN|BIG|HE|SIGN,0.02280375547707081,quarantine_model_disagreement
GO,GO,C_03_056,canonical_and_pinned_raw_text_equal,local_hex_unknown_session,data/raw_videos/ASL VIDEOS/GO/5ca07aa9.mp4,data/local/ASL_hand_crops_av/GO_5ca07aa9.jpg,640,480,23,30.0,0.7666666666666667,135.3839111328125,0.005859375,4382.10595703125,0.9584538645697176,0.12400013208389282,11,False,data/local/local_citizen100_quality_audit_q82_cap14_exact/landmarks/GO/5ca07aa9.v17.npz,5bcec8ed6048b43bab4e3c1898b26c5c91b3fa33ccf773aa32cca3f3dd3c54e9,,0.8,0.7158203125,0.84375,0.0,ANSWER,ANSWER|WHEN|DIFFERENT|UNDERSTAND|ASK,0.01061011478304863,GO,GO|LANGUAGE|BIG|ANSWER|DIFFERENT,0.6343830823898315,quarantine_model_disagreement
GO,GO,C_03_056,canonical_and_pinned_raw_text_equal,local_hex_unknown_session,data/raw_videos/ASL VIDEOS/GO/66db0698.mp4,data/local/ASL_hand_crops_av/GO_66db0698.jpg,640,480,25,30.0,0.8333333333333334,122.51824951171875,0.0,140.41748046875,0.8947728401255683,0.12998425960540771,14,False,data/local/local_citizen100_quality_audit_q82_cap14_exact/landmarks/GO/66db0698.v17.npz,c0cff290c3d07eaaaf6c81c3c94b70de57abc276c6b74ee5ee32fd63bb0602d8,,1.0,1.0,1.0,0.671875,WHEN,WHEN|SIGN|DIFFERENT|WHAT|FRIEND,0.004718644544482231,WHEN,WHEN|DIFFERENT|SIGN|WEEK|GO,0.011761597357690334,quarantine_model_disagreement
GOOD,GOOD,B_01_052,canonical_and_pinned_raw_text_equal,local_hex_unknown_session,data/raw_videos/ASL VIDEOS/GOOD/2a5b6f72.mp4,data/local/ASL_hand_crops_av/GOOD_2a5b6f72.jpg,640,480,33,30.0,1.1,83.73040771484375,0.0,205.14837646484375,0.8863544769660799,0.13585495948791504,7,False,data/local/local_citizen100_quality_audit_q82_cap14_exact/landmarks/GOOD/2a5b6f72.v17.npz,533b4c2238ee1cfe1774284ef14f08f4394aa30f9b464014994564b684bbc998,,0.9696969696969697,0.88037109375,1.0,0.828125,EASY,EASY|MY|HOW|GOOD|SCHOOL,0.04185137152671814,STOP,STOP|SCHOOL|EASY|MY|MORE,0.01017344743013382,quarantine_model_disagreement
GOOD,GOOD,B_01_052,canonical_and_pinned_raw_text_equal,local_hex_unknown_session,data/raw_videos/ASL VIDEOS/GOOD/0c55869a.mp4,data/local/ASL_hand_crops_av/GOOD_0c55869a.jpg,640,480,39,30.0,1.3,94.0650634765625,0.0,211.14154052734375,0.916190246835156,0.1606755256652832,5,False,data/local/local_citizen100_quality_audit_q82_cap14_exact/landmarks/GOOD/0c55869a.v17.npz,b41f39c1592c4d1c2ac3af0b42d699780110dbac1d82888ca1af6f9f59a8d023,,1.0,0.92431640625,0.84375,0.6875,STOP,STOP|LESS|EASY|DOCTOR|WAIT,0.030902907252311707,MAYBE,MAYBE|EASY|WAIT|MORNING|STOP,0.0035248524509370327,quarantine_model_disagreement
GOOD,GOOD,B_01_052,canonical_and_pinned_raw_text_equal,local_hex_unknown_session,data/raw_videos/ASL VIDEOS/GOOD/f4e505d2.mp4,data/local/ASL_hand_crops_av/GOOD_f4e505d2.jpg,640,480,33,30.0,1.1,91.1754150390625,0.0,209.55010986328125,0.9014642271462484,0.10958504676818848,10,False,data/local/local_citizen100_quality_audit_q82_cap14_exact/landmarks/GOOD/f4e505d2.v17.npz,d28d12cd59349932f4a0a0df4d6641297d1360e225e5aad32610e709b761c325,,1.0,0.912109375,1.0,0.7578125,STOP,STOP|SCHOOL|MAYBE|DOCTOR|EASY,0.00809508003294468,STOP,STOP|MORNING|EASY|MAYBE|SMALL,0.002225611824542284,quarantine_model_disagreement
HAPPY,HAPPY,C_03_078,canonical_and_pinned_raw_text_equal,local_hex_unknown_session,data/raw_videos/ASL VIDEOS/HAPPY/722c8b0f.mp4,data/local/ASL_hand_crops_av/HAPPY_722c8b0f.jpg,640,480,23,30.0,0.7666666666666667,63.0467529296875,0.11907958984375,1150.393798828125,0.8494085204514696,0.10447531938552856,9,False,data/local/local_citizen100_quality_audit_q82_cap14_exact/landmarks/HAPPY/722c8b0f.v17.npz,4fca5af01ae35b50df986ee92f181e65176790122653c7a351f87dd250257b66,,0.9130434782608695,0.482177734375,0.75,0.75,GOOD,GOOD|MAYBE|THANKYOU|WHY|BAD,0.039191100746393204,HAPPY,HAPPY|BAD|GOOD|HOT|FEEL,0.3768691420555115,quarantine_model_disagreement
HAPPY,HAPPY,C_03_078,canonical_and_pinned_raw_text_equal,local_hex_unknown_session,data/raw_videos/ASL VIDEOS/HAPPY/204a86fd.mp4,data/local/ASL_hand_crops_av/HAPPY_204a86fd.jpg,640,480,32,30.0,1.0666666666666667,56.04083251953125,0.11431884765625,2271.309326171875,0.8579400943027744,0.10097277164459229,10,False,data/local/local_citizen100_quality_audit_q82_cap14_exact/landmarks/HAPPY/204a86fd.v17.npz,7abc24f4357ee4dad0ecf1dbe33c82306bc494d38e95f3ce953f230f9bec3fb9,,1.0,1.0,0.78125,0.78125,TIRED,TIRED|ANGRY|EXCITED|EASY|HAVE,0.026725569739937782,HAPPY,HAPPY|BAD|ANGRY|TIRED|DOCTOR,0.7588669657707214,quarantine_model_disagreement
HAPPY,HAPPY,C_03_078,canonical_and_pinned_raw_text_equal,local_hex_unknown_session,data/raw_videos/ASL VIDEOS/HAPPY/3b99f2b3.mp4,data/local/ASL_hand_crops_av/HAPPY_3b99f2b3.jpg,640,480,23,30.0,0.7666666666666667,81.57904052734375,0.0,221.17803955078125,0.8625347900802982,0.1574968695640564,6,False,data/local/local_citizen100_quality_audit_q82_cap14_exact/landmarks/HAPPY/3b99f2b3.v17.npz,004a8a440d38ebe7541b8571467c8c0a350a2f5024ffb2ef83a8eaa7403b7f6e,,1.0,0.82666015625,0.75,0.5703125,EXCITED,EXCITED|MAYBE|DOCTOR|LIKE|NAME,0.040044695138931274,LIKE,LIKE|YOUR|EXCITED|FEEL|GIVE,0.020566603168845177,quarantine_model_disagreement
HAPPY,HAPPY,C_03_078,canonical_and_pinned_raw_text_equal,local_hex_unknown_session,data/raw_videos/ASL VIDEOS/HAPPY/07a3a0c9.mp4,data/local/ASL_hand_crops_av/HAPPY_07a3a0c9.jpg,640,480,27,30.0,0.9,68.97784423828125,0.07647705078125,1255.27392578125,0.8788757369988074,0.23756903409957886,4,False,data/local/local_citizen100_quality_audit_q82_cap14_exact/landmarks/HAPPY/07a3a0c9.v17.npz,f9575e8a0a67794a3458851b9fde6eeadb38b1bbe57e3e644ae49a5eb30996e6,,0.9629629629629629,0.5,0.9375,0.9375,MAYBE,MAYBE|GIVE|WHY|STOP|CHILD,0.006878789514303207,WHY,WHY|MAYBE|CHILD|GIVE|EXCITED,0.02027205191552639,quarantine_model_disagreement
HELLO,HELLO,D_02_055,canonical_and_pinned_raw_text_equal,local_hex_unknown_session,data/raw_videos/ASL VIDEOS/HELLO/076e1727.mp4,data/local/ASL_hand_crops_av/HELLO_076e1727.jpg,640,480,39,30.0,1.3,62.16796875,0.11846923828125,2044.073486328125,0.8808619974248105,0.09340715408325195,13,False,data/local/local_citizen100_quality_audit_q82_cap14_exact/landmarks/HELLO/076e1727.v17.npz,4d18e282572bc6108e5af7cb2a5a11190387327d970ceea803773c7846a54dd3,,1.0,0.5,0.84375,0.0,GOODBYE,GOODBYE|OUR|YOUR|HELLO|TALK,0.049509115517139435,MOTHER,MOTHER|GOODBYE|HEAR|THANKYOU|OUR,0.005303283222019672,quarantine_model_disagreement
HELP,HELP,D_01_042,canonical_and_pinned_raw_text_equal,local_hex_unknown_session,data/raw_videos/ASL VIDEOS/HELP/276970e3.mp4,data/local/ASL_hand_crops_av/HELP_276970e3.jpg,640,480,38,30.0,1.2666666666666666,134.30450439453125,0.03057861328125,2228.91943359375,0.9845479037886486,,1,False,data/local/local_citizen100_quality_audit_q82_cap14_exact/landmarks/HELP/276970e3.v17.npz,8cbac07d9e55222346fb15ea40d075191a417c7f548f6d477bd9c25c5680fa79,,0.9459459459459459,0.80712890625,0.875,0.65625,NIGHT,NIGHT|SCHOOL|LOVE|HOW|MY,0.03128713369369507,SCHOOL,SCHOOL|STOP|HELP|NIGHT|YEAR,0.09319435060024261,quarantine_model_disagreement
HELP,HELP,D_01_042,canonical_and_pinned_raw_text_equal,local_hex_unknown_session,data/raw_videos/ASL VIDEOS/HELP/44037af2.mp4,data/local/ASL_hand_crops_av/HELP_44037af2.jpg,640,480,38,30.0,1.2666666666666666,81.468017578125,0.0,149.21109008789062,0.8721134396374637,0.20660293102264404,12,False,data/local/local_citizen100_quality_audit_q82_cap14_exact/landmarks/HELP/44037af2.v17.npz,03620429c9b6b69c7f48a87c8dd3b6f9d4369d4c1f26f80dbf950c8808678951,,0.9736842105263158,0.86474609375,0.875,0.7265625,TOMORROW,TOMORROW|LESS|HOW|COME|TIRED,0.026888184249401093,LEARN,LEARN|LESS|STOP|YEAR|SICK,0.0319453664124012,quarantine_model_disagreement
HOT,HOT,F_02_093,canonical_and_pinned_raw_text_equal,local_hex_unknown_session,data/raw_videos/ASL VIDEOS/HOT/4d378371.mp4,data/local/ASL_hand_crops_av/HOT_4d378371.jpg,640,480,51,30.0,1.7,43.02252197265625,0.11529541015625,626.2356567382812,0.848751614498638,0.34553617238998413,3,False,data/local/local_citizen100_quality_audit_q82_cap14_exact/landmarks/HOT/4d378371.v17.npz,9de91d8a2c8e0289ba6f5bad41a646afcf76005777da525339f10091741ad1e5,,0.918918918918919,0.462890625,0.875,0.7109375,WOMAN,WOMAN|BAD|TALK|WATER|DRINK,0.005531897768378258,HOT,HOT|BAD|WOMAN|MOTHER|COME,0.3400683104991913,quarantine_model_disagreement
HOT,HOT,F_02_093,canonical_and_pinned_raw_text_equal,local_hex_unknown_session,data/raw_videos/ASL VIDEOS/HOT/eb0bc9fc.mp4,data/local/ASL_hand_crops_av/HOT_eb0bc9fc.jpg,640,480,26,30.0,0.8666666666666667,90.2216796875,0.0,120.73013305664062,0.8531909783347869,0.11411011219024658,10,False,data/local/local_citizen100_quality_audit_q82_cap14_exact/landmarks/HOT/eb0bc9fc.v17.npz,2fc11cca5f0f48444f85ae67afd55d3785e21ca05f36ca3f5ef338393cbc4e35,,0.9615384615384616,0.5,0.96875,0.0,EAT,EAT|MORNING|WOMAN|GIVE|LIKE,0.0015947551000863314,EAT,EAT|HOT|WOMAN|HOSPITAL|MOTHER,0.12060198932886124,quarantine_model_disagreement
HOT,HOT,F_02_093,canonical_and_pinned_raw_text_equal,local_hex_unknown_session,data/raw_videos/ASL VIDEOS/HOT/8a2f4a9b.mp4,data/local/ASL_hand_crops_av/HOT_8a2f4a9b.jpg,640,480,22,30.0,0.7333333333333333,88.70550537109375,0.0,150.69036865234375,0.8520379737903677,0.15482556819915771,9,False,data/local/local_citizen100_quality_audit_q82_cap14_exact/landmarks/HOT/8a2f4a9b.v17.npz,e66f862f074dbaa98a34e7abe72983bcab4ff935a7bb435d0a3a7bf755204013,,1.0,0.5,0.78125,0.6015625,EAT,EAT|GIVE|WOMAN|MORNING|OUR,0.0011622781166806817,EAT,EAT|OUR|DRINK|HOME|WOMAN,0.0074935914017260075,quarantine_model_disagreement
HOT,HOT,F_02_093,canonical_and_pinned_raw_text_equal,local_numbered_single_session,data/raw_videos/ASL VIDEOS/HOT/HOT_1.mp4,data/local/ASL_hand_crops_av/HOT_HOT_1.jpg,640,480,43,30.0,1.4333333333333333,113.08709716796875,0.0,2009.583740234375,0.9922074187880516,,1,False,data/local/local_citizen100_quality_audit_q82_cap14_exact/landmarks/HOT/HOT_1.v17.npz,1a6b2961bd2d17481f895fa175fb9d63b5415c21bed9a330dd5fd807664408c8,,0.9459459459459459,0.46875,0.875,0.875,EAT,EAT|WOMAN|OUR|THANKYOU|BAD,0.0011167875491082668,EAT,EAT|MOTHER|THANKYOU|HOT|SLEEP,0.10648064315319061,quarantine_model_disagreement
HOT,HOT,F_02_093,canonical_and_pinned_raw_text_equal,local_hex_unknown_session,data/raw_videos/ASL VIDEOS/HOT/42f15bb6.mp4,data/local/ASL_hand_crops_av/HOT_42f15bb6.jpg,640,480,29,30.0,0.9666666666666667,92.970703125,0.0,190.4208526611328,0.8907616372293331,0.165238618850708,6,False,data/local/local_citizen100_quality_audit_q82_cap14_exact/landmarks/HOT/42f15bb6.v17.npz,aaa1cbd457dd10db6cd6a8fbc7de0673e907967152ee5738bbcb9ccb4cd095e8,,0.9655172413793104,0.5,0.875,0.453125,HOME,HOME|GIVE|EAT|DOCTOR|OUR,0.0004601087130140513,GIVE,GIVE|OUR|STOP|HOME|EAT,0.0015948113286867738,quarantine_model_disagreement
KNOW,KNOW,C_01_048,canonical_and_pinned_raw_text_equal,local_hex_unknown_session,data/raw_videos/ASL VIDEOS/KNOW/997793f7.mp4,data/local/ASL_hand_crops_av/KNOW_997793f7.jpg,640,480,45,30.0,1.5,82.35504150390625,0.0,600.2799682617188,0.9478474003353838,0.14180445671081543,14,False,data/local/local_citizen100_quality_audit_q82_cap14_exact/landmarks/KNOW/997793f7.v17.npz,6cf53afcde0746a4a26d52916aa11feeee51890dfff200c088d44c618487850e,,0.9111111111111111,0.38623046875,0.90625,0.6796875,WHY,WHY|LISTEN|THINK|HOME|TOMORROW,0.019448982551693916,LISTEN,LISTEN|DRINK|WATER|HOME|FATHER,0.008092455565929413,quarantine_model_disagreement
LESS,LESS,E_02_043,canonical_and_pinned_raw_text_equal,local_hex_unknown_session,data/raw_videos/ASL VIDEOS/LESS/f24383b3.mp4,data/local/ASL_hand_crops_av/LESS_f24383b3.jpg,640,480,43,30.0,1.4333333333333333,50.14019775390625,0.12127685546875,432.10699462890625,0.8523149569587807,0.2728779911994934,6,False,data/local/local_citizen100_quality_audit_q82_cap14_exact/landmarks/LESS/f24383b3.v17.npz,583fc65fab6c56bc3be174d996270db8cfadb5692f038836779663b3caacc72f,,0.875,0.83642578125,0.78125,0.1328125,SCHOOL,SCHOOL|LESS|DOCTOR|NIGHT|READ,0.053640544414520264,MORE,MORE|SCHOOL|DOCTOR|LIKE|STOP,0.03878120332956314,quarantine_model_disagreement
LESS,LESS,E_02_043,canonical_and_pinned_raw_text_equal,local_hex_unknown_session,data/raw_videos/ASL VIDEOS/LESS/712edbb9.mp4,data/local/ASL_hand_crops_av/LESS_712edbb9.jpg,640,480,44,30.0,1.4666666666666666,59.64556884765625,0.11175537109375,1440.06494140625,0.8812282702749855,0.16307759284973145,9,False,data/local/local_citizen100_quality_audit_q82_cap14_exact/landmarks/LESS/712edbb9.v17.npz,0093881cb772814bb780fe829c13ef775987503c6aa7251bdc4ee9fccf81a93c,,1.0,0.99853515625,0.9375,0.65625,EASY,EASY|HAPPY|MY|SCHOOL|GOOD,0.016713451594114304,HAPPY,HAPPY|MY|LESS|EASY|BAD,0.08920253068208694,quarantine_model_disagreement
LESS,LESS,E_02_043,canonical_and_pinned_raw_text_equal,local_hex_unknown_session,data/raw_videos/ASL VIDEOS/LESS/c35957fe.mp4,data/local/ASL_hand_crops_av/LESS_c35957fe.jpg,640,480,39,30.0,1.3,122.4312744140625,0.0,154.3231201171875,0.9277295449525821,0.35465681552886963,4,False,data/local/local_citizen100_quality_audit_q82_cap14_exact/landmarks/LESS/c35957fe.v17.npz,248dd99f4f1bd45ceafbdc1601e14e85b194395e84e2dd79579fe1ae0fcf32df,,0.9210526315789473,0.76318359375,0.65625,0.4921875,SCHOOL,SCHOOL|NIGHT|USE|TALK|WOMAN,0.00865582749247551,SCHOOL,SCHOOL|DOCTOR|USE|STOP|MORNING,0.016689641401171684,quarantine_model_disagreement
LESS,LESS,E_02_043,canonical_and_pinned_raw_text_equal,local_hex_unknown_session,data/raw_videos/ASL VIDEOS/LESS/66f19f3b.mp4,data/local/ASL_hand_crops_av/LESS_66f19f3b.jpg,640,480,55,30.0,1.8333333333333333,37.41583251953125,0.1435546875,606.416748046875,0.83292165195209,0.14020347595214844,13,False,data/local/local_citizen100_quality_audit_q82_cap14_exact/landmarks/LESS/66f19f3b.v17.npz,cef9a7e779cab9aea947f946a394abed1f950e318a253d069075c5148e394f8f,,0.9069767441860465,0.84375,0.78125,0.0,STOP,STOP|EASY|SCHOOL|LESS|HAPPY,0.02954276278614998,SCHOOL,SCHOOL|STOP|DOCTOR|WEEK|EASY,0.0058457208797335625,quarantine_model_disagreement
LESS,LESS,E_02_043,canonical_and_pinned_raw_text_equal,local_hex_unknown_session,data/raw_videos/ASL VIDEOS/LESS/4addbb75.mp4,data/local/ASL_hand_crops_av/LESS_4addbb75.jpg,640,480,55,30.0,1.8333333333333333,76.5595703125,0.0,1065.723388671875,0.9331358009628433,0.35977232456207275,3,False,data/local/local_citizen100_quality_audit_q82_cap14_exact/landmarks/LESS/4addbb75.v17.npz,e732eaa6c7dcbd248897a517b2afa3ed052a37e7bc8a95a78dbe6d884ff905e7,,0.8285714285714286,0.57421875,0.9375,0.0078125,NIGHT,NIGHT|LIKE|USE|WOMAN|NAME,0.0017706331564113498,NIGHT,NIGHT|DOCTOR|SCHOOL|USE|TIME,0.007225171662867069,quarantine_model_disagreement
LIKE,LIKE,F_03_063,canonical_and_pinned_raw_text_equal,local_hex_unknown_session,data/raw_videos/ASL VIDEOS/LIKE/b408be60.mp4,data/local/ASL_hand_crops_av/LIKE_b408be60.jpg,640,480,60,30.0,2.0,95.6336669921875,0.0,578.0645141601562,0.9629654018737213,0.5038536190986633,2,False,data/local/local_citizen100_quality_audit_q82_cap14_exact/landmarks/LIKE/b408be60.v17.npz,c892f32d373bdf3121c32b04a0053318d4fcfc941e998e588d60714ccafa941f,,0.85,0.432373046875,0.9375,0.46875,FEEL,FEEL|LIKE|HUNGRY|HAPPY|GIVE,0.12622031569480896,MY,MY|PLEASE|HUNGRY|FEEL|STOP,0.039883460849523544,quarantine_model_disagreement
MAKE,MAKE,C_01_032,canonical_and_pinned_raw_text_equal,local_hex_unknown_session,data/raw_videos/ASL VIDEOS/MAKE/de58b167.mp4,,640,480,24,30.0,0.8,95.1802978515625,0.0015869140625,609.166259765625,0.9356731689572017,0.12542390823364258,10,False,data/local/local_citizen100_quality_audit_q82_cap14_exact/landmarks/MAKE/de58b167.v17.npz,caf3bdd4cc6dea2fef5e2ac13f479b5665482057bfb4b9cac562de391d2d36a9,,0.9090909090909091,0.73583984375,0.78125,0.3203125,MORNING,MORNING|LOVE|DAY|YEAR|THEY,0.01728564314544201,DAY,DAY|LOVE|MORNING|YEAR|USE,0.026958949863910675,quarantine_model_disagreement
MAN,MAN,C_01_040,canonical_and_pinned_raw_text_equal,local_hex_unknown_session,data/raw_videos/ASL VIDEOS/MAN/bfc903df.mp4,data/local/ASL_hand_crops_av/MAN_bfc903df.jpg,640,480,15,30.0,0.5,77.36212158203125,0.0,189.0643768310547,0.8212697937149747,0.251794695854187,4,False,data/local/local_citizen100_quality_audit_q82_cap14_exact/landmarks/MAN/bfc903df.v17.npz,983a73b0d795f698ca407288a538d5ed11b8676307cac27679c314c626b7e61b,,1.0,0.5,0.59375,0.4453125,YESTERDAY,YESTERDAY|HEAR|GOODBYE|FIND|YES,0.0043873549439013,MAN,MAN|YESTERDAY|FIND|LESS|WOMAN,0.24397659301757812,quarantine_model_disagreement
MY,MY,C_01_060,canonical_and_pinned_raw_text_equal,local_hex_unknown_session,data/raw_videos/ASL VIDEOS/MY/0a7dc0f7.mp4,data/local/ASL_hand_crops_av/MY_0a7dc0f7.jpg,640,480,33,30.0,1.1,140.3499755859375,0.07427978515625,1890.978515625,0.9627000181671691,0.2914295792579651,6,False,data/local/local_citizen100_quality_audit_q82_cap14_exact/landmarks/MY/0a7dc0f7.v17.npz,46c6bad730291af29d244a6738121991174cff56ff6f23f29d9576a83261e100,,1.0,0.5,1.0,0.828125,PLEASE,PLEASE|FEEL|HUNGRY|COME|LIKE,0.012302313931286335,COME,COME|GIVE|HUNGRY|LIKE|WE,0.018014438450336456,quarantine_model_disagreement
MY,MY,C_01_060,canonical_and_pinned_raw_text_equal,local_hex_unknown_session,data/raw_videos/ASL VIDEOS/MY/14de50e3.mp4,data/local/ASL_hand_crops_av/MY_14de50e3.jpg,640,480,24,30.0,0.8,135.4075927734375,0.0443115234375,1714.1651611328125,0.9516248300920646,0.14806711673736572,13,False,data/local/local_citizen100_quality_audit_q82_cap14_exact/landmarks/MY/14de50e3.v17.npz,b8414d85ede9453e1f26156057cf2136a5562cdd845ef575d780163e3a55ccdf,,1.0,0.5,0.71875,0.375,HUNGRY,HUNGRY|FEEL|LIKE|GIVE|HAPPY,0.00942752230912447,COME,COME|GIVE|OUR|HUNGRY|LIKE,0.007528126239776611,quarantine_model_disagreement
MY,MY,C_01_060,canonical_and_pinned_raw_text_equal,local_hex_unknown_session,data/raw_videos/ASL VIDEOS/MY/fe87457e.mp4,data/local/ASL_hand_crops_av/MY_fe87457e.jpg,640,480,30,30.0,1.0,93.3045654296875,0.04833984375,1777.0584716796875,0.9371746102391851,0.4098881483078003,3,False,data/local/local_citizen100_quality_audit_q82_cap14_exact/landmarks/MY/fe87457e.v17.npz,2f83f4c24349db114bf6bc28b294d65c87c4a0167f7f005e270caf58cf2d84be,,1.0,0.5,0.84375,0.84375,COME,COME|HAVE|CHILD|TIRED|FEEL,0.005110290367156267,COME,COME|GIVE|WE|OUR|LIKE,0.005353190936148167,quarantine_model_disagreement
NEED,NEED,C_02_034,canonical_and_pinned_raw_text_equal,local_hex_unknown_session,data/raw_videos/ASL VIDEOS/NEED/4d977590.mp4,data/local/ASL_hand_crops_av/NEED_4d977590.jpg,640,480,15,30.0,0.5,133.806884765625,0.00335693359375,4204.107421875,0.9359017154539742,0.3142070770263672,5,False,data/local/local_citizen100_quality_audit_q82_cap14_exact/landmarks/NEED/4d977590.v17.npz,1001ff55a3dabb7c1d0d8c96b633a7c936ebabf0002f12125eb790ef42bbb06b,,1.0,0.5,0.59375,0.0,WHO,WHO|YOU|ASK|TAKE|HOSPITAL,0.0023962557315826416,ASK,ASK|WHO|YOU|WORK|ANSWER,0.013371787965297699,quarantine_model_disagreement
NEED,NEED,C_02_034,canonical_and_pinned_raw_text_equal,local_hex_unknown_session,data/raw_videos/ASL VIDEOS/NEED/24c441eb.mp4,data/local/ASL_hand_crops_av/NEED_24c441eb.jpg,640,480,57,30.0,1.9,92.84918212890625,0.0,479.92266845703125,0.9602311815686183,0.4983067512512207,2,False,data/local/local_citizen100_quality_audit_q82_cap14_exact/landmarks/NEED/24c441eb.v17.npz,bb15be9194a45a59b2b287ddf33be08634f236b626dff067ca29f87e85af141c,,1.0,0.49853515625,1.0,0.65625,YOU,YOU|THEY|TELL|WHO|ASK,0.001622769865207374,YOU,YOU|NEED|THEY|ASK|WHERE,0.15081565082073212,quarantine_model_disagreement
NO,NO,C_03_041,canonical_and_pinned_raw_text_equal,local_hex_unknown_session,data/raw_videos/ASL VIDEOS/NO/f9d6d502.mp4,data/local/ASL_hand_crops_av/NO_f9d6d502.jpg,640,480,54,30.0,1.8,109.802978515625,0.0,497.69427490234375,0.988279949376097,0.47136008739471436,2,False,data/local/local_citizen100_quality_audit_q82_cap14_exact/landmarks/NO/f9d6d502.v17.npz,7e7e16516ab113fea85b3b0e76e581b70a84e6a5d31e77e9ed02b9857bf07bbb,,1.0,0.484375,0.90625,0.0,LISTEN,LISTEN|NEED|HE|NO|WHY,0.09955578297376633,LISTEN,LISTEN|THINK|WHY|NEED|HE,0.011555748991668224,quarantine_model_disagreement
NO,NO,C_03_041,canonical_and_pinned_raw_text_equal,local_hex_unknown_session,data/raw_videos/ASL VIDEOS/NO/a5c03c75.mp4,data/local/ASL_hand_crops_av/NO_a5c03c75.jpg,640,480,23,30.0,0.7666666666666667,126.8880615234375,0.0,153.0435333251953,0.8949818519687107,0.1841428279876709,13,False,data/local/local_citizen100_quality_audit_q82_cap14_exact/landmarks/NO/a5c03c75.v17.npz,ae2a91f6d30d014a39c9589de4eb5613da68eb1e1ca22111bc785ddcb9fb9155,,1.0,0.497802734375,0.75,0.390625,CHILD,CHILD|WHY|GOODBYE|MAYBE|WANT,0.002120362361893058,WHY,WHY|MAYBE|CHILD|WHAT|COME,0.0002838546934071928,quarantine_model_disagreement
READ,READ,A_01_022,canonical_and_pinned_raw_text_equal,local_hex_unknown_session,data/raw_videos/ASL VIDEOS/READ/f7acb9e8.mp4,data/local/ASL_hand_crops_av/READ_f7acb9e8.jpg,640,480,36,30.0,1.2,64.26739501953125,0.126220703125,1208.9189453125,0.8796407447664294,0.1455141305923462,12,False,data/local/local_citizen100_quality_audit_q82_cap14_exact/landmarks/READ/f7acb9e8.v17.npz,5a621ceeb267dde3a7ab19be0090517aa105fcd0140f949ce41ee9783af34fe5,,0.8333333333333334,0.69775390625,0.90625,0.90625,NAME,NAME|LEARN|FRIEND|WRITE|LESS,0.04183961823582649,READ,READ|LEARN|FRIEND|WRITE|ANSWER,0.3632449209690094,quarantine_model_disagreement
READ,READ,A_01_022,canonical_and_pinned_raw_text_equal,local_hex_unknown_session,data/raw_videos/ASL VIDEOS/READ/6560d709.mp4,data/local/ASL_hand_crops_av/READ_6560d709.jpg,640,480,35,30.0,1.1666666666666667,96.15606689453125,0.08319091796875,1503.3590087890625,0.9435817843819347,0.5341722071170807,2,False,data/local/local_citizen100_quality_audit_q82_cap14_exact/landmarks/READ/6560d709.v17.npz,2ca673247cf4e69ed8fc34c0e174e39a759f8d8216b4beb973cc0c14bb35595d,,1.0,0.99853515625,0.9375,0.9375,WEEK,WEEK|SCHOOL|NAME|WRITE|HOW,0.007703390903770924,WEEK,WEEK|READ|NAME|WRITE|FEEL,0.1304524540901184,quarantine_model_disagreement
READ,READ,A_01_022,canonical_and_pinned_raw_text_equal,local_hex_unknown_session,data/raw_videos/ASL VIDEOS/READ/9caeac0e.mp4,data/local/ASL_hand_crops_av/READ_9caeac0e.jpg,640,480,28,30.0,0.9333333333333333,124.1082763671875,0.09783935546875,2971.48193359375,0.9495256495674835,0.14015138149261475,11,False,data/local/local_citizen100_quality_audit_q82_cap14_exact/landmarks/READ/9caeac0e.v17.npz,b466cc93422157b0ec31cf561aa78427b45fe17f197788e226d4cd01ae8a5c5f,,0.875,0.56982421875,0.71875,0.203125,SICK,SICK|WHAT|WHY|ANGRY|SIGN,0.008080478757619858,WHY,WHY|SICK|KNOW|EXCITED|WHAT,0.0033961276058107615,quarantine_model_disagreement
SIGN,SIGN,E_03_050,canonical_and_pinned_raw_text_equal,local_hex_unknown_session,data/raw_videos/ASL VIDEOS/SIGN/73b6d571.mp4,data/local/ASL_hand_crops_av/SIGN_73b6d571.jpg,640,480,48,30.0,1.6,69.49224853515625,0.0,132.34530639648438,0.8465621868440816,0.18774527311325073,11,False,data/local/local_citizen100_quality_audit_q82_cap14_exact/landmarks/SIGN/73b6d571.v17.npz,18b2b7e035eb3fd6dc99fb96af311f37ec33fc1af0e5d4cfb031b9118e615ca6,,0.9069767441860465,0.875,0.78125,0.4140625,WHEN,WHEN|DIFFERENT|ANSWER|GO|LANGUAGE,0.006768673658370972,WHEN,WHEN|ANSWER|DIFFERENT|TIME|ASK,0.03541959449648857,quarantine_model_disagreement
SIGN,SIGN,E_03_050,canonical_and_pinned_raw_text_equal,local_hex_unknown_session,data/raw_videos/ASL VIDEOS/SIGN/9dc6d501.mp4,data/local/ASL_hand_crops_av/SIGN_9dc6d501.jpg,640,480,41,30.0,1.3666666666666667,100.70831298828125,0.0078125,2175.5146484375,0.9750647846773209,,1,False,data/local/local_citizen100_quality_audit_q82_cap14_exact/landmarks/SIGN/9dc6d501.v17.npz,e102c9412145cc70eba92d046ad11b4b401495c72f75eacce57b79d82affc7e7,,0.9310344827586207,0.8447265625,0.875,0.8046875,BIG,BIG|LANGUAGE|GO|COLD|TRY,0.01032258290797472,TRY,TRY|LANGUAGE|COLD|BIG|WRITE,0.005848033353686333,quarantine_model_disagreement
SIGN,SIGN,E_03_050,canonical_and_pinned_raw_text_equal,local_hex_unknown_session,data/raw_videos/ASL VIDEOS/SIGN/9ed002dd.mp4,data/local/ASL_hand_crops_av/SIGN_9ed002dd.jpg,640,480,39,30.0,1.3,69.82867431640625,0.08807373046875,886.6989135742188,0.9012183750930686,0.11993992328643799,14,False,data/local/local_citizen100_quality_audit_q82_cap14_exact/landmarks/SIGN/9ed002dd.v17.npz,b7638464ab7e18ea54f270401520192d252ea4e8094e7180d113dfc982c91b4b,,0.8387096774193549,0.70849609375,0.8125,0.5625,LANGUAGE,LANGUAGE|DIFFERENT|ANSWER|WHEN|BIG,0.0066017513163387775,DIFFERENT,DIFFERENT|LANGUAGE|GO|BIG|ANSWER,0.005200266372412443,quarantine_model_disagreement
SIGN,SIGN,E_03_050,canonical_and_pinned_raw_text_equal,local_hex_unknown_session,data/raw_videos/ASL VIDEOS/SIGN/3bdaa9db.mp4,data/local/ASL_hand_crops_av/SIGN_3bdaa9db.jpg,640,480,40,30.0,1.3333333333333333,61.5885009765625,0.102294921875,2272.83154296875,0.8833270166120613,0.22805100679397583,6,False,data/local/local_citizen100_quality_audit_q82_cap14_exact/landmarks/SIGN/3bdaa9db.v17.npz,1b62d138db1fef5282594428f78fbb02302e8fbd21a13953b1630ad4f61aef68,,0.9166666666666666,0.85546875,0.6875,0.125,BIG,BIG|DIFFERENT|GO|ANSWER|LANGUAGE,0.004433143883943558,GO,GO|DIFFERENT|ANSWER|BIG|READY,0.0036938267294317484,quarantine_model_disagreement
SIGN,SIGN,E_03_050,canonical_and_pinned_raw_text_equal,local_hex_unknown_session,data/raw_videos/ASL VIDEOS/SIGN/65766782.mp4,data/local/ASL_hand_crops_av/SIGN_65766782.jpg,640,480,33,30.0,1.1,118.5555419921875,0.031982421875,1258.790283203125,0.9747725996175202,0.552910566329956,2,False,data/local/local_citizen100_quality_audit_q82_cap14_exact/landmarks/SIGN/65766782.v17.npz,a859f65c8e0e269e6b52787bf42624ab7f55a270742e2aba74894f4e0a7f9432,,0.8461538461538461,0.81787109375,0.65625,0.578125,BIG,BIG|DIFFERENT|ANSWER|GO|LANGUAGE,0.012569054029881954,DIFFERENT,DIFFERENT|ASK|GO|ANSWER|HE,0.003136737272143364,quarantine_model_disagreement
SIGN,SIGN,E_03_050,canonical_and_pinned_raw_text_equal,local_numbered_single_session,data/raw_videos/ASL VIDEOS/SIGN/SIGN_12.mp4,data/local/ASL_hand_crops_av/SIGN_SIGN_12.jpg,640,480,84,30.0,2.8,98.77154541015625,0.0,3071.86181640625,0.9056567204859918,0.44450604915618896,3,False,data/local/local_citizen100_quality_audit_q82_cap14_exact/landmarks/SIGN/SIGN_12.v17.npz,614eeda7d97e09a67949940ee34e0029584eac18dadb9ad1c4c6d7be730806b4,,0.9384615384615385,0.86083984375,0.84375,0.8125,DIFFERENT,DIFFERENT|ANSWER|GO|WHEN|ASK,0.0028013193514198065,DIFFERENT,DIFFERENT|ANSWER|GO|WHEN|SIGN,0.01431329920887947,quarantine_model_disagreement
SIGN,SIGN,E_03_050,canonical_and_pinned_raw_text_equal,local_hex_unknown_session,data/raw_videos/ASL VIDEOS/SIGN/55f64aad.mp4,data/local/ASL_hand_crops_av/SIGN_55f64aad.jpg,640,480,47,30.0,1.5666666666666667,39.45501708984375,0.1759033203125,558.73486328125,0.8363559694649088,0.43906867504119873,4,False,data/local/local_citizen100_quality_audit_q82_cap14_exact/landmarks/SIGN/55f64aad.v17.npz,07884f4b729d0f835bbae5049d67db8e326b3f1ea7e947f8fdf4ecd800002c6f,,1.0,0.5,0.875,0.6484375,MAN,MAN|HEAR|HOME|LESS|OUR,0.0023921537213027477,MAN,MAN|WOMAN|SLEEP|LESS|HEAR,0.0031145112589001656,quarantine_model_disagreement
SIGN,SIGN,E_03_050,canonical_and_pinned_raw_text_equal,local_hex_unknown_session,data/raw_videos/ASL VIDEOS/SIGN/2b69c9b2.mp4,data/local/ASL_hand_crops_av/SIGN_2b69c9b2.jpg,640,480,37,30.0,1.2333333333333334,59.802490234375,0.1397705078125,1282.673583984375,0.8703246293312623,0.18226003646850586,10,False,data/local/local_citizen100_quality_audit_q82_cap14_exact/landmarks/SIGN/2b69c9b2.v17.npz,9e057b74a7dc50f96d5616e45eaeacdf37a89eeb0173db12cca40796c1944db1,,0.8918918918918919,0.80224609375,0.875,0.1328125,LANGUAGE,LANGUAGE|DIFFERENT|ANSWER|WHEN|GO,0.004190344829112291,LANGUAGE,LANGUAGE|ANSWER|GO|WHEN|DIFFERENT,0.002390551147982478,quarantine_model_disagreement
SIGN,SIGN,E_03_050,canonical_and_pinned_raw_text_equal,local_hex_unknown_session,data/raw_videos/ASL VIDEOS/SIGN/aeb0b011.mp4,data/local/ASL_hand_crops_av/SIGN_aeb0b011.jpg,640,480,28,30.0,0.9333333333333333,131.088623046875,0.06439208984375,1744.23681640625,0.9580185359024831,0.15229958295822144,12,False,data/local/local_citizen100_quality_audit_q82_cap14_exact/landmarks/SIGN/aeb0b011.v17.npz,b2139a712919ff32dddc6ec8b3f0003e49e5a7f6fcb36370b930ac17182064db,,0.8260869565217391,0.80517578125,0.75,0.03125,DIFFERENT,DIFFERENT|GO|BIG|ANSWER|READY,0.0018047865014523268,DIFFERENT,DIFFERENT|GO|ANSWER|READY|SIGN,0.009817969053983688,quarantine_model_disagreement
SIGN,SIGN,E_03_050,canonical_and_pinned_raw_text_equal,local_hex_unknown_session,data/raw_videos/ASL VIDEOS/SIGN/849b6c49.mp4,data/local/ASL_hand_crops_av/SIGN_849b6c49.jpg,640,480,30,30.0,1.0,150.8453369140625,0.15240478515625,1521.480224609375,0.9289602944464097,0.17763477563858032,8,False,data/local/local_citizen100_quality_audit_q82_cap14_exact/landmarks/SIGN/849b6c49.v17.npz,a566896967f6bafcc7440cc962496ab6d86bc0811bea1b984927691d50a24c7c,,0.8461538461538461,0.8291015625,0.65625,0.015625,DIFFERENT,DIFFERENT|ANSWER|WHEN|ASK|GO,0.0016551162116229534,GO,GO|ANSWER|ASK|DIFFERENT|WHAT,0.005345900543034077,quarantine_model_disagreement
SIGN,SIGN,E_03_050,canonical_and_pinned_raw_text_equal,local_hex_unknown_session,data/raw_videos/ASL VIDEOS/SIGN/ff5ce720.mp4,data/local/ASL_hand_crops_av/SIGN_ff5ce720.jpg,640,480,41,30.0,1.3666666666666667,81.0328369140625,0.05438232421875,1438.6494140625,0.9318089836552975,0.1743636131286621,9,False,data/local/local_citizen100_quality_audit_q82_cap14_exact/landmarks/SIGN/ff5ce720.v17.npz,d13d8d002bacf0597a8b1e3e2d8582186f87ea3fa96eac5d31654c06c88fffb8,,0.9512195121951219,0.6904296875,1.0,0.296875,LANGUAGE,LANGUAGE|ANSWER|DIFFERENT|GO|WHEN,0.005439241416752338,LANGUAGE,LANGUAGE|ASK|ANSWER|GO|DIFFERENT,0.0013544972753152251,quarantine_model_disagreement
SMALL,SMALL,D_01_030,canonical_and_pinned_raw_text_equal,local_hex_unknown_session,data/raw_videos/ASL VIDEOS/SMALL/ffe00b7f.mp4,data/local/ASL_hand_crops_av/SMALL_ffe00b7f.jpg,640,480,36,30.0,1.2,59.61480712890625,0.1055908203125,2939.830078125,0.8735422686310703,0.14612925052642822,6,False,data/local/local_citizen100_quality_audit_q82_cap14_exact/landmarks/SMALL/ffe00b7f.v17.npz,b047a81af2d96d865e84e6243ece67dd243a0e6000616007151c325c708fdf4e,,0.9375,0.81396484375,0.78125,0.59375,LANGUAGE,LANGUAGE|FAMILY|TRY|IMPORTANT|NOW,0.007379910908639431,SMALL,SMALL|IMPORTANT|READY|LANGUAGE|SAME,0.14451000094413757,quarantine_model_disagreement
SMALL,SMALL,D_01_030,canonical_and_pinned_raw_text_equal,local_hex_unknown_session,data/raw_videos/ASL VIDEOS/SMALL/34127323.mp4,data/local/ASL_hand_crops_av/SMALL_34127323.jpg,640,480,35,30.0,1.1666666666666667,63.06146240234375,0.0902099609375,1593.26025390625,0.8812836467607279,0.3605475425720215,3,False,data/local/local_citizen100_quality_audit_q82_cap14_exact/landmarks/SMALL/34127323.v17.npz,eaf076117a6091a63beb1909cd1450d818f512dce6b7acaae2d5cfde21f58343,,0.9714285714285714,0.7939453125,0.9375,0.765625,WRITE,WRITE|TIRED|DOCTOR|COLD|TRY,0.004252070561051369,DOCTOR,DOCTOR|SAME|WRITE|COLD|WHAT,0.009885331615805626,quarantine_model_disagreement
STOP,STOP,D_01_010,canonical_and_pinned_raw_text_equal,local_hex_unknown_session,data/raw_videos/ASL VIDEOS/STOP/d4487642.mp4,data/local/ASL_hand_crops_av/STOP_d4487642.jpg,640,480,28,30.0,0.9333333333333333,86.63507080078125,0.0,242.86697387695312,0.8906524132105889,0.26511847972869873,8,False,data/local/local_citizen100_quality_audit_q82_cap14_exact/landmarks/STOP/d4487642.v17.npz,ecfe7a3cad8a125d50502332c4d30ff989571b21f5aa469e8f0ef0fc8dee35ae,,1.0,1.0,0.90625,0.6875,DOCTOR,DOCTOR|PLEASE|TIRED|HELP|EASY,0.03964238241314888,DOCTOR,DOCTOR|STOP|PLEASE|HELP|TIRED,0.18286597728729248,quarantine_model_disagreement
STOP,STOP,D_01_010,canonical_and_pinned_raw_text_equal,local_hex_unknown_session,data/raw_videos/ASL VIDEOS/STOP/480c6717.mp4,data/local/ASL_hand_crops_av/STOP_480c6717.jpg,640,480,30,30.0,1.0,64.32635498046875,0.1611328125,2489.03662109375,0.8627917227499662,0.18260562419891357,13,False,data/local/local_citizen100_quality_audit_q82_cap14_exact/landmarks/STOP/480c6717.v17.npz,2a6313b19e1e021287ea75eb16493cc6c8ef964a288ea60f0e5d73133b1a419f,,0.9333333333333333,0.75732421875,0.84375,0.515625,LESS,LESS|MORNING|SICK|LEARN|DAY,0.017090316861867905,LESS,LESS|LEARN|MAN|STOP|SICK,0.015125500969588757,quarantine_model_disagreement
STOP,STOP,D_01_010,canonical_and_pinned_raw_text_equal,local_hex_unknown_session,data/raw_videos/ASL VIDEOS/STOP/7c56ae76.mp4,data/local/ASL_hand_crops_av/STOP_7c56ae76.jpg,640,480,48,30.0,1.6,106.2840576171875,0.01080322265625,1975.44677734375,0.9847089055370575,,1,False,data/local/local_citizen100_quality_audit_q82_cap14_exact/landmarks/STOP/7c56ae76.v17.npz,bbecb55625ac64ece922c52c5b55ad34a7fd6b0f1aad89685033376f84a66473,,1.0,1.0,0.84375,0.296875,EASY,EASY|SCHOOL|HELP|HAPPY|STOP,0.015377006493508816,EASY,EASY|WEEK|GOOD|HELP|HAPPY,0.004886516835540533,quarantine_model_disagreement
TAKE,TAKE,G_01_093,canonical_and_pinned_raw_text_equal,local_hex_unknown_session,data/raw_videos/ASL VIDEOS/TAKE/f908808f.mp4,data/local/ASL_hand_crops_av/TAKE_f908808f.jpg,640,480,21,30.0,0.7,120.4271240234375,0.007568359375,2365.2900390625,0.9522964886312373,0.347464919090271,5,False,data/local/local_citizen100_quality_audit_q82_cap14_exact/landmarks/TAKE/f908808f.v17.npz,89f077182f0271917c3fd9c51d1d0fb3370d7bdd38206b02528790bd93c42dad,,1.0,0.5,0.8125,0.8125,SAME,SAME|THEY|YES|FEEL|LIKE,0.01398113090544939,THEY,THEY|SAME|FEEL|LIKE|LANGUAGE,0.00859171524643898,quarantine_model_disagreement
TAKE,TAKE,G_01_093,canonical_and_pinned_raw_text_equal,local_hex_unknown_session,data/raw_videos/ASL VIDEOS/TAKE/f7018bc9.mp4,data/local/ASL_hand_crops_av/TAKE_f7018bc9.jpg,640,480,31,30.0,1.0333333333333334,48.95672607421875,0.24481201171875,2168.903076171875,0.8256091793873882,0.14087390899658203,11,False,data/local/local_citizen100_quality_audit_q82_cap14_exact/landmarks/TAKE/f7018bc9.v17.npz,40ff8577bfc7d53c3f4e0cf17864af867a6938c44ede058945fc16eb18c5ad73,,1.0,0.5,0.8125,0.625,CHILD,CHILD|YES|SAME|THEY|NO,0.006068237125873566,SAME,SAME|YES|WE|CHILD|TAKE,0.06277234107255936,quarantine_model_disagreement
TAKE,TAKE,G_01_093,canonical_and_pinned_raw_text_equal,local_hex_unknown_session,data/raw_videos/ASL VIDEOS/TAKE/63669b6b.mp4,data/local/ASL_hand_crops_av/TAKE_63669b6b.jpg,640,480,61,30.0,2.033333333333333,35.684326171875,0.0501708984375,723.5367431640625,0.8310989626078509,0.2793952226638794,7,False,data/local/local_citizen100_quality_audit_q82_cap14_exact/landmarks/TAKE/63669b6b.v17.npz,55824d80c516fdb6d25882b950b60920f352940c6c2885d4dc714c507352c6fd,,0.9534883720930233,0.465087890625,0.75,0.375,NEED,NEED|WE|YES|WHERE|CHILD,0.005633496213704348,COME,COME|SAME|YES|NEED|WE,0.023880982771515846,quarantine_model_disagreement
TAKE,TAKE,G_01_093,canonical_and_pinned_raw_text_equal,local_hex_unknown_session,data/raw_videos/ASL VIDEOS/TAKE/ff31c59b.mp4,data/local/ASL_hand_crops_av/TAKE_ff31c59b.jpg,640,480,54,30.0,1.8,90.549072265625,0.0,451.80084228515625,0.9558671137031218,0.5909009873867035,2,False,data/local/local_citizen100_quality_audit_q82_cap14_exact/landmarks/TAKE/ff31c59b.v17.npz,657bc770b529b607d32492468429c9121e23e52967bba11baab1910e5022e995,,1.0,0.5,0.90625,0.125,SAME,SAME|YOUR|CHILD|GOODBYE|NO,0.005392598919570446,GOODBYE,GOODBYE|SAME|YOUR|CHILD|TAKE,0.014213290065526962,quarantine_model_disagreement
TAKE,TAKE,G_01_093,canonical_and_pinned_raw_text_equal,local_hex_unknown_session,data/raw_videos/ASL VIDEOS/TAKE/58aed423.mp4,data/local/ASL_hand_crops_av/TAKE_58aed423.jpg,640,480,15,30.0,0.5,131.73907470703125,0.03662109375,2258.06689453125,0.9281420672770873,0.35824501514434814,4,False,data/local/local_citizen100_quality_audit_q82_cap14_exact/landmarks/TAKE/58aed423.v17.npz,aa0d8887e807dc106556df3633b382541a827e7ae6aaa501cb9ac8a11b6a66f4,,1.0,0.49267578125,0.59375,0.0,LIKE,LIKE|SAME|LANGUAGE|YOUR|NO,0.0016586021520197392,SAME,SAME|LIKE|IMPORTANT|NEED|TAKE,0.03434480354189873,quarantine_model_disagreement
THANKYOU,THANKYOU,H_02_053,canonical_and_pinned_raw_text_equal,local_hex_unknown_session,data/raw_videos/ASL VIDEOS/THANKYOU/12cd9543.mp4,data/local/ASL_hand_crops_av/THANKYOU_12cd9543.jpg,640,480,43,30.0,1.4333333333333333,61.95697021484375,0.14056396484375,297.415283203125,0.8516367208971989,0.23462450504302979,6,False,data/local/local_citizen100_quality_audit_q82_cap14_exact/landmarks/THANKYOU/12cd9543.v17.npz,f20bc4227a51481e84bc5fdd263ebbfbb0e41a0fc9ad0738e5087a5748838686,,0.9393939393939394,0.46875,0.75,0.75,WHY,WHY|GIVE|MAYBE|STOP|WHAT,0.031301598995923996,THANKYOU,THANKYOU|WHY|GOOD|BAD|HOT,0.1696455478668213,quarantine_model_disagreement
TIME,TIME,B_02_080,canonical_and_pinned_raw_text_equal,local_hex_unknown_session,data/raw_videos/ASL VIDEOS/TIME/f5fe22a2.mp4,data/local/ASL_hand_crops_av/TIME_f5fe22a2.jpg,640,480,52,30.0,1.7333333333333334,90.787109375,0.0,134.4000244140625,0.8896811481582049,0.31682467460632324,7,False,data/local/local_citizen100_quality_audit_q82_cap14_exact/landmarks/TIME/f5fe22a2.v17.npz,1ca04d97e13c1d49fadfb4d9faf10bd8d2e844c4e0ac9e91064bf8a847333ccb,,0.9807692307692307,0.85400390625,0.9375,0.7109375,HOSPITAL,HOSPITAL|DAY|LOVE|WE|WORK,0.01749439537525177,HOSPITAL,HOSPITAL|USE|DAY|LOVE|WORK,0.0075966487638652325,quarantine_model_disagreement
UNDERSTAND,UNDERSTAND,C_01_006,canonical_and_pinned_raw_text_equal,local_hex_unknown_session,data/raw_videos/ASL VIDEOS/UNDERSTAND/638dd5c5.mp4,data/local/ASL_hand_crops_av/UNDERSTAND_638dd5c5.jpg,640,480,24,30.0,0.8,109.21868896484375,0.0,132.47084045410156,0.8800979329561806,0.3237910270690918,4,False,data/local/local_citizen100_quality_audit_q82_cap14_exact/landmarks/UNDERSTAND/638dd5c5.v17.npz,758a38fd107bb0d3a34ce78a435f376daaf6b1155135ebd6b87c361f97b764de,,0.9583333333333334,0.5,0.71875,0.3671875,TELL,TELL|WHAT|HE|I|WHERE,0.023092839866876602,TELL,TELL|WHAT|HE|GIVE|UNDERSTAND,0.03398086503148079,quarantine_model_disagreement
UNDERSTAND,UNDERSTAND,C_01_006,canonical_and_pinned_raw_text_equal,local_hex_unknown_session,data/raw_videos/ASL VIDEOS/UNDERSTAND/7cf29ca6.mp4,data/local/ASL_hand_crops_av/UNDERSTAND_7cf29ca6.jpg,640,480,44,30.0,1.4666666666666666,53.829345703125,0.19622802734375,790.8009033203125,0.8581361281324261,0.5705660581588745,3,False,data/local/local_citizen100_quality_audit_q82_cap14_exact/landmarks/UNDERSTAND/7cf29ca6.v17.npz,97e2b8f6ed3ac955cfe149d1fa02ec14393432d44dfcc1fc7d029aca9caafa04,,1.0,0.76025390625,0.9375,0.9375,HOSPITAL,HOSPITAL|LOVE|USE|DAY|WORK,0.0011099192779511213,HOSPITAL,HOSPITAL|LOVE|HE|DAY|USE,0.0018907129997387528,quarantine_model_disagreement
USE,USE,D_03_043,canonical_and_pinned_raw_text_equal,local_hex_unknown_session,data/raw_videos/ASL VIDEOS/USE/2d94b57c.mp4,data/local/ASL_hand_crops_av/USE_2d94b57c.jpg,640,480,38,30.0,1.2666666666666666,58.85565185546875,0.17498779296875,865.0665283203125,0.8646901981288957,0.4550710916519165,3,False,data/local/local_citizen100_quality_audit_q82_cap14_exact/landmarks/USE/2d94b57c.v17.npz,ff3854b1bdf164ef2f949cd7caa844dfbd867fa7c47b176a985cd867e95653a0,,0.90625,0.78662109375,0.78125,0.78125,NAME,NAME|NIGHT|LEARN|DAY|MORE,0.042585764080286026,NIGHT,NIGHT|USE|LEARN|READ|LESS,0.13934965431690216,quarantine_model_disagreement
USE,USE,D_03_043,canonical_and_pinned_raw_text_equal,local_hex_unknown_session,data/raw_videos/ASL VIDEOS/USE/cc9fe209.mp4,data/local/ASL_hand_crops_av/USE_cc9fe209.jpg,640,480,29,30.0,0.9666666666666667,130.69390869140625,0.03411865234375,865.769775390625,0.9679876002603088,0.14651167392730713,12,False,data/local/local_citizen100_quality_audit_q82_cap14_exact/landmarks/USE/cc9fe209.v17.npz,b1d9fa2c194011bb090c0fc1c592da07ebce54f0ead2dd431e6e1390f9f83729,,0.8181818181818182,0.71484375,0.78125,0.1171875,NAME,NAME|USE|YEAR|READ|THINK,0.15144751965999603,NAME,NAME|LEARN|THINK|READ|SICK,0.015747003257274628,quarantine_model_disagreement
USE,USE,D_03_043,canonical_and_pinned_raw_text_equal,local_hex_unknown_session,data/raw_videos/ASL VIDEOS/USE/f90342f9.mp4,data/local/ASL_hand_crops_av/USE_f90342f9.jpg,640,480,28,30.0,0.9333333333333333,126.519287109375,0.0924072265625,447.9417419433594,0.9450298145090978,0.18537640571594238,9,False,data/local/local_citizen100_quality_audit_q82_cap14_exact/landmarks/USE/f90342f9.v17.npz,8743222ac762423dbaf58635baacf8cc99dc9e8fa4354de9cf18a38391beec5e,,0.8333333333333334,0.7275390625,0.71875,0.0,USE,USE|LEARN|HOSPITAL|THEY|NAME,0.33643093705177307,THINK,THINK|HOT|SICK|SEE|LEARN,0.009800287894904613,quarantine_model_disagreement
USE,USE,D_03_043,canonical_and_pinned_raw_text_equal,local_hex_unknown_session,data/raw_videos/ASL VIDEOS/USE/ab2b8efd.mp4,data/local/ASL_hand_crops_av/USE_ab2b8efd.jpg,640,480,27,30.0,0.9,94.761474609375,0.0,222.705322265625,0.8977303581131266,0.3057871460914612,6,False,data/local/local_citizen100_quality_audit_q82_cap14_exact/landmarks/USE/ab2b8efd.v17.npz,7988242bdde8d0fe4bc3c715e0a32c54d98026c865a3def29966a9d0fa87b7bf,,1.0,1.0,0.9375,0.7890625,WHEN,WHEN|WEEK|DIFFERENT|FRIEND|ANSWER,0.011274724267423153,WHEN,WHEN|DIFFERENT|WEEK|SEE|UNDERSTAND,0.0014786692336201668,quarantine_model_disagreement
USE,USE,D_03_043,canonical_and_pinned_raw_text_equal,local_hex_unknown_session,data/raw_videos/ASL VIDEOS/USE/8702d030.mp4,data/local/ASL_hand_crops_av/USE_8702d030.jpg,640,480,26,30.0,0.8666666666666667,102.86700439453125,0.0,282.3887939453125,0.9204336520113985,0.18707287311553955,10,False,data/local/local_citizen100_quality_audit_q82_cap14_exact/landmarks/USE/8702d030.v17.npz,895d1cf9acab768cf08be3453b202e7db7260ccdb641490a8b9ed00741f2bff6,,1.0,1.0,0.96875,0.3359375,WHEN,WHEN|ANSWER|THINK|SICK|GO,0.0041385251097381115,DIFFERENT,DIFFERENT|GO|BIG|THINK|WHEN,0.000850374810397625,quarantine_model_disagreement
WAIT,WAIT,B_02_016,canonical_and_pinned_raw_text_equal,local_hex_unknown_session,data/raw_videos/ASL VIDEOS/WAIT/0d435e37.mp4,data/local/ASL_hand_crops_av/WAIT_0d435e37.jpg,640,480,29,30.0,0.9666666666666667,130.58477783203125,0.041015625,2500.70458984375,0.9662800342596817,0.35698920488357544,5,False,data/local/local_citizen100_quality_audit_q82_cap14_exact/landmarks/WAIT/0d435e37.v17.npz,5d53d61cc1f092259349dbbaa4ac542d66ae9a3b3acd9b665f4a128f933ec14e,,1.0,1.0,0.875,0.875,WHAT,WHAT|WANT|EXCITED|WAIT|READ,0.09529639035463333,WHAT,WHAT|EXCITED|WANT|LIKE|READ,0.023204227909445763,quarantine_model_disagreement
WAIT,WAIT,B_02_016,canonical_and_pinned_raw_text_equal,local_hex_unknown_session,data/raw_videos/ASL VIDEOS/WAIT/a43479b4.mp4,data/local/ASL_hand_crops_av/WAIT_a43479b4.jpg,640,480,25,30.0,0.8333333333333334,133.85565185546875,0.0157470703125,1899.47900390625,0.9619483179352584,0.4582786560058594,2,False,data/local/local_citizen100_quality_audit_q82_cap14_exact/landmarks/WAIT/a43479b4.v17.npz,4ccc394ff4281887c7ea6d373f04e5c42acbbd69b1bc4be12f503a229ffa540c,,0.875,0.72265625,0.71875,0.0,WANT,WANT|SAD|SICK|ANGRY|FAMILY,0.020480366423726082,MORNING,MORNING|SAD|HELP|STOP|WANT,0.011806678026914597,quarantine_model_disagreement
WAIT,WAIT,B_02_016,canonical_and_pinned_raw_text_equal,local_hex_unknown_session,data/raw_videos/ASL VIDEOS/WAIT/d43516d0.mp4,data/local/ASL_hand_crops_av/WAIT_d43516d0.jpg,640,480,27,30.0,0.9,135.12677001953125,0.00921630859375,2331.064697265625,0.9682350620497329,0.1975945234298706,11,False,data/local/local_citizen100_quality_audit_q82_cap14_exact/landmarks/WAIT/d43516d0.v17.npz,06ea3dc5d020a3d9feb8458e36c71a3519e342daf5f3687e029774e2822f7b6c,,0.8333333333333334,0.7880859375,0.71875,0.203125,SMALL,SMALL|FAMILY|SAD|WANT|READ,0.020469563081860542,MAYBE,MAYBE|DOCTOR|WANT|WHAT|SMALL,0.002375547308474779,quarantine_model_disagreement
WATER,WATER,A_02_031,canonical_and_pinned_raw_text_equal,local_hex_unknown_session,data/raw_videos/ASL VIDEOS/WATER/8b9c5f7d.mp4,data/local/ASL_hand_crops_av/WATER_8b9c5f7d.jpg,640,480,59,30.0,1.9666666666666666,68.9105224609375,0.04388427734375,350.7366027832031,0.8842982261314853,0.3045593500137329,8,False,data/local/local_citizen100_quality_audit_q82_cap14_exact/landmarks/WATER/8b9c5f7d.v17.npz,e1ce610c8933a79d193fd8f03da037a3c3ee119785063558d2eab8bfbc897534,,0.9636363636363636,0.47998046875,0.875,0.015625,HELLO,HELLO|LISTEN|SLEEP|MOTHER|FATHER,0.011658629402518272,LISTEN,LISTEN|MOTHER|FATHER|WATER|SLEEP,0.05263398587703705,quarantine_model_disagreement
WATER,WATER,A_02_031,canonical_and_pinned_raw_text_equal,local_hex_unknown_session,data/raw_videos/ASL VIDEOS/WATER/f882b0aa.mp4,data/local/ASL_hand_crops_av/WATER_f882b0aa.jpg,640,480,51,30.0,1.7,44.20648193359375,0.00677490234375,464.2887878417969,0.8592745281271381,0.45933234691619873,3,False,data/local/local_citizen100_quality_audit_q82_cap14_exact/landmarks/WATER/f882b0aa.v17.npz,af5862ab09c82f576db2e1c1a4f8762840091c65d2943b04418e6d39782f12d0,,0.8444444444444444,0.4033203125,0.875,0.0,WHY,WHY|LISTEN|SEE|HELLO|GOODBYE,0.0047774245031178,LISTEN,LISTEN|SEE|MOTHER|HELLO|WHY,0.002789015881717205,quarantine_model_disagreement
WHERE,WHERE,B_02_035,canonical_and_pinned_raw_text_equal,local_hex_unknown_session,data/raw_videos/ASL VIDEOS/WHERE/5699f932.mp4,data/local/ASL_hand_crops_av/WHERE_5699f932.jpg,640,480,16,30.0,0.5333333333333333,115.93597412109375,0.0,154.25677490234375,0.8708162618093621,0.16927480697631836,10,False,data/local/local_citizen100_quality_audit_q82_cap14_exact/landmarks/WHERE/5699f932.v17.npz,1efc84c689e4b5246beecff3c30dd85552350cf0f59feeeb88c6ec98b425690e,,1.0,0.5,0.5625,0.0,WHERE,WHERE|YOU|HE|WHEN|DIFFERENT,0.37739038467407227,UNDERSTAND,UNDERSTAND|DIFFERENT|ASK|ANSWER|DAY,0.005231066141277552,quarantine_model_disagreement
WHERE,WHERE,B_02_035,canonical_and_pinned_raw_text_equal,local_hex_unknown_session,data/raw_videos/ASL VIDEOS/WHERE/1affb169.mp4,data/local/ASL_hand_crops_av/WHERE_1affb169.jpg,640,480,16,30.0,0.5333333333333333,140.2747802734375,0.059326171875,2710.3505859375,0.9220483495496065,0.2994697093963623,5,False,data/local/local_citizen100_quality_audit_q82_cap14_exact/landmarks/WHERE/1affb169.v17.npz,aca093e3286c961f77c6a1cd23373c3c0b9d70370b5bce79d39f7e3404730954,,1.0,0.5,0.5625,0.0,USE,USE|HOSPITAL|ASK|THEY|WATER,0.0044031282886862755,WEEK,WEEK|THEY|WHEN|ASK|DIFFERENT,0.002239831956103444,quarantine_model_disagreement
WHERE,WHERE,B_02_035,canonical_and_pinned_raw_text_equal,local_hex_unknown_session,data/raw_videos/ASL VIDEOS/WHERE/f62d5c67.mp4,data/local/ASL_hand_crops_av/WHERE_f62d5c67.jpg,640,480,16,30.0,0.5333333333333333,112.8966064453125,0.0,126.4489517211914,0.8574640301413544,0.11803007125854492,14,False,data/local/local_citizen100_quality_audit_q82_cap14_exact/landmarks/WHERE/f62d5c67.v17.npz,bac393afb601510ca6cb1939aba63ca7dad02678d6c1a2338fc2637721ff5014,,1.0,0.5,0.5625,0.5625,HOSPITAL,HOSPITAL|WHO|THEY|USE|ASK,0.0021378423552960157,THEY,THEY|HE|HOSPITAL|WEEK|DAY,0.0036037303507328033,quarantine_model_disagreement
WHO,WHO,C_01_041,canonical_and_pinned_raw_text_equal,local_hex_unknown_session,data/raw_videos/ASL VIDEOS/WHO/93ba0c17.mp4,data/local/ASL_hand_crops_av/WHO_93ba0c17.jpg,640,480,42,30.0,1.4,95.161376953125,0.015625,423.69769287109375,0.9566209984672891,0.2431257963180542,8,False,data/local/local_citizen100_quality_audit_q82_cap14_exact/landmarks/WHO/93ba0c17.v17.npz,8a8c5caa193f91118713a0a795fb471a8cd173fa2974fcfc0ef5f7ffe89cb64b,,0.9444444444444444,0.462158203125,0.90625,0.015625,YES,YES|WHERE|YOU|TOMORROW|SAME,0.029181532561779022,WHO,WHO|YOU|WHERE|HOME|TAKE,0.49232879281044006,quarantine_model_disagreement
WHO,WHO,C_01_041,canonical_and_pinned_raw_text_equal,local_hex_unknown_session,data/raw_videos/ASL VIDEOS/WHO/9810f517.mp4,data/local/ASL_hand_crops_av/WHO_9810f517.jpg,640,480,48,30.0,1.6,77.192138671875,0.0477294921875,578.181884765625,0.9288455855870235,0.35911643505096436,5,False,data/local/local_citizen100_quality_audit_q82_cap14_exact/landmarks/WHO/9810f517.v17.npz,05b83b8fc5d616f5ed7527d442f2e261358dd37b1268c2ec22d79d4a76c15e53,,0.9523809523809523,0.46142578125,0.78125,0.0,WHERE,WHERE|YOU|TALK|TAKE|SAME,0.024861786514520645,WHERE,WHERE|WHO|ASK|YOU|NO,0.14385995268821716,quarantine_model_disagreement
WHO,WHO,C_01_041,canonical_and_pinned_raw_text_equal,local_hex_unknown_session,data/raw_videos/ASL VIDEOS/WHO/3b57a881.mp4,data/local/ASL_hand_crops_av/WHO_3b57a881.jpg,640,480,32,30.0,1.0666666666666667,62.73150634765625,0.13568115234375,1869.244873046875,0.867968214493045,0.2295551300048828,10,False,data/local/local_citizen100_quality_audit_q82_cap14_exact/landmarks/WHO/3b57a881.v17.npz,48a8dc3c4c012596cf3f55d6cdd41867a6453d641f71984b9547edd5f05391a5,,1.0,0.5,0.78125,0.0,WHERE,WHERE|ASK|HE|YOU|DIFFERENT,0.014687693677842617,ASK,ASK|NEED|YOU|WHERE|HE,0.012190612033009529,quarantine_model_disagreement
WHO,WHO,C_01_041,canonical_and_pinned_raw_text_equal,local_hex_unknown_session,data/raw_videos/ASL VIDEOS/WHO/6ca91916.mp4,data/local/ASL_hand_crops_av/WHO_6ca91916.jpg,640,480,16,30.0,0.5333333333333333,105.94921875,0.007080078125,901.552978515625,0.9259834429320707,0.19524222612380981,11,False,data/local/local_citizen100_quality_audit_q82_cap14_exact/landmarks/WHO/6ca91916.v17.npz,e833d200a3b57d78b70f398c3ab2fda8ec0420f0498d0e9b32ddeec60952ba28,,1.0,0.5,0.5625,0.046875,YOU,YOU|I|TELL|WHO|WHEN,0.08579973131418228,YOU,YOU|NEED|TELL|WHEN|GIVE,0.007578297518193722,quarantine_model_disagreement
WHY,WHY,D_01_067,canonical_and_pinned_raw_text_equal,local_hex_unknown_session,data/raw_videos/ASL VIDEOS/WHY/fe8ce85d.mp4,data/local/ASL_hand_crops_av/WHY_fe8ce85d.jpg,640,480,65,30.0,2.1666666666666665,65.63336181640625,0.04742431640625,966.0881958007812,0.8858919038584728,0.4286571741104126,4,False,data/local/local_citizen100_quality_audit_q82_cap14_exact/landmarks/WHY/fe8ce85d.v17.npz,f1d99b47a02a1f88a166b5b026259b1036206cac67197f76fc5eda609f264fab,,0.9655172413793104,0.472412109375,0.96875,0.0,HE,HE|TELL|WHERE|SEE|WHAT,0.013680101372301579,SEE,SEE|TELL|HE|WHAT|UNDERSTAND,0.020156895741820335,quarantine_model_disagreement
WHY,WHY,D_01_067,canonical_and_pinned_raw_text_equal,local_hex_unknown_session,data/raw_videos/ASL VIDEOS/WHY/5e2587c7.mp4,data/local/ASL_hand_crops_av/WHY_5e2587c7.jpg,640,480,51,30.0,1.7,83.8626708984375,0.0,381.37286376953125,0.9356333881468568,0.4808993935585022,3,False,data/local/local_citizen100_quality_audit_q82_cap14_exact/landmarks/WHY/5e2587c7.v17.npz,d85128f603a4ef56648f58c148cb1f6e557f4da2e39b5e3d96cc9551381f0b0d,,0.803921568627451,0.400390625,0.96875,0.0,THANKYOU,THANKYOU|COME|HELP|UNDERSTAND|WHY,0.04338940978050232,HELP,HELP|GOOD|COME|TOMORROW|THANKYOU,0.005436468869447708,quarantine_model_disagreement
WHY,WHY,D_01_067,canonical_and_pinned_raw_text_equal,local_hex_unknown_session,data/raw_videos/ASL VIDEOS/WHY/2d01fef8.mp4,data/local/ASL_hand_crops_av/WHY_2d01fef8.jpg,640,480,28,30.0,0.9333333333333333,66.247802734375,0.0953369140625,1122.48388671875,0.8725896706309836,0.35114485025405884,6,False,data/local/local_citizen100_quality_audit_q82_cap14_exact/landmarks/WHY/2d01fef8.v17.npz,2cfc0c5013dfe6c914668d1b4f71d2ffce05541bfe09146733caec56c86b3423,,1.0,0.5,0.90625,0.6796875,GOODBYE,GOODBYE|HEAR|HELLO|FIND|YESTERDAY,0.004406808875501156,HEAR,HEAR|YESTERDAY|GOODBYE|LISTEN|FATHER,0.0053603388369083405,quarantine_model_disagreement
WHY,WHY,D_01_067,canonical_and_pinned_raw_text_equal,local_hex_unknown_session,data/raw_videos/ASL VIDEOS/WHY/ef2a6812.mp4,data/local/ASL_hand_crops_av/WHY_ef2a6812.jpg,640,480,82,30.0,2.7333333333333334,84.2623291015625,0.031005859375,276.5987548828125,0.8472787290476705,0.23270761966705322,13,False,data/local/local_citizen100_quality_audit_q82_cap14_exact/landmarks/WHY/ef2a6812.v17.npz,0bd6e89865c21dcac6627ccded4001dc2ecbc07794402a9667a56f0390181dce,,0.972972972972973,0.4501953125,0.96875,0.0,WHERE,WHERE|HE|YOU|ASK|TELL,0.003243073122575879,YOU,YOU|WATER|WHERE|SEE|LISTEN,0.004500281531363726,quarantine_model_disagreement
WRITE,WRITE,D_01_051,canonical_and_pinned_raw_text_equal,local_hex_unknown_session,data/raw_videos/ASL VIDEOS/WRITE/4054128a.mp4,data/local/ASL_hand_crops_av/WRITE_4054128a.jpg,640,480,26,30.0,0.8666666666666667,83.38519287109375,0.0,159.8837432861328,0.8559780463919873,0.1303420066833496,11,False,data/local/local_citizen100_quality_audit_q82_cap14_exact/landmarks/WRITE/4054128a.v17.npz,d93dcb0b9f728dd0214f0bd03827ca4dca1439ba810b39c5c077e94b5b8f58a0,,1.0,1.0,0.96875,0.7265625,DOCTOR,DOCTOR|READ|NIGHT|FRIEND|WRITE,0.048435475677251816,DOCTOR,DOCTOR|MAKE|SAME|WHAT|WORK,0.00962020643055439,quarantine_model_disagreement
WRITE,WRITE,D_01_051,canonical_and_pinned_raw_text_equal,local_hex_unknown_session,data/raw_videos/ASL VIDEOS/WRITE/9dc7484f.mp4,data/local/ASL_hand_crops_av/WRITE_9dc7484f.jpg,640,480,42,30.0,1.4,58.57232666015625,0.196044921875,1278.68994140625,0.8653656441138879,0.1683570146560669,8,False,data/local/local_citizen100_quality_audit_q82_cap14_exact/landmarks/WRITE/9dc7484f.v17.npz,1c03990752202c576d074b9a99c932d04347a99b15f78e1634afa45bb456bcd4,,0.8888888888888888,0.7470703125,0.90625,0.6875,SIGN,SIGN|TIME|MAKE|WHEN|TRY,0.007413831073790789,WHAT,WHAT|SIGN|WHEN|GO|TIME,0.012509539723396301,quarantine_model_disagreement
WRITE,WRITE,D_01_051,canonical_and_pinned_raw_text_equal,local_hex_unknown_session,data/raw_videos/ASL VIDEOS/WRITE/853e8221.mp4,data/local/ASL_hand_crops_av/WRITE_853e8221.jpg,640,480,19,30.0,0.6333333333333333,141.07861328125,0.0533447265625,1013.2239990234375,0.9321116200697694,,1,False,data/local/local_citizen100_quality_audit_q82_cap14_exact/landmarks/WRITE/853e8221.v17.npz,904d4be2a36b02d70c3f3361d23a32de6913f17fb214757ae63efd51ec87420f,,1.0,0.7958984375,0.90625,0.03125,NIGHT,NIGHT|NAME|MAKE|DOCTOR|YEAR,0.008626789785921574,NIGHT,NIGHT|DOCTOR|MAKE|TIME|SCHOOL,0.007399757392704487,quarantine_model_disagreement
WRITE,WRITE,D_01_051,canonical_and_pinned_raw_text_equal,local_hex_unknown_session,data/raw_videos/ASL VIDEOS/WRITE/58a8d4b8.mp4,data/local/ASL_hand_crops_av/WRITE_58a8d4b8.jpg,640,480,26,30.0,0.8666666666666667,91.98095703125,0.0,145.5406494140625,0.8667271210026912,0.2898094654083252,6,False,data/local/local_citizen100_quality_audit_q82_cap14_exact/landmarks/WRITE/58a8d4b8.v17.npz,6b1e78627e2378d5c22962ef44f56f43a2bd092f5125b30d4d9560a0cc8f5342,,1.0,1.0,0.96875,0.484375,DOCTOR,DOCTOR|READ|NAME|NIGHT|TIRED,0.015134533867239952,DOCTOR,DOCTOR|LIKE|PLEASE|WHAT|SAME,0.0058724042028188705,quarantine_model_disagreement
WRITE,WRITE,D_01_051,canonical_and_pinned_raw_text_equal,local_hex_unknown_session,data/raw_videos/ASL VIDEOS/WRITE/f09ff5b8.mp4,data/local/ASL_hand_crops_av/WRITE_f09ff5b8.jpg,640,480,42,30.0,1.4,59.48248291015625,0.1751708984375,970.6273193359375,0.870118092252353,0.41148602962493896,3,False,data/local/local_citizen100_quality_audit_q82_cap14_exact/landmarks/WRITE/f09ff5b8.v17.npz,36ac261e1d254a4a06d92afe58240e49ffef82bd65af8814fa60f5210b9b14f1,,1.0,0.849609375,0.96875,0.96875,MAKE,MAKE|YEAR|WHAT|TELL|WHEN,0.0035553635098040104,YEAR,YEAR|WHAT|SIGN|MAKE|FRIEND,0.0045074461959302425,quarantine_model_disagreement
YES,YES,G_03_074,canonical_and_pinned_raw_text_equal,local_hex_unknown_session,data/raw_videos/ASL VIDEOS/YES/348c3773.mp4,data/local/ASL_hand_crops_av/YES_348c3773.jpg,640,480,59,30.0,1.9666666666666666,114.604736328125,0.0,529.857666015625,0.9869494274064339,0.1355379819869995,14,False,data/local/local_citizen100_quality_audit_q82_cap14_exact/landmarks/YES/348c3773.v17.npz,532f40a198cb9618bcd534813fb787fcd723d24c40376a86d0936695c760a1be,,1.0,0.5,0.96875,0.0,NEED,NEED|CHILD|YESTERDAY|GOODBYE|THINK,0.024104708805680275,THINK,THINK|YESTERDAY|YES|NEED|GO,0.07763570547103882,quarantine_model_disagreement
YES,YES,G_03_074,canonical_and_pinned_raw_text_equal,local_hex_unknown_session,data/raw_videos/ASL VIDEOS/YES/cad54c51.mp4,data/local/ASL_hand_crops_av/YES_cad54c51.jpg,640,480,23,30.0,0.7666666666666667,128.70489501953125,0.0,154.40457153320312,0.8954975918696606,0.18436503410339355,10,False,data/local/local_citizen100_quality_audit_q82_cap14_exact/landmarks/YES/cad54c51.v17.npz,023ed7da983c723986120ae6810d9e4dfc89fb53e5571ecc765996604afeeb24,,1.0,0.493408203125,0.75,0.0,CHILD,CHILD|GIVE|YES|COME|MAYBE,0.027817176654934883,WHAT,WHAT|CHILD|WHY|COME|FIND,0.015627477318048477,quarantine_model_disagreement
YESTERDAY,YESTERDAY,D_01_024,canonical_and_pinned_raw_text_equal,local_hex_unknown_session,data/raw_videos/ASL VIDEOS/YESTERDAY/70d304c8.mp4,data/local/ASL_hand_crops_av/YESTERDAY_70d304c8.jpg,640,480,61,30.0,2.033333333333333,58.09686279296875,0.0406494140625,564.249755859375,0.8783028598736955,0.2763122320175171,8,False,data/local/local_citizen100_quality_audit_q82_cap14_exact/landmarks/YESTERDAY/70d304c8.v17.npz,71708cda365a1fb19edfc9f8e206d022c50e13435b51d2fa444cac2a53ce1d16,,0.9672131147540983,0.5,0.9375,0.109375,YES,YES|TOMORROW|TAKE|DRINK|SAME,0.008756961673498154,TOMORROW,TOMORROW|YES|YESTERDAY|YOU|YEAR,0.09380123019218445,quarantine_model_disagreement
YESTERDAY,YESTERDAY,D_01_024,canonical_and_pinned_raw_text_equal,local_hex_unknown_session,data/raw_videos/ASL VIDEOS/YESTERDAY/6e9786e4.mp4,data/local/ASL_hand_crops_av/YESTERDAY_6e9786e4.jpg,640,480,53,30.0,1.7666666666666666,80.67803955078125,0.0,371.6883239746094,0.9267000286243672,0.450702428817749,3,False,data/local/local_citizen100_quality_audit_q82_cap14_exact/landmarks/YESTERDAY/6e9786e4.v17.npz,0d05ebef49106d49ef8fee3d017919536ccc3c4d5fe0c440f6b302afb2ded8ef,,1.0,0.5,0.90625,0.0546875,COME,COME|SORRY|TOMORROW|EAT|YES,0.007495969068259001,TOMORROW,TOMORROW|GIVE|YES|COME|HOME,0.028509920462965965,quarantine_model_disagreement
YOU,YOU,D_02_065,canonical_and_pinned_raw_text_equal,local_hex_unknown_session,data/raw_videos/ASL VIDEOS/YOU/cfc9db85.mp4,data/local/ASL_hand_crops_av/YOU_cfc9db85.jpg,640,480,15,30.0,0.5,113.571044921875,0.08917236328125,3310.435546875,0.9101842849593109,0.41522109508514404,4,False,data/local/local_citizen100_quality_audit_q82_cap14_exact/landmarks/YOU/cfc9db85.v17.npz,cd277ae7845b2513455069bfc7654f28b6bb77ac9125618ee86807e559a0e95e,,1.0,0.5,0.59375,0.0,ASK,ASK|NEED|YOU|ANSWER|GO,0.08842353522777557,NEED,NEED|ASK|TIME|SIGN|WHEN,0.015009473077952862,quarantine_model_disagreement
YOU,YOU,D_02_065,canonical_and_pinned_raw_text_equal,local_hex_unknown_session,data/raw_videos/ASL VIDEOS/YOU/a3b294f8.mp4,data/local/ASL_hand_crops_av/YOU_a3b294f8.jpg,640,480,58,30.0,1.9333333333333333,61.31951904296875,0.20916748046875,301.1263427734375,0.8355818765587124,0.2599606513977051,11,False,data/local/local_citizen100_quality_audit_q82_cap14_exact/landmarks/YOU/a3b294f8.v17.npz,2a620ddd43c781a40e7f539954aceb23b9a853f3ae5dff6595fad1c18dd4f2a3,,0.9318181818181818,0.456787109375,0.90625,0.4609375,NEED,NEED|HE|CHILD|WHAT|SIGN,0.006643934175372124,NEED,NEED|HE|CHILD|THEY|GIVE,0.00391895929351449,quarantine_model_disagreement
YOU,YOU,D_02_065,canonical_and_pinned_raw_text_equal,local_hex_unknown_session,data/raw_videos/ASL VIDEOS/YOU/a97a7462.mp4,data/local/ASL_hand_crops_av/YOU_a97a7462.jpg,640,480,53,30.0,1.7666666666666666,90.17523193359375,0.0,383.7054443359375,0.94677183897247,0.17831087112426758,14,False,data/local/local_citizen100_quality_audit_q82_cap14_exact/landmarks/YOU/a97a7462.v17.npz,5c34b51b1b216afbd4c8f376d55483abdbe1ce35957aa5dd1612eeac460a4147,,0.9622641509433962,0.480712890625,0.90625,0.0,HE,HE|NEED|LISTEN|CHILD|THINK,0.0009844681480899453,NEED,NEED|WHERE|THINK|HE|ASK,0.01099694799631834,quarantine_model_disagreement
YOUR,YOUR,F_01_052,canonical_and_pinned_raw_text_equal,local_hex_unknown_session,data/raw_videos/ASL VIDEOS/YOUR/6759a789.mp4,data/local/ASL_hand_crops_av/YOUR_6759a789.jpg,640,480,37,30.0,1.2333333333333334,125.349365234375,0.003662109375,3457.4775390625,0.9907614268096785,,1,False,data/local/local_citizen100_quality_audit_q82_cap14_exact/landmarks/YOUR/6759a789.v17.npz,efadd3eefdd418c903dc08f68922c092336d538f398a760f11bb3578cf3b302a,,1.0,0.5,0.875,0.875,HELLO,HELLO|FIND|GOODBYE|FAMILY|DRINK,0.008795962668955326,FIND,FIND|DRINK|FATHER|FAMILY|HELLO,0.0033151248935610056,quarantine_model_disagreement
YOUR,YOUR,F_01_052,canonical_and_pinned_raw_text_equal,local_hex_unknown_session,data/raw_videos/ASL VIDEOS/YOUR/95b93354.mp4,data/local/ASL_hand_crops_av/YOUR_95b93354.jpg,640,480,27,30.0,0.9,139.2579345703125,0.1092529296875,1678.3994140625,0.9415105649973372,0.37978506088256836,3,False,data/local/local_citizen100_quality_audit_q82_cap14_exact/landmarks/YOUR/95b93354.v17.npz,0b000dc62962fbebd6bcb3773cb0a1abc32bad2265dccf7acf12eac5ea545406,,1.0,0.5,0.9375,0.640625,GOODBYE,GOODBYE|CHILD|HEAR|YOUR|HELLO,0.009324404411017895,GOODBYE,GOODBYE|CHILD|HEAR|WHY|LESS,0.003256857628002763,quarantine_model_disagreement
YOUR,YOUR,F_01_052,canonical_and_pinned_raw_text_equal,local_hex_unknown_session,data/raw_videos/ASL VIDEOS/YOUR/289cf85c.mp4,data/local/ASL_hand_crops_av/YOUR_289cf85c.jpg,640,480,54,30.0,1.8,75.42041015625,0.0,337.73443603515625,0.9095467034192215,0.4703443646430969,2,False,data/local/local_citizen100_quality_audit_q82_cap14_exact/landmarks/YOUR/289cf85c.v17.npz,9a21a165abff874b18340faea38f11358ccaf04bbfb2257c420a94f5f5ab87dd,,0.9444444444444444,0.494140625,0.90625,0.0,GOODBYE,GOODBYE|HELLO|CHILD|HEAR|WHY,0.018802691251039505,GOODBYE,GOODBYE|HEAR|WHY|HELLO|MOTHER,0.002545850584283471,quarantine_model_disagreement
YOUR,YOUR,F_01_052,canonical_and_pinned_raw_text_equal,local_hex_unknown_session,data/raw_videos/ASL VIDEOS/YOUR/4bb4a4ff.mp4,data/local/ASL_hand_crops_av/YOUR_4bb4a4ff.jpg,640,480,24,30.0,0.8,126.2353515625,0.06671142578125,2056.703125,0.9473926136780334,0.19171732664108276,12,False,data/local/local_citizen100_quality_audit_q82_cap14_exact/landmarks/YOUR/4bb4a4ff.v17.npz,50f939dfa2b8f0c92f2bda4b4c405f75a0ed4f0015ccbcfdcebe31ac9b189c70,,1.0,0.5,0.71875,0.71875,GOODBYE,GOODBYE|HEAR|HELLO|FIND|MOTHER,0.0025869528762996197,GOODBYE,GOODBYE|HEAR|FIND|HELLO|WHY,0.0024971109814941883,quarantine_model_disagreement
YOUR,YOUR,F_01_052,canonical_and_pinned_raw_text_equal,local_hex_unknown_session,data/raw_videos/ASL VIDEOS/YOUR/e1b1d9f1.mp4,data/local/ASL_hand_crops_av/YOUR_e1b1d9f1.jpg,640,480,43,30.0,1.4333333333333333,108.63885498046875,0.0040283203125,3458.41796875,0.987155468723337,0.17046862840652466,13,False,data/local/local_citizen100_quality_audit_q82_cap14_exact/landmarks/YOUR/e1b1d9f1.v17.npz,d49dc5892737e456452e09bdd07be91a0a6a90c48f9a201def2f782057991edd,,1.0,0.5,0.9375,0.9375,GOODBYE,GOODBYE|HEAR|HELLO|FIND|MOTHER,0.010114782489836216,HEAR,HEAR|HELLO|FIND|GOODBYE|WHY,0.002423190511763096,quarantine_model_disagreement
YOUR,YOUR,F_01_052,canonical_and_pinned_raw_text_equal,local_hex_unknown_session,data/raw_videos/ASL VIDEOS/YOUR/270bef1b.mp4,data/local/ASL_hand_crops_av/YOUR_270bef1b.jpg,640,480,34,30.0,1.1333333333333333,104.5086669921875,0.00506591796875,3371.703125,0.9709788742518504,0.3585019111633301,4,False,data/local/local_citizen100_quality_audit_q82_cap14_exact/landmarks/YOUR/270bef1b.v17.npz,defab103bd1c784a5f189e8db3ea73b40c556370f0ecf88cdb893c1b0e996f59,,1.0,0.5,0.96875,0.7265625,HELLO,HELLO|HEAR|GOODBYE|FIND|MOTHER,0.002143245190382004,HELLO,HELLO|HEAR|FATHER|FIND|WHY,0.004624365828931332,quarantine_model_disagreement
YOUR,YOUR,F_01_052,canonical_and_pinned_raw_text_equal,local_hex_unknown_session,data/raw_videos/ASL VIDEOS/YOUR/be35fefc.mp4,data/local/ASL_hand_crops_av/YOUR_be35fefc.jpg,640,480,15,30.0,0.5,113.47613525390625,0.092529296875,2384.990478515625,0.9092966995584018,0.26205092668533325,10,False,data/local/local_citizen100_quality_audit_q82_cap14_exact/landmarks/YOUR/be35fefc.v17.npz,1639daa6066a206863c69b1219a595982428dd5d0622dd216c91e25e06f338a3,,1.0,0.5,0.59375,0.03125,GOODBYE,GOODBYE|HELLO|WHY|CHILD|FIND,0.0018124837661162019,HELLO,HELLO|WHY|HEAR|FIND|GOODBYE,0.0011089164763689041,quarantine_model_disagreement
ANGRY,ANGRY,B_01_070,canonical_and_pinned_raw_text_equal,local_hex_unknown_session,data/raw_videos/ASL VIDEOS/ANGRY/8b3d2736.mp4,data/local/ASL_hand_crops_av/ANGRY_8b3d2736.jpg,640,480,29,30.0,0.9666666666666667,118.334228515625,0.0,293.15545654296875,0.9441566395928603,0.463603138923645,2,False,data/local/local_citizen100_quality_audit_q82_cap14_exact/landmarks/ANGRY/8b3d2736.v17.npz,0277b98ea03c74a5cdb1c57db7d60bf12abe41361dd97fc112571384b966594a,,0.9230769230769231,0.875,0.0,0.1875,ANGRY,ANGRY|SIGN|HAVE|EXCITED|BIG,0.835768461227417,ANGRY,ANGRY|HAVE|EASY|SIGN|HAPPY,0.7423802018165588,quarantine_extraction_quality
ANGRY,ANGRY,B_01_070,canonical_and_pinned_raw_text_equal,local_hex_unknown_session,data/raw_videos/ASL VIDEOS/ANGRY/afd85bf7.mp4,data/local/ASL_hand_crops_av/ANGRY_afd85bf7.jpg,640,480,27,30.0,0.9,77.48699951171875,0.08355712890625,1277.5855712890625,0.8946167200052062,0.23101204633712769,4,False,data/local/local_citizen100_quality_audit_q82_cap14_exact/landmarks/ANGRY/afd85bf7.v17.npz,364122bf85593630137c25fcc9a5201c84ae8373ce903e185f46303cd16dc0a7,,0.9629629629629629,0.6875,0.0,0.9375,WANT,WANT|WAIT|ANGRY|EXCITED|NOW,0.0916622206568718,WHEN,WHEN|HOW|TIRED|EXCITED|WAIT,0.0516650415956974,quarantine_extraction_quality
ANSWER,ANSWER,E_03_065,canonical_and_pinned_raw_text_equal,local_hex_unknown_session,data/raw_videos/ASL VIDEOS/ANSWER/f82d23cc.mp4,data/local/ASL_hand_crops_av/ANSWER_f82d23cc.jpg,640,480,23,30.0,0.7666666666666667,119.13714599609375,0.015380859375,3755.536376953125,0.9554372849774955,0.5931574702262878,2,False,data/local/local_citizen100_quality_audit_q82_cap14_exact/landmarks/ANSWER/f82d23cc.v17.npz,4a0c9ee3624728cfcc1093afcd232a9105418cd57aa1119ffbdb402fc4258eb6,,0.7894736842105263,0.7412109375,0.46875,0.0,SEE,SEE|WANT|YOU|WHAT|WHEN,0.02558269165456295,WHAT,WHAT|GO|ANSWER|SEE|LANGUAGE,0.06399441510438919,quarantine_extraction_quality
ASK,ASK,B_02_023,canonical_and_pinned_raw_text_equal,local_hex_unknown_session,data/raw_videos/ASL VIDEOS/ASK/8bac65fc.mp4,data/local/ASL_hand_crops_av/ASK_8bac65fc.jpg,640,480,65,30.0,2.1666666666666665,59.95587158203125,0.00128173828125,172.29217529296875,0.820837841529893,0.2608405351638794,7,False,data/local/local_citizen100_quality_audit_q82_cap14_exact/landmarks/ASK/8bac65fc.v17.npz,ccc02cf7fd116cb785ffc6b5b39a487015b9414380931ce2e087eb09f4af7196,,0.9411764705882353,0.484375,0.0,0.609375,GO,GO|DIFFERENT|SIGN|BIG|HE,0.010465237312018871,NEED,NEED|WHERE|ASK|GO|HE,0.09014479070901871,quarantine_extraction_quality
BIG,BIG,F_02_054,canonical_and_pinned_raw_text_equal,local_numbered_single_session,data/raw_videos/ASL VIDEOS/BIG/BIG_17.mp4,data/local/ASL_hand_crops_av/BIG_BIG_17.jpg,640,480,68,30.0,2.2666666666666666,102.41168212890625,0.0,1059.3179931640625,0.9568685223907152,0.2868986129760742,3,False,data/local/local_citizen100_quality_audit_q82_cap14_exact/landmarks/BIG/BIG_17.v17.npz,4ea6826579a24e1c00d2d6e59239bc8006b3ffee7c307f03eca50b9cdbee7b5b,,0.8813559322033898,0.728515625,0.0,0.96875,LANGUAGE,LANGUAGE|TRY|BIG|READY|MAYBE,0.04247688502073288,LANGUAGE,LANGUAGE|BIG|HELLO|IMPORTANT|TRY,0.14282910525798798,quarantine_extraction_quality
CHILD,CHILD,F_03_101,canonical_and_pinned_raw_text_equal,local_hex_unknown_session,data/raw_videos/ASL VIDEOS/CHILD/5f971654.mp4,data/local/ASL_hand_crops_av/CHILD_5f971654.jpg,640,480,38,30.0,1.2666666666666666,61.51348876953125,0.0872802734375,1317.849365234375,0.8830743975168629,0.16425514221191406,9,False,data/local/local_citizen100_quality_audit_q82_cap14_exact/landmarks/CHILD/5f971654.v17.npz,16095d76eab71a3fdb17c6c438150790318abb3a623caef8a80592e3acec979c,,0.7105263157894737,0.394287109375,0.875,0.234375,GOODBYE,GOODBYE|FIND|CHILD|WHY|HELLO,0.0907716155052185,FIND,FIND|HEAR|GOODBYE|WHY|MAYBE,0.023033227771520615,quarantine_extraction_quality
COLD,COLD,C_02_068,canonical_and_pinned_raw_text_equal,local_hex_unknown_session,data/raw_videos/ASL VIDEOS/COLD/69616c2e.mp4,data/local/ASL_hand_crops_av/COLD_69616c2e.jpg,640,480,47,30.0,1.5666666666666667,105.0379638671875,0.0,429.45281982421875,0.9771997839360775,0.5117485821247101,2,False,data/local/local_citizen100_quality_audit_q82_cap14_exact/landmarks/COLD/69616c2e.v17.npz,9afadca48a86f7f61d033b185061725846f28a9a25706eb9851a833876889080,,0.9024390243902439,0.86962890625,0.0,0.40625,COLD,COLD|TRY|HAVE|SIGN|TIRED,0.4509202241897583,COLD,COLD|HOW|TRY|UNDERSTAND|SMALL,0.34971553087234497,quarantine_extraction_quality
COLD,COLD,C_02_068,canonical_and_pinned_raw_text_equal,local_hex_unknown_session,data/raw_videos/ASL VIDEOS/COLD/f505f25d.mp4,data/local/ASL_hand_crops_av/COLD_f505f25d.jpg,640,480,48,30.0,1.6,91.00164794921875,0.0,303.8504638671875,0.9368472224144004,0.11132770776748657,11,False,data/local/local_citizen100_quality_audit_q82_cap14_exact/landmarks/COLD/f505f25d.v17.npz,fed8a49f0b77c922b70a2d690e435cd53b68b21bd3a4aa241001c3141fee6e18,,0.9090909090909091,0.8154296875,0.0,0.2421875,COLD,COLD|TRY|HAVE|NOW|SIGN,0.45457130670547485,TRY,TRY|COLD|HOW|NOW|UNDERSTAND,0.07647468894720078,quarantine_extraction_quality
COLD,COLD,C_02_068,canonical_and_pinned_raw_text_equal,local_hex_unknown_session,data/raw_videos/ASL VIDEOS/COLD/54ed9c2e.mp4,data/local/ASL_hand_crops_av/COLD_54ed9c2e.jpg,640,480,45,30.0,1.5,99.714111328125,0.0,382.6652526855469,0.9631514180818823,0.1430796980857849,8,False,data/local/local_citizen100_quality_audit_q82_cap14_exact/landmarks/COLD/54ed9c2e.v17.npz,4440c8d966fe67b2954118fd373124f5533478f9134c14a74021e695faf72785,,0.9069767441860465,0.8564453125,0.0,0.40625,COLD,COLD|TRY|NOW|HAVE|TIRED,0.4224560260772705,TRY,TRY|NOW|HOW|COLD|FAMILY,0.055248286575078964,quarantine_extraction_quality
COLD,COLD,C_02_068,canonical_and_pinned_raw_text_equal,local_hex_unknown_session,data/raw_videos/ASL VIDEOS/COLD/061cab88.mp4,data/local/ASL_hand_crops_av/COLD_061cab88.jpg,640,480,42,30.0,1.4,90.0318603515625,0.0,316.3299560546875,0.9349285752588969,0.10563886165618896,13,False,data/local/local_citizen100_quality_audit_q82_cap14_exact/landmarks/COLD/061cab88.v17.npz,20679875fba8ce587d694c077ed16cbbabeeada0b3f4c750b26eda7bc533b69f,,0.8888888888888888,0.837890625,0.25,0.578125,TIRED,TIRED|FAMILY|MAKE|HOW|HELP,0.024338718503713608,COLD,COLD|HOW|NOW|TRY|TIRED,0.20311285555362701,quarantine_extraction_quality
COME,COME,C_03_074,canonical_and_pinned_raw_text_equal,local_hex_unknown_session,data/raw_videos/ASL VIDEOS/COME/261f431b.mp4,data/local/ASL_hand_crops_av/COME_261f431b.jpg,640,480,35,30.0,1.1666666666666667,64.69281005859375,0.1004638671875,1734.03369140625,0.8829824119966407,0.16519391536712646,8,False,data/local/local_citizen100_quality_audit_q82_cap14_exact/landmarks/COME/261f431b.v17.npz,7aa44d77fd385d70cc7a5c39bc54ba77d3a5d008a7a5f528feeb1234c504c77b,,0.6,0.305908203125,0.9375,0.296875,COME,COME|NEED|WE|YES|I,0.14665266871452332,WE,WE|NEED|SIGN|I|TIME,0.012290162965655327,quarantine_extraction_quality
DAY,DAY,C_01_044,canonical_and_pinned_raw_text_equal,local_hex_unknown_session,data/raw_videos/ASL VIDEOS/DAY/9ede1224.mp4,data/local/ASL_hand_crops_av/DAY_9ede1224.jpg,640,480,29,30.0,0.9666666666666667,158.74755859375,0.0452880859375,1510.265869140625,0.9416516824581419,0.1566331386566162,11,False,data/local/local_citizen100_quality_audit_q82_cap14_exact/landmarks/DAY/9ede1224.v17.npz,1524c8e9a3ddb2afa34b124ca9b40872409e96a3c48d5179eb2aac262f86663f,,0.8095238095238095,0.73291015625,0.03125,0.03125,DAY,DAY|USE|LOVE|SCHOOL|NIGHT,0.21644474565982819,USE,USE|DAY|LOVE|HOSPITAL|MORNING,0.2808920443058014,quarantine_extraction_quality
DAY,DAY,C_01_044,canonical_and_pinned_raw_text_equal,local_hex_unknown_session,data/raw_videos/ASL VIDEOS/DAY/67db97ed.mp4,data/local/ASL_hand_crops_av/DAY_67db97ed.jpg,640,480,25,30.0,0.8333333333333334,129.8153076171875,0.0084228515625,1286.6693115234375,0.9646219680261481,0.10429573059082031,13,False,data/local/local_citizen100_quality_audit_q82_cap14_exact/landmarks/DAY/67db97ed.v17.npz,7bdc3df9af549c32c9adb099e7d0b2245f4fefa7e85e26e1d0851b2334dd55f1,,0.6666666666666666,0.693359375,0.0,0.0,HOSPITAL,HOSPITAL|USE|DAY|LOVE|THEY,0.13993214070796967,USE,USE|HOSPITAL|DAY|NIGHT|LOVE,0.07205471396446228,quarantine_extraction_quality
EASY,EASY,D_01_070,canonical_and_pinned_raw_text_equal,local_hex_unknown_session,data/raw_videos/ASL VIDEOS/EASY/39b1cfb4.mp4,data/local/ASL_hand_crops_av/EASY_39b1cfb4.jpg,640,480,32,30.0,1.0666666666666667,92.279541015625,0.0,301.87353515625,0.9218946034593649,0.45846617221832275,2,False,data/local/local_citizen100_quality_audit_q82_cap14_exact/landmarks/EASY/39b1cfb4.v17.npz,d9c9371fe213b939dd80bb7d41af01cff9d9a7a1166a0735e6b18b05e4f70df4,,1.0,0.88671875,0.0,0.59375,DOCTOR,DOCTOR|EASY|MAYBE|WAIT|FAMILY,0.20034459233283997,EASY,EASY|DOCTOR|STOP|WAIT|MAYBE,0.6972545385360718,quarantine_extraction_quality
EASY,EASY,D_01_070,canonical_and_pinned_raw_text_equal,local_hex_unknown_session,data/raw_videos/ASL VIDEOS/EASY/29939199.mp4,data/local/ASL_hand_crops_av/EASY_29939199.jpg,640,480,45,30.0,1.5,82.66387939453125,0.0,235.00820922851562,0.9060864103236395,0.1043928861618042,10,False,data/local/local_citizen100_quality_audit_q82_cap14_exact/landmarks/EASY/29939199.v17.npz,d8956c850430f325e8b598779113ae1412a9df0c3013c3caeb9ea0bcda3ffc6a,,0.9047619047619048,0.69189453125,0.0,0.78125,EASY,EASY|LESS|NAME|MORNING|DOCTOR,0.3046070635318756,MORNING,MORNING|EASY|GOOD|GIVE|EAT,0.18018928170204163,quarantine_extraction_quality
FEEL,FEEL,C_02_001,canonical_and_pinned_raw_text_equal,local_hex_unknown_session,data/raw_videos/ASL VIDEOS/FEEL/b029ec47.mp4,data/local/ASL_hand_crops_av/FEEL_b029ec47.jpg,640,480,15,30.0,0.5,63.76361083984375,0.01519775390625,458.50054931640625,0.8386587766576992,0.15987730026245117,13,False,data/local/local_citizen100_quality_audit_q82_cap14_exact/landmarks/FEEL/b029ec47.v17.npz,7aadb8cf4091e5741704a515865674c9bfd8b931d18b4d1554016c4a06531668,,1.0,0.5,0.0,0.0,USE,USE|HOSPITAL|NAME|LIKE|MORNING,0.0011184862814843655,USE,USE|HOSPITAL|WEEK|THEY|FATHER,0.004568815231323242,quarantine_extraction_quality
GIVE,GIVE,F_01_023,canonical_and_pinned_raw_text_equal,local_hex_unknown_session,data/raw_videos/ASL VIDEOS/GIVE/fea0e6d6.mp4,data/local/ASL_hand_crops_av/GIVE_fea0e6d6.jpg,640,480,72,30.0,2.4,48.24945068359375,0.05218505859375,1167.771728515625,0.8312639449440146,0.11767417192459106,14,False,data/local/local_citizen100_quality_audit_q82_cap14_exact/landmarks/GIVE/fea0e6d6.v17.npz,59c5fe6ec767617e268dc80903418cfdae4f56cf92f572529c2627951190659b,,0.7777777777777778,0.39794921875,0.90625,0.765625,GIVE,GIVE|WHAT|TELL|WANT|MAYBE,0.5124388933181763,GIVE,GIVE|WHAT|MORNING|LIKE|MAYBE,0.8242985606193542,quarantine_extraction_quality
GIVE,GIVE,F_01_023,canonical_and_pinned_raw_text_equal,local_hex_unknown_session,data/raw_videos/ASL VIDEOS/GIVE/63fc0ab7.mp4,data/local/ASL_hand_crops_av/GIVE_63fc0ab7.jpg,640,480,57,30.0,1.9,91.55841064453125,0.0,542.8531494140625,0.9603129587253966,0.5162592828273773,2,False,data/local/local_citizen100_quality_audit_q82_cap14_exact/landmarks/GIVE/63fc0ab7.v17.npz,bd3cdaf0754d6a5b541f6d6b67c722a0c9ffa06fbac9ac77d294da53139c2285,,0.5789473684210527,0.274658203125,1.0,0.71875,HUNGRY,HUNGRY|FEEL|HAPPY|GIVE|GOOD,0.07907113432884216,LIKE,LIKE|GIVE|HUNGRY|YOU|WATER,0.15892991423606873,quarantine_extraction_quality
GIVE,GIVE,F_01_023,canonical_and_pinned_raw_text_equal,local_hex_unknown_session,data/raw_videos/ASL VIDEOS/GIVE/f0a492eb.mp4,data/local/ASL_hand_crops_av/GIVE_f0a492eb.jpg,640,480,44,30.0,1.4666666666666666,71.17254638671875,0.0,142.3673095703125,0.8532613172891607,0.11379271745681763,13,False,data/local/local_citizen100_quality_audit_q82_cap14_exact/landmarks/GIVE/f0a492eb.v17.npz,d5441216d4943d95582bbd48d018afed7241095527103a1e145f5faafe1aa162,,0.7560975609756098,0.36669921875,0.8125,0.8125,HUNGRY,HUNGRY|FEEL|LIKE|GIVE|TIRED,0.0583992563188076,GIVE,GIVE|HUNGRY|THANKYOU|COME|LIKE,0.35547545552253723,quarantine_extraction_quality
GIVE,GIVE,F_01_023,canonical_and_pinned_raw_text_equal,local_numbered_single_session,data/raw_videos/ASL VIDEOS/GIVE/GIVE_10.mp4,data/local/ASL_hand_crops_av/GIVE_GIVE_10.jpg,640,480,48,30.0,1.6,95.6014404296875,0.0,4972.4921875,0.9725505712929297,,1,False,data/local/local_citizen100_quality_audit_q82_cap14_exact/landmarks/GIVE/GIVE_10.v17.npz,ea1efc4a5b84aeef7705af4661aadfee5146ab331ad4e4de1879142536770fa0,,1.0,0.5,0.0,0.84375,MAYBE,MAYBE|WANT|FAMILY|WAIT|GIVE,0.020628347992897034,GIVE,GIVE|EAT|TELL|MORNING|LIKE,0.4596156179904938,quarantine_extraction_quality
GIVE,GIVE,F_01_023,canonical_and_pinned_raw_text_equal,local_hex_unknown_session,data/raw_videos/ASL VIDEOS/GIVE/0af0f57d.mp4,data/local/ASL_hand_crops_av/GIVE_0af0f57d.jpg,640,480,77,30.0,2.566666666666667,54.504638671875,0.0694580078125,708.8681640625,0.8277542585611535,0.2583281993865967,5,False,data/local/local_citizen100_quality_audit_q82_cap14_exact/landmarks/GIVE/0af0f57d.v17.npz,98cc3fe8bac582b2ca1fe5d0a4be56eacc6f797dcf196c7a0146afe06f7a99e7,,0.9710144927536232,0.58935546875,0.0,0.0,MORNING,MORNING|STOP|SICK|LESS|KNOW,0.0006312492769211531,MORNING,MORNING|KNOW|SICK|FATHER|WHY,0.000900012266356498,quarantine_extraction_quality
GO,GO,C_03_056,canonical_and_pinned_raw_text_equal,local_hex_unknown_session,data/raw_videos/ASL VIDEOS/GO/b769fe8c.mp4,data/local/ASL_hand_crops_av/GO_b769fe8c.jpg,640,480,22,30.0,0.7333333333333333,137.7584228515625,0.02471923828125,5444.88134765625,0.9498781321015631,0.4000455141067505,4,False,data/local/local_citizen100_quality_audit_q82_cap14_exact/landmarks/GO/b769fe8c.v17.npz,5ec173013af27d5c3c68485acce7198a0f90c6d7fa60f2b85a67b839e626a626,,0.7777777777777778,0.78857421875,0.5,0.0,DIFFERENT,DIFFERENT|GO|BIG|WHEN|HE,0.221417635679245,GO,GO|LANGUAGE|HE|BIG|NEED,0.5067978501319885,quarantine_extraction_quality
GO,GO,C_03_056,canonical_and_pinned_raw_text_equal,local_hex_unknown_session,data/raw_videos/ASL VIDEOS/GO/41c5bff0.mp4,data/local/ASL_hand_crops_av/GO_41c5bff0.jpg,640,480,26,30.0,0.8666666666666667,127.82745361328125,0.00823974609375,4963.1611328125,0.9673517458274368,0.11831080913543701,12,False,data/local/local_citizen100_quality_audit_q82_cap14_exact/landmarks/GO/41c5bff0.v17.npz,d780eca9ac1f139da438ff0682cf871c9f8b75c264d78a00c93bff0083f66d0e,,0.8095238095238095,0.7724609375,0.4375,0.0,DIFFERENT,DIFFERENT|WHEN|ANSWER|BIG|UNDERSTAND,0.026551682502031326,LANGUAGE,LANGUAGE|ASK|YOU|WHEN|GO,0.04682918265461922,quarantine_extraction_quality
GO,GO,C_03_056,canonical_and_pinned_raw_text_equal,local_hex_unknown_session,data/raw_videos/ASL VIDEOS/GO/4e99f91f.mp4,data/local/ASL_hand_crops_av/GO_4e99f91f.jpg,640,480,21,30.0,0.7,135.2803955078125,0.001220703125,4835.23876953125,0.9539928117857932,0.21056675910949707,7,False,data/local/local_citizen100_quality_audit_q82_cap14_exact/landmarks/GO/4e99f91f.v17.npz,84049c3fbf0dd9c2e6914ab0fa855f5dd7f5e75a24274b9b4ba792127de7a6cf,,0.8,0.7314453125,0.46875,0.0,DIFFERENT,DIFFERENT|BIG|HE|GO|LISTEN,0.024148816242814064,GO,GO|BIG|DIFFERENT|LANGUAGE|HE,0.6730901598930359,quarantine_extraction_quality
GOOD,GOOD,B_01_052,canonical_and_pinned_raw_text_equal,local_hex_unknown_session,data/raw_videos/ASL VIDEOS/GOOD/7bfae277.mp4,data/local/ASL_hand_crops_av/GOOD_7bfae277.jpg,640,480,34,30.0,1.1333333333333333,93.56610107421875,0.0,289.48309326171875,0.9255327927706625,0.6530646681785583,2,False,data/local/local_citizen100_quality_audit_q82_cap14_exact/landmarks/GOOD/7bfae277.v17.npz,8fc82d32b69169655c6365e9f16815564bcd51c82a2e19784718b523e647b56e,,0.8529411764705882,0.72412109375,0.28125,0.96875,MORNING,MORNING|LESS|DAY|SICK|STOP,0.003223498584702611,MORNING,MORNING|DAY|USE|SCHOOL|LOVE,0.0012976928846910596,quarantine_extraction_quality
HAPPY,HAPPY,C_03_078,canonical_and_pinned_raw_text_equal,local_numbered_single_session,data/raw_videos/ASL VIDEOS/HAPPY/HAPPY_15.mp4,data/local/ASL_hand_crops_av/HAPPY_HAPPY_15.jpg,640,480,40,30.0,1.3333333333333333,104.16265869140625,0.0,2260.9462890625,0.9804033778018602,,1,False,data/local/local_citizen100_quality_audit_q82_cap14_exact/landmarks/HAPPY/HAPPY_15.v17.npz,4976de22822a89f63eb9a5217e21c3945e149ec13600088cef6214fe1dea4582,,1.0,0.5,0.0,0.71875,EASY,EASY|MY|HAPPY|HOW|HAVE,0.10084215551614761,HAPPY,HAPPY|EASY|PLEASE|BAD|GOOD,0.5691254734992981,quarantine_extraction_quality
HAPPY,HAPPY,C_03_078,canonical_and_pinned_raw_text_equal,local_hex_unknown_session,data/raw_videos/ASL VIDEOS/HAPPY/f4b9020f.mp4,data/local/ASL_hand_crops_av/HAPPY_f4b9020f.jpg,640,480,29,30.0,0.9666666666666667,87.2730712890625,0.0,292.41339111328125,0.9046172299850445,0.48306524753570557,2,False,data/local/local_citizen100_quality_audit_q82_cap14_exact/landmarks/HAPPY/f4b9020f.v17.npz,333701c5b2d44393f864779a633ecae625804f6045d57991c8d52e00ec7023a7,,1.0,0.521484375,0.0,0.8046875,EASY,EASY|HAPPY|HOW|MY|HAVE,0.0908651053905487,HAPPY,HAPPY|EASY|WRITE|BAD|PLEASE,0.6313301920890808,quarantine_extraction_quality
HAPPY,HAPPY,C_03_078,canonical_and_pinned_raw_text_equal,local_hex_unknown_session,data/raw_videos/ASL VIDEOS/HAPPY/004afc9d.mp4,data/local/ASL_hand_crops_av/HAPPY_004afc9d.jpg,640,480,22,30.0,0.7333333333333333,82.97265625,0.0,223.14828491210938,0.8630334606992575,0.09120619297027588,11,False,data/local/local_citizen100_quality_audit_q82_cap14_exact/landmarks/HAPPY/004afc9d.v17.npz,0ee4f873f401da2ed79c5b8c2548f62973967bbcee9f5795595c1450c1d051dd,,1.0,0.5,0.0,0.0625,EASY,EASY|HAVE|HAPPY|EXCITED|ANGRY,0.08391325920820236,HAPPY,HAPPY|EASY|BAD|LEARN|ANGRY,0.9003279805183411,quarantine_extraction_quality
HAPPY,HAPPY,C_03_078,canonical_and_pinned_raw_text_equal,local_hex_unknown_session,data/raw_videos/ASL VIDEOS/HAPPY/3e8dcdf7.mp4,data/local/ASL_hand_crops_av/HAPPY_3e8dcdf7.jpg,640,480,28,30.0,0.9333333333333333,79.06475830078125,0.0,221.01695251464844,0.8702801568544849,0.11487996578216553,8,False,data/local/local_citizen100_quality_audit_q82_cap14_exact/landmarks/HAPPY/3e8dcdf7.v17.npz,8ea683f18022fad97cf368a87fbde2d8b38eb06992c8c02305acd660b578acf8,,1.0,0.74169921875,0.0,0.90625,WAIT,WAIT|EXCITED|EASY|ANGRY|NAME,0.019281646236777306,EASY,EASY|LIKE|EXCITED|ANGRY|NAME,0.013540742918848991,quarantine_extraction_quality
HELLO,HELLO,D_02_055,canonical_and_pinned_raw_text_equal,local_hex_unknown_session,data/raw_videos/ASL VIDEOS/HELLO/329a2039.mp4,data/local/ASL_hand_crops_av/HELLO_329a2039.jpg,640,480,29,30.0,0.9666666666666667,112.1676025390625,0.0,94.82179260253906,0.8767351936847166,0.09392523765563965,14,False,data/local/local_citizen100_quality_audit_q82_cap14_exact/landmarks/HELLO/329a2039.v17.npz,1df6d2acc4bcf04c9527fade043fb522a612c1ed365cfa71e9d6d37e8c318e93,,0.7931034482758621,0.3935546875,0.875,0.671875,HELLO,HELLO|GOODBYE|WHY|FIND|MAYBE,0.4062894880771637,HELLO,HELLO|FIND|DRINK|HEAR|WHY,0.3837868869304657,quarantine_extraction_quality
HELLO,HELLO,D_02_055,canonical_and_pinned_raw_text_equal,local_hex_unknown_session,data/raw_videos/ASL VIDEOS/HELLO/6abcb97f.mp4,data/local/ASL_hand_crops_av/HELLO_6abcb97f.jpg,640,480,24,30.0,0.8,85.19818115234375,0.0,89.34109497070312,0.8217782478268955,0.18711543083190918,7,False,data/local/local_citizen100_quality_audit_q82_cap14_exact/landmarks/HELLO/6abcb97f.v17.npz,7b7e07b3ed9cedef2464d6088acc00e6baf743d9ff5a879384e617b5e85d1f7a,,0.9047619047619048,0.453125,0.4375,0.4375,HELLO,HELLO|WHY|GOODBYE|FIND|ANGRY,0.37315961718559265,HELLO,HELLO|WHY|HEAR|CHILD|GOODBYE,0.8981117606163025,quarantine_extraction_quality
HELLO,HELLO,D_02_055,canonical_and_pinned_raw_text_equal,local_hex_unknown_session,data/raw_videos/ASL VIDEOS/HELLO/8192ef75.mp4,data/local/ASL_hand_crops_av/HELLO_8192ef75.jpg,640,480,23,30.0,0.7666666666666667,101.60711669921875,0.0,94.46527099609375,0.8495076043025254,0.11839103698730469,10,False,data/local/local_citizen100_quality_audit_q82_cap14_exact/landmarks/HELLO/8192ef75.v17.npz,17316f2b46ed85dee448bc76d0a654f1ae3ecfde033685407ae9fcdf4e5048ff,,0.9047619047619048,0.453125,0.4375,0.34375,GOODBYE,GOODBYE|HELLO|WHY|FIND|ANGRY,0.2544932961463928,HELLO,HELLO|WHY|FIND|GOODBYE|THEY,0.787078857421875,quarantine_extraction_quality
HELLO,HELLO,D_02_055,canonical_and_pinned_raw_text_equal,local_hex_unknown_session,data/raw_videos/ASL VIDEOS/HELLO/3b7c0905.mp4,data/local/ASL_hand_crops_av/HELLO_3b7c0905.jpg,640,480,20,30.0,0.6666666666666666,121.142333984375,0.0,88.23453521728516,0.8544125747881045,0.42527174949645996,2,False,data/local/local_citizen100_quality_audit_q82_cap14_exact/landmarks/HELLO/3b7c0905.v17.npz,cf9e9578352d1368d4da3eb66cd4661a100eb0b7fafd30df278157959a74ccd3,,0.8947368421052632,0.42041015625,0.46875,0.46875,GOODBYE,GOODBYE|HELLO|CHILD|WHY|YOUR,0.10195385664701462,HELLO,HELLO|CHILD|HE|GOODBYE|MOTHER,0.20299598574638367,quarantine_extraction_quality
HELLO,HELLO,D_02_055,canonical_and_pinned_raw_text_equal,local_hex_unknown_session,data/raw_videos/ASL VIDEOS/HELLO/31719383.mp4,data/local/ASL_hand_crops_av/HELLO_31719383.jpg,640,480,24,30.0,0.8,103.930908203125,0.0,184.09747314453125,0.8925474454825054,0.20118439197540283,6,False,data/local/local_citizen100_quality_audit_q82_cap14_exact/landmarks/HELLO/31719383.v17.npz,cc36b5c2726127376cc0f18f496c601b2cc114c74959843a8dc3f1f5e01d0c4c,,0.8636363636363636,0.421142578125,0.40625,0.3125,HELLO,HELLO|GOODBYE|FIND|WHY|MAYBE,0.7141311168670654,FIND,FIND|HELLO|MORNING|WHY|LESS,0.09820333123207092,quarantine_extraction_quality
HELP,HELP,D_01_042,canonical_and_pinned_raw_text_equal,local_hex_unknown_session,data/raw_videos/ASL VIDEOS/HELP/915a1be8.mp4,data/local/ASL_hand_crops_av/HELP_915a1be8.jpg,640,480,22,30.0,0.7333333333333333,132.49200439453125,0.0224609375,2297.578857421875,0.952456052973801,0.20804619789123535,11,False,data/local/local_citizen100_quality_audit_q82_cap14_exact/landmarks/HELP/915a1be8.v17.npz,965b94c9472c55f6862cf827bb96d1107c4c21cce74457c707e45e0d0de0f18a,,0.75,0.6494140625,0.46875,0.3671875,HELP,HELP|LOVE|MY|EASY|HOW,0.4275909662246704,HELP,HELP|LOVE|SCHOOL|STOP|WEEK,0.43645957112312317,quarantine_extraction_quality
HELP,HELP,D_01_042,canonical_and_pinned_raw_text_equal,local_hex_unknown_session,data/raw_videos/ASL VIDEOS/HELP/29c9e085.mp4,data/local/ASL_hand_crops_av/HELP_29c9e085.jpg,640,480,20,30.0,0.6666666666666666,135.68255615234375,0.01959228515625,2625.34912109375,0.9463540681788328,0.16318410634994507,14,False,data/local/local_citizen100_quality_audit_q82_cap14_exact/landmarks/HELP/29c9e085.v17.npz,fe292b382c4f28e41135787d015d949de537cdd7e45d7d3478bdc7ec608da8a6,,0.7894736842105263,0.72021484375,0.90625,0.90625,YEAR,YEAR|HELP|LOVE|LEARN|MAKE,0.15528757870197296,HELP,HELP|WRITE|YEAR|WEEK|LEARN,0.37195679545402527,quarantine_extraction_quality
HELP,HELP,D_01_042,canonical_and_pinned_raw_text_equal,local_numbered_single_session,data/raw_videos/ASL VIDEOS/HELP/HELP_15.mp4,data/local/ASL_hand_crops_av/HELP_HELP_15.jpg,640,480,68,30.0,2.2666666666666666,111.816162109375,0.0,5150.97998046875,0.9672126266283438,0.45487648248672485,2,False,data/local/local_citizen100_quality_audit_q82_cap14_exact/landmarks/HELP/HELP_15.v17.npz,b4b7ca7a83869116ac50e476751346692132389aa55b735099149f69bc1dd88c,,0.8846153846153846,0.73828125,0.0,0.8984375,EASY,EASY|HOW|HELP|HAVE|SICK,0.10756471753120422,HELP,HELP|EASY|LEARN|STOP|SICK,0.28796330094337463,quarantine_extraction_quality
HELP,HELP,D_01_042,canonical_and_pinned_raw_text_equal,local_hex_unknown_session,data/raw_videos/ASL VIDEOS/HELP/bdf2d0d0.mp4,data/local/ASL_hand_crops_av/HELP_bdf2d0d0.jpg,640,480,27,30.0,0.9,153.3609619140625,0.06646728515625,2477.625,0.9392588598040887,0.27892184257507324,7,False,data/local/local_citizen100_quality_audit_q82_cap14_exact/landmarks/HELP/bdf2d0d0.v17.npz,3e0ce5cda0539a64a9935d3e387cbe4451047210c9efafddca451f7c94163f5c,,0.8,0.69921875,0.46875,0.0,LEARN,LEARN|HOW|SICK|HELP|UNDERSTAND,0.07331325858831406,FEEL,FEEL|LEARN|HELP|YEAR|HOT,0.10730872303247452,quarantine_extraction_quality
HELP,HELP,D_01_042,canonical_and_pinned_raw_text_equal,local_hex_unknown_session,data/raw_videos/ASL VIDEOS/HELP/24611cae.mp4,data/local/ASL_hand_crops_av/HELP_24611cae.jpg,640,480,81,30.0,2.7,63.25933837890625,0.05230712890625,613.1593017578125,0.8365768909906851,0.36271464824676514,5,False,data/local/local_citizen100_quality_audit_q82_cap14_exact/landmarks/HELP/24611cae.v17.npz,a0027402df0228f161d2b4c6433762bec2927a4608cfd3b8e5075c2f4c3b4e77,,0.8888888888888888,0.875,0.0,0.0,EASY,EASY|SICK|HELP|GOOD|MORNING,0.07298742234706879,LEARN,LEARN|SICK|BAD|HAPPY|HOT,0.04511747881770134,quarantine_extraction_quality
HELP,HELP,D_01_042,canonical_and_pinned_raw_text_equal,local_hex_unknown_session,data/raw_videos/ASL VIDEOS/HELP/ebdb936a.mp4,data/local/ASL_hand_crops_av/HELP_ebdb936a.jpg,640,480,22,30.0,0.7333333333333333,120.35772705078125,0.0257568359375,1899.0748291015625,0.9506067747671129,0.21865421533584595,10,False,data/local/local_citizen100_quality_audit_q82_cap14_exact/landmarks/HELP/ebdb936a.v17.npz,b73b0e74a975199c21624a406a6f5756f582c9cb6c46b61a6ac621557921efed,,0.7894736842105263,0.6884765625,0.46875,0.1171875,LEARN,LEARN|COME|HOW|YEAR|FEEL,0.020165719091892242,FEEL,FEEL|HELP|YEAR|WRITE|GIVE,0.08900139480829239,quarantine_extraction_quality
IMPORTANT,IMPORTANT,B_01_081,canonical_and_pinned_raw_text_equal,local_hex_unknown_session,data/raw_videos/ASL VIDEOS/IMPORTANT/0c263fd0.mp4,data/local/ASL_hand_crops_av/IMPORTANT_0c263fd0.jpg,640,480,79,30.0,2.6333333333333333,60.73492431640625,0.0,765.16015625,0.8452775410644301,0.41588693857192993,3,False,data/local/local_citizen100_quality_audit_q82_cap14_exact/landmarks/IMPORTANT/0c263fd0.v17.npz,bd1508a6c976535ffffee234e87af13d06be88e3f27109d3f29caf2bc9035496,,0.6031746031746031,0.5625,0.875,0.0,IMPORTANT,IMPORTANT|READ|LANGUAGE|READY|FAMILY,0.523652195930481,IMPORTANT,IMPORTANT|SAME|FIND|YOUR|LANGUAGE,0.7427480220794678,quarantine_extraction_quality
IMPORTANT,IMPORTANT,B_01_081,canonical_and_pinned_raw_text_equal,local_numbered_single_session,data/raw_videos/ASL VIDEOS/IMPORTANT/IMPORTANT_2.mp4,data/local/ASL_hand_crops_av/IMPORTANT_IMPORTANT_2.jpg,640,480,75,30.0,2.5,129.9793701171875,0.0,1232.3111572265625,0.955651650914308,,1,False,data/local/local_citizen100_quality_audit_q82_cap14_exact/landmarks/IMPORTANT/IMPORTANT_2.v17.npz,29f572f35539ccc8b0c6be9846bcf1c068a500d271ca434314e4da28e8b0e116,,0.9344262295081968,0.8408203125,0.0,0.6875,IMPORTANT,IMPORTANT|TRY|LANGUAGE|READY|READ,0.7348232269287109,IMPORTANT,IMPORTANT|LANGUAGE|TRY|FAMILY|FIND,0.4610596001148224,quarantine_extraction_quality
KNOW,KNOW,C_01_048,canonical_and_pinned_raw_text_equal,local_hex_unknown_session,data/raw_videos/ASL VIDEOS/KNOW/0f86409e.mp4,data/local/ASL_hand_crops_av/KNOW_0f86409e.jpg,640,480,21,30.0,0.7,132.75543212890625,0.01220703125,5162.98046875,0.9520903899336772,0.3185895085334778,5,False,data/local/local_citizen100_quality_audit_q82_cap14_exact/landmarks/KNOW/0f86409e.v17.npz,020b9df44f7878afee52859717db06f6f099b8964e27c9221233ab4389e426af,,0.9,0.453125,0.46875,0.0,KNOW,KNOW|HELLO|WHY|MORNING|STOP,0.6246665120124817,KNOW,KNOW|WHY|HOME|MORNING|HELLO,0.9276316165924072,quarantine_extraction_quality
LANGUAGE,LANGUAGE,A_01_067,canonical_and_pinned_raw_text_equal,local_hex_unknown_session,data/raw_videos/ASL VIDEOS/LANGUAGE/2f6ba76a.mp4,data/local/ASL_hand_crops_av/LANGUAGE_2f6ba76a.jpg,640,480,19,30.0,0.6333333333333333,154.5076904296875,0.160888671875,1728.011962890625,0.8939558531060592,0.153983473777771,10,False,data/local/local_citizen100_quality_audit_q82_cap14_exact/landmarks/LANGUAGE/2f6ba76a.v17.npz,56c920f253f4c5e231be51d7e421b75678c82fd70b494aa3f85eab099df7931f,,0.75,0.6650390625,0.5625,0.03125,LANGUAGE,LANGUAGE|BIG|DIFFERENT|GO|NOW,0.3614095449447632,LANGUAGE,LANGUAGE|GO|BIG|TRY|WHAT,0.4929850995540619,quarantine_extraction_quality
LANGUAGE,LANGUAGE,A_01_067,canonical_and_pinned_raw_text_equal,local_hex_unknown_session,data/raw_videos/ASL VIDEOS/LANGUAGE/3c87c13d.mp4,data/local/ASL_hand_crops_av/LANGUAGE_3c87c13d.jpg,640,480,47,30.0,1.5666666666666667,67.25225830078125,0.0,94.32965850830078,0.8226092425169877,0.24774760007858276,6,False,data/local/local_citizen100_quality_audit_q82_cap14_exact/landmarks/LANGUAGE/3c87c13d.v17.npz,d4ca3feeb33188a51c1e61c4615dfae5515b98703606c1a03820ea02b654b812,,0.9047619047619048,0.853515625,0.40625,0.59375,LANGUAGE,LANGUAGE|GO|IMPORTANT|SAME|TALK,0.27517151832580566,LANGUAGE,LANGUAGE|GO|ANSWER|SAME|IMPORTANT,0.4702572524547577,quarantine_extraction_quality
LANGUAGE,LANGUAGE,A_01_067,canonical_and_pinned_raw_text_equal,local_hex_unknown_session,data/raw_videos/ASL VIDEOS/LANGUAGE/4e7f4d3b.mp4,data/local/ASL_hand_crops_av/LANGUAGE_4e7f4d3b.jpg,640,480,24,30.0,0.8,142.3045654296875,0.12274169921875,1883.01611328125,0.9285490416283672,0.13430017232894897,12,False,data/local/local_citizen100_quality_audit_q82_cap14_exact/landmarks/LANGUAGE/4e7f4d3b.v17.npz,c1801682b7d662bd404acedb65f29ef62a56f7ce120a33e8d022a6c793f0520d,,0.7894736842105263,0.7353515625,0.5,0.15625,DIFFERENT,DIFFERENT|LANGUAGE|GO|WRITE|WHERE,0.23447850346565247,LANGUAGE,LANGUAGE|DIFFERENT|WRITE|SMALL|COLD,0.19030994176864624,quarantine_extraction_quality
LANGUAGE,LANGUAGE,A_01_067,canonical_and_pinned_raw_text_equal,local_hex_unknown_session,data/raw_videos/ASL VIDEOS/LANGUAGE/cd2b6376.mp4,data/local/ASL_hand_crops_av/LANGUAGE_cd2b6376.jpg,640,480,25,30.0,0.8333333333333334,128.45233154296875,0.0247802734375,1419.43115234375,0.9606175836838344,,1,False,data/local/local_citizen100_quality_audit_q82_cap14_exact/landmarks/LANGUAGE/cd2b6376.v17.npz,1a4108b01fd026f8a9414d5b73612c8aaea1de8b11eeeff57b0dca7f4cba1b35,,0.7777777777777778,0.76953125,0.5,0.28125,DIFFERENT,DIFFERENT|BIG|LANGUAGE|GO|ANSWER,0.14692965149879456,DIFFERENT,DIFFERENT|LANGUAGE|GO|TRY|SMALL,0.1474296748638153,quarantine_extraction_quality
LEARN,LEARN,B_01_042,canonical_and_pinned_raw_text_equal,local_hex_unknown_session,data/raw_videos/ASL VIDEOS/LEARN/e77ffa4e.mp4,data/local/ASL_hand_crops_av/LEARN_e77ffa4e.jpg,640,480,68,30.0,2.2666666666666666,94.79766845703125,0.0,417.6357727050781,0.9355058879717248,0.34649908542633057,3,False,data/local/local_citizen100_quality_audit_q82_cap14_exact/landmarks/LEARN/e77ffa4e.v17.npz,29e31e7f0e9e50ac1626b812d8bd3d703a51f31582b4205fe158a6c438ed70d5,,0.4230769230769231,0.21875,0.78125,0.3984375,HOME,HOME|LEARN|KNOW|MAN|SLEEP,0.07627568393945694,MAN,MAN|LEARN|HOME|YESTERDAY|DAY,0.07538960874080658,quarantine_extraction_quality
LIKE,LIKE,F_03_063,canonical_and_pinned_raw_text_equal,local_hex_unknown_session,data/raw_videos/ASL VIDEOS/LIKE/76343bee.mp4,data/local/ASL_hand_crops_av/LIKE_76343bee.jpg,640,480,25,30.0,0.8333333333333334,137.6185302734375,0.02447509765625,3216.96826171875,0.9582121258593741,0.23311281204223633,9,False,data/local/local_citizen100_quality_audit_q82_cap14_exact/landmarks/LIKE/76343bee.v17.npz,a8dd288a763cb9ce66c22cb637b47769cfe7ec7b11d7407785f2d9b7f00b6817,,0.8095238095238095,0.40625,0.4375,0.3359375,LIKE,LIKE|FEEL|THEY|WEEK|NAME,0.8319488167762756,LIKE,LIKE|FEEL|WEEK|THEY|NAME,0.9342475533485413,quarantine_extraction_quality
LIKE,LIKE,F_03_063,canonical_and_pinned_raw_text_equal,local_hex_unknown_session,data/raw_videos/ASL VIDEOS/LIKE/3ed440fe.mp4,data/local/ASL_hand_crops_av/LIKE_3ed440fe.jpg,640,480,15,30.0,0.5,135.59991455078125,0.01129150390625,3557.47900390625,0.9332704230210986,0.26559484004974365,8,False,data/local/local_citizen100_quality_audit_q82_cap14_exact/landmarks/LIKE/3ed440fe.v17.npz,132b83bfe885dbb60dc6ae4000b25375d1128d4bae1e89ef4b96088d9ba0822c,,1.0,0.5,0.0,0.3125,NAME,NAME|LIKE|WEEK|EXCITED|MORNING,0.08904965966939926,LIKE,LIKE|NAME|SIGN|WHEN|WEEK,0.5091761946678162,quarantine_extraction_quality
LIKE,LIKE,F_03_063,canonical_and_pinned_raw_text_equal,local_numbered_single_session,data/raw_videos/ASL VIDEOS/LIKE/LIKE_3.mp4,data/local/ASL_hand_crops_av/LIKE_LIKE_3.jpg,640,480,47,30.0,1.5666666666666667,131.01055908203125,0.0,6702.068359375,0.9996804851393393,,1,False,data/local/local_citizen100_quality_audit_q82_cap14_exact/landmarks/LIKE/LIKE_3.v17.npz,32052093ea7cadee53ca1f8f871de660c7edca201a1df5d74370bde30d9f23e0,,1.0,0.497802734375,0.0,0.6640625,SCHOOL,SCHOOL|NAME|MORNING|EASY|LIKE,0.06424836069345474,LIKE,LIKE|WEEK|NAME|MORNING|BAD,0.5803608298301697,quarantine_extraction_quality
LIKE,LIKE,F_03_063,canonical_and_pinned_raw_text_equal,local_hex_unknown_session,data/raw_videos/ASL VIDEOS/LIKE/54711808.mp4,data/local/ASL_hand_crops_av/LIKE_54711808.jpg,640,480,19,30.0,0.6333333333333333,139.25738525390625,0.00531005859375,4478.51171875,0.9450960707879963,0.34394723176956177,4,False,data/local/local_citizen100_quality_audit_q82_cap14_exact/landmarks/LIKE/54711808.v17.npz,25339d6435b6fdcf252811ba83616137b5e30ab41f8fb09c563f3b33a1080b4d,,1.0,0.5,0.0,0.375,NAME,NAME|THEY|TIME|LIKE|USE,0.06943412870168686,TIME,TIME|USE|WEEK|THEY|LIKE,0.059869106858968735,quarantine_extraction_quality
LIKE,LIKE,F_03_063,canonical_and_pinned_raw_text_equal,local_hex_unknown_session,data/raw_videos/ASL VIDEOS/LIKE/fc319525.mp4,data/local/ASL_hand_crops_av/LIKE_fc319525.jpg,640,480,15,30.0,0.5,133.03656005859375,0.0006103515625,1776.783935546875,0.9368162875998436,0.19833052158355713,10,False,data/local/local_citizen100_quality_audit_q82_cap14_exact/landmarks/LIKE/fc319525.v17.npz,1b1c7bae581895ce6afb626f75bd3084ab4727e7b8a2fae4b1d9b73dfaa5811e,,1.0,0.49853515625,0.0,0.59375,NAME,NAME|READ|SAD|MORNING|LIKE,0.05094696953892708,LIKE,LIKE|WEEK|SEE|NAME|READ,0.6392814517021179,quarantine_extraction_quality
LIKE,LIKE,F_03_063,canonical_and_pinned_raw_text_equal,local_hex_unknown_session,data/raw_videos/ASL VIDEOS/LIKE/d8b98be9.mp4,data/local/ASL_hand_crops_av/LIKE_d8b98be9.jpg,640,480,24,30.0,0.8,135.05889892578125,0.003662109375,3177.212890625,0.961863999947883,0.18009978532791138,12,False,data/local/local_citizen100_quality_audit_q82_cap14_exact/landmarks/LIKE/d8b98be9.v17.npz,c8ed28667a577f0d468c400dc3ded3eff591a4f30406aeb811021f11f9ca6b83,,1.0,0.5,0.0,0.546875,ANGRY,ANGRY|EXCITED|READ|NAME|WANT,0.012607956305146217,LIKE,LIKE|READ|EXCITED|WHAT|FEEL,0.5037820935249329,quarantine_extraction_quality
LOVE,LOVE,G_01_068,canonical_and_pinned_raw_text_equal,local_hex_unknown_session,data/raw_videos/ASL VIDEOS/LOVE/023300d5.mp4,data/local/ASL_hand_crops_av/LOVE_023300d5.jpg,640,480,30,30.0,1.0,123.952392578125,0.0,188.18873596191406,0.9236852803216913,0.21260374784469604,8,False,data/local/local_citizen100_quality_audit_q82_cap14_exact/landmarks/LOVE/023300d5.v17.npz,a220c1eb1caf3e8472e6d974f72499c30c1c0dade3995ae291b9a47f4517d020,,0.9,0.8583984375,0.46875,0.046875,LOVE,LOVE|HOSPITAL|HELP|MAKE|YEAR,0.9065818190574646,LOVE,LOVE|HOSPITAL|HE|MAKE|MY,0.9367644786834717,quarantine_extraction_quality
LOVE,LOVE,G_01_068,canonical_and_pinned_raw_text_equal,local_hex_unknown_session,data/raw_videos/ASL VIDEOS/LOVE/45778722.mp4,data/local/ASL_hand_crops_av/LOVE_45778722.jpg,640,480,22,30.0,0.7333333333333333,132.19818115234375,0.0037841796875,3841.88818359375,0.9571851303398303,0.2172701358795166,7,False,data/local/local_citizen100_quality_audit_q82_cap14_exact/landmarks/LOVE/45778722.v17.npz,1c62de976d036f1ca2b419f2b8a4b1aea78f5f63c06529a5f9f5f3cb5bd3b5a9,,0.7777777777777778,0.6875,0.5,0.5,LOVE,LOVE|MAKE|YEAR|HOSPITAL|EAT,0.9014085531234741,LOVE,LOVE|MAKE|HOSPITAL|MORNING|HE,0.9308362603187561,quarantine_extraction_quality
LOVE,LOVE,G_01_068,canonical_and_pinned_raw_text_equal,local_hex_unknown_session,data/raw_videos/ASL VIDEOS/LOVE/d6d891fa.mp4,data/local/ASL_hand_crops_av/LOVE_d6d891fa.jpg,640,480,29,30.0,0.9666666666666667,133.139404296875,0.0,130.49258422851562,0.900669644652427,0.1812085509300232,10,False,data/local/local_citizen100_quality_audit_q82_cap14_exact/landmarks/LOVE/d6d891fa.v17.npz,e68f643874f42d1ace95ac35e17a8e8aceb45ca7fdf508eb741d90e5c055c052,,0.7777777777777778,0.76318359375,0.5,0.390625,LOVE,LOVE|MAKE|HOSPITAL|YEAR|HELP,0.8971030712127686,LOVE,LOVE|HOSPITAL|MAKE|HE|MORNING,0.9399490356445312,quarantine_extraction_quality
LOVE,LOVE,G_01_068,canonical_and_pinned_raw_text_equal,local_hex_unknown_session,data/raw_videos/ASL VIDEOS/LOVE/bbaf0141.mp4,data/local/ASL_hand_crops_av/LOVE_bbaf0141.jpg,640,480,20,30.0,0.6666666666666666,138.1591796875,0.00299072265625,3895.2470703125,0.9492679595482995,0.12216770648956299,13,False,data/local/local_citizen100_quality_audit_q82_cap14_exact/landmarks/LOVE/bbaf0141.v17.npz,e1765a1cd01174c9c28691e846511f225468f7ec7ee4bfd26bd6fa5c6cfac1df,,0.6923076923076923,0.66943359375,0.6875,0.6875,LOVE,LOVE|MAKE|HOSPITAL|SORRY|YEAR,0.8818569779396057,LOVE,LOVE|HE|SORRY|EAT|HOSPITAL,0.9391990900039673,quarantine_extraction_quality
LOVE,LOVE,G_01_068,canonical_and_pinned_raw_text_equal,local_hex_unknown_session,data/raw_videos/ASL VIDEOS/LOVE/de7ca5e9.mp4,data/local/ASL_hand_crops_av/LOVE_de7ca5e9.jpg,640,480,30,30.0,1.0,146.828125,0.0,163.91046142578125,0.9067766656449434,0.158469557762146,11,False,data/local/local_citizen100_quality_audit_q82_cap14_exact/landmarks/LOVE/de7ca5e9.v17.npz,f707fe54bc61a012c8e2cb5e2dee522db1814aef044791430d25f6239d98eb95,,0.8571428571428571,0.7958984375,0.4375,0.03125,LOVE,LOVE|MAKE|HOSPITAL|YEAR|MY,0.8800177574157715,LOVE,LOVE|MAKE|HOSPITAL|HE|MY,0.9445796608924866,quarantine_extraction_quality
LOVE,LOVE,G_01_068,canonical_and_pinned_raw_text_equal,local_hex_unknown_session,data/raw_videos/ASL VIDEOS/LOVE/cf57962c.mp4,data/local/ASL_hand_crops_av/LOVE_cf57962c.jpg,640,480,22,30.0,0.7333333333333333,140.0400390625,0.00811767578125,3914.213134765625,0.9526364855236132,0.3265976905822754,4,False,data/local/local_citizen100_quality_audit_q82_cap14_exact/landmarks/LOVE/cf57962c.v17.npz,3e5b59a61cfbd428a9119870af748ca5ad1bac23f48661864de10e53e4fced03,,0.7368421052631579,0.66162109375,0.46875,0.2421875,LOVE,LOVE|MAKE|YEAR|EAT|HOSPITAL,0.8443498611450195,LOVE,LOVE|MAKE|MORNING|HOSPITAL|EAT,0.9390265941619873,quarantine_extraction_quality
LOVE,LOVE,G_01_068,canonical_and_pinned_raw_text_equal,local_hex_unknown_session,data/raw_videos/ASL VIDEOS/LOVE/dd59f8de.mp4,data/local/ASL_hand_crops_av/LOVE_dd59f8de.jpg,640,480,20,30.0,0.6666666666666666,135.09698486328125,0.01666259765625,3595.38232421875,0.9473160329703235,0.2975689768791199,5,False,data/local/local_citizen100_quality_audit_q82_cap14_exact/landmarks/LOVE/dd59f8de.v17.npz,d029e557955636232c9a74972e4b96795201e973c30b4589cbefec54e340572e,,0.7333333333333333,0.6708984375,0.625,0.34375,LOVE,LOVE|HOSPITAL|MAKE|WORK|YEAR,0.8428375720977783,LOVE,LOVE|HOSPITAL|HE|MAKE|MY,0.9192895293235779,quarantine_extraction_quality
LOVE,LOVE,G_01_068,canonical_and_pinned_raw_text_equal,local_hex_unknown_session,data/raw_videos/ASL VIDEOS/LOVE/6ac4d71c.mp4,data/local/ASL_hand_crops_av/LOVE_6ac4d71c.jpg,640,480,21,30.0,0.7,139.80694580078125,0.00250244140625,4483.11767578125,0.9513122006932353,0.18301355838775635,9,False,data/local/local_citizen100_quality_audit_q82_cap14_exact/landmarks/LOVE/6ac4d71c.v17.npz,b65157ce8eff96f2f9b12b66143b30dbbbc20ea8efe1f74da89d34dda0a04841,,0.7333333333333333,0.68359375,0.625,0.484375,LOVE,LOVE|HOSPITAL|MAKE|WORK|YEAR,0.7668583393096924,LOVE,LOVE|HOSPITAL|HE|MAKE|MOTHER,0.9109538793563843,quarantine_extraction_quality
LOVE,LOVE,G_01_068,canonical_and_pinned_raw_text_equal,local_hex_unknown_session,data/raw_videos/ASL VIDEOS/LOVE/ca65135d.mp4,data/local/ASL_hand_crops_av/LOVE_ca65135d.jpg,640,480,20,30.0,0.6666666666666666,128.05084228515625,0.00103759765625,2652.65478515625,0.9525903554429659,0.2867772579193115,6,False,data/local/local_citizen100_quality_audit_q82_cap14_exact/landmarks/LOVE/ca65135d.v17.npz,b331f16a58266bac54b144eb36d741ea864cb5509f35e96c79180caef0cf43ef,,0.75,0.58642578125,0.5625,0.0,LOVE,LOVE|HOSPITAL|THEY|MY|MAKE,0.6968418955802917,LOVE,LOVE|HE|HOSPITAL|SORRY|THEY,0.6259358525276184,quarantine_extraction_quality
LOVE,LOVE,G_01_068,canonical_and_pinned_raw_text_equal,local_hex_unknown_session,data/raw_videos/ASL VIDEOS/LOVE/b78b6425.mp4,data/local/ASL_hand_crops_av/LOVE_b78b6425.jpg,640,480,24,30.0,0.8,131.04248046875,0.00653076171875,3799.655029296875,0.9622636584976597,0.11932027339935303,12,False,data/local/local_citizen100_quality_audit_q82_cap14_exact/landmarks/LOVE/b78b6425.v17.npz,ca66920e7450cd8e4462891d45c317fce4b9bc1c419e5fe48a171e30e2ad253e,,0.7894736842105263,0.62939453125,0.46875,0.0,LOVE,LOVE|HOSPITAL|EAT|THEY|TELL,0.5558031797409058,LOVE,LOVE|HOSPITAL|MAKE|SORRY|HE,0.7788608074188232,quarantine_extraction_quality
LOVE,LOVE,G_01_068,canonical_and_pinned_raw_text_equal,local_numbered_single_session,data/raw_videos/ASL VIDEOS/LOVE/LOVE_8.mp4,data/local/ASL_hand_crops_av/LOVE_LOVE_8.jpg,640,480,60,30.0,2.0,153.95477294921875,0.0,4642.66357421875,0.9723821172677918,,1,False,data/local/local_citizen100_quality_audit_q82_cap14_exact/landmarks/LOVE/LOVE_8.v17.npz,4458a258304a80c7393db484df4fd3c856a3e2fb2919523f8ea8bf3c04a90d7c,,0.9069767441860465,0.833984375,0.0,0.703125,LOVE,LOVE|MAKE|HOW|HELP|YEAR,0.43312135338783264,LOVE,LOVE|MORNING|HOW|MAKE|EAT,0.6882913112640381,quarantine_extraction_quality
MAKE,MAKE,C_01_032,canonical_and_pinned_raw_text_equal,local_hex_unknown_session,data/raw_videos/ASL VIDEOS/MAKE/a8e51766.mp4,,640,480,28,30.0,0.9333333333333333,91.8753662109375,0.0008544921875,684.31201171875,0.9405215153899891,0.10970759391784668,12,False,data/local/local_citizen100_quality_audit_q82_cap14_exact/landmarks/MAKE/a8e51766.v17.npz,849bf1004809aca32759ccbe13fe2ebb4f228944da051cf63ad93ae17d803733,,0.8181818181818182,0.76123046875,0.40625,0.2109375,YEAR,YEAR|MAKE|NAME|THEY|GIVE,0.3181680738925934,YEAR,YEAR|MAKE|USE|NAME|GIVE,0.24789412319660187,quarantine_extraction_quality
MAKE,MAKE,C_01_032,canonical_and_pinned_raw_text_equal,local_hex_unknown_session,data/raw_videos/ASL VIDEOS/MAKE/ac891966.mp4,,640,480,24,30.0,0.8,95.303466796875,0.000732421875,651.3226318359375,0.9360610876784542,0.15587759017944336,8,False,data/local/local_citizen100_quality_audit_q82_cap14_exact/landmarks/MAKE/ac891966.v17.npz,8d729dd4ddf7fe6da7e6f98ace1fefcfa9444ca75af7bae322f3fcfdb3f81352,,0.7647058823529411,0.7021484375,0.5625,0.0625,MAKE,MAKE|LOVE|YEAR|HOW|TELL,0.21934783458709717,MAKE,MAKE|YEAR|TELL|LOVE|GIVE,0.27743417024612427,quarantine_extraction_quality
MAKE,MAKE,C_01_032,canonical_and_pinned_raw_text_equal,local_hex_unknown_session,data/raw_videos/ASL VIDEOS/MAKE/adfcd4f3.mp4,,640,480,27,30.0,0.9,100.36541748046875,0.01025390625,513.6035766601562,0.9492897112494916,0.2359786033630371,4,False,data/local/local_citizen100_quality_audit_q82_cap14_exact/landmarks/MAKE/adfcd4f3.v17.npz,be7d0ce25d53fdf43c18eec053d34b1aeb398007c69144ff96157dfd6d4e1939,,0.64,0.63818359375,1.0,0.921875,YEAR,YEAR|DAY|THEY|SICK|LEARN,0.003392261452972889,YEAR,YEAR|DAY|SCHOOL|HELP|NIGHT,0.010737941600382328,quarantine_extraction_quality
MAKE,MAKE,C_01_032,canonical_and_pinned_raw_text_equal,local_hex_unknown_session,data/raw_videos/ASL VIDEOS/MAKE/33a65808.mp4,,640,480,23,30.0,0.7666666666666667,90.0582275390625,0.00201416015625,528.7324829101562,0.9241266947510616,0.20512855052947998,5,False,data/local/local_citizen100_quality_audit_q82_cap14_exact/landmarks/MAKE/33a65808.v17.npz,e2697d2ed6c6b3acee8eadcaf89bcd4e9df964f5e826a0c712f7ed88e8996825,,0.6666666666666666,0.74267578125,0.4375,0.15625,DAY,DAY|MORNING|COME|LEARN|SICK,0.0018512251554057002,DAY,DAY|MORNING|YEAR|THINK|LOVE,0.012494876980781555,quarantine_extraction_quality
MAKE,MAKE,C_01_032,canonical_and_pinned_raw_text_equal,local_hex_unknown_session,data/raw_videos/ASL VIDEOS/MAKE/592b4835.mp4,,640,480,27,30.0,0.9,84.73004150390625,0.0042724609375,460.75042724609375,0.9196303687472167,0.11469954252243042,13,False,data/local/local_citizen100_quality_audit_q82_cap14_exact/landmarks/MAKE/592b4835.v17.npz,21736c184af6f3bc4f6b2e31f58ecdd73abc848a27e066771c51f239c834642f,,0.6818181818181818,0.65185546875,0.40625,0.2265625,LEARN,LEARN|SICK|YEAR|GIVE|THINK,0.0013776072300970554,YEAR,YEAR|DAY|USE|HELP|LEARN,0.010505948215723038,quarantine_extraction_quality
MAN,MAN,C_01_040,canonical_and_pinned_raw_text_equal,local_hex_unknown_session,data/raw_videos/ASL VIDEOS/MAN/9bd0f908.mp4,data/local/ASL_hand_crops_av/MAN_9bd0f908.jpg,640,480,57,30.0,1.9,74.76202392578125,0.0,509.2647705078125,0.9271419087749352,,1,False,data/local/local_citizen100_quality_audit_q82_cap14_exact/landmarks/MAN/9bd0f908.v17.npz,a9ff5e75c33034eb34c8dc7f33474281ce3d95d23e7e36d0b5f75b72603ac6f6,,0.7872340425531915,0.28955078125,0.84375,0.0,MAN,MAN|HOSPITAL|TAKE|LISTEN|ASK,0.5680093765258789,MAN,MAN|FATHER|TAKE|YESTERDAY|ASK,0.500745952129364,quarantine_extraction_quality
MAYBE,MAYBE,B_03_022,canonical_and_pinned_raw_text_equal,local_hex_unknown_session,data/raw_videos/ASL VIDEOS/MAYBE/28554f8b.mp4,data/local/ASL_hand_crops_av/MAYBE_28554f8b.jpg,640,480,60,30.0,2.0,61.79791259765625,0.218994140625,280.10296630859375,0.8279692792782167,0.12067657709121704,11,False,data/local/local_citizen100_quality_audit_q82_cap14_exact/landmarks/MAYBE/28554f8b.v17.npz,3a94b929cf43c01263eb8a82dff3ad5dc9fd3a02cd24546eb06528d14d6dcba7,,0.95,0.880859375,0.0,0.5,MAYBE,MAYBE|STOP|DOCTOR|EXCITED|GIVE,0.7158689498901367,MAYBE,MAYBE|EXCITED|EASY|DOCTOR|WHAT,0.8754783868789673,quarantine_extraction_quality
MAYBE,MAYBE,B_03_022,canonical_and_pinned_raw_text_equal,local_hex_unknown_session,data/raw_videos/ASL VIDEOS/MAYBE/0416d58e.mp4,data/local/ASL_hand_crops_av/MAYBE_0416d58e.jpg,640,480,57,30.0,1.9,68.59686279296875,0.2330322265625,300.61651611328125,0.8456421159396726,0.38579636812210083,3,False,data/local/local_citizen100_quality_audit_q82_cap14_exact/landmarks/MAYBE/0416d58e.v17.npz,feb0d2810ef5d823621971fa3e0d8f102887442e1cc8b642ed1f54d48e31e031,,0.9473684210526315,0.8583984375,0.0,0.65625,MAYBE,MAYBE|HAVE|EXCITED|ANGRY|WHAT,0.7028748989105225,MAYBE,MAYBE|EXCITED|NOW|WHAT|BIG,0.7535988688468933,quarantine_extraction_quality
MAYBE,MAYBE,B_03_022,canonical_and_pinned_raw_text_equal,local_hex_unknown_session,data/raw_videos/ASL VIDEOS/MAYBE/4974b158.mp4,data/local/ASL_hand_crops_av/MAYBE_4974b158.jpg,640,480,44,30.0,1.4666666666666666,106.0904541015625,0.0,97.84233093261719,0.8945751370277254,0.10071402788162231,12,False,data/local/local_citizen100_quality_audit_q82_cap14_exact/landmarks/MAYBE/4974b158.v17.npz,266b107b1f52b572079ca21d7e18fb811df8e59e3a141f2fcda1a842a3fce3b3,,0.9487179487179487,0.86962890625,0.0,0.4375,MAYBE,MAYBE|DOCTOR|EXCITED|EASY|WANT,0.5320514440536499,MAYBE,MAYBE|EASY|EXCITED|WAIT|DOCTOR,0.4851452708244324,quarantine_extraction_quality
MAYBE,MAYBE,B_03_022,canonical_and_pinned_raw_text_equal,local_hex_unknown_session,data/raw_videos/ASL VIDEOS/MAYBE/30135481.mp4,data/local/ASL_hand_crops_av/MAYBE_30135481.jpg,640,480,46,30.0,1.5333333333333334,110.12066650390625,0.0,175.10888671875,0.932162983260417,,1,False,data/local/local_citizen100_quality_audit_q82_cap14_exact/landmarks/MAYBE/30135481.v17.npz,f48746d8f68b645be164feac228cf5301ad42cac483ba0d54d8754a3c1cc74dc,,0.9111111111111111,0.8125,0.0,0.5625,MAYBE,MAYBE|DOCTOR|TRY|HAVE|TIRED,0.39293742179870605,MAYBE,MAYBE|WHAT|EXCITED|WANT|CHILD,0.8859186768531799,quarantine_extraction_quality
MAYBE,MAYBE,B_03_022,canonical_and_pinned_raw_text_equal,local_hex_unknown_session,data/raw_videos/ASL VIDEOS/MAYBE/441b9898.mp4,data/local/ASL_hand_crops_av/MAYBE_441b9898.jpg,640,480,38,30.0,1.2666666666666666,121.72357177734375,0.0,165.03668212890625,0.929990232065641,0.15738576650619507,6,False,data/local/local_citizen100_quality_audit_q82_cap14_exact/landmarks/MAYBE/441b9898.v17.npz,298b77dbedf3d74df6ec1d925739c83acc235a9da77294df9dd347f690f8ce77,,0.9473684210526315,0.775390625,0.4375,0.3359375,WAIT,WAIT|MAYBE|WANT|DOCTOR|EASY,0.17736299335956573,WAIT,WAIT|MAYBE|WANT|EXCITED|GIVE,0.22853970527648926,quarantine_extraction_quality
MAYBE,MAYBE,B_03_022,canonical_and_pinned_raw_text_equal,local_hex_unknown_session,data/raw_videos/ASL VIDEOS/MAYBE/0a4ebdb1.mp4,data/local/ASL_hand_crops_av/MAYBE_0a4ebdb1.jpg,640,480,37,30.0,1.2333333333333334,80.17999267578125,0.0,97.69732666015625,0.84445064581253,0.22368460893630981,5,False,data/local/local_citizen100_quality_audit_q82_cap14_exact/landmarks/MAYBE/0a4ebdb1.v17.npz,a7565bb9225f293dab5795a7d20cccfef514648cc273754faa35ff55bbf675c6,,0.918918918918919,0.818359375,0.4375,0.609375,WAIT,WAIT|EASY|MAYBE|GOOD|STOP,0.0859944149851799,WAIT,WAIT|EASY|MAYBE|THANKYOU|EXCITED,0.10486353188753128,quarantine_extraction_quality
MAYBE,MAYBE,B_03_022,canonical_and_pinned_raw_text_equal,local_hex_unknown_session,data/raw_videos/ASL VIDEOS/MAYBE/b46eb625.mp4,data/local/ASL_hand_crops_av/MAYBE_b46eb625.jpg,640,480,56,30.0,1.8666666666666667,72.9346923828125,0.0,821.9881591796875,0.9243182168087472,0.21340733766555786,4,False,data/local/local_citizen100_quality_audit_q82_cap14_exact/landmarks/MAYBE/b46eb625.v17.npz,fdf7139b12af5f843a96ab6c7b96af585efbaf0d34ff9c8fcc429ef578f0664e,,0.6,0.56982421875,0.6875,0.0,LANGUAGE,LANGUAGE|SAME|IMPORTANT|EXCITED|READ,0.025686776265501976,WHAT,WHAT|SAME|MAYBE|IMPORTANT|READ,0.10677807033061981,quarantine_extraction_quality
MAYBE,MAYBE,B_03_022,canonical_and_pinned_raw_text_equal,local_hex_unknown_session,data/raw_videos/ASL VIDEOS/MAYBE/8ce7f2b4.mp4,data/local/ASL_hand_crops_av/MAYBE_8ce7f2b4.jpg,640,480,40,30.0,1.3333333333333333,104.6297607421875,0.0,172.71279907226562,0.9213436516598377,0.09136223793029785,13,False,data/local/local_citizen100_quality_audit_q82_cap14_exact/landmarks/MAYBE/8ce7f2b4.v17.npz,e0c84f31df1894374a5d7e8162980ae297b4e17c0371504a5120ff875e0a964a,,0.925,0.7783203125,0.0,0.0234375,HELP,HELP|EASY|COME|SICK|STOP,0.00915380660444498,SICK,SICK|EXCITED|HELP|HAVE|HAPPY,0.018817570060491562,quarantine_extraction_quality
MAYBE,MAYBE,B_03_022,canonical_and_pinned_raw_text_equal,local_hex_unknown_session,data/raw_videos/ASL VIDEOS/MAYBE/eea67d8f.mp4,data/local/ASL_hand_crops_av/MAYBE_eea67d8f.jpg,640,480,44,30.0,1.4666666666666666,112.18096923828125,0.0,141.63157653808594,0.9213358934230459,0.12277597188949585,8,False,data/local/local_citizen100_quality_audit_q82_cap14_exact/landmarks/MAYBE/eea67d8f.v17.npz,ece43197fe434c2d793df0eb637bf2f70e9aa963260b7bb244e13f06c67fa42c,,0.9545454545454546,0.89306640625,0.0,0.0,EXCITED,EXCITED|DOCTOR|MAYBE|NAME|EASY,0.033895742148160934,EXCITED,EXCITED|SIGN|HAPPY|HAVE|READ,0.004152419976890087,quarantine_extraction_quality
MORE,MORE,B_03_032,canonical_and_pinned_raw_text_equal,local_hex_unknown_session,data/raw_videos/ASL VIDEOS/MORE/b8f257c8.mp4,data/local/ASL_hand_crops_av/MORE_b8f257c8.jpg,640,480,28,30.0,0.9333333333333333,104.98565673828125,0.0,142.72994995117188,0.8898127449829956,0.34101617336273193,4,False,data/local/local_citizen100_quality_audit_q82_cap14_exact/landmarks/MORE/b8f257c8.v17.npz,4d3ffc3cb1ca7d8c9d69943e5303974ec727e0930cba1712a1f164e1061a83e1,,0.88,0.81640625,0.0,0.28125,DOCTOR,DOCTOR|MORE|COLD|SIGN|TIRED,0.22397223114967346,MORE,MORE|COLD|HOME|GIVE|MORNING,0.7292565107345581,quarantine_extraction_quality
MORNING,MORNING,C_02_012,canonical_and_pinned_raw_text_equal,local_hex_unknown_session,data/raw_videos/ASL VIDEOS/MORNING/20266e82.mp4,data/local/ASL_hand_crops_av/MORNING_20266e82.jpg,640,480,21,30.0,0.7,144.929931640625,0.03997802734375,932.1582641601562,0.9382631444948661,0.14705991744995117,11,False,data/local/local_citizen100_quality_audit_q82_cap14_exact/landmarks/MORNING/20266e82.v17.npz,86c138ccd7c800b8146ea04e06b024151bb654926d72c91f7d457c5038aed155,,0.75,0.71728515625,0.5625,0.4375,MORNING,MORNING|SICK|LEARN|SAD|STOP,0.9582324028015137,MORNING,MORNING|SICK|UNDERSTAND|COME|EAT,0.9346411228179932,quarantine_extraction_quality
MORNING,MORNING,C_02_012,canonical_and_pinned_raw_text_equal,local_hex_unknown_session,data/raw_videos/ASL VIDEOS/MORNING/d6b9ada8.mp4,data/local/ASL_hand_crops_av/MORNING_d6b9ada8.jpg,640,480,21,30.0,0.7,136.86761474609375,0.0455322265625,1163.57470703125,0.9423070678891368,0.2585514187812805,6,False,data/local/local_citizen100_quality_audit_q82_cap14_exact/landmarks/MORNING/d6b9ada8.v17.npz,b104cf80aee7aaa5c4f6602d9911f52a11a56e0dad2bdd04d816ed33ffe3fe44,,0.8947368421052632,0.72314453125,0.46875,0.3515625,MORNING,MORNING|DAY|LOVE|STOP|LEARN,0.9116770029067993,MORNING,MORNING|STOP|LOVE|DAY|USE,0.9497133493423462,quarantine_extraction_quality
MORNING,MORNING,C_02_012,canonical_and_pinned_raw_text_equal,local_hex_unknown_session,data/raw_videos/ASL VIDEOS/MORNING/6bdad100.mp4,data/local/ASL_hand_crops_av/MORNING_6bdad100.jpg,640,480,24,30.0,0.8,147.0302734375,0.021240234375,818.3031616210938,0.9492164843243741,0.19862771034240723,7,False,data/local/local_citizen100_quality_audit_q82_cap14_exact/landmarks/MORNING/6bdad100.v17.npz,daa77037467d9033b8cb1cecf51c89f133edf49120baf3030f4d662aa502dbfa,,0.782608695652174,0.728515625,0.375,0.2890625,MORNING,MORNING|SICK|STOP|LEARN|SAD,0.7227562069892883,MORNING,MORNING|SICK|LEARN|EASY|UNDERSTAND,0.8770684599876404,quarantine_extraction_quality
MORNING,MORNING,C_02_012,canonical_and_pinned_raw_text_equal,local_hex_unknown_session,data/raw_videos/ASL VIDEOS/MORNING/7ada2f2e.mp4,data/local/ASL_hand_crops_av/MORNING_7ada2f2e.jpg,640,480,34,30.0,1.1333333333333333,146.261474609375,0.05511474609375,1246.683349609375,0.9646507936515945,0.1331576108932495,12,False,data/local/local_citizen100_quality_audit_q82_cap14_exact/landmarks/MORNING/7ada2f2e.v17.npz,321e8a633a7b8c964369fb697cd15c96dda3b946a6831f15c2bfce90587f5de8,,0.8333333333333334,0.7900390625,0.375,0.296875,MORNING,MORNING|SICK|SAD|KNOW|UNDERSTAND,0.460534930229187,MORNING,MORNING|SICK|KNOW|UNDERSTAND|SAD,0.8616490960121155,quarantine_extraction_quality
MY,MY,C_01_060,canonical_and_pinned_raw_text_equal,local_hex_unknown_session,data/raw_videos/ASL VIDEOS/MY/3415c765.mp4,data/local/ASL_hand_crops_av/MY_3415c765.jpg,640,480,39,30.0,1.3,86.63775634765625,0.03485107421875,3436.27490234375,0.9441421468741101,0.4985765218734741,2,False,data/local/local_citizen100_quality_audit_q82_cap14_exact/landmarks/MY/3415c765.v17.npz,6db46d273c294ca3e018e0486fbfd61e62fc0c0f52c13f4fb38f1a2ec8e1ad6c,,0.75,0.38623046875,0.46875,0.3515625,MY,MY|PLEASE|HAPPY|THANKYOU|LIKE,0.8353432416915894,MY,MY|PLEASE|LIKE|HAPPY|WOMAN,0.8945280909538269,quarantine_extraction_quality
MY,MY,C_01_060,canonical_and_pinned_raw_text_equal,local_hex_unknown_session,data/raw_videos/ASL VIDEOS/MY/a959088f.mp4,data/local/ASL_hand_crops_av/MY_a959088f.jpg,640,480,18,30.0,0.6,115.15869140625,0.0,220.92799377441406,0.8965192509345277,0.21376490592956543,9,False,data/local/local_citizen100_quality_audit_q82_cap14_exact/landmarks/MY/a959088f.v17.npz,0436f06934ef4f9941e43b2307e81da7efe2a390ceaf1170b40696ff307605c0,,0.7777777777777778,0.40625,0.125,0.0625,MY,MY|HAPPY|PLEASE|HAVE|EASY,0.7528442740440369,MY,MY|PLEASE|NIGHT|HAPPY|GOODBYE,0.6045131087303162,quarantine_extraction_quality
MY,MY,C_01_060,canonical_and_pinned_raw_text_equal,local_hex_unknown_session,data/raw_videos/ASL VIDEOS/MY/4074bea9.mp4,data/local/ASL_hand_crops_av/MY_4074bea9.jpg,640,480,26,30.0,0.8666666666666667,120.95892333984375,0.0765380859375,1914.5621337890625,0.9490132493403027,0.14009881019592285,14,False,data/local/local_citizen100_quality_audit_q82_cap14_exact/landmarks/MY/4074bea9.v17.npz,e9c3d79fda5fe09e09c457599f9c79944ea4a630acd732f5b2b0bf83f4266668,,0.76,0.361572265625,0.6875,0.53125,MY,MY|PLEASE|HAPPY|HUNGRY|HAVE,0.5812891125679016,MY,MY|PLEASE|LIKE|OUR|WOMAN,0.9348497986793518,quarantine_extraction_quality
MY,MY,C_01_060,canonical_and_pinned_raw_text_equal,local_hex_unknown_session,data/raw_videos/ASL VIDEOS/MY/e5346369.mp4,data/local/ASL_hand_crops_av/MY_e5346369.jpg,640,480,22,30.0,0.7333333333333333,123.2529296875,0.0,144.28622436523438,0.8882988218864635,0.3278200030326843,5,False,data/local/local_citizen100_quality_audit_q82_cap14_exact/landmarks/MY/e5346369.v17.npz,1cd0bf6b6dd92a612f1e7e054f8fd6b8e7ae2c6de5b61134ac64457769258f3d,,0.8181818181818182,0.421875,0.0,0.09375,EASY,EASY|MY|HOW|MORNING|HAVE,0.15295611321926117,MY,MY|BAD|GOODBYE|EASY|THANKYOU,0.3302995264530182,quarantine_extraction_quality
MY,MY,C_01_060,canonical_and_pinned_raw_text_equal,local_hex_unknown_session,data/raw_videos/ASL VIDEOS/MY/b53359e6.mp4,data/local/ASL_hand_crops_av/MY_b53359e6.jpg,640,480,21,30.0,0.7,116.95123291015625,0.0,189.15321350097656,0.8978584600528241,0.18180298805236816,11,False,data/local/local_citizen100_quality_audit_q82_cap14_exact/landmarks/MY/b53359e6.v17.npz,09fc409cf34c9a96f8a82ee739ca0af73c340473f472558fc0423edf3d186132,,0.75,0.390625,0.0,0.0,MORNING,MORNING|MY|SCHOOL|HOSPITAL|STOP,0.06085234880447388,MORNING,MORNING|SCHOOL|BAD|WEEK|STOP,0.027389101684093475,quarantine_extraction_quality
NAME,NAME,D_01_021,canonical_and_pinned_raw_text_equal,local_hex_unknown_session,data/raw_videos/ASL VIDEOS/NAME/bfa7ecbd.mp4,data/local/ASL_hand_crops_av/NAME_bfa7ecbd.jpg,640,480,24,30.0,0.8,102.15264892578125,0.080322265625,1676.81005859375,0.9276650585919671,0.14720815420150757,13,False,data/local/local_citizen100_quality_audit_q82_cap14_exact/landmarks/NAME/bfa7ecbd.v17.npz,8b4d95069c9cd37dfe5326a1ed66409d6ff14b7153a6d36967c6973929950c3f,,1.0,1.0,0.0,0.546875,NAME,NAME|READ|USE|WHEN|READY,0.8602535724639893,NAME,NAME|USE|ANGRY|READ|READY,0.8388500809669495,quarantine_extraction_quality
NAME,NAME,D_01_021,canonical_and_pinned_raw_text_equal,local_hex_unknown_session,data/raw_videos/ASL VIDEOS/NAME/7c0d67d2.mp4,data/local/ASL_hand_crops_av/NAME_7c0d67d2.jpg,640,480,26,30.0,0.8666666666666667,57.71435546875,0.026123046875,712.7244873046875,0.8602510537127968,0.24311041831970215,10,False,data/local/local_citizen100_quality_audit_q82_cap14_exact/landmarks/NAME/7c0d67d2.v17.npz,19757bf5361723ad035758a6b393bf1c5f3c644b14534272a4e60b610322911f,,0.7619047619047619,0.79248046875,0.84375,0.234375,NAME,NAME|READ|EXCITED|USE|SICK,0.7877814173698425,NAME,NAME|READ|ANGRY|LIKE|SLEEP,0.8715423345565796,quarantine_extraction_quality
NEED,NEED,C_02_034,canonical_and_pinned_raw_text_equal,local_numbered_single_session,data/raw_videos/ASL VIDEOS/NEED/NEED_1.mp4,data/local/ASL_hand_crops_av/NEED_NEED_1.jpg,640,480,46,30.0,1.5333333333333334,114.96514892578125,0.0,6866.45263671875,0.9950632920413647,,1,False,data/local/local_citizen100_quality_audit_q82_cap14_exact/landmarks/NEED/NEED_1.v17.npz,26d9c39176340a304a3def0b8b3f8510b4b9bf9ad2d23c14dd620526ee9735f9,,1.0,0.4873046875,0.0,0.65625,SIGN,SIGN|GO|COLD|TRY|NEED,0.03839356452226639,NEED,NEED|ASK|GO|YOU|ANSWER,0.49363255500793457,quarantine_extraction_quality
NO,NO,C_03_041,canonical_and_pinned_raw_text_equal,local_hex_unknown_session,data/raw_videos/ASL VIDEOS/NO/6f816887.mp4,data/local/ASL_hand_crops_av/NO_6f816887.jpg,640,480,34,30.0,1.1333333333333333,100.36431884765625,0.00579833984375,3054.17041015625,0.9653812467949228,0.20047080516815186,9,False,data/local/local_citizen100_quality_audit_q82_cap14_exact/landmarks/NO/6f816887.v17.npz,2da7695ed21df7a48946c5df6637b1c976ec162df31065eaff1c6527cff14890,,1.0,0.5,0.0,0.015625,USE,USE|READY|HOSPITAL|LISTEN|ANSWER,0.015363202430307865,USE,USE|HOSPITAL|READY|LISTEN|NO,0.040061891078948975,quarantine_extraction_quality
NOW,NOW,C_03_062,canonical_and_pinned_raw_text_equal,local_hex_unknown_session,data/raw_videos/ASL VIDEOS/NOW/9edf0295.mp4,data/local/ASL_hand_crops_av/NOW_9edf0295.jpg,640,480,17,30.0,0.5666666666666667,127.71636962890625,0.01904296875,2982.501220703125,0.9390849477622404,0.20321643352508545,13,False,data/local/local_citizen100_quality_audit_q82_cap14_exact/landmarks/NOW/9edf0295.v17.npz,f790001b39b108731a2c7506de4cb0ef1b166927c2daef086faae251dfe87be8,,0.75,0.71875,0.5625,0.421875,NOW,NOW|WANT|ANGRY|BIG|HEAR,0.9057691693305969,NOW,NOW|WANT|MAYBE|HEAR|WAIT,0.9111952185630798,quarantine_extraction_quality
NOW,NOW,C_03_062,canonical_and_pinned_raw_text_equal,local_hex_unknown_session,data/raw_videos/ASL VIDEOS/NOW/7c0109a5.mp4,data/local/ASL_hand_crops_av/NOW_7c0109a5.jpg,640,480,20,30.0,0.6666666666666666,127.89324951171875,0.01434326171875,2401.3916015625,0.94926369981645,0.24581271409988403,11,False,data/local/local_citizen100_quality_audit_q82_cap14_exact/landmarks/NOW/7c0109a5.v17.npz,b950f5bf417af3940be7dc17e04716a3512a0175a962b16a2fc9db695b682f17,,0.7894736842105263,0.7412109375,0.46875,0.3671875,NOW,NOW|MAYBE|WANT|BIG|WAIT,0.8238005042076111,NOW,NOW|MAYBE|BIG|WAIT|WANT,0.8637132048606873,quarantine_extraction_quality
NOW,NOW,C_03_062,canonical_and_pinned_raw_text_equal,local_hex_unknown_session,data/raw_videos/ASL VIDEOS/NOW/ee0c6eac.mp4,data/local/ASL_hand_crops_av/NOW_ee0c6eac.jpg,640,480,22,30.0,0.7333333333333333,128.60308837890625,0.007568359375,3135.2265625,0.9567149840628669,0.4596371650695801,2,False,data/local/local_citizen100_quality_audit_q82_cap14_exact/landmarks/NOW/ee0c6eac.v17.npz,e55d8f60c964bd0f9e1c857fcb9b4e5bee0b884d6abe5c28b434cf65990612d4,,0.8095238095238095,0.77978515625,0.4375,0.34375,NOW,NOW|BIG|SAD|ANGRY|HEAR,0.7352415919303894,NOW,NOW|MAYBE|TOMORROW|UNDERSTAND|TRY,0.878447413444519,quarantine_extraction_quality
NOW,NOW,C_03_062,canonical_and_pinned_raw_text_equal,local_hex_unknown_session,data/raw_videos/ASL VIDEOS/NOW/d374d8ca.mp4,data/local/ASL_hand_crops_av/NOW_d374d8ca.jpg,640,480,20,30.0,0.6666666666666666,137.6580810546875,0.04876708984375,3728.885009765625,0.9382128282395376,0.28418809175491333,6,False,data/local/local_citizen100_quality_audit_q82_cap14_exact/landmarks/NOW/d374d8ca.v17.npz,3cdd19830bcc819c0c8bc8d2e11cc19409410119d7b17565bff9d85d946cf426,,0.7894736842105263,0.7587890625,0.46875,0.3671875,NOW,NOW|MAYBE|WANT|WAIT|WHAT,0.7377786636352539,NOW,NOW|MAYBE|WANT|WAIT|THANKYOU,0.552794337272644,quarantine_extraction_quality
NOW,NOW,C_03_062,canonical_and_pinned_raw_text_equal,local_hex_unknown_session,data/raw_videos/ASL VIDEOS/NOW/cfa39b8f.mp4,data/local/ASL_hand_crops_av/NOW_cfa39b8f.jpg,640,480,45,30.0,1.5,97.5433349609375,0.0,229.81285095214844,0.9313314896804314,0.3890697956085205,5,False,data/local/local_citizen100_quality_audit_q82_cap14_exact/landmarks/NOW/cfa39b8f.v17.npz,e9657a87f7b8a71fb32d559e481fabe3245159445e0f39580357edff48e3beb7,,0.8918918918918919,0.8427734375,0.4375,0.875,NOW,NOW|TIRED|WANT|SMALL|MAYBE,0.44449836015701294,NOW,NOW|TRY|MAYBE|SMALL|TIRED,0.40423619747161865,quarantine_extraction_quality
NOW,NOW,C_03_062,canonical_and_pinned_raw_text_equal,local_numbered_single_session,data/raw_videos/ASL VIDEOS/NOW/NOW_8.mp4,data/local/ASL_hand_crops_av/NOW_NOW_8.jpg,640,480,75,30.0,2.5,86.305419921875,0.0,5199.7763671875,0.9119580196229387,0.4149355888366699,4,False,data/local/local_citizen100_quality_audit_q82_cap14_exact/landmarks/NOW/NOW_8.v17.npz,9ee809781837695de810bf9ae0d76f470a9a7313276b4d4fae1ca052d50b101a,,0.873015873015873,0.81689453125,0.0,0.125,MAYBE,MAYBE|WANT|NOW|TRY|WHAT,0.10257705301046371,NOW,NOW|WANT|TRY|BIG|EAT,0.8981994390487671,quarantine_extraction_quality
NOW,NOW,C_03_062,canonical_and_pinned_raw_text_equal,local_hex_unknown_session,data/raw_videos/ASL VIDEOS/NOW/f6df6745.mp4,data/local/ASL_hand_crops_av/NOW_f6df6745.jpg,640,480,88,30.0,2.933333333333333,92.6268310546875,0.0,478.82684326171875,0.8807438122582407,0.293754518032074,8,False,data/local/local_citizen100_quality_audit_q82_cap14_exact/landmarks/NOW/f6df6745.v17.npz,cfe32bc32a5c2d125c0cd5c87df4e1a5a87edb00945b9150e4f623217cd0e3e6,,0.7272727272727273,0.5791015625,0.8125,0.203125,HAVE,HAVE|MAYBE|NOW|TRY|COME,0.044390954077243805,NOW,NOW|MAYBE|HAVE|TRY|COME,0.8103253841400146,quarantine_extraction_quality
NOW,NOW,C_03_062,canonical_and_pinned_raw_text_equal,local_hex_unknown_session,data/raw_videos/ASL VIDEOS/NOW/e97f00ef.mp4,data/local/ASL_hand_crops_av/NOW_e97f00ef.jpg,640,480,23,30.0,0.7666666666666667,134.229248046875,0.09320068359375,2792.58837890625,0.9371428532673483,0.20415425300598145,12,False,data/local/local_citizen100_quality_audit_q82_cap14_exact/landmarks/NOW/e97f00ef.v17.npz,26ee2d5ec1ff3e8b630f7d58e4f5c5339fc0d379374128321949328e8e0864af,,0.8095238095238095,0.76318359375,0.4375,0.234375,MAYBE,MAYBE|FAMILY|TRY|HELP|NOW,0.03285546973347664,WANT,WANT|MAYBE|WHAT|NOW|WAIT,0.0373101681470871,quarantine_extraction_quality
NOW,NOW,C_03_062,canonical_and_pinned_raw_text_equal,local_hex_unknown_session,data/raw_videos/ASL VIDEOS/NOW/82bf699c.mp4,data/local/ASL_hand_crops_av/NOW_82bf699c.jpg,640,480,24,30.0,0.8,133.830078125,0.05322265625,3788.01953125,0.9499555397149145,0.2623026371002197,9,False,data/local/local_citizen100_quality_audit_q82_cap14_exact/landmarks/NOW/82bf699c.v17.npz,5161b63b222388a69c2dc73420fbb62554c2d379ce4081010205e63a926881b0,,0.8260869565217391,0.806640625,0.375,0.1953125,MAYBE,MAYBE|FAMILY|TRY|WANT|STOP,0.008399673737585545,MAYBE,MAYBE|LANGUAGE|TRY|NOW|WANT,0.042448531836271286,quarantine_extraction_quality
NOW,NOW,C_03_062,canonical_and_pinned_raw_text_equal,local_hex_unknown_session,data/raw_videos/ASL VIDEOS/NOW/b971e7ae.mp4,data/local/ASL_hand_crops_av/NOW_b971e7ae.jpg,640,480,21,30.0,0.7,123.18829345703125,0.06207275390625,3725.800048828125,0.9396412050093603,0.2799556851387024,7,False,data/local/local_citizen100_quality_audit_q82_cap14_exact/landmarks/NOW/b971e7ae.v17.npz,3847940f5cfed6ccd7338275fcb3d4fff142c9938ab6f1f0ea780c20a9bcdf31,,0.7894736842105263,0.8037109375,0.46875,0.015625,MAYBE,MAYBE|STOP|FAMILY|GIVE|WANT,0.0034072056878358126,MAYBE,MAYBE|WANT|WAIT|LANGUAGE|GIVE,0.016894126310944557,quarantine_extraction_quality
OUR,OUR,G_02_067,canonical_and_pinned_raw_text_equal,local_hex_unknown_session,data/raw_videos/ASL VIDEOS/OUR/d3f5f101.mp4,data/local/ASL_hand_crops_av/OUR_d3f5f101.jpg,640,480,56,30.0,1.8666666666666667,52.62384033203125,6.103515625e-05,243.200927734375,0.8384012187577412,0.25257134437561035,8,False,data/local/local_citizen100_quality_audit_q82_cap14_exact/landmarks/OUR/d3f5f101.v17.npz,17a8ce5150e178350fcf5e577cd27fc1de14573434c3a93c00959deb5b0af2a8,,0.6071428571428571,0.3125,0.875,0.0,OUR,OUR|WOMAN|MAN|DAY|MORNING,0.5249321460723877,LESS,LESS|OUR|COME|SLEEP|MAN,0.08566796034574509,quarantine_extraction_quality
OUR,OUR,G_02_067,canonical_and_pinned_raw_text_equal,local_hex_unknown_session,data/raw_videos/ASL VIDEOS/OUR/7b7be073.mp4,data/local/ASL_hand_crops_av/OUR_7b7be073.jpg,640,480,22,30.0,0.7333333333333333,112.92822265625,0.0,103.14984893798828,0.8639671877321596,0.221288800239563,9,False,data/local/local_citizen100_quality_audit_q82_cap14_exact/landmarks/OUR/7b7be073.v17.npz,063ea2bfd4dc81b8bb95181d8c9e7c2bf135b0c388d774e95608419fcf22daa8,,1.0,0.5,0.0,0.6015625,SCHOOL,SCHOOL|SMALL|MORNING|STOP|LOVE,0.034840743988752365,MORNING,MORNING|STOP|OUR|SMALL|LESS,0.0903400108218193,quarantine_extraction_quality
OUR,OUR,G_02_067,canonical_and_pinned_raw_text_equal,local_hex_unknown_session,data/raw_videos/ASL VIDEOS/OUR/e9fcd683.mp4,data/local/ASL_hand_crops_av/OUR_e9fcd683.jpg,640,480,17,30.0,0.5666666666666667,111.58209228515625,0.0,132.58840942382812,0.8620707642675028,0.35085439682006836,5,False,data/local/local_citizen100_quality_audit_q82_cap14_exact/landmarks/OUR/e9fcd683.v17.npz,b9e9f2dca917cee82d6e8c7c1c21e0350f2c1934f86b39c55af7cb77e4e9917b,,1.0,0.5,0.0,0.0234375,STOP,STOP|SCHOOL|DOCTOR|EASY|SMALL,0.014726820401847363,STOP,STOP|MORNING|GIVE|DOCTOR|LESS,0.013616012409329414,quarantine_extraction_quality
OUR,OUR,G_02_067,canonical_and_pinned_raw_text_equal,local_hex_unknown_session,data/raw_videos/ASL VIDEOS/OUR/c57a9486.mp4,data/local/ASL_hand_crops_av/OUR_c57a9486.jpg,640,480,23,30.0,0.7666666666666667,107.04974365234375,0.0,96.6578369140625,0.8574887885658988,0.15194964408874512,13,False,data/local/local_citizen100_quality_audit_q82_cap14_exact/landmarks/OUR/c57a9486.v17.npz,3783a3e38bdd6a9c061751bc9dcd83f806e215ab403aff2c698040ddc533abeb,,1.0,0.5,0.0,0.0625,STOP,STOP|SCHOOL|MORNING|SMALL|EASY,0.012339584529399872,MORNING,MORNING|STOP|SMALL|OUR|DOCTOR,0.05753157660365105,quarantine_extraction_quality
OUR,OUR,G_02_067,canonical_and_pinned_raw_text_equal,local_hex_unknown_session,data/raw_videos/ASL VIDEOS/OUR/361f629c.mp4,data/local/ASL_hand_crops_av/OUR_361f629c.jpg,640,480,22,30.0,0.7333333333333333,112.02740478515625,0.0,126.46240997314453,0.8745851948616904,0.12468200922012329,14,False,data/local/local_citizen100_quality_audit_q82_cap14_exact/landmarks/OUR/361f629c.v17.npz,3a45659b8f8609dc983659337219aec38591d92b03382e6e00df63f2fa3e9988,,0.9545454545454546,0.5,0.0,0.0,MORNING,MORNING|HELLO|SLEEP|STOP|SAD,0.002316580154001713,MORNING,MORNING|FATHER|KNOW|STOP|SICK,0.001334280357696116,quarantine_extraction_quality
PLEASE,PLEASE,B_02_007,canonical_and_pinned_raw_text_equal,local_hex_unknown_session,data/raw_videos/ASL VIDEOS/PLEASE/13b891bd.mp4,data/local/ASL_hand_crops_av/PLEASE_13b891bd.jpg,640,480,65,30.0,2.1666666666666665,71.5167236328125,0.0,914.1749267578125,0.9066849625983343,0.09872293472290039,11,False,data/local/local_citizen100_quality_audit_q82_cap14_exact/landmarks/PLEASE/13b891bd.v17.npz,5a694a8d8670fc0ff4644f0a39e2cbf05a1279cf63af486135bf55045f3c0d06,,0.7894736842105263,0.4033203125,0.84375,0.0,OUR,OUR|STOP|MY|PLEASE|SCHOOL,0.021535232663154602,PLEASE,PLEASE|SAME|DOCTOR|HAPPY|SCHOOL,0.8543000817298889,quarantine_extraction_quality
READ,READ,A_01_022,canonical_and_pinned_raw_text_equal,local_hex_unknown_session,data/raw_videos/ASL VIDEOS/READ/5f3588d6.mp4,data/local/ASL_hand_crops_av/READ_5f3588d6.jpg,640,480,30,30.0,1.0,123.55108642578125,0.0855712890625,1575.93896484375,0.957074229417638,,1,False,data/local/local_citizen100_quality_audit_q82_cap14_exact/landmarks/READ/5f3588d6.v17.npz,47ef0fc8053b0cddb040617cad810ae3a23d56d5cf6424399e034f6ea1df7dab,,0.8461538461538461,0.78857421875,0.34375,0.015625,IMPORTANT,IMPORTANT|READY|READ|FATHER|GO,0.17767474055290222,READY,READY|HELLO|FATHER|BIG|GO,0.027592644095420837,quarantine_extraction_quality
READ,READ,A_01_022,canonical_and_pinned_raw_text_equal,local_hex_unknown_session,data/raw_videos/ASL VIDEOS/READ/cdb68510.mp4,data/local/ASL_hand_crops_av/READ_cdb68510.jpg,640,480,22,30.0,0.7333333333333333,123.517822265625,0.08380126953125,2441.39306640625,0.9371574509911421,0.14859867095947266,10,False,data/local/local_citizen100_quality_audit_q82_cap14_exact/landmarks/READ/cdb68510.v17.npz,07dc3d546bf56453a030a08d2edc129353341965cdaf45494b83e9e22cc0d133,,0.7894736842105263,0.65185546875,0.46875,0.2421875,MORNING,MORNING|SAD|LOVE|DAY|USE,0.007728945929557085,LEARN,LEARN|MORNING|BAD|HELLO|MORE,0.011613181792199612,quarantine_extraction_quality
READY,READY,F_03_042,canonical_and_pinned_raw_text_equal,local_numbered_single_session,data/raw_videos/ASL VIDEOS/READY/READY_6.mp4,data/local/ASL_hand_crops_av/READY_READY_6.jpg,640,480,67,30.0,2.2333333333333334,112.5660400390625,0.0,1312.808349609375,0.9701991404185756,,1,False,data/local/local_citizen100_quality_audit_q82_cap14_exact/landmarks/READY/READY_6.v17.npz,4abc9b7e7238c44aeb19cfe2ccc9d6651028936e1aa13f9b7dfd89603c4cab8d,,0.9259259259259259,0.82373046875,0.0,0.75,READ,READ|READY|GO|IMPORTANT|NAME,0.26641762256622314,READY,READY|READ|ANSWER|GO|LANGUAGE,0.3408328592777252,quarantine_extraction_quality
READY,READY,F_03_042,canonical_and_pinned_raw_text_equal,local_hex_unknown_session,data/raw_videos/ASL VIDEOS/READY/ba08a4e0.mp4,data/local/ASL_hand_crops_av/READY_ba08a4e0.jpg,640,480,65,30.0,2.1666666666666665,74.91259765625,0.0,689.0416259765625,0.9140741716220465,0.2702234983444214,3,False,data/local/local_citizen100_quality_audit_q82_cap14_exact/landmarks/READY/ba08a4e0.v17.npz,f1a8ff6533b5667be6b69603fd02a8e94e258d587a2e526ce69bcda8ab3c0d55,,0.7441860465116279,0.67041015625,0.9375,0.0,USE,USE|HOSPITAL|ANSWER|READY|WATER,0.021836362779140472,READY,READY|USE|LISTEN|NO|ANSWER,0.5861627459526062,quarantine_extraction_quality
READY,READY,F_03_042,canonical_and_pinned_raw_text_equal,local_hex_unknown_session,data/raw_videos/ASL VIDEOS/READY/ce0b6036.mp4,data/local/ASL_hand_crops_av/READY_ce0b6036.jpg,640,480,59,30.0,1.9666666666666666,73.166259765625,0.0,857.8897705078125,0.921035262488977,0.08919018507003784,9,False,data/local/local_citizen100_quality_audit_q82_cap14_exact/landmarks/READY/ce0b6036.v17.npz,240113cd7d6f1dbc1862cb59d5a92b9e31dea7b5f990b3a3f2d36892d58338df,,0.7142857142857143,0.57373046875,0.96875,0.0,USE,USE|ASK|HOSPITAL|ANSWER|DAY,0.005542674567550421,READY,READY|ANSWER|NO|DIFFERENT|LANGUAGE,0.26984864473342896,quarantine_extraction_quality
SCHOOL,SCHOOL,C_03_089,canonical_and_pinned_raw_text_equal,local_hex_unknown_session,data/raw_videos/ASL VIDEOS/SCHOOL/4d29ad86.mp4,data/local/ASL_hand_crops_av/SCHOOL_4d29ad86.jpg,640,480,81,30.0,2.7,64.82794189453125,0.04705810546875,652.5715942382812,0.8407677655317045,0.29311150312423706,6,False,data/local/local_citizen100_quality_audit_q82_cap14_exact/landmarks/SCHOOL/4d29ad86.v17.npz,8a7fcffb05c5fd1b1441a7d37cdde8ca21031a84155ce111a8da14b58c0ade71,,0.8611111111111112,0.64306640625,0.0,0.875,IMPORTANT,IMPORTANT|WORK|NIGHT|SCHOOL|USE,0.08413229882717133,NIGHT,NIGHT|USE|SCHOOL|MORNING|WORK,0.06383025646209717,quarantine_extraction_quality
SCHOOL,SCHOOL,C_03_089,canonical_and_pinned_raw_text_equal,local_hex_unknown_session,data/raw_videos/ASL VIDEOS/SCHOOL/7230a6b0.mp4,data/local/ASL_hand_crops_av/SCHOOL_7230a6b0.jpg,640,480,17,30.0,0.5666666666666667,55.132080078125,0.07177734375,575.4583740234375,0.8226968692413751,0.2130725383758545,9,False,data/local/local_citizen100_quality_audit_q82_cap14_exact/landmarks/SCHOOL/7230a6b0.v17.npz,acbea575e07519519a70a3f23e84c67f230baae4cc9404b4e489f490ca8cd103,,0.875,0.62060546875,0.0,0.046875,SMALL,SMALL|DOCTOR|SCHOOL|IMPORTANT|WORK,0.09047015756368637,OUR,OUR|DOCTOR|COME|SMALL|STOP,0.02087687887251377,quarantine_extraction_quality
SCHOOL,SCHOOL,C_03_089,canonical_and_pinned_raw_text_equal,local_hex_unknown_session,data/raw_videos/ASL VIDEOS/SCHOOL/ef2333ee.mp4,data/local/ASL_hand_crops_av/SCHOOL_ef2333ee.jpg,640,480,103,30.0,3.433333333333333,88.503662109375,0.00665283203125,568.1097412109375,0.8297933875460262,0.3325779438018799,5,False,data/local/local_citizen100_quality_audit_q82_cap14_exact/landmarks/SCHOOL/ef2333ee.v17.npz,2bf3f852e4538afebe4fc8d0548412f1d335a24b8bfac99b66013b0d6956f855,,0.5053763440860215,0.31396484375,0.0,0.09375,IMPORTANT,IMPORTANT|FATHER|ANSWER|READ|LEARN,0.006246323697268963,IMPORTANT,IMPORTANT|FIND|FATHER|DRINK|SCHOOL,0.03476671874523163,quarantine_extraction_quality
SCHOOL,SCHOOL,C_03_089,canonical_and_pinned_raw_text_equal,local_hex_unknown_session,data/raw_videos/ASL VIDEOS/SCHOOL/6374d3a4.mp4,data/local/ASL_hand_crops_av/SCHOOL_6374d3a4.jpg,640,480,25,30.0,0.8333333333333334,63.09234619140625,0.01824951171875,899.3292236328125,0.8707066362491551,0.22641462087631226,7,False,data/local/local_citizen100_quality_audit_q82_cap14_exact/landmarks/SCHOOL/6374d3a4.v17.npz,6f176a6de42709a4fad6c10dba33cda1fbab4119d8465e52d6553a9adeb22ee0,,0.7894736842105263,0.60693359375,0.46875,0.015625,MORNING,MORNING|LESS|STOP|BAD|LEARN,0.00577437924221158,BAD,BAD|HOT|DRINK|SCHOOL|COME,0.0569559782743454,quarantine_extraction_quality
SCHOOL,SCHOOL,C_03_089,canonical_and_pinned_raw_text_equal,local_hex_unknown_session,data/raw_videos/ASL VIDEOS/SCHOOL/5adc228c.mp4,data/local/ASL_hand_crops_av/SCHOOL_5adc228c.jpg,640,480,25,30.0,0.8333333333333334,75.2269287109375,0.0048828125,1573.5782470703125,0.8995426171696399,0.17806243896484375,10,False,data/local/local_citizen100_quality_audit_q82_cap14_exact/landmarks/SCHOOL/5adc228c.v17.npz,20242f9f52873964b657621c36e20d783bddca061b10b872d296787d5d62541b,,0.7,0.52392578125,0.46875,0.0,STOP,STOP|OUR|LESS|SCHOOL|DRINK,0.06902618706226349,BAD,BAD|GOODBYE|THANKYOU|COME|DRINK,0.0010521983494982123,quarantine_extraction_quality
SIGN,SIGN,E_03_050,canonical_and_pinned_raw_text_equal,local_hex_unknown_session,data/raw_videos/ASL VIDEOS/SIGN/459419b2.mp4,data/local/ASL_hand_crops_av/SIGN_459419b2.jpg,640,480,47,30.0,1.5666666666666667,85.33905029296875,0.0,193.38714599609375,0.9009721425705115,0.27885085344314575,5,False,data/local/local_citizen100_quality_audit_q82_cap14_exact/landmarks/SIGN/459419b2.v17.npz,3b3856df8371d37d571d3784fa5238347b6d010661968603e5076401ed413bdc,,0.9512195121951219,0.90625,0.0,0.046875,DIFFERENT,DIFFERENT|GO|ANSWER|WHEN|BIG,0.016097692772746086,GO,GO|ANSWER|DIFFERENT|SIGN|SMALL,0.03037634678184986,quarantine_extraction_quality
SIGN,SIGN,E_03_050,canonical_and_pinned_raw_text_equal,local_hex_unknown_session,data/raw_videos/ASL VIDEOS/SIGN/3bfcaa3d.mp4,data/local/ASL_hand_crops_av/SIGN_3bfcaa3d.jpg,640,480,30,30.0,1.0,82.879638671875,0.03033447265625,1221.354736328125,0.9224293037404621,0.1606752872467041,13,False,data/local/local_citizen100_quality_audit_q82_cap14_exact/landmarks/SIGN/3bfcaa3d.v17.npz,e37b700d34cf7343f22c9afcdb65d3f8c6886dcb8b8c192d387bbb64a0056e10,,0.7692307692307693,0.67919921875,0.65625,0.3359375,BIG,BIG|LANGUAGE|ANSWER|GO|DIFFERENT,0.0231435839086771,ANSWER,ANSWER|WHAT|GO|READ|FRIEND,0.008709725923836231,quarantine_extraction_quality
SLEEP,SLEEP,B_03_037,canonical_and_pinned_raw_text_equal,local_hex_unknown_session,data/raw_videos/ASL VIDEOS/SLEEP/c0125a61.mp4,data/local/ASL_hand_crops_av/SLEEP_c0125a61.jpg,640,480,54,30.0,1.8,93.99365234375,0.0,531.54345703125,0.9674793707293401,0.5715820789337158,2,False,data/local/local_citizen100_quality_audit_q82_cap14_exact/landmarks/SLEEP/c0125a61.v17.npz,5843aa6289ea35ec566dd493fd472cd061acc992fb1fd28b0e9655e409f1ea8d,,0.9629629629629629,0.49267578125,0.03125,0.0,MORNING,MORNING|FATHER|SICK|SLEEP|SAD,0.07723420113325119,MORNING,MORNING|FATHER|SLEEP|MAN|LOVE,0.05233089253306389,quarantine_extraction_quality
SLEEP,SLEEP,B_03_037,canonical_and_pinned_raw_text_equal,local_hex_unknown_session,data/raw_videos/ASL VIDEOS/SLEEP/4470d677.mp4,data/local/ASL_hand_crops_av/SLEEP_4470d677.jpg,640,480,59,30.0,1.9666666666666666,92.34234619140625,6.103515625e-05,537.6904296875,0.9590052865777303,0.0948682427406311,8,False,data/local/local_citizen100_quality_audit_q82_cap14_exact/landmarks/SLEEP/4470d677.v17.npz,eab8393fbe358b429a9f13b543613ecfac2400a5d0180d3ed73f5784700b438d,,1.0,0.5,0.03125,0.0,MORNING,MORNING|SLEEP|SICK|SAD|FATHER,0.12202687561511993,MORNING,MORNING|UNDERSTAND|FATHER|SLEEP|SICK,0.04057326912879944,quarantine_extraction_quality
SLEEP,SLEEP,B_03_037,canonical_and_pinned_raw_text_equal,local_hex_unknown_session,data/raw_videos/ASL VIDEOS/SLEEP/693acaa6.mp4,data/local/ASL_hand_crops_av/SLEEP_693acaa6.jpg,640,480,32,30.0,1.0666666666666667,78.418212890625,0.0,97.49143981933594,0.8319979909017963,0.2190152406692505,4,False,data/local/local_citizen100_quality_audit_q82_cap14_exact/landmarks/SLEEP/693acaa6.v17.npz,452e8b94e761181c3d851cf23a9e192cecc72d0fef9827a50e9b570b3b4868ca,,0.9047619047619048,0.453125,0.03125,0.0,MORNING,MORNING|SICK|KNOW|SLEEP|SAD,0.04750583693385124,MORNING,MORNING|FATHER|SICK|KNOW|HOSPITAL,0.019438982009887695,quarantine_extraction_quality
SORRY,SORRY,C_01_020,canonical_and_pinned_raw_text_equal,local_hex_unknown_session,data/raw_videos/ASL VIDEOS/SORRY/f26589b9.mp4,data/local/ASL_hand_crops_av/SORRY_f26589b9.jpg,640,480,23,30.0,0.7666666666666667,118.95916748046875,0.0,138.73126220703125,0.8872720175527287,0.1175241470336914,10,False,data/local/local_citizen100_quality_audit_q82_cap14_exact/landmarks/SORRY/f26589b9.v17.npz,75b132a444ba757beccf1d2ed7dcd2459661fe2f3f4888a828945617bb8a1e38,,1.0,0.5,0.0,0.75,HAVE,HAVE|MAKE|HELP|YEAR|LOVE,0.03718803450465202,SORRY,SORRY|MAKE|HAVE|WORK|TRY,0.5738803148269653,quarantine_extraction_quality
SORRY,SORRY,C_01_020,canonical_and_pinned_raw_text_equal,local_hex_unknown_session,data/raw_videos/ASL VIDEOS/SORRY/b95547da.mp4,data/local/ASL_hand_crops_av/SORRY_b95547da.jpg,640,480,27,30.0,0.9,91.48223876953125,0.1236572265625,1111.4302978515625,0.9109206074495462,0.4493029713630676,2,False,data/local/local_citizen100_quality_audit_q82_cap14_exact/landmarks/SORRY/b95547da.v17.npz,dd5c179002b057a33a714322984e5d33fa10c861a205b7947a4916a6ad29fbb3,,1.0,0.5,0.0,0.9375,YEAR,YEAR|HELP|MAKE|TRY|SORRY,0.03638022392988205,SORRY,SORRY|HAVE|MAKE|YEAR|HELP,0.145299032330513,quarantine_extraction_quality
STOP,STOP,D_01_010,canonical_and_pinned_raw_text_equal,local_hex_unknown_session,data/raw_videos/ASL VIDEOS/STOP/9008ad43.mp4,data/local/ASL_hand_crops_av/STOP_9008ad43.jpg,640,480,25,30.0,0.8333333333333334,110.75531005859375,0.04595947265625,2390.5107421875,0.9475973245925307,0.3415604829788208,5,False,data/local/local_citizen100_quality_audit_q82_cap14_exact/landmarks/STOP/9008ad43.v17.npz,968a0ae9b2cf2b3eaf1ddd1552197d8cd7702455592593befb4971b4e8d8f99d,,0.7894736842105263,0.6787109375,0.46875,0.0234375,STOP,STOP|SCHOOL|MORNING|LESS|LOVE,0.3006035089492798,STOP,STOP|SCHOOL|LESS|BAD|DOCTOR,0.4721352756023407,quarantine_extraction_quality
STOP,STOP,D_01_010,canonical_and_pinned_raw_text_equal,local_hex_unknown_session,data/raw_videos/ASL VIDEOS/STOP/913e98e5.mp4,data/local/ASL_hand_crops_av/STOP_913e98e5.jpg,640,480,22,30.0,0.7333333333333333,139.5562744140625,0.02178955078125,2511.90185546875,0.9495775593873191,0.2624955177307129,7,False,data/local/local_citizen100_quality_audit_q82_cap14_exact/landmarks/STOP/913e98e5.v17.npz,fd9e39092013757a52d33cc6cf2989c8958b440d94069a00805dd8ce5d58fbb5,,0.7777777777777778,0.75,0.5,0.0,MORNING,MORNING|STOP|GIVE|HOW|SICK,0.1367207169532776,STOP,STOP|MORNING|LESS|COME|GOOD,0.6030031442642212,quarantine_extraction_quality
STOP,STOP,D_01_010,canonical_and_pinned_raw_text_equal,local_hex_unknown_session,data/raw_videos/ASL VIDEOS/STOP/02e90ff1.mp4,data/local/ASL_hand_crops_av/STOP_02e90ff1.jpg,640,480,39,30.0,1.3,56.09130859375,0.21441650390625,919.2801513671875,0.855260763745767,0.466094970703125,3,False,data/local/local_citizen100_quality_audit_q82_cap14_exact/landmarks/STOP/02e90ff1.v17.npz,2b61310e4cfdb57ef3b4e645821610138df7bfabea628c58f6ffdafa5935a354,,0.7777777777777778,0.662109375,0.90625,0.90625,SCHOOL,SCHOOL|MORNING|STOP|GOOD|LEARN,0.09187538921833038,STOP,STOP|SCHOOL|LEARN|GOOD|HELP,0.3735930919647217,quarantine_extraction_quality
STOP,STOP,D_01_010,canonical_and_pinned_raw_text_equal,local_hex_unknown_session,data/raw_videos/ASL VIDEOS/STOP/8a5e72f0.mp4,data/local/ASL_hand_crops_av/STOP_8a5e72f0.jpg,640,480,23,30.0,0.7666666666666667,126.22381591796875,0.0194091796875,1975.763671875,0.9564776661678456,0.15318602323532104,14,False,data/local/local_citizen100_quality_audit_q82_cap14_exact/landmarks/STOP/8a5e72f0.v17.npz,9c9d3070fc3894f6dc889aacac3de18af1592917bc334cb479456a07a01780c2,,0.7647058823529411,0.71875,0.5625,0.171875,LESS,LESS|STOP|DOCTOR|EASY|MORNING,0.25700780749320984,LESS,LESS|DOCTOR|COME|STOP|BAD,0.048958342522382736,quarantine_extraction_quality
STOP,STOP,D_01_010,canonical_and_pinned_raw_text_equal,local_numbered_single_session,data/raw_videos/ASL VIDEOS/STOP/STOP_3.mp4,data/local/ASL_hand_crops_av/STOP_STOP_3.jpg,640,480,84,30.0,2.8,94.8431396484375,0.0,2064.67041015625,0.8995641849543994,0.3476485013961792,6,False,data/local/local_citizen100_quality_audit_q82_cap14_exact/landmarks/STOP/STOP_3.v17.npz,7081d2d5ead0c391da98012e7042d4f5e37f27a6d458977d1926855162786806,,0.8481012658227848,0.7685546875,0.0,0.09375,SICK,SICK|EASY|MORNING|STOP|LESS,0.0614776648581028,SICK,SICK|LEARN|EASY|MORNING|HELP,0.021473253145813942,quarantine_extraction_quality
STOP,STOP,D_01_010,canonical_and_pinned_raw_text_equal,local_hex_unknown_session,data/raw_videos/ASL VIDEOS/STOP/2e2866f1.mp4,data/local/ASL_hand_crops_av/STOP_2e2866f1.jpg,640,480,22,30.0,0.7333333333333333,111.2879638671875,0.04718017578125,1685.51708984375,0.9395633145267343,0.24289441108703613,9,False,data/local/local_citizen100_quality_audit_q82_cap14_exact/landmarks/STOP/2e2866f1.v17.npz,d580ee9c9dca749d9f81622d6256b2ec463a521d0d2dcdee99d5bf01db7fd904,,0.7647058823529411,0.6474609375,0.5625,0.015625,MORNING,MORNING|STOP|BAD|GIVE|GOOD,0.15719255805015564,BAD,BAD|MORNING|LESS|LEARN|DOCTOR,0.013012911193072796,quarantine_extraction_quality
STOP,STOP,D_01_010,canonical_and_pinned_raw_text_equal,local_hex_unknown_session,data/raw_videos/ASL VIDEOS/STOP/4ea8cc7c.mp4,data/local/ASL_hand_crops_av/STOP_4ea8cc7c.jpg,640,480,22,30.0,0.7333333333333333,156.05792236328125,0.00701904296875,2477.291748046875,0.9361255590032519,0.3611797094345093,4,False,data/local/local_citizen100_quality_audit_q82_cap14_exact/landmarks/STOP/4ea8cc7c.v17.npz,10a6a7d8eeeea3c3117cf3695fedf48d4a000d63793b5340843f7f1dce5b3de7,,0.7777777777777778,0.67578125,0.5,0.046875,LESS,LESS|DOCTOR|EASY|NIGHT|WRITE,0.013737457804381847,LESS,LESS|BAD|DOCTOR|STOP|COME,0.012934016063809395,quarantine_extraction_quality
STOP,STOP,D_01_010,canonical_and_pinned_raw_text_equal,local_hex_unknown_session,data/raw_videos/ASL VIDEOS/STOP/3284862e.mp4,data/local/ASL_hand_crops_av/STOP_3284862e.jpg,640,480,22,30.0,0.7333333333333333,129.35101318359375,0.03363037109375,1168.6510009765625,0.9501606246429445,0.2167004942893982,11,False,data/local/local_citizen100_quality_audit_q82_cap14_exact/landmarks/STOP/3284862e.v17.npz,df8a438e61bbbea280ec285bb665b311604ee92e2b7789f406f0dd5cb99a2bf8,,0.7777777777777778,0.69140625,0.0,0.03125,LEARN,LEARN|SICK|MORNING|LESS|SCHOOL,0.022270532324910164,LEARN,LEARN|MAN|SICK|FATHER|LESS,0.009694592095911503,quarantine_extraction_quality
TAKE,TAKE,G_01_093,canonical_and_pinned_raw_text_equal,local_hex_unknown_session,data/raw_videos/ASL VIDEOS/TAKE/6ac4b5b5.mp4,data/local/ASL_hand_crops_av/TAKE_6ac4b5b5.jpg,640,480,60,30.0,2.0,41.80816650390625,0.17596435546875,2285.23681640625,0.8308098072991981,0.14502376317977905,10,False,data/local/local_citizen100_quality_audit_q82_cap14_exact/landmarks/TAKE/6ac4b5b5.v17.npz,749d0cda2468571263bba66e5186955b2161af702f491779a39d2842f8993697,,0.85,0.447265625,0.0,0.0,HOSPITAL,HOSPITAL|USE|WORK|IMPORTANT|MOTHER,0.027913233265280724,WORK,WORK|TAKE|NIGHT|YES|SAME,0.1682191789150238,quarantine_extraction_quality
TAKE,TAKE,G_01_093,canonical_and_pinned_raw_text_equal,local_hex_unknown_session,data/raw_videos/ASL VIDEOS/TAKE/2d459d34.mp4,data/local/ASL_hand_crops_av/TAKE_2d459d34.jpg,640,480,71,30.0,2.3666666666666667,49.879638671875,0.1279296875,1502.3037109375,0.8276890480592466,0.1807423233985901,9,False,data/local/local_citizen100_quality_audit_q82_cap14_exact/landmarks/TAKE/2d459d34.v17.npz,e0c947df5ab89c9cf3a0009ba9f1d2235f6a95359e82ba07bbc3d6080c814e89,,0.8909090909090909,0.465087890625,0.0,0.0,HOSPITAL,HOSPITAL|USE|NIGHT|THEY|LOVE,0.009488601237535477,NIGHT,NIGHT|LEARN|USE|DRINK|HOSPITAL,0.006013817619532347,quarantine_extraction_quality
TAKE,TAKE,G_01_093,canonical_and_pinned_raw_text_equal,local_hex_unknown_session,data/raw_videos/ASL VIDEOS/TAKE/145e56ab.mp4,data/local/ASL_hand_crops_av/TAKE_145e56ab.jpg,640,480,79,30.0,2.6333333333333333,64.2628173828125,0.06085205078125,729.1982421875,0.8435351218393766,0.42969179153442383,3,False,data/local/local_citizen100_quality_audit_q82_cap14_exact/landmarks/TAKE/145e56ab.v17.npz,8f3c8d6c388f31539d553bd92b4835a29f98a19a31114510b4f6b9dbb6161715,,0.9705882352941176,0.484375,0.0,0.03125,TIME,TIME|WORK|TRY|SIGN|MAKE,0.0018181204795837402,WORK,WORK|NIGHT|TAKE|TIME|YES,0.08639921247959137,quarantine_extraction_quality
THANKYOU,THANKYOU,H_02_053,canonical_and_pinned_raw_text_equal,local_hex_unknown_session,data/raw_videos/ASL VIDEOS/THANKYOU/a9c96653.mp4,data/local/ASL_hand_crops_av/THANKYOU_a9c96653.jpg,640,480,44,30.0,1.4666666666666666,69.74261474609375,0.0,868.644775390625,0.9205462490723894,,1,False,data/local/local_citizen100_quality_audit_q82_cap14_exact/landmarks/THANKYOU/a9c96653.v17.npz,51b1bcc0515900e2cfb0df686ab8f40c02660335405ba811b850919868f91fa6,,0.6363636363636364,0.30419921875,0.9375,0.015625,THANKYOU,THANKYOU|STOP|GIVE|MAYBE|GOOD,0.22188879549503326,GIVE,GIVE|THANKYOU|MAYBE|BAD|WHY,0.19789442420005798,quarantine_extraction_quality
THINK,THINK,C_03_053,canonical_and_pinned_raw_text_equal,local_hex_unknown_session,data/raw_videos/ASL VIDEOS/THINK/042a68ae.mp4,data/local/ASL_hand_crops_av/THINK_042a68ae.jpg,640,480,24,30.0,0.8,121.80133056640625,0.0,145.58181762695312,0.8938938994986604,0.10798227787017822,13,False,data/local/local_citizen100_quality_audit_q82_cap14_exact/landmarks/THINK/042a68ae.v17.npz,a9ed4879791ec95f6ba81d6fcbca1fbfde5ab58f03798045efd1bd52a40fad48,,0.8333333333333334,0.421875,0.09375,0.046875,THINK,THINK|SIGN|UNDERSTAND|NEED|BIG,0.8513196110725403,THINK,THINK|SIGN|UNDERSTAND|BIG|NEED,0.93073970079422,quarantine_extraction_quality
THINK,THINK,C_03_053,canonical_and_pinned_raw_text_equal,local_hex_unknown_session,data/raw_videos/ASL VIDEOS/THINK/03c2afe8.mp4,data/local/ASL_hand_crops_av/THINK_03c2afe8.jpg,640,480,25,30.0,0.8333333333333334,131.2362060546875,0.0,126.09771728515625,0.8893032273590364,0.17029505968093872,9,False,data/local/local_citizen100_quality_audit_q82_cap14_exact/landmarks/THINK/03c2afe8.v17.npz,8428e18d47df90e432797393abba61856a40b3b14ccfab7646819b7635855b52,,0.7777777777777778,0.40625,1.0,0.765625,THINK,THINK|UNDERSTAND|KNOW|SEE|EAT,0.6721717715263367,THINK,THINK|UNDERSTAND|SIGN|WHY|EAT,0.9179729223251343,quarantine_extraction_quality
THINK,THINK,C_03_053,canonical_and_pinned_raw_text_equal,local_hex_unknown_session,data/raw_videos/ASL VIDEOS/THINK/ea1fc3dc.mp4,data/local/ASL_hand_crops_av/THINK_ea1fc3dc.jpg,640,480,23,30.0,0.7666666666666667,115.16961669921875,0.0,107.03968811035156,0.8705253997175693,0.3346148133277893,4,False,data/local/local_citizen100_quality_audit_q82_cap14_exact/landmarks/THINK/ea1fc3dc.v17.npz,bb39ae6ec3284043dc68875040a1be55b9383e48165833d930edaaeff8d9a383,,0.8461538461538461,0.435302734375,0.0625,0.0,UNDERSTAND,UNDERSTAND|THINK|SICK|WHEN|SEE,0.23343870043754578,UNDERSTAND,UNDERSTAND|THINK|DAY|YOUR|FATHER,0.2638418972492218,quarantine_extraction_quality
TIME,TIME,B_02_080,canonical_and_pinned_raw_text_equal,local_hex_unknown_session,data/raw_videos/ASL VIDEOS/TIME/4c513a40.mp4,data/local/ASL_hand_crops_av/TIME_4c513a40.jpg,640,480,21,30.0,0.7,122.46942138671875,0.029052734375,289.8327331542969,0.9170560498998419,0.2661682367324829,8,False,data/local/local_citizen100_quality_audit_q82_cap14_exact/landmarks/TIME/4c513a40.v17.npz,ff9267cd618bffa0a5c97300f67f90928d790d28cf0d0782a19f94bd145b4ec5,,0.9523809523809523,0.71044921875,0.0,0.0,TIME,TIME|SIGN|NAME|USE|READ,0.8315197825431824,TIME,TIME|SIGN|FIND|NEED|WHEN,0.7603974938392639,quarantine_extraction_quality
TIME,TIME,B_02_080,canonical_and_pinned_raw_text_equal,local_hex_unknown_session,data/raw_videos/ASL VIDEOS/TIME/1b647747.mp4,data/local/ASL_hand_crops_av/TIME_1b647747.jpg,640,480,26,30.0,0.8666666666666667,104.99505615234375,0.0064697265625,418.062255859375,0.9435941292725354,0.20452117919921875,13,False,data/local/local_citizen100_quality_audit_q82_cap14_exact/landmarks/TIME/1b647747.v17.npz,c6423351572753a7815165ec14364c3683eb198d64bf88c867a80fe1ab5f3753,,1.0,0.869140625,0.0,0.0,TIME,TIME|SIGN|NAME|NEED|GO,0.6636374592781067,TIME,TIME|NAME|FIND|SIGN|NEED,0.7197481989860535,quarantine_extraction_quality
TIME,TIME,B_02_080,canonical_and_pinned_raw_text_equal,local_numbered_single_session,data/raw_videos/ASL VIDEOS/TIME/TIME_7.mp4,data/local/ASL_hand_crops_av/TIME_TIME_7.jpg,640,480,97,30.0,3.2333333333333334,93.19085693359375,0.0,4482.88671875,0.856379542597335,0.3514516353607178,6,False,data/local/local_citizen100_quality_audit_q82_cap14_exact/landmarks/TIME/TIME_7.v17.npz,bb0dd84d41a937f1fb35a02364459508f31e6f2aea98dc930f54468f5969dc27,,0.9487179487179487,0.9130859375,0.0,0.8125,TIME,TIME|SIGN|WHEN|MAKE|I,0.6067808270454407,TIME,TIME|SIGN|I|MAKE|NAME,0.793426513671875,quarantine_extraction_quality
TIME,TIME,B_02_080,canonical_and_pinned_raw_text_equal,local_hex_unknown_session,data/raw_videos/ASL VIDEOS/TIME/0c6dbe48.mp4,data/local/ASL_hand_crops_av/TIME_0c6dbe48.jpg,640,480,35,30.0,1.1666666666666667,100.77020263671875,6.103515625e-05,604.3035888671875,0.9690061805308812,0.24335378408432007,9,False,data/local/local_citizen100_quality_audit_q82_cap14_exact/landmarks/TIME/0c6dbe48.v17.npz,2080720337e17fbd41aba9b8ad9d8b6e2766b235fd1360fba3328668f84e767d,,0.7575757575757576,0.64599609375,0.0,0.25,TIME,TIME|SIGN|WORK|TRY|MAKE,0.5608294010162354,TIME,TIME|WORK|SIGN|MAKE|YEAR,0.7264590859413147,quarantine_extraction_quality
TIME,TIME,B_02_080,canonical_and_pinned_raw_text_equal,local_hex_unknown_session,data/raw_videos/ASL VIDEOS/TIME/51f4755d.mp4,data/local/ASL_hand_crops_av/TIME_51f4755d.jpg,640,480,31,30.0,1.0333333333333334,126.6905517578125,0.0,559.5040893554688,0.981081419182397,0.423656702041626,4,False,data/local/local_citizen100_quality_audit_q82_cap14_exact/landmarks/TIME/51f4755d.v17.npz,960e0656fc5b720ae9421f3bdbab0fa9186b138a966f3e9c6c4c9cd2c68bd28b,,0.8,0.67333984375,0.0,0.0,TIME,TIME|SIGN|WHEN|IMPORTANT|GO,0.5599365830421448,TIME,TIME|FIND|WHEN|SIGN|LANGUAGE,0.6198865175247192,quarantine_extraction_quality
TIME,TIME,B_02_080,canonical_and_pinned_raw_text_equal,local_hex_unknown_session,data/raw_videos/ASL VIDEOS/TIME/040e25b9.mp4,data/local/ASL_hand_crops_av/TIME_040e25b9.jpg,640,480,23,30.0,0.7666666666666667,101.74774169921875,0.00494384765625,823.5877075195312,0.9418903784181893,0.4514729380607605,2,False,data/local/local_citizen100_quality_audit_q82_cap14_exact/landmarks/TIME/040e25b9.v17.npz,fc149721ae3f0ecb216b68feb38fdba6fb4d62ef4b48cb00c9bb3940a7e4ff66,,0.9565217391304348,0.875,0.0,0.0,TIME,TIME|SIGN|NAME|READ|WHEN,0.5570477843284607,TIME,TIME|SIGN|FIND|NAME|WHEN,0.34244653582572937,quarantine_extraction_quality
TIME,TIME,B_02_080,canonical_and_pinned_raw_text_equal,local_hex_unknown_session,data/raw_videos/ASL VIDEOS/TIME/0605e2b3.mp4,data/local/ASL_hand_crops_av/TIME_0605e2b3.jpg,640,480,23,30.0,0.7666666666666667,134.56134033203125,0.0,782.8104858398438,0.9602259275235041,0.21885550022125244,11,False,data/local/local_citizen100_quality_audit_q82_cap14_exact/landmarks/TIME/0605e2b3.v17.npz,089d35afc2072d401628d8d6a2ad3471009b6672bfd2b90d8f1cc71a3d8f3b05,,0.782608695652174,0.6259765625,0.0,0.0,TIME,TIME|USE|NIGHT|YEAR|IMPORTANT,0.27552610635757446,NIGHT,NIGHT|TIME|USE|WORK|LEARN,0.18118426203727722,quarantine_extraction_quality
TIRED,TIRED,D_02_050,canonical_and_pinned_raw_text_equal,local_hex_unknown_session,data/raw_videos/ASL VIDEOS/TIRED/431d7511.mp4,data/local/ASL_hand_crops_av/TIRED_431d7511.jpg,640,480,38,30.0,1.2666666666666666,113.28192138671875,0.0,393.15240478515625,0.9738236084043801,0.46619391441345215,2,False,data/local/local_citizen100_quality_audit_q82_cap14_exact/landmarks/TIRED/431d7511.v17.npz,4bf4ef617cf5e841016bcb62a0fd94c9fbebd2bba37c6a7c96d32248b88a7d72,,0.9117647058823529,0.849609375,0.0,0.0234375,TIRED,TIRED|DOCTOR|WHAT|LESS|COLD,0.8035574555397034,TIRED,TIRED|COLD|NOW|HOW|SMALL,0.4755992293357849,quarantine_extraction_quality
TIRED,TIRED,D_02_050,canonical_and_pinned_raw_text_equal,local_hex_unknown_session,data/raw_videos/ASL VIDEOS/TIRED/4c8bf164.mp4,data/local/ASL_hand_crops_av/TIRED_4c8bf164.jpg,640,480,37,30.0,1.2333333333333334,110.19012451171875,0.0,389.90570068359375,0.969266456370889,0.09172487258911133,12,False,data/local/local_citizen100_quality_audit_q82_cap14_exact/landmarks/TIRED/4c8bf164.v17.npz,4e4ab94bb0aaa5126dfbc59a5fa8da0ad543f69c1b9a354b5a6b6a5368f4823e,,0.875,0.8154296875,0.0,0.40625,TIRED,TIRED|DOCTOR|COLD|SMALL|LESS,0.7321349382400513,DOCTOR,DOCTOR|TIRED|SMALL|COLD|LESS,0.17989777028560638,quarantine_extraction_quality
TIRED,TIRED,D_02_050,canonical_and_pinned_raw_text_equal,local_hex_unknown_session,data/raw_videos/ASL VIDEOS/TIRED/62acbc57.mp4,data/local/ASL_hand_crops_av/TIRED_62acbc57.jpg,640,480,41,30.0,1.3666666666666667,94.23016357421875,0.0,272.46527099609375,0.9329053362394081,0.11781597137451172,11,False,data/local/local_citizen100_quality_audit_q82_cap14_exact/landmarks/TIRED/62acbc57.v17.npz,740a556f3e8bf966835aac2741cded575f11adc5135feb3fc89a940c1fe6b977,,0.7777777777777778,0.697265625,0.0,0.25,TIRED,TIRED|DOCTOR|EASY|LESS|HOW,0.5672104358673096,HAVE,HAVE|TIRED|THANKYOU|EAT|GIVE,0.09697648137807846,quarantine_extraction_quality
TIRED,TIRED,D_02_050,canonical_and_pinned_raw_text_equal,local_hex_unknown_session,data/raw_videos/ASL VIDEOS/TIRED/b2c30492.mp4,data/local/ASL_hand_crops_av/TIRED_b2c30492.jpg,640,480,36,30.0,1.2,79.9119873046875,0.0,219.82351684570312,0.8877307341419423,0.25787782669067383,5,False,data/local/local_citizen100_quality_audit_q82_cap14_exact/landmarks/TIRED/b2c30492.v17.npz,3cee53b2ec952e4cd226a8d525572f61984f1bc18eccb3bc2d27b8eea15eda9e,,0.9032258064516129,0.85107421875,0.0,0.75,TIRED,TIRED|DOCTOR|NOW|SMALL|EASY,0.6273993253707886,THANKYOU,THANKYOU|EAT|HAVE|NOW|TIRED,0.040241342037916183,quarantine_extraction_quality
TIRED,TIRED,D_02_050,canonical_and_pinned_raw_text_equal,local_numbered_single_session,data/raw_videos/ASL VIDEOS/TIRED/TIRED_24.mp4,data/local/ASL_hand_crops_av/TIRED_TIRED_24.jpg,640,480,48,30.0,1.6,112.41058349609375,0.0,2055.447265625,0.993357704592464,,1,False,data/local/local_citizen100_quality_audit_q82_cap14_exact/landmarks/TIRED/TIRED_24.v17.npz,7803232c0e3b9f0bff155a81bc0f42636054d4bff7eb606155d967810802eedd,,0.8857142857142857,0.79541015625,0.0,0.25,HAVE,HAVE|TRY|TIRED|ANGRY|MAYBE,0.02314828336238861,HAVE,HAVE|THANKYOU|EAT|COME|NOW,0.009664813987910748,quarantine_extraction_quality
TOMORROW,TOMORROW,F_02_040,canonical_and_pinned_raw_text_equal,local_hex_unknown_session,data/raw_videos/ASL VIDEOS/TOMORROW/9570e0e7.mp4,data/local/ASL_hand_crops_av/TOMORROW_9570e0e7.jpg,640,480,23,30.0,0.7666666666666667,127.6396484375,0.00225830078125,4514.1025390625,0.9608474772384381,0.3843523859977722,3,False,data/local/local_citizen100_quality_audit_q82_cap14_exact/landmarks/TOMORROW/9570e0e7.v17.npz,eb2c3c6b9f681abd8842d07a96f81ed58cc4c211fc927b06649d2460805dc7d9,,0.9,0.435302734375,0.46875,0.046875,TOMORROW,TOMORROW|WHO|YES|TELL|SORRY,0.6018314957618713,TOMORROW,TOMORROW|YESTERDAY|YES|YOU|WHO,0.9008232951164246,quarantine_extraction_quality
TRY,TRY,B_02_034,canonical_and_pinned_raw_text_equal,local_hex_unknown_session,data/raw_videos/ASL VIDEOS/TRY/55cdb9ca.mp4,data/local/ASL_hand_crops_av/TRY_55cdb9ca.jpg,640,480,23,30.0,0.7666666666666667,160.41485595703125,0.00213623046875,2344.367919921875,0.9334648046680327,0.2709594964981079,6,False,data/local/local_citizen100_quality_audit_q82_cap14_exact/landmarks/TRY/55cdb9ca.v17.npz,f682e8417c7acb2dec35bfe7ea306ee3a189b71424a0ef9e513492473511315d,,0.8,0.77099609375,0.46875,0.2421875,TRY,TRY|YES|LANGUAGE|HAVE|COLD,0.9226895570755005,TRY,TRY|YES|BIG|SAME|GO,0.9133135676383972,quarantine_extraction_quality
TRY,TRY,B_02_034,canonical_and_pinned_raw_text_equal,local_numbered_single_session,data/raw_videos/ASL VIDEOS/TRY/TRY_6.mp4,data/local/ASL_hand_crops_av/TRY_TRY_6.jpg,640,480,87,30.0,2.9,119.59332275390625,0.0,2223.419189453125,0.9167633946535406,0.32523930072784424,4,False,data/local/local_citizen100_quality_audit_q82_cap14_exact/landmarks/TRY/TRY_6.v17.npz,cefccceceff9a0bb74b44b213da58a5f01fcdb6d1fbcae87af73fb52f2ec381f,,0.7931034482758621,0.70166015625,0.0,0.84375,TRY,TRY|LANGUAGE|COLD|IMPORTANT|HAVE,0.8336910605430603,TRY,TRY|SAME|LANGUAGE|GO|YES,0.8208196759223938,quarantine_extraction_quality
TRY,TRY,B_02_034,canonical_and_pinned_raw_text_equal,local_hex_unknown_session,data/raw_videos/ASL VIDEOS/TRY/a8cd2bf8.mp4,data/local/ASL_hand_crops_av/TRY_a8cd2bf8.jpg,640,480,26,30.0,0.8666666666666667,136.54608154296875,0.01654052734375,2134.349853515625,0.9632957171420098,0.2066245675086975,8,False,data/local/local_citizen100_quality_audit_q82_cap14_exact/landmarks/TRY/a8cd2bf8.v17.npz,b8f47602d9b012f80c1d9cbdbbaca5274c3dcb82e8683eafabb61bc723a74d82,,0.7894736842105263,0.8125,0.46875,0.0,TRY,TRY|BIG|LANGUAGE|HAVE|NOW,0.775993824005127,TRY,TRY|SAME|HAVE|LANGUAGE|YES,0.7867196798324585,quarantine_extraction_quality
TRY,TRY,B_02_034,canonical_and_pinned_raw_text_equal,local_hex_unknown_session,data/raw_videos/ASL VIDEOS/TRY/806c82ad.mp4,data/local/ASL_hand_crops_av/TRY_806c82ad.jpg,640,480,24,30.0,0.8,129.6527099609375,0.0284423828125,1879.1405029296875,0.9569668656873477,0.39885884523391724,3,False,data/local/local_citizen100_quality_audit_q82_cap14_exact/landmarks/TRY/806c82ad.v17.npz,7d43bf17c9c401d888e3464394097b453ebc159401fcebe3d1156022ea86493b,,0.7894736842105263,0.775390625,0.46875,0.0078125,TRY,TRY|BIG|LANGUAGE|HAVE|YES,0.7682009935379028,TRY,TRY|SAME|HAVE|LANGUAGE|BIG,0.635083794593811,quarantine_extraction_quality
TRY,TRY,B_02_034,canonical_and_pinned_raw_text_equal,local_hex_unknown_session,data/raw_videos/ASL VIDEOS/TRY/9bec5856.mp4,data/local/ASL_hand_crops_av/TRY_9bec5856.jpg,640,480,25,30.0,0.8333333333333334,121.09820556640625,0.0401611328125,1574.5399169921875,0.9555147034890523,0.290286123752594,5,False,data/local/local_citizen100_quality_audit_q82_cap14_exact/landmarks/TRY/9bec5856.v17.npz,50ca1d1367fd39c10b89595212e84a098433fd1c69864bc99f2da0bd733ac056,,0.8,0.76318359375,0.46875,0.015625,TRY,TRY|BIG|YESTERDAY|COLD|YES,0.6113741993904114,TRY,TRY|YES|SAME|HAVE|GO,0.7941877245903015,quarantine_extraction_quality
TRY,TRY,B_02_034,canonical_and_pinned_raw_text_equal,local_hex_unknown_session,data/raw_videos/ASL VIDEOS/TRY/47881b49.mp4,data/local/ASL_hand_crops_av/TRY_47881b49.jpg,640,480,26,30.0,0.8666666666666667,144.68896484375,0.01373291015625,2073.680908203125,0.9584861651494179,0.16436767578125,11,False,data/local/local_citizen100_quality_audit_q82_cap14_exact/landmarks/TRY/47881b49.v17.npz,a9626ee3ff38c135d887aa712a2f558fe624de84a3a2b93c31863d7e3dcb9e39,,0.8095238095238095,0.771484375,0.4375,0.21875,BIG,BIG|TRY|LANGUAGE|YESTERDAY|HOT,0.2599951922893524,TRY,TRY|BIG|LANGUAGE|GO|YES,0.39182916283607483,quarantine_extraction_quality
UNDERSTAND,UNDERSTAND,C_01_006,canonical_and_pinned_raw_text_equal,local_hex_unknown_session,data/raw_videos/ASL VIDEOS/UNDERSTAND/e6a986e1.mp4,data/local/ASL_hand_crops_av/UNDERSTAND_e6a986e1.jpg,640,480,73,30.0,2.433333333333333,109.03765869140625,0.0,622.5698852539062,0.9516510527777458,0.45056378841400146,2,False,data/local/local_citizen100_quality_audit_q82_cap14_exact/landmarks/UNDERSTAND/e6a986e1.v17.npz,b59e3f5dfc58c846acd9513c8d64019d4c6fdc89f056282e0a323a86232752d4,,0.75,0.350341796875,0.875,0.25,WHY,WHY|HELLO|KNOW|CHILD|GOODBYE,0.0006338846287690103,WHY,WHY|HELLO|KNOW|HEAR|CHILD,0.0005535756354220212,quarantine_extraction_quality
USE,USE,D_03_043,canonical_and_pinned_raw_text_equal,local_hex_unknown_session,data/raw_videos/ASL VIDEOS/USE/b379b4de.mp4,data/local/ASL_hand_crops_av/USE_b379b4de.jpg,640,480,24,30.0,0.8,128.68328857421875,0.05780029296875,1001.301025390625,0.9496887032122775,0.418349027633667,4,False,data/local/local_citizen100_quality_audit_q82_cap14_exact/landmarks/USE/b379b4de.v17.npz,be58de59fb1fdb399e1e4b17c2304e553514b978cf8f0279b4744bc25bf6bc7b,,0.8260869565217391,0.73583984375,0.375,0.0,USE,USE|HOSPITAL|WOMAN|NIGHT|SCHOOL,0.3499550521373749,USE,USE|NIGHT|LEARN|READ|LESS,0.318643182516098,quarantine_extraction_quality
WAIT,WAIT,B_02_016,canonical_and_pinned_raw_text_equal,local_hex_unknown_session,data/raw_videos/ASL VIDEOS/WAIT/eff2e103.mp4,data/local/ASL_hand_crops_av/WAIT_eff2e103.jpg,640,480,24,30.0,0.8,156.07562255859375,0.00018310546875,2641.33642578125,0.9432004574325533,0.2968912124633789,7,False,data/local/local_citizen100_quality_audit_q82_cap14_exact/landmarks/WAIT/eff2e103.v17.npz,8bce3ed621e507cfa854e9509134fb348de1fb532659091417946aef3242cb38,,0.782608695652174,0.67919921875,0.75,0.046875,WAIT,WAIT|MAYBE|WANT|FAMILY|STOP,0.4415624737739563,WAIT,WAIT|WANT|MAYBE|TALK|THANKYOU,0.8931795954704285,quarantine_extraction_quality
WAIT,WAIT,B_02_016,canonical_and_pinned_raw_text_equal,local_numbered_single_session,data/raw_videos/ASL VIDEOS/WAIT/WAIT_25.mp4,data/local/ASL_hand_crops_av/WAIT_WAIT_25.jpg,640,480,61,30.0,2.033333333333333,124.84637451171875,0.0,2409.002685546875,0.9884629312890467,,1,False,data/local/local_citizen100_quality_audit_q82_cap14_exact/landmarks/WAIT/WAIT_25.v17.npz,6ba4e85d62fc5f240cd9f065bcd3b82112d4c82006f1a79c4de8460d97710c3e,,0.9047619047619048,0.87255859375,0.0,0.265625,WANT,WANT|WAIT|ANGRY|SAD|READY,0.1322452872991562,WAIT,WAIT|EAT|WANT|MOTHER|THANKYOU,0.40450021624565125,quarantine_extraction_quality
WAIT,WAIT,B_02_016,canonical_and_pinned_raw_text_equal,local_hex_unknown_session,data/raw_videos/ASL VIDEOS/WAIT/1928f4d9.mp4,data/local/ASL_hand_crops_av/WAIT_1928f4d9.jpg,640,480,33,30.0,1.1,135.41729736328125,0.09613037109375,1744.2666015625,0.9597423556744215,0.3005102276802063,6,False,data/local/local_citizen100_quality_audit_q82_cap14_exact/landmarks/WAIT/1928f4d9.v17.npz,63468375da311f4045cbe30883dfd781c4bbfb6f555273c0fbe4674ae2d7dab3,,1.0,1.0,0.0,1.0,WANT,WANT|ANGRY|WAIT|EXCITED|READY,0.08083923161029816,EXCITED,EXCITED|WANT|WHAT|LIKE|WAIT,0.09080144017934799,quarantine_extraction_quality
WAIT,WAIT,B_02_016,canonical_and_pinned_raw_text_equal,local_hex_unknown_session,data/raw_videos/ASL VIDEOS/WAIT/f2008e38.mp4,data/local/ASL_hand_crops_av/WAIT_f2008e38.jpg,640,480,26,30.0,0.8666666666666667,114.3084716796875,0.05511474609375,1626.158447265625,0.9507778752544513,0.3631463646888733,4,False,data/local/local_citizen100_quality_audit_q82_cap14_exact/landmarks/WAIT/f2008e38.v17.npz,fe029cbfe674fbba8e4abfe4fecfc31f6e51cb3ea6949b15f5f652344d7a7c6b,,0.8260869565217391,0.78125,0.375,0.0234375,STOP,STOP|WAIT|DOCTOR|SAD|SMALL,0.0761723667383194,MAYBE,MAYBE|MORNING|WANT|WHAT|STOP,0.0013867560774087906,quarantine_extraction_quality
WATER,WATER,A_02_031,canonical_and_pinned_raw_text_equal,local_hex_unknown_session,data/raw_videos/ASL VIDEOS/WATER/a2ce92f7.mp4,data/local/ASL_hand_crops_av/WATER_a2ce92f7.jpg,640,480,15,30.0,0.5,118.06689453125,0.02581787109375,546.6829833984375,0.9285675972700094,0.3135254383087158,7,False,data/local/local_citizen100_quality_audit_q82_cap14_exact/landmarks/WATER/a2ce92f7.v17.npz,35cc13d7f2adcb35b059399856d7e1d38e9d27aa5073fd9779f00ecf3802911c,,1.0,0.5,0.0,0.0,USE,USE|FATHER|READY|HOSPITAL|READ,0.004953114315867424,FATHER,FATHER|USE|HOSPITAL|READY|SEE,0.0018921538721770048,quarantine_extraction_quality
WEEK,WEEK,B_02_079,canonical_and_pinned_raw_text_equal,local_hex_unknown_session,data/raw_videos/ASL VIDEOS/WEEK/2796c9d7.mp4,data/local/ASL_hand_crops_av/WEEK_2796c9d7.jpg,640,480,19,30.0,0.6333333333333333,148.710693359375,0.08111572265625,1554.256103515625,0.9189494966378118,0.3876676559448242,3,False,data/local/local_citizen100_quality_audit_q82_cap14_exact/landmarks/WEEK/2796c9d7.v17.npz,c8d7a07eddfb86d404d2f240dec1b7d8253ff7a47b2abdb89c5a7bb5125a2e46,,0.7142857142857143,0.7470703125,0.65625,0.359375,WEEK,WEEK|WRITE|NAME|READ|SCHOOL,0.6015252470970154,WEEK,WEEK|WRITE|LEARN|FRIEND|HELP,0.6336889266967773,quarantine_extraction_quality
WEEK,WEEK,B_02_079,canonical_and_pinned_raw_text_equal,local_hex_unknown_session,data/raw_videos/ASL VIDEOS/WEEK/a1654243.mp4,data/local/ASL_hand_crops_av/WEEK_a1654243.jpg,640,480,22,30.0,0.7333333333333333,151.50543212890625,0.0623779296875,1138.704833984375,0.9291028450395143,0.21103382110595703,9,False,data/local/local_citizen100_quality_audit_q82_cap14_exact/landmarks/WEEK/a1654243.v17.npz,5ea9933a58d54a377317e61f4bda2852c81da2b4831489462699430d2ebb1aca,,0.7777777777777778,0.7470703125,0.5,0.265625,WEEK,WEEK|SCHOOL|LIKE|NAME|MY,0.41838786005973816,WEEK,WEEK|LIKE|USE|NAME|HELP,0.4311211407184601,quarantine_extraction_quality
WEEK,WEEK,B_02_079,canonical_and_pinned_raw_text_equal,local_hex_unknown_session,data/raw_videos/ASL VIDEOS/WEEK/d99a7ea4.mp4,data/local/ASL_hand_crops_av/WEEK_d99a7ea4.jpg,640,480,35,30.0,1.1666666666666667,105.54791259765625,0.0811767578125,1065.505615234375,0.9559654865792309,0.21201056241989136,8,False,data/local/local_citizen100_quality_audit_q82_cap14_exact/landmarks/WEEK/d99a7ea4.v17.npz,a3a6a27eb3447ff690b3368fe5cd66aa50ef468f611b8613198338e7f2d42e84,,1.0,0.83349609375,0.25,0.6015625,WEEK,WEEK|SCHOOL|NAME|HOW|LIKE,0.5621849298477173,WEEK,WEEK|NAME|WRITE|HELP|EASY,0.3498378098011017,quarantine_extraction_quality
WEEK,WEEK,B_02_079,canonical_and_pinned_raw_text_equal,local_hex_unknown_session,data/raw_videos/ASL VIDEOS/WEEK/605d436e.mp4,data/local/ASL_hand_crops_av/WEEK_605d436e.jpg,640,480,24,30.0,0.8,138.36737060546875,0.0186767578125,1079.87744140625,0.9565773576631237,0.15164154767990112,14,False,data/local/local_citizen100_quality_audit_q82_cap14_exact/landmarks/WEEK/605d436e.v17.npz,3a4e7ef10d9c6f9a71eff02a9c824dadd28caf01ed4b20fe8da5c250b7302cb4,,0.8181818181818182,0.77099609375,0.40625,0.40625,WEEK,WEEK|NAME|USE|LEARN|SICK,0.5752103328704834,WEEK,WEEK|NAME|USE|DAY|LIKE,0.22345100343227386,quarantine_extraction_quality
WEEK,WEEK,B_02_079,canonical_and_pinned_raw_text_equal,local_hex_unknown_session,data/raw_videos/ASL VIDEOS/WEEK/61145b69.mp4,data/local/ASL_hand_crops_av/WEEK_61145b69.jpg,640,480,33,30.0,1.1,94.71929931640625,0.09124755859375,1166.4554443359375,0.9360974319811405,0.4549625515937805,2,False,data/local/local_citizen100_quality_audit_q82_cap14_exact/landmarks/WEEK/61145b69.v17.npz,1fa1f5a8618a32e6bfa902e59f20482120b2de795ed8c2de488869fff54ccf9d,,1.0,0.8408203125,0.0,0.3203125,SCHOOL,SCHOOL|NAME|WEEK|HOW|DOCTOR,0.10464941710233688,DOCTOR,DOCTOR|WRITE|MORE|NAME|WEEK,0.058287493884563446,quarantine_extraction_quality
WEEK,WEEK,B_02_079,canonical_and_pinned_raw_text_equal,local_numbered_single_session,data/raw_videos/ASL VIDEOS/WEEK/WEEK_16.mp4,data/local/ASL_hand_crops_av/WEEK_WEEK_16.jpg,640,480,70,30.0,2.3333333333333335,142.068359375,0.0,1995.689697265625,0.963989665679251,,1,False,data/local/local_citizen100_quality_audit_q82_cap14_exact/landmarks/WEEK/WEEK_16.v17.npz,2bd480f283e99043b3e2a4ad92e9c580054160d502543d516b4d12bf281ff6ac,,0.9298245614035088,0.91015625,0.0,0.640625,MORNING,MORNING|NAME|LOVE|HOW|WEEK,0.05244193971157074,MORNING,MORNING|USE|WEEK|DAY|LIKE,0.06754100322723389,quarantine_extraction_quality
WHEN,WHEN,C_03_086,canonical_and_pinned_raw_text_equal,local_hex_unknown_session,data/raw_videos/ASL VIDEOS/WHEN/c99af13e.mp4,data/local/ASL_hand_crops_av/WHEN_c99af13e.jpg,640,480,29,30.0,0.9666666666666667,122.483642578125,0.017822265625,3927.9091796875,0.9714292645117893,0.24178779125213623,10,False,data/local/local_citizen100_quality_audit_q82_cap14_exact/landmarks/WHEN/c99af13e.v17.npz,f530e8228852de92e188f7db270a8066975916a3dae444ee129e1932879d677f,,1.0,0.90478515625,0.0,0.0,WHEN,WHEN|SIGN|EXCITED|SICK|LANGUAGE,0.4008063077926636,WHEN,WHEN|LANGUAGE|THEY|WHAT|SIGN,0.7426192760467529,quarantine_extraction_quality
WHEN,WHEN,C_03_086,canonical_and_pinned_raw_text_equal,local_numbered_single_session,data/raw_videos/ASL VIDEOS/WHEN/WHEN_7.mp4,data/local/ASL_hand_crops_av/WHEN_WHEN_7.jpg,640,480,90,30.0,3.0,142.2447509765625,0.0,7780.734375,0.9036634875490314,0.36886918544769287,6,False,data/local/local_citizen100_quality_audit_q82_cap14_exact/landmarks/WHEN/WHEN_7.v17.npz,074dbe54e577178725f7437ba48ab079271021112d3df8f38741fccacd72bac3,,0.9705882352941176,0.85498046875,0.125,0.6796875,SIGN,SIGN|WHEN|HAVE|DIFFERENT|ANGRY,0.23526740074157715,SIGN,SIGN|WHEN|I|TELL|UNDERSTAND,0.22431835532188416,quarantine_extraction_quality
WHEN,WHEN,C_03_086,canonical_and_pinned_raw_text_equal,local_hex_unknown_session,data/raw_videos/ASL VIDEOS/WHEN/8773c424.mp4,data/local/ASL_hand_crops_av/WHEN_8773c424.jpg,640,480,37,30.0,1.2333333333333334,123.40997314453125,0.0010986328125,3479.462646484375,0.9910138404451998,,1,False,data/local/local_citizen100_quality_audit_q82_cap14_exact/landmarks/WHEN/8773c424.v17.npz,3cbe541bc3f66e93ce681591d36a1181ba3584cdc807543b75342ecf8973c789,,0.8620689655172413,0.81103515625,0.03125,0.453125,SIGN,SIGN|WHEN|HAVE|TIME|DIFFERENT,0.14396169781684875,SIGN,SIGN|WHEN|I|HAVE|ANGRY,0.059660911560058594,quarantine_extraction_quality
WHEN,WHEN,C_03_086,canonical_and_pinned_raw_text_equal,local_hex_unknown_session,data/raw_videos/ASL VIDEOS/WHEN/bafcc0d5.mp4,data/local/ASL_hand_crops_av/WHEN_bafcc0d5.jpg,640,480,35,30.0,1.1666666666666667,120.16461181640625,0.006103515625,4891.7216796875,0.9855278655456607,0.5103978216648102,2,False,data/local/local_citizen100_quality_audit_q82_cap14_exact/landmarks/WHEN/bafcc0d5.v17.npz,31f7c0bfe329d7eb372b346f254a9160bfa5b9ce7b4b71e6f765a5dc65f0be9d,,0.9411764705882353,0.84375,0.0,0.5,SIGN,SIGN|WHEN|HAVE|HOW|MAKE,0.29386770725250244,SIGN,SIGN|FRIEND|WHEN|HOW|UNDERSTAND,0.05612007901072502,quarantine_extraction_quality
WHERE,WHERE,B_02_035,canonical_and_pinned_raw_text_equal,local_numbered_single_session,data/raw_videos/ASL VIDEOS/WHERE/WHERE_19.mp4,data/local/ASL_hand_crops_av/WHERE_WHERE_19.jpg,640,480,47,30.0,1.5666666666666667,132.9384765625,0.0,7782.3583984375,0.9992567535334254,,1,False,data/local/local_citizen100_quality_audit_q82_cap14_exact/landmarks/WHERE/WHERE_19.v17.npz,1b9fbe1d03f2dc6b30e3d53af4a63497bae3bb68db542f4cd0f162cd45516bf2,,1.0,0.5,0.0,0.875,DIFFERENT,DIFFERENT|GO|WHEN|SIGN|BIG,0.026231488212943077,WHERE,WHERE|DIFFERENT|ASK|GO|SIGN,0.6346919536590576,quarantine_extraction_quality
WHO,WHO,C_01_041,canonical_and_pinned_raw_text_equal,local_hex_unknown_session,data/raw_videos/ASL VIDEOS/WHO/47b55943.mp4,data/local/ASL_hand_crops_av/WHO_47b55943.jpg,640,480,16,30.0,0.5333333333333333,80.13702392578125,0.121826171875,803.2338256835938,0.8610994764528167,0.3404059410095215,7,False,data/local/local_citizen100_quality_audit_q82_cap14_exact/landmarks/WHO/47b55943.v17.npz,acb9afbdd57d2f150b52cdef4da1d92864afe0c042827e49d80e3e16669123aa,,1.0,0.5,0.0,0.4375,WHEN,WHEN|SIGN|UNDERSTAND|HAVE|DIFFERENT,0.0017249290831387043,WHEN,WHEN|UNDERSTAND|SIGN|WHO|TELL,0.03377180173993111,quarantine_extraction_quality
WORK,WORK,B_03_059,canonical_and_pinned_raw_text_equal,local_hex_unknown_session,data/raw_videos/ASL VIDEOS/WORK/8c31e7a4.mp4,data/local/ASL_hand_crops_av/WORK_8c31e7a4.jpg,640,480,37,30.0,1.2333333333333334,108.4110107421875,0.0,184.07357788085938,0.9253966810004721,0.23666739463806152,9,False,data/local/local_citizen100_quality_audit_q82_cap14_exact/landmarks/WORK/8c31e7a4.v17.npz,8ecc7e4adbc2ecc676fdb344b9766fa58695fe4134ca938dc206b1ecdc7519b9,,0.9411764705882353,0.77978515625,0.0,0.71875,WORK,WORK|TIME|IMPORTANT|NIGHT|YEAR,0.8411149978637695,WORK,WORK|NIGHT|TAKE|WAIT|MAKE,0.864893913269043,quarantine_extraction_quality
WORK,WORK,B_03_059,canonical_and_pinned_raw_text_equal,local_hex_unknown_session,data/raw_videos/ASL VIDEOS/WORK/df479ec8.mp4,data/local/ASL_hand_crops_av/WORK_df479ec8.jpg,640,480,22,30.0,0.7333333333333333,130.8240966796875,0.0223388671875,4202.85498046875,0.9528164579951887,0.2383611798286438,8,False,data/local/local_citizen100_quality_audit_q82_cap14_exact/landmarks/WORK/df479ec8.v17.npz,32870d110e311a184b0aa0483f8e541f010a2dd07b0b97b3cfb29dc4c075ff0c,,0.7647058823529411,0.775390625,0.5625,0.4375,WORK,WORK|NIGHT|IMPORTANT|USE|HOSPITAL,0.8151400685310364,WORK,WORK|TAKE|NIGHT|HOSPITAL|WHO,0.8675113916397095,quarantine_extraction_quality
WORK,WORK,B_03_059,canonical_and_pinned_raw_text_equal,local_hex_unknown_session,data/raw_videos/ASL VIDEOS/WORK/aee26f01.mp4,data/local/ASL_hand_crops_av/WORK_aee26f01.jpg,640,480,22,30.0,0.7333333333333333,131.391845703125,0.04400634765625,4169.7802734375,0.9473110166765321,0.2890945076942444,4,False,data/local/local_citizen100_quality_audit_q82_cap14_exact/landmarks/WORK/aee26f01.v17.npz,fa26d534999ada1b358a6b5a797349c2a18c09c87c673855b4724b3f4afc3437,,0.8,0.7783203125,0.46875,0.3515625,WORK,WORK|NIGHT|MAKE|TIME|USE,0.7874559760093689,WORK,WORK|MAKE|LOVE|NIGHT|HOSPITAL,0.8200082182884216,quarantine_extraction_quality
WORK,WORK,B_03_059,canonical_and_pinned_raw_text_equal,local_hex_unknown_session,data/raw_videos/ASL VIDEOS/WORK/60ec24fe.mp4,data/local/ASL_hand_crops_av/WORK_60ec24fe.jpg,640,480,22,30.0,0.7333333333333333,146.94464111328125,0.0462646484375,4594.98095703125,0.9377551118410018,0.19483661651611328,12,False,data/local/local_citizen100_quality_audit_q82_cap14_exact/landmarks/WORK/60ec24fe.v17.npz,da2ed707bd0bef5f80a87bdb23e454ef7fec0f7ea6e22e652330f27afccdc9c5,,0.8095238095238095,0.7255859375,0.4375,0.34375,WORK,WORK|NIGHT|USE|HOSPITAL|TIME,0.7798352837562561,WORK,WORK|NIGHT|MAKE|ANSWER|TAKE,0.9160619974136353,quarantine_extraction_quality
WORK,WORK,B_03_059,canonical_and_pinned_raw_text_equal,local_hex_unknown_session,data/raw_videos/ASL VIDEOS/WORK/66317244.mp4,data/local/ASL_hand_crops_av/WORK_66317244.jpg,640,480,35,30.0,1.1666666666666667,101.5162353515625,0.0,209.48797607421875,0.9212221831278407,0.21831560134887695,11,False,data/local/local_citizen100_quality_audit_q82_cap14_exact/landmarks/WORK/66317244.v17.npz,cf3e757752ff1a7815311bbf436c8a4fae8866ff04d4f77660a904f9e40c6910,,1.0,0.8193359375,0.0,0.9375,WORK,WORK|TIME|MAKE|NIGHT|YEAR,0.8183275461196899,WORK,WORK|NIGHT|MAKE|TIME|YEAR,0.6809189319610596,quarantine_extraction_quality
WORK,WORK,B_03_059,canonical_and_pinned_raw_text_equal,local_hex_unknown_session,data/raw_videos/ASL VIDEOS/WORK/1cd6a42c.mp4,data/local/ASL_hand_crops_av/WORK_1cd6a42c.jpg,640,480,38,30.0,1.2666666666666666,106.95562744140625,0.0,189.25497436523438,0.9267731906745309,0.18790984153747559,14,False,data/local/local_citizen100_quality_audit_q82_cap14_exact/landmarks/WORK/1cd6a42c.v17.npz,5d1aff520617a7104aecf3d393129f013632976688d4d2ca9435df64392b0715,,1.0,0.77978515625,0.0,0.671875,WORK,WORK|TIME|MAKE|NIGHT|YEAR,0.6243879795074463,WORK,WORK|NIGHT|YEAR|MAKE|TIME,0.632330596446991,quarantine_extraction_quality
WORK,WORK,B_03_059,canonical_and_pinned_raw_text_equal,local_hex_unknown_session,data/raw_videos/ASL VIDEOS/WORK/59d6f5f4.mp4,data/local/ASL_hand_crops_av/WORK_59d6f5f4.jpg,640,480,56,30.0,1.8666666666666667,94.66455078125,0.0,466.61163330078125,0.9628123741556955,0.44442135095596313,2,False,data/local/local_citizen100_quality_audit_q82_cap14_exact/landmarks/WORK/59d6f5f4.v17.npz,4184532b9754bbddcbfe62b298fc65f4f0303210c76449b6b7aaf1ccf97515d7,,0.631578947368421,0.341552734375,0.65625,0.4921875,WE,WE|TIME|I|HOSPITAL|WORK,0.04550755023956299,WORK,WORK|WE|TAKE|TIME|HOSPITAL,0.35172194242477417,quarantine_extraction_quality
WRITE,WRITE,D_01_051,canonical_and_pinned_raw_text_equal,local_hex_unknown_session,data/raw_videos/ASL VIDEOS/WRITE/37f643df.mp4,data/local/ASL_hand_crops_av/WRITE_37f643df.jpg,640,480,21,30.0,0.7,147.1593017578125,0.12274169921875,1849.03466796875,0.9163334036411144,0.09204816818237305,12,False,data/local/local_citizen100_quality_audit_q82_cap14_exact/landmarks/WRITE/37f643df.v17.npz,cfa1e768bd14f3ad34a55166791e04d31347137e929b6cd7c0c5c782e5185b0a,,0.8947368421052632,0.7900390625,0.46875,0.46875,NIGHT,NIGHT|WRITE|LESS|LEARN|DOCTOR,0.14222541451454163,DOCTOR,DOCTOR|WRITE|NIGHT|READ|LEARN,0.16928280889987946,quarantine_extraction_quality
WRITE,WRITE,D_01_051,canonical_and_pinned_raw_text_equal,local_numbered_single_session,data/raw_videos/ASL VIDEOS/WRITE/WRITE_19.mp4,data/local/ASL_hand_crops_av/WRITE_WRITE_19.jpg,640,480,82,30.0,2.7333333333333334,95.24566650390625,0.0,2425.0517578125,0.9065227146375149,0.3388930559158325,5,False,data/local/local_citizen100_quality_audit_q82_cap14_exact/landmarks/WRITE/WRITE_19.v17.npz,8d6f5e7f1edef08672953d35042e0a4b18f5703e3eeb2d7bed44e91518432de5,,0.8611111111111112,0.8056640625,0.0,0.3203125,SIGN,SIGN|HAVE|TIME|WHEN|TRY,0.006434076931327581,HOW,HOW|MAKE|HAVE|WRITE|TIME,0.05496488884091377,quarantine_extraction_quality
WRITE,WRITE,D_01_051,canonical_and_pinned_raw_text_equal,local_hex_unknown_session,data/raw_videos/ASL VIDEOS/WRITE/9f35a980.mp4,data/local/ASL_hand_crops_av/WRITE_9f35a980.jpg,640,480,22,30.0,0.7333333333333333,151.083740234375,0.08612060546875,1360.335693359375,0.9239879801234568,0.08990836143493652,13,False,data/local/local_citizen100_quality_audit_q82_cap14_exact/landmarks/WRITE/9f35a980.v17.npz,10dda85f6b1a60ccaae68d771b26bc72451710774418426635b46d6da19d35d8,,0.7894736842105263,0.7333984375,0.5,0.15625,TIME,TIME|SIGN|NAME|DOCTOR|YEAR,0.005940701812505722,DOCTOR,DOCTOR|TIME|NIGHT|READ|WRITE,0.020337391644716263,quarantine_extraction_quality
WRITE,WRITE,D_01_051,canonical_and_pinned_raw_text_equal,local_hex_unknown_session,data/raw_videos/ASL VIDEOS/WRITE/20d696bd.mp4,data/local/ASL_hand_crops_av/WRITE_20d696bd.jpg,640,480,18,30.0,0.6,150.02105712890625,0.078125,1353.7132568359375,0.9153008593618959,0.15232950448989868,9,False,data/local/local_citizen100_quality_audit_q82_cap14_exact/landmarks/WRITE/20d696bd.v17.npz,f5e8947e58d868421e7cad9f264e189ee247212464524ae2b0079c5def89689e,,0.7222222222222222,0.6962890625,0.96875,0.7265625,NIGHT,NIGHT|NAME|DOCTOR|TIME|MAKE,0.0051825870759785175,NIGHT,NIGHT|TIME|DOCTOR|READ|USE,0.002326607471331954,quarantine_extraction_quality
YEAR,YEAR,B_02_015,canonical_and_pinned_raw_text_equal,local_hex_unknown_session,data/raw_videos/ASL VIDEOS/YEAR/f48a2f7c.mp4,data/local/ASL_hand_crops_av/YEAR_f48a2f7c.jpg,640,480,29,30.0,0.9666666666666667,146.6527099609375,0.0743408203125,1148.8509521484375,0.9493746318063262,0.16628825664520264,13,False,data/local/local_citizen100_quality_audit_q82_cap14_exact/landmarks/YEAR/f48a2f7c.v17.npz,5984a1815963bbdf99db97acf60040bf8bc3429c8775d59ec74a7e0977003a1d,,0.7916666666666666,0.75732421875,0.6875,0.4375,YEAR,YEAR|SIGN|WHAT|MAKE|LEARN,0.9015039801597595,YEAR,YEAR|DAY|THINK|MORNING|TELL,0.8442177176475525,quarantine_extraction_quality
YEAR,YEAR,B_02_015,canonical_and_pinned_raw_text_equal,local_hex_unknown_session,data/raw_videos/ASL VIDEOS/YEAR/169e3b1e.mp4,data/local/ASL_hand_crops_av/YEAR_169e3b1e.jpg,640,480,73,30.0,2.433333333333333,71.27337646484375,0.03564453125,210.74594116210938,0.8317107445856902,0.20749938488006592,12,False,data/local/local_citizen100_quality_audit_q82_cap14_exact/landmarks/YEAR/169e3b1e.v17.npz,994beca3d46ad39ba3d879a935fabca35d92c61c88b1e318356c8876a4cf57f7,,0.9384615384615385,0.8837890625,0.0,0.84375,YEAR,YEAR|MAKE|LOVE|SIGN|TIME,0.43750184774398804,YEAR,YEAR|MAKE|NAME|MORNING|THINK,0.7111830711364746,quarantine_extraction_quality
YEAR,YEAR,B_02_015,canonical_and_pinned_raw_text_equal,local_hex_unknown_session,data/raw_videos/ASL VIDEOS/YEAR/ed6972e5.mp4,data/local/ASL_hand_crops_av/YEAR_ed6972e5.jpg,640,480,43,30.0,1.4333333333333333,108.8114013671875,0.1097412109375,867.5877075195312,0.9619598791531656,0.5365139842033386,2,False,data/local/local_citizen100_quality_audit_q82_cap14_exact/landmarks/YEAR/ed6972e5.v17.npz,3e2b01ebef6c88789cd760cb6ee1130202cb2e21d680313ec8d8009454be65a7,,1.0,0.8818359375,0.0,0.0,MAKE,MAKE|YEAR|HOW|TIRED|MORNING,0.17513765394687653,YEAR,YEAR|MORNING|LEARN|FRIEND|WHAT,0.8165215253829956,quarantine_extraction_quality
YEAR,YEAR,B_02_015,canonical_and_pinned_raw_text_equal,local_hex_unknown_session,data/raw_videos/ASL VIDEOS/YEAR/c750ea29.mp4,data/local/ASL_hand_crops_av/YEAR_c750ea29.jpg,640,480,48,30.0,1.6,110.66375732421875,0.0,147.42843627929688,0.9233216203112729,0.1922398805618286,11,False,data/local/local_citizen100_quality_audit_q82_cap14_exact/landmarks/YEAR/c750ea29.v17.npz,d367c028642387f2fa08abf83796db48d22d3014c96fedefe867f271acbd3bda,,0.9302325581395349,0.84375,0.40625,0.3125,MAKE,MAKE|YEAR|LOVE|TIME|NIGHT,0.13596729934215546,YEAR,YEAR|MAKE|TIME|USE|NAME,0.8726428747177124,quarantine_extraction_quality
YEAR,YEAR,B_02_015,canonical_and_pinned_raw_text_equal,local_hex_unknown_session,data/raw_videos/ASL VIDEOS/YEAR/870ecaae.mp4,data/local/ASL_hand_crops_av/YEAR_870ecaae.jpg,640,480,42,30.0,1.4,99.033203125,0.09747314453125,1004.352783203125,0.9531458822740555,0.20554035902023315,10,False,data/local/local_citizen100_quality_audit_q82_cap14_exact/landmarks/YEAR/870ecaae.v17.npz,34b9ad9677a2d5a50f3b7551985616dc31285a3ae41eb0f04c3cdfc592160db3,,0.9523809523809523,0.87890625,0.0,0.0,YEAR,YEAR|LEARN|SICK|MORNING|THINK,0.15225288271903992,UNDERSTAND,UNDERSTAND|NAME|YEAR|ANGRY|MORNING,0.09866935014724731,quarantine_extraction_quality
YES,YES,G_03_074,canonical_and_pinned_raw_text_equal,local_hex_unknown_session,data/raw_videos/ASL VIDEOS/YES/db10a28a.mp4,data/local/ASL_hand_crops_av/YES_db10a28a.jpg,640,480,39,30.0,1.3,67.0135498046875,0.03497314453125,911.7506103515625,0.9042925355203081,0.5163134336471558,3,False,data/local/local_citizen100_quality_audit_q82_cap14_exact/landmarks/YES/db10a28a.v17.npz,9ad560abc3fd704efa903ae5ba079bc52efd09a52ce492bea0eae4273d978564,,1.0,0.5,0.4375,0.015625,LEARN,LEARN|ANSWER|FIND|YEAR|FATHER,0.00830168928951025,FIND,FIND|YES|YESTERDAY|WORK|LEARN,0.16406667232513428,quarantine_extraction_quality
YESTERDAY,YESTERDAY,D_01_024,canonical_and_pinned_raw_text_equal,local_hex_unknown_session,data/raw_videos/ASL VIDEOS/YESTERDAY/5f88ecfd.mp4,data/local/ASL_hand_crops_av/YESTERDAY_5f88ecfd.jpg,640,480,39,30.0,1.3,68.2586669921875,0.10101318359375,1159.627197265625,0.8958586262935372,0.3912052512168884,4,False,data/local/local_citizen100_quality_audit_q82_cap14_exact/landmarks/YESTERDAY/5f88ecfd.v17.npz,11307b04f4c7f13435e524f57e4c6a9d0941a792a3f7ad6bf68778eb873e6566,,0.7948717948717948,0.3876953125,0.84375,0.84375,YESTERDAY,YESTERDAY|TOMORROW|YES|DRINK|TAKE,0.34818628430366516,YESTERDAY,YESTERDAY|YES|TOMORROW|DRINK|FIND,0.8003639578819275,quarantine_extraction_quality
YOU,YOU,D_02_065,canonical_and_pinned_raw_text_equal,local_hex_unknown_session,data/raw_videos/ASL VIDEOS/YOU/b6a80ca8.mp4,data/local/ASL_hand_crops_av/YOU_b6a80ca8.jpg,640,480,16,30.0,0.5333333333333333,130.23651123046875,0.0,167.22927856445312,0.8791950031097812,0.22377508878707886,12,False,data/local/local_citizen100_quality_audit_q82_cap14_exact/landmarks/YOU/b6a80ca8.v17.npz,cedd29cc52b1941b77ffe508f2a1cbbcfd72005d2a5fdd833c6f6f26a7a0f303,,0.8,0.40625,0.09375,0.0,THINK,THINK|SICK|FATHER|ANSWER|UNDERSTAND,0.0031388821080327034,THINK,THINK|UNDERSTAND|FATHER|DAY|SICK,0.001972925616428256,quarantine_extraction_quality
YOUR,YOUR,F_01_052,canonical_and_pinned_raw_text_equal,local_hex_unknown_session,data/raw_videos/ASL VIDEOS/YOUR/1b530606.mp4,data/local/ASL_hand_crops_av/YOUR_1b530606.jpg,640,480,23,30.0,0.7666666666666667,131.80560302734375,0.0,117.4078140258789,0.8798024657463168,0.297269344329834,9,False,data/local/local_citizen100_quality_audit_q82_cap14_exact/landmarks/YOUR/1b530606.v17.npz,2de88bdc64e6e0191b1e5886086cca8117112fbfba0faf17e08807fd6ed36a29,,0.782608695652174,0.380126953125,0.0,0.1953125,IMPORTANT,IMPORTANT|YOUR|SMALL|DOCTOR|READY,0.06437068432569504,YOUR,YOUR|IMPORTANT|DOCTOR|SMALL|READ,0.5434247255325317,quarantine_extraction_quality
YOUR,YOUR,F_01_052,canonical_and_pinned_raw_text_equal,local_hex_unknown_session,data/raw_videos/ASL VIDEOS/YOUR/fd60c14d.mp4,data/local/ASL_hand_crops_av/YOUR_fd60c14d.jpg,640,480,19,30.0,0.6333333333333333,118.5152587890625,0.0,140.52247619628906,0.8762388971928958,0.19585931301116943,14,False,data/local/local_citizen100_quality_audit_q82_cap14_exact/landmarks/YOUR/fd60c14d.v17.npz,8e56ad02759dfb510324f42a7fc29a46f48c8e05d9a32cec64f7c5f95e51ef19,,0.8666666666666667,0.4375,0.0,0.625,IMPORTANT,IMPORTANT|READY|SMALL|YOUR|TALK,0.04034106433391571,YOUR,YOUR|GOODBYE|MOTHER|HEAR|HELLO,0.4861834943294525,quarantine_extraction_quality
YOUR,YOUR,F_01_052,canonical_and_pinned_raw_text_equal,local_hex_unknown_session,data/raw_videos/ASL VIDEOS/YOUR/5f187aac.mp4,data/local/ASL_hand_crops_av/YOUR_5f187aac.jpg,640,480,15,30.0,0.5,139.96795654296875,0.0767822265625,2690.97509765625,0.9148405026432838,0.36674022674560547,6,False,data/local/local_citizen100_quality_audit_q82_cap14_exact/landmarks/YOUR/5f187aac.v17.npz,1b77dd1511fe4690c5d34ac62e7b094a5c9d4f2a628b2e197ad209c258deb8c7,,1.0,0.5,0.0,0.046875,USE,USE|SCHOOL|NIGHT|IMPORTANT|HOSPITAL,0.0040247198194265366,NIGHT,NIGHT|USE|SCHOOL|HOSPITAL|LOVE,0.007168466690927744,quarantine_extraction_quality
YOUR,YOUR,F_01_052,canonical_and_pinned_raw_text_equal,local_hex_unknown_session,data/raw_videos/ASL VIDEOS/YOUR/a4eceffe.mp4,data/local/ASL_hand_crops_av/YOUR_a4eceffe.jpg,640,480,24,30.0,0.8,125.92840576171875,0.0,141.4652862548828,0.8932333992892033,0.2395535707473755,11,False,data/local/local_citizen100_quality_audit_q82_cap14_exact/landmarks/YOUR/a4eceffe.v17.npz,51ecd32355cb5714ee9837cc791e0f91709118eff1bd427033e489e66b8ee33f,,0.8181818181818182,0.421875,0.0,0.0,FATHER,FATHER|IMPORTANT|HELLO|SAD|READY,0.0017955343937501311,FATHER,FATHER|FIND|HELLO|IMPORTANT|DRINK,0.025077810510993004,quarantine_extraction_quality
