item_id,source,annotation_verified,sign_start_seconds,sign_end_seconds,reference_label,window_end_seconds,window_prediction,probability,hypothesis,final
asllrp:15718738.mp4:span00,asllrp_contiguous,True,0.16683333333333333,0.3670333333333333,NIGHT,0.53,LEARN,0.22946682572364807,,
asllrp:15718738.mp4:span00,asllrp_contiguous,True,0.16683333333333333,0.3670333333333333,NIGHT,0.66,WORK,0.12182386219501495,,
asllrp:15718738.mp4:span00,asllrp_contiguous,True,0.16683333333333333,0.3670333333333333,NIGHT,0.7674333333333333,FRIEND,0.2975177466869354,,
asllrp:15718738.mp4:span00,asllrp_contiguous,True,0.4337666666666667,0.6339666666666667,TIME,0.53,LEARN,0.22946682572364807,,
asllrp:15718738.mp4:span00,asllrp_contiguous,True,0.4337666666666667,0.6339666666666667,TIME,0.66,WORK,0.12182386219501495,,
asllrp:15718738.mp4:span00,asllrp_contiguous,True,0.4337666666666667,0.6339666666666667,TIME,0.7674333333333333,FRIEND,0.2975177466869354,,
asllrp:30336.mp4:span00,asllrp_contiguous,True,0.16683333333333333,0.40040000000000003,WATER,0.53,WATER,0.7827388644218445,,WATER SLEEP YES
asllrp:30336.mp4:span00,asllrp_contiguous,True,0.16683333333333333,0.40040000000000003,WATER,0.66,WATER,0.7236460447311401,WATER,WATER SLEEP YES
asllrp:30336.mp4:span00,asllrp_contiguous,True,0.16683333333333333,0.40040000000000003,WATER,0.79,SLEEP,0.3546912372112274,WATER,WATER SLEEP YES
asllrp:30336.mp4:span00,asllrp_contiguous,True,0.16683333333333333,0.40040000000000003,WATER,0.92,SLEEP,0.33081290125846863,WATER SLEEP,WATER SLEEP YES
asllrp:30336.mp4:span00,asllrp_contiguous,True,0.6006,1.2012,COLD,0.53,WATER,0.7827388644218445,,WATER SLEEP YES
asllrp:30336.mp4:span00,asllrp_contiguous,True,0.6006,1.2012,COLD,0.66,WATER,0.7236460447311401,WATER,WATER SLEEP YES
asllrp:30336.mp4:span00,asllrp_contiguous,True,0.6006,1.2012,COLD,0.79,SLEEP,0.3546912372112274,WATER,WATER SLEEP YES
asllrp:30336.mp4:span00,asllrp_contiguous,True,0.6006,1.2012,COLD,0.92,SLEEP,0.33081290125846863,WATER SLEEP,WATER SLEEP YES
asllrp:30336.mp4:span00,asllrp_contiguous,True,0.6006,1.2012,COLD,1.05,YES,0.21867501735687256,WATER SLEEP,WATER SLEEP YES
asllrp:30336.mp4:span00,asllrp_contiguous,True,0.6006,1.2012,COLD,1.1800000000000002,YES,0.35718247294425964,WATER SLEEP YES,WATER SLEEP YES
asllrp:30336.mp4:span00,asllrp_contiguous,True,0.6006,1.2012,COLD,1.3013000000000001,YES,0.41781070828437805,WATER SLEEP YES,WATER SLEEP YES
asllrp:31657946.mp4:span00,asllrp_contiguous,True,0.16683333333333333,0.33366666666666667,LIKE,0.53,LIKE,0.8583781123161316,,LIKE
asllrp:31657946.mp4:span00,asllrp_contiguous,True,0.16683333333333333,0.33366666666666667,LIKE,0.66,LIKE,0.5665399432182312,LIKE,LIKE
asllrp:31657946.mp4:span00,asllrp_contiguous,True,0.16683333333333333,0.33366666666666667,LIKE,0.6673333333333333,LIKE,0.3777303993701935,LIKE,LIKE
asllrp:31657946.mp4:span00,asllrp_contiguous,True,0.4337666666666667,0.5338666666666667,READ,0.53,LIKE,0.8583781123161316,,LIKE
asllrp:31657946.mp4:span00,asllrp_contiguous,True,0.4337666666666667,0.5338666666666667,READ,0.66,LIKE,0.5665399432182312,LIKE,LIKE
asllrp:31657946.mp4:span00,asllrp_contiguous,True,0.4337666666666667,0.5338666666666667,READ,0.6673333333333333,LIKE,0.3777303993701935,LIKE,LIKE
asllrp:31659623.mp4:span00,asllrp_contiguous,True,0.16683333333333333,0.46713333333333334,FRIEND,0.53,FRIEND,0.8683077096939087,,FRIEND
asllrp:31659623.mp4:span00,asllrp_contiguous,True,0.16683333333333333,0.46713333333333334,FRIEND,0.66,FRIEND,0.8155480623245239,FRIEND,FRIEND
asllrp:31659623.mp4:span00,asllrp_contiguous,True,0.16683333333333333,0.46713333333333334,FRIEND,0.79,FRIEND,0.19545023143291473,FRIEND,FRIEND
asllrp:31659623.mp4:span00,asllrp_contiguous,True,0.16683333333333333,0.46713333333333334,FRIEND,0.8008000000000001,FRIEND,0.43834951519966125,FRIEND,FRIEND
asllrp:31659623.mp4:span00,asllrp_contiguous,True,0.5672333333333334,0.6673333333333333,NOW,0.53,FRIEND,0.8683077096939087,,FRIEND
asllrp:31659623.mp4:span00,asllrp_contiguous,True,0.5672333333333334,0.6673333333333333,NOW,0.66,FRIEND,0.8155480623245239,FRIEND,FRIEND
asllrp:31659623.mp4:span00,asllrp_contiguous,True,0.5672333333333334,0.6673333333333333,NOW,0.79,FRIEND,0.19545023143291473,FRIEND,FRIEND
asllrp:31659623.mp4:span00,asllrp_contiguous,True,0.5672333333333334,0.6673333333333333,NOW,0.8008000000000001,FRIEND,0.43834951519966125,FRIEND,FRIEND
asllrp:31660216.mp4:span00,asllrp_contiguous,True,0.16683333333333333,0.33366666666666667,NOW,0.53,NOW,0.9356138706207275,,NOW BAD
asllrp:31660216.mp4:span00,asllrp_contiguous,True,0.16683333333333333,0.33366666666666667,NOW,0.66,NOW,0.8751479983329773,NOW,NOW BAD
asllrp:31660216.mp4:span00,asllrp_contiguous,True,0.16683333333333333,0.33366666666666667,NOW,0.79,COME,0.12987874448299408,NOW,NOW BAD
asllrp:31660216.mp4:span00,asllrp_contiguous,True,0.6339666666666667,1.0343666666666667,BAD,0.53,NOW,0.9356138706207275,,NOW BAD
asllrp:31660216.mp4:span00,asllrp_contiguous,True,0.6339666666666667,1.0343666666666667,BAD,0.66,NOW,0.8751479983329773,NOW,NOW BAD
asllrp:31660216.mp4:span00,asllrp_contiguous,True,0.6339666666666667,1.0343666666666667,BAD,0.79,COME,0.12987874448299408,NOW,NOW BAD
asllrp:31660216.mp4:span00,asllrp_contiguous,True,0.6339666666666667,1.0343666666666667,BAD,0.92,GOOD,0.10959886014461517,NOW,NOW BAD
asllrp:31660216.mp4:span00,asllrp_contiguous,True,0.6339666666666667,1.0343666666666667,BAD,1.05,BAD,0.34655535221099854,NOW,NOW BAD
asllrp:31660216.mp4:span00,asllrp_contiguous,True,0.6339666666666667,1.0343666666666667,BAD,1.1678333333333333,BAD,0.7504128217697144,NOW BAD,NOW BAD
asllrp:841516.mp4:span00,asllrp_contiguous,True,0.16683333333333333,0.5672333333333334,FRIEND,0.53,FRIEND,0.8983222842216492,,FRIEND
asllrp:841516.mp4:span00,asllrp_contiguous,True,0.16683333333333333,0.5672333333333334,FRIEND,0.66,FRIEND,0.9104230403900146,FRIEND,FRIEND
asllrp:841516.mp4:span00,asllrp_contiguous,True,0.16683333333333333,0.5672333333333334,FRIEND,0.79,FRIEND,0.8397855162620544,FRIEND,FRIEND
asllrp:841516.mp4:span00,asllrp_contiguous,True,0.16683333333333333,0.5672333333333334,FRIEND,0.9009,WHEN,0.1786634922027588,FRIEND,FRIEND
asllrp:841516.mp4:span00,asllrp_contiguous,True,0.7007,0.8008000000000001,NOW,0.53,FRIEND,0.8983222842216492,,FRIEND
asllrp:841516.mp4:span00,asllrp_contiguous,True,0.7007,0.8008000000000001,NOW,0.66,FRIEND,0.9104230403900146,FRIEND,FRIEND
asllrp:841516.mp4:span00,asllrp_contiguous,True,0.7007,0.8008000000000001,NOW,0.79,FRIEND,0.8397855162620544,FRIEND,FRIEND
asllrp:841516.mp4:span00,asllrp_contiguous,True,0.7007,0.8008000000000001,NOW,0.9009,WHEN,0.1786634922027588,FRIEND,FRIEND
asllrp_other_ctc:15716766:span00,asllrp_other_ctc,True,1.2012,1.3346666666666667,NOW,0.79,DAY,0.11236695200204849,DAY,DAY
asllrp_other_ctc:15716766:span00,asllrp_other_ctc,True,1.2012,1.3346666666666667,NOW,0.92,DAY,0.18613633513450623,DAY,DAY
asllrp_other_ctc:15716766:span00,asllrp_other_ctc,True,1.2012,1.3346666666666667,NOW,1.05,UNDERSTAND,0.1995508372783661,DAY,DAY
asllrp_other_ctc:15716766:span00,asllrp_other_ctc,True,1.2012,1.3346666666666667,NOW,1.1800000000000002,SICK,0.5907220840454102,DAY,DAY
asllrp_other_ctc:15716766:span00,asllrp_other_ctc,True,1.2012,1.3346666666666667,NOW,1.31,WHY,0.4178623855113983,DAY,DAY
asllrp_other_ctc:15716766:span00,asllrp_other_ctc,True,1.2012,1.3346666666666667,NOW,1.44,BAD,0.10332709550857544,DAY,DAY
asllrp_other_ctc:15716766:span00,asllrp_other_ctc,True,1.2012,1.3346666666666667,NOW,1.57,MAYBE,0.1374712735414505,DAY,DAY
asllrp_other_ctc:15716766:span00,asllrp_other_ctc,True,1.2012,1.3346666666666667,NOW,1.7,TOMORROW,0.17092441022396088,DAY,DAY
asllrp_other_ctc:15716766:span00,asllrp_other_ctc,True,1.2012,1.3346666666666667,NOW,1.83,TRY,0.30090978741645813,DAY,DAY
asllrp_other_ctc:15716865:span00,asllrp_other_ctc,True,3.4034,3.7037,NOW,3.0,NIGHT,0.38464444875717163,SAD HOT SCHOOL,SAD HOT SCHOOL NIGHT SCHOOL EASY NOW
asllrp_other_ctc:15716865:span00,asllrp_other_ctc,True,3.4034,3.7037,NOW,3.13,NIGHT,0.23226191103458405,SAD HOT SCHOOL NIGHT,SAD HOT SCHOOL NIGHT SCHOOL EASY NOW
asllrp_other_ctc:15716865:span00,asllrp_other_ctc,True,3.4034,3.7037,NOW,3.26,SCHOOL,0.3698553442955017,SAD HOT SCHOOL NIGHT,SAD HOT SCHOOL NIGHT SCHOOL EASY NOW
asllrp_other_ctc:15716865:span00,asllrp_other_ctc,True,3.4034,3.7037,NOW,3.3900000000000006,SCHOOL,0.9573324918746948,SAD HOT SCHOOL NIGHT SCHOOL,SAD HOT SCHOOL NIGHT SCHOOL EASY NOW
asllrp_other_ctc:15716865:span00,asllrp_other_ctc,True,3.4034,3.7037,NOW,3.5200000000000005,EASY,0.1860404759645462,SAD HOT SCHOOL NIGHT SCHOOL,SAD HOT SCHOOL NIGHT SCHOOL EASY NOW
asllrp_other_ctc:15716865:span00,asllrp_other_ctc,True,3.4034,3.7037,NOW,3.6500000000000004,EASY,0.25185880064964294,SAD HOT SCHOOL NIGHT SCHOOL EASY,SAD HOT SCHOOL NIGHT SCHOOL EASY NOW
asllrp_other_ctc:15716865:span00,asllrp_other_ctc,True,3.4034,3.7037,NOW,3.7800000000000002,NOW,0.40944626927375793,SAD HOT SCHOOL NIGHT SCHOOL EASY,SAD HOT SCHOOL NIGHT SCHOOL EASY NOW
asllrp_other_ctc:15716865:span00,asllrp_other_ctc,True,3.4034,3.7037,NOW,3.8038,NOW,0.5218523144721985,SAD HOT SCHOOL NIGHT SCHOOL EASY NOW,SAD HOT SCHOOL NIGHT SCHOOL EASY NOW
asllrp_other_ctc:15716963:span00,asllrp_other_ctc,True,1.6349666666666667,1.8351666666666666,READ,1.1800000000000002,TALK,0.20253199338912964,WOMAN,WOMAN SCHOOL
asllrp_other_ctc:15716963:span00,asllrp_other_ctc,True,1.6349666666666667,1.8351666666666666,READ,1.31,GOOD,0.5031397342681885,WOMAN,WOMAN SCHOOL
asllrp_other_ctc:15716963:span00,asllrp_other_ctc,True,1.6349666666666667,1.8351666666666666,READ,1.44,HUNGRY,0.1391267478466034,WOMAN,WOMAN SCHOOL
asllrp_other_ctc:15716963:span00,asllrp_other_ctc,True,1.6349666666666667,1.8351666666666666,READ,1.57,SCHOOL,0.23883675038814545,WOMAN,WOMAN SCHOOL
asllrp_other_ctc:15716963:span00,asllrp_other_ctc,True,1.6349666666666667,1.8351666666666666,READ,1.7,I,0.09671004861593246,WOMAN,WOMAN SCHOOL
asllrp_other_ctc:15716963:span00,asllrp_other_ctc,True,1.6349666666666667,1.8351666666666666,READ,1.83,LIKE,0.1564255803823471,WOMAN,WOMAN SCHOOL
asllrp_other_ctc:15716963:span00,asllrp_other_ctc,True,1.6349666666666667,1.8351666666666666,READ,1.9600000000000002,WHAT,0.436272531747818,WOMAN,WOMAN SCHOOL
asllrp_other_ctc:15716963:span00,asllrp_other_ctc,True,1.6349666666666667,1.8351666666666666,READ,2.09,READ,0.19595500826835632,WOMAN,WOMAN SCHOOL
asllrp_other_ctc:15716963:span00,asllrp_other_ctc,True,1.6349666666666667,1.8351666666666666,READ,2.2199999999999998,STOP,0.2795959711074829,WOMAN,WOMAN SCHOOL
asllrp_other_ctc:15716963:span00,asllrp_other_ctc,True,1.6349666666666667,1.8351666666666666,READ,2.35,SCHOOL,0.6509988307952881,WOMAN,WOMAN SCHOOL
asllrp_other_ctc:15717258:span00,asllrp_other_ctc,True,0.6673333333333333,0.9342666666666667,FRIEND,0.53,WORK,0.21609772741794586,,WORK FRIEND ANGRY WANT LIKE
asllrp_other_ctc:15717258:span00,asllrp_other_ctc,True,0.6673333333333333,0.9342666666666667,FRIEND,0.66,WORK,0.13691775500774384,WORK,WORK FRIEND ANGRY WANT LIKE
asllrp_other_ctc:15717258:span00,asllrp_other_ctc,True,0.6673333333333333,0.9342666666666667,FRIEND,0.79,SAME,0.10613241791725159,WORK,WORK FRIEND ANGRY WANT LIKE
asllrp_other_ctc:15717258:span00,asllrp_other_ctc,True,0.6673333333333333,0.9342666666666667,FRIEND,0.92,FRIEND,0.385545939207077,WORK,WORK FRIEND ANGRY WANT LIKE
asllrp_other_ctc:15717258:span00,asllrp_other_ctc,True,0.6673333333333333,0.9342666666666667,FRIEND,1.05,FRIEND,0.09439048171043396,WORK FRIEND,WORK FRIEND ANGRY WANT LIKE
asllrp_other_ctc:15717258:span00,asllrp_other_ctc,True,0.6673333333333333,0.9342666666666667,FRIEND,1.1800000000000002,ANGRY,0.14448721706867218,WORK FRIEND,WORK FRIEND ANGRY WANT LIKE
asllrp_other_ctc:15717258:span00,asllrp_other_ctc,True,0.6673333333333333,0.9342666666666667,FRIEND,1.31,ANGRY,0.4434751272201538,WORK FRIEND ANGRY,WORK FRIEND ANGRY WANT LIKE
asllrp_other_ctc:15717258:span00,asllrp_other_ctc,True,0.6673333333333333,0.9342666666666667,FRIEND,1.44,WANT,0.3506771922111511,WORK FRIEND ANGRY,WORK FRIEND ANGRY WANT LIKE
asllrp_other_ctc:15717259:span00,asllrp_other_ctc,True,0.5672333333333334,0.8008000000000001,FRIEND,0.53,ASK,0.20296849310398102,,ASK FRIEND SAME WORK MAYBE TOMORROW BIG
asllrp_other_ctc:15717259:span00,asllrp_other_ctc,True,0.5672333333333334,0.8008000000000001,FRIEND,0.66,ASK,0.24712081253528595,ASK,ASK FRIEND SAME WORK MAYBE TOMORROW BIG
asllrp_other_ctc:15717259:span00,asllrp_other_ctc,True,0.5672333333333334,0.8008000000000001,FRIEND,0.79,GO,0.10385438799858093,ASK,ASK FRIEND SAME WORK MAYBE TOMORROW BIG
asllrp_other_ctc:15717259:span00,asllrp_other_ctc,True,0.5672333333333334,0.8008000000000001,FRIEND,0.92,FRIEND,0.6771140098571777,ASK,ASK FRIEND SAME WORK MAYBE TOMORROW BIG
asllrp_other_ctc:15717259:span00,asllrp_other_ctc,True,0.5672333333333334,0.8008000000000001,FRIEND,1.05,FRIEND,0.20574191212654114,ASK FRIEND,ASK FRIEND SAME WORK MAYBE TOMORROW BIG
asllrp_other_ctc:15717259:span00,asllrp_other_ctc,True,0.5672333333333334,0.8008000000000001,FRIEND,1.1800000000000002,WORK,0.26678529381752014,ASK FRIEND,ASK FRIEND SAME WORK MAYBE TOMORROW BIG
asllrp_other_ctc:15717259:span00,asllrp_other_ctc,True,0.5672333333333334,0.8008000000000001,FRIEND,1.31,SAME,0.39490512013435364,ASK FRIEND,ASK FRIEND SAME WORK MAYBE TOMORROW BIG
asllrp_other_ctc:15717456:span00,asllrp_other_ctc,True,0.9009,1.1678333333333333,FRIEND,0.53,WHERE,0.5917531847953796,,TALK FRIEND READY WORK SORRY
asllrp_other_ctc:15717456:span00,asllrp_other_ctc,True,0.9009,1.1678333333333333,FRIEND,0.66,ASK,0.21299251914024353,,TALK FRIEND READY WORK SORRY
asllrp_other_ctc:15717456:span00,asllrp_other_ctc,True,0.9009,1.1678333333333333,FRIEND,0.79,TALK,0.3564811646938324,,TALK FRIEND READY WORK SORRY
asllrp_other_ctc:15717456:span00,asllrp_other_ctc,True,0.9009,1.1678333333333333,FRIEND,0.92,TALK,0.420070618391037,TALK,TALK FRIEND READY WORK SORRY
asllrp_other_ctc:15717456:span00,asllrp_other_ctc,True,0.9009,1.1678333333333333,FRIEND,1.05,ANSWER,0.05367349833250046,TALK,TALK FRIEND READY WORK SORRY
asllrp_other_ctc:15717456:span00,asllrp_other_ctc,True,0.9009,1.1678333333333333,FRIEND,1.1800000000000002,FRIEND,0.5783460140228271,TALK,TALK FRIEND READY WORK SORRY
asllrp_other_ctc:15717456:span00,asllrp_other_ctc,True,0.9009,1.1678333333333333,FRIEND,1.31,FRIEND,0.7866053581237793,TALK FRIEND,TALK FRIEND READY WORK SORRY
asllrp_other_ctc:15717456:span00,asllrp_other_ctc,True,0.9009,1.1678333333333333,FRIEND,1.44,READY,0.6606015563011169,TALK FRIEND,TALK FRIEND READY WORK SORRY
asllrp_other_ctc:15717456:span00,asllrp_other_ctc,True,0.9009,1.1678333333333333,FRIEND,1.57,READY,0.6623802781105042,TALK FRIEND READY,TALK FRIEND READY WORK SORRY
asllrp_other_ctc:15717850:span00,asllrp_other_ctc,True,0.7007,1.0343666666666667,FRIEND,0.53,HOSPITAL,0.11811748147010803,,WOMAN I TELL HUNGRY I GIVE MAKE SIGN I YEAR LIKE
asllrp_other_ctc:15717850:span00,asllrp_other_ctc,True,0.7007,1.0343666666666667,FRIEND,0.66,WOMAN,0.2523663640022278,,WOMAN I TELL HUNGRY I GIVE MAKE SIGN I YEAR LIKE
asllrp_other_ctc:15717850:span00,asllrp_other_ctc,True,0.7007,1.0343666666666667,FRIEND,0.79,WOMAN,0.21192532777786255,WOMAN,WOMAN I TELL HUNGRY I GIVE MAKE SIGN I YEAR LIKE
asllrp_other_ctc:15717850:span00,asllrp_other_ctc,True,0.7007,1.0343666666666667,FRIEND,0.92,I,0.2958684265613556,WOMAN,WOMAN I TELL HUNGRY I GIVE MAKE SIGN I YEAR LIKE
asllrp_other_ctc:15717850:span00,asllrp_other_ctc,True,0.7007,1.0343666666666667,FRIEND,1.05,FRIEND,0.33969494700431824,WOMAN,WOMAN I TELL HUNGRY I GIVE MAKE SIGN I YEAR LIKE
asllrp_other_ctc:15717850:span00,asllrp_other_ctc,True,0.7007,1.0343666666666667,FRIEND,1.1800000000000002,WHEN,0.2744920551776886,WOMAN,WOMAN I TELL HUNGRY I GIVE MAKE SIGN I YEAR LIKE
asllrp_other_ctc:15717850:span00,asllrp_other_ctc,True,0.7007,1.0343666666666667,FRIEND,1.31,I,0.2823578119277954,WOMAN,WOMAN I TELL HUNGRY I GIVE MAKE SIGN I YEAR LIKE
asllrp_other_ctc:15717850:span00,asllrp_other_ctc,True,0.7007,1.0343666666666667,FRIEND,1.44,I,0.286636084318161,WOMAN I,WOMAN I TELL HUNGRY I GIVE MAKE SIGN I YEAR LIKE
asllrp_other_ctc:15717948:span00,asllrp_other_ctc,True,5.3053,5.739066666666667,FRIEND,4.82,STOP,0.12845826148986816,TIRED SLEEP SAME USE I MAKE EXCITED,TIRED SLEEP SAME USE I MAKE EXCITED FRIEND I
asllrp_other_ctc:15717948:span00,asllrp_other_ctc,True,5.3053,5.739066666666667,FRIEND,4.95,LESS,0.30143803358078003,TIRED SLEEP SAME USE I MAKE EXCITED,TIRED SLEEP SAME USE I MAKE EXCITED FRIEND I
asllrp_other_ctc:15717948:span00,asllrp_other_ctc,True,5.3053,5.739066666666667,FRIEND,5.08,BAD,0.18228629231452942,TIRED SLEEP SAME USE I MAKE EXCITED,TIRED SLEEP SAME USE I MAKE EXCITED FRIEND I
asllrp_other_ctc:15717948:span00,asllrp_other_ctc,True,5.3053,5.739066666666667,FRIEND,5.21,HOW,0.22873975336551666,TIRED SLEEP SAME USE I MAKE EXCITED,TIRED SLEEP SAME USE I MAKE EXCITED FRIEND I
asllrp_other_ctc:15717948:span00,asllrp_other_ctc,True,5.3053,5.739066666666667,FRIEND,5.340000000000001,EASY,0.7658901810646057,TIRED SLEEP SAME USE I MAKE EXCITED,TIRED SLEEP SAME USE I MAKE EXCITED FRIEND I
asllrp_other_ctc:15717948:span00,asllrp_other_ctc,True,5.3053,5.739066666666667,FRIEND,5.470000000000001,HUNGRY,0.09083960205316544,TIRED SLEEP SAME USE I MAKE EXCITED,TIRED SLEEP SAME USE I MAKE EXCITED FRIEND I
asllrp_other_ctc:15717948:span00,asllrp_other_ctc,True,5.3053,5.739066666666667,FRIEND,5.6000000000000005,FRIEND,0.19932608306407928,TIRED SLEEP SAME USE I MAKE EXCITED,TIRED SLEEP SAME USE I MAKE EXCITED FRIEND I
asllrp_other_ctc:15717948:span00,asllrp_other_ctc,True,5.3053,5.739066666666667,FRIEND,5.73,FRIEND,0.35816678404808044,TIRED SLEEP SAME USE I MAKE EXCITED FRIEND,TIRED SLEEP SAME USE I MAKE EXCITED FRIEND I
asllrp_other_ctc:15717948:span00,asllrp_other_ctc,True,5.3053,5.739066666666667,FRIEND,5.86,I,0.3382377028465271,TIRED SLEEP SAME USE I MAKE EXCITED FRIEND,TIRED SLEEP SAME USE I MAKE EXCITED FRIEND I
asllrp_other_ctc:15717948:span00,asllrp_other_ctc,True,5.3053,5.739066666666667,FRIEND,5.872533333333333,I,0.23968076705932617,TIRED SLEEP SAME USE I MAKE EXCITED FRIEND I,TIRED SLEEP SAME USE I MAKE EXCITED FRIEND I
asllrp_other_ctc:15718047:span00,asllrp_other_ctc,True,0.4337666666666667,0.6006,FRIEND,0.53,NAME,0.06252273172140121,,FRIEND TIRED SMALL TIRED
asllrp_other_ctc:15718047:span00,asllrp_other_ctc,True,0.4337666666666667,0.6006,FRIEND,0.66,FRIEND,0.25924038887023926,,FRIEND TIRED SMALL TIRED
asllrp_other_ctc:15718047:span00,asllrp_other_ctc,True,0.4337666666666667,0.6006,FRIEND,0.79,FRIEND,0.6777264475822449,FRIEND,FRIEND TIRED SMALL TIRED
asllrp_other_ctc:15718047:span00,asllrp_other_ctc,True,0.4337666666666667,0.6006,FRIEND,0.92,FRIEND,0.8925325274467468,FRIEND,FRIEND TIRED SMALL TIRED
asllrp_other_ctc:15718047:span00,asllrp_other_ctc,True,0.4337666666666667,0.6006,FRIEND,1.05,NOW,0.44373923540115356,FRIEND,FRIEND TIRED SMALL TIRED
asllrp_other_ctc:15718145:span00,asllrp_other_ctc,True,2.0687333333333333,2.135466666666667,HAVE,1.57,MAKE,0.17072148621082306,SAME SAME,SAME SAME MAKE WORK TRY SAME TELL BIG GO SORRY
asllrp_other_ctc:15718145:span00,asllrp_other_ctc,True,2.0687333333333333,2.135466666666667,HAVE,1.7,MAKE,0.42426300048828125,SAME SAME MAKE,SAME SAME MAKE WORK TRY SAME TELL BIG GO SORRY
asllrp_other_ctc:15718145:span00,asllrp_other_ctc,True,2.0687333333333333,2.135466666666667,HAVE,1.83,ANSWER,0.10532818734645844,SAME SAME MAKE,SAME SAME MAKE WORK TRY SAME TELL BIG GO SORRY
asllrp_other_ctc:15718145:span00,asllrp_other_ctc,True,2.0687333333333333,2.135466666666667,HAVE,1.9600000000000002,WORK,0.2949853539466858,SAME SAME MAKE,SAME SAME MAKE WORK TRY SAME TELL BIG GO SORRY
asllrp_other_ctc:15718145:span00,asllrp_other_ctc,True,2.0687333333333333,2.135466666666667,HAVE,2.09,WORK,0.840109646320343,SAME SAME MAKE WORK,SAME SAME MAKE WORK TRY SAME TELL BIG GO SORRY
asllrp_other_ctc:15718145:span00,asllrp_other_ctc,True,2.0687333333333333,2.135466666666667,HAVE,2.2199999999999998,TRY,0.3566882908344269,SAME SAME MAKE WORK,SAME SAME MAKE WORK TRY SAME TELL BIG GO SORRY
asllrp_other_ctc:15718145:span00,asllrp_other_ctc,True,2.0687333333333333,2.135466666666667,HAVE,2.35,TRY,0.2724226117134094,SAME SAME MAKE WORK TRY,SAME SAME MAKE WORK TRY SAME TELL BIG GO SORRY
asllrp_other_ctc:15718145:span00,asllrp_other_ctc,True,2.0687333333333333,2.135466666666667,HAVE,2.4800000000000004,SAME,0.23408843576908112,SAME SAME MAKE WORK TRY,SAME SAME MAKE WORK TRY SAME TELL BIG GO SORRY
asllrp_other_ctc:15718145:span00,asllrp_other_ctc,True,2.0687333333333333,2.135466666666667,HAVE,2.6100000000000003,SAME,0.2892317771911621,SAME SAME MAKE WORK TRY SAME,SAME SAME MAKE WORK TRY SAME TELL BIG GO SORRY
asllrp_other_ctc:15718146:span00,asllrp_other_ctc,True,0.7674333333333333,1.0010000000000001,FRIEND,0.53,WATER,0.567192018032074,,FRIEND TAKE WORK YEAR LEARN LIKE GIVE TALK NIGHT WORK
asllrp_other_ctc:15718146:span00,asllrp_other_ctc,True,0.7674333333333333,1.0010000000000001,FRIEND,0.66,SLEEP,0.4699305593967438,,FRIEND TAKE WORK YEAR LEARN LIKE GIVE TALK NIGHT WORK
asllrp_other_ctc:15718146:span00,asllrp_other_ctc,True,0.7674333333333333,1.0010000000000001,FRIEND,0.79,WOMAN,0.17182618379592896,,FRIEND TAKE WORK YEAR LEARN LIKE GIVE TALK NIGHT WORK
asllrp_other_ctc:15718146:span00,asllrp_other_ctc,True,0.7674333333333333,1.0010000000000001,FRIEND,0.92,FRIEND,0.48565757274627686,,FRIEND TAKE WORK YEAR LEARN LIKE GIVE TALK NIGHT WORK
asllrp_other_ctc:15718146:span00,asllrp_other_ctc,True,0.7674333333333333,1.0010000000000001,FRIEND,1.05,FRIEND,0.4196155071258545,FRIEND,FRIEND TAKE WORK YEAR LEARN LIKE GIVE TALK NIGHT WORK
asllrp_other_ctc:15718146:span00,asllrp_other_ctc,True,0.7674333333333333,1.0010000000000001,FRIEND,1.1800000000000002,FRIEND,0.6543120741844177,FRIEND,FRIEND TAKE WORK YEAR LEARN LIKE GIVE TALK NIGHT WORK
asllrp_other_ctc:15718146:span00,asllrp_other_ctc,True,0.7674333333333333,1.0010000000000001,FRIEND,1.31,FRIEND,0.5457653403282166,FRIEND,FRIEND TAKE WORK YEAR LEARN LIKE GIVE TALK NIGHT WORK
asllrp_other_ctc:15718146:span00,asllrp_other_ctc,True,0.7674333333333333,1.0010000000000001,FRIEND,1.44,WAIT,0.11937965452671051,FRIEND,FRIEND TAKE WORK YEAR LEARN LIKE GIVE TALK NIGHT WORK
asllrp_other_ctc:15718244:span00,asllrp_other_ctc,True,1.8685333333333334,2.135466666666667,WORK,1.44,SORRY,0.39947402477264404,NO WORK SORRY,NO WORK SORRY MAKE WORK I SCHOOL HELP WEEK
asllrp_other_ctc:15718244:span00,asllrp_other_ctc,True,1.8685333333333334,2.135466666666667,WORK,1.57,SORRY,0.33631980419158936,NO WORK SORRY,NO WORK SORRY MAKE WORK I SCHOOL HELP WEEK
asllrp_other_ctc:15718244:span00,asllrp_other_ctc,True,1.8685333333333334,2.135466666666667,WORK,1.7,I,0.2647775709629059,NO WORK SORRY,NO WORK SORRY MAKE WORK I SCHOOL HELP WEEK
asllrp_other_ctc:15718244:span00,asllrp_other_ctc,True,1.8685333333333334,2.135466666666667,WORK,1.83,MAKE,0.44649919867515564,NO WORK SORRY,NO WORK SORRY MAKE WORK I SCHOOL HELP WEEK
asllrp_other_ctc:15718244:span00,asllrp_other_ctc,True,1.8685333333333334,2.135466666666667,WORK,1.9600000000000002,MAKE,0.7867345809936523,NO WORK SORRY MAKE,NO WORK SORRY MAKE WORK I SCHOOL HELP WEEK
asllrp_other_ctc:15718244:span00,asllrp_other_ctc,True,1.8685333333333334,2.135466666666667,WORK,2.09,MAKE,0.6886738538742065,NO WORK SORRY MAKE,NO WORK SORRY MAKE WORK I SCHOOL HELP WEEK
asllrp_other_ctc:15718244:span00,asllrp_other_ctc,True,1.8685333333333334,2.135466666666667,WORK,2.2199999999999998,MAKE,0.496242880821228,NO WORK SORRY MAKE,NO WORK SORRY MAKE WORK I SCHOOL HELP WEEK
asllrp_other_ctc:15718244:span00,asllrp_other_ctc,True,1.8685333333333334,2.135466666666667,WORK,2.35,SAME,0.46240997314453125,NO WORK SORRY MAKE,NO WORK SORRY MAKE WORK I SCHOOL HELP WEEK
asllrp_other_ctc:15718244:span00,asllrp_other_ctc,True,1.8685333333333334,2.135466666666667,WORK,2.4800000000000004,WORK,0.4502010643482208,NO WORK SORRY MAKE,NO WORK SORRY MAKE WORK I SCHOOL HELP WEEK
asllrp_other_ctc:15718244:span00,asllrp_other_ctc,True,1.8685333333333334,2.135466666666667,WORK,2.6100000000000003,WORK,0.5363531708717346,NO WORK SORRY MAKE WORK,NO WORK SORRY MAKE WORK I SCHOOL HELP WEEK
asllrp_other_ctc:15718343:span00,asllrp_other_ctc,True,0.7674333333333333,1.0343666666666667,FRIEND,0.53,ASK,0.06564323604106903,,FRIEND WAIT WANT WORK DOCTOR TIRED SORRY
asllrp_other_ctc:15718343:span00,asllrp_other_ctc,True,0.7674333333333333,1.0343666666666667,FRIEND,0.66,WATER,0.20920205116271973,,FRIEND WAIT WANT WORK DOCTOR TIRED SORRY
asllrp_other_ctc:15718343:span00,asllrp_other_ctc,True,0.7674333333333333,1.0343666666666667,FRIEND,0.79,WOMAN,0.590253472328186,,FRIEND WAIT WANT WORK DOCTOR TIRED SORRY
asllrp_other_ctc:15718343:span00,asllrp_other_ctc,True,0.7674333333333333,1.0343666666666667,FRIEND,0.92,LIKE,0.3701387643814087,,FRIEND WAIT WANT WORK DOCTOR TIRED SORRY
asllrp_other_ctc:15718343:span00,asllrp_other_ctc,True,0.7674333333333333,1.0343666666666667,FRIEND,1.05,NO,0.12824004888534546,,FRIEND WAIT WANT WORK DOCTOR TIRED SORRY
asllrp_other_ctc:15718343:span00,asllrp_other_ctc,True,0.7674333333333333,1.0343666666666667,FRIEND,1.1800000000000002,FRIEND,0.322288453578949,,FRIEND WAIT WANT WORK DOCTOR TIRED SORRY
asllrp_other_ctc:15718343:span00,asllrp_other_ctc,True,0.7674333333333333,1.0343666666666667,FRIEND,1.31,FRIEND,0.27293044328689575,FRIEND,FRIEND WAIT WANT WORK DOCTOR TIRED SORRY
asllrp_other_ctc:15718343:span00,asllrp_other_ctc,True,0.7674333333333333,1.0343666666666667,FRIEND,1.44,HOW,0.38121727108955383,FRIEND,FRIEND WAIT WANT WORK DOCTOR TIRED SORRY
asllrp_other_ctc:15718343:span00,asllrp_other_ctc,True,2.769433333333333,3.1031,WHERE,2.35,YEAR,0.21214240789413452,FRIEND WAIT WANT,FRIEND WAIT WANT WORK DOCTOR TIRED SORRY
asllrp_other_ctc:15718343:span00,asllrp_other_ctc,True,2.769433333333333,3.1031,WHERE,2.4800000000000004,HOSPITAL,0.48002928495407104,FRIEND WAIT WANT,FRIEND WAIT WANT WORK DOCTOR TIRED SORRY
asllrp_other_ctc:15718343:span00,asllrp_other_ctc,True,2.769433333333333,3.1031,WHERE,2.6100000000000003,NAME,0.1821046769618988,FRIEND WAIT WANT,FRIEND WAIT WANT WORK DOCTOR TIRED SORRY
asllrp_other_ctc:15718343:span00,asllrp_other_ctc,True,2.769433333333333,3.1031,WHERE,2.74,SMALL,0.09523464739322662,FRIEND WAIT WANT,FRIEND WAIT WANT WORK DOCTOR TIRED SORRY
asllrp_other_ctc:15718343:span00,asllrp_other_ctc,True,2.769433333333333,3.1031,WHERE,2.87,YEAR,0.14049160480499268,FRIEND WAIT WANT,FRIEND WAIT WANT WORK DOCTOR TIRED SORRY
asllrp_other_ctc:15718343:span00,asllrp_other_ctc,True,2.769433333333333,3.1031,WHERE,3.0,WORK,0.43976375460624695,FRIEND WAIT WANT,FRIEND WAIT WANT WORK DOCTOR TIRED SORRY
asllrp_other_ctc:15718343:span00,asllrp_other_ctc,True,2.769433333333333,3.1031,WHERE,3.13,WORK,0.5609369277954102,FRIEND WAIT WANT WORK,FRIEND WAIT WANT WORK DOCTOR TIRED SORRY
asllrp_other_ctc:15718343:span00,asllrp_other_ctc,True,2.769433333333333,3.1031,WHERE,3.26,WORK,0.9068674445152283,FRIEND WAIT WANT WORK,FRIEND WAIT WANT WORK DOCTOR TIRED SORRY
asllrp_other_ctc:15718343:span00,asllrp_other_ctc,True,2.769433333333333,3.1031,WHERE,3.3900000000000006,WORK,0.405088871717453,FRIEND WAIT WANT WORK,FRIEND WAIT WANT WORK DOCTOR TIRED SORRY
asllrp_other_ctc:15718343:span00,asllrp_other_ctc,True,2.769433333333333,3.1031,WHERE,3.5200000000000005,WORK,0.2137756049633026,FRIEND WAIT WANT WORK,FRIEND WAIT WANT WORK DOCTOR TIRED SORRY
asllrp_other_ctc:15718441:span00,asllrp_other_ctc,True,0.16683333333333333,0.5338666666666667,FRIEND,0.53,FRIEND,0.8314771056175232,,FRIEND MORNING WHAT DIFFERENT THANKYOU HOT WORK NIGHT SMALL TAKE
asllrp_other_ctc:15718441:span00,asllrp_other_ctc,True,0.16683333333333333,0.5338666666666667,FRIEND,0.66,FRIEND,0.8669095635414124,FRIEND,FRIEND MORNING WHAT DIFFERENT THANKYOU HOT WORK NIGHT SMALL TAKE
asllrp_other_ctc:15718441:span00,asllrp_other_ctc,True,0.16683333333333333,0.5338666666666667,FRIEND,0.79,FRIEND,0.4673028588294983,FRIEND,FRIEND MORNING WHAT DIFFERENT THANKYOU HOT WORK NIGHT SMALL TAKE
asllrp_other_ctc:15718441:span00,asllrp_other_ctc,True,0.16683333333333333,0.5338666666666667,FRIEND,0.92,SIGN,0.1614171266555786,FRIEND,FRIEND MORNING WHAT DIFFERENT THANKYOU HOT WORK NIGHT SMALL TAKE
asllrp_other_ctc:15718441:span00,asllrp_other_ctc,True,0.16683333333333333,0.5338666666666667,FRIEND,1.05,READY,0.12420832365751266,FRIEND,FRIEND MORNING WHAT DIFFERENT THANKYOU HOT WORK NIGHT SMALL TAKE
asllrp_other_ctc:15718442:span00,asllrp_other_ctc,True,1.5682333333333334,2.0020000000000002,FRIEND,1.05,EAT,0.4298067092895508,EAT,EAT COLD FRIEND HELP NAME
asllrp_other_ctc:15718442:span00,asllrp_other_ctc,True,1.5682333333333334,2.0020000000000002,FRIEND,1.1800000000000002,EAT,0.2676841914653778,EAT,EAT COLD FRIEND HELP NAME
asllrp_other_ctc:15718442:span00,asllrp_other_ctc,True,1.5682333333333334,2.0020000000000002,FRIEND,1.31,EAT,0.08282539993524551,EAT,EAT COLD FRIEND HELP NAME
asllrp_other_ctc:15718442:span00,asllrp_other_ctc,True,1.5682333333333334,2.0020000000000002,FRIEND,1.44,BIG,0.26116320490837097,EAT,EAT COLD FRIEND HELP NAME
asllrp_other_ctc:15718442:span00,asllrp_other_ctc,True,1.5682333333333334,2.0020000000000002,FRIEND,1.57,COLD,0.1823122501373291,EAT,EAT COLD FRIEND HELP NAME
asllrp_other_ctc:15718442:span00,asllrp_other_ctc,True,1.5682333333333334,2.0020000000000002,FRIEND,1.7,COLD,0.0696953609585762,EAT COLD,EAT COLD FRIEND HELP NAME
asllrp_other_ctc:15718442:span00,asllrp_other_ctc,True,1.5682333333333334,2.0020000000000002,FRIEND,1.83,FRIEND,0.44376909732818604,EAT COLD,EAT COLD FRIEND HELP NAME
asllrp_other_ctc:15718442:span00,asllrp_other_ctc,True,1.5682333333333334,2.0020000000000002,FRIEND,1.9600000000000002,FRIEND,0.7978386282920837,EAT COLD FRIEND,EAT COLD FRIEND HELP NAME
asllrp_other_ctc:15718442:span00,asllrp_other_ctc,True,1.5682333333333334,2.0020000000000002,FRIEND,2.09,FRIEND,0.5003128051757812,EAT COLD FRIEND,EAT COLD FRIEND HELP NAME
asllrp_other_ctc:15718442:span00,asllrp_other_ctc,True,1.5682333333333334,2.0020000000000002,FRIEND,2.2199999999999998,FRIEND,0.588650643825531,EAT COLD FRIEND,EAT COLD FRIEND HELP NAME
asllrp_other_ctc:15718442:span00,asllrp_other_ctc,True,1.5682333333333334,2.0020000000000002,FRIEND,2.35,TIME,0.12044326961040497,EAT COLD FRIEND,EAT COLD FRIEND HELP NAME
asllrp_other_ctc:15718442:span00,asllrp_other_ctc,True,1.5682333333333334,2.0020000000000002,FRIEND,2.4800000000000004,ANSWER,0.1770348697900772,EAT COLD FRIEND,EAT COLD FRIEND HELP NAME
asllrp_other_ctc:15718442:span00,asllrp_other_ctc,True,3.336666666666667,3.6036,NAME,2.87,GO,0.30216625332832336,EAT COLD FRIEND,EAT COLD FRIEND HELP NAME
asllrp_other_ctc:15718442:span00,asllrp_other_ctc,True,3.336666666666667,3.6036,NAME,3.0,HELP,0.10940831899642944,EAT COLD FRIEND,EAT COLD FRIEND HELP NAME
asllrp_other_ctc:15718442:span00,asllrp_other_ctc,True,3.336666666666667,3.6036,NAME,3.13,HELP,0.5349845290184021,EAT COLD FRIEND HELP,EAT COLD FRIEND HELP NAME
asllrp_other_ctc:15718442:span00,asllrp_other_ctc,True,3.336666666666667,3.6036,NAME,3.26,HELP,0.7199442982673645,EAT COLD FRIEND HELP,EAT COLD FRIEND HELP NAME
asllrp_other_ctc:15718442:span00,asllrp_other_ctc,True,3.336666666666667,3.6036,NAME,3.3900000000000006,HELP,0.19328433275222778,EAT COLD FRIEND HELP,EAT COLD FRIEND HELP NAME
asllrp_other_ctc:15718442:span00,asllrp_other_ctc,True,3.336666666666667,3.6036,NAME,3.5200000000000005,NO_EMIT,0.09510594606399536,EAT COLD FRIEND HELP,EAT COLD FRIEND HELP NAME
asllrp_other_ctc:15718442:span00,asllrp_other_ctc,True,3.336666666666667,3.6036,NAME,3.6500000000000004,NAME,0.8052676916122437,EAT COLD FRIEND HELP,EAT COLD FRIEND HELP NAME
asllrp_other_ctc:15718442:span00,asllrp_other_ctc,True,3.336666666666667,3.6036,NAME,3.7800000000000002,NAME,0.8673034906387329,EAT COLD FRIEND HELP NAME,EAT COLD FRIEND HELP NAME
asllrp_other_ctc:15718442:span00,asllrp_other_ctc,True,3.336666666666667,3.6036,NAME,3.9039,NAME,0.2752079963684082,EAT COLD FRIEND HELP NAME,EAT COLD FRIEND HELP NAME
asllrp_other_ctc:15718540:span00,asllrp_other_ctc,True,0.16683333333333333,0.40040000000000003,FRIEND,0.53,FRIEND,0.684920608997345,,MORNING GIVE UNDERSTAND SIGN
asllrp_other_ctc:15718540:span00,asllrp_other_ctc,True,0.16683333333333333,0.40040000000000003,FRIEND,0.66,ANSWER,0.1928074210882187,,MORNING GIVE UNDERSTAND SIGN
asllrp_other_ctc:15718540:span00,asllrp_other_ctc,True,0.16683333333333333,0.40040000000000003,FRIEND,0.79,FRIEND,0.08479176461696625,,MORNING GIVE UNDERSTAND SIGN
asllrp_other_ctc:15718540:span00,asllrp_other_ctc,True,0.16683333333333333,0.40040000000000003,FRIEND,0.92,LIKE,0.4845070540904999,,MORNING GIVE UNDERSTAND SIGN
asllrp_other_ctc:15718540:span00,asllrp_other_ctc,True,2.9362666666666666,3.1031,DIFFERENT,2.4800000000000004,GIVE,0.2688359022140503,MORNING,MORNING GIVE UNDERSTAND SIGN
asllrp_other_ctc:15718540:span00,asllrp_other_ctc,True,2.9362666666666666,3.1031,DIFFERENT,2.6100000000000003,GIVE,0.18233254551887512,MORNING GIVE,MORNING GIVE UNDERSTAND SIGN
asllrp_other_ctc:15718540:span00,asllrp_other_ctc,True,2.9362666666666666,3.1031,DIFFERENT,2.74,GIVE,0.1257532685995102,MORNING GIVE,MORNING GIVE UNDERSTAND SIGN
asllrp_other_ctc:15718540:span00,asllrp_other_ctc,True,2.9362666666666666,3.1031,DIFFERENT,2.87,UNDERSTAND,0.35190263390541077,MORNING GIVE,MORNING GIVE UNDERSTAND SIGN
asllrp_other_ctc:15718540:span00,asllrp_other_ctc,True,2.9362666666666666,3.1031,DIFFERENT,3.0,UNDERSTAND,0.3894026279449463,MORNING GIVE UNDERSTAND,MORNING GIVE UNDERSTAND SIGN
asllrp_other_ctc:15718540:span00,asllrp_other_ctc,True,2.9362666666666666,3.1031,DIFFERENT,3.13,SIGN,0.3477656841278076,MORNING GIVE UNDERSTAND,MORNING GIVE UNDERSTAND SIGN
asllrp_other_ctc:15718540:span00,asllrp_other_ctc,True,2.9362666666666666,3.1031,DIFFERENT,3.26,SIGN,0.38658013939857483,MORNING GIVE UNDERSTAND SIGN,MORNING GIVE UNDERSTAND SIGN
asllrp_other_ctc:15718540:span00,asllrp_other_ctc,True,2.9362666666666666,3.1031,DIFFERENT,3.3900000000000006,DIFFERENT,0.19748692214488983,MORNING GIVE UNDERSTAND SIGN,MORNING GIVE UNDERSTAND SIGN
asllrp_other_ctc:15718540:span00,asllrp_other_ctc,True,2.9362666666666666,3.1031,DIFFERENT,3.5035000000000003,GO,0.15037555992603302,MORNING GIVE UNDERSTAND SIGN,MORNING GIVE UNDERSTAND SIGN
asllrp_other_ctc:15718639:span00,asllrp_other_ctc,True,2.469133333333333,2.769433333333333,FRIEND,1.9600000000000002,WORK,0.40525490045547485,WOMAN LIKE TAKE WORK,WOMAN LIKE TAKE WORK SIGN ASK
asllrp_other_ctc:15718639:span00,asllrp_other_ctc,True,2.469133333333333,2.769433333333333,FRIEND,2.09,WORK,0.7264348864555359,WOMAN LIKE TAKE WORK,WOMAN LIKE TAKE WORK SIGN ASK
asllrp_other_ctc:15718639:span00,asllrp_other_ctc,True,2.469133333333333,2.769433333333333,FRIEND,2.2199999999999998,YEAR,0.24933938682079315,WOMAN LIKE TAKE WORK,WOMAN LIKE TAKE WORK SIGN ASK
asllrp_other_ctc:15718639:span00,asllrp_other_ctc,True,2.469133333333333,2.769433333333333,FRIEND,2.35,TOMORROW,0.1650860756635666,WOMAN LIKE TAKE WORK,WOMAN LIKE TAKE WORK SIGN ASK
asllrp_other_ctc:15718639:span00,asllrp_other_ctc,True,2.469133333333333,2.769433333333333,FRIEND,2.4800000000000004,HELP,0.13566023111343384,WOMAN LIKE TAKE WORK,WOMAN LIKE TAKE WORK SIGN ASK
asllrp_other_ctc:15718639:span00,asllrp_other_ctc,True,2.469133333333333,2.769433333333333,FRIEND,2.6100000000000003,I,0.1153336688876152,WOMAN LIKE TAKE WORK,WOMAN LIKE TAKE WORK SIGN ASK
asllrp_other_ctc:15718639:span00,asllrp_other_ctc,True,2.469133333333333,2.769433333333333,FRIEND,2.74,MAKE,0.3311273455619812,WOMAN LIKE TAKE WORK,WOMAN LIKE TAKE WORK SIGN ASK
asllrp_other_ctc:15718639:span00,asllrp_other_ctc,True,2.469133333333333,2.769433333333333,FRIEND,2.87,FRIEND,0.3261747658252716,WOMAN LIKE TAKE WORK,WOMAN LIKE TAKE WORK SIGN ASK
asllrp_other_ctc:15718639:span00,asllrp_other_ctc,True,2.469133333333333,2.769433333333333,FRIEND,3.0,SIGN,0.41085153818130493,WOMAN LIKE TAKE WORK,WOMAN LIKE TAKE WORK SIGN ASK
asllrp_other_ctc:15718639:span00,asllrp_other_ctc,True,2.469133333333333,2.769433333333333,FRIEND,3.13,SIGN,0.8193972706794739,WOMAN LIKE TAKE WORK SIGN,WOMAN LIKE TAKE WORK SIGN ASK
asllrp_other_ctc:15718639:span00,asllrp_other_ctc,True,2.469133333333333,2.769433333333333,FRIEND,3.26,SIGN,0.9002183079719543,WOMAN LIKE TAKE WORK SIGN,WOMAN LIKE TAKE WORK SIGN ASK
asllrp_other_ctc:15718738:span00,asllrp_other_ctc,True,3.9039,4.1041,NIGHT,3.3900000000000006,EAT,0.40167585015296936,TOMORROW HAVE MORNING EAT,TOMORROW HAVE MORNING EAT SAME
asllrp_other_ctc:15718738:span00,asllrp_other_ctc,True,3.9039,4.1041,NIGHT,3.5200000000000005,EAT,0.3653727173805237,TOMORROW HAVE MORNING EAT,TOMORROW HAVE MORNING EAT SAME
asllrp_other_ctc:15718738:span00,asllrp_other_ctc,True,3.9039,4.1041,NIGHT,3.6500000000000004,EAT,0.6028127074241638,TOMORROW HAVE MORNING EAT,TOMORROW HAVE MORNING EAT SAME
asllrp_other_ctc:15718738:span00,asllrp_other_ctc,True,3.9039,4.1041,NIGHT,3.7800000000000002,EAT,0.26996976137161255,TOMORROW HAVE MORNING EAT,TOMORROW HAVE MORNING EAT SAME
asllrp_other_ctc:15718738:span00,asllrp_other_ctc,True,3.9039,4.1041,NIGHT,3.91,TOMORROW,0.16128137707710266,TOMORROW HAVE MORNING EAT,TOMORROW HAVE MORNING EAT SAME
asllrp_other_ctc:15718738:span00,asllrp_other_ctc,True,3.9039,4.1041,NIGHT,4.04,SAME,0.451059490442276,TOMORROW HAVE MORNING EAT,TOMORROW HAVE MORNING EAT SAME
asllrp_other_ctc:15718738:span00,asllrp_other_ctc,True,3.9039,4.1041,NIGHT,4.17,SAME,0.47781065106391907,TOMORROW HAVE MORNING EAT SAME,TOMORROW HAVE MORNING EAT SAME
asllrp_other_ctc:15718738:span00,asllrp_other_ctc,True,3.9039,4.1041,NIGHT,4.3,NIGHT,0.24289868772029877,TOMORROW HAVE MORNING EAT SAME,TOMORROW HAVE MORNING EAT SAME
asllrp_other_ctc:15718738:span00,asllrp_other_ctc,True,3.9039,4.1041,NIGHT,4.430000000000001,HOSPITAL,0.18252886831760406,TOMORROW HAVE MORNING EAT SAME,TOMORROW HAVE MORNING EAT SAME
asllrp_other_ctc:15718738:span00,asllrp_other_ctc,True,3.9039,4.1041,NIGHT,4.5600000000000005,I,0.2219773828983307,TOMORROW HAVE MORNING EAT SAME,TOMORROW HAVE MORNING EAT SAME
asllrp_other_ctc:15718738:span00,asllrp_other_ctc,True,4.170833333333333,4.371033333333333,TIME,3.6500000000000004,EAT,0.6028127074241638,TOMORROW HAVE MORNING EAT,TOMORROW HAVE MORNING EAT SAME
asllrp_other_ctc:15718738:span00,asllrp_other_ctc,True,4.170833333333333,4.371033333333333,TIME,3.7800000000000002,EAT,0.26996976137161255,TOMORROW HAVE MORNING EAT,TOMORROW HAVE MORNING EAT SAME
asllrp_other_ctc:15718738:span00,asllrp_other_ctc,True,4.170833333333333,4.371033333333333,TIME,3.91,TOMORROW,0.16128137707710266,TOMORROW HAVE MORNING EAT,TOMORROW HAVE MORNING EAT SAME
asllrp_other_ctc:15718738:span00,asllrp_other_ctc,True,4.170833333333333,4.371033333333333,TIME,4.04,SAME,0.451059490442276,TOMORROW HAVE MORNING EAT,TOMORROW HAVE MORNING EAT SAME
asllrp_other_ctc:15718738:span00,asllrp_other_ctc,True,4.170833333333333,4.371033333333333,TIME,4.17,SAME,0.47781065106391907,TOMORROW HAVE MORNING EAT SAME,TOMORROW HAVE MORNING EAT SAME
asllrp_other_ctc:15718738:span00,asllrp_other_ctc,True,4.170833333333333,4.371033333333333,TIME,4.3,NIGHT,0.24289868772029877,TOMORROW HAVE MORNING EAT SAME,TOMORROW HAVE MORNING EAT SAME
asllrp_other_ctc:15718738:span00,asllrp_other_ctc,True,4.170833333333333,4.371033333333333,TIME,4.430000000000001,HOSPITAL,0.18252886831760406,TOMORROW HAVE MORNING EAT SAME,TOMORROW HAVE MORNING EAT SAME
asllrp_other_ctc:15718738:span00,asllrp_other_ctc,True,4.170833333333333,4.371033333333333,TIME,4.5600000000000005,I,0.2219773828983307,TOMORROW HAVE MORNING EAT SAME,TOMORROW HAVE MORNING EAT SAME
asllrp_other_ctc:15718738:span00,asllrp_other_ctc,True,4.170833333333333,4.371033333333333,TIME,4.69,MAKE,0.6738598346710205,TOMORROW HAVE MORNING EAT SAME,TOMORROW HAVE MORNING EAT SAME
asllrp_other_ctc:15718738:span00,asllrp_other_ctc,True,4.170833333333333,4.371033333333333,TIME,4.82,NAME,0.1140473410487175,TOMORROW HAVE MORNING EAT SAME,TOMORROW HAVE MORNING EAT SAME
asllrp_other_ctc:15718934:span00,asllrp_other_ctc,True,0.6673333333333333,0.9676333333333333,BAD,0.53,WATER,0.49131909012794495,,HOT BAD TAKE YEAR HOME
asllrp_other_ctc:15718934:span00,asllrp_other_ctc,True,0.6673333333333333,0.9676333333333333,BAD,0.66,SLEEP,0.4768756628036499,,HOT BAD TAKE YEAR HOME
asllrp_other_ctc:15718934:span00,asllrp_other_ctc,True,0.6673333333333333,0.9676333333333333,BAD,0.79,HOT,0.14163105189800262,,HOT BAD TAKE YEAR HOME
asllrp_other_ctc:15718934:span00,asllrp_other_ctc,True,0.6673333333333333,0.9676333333333333,BAD,0.92,HOT,0.3318723738193512,HOT,HOT BAD TAKE YEAR HOME
asllrp_other_ctc:15718934:span00,asllrp_other_ctc,True,0.6673333333333333,0.9676333333333333,BAD,1.05,BAD,0.38909775018692017,HOT,HOT BAD TAKE YEAR HOME
asllrp_other_ctc:15718934:span00,asllrp_other_ctc,True,0.6673333333333333,0.9676333333333333,BAD,1.1800000000000002,BAD,0.7349681854248047,HOT BAD,HOT BAD TAKE YEAR HOME
asllrp_other_ctc:15718934:span00,asllrp_other_ctc,True,0.6673333333333333,0.9676333333333333,BAD,1.31,BAD,0.7039492130279541,HOT BAD,HOT BAD TAKE YEAR HOME
asllrp_other_ctc:15718934:span00,asllrp_other_ctc,True,0.6673333333333333,0.9676333333333333,BAD,1.44,TAKE,0.8210589289665222,HOT BAD,HOT BAD TAKE YEAR HOME
asllrp_other_ctc:15718934:span00,asllrp_other_ctc,True,3.003,3.336666666666667,HOME,2.4800000000000004,DRINK,0.830254077911377,HOT BAD TAKE,HOT BAD TAKE YEAR HOME
asllrp_other_ctc:15718934:span00,asllrp_other_ctc,True,3.003,3.336666666666667,HOME,2.6100000000000003,TALK,0.23253126442432404,HOT BAD TAKE,HOT BAD TAKE YEAR HOME
asllrp_other_ctc:15718934:span00,asllrp_other_ctc,True,3.003,3.336666666666667,HOME,2.74,SMALL,0.1870182901620865,HOT BAD TAKE,HOT BAD TAKE YEAR HOME
asllrp_other_ctc:15718934:span00,asllrp_other_ctc,True,3.003,3.336666666666667,HOME,2.87,COLD,0.13003414869308472,HOT BAD TAKE,HOT BAD TAKE YEAR HOME
asllrp_other_ctc:15718934:span00,asllrp_other_ctc,True,3.003,3.336666666666667,HOME,3.0,WORK,0.3152764141559601,HOT BAD TAKE,HOT BAD TAKE YEAR HOME
asllrp_other_ctc:15718934:span00,asllrp_other_ctc,True,3.003,3.336666666666667,HOME,3.13,YEAR,0.29482999444007874,HOT BAD TAKE,HOT BAD TAKE YEAR HOME
asllrp_other_ctc:15718934:span00,asllrp_other_ctc,True,3.003,3.336666666666667,HOME,3.26,YEAR,0.28748878836631775,HOT BAD TAKE YEAR,HOT BAD TAKE YEAR HOME
asllrp_other_ctc:15718934:span00,asllrp_other_ctc,True,3.003,3.336666666666667,HOME,3.3900000000000006,HOME,0.5115315914154053,HOT BAD TAKE YEAR,HOT BAD TAKE YEAR HOME
asllrp_other_ctc:15718934:span00,asllrp_other_ctc,True,3.003,3.336666666666667,HOME,3.4701333333333335,HOME,0.4335448443889618,HOT BAD TAKE YEAR HOME,HOT BAD TAKE YEAR HOME
asllrp_other_ctc:15718935:span00,asllrp_other_ctc,True,0.8341666666666667,1.0677333333333334,FAMILY,0.53,ASK,0.16069893538951874,,IMPORTANT FAMILY READY WANT YEAR YEAR
asllrp_other_ctc:15718935:span00,asllrp_other_ctc,True,0.8341666666666667,1.0677333333333334,FAMILY,0.66,TAKE,0.09597062319517136,,IMPORTANT FAMILY READY WANT YEAR YEAR
asllrp_other_ctc:15718935:span00,asllrp_other_ctc,True,0.8341666666666667,1.0677333333333334,FAMILY,0.79,IMPORTANT,0.07591711729764938,,IMPORTANT FAMILY READY WANT YEAR YEAR
asllrp_other_ctc:15718935:span00,asllrp_other_ctc,True,0.8341666666666667,1.0677333333333334,FAMILY,0.92,IMPORTANT,0.7833684086799622,IMPORTANT,IMPORTANT FAMILY READY WANT YEAR YEAR
asllrp_other_ctc:15718935:span00,asllrp_other_ctc,True,0.8341666666666667,1.0677333333333334,FAMILY,1.05,IMPORTANT,0.7425650954246521,IMPORTANT,IMPORTANT FAMILY READY WANT YEAR YEAR
asllrp_other_ctc:15718935:span00,asllrp_other_ctc,True,0.8341666666666667,1.0677333333333334,FAMILY,1.1800000000000002,FAMILY,0.8874232769012451,IMPORTANT,IMPORTANT FAMILY READY WANT YEAR YEAR
asllrp_other_ctc:15718935:span00,asllrp_other_ctc,True,0.8341666666666667,1.0677333333333334,FAMILY,1.31,FAMILY,0.5416799783706665,IMPORTANT FAMILY,IMPORTANT FAMILY READY WANT YEAR YEAR
asllrp_other_ctc:15718935:span00,asllrp_other_ctc,True,0.8341666666666667,1.0677333333333334,FAMILY,1.44,READY,0.2705139219760895,IMPORTANT FAMILY,IMPORTANT FAMILY READY WANT YEAR YEAR
asllrp_other_ctc:15718935:span00,asllrp_other_ctc,True,0.8341666666666667,1.0677333333333334,FAMILY,1.57,READY,0.3717239499092102,IMPORTANT FAMILY READY,IMPORTANT FAMILY READY WANT YEAR YEAR
asllrp_other_ctc:15719033:span00,asllrp_other_ctc,True,1.9686333333333335,2.2355666666666667,NOW,1.44,MAKE,0.14767010509967804,WORK,WORK MAKE TIRED MORNING LIKE TIRED THANKYOU
asllrp_other_ctc:15719033:span00,asllrp_other_ctc,True,1.9686333333333335,2.2355666666666667,NOW,1.57,MAKE,0.50014328956604,WORK MAKE,WORK MAKE TIRED MORNING LIKE TIRED THANKYOU
asllrp_other_ctc:15719033:span00,asllrp_other_ctc,True,1.9686333333333335,2.2355666666666667,NOW,1.7,LEARN,0.11072922497987747,WORK MAKE,WORK MAKE TIRED MORNING LIKE TIRED THANKYOU
asllrp_other_ctc:15719033:span00,asllrp_other_ctc,True,1.9686333333333335,2.2355666666666667,NOW,1.83,TAKE,0.09078280627727509,WORK MAKE,WORK MAKE TIRED MORNING LIKE TIRED THANKYOU
asllrp_other_ctc:15719033:span00,asllrp_other_ctc,True,1.9686333333333335,2.2355666666666667,NOW,1.9600000000000002,YOU,0.42161691188812256,WORK MAKE,WORK MAKE TIRED MORNING LIKE TIRED THANKYOU
asllrp_other_ctc:15719033:span00,asllrp_other_ctc,True,1.9686333333333335,2.2355666666666667,NOW,2.09,FRIEND,0.23629628121852875,WORK MAKE,WORK MAKE TIRED MORNING LIKE TIRED THANKYOU
asllrp_other_ctc:15719033:span00,asllrp_other_ctc,True,1.9686333333333335,2.2355666666666667,NOW,2.2199999999999998,WRITE,0.2560465931892395,WORK MAKE,WORK MAKE TIRED MORNING LIKE TIRED THANKYOU
asllrp_other_ctc:15719033:span00,asllrp_other_ctc,True,1.9686333333333335,2.2355666666666667,NOW,2.35,MAYBE,0.4820784330368042,WORK MAKE,WORK MAKE TIRED MORNING LIKE TIRED THANKYOU
asllrp_other_ctc:15719033:span00,asllrp_other_ctc,True,1.9686333333333335,2.2355666666666667,NOW,2.4800000000000004,NOW,0.5127987265586853,WORK MAKE,WORK MAKE TIRED MORNING LIKE TIRED THANKYOU
asllrp_other_ctc:15719033:span00,asllrp_other_ctc,True,1.9686333333333335,2.2355666666666667,NOW,2.6100000000000003,TIRED,0.22734473645687103,WORK MAKE,WORK MAKE TIRED MORNING LIKE TIRED THANKYOU
asllrp_other_ctc:15719033:span00,asllrp_other_ctc,True,1.9686333333333335,2.2355666666666667,NOW,2.74,TIRED,0.08554868400096893,WORK MAKE TIRED,WORK MAKE TIRED MORNING LIKE TIRED THANKYOU
asllrp_other_ctc:15719132:span00,asllrp_other_ctc,True,3.4367666666666667,3.7037,HOME,3.0,SMALL,0.42498013377189636,SAME MAKE NIGHT WORK SCHOOL,SAME MAKE NIGHT WORK SCHOOL SMALL GIVE SAD WAIT
asllrp_other_ctc:15719132:span00,asllrp_other_ctc,True,3.4367666666666667,3.7037,HOME,3.13,SMALL,0.25774210691452026,SAME MAKE NIGHT WORK SCHOOL SMALL,SAME MAKE NIGHT WORK SCHOOL SMALL GIVE SAD WAIT
asllrp_other_ctc:15719132:span00,asllrp_other_ctc,True,3.4367666666666667,3.7037,HOME,3.26,SCHOOL,0.4050328731536865,SAME MAKE NIGHT WORK SCHOOL SMALL,SAME MAKE NIGHT WORK SCHOOL SMALL GIVE SAD WAIT
asllrp_other_ctc:15719132:span00,asllrp_other_ctc,True,3.4367666666666667,3.7037,HOME,3.3900000000000006,TAKE,0.22537581622600555,SAME MAKE NIGHT WORK SCHOOL SMALL,SAME MAKE NIGHT WORK SCHOOL SMALL GIVE SAD WAIT
asllrp_other_ctc:15719132:span00,asllrp_other_ctc,True,3.4367666666666667,3.7037,HOME,3.5200000000000005,NO_EMIT,0.09614872187376022,SAME MAKE NIGHT WORK SCHOOL SMALL,SAME MAKE NIGHT WORK SCHOOL SMALL GIVE SAD WAIT
asllrp_other_ctc:15719132:span00,asllrp_other_ctc,True,3.4367666666666667,3.7037,HOME,3.6500000000000004,GIVE,0.2626267671585083,SAME MAKE NIGHT WORK SCHOOL SMALL,SAME MAKE NIGHT WORK SCHOOL SMALL GIVE SAD WAIT
asllrp_other_ctc:15719132:span00,asllrp_other_ctc,True,3.4367666666666667,3.7037,HOME,3.7800000000000002,GIVE,0.1541517823934555,SAME MAKE NIGHT WORK SCHOOL SMALL GIVE,SAME MAKE NIGHT WORK SCHOOL SMALL GIVE SAD WAIT
asllrp_other_ctc:15719132:span00,asllrp_other_ctc,True,3.4367666666666667,3.7037,HOME,3.91,SAD,0.12835393846035004,SAME MAKE NIGHT WORK SCHOOL SMALL GIVE,SAME MAKE NIGHT WORK SCHOOL SMALL GIVE SAD WAIT
asllrp_other_ctc:15719132:span00,asllrp_other_ctc,True,3.4367666666666667,3.7037,HOME,4.04,SAD,0.45794665813446045,SAME MAKE NIGHT WORK SCHOOL SMALL GIVE SAD,SAME MAKE NIGHT WORK SCHOOL SMALL GIVE SAD WAIT
asllrp_other_ctc:15719132:span00,asllrp_other_ctc,True,3.4367666666666667,3.7037,HOME,4.17,WAIT,0.6964702010154724,SAME MAKE NIGHT WORK SCHOOL SMALL GIVE SAD,SAME MAKE NIGHT WORK SCHOOL SMALL GIVE SAD WAIT
asllrp_other_ctc:15719526:span00,asllrp_other_ctc,True,3.6036,3.9039,LEARN,3.13,READ,0.11423119157552719,GOODBYE WORK BAD LESS,GOODBYE WORK BAD LESS WHO STOP
asllrp_other_ctc:15719526:span00,asllrp_other_ctc,True,3.6036,3.9039,LEARN,3.26,HOSPITAL,0.4655974507331848,GOODBYE WORK BAD LESS,GOODBYE WORK BAD LESS WHO STOP
asllrp_other_ctc:15719526:span00,asllrp_other_ctc,True,3.6036,3.9039,LEARN,3.3900000000000006,WHO,0.35282155871391296,GOODBYE WORK BAD LESS,GOODBYE WORK BAD LESS WHO STOP
asllrp_other_ctc:15719526:span00,asllrp_other_ctc,True,3.6036,3.9039,LEARN,3.5200000000000005,WHO,0.16854815185070038,GOODBYE WORK BAD LESS WHO,GOODBYE WORK BAD LESS WHO STOP
asllrp_other_ctc:15719526:span00,asllrp_other_ctc,True,3.6036,3.9039,LEARN,3.6500000000000004,DRINK,0.3949713706970215,GOODBYE WORK BAD LESS WHO,GOODBYE WORK BAD LESS WHO STOP
asllrp_other_ctc:15719526:span00,asllrp_other_ctc,True,3.6036,3.9039,LEARN,3.7800000000000002,STOP,0.6076019406318665,GOODBYE WORK BAD LESS WHO,GOODBYE WORK BAD LESS WHO STOP
asllrp_other_ctc:15719526:span00,asllrp_other_ctc,True,3.6036,3.9039,LEARN,3.91,STOP,0.3301078975200653,GOODBYE WORK BAD LESS WHO STOP,GOODBYE WORK BAD LESS WHO STOP
asllrp_other_ctc:15719526:span00,asllrp_other_ctc,True,3.6036,3.9039,LEARN,4.04,LEARN,0.8721486330032349,GOODBYE WORK BAD LESS WHO STOP,GOODBYE WORK BAD LESS WHO STOP
asllrp_other_ctc:15719526:span00,asllrp_other_ctc,True,3.6036,3.9039,LEARN,4.17,WHY,0.6850820779800415,GOODBYE WORK BAD LESS WHO STOP,GOODBYE WORK BAD LESS WHO STOP
asllrp_other_ctc:15719526:span00,asllrp_other_ctc,True,3.6036,3.9039,LEARN,4.3,LIKE,0.11870203167200089,GOODBYE WORK BAD LESS WHO STOP,GOODBYE WORK BAD LESS WHO STOP
asllrp_other_ctc:15719526:span00,asllrp_other_ctc,True,3.6036,3.9039,LEARN,4.4044,I,0.34412023425102234,GOODBYE WORK BAD LESS WHO STOP,GOODBYE WORK BAD LESS WHO STOP
asllrp_other_ctc:15719625:span00,asllrp_other_ctc,True,2.8028,3.2032000000000003,WORK,2.35,LESS,0.09967702627182007,DIFFERENT NO WATER READY,DIFFERENT NO WATER READY GIVE WORK
asllrp_other_ctc:15719625:span00,asllrp_other_ctc,True,2.8028,3.2032000000000003,WORK,2.4800000000000004,NIGHT,0.338299423456192,DIFFERENT NO WATER READY,DIFFERENT NO WATER READY GIVE WORK
asllrp_other_ctc:15719625:span00,asllrp_other_ctc,True,2.8028,3.2032000000000003,WORK,2.6100000000000003,LESS,0.48162466287612915,DIFFERENT NO WATER READY,DIFFERENT NO WATER READY GIVE WORK
asllrp_other_ctc:15719625:span00,asllrp_other_ctc,True,2.8028,3.2032000000000003,WORK,2.74,STOP,0.2548161447048187,DIFFERENT NO WATER READY,DIFFERENT NO WATER READY GIVE WORK
asllrp_other_ctc:15719625:span00,asllrp_other_ctc,True,2.8028,3.2032000000000003,WORK,2.87,GIVE,0.2819143235683441,DIFFERENT NO WATER READY,DIFFERENT NO WATER READY GIVE WORK
asllrp_other_ctc:15719625:span00,asllrp_other_ctc,True,2.8028,3.2032000000000003,WORK,3.0,GIVE,0.13842317461967468,DIFFERENT NO WATER READY GIVE,DIFFERENT NO WATER READY GIVE WORK
asllrp_other_ctc:15719625:span00,asllrp_other_ctc,True,2.8028,3.2032000000000003,WORK,3.13,YOU,0.09866244345903397,DIFFERENT NO WATER READY GIVE,DIFFERENT NO WATER READY GIVE WORK
asllrp_other_ctc:15719625:span00,asllrp_other_ctc,True,2.8028,3.2032000000000003,WORK,3.26,WORK,0.5588364005088806,DIFFERENT NO WATER READY GIVE,DIFFERENT NO WATER READY GIVE WORK
asllrp_other_ctc:15719625:span00,asllrp_other_ctc,True,2.8028,3.2032000000000003,WORK,3.3033,WORK,0.5496143102645874,DIFFERENT NO WATER READY GIVE WORK,DIFFERENT NO WATER READY GIVE WORK
asllrp_other_ctc:15719724:span00,asllrp_other_ctc,True,0.16683333333333333,0.7007,FRIEND,0.53,FRIEND,0.6085781455039978,,FRIEND HOW THANKYOU TRY BIG WORK HOME
asllrp_other_ctc:15719724:span00,asllrp_other_ctc,True,0.16683333333333333,0.7007,FRIEND,0.66,FRIEND,0.1370782107114792,FRIEND,FRIEND HOW THANKYOU TRY BIG WORK HOME
asllrp_other_ctc:15719724:span00,asllrp_other_ctc,True,0.16683333333333333,0.7007,FRIEND,0.79,MAKE,0.36065515875816345,FRIEND,FRIEND HOW THANKYOU TRY BIG WORK HOME
asllrp_other_ctc:15719724:span00,asllrp_other_ctc,True,0.16683333333333333,0.7007,FRIEND,0.92,HOW,0.42144668102264404,FRIEND,FRIEND HOW THANKYOU TRY BIG WORK HOME
asllrp_other_ctc:15719724:span00,asllrp_other_ctc,True,0.16683333333333333,0.7007,FRIEND,1.05,HOW,0.5046959519386292,FRIEND HOW,FRIEND HOW THANKYOU TRY BIG WORK HOME
asllrp_other_ctc:15719724:span00,asllrp_other_ctc,True,0.16683333333333333,0.7007,FRIEND,1.1800000000000002,THANKYOU,0.14153636991977692,FRIEND HOW,FRIEND HOW THANKYOU TRY BIG WORK HOME
asllrp_other_ctc:15719823:span00,asllrp_other_ctc,True,0.33366666666666667,0.7007,FRIEND,0.53,WEEK,0.1508592963218689,,FRIEND SCHOOL SIGN MORNING GOOD YEAR WORK
asllrp_other_ctc:15719823:span00,asllrp_other_ctc,True,0.33366666666666667,0.7007,FRIEND,0.66,FRIEND,0.5100988149642944,,FRIEND SCHOOL SIGN MORNING GOOD YEAR WORK
asllrp_other_ctc:15719823:span00,asllrp_other_ctc,True,0.33366666666666667,0.7007,FRIEND,0.79,FRIEND,0.2788583040237427,FRIEND,FRIEND SCHOOL SIGN MORNING GOOD YEAR WORK
asllrp_other_ctc:15719823:span00,asllrp_other_ctc,True,0.33366666666666667,0.7007,FRIEND,0.92,FRIEND,0.5270366072654724,FRIEND,FRIEND SCHOOL SIGN MORNING GOOD YEAR WORK
asllrp_other_ctc:15719823:span00,asllrp_other_ctc,True,0.33366666666666667,0.7007,FRIEND,1.05,HOW,0.5250348448753357,FRIEND,FRIEND SCHOOL SIGN MORNING GOOD YEAR WORK
asllrp_other_ctc:15719823:span00,asllrp_other_ctc,True,0.33366666666666667,0.7007,FRIEND,1.1800000000000002,ANGRY,0.3748900294303894,FRIEND,FRIEND SCHOOL SIGN MORNING GOOD YEAR WORK
asllrp_other_ctc:15719921:span00,asllrp_other_ctc,True,0.40040000000000003,0.8341666666666667,FRIEND,0.53,FRIEND,0.1484871208667755,,FRIEND I MAKE TOMORROW MORNING READY
asllrp_other_ctc:15719921:span00,asllrp_other_ctc,True,0.40040000000000003,0.8341666666666667,FRIEND,0.66,FRIEND,0.3884459435939789,FRIEND,FRIEND I MAKE TOMORROW MORNING READY
asllrp_other_ctc:15719921:span00,asllrp_other_ctc,True,0.40040000000000003,0.8341666666666667,FRIEND,0.79,FRIEND,0.8572903275489807,FRIEND,FRIEND I MAKE TOMORROW MORNING READY
asllrp_other_ctc:15719921:span00,asllrp_other_ctc,True,0.40040000000000003,0.8341666666666667,FRIEND,0.92,TELL,0.22237245738506317,FRIEND,FRIEND I MAKE TOMORROW MORNING READY
asllrp_other_ctc:15719921:span00,asllrp_other_ctc,True,0.40040000000000003,0.8341666666666667,FRIEND,1.05,I,0.12910833954811096,FRIEND,FRIEND I MAKE TOMORROW MORNING READY
asllrp_other_ctc:15719921:span00,asllrp_other_ctc,True,0.40040000000000003,0.8341666666666667,FRIEND,1.1800000000000002,I,0.29400092363357544,FRIEND I,FRIEND I MAKE TOMORROW MORNING READY
asllrp_other_ctc:15719921:span00,asllrp_other_ctc,True,0.40040000000000003,0.8341666666666667,FRIEND,1.31,I,0.40332692861557007,FRIEND I,FRIEND I MAKE TOMORROW MORNING READY
asllrp_other_ctc:15719922:span00,asllrp_other_ctc,True,0.40040000000000003,0.8675333333333334,FRIEND,0.53,LIKE,0.6469401717185974,,FRIEND TELL READY HUNGRY
asllrp_other_ctc:15719922:span00,asllrp_other_ctc,True,0.40040000000000003,0.8675333333333334,FRIEND,0.66,FRIEND,0.2434350997209549,,FRIEND TELL READY HUNGRY
asllrp_other_ctc:15719922:span00,asllrp_other_ctc,True,0.40040000000000003,0.8675333333333334,FRIEND,0.79,FRIEND,0.5078224539756775,FRIEND,FRIEND TELL READY HUNGRY
asllrp_other_ctc:15719922:span00,asllrp_other_ctc,True,0.40040000000000003,0.8675333333333334,FRIEND,0.92,FRIEND,0.3002414405345917,FRIEND,FRIEND TELL READY HUNGRY
asllrp_other_ctc:15719922:span00,asllrp_other_ctc,True,0.40040000000000003,0.8675333333333334,FRIEND,1.05,TELL,0.1756356954574585,FRIEND,FRIEND TELL READY HUNGRY
asllrp_other_ctc:15719922:span00,asllrp_other_ctc,True,0.40040000000000003,0.8675333333333334,FRIEND,1.1800000000000002,TELL,0.27281373739242554,FRIEND TELL,FRIEND TELL READY HUNGRY
asllrp_other_ctc:15719922:span00,asllrp_other_ctc,True,0.40040000000000003,0.8675333333333334,FRIEND,1.31,NAME,0.18772989511489868,FRIEND TELL,FRIEND TELL READY HUNGRY
asllrp_other_ctc:15720020:span00,asllrp_other_ctc,True,0.3003,0.5672333333333334,FRIEND,0.53,FRIEND,0.6725895404815674,,FRIEND READY SAD SAD
asllrp_other_ctc:15720020:span00,asllrp_other_ctc,True,0.3003,0.5672333333333334,FRIEND,0.66,FRIEND,0.8605980277061462,FRIEND,FRIEND READY SAD SAD
asllrp_other_ctc:15720020:span00,asllrp_other_ctc,True,0.3003,0.5672333333333334,FRIEND,0.79,FRIEND,0.7442167401313782,FRIEND,FRIEND READY SAD SAD
asllrp_other_ctc:15720020:span00,asllrp_other_ctc,True,0.3003,0.5672333333333334,FRIEND,0.92,FRIEND,0.2844134271144867,FRIEND,FRIEND READY SAD SAD
asllrp_other_ctc:15720020:span00,asllrp_other_ctc,True,0.3003,0.5672333333333334,FRIEND,1.05,YEAR,0.2994476854801178,FRIEND,FRIEND READY SAD SAD
asllrp_other_ctc:15720119:span00,asllrp_other_ctc,True,2.2355666666666667,2.3690333333333333,WORK,1.83,THANKYOU,0.36992356181144714,IMPORTANT SMALL WHY,IMPORTANT SMALL WHY THANKYOU SAME
asllrp_other_ctc:15720119:span00,asllrp_other_ctc,True,2.2355666666666667,2.3690333333333333,WORK,1.9600000000000002,THANKYOU,0.25503069162368774,IMPORTANT SMALL WHY THANKYOU,IMPORTANT SMALL WHY THANKYOU SAME
asllrp_other_ctc:15720119:span00,asllrp_other_ctc,True,2.2355666666666667,2.3690333333333333,WORK,2.09,WHY,0.374807208776474,IMPORTANT SMALL WHY THANKYOU,IMPORTANT SMALL WHY THANKYOU SAME
asllrp_other_ctc:15720119:span00,asllrp_other_ctc,True,2.2355666666666667,2.3690333333333333,WORK,2.2199999999999998,HOT,0.19918684661388397,IMPORTANT SMALL WHY THANKYOU,IMPORTANT SMALL WHY THANKYOU SAME
asllrp_other_ctc:15720119:span00,asllrp_other_ctc,True,2.2355666666666667,2.3690333333333333,WORK,2.35,SAME,0.7034477591514587,IMPORTANT SMALL WHY THANKYOU,IMPORTANT SMALL WHY THANKYOU SAME
asllrp_other_ctc:15720119:span00,asllrp_other_ctc,True,2.2355666666666667,2.3690333333333333,WORK,2.4800000000000004,WORK,0.6319236159324646,IMPORTANT SMALL WHY THANKYOU,IMPORTANT SMALL WHY THANKYOU SAME
asllrp_other_ctc:15720119:span00,asllrp_other_ctc,True,2.2355666666666667,2.3690333333333333,WORK,2.6100000000000003,SAME,0.505693793296814,IMPORTANT SMALL WHY THANKYOU,IMPORTANT SMALL WHY THANKYOU SAME
asllrp_other_ctc:15720119:span00,asllrp_other_ctc,True,2.2355666666666667,2.3690333333333333,WORK,2.74,SAME,0.12849371135234833,IMPORTANT SMALL WHY THANKYOU SAME,IMPORTANT SMALL WHY THANKYOU SAME
asllrp_other_ctc:15720119:span00,asllrp_other_ctc,True,2.2355666666666667,2.3690333333333333,WORK,2.87,HELP,0.25303032994270325,IMPORTANT SMALL WHY THANKYOU SAME,IMPORTANT SMALL WHY THANKYOU SAME
asllrp_other_ctc:15720217:span00,asllrp_other_ctc,True,4.637966666666666,4.871533333333334,HOW,4.17,SAME,0.624919593334198,WORK NAME NAME SCHOOL,WORK NAME NAME SCHOOL HELP DRINK HUNGRY
asllrp_other_ctc:15720217:span00,asllrp_other_ctc,True,4.637966666666666,4.871533333333334,HOW,4.3,ANGRY,0.07079789787530899,WORK NAME NAME SCHOOL,WORK NAME NAME SCHOOL HELP DRINK HUNGRY
asllrp_other_ctc:15720217:span00,asllrp_other_ctc,True,4.637966666666666,4.871533333333334,HOW,4.430000000000001,SCHOOL,0.17041923105716705,WORK NAME NAME SCHOOL,WORK NAME NAME SCHOOL HELP DRINK HUNGRY
asllrp_other_ctc:15720217:span00,asllrp_other_ctc,True,4.637966666666666,4.871533333333334,HOW,4.5600000000000005,IMPORTANT,0.159901961684227,WORK NAME NAME SCHOOL,WORK NAME NAME SCHOOL HELP DRINK HUNGRY
asllrp_other_ctc:15720217:span00,asllrp_other_ctc,True,4.637966666666666,4.871533333333334,HOW,4.69,SAME,0.06699372828006744,WORK NAME NAME SCHOOL,WORK NAME NAME SCHOOL HELP DRINK HUNGRY
asllrp_other_ctc:15720217:span00,asllrp_other_ctc,True,4.637966666666666,4.871533333333334,HOW,4.82,ANSWER,0.09095907211303711,WORK NAME NAME SCHOOL,WORK NAME NAME SCHOOL HELP DRINK HUNGRY
asllrp_other_ctc:15720217:span00,asllrp_other_ctc,True,4.637966666666666,4.871533333333334,HOW,4.95,SAME,0.11035510152578354,WORK NAME NAME SCHOOL,WORK NAME NAME SCHOOL HELP DRINK HUNGRY
asllrp_other_ctc:15720217:span00,asllrp_other_ctc,True,4.637966666666666,4.871533333333334,HOW,5.08,HELP,0.15369419753551483,WORK NAME NAME SCHOOL,WORK NAME NAME SCHOOL HELP DRINK HUNGRY
asllrp_other_ctc:15720217:span00,asllrp_other_ctc,True,4.637966666666666,4.871533333333334,HOW,5.21,HOW,0.12469983845949173,WORK NAME NAME SCHOOL,WORK NAME NAME SCHOOL HELP DRINK HUNGRY
asllrp_other_ctc:15720217:span00,asllrp_other_ctc,True,4.637966666666666,4.871533333333334,HOW,5.340000000000001,HELP,0.4494003653526306,WORK NAME NAME SCHOOL,WORK NAME NAME SCHOOL HELP DRINK HUNGRY
asllrp_other_ctc:15720414:span00,asllrp_other_ctc,True,0.3670333333333333,0.7007,FRIEND,0.53,LIKE,0.13780346512794495,,FRIEND SIGN LIKE GIVE WHY GIVE TIRED LIKE
asllrp_other_ctc:15720414:span00,asllrp_other_ctc,True,0.3670333333333333,0.7007,FRIEND,0.66,FRIEND,0.2752380669116974,,FRIEND SIGN LIKE GIVE WHY GIVE TIRED LIKE
asllrp_other_ctc:15720414:span00,asllrp_other_ctc,True,0.3670333333333333,0.7007,FRIEND,0.79,FRIEND,0.50199294090271,FRIEND,FRIEND SIGN LIKE GIVE WHY GIVE TIRED LIKE
asllrp_other_ctc:15720414:span00,asllrp_other_ctc,True,0.3670333333333333,0.7007,FRIEND,0.92,SIGN,0.4409179985523224,FRIEND,FRIEND SIGN LIKE GIVE WHY GIVE TIRED LIKE
asllrp_other_ctc:15720414:span00,asllrp_other_ctc,True,0.3670333333333333,0.7007,FRIEND,1.05,SIGN,0.7586638331413269,FRIEND SIGN,FRIEND SIGN LIKE GIVE WHY GIVE TIRED LIKE
asllrp_other_ctc:15720414:span00,asllrp_other_ctc,True,0.3670333333333333,0.7007,FRIEND,1.1800000000000002,ANGRY,0.2285791039466858,FRIEND SIGN,FRIEND SIGN LIKE GIVE WHY GIVE TIRED LIKE
asllrp_other_ctc:15720415:span00,asllrp_other_ctc,True,2.3690333333333333,2.736066666666667,HOT,1.9600000000000002,WHY,0.14027586579322815,MAYBE WHY,MAYBE WHY LIKE
asllrp_other_ctc:15720415:span00,asllrp_other_ctc,True,2.3690333333333333,2.736066666666667,HOT,2.09,FEEL,0.3857268691062927,MAYBE WHY,MAYBE WHY LIKE
asllrp_other_ctc:15720415:span00,asllrp_other_ctc,True,2.3690333333333333,2.736066666666667,HOT,2.2199999999999998,LIKE,0.23645809292793274,MAYBE WHY,MAYBE WHY LIKE
asllrp_other_ctc:15720415:span00,asllrp_other_ctc,True,2.3690333333333333,2.736066666666667,HOT,2.35,LIKE,0.1328360140323639,MAYBE WHY LIKE,MAYBE WHY LIKE
asllrp_other_ctc:15720415:span00,asllrp_other_ctc,True,2.3690333333333333,2.736066666666667,HOT,2.4800000000000004,SLEEP,0.15219923853874207,MAYBE WHY LIKE,MAYBE WHY LIKE
asllrp_other_ctc:15720415:span00,asllrp_other_ctc,True,2.3690333333333333,2.736066666666667,HOT,2.6100000000000003,WOMAN,0.35565605759620667,MAYBE WHY LIKE,MAYBE WHY LIKE
asllrp_other_ctc:15720415:span00,asllrp_other_ctc,True,2.3690333333333333,2.736066666666667,HOT,2.74,LIKE,0.5968884229660034,MAYBE WHY LIKE,MAYBE WHY LIKE
asllrp_other_ctc:15720415:span00,asllrp_other_ctc,True,2.3690333333333333,2.736066666666667,HOT,2.8695333333333335,HOT,0.32573509216308594,MAYBE WHY LIKE,MAYBE WHY LIKE
asllrp_other_ctc:15720612:span00,asllrp_other_ctc,True,0.7340666666666666,1.0343666666666667,FRIEND,0.53,I,0.2579861581325531,,TELL SIGN SLEEP EAT
asllrp_other_ctc:15720612:span00,asllrp_other_ctc,True,0.7340666666666666,1.0343666666666667,FRIEND,0.66,GIVE,0.5239118337631226,,TELL SIGN SLEEP EAT
asllrp_other_ctc:15720612:span00,asllrp_other_ctc,True,0.7340666666666666,1.0343666666666667,FRIEND,0.79,STOP,0.24923905730247498,,TELL SIGN SLEEP EAT
asllrp_other_ctc:15720612:span00,asllrp_other_ctc,True,0.7340666666666666,1.0343666666666667,FRIEND,0.92,MY,0.09057235717773438,,TELL SIGN SLEEP EAT
asllrp_other_ctc:15720612:span00,asllrp_other_ctc,True,0.7340666666666666,1.0343666666666667,FRIEND,1.05,FRIEND,0.32009240984916687,,TELL SIGN SLEEP EAT
asllrp_other_ctc:15720612:span00,asllrp_other_ctc,True,0.7340666666666666,1.0343666666666667,FRIEND,1.1800000000000002,MAKE,0.3708466589450836,,TELL SIGN SLEEP EAT
asllrp_other_ctc:15720612:span00,asllrp_other_ctc,True,0.7340666666666666,1.0343666666666667,FRIEND,1.31,TELL,0.3858976662158966,,TELL SIGN SLEEP EAT
asllrp_other_ctc:15720612:span00,asllrp_other_ctc,True,0.7340666666666666,1.0343666666666667,FRIEND,1.44,TELL,0.15218715369701385,TELL,TELL SIGN SLEEP EAT
asllrp_other_ctc:15720710:span00,asllrp_other_ctc,True,0.16683333333333333,0.4337666666666667,FRIEND,0.53,FRIEND,0.8113966584205627,,FRIEND LIKE SCHOOL LEARN SLEEP GIVE MAKE
asllrp_other_ctc:15720710:span00,asllrp_other_ctc,True,0.16683333333333333,0.4337666666666667,FRIEND,0.66,FRIEND,0.7673821449279785,FRIEND,FRIEND LIKE SCHOOL LEARN SLEEP GIVE MAKE
asllrp_other_ctc:15720710:span00,asllrp_other_ctc,True,0.16683333333333333,0.4337666666666667,FRIEND,0.79,FRIEND,0.4355585277080536,FRIEND,FRIEND LIKE SCHOOL LEARN SLEEP GIVE MAKE
asllrp_other_ctc:15720710:span00,asllrp_other_ctc,True,0.16683333333333333,0.4337666666666667,FRIEND,0.92,LIKE,0.3775072991847992,FRIEND,FRIEND LIKE SCHOOL LEARN SLEEP GIVE MAKE
asllrp_other_ctc:15720711:span00,asllrp_other_ctc,True,0.16683333333333333,0.5338666666666667,FRIEND,0.53,FRIEND,0.5723794102668762,,GIVE READY WHAT DOCTOR
asllrp_other_ctc:15720711:span00,asllrp_other_ctc,True,0.16683333333333333,0.5338666666666667,FRIEND,0.66,SIGN,0.449795663356781,,GIVE READY WHAT DOCTOR
asllrp_other_ctc:15720711:span00,asllrp_other_ctc,True,0.16683333333333333,0.5338666666666667,FRIEND,0.79,WHEN,0.47611168026924133,,GIVE READY WHAT DOCTOR
asllrp_other_ctc:15720711:span00,asllrp_other_ctc,True,0.16683333333333333,0.5338666666666667,FRIEND,0.92,SIGN,0.7751286625862122,,GIVE READY WHAT DOCTOR
asllrp_other_ctc:15720711:span00,asllrp_other_ctc,True,0.16683333333333333,0.5338666666666667,FRIEND,1.05,ANGRY,0.215769425034523,,GIVE READY WHAT DOCTOR
asllrp_other_ctc:15720711:span00,asllrp_other_ctc,True,1.3680333333333334,1.5682333333333334,WHERE,0.92,SIGN,0.7751286625862122,,GIVE READY WHAT DOCTOR
asllrp_other_ctc:15720711:span00,asllrp_other_ctc,True,1.3680333333333334,1.5682333333333334,WHERE,1.05,ANGRY,0.215769425034523,,GIVE READY WHAT DOCTOR
asllrp_other_ctc:15720711:span00,asllrp_other_ctc,True,1.3680333333333334,1.5682333333333334,WHERE,1.1800000000000002,TIRED,0.5439988374710083,,GIVE READY WHAT DOCTOR
asllrp_other_ctc:15720711:span00,asllrp_other_ctc,True,1.3680333333333334,1.5682333333333334,WHERE,1.31,GIVE,0.13858404755592346,,GIVE READY WHAT DOCTOR
asllrp_other_ctc:15720711:span00,asllrp_other_ctc,True,1.3680333333333334,1.5682333333333334,WHERE,1.44,GIVE,0.10706957429647446,GIVE,GIVE READY WHAT DOCTOR
asllrp_other_ctc:15720711:span00,asllrp_other_ctc,True,1.3680333333333334,1.5682333333333334,WHERE,1.57,TRY,0.20944131910800934,GIVE,GIVE READY WHAT DOCTOR
asllrp_other_ctc:15720711:span00,asllrp_other_ctc,True,1.3680333333333334,1.5682333333333334,WHERE,1.7,WORK,0.5667895078659058,GIVE,GIVE READY WHAT DOCTOR
asllrp_other_ctc:15720711:span00,asllrp_other_ctc,True,1.3680333333333334,1.5682333333333334,WHERE,1.83,HOW,0.17734754085540771,GIVE,GIVE READY WHAT DOCTOR
asllrp_other_ctc:15720711:span00,asllrp_other_ctc,True,1.3680333333333334,1.5682333333333334,WHERE,1.9600000000000002,MAKE,0.1548077017068863,GIVE,GIVE READY WHAT DOCTOR
asllrp_other_ctc:15720711:span00,asllrp_other_ctc,True,1.3680333333333334,1.5682333333333334,WHERE,2.09,USE,0.15753014385700226,GIVE,GIVE READY WHAT DOCTOR
asllrp_other_ctc:1572098:span00,asllrp_other_ctc,True,1.6683333333333334,1.9686333333333335,WORK,1.1800000000000002,TRY,0.3908628225326538,HOW TRY,HOW TRY LEARN TOMORROW WHAT WORK
asllrp_other_ctc:1572098:span00,asllrp_other_ctc,True,1.6683333333333334,1.9686333333333335,WORK,1.31,TRY,0.2825930714607239,HOW TRY,HOW TRY LEARN TOMORROW WHAT WORK
asllrp_other_ctc:1572098:span00,asllrp_other_ctc,True,1.6683333333333334,1.9686333333333335,WORK,1.44,WORK,0.11363469809293747,HOW TRY,HOW TRY LEARN TOMORROW WHAT WORK
asllrp_other_ctc:1572098:span00,asllrp_other_ctc,True,1.6683333333333334,1.9686333333333335,WORK,1.57,GIVE,0.3490176200866699,HOW TRY,HOW TRY LEARN TOMORROW WHAT WORK
asllrp_other_ctc:1572098:span00,asllrp_other_ctc,True,1.6683333333333334,1.9686333333333335,WORK,1.7,MORNING,0.29340121150016785,HOW TRY,HOW TRY LEARN TOMORROW WHAT WORK
asllrp_other_ctc:1572098:span00,asllrp_other_ctc,True,1.6683333333333334,1.9686333333333335,WORK,1.83,GIVE,0.2829587161540985,HOW TRY,HOW TRY LEARN TOMORROW WHAT WORK
asllrp_other_ctc:1572098:span00,asllrp_other_ctc,True,1.6683333333333334,1.9686333333333335,WORK,1.9600000000000002,HOT,0.15370072424411774,HOW TRY,HOW TRY LEARN TOMORROW WHAT WORK
asllrp_other_ctc:1572098:span00,asllrp_other_ctc,True,1.6683333333333334,1.9686333333333335,WORK,2.09,SCHOOL,0.30036163330078125,HOW TRY,HOW TRY LEARN TOMORROW WHAT WORK
asllrp_other_ctc:1572098:span00,asllrp_other_ctc,True,1.6683333333333334,1.9686333333333335,WORK,2.2199999999999998,LEARN,0.13811583817005157,HOW TRY,HOW TRY LEARN TOMORROW WHAT WORK
asllrp_other_ctc:1572098:span00,asllrp_other_ctc,True,1.6683333333333334,1.9686333333333335,WORK,2.35,LEARN,0.2517595589160919,HOW TRY LEARN,HOW TRY LEARN TOMORROW WHAT WORK
asllrp_other_ctc:1572098:span00,asllrp_other_ctc,True,1.6683333333333334,1.9686333333333335,WORK,2.4800000000000004,HOME,0.30964621901512146,HOW TRY LEARN,HOW TRY LEARN TOMORROW WHAT WORK
asllrp_other_ctc:1572107:span00,asllrp_other_ctc,True,2.4024,2.469133333333333,WHERE,1.9600000000000002,HOME,0.47792840003967285,TOMORROW SMALL MORE HOME,TOMORROW SMALL MORE HOME HOME
asllrp_other_ctc:1572107:span00,asllrp_other_ctc,True,2.4024,2.469133333333333,WHERE,2.09,WHY,0.28856074810028076,TOMORROW SMALL MORE HOME,TOMORROW SMALL MORE HOME HOME
asllrp_other_ctc:1572107:span00,asllrp_other_ctc,True,2.4024,2.469133333333333,WHERE,2.2199999999999998,TIRED,0.2128736972808838,TOMORROW SMALL MORE HOME,TOMORROW SMALL MORE HOME HOME
asllrp_other_ctc:1572107:span00,asllrp_other_ctc,True,2.4024,2.469133333333333,WHERE,2.35,HOME,0.1268511414527893,TOMORROW SMALL MORE HOME,TOMORROW SMALL MORE HOME HOME
asllrp_other_ctc:1572107:span00,asllrp_other_ctc,True,2.4024,2.469133333333333,WHERE,2.4800000000000004,HOME,0.5090965628623962,TOMORROW SMALL MORE HOME HOME,TOMORROW SMALL MORE HOME HOME
asllrp_other_ctc:1572107:span00,asllrp_other_ctc,True,2.4024,2.469133333333333,WHERE,2.6100000000000003,NO_EMIT,0.0812106654047966,TOMORROW SMALL MORE HOME HOME,TOMORROW SMALL MORE HOME HOME
asllrp_other_ctc:1572107:span00,asllrp_other_ctc,True,2.4024,2.469133333333333,WHERE,2.74,NO_EMIT,0.0545169971883297,TOMORROW SMALL MORE HOME HOME,TOMORROW SMALL MORE HOME HOME
asllrp_other_ctc:1572107:span00,asllrp_other_ctc,True,2.4024,2.469133333333333,WHERE,2.87,TELL,0.11650966107845306,TOMORROW SMALL MORE HOME HOME,TOMORROW SMALL MORE HOME HOME
asllrp_other_ctc:28310:span00,asllrp_other_ctc,True,0.9342666666666667,1.4347666666666667,WHERE,0.53,HELP,0.14892832934856415,,YOU WORK
asllrp_other_ctc:28310:span00,asllrp_other_ctc,True,0.9342666666666667,1.4347666666666667,WHERE,0.66,BIG,0.2962847352027893,,YOU WORK
asllrp_other_ctc:28310:span00,asllrp_other_ctc,True,0.9342666666666667,1.4347666666666667,WHERE,0.79,COLD,0.09395862370729446,,YOU WORK
asllrp_other_ctc:28310:span00,asllrp_other_ctc,True,0.9342666666666667,1.4347666666666667,WHERE,0.92,GIVE,0.12566325068473816,,YOU WORK
asllrp_other_ctc:28310:span00,asllrp_other_ctc,True,0.9342666666666667,1.4347666666666667,WHERE,1.05,YOU,0.4524417221546173,,YOU WORK
asllrp_other_ctc:28310:span00,asllrp_other_ctc,True,0.9342666666666667,1.4347666666666667,WHERE,1.1800000000000002,YOU,0.5470714569091797,YOU,YOU WORK
asllrp_other_ctc:28310:span00,asllrp_other_ctc,True,0.9342666666666667,1.4347666666666667,WHERE,1.31,YOU,0.22438518702983856,YOU,YOU WORK
asllrp_other_ctc:28310:span00,asllrp_other_ctc,True,0.9342666666666667,1.4347666666666667,WHERE,1.44,WORK,0.11862260103225708,YOU,YOU WORK
asllrp_other_ctc:28310:span00,asllrp_other_ctc,True,0.9342666666666667,1.4347666666666667,WHERE,1.5682333333333334,WORK,0.3344196677207947,YOU WORK,YOU WORK
asllrp_other_ctc:28411:span00,asllrp_other_ctc,True,1.0677333333333334,1.4347666666666667,WHERE,0.66,SMALL,0.122882179915905,,SMALL WORK
asllrp_other_ctc:28411:span00,asllrp_other_ctc,True,1.0677333333333334,1.4347666666666667,WHERE,0.79,SMALL,0.28953686356544495,SMALL,SMALL WORK
asllrp_other_ctc:28411:span00,asllrp_other_ctc,True,1.0677333333333334,1.4347666666666667,WHERE,0.92,MORE,0.20361575484275818,SMALL,SMALL WORK
asllrp_other_ctc:28411:span00,asllrp_other_ctc,True,1.0677333333333334,1.4347666666666667,WHERE,1.05,MAKE,0.10170586407184601,SMALL,SMALL WORK
asllrp_other_ctc:28411:span00,asllrp_other_ctc,True,1.0677333333333334,1.4347666666666667,WHERE,1.1800000000000002,WORK,0.19442588090896606,SMALL,SMALL WORK
asllrp_other_ctc:28411:span00,asllrp_other_ctc,True,1.0677333333333334,1.4347666666666667,WHERE,1.31,WORK,0.7290137410163879,SMALL WORK,SMALL WORK
asllrp_other_ctc:28411:span00,asllrp_other_ctc,True,1.0677333333333334,1.4347666666666667,WHERE,1.44,WORK,0.5304111838340759,SMALL WORK,SMALL WORK
asllrp_other_ctc:28411:span00,asllrp_other_ctc,True,1.0677333333333334,1.4347666666666667,WHERE,1.5682333333333334,WORK,0.6497703790664673,SMALL WORK,SMALL WORK
asllrp_other_ctc:28512:span00,asllrp_other_ctc,True,0.6339666666666667,0.7340666666666666,WHERE,0.53,WHY,0.1880880445241928,,WHY TOMORROW DOCTOR
asllrp_other_ctc:28512:span00,asllrp_other_ctc,True,0.6339666666666667,0.7340666666666666,WHERE,0.66,WHY,0.14436446130275726,WHY,WHY TOMORROW DOCTOR
asllrp_other_ctc:28512:span00,asllrp_other_ctc,True,0.6339666666666667,0.7340666666666666,WHERE,0.79,SLEEP,0.20973604917526245,WHY,WHY TOMORROW DOCTOR
asllrp_other_ctc:28512:span00,asllrp_other_ctc,True,0.6339666666666667,0.7340666666666666,WHERE,0.92,COLD,0.40928584337234497,WHY,WHY TOMORROW DOCTOR
asllrp_other_ctc:28512:span00,asllrp_other_ctc,True,0.6339666666666667,0.7340666666666666,WHERE,1.05,TOMORROW,0.3079380393028259,WHY,WHY TOMORROW DOCTOR
asllrp_other_ctc:28512:span00,asllrp_other_ctc,True,0.6339666666666667,0.7340666666666666,WHERE,1.1800000000000002,TOMORROW,0.1300719976425171,WHY TOMORROW,WHY TOMORROW DOCTOR
asllrp_other_ctc:28513:span00,asllrp_other_ctc,True,0.7007,1.0010000000000001,WORK,0.53,NOW,0.2556351125240326,,ANGRY WORK
asllrp_other_ctc:28513:span00,asllrp_other_ctc,True,0.7007,1.0010000000000001,WORK,0.66,ANGRY,0.13764588534832,,ANGRY WORK
asllrp_other_ctc:28513:span00,asllrp_other_ctc,True,0.7007,1.0010000000000001,WORK,0.79,ANGRY,0.214382603764534,ANGRY,ANGRY WORK
asllrp_other_ctc:28513:span00,asllrp_other_ctc,True,0.7007,1.0010000000000001,WORK,0.92,SMALL,0.32975485920906067,ANGRY,ANGRY WORK
asllrp_other_ctc:28513:span00,asllrp_other_ctc,True,0.7007,1.0010000000000001,WORK,1.05,SCHOOL,0.2851985692977905,ANGRY,ANGRY WORK
asllrp_other_ctc:28513:span00,asllrp_other_ctc,True,0.7007,1.0010000000000001,WORK,1.1800000000000002,WORK,0.14802715182304382,ANGRY,ANGRY WORK
asllrp_other_ctc:28513:span00,asllrp_other_ctc,True,0.7007,1.0010000000000001,WORK,1.31,NIGHT,0.4184144139289856,ANGRY,ANGRY WORK
asllrp_other_ctc:28513:span00,asllrp_other_ctc,True,0.7007,1.0010000000000001,WORK,1.44,WOMAN,0.08800847828388214,ANGRY,ANGRY WORK
asllrp_other_ctc:28614:span00,asllrp_other_ctc,True,0.16683333333333333,0.33366666666666667,NOW,0.53,NOW,0.9457978010177612,,NOW YOU
asllrp_other_ctc:28614:span00,asllrp_other_ctc,True,0.16683333333333333,0.33366666666666667,NOW,0.66,NOW,0.31820663809776306,NOW,NOW YOU
asllrp_other_ctc:28614:span00,asllrp_other_ctc,True,0.16683333333333333,0.33366666666666667,NOW,0.79,TRY,0.3825509548187256,NOW,NOW YOU
asllrp_other_ctc:28614:span00,asllrp_other_ctc,True,0.5672333333333334,0.7340666666666666,WORK,0.53,NOW,0.9457978010177612,,NOW YOU
asllrp_other_ctc:28614:span00,asllrp_other_ctc,True,0.5672333333333334,0.7340666666666666,WORK,0.66,NOW,0.31820663809776306,NOW,NOW YOU
asllrp_other_ctc:28614:span00,asllrp_other_ctc,True,0.5672333333333334,0.7340666666666666,WORK,0.79,TRY,0.3825509548187256,NOW,NOW YOU
asllrp_other_ctc:28614:span00,asllrp_other_ctc,True,0.5672333333333334,0.7340666666666666,WORK,0.92,WORK,0.2992231845855713,NOW,NOW YOU
asllrp_other_ctc:28614:span00,asllrp_other_ctc,True,0.5672333333333334,0.7340666666666666,WORK,1.05,TOMORROW,0.0981445163488388,NOW,NOW YOU
asllrp_other_ctc:28614:span00,asllrp_other_ctc,True,0.5672333333333334,0.7340666666666666,WORK,1.1800000000000002,MAKE,0.33281293511390686,NOW,NOW YOU
asllrp_other_ctc:28715:span00,asllrp_other_ctc,True,1.7017,2.168833333333333,WHERE,1.1800000000000002,SICK,0.4842917323112488,SICK,SICK SLEEP GIVE WORK
asllrp_other_ctc:28715:span00,asllrp_other_ctc,True,1.7017,2.168833333333333,WHERE,1.31,SLEEP,0.4868924617767334,SICK,SICK SLEEP GIVE WORK
asllrp_other_ctc:28715:span00,asllrp_other_ctc,True,1.7017,2.168833333333333,WHERE,1.44,SLEEP,0.34873318672180176,SICK SLEEP,SICK SLEEP GIVE WORK
asllrp_other_ctc:28715:span00,asllrp_other_ctc,True,1.7017,2.168833333333333,WHERE,1.57,GIVE,0.16372744739055634,SICK SLEEP,SICK SLEEP GIVE WORK
asllrp_other_ctc:28715:span00,asllrp_other_ctc,True,1.7017,2.168833333333333,WHERE,1.7,GIVE,0.08559443056583405,SICK SLEEP GIVE,SICK SLEEP GIVE WORK
asllrp_other_ctc:28715:span00,asllrp_other_ctc,True,1.7017,2.168833333333333,WHERE,1.83,TAKE,0.12319375574588776,SICK SLEEP GIVE,SICK SLEEP GIVE WORK
asllrp_other_ctc:28715:span00,asllrp_other_ctc,True,1.7017,2.168833333333333,WHERE,1.9600000000000002,YES,0.1425272673368454,SICK SLEEP GIVE,SICK SLEEP GIVE WORK
asllrp_other_ctc:28715:span00,asllrp_other_ctc,True,1.7017,2.168833333333333,WHERE,2.09,WORK,0.6951243877410889,SICK SLEEP GIVE,SICK SLEEP GIVE WORK
asllrp_other_ctc:28715:span00,asllrp_other_ctc,True,1.7017,2.168833333333333,WHERE,2.2199999999999998,WORK,0.6509424448013306,SICK SLEEP GIVE WORK,SICK SLEEP GIVE WORK
asllrp_other_ctc:28715:span00,asllrp_other_ctc,True,1.7017,2.168833333333333,WHERE,2.3023000000000002,WORK,0.5421784520149231,SICK SLEEP GIVE WORK,SICK SLEEP GIVE WORK
asllrp_other_ctc:28918:span00,asllrp_other_ctc,True,3.937266666666667,4.1041,HAVE,3.5200000000000005,LEARN,0.08581006526947021,MY SAME,MY SAME LEARN TAKE
asllrp_other_ctc:28918:span00,asllrp_other_ctc,True,3.937266666666667,4.1041,HAVE,3.6500000000000004,LEARN,0.1937119960784912,MY SAME LEARN,MY SAME LEARN TAKE
asllrp_other_ctc:28918:span00,asllrp_other_ctc,True,3.937266666666667,4.1041,HAVE,3.7800000000000002,NO_EMIT,0.0997268557548523,MY SAME LEARN,MY SAME LEARN TAKE
asllrp_other_ctc:28918:span00,asllrp_other_ctc,True,3.937266666666667,4.1041,HAVE,3.91,LIKE,0.0720352828502655,MY SAME LEARN,MY SAME LEARN TAKE
asllrp_other_ctc:28918:span00,asllrp_other_ctc,True,3.937266666666667,4.1041,HAVE,4.04,HELP,0.0898708924651146,MY SAME LEARN,MY SAME LEARN TAKE
asllrp_other_ctc:28918:span00,asllrp_other_ctc,True,3.937266666666667,4.1041,HAVE,4.17,ANGRY,0.23669694364070892,MY SAME LEARN,MY SAME LEARN TAKE
asllrp_other_ctc:28918:span00,asllrp_other_ctc,True,3.937266666666667,4.1041,HAVE,4.3,TRY,0.20185978710651398,MY SAME LEARN,MY SAME LEARN TAKE
asllrp_other_ctc:28918:span00,asllrp_other_ctc,True,3.937266666666667,4.1041,HAVE,4.430000000000001,NOW,0.34638261795043945,MY SAME LEARN,MY SAME LEARN TAKE
asllrp_other_ctc:28918:span00,asllrp_other_ctc,True,3.937266666666667,4.1041,HAVE,4.5600000000000005,YES,0.12041118741035461,MY SAME LEARN,MY SAME LEARN TAKE
asllrp_other_ctc:29019:span00,asllrp_other_ctc,True,1.7350666666666668,2.0353666666666665,FRIEND,1.31,NOW,0.19839052855968475,COME,COME HELLO FRIEND FIND SORRY SAME YES
asllrp_other_ctc:29019:span00,asllrp_other_ctc,True,1.7350666666666668,2.0353666666666665,FRIEND,1.44,HELLO,0.34592369198799133,COME,COME HELLO FRIEND FIND SORRY SAME YES
asllrp_other_ctc:29019:span00,asllrp_other_ctc,True,1.7350666666666668,2.0353666666666665,FRIEND,1.57,HELLO,0.46975600719451904,COME HELLO,COME HELLO FRIEND FIND SORRY SAME YES
asllrp_other_ctc:29019:span00,asllrp_other_ctc,True,1.7350666666666668,2.0353666666666665,FRIEND,1.7,WANT,0.2873174250125885,COME HELLO,COME HELLO FRIEND FIND SORRY SAME YES
asllrp_other_ctc:29019:span00,asllrp_other_ctc,True,1.7350666666666668,2.0353666666666665,FRIEND,1.83,SMALL,0.5516638159751892,COME HELLO,COME HELLO FRIEND FIND SORRY SAME YES
asllrp_other_ctc:29019:span00,asllrp_other_ctc,True,1.7350666666666668,2.0353666666666665,FRIEND,1.9600000000000002,HOW,0.24410761892795563,COME HELLO,COME HELLO FRIEND FIND SORRY SAME YES
asllrp_other_ctc:29019:span00,asllrp_other_ctc,True,1.7350666666666668,2.0353666666666665,FRIEND,2.09,FRIEND,0.832740843296051,COME HELLO,COME HELLO FRIEND FIND SORRY SAME YES
asllrp_other_ctc:29019:span00,asllrp_other_ctc,True,1.7350666666666668,2.0353666666666665,FRIEND,2.2199999999999998,FRIEND,0.8715585470199585,COME HELLO FRIEND,COME HELLO FRIEND FIND SORRY SAME YES
asllrp_other_ctc:29019:span00,asllrp_other_ctc,True,1.7350666666666668,2.0353666666666665,FRIEND,2.35,FRIEND,0.8492828011512756,COME HELLO FRIEND,COME HELLO FRIEND FIND SORRY SAME YES
asllrp_other_ctc:29019:span00,asllrp_other_ctc,True,1.7350666666666668,2.0353666666666665,FRIEND,2.4800000000000004,MAKE,0.1753949373960495,COME HELLO FRIEND,COME HELLO FRIEND FIND SORRY SAME YES
asllrp_other_ctc:29019:span00,asllrp_other_ctc,True,2.8695333333333335,3.1698333333333335,HOT,2.35,FRIEND,0.8492828011512756,COME HELLO FRIEND,COME HELLO FRIEND FIND SORRY SAME YES
asllrp_other_ctc:29019:span00,asllrp_other_ctc,True,2.8695333333333335,3.1698333333333335,HOT,2.4800000000000004,MAKE,0.1753949373960495,COME HELLO FRIEND,COME HELLO FRIEND FIND SORRY SAME YES
asllrp_other_ctc:29019:span00,asllrp_other_ctc,True,2.8695333333333335,3.1698333333333335,HOT,2.6100000000000003,SAME,0.11183889955282211,COME HELLO FRIEND,COME HELLO FRIEND FIND SORRY SAME YES
asllrp_other_ctc:29019:span00,asllrp_other_ctc,True,2.8695333333333335,3.1698333333333335,HOT,2.74,YOU,0.3026558756828308,COME HELLO FRIEND,COME HELLO FRIEND FIND SORRY SAME YES
asllrp_other_ctc:29019:span00,asllrp_other_ctc,True,2.8695333333333335,3.1698333333333335,HOT,2.87,NO_EMIT,0.07108545303344727,COME HELLO FRIEND,COME HELLO FRIEND FIND SORRY SAME YES
asllrp_other_ctc:29019:span00,asllrp_other_ctc,True,2.8695333333333335,3.1698333333333335,HOT,3.0,NO_EMIT,0.11375272274017334,COME HELLO FRIEND,COME HELLO FRIEND FIND SORRY SAME YES
asllrp_other_ctc:29019:span00,asllrp_other_ctc,True,2.8695333333333335,3.1698333333333335,HOT,3.13,NO_EMIT,0.09399256855249405,COME HELLO FRIEND,COME HELLO FRIEND FIND SORRY SAME YES
asllrp_other_ctc:29019:span00,asllrp_other_ctc,True,2.8695333333333335,3.1698333333333335,HOT,3.26,HOT,0.1957896202802658,COME HELLO FRIEND,COME HELLO FRIEND FIND SORRY SAME YES
asllrp_other_ctc:29019:span00,asllrp_other_ctc,True,2.8695333333333335,3.1698333333333335,HOT,3.3900000000000006,FIND,0.3068367838859558,COME HELLO FRIEND,COME HELLO FRIEND FIND SORRY SAME YES
asllrp_other_ctc:29019:span00,asllrp_other_ctc,True,2.8695333333333335,3.1698333333333335,HOT,3.5200000000000005,FIND,0.09399096667766571,COME HELLO FRIEND FIND,COME HELLO FRIEND FIND SORRY SAME YES
asllrp_other_ctc:29019:span00,asllrp_other_ctc,True,2.8695333333333335,3.1698333333333335,HOT,3.6500000000000004,HAVE,0.22292056679725647,COME HELLO FRIEND FIND,COME HELLO FRIEND FIND SORRY SAME YES
asllrp_other_ctc:29221:span00,asllrp_other_ctc,True,3.7037,3.8038,THINK,3.26,GIVE,0.308179646730423,WOMAN LIKE YOU GO ANSWER,WOMAN LIKE YOU GO ANSWER UNDERSTAND
asllrp_other_ctc:29221:span00,asllrp_other_ctc,True,3.7037,3.8038,THINK,3.3900000000000006,HOT,0.08422037214040756,WOMAN LIKE YOU GO ANSWER,WOMAN LIKE YOU GO ANSWER UNDERSTAND
asllrp_other_ctc:29221:span00,asllrp_other_ctc,True,3.7037,3.8038,THINK,3.5200000000000005,SICK,0.2941420078277588,WOMAN LIKE YOU GO ANSWER,WOMAN LIKE YOU GO ANSWER UNDERSTAND
asllrp_other_ctc:29221:span00,asllrp_other_ctc,True,3.7037,3.8038,THINK,3.6500000000000004,WHY,0.13307614624500275,WOMAN LIKE YOU GO ANSWER,WOMAN LIKE YOU GO ANSWER UNDERSTAND
asllrp_other_ctc:29221:span00,asllrp_other_ctc,True,3.7037,3.8038,THINK,3.7800000000000002,SLEEP,0.13194233179092407,WOMAN LIKE YOU GO ANSWER,WOMAN LIKE YOU GO ANSWER UNDERSTAND
asllrp_other_ctc:29221:span00,asllrp_other_ctc,True,3.7037,3.8038,THINK,3.91,UNDERSTAND,0.12687557935714722,WOMAN LIKE YOU GO ANSWER,WOMAN LIKE YOU GO ANSWER UNDERSTAND
asllrp_other_ctc:29221:span00,asllrp_other_ctc,True,3.7037,3.8038,THINK,4.04,UNDERSTAND,0.830743670463562,WOMAN LIKE YOU GO ANSWER UNDERSTAND,WOMAN LIKE YOU GO ANSWER UNDERSTAND
asllrp_other_ctc:29221:span00,asllrp_other_ctc,True,3.7037,3.8038,THINK,4.17,ASK,0.26186779141426086,WOMAN LIKE YOU GO ANSWER UNDERSTAND,WOMAN LIKE YOU GO ANSWER UNDERSTAND
asllrp_other_ctc:29221:span00,asllrp_other_ctc,True,3.7037,3.8038,THINK,4.3,YOU,0.38676413893699646,WOMAN LIKE YOU GO ANSWER UNDERSTAND,WOMAN LIKE YOU GO ANSWER UNDERSTAND
asllrp_other_ctc:29322:span00,asllrp_other_ctc,True,2.6693333333333333,2.8028,THINK,2.2199999999999998,DIFFERENT,0.14799174666404724,TELL LANGUAGE,TELL LANGUAGE UNDERSTAND UNDERSTAND WHO
asllrp_other_ctc:29322:span00,asllrp_other_ctc,True,2.6693333333333333,2.8028,THINK,2.35,GO,0.575993001461029,TELL LANGUAGE,TELL LANGUAGE UNDERSTAND UNDERSTAND WHO
asllrp_other_ctc:29322:span00,asllrp_other_ctc,True,2.6693333333333333,2.8028,THINK,2.4800000000000004,ANSWER,0.3379034101963043,TELL LANGUAGE,TELL LANGUAGE UNDERSTAND UNDERSTAND WHO
asllrp_other_ctc:29322:span00,asllrp_other_ctc,True,2.6693333333333333,2.8028,THINK,2.6100000000000003,UNDERSTAND,0.0970701202750206,TELL LANGUAGE,TELL LANGUAGE UNDERSTAND UNDERSTAND WHO
asllrp_other_ctc:29322:span00,asllrp_other_ctc,True,2.6693333333333333,2.8028,THINK,2.74,UNDERSTAND,0.7497496008872986,TELL LANGUAGE UNDERSTAND,TELL LANGUAGE UNDERSTAND UNDERSTAND WHO
asllrp_other_ctc:29322:span00,asllrp_other_ctc,True,2.6693333333333333,2.8028,THINK,2.87,UNDERSTAND,0.6028618812561035,TELL LANGUAGE UNDERSTAND,TELL LANGUAGE UNDERSTAND UNDERSTAND WHO
asllrp_other_ctc:29322:span00,asllrp_other_ctc,True,2.6693333333333333,2.8028,THINK,3.0,UNDERSTAND,0.5221977829933167,TELL LANGUAGE UNDERSTAND,TELL LANGUAGE UNDERSTAND UNDERSTAND WHO
asllrp_other_ctc:29322:span00,asllrp_other_ctc,True,2.6693333333333333,2.8028,THINK,3.13,UNDERSTAND,0.1893453449010849,TELL LANGUAGE UNDERSTAND,TELL LANGUAGE UNDERSTAND UNDERSTAND WHO
asllrp_other_ctc:29322:span00,asllrp_other_ctc,True,2.6693333333333333,2.8028,THINK,3.26,TELL,0.2093333750963211,TELL LANGUAGE UNDERSTAND,TELL LANGUAGE UNDERSTAND UNDERSTAND WHO
asllrp_other_ctc:29423:span00,asllrp_other_ctc,True,0.16683333333333333,0.46713333333333334,COLD,0.53,COLD,0.44912007451057434,,COLD LIKE EXCITED BAD WHY YEAR FRIEND SAME WORK
asllrp_other_ctc:29423:span00,asllrp_other_ctc,True,0.16683333333333333,0.46713333333333334,COLD,0.66,COLD,0.5795958042144775,COLD,COLD LIKE EXCITED BAD WHY YEAR FRIEND SAME WORK
asllrp_other_ctc:29423:span00,asllrp_other_ctc,True,0.16683333333333333,0.46713333333333334,COLD,0.79,COLD,0.1890861839056015,COLD,COLD LIKE EXCITED BAD WHY YEAR FRIEND SAME WORK
asllrp_other_ctc:29423:span00,asllrp_other_ctc,True,0.16683333333333333,0.46713333333333334,COLD,0.92,TOMORROW,0.23132595419883728,COLD,COLD LIKE EXCITED BAD WHY YEAR FRIEND SAME WORK
asllrp_other_ctc:29626:span00,asllrp_other_ctc,True,1.8018,1.9686333333333335,MORNING,1.31,DRINK,0.13823047280311584,YEAR,YEAR NIGHT MORNING MORNING WHAT
asllrp_other_ctc:29626:span00,asllrp_other_ctc,True,1.8018,1.9686333333333335,MORNING,1.44,NIGHT,0.3843669593334198,YEAR,YEAR NIGHT MORNING MORNING WHAT
asllrp_other_ctc:29626:span00,asllrp_other_ctc,True,1.8018,1.9686333333333335,MORNING,1.57,NIGHT,0.552543580532074,YEAR NIGHT,YEAR NIGHT MORNING MORNING WHAT
asllrp_other_ctc:29626:span00,asllrp_other_ctc,True,1.8018,1.9686333333333335,MORNING,1.7,WORK,0.22234615683555603,YEAR NIGHT,YEAR NIGHT MORNING MORNING WHAT
asllrp_other_ctc:29626:span00,asllrp_other_ctc,True,1.8018,1.9686333333333335,MORNING,1.83,EAT,0.11939343810081482,YEAR NIGHT,YEAR NIGHT MORNING MORNING WHAT
asllrp_other_ctc:29626:span00,asllrp_other_ctc,True,1.8018,1.9686333333333335,MORNING,1.9600000000000002,HOME,0.32628414034843445,YEAR NIGHT,YEAR NIGHT MORNING MORNING WHAT
asllrp_other_ctc:29626:span00,asllrp_other_ctc,True,1.8018,1.9686333333333335,MORNING,2.09,MORNING,0.6399219632148743,YEAR NIGHT,YEAR NIGHT MORNING MORNING WHAT
asllrp_other_ctc:29626:span00,asllrp_other_ctc,True,1.8018,1.9686333333333335,MORNING,2.2199999999999998,MORNING,0.3854483962059021,YEAR NIGHT MORNING,YEAR NIGHT MORNING MORNING WHAT
asllrp_other_ctc:29626:span00,asllrp_other_ctc,True,1.8018,1.9686333333333335,MORNING,2.35,HOT,0.18041087687015533,YEAR NIGHT MORNING,YEAR NIGHT MORNING MORNING WHAT
asllrp_other_ctc:29626:span00,asllrp_other_ctc,True,1.8018,1.9686333333333335,MORNING,2.4800000000000004,SMALL,0.11970045417547226,YEAR NIGHT MORNING,YEAR NIGHT MORNING MORNING WHAT
asllrp_other_ctc:29727:span00,asllrp_other_ctc,True,1.4681333333333333,1.5682333333333334,MORNING,1.05,DRINK,0.31950557231903076,,DRINK LEARN SCHOOL MORNING
asllrp_other_ctc:29727:span00,asllrp_other_ctc,True,1.4681333333333333,1.5682333333333334,MORNING,1.1800000000000002,DRINK,0.6326518654823303,DRINK,DRINK LEARN SCHOOL MORNING
asllrp_other_ctc:29727:span00,asllrp_other_ctc,True,1.4681333333333333,1.5682333333333334,MORNING,1.31,MAN,0.23088866472244263,DRINK,DRINK LEARN SCHOOL MORNING
asllrp_other_ctc:29727:span00,asllrp_other_ctc,True,1.4681333333333333,1.5682333333333334,MORNING,1.44,NIGHT,0.25389692187309265,DRINK,DRINK LEARN SCHOOL MORNING
asllrp_other_ctc:29727:span00,asllrp_other_ctc,True,1.4681333333333333,1.5682333333333334,MORNING,1.57,LEARN,0.24905622005462646,DRINK,DRINK LEARN SCHOOL MORNING
asllrp_other_ctc:29727:span00,asllrp_other_ctc,True,1.4681333333333333,1.5682333333333334,MORNING,1.7,LEARN,0.31864893436431885,DRINK LEARN,DRINK LEARN SCHOOL MORNING
asllrp_other_ctc:29727:span00,asllrp_other_ctc,True,1.4681333333333333,1.5682333333333334,MORNING,1.83,MORNING,0.35079020261764526,DRINK LEARN,DRINK LEARN SCHOOL MORNING
asllrp_other_ctc:29727:span00,asllrp_other_ctc,True,1.4681333333333333,1.5682333333333334,MORNING,1.9600000000000002,BAD,0.10562457889318466,DRINK LEARN,DRINK LEARN SCHOOL MORNING
asllrp_other_ctc:29727:span00,asllrp_other_ctc,True,1.4681333333333333,1.5682333333333334,MORNING,2.09,MAYBE,0.20333459973335266,DRINK LEARN,DRINK LEARN SCHOOL MORNING
asllrp_other_ctc:29728:span00,asllrp_other_ctc,True,0.7674333333333333,1.0677333333333334,TOMORROW,0.53,SAME,0.2075483500957489,,SAME TOMORROW SORRY EAT
asllrp_other_ctc:29728:span00,asllrp_other_ctc,True,0.7674333333333333,1.0677333333333334,TOMORROW,0.66,SAME,0.19243919849395752,SAME,SAME TOMORROW SORRY EAT
asllrp_other_ctc:29728:span00,asllrp_other_ctc,True,0.7674333333333333,1.0677333333333334,TOMORROW,0.79,SAME,0.20635086297988892,SAME,SAME TOMORROW SORRY EAT
asllrp_other_ctc:29728:span00,asllrp_other_ctc,True,0.7674333333333333,1.0677333333333334,TOMORROW,0.92,FAMILY,0.06664881110191345,SAME,SAME TOMORROW SORRY EAT
asllrp_other_ctc:29728:span00,asllrp_other_ctc,True,0.7674333333333333,1.0677333333333334,TOMORROW,1.05,EAT,0.21309570968151093,SAME,SAME TOMORROW SORRY EAT
asllrp_other_ctc:29728:span00,asllrp_other_ctc,True,0.7674333333333333,1.0677333333333334,TOMORROW,1.1800000000000002,TOMORROW,0.2201187163591385,SAME,SAME TOMORROW SORRY EAT
asllrp_other_ctc:29728:span00,asllrp_other_ctc,True,0.7674333333333333,1.0677333333333334,TOMORROW,1.31,TOMORROW,0.44349995255470276,SAME TOMORROW,SAME TOMORROW SORRY EAT
asllrp_other_ctc:29728:span00,asllrp_other_ctc,True,0.7674333333333333,1.0677333333333334,TOMORROW,1.44,SORRY,0.6255990862846375,SAME TOMORROW,SAME TOMORROW SORRY EAT
asllrp_other_ctc:29728:span00,asllrp_other_ctc,True,0.7674333333333333,1.0677333333333334,TOMORROW,1.57,SORRY,0.7045421004295349,SAME TOMORROW SORRY,SAME TOMORROW SORRY EAT
asllrp_other_ctc:29728:span00,asllrp_other_ctc,True,2.0020000000000002,2.2689333333333335,HOME,1.57,SORRY,0.7045421004295349,SAME TOMORROW SORRY,SAME TOMORROW SORRY EAT
asllrp_other_ctc:29728:span00,asllrp_other_ctc,True,2.0020000000000002,2.2689333333333335,HOME,1.7,SORRY,0.4763714671134949,SAME TOMORROW SORRY,SAME TOMORROW SORRY EAT
asllrp_other_ctc:29728:span00,asllrp_other_ctc,True,2.0020000000000002,2.2689333333333335,HOME,1.83,SORRY,0.3670167922973633,SAME TOMORROW SORRY,SAME TOMORROW SORRY EAT
asllrp_other_ctc:29728:span00,asllrp_other_ctc,True,2.0020000000000002,2.2689333333333335,HOME,1.9600000000000002,TAKE,0.19612231850624084,SAME TOMORROW SORRY,SAME TOMORROW SORRY EAT
asllrp_other_ctc:29728:span00,asllrp_other_ctc,True,2.0020000000000002,2.2689333333333335,HOME,2.09,TOMORROW,0.23220735788345337,SAME TOMORROW SORRY,SAME TOMORROW SORRY EAT
asllrp_other_ctc:29728:span00,asllrp_other_ctc,True,2.0020000000000002,2.2689333333333335,HOME,2.2199999999999998,HOME,0.5940774083137512,SAME TOMORROW SORRY,SAME TOMORROW SORRY EAT
asllrp_other_ctc:29728:span00,asllrp_other_ctc,True,2.0020000000000002,2.2689333333333335,HOME,2.35,EAT,0.460527241230011,SAME TOMORROW SORRY,SAME TOMORROW SORRY EAT
asllrp_other_ctc:29728:span00,asllrp_other_ctc,True,2.0020000000000002,2.2689333333333335,HOME,2.4800000000000004,EAT,0.7816512584686279,SAME TOMORROW SORRY EAT,SAME TOMORROW SORRY EAT
asllrp_other_ctc:29728:span00,asllrp_other_ctc,True,2.0020000000000002,2.2689333333333335,HOME,2.6100000000000003,EAT,0.5979106426239014,SAME TOMORROW SORRY EAT,SAME TOMORROW SORRY EAT
asllrp_other_ctc:29728:span00,asllrp_other_ctc,True,2.0020000000000002,2.2689333333333335,HOME,2.7027,EAT,0.1460413932800293,SAME TOMORROW SORRY EAT,SAME TOMORROW SORRY EAT
asllrp_other_ctc:29829:span00,asllrp_other_ctc,True,0.8341666666666667,1.2012,WORK,0.53,SLEEP,0.27169233560562134,,SMALL WORK
asllrp_other_ctc:29829:span00,asllrp_other_ctc,True,0.8341666666666667,1.2012,WORK,0.66,HOT,0.0960567370057106,,SMALL WORK
asllrp_other_ctc:29829:span00,asllrp_other_ctc,True,0.8341666666666667,1.2012,WORK,0.79,IMPORTANT,0.23735977709293365,,SMALL WORK
asllrp_other_ctc:29829:span00,asllrp_other_ctc,True,0.8341666666666667,1.2012,WORK,0.92,READY,0.2431986927986145,,SMALL WORK
asllrp_other_ctc:29829:span00,asllrp_other_ctc,True,0.8341666666666667,1.2012,WORK,1.05,SMALL,0.7242575883865356,,SMALL WORK
asllrp_other_ctc:29829:span00,asllrp_other_ctc,True,0.8341666666666667,1.2012,WORK,1.1800000000000002,SMALL,0.37277552485466003,SMALL,SMALL WORK
asllrp_other_ctc:29829:span00,asllrp_other_ctc,True,0.8341666666666667,1.2012,WORK,1.31,SAME,0.2180664986371994,SMALL,SMALL WORK
asllrp_other_ctc:29829:span00,asllrp_other_ctc,True,0.8341666666666667,1.2012,WORK,1.44,WORK,0.5383424162864685,SMALL,SMALL WORK
asllrp_other_ctc:29829:span00,asllrp_other_ctc,True,0.8341666666666667,1.2012,WORK,1.57,WORK,0.23229290544986725,SMALL WORK,SMALL WORK
asllrp_other_ctc:29829:span00,asllrp_other_ctc,True,0.8341666666666667,1.2012,WORK,1.7,LEARN,0.4043290317058563,SMALL WORK,SMALL WORK
asllrp_other_ctc:29829:span00,asllrp_other_ctc,True,2.0020000000000002,2.3023000000000002,HOME,1.57,WORK,0.23229290544986725,SMALL WORK,SMALL WORK
asllrp_other_ctc:29829:span00,asllrp_other_ctc,True,2.0020000000000002,2.3023000000000002,HOME,1.7,LEARN,0.4043290317058563,SMALL WORK,SMALL WORK
asllrp_other_ctc:29829:span00,asllrp_other_ctc,True,2.0020000000000002,2.3023000000000002,HOME,1.83,DRINK,0.42747968435287476,SMALL WORK,SMALL WORK
asllrp_other_ctc:29829:span00,asllrp_other_ctc,True,2.0020000000000002,2.3023000000000002,HOME,1.9600000000000002,WHY,0.14915770292282104,SMALL WORK,SMALL WORK
asllrp_other_ctc:29829:span00,asllrp_other_ctc,True,2.0020000000000002,2.3023000000000002,HOME,2.09,HOME,0.25211861729621887,SMALL WORK,SMALL WORK
asllrp_other_ctc:29829:span00,asllrp_other_ctc,True,2.0020000000000002,2.3023000000000002,HOME,2.2199999999999998,WORK,0.1315128207206726,SMALL WORK,SMALL WORK
asllrp_other_ctc:29829:span00,asllrp_other_ctc,True,2.0020000000000002,2.3023000000000002,HOME,2.35,NO_EMIT,0.11296028643846512,SMALL WORK,SMALL WORK
asllrp_other_ctc:29829:span00,asllrp_other_ctc,True,2.0020000000000002,2.3023000000000002,HOME,2.4024,WHY,0.09082344174385071,SMALL WORK,SMALL WORK
asllrp_other_ctc:29931:span00,asllrp_other_ctc,True,2.2689333333333335,2.3690333333333333,THINK,1.83,HOW,0.14110329747200012,USE SMALL,USE SMALL HELP LEARN YEAR
asllrp_other_ctc:29931:span00,asllrp_other_ctc,True,2.2689333333333335,2.3690333333333333,THINK,1.9600000000000002,HELP,0.07767483592033386,USE SMALL,USE SMALL HELP LEARN YEAR
asllrp_other_ctc:29931:span00,asllrp_other_ctc,True,2.2689333333333335,2.3690333333333333,THINK,2.09,HELP,0.20952627062797546,USE SMALL HELP,USE SMALL HELP LEARN YEAR
asllrp_other_ctc:29931:span00,asllrp_other_ctc,True,2.2689333333333335,2.3690333333333333,THINK,2.2199999999999998,LEARN,0.10594996809959412,USE SMALL HELP,USE SMALL HELP LEARN YEAR
asllrp_other_ctc:29931:span00,asllrp_other_ctc,True,2.2689333333333335,2.3690333333333333,THINK,2.35,LEARN,0.5524522066116333,USE SMALL HELP LEARN,USE SMALL HELP LEARN YEAR
asllrp_other_ctc:29931:span00,asllrp_other_ctc,True,2.2689333333333335,2.3690333333333333,THINK,2.4800000000000004,HOSPITAL,0.12731106579303741,USE SMALL HELP LEARN,USE SMALL HELP LEARN YEAR
asllrp_other_ctc:29931:span00,asllrp_other_ctc,True,2.2689333333333335,2.3690333333333333,THINK,2.6100000000000003,SLEEP,0.185663640499115,USE SMALL HELP LEARN,USE SMALL HELP LEARN YEAR
asllrp_other_ctc:29931:span00,asllrp_other_ctc,True,2.2689333333333335,2.3690333333333333,THINK,2.74,YOU,0.07646705955266953,USE SMALL HELP LEARN,USE SMALL HELP LEARN YEAR
asllrp_other_ctc:29931:span00,asllrp_other_ctc,True,2.2689333333333335,2.3690333333333333,THINK,2.87,YEAR,0.14474473893642426,USE SMALL HELP LEARN,USE SMALL HELP LEARN YEAR
asllrp_other_ctc:30336:span00,asllrp_other_ctc,True,0.16683333333333333,0.40040000000000003,WATER,0.53,WATER,0.7827388644218445,,WATER SLEEP YES WORK
asllrp_other_ctc:30336:span00,asllrp_other_ctc,True,0.16683333333333333,0.40040000000000003,WATER,0.66,WATER,0.7236460447311401,WATER,WATER SLEEP YES WORK
asllrp_other_ctc:30336:span00,asllrp_other_ctc,True,0.16683333333333333,0.40040000000000003,WATER,0.79,SLEEP,0.3546912372112274,WATER,WATER SLEEP YES WORK
asllrp_other_ctc:30336:span00,asllrp_other_ctc,True,0.16683333333333333,0.40040000000000003,WATER,0.92,SLEEP,0.33081290125846863,WATER SLEEP,WATER SLEEP YES WORK
asllrp_other_ctc:30336:span00,asllrp_other_ctc,True,0.6006,1.2012,COLD,0.53,WATER,0.7827388644218445,,WATER SLEEP YES WORK
asllrp_other_ctc:30336:span00,asllrp_other_ctc,True,0.6006,1.2012,COLD,0.66,WATER,0.7236460447311401,WATER,WATER SLEEP YES WORK
asllrp_other_ctc:30336:span00,asllrp_other_ctc,True,0.6006,1.2012,COLD,0.79,SLEEP,0.3546912372112274,WATER,WATER SLEEP YES WORK
asllrp_other_ctc:30336:span00,asllrp_other_ctc,True,0.6006,1.2012,COLD,0.92,SLEEP,0.33081290125846863,WATER SLEEP,WATER SLEEP YES WORK
asllrp_other_ctc:30336:span00,asllrp_other_ctc,True,0.6006,1.2012,COLD,1.05,YES,0.21867501735687256,WATER SLEEP,WATER SLEEP YES WORK
asllrp_other_ctc:30336:span00,asllrp_other_ctc,True,0.6006,1.2012,COLD,1.1800000000000002,YES,0.3553602993488312,WATER SLEEP YES,WATER SLEEP YES WORK
asllrp_other_ctc:30336:span00,asllrp_other_ctc,True,0.6006,1.2012,COLD,1.31,YES,0.4450569450855255,WATER SLEEP YES,WATER SLEEP YES WORK
asllrp_other_ctc:30336:span00,asllrp_other_ctc,True,0.6006,1.2012,COLD,1.44,YES,0.2917870283126831,WATER SLEEP YES,WATER SLEEP YES WORK
asllrp_other_ctc:30336:span00,asllrp_other_ctc,True,0.6006,1.2012,COLD,1.57,YES,0.4298158586025238,WATER SLEEP YES,WATER SLEEP YES WORK
asllrp_other_ctc:30336:span00,asllrp_other_ctc,True,0.6006,1.2012,COLD,1.7,YES,0.5329700112342834,WATER SLEEP YES,WATER SLEEP YES WORK
asllrp_other_ctc:30640:span00,asllrp_other_ctc,True,2.7027,2.9362666666666666,TOMORROW,2.2199999999999998,TIRED,0.5548851490020752,WORK TIRED,WORK TIRED TIRED SORRY
asllrp_other_ctc:30640:span00,asllrp_other_ctc,True,2.7027,2.9362666666666666,TOMORROW,2.35,HAVE,0.16193266212940216,WORK TIRED,WORK TIRED TIRED SORRY
asllrp_other_ctc:30640:span00,asllrp_other_ctc,True,2.7027,2.9362666666666666,TOMORROW,2.4800000000000004,TIRED,0.5793647766113281,WORK TIRED,WORK TIRED TIRED SORRY
asllrp_other_ctc:30640:span00,asllrp_other_ctc,True,2.7027,2.9362666666666666,TOMORROW,2.6100000000000003,TIRED,0.24334679543972015,WORK TIRED TIRED,WORK TIRED TIRED SORRY
asllrp_other_ctc:30640:span00,asllrp_other_ctc,True,2.7027,2.9362666666666666,TOMORROW,2.74,HUNGRY,0.15423840284347534,WORK TIRED TIRED,WORK TIRED TIRED SORRY
asllrp_other_ctc:30640:span00,asllrp_other_ctc,True,2.7027,2.9362666666666666,TOMORROW,2.87,HELP,0.14287202060222626,WORK TIRED TIRED,WORK TIRED TIRED SORRY
asllrp_other_ctc:30640:span00,asllrp_other_ctc,True,2.7027,2.9362666666666666,TOMORROW,3.0,YEAR,0.17528000473976135,WORK TIRED TIRED,WORK TIRED TIRED SORRY
asllrp_other_ctc:30640:span00,asllrp_other_ctc,True,2.7027,2.9362666666666666,TOMORROW,3.13,TOMORROW,0.3098781704902649,WORK TIRED TIRED,WORK TIRED TIRED SORRY
asllrp_other_ctc:30640:span00,asllrp_other_ctc,True,2.7027,2.9362666666666666,TOMORROW,3.26,SORRY,0.39001724123954773,WORK TIRED TIRED,WORK TIRED TIRED SORRY
asllrp_other_ctc:30640:span00,asllrp_other_ctc,True,2.7027,2.9362666666666666,TOMORROW,3.3900000000000006,SORRY,0.23479880392551422,WORK TIRED TIRED SORRY,WORK TIRED TIRED SORRY
asllrp_other_ctc:30640:span00,asllrp_other_ctc,True,2.7027,2.9362666666666666,TOMORROW,3.4034,SORRY,0.25583913922309875,WORK TIRED TIRED SORRY,WORK TIRED TIRED SORRY
asllrp_other_ctc:30641:span00,asllrp_other_ctc,True,0.6339666666666667,0.8341666666666667,WORK,0.53,LIKE,0.11697803437709808,,HOT WORK NO
asllrp_other_ctc:30641:span00,asllrp_other_ctc,True,0.6339666666666667,0.8341666666666667,WORK,0.66,HOT,0.2240769863128662,,HOT WORK NO
asllrp_other_ctc:30641:span00,asllrp_other_ctc,True,0.6339666666666667,0.8341666666666667,WORK,0.79,HOT,0.18846386671066284,HOT,HOT WORK NO
asllrp_other_ctc:30641:span00,asllrp_other_ctc,True,0.6339666666666667,0.8341666666666667,WORK,0.92,SCHOOL,0.305748850107193,HOT,HOT WORK NO
asllrp_other_ctc:30641:span00,asllrp_other_ctc,True,0.6339666666666667,0.8341666666666667,WORK,1.05,SAME,0.21722285449504852,HOT,HOT WORK NO
asllrp_other_ctc:30641:span00,asllrp_other_ctc,True,0.6339666666666667,0.8341666666666667,WORK,1.1800000000000002,WORK,0.1462440937757492,HOT,HOT WORK NO
asllrp_other_ctc:30641:span00,asllrp_other_ctc,True,0.6339666666666667,0.8341666666666667,WORK,1.31,WORK,0.18985648453235626,HOT WORK,HOT WORK NO
asllrp_other_ctc:30742:span00,asllrp_other_ctc,True,1.2012,1.5015,WHERE,0.79,STOP,0.3704914450645447,STOP,STOP WORK HELP HUNGRY MORNING
asllrp_other_ctc:30742:span00,asllrp_other_ctc,True,1.2012,1.5015,WHERE,0.92,SICK,0.5865619778633118,STOP,STOP WORK HELP HUNGRY MORNING
asllrp_other_ctc:30742:span00,asllrp_other_ctc,True,1.2012,1.5015,WHERE,1.05,SLEEP,0.21657101809978485,STOP,STOP WORK HELP HUNGRY MORNING
asllrp_other_ctc:30742:span00,asllrp_other_ctc,True,1.2012,1.5015,WHERE,1.1800000000000002,BAD,0.16686473786830902,STOP,STOP WORK HELP HUNGRY MORNING
asllrp_other_ctc:30742:span00,asllrp_other_ctc,True,1.2012,1.5015,WHERE,1.31,STOP,0.28945809602737427,STOP,STOP WORK HELP HUNGRY MORNING
asllrp_other_ctc:30742:span00,asllrp_other_ctc,True,1.2012,1.5015,WHERE,1.44,TAKE,0.39535561203956604,STOP,STOP WORK HELP HUNGRY MORNING
asllrp_other_ctc:30742:span00,asllrp_other_ctc,True,1.2012,1.5015,WHERE,1.57,WORK,0.17714539170265198,STOP,STOP WORK HELP HUNGRY MORNING
asllrp_other_ctc:30742:span00,asllrp_other_ctc,True,1.2012,1.5015,WHERE,1.7,WORK,0.34059837460517883,STOP WORK,STOP WORK HELP HUNGRY MORNING
asllrp_other_ctc:30742:span00,asllrp_other_ctc,True,1.2012,1.5015,WHERE,1.83,TOMORROW,0.6189347505569458,STOP WORK,STOP WORK HELP HUNGRY MORNING
asllrp_other_ctc:30742:span00,asllrp_other_ctc,True,1.2012,1.5015,WHERE,1.9600000000000002,HELP,0.1361711621284485,STOP WORK,STOP WORK HELP HUNGRY MORNING
asllrp_other_ctc:31654594:span00,asllrp_other_ctc,True,0.9009,1.2345666666666666,FRIEND,0.53,ANGRY,0.1917504519224167,,FRIEND SIGN WHY
asllrp_other_ctc:31654594:span00,asllrp_other_ctc,True,0.9009,1.2345666666666666,FRIEND,0.66,SMALL,0.17867369949817657,,FRIEND SIGN WHY
asllrp_other_ctc:31654594:span00,asllrp_other_ctc,True,0.9009,1.2345666666666666,FRIEND,0.79,STOP,0.25543585419654846,,FRIEND SIGN WHY
asllrp_other_ctc:31654594:span00,asllrp_other_ctc,True,0.9009,1.2345666666666666,FRIEND,0.92,EASY,0.24249793589115143,,FRIEND SIGN WHY
asllrp_other_ctc:31654594:span00,asllrp_other_ctc,True,0.9009,1.2345666666666666,FRIEND,1.05,HELP,0.0979483351111412,,FRIEND SIGN WHY
asllrp_other_ctc:31654594:span00,asllrp_other_ctc,True,0.9009,1.2345666666666666,FRIEND,1.1800000000000002,FRIEND,0.6306001543998718,,FRIEND SIGN WHY
asllrp_other_ctc:31654594:span00,asllrp_other_ctc,True,0.9009,1.2345666666666666,FRIEND,1.31,FRIEND,0.8397583365440369,FRIEND,FRIEND SIGN WHY
asllrp_other_ctc:31654594:span00,asllrp_other_ctc,True,0.9009,1.2345666666666666,FRIEND,1.44,SIGN,0.15932723879814148,FRIEND,FRIEND SIGN WHY
asllrp_other_ctc:31654594:span00,asllrp_other_ctc,True,0.9009,1.2345666666666666,FRIEND,1.57,SIGN,0.19766710698604584,FRIEND SIGN,FRIEND SIGN WHY
asllrp_other_ctc:31654594:span00,asllrp_other_ctc,True,0.9009,1.2345666666666666,FRIEND,1.7,SIGN,0.11555644124746323,FRIEND SIGN,FRIEND SIGN WHY
asllrp_other_ctc:31654693:span00,asllrp_other_ctc,True,0.16683333333333333,0.5338666666666667,FRIEND,0.53,FRIEND,0.9550269246101379,,FRIEND MAN YEAR EAT EAT YEAR WATER NAME STOP SLEEP TELL SAME
asllrp_other_ctc:31654693:span00,asllrp_other_ctc,True,0.16683333333333333,0.5338666666666667,FRIEND,0.66,FRIEND,0.9029212594032288,FRIEND,FRIEND MAN YEAR EAT EAT YEAR WATER NAME STOP SLEEP TELL SAME
asllrp_other_ctc:31654693:span00,asllrp_other_ctc,True,0.16683333333333333,0.5338666666666667,FRIEND,0.79,FRIEND,0.9048116207122803,FRIEND,FRIEND MAN YEAR EAT EAT YEAR WATER NAME STOP SLEEP TELL SAME
asllrp_other_ctc:31654693:span00,asllrp_other_ctc,True,0.16683333333333333,0.5338666666666667,FRIEND,0.92,FRIEND,0.3437500298023224,FRIEND,FRIEND MAN YEAR EAT EAT YEAR WATER NAME STOP SLEEP TELL SAME
asllrp_other_ctc:31654693:span00,asllrp_other_ctc,True,0.16683333333333333,0.5338666666666667,FRIEND,1.05,WHAT,0.09259886294603348,FRIEND,FRIEND MAN YEAR EAT EAT YEAR WATER NAME STOP SLEEP TELL SAME
asllrp_other_ctc:31654989:span00,asllrp_other_ctc,True,0.9009,1.0010000000000001,HAVE,0.53,WATER,0.17314548790454865,,WOMAN HAVE BIG MAKE HUNGRY LEARN MORNING NAME LANGUAGE ANSWER
asllrp_other_ctc:31654989:span00,asllrp_other_ctc,True,0.9009,1.0010000000000001,HAVE,0.66,WOMAN,0.2062898874282837,,WOMAN HAVE BIG MAKE HUNGRY LEARN MORNING NAME LANGUAGE ANSWER
asllrp_other_ctc:31654989:span00,asllrp_other_ctc,True,0.9009,1.0010000000000001,HAVE,0.79,WOMAN,0.08529260754585266,WOMAN,WOMAN HAVE BIG MAKE HUNGRY LEARN MORNING NAME LANGUAGE ANSWER
asllrp_other_ctc:31654989:span00,asllrp_other_ctc,True,0.9009,1.0010000000000001,HAVE,0.92,TIME,0.11862755566835403,WOMAN,WOMAN HAVE BIG MAKE HUNGRY LEARN MORNING NAME LANGUAGE ANSWER
asllrp_other_ctc:31654989:span00,asllrp_other_ctc,True,0.9009,1.0010000000000001,HAVE,1.05,THEY,0.056995149701833725,WOMAN,WOMAN HAVE BIG MAKE HUNGRY LEARN MORNING NAME LANGUAGE ANSWER
asllrp_other_ctc:31654989:span00,asllrp_other_ctc,True,0.9009,1.0010000000000001,HAVE,1.1800000000000002,HAVE,0.7913947105407715,WOMAN,WOMAN HAVE BIG MAKE HUNGRY LEARN MORNING NAME LANGUAGE ANSWER
asllrp_other_ctc:31654989:span00,asllrp_other_ctc,True,0.9009,1.0010000000000001,HAVE,1.31,HAVE,0.6659560799598694,WOMAN HAVE,WOMAN HAVE BIG MAKE HUNGRY LEARN MORNING NAME LANGUAGE ANSWER
asllrp_other_ctc:31654989:span00,asllrp_other_ctc,True,0.9009,1.0010000000000001,HAVE,1.44,HAVE,0.25561773777008057,WOMAN HAVE,WOMAN HAVE BIG MAKE HUNGRY LEARN MORNING NAME LANGUAGE ANSWER
asllrp_other_ctc:31654989:span00,asllrp_other_ctc,True,2.3023000000000002,2.5358666666666667,LIKE,1.83,GO,0.3129173517227173,WOMAN HAVE BIG,WOMAN HAVE BIG MAKE HUNGRY LEARN MORNING NAME LANGUAGE ANSWER
asllrp_other_ctc:31654989:span00,asllrp_other_ctc,True,2.3023000000000002,2.5358666666666667,LIKE,1.9600000000000002,WORK,0.5903604030609131,WOMAN HAVE BIG,WOMAN HAVE BIG MAKE HUNGRY LEARN MORNING NAME LANGUAGE ANSWER
asllrp_other_ctc:31654989:span00,asllrp_other_ctc,True,2.3023000000000002,2.5358666666666667,LIKE,2.09,TOMORROW,0.12800244987010956,WOMAN HAVE BIG,WOMAN HAVE BIG MAKE HUNGRY LEARN MORNING NAME LANGUAGE ANSWER
asllrp_other_ctc:31654989:span00,asllrp_other_ctc,True,2.3023000000000002,2.5358666666666667,LIKE,2.2199999999999998,MAKE,0.5912380218505859,WOMAN HAVE BIG,WOMAN HAVE BIG MAKE HUNGRY LEARN MORNING NAME LANGUAGE ANSWER
asllrp_other_ctc:31654989:span00,asllrp_other_ctc,True,2.3023000000000002,2.5358666666666667,LIKE,2.35,MAKE,0.40417465567588806,WOMAN HAVE BIG MAKE,WOMAN HAVE BIG MAKE HUNGRY LEARN MORNING NAME LANGUAGE ANSWER
asllrp_other_ctc:31654989:span00,asllrp_other_ctc,True,2.3023000000000002,2.5358666666666667,LIKE,2.4800000000000004,MY,0.12670865654945374,WOMAN HAVE BIG MAKE,WOMAN HAVE BIG MAKE HUNGRY LEARN MORNING NAME LANGUAGE ANSWER
asllrp_other_ctc:31654989:span00,asllrp_other_ctc,True,2.3023000000000002,2.5358666666666667,LIKE,2.6100000000000003,HUNGRY,0.33155736327171326,WOMAN HAVE BIG MAKE,WOMAN HAVE BIG MAKE HUNGRY LEARN MORNING NAME LANGUAGE ANSWER
asllrp_other_ctc:31654989:span00,asllrp_other_ctc,True,2.3023000000000002,2.5358666666666667,LIKE,2.74,HUNGRY,0.43250635266304016,WOMAN HAVE BIG MAKE HUNGRY,WOMAN HAVE BIG MAKE HUNGRY LEARN MORNING NAME LANGUAGE ANSWER
asllrp_other_ctc:31654989:span00,asllrp_other_ctc,True,2.3023000000000002,2.5358666666666667,LIKE,2.87,LEARN,0.09956818073987961,WOMAN HAVE BIG MAKE HUNGRY,WOMAN HAVE BIG MAKE HUNGRY LEARN MORNING NAME LANGUAGE ANSWER
asllrp_other_ctc:31654989:span00,asllrp_other_ctc,True,2.3023000000000002,2.5358666666666667,LIKE,3.0,LEARN,0.310151070356369,WOMAN HAVE BIG MAKE HUNGRY LEARN,WOMAN HAVE BIG MAKE HUNGRY LEARN MORNING NAME LANGUAGE ANSWER
asllrp_other_ctc:31655087:span00,asllrp_other_ctc,True,0.16683333333333333,0.46713333333333334,BAD,0.53,BAD,0.4250243008136749,,BAD SAD DRINK MORNING WORK SEE FRIEND HOW
asllrp_other_ctc:31655087:span00,asllrp_other_ctc,True,0.16683333333333333,0.46713333333333334,BAD,0.66,BAD,0.47449904680252075,BAD,BAD SAD DRINK MORNING WORK SEE FRIEND HOW
asllrp_other_ctc:31655087:span00,asllrp_other_ctc,True,0.16683333333333333,0.46713333333333334,BAD,0.79,SMALL,0.44773897528648376,BAD,BAD SAD DRINK MORNING WORK SEE FRIEND HOW
asllrp_other_ctc:31655087:span00,asllrp_other_ctc,True,0.16683333333333333,0.46713333333333334,BAD,0.92,SAD,0.7001668810844421,BAD,BAD SAD DRINK MORNING WORK SEE FRIEND HOW
asllrp_other_ctc:31655088:span00,asllrp_other_ctc,True,0.33366666666666667,0.5672333333333334,FAMILY,0.53,FAMILY,0.4040597975254059,,FAMILY SLEEP WORK MAKE LOVE WHY
asllrp_other_ctc:31655088:span00,asllrp_other_ctc,True,0.33366666666666667,0.5672333333333334,FAMILY,0.66,FAMILY,0.5981721878051758,FAMILY,FAMILY SLEEP WORK MAKE LOVE WHY
asllrp_other_ctc:31655088:span00,asllrp_other_ctc,True,0.33366666666666667,0.5672333333333334,FAMILY,0.79,FAMILY,0.5465660095214844,FAMILY,FAMILY SLEEP WORK MAKE LOVE WHY
asllrp_other_ctc:31655088:span00,asllrp_other_ctc,True,0.33366666666666667,0.5672333333333334,FAMILY,0.92,FAMILY,0.4292333126068115,FAMILY,FAMILY SLEEP WORK MAKE LOVE WHY
asllrp_other_ctc:31655088:span00,asllrp_other_ctc,True,0.33366666666666667,0.5672333333333334,FAMILY,1.05,MAKE,0.22813770174980164,FAMILY,FAMILY SLEEP WORK MAKE LOVE WHY
asllrp_other_ctc:31655088:span00,asllrp_other_ctc,True,2.0687333333333333,2.3356666666666666,WHERE,1.57,SEE,0.2827359139919281,FAMILY,FAMILY SLEEP WORK MAKE LOVE WHY
asllrp_other_ctc:31655088:span00,asllrp_other_ctc,True,2.0687333333333333,2.3356666666666666,WHERE,1.7,SLEEP,0.41323667764663696,FAMILY,FAMILY SLEEP WORK MAKE LOVE WHY
asllrp_other_ctc:31655088:span00,asllrp_other_ctc,True,2.0687333333333333,2.3356666666666666,WHERE,1.83,SLEEP,0.07727749645709991,FAMILY SLEEP,FAMILY SLEEP WORK MAKE LOVE WHY
asllrp_other_ctc:31655088:span00,asllrp_other_ctc,True,2.0687333333333333,2.3356666666666666,WHERE,1.9600000000000002,SMALL,0.21965843439102173,FAMILY SLEEP,FAMILY SLEEP WORK MAKE LOVE WHY
asllrp_other_ctc:31655088:span00,asllrp_other_ctc,True,2.0687333333333333,2.3356666666666666,WHERE,2.09,LIKE,0.15377309918403625,FAMILY SLEEP,FAMILY SLEEP WORK MAKE LOVE WHY
asllrp_other_ctc:31655088:span00,asllrp_other_ctc,True,2.0687333333333333,2.3356666666666666,WHERE,2.2199999999999998,GIVE,0.21060745418071747,FAMILY SLEEP,FAMILY SLEEP WORK MAKE LOVE WHY
asllrp_other_ctc:31655088:span00,asllrp_other_ctc,True,2.0687333333333333,2.3356666666666666,WHERE,2.35,HOME,0.09519928693771362,FAMILY SLEEP,FAMILY SLEEP WORK MAKE LOVE WHY
asllrp_other_ctc:31655088:span00,asllrp_other_ctc,True,2.0687333333333333,2.3356666666666666,WHERE,2.4800000000000004,WORK,0.6136879324913025,FAMILY SLEEP,FAMILY SLEEP WORK MAKE LOVE WHY
asllrp_other_ctc:31655088:span00,asllrp_other_ctc,True,2.0687333333333333,2.3356666666666666,WHERE,2.6100000000000003,WORK,0.5284771919250488,FAMILY SLEEP WORK,FAMILY SLEEP WORK MAKE LOVE WHY
asllrp_other_ctc:31655088:span00,asllrp_other_ctc,True,2.0687333333333333,2.3356666666666666,WHERE,2.74,WORK,0.26346123218536377,FAMILY SLEEP WORK,FAMILY SLEEP WORK MAKE LOVE WHY
asllrp_other_ctc:31655383:span00,asllrp_other_ctc,True,2.9029000000000003,3.3033,FRIEND,2.4800000000000004,YEAR,0.24224156141281128,WHY YEAR,WHY YEAR SCHOOL FRIEND LEARN SICK
asllrp_other_ctc:31655383:span00,asllrp_other_ctc,True,2.9029000000000003,3.3033,FRIEND,2.6100000000000003,HOSPITAL,0.20821112394332886,WHY YEAR,WHY YEAR SCHOOL FRIEND LEARN SICK
asllrp_other_ctc:31655383:span00,asllrp_other_ctc,True,2.9029000000000003,3.3033,FRIEND,2.74,NO_EMIT,0.09092996269464493,WHY YEAR,WHY YEAR SCHOOL FRIEND LEARN SICK
asllrp_other_ctc:31655383:span00,asllrp_other_ctc,True,2.9029000000000003,3.3033,FRIEND,2.87,NIGHT,0.23783478140830994,WHY YEAR,WHY YEAR SCHOOL FRIEND LEARN SICK
asllrp_other_ctc:31655383:span00,asllrp_other_ctc,True,2.9029000000000003,3.3033,FRIEND,3.0,SCHOOL,0.2167370468378067,WHY YEAR,WHY YEAR SCHOOL FRIEND LEARN SICK
asllrp_other_ctc:31655383:span00,asllrp_other_ctc,True,2.9029000000000003,3.3033,FRIEND,3.13,SCHOOL,0.09132387489080429,WHY YEAR SCHOOL,WHY YEAR SCHOOL FRIEND LEARN SICK
asllrp_other_ctc:31655383:span00,asllrp_other_ctc,True,2.9029000000000003,3.3033,FRIEND,3.26,FRIEND,0.22349710762500763,WHY YEAR SCHOOL,WHY YEAR SCHOOL FRIEND LEARN SICK
asllrp_other_ctc:31655383:span00,asllrp_other_ctc,True,2.9029000000000003,3.3033,FRIEND,3.3900000000000006,FRIEND,0.8030487895011902,WHY YEAR SCHOOL FRIEND,WHY YEAR SCHOOL FRIEND LEARN SICK
asllrp_other_ctc:31655383:span00,asllrp_other_ctc,True,2.9029000000000003,3.3033,FRIEND,3.5200000000000005,FRIEND,0.7388806343078613,WHY YEAR SCHOOL FRIEND,WHY YEAR SCHOOL FRIEND LEARN SICK
asllrp_other_ctc:31655383:span00,asllrp_other_ctc,True,2.9029000000000003,3.3033,FRIEND,3.6500000000000004,SIGN,0.17695364356040955,WHY YEAR SCHOOL FRIEND,WHY YEAR SCHOOL FRIEND LEARN SICK
asllrp_other_ctc:31655383:span00,asllrp_other_ctc,True,2.9029000000000003,3.3033,FRIEND,3.7800000000000002,LEARN,0.19151584804058075,WHY YEAR SCHOOL FRIEND,WHY YEAR SCHOOL FRIEND LEARN SICK
asllrp_other_ctc:31655481:span00,asllrp_other_ctc,True,1.3680333333333334,1.6683333333333334,READ,0.92,TALK,0.3347189426422119,TALK,TALK TOMORROW READ SCHOOL HOME EAT DRINK
asllrp_other_ctc:31655481:span00,asllrp_other_ctc,True,1.3680333333333334,1.6683333333333334,READ,1.05,DRINK,0.12128816545009613,TALK,TALK TOMORROW READ SCHOOL HOME EAT DRINK
asllrp_other_ctc:31655481:span00,asllrp_other_ctc,True,1.3680333333333334,1.6683333333333334,READ,1.1800000000000002,TOMORROW,0.19554510712623596,TALK,TALK TOMORROW READ SCHOOL HOME EAT DRINK
asllrp_other_ctc:31655481:span00,asllrp_other_ctc,True,1.3680333333333334,1.6683333333333334,READ,1.31,TOMORROW,0.12906523048877716,TALK TOMORROW,TALK TOMORROW READ SCHOOL HOME EAT DRINK
asllrp_other_ctc:31655481:span00,asllrp_other_ctc,True,1.3680333333333334,1.6683333333333334,READ,1.44,WORK,0.6054856181144714,TALK TOMORROW,TALK TOMORROW READ SCHOOL HOME EAT DRINK
asllrp_other_ctc:31655481:span00,asllrp_other_ctc,True,1.3680333333333334,1.6683333333333334,READ,1.57,USE,0.41487544775009155,TALK TOMORROW,TALK TOMORROW READ SCHOOL HOME EAT DRINK
asllrp_other_ctc:31655481:span00,asllrp_other_ctc,True,1.3680333333333334,1.6683333333333334,READ,1.7,READ,0.668112576007843,TALK TOMORROW,TALK TOMORROW READ SCHOOL HOME EAT DRINK
asllrp_other_ctc:31655481:span00,asllrp_other_ctc,True,1.3680333333333334,1.6683333333333334,READ,1.83,READ,0.7933766841888428,TALK TOMORROW READ,TALK TOMORROW READ SCHOOL HOME EAT DRINK
asllrp_other_ctc:31655481:span00,asllrp_other_ctc,True,1.3680333333333334,1.6683333333333334,READ,1.9600000000000002,READ,0.8060911297798157,TALK TOMORROW READ,TALK TOMORROW READ SCHOOL HOME EAT DRINK
asllrp_other_ctc:31655481:span00,asllrp_other_ctc,True,1.3680333333333334,1.6683333333333334,READ,2.09,SCHOOL,0.32475772500038147,TALK TOMORROW READ,TALK TOMORROW READ SCHOOL HOME EAT DRINK
asllrp_other_ctc:31655580:span00,asllrp_other_ctc,True,4.337666666666666,4.7047,NOW,3.91,SIGN,0.30205032229423523,WHEN ANSWER SCHOOL WHY SIGN,WHEN ANSWER SCHOOL WHY SIGN GO NOW
asllrp_other_ctc:31655580:span00,asllrp_other_ctc,True,4.337666666666666,4.7047,NOW,4.04,SIGN,0.7141379714012146,WHEN ANSWER SCHOOL WHY SIGN,WHEN ANSWER SCHOOL WHY SIGN GO NOW
asllrp_other_ctc:31655580:span00,asllrp_other_ctc,True,4.337666666666666,4.7047,NOW,4.17,SIGN,0.27940893173217773,WHEN ANSWER SCHOOL WHY SIGN,WHEN ANSWER SCHOOL WHY SIGN GO NOW
asllrp_other_ctc:31655580:span00,asllrp_other_ctc,True,4.337666666666666,4.7047,NOW,4.3,SIGN,0.6490415334701538,WHEN ANSWER SCHOOL WHY SIGN,WHEN ANSWER SCHOOL WHY SIGN GO NOW
asllrp_other_ctc:31655580:span00,asllrp_other_ctc,True,4.337666666666666,4.7047,NOW,4.430000000000001,GO,0.16801489889621735,WHEN ANSWER SCHOOL WHY SIGN,WHEN ANSWER SCHOOL WHY SIGN GO NOW
asllrp_other_ctc:31655580:span00,asllrp_other_ctc,True,4.337666666666666,4.7047,NOW,4.5600000000000005,GO,0.22722117602825165,WHEN ANSWER SCHOOL WHY SIGN GO,WHEN ANSWER SCHOOL WHY SIGN GO NOW
asllrp_other_ctc:31655580:span00,asllrp_other_ctc,True,4.337666666666666,4.7047,NOW,4.69,NOW,0.43527868390083313,WHEN ANSWER SCHOOL WHY SIGN GO,WHEN ANSWER SCHOOL WHY SIGN GO NOW
asllrp_other_ctc:31655580:span00,asllrp_other_ctc,True,4.337666666666666,4.7047,NOW,4.8048,NOW,0.6095607280731201,WHEN ANSWER SCHOOL WHY SIGN GO NOW,WHEN ANSWER SCHOOL WHY SIGN GO NOW
asllrp_other_ctc:31655777:span00,asllrp_other_ctc,True,0.33366666666666667,0.6006,FRIEND,0.53,MAKE,0.27199235558509827,,FRIEND EASY
asllrp_other_ctc:31655777:span00,asllrp_other_ctc,True,0.33366666666666667,0.6006,FRIEND,0.66,FRIEND,0.1883918046951294,,FRIEND EASY
asllrp_other_ctc:31655777:span00,asllrp_other_ctc,True,0.33366666666666667,0.6006,FRIEND,0.79,FRIEND,0.6450516581535339,FRIEND,FRIEND EASY
asllrp_other_ctc:31655777:span00,asllrp_other_ctc,True,0.33366666666666667,0.6006,FRIEND,0.92,FRIEND,0.47341644763946533,FRIEND,FRIEND EASY
asllrp_other_ctc:31655777:span00,asllrp_other_ctc,True,0.33366666666666667,0.6006,FRIEND,1.05,EASY,0.16280311346054077,FRIEND,FRIEND EASY
asllrp_other_ctc:31655974:span00,asllrp_other_ctc,True,0.3670333333333333,0.6339666666666667,FRIEND,0.53,NAME,0.07033479958772659,,NAME SIGN SEE YOU
asllrp_other_ctc:31655974:span00,asllrp_other_ctc,True,0.3670333333333333,0.6339666666666667,FRIEND,0.66,NAME,0.11338377743959427,NAME,NAME SIGN SEE YOU
asllrp_other_ctc:31655974:span00,asllrp_other_ctc,True,0.3670333333333333,0.6339666666666667,FRIEND,0.79,SIGN,0.21173103153705597,NAME,NAME SIGN SEE YOU
asllrp_other_ctc:31655974:span00,asllrp_other_ctc,True,0.3670333333333333,0.6339666666666667,FRIEND,0.92,SIGN,0.15242141485214233,NAME SIGN,NAME SIGN SEE YOU
asllrp_other_ctc:31655974:span00,asllrp_other_ctc,True,0.3670333333333333,0.6339666666666667,FRIEND,1.05,SIGN,0.24693426489830017,NAME SIGN,NAME SIGN SEE YOU
asllrp_other_ctc:31655974:span00,asllrp_other_ctc,True,0.8008000000000001,0.9009,THINK,0.53,NAME,0.07033479958772659,,NAME SIGN SEE YOU
asllrp_other_ctc:31655974:span00,asllrp_other_ctc,True,0.8008000000000001,0.9009,THINK,0.66,NAME,0.11338377743959427,NAME,NAME SIGN SEE YOU
asllrp_other_ctc:31655974:span00,asllrp_other_ctc,True,0.8008000000000001,0.9009,THINK,0.79,SIGN,0.21173103153705597,NAME,NAME SIGN SEE YOU
asllrp_other_ctc:31655974:span00,asllrp_other_ctc,True,0.8008000000000001,0.9009,THINK,0.92,SIGN,0.15242141485214233,NAME SIGN,NAME SIGN SEE YOU
asllrp_other_ctc:31655974:span00,asllrp_other_ctc,True,0.8008000000000001,0.9009,THINK,1.05,SIGN,0.24693426489830017,NAME SIGN,NAME SIGN SEE YOU
asllrp_other_ctc:31655974:span00,asllrp_other_ctc,True,0.8008000000000001,0.9009,THINK,1.1800000000000002,THINK,0.36027538776397705,NAME SIGN,NAME SIGN SEE YOU
asllrp_other_ctc:31655974:span00,asllrp_other_ctc,True,0.8008000000000001,0.9009,THINK,1.31,SEE,0.1834234893321991,NAME SIGN,NAME SIGN SEE YOU
asllrp_other_ctc:31656271:span00,asllrp_other_ctc,True,2.8695333333333335,2.9696333333333333,LIKE,2.35,READY,0.10278207063674927,TALK WHEN DIFFERENT READY,TALK WHEN DIFFERENT READY WAIT SAME SAME
asllrp_other_ctc:31656271:span00,asllrp_other_ctc,True,2.8695333333333335,2.9696333333333333,LIKE,2.4800000000000004,FRIEND,0.2390664964914322,TALK WHEN DIFFERENT READY,TALK WHEN DIFFERENT READY WAIT SAME SAME
asllrp_other_ctc:31656271:span00,asllrp_other_ctc,True,2.8695333333333335,2.9696333333333333,LIKE,2.6100000000000003,HOW,0.27383214235305786,TALK WHEN DIFFERENT READY,TALK WHEN DIFFERENT READY WAIT SAME SAME
asllrp_other_ctc:31656271:span00,asllrp_other_ctc,True,2.8695333333333335,2.9696333333333333,LIKE,2.74,HUNGRY,0.1831265240907669,TALK WHEN DIFFERENT READY,TALK WHEN DIFFERENT READY WAIT SAME SAME
asllrp_other_ctc:31656271:span00,asllrp_other_ctc,True,2.8695333333333335,2.9696333333333333,LIKE,2.87,MAYBE,0.2334020733833313,TALK WHEN DIFFERENT READY,TALK WHEN DIFFERENT READY WAIT SAME SAME
asllrp_other_ctc:31656271:span00,asllrp_other_ctc,True,2.8695333333333335,2.9696333333333333,LIKE,3.0,WAIT,0.1765025109052658,TALK WHEN DIFFERENT READY,TALK WHEN DIFFERENT READY WAIT SAME SAME
asllrp_other_ctc:31656271:span00,asllrp_other_ctc,True,2.8695333333333335,2.9696333333333333,LIKE,3.13,WAIT,0.42591819167137146,TALK WHEN DIFFERENT READY WAIT,TALK WHEN DIFFERENT READY WAIT SAME SAME
asllrp_other_ctc:31656271:span00,asllrp_other_ctc,True,2.8695333333333335,2.9696333333333333,LIKE,3.26,LIKE,0.6483173370361328,TALK WHEN DIFFERENT READY WAIT,TALK WHEN DIFFERENT READY WAIT SAME SAME
asllrp_other_ctc:31656271:span00,asllrp_other_ctc,True,2.8695333333333335,2.9696333333333333,LIKE,3.3900000000000006,NO_EMIT,0.07604987919330597,TALK WHEN DIFFERENT READY WAIT,TALK WHEN DIFFERENT READY WAIT SAME SAME
asllrp_other_ctc:31656763:span00,asllrp_other_ctc,True,0.16683333333333333,0.3670333333333333,LIKE,0.53,LIKE,0.6831688284873962,,LIKE
asllrp_other_ctc:31656763:span00,asllrp_other_ctc,True,0.16683333333333333,0.3670333333333333,LIKE,0.66,LIKE,0.4022906422615051,LIKE,LIKE
asllrp_other_ctc:31656763:span00,asllrp_other_ctc,True,0.16683333333333333,0.3670333333333333,LIKE,0.79,MAKE,0.24984122812747955,LIKE,LIKE
asllrp_other_ctc:31656862:span00,asllrp_other_ctc,True,1.6016000000000001,1.8351666666666666,WORK,1.1800000000000002,MAKE,0.12979069352149963,TAKE,TAKE TELL WORK
asllrp_other_ctc:31656862:span00,asllrp_other_ctc,True,1.6016000000000001,1.8351666666666666,WORK,1.31,YOU,0.41754618287086487,TAKE,TAKE TELL WORK
asllrp_other_ctc:31656862:span00,asllrp_other_ctc,True,1.6016000000000001,1.8351666666666666,WORK,1.44,YEAR,0.24845841526985168,TAKE,TAKE TELL WORK
asllrp_other_ctc:31656862:span00,asllrp_other_ctc,True,1.6016000000000001,1.8351666666666666,WORK,1.57,MORNING,0.19542577862739563,TAKE,TAKE TELL WORK
asllrp_other_ctc:31656862:span00,asllrp_other_ctc,True,1.6016000000000001,1.8351666666666666,WORK,1.7,GIVE,0.33914634585380554,TAKE,TAKE TELL WORK
asllrp_other_ctc:31656862:span00,asllrp_other_ctc,True,1.6016000000000001,1.8351666666666666,WORK,1.83,SLEEP,0.3240993320941925,TAKE,TAKE TELL WORK
asllrp_other_ctc:31656862:span00,asllrp_other_ctc,True,1.6016000000000001,1.8351666666666666,WORK,1.9600000000000002,WORK,0.45437270402908325,TAKE,TAKE TELL WORK
asllrp_other_ctc:31656862:span00,asllrp_other_ctc,True,1.6016000000000001,1.8351666666666666,WORK,2.09,LOVE,0.2695995271205902,TAKE,TAKE TELL WORK
asllrp_other_ctc:31656862:span00,asllrp_other_ctc,True,1.6016000000000001,1.8351666666666666,WORK,2.2199999999999998,TOMORROW,0.16177769005298615,TAKE,TAKE TELL WORK
asllrp_other_ctc:31656862:span00,asllrp_other_ctc,True,1.6016000000000001,1.8351666666666666,WORK,2.35,MAKE,0.06743830442428589,TAKE,TAKE TELL WORK
asllrp_other_ctc:31656960:span00,asllrp_other_ctc,True,1.1011,1.4347666666666667,FRIEND,0.66,HELP,0.1697462946176529,,MAKE MORE
asllrp_other_ctc:31656960:span00,asllrp_other_ctc,True,1.1011,1.4347666666666667,FRIEND,0.79,HOW,0.29039129614830017,,MAKE MORE
asllrp_other_ctc:31656960:span00,asllrp_other_ctc,True,1.1011,1.4347666666666667,FRIEND,0.92,HELP,0.21967530250549316,,MAKE MORE
asllrp_other_ctc:31656960:span00,asllrp_other_ctc,True,1.1011,1.4347666666666667,FRIEND,1.05,HOW,0.13885498046875,,MAKE MORE
asllrp_other_ctc:31656960:span00,asllrp_other_ctc,True,1.1011,1.4347666666666667,FRIEND,1.1800000000000002,HUNGRY,0.18143072724342346,,MAKE MORE
asllrp_other_ctc:31656960:span00,asllrp_other_ctc,True,1.1011,1.4347666666666667,FRIEND,1.31,HELP,0.2929091453552246,,MAKE MORE
asllrp_other_ctc:31656960:span00,asllrp_other_ctc,True,1.1011,1.4347666666666667,FRIEND,1.44,FRIEND,0.45650041103363037,,MAKE MORE
asllrp_other_ctc:31656960:span00,asllrp_other_ctc,True,1.1011,1.4347666666666667,FRIEND,1.57,MAKE,0.35261690616607666,,MAKE MORE
asllrp_other_ctc:31656960:span00,asllrp_other_ctc,True,1.1011,1.4347666666666667,FRIEND,1.7,MAKE,0.39949050545692444,MAKE,MAKE MORE
asllrp_other_ctc:31656960:span00,asllrp_other_ctc,True,1.1011,1.4347666666666667,FRIEND,1.83,MAKE,0.3237140476703644,MAKE,MAKE MORE
asllrp_other_ctc:31656960:span00,asllrp_other_ctc,True,1.1011,1.4347666666666667,FRIEND,1.9600000000000002,GIVE,0.11996740102767944,MAKE,MAKE MORE
asllrp_other_ctc:31656961:span00,asllrp_other_ctc,True,0.40040000000000003,0.5005000000000001,WHERE,0.53,SICK,0.34244075417518616,,HOT YOU
asllrp_other_ctc:31656961:span00,asllrp_other_ctc,True,0.40040000000000003,0.5005000000000001,WHERE,0.66,HOT,0.12028493732213974,,HOT YOU
asllrp_other_ctc:31656961:span00,asllrp_other_ctc,True,0.40040000000000003,0.5005000000000001,WHERE,0.79,HOT,0.49971234798431396,HOT,HOT YOU
asllrp_other_ctc:31656961:span00,asllrp_other_ctc,True,0.40040000000000003,0.5005000000000001,WHERE,0.92,SEE,0.5108789801597595,HOT,HOT YOU
asllrp_other_ctc:31657059:span00,asllrp_other_ctc,True,0.16683333333333333,0.40040000000000003,FRIEND,0.53,FRIEND,0.19066882133483887,,SIGN TELL
asllrp_other_ctc:31657059:span00,asllrp_other_ctc,True,0.16683333333333333,0.40040000000000003,FRIEND,0.66,SIGN,0.3047698438167572,,SIGN TELL
asllrp_other_ctc:31657059:span00,asllrp_other_ctc,True,0.16683333333333333,0.40040000000000003,FRIEND,0.79,SIGN,0.46780797839164734,SIGN,SIGN TELL
asllrp_other_ctc:31657059:span00,asllrp_other_ctc,True,0.16683333333333333,0.40040000000000003,FRIEND,0.92,TELL,0.8113045692443848,SIGN,SIGN TELL
asllrp_other_ctc:31657453:span00,asllrp_other_ctc,True,0.6006,0.6673333333333333,NOW,0.53,SAD,0.40676823258399963,,ANGRY MOTHER COLD
asllrp_other_ctc:31657453:span00,asllrp_other_ctc,True,0.6006,0.6673333333333333,NOW,0.66,SMALL,0.23759965598583221,,ANGRY MOTHER COLD
asllrp_other_ctc:31657453:span00,asllrp_other_ctc,True,0.6006,0.6673333333333333,NOW,0.79,ANGRY,0.15112805366516113,,ANGRY MOTHER COLD
asllrp_other_ctc:31657453:span00,asllrp_other_ctc,True,0.6006,0.6673333333333333,NOW,0.92,ANGRY,0.17475372552871704,ANGRY,ANGRY MOTHER COLD
asllrp_other_ctc:31657453:span00,asllrp_other_ctc,True,0.6006,0.6673333333333333,NOW,1.05,MOTHER,0.15663228929042816,ANGRY,ANGRY MOTHER COLD
asllrp_other_ctc:31657453:span00,asllrp_other_ctc,True,0.6006,0.6673333333333333,NOW,1.1800000000000002,MOTHER,0.16135559976100922,ANGRY MOTHER,ANGRY MOTHER COLD
asllrp_other_ctc:31657454:span00,asllrp_other_ctc,True,0.5005000000000001,0.7340666666666666,FAMILY,0.53,YOUR,0.5974269509315491,,MAKE LIKE TRY
asllrp_other_ctc:31657454:span00,asllrp_other_ctc,True,0.5005000000000001,0.7340666666666666,FAMILY,0.66,SCHOOL,0.18930381536483765,,MAKE LIKE TRY
asllrp_other_ctc:31657454:span00,asllrp_other_ctc,True,0.5005000000000001,0.7340666666666666,FAMILY,0.79,SMALL,0.5548444390296936,,MAKE LIKE TRY
asllrp_other_ctc:31657454:span00,asllrp_other_ctc,True,0.5005000000000001,0.7340666666666666,FAMILY,0.92,FAMILY,0.8329945206642151,,MAKE LIKE TRY
asllrp_other_ctc:31657454:span00,asllrp_other_ctc,True,0.5005000000000001,0.7340666666666666,FAMILY,1.05,SCHOOL,0.2059813290834427,,MAKE LIKE TRY
asllrp_other_ctc:31657454:span00,asllrp_other_ctc,True,0.5005000000000001,0.7340666666666666,FAMILY,1.1800000000000002,HELP,0.19786059856414795,,MAKE LIKE TRY
asllrp_other_ctc:31657946:span00,asllrp_other_ctc,True,0.9342666666666667,1.1011,LIKE,0.53,TALK,0.887712299823761,,TALK LIKE SCHOOL WHERE
asllrp_other_ctc:31657946:span00,asllrp_other_ctc,True,0.9342666666666667,1.1011,LIKE,0.66,TALK,0.7747684717178345,TALK,TALK LIKE SCHOOL WHERE
asllrp_other_ctc:31657946:span00,asllrp_other_ctc,True,0.9342666666666667,1.1011,LIKE,0.79,TALK,0.4170147478580475,TALK,TALK LIKE SCHOOL WHERE
asllrp_other_ctc:31657946:span00,asllrp_other_ctc,True,0.9342666666666667,1.1011,LIKE,0.92,WATER,0.6203080415725708,TALK,TALK LIKE SCHOOL WHERE
asllrp_other_ctc:31657946:span00,asllrp_other_ctc,True,0.9342666666666667,1.1011,LIKE,1.05,WOMAN,0.7516019940376282,TALK,TALK LIKE SCHOOL WHERE
asllrp_other_ctc:31657946:span00,asllrp_other_ctc,True,0.9342666666666667,1.1011,LIKE,1.1800000000000002,LIKE,0.6071419715881348,TALK,TALK LIKE SCHOOL WHERE
asllrp_other_ctc:31657946:span00,asllrp_other_ctc,True,0.9342666666666667,1.1011,LIKE,1.31,LIKE,0.9135910868644714,TALK LIKE,TALK LIKE SCHOOL WHERE
asllrp_other_ctc:31657946:span00,asllrp_other_ctc,True,0.9342666666666667,1.1011,LIKE,1.44,LIKE,0.30610427260398865,TALK LIKE,TALK LIKE SCHOOL WHERE
asllrp_other_ctc:31657946:span00,asllrp_other_ctc,True,0.9342666666666667,1.1011,LIKE,1.57,MORE,0.18581457436084747,TALK LIKE,TALK LIKE SCHOOL WHERE
asllrp_other_ctc:31657946:span00,asllrp_other_ctc,True,1.2012,1.3013000000000001,READ,0.79,TALK,0.4170147478580475,TALK,TALK LIKE SCHOOL WHERE
asllrp_other_ctc:31657946:span00,asllrp_other_ctc,True,1.2012,1.3013000000000001,READ,0.92,WATER,0.6203080415725708,TALK,TALK LIKE SCHOOL WHERE
asllrp_other_ctc:31657946:span00,asllrp_other_ctc,True,1.2012,1.3013000000000001,READ,1.05,WOMAN,0.7516019940376282,TALK,TALK LIKE SCHOOL WHERE
asllrp_other_ctc:31657946:span00,asllrp_other_ctc,True,1.2012,1.3013000000000001,READ,1.1800000000000002,LIKE,0.6071419715881348,TALK,TALK LIKE SCHOOL WHERE
asllrp_other_ctc:31657946:span00,asllrp_other_ctc,True,1.2012,1.3013000000000001,READ,1.31,LIKE,0.9135910868644714,TALK LIKE,TALK LIKE SCHOOL WHERE
asllrp_other_ctc:31657946:span00,asllrp_other_ctc,True,1.2012,1.3013000000000001,READ,1.44,LIKE,0.30610427260398865,TALK LIKE,TALK LIKE SCHOOL WHERE
asllrp_other_ctc:31657946:span00,asllrp_other_ctc,True,1.2012,1.3013000000000001,READ,1.57,MORE,0.18581457436084747,TALK LIKE,TALK LIKE SCHOOL WHERE
asllrp_other_ctc:31657946:span00,asllrp_other_ctc,True,1.2012,1.3013000000000001,READ,1.7,DOCTOR,0.07941343635320663,TALK LIKE,TALK LIKE SCHOOL WHERE
asllrp_other_ctc:31657946:span00,asllrp_other_ctc,True,1.2012,1.3013000000000001,READ,1.83,HOW,0.5479084253311157,TALK LIKE,TALK LIKE SCHOOL WHERE
asllrp_other_ctc:31658341:span00,asllrp_other_ctc,True,0.16683333333333333,0.40040000000000003,FRIEND,0.53,FRIEND,0.7309306263923645,,FRIEND SCHOOL READY WORK
asllrp_other_ctc:31658341:span00,asllrp_other_ctc,True,0.16683333333333333,0.40040000000000003,FRIEND,0.66,FRIEND,0.45114052295684814,FRIEND,FRIEND SCHOOL READY WORK
asllrp_other_ctc:31658341:span00,asllrp_other_ctc,True,0.16683333333333333,0.40040000000000003,FRIEND,0.79,WHEN,0.15192170441150665,FRIEND,FRIEND SCHOOL READY WORK
asllrp_other_ctc:31658341:span00,asllrp_other_ctc,True,0.16683333333333333,0.40040000000000003,FRIEND,0.92,ANGRY,0.18076734244823456,FRIEND,FRIEND SCHOOL READY WORK
asllrp_other_ctc:31658342:span00,asllrp_other_ctc,True,0.16683333333333333,0.8008000000000001,FRIEND,0.53,FRIEND,0.8147513270378113,,FRIEND WORK YOU WHY CHILD
asllrp_other_ctc:31658342:span00,asllrp_other_ctc,True,0.16683333333333333,0.8008000000000001,FRIEND,0.66,FRIEND,0.7744300961494446,FRIEND,FRIEND WORK YOU WHY CHILD
asllrp_other_ctc:31658342:span00,asllrp_other_ctc,True,0.16683333333333333,0.8008000000000001,FRIEND,0.79,FRIEND,0.6572471261024475,FRIEND,FRIEND WORK YOU WHY CHILD
asllrp_other_ctc:31658342:span00,asllrp_other_ctc,True,0.16683333333333333,0.8008000000000001,FRIEND,0.92,FRIEND,0.875166654586792,FRIEND,FRIEND WORK YOU WHY CHILD
asllrp_other_ctc:31658342:span00,asllrp_other_ctc,True,0.16683333333333333,0.8008000000000001,FRIEND,1.05,FRIEND,0.8702040910720825,FRIEND,FRIEND WORK YOU WHY CHILD
asllrp_other_ctc:31658342:span00,asllrp_other_ctc,True,0.16683333333333333,0.8008000000000001,FRIEND,1.1800000000000002,GO,0.15356676280498505,FRIEND,FRIEND WORK YOU WHY CHILD
asllrp_other_ctc:31658342:span00,asllrp_other_ctc,True,0.16683333333333333,0.8008000000000001,FRIEND,1.31,YEAR,0.08138181269168854,FRIEND,FRIEND WORK YOU WHY CHILD
asllrp_other_ctc:31658539:span00,asllrp_other_ctc,True,0.33366666666666667,0.7007,FRIEND,0.53,FRIEND,0.369355708360672,,FRIEND SICK THANKYOU
asllrp_other_ctc:31658539:span00,asllrp_other_ctc,True,0.33366666666666667,0.7007,FRIEND,0.66,FRIEND,0.564842700958252,FRIEND,FRIEND SICK THANKYOU
asllrp_other_ctc:31658539:span00,asllrp_other_ctc,True,0.33366666666666667,0.7007,FRIEND,0.79,FRIEND,0.46606412529945374,FRIEND,FRIEND SICK THANKYOU
asllrp_other_ctc:31658539:span00,asllrp_other_ctc,True,0.33366666666666667,0.7007,FRIEND,0.92,I,0.2199743241071701,FRIEND,FRIEND SICK THANKYOU
asllrp_other_ctc:31658539:span00,asllrp_other_ctc,True,0.33366666666666667,0.7007,FRIEND,1.05,SIGN,0.2908993661403656,FRIEND,FRIEND SICK THANKYOU
asllrp_other_ctc:31658539:span00,asllrp_other_ctc,True,0.33366666666666667,0.7007,FRIEND,1.1800000000000002,TELL,0.1310364007949829,FRIEND,FRIEND SICK THANKYOU
asllrp_other_ctc:31658933:span00,asllrp_other_ctc,True,0.16683333333333333,0.5005000000000001,FRIEND,0.53,FRIEND,0.7874414324760437,,FRIEND WANT WAIT HUNGRY
asllrp_other_ctc:31658933:span00,asllrp_other_ctc,True,0.16683333333333333,0.5005000000000001,FRIEND,0.66,FRIEND,0.8065582513809204,FRIEND,FRIEND WANT WAIT HUNGRY
asllrp_other_ctc:31658933:span00,asllrp_other_ctc,True,0.16683333333333333,0.5005000000000001,FRIEND,0.79,WHEN,0.3096737265586853,FRIEND,FRIEND WANT WAIT HUNGRY
asllrp_other_ctc:31658933:span00,asllrp_other_ctc,True,0.16683333333333333,0.5005000000000001,FRIEND,0.92,ANGRY,0.31268659234046936,FRIEND,FRIEND WANT WAIT HUNGRY
asllrp_other_ctc:31659130:span00,asllrp_other_ctc,True,0.7340666666666666,1.1344666666666667,FRIEND,0.53,FEEL,0.3190527558326721,,FRIEND SIGN WHY TIME I
asllrp_other_ctc:31659130:span00,asllrp_other_ctc,True,0.7340666666666666,1.1344666666666667,FRIEND,0.66,THANKYOU,0.2553422152996063,,FRIEND SIGN WHY TIME I
asllrp_other_ctc:31659130:span00,asllrp_other_ctc,True,0.7340666666666666,1.1344666666666667,FRIEND,0.79,BAD,0.1328650563955307,,FRIEND SIGN WHY TIME I
asllrp_other_ctc:31659130:span00,asllrp_other_ctc,True,0.7340666666666666,1.1344666666666667,FRIEND,0.92,FRIEND,0.5312543511390686,,FRIEND SIGN WHY TIME I
asllrp_other_ctc:31659130:span00,asllrp_other_ctc,True,0.7340666666666666,1.1344666666666667,FRIEND,1.05,FRIEND,0.5090969800949097,FRIEND,FRIEND SIGN WHY TIME I
asllrp_other_ctc:31659130:span00,asllrp_other_ctc,True,0.7340666666666666,1.1344666666666667,FRIEND,1.1800000000000002,FRIEND,0.7819565534591675,FRIEND,FRIEND SIGN WHY TIME I
asllrp_other_ctc:31659130:span00,asllrp_other_ctc,True,0.7340666666666666,1.1344666666666667,FRIEND,1.31,SIGN,0.22710847854614258,FRIEND,FRIEND SIGN WHY TIME I
asllrp_other_ctc:31659130:span00,asllrp_other_ctc,True,0.7340666666666666,1.1344666666666667,FRIEND,1.44,SIGN,0.6359694600105286,FRIEND SIGN,FRIEND SIGN WHY TIME I
asllrp_other_ctc:31659130:span00,asllrp_other_ctc,True,0.7340666666666666,1.1344666666666667,FRIEND,1.57,SLEEP,0.06726068258285522,FRIEND SIGN,FRIEND SIGN WHY TIME I
asllrp_other_ctc:31659131:span00,asllrp_other_ctc,True,0.7340666666666666,1.0343666666666667,FRIEND,0.53,TELL,0.13060446083545685,,FRIEND DRINK
asllrp_other_ctc:31659131:span00,asllrp_other_ctc,True,0.7340666666666666,1.0343666666666667,FRIEND,0.66,GIVE,0.2745573818683624,,FRIEND DRINK
asllrp_other_ctc:31659131:span00,asllrp_other_ctc,True,0.7340666666666666,1.0343666666666667,FRIEND,0.79,THANKYOU,0.2810940146446228,,FRIEND DRINK
asllrp_other_ctc:31659131:span00,asllrp_other_ctc,True,0.7340666666666666,1.0343666666666667,FRIEND,0.92,FRIEND,0.23041418194770813,,FRIEND DRINK
asllrp_other_ctc:31659131:span00,asllrp_other_ctc,True,0.7340666666666666,1.0343666666666667,FRIEND,1.05,FRIEND,0.5053902864456177,FRIEND,FRIEND DRINK
asllrp_other_ctc:31659131:span00,asllrp_other_ctc,True,0.7340666666666666,1.0343666666666667,FRIEND,1.1800000000000002,MAKE,0.26373985409736633,FRIEND,FRIEND DRINK
asllrp_other_ctc:31659131:span00,asllrp_other_ctc,True,0.7340666666666666,1.0343666666666667,FRIEND,1.31,NAME,0.16160717606544495,FRIEND,FRIEND DRINK
asllrp_other_ctc:31659131:span00,asllrp_other_ctc,True,0.7340666666666666,1.0343666666666667,FRIEND,1.44,TELL,0.11124509572982788,FRIEND,FRIEND DRINK
asllrp_other_ctc:31659229:span00,asllrp_other_ctc,True,0.16683333333333333,0.5672333333333334,FRIEND,0.53,FRIEND,0.6468002200126648,,FRIEND ANGRY I
asllrp_other_ctc:31659229:span00,asllrp_other_ctc,True,0.16683333333333333,0.5672333333333334,FRIEND,0.66,FRIEND,0.7611415386199951,FRIEND,FRIEND ANGRY I
asllrp_other_ctc:31659229:span00,asllrp_other_ctc,True,0.16683333333333333,0.5672333333333334,FRIEND,0.79,SIGN,0.24418959021568298,FRIEND,FRIEND ANGRY I
asllrp_other_ctc:31659229:span00,asllrp_other_ctc,True,0.16683333333333333,0.5672333333333334,FRIEND,0.92,TIME,0.14976653456687927,FRIEND,FRIEND ANGRY I
asllrp_other_ctc:31659229:span00,asllrp_other_ctc,True,0.16683333333333333,0.5672333333333334,FRIEND,1.05,ANGRY,0.3866976201534271,FRIEND,FRIEND ANGRY I
asllrp_other_ctc:31659327:span00,asllrp_other_ctc,True,1.0010000000000001,1.2012,LIKE,0.53,COLD,0.1796068549156189,,COLD I HOME MAKE COLD SCHOOL
asllrp_other_ctc:31659327:span00,asllrp_other_ctc,True,1.0010000000000001,1.2012,LIKE,0.66,COLD,0.5903863906860352,COLD,COLD I HOME MAKE COLD SCHOOL
asllrp_other_ctc:31659327:span00,asllrp_other_ctc,True,1.0010000000000001,1.2012,LIKE,0.79,COLD,0.7997406721115112,COLD,COLD I HOME MAKE COLD SCHOOL
asllrp_other_ctc:31659327:span00,asllrp_other_ctc,True,1.0010000000000001,1.2012,LIKE,0.92,COLD,0.2778891324996948,COLD,COLD I HOME MAKE COLD SCHOOL
asllrp_other_ctc:31659327:span00,asllrp_other_ctc,True,1.0010000000000001,1.2012,LIKE,1.05,COLD,0.3307846784591675,COLD,COLD I HOME MAKE COLD SCHOOL
asllrp_other_ctc:31659327:span00,asllrp_other_ctc,True,1.0010000000000001,1.2012,LIKE,1.1800000000000002,WORK,0.10315261036157608,COLD,COLD I HOME MAKE COLD SCHOOL
asllrp_other_ctc:31659327:span00,asllrp_other_ctc,True,1.0010000000000001,1.2012,LIKE,1.31,I,0.42566847801208496,COLD,COLD I HOME MAKE COLD SCHOOL
asllrp_other_ctc:31659327:span00,asllrp_other_ctc,True,1.0010000000000001,1.2012,LIKE,1.44,I,0.17506010830402374,COLD I,COLD I HOME MAKE COLD SCHOOL
asllrp_other_ctc:31659327:span00,asllrp_other_ctc,True,1.0010000000000001,1.2012,LIKE,1.57,MAKE,0.1199912577867508,COLD I,COLD I HOME MAKE COLD SCHOOL
asllrp_other_ctc:31659327:span00,asllrp_other_ctc,True,1.0010000000000001,1.2012,LIKE,1.7,HOSPITAL,0.15860114991664886,COLD I,COLD I HOME MAKE COLD SCHOOL
asllrp_other_ctc:31659328:span00,asllrp_other_ctc,True,0.16683333333333333,0.40040000000000003,FRIEND,0.53,FRIEND,0.5011181831359863,,LIKE SAD WANT SAME
asllrp_other_ctc:31659328:span00,asllrp_other_ctc,True,0.16683333333333333,0.40040000000000003,FRIEND,0.66,USE,0.08863744139671326,,LIKE SAD WANT SAME
asllrp_other_ctc:31659328:span00,asllrp_other_ctc,True,0.16683333333333333,0.40040000000000003,FRIEND,0.79,READ,0.0891457051038742,,LIKE SAD WANT SAME
asllrp_other_ctc:31659328:span00,asllrp_other_ctc,True,0.16683333333333333,0.40040000000000003,FRIEND,0.92,WANT,0.6634752154350281,,LIKE SAD WANT SAME
asllrp_other_ctc:31659426:span00,asllrp_other_ctc,True,1.2679333333333334,1.5015,WORK,0.79,HUNGRY,0.21324992179870605,I,I LIKE SORRY MAKE WORK YES
asllrp_other_ctc:31659426:span00,asllrp_other_ctc,True,1.2679333333333334,1.5015,WORK,0.92,LIKE,0.7453196048736572,I,I LIKE SORRY MAKE WORK YES
asllrp_other_ctc:31659426:span00,asllrp_other_ctc,True,1.2679333333333334,1.5015,WORK,1.05,LIKE,0.30322402715682983,I LIKE,I LIKE SORRY MAKE WORK YES
asllrp_other_ctc:31659426:span00,asllrp_other_ctc,True,1.2679333333333334,1.5015,WORK,1.1800000000000002,BAD,0.12285036593675613,I LIKE,I LIKE SORRY MAKE WORK YES
asllrp_other_ctc:31659426:span00,asllrp_other_ctc,True,1.2679333333333334,1.5015,WORK,1.31,SLEEP,0.3985869288444519,I LIKE,I LIKE SORRY MAKE WORK YES
asllrp_other_ctc:31659426:span00,asllrp_other_ctc,True,1.2679333333333334,1.5015,WORK,1.44,BAD,0.16053149104118347,I LIKE,I LIKE SORRY MAKE WORK YES
asllrp_other_ctc:31659426:span00,asllrp_other_ctc,True,1.2679333333333334,1.5015,WORK,1.57,NO_EMIT,0.0681752935051918,I LIKE,I LIKE SORRY MAKE WORK YES
asllrp_other_ctc:31659426:span00,asllrp_other_ctc,True,1.2679333333333334,1.5015,WORK,1.7,YOU,0.2725600302219391,I LIKE,I LIKE SORRY MAKE WORK YES
asllrp_other_ctc:31659426:span00,asllrp_other_ctc,True,1.2679333333333334,1.5015,WORK,1.83,MAKE,0.12873025238513947,I LIKE,I LIKE SORRY MAKE WORK YES
asllrp_other_ctc:31659426:span00,asllrp_other_ctc,True,1.2679333333333334,1.5015,WORK,1.9600000000000002,SORRY,0.3146955668926239,I LIKE,I LIKE SORRY MAKE WORK YES
asllrp_other_ctc:31659623:span00,asllrp_other_ctc,True,0.16683333333333333,0.46713333333333334,FRIEND,0.53,FRIEND,0.868307888507843,,FRIEND TIRED COLD
asllrp_other_ctc:31659623:span00,asllrp_other_ctc,True,0.16683333333333333,0.46713333333333334,FRIEND,0.66,FRIEND,0.8226621150970459,FRIEND,FRIEND TIRED COLD
asllrp_other_ctc:31659623:span00,asllrp_other_ctc,True,0.16683333333333333,0.46713333333333334,FRIEND,0.79,FRIEND,0.18830038607120514,FRIEND,FRIEND TIRED COLD
asllrp_other_ctc:31659623:span00,asllrp_other_ctc,True,0.16683333333333333,0.46713333333333334,FRIEND,0.92,DIFFERENT,0.11456865817308426,FRIEND,FRIEND TIRED COLD
asllrp_other_ctc:31659623:span00,asllrp_other_ctc,True,0.5672333333333334,0.6673333333333333,NOW,0.53,FRIEND,0.868307888507843,,FRIEND TIRED COLD
asllrp_other_ctc:31659623:span00,asllrp_other_ctc,True,0.5672333333333334,0.6673333333333333,NOW,0.66,FRIEND,0.8226621150970459,FRIEND,FRIEND TIRED COLD
asllrp_other_ctc:31659623:span00,asllrp_other_ctc,True,0.5672333333333334,0.6673333333333333,NOW,0.79,FRIEND,0.18830038607120514,FRIEND,FRIEND TIRED COLD
asllrp_other_ctc:31659623:span00,asllrp_other_ctc,True,0.5672333333333334,0.6673333333333333,NOW,0.92,DIFFERENT,0.11456865817308426,FRIEND,FRIEND TIRED COLD
asllrp_other_ctc:31659623:span00,asllrp_other_ctc,True,0.5672333333333334,0.6673333333333333,NOW,1.05,LIKE,0.10517989099025726,FRIEND,FRIEND TIRED COLD
asllrp_other_ctc:31659623:span00,asllrp_other_ctc,True,0.5672333333333334,0.6673333333333333,NOW,1.1800000000000002,ANGRY,0.2951721251010895,FRIEND,FRIEND TIRED COLD
asllrp_other_ctc:31659624:span00,asllrp_other_ctc,True,0.16683333333333333,0.26693333333333336,NOW,0.53,NOW,0.8481903672218323,,NOW ANGRY FRIEND
asllrp_other_ctc:31659624:span00,asllrp_other_ctc,True,0.16683333333333333,0.26693333333333336,NOW,0.66,NOW,0.26745516061782837,NOW,NOW ANGRY FRIEND
asllrp_other_ctc:31659624:span00,asllrp_other_ctc,True,0.16683333333333333,0.26693333333333336,NOW,0.79,ANGRY,0.15463948249816895,NOW,NOW ANGRY FRIEND
asllrp_other_ctc:31659624:span00,asllrp_other_ctc,True,1.6016000000000001,2.0020000000000002,FRIEND,1.1800000000000002,STOP,0.15505972504615784,NOW ANGRY,NOW ANGRY FRIEND
asllrp_other_ctc:31659624:span00,asllrp_other_ctc,True,1.6016000000000001,2.0020000000000002,FRIEND,1.31,EXCITED,0.21139834821224213,NOW ANGRY,NOW ANGRY FRIEND
asllrp_other_ctc:31659624:span00,asllrp_other_ctc,True,1.6016000000000001,2.0020000000000002,FRIEND,1.44,HUNGRY,0.20872168242931366,NOW ANGRY,NOW ANGRY FRIEND
asllrp_other_ctc:31659624:span00,asllrp_other_ctc,True,1.6016000000000001,2.0020000000000002,FRIEND,1.57,SCHOOL,0.30075109004974365,NOW ANGRY,NOW ANGRY FRIEND
asllrp_other_ctc:31659624:span00,asllrp_other_ctc,True,1.6016000000000001,2.0020000000000002,FRIEND,1.7,HELP,0.09091251343488693,NOW ANGRY,NOW ANGRY FRIEND
asllrp_other_ctc:31659624:span00,asllrp_other_ctc,True,1.6016000000000001,2.0020000000000002,FRIEND,1.83,FRIEND,0.10792244970798492,NOW ANGRY,NOW ANGRY FRIEND
asllrp_other_ctc:31659624:span00,asllrp_other_ctc,True,1.6016000000000001,2.0020000000000002,FRIEND,1.9600000000000002,FRIEND,0.6584293246269226,NOW ANGRY FRIEND,NOW ANGRY FRIEND
asllrp_other_ctc:31659624:span00,asllrp_other_ctc,True,1.6016000000000001,2.0020000000000002,FRIEND,2.09,FRIEND,0.7129940390586853,NOW ANGRY FRIEND,NOW ANGRY FRIEND
asllrp_other_ctc:31659624:span00,asllrp_other_ctc,True,1.6016000000000001,2.0020000000000002,FRIEND,2.1021,FRIEND,0.38112640380859375,NOW ANGRY FRIEND,NOW ANGRY FRIEND
asllrp_other_ctc:31660117:span00,asllrp_other_ctc,True,0.40040000000000003,0.6673333333333333,FAMILY,0.53,MAKE,0.08760666102170944,,FAMILY TELL
asllrp_other_ctc:31660117:span00,asllrp_other_ctc,True,0.40040000000000003,0.6673333333333333,FAMILY,0.66,MORE,0.33739352226257324,,FAMILY TELL
asllrp_other_ctc:31660117:span00,asllrp_other_ctc,True,0.40040000000000003,0.6673333333333333,FAMILY,0.79,FAMILY,0.5447413921356201,,FAMILY TELL
asllrp_other_ctc:31660117:span00,asllrp_other_ctc,True,0.40040000000000003,0.6673333333333333,FAMILY,0.92,FAMILY,0.13586600124835968,FAMILY,FAMILY TELL
asllrp_other_ctc:31660117:span00,asllrp_other_ctc,True,0.40040000000000003,0.6673333333333333,FAMILY,1.05,SAD,0.10434113442897797,FAMILY,FAMILY TELL
asllrp_other_ctc:31660117:span00,asllrp_other_ctc,True,0.40040000000000003,0.6673333333333333,FAMILY,1.1800000000000002,WAIT,0.09520665556192398,FAMILY,FAMILY TELL
asllrp_other_ctc:31660216:span00,asllrp_other_ctc,True,0.16683333333333333,0.33366666666666667,NOW,0.53,NOW,0.9356138706207275,,NOW BAD YEAR DRINK EXCITED WAIT
asllrp_other_ctc:31660216:span00,asllrp_other_ctc,True,0.16683333333333333,0.33366666666666667,NOW,0.66,NOW,0.8751479983329773,NOW,NOW BAD YEAR DRINK EXCITED WAIT
asllrp_other_ctc:31660216:span00,asllrp_other_ctc,True,0.16683333333333333,0.33366666666666667,NOW,0.79,COME,0.12987864017486572,NOW,NOW BAD YEAR DRINK EXCITED WAIT
asllrp_other_ctc:31660216:span00,asllrp_other_ctc,True,0.6339666666666667,1.0343666666666667,BAD,0.53,NOW,0.9356138706207275,,NOW BAD YEAR DRINK EXCITED WAIT
asllrp_other_ctc:31660216:span00,asllrp_other_ctc,True,0.6339666666666667,1.0343666666666667,BAD,0.66,NOW,0.8751479983329773,NOW,NOW BAD YEAR DRINK EXCITED WAIT
asllrp_other_ctc:31660216:span00,asllrp_other_ctc,True,0.6339666666666667,1.0343666666666667,BAD,0.79,COME,0.12987864017486572,NOW,NOW BAD YEAR DRINK EXCITED WAIT
asllrp_other_ctc:31660216:span00,asllrp_other_ctc,True,0.6339666666666667,1.0343666666666667,BAD,0.92,GOOD,0.10959876328706741,NOW,NOW BAD YEAR DRINK EXCITED WAIT
asllrp_other_ctc:31660216:span00,asllrp_other_ctc,True,0.6339666666666667,1.0343666666666667,BAD,1.05,BAD,0.3500021696090698,NOW,NOW BAD YEAR DRINK EXCITED WAIT
asllrp_other_ctc:31660216:span00,asllrp_other_ctc,True,0.6339666666666667,1.0343666666666667,BAD,1.1800000000000002,BAD,0.7582690119743347,NOW BAD,NOW BAD YEAR DRINK EXCITED WAIT
asllrp_other_ctc:31660216:span00,asllrp_other_ctc,True,0.6339666666666667,1.0343666666666667,BAD,1.31,DOCTOR,0.1577095091342926,NOW BAD,NOW BAD YEAR DRINK EXCITED WAIT
asllrp_other_ctc:31660216:span00,asllrp_other_ctc,True,0.6339666666666667,1.0343666666666667,BAD,1.44,NO_EMIT,0.09509647637605667,NOW BAD,NOW BAD YEAR DRINK EXCITED WAIT
asllrp_other_ctc:31660414:span00,asllrp_other_ctc,True,1.8018,1.9019,NOW,1.31,SAME,0.24467605352401733,,SCHOOL TIRED TOMORROW MAKE
asllrp_other_ctc:31660414:span00,asllrp_other_ctc,True,1.8018,1.9019,NOW,1.44,NIGHT,0.1507658213376999,,SCHOOL TIRED TOMORROW MAKE
asllrp_other_ctc:31660414:span00,asllrp_other_ctc,True,1.8018,1.9019,NOW,1.57,SCHOOL,0.2123800367116928,,SCHOOL TIRED TOMORROW MAKE
asllrp_other_ctc:31660414:span00,asllrp_other_ctc,True,1.8018,1.9019,NOW,1.7,SCHOOL,0.34563302993774414,SCHOOL,SCHOOL TIRED TOMORROW MAKE
asllrp_other_ctc:31660414:span00,asllrp_other_ctc,True,1.8018,1.9019,NOW,1.83,DOCTOR,0.507354736328125,SCHOOL,SCHOOL TIRED TOMORROW MAKE
asllrp_other_ctc:31660414:span00,asllrp_other_ctc,True,1.8018,1.9019,NOW,1.9600000000000002,TIRED,0.12451163679361343,SCHOOL,SCHOOL TIRED TOMORROW MAKE
asllrp_other_ctc:31660414:span00,asllrp_other_ctc,True,1.8018,1.9019,NOW,2.09,ANGRY,0.309935986995697,SCHOOL,SCHOOL TIRED TOMORROW MAKE
asllrp_other_ctc:31660414:span00,asllrp_other_ctc,True,1.8018,1.9019,NOW,2.2199999999999998,TIRED,0.15426312386989594,SCHOOL,SCHOOL TIRED TOMORROW MAKE
asllrp_other_ctc:31660414:span00,asllrp_other_ctc,True,1.8018,1.9019,NOW,2.35,TIRED,0.08708251267671585,SCHOOL TIRED,SCHOOL TIRED TOMORROW MAKE
asllrp_other_ctc:31660513:span00,asllrp_other_ctc,True,0.5338666666666667,0.6339666666666667,NOW,0.53,WHY,0.21275046467781067,,I YES YES SAME
asllrp_other_ctc:31660513:span00,asllrp_other_ctc,True,0.5338666666666667,0.6339666666666667,NOW,0.66,STOP,0.18838003277778625,,I YES YES SAME
asllrp_other_ctc:31660513:span00,asllrp_other_ctc,True,0.5338666666666667,0.6339666666666667,NOW,0.79,TOMORROW,0.11108662933111191,,I YES YES SAME
asllrp_other_ctc:31660513:span00,asllrp_other_ctc,True,0.5338666666666667,0.6339666666666667,NOW,0.92,TIRED,0.41777002811431885,,I YES YES SAME
asllrp_other_ctc:31660513:span00,asllrp_other_ctc,True,0.5338666666666667,0.6339666666666667,NOW,1.05,I,0.18881981074810028,,I YES YES SAME
asllrp_other_ctc:31660612:span00,asllrp_other_ctc,True,0.5338666666666667,0.6339666666666667,NOW,0.53,MOTHER,0.7625950574874878,,MAYBE
asllrp_other_ctc:31660612:span00,asllrp_other_ctc,True,0.5338666666666667,0.6339666666666667,NOW,0.66,TALK,0.4012351930141449,,MAYBE
asllrp_other_ctc:31660612:span00,asllrp_other_ctc,True,0.5338666666666667,0.6339666666666667,NOW,0.79,THANKYOU,0.22154590487480164,,MAYBE
asllrp_other_ctc:31660612:span00,asllrp_other_ctc,True,0.5338666666666667,0.6339666666666667,NOW,0.92,MAYBE,0.3149065375328064,,MAYBE
asllrp_other_ctc:31660612:span00,asllrp_other_ctc,True,0.5338666666666667,0.6339666666666667,NOW,1.05,MAYBE,0.7793059945106506,MAYBE,MAYBE
asllrp_other_ctc:31660710:span00,asllrp_other_ctc,True,1.2679333333333334,1.6349666666666667,READ,0.79,NO_EMIT,0.06377735733985901,,SCHOOL READ STOP
asllrp_other_ctc:31660710:span00,asllrp_other_ctc,True,1.2679333333333334,1.6349666666666667,READ,0.92,TALK,0.07479590177536011,,SCHOOL READ STOP
asllrp_other_ctc:31660710:span00,asllrp_other_ctc,True,1.2679333333333334,1.6349666666666667,READ,1.05,MORE,0.2688218057155609,,SCHOOL READ STOP
asllrp_other_ctc:31660710:span00,asllrp_other_ctc,True,1.2679333333333334,1.6349666666666667,READ,1.1800000000000002,SCHOOL,0.4070979654788971,,SCHOOL READ STOP
asllrp_other_ctc:31660710:span00,asllrp_other_ctc,True,1.2679333333333334,1.6349666666666667,READ,1.31,SCHOOL,0.6254426836967468,SCHOOL,SCHOOL READ STOP
asllrp_other_ctc:31660710:span00,asllrp_other_ctc,True,1.2679333333333334,1.6349666666666667,READ,1.44,EASY,0.2085164189338684,SCHOOL,SCHOOL READ STOP
asllrp_other_ctc:31660710:span00,asllrp_other_ctc,True,1.2679333333333334,1.6349666666666667,READ,1.57,READ,0.7246060967445374,SCHOOL,SCHOOL READ STOP
asllrp_other_ctc:31660710:span00,asllrp_other_ctc,True,1.2679333333333334,1.6349666666666667,READ,1.7,READ,0.9109976887702942,SCHOOL READ,SCHOOL READ STOP
asllrp_other_ctc:31660710:span00,asllrp_other_ctc,True,1.2679333333333334,1.6349666666666667,READ,1.83,READ,0.4968876242637634,SCHOOL READ,SCHOOL READ STOP
asllrp_other_ctc:31660710:span00,asllrp_other_ctc,True,1.2679333333333334,1.6349666666666667,READ,1.9600000000000002,READ,0.6943633556365967,SCHOOL READ,SCHOOL READ STOP
asllrp_other_ctc:31660710:span00,asllrp_other_ctc,True,1.2679333333333334,1.6349666666666667,READ,2.09,SCHOOL,0.09726885706186295,SCHOOL READ,SCHOOL READ STOP
asllrp_other_ctc:423159:span00,asllrp_other_ctc,True,0.3670333333333333,0.6006,FAMILY,0.53,IMPORTANT,0.5696398615837097,,FAMILY LIKE WANT DOCTOR
asllrp_other_ctc:423159:span00,asllrp_other_ctc,True,0.3670333333333333,0.6006,FAMILY,0.66,FAMILY,0.9127764105796814,,FAMILY LIKE WANT DOCTOR
asllrp_other_ctc:423159:span00,asllrp_other_ctc,True,0.3670333333333333,0.6006,FAMILY,0.79,FAMILY,0.9040820002555847,FAMILY,FAMILY LIKE WANT DOCTOR
asllrp_other_ctc:423159:span00,asllrp_other_ctc,True,0.3670333333333333,0.6006,FAMILY,0.92,FAMILY,0.6829540133476257,FAMILY,FAMILY LIKE WANT DOCTOR
asllrp_other_ctc:423159:span00,asllrp_other_ctc,True,0.3670333333333333,0.6006,FAMILY,1.05,NO_EMIT,0.06782063096761703,FAMILY,FAMILY LIKE WANT DOCTOR
asllrp_other_ctc:4231610:span00,asllrp_other_ctc,True,0.7674333333333333,0.8341666666666667,HAVE,0.53,TALK,0.09340880811214447,,TALK BIG TOMORROW TOMORROW TIRED CHILD
asllrp_other_ctc:4231610:span00,asllrp_other_ctc,True,0.7674333333333333,0.8341666666666667,HAVE,0.66,TALK,0.30238252878189087,TALK,TALK BIG TOMORROW TOMORROW TIRED CHILD
asllrp_other_ctc:4231610:span00,asllrp_other_ctc,True,0.7674333333333333,0.8341666666666667,HAVE,0.79,LIKE,0.046363137662410736,TALK,TALK BIG TOMORROW TOMORROW TIRED CHILD
asllrp_other_ctc:4231610:span00,asllrp_other_ctc,True,0.7674333333333333,0.8341666666666667,HAVE,0.92,BIG,0.24692775309085846,TALK,TALK BIG TOMORROW TOMORROW TIRED CHILD
asllrp_other_ctc:4231610:span00,asllrp_other_ctc,True,0.7674333333333333,0.8341666666666667,HAVE,1.05,BIG,0.6668527126312256,TALK BIG,TALK BIG TOMORROW TOMORROW TIRED CHILD
asllrp_other_ctc:4231610:span00,asllrp_other_ctc,True,0.7674333333333333,0.8341666666666667,HAVE,1.1800000000000002,BIG,0.9168726205825806,TALK BIG,TALK BIG TOMORROW TOMORROW TIRED CHILD
asllrp_other_ctc:4231610:span00,asllrp_other_ctc,True,0.7674333333333333,0.8341666666666667,HAVE,1.31,BIG,0.9471023678779602,TALK BIG,TALK BIG TOMORROW TOMORROW TIRED CHILD
asllrp_other_ctc:4231610:span00,asllrp_other_ctc,True,2.769433333333333,3.2032000000000003,SMALL,2.35,TOMORROW,0.3740251660346985,TALK BIG TOMORROW TOMORROW,TALK BIG TOMORROW TOMORROW TIRED CHILD
asllrp_other_ctc:4231610:span00,asllrp_other_ctc,True,2.769433333333333,3.2032000000000003,SMALL,2.4800000000000004,I,0.24820619821548462,TALK BIG TOMORROW TOMORROW,TALK BIG TOMORROW TOMORROW TIRED CHILD
asllrp_other_ctc:4231610:span00,asllrp_other_ctc,True,2.769433333333333,3.2032000000000003,SMALL,2.6100000000000003,WE,0.18220502138137817,TALK BIG TOMORROW TOMORROW,TALK BIG TOMORROW TOMORROW TIRED CHILD
asllrp_other_ctc:4231610:span00,asllrp_other_ctc,True,2.769433333333333,3.2032000000000003,SMALL,2.74,ANGRY,0.09921891242265701,TALK BIG TOMORROW TOMORROW,TALK BIG TOMORROW TOMORROW TIRED CHILD
asllrp_other_ctc:4231610:span00,asllrp_other_ctc,True,2.769433333333333,3.2032000000000003,SMALL,2.87,MAYBE,0.08370404690504074,TALK BIG TOMORROW TOMORROW,TALK BIG TOMORROW TOMORROW TIRED CHILD
asllrp_other_ctc:4231610:span00,asllrp_other_ctc,True,2.769433333333333,3.2032000000000003,SMALL,3.0,TIRED,0.3063286244869232,TALK BIG TOMORROW TOMORROW,TALK BIG TOMORROW TOMORROW TIRED CHILD
asllrp_other_ctc:4231610:span00,asllrp_other_ctc,True,2.769433333333333,3.2032000000000003,SMALL,3.13,TIRED,0.4533248543739319,TALK BIG TOMORROW TOMORROW TIRED,TALK BIG TOMORROW TOMORROW TIRED CHILD
asllrp_other_ctc:4231610:span00,asllrp_other_ctc,True,2.769433333333333,3.2032000000000003,SMALL,3.26,CHILD,0.3890787661075592,TALK BIG TOMORROW TOMORROW TIRED,TALK BIG TOMORROW TOMORROW TIRED CHILD
asllrp_other_ctc:4231610:span00,asllrp_other_ctc,True,2.769433333333333,3.2032000000000003,SMALL,3.3033,CHILD,0.4196826219558716,TALK BIG TOMORROW TOMORROW TIRED CHILD,TALK BIG TOMORROW TOMORROW TIRED CHILD
asllrp_other_ctc:4232015:span00,asllrp_other_ctc,True,0.16683333333333333,0.4337666666666667,FRIEND,0.53,FRIEND,0.9581077694892883,,FRIEND LIKE HOW ANGRY
asllrp_other_ctc:4232015:span00,asllrp_other_ctc,True,0.16683333333333333,0.4337666666666667,FRIEND,0.66,FRIEND,0.9441511034965515,FRIEND,FRIEND LIKE HOW ANGRY
asllrp_other_ctc:4232015:span00,asllrp_other_ctc,True,0.16683333333333333,0.4337666666666667,FRIEND,0.79,FRIEND,0.6364549994468689,FRIEND,FRIEND LIKE HOW ANGRY
asllrp_other_ctc:4232015:span00,asllrp_other_ctc,True,0.16683333333333333,0.4337666666666667,FRIEND,0.92,LIKE,0.30025336146354675,FRIEND,FRIEND LIKE HOW ANGRY
asllrp_other_ctc:4232116:span00,asllrp_other_ctc,True,1.9686333333333335,2.168833333333333,NAME,1.44,TELL,0.12651510536670685,I,I SLEEP NAME NAME YEAR SORRY
asllrp_other_ctc:4232116:span00,asllrp_other_ctc,True,1.9686333333333335,2.168833333333333,NAME,1.57,HOT,0.20940160751342773,I,I SLEEP NAME NAME YEAR SORRY
asllrp_other_ctc:4232116:span00,asllrp_other_ctc,True,1.9686333333333335,2.168833333333333,NAME,1.7,SLEEP,0.29659029841423035,I,I SLEEP NAME NAME YEAR SORRY
asllrp_other_ctc:4232116:span00,asllrp_other_ctc,True,1.9686333333333335,2.168833333333333,NAME,1.83,SLEEP,0.4523583948612213,I SLEEP,I SLEEP NAME NAME YEAR SORRY
asllrp_other_ctc:4232116:span00,asllrp_other_ctc,True,1.9686333333333335,2.168833333333333,NAME,1.9600000000000002,YOU,0.31127607822418213,I SLEEP,I SLEEP NAME NAME YEAR SORRY
asllrp_other_ctc:4232116:span00,asllrp_other_ctc,True,1.9686333333333335,2.168833333333333,NAME,2.09,READY,0.2146892249584198,I SLEEP,I SLEEP NAME NAME YEAR SORRY
asllrp_other_ctc:4232116:span00,asllrp_other_ctc,True,1.9686333333333335,2.168833333333333,NAME,2.2199999999999998,NAME,0.7498444318771362,I SLEEP,I SLEEP NAME NAME YEAR SORRY
asllrp_other_ctc:4232116:span00,asllrp_other_ctc,True,1.9686333333333335,2.168833333333333,NAME,2.35,NAME,0.7042604088783264,I SLEEP NAME,I SLEEP NAME NAME YEAR SORRY
asllrp_other_ctc:4232116:span00,asllrp_other_ctc,True,1.9686333333333335,2.168833333333333,NAME,2.4800000000000004,NAME,0.9162067174911499,I SLEEP NAME,I SLEEP NAME NAME YEAR SORRY
asllrp_other_ctc:4232116:span00,asllrp_other_ctc,True,1.9686333333333335,2.168833333333333,NAME,2.6100000000000003,NAME,0.42049163579940796,I SLEEP NAME,I SLEEP NAME NAME YEAR SORRY
asllrp_other_ctc:4232116:span00,asllrp_other_ctc,True,3.370033333333333,3.5702333333333334,NAME,2.87,LOVE,0.2618274688720703,I SLEEP NAME,I SLEEP NAME NAME YEAR SORRY
asllrp_other_ctc:4232116:span00,asllrp_other_ctc,True,3.370033333333333,3.5702333333333334,NAME,3.0,NO_EMIT,0.06210101395845413,I SLEEP NAME,I SLEEP NAME NAME YEAR SORRY
asllrp_other_ctc:4232116:span00,asllrp_other_ctc,True,3.370033333333333,3.5702333333333334,NAME,3.13,SIGN,0.07103825360536575,I SLEEP NAME,I SLEEP NAME NAME YEAR SORRY
asllrp_other_ctc:4232116:span00,asllrp_other_ctc,True,3.370033333333333,3.5702333333333334,NAME,3.26,ANGRY,0.10955560952425003,I SLEEP NAME,I SLEEP NAME NAME YEAR SORRY
asllrp_other_ctc:4232116:span00,asllrp_other_ctc,True,3.370033333333333,3.5702333333333334,NAME,3.3900000000000006,SLEEP,0.32212477922439575,I SLEEP NAME,I SLEEP NAME NAME YEAR SORRY
asllrp_other_ctc:4232116:span00,asllrp_other_ctc,True,3.370033333333333,3.5702333333333334,NAME,3.5200000000000005,NO_EMIT,0.06624218076467514,I SLEEP NAME,I SLEEP NAME NAME YEAR SORRY
asllrp_other_ctc:4232116:span00,asllrp_other_ctc,True,3.370033333333333,3.5702333333333334,NAME,3.6500000000000004,HOSPITAL,0.5182172656059265,I SLEEP NAME,I SLEEP NAME NAME YEAR SORRY
asllrp_other_ctc:4232116:span00,asllrp_other_ctc,True,3.370033333333333,3.5702333333333334,NAME,3.7800000000000002,USE,0.2543303966522217,I SLEEP NAME,I SLEEP NAME NAME YEAR SORRY
asllrp_other_ctc:4232116:span00,asllrp_other_ctc,True,3.370033333333333,3.5702333333333334,NAME,3.91,NAME,0.7553166151046753,I SLEEP NAME,I SLEEP NAME NAME YEAR SORRY
asllrp_other_ctc:4232116:span00,asllrp_other_ctc,True,3.370033333333333,3.5702333333333334,NAME,4.04,NAME,0.14619742333889008,I SLEEP NAME NAME,I SLEEP NAME NAME YEAR SORRY
asllrp_other_ctc:4232117:span00,asllrp_other_ctc,True,2.6693333333333333,2.9696333333333333,NAME,2.2199999999999998,SLEEP,0.08464199304580688,FRIEND READY ANSWER,FRIEND READY ANSWER SLEEP NIGHT NAME MAKE
asllrp_other_ctc:4232117:span00,asllrp_other_ctc,True,2.6693333333333333,2.9696333333333333,NAME,2.35,SLEEP,0.6040759086608887,FRIEND READY ANSWER SLEEP,FRIEND READY ANSWER SLEEP NIGHT NAME MAKE
asllrp_other_ctc:4232117:span00,asllrp_other_ctc,True,2.6693333333333333,2.9696333333333333,NAME,2.4800000000000004,SLEEP,0.3554988503456116,FRIEND READY ANSWER SLEEP,FRIEND READY ANSWER SLEEP NIGHT NAME MAKE
asllrp_other_ctc:4232117:span00,asllrp_other_ctc,True,2.6693333333333333,2.9696333333333333,NAME,2.6100000000000003,NIGHT,0.5415394902229309,FRIEND READY ANSWER SLEEP,FRIEND READY ANSWER SLEEP NIGHT NAME MAKE
asllrp_other_ctc:4232117:span00,asllrp_other_ctc,True,2.6693333333333333,2.9696333333333333,NAME,2.74,NIGHT,0.16029664874076843,FRIEND READY ANSWER SLEEP NIGHT,FRIEND READY ANSWER SLEEP NIGHT NAME MAKE
asllrp_other_ctc:4232117:span00,asllrp_other_ctc,True,2.6693333333333333,2.9696333333333333,NAME,2.87,NAME,0.7594094276428223,FRIEND READY ANSWER SLEEP NIGHT,FRIEND READY ANSWER SLEEP NIGHT NAME MAKE
asllrp_other_ctc:4232117:span00,asllrp_other_ctc,True,2.6693333333333333,2.9696333333333333,NAME,3.0,NAME,0.94249427318573,FRIEND READY ANSWER SLEEP NIGHT NAME,FRIEND READY ANSWER SLEEP NIGHT NAME MAKE
asllrp_other_ctc:4232117:span00,asllrp_other_ctc,True,2.6693333333333333,2.9696333333333333,NAME,3.13,NAME,0.422212690114975,FRIEND READY ANSWER SLEEP NIGHT NAME,FRIEND READY ANSWER SLEEP NIGHT NAME MAKE
asllrp_other_ctc:4232117:span00,asllrp_other_ctc,True,2.6693333333333333,2.9696333333333333,NAME,3.26,LIKE,0.11886506527662277,FRIEND READY ANSWER SLEEP NIGHT NAME,FRIEND READY ANSWER SLEEP NIGHT NAME MAKE
asllrp_other_ctc:4232117:span00,asllrp_other_ctc,True,2.6693333333333333,2.9696333333333333,NAME,3.3900000000000006,MAKE,0.1618531197309494,FRIEND READY ANSWER SLEEP NIGHT NAME,FRIEND READY ANSWER SLEEP NIGHT NAME MAKE
asllrp_other_ctc:4232117:span00,asllrp_other_ctc,True,2.6693333333333333,2.9696333333333333,NAME,3.4701333333333335,MAKE,0.20576247572898865,FRIEND READY ANSWER SLEEP NIGHT NAME MAKE,FRIEND READY ANSWER SLEEP NIGHT NAME MAKE
asllrp_other_ctc:4232218:span00,asllrp_other_ctc,True,0.6339666666666667,0.8008000000000001,LIKE,0.53,SORRY,0.31409308314323425,,TOMORROW DRINK TALK SIGN FRIEND IMPORTANT FAMILY
asllrp_other_ctc:4232218:span00,asllrp_other_ctc,True,0.6339666666666667,0.8008000000000001,LIKE,0.66,TOMORROW,0.11833185702562332,,TOMORROW DRINK TALK SIGN FRIEND IMPORTANT FAMILY
asllrp_other_ctc:4232218:span00,asllrp_other_ctc,True,0.6339666666666667,0.8008000000000001,LIKE,0.79,TOMORROW,0.17503796517848969,TOMORROW,TOMORROW DRINK TALK SIGN FRIEND IMPORTANT FAMILY
asllrp_other_ctc:4232218:span00,asllrp_other_ctc,True,0.6339666666666667,0.8008000000000001,LIKE,0.92,WOMAN,0.073090098798275,TOMORROW,TOMORROW DRINK TALK SIGN FRIEND IMPORTANT FAMILY
asllrp_other_ctc:4232218:span00,asllrp_other_ctc,True,0.6339666666666667,0.8008000000000001,LIKE,1.05,DRINK,0.13114555180072784,TOMORROW,TOMORROW DRINK TALK SIGN FRIEND IMPORTANT FAMILY
asllrp_other_ctc:4232218:span00,asllrp_other_ctc,True,0.6339666666666667,0.8008000000000001,LIKE,1.1800000000000002,DRINK,0.5734797120094299,TOMORROW DRINK,TOMORROW DRINK TALK SIGN FRIEND IMPORTANT FAMILY
asllrp_other_ctc:4232218:span00,asllrp_other_ctc,True,0.6339666666666667,0.8008000000000001,LIKE,1.31,TALK,0.563028872013092,TOMORROW DRINK,TOMORROW DRINK TALK SIGN FRIEND IMPORTANT FAMILY
asllrp_other_ctc:4232218:span00,asllrp_other_ctc,True,3.2365666666666666,3.336666666666667,LIKE,2.74,IMPORTANT,0.08744870126247406,TOMORROW DRINK TALK SIGN FRIEND IMPORTANT,TOMORROW DRINK TALK SIGN FRIEND IMPORTANT FAMILY
asllrp_other_ctc:4232218:span00,asllrp_other_ctc,True,3.2365666666666666,3.336666666666667,LIKE,2.87,FAMILY,0.3448854088783264,TOMORROW DRINK TALK SIGN FRIEND IMPORTANT,TOMORROW DRINK TALK SIGN FRIEND IMPORTANT FAMILY
asllrp_other_ctc:4232218:span00,asllrp_other_ctc,True,3.2365666666666666,3.336666666666667,LIKE,3.0,FAMILY,0.7014591097831726,TOMORROW DRINK TALK SIGN FRIEND IMPORTANT FAMILY,TOMORROW DRINK TALK SIGN FRIEND IMPORTANT FAMILY
asllrp_other_ctc:4232218:span00,asllrp_other_ctc,True,3.2365666666666666,3.336666666666667,LIKE,3.13,FAMILY,0.6532152891159058,TOMORROW DRINK TALK SIGN FRIEND IMPORTANT FAMILY,TOMORROW DRINK TALK SIGN FRIEND IMPORTANT FAMILY
asllrp_other_ctc:4232218:span00,asllrp_other_ctc,True,3.2365666666666666,3.336666666666667,LIKE,3.26,HUNGRY,0.11041487008333206,TOMORROW DRINK TALK SIGN FRIEND IMPORTANT FAMILY,TOMORROW DRINK TALK SIGN FRIEND IMPORTANT FAMILY
asllrp_other_ctc:4232218:span00,asllrp_other_ctc,True,3.2365666666666666,3.336666666666667,LIKE,3.3900000000000006,MAKE,0.17827092111110687,TOMORROW DRINK TALK SIGN FRIEND IMPORTANT FAMILY,TOMORROW DRINK TALK SIGN FRIEND IMPORTANT FAMILY
asllrp_other_ctc:4232218:span00,asllrp_other_ctc,True,3.2365666666666666,3.336666666666667,LIKE,3.5200000000000005,HUNGRY,0.5435010194778442,TOMORROW DRINK TALK SIGN FRIEND IMPORTANT FAMILY,TOMORROW DRINK TALK SIGN FRIEND IMPORTANT FAMILY
asllrp_other_ctc:4232218:span00,asllrp_other_ctc,True,3.2365666666666666,3.336666666666667,LIKE,3.6500000000000004,SORRY,0.4949207603931427,TOMORROW DRINK TALK SIGN FRIEND IMPORTANT FAMILY,TOMORROW DRINK TALK SIGN FRIEND IMPORTANT FAMILY
asllrp_other_ctc:4232218:span00,asllrp_other_ctc,True,3.2365666666666666,3.336666666666667,LIKE,3.7037,I,0.23210255801677704,TOMORROW DRINK TALK SIGN FRIEND IMPORTANT FAMILY,TOMORROW DRINK TALK SIGN FRIEND IMPORTANT FAMILY
asllrp_other_ctc:4232319:span00,asllrp_other_ctc,True,1.7684333333333333,2.0353666666666665,WORK,1.31,SCHOOL,0.32432955503463745,SCHOOL,SCHOOL SLEEP MAKE TAKE HOT HUNGRY
asllrp_other_ctc:4232319:span00,asllrp_other_ctc,True,1.7684333333333333,2.0353666666666665,WORK,1.44,HUNGRY,0.18582135438919067,SCHOOL,SCHOOL SLEEP MAKE TAKE HOT HUNGRY
asllrp_other_ctc:4232319:span00,asllrp_other_ctc,True,1.7684333333333333,2.0353666666666665,WORK,1.57,MORNING,0.14426718652248383,SCHOOL,SCHOOL SLEEP MAKE TAKE HOT HUNGRY
asllrp_other_ctc:4232319:span00,asllrp_other_ctc,True,1.7684333333333333,2.0353666666666665,WORK,1.7,SLEEP,0.6564033627510071,SCHOOL,SCHOOL SLEEP MAKE TAKE HOT HUNGRY
asllrp_other_ctc:4232319:span00,asllrp_other_ctc,True,1.7684333333333333,2.0353666666666665,WORK,1.83,SLEEP,0.8852060437202454,SCHOOL SLEEP,SCHOOL SLEEP MAKE TAKE HOT HUNGRY
asllrp_other_ctc:4232319:span00,asllrp_other_ctc,True,1.7684333333333333,2.0353666666666665,WORK,1.9600000000000002,SLEEP,0.4711386561393738,SCHOOL SLEEP,SCHOOL SLEEP MAKE TAKE HOT HUNGRY
asllrp_other_ctc:4232319:span00,asllrp_other_ctc,True,1.7684333333333333,2.0353666666666665,WORK,2.09,MAKE,0.24489028751850128,SCHOOL SLEEP,SCHOOL SLEEP MAKE TAKE HOT HUNGRY
asllrp_other_ctc:4232319:span00,asllrp_other_ctc,True,1.7684333333333333,2.0353666666666665,WORK,2.2199999999999998,MAKE,0.3051432967185974,SCHOOL SLEEP MAKE,SCHOOL SLEEP MAKE TAKE HOT HUNGRY
asllrp_other_ctc:4232319:span00,asllrp_other_ctc,True,1.7684333333333333,2.0353666666666665,WORK,2.35,MAKE,0.25659069418907166,SCHOOL SLEEP MAKE,SCHOOL SLEEP MAKE TAKE HOT HUNGRY
asllrp_other_ctc:4232319:span00,asllrp_other_ctc,True,1.7684333333333333,2.0353666666666665,WORK,2.4800000000000004,MAKE,0.24010901153087616,SCHOOL SLEEP MAKE,SCHOOL SLEEP MAKE TAKE HOT HUNGRY
asllrp_other_ctc:4232421:span00,asllrp_other_ctc,True,0.16683333333333333,0.3670333333333333,FRIEND,0.53,MAKE,0.34541669487953186,,TOMORROW
asllrp_other_ctc:4232421:span00,asllrp_other_ctc,True,0.16683333333333333,0.3670333333333333,FRIEND,0.66,FRIEND,0.11770851910114288,,TOMORROW
asllrp_other_ctc:4232421:span00,asllrp_other_ctc,True,0.16683333333333333,0.3670333333333333,FRIEND,0.79,WHAT,0.0669056698679924,,TOMORROW
asllrp_other_ctc:4232522:span00,asllrp_other_ctc,True,0.16683333333333333,0.46713333333333334,FRIEND,0.53,FRIEND,0.9372036457061768,,FRIEND TIRED TIRED HAVE
asllrp_other_ctc:4232522:span00,asllrp_other_ctc,True,0.16683333333333333,0.46713333333333334,FRIEND,0.66,FRIEND,0.9256608486175537,FRIEND,FRIEND TIRED TIRED HAVE
asllrp_other_ctc:4232522:span00,asllrp_other_ctc,True,0.16683333333333333,0.46713333333333334,FRIEND,0.79,FRIEND,0.7997410893440247,FRIEND,FRIEND TIRED TIRED HAVE
asllrp_other_ctc:4232522:span00,asllrp_other_ctc,True,0.16683333333333333,0.46713333333333334,FRIEND,0.92,WHEN,0.3552849292755127,FRIEND,FRIEND TIRED TIRED HAVE
asllrp_other_ctc:4232624:span00,asllrp_other_ctc,True,1.3013000000000001,1.4014,WATER,0.79,TOMORROW,0.3202348053455353,,
asllrp_other_ctc:4232624:span00,asllrp_other_ctc,True,1.3013000000000001,1.4014,WATER,0.92,TELL,0.3192004859447479,,
asllrp_other_ctc:4232624:span00,asllrp_other_ctc,True,1.3013000000000001,1.4014,WATER,1.05,HOW,0.17374657094478607,,
asllrp_other_ctc:4232624:span00,asllrp_other_ctc,True,1.3013000000000001,1.4014,WATER,1.1800000000000002,GIVE,0.41977933049201965,,
asllrp_other_ctc:4232624:span00,asllrp_other_ctc,True,1.3013000000000001,1.4014,WATER,1.31,DOCTOR,0.34895554184913635,,
asllrp_other_ctc:4232624:span00,asllrp_other_ctc,True,1.3013000000000001,1.4014,WATER,1.44,USE,0.22002793848514557,,
asllrp_other_ctc:4232624:span00,asllrp_other_ctc,True,1.3013000000000001,1.4014,WATER,1.57,WATER,0.0978129580616951,,
asllrp_other_ctc:4232624:span00,asllrp_other_ctc,True,1.3013000000000001,1.4014,WATER,1.7,SLEEP,0.15691344439983368,,
asllrp_other_ctc:4232624:span00,asllrp_other_ctc,True,1.3013000000000001,1.4014,WATER,1.83,NO_EMIT,0.06838546693325043,,
asllrp_other_ctc:4232725:span00,asllrp_other_ctc,True,0.40040000000000003,0.7674333333333333,FRIEND,0.53,LIKE,0.18078775703907013,,I HUNGRY GIVE
asllrp_other_ctc:4232725:span00,asllrp_other_ctc,True,0.40040000000000003,0.7674333333333333,FRIEND,0.66,I,0.1353561282157898,,I HUNGRY GIVE
asllrp_other_ctc:4232725:span00,asllrp_other_ctc,True,0.40040000000000003,0.7674333333333333,FRIEND,0.79,I,0.2889360189437866,I,I HUNGRY GIVE
asllrp_other_ctc:4232725:span00,asllrp_other_ctc,True,0.40040000000000003,0.7674333333333333,FRIEND,0.92,MAKE,0.23219086229801178,I,I HUNGRY GIVE
asllrp_other_ctc:4232725:span00,asllrp_other_ctc,True,0.40040000000000003,0.7674333333333333,FRIEND,1.05,SIGN,0.10290233045816422,I,I HUNGRY GIVE
asllrp_other_ctc:4232725:span00,asllrp_other_ctc,True,0.40040000000000003,0.7674333333333333,FRIEND,1.1800000000000002,HOW,0.09602455049753189,I,I HUNGRY GIVE
asllrp_other_ctc:4233332:span00,asllrp_other_ctc,True,0.16683333333333333,0.40040000000000003,FRIEND,0.53,FRIEND,0.593050479888916,,FRIEND EAT MORE EAT HUNGRY
asllrp_other_ctc:4233332:span00,asllrp_other_ctc,True,0.16683333333333333,0.40040000000000003,FRIEND,0.66,FRIEND,0.8388016819953918,FRIEND,FRIEND EAT MORE EAT HUNGRY
asllrp_other_ctc:4233332:span00,asllrp_other_ctc,True,0.16683333333333333,0.40040000000000003,FRIEND,0.79,FRIEND,0.7579565048217773,FRIEND,FRIEND EAT MORE EAT HUNGRY
asllrp_other_ctc:4233332:span00,asllrp_other_ctc,True,0.16683333333333333,0.40040000000000003,FRIEND,0.92,EAT,0.08854717016220093,FRIEND,FRIEND EAT MORE EAT HUNGRY
asllrp_other_ctc:4233433:span00,asllrp_other_ctc,True,0.16683333333333333,0.4337666666666667,FRIEND,0.53,FRIEND,0.2606358230113983,,FRIEND HOW READY SAD WATER MORNING SAME
asllrp_other_ctc:4233433:span00,asllrp_other_ctc,True,0.16683333333333333,0.4337666666666667,FRIEND,0.66,FRIEND,0.4199921488761902,FRIEND,FRIEND HOW READY SAD WATER MORNING SAME
asllrp_other_ctc:4233433:span00,asllrp_other_ctc,True,0.16683333333333333,0.4337666666666667,FRIEND,0.79,FRIEND,0.21032649278640747,FRIEND,FRIEND HOW READY SAD WATER MORNING SAME
asllrp_other_ctc:4233433:span00,asllrp_other_ctc,True,0.16683333333333333,0.4337666666666667,FRIEND,0.92,READ,0.09920863807201385,FRIEND,FRIEND HOW READY SAD WATER MORNING SAME
asllrp_other_ctc:4233839:span00,asllrp_other_ctc,True,0.8008000000000001,1.1678333333333333,READ,0.53,DRINK,0.20349952578544617,,READ
asllrp_other_ctc:4233839:span00,asllrp_other_ctc,True,0.8008000000000001,1.1678333333333333,READ,0.66,TALK,0.4038446545600891,,READ
asllrp_other_ctc:4233839:span00,asllrp_other_ctc,True,0.8008000000000001,1.1678333333333333,READ,0.79,TAKE,0.09371548146009445,,READ
asllrp_other_ctc:4233839:span00,asllrp_other_ctc,True,0.8008000000000001,1.1678333333333333,READ,0.92,WATER,0.08035733550786972,,READ
asllrp_other_ctc:4233839:span00,asllrp_other_ctc,True,0.8008000000000001,1.1678333333333333,READ,1.05,READ,0.7036874890327454,,READ
asllrp_other_ctc:4233839:span00,asllrp_other_ctc,True,0.8008000000000001,1.1678333333333333,READ,1.1800000000000002,READ,0.8183084726333618,READ,READ
asllrp_other_ctc:4233839:span00,asllrp_other_ctc,True,0.8008000000000001,1.1678333333333333,READ,1.3013000000000001,READ,0.8426269292831421,READ,READ
asllrp_other_ctc:4233840:span00,asllrp_other_ctc,True,1.9352666666666667,2.2355666666666667,TIME,1.44,SAME,0.12463951110839844,SAD FRIEND,SAD FRIEND SAME SCHOOL TIME
asllrp_other_ctc:4233840:span00,asllrp_other_ctc,True,1.9352666666666667,2.2355666666666667,TIME,1.57,SAME,0.22065617144107819,SAD FRIEND SAME,SAD FRIEND SAME SCHOOL TIME
asllrp_other_ctc:4233840:span00,asllrp_other_ctc,True,1.9352666666666667,2.2355666666666667,TIME,1.7,SCHOOL,0.4871354103088379,SAD FRIEND SAME,SAD FRIEND SAME SCHOOL TIME
asllrp_other_ctc:4233840:span00,asllrp_other_ctc,True,1.9352666666666667,2.2355666666666667,TIME,1.83,SCHOOL,0.3246278464794159,SAD FRIEND SAME SCHOOL,SAD FRIEND SAME SCHOOL TIME
asllrp_other_ctc:4233840:span00,asllrp_other_ctc,True,1.9352666666666667,2.2355666666666667,TIME,1.9600000000000002,HELP,0.6683436632156372,SAD FRIEND SAME SCHOOL,SAD FRIEND SAME SCHOOL TIME
asllrp_other_ctc:4233840:span00,asllrp_other_ctc,True,1.9352666666666667,2.2355666666666667,TIME,2.09,FRIEND,0.3028661608695984,SAD FRIEND SAME SCHOOL,SAD FRIEND SAME SCHOOL TIME
asllrp_other_ctc:4233840:span00,asllrp_other_ctc,True,1.9352666666666667,2.2355666666666667,TIME,2.2199999999999998,MAKE,0.07646267861127853,SAD FRIEND SAME SCHOOL,SAD FRIEND SAME SCHOOL TIME
asllrp_other_ctc:4233840:span00,asllrp_other_ctc,True,1.9352666666666667,2.2355666666666667,TIME,2.35,TIME,0.6460868120193481,SAD FRIEND SAME SCHOOL,SAD FRIEND SAME SCHOOL TIME
asllrp_other_ctc:4233840:span00,asllrp_other_ctc,True,1.9352666666666667,2.2355666666666667,TIME,2.3690333333333333,TIME,0.6958360075950623,SAD FRIEND SAME SCHOOL TIME,SAD FRIEND SAME SCHOOL TIME
asllrp_other_ctc:4233941:span00,asllrp_other_ctc,True,1.1011,1.6683333333333334,HOW,0.66,SICK,0.23818258941173553,SICK,SICK SLEEP MAKE
asllrp_other_ctc:4233941:span00,asllrp_other_ctc,True,1.1011,1.6683333333333334,HOW,0.79,SICK,0.7305094599723816,SICK,SICK SLEEP MAKE
asllrp_other_ctc:4233941:span00,asllrp_other_ctc,True,1.1011,1.6683333333333334,HOW,0.92,SICK,0.5769273638725281,SICK,SICK SLEEP MAKE
asllrp_other_ctc:4233941:span00,asllrp_other_ctc,True,1.1011,1.6683333333333334,HOW,1.05,SLEEP,0.773645281791687,SICK,SICK SLEEP MAKE
asllrp_other_ctc:4233941:span00,asllrp_other_ctc,True,1.1011,1.6683333333333334,HOW,1.1800000000000002,SLEEP,0.7299249172210693,SICK SLEEP,SICK SLEEP MAKE
asllrp_other_ctc:4233941:span00,asllrp_other_ctc,True,1.1011,1.6683333333333334,HOW,1.31,WHO,0.2257590889930725,SICK SLEEP,SICK SLEEP MAKE
asllrp_other_ctc:4233941:span00,asllrp_other_ctc,True,1.1011,1.6683333333333334,HOW,1.44,MAKE,0.3754257559776306,SICK SLEEP,SICK SLEEP MAKE
asllrp_other_ctc:4233941:span00,asllrp_other_ctc,True,1.1011,1.6683333333333334,HOW,1.57,MAKE,0.34381070733070374,SICK SLEEP MAKE,SICK SLEEP MAKE
asllrp_other_ctc:4233941:span00,asllrp_other_ctc,True,1.1011,1.6683333333333334,HOW,1.7,MAKE,0.2150084525346756,SICK SLEEP MAKE,SICK SLEEP MAKE
asllrp_other_ctc:4233941:span00,asllrp_other_ctc,True,1.1011,1.6683333333333334,HOW,1.8018,LOVE,0.3194265365600586,SICK SLEEP MAKE,SICK SLEEP MAKE
asllrp_other_ctc:4234549:span00,asllrp_other_ctc,True,0.3670333333333333,0.6006,FAMILY,0.53,IMPORTANT,0.5354691743850708,,FAMILY MAKE
asllrp_other_ctc:4234549:span00,asllrp_other_ctc,True,0.3670333333333333,0.6006,FAMILY,0.66,FAMILY,0.9077305793762207,,FAMILY MAKE
asllrp_other_ctc:4234549:span00,asllrp_other_ctc,True,0.3670333333333333,0.6006,FAMILY,0.79,FAMILY,0.9125447869300842,FAMILY,FAMILY MAKE
asllrp_other_ctc:4234549:span00,asllrp_other_ctc,True,0.3670333333333333,0.6006,FAMILY,0.92,FAMILY,0.5827690362930298,FAMILY,FAMILY MAKE
asllrp_other_ctc:4234549:span00,asllrp_other_ctc,True,0.3670333333333333,0.6006,FAMILY,1.05,HOW,0.23873017728328705,FAMILY,FAMILY MAKE
asllrp_other_ctc:4234549:span00,asllrp_other_ctc,True,1.9352666666666667,2.168833333333333,WHERE,1.44,READ,0.14327405393123627,FAMILY,FAMILY MAKE
asllrp_other_ctc:4234549:span00,asllrp_other_ctc,True,1.9352666666666667,2.168833333333333,WHERE,1.57,SLEEP,0.09907762706279755,FAMILY,FAMILY MAKE
asllrp_other_ctc:4234549:span00,asllrp_other_ctc,True,1.9352666666666667,2.168833333333333,WHERE,1.7,EAT,0.07396839559078217,FAMILY,FAMILY MAKE
asllrp_other_ctc:4234549:span00,asllrp_other_ctc,True,1.9352666666666667,2.168833333333333,WHERE,1.83,MAKE,0.29186785221099854,FAMILY,FAMILY MAKE
asllrp_other_ctc:4234549:span00,asllrp_other_ctc,True,1.9352666666666667,2.168833333333333,WHERE,1.9600000000000002,MAKE,0.35918763279914856,FAMILY MAKE,FAMILY MAKE
asllrp_other_ctc:4234549:span00,asllrp_other_ctc,True,1.9352666666666667,2.168833333333333,WHERE,2.09,YEAR,0.19646334648132324,FAMILY MAKE,FAMILY MAKE
asllrp_other_ctc:4234549:span00,asllrp_other_ctc,True,1.9352666666666667,2.168833333333333,WHERE,2.2199999999999998,WORK,0.3979472815990448,FAMILY MAKE,FAMILY MAKE
asllrp_other_ctc:4234549:span00,asllrp_other_ctc,True,1.9352666666666667,2.168833333333333,WHERE,2.3023000000000002,WHERE,0.5470938086509705,FAMILY MAKE,FAMILY MAKE
asllrp_other_ctc:4234954:span00,asllrp_other_ctc,True,1.2345666666666666,1.5015,WHERE,0.79,HELP,0.24420654773712158,,NOW TRY
asllrp_other_ctc:4234954:span00,asllrp_other_ctc,True,1.2345666666666666,1.5015,WHERE,0.92,ANGRY,0.8373317718505859,,NOW TRY
asllrp_other_ctc:4234954:span00,asllrp_other_ctc,True,1.2345666666666666,1.5015,WHERE,1.05,NOW,0.5733803510665894,,NOW TRY
asllrp_other_ctc:4234954:span00,asllrp_other_ctc,True,1.2345666666666666,1.5015,WHERE,1.1800000000000002,NOW,0.5782452821731567,NOW,NOW TRY
asllrp_other_ctc:4234954:span00,asllrp_other_ctc,True,1.2345666666666666,1.5015,WHERE,1.31,NOW,0.9202661514282227,NOW,NOW TRY
asllrp_other_ctc:4234954:span00,asllrp_other_ctc,True,1.2345666666666666,1.5015,WHERE,1.44,SAME,0.09845719486474991,NOW,NOW TRY
asllrp_other_ctc:4234954:span00,asllrp_other_ctc,True,1.2345666666666666,1.5015,WHERE,1.57,TRY,0.2080959677696228,NOW,NOW TRY
asllrp_other_ctc:4234954:span00,asllrp_other_ctc,True,1.2345666666666666,1.5015,WHERE,1.6016000000000001,TRY,0.22283458709716797,NOW TRY,NOW TRY
asllrp_other_ctc:4235055:span00,asllrp_other_ctc,True,2.0020000000000002,2.4024,WHERE,1.57,WORK,0.1974344551563263,WORK,WORK YES WHERE
asllrp_other_ctc:4235055:span00,asllrp_other_ctc,True,2.0020000000000002,2.4024,WHERE,1.7,YOU,0.18146570026874542,WORK,WORK YES WHERE
asllrp_other_ctc:4235055:span00,asllrp_other_ctc,True,2.0020000000000002,2.4024,WHERE,1.83,YES,0.2216271013021469,WORK,WORK YES WHERE
asllrp_other_ctc:4235055:span00,asllrp_other_ctc,True,2.0020000000000002,2.4024,WHERE,1.9600000000000002,YES,0.32769012451171875,WORK YES,WORK YES WHERE
asllrp_other_ctc:4235055:span00,asllrp_other_ctc,True,2.0020000000000002,2.4024,WHERE,2.09,TOMORROW,0.2847753167152405,WORK YES,WORK YES WHERE
asllrp_other_ctc:4235055:span00,asllrp_other_ctc,True,2.0020000000000002,2.4024,WHERE,2.2199999999999998,GIVE,0.30398523807525635,WORK YES,WORK YES WHERE
asllrp_other_ctc:4235055:span00,asllrp_other_ctc,True,2.0020000000000002,2.4024,WHERE,2.35,YOU,0.19854077696800232,WORK YES,WORK YES WHERE
asllrp_other_ctc:4235055:span00,asllrp_other_ctc,True,2.0020000000000002,2.4024,WHERE,2.4800000000000004,WHERE,0.6257995963096619,WORK YES,WORK YES WHERE
asllrp_other_ctc:4235055:span00,asllrp_other_ctc,True,2.0020000000000002,2.4024,WHERE,2.5025,WHERE,0.7190127968788147,WORK YES WHERE,WORK YES WHERE
asllrp_other_ctc:4235056:span00,asllrp_other_ctc,True,0.16683333333333333,0.5338666666666667,FRIEND,0.53,FRIEND,0.5451968908309937,,FRIEND FRIEND LIKE SLEEP IMPORTANT
asllrp_other_ctc:4235056:span00,asllrp_other_ctc,True,0.16683333333333333,0.5338666666666667,FRIEND,0.66,FRIEND,0.6994469165802002,FRIEND,FRIEND FRIEND LIKE SLEEP IMPORTANT
asllrp_other_ctc:4235056:span00,asllrp_other_ctc,True,0.16683333333333333,0.5338666666666667,FRIEND,0.79,FRIEND,0.4839727580547333,FRIEND,FRIEND FRIEND LIKE SLEEP IMPORTANT
asllrp_other_ctc:4235056:span00,asllrp_other_ctc,True,0.16683333333333333,0.5338666666666667,FRIEND,0.92,TIME,0.2711469531059265,FRIEND,FRIEND FRIEND LIKE SLEEP IMPORTANT
asllrp_other_ctc:4235056:span00,asllrp_other_ctc,True,0.16683333333333333,0.5338666666666667,FRIEND,1.05,SIGN,0.38183513283729553,FRIEND,FRIEND FRIEND LIKE SLEEP IMPORTANT
asllrp_other_ctc:4235765:span00,asllrp_other_ctc,True,0.16683333333333333,0.3670333333333333,FRIEND,0.53,FRIEND,0.19308409094810486,,FRIEND THINK
asllrp_other_ctc:4235765:span00,asllrp_other_ctc,True,0.16683333333333333,0.3670333333333333,FRIEND,0.66,FRIEND,0.1176808625459671,FRIEND,FRIEND THINK
asllrp_other_ctc:4235765:span00,asllrp_other_ctc,True,0.16683333333333333,0.3670333333333333,FRIEND,0.79,READ,0.07544881105422974,FRIEND,FRIEND THINK
asllrp_other_ctc:4236070:span00,asllrp_other_ctc,True,0.5005000000000001,0.5672333333333334,WATER,0.53,FEEL,0.1730830818414688,,WATER SIGN
asllrp_other_ctc:4236070:span00,asllrp_other_ctc,True,0.5005000000000001,0.5672333333333334,WATER,0.66,WATER,0.15892355144023895,,WATER SIGN
asllrp_other_ctc:4236070:span00,asllrp_other_ctc,True,0.5005000000000001,0.5672333333333334,WATER,0.79,WATER,0.1455337554216385,WATER,WATER SIGN
asllrp_other_ctc:4236070:span00,asllrp_other_ctc,True,0.5005000000000001,0.5672333333333334,WATER,0.92,LIKE,0.27682119607925415,WATER,WATER SIGN
asllrp_other_ctc:4236070:span00,asllrp_other_ctc,True,0.5005000000000001,0.5672333333333334,WATER,1.05,SIGN,0.2762763798236847,WATER,WATER SIGN
asllrp_other_ctc:4236070:span00,asllrp_other_ctc,True,1.3013000000000001,1.5348666666666666,TIME,0.79,WATER,0.1455337554216385,WATER,WATER SIGN
asllrp_other_ctc:4236070:span00,asllrp_other_ctc,True,1.3013000000000001,1.5348666666666666,TIME,0.92,LIKE,0.27682119607925415,WATER,WATER SIGN
asllrp_other_ctc:4236070:span00,asllrp_other_ctc,True,1.3013000000000001,1.5348666666666666,TIME,1.05,SIGN,0.2762763798236847,WATER,WATER SIGN
asllrp_other_ctc:4236070:span00,asllrp_other_ctc,True,1.3013000000000001,1.5348666666666666,TIME,1.1800000000000002,SIGN,0.1454222947359085,WATER SIGN,WATER SIGN
asllrp_other_ctc:4236070:span00,asllrp_other_ctc,True,1.3013000000000001,1.5348666666666666,TIME,1.31,SIGN,0.07997847348451614,WATER SIGN,WATER SIGN
asllrp_other_ctc:4236070:span00,asllrp_other_ctc,True,1.3013000000000001,1.5348666666666666,TIME,1.44,SORRY,0.08544347435235977,WATER SIGN,WATER SIGN
asllrp_other_ctc:4236070:span00,asllrp_other_ctc,True,1.3013000000000001,1.5348666666666666,TIME,1.57,TIME,0.23178021609783173,WATER SIGN,WATER SIGN
asllrp_other_ctc:4236070:span00,asllrp_other_ctc,True,1.3013000000000001,1.5348666666666666,TIME,1.6683333333333334,I,0.2208143025636673,WATER SIGN,WATER SIGN
asllrp_other_ctc:4236171:span00,asllrp_other_ctc,True,0.16683333333333333,0.40040000000000003,FRIEND,0.53,FRIEND,0.220183864235878,,WHEN HOW HUNGRY LIKE
asllrp_other_ctc:4236171:span00,asllrp_other_ctc,True,0.16683333333333333,0.40040000000000003,FRIEND,0.66,WHEN,0.38657069206237793,,WHEN HOW HUNGRY LIKE
asllrp_other_ctc:4236171:span00,asllrp_other_ctc,True,0.16683333333333333,0.40040000000000003,FRIEND,0.79,WHEN,0.340859979391098,WHEN,WHEN HOW HUNGRY LIKE
asllrp_other_ctc:4236171:span00,asllrp_other_ctc,True,0.16683333333333333,0.40040000000000003,FRIEND,0.92,GIVE,0.10296490788459778,WHEN,WHEN HOW HUNGRY LIKE
asllrp_other_ctc:4236577:span00,asllrp_other_ctc,True,0.16683333333333333,0.5672333333333334,FRIEND,0.53,FRIEND,0.7833994030952454,,FRIEND TELL
asllrp_other_ctc:4236577:span00,asllrp_other_ctc,True,0.16683333333333333,0.5672333333333334,FRIEND,0.66,FRIEND,0.2521989643573761,FRIEND,FRIEND TELL
asllrp_other_ctc:4236577:span00,asllrp_other_ctc,True,0.16683333333333333,0.5672333333333334,FRIEND,0.79,TELL,0.22324997186660767,FRIEND,FRIEND TELL
asllrp_other_ctc:4236577:span00,asllrp_other_ctc,True,0.16683333333333333,0.5672333333333334,FRIEND,0.92,TELL,0.25467681884765625,FRIEND TELL,FRIEND TELL
asllrp_other_ctc:4236577:span00,asllrp_other_ctc,True,0.16683333333333333,0.5672333333333334,FRIEND,1.05,SIGN,0.24954387545585632,FRIEND TELL,FRIEND TELL
asllrp_other_ctc:4236779:span00,asllrp_other_ctc,True,0.16683333333333333,0.4337666666666667,TIME,0.53,FRIEND,0.3845546841621399,,FRIEND TIME I
asllrp_other_ctc:4236779:span00,asllrp_other_ctc,True,0.16683333333333333,0.4337666666666667,TIME,0.66,DIFFERENT,0.15116192400455475,,FRIEND TIME I
asllrp_other_ctc:4236779:span00,asllrp_other_ctc,True,0.16683333333333333,0.4337666666666667,TIME,0.79,FRIEND,0.7303622961044312,,FRIEND TIME I
asllrp_other_ctc:4236779:span00,asllrp_other_ctc,True,0.16683333333333333,0.4337666666666667,TIME,0.92,FRIEND,0.9040422439575195,FRIEND,FRIEND TIME I
asllrp_other_ctc:4236779:span00,asllrp_other_ctc,True,0.5338666666666667,0.8008000000000001,FRIEND,0.53,FRIEND,0.3845546841621399,,FRIEND TIME I
asllrp_other_ctc:4236779:span00,asllrp_other_ctc,True,0.5338666666666667,0.8008000000000001,FRIEND,0.66,DIFFERENT,0.15116192400455475,,FRIEND TIME I
asllrp_other_ctc:4236779:span00,asllrp_other_ctc,True,0.5338666666666667,0.8008000000000001,FRIEND,0.79,FRIEND,0.7303622961044312,,FRIEND TIME I
asllrp_other_ctc:4236779:span00,asllrp_other_ctc,True,0.5338666666666667,0.8008000000000001,FRIEND,0.92,FRIEND,0.9040422439575195,FRIEND,FRIEND TIME I
asllrp_other_ctc:4236779:span00,asllrp_other_ctc,True,0.5338666666666667,0.8008000000000001,FRIEND,1.05,FRIEND,0.7902045845985413,FRIEND,FRIEND TIME I
asllrp_other_ctc:4236779:span00,asllrp_other_ctc,True,0.5338666666666667,0.8008000000000001,FRIEND,1.1800000000000002,FRIEND,0.4668363630771637,FRIEND,FRIEND TIME I
asllrp_other_ctc:4236779:span00,asllrp_other_ctc,True,0.5338666666666667,0.8008000000000001,FRIEND,1.31,WANT,0.4303174316883087,FRIEND,FRIEND TIME I
asllrp_other_ctc:4236779:span00,asllrp_other_ctc,True,1.9686333333333335,2.3356666666666666,TIME,1.44,BAD,0.5879964828491211,FRIEND,FRIEND TIME I
asllrp_other_ctc:4236779:span00,asllrp_other_ctc,True,1.9686333333333335,2.3356666666666666,TIME,1.57,SCHOOL,0.28139176964759827,FRIEND,FRIEND TIME I
asllrp_other_ctc:4236779:span00,asllrp_other_ctc,True,1.9686333333333335,2.3356666666666666,TIME,1.7,YEAR,0.22916312515735626,FRIEND,FRIEND TIME I
asllrp_other_ctc:4236779:span00,asllrp_other_ctc,True,1.9686333333333335,2.3356666666666666,TIME,1.83,NO_EMIT,0.11781267076730728,FRIEND,FRIEND TIME I
asllrp_other_ctc:4236779:span00,asllrp_other_ctc,True,1.9686333333333335,2.3356666666666666,TIME,1.9600000000000002,NO_EMIT,0.10557883977890015,FRIEND,FRIEND TIME I
asllrp_other_ctc:4236779:span00,asllrp_other_ctc,True,1.9686333333333335,2.3356666666666666,TIME,2.09,WE,0.4275554120540619,FRIEND,FRIEND TIME I
asllrp_other_ctc:4236779:span00,asllrp_other_ctc,True,1.9686333333333335,2.3356666666666666,TIME,2.2199999999999998,I,0.30194082856178284,FRIEND,FRIEND TIME I
asllrp_other_ctc:4236779:span00,asllrp_other_ctc,True,1.9686333333333335,2.3356666666666666,TIME,2.35,TIME,0.7135981321334839,FRIEND,FRIEND TIME I
asllrp_other_ctc:4236779:span00,asllrp_other_ctc,True,1.9686333333333335,2.3356666666666666,TIME,2.4800000000000004,TIME,0.7465673089027405,FRIEND TIME,FRIEND TIME I
asllrp_other_ctc:4236779:span00,asllrp_other_ctc,True,1.9686333333333335,2.3356666666666666,TIME,2.6100000000000003,I,0.628836452960968,FRIEND TIME,FRIEND TIME I
asllrp_other_ctc:4236779:span00,asllrp_other_ctc,True,1.9686333333333335,2.3356666666666666,TIME,2.74,I,0.5331745743751526,FRIEND TIME I,FRIEND TIME I
asllrp_other_ctc:4236780:span00,asllrp_other_ctc,True,0.16683333333333333,0.46713333333333334,FRIEND,0.53,FRIEND,0.5387051701545715,,FRIEND SIGN LIKE WORK
asllrp_other_ctc:4236780:span00,asllrp_other_ctc,True,0.16683333333333333,0.46713333333333334,FRIEND,0.66,FRIEND,0.9033004641532898,FRIEND,FRIEND SIGN LIKE WORK
asllrp_other_ctc:4236780:span00,asllrp_other_ctc,True,0.16683333333333333,0.46713333333333334,FRIEND,0.79,FRIEND,0.14627261459827423,FRIEND,FRIEND SIGN LIKE WORK
asllrp_other_ctc:4236780:span00,asllrp_other_ctc,True,0.16683333333333333,0.46713333333333334,FRIEND,0.92,SIGN,0.08403734117746353,FRIEND,FRIEND SIGN LIKE WORK
asllrp_other_ctc:557207:span00,asllrp_other_ctc,True,1.9019,2.0353666666666665,EAT,1.44,WHY,0.3341894745826721,WHY,WHY SLEEP GIVE DOCTOR
asllrp_other_ctc:557207:span00,asllrp_other_ctc,True,1.9019,2.0353666666666665,EAT,1.57,SLEEP,0.1511334478855133,WHY,WHY SLEEP GIVE DOCTOR
asllrp_other_ctc:557207:span00,asllrp_other_ctc,True,1.9019,2.0353666666666665,EAT,1.7,SLEEP,0.8317492604255676,WHY SLEEP,WHY SLEEP GIVE DOCTOR
asllrp_other_ctc:557207:span00,asllrp_other_ctc,True,1.9019,2.0353666666666665,EAT,1.83,SLEEP,0.9240440726280212,WHY SLEEP,WHY SLEEP GIVE DOCTOR
asllrp_other_ctc:557207:span00,asllrp_other_ctc,True,1.9019,2.0353666666666665,EAT,1.9600000000000002,GIVE,0.12372799962759018,WHY SLEEP,WHY SLEEP GIVE DOCTOR
asllrp_other_ctc:557207:span00,asllrp_other_ctc,True,1.9019,2.0353666666666665,EAT,2.09,MAKE,0.21035034954547882,WHY SLEEP,WHY SLEEP GIVE DOCTOR
asllrp_other_ctc:557207:span00,asllrp_other_ctc,True,1.9019,2.0353666666666665,EAT,2.2199999999999998,GIVE,0.3593451976776123,WHY SLEEP,WHY SLEEP GIVE DOCTOR
asllrp_other_ctc:557207:span00,asllrp_other_ctc,True,1.9019,2.0353666666666665,EAT,2.35,GIVE,0.4461668133735657,WHY SLEEP GIVE,WHY SLEEP GIVE DOCTOR
asllrp_other_ctc:557207:span00,asllrp_other_ctc,True,1.9019,2.0353666666666665,EAT,2.4800000000000004,GIVE,0.12410572916269302,WHY SLEEP GIVE,WHY SLEEP GIVE DOCTOR
asllrp_other_ctc:557218:span00,asllrp_other_ctc,True,0.16683333333333333,0.5005000000000001,FRIEND,0.53,FRIEND,0.6398425102233887,,SIGN TELL WHAT SIGN
asllrp_other_ctc:557218:span00,asllrp_other_ctc,True,0.16683333333333333,0.5005000000000001,FRIEND,0.66,I,0.39755600690841675,,SIGN TELL WHAT SIGN
asllrp_other_ctc:557218:span00,asllrp_other_ctc,True,0.16683333333333333,0.5005000000000001,FRIEND,0.79,SIGN,0.17559103667736053,,SIGN TELL WHAT SIGN
asllrp_other_ctc:557218:span00,asllrp_other_ctc,True,0.16683333333333333,0.5005000000000001,FRIEND,0.92,SIGN,0.4637146294116974,SIGN,SIGN TELL WHAT SIGN
asllrp_other_ctc:5572210:span00,asllrp_other_ctc,True,0.16683333333333333,0.46713333333333334,FRIEND,0.53,FRIEND,0.8103103041648865,,FRIEND LEARN WHY TAKE THANKYOU
asllrp_other_ctc:5572210:span00,asllrp_other_ctc,True,0.16683333333333333,0.46713333333333334,FRIEND,0.66,FRIEND,0.5697077512741089,FRIEND,FRIEND LEARN WHY TAKE THANKYOU
asllrp_other_ctc:5572210:span00,asllrp_other_ctc,True,0.16683333333333333,0.46713333333333334,FRIEND,0.79,LEARN,0.22537587583065033,FRIEND,FRIEND LEARN WHY TAKE THANKYOU
asllrp_other_ctc:5572210:span00,asllrp_other_ctc,True,0.16683333333333333,0.46713333333333334,FRIEND,0.92,LEARN,0.2413034439086914,FRIEND LEARN,FRIEND LEARN WHY TAKE THANKYOU
asllrp_other_ctc:5572210:span00,asllrp_other_ctc,True,2.2355666666666667,2.5692333333333335,TOMORROW,1.83,WORK,0.17076826095581055,FRIEND LEARN WHY TAKE,FRIEND LEARN WHY TAKE THANKYOU
asllrp_other_ctc:5572210:span00,asllrp_other_ctc,True,2.2355666666666667,2.5692333333333335,TOMORROW,1.9600000000000002,TOMORROW,0.4386636018753052,FRIEND LEARN WHY TAKE,FRIEND LEARN WHY TAKE THANKYOU
asllrp_other_ctc:5572210:span00,asllrp_other_ctc,True,2.2355666666666667,2.5692333333333335,TOMORROW,2.09,MY,0.08039695769548416,FRIEND LEARN WHY TAKE,FRIEND LEARN WHY TAKE THANKYOU
asllrp_other_ctc:5572210:span00,asllrp_other_ctc,True,2.2355666666666667,2.5692333333333335,TOMORROW,2.2199999999999998,THANKYOU,0.1735389530658722,FRIEND LEARN WHY TAKE,FRIEND LEARN WHY TAKE THANKYOU
asllrp_other_ctc:5572210:span00,asllrp_other_ctc,True,2.2355666666666667,2.5692333333333335,TOMORROW,2.35,THANKYOU,0.1806149035692215,FRIEND LEARN WHY TAKE THANKYOU,FRIEND LEARN WHY TAKE THANKYOU
asllrp_other_ctc:5572210:span00,asllrp_other_ctc,True,2.2355666666666667,2.5692333333333335,TOMORROW,2.4800000000000004,HUNGRY,0.18086925148963928,FRIEND LEARN WHY TAKE THANKYOU,FRIEND LEARN WHY TAKE THANKYOU
asllrp_other_ctc:5572210:span00,asllrp_other_ctc,True,2.2355666666666667,2.5692333333333335,TOMORROW,2.6100000000000003,BAD,0.2941129803657532,FRIEND LEARN WHY TAKE THANKYOU,FRIEND LEARN WHY TAKE THANKYOU
asllrp_other_ctc:5572210:span00,asllrp_other_ctc,True,2.2355666666666667,2.5692333333333335,TOMORROW,2.7027,HUNGRY,0.11659062653779984,FRIEND LEARN WHY TAKE THANKYOU,FRIEND LEARN WHY TAKE THANKYOU
asllrp_other_ctc:557229:span00,asllrp_other_ctc,True,0.16683333333333333,0.46713333333333334,FRIEND,0.53,YOU,0.19113092124462128,,WHAT WORK SIGN
asllrp_other_ctc:557229:span00,asllrp_other_ctc,True,0.16683333333333333,0.46713333333333334,FRIEND,0.66,FRIEND,0.8757597804069519,,WHAT WORK SIGN
asllrp_other_ctc:557229:span00,asllrp_other_ctc,True,0.16683333333333333,0.46713333333333334,FRIEND,0.79,WHAT,0.4873273968696594,,WHAT WORK SIGN
asllrp_other_ctc:557229:span00,asllrp_other_ctc,True,0.16683333333333333,0.46713333333333334,FRIEND,0.92,WHAT,0.7595016360282898,WHAT,WHAT WORK SIGN
asllrp_other_ctc:557229:span00,asllrp_other_ctc,True,1.1344666666666667,1.4014,WHERE,0.66,FRIEND,0.8757597804069519,,WHAT WORK SIGN
asllrp_other_ctc:557229:span00,asllrp_other_ctc,True,1.1344666666666667,1.4014,WHERE,0.79,WHAT,0.4873273968696594,,WHAT WORK SIGN
asllrp_other_ctc:557229:span00,asllrp_other_ctc,True,1.1344666666666667,1.4014,WHERE,0.92,WHAT,0.7595016360282898,WHAT,WHAT WORK SIGN
asllrp_other_ctc:557229:span00,asllrp_other_ctc,True,1.1344666666666667,1.4014,WHERE,1.05,WHY,0.42466700077056885,WHAT,WHAT WORK SIGN
asllrp_other_ctc:557229:span00,asllrp_other_ctc,True,1.1344666666666667,1.4014,WHERE,1.1800000000000002,YES,0.3516591489315033,WHAT,WHAT WORK SIGN
asllrp_other_ctc:557229:span00,asllrp_other_ctc,True,1.1344666666666667,1.4014,WHERE,1.31,WORK,0.3387707769870758,WHAT,WHAT WORK SIGN
asllrp_other_ctc:557229:span00,asllrp_other_ctc,True,1.1344666666666667,1.4014,WHERE,1.44,WORK,0.20041203498840332,WHAT WORK,WHAT WORK SIGN
asllrp_other_ctc:557229:span00,asllrp_other_ctc,True,1.1344666666666667,1.4014,WHERE,1.57,WHEN,0.15214230120182037,WHAT WORK,WHAT WORK SIGN
asllrp_other_ctc:557229:span00,asllrp_other_ctc,True,1.1344666666666667,1.4014,WHERE,1.7,SIGN,0.38414016366004944,WHAT WORK,WHAT WORK SIGN
asllrp_other_ctc:557229:span00,asllrp_other_ctc,True,1.1344666666666667,1.4014,WHERE,1.83,SIGN,0.5364658832550049,WHAT WORK SIGN,WHAT WORK SIGN
asllrp_other_ctc:5572311:span00,asllrp_other_ctc,True,1.0343666666666667,1.1678333333333333,HOME,0.53,SLEEP,0.12524224817752838,,SLEEP UNDERSTAND HOT GOODBYE TAKE
asllrp_other_ctc:5572311:span00,asllrp_other_ctc,True,1.0343666666666667,1.1678333333333333,HOME,0.66,SLEEP,0.3214940130710602,SLEEP,SLEEP UNDERSTAND HOT GOODBYE TAKE
asllrp_other_ctc:5572311:span00,asllrp_other_ctc,True,1.0343666666666667,1.1678333333333333,HOME,0.79,THINK,0.14037196338176727,SLEEP,SLEEP UNDERSTAND HOT GOODBYE TAKE
asllrp_other_ctc:5572311:span00,asllrp_other_ctc,True,1.0343666666666667,1.1678333333333333,HOME,0.92,WHY,0.12520426511764526,SLEEP,SLEEP UNDERSTAND HOT GOODBYE TAKE
asllrp_other_ctc:5572311:span00,asllrp_other_ctc,True,1.0343666666666667,1.1678333333333333,HOME,1.05,LESS,0.3135508596897125,SLEEP,SLEEP UNDERSTAND HOT GOODBYE TAKE
asllrp_other_ctc:5572311:span00,asllrp_other_ctc,True,1.0343666666666667,1.1678333333333333,HOME,1.1800000000000002,STOP,0.16053295135498047,SLEEP,SLEEP UNDERSTAND HOT GOODBYE TAKE
asllrp_other_ctc:5572311:span00,asllrp_other_ctc,True,1.0343666666666667,1.1678333333333333,HOME,1.31,GIVE,0.11140827089548111,SLEEP,SLEEP UNDERSTAND HOT GOODBYE TAKE
asllrp_other_ctc:5572311:span00,asllrp_other_ctc,True,1.0343666666666667,1.1678333333333333,HOME,1.44,UNDERSTAND,0.07655927538871765,SLEEP,SLEEP UNDERSTAND HOT GOODBYE TAKE
asllrp_other_ctc:5572311:span00,asllrp_other_ctc,True,1.0343666666666667,1.1678333333333333,HOME,1.57,UNDERSTAND,0.22332778573036194,SLEEP UNDERSTAND,SLEEP UNDERSTAND HOT GOODBYE TAKE
asllrp_other_ctc:5572311:span00,asllrp_other_ctc,True,2.5358666666666667,2.8028,WORK,2.09,WHY,0.1173502653837204,SLEEP UNDERSTAND,SLEEP UNDERSTAND HOT GOODBYE TAKE
asllrp_other_ctc:5572311:span00,asllrp_other_ctc,True,2.5358666666666667,2.8028,WORK,2.2199999999999998,HOT,0.10881545394659042,SLEEP UNDERSTAND,SLEEP UNDERSTAND HOT GOODBYE TAKE
asllrp_other_ctc:5572311:span00,asllrp_other_ctc,True,2.5358666666666667,2.8028,WORK,2.35,HOT,0.2694418728351593,SLEEP UNDERSTAND HOT,SLEEP UNDERSTAND HOT GOODBYE TAKE
asllrp_other_ctc:5572311:span00,asllrp_other_ctc,True,2.5358666666666667,2.8028,WORK,2.4800000000000004,DRINK,0.17134319245815277,SLEEP UNDERSTAND HOT,SLEEP UNDERSTAND HOT GOODBYE TAKE
asllrp_other_ctc:5572311:span00,asllrp_other_ctc,True,2.5358666666666667,2.8028,WORK,2.6100000000000003,GOODBYE,0.5894841551780701,SLEEP UNDERSTAND HOT,SLEEP UNDERSTAND HOT GOODBYE TAKE
asllrp_other_ctc:5572311:span00,asllrp_other_ctc,True,2.5358666666666667,2.8028,WORK,2.74,GOODBYE,0.39975646138191223,SLEEP UNDERSTAND HOT GOODBYE,SLEEP UNDERSTAND HOT GOODBYE TAKE
asllrp_other_ctc:5572311:span00,asllrp_other_ctc,True,2.5358666666666667,2.8028,WORK,2.87,TAKE,0.6139881610870361,SLEEP UNDERSTAND HOT GOODBYE,SLEEP UNDERSTAND HOT GOODBYE TAKE
asllrp_other_ctc:5572311:span00,asllrp_other_ctc,True,2.5358666666666667,2.8028,WORK,2.9029000000000003,TAKE,0.39884117245674133,SLEEP UNDERSTAND HOT GOODBYE TAKE,SLEEP UNDERSTAND HOT GOODBYE TAKE
asllrp_other_ctc:5572514:span00,asllrp_other_ctc,True,1.3013000000000001,1.6016000000000001,FRIEND,0.79,SLEEP,0.6714865565299988,,SLEEP FRIEND USE READY WHY WORK LEARN HUNGRY
asllrp_other_ctc:5572514:span00,asllrp_other_ctc,True,1.3013000000000001,1.6016000000000001,FRIEND,0.92,SLEEP,0.6648225784301758,SLEEP,SLEEP FRIEND USE READY WHY WORK LEARN HUNGRY
asllrp_other_ctc:5572514:span00,asllrp_other_ctc,True,1.3013000000000001,1.6016000000000001,FRIEND,1.05,I,0.07965945452451706,SLEEP,SLEEP FRIEND USE READY WHY WORK LEARN HUNGRY
asllrp_other_ctc:5572514:span00,asllrp_other_ctc,True,1.3013000000000001,1.6016000000000001,FRIEND,1.1800000000000002,NO_EMIT,0.08994369953870773,SLEEP,SLEEP FRIEND USE READY WHY WORK LEARN HUNGRY
asllrp_other_ctc:5572514:span00,asllrp_other_ctc,True,1.3013000000000001,1.6016000000000001,FRIEND,1.31,YEAR,0.5368238687515259,SLEEP,SLEEP FRIEND USE READY WHY WORK LEARN HUNGRY
asllrp_other_ctc:5572514:span00,asllrp_other_ctc,True,1.3013000000000001,1.6016000000000001,FRIEND,1.44,FRIEND,0.3439841568470001,SLEEP,SLEEP FRIEND USE READY WHY WORK LEARN HUNGRY
asllrp_other_ctc:5572514:span00,asllrp_other_ctc,True,1.3013000000000001,1.6016000000000001,FRIEND,1.57,FRIEND,0.881766676902771,SLEEP FRIEND,SLEEP FRIEND USE READY WHY WORK LEARN HUNGRY
asllrp_other_ctc:5572514:span00,asllrp_other_ctc,True,1.3013000000000001,1.6016000000000001,FRIEND,1.7,FRIEND,0.9301499128341675,SLEEP FRIEND,SLEEP FRIEND USE READY WHY WORK LEARN HUNGRY
asllrp_other_ctc:5572514:span00,asllrp_other_ctc,True,1.3013000000000001,1.6016000000000001,FRIEND,1.83,FRIEND,0.8050373792648315,SLEEP FRIEND,SLEEP FRIEND USE READY WHY WORK LEARN HUNGRY
asllrp_other_ctc:5572514:span00,asllrp_other_ctc,True,1.3013000000000001,1.6016000000000001,FRIEND,1.9600000000000002,NAME,0.27281907200813293,SLEEP FRIEND,SLEEP FRIEND USE READY WHY WORK LEARN HUNGRY
asllrp_other_ctc:5572514:span00,asllrp_other_ctc,True,1.3013000000000001,1.6016000000000001,FRIEND,2.09,USE,0.1552981585264206,SLEEP FRIEND,SLEEP FRIEND USE READY WHY WORK LEARN HUNGRY
asllrp_other_ctc:5572615:span00,asllrp_other_ctc,True,2.8695333333333335,3.1698333333333335,FRIEND,2.35,HELP,0.20097750425338745,SLEEP SAME NAME LIKE,SLEEP SAME NAME LIKE LEARN FRIEND
asllrp_other_ctc:5572615:span00,asllrp_other_ctc,True,2.8695333333333335,3.1698333333333335,FRIEND,2.4800000000000004,LEARN,0.24710963666439056,SLEEP SAME NAME LIKE,SLEEP SAME NAME LIKE LEARN FRIEND
asllrp_other_ctc:5572615:span00,asllrp_other_ctc,True,2.8695333333333335,3.1698333333333335,FRIEND,2.6100000000000003,LEARN,0.13696236908435822,SLEEP SAME NAME LIKE LEARN,SLEEP SAME NAME LIKE LEARN FRIEND
asllrp_other_ctc:5572615:span00,asllrp_other_ctc,True,2.8695333333333335,3.1698333333333335,FRIEND,2.74,MORNING,0.6598106026649475,SLEEP SAME NAME LIKE LEARN,SLEEP SAME NAME LIKE LEARN FRIEND
asllrp_other_ctc:5572615:span00,asllrp_other_ctc,True,2.8695333333333335,3.1698333333333335,FRIEND,2.87,COME,0.32579973340034485,SLEEP SAME NAME LIKE LEARN,SLEEP SAME NAME LIKE LEARN FRIEND
asllrp_other_ctc:5572615:span00,asllrp_other_ctc,True,2.8695333333333335,3.1698333333333335,FRIEND,3.0,GOOD,0.5206651091575623,SLEEP SAME NAME LIKE LEARN,SLEEP SAME NAME LIKE LEARN FRIEND
asllrp_other_ctc:5572615:span00,asllrp_other_ctc,True,2.8695333333333335,3.1698333333333335,FRIEND,3.13,FRIEND,0.12101346999406815,SLEEP SAME NAME LIKE LEARN,SLEEP SAME NAME LIKE LEARN FRIEND
asllrp_other_ctc:5572615:span00,asllrp_other_ctc,True,2.8695333333333335,3.1698333333333335,FRIEND,3.26,FRIEND,0.3153417706489563,SLEEP SAME NAME LIKE LEARN FRIEND,SLEEP SAME NAME LIKE LEARN FRIEND
asllrp_other_ctc:5572615:span00,asllrp_other_ctc,True,2.8695333333333335,3.1698333333333335,FRIEND,3.3900000000000006,FRIEND,0.540256142616272,SLEEP SAME NAME LIKE LEARN FRIEND,SLEEP SAME NAME LIKE LEARN FRIEND
asllrp_other_ctc:5572615:span00,asllrp_other_ctc,True,2.8695333333333335,3.1698333333333335,FRIEND,3.5200000000000005,NAME,0.1404908150434494,SLEEP SAME NAME LIKE LEARN FRIEND,SLEEP SAME NAME LIKE LEARN FRIEND
asllrp_other_ctc:5572615:span00,asllrp_other_ctc,True,2.8695333333333335,3.1698333333333335,FRIEND,3.6500000000000004,WATER,0.07371232658624649,SLEEP SAME NAME LIKE LEARN FRIEND,SLEEP SAME NAME LIKE LEARN FRIEND
asllrp_other_ctc:5572615:span00,asllrp_other_ctc,True,3.7370666666666668,3.8371666666666666,NOW,3.26,FRIEND,0.3153417706489563,SLEEP SAME NAME LIKE LEARN FRIEND,SLEEP SAME NAME LIKE LEARN FRIEND
asllrp_other_ctc:5572615:span00,asllrp_other_ctc,True,3.7370666666666668,3.8371666666666666,NOW,3.3900000000000006,FRIEND,0.540256142616272,SLEEP SAME NAME LIKE LEARN FRIEND,SLEEP SAME NAME LIKE LEARN FRIEND
asllrp_other_ctc:5572615:span00,asllrp_other_ctc,True,3.7370666666666668,3.8371666666666666,NOW,3.5200000000000005,NAME,0.1404908150434494,SLEEP SAME NAME LIKE LEARN FRIEND,SLEEP SAME NAME LIKE LEARN FRIEND
asllrp_other_ctc:5572615:span00,asllrp_other_ctc,True,3.7370666666666668,3.8371666666666666,NOW,3.6500000000000004,WATER,0.07371232658624649,SLEEP SAME NAME LIKE LEARN FRIEND,SLEEP SAME NAME LIKE LEARN FRIEND
asllrp_other_ctc:5572615:span00,asllrp_other_ctc,True,3.7370666666666668,3.8371666666666666,NOW,3.7800000000000002,NAME,0.24115531146526337,SLEEP SAME NAME LIKE LEARN FRIEND,SLEEP SAME NAME LIKE LEARN FRIEND
asllrp_other_ctc:5572615:span00,asllrp_other_ctc,True,3.7370666666666668,3.8371666666666666,NOW,3.91,SAD,0.32198384404182434,SLEEP SAME NAME LIKE LEARN FRIEND,SLEEP SAME NAME LIKE LEARN FRIEND
asllrp_other_ctc:5572615:span00,asllrp_other_ctc,True,3.7370666666666668,3.8371666666666666,NOW,4.04,FEEL,0.2355702668428421,SLEEP SAME NAME LIKE LEARN FRIEND,SLEEP SAME NAME LIKE LEARN FRIEND
asllrp_other_ctc:5572615:span00,asllrp_other_ctc,True,3.7370666666666668,3.8371666666666666,NOW,4.17,HELP,0.2004309892654419,SLEEP SAME NAME LIKE LEARN FRIEND,SLEEP SAME NAME LIKE LEARN FRIEND
asllrp_other_ctc:5572615:span00,asllrp_other_ctc,True,3.7370666666666668,3.8371666666666666,NOW,4.3,HUNGRY,0.5352609753608704,SLEEP SAME NAME LIKE LEARN FRIEND,SLEEP SAME NAME LIKE LEARN FRIEND
asllrp_other_ctc:5572716:span00,asllrp_other_ctc,True,0.16683333333333333,0.5005000000000001,FRIEND,0.53,FRIEND,0.473503977060318,,FRIEND YEAR SLEEP EAT FRIEND
asllrp_other_ctc:5572716:span00,asllrp_other_ctc,True,0.16683333333333333,0.5005000000000001,FRIEND,0.66,FRIEND,0.6755632758140564,FRIEND,FRIEND YEAR SLEEP EAT FRIEND
asllrp_other_ctc:5572716:span00,asllrp_other_ctc,True,0.16683333333333333,0.5005000000000001,FRIEND,0.79,FRIEND,0.4479139745235443,FRIEND,FRIEND YEAR SLEEP EAT FRIEND
asllrp_other_ctc:5572716:span00,asllrp_other_ctc,True,0.16683333333333333,0.5005000000000001,FRIEND,0.92,SIGN,0.16209153831005096,FRIEND,FRIEND YEAR SLEEP EAT FRIEND
asllrp_other_ctc:5572717:span00,asllrp_other_ctc,True,0.16683333333333333,0.5672333333333334,FRIEND,0.53,FRIEND,0.417673259973526,,FRIEND I MAKE EAT EAT HE HOME HOME
asllrp_other_ctc:5572717:span00,asllrp_other_ctc,True,0.16683333333333333,0.5672333333333334,FRIEND,0.66,FRIEND,0.1922944039106369,FRIEND,FRIEND I MAKE EAT EAT HE HOME HOME
asllrp_other_ctc:5572717:span00,asllrp_other_ctc,True,0.16683333333333333,0.5672333333333334,FRIEND,0.79,I,0.6110266447067261,FRIEND,FRIEND I MAKE EAT EAT HE HOME HOME
asllrp_other_ctc:5572717:span00,asllrp_other_ctc,True,0.16683333333333333,0.5672333333333334,FRIEND,0.92,I,0.25493133068084717,FRIEND I,FRIEND I MAKE EAT EAT HE HOME HOME
asllrp_other_ctc:5572717:span00,asllrp_other_ctc,True,0.16683333333333333,0.5672333333333334,FRIEND,1.05,TELL,0.533206045627594,FRIEND I,FRIEND I MAKE EAT EAT HE HOME HOME
asllrp_other_ctc:7343510:span00,asllrp_other_ctc,True,0.8008000000000001,1.0010000000000001,FRIEND,0.53,WORK,0.14248405396938324,,WORK FRIEND MORNING BAD
asllrp_other_ctc:7343510:span00,asllrp_other_ctc,True,0.8008000000000001,1.0010000000000001,FRIEND,0.66,WORK,0.31089454889297485,WORK,WORK FRIEND MORNING BAD
asllrp_other_ctc:7343510:span00,asllrp_other_ctc,True,0.8008000000000001,1.0010000000000001,FRIEND,0.79,WOMAN,0.09148184210062027,WORK,WORK FRIEND MORNING BAD
asllrp_other_ctc:7343510:span00,asllrp_other_ctc,True,0.8008000000000001,1.0010000000000001,FRIEND,0.92,LIKE,0.22863143682479858,WORK,WORK FRIEND MORNING BAD
asllrp_other_ctc:7343510:span00,asllrp_other_ctc,True,0.8008000000000001,1.0010000000000001,FRIEND,1.05,FRIEND,0.7380872368812561,WORK,WORK FRIEND MORNING BAD
asllrp_other_ctc:7343510:span00,asllrp_other_ctc,True,0.8008000000000001,1.0010000000000001,FRIEND,1.1800000000000002,FRIEND,0.6771367192268372,WORK FRIEND,WORK FRIEND MORNING BAD
asllrp_other_ctc:7343510:span00,asllrp_other_ctc,True,0.8008000000000001,1.0010000000000001,FRIEND,1.31,FRIEND,0.7480154633522034,WORK FRIEND,WORK FRIEND MORNING BAD
asllrp_other_ctc:7343510:span00,asllrp_other_ctc,True,0.8008000000000001,1.0010000000000001,FRIEND,1.44,SMALL,0.07258035242557526,WORK FRIEND,WORK FRIEND MORNING BAD
asllrp_other_ctc:7343611:span00,asllrp_other_ctc,True,0.8008000000000001,1.0343666666666667,FRIEND,0.53,ASK,0.3061668872833252,,FRIEND LEARN SAME TIRED SAME WORK
asllrp_other_ctc:7343611:span00,asllrp_other_ctc,True,0.8008000000000001,1.0343666666666667,FRIEND,0.66,TAKE,0.10270775109529495,,FRIEND LEARN SAME TIRED SAME WORK
asllrp_other_ctc:7343611:span00,asllrp_other_ctc,True,0.8008000000000001,1.0343666666666667,FRIEND,0.79,WOMAN,0.1454685628414154,,FRIEND LEARN SAME TIRED SAME WORK
asllrp_other_ctc:7343611:span00,asllrp_other_ctc,True,0.8008000000000001,1.0343666666666667,FRIEND,0.92,USE,0.07013709098100662,,FRIEND LEARN SAME TIRED SAME WORK
asllrp_other_ctc:7343611:span00,asllrp_other_ctc,True,0.8008000000000001,1.0343666666666667,FRIEND,1.05,FRIEND,0.38768166303634644,,FRIEND LEARN SAME TIRED SAME WORK
asllrp_other_ctc:7343611:span00,asllrp_other_ctc,True,0.8008000000000001,1.0343666666666667,FRIEND,1.1800000000000002,FRIEND,0.5812404751777649,FRIEND,FRIEND LEARN SAME TIRED SAME WORK
asllrp_other_ctc:7343611:span00,asllrp_other_ctc,True,0.8008000000000001,1.0343666666666667,FRIEND,1.31,FRIEND,0.40625694394111633,FRIEND,FRIEND LEARN SAME TIRED SAME WORK
asllrp_other_ctc:7343611:span00,asllrp_other_ctc,True,0.8008000000000001,1.0343666666666667,FRIEND,1.44,EXCITED,0.10700461268424988,FRIEND,FRIEND LEARN SAME TIRED SAME WORK
asllrp_other_ctc:7343611:span00,asllrp_other_ctc,True,3.2365666666666666,3.4034,HOME,2.74,TIRED,0.4026337265968323,FRIEND LEARN SAME TIRED,FRIEND LEARN SAME TIRED SAME WORK
asllrp_other_ctc:7343611:span00,asllrp_other_ctc,True,3.2365666666666666,3.4034,HOME,2.87,TOMORROW,0.05686354264616966,FRIEND LEARN SAME TIRED,FRIEND LEARN SAME TIRED SAME WORK
asllrp_other_ctc:7343611:span00,asllrp_other_ctc,True,3.2365666666666666,3.4034,HOME,3.0,THANKYOU,0.5423724055290222,FRIEND LEARN SAME TIRED,FRIEND LEARN SAME TIRED SAME WORK
asllrp_other_ctc:7343611:span00,asllrp_other_ctc,True,3.2365666666666666,3.4034,HOME,3.13,BAD,0.18322348594665527,FRIEND LEARN SAME TIRED,FRIEND LEARN SAME TIRED SAME WORK
asllrp_other_ctc:7343611:span00,asllrp_other_ctc,True,3.2365666666666666,3.4034,HOME,3.26,TIRED,0.3191646337509155,FRIEND LEARN SAME TIRED,FRIEND LEARN SAME TIRED SAME WORK
asllrp_other_ctc:7343611:span00,asllrp_other_ctc,True,3.2365666666666666,3.4034,HOME,3.3900000000000006,GOODBYE,0.09429280459880829,FRIEND LEARN SAME TIRED,FRIEND LEARN SAME TIRED SAME WORK
asllrp_other_ctc:7343611:span00,asllrp_other_ctc,True,3.2365666666666666,3.4034,HOME,3.5200000000000005,MORNING,0.1331668496131897,FRIEND LEARN SAME TIRED,FRIEND LEARN SAME TIRED SAME WORK
asllrp_other_ctc:7343611:span00,asllrp_other_ctc,True,3.2365666666666666,3.4034,HOME,3.6500000000000004,WHY,0.3098413348197937,FRIEND LEARN SAME TIRED,FRIEND LEARN SAME TIRED SAME WORK
asllrp_other_ctc:7343611:span00,asllrp_other_ctc,True,3.2365666666666666,3.4034,HOME,3.7800000000000002,HOT,0.13878996670246124,FRIEND LEARN SAME TIRED,FRIEND LEARN SAME TIRED SAME WORK
asllrp_other_ctc:7343611:span00,asllrp_other_ctc,True,3.2365666666666666,3.4034,HOME,3.91,SAME,0.18164163827896118,FRIEND LEARN SAME TIRED,FRIEND LEARN SAME TIRED SAME WORK
asllrp_other_ctc:7343612:span00,asllrp_other_ctc,True,0.7340666666666666,1.0343666666666667,FRIEND,0.53,SLEEP,0.35283559560775757,,SLEEP FRIEND SIGN TIRED BAD
asllrp_other_ctc:7343612:span00,asllrp_other_ctc,True,0.7340666666666666,1.0343666666666667,FRIEND,0.66,SLEEP,0.6283111572265625,SLEEP,SLEEP FRIEND SIGN TIRED BAD
asllrp_other_ctc:7343612:span00,asllrp_other_ctc,True,0.7340666666666666,1.0343666666666667,FRIEND,0.79,TOMORROW,0.1773698329925537,SLEEP,SLEEP FRIEND SIGN TIRED BAD
asllrp_other_ctc:7343612:span00,asllrp_other_ctc,True,0.7340666666666666,1.0343666666666667,FRIEND,0.92,TELL,0.10159105062484741,SLEEP,SLEEP FRIEND SIGN TIRED BAD
asllrp_other_ctc:7343612:span00,asllrp_other_ctc,True,0.7340666666666666,1.0343666666666667,FRIEND,1.05,FRIEND,0.6034261584281921,SLEEP,SLEEP FRIEND SIGN TIRED BAD
asllrp_other_ctc:7343612:span00,asllrp_other_ctc,True,0.7340666666666666,1.0343666666666667,FRIEND,1.1800000000000002,FRIEND,0.4534359276294708,SLEEP FRIEND,SLEEP FRIEND SIGN TIRED BAD
asllrp_other_ctc:7343612:span00,asllrp_other_ctc,True,0.7340666666666666,1.0343666666666667,FRIEND,1.31,SIGN,0.33075419068336487,SLEEP FRIEND,SLEEP FRIEND SIGN TIRED BAD
asllrp_other_ctc:7343612:span00,asllrp_other_ctc,True,0.7340666666666666,1.0343666666666667,FRIEND,1.44,SIGN,0.17184823751449585,SLEEP FRIEND SIGN,SLEEP FRIEND SIGN TIRED BAD
asllrp_other_ctc:7343713:span00,asllrp_other_ctc,True,1.7684333333333333,1.9019,HOME,1.31,LISTEN,0.25686946511268616,YESTERDAY,YESTERDAY STOP LEARN WORK MORNING SLEEP WORK YEAR
asllrp_other_ctc:7343713:span00,asllrp_other_ctc,True,1.7684333333333333,1.9019,HOME,1.44,THINK,0.3749591112136841,YESTERDAY,YESTERDAY STOP LEARN WORK MORNING SLEEP WORK YEAR
asllrp_other_ctc:7343713:span00,asllrp_other_ctc,True,1.7684333333333333,1.9019,HOME,1.57,SICK,0.15963433682918549,YESTERDAY,YESTERDAY STOP LEARN WORK MORNING SLEEP WORK YEAR
asllrp_other_ctc:7343713:span00,asllrp_other_ctc,True,1.7684333333333333,1.9019,HOME,1.7,STOP,0.5086213946342468,YESTERDAY,YESTERDAY STOP LEARN WORK MORNING SLEEP WORK YEAR
asllrp_other_ctc:7343713:span00,asllrp_other_ctc,True,1.7684333333333333,1.9019,HOME,1.83,STOP,0.6272009611129761,YESTERDAY STOP,YESTERDAY STOP LEARN WORK MORNING SLEEP WORK YEAR
asllrp_other_ctc:7343713:span00,asllrp_other_ctc,True,1.7684333333333333,1.9019,HOME,1.9600000000000002,LEARN,0.11920227110385895,YESTERDAY STOP,YESTERDAY STOP LEARN WORK MORNING SLEEP WORK YEAR
asllrp_other_ctc:7343713:span00,asllrp_other_ctc,True,1.7684333333333333,1.9019,HOME,2.09,LEARN,0.5833711624145508,YESTERDAY STOP LEARN,YESTERDAY STOP LEARN WORK MORNING SLEEP WORK YEAR
asllrp_other_ctc:7343713:span00,asllrp_other_ctc,True,1.7684333333333333,1.9019,HOME,2.2199999999999998,EAT,0.0863717794418335,YESTERDAY STOP LEARN,YESTERDAY STOP LEARN WORK MORNING SLEEP WORK YEAR
asllrp_other_ctc:7343713:span00,asllrp_other_ctc,True,1.7684333333333333,1.9019,HOME,2.35,TAKE,0.19267858564853668,YESTERDAY STOP LEARN,YESTERDAY STOP LEARN WORK MORNING SLEEP WORK YEAR
asllrp_other_ctc:7343713:span00,asllrp_other_ctc,True,3.9706333333333332,4.337666666666666,HOME,3.5200000000000005,SLEEP,0.7244120836257935,YESTERDAY STOP LEARN WORK MORNING SLEEP,YESTERDAY STOP LEARN WORK MORNING SLEEP WORK YEAR
asllrp_other_ctc:7343713:span00,asllrp_other_ctc,True,3.9706333333333332,4.337666666666666,HOME,3.6500000000000004,YOU,0.1495947539806366,YESTERDAY STOP LEARN WORK MORNING SLEEP,YESTERDAY STOP LEARN WORK MORNING SLEEP WORK YEAR
asllrp_other_ctc:7343713:span00,asllrp_other_ctc,True,3.9706333333333332,4.337666666666666,HOME,3.7800000000000002,WORK,0.41139519214630127,YESTERDAY STOP LEARN WORK MORNING SLEEP,YESTERDAY STOP LEARN WORK MORNING SLEEP WORK YEAR
asllrp_other_ctc:7343713:span00,asllrp_other_ctc,True,3.9706333333333332,4.337666666666666,HOME,3.91,WORK,0.4036162197589874,YESTERDAY STOP LEARN WORK MORNING SLEEP WORK,YESTERDAY STOP LEARN WORK MORNING SLEEP WORK YEAR
asllrp_other_ctc:7343713:span00,asllrp_other_ctc,True,3.9706333333333332,4.337666666666666,HOME,4.04,YEAR,0.6049453616142273,YESTERDAY STOP LEARN WORK MORNING SLEEP WORK,YESTERDAY STOP LEARN WORK MORNING SLEEP WORK YEAR
asllrp_other_ctc:7343713:span00,asllrp_other_ctc,True,3.9706333333333332,4.337666666666666,HOME,4.17,YEAR,0.11579032242298126,YESTERDAY STOP LEARN WORK MORNING SLEEP WORK YEAR,YESTERDAY STOP LEARN WORK MORNING SLEEP WORK YEAR
asllrp_other_ctc:7343713:span00,asllrp_other_ctc,True,3.9706333333333332,4.337666666666666,HOME,4.3,LEARN,0.24697725474834442,YESTERDAY STOP LEARN WORK MORNING SLEEP WORK YEAR,YESTERDAY STOP LEARN WORK MORNING SLEEP WORK YEAR
asllrp_other_ctc:7343713:span00,asllrp_other_ctc,True,3.9706333333333332,4.337666666666666,HOME,4.430000000000001,HOME,0.40473756194114685,YESTERDAY STOP LEARN WORK MORNING SLEEP WORK YEAR,YESTERDAY STOP LEARN WORK MORNING SLEEP WORK YEAR
asllrp_other_ctc:7343713:span00,asllrp_other_ctc,True,3.9706333333333332,4.337666666666666,HOME,4.471133333333333,EAT,0.20608805119991302,YESTERDAY STOP LEARN WORK MORNING SLEEP WORK YEAR,YESTERDAY STOP LEARN WORK MORNING SLEEP WORK YEAR
asllrp_other_ctc:7343814:span00,asllrp_other_ctc,True,1.7017,1.8351666666666666,HOME,1.1800000000000002,SLEEP,0.558370053768158,YESTERDAY,YESTERDAY SLEEP STOP WORK YES SORRY YEAR SLEEP
asllrp_other_ctc:7343814:span00,asllrp_other_ctc,True,1.7017,1.8351666666666666,HOME,1.31,SLEEP,0.1388498842716217,YESTERDAY SLEEP,YESTERDAY SLEEP STOP WORK YES SORRY YEAR SLEEP
asllrp_other_ctc:7343814:span00,asllrp_other_ctc,True,1.7017,1.8351666666666666,HOME,1.44,HOME,0.2083190530538559,YESTERDAY SLEEP,YESTERDAY SLEEP STOP WORK YES SORRY YEAR SLEEP
asllrp_other_ctc:7343814:span00,asllrp_other_ctc,True,1.7017,1.8351666666666666,HOME,1.57,TOMORROW,0.6078126430511475,YESTERDAY SLEEP,YESTERDAY SLEEP STOP WORK YES SORRY YEAR SLEEP
asllrp_other_ctc:7343814:span00,asllrp_other_ctc,True,1.7017,1.8351666666666666,HOME,1.7,STOP,0.4347240924835205,YESTERDAY SLEEP,YESTERDAY SLEEP STOP WORK YES SORRY YEAR SLEEP
asllrp_other_ctc:7343814:span00,asllrp_other_ctc,True,1.7017,1.8351666666666666,HOME,1.83,STOP,0.6470444202423096,YESTERDAY SLEEP STOP,YESTERDAY SLEEP STOP WORK YES SORRY YEAR SLEEP
asllrp_other_ctc:7343814:span00,asllrp_other_ctc,True,1.7017,1.8351666666666666,HOME,1.9600000000000002,HELP,0.19404365122318268,YESTERDAY SLEEP STOP,YESTERDAY SLEEP STOP WORK YES SORRY YEAR SLEEP
asllrp_other_ctc:7343814:span00,asllrp_other_ctc,True,1.7017,1.8351666666666666,HOME,2.09,LEARN,0.1782960295677185,YESTERDAY SLEEP STOP,YESTERDAY SLEEP STOP WORK YES SORRY YEAR SLEEP
asllrp_other_ctc:7343814:span00,asllrp_other_ctc,True,1.7017,1.8351666666666666,HOME,2.2199999999999998,NO_EMIT,0.07911702245473862,YESTERDAY SLEEP STOP,YESTERDAY SLEEP STOP WORK YES SORRY YEAR SLEEP
asllrp_other_ctc:7343814:span00,asllrp_other_ctc,True,1.7017,1.8351666666666666,HOME,2.35,WORK,0.19801029562950134,YESTERDAY SLEEP STOP,YESTERDAY SLEEP STOP WORK YES SORRY YEAR SLEEP
asllrp_other_ctc:7343915:span00,asllrp_other_ctc,True,1.1011,1.3680333333333334,BAD,0.66,HUNGRY,0.4068601727485657,,HUNGRY HOT WORK STOP LEARN WORK
asllrp_other_ctc:7343915:span00,asllrp_other_ctc,True,1.1011,1.3680333333333334,BAD,0.79,I,0.39604026079177856,,HUNGRY HOT WORK STOP LEARN WORK
asllrp_other_ctc:7343915:span00,asllrp_other_ctc,True,1.1011,1.3680333333333334,BAD,0.92,HUNGRY,0.1358846127986908,,HUNGRY HOT WORK STOP LEARN WORK
asllrp_other_ctc:7343915:span00,asllrp_other_ctc,True,1.1011,1.3680333333333334,BAD,1.05,HUNGRY,0.3562583327293396,HUNGRY,HUNGRY HOT WORK STOP LEARN WORK
asllrp_other_ctc:7343915:span00,asllrp_other_ctc,True,1.1011,1.3680333333333334,BAD,1.1800000000000002,EAT,0.12334635853767395,HUNGRY,HUNGRY HOT WORK STOP LEARN WORK
asllrp_other_ctc:7343915:span00,asllrp_other_ctc,True,1.1011,1.3680333333333334,BAD,1.31,MORNING,0.372366338968277,HUNGRY,HUNGRY HOT WORK STOP LEARN WORK
asllrp_other_ctc:7343915:span00,asllrp_other_ctc,True,1.1011,1.3680333333333334,BAD,1.44,HOT,0.5180016160011292,HUNGRY,HUNGRY HOT WORK STOP LEARN WORK
asllrp_other_ctc:7343915:span00,asllrp_other_ctc,True,1.1011,1.3680333333333334,BAD,1.57,HOT,0.31486839056015015,HUNGRY HOT,HUNGRY HOT WORK STOP LEARN WORK
asllrp_other_ctc:7343915:span00,asllrp_other_ctc,True,1.1011,1.3680333333333334,BAD,1.7,SAME,0.22488747537136078,HUNGRY HOT,HUNGRY HOT WORK STOP LEARN WORK
asllrp_other_ctc:7343915:span00,asllrp_other_ctc,True,1.1011,1.3680333333333334,BAD,1.83,WORK,0.15036968886852264,HUNGRY HOT,HUNGRY HOT WORK STOP LEARN WORK
asllrp_other_ctc:7343915:span00,asllrp_other_ctc,True,3.2365666666666666,3.4367666666666667,HOME,2.74,HOME,0.10698807239532471,HUNGRY HOT WORK,HUNGRY HOT WORK STOP LEARN WORK
asllrp_other_ctc:7343915:span00,asllrp_other_ctc,True,3.2365666666666666,3.4367666666666667,HOME,2.87,HOSPITAL,0.1462494134902954,HUNGRY HOT WORK,HUNGRY HOT WORK STOP LEARN WORK
asllrp_other_ctc:7343915:span00,asllrp_other_ctc,True,3.2365666666666666,3.4367666666666667,HOME,3.0,WHY,0.43433675169944763,HUNGRY HOT WORK,HUNGRY HOT WORK STOP LEARN WORK
asllrp_other_ctc:7343915:span00,asllrp_other_ctc,True,3.2365666666666666,3.4367666666666667,HOME,3.13,STOP,0.180034339427948,HUNGRY HOT WORK,HUNGRY HOT WORK STOP LEARN WORK
asllrp_other_ctc:7343915:span00,asllrp_other_ctc,True,3.2365666666666666,3.4367666666666667,HOME,3.26,STOP,0.8019261360168457,HUNGRY HOT WORK STOP,HUNGRY HOT WORK STOP LEARN WORK
asllrp_other_ctc:7343915:span00,asllrp_other_ctc,True,3.2365666666666666,3.4367666666666667,HOME,3.3900000000000006,STOP,0.30886346101760864,HUNGRY HOT WORK STOP,HUNGRY HOT WORK STOP LEARN WORK
asllrp_other_ctc:7343915:span00,asllrp_other_ctc,True,3.2365666666666666,3.4367666666666667,HOME,3.5200000000000005,LEARN,0.36093106865882874,HUNGRY HOT WORK STOP,HUNGRY HOT WORK STOP LEARN WORK
asllrp_other_ctc:7343915:span00,asllrp_other_ctc,True,3.2365666666666666,3.4367666666666667,HOME,3.6500000000000004,LEARN,0.1020238995552063,HUNGRY HOT WORK STOP LEARN,HUNGRY HOT WORK STOP LEARN WORK
asllrp_other_ctc:7343915:span00,asllrp_other_ctc,True,3.2365666666666666,3.4367666666666667,HOME,3.7800000000000002,EAT,0.1466938853263855,HUNGRY HOT WORK STOP LEARN,HUNGRY HOT WORK STOP LEARN WORK
asllrp_other_ctc:7343915:span00,asllrp_other_ctc,True,3.2365666666666666,3.4367666666666667,HOME,3.91,NO_EMIT,0.06913186609745026,HUNGRY HOT WORK STOP LEARN,HUNGRY HOT WORK STOP LEARN WORK
asllrp_other_ctc:7344016:span00,asllrp_other_ctc,True,1.1678333333333333,1.3013000000000001,HOME,0.66,HOSPITAL,0.0901729092001915,HOSPITAL,HOSPITAL WHY WORK I LEARN HOT SAME
asllrp_other_ctc:7344016:span00,asllrp_other_ctc,True,1.1678333333333333,1.3013000000000001,HOME,0.79,HOME,0.2737724781036377,HOSPITAL,HOSPITAL WHY WORK I LEARN HOT SAME
asllrp_other_ctc:7344016:span00,asllrp_other_ctc,True,1.1678333333333333,1.3013000000000001,HOME,0.92,WHY,0.5983443856239319,HOSPITAL,HOSPITAL WHY WORK I LEARN HOT SAME
asllrp_other_ctc:7344016:span00,asllrp_other_ctc,True,1.1678333333333333,1.3013000000000001,HOME,1.05,WHY,0.3000589609146118,HOSPITAL WHY,HOSPITAL WHY WORK I LEARN HOT SAME
asllrp_other_ctc:7344016:span00,asllrp_other_ctc,True,1.1678333333333333,1.3013000000000001,HOME,1.1800000000000002,LESS,0.21536315977573395,HOSPITAL WHY,HOSPITAL WHY WORK I LEARN HOT SAME
asllrp_other_ctc:7344016:span00,asllrp_other_ctc,True,1.1678333333333333,1.3013000000000001,HOME,1.31,STOP,0.7751883268356323,HOSPITAL WHY,HOSPITAL WHY WORK I LEARN HOT SAME
asllrp_other_ctc:7344016:span00,asllrp_other_ctc,True,1.1678333333333333,1.3013000000000001,HOME,1.44,DRINK,0.09898122400045395,HOSPITAL WHY,HOSPITAL WHY WORK I LEARN HOT SAME
asllrp_other_ctc:7344016:span00,asllrp_other_ctc,True,1.1678333333333333,1.3013000000000001,HOME,1.57,HOT,0.18275557458400726,HOSPITAL WHY,HOSPITAL WHY WORK I LEARN HOT SAME
asllrp_other_ctc:7344016:span00,asllrp_other_ctc,True,1.1678333333333333,1.3013000000000001,HOME,1.7,SLEEP,0.15838481485843658,HOSPITAL WHY,HOSPITAL WHY WORK I LEARN HOT SAME
asllrp_other_ctc:7344016:span00,asllrp_other_ctc,True,1.1678333333333333,1.3013000000000001,HOME,1.83,NO,0.20713980495929718,HOSPITAL WHY,HOSPITAL WHY WORK I LEARN HOT SAME
asllrp_other_ctc:7344016:span00,asllrp_other_ctc,True,2.736066666666667,2.8028,EAT,2.2199999999999998,WORK,0.12212517112493515,HOSPITAL WHY WORK,HOSPITAL WHY WORK I LEARN HOT SAME
asllrp_other_ctc:7344016:span00,asllrp_other_ctc,True,2.736066666666667,2.8028,EAT,2.35,I,0.2949778139591217,HOSPITAL WHY WORK,HOSPITAL WHY WORK I LEARN HOT SAME
asllrp_other_ctc:7344016:span00,asllrp_other_ctc,True,2.736066666666667,2.8028,EAT,2.4800000000000004,I,0.14572298526763916,HOSPITAL WHY WORK I,HOSPITAL WHY WORK I LEARN HOT SAME
asllrp_other_ctc:7344016:span00,asllrp_other_ctc,True,2.736066666666667,2.8028,EAT,2.6100000000000003,LIKE,0.13791531324386597,HOSPITAL WHY WORK I,HOSPITAL WHY WORK I LEARN HOT SAME
asllrp_other_ctc:7344016:span00,asllrp_other_ctc,True,2.736066666666667,2.8028,EAT,2.74,SAME,0.2204640507698059,HOSPITAL WHY WORK I,HOSPITAL WHY WORK I LEARN HOT SAME
asllrp_other_ctc:7344016:span00,asllrp_other_ctc,True,2.736066666666667,2.8028,EAT,2.87,LEARN,0.2579782009124756,HOSPITAL WHY WORK I,HOSPITAL WHY WORK I LEARN HOT SAME
asllrp_other_ctc:7344016:span00,asllrp_other_ctc,True,2.736066666666667,2.8028,EAT,3.0,LEARN,0.19477444887161255,HOSPITAL WHY WORK I LEARN,HOSPITAL WHY WORK I LEARN HOT SAME
asllrp_other_ctc:7344016:span00,asllrp_other_ctc,True,2.736066666666667,2.8028,EAT,3.13,HOT,0.40321245789527893,HOSPITAL WHY WORK I LEARN,HOSPITAL WHY WORK I LEARN HOT SAME
asllrp_other_ctc:7344016:span00,asllrp_other_ctc,True,2.736066666666667,2.8028,EAT,3.26,HOT,0.22052469849586487,HOSPITAL WHY WORK I LEARN HOT,HOSPITAL WHY WORK I LEARN HOT SAME
asllrp_other_ctc:7344017:span00,asllrp_other_ctc,True,1.2345666666666666,1.3680333333333334,HOME,0.79,HOME,0.0725184977054596,WORK,WORK STOP HOME WORK WHO MAKE LEARN WANT LESS
asllrp_other_ctc:7344017:span00,asllrp_other_ctc,True,1.2345666666666666,1.3680333333333334,HOME,0.92,HOSPITAL,0.3756425976753235,WORK,WORK STOP HOME WORK WHO MAKE LEARN WANT LESS
asllrp_other_ctc:7344017:span00,asllrp_other_ctc,True,1.2345666666666666,1.3680333333333334,HOME,1.05,SICK,0.21244396269321442,WORK,WORK STOP HOME WORK WHO MAKE LEARN WANT LESS
asllrp_other_ctc:7344017:span00,asllrp_other_ctc,True,1.2345666666666666,1.3680333333333334,HOME,1.1800000000000002,STOP,0.8728777170181274,WORK,WORK STOP HOME WORK WHO MAKE LEARN WANT LESS
asllrp_other_ctc:7344017:span00,asllrp_other_ctc,True,1.2345666666666666,1.3680333333333334,HOME,1.31,STOP,0.9311586618423462,WORK STOP,WORK STOP HOME WORK WHO MAKE LEARN WANT LESS
asllrp_other_ctc:7344017:span00,asllrp_other_ctc,True,1.2345666666666666,1.3680333333333334,HOME,1.44,HOME,0.1077439934015274,WORK STOP,WORK STOP HOME WORK WHO MAKE LEARN WANT LESS
asllrp_other_ctc:7344017:span00,asllrp_other_ctc,True,1.2345666666666666,1.3680333333333334,HOME,1.57,HOME,0.3330097198486328,WORK STOP HOME,WORK STOP HOME WORK WHO MAKE LEARN WANT LESS
asllrp_other_ctc:7344017:span00,asllrp_other_ctc,True,1.2345666666666666,1.3680333333333334,HOME,1.7,HOME,0.21627597510814667,WORK STOP HOME,WORK STOP HOME WORK WHO MAKE LEARN WANT LESS
asllrp_other_ctc:7344017:span00,asllrp_other_ctc,True,1.2345666666666666,1.3680333333333334,HOME,1.83,YOU,0.05683295801281929,WORK STOP HOME,WORK STOP HOME WORK WHO MAKE LEARN WANT LESS
asllrp_other_ctc:7344017:span00,asllrp_other_ctc,True,4.637966666666666,4.7047,SEE,4.17,SICK,0.3996826708316803,WORK STOP HOME WORK WHO MAKE LEARN,WORK STOP HOME WORK WHO MAKE LEARN WANT LESS
asllrp_other_ctc:7344017:span00,asllrp_other_ctc,True,4.637966666666666,4.7047,SEE,4.3,HOT,0.20073376595973969,WORK STOP HOME WORK WHO MAKE LEARN,WORK STOP HOME WORK WHO MAKE LEARN WANT LESS
asllrp_other_ctc:7344017:span00,asllrp_other_ctc,True,4.637966666666666,4.7047,SEE,4.430000000000001,LANGUAGE,0.0579531155526638,WORK STOP HOME WORK WHO MAKE LEARN,WORK STOP HOME WORK WHO MAKE LEARN WANT LESS
asllrp_other_ctc:7344017:span00,asllrp_other_ctc,True,4.637966666666666,4.7047,SEE,4.5600000000000005,IMPORTANT,0.2973708510398865,WORK STOP HOME WORK WHO MAKE LEARN,WORK STOP HOME WORK WHO MAKE LEARN WANT LESS
asllrp_other_ctc:7344017:span00,asllrp_other_ctc,True,4.637966666666666,4.7047,SEE,4.69,WANT,0.5159144997596741,WORK STOP HOME WORK WHO MAKE LEARN,WORK STOP HOME WORK WHO MAKE LEARN WANT LESS
asllrp_other_ctc:7344017:span00,asllrp_other_ctc,True,4.637966666666666,4.7047,SEE,4.82,WANT,0.5064415335655212,WORK STOP HOME WORK WHO MAKE LEARN WANT,WORK STOP HOME WORK WHO MAKE LEARN WANT LESS
asllrp_other_ctc:7344017:span00,asllrp_other_ctc,True,4.637966666666666,4.7047,SEE,4.95,READ,0.08631361275911331,WORK STOP HOME WORK WHO MAKE LEARN WANT,WORK STOP HOME WORK WHO MAKE LEARN WANT LESS
asllrp_other_ctc:7344017:span00,asllrp_other_ctc,True,4.637966666666666,4.7047,SEE,5.08,LEARN,0.14313557744026184,WORK STOP HOME WORK WHO MAKE LEARN WANT,WORK STOP HOME WORK WHO MAKE LEARN WANT LESS
asllrp_other_ctc:7344017:span00,asllrp_other_ctc,True,4.637966666666666,4.7047,SEE,5.21,HOSPITAL,0.25382789969444275,WORK STOP HOME WORK WHO MAKE LEARN WANT,WORK STOP HOME WORK WHO MAKE LEARN WANT LESS
asllrp_other_ctc:7344118:span00,asllrp_other_ctc,True,1.3013000000000001,1.5015,HOME,0.79,WHY,0.15711461007595062,,WHY HOME WORK YEAR YOU WHO
asllrp_other_ctc:7344118:span00,asllrp_other_ctc,True,1.3013000000000001,1.5015,HOME,0.92,WHY,0.22366195917129517,WHY,WHY HOME WORK YEAR YOU WHO
asllrp_other_ctc:7344118:span00,asllrp_other_ctc,True,1.3013000000000001,1.5015,HOME,1.05,SLEEP,0.13496416807174683,WHY,WHY HOME WORK YEAR YOU WHO
asllrp_other_ctc:7344118:span00,asllrp_other_ctc,True,1.3013000000000001,1.5015,HOME,1.1800000000000002,LESS,0.29876038432121277,WHY,WHY HOME WORK YEAR YOU WHO
asllrp_other_ctc:7344118:span00,asllrp_other_ctc,True,1.3013000000000001,1.5015,HOME,1.31,STOP,0.283241868019104,WHY,WHY HOME WORK YEAR YOU WHO
asllrp_other_ctc:7344118:span00,asllrp_other_ctc,True,1.3013000000000001,1.5015,HOME,1.44,HOME,0.18199007213115692,WHY,WHY HOME WORK YEAR YOU WHO
asllrp_other_ctc:7344118:span00,asllrp_other_ctc,True,1.3013000000000001,1.5015,HOME,1.57,HOME,0.2521842122077942,WHY HOME,WHY HOME WORK YEAR YOU WHO
asllrp_other_ctc:7344118:span00,asllrp_other_ctc,True,1.3013000000000001,1.5015,HOME,1.7,HOME,0.13614000380039215,WHY HOME,WHY HOME WORK YEAR YOU WHO
asllrp_other_ctc:7344118:span00,asllrp_other_ctc,True,1.3013000000000001,1.5015,HOME,1.83,EAT,0.2109593152999878,WHY HOME,WHY HOME WORK YEAR YOU WHO
asllrp_other_ctc:7344118:span00,asllrp_other_ctc,True,1.3013000000000001,1.5015,HOME,1.9600000000000002,HOME,0.20761017501354218,WHY HOME,WHY HOME WORK YEAR YOU WHO
asllrp_other_ctc:7344219:span00,asllrp_other_ctc,True,1.4681333333333333,1.6349666666666667,HOME,1.05,WHY,0.7343341112136841,WORK HOME,WORK HOME WHY WORK YEAR SIGN HELP YEAR WORK
asllrp_other_ctc:7344219:span00,asllrp_other_ctc,True,1.4681333333333333,1.6349666666666667,HOME,1.1800000000000002,WHY,0.713582456111908,WORK HOME WHY,WORK HOME WHY WORK YEAR SIGN HELP YEAR WORK
asllrp_other_ctc:7344219:span00,asllrp_other_ctc,True,1.4681333333333333,1.6349666666666667,HOME,1.31,WHY,0.23124100267887115,WORK HOME WHY,WORK HOME WHY WORK YEAR SIGN HELP YEAR WORK
asllrp_other_ctc:7344219:span00,asllrp_other_ctc,True,1.4681333333333333,1.6349666666666667,HOME,1.44,LESS,0.5394650101661682,WORK HOME WHY,WORK HOME WHY WORK YEAR SIGN HELP YEAR WORK
asllrp_other_ctc:7344219:span00,asllrp_other_ctc,True,1.4681333333333333,1.6349666666666667,HOME,1.57,SAME,0.07850224524736404,WORK HOME WHY,WORK HOME WHY WORK YEAR SIGN HELP YEAR WORK
asllrp_other_ctc:7344219:span00,asllrp_other_ctc,True,1.4681333333333333,1.6349666666666667,HOME,1.7,LEARN,0.18274949491024017,WORK HOME WHY,WORK HOME WHY WORK YEAR SIGN HELP YEAR WORK
asllrp_other_ctc:7344219:span00,asllrp_other_ctc,True,1.4681333333333333,1.6349666666666667,HOME,1.83,HOME,0.22902747988700867,WORK HOME WHY,WORK HOME WHY WORK YEAR SIGN HELP YEAR WORK
asllrp_other_ctc:7344219:span00,asllrp_other_ctc,True,1.4681333333333333,1.6349666666666667,HOME,1.9600000000000002,EAT,0.15983040630817413,WORK HOME WHY,WORK HOME WHY WORK YEAR SIGN HELP YEAR WORK
asllrp_other_ctc:7344219:span00,asllrp_other_ctc,True,1.4681333333333333,1.6349666666666667,HOME,2.09,SLEEP,0.1639806628227234,WORK HOME WHY,WORK HOME WHY WORK YEAR SIGN HELP YEAR WORK
asllrp_other_ctc:7344320:span00,asllrp_other_ctc,True,3.4367666666666667,3.6703333333333332,TIRED,3.0,HE,0.11245694756507874,NOW SLEEP,NOW SLEEP HOSPITAL TIRED THINK SCHOOL
asllrp_other_ctc:7344320:span00,asllrp_other_ctc,True,3.4367666666666667,3.6703333333333332,TIRED,3.13,HOSPITAL,0.186250239610672,NOW SLEEP,NOW SLEEP HOSPITAL TIRED THINK SCHOOL
asllrp_other_ctc:7344320:span00,asllrp_other_ctc,True,3.4367666666666667,3.6703333333333332,TIRED,3.26,HOSPITAL,0.7568182945251465,NOW SLEEP HOSPITAL,NOW SLEEP HOSPITAL TIRED THINK SCHOOL
asllrp_other_ctc:7344320:span00,asllrp_other_ctc,True,3.4367666666666667,3.6703333333333332,TIRED,3.3900000000000006,HOSPITAL,0.5197157263755798,NOW SLEEP HOSPITAL,NOW SLEEP HOSPITAL TIRED THINK SCHOOL
asllrp_other_ctc:7344320:span00,asllrp_other_ctc,True,3.4367666666666667,3.6703333333333332,TIRED,3.5200000000000005,HAVE,0.11558675765991211,NOW SLEEP HOSPITAL,NOW SLEEP HOSPITAL TIRED THINK SCHOOL
asllrp_other_ctc:7344320:span00,asllrp_other_ctc,True,3.4367666666666667,3.6703333333333332,TIRED,3.6500000000000004,WHY,0.12789364159107208,NOW SLEEP HOSPITAL,NOW SLEEP HOSPITAL TIRED THINK SCHOOL
asllrp_other_ctc:7344320:span00,asllrp_other_ctc,True,3.4367666666666667,3.6703333333333332,TIRED,3.7800000000000002,TIRED,0.21264377236366272,NOW SLEEP HOSPITAL,NOW SLEEP HOSPITAL TIRED THINK SCHOOL
asllrp_other_ctc:7344320:span00,asllrp_other_ctc,True,3.4367666666666667,3.6703333333333332,TIRED,3.91,TIRED,0.4201897382736206,NOW SLEEP HOSPITAL TIRED,NOW SLEEP HOSPITAL TIRED THINK SCHOOL
asllrp_other_ctc:7344320:span00,asllrp_other_ctc,True,3.4367666666666667,3.6703333333333332,TIRED,4.04,TOMORROW,0.33715423941612244,NOW SLEEP HOSPITAL TIRED,NOW SLEEP HOSPITAL TIRED THINK SCHOOL
asllrp_other_ctc:7344320:span00,asllrp_other_ctc,True,3.4367666666666667,3.6703333333333332,TIRED,4.17,UNDERSTAND,0.23396655917167664,NOW SLEEP HOSPITAL TIRED,NOW SLEEP HOSPITAL TIRED THINK SCHOOL
asllrp_other_ctc:7344422:span00,asllrp_other_ctc,True,3.336666666666667,3.4701333333333335,WATER,2.87,HUNGRY,0.46626827120780945,SMALL SAD COLD SAME,SMALL SAD COLD SAME USE
asllrp_other_ctc:7344422:span00,asllrp_other_ctc,True,3.336666666666667,3.4701333333333335,WATER,3.0,HELP,0.2790142595767975,SMALL SAD COLD SAME,SMALL SAD COLD SAME USE
asllrp_other_ctc:7344422:span00,asllrp_other_ctc,True,3.336666666666667,3.4701333333333335,WATER,3.13,ANGRY,0.4081222712993622,SMALL SAD COLD SAME,SMALL SAD COLD SAME USE
asllrp_other_ctc:7344422:span00,asllrp_other_ctc,True,3.336666666666667,3.4701333333333335,WATER,3.26,BIG,0.41104885935783386,SMALL SAD COLD SAME,SMALL SAD COLD SAME USE
asllrp_other_ctc:7344422:span00,asllrp_other_ctc,True,3.336666666666667,3.4701333333333335,WATER,3.3900000000000006,THINK,0.12209189683198929,SMALL SAD COLD SAME,SMALL SAD COLD SAME USE
asllrp_other_ctc:7344422:span00,asllrp_other_ctc,True,3.336666666666667,3.4701333333333335,WATER,3.5200000000000005,USE,0.06799943000078201,SMALL SAD COLD SAME,SMALL SAD COLD SAME USE
asllrp_other_ctc:7344422:span00,asllrp_other_ctc,True,3.336666666666667,3.4701333333333335,WATER,3.6036,USE,0.09176740050315857,SMALL SAD COLD SAME USE,SMALL SAD COLD SAME USE
asllrp_other_ctc:7344523:span00,asllrp_other_ctc,True,0.8341666666666667,0.9342666666666667,SEE,0.53,ASK,0.21088796854019165,,TELL SAME NAME DRINK FEEL HOT
asllrp_other_ctc:7344523:span00,asllrp_other_ctc,True,0.8341666666666667,0.9342666666666667,SEE,0.66,WORK,0.14651590585708618,,TELL SAME NAME DRINK FEEL HOT
asllrp_other_ctc:7344523:span00,asllrp_other_ctc,True,0.8341666666666667,0.9342666666666667,SEE,0.79,NIGHT,0.2748260498046875,,TELL SAME NAME DRINK FEEL HOT
asllrp_other_ctc:7344523:span00,asllrp_other_ctc,True,0.8341666666666667,0.9342666666666667,SEE,0.92,HOSPITAL,0.15469738841056824,,TELL SAME NAME DRINK FEEL HOT
asllrp_other_ctc:7344523:span00,asllrp_other_ctc,True,0.8341666666666667,0.9342666666666667,SEE,1.05,THINK,0.3066454529762268,,TELL SAME NAME DRINK FEEL HOT
asllrp_other_ctc:7344523:span00,asllrp_other_ctc,True,0.8341666666666667,0.9342666666666667,SEE,1.1800000000000002,TELL,0.21535858511924744,,TELL SAME NAME DRINK FEEL HOT
asllrp_other_ctc:7344523:span00,asllrp_other_ctc,True,0.8341666666666667,0.9342666666666667,SEE,1.31,TELL,0.6468413472175598,TELL,TELL SAME NAME DRINK FEEL HOT
asllrp_other_ctc:7344523:span00,asllrp_other_ctc,True,0.8341666666666667,0.9342666666666667,SEE,1.44,SAME,0.5240492820739746,TELL,TELL SAME NAME DRINK FEEL HOT
asllrp_other_ctc:7344725:span00,asllrp_other_ctc,True,0.6673333333333333,0.9676333333333333,FRIEND,0.53,SLEEP,0.8720108866691589,,WOMAN FRIEND READY SMALL READY HELP
asllrp_other_ctc:7344725:span00,asllrp_other_ctc,True,0.6673333333333333,0.9676333333333333,FRIEND,0.66,WOMAN,0.19817568361759186,,WOMAN FRIEND READY SMALL READY HELP
asllrp_other_ctc:7344725:span00,asllrp_other_ctc,True,0.6673333333333333,0.9676333333333333,FRIEND,0.79,WOMAN,0.23903171718120575,WOMAN,WOMAN FRIEND READY SMALL READY HELP
asllrp_other_ctc:7344725:span00,asllrp_other_ctc,True,0.6673333333333333,0.9676333333333333,FRIEND,0.92,FRIEND,0.1109565943479538,WOMAN,WOMAN FRIEND READY SMALL READY HELP
asllrp_other_ctc:7344725:span00,asllrp_other_ctc,True,0.6673333333333333,0.9676333333333333,FRIEND,1.05,FRIEND,0.3363957405090332,WOMAN FRIEND,WOMAN FRIEND READY SMALL READY HELP
asllrp_other_ctc:7344725:span00,asllrp_other_ctc,True,0.6673333333333333,0.9676333333333333,FRIEND,1.1800000000000002,FRIEND,0.2775639593601227,WOMAN FRIEND,WOMAN FRIEND READY SMALL READY HELP
asllrp_other_ctc:7344725:span00,asllrp_other_ctc,True,0.6673333333333333,0.9676333333333333,FRIEND,1.31,FRIEND,0.5069068074226379,WOMAN FRIEND,WOMAN FRIEND READY SMALL READY HELP
asllrp_other_ctc:7344725:span00,asllrp_other_ctc,True,0.6673333333333333,0.9676333333333333,FRIEND,1.44,FRIEND,0.5460302829742432,WOMAN FRIEND,WOMAN FRIEND READY SMALL READY HELP
asllrp_other_ctc:7345029:span00,asllrp_other_ctc,True,2.0353666666666665,2.2355666666666667,TAKE,1.57,MAKE,0.36835023760795593,MAKE,MAKE DRINK SLEEP FRIEND SMALL SORRY
asllrp_other_ctc:7345029:span00,asllrp_other_ctc,True,2.0353666666666665,2.2355666666666667,TAKE,1.7,HOSPITAL,0.1830073446035385,MAKE,MAKE DRINK SLEEP FRIEND SMALL SORRY
asllrp_other_ctc:7345029:span00,asllrp_other_ctc,True,2.0353666666666665,2.2355666666666667,TAKE,1.83,SCHOOL,0.10743876546621323,MAKE,MAKE DRINK SLEEP FRIEND SMALL SORRY
asllrp_other_ctc:7345029:span00,asllrp_other_ctc,True,2.0353666666666665,2.2355666666666667,TAKE,1.9600000000000002,LEARN,0.5047757625579834,MAKE,MAKE DRINK SLEEP FRIEND SMALL SORRY
asllrp_other_ctc:7345029:span00,asllrp_other_ctc,True,2.0353666666666665,2.2355666666666667,TAKE,2.09,DRINK,0.34450486302375793,MAKE,MAKE DRINK SLEEP FRIEND SMALL SORRY
asllrp_other_ctc:7345029:span00,asllrp_other_ctc,True,2.0353666666666665,2.2355666666666667,TAKE,2.2199999999999998,DRINK,0.37959280610084534,MAKE DRINK,MAKE DRINK SLEEP FRIEND SMALL SORRY
asllrp_other_ctc:7345029:span00,asllrp_other_ctc,True,2.0353666666666665,2.2355666666666667,TAKE,2.35,DRINK,0.23541627824306488,MAKE DRINK,MAKE DRINK SLEEP FRIEND SMALL SORRY
asllrp_other_ctc:7345029:span00,asllrp_other_ctc,True,2.0353666666666665,2.2355666666666667,TAKE,2.4800000000000004,OUR,0.09572452306747437,MAKE DRINK,MAKE DRINK SLEEP FRIEND SMALL SORRY
asllrp_other_ctc:7345029:span00,asllrp_other_ctc,True,2.0353666666666665,2.2355666666666667,TAKE,2.6100000000000003,HOME,0.11666678637266159,MAKE DRINK,MAKE DRINK SLEEP FRIEND SMALL SORRY
asllrp_other_ctc:7345029:span00,asllrp_other_ctc,True,2.0353666666666665,2.2355666666666667,TAKE,2.74,MORNING,0.14324074983596802,MAKE DRINK,MAKE DRINK SLEEP FRIEND SMALL SORRY
asllrp_other_ctc:7345029:span00,asllrp_other_ctc,True,2.769433333333333,3.036366666666667,FRIEND,2.35,DRINK,0.23541627824306488,MAKE DRINK,MAKE DRINK SLEEP FRIEND SMALL SORRY
asllrp_other_ctc:7345029:span00,asllrp_other_ctc,True,2.769433333333333,3.036366666666667,FRIEND,2.4800000000000004,OUR,0.09572452306747437,MAKE DRINK,MAKE DRINK SLEEP FRIEND SMALL SORRY
asllrp_other_ctc:7345029:span00,asllrp_other_ctc,True,2.769433333333333,3.036366666666667,FRIEND,2.6100000000000003,HOME,0.11666678637266159,MAKE DRINK,MAKE DRINK SLEEP FRIEND SMALL SORRY
asllrp_other_ctc:7345029:span00,asllrp_other_ctc,True,2.769433333333333,3.036366666666667,FRIEND,2.74,MORNING,0.14324074983596802,MAKE DRINK,MAKE DRINK SLEEP FRIEND SMALL SORRY
asllrp_other_ctc:7345029:span00,asllrp_other_ctc,True,2.769433333333333,3.036366666666667,FRIEND,2.87,SLEEP,0.301102876663208,MAKE DRINK,MAKE DRINK SLEEP FRIEND SMALL SORRY
asllrp_other_ctc:7345029:span00,asllrp_other_ctc,True,2.769433333333333,3.036366666666667,FRIEND,3.0,SLEEP,0.6500005722045898,MAKE DRINK SLEEP,MAKE DRINK SLEEP FRIEND SMALL SORRY
asllrp_other_ctc:7345029:span00,asllrp_other_ctc,True,2.769433333333333,3.036366666666667,FRIEND,3.13,FRIEND,0.17804263532161713,MAKE DRINK SLEEP,MAKE DRINK SLEEP FRIEND SMALL SORRY
asllrp_other_ctc:7345029:span00,asllrp_other_ctc,True,2.769433333333333,3.036366666666667,FRIEND,3.26,FRIEND,0.8696998357772827,MAKE DRINK SLEEP FRIEND,MAKE DRINK SLEEP FRIEND SMALL SORRY
asllrp_other_ctc:7345029:span00,asllrp_other_ctc,True,2.769433333333333,3.036366666666667,FRIEND,3.3900000000000006,IMPORTANT,0.23998036980628967,MAKE DRINK SLEEP FRIEND,MAKE DRINK SLEEP FRIEND SMALL SORRY
asllrp_other_ctc:7345029:span00,asllrp_other_ctc,True,2.769433333333333,3.036366666666667,FRIEND,3.5200000000000005,SMALL,0.25120678544044495,MAKE DRINK SLEEP FRIEND,MAKE DRINK SLEEP FRIEND SMALL SORRY
asllrp_other_ctc:7345030:span00,asllrp_other_ctc,True,0.6339666666666667,0.8675333333333334,FRIEND,0.53,ASK,0.11814679950475693,,FRIEND BIG FRIEND
asllrp_other_ctc:7345030:span00,asllrp_other_ctc,True,0.6339666666666667,0.8675333333333334,FRIEND,0.66,TALK,0.08310941606760025,,FRIEND BIG FRIEND
asllrp_other_ctc:7345030:span00,asllrp_other_ctc,True,0.6339666666666667,0.8675333333333334,FRIEND,0.79,ASK,0.1339615285396576,,FRIEND BIG FRIEND
asllrp_other_ctc:7345030:span00,asllrp_other_ctc,True,0.6339666666666667,0.8675333333333334,FRIEND,0.92,FRIEND,0.4496093988418579,,FRIEND BIG FRIEND
asllrp_other_ctc:7345030:span00,asllrp_other_ctc,True,0.6339666666666667,0.8675333333333334,FRIEND,1.05,FRIEND,0.3567560613155365,FRIEND,FRIEND BIG FRIEND
asllrp_other_ctc:7345030:span00,asllrp_other_ctc,True,0.6339666666666667,0.8675333333333334,FRIEND,1.1800000000000002,SIGN,0.24487504363059998,FRIEND,FRIEND BIG FRIEND
asllrp_other_ctc:7345030:span00,asllrp_other_ctc,True,0.6339666666666667,0.8675333333333334,FRIEND,1.31,BIG,0.30391931533813477,FRIEND,FRIEND BIG FRIEND
asllrp_other_ctc:7345233:span00,asllrp_other_ctc,True,0.6006,0.8008000000000001,FAMILY,0.53,MAN,0.16016751527786255,,FAMILY SMALL SAME NAME GIVE WORK
asllrp_other_ctc:7345233:span00,asllrp_other_ctc,True,0.6006,0.8008000000000001,FAMILY,0.66,SCHOOL,0.3761872947216034,,FAMILY SMALL SAME NAME GIVE WORK
asllrp_other_ctc:7345233:span00,asllrp_other_ctc,True,0.6006,0.8008000000000001,FAMILY,0.79,FAMILY,0.7077834010124207,,FAMILY SMALL SAME NAME GIVE WORK
asllrp_other_ctc:7345233:span00,asllrp_other_ctc,True,0.6006,0.8008000000000001,FAMILY,0.92,FAMILY,0.9247244000434875,FAMILY,FAMILY SMALL SAME NAME GIVE WORK
asllrp_other_ctc:7345233:span00,asllrp_other_ctc,True,0.6006,0.8008000000000001,FAMILY,1.05,FAMILY,0.8170578479766846,FAMILY,FAMILY SMALL SAME NAME GIVE WORK
asllrp_other_ctc:7345233:span00,asllrp_other_ctc,True,0.6006,0.8008000000000001,FAMILY,1.1800000000000002,FAMILY,0.6447775959968567,FAMILY,FAMILY SMALL SAME NAME GIVE WORK
asllrp_other_ctc:7345233:span00,asllrp_other_ctc,True,0.6006,0.8008000000000001,FAMILY,1.31,ANGRY,0.15718652307987213,FAMILY,FAMILY SMALL SAME NAME GIVE WORK
asllrp_other_ctc:7345233:span00,asllrp_other_ctc,True,3.2365666666666666,3.4367666666666667,FRIEND,2.74,GIVE,0.543603777885437,FAMILY SMALL SAME NAME,FAMILY SMALL SAME NAME GIVE WORK
asllrp_other_ctc:7345233:span00,asllrp_other_ctc,True,3.2365666666666666,3.4367666666666667,FRIEND,2.87,GIVE,0.2117720991373062,FAMILY SMALL SAME NAME GIVE,FAMILY SMALL SAME NAME GIVE WORK
asllrp_other_ctc:7345233:span00,asllrp_other_ctc,True,3.2365666666666666,3.4367666666666667,FRIEND,3.0,TAKE,0.17616452276706696,FAMILY SMALL SAME NAME GIVE,FAMILY SMALL SAME NAME GIVE WORK
asllrp_other_ctc:7345233:span00,asllrp_other_ctc,True,3.2365666666666666,3.4367666666666667,FRIEND,3.13,WORK,0.3853825032711029,FAMILY SMALL SAME NAME GIVE,FAMILY SMALL SAME NAME GIVE WORK
asllrp_other_ctc:7345233:span00,asllrp_other_ctc,True,3.2365666666666666,3.4367666666666667,FRIEND,3.26,WORK,0.27840590476989746,FAMILY SMALL SAME NAME GIVE WORK,FAMILY SMALL SAME NAME GIVE WORK
asllrp_other_ctc:7345233:span00,asllrp_other_ctc,True,3.2365666666666666,3.4367666666666667,FRIEND,3.3900000000000006,SAME,0.15197092294692993,FAMILY SMALL SAME NAME GIVE WORK,FAMILY SMALL SAME NAME GIVE WORK
asllrp_other_ctc:7345233:span00,asllrp_other_ctc,True,3.2365666666666666,3.4367666666666667,FRIEND,3.5200000000000005,DOCTOR,0.22063639760017395,FAMILY SMALL SAME NAME GIVE WORK,FAMILY SMALL SAME NAME GIVE WORK
asllrp_other_ctc:7345233:span00,asllrp_other_ctc,True,3.2365666666666666,3.4367666666666667,FRIEND,3.6500000000000004,FRIEND,0.4172857999801636,FAMILY SMALL SAME NAME GIVE WORK,FAMILY SMALL SAME NAME GIVE WORK
asllrp_other_ctc:7345233:span00,asllrp_other_ctc,True,3.2365666666666666,3.4367666666666667,FRIEND,3.7800000000000002,SAME,0.12118733674287796,FAMILY SMALL SAME NAME GIVE WORK,FAMILY SMALL SAME NAME GIVE WORK
asllrp_other_ctc:7345233:span00,asllrp_other_ctc,True,3.2365666666666666,3.4367666666666667,FRIEND,3.91,WHAT,0.13246767222881317,FAMILY SMALL SAME NAME GIVE WORK,FAMILY SMALL SAME NAME GIVE WORK
asllrp_other_ctc:7345233:span00,asllrp_other_ctc,True,4.3043000000000005,4.7047,MAYBE,3.7800000000000002,SAME,0.12118733674287796,FAMILY SMALL SAME NAME GIVE WORK,FAMILY SMALL SAME NAME GIVE WORK
asllrp_other_ctc:7345233:span00,asllrp_other_ctc,True,4.3043000000000005,4.7047,MAYBE,3.91,WHAT,0.13246767222881317,FAMILY SMALL SAME NAME GIVE WORK,FAMILY SMALL SAME NAME GIVE WORK
asllrp_other_ctc:7345233:span00,asllrp_other_ctc,True,4.3043000000000005,4.7047,MAYBE,4.04,NIGHT,0.3786220848560333,FAMILY SMALL SAME NAME GIVE WORK,FAMILY SMALL SAME NAME GIVE WORK
asllrp_other_ctc:7345233:span00,asllrp_other_ctc,True,4.3043000000000005,4.7047,MAYBE,4.17,STOP,0.4435701072216034,FAMILY SMALL SAME NAME GIVE WORK,FAMILY SMALL SAME NAME GIVE WORK
asllrp_other_ctc:7345233:span00,asllrp_other_ctc,True,4.3043000000000005,4.7047,MAYBE,4.3,SCHOOL,0.27794376015663147,FAMILY SMALL SAME NAME GIVE WORK,FAMILY SMALL SAME NAME GIVE WORK
asllrp_other_ctc:7345233:span00,asllrp_other_ctc,True,4.3043000000000005,4.7047,MAYBE,4.430000000000001,DOCTOR,0.15966686606407166,FAMILY SMALL SAME NAME GIVE WORK,FAMILY SMALL SAME NAME GIVE WORK
asllrp_other_ctc:7345233:span00,asllrp_other_ctc,True,4.3043000000000005,4.7047,MAYBE,4.5600000000000005,SAME,0.2448519468307495,FAMILY SMALL SAME NAME GIVE WORK,FAMILY SMALL SAME NAME GIVE WORK
asllrp_other_ctc:7345233:span00,asllrp_other_ctc,True,4.3043000000000005,4.7047,MAYBE,4.69,TIRED,0.10277746617794037,FAMILY SMALL SAME NAME GIVE WORK,FAMILY SMALL SAME NAME GIVE WORK
asllrp_other_ctc:7345233:span00,asllrp_other_ctc,True,4.3043000000000005,4.7047,MAYBE,4.8048,MAYBE,0.23069801926612854,FAMILY SMALL SAME NAME GIVE WORK,FAMILY SMALL SAME NAME GIVE WORK
asllrp_other_ctc:7345334:span00,asllrp_other_ctc,True,0.6339666666666667,0.8008000000000001,FAMILY,0.53,SLEEP,0.3726353645324707,,SLEEP FAMILY WORK LIKE YOU COLD TOMORROW WORK ANSWER SCHOOL
asllrp_other_ctc:7345334:span00,asllrp_other_ctc,True,0.6339666666666667,0.8008000000000001,FAMILY,0.66,SLEEP,0.1562970131635666,SLEEP,SLEEP FAMILY WORK LIKE YOU COLD TOMORROW WORK ANSWER SCHOOL
asllrp_other_ctc:7345334:span00,asllrp_other_ctc,True,0.6339666666666667,0.8008000000000001,FAMILY,0.79,SCHOOL,0.2679986357688904,SLEEP,SLEEP FAMILY WORK LIKE YOU COLD TOMORROW WORK ANSWER SCHOOL
asllrp_other_ctc:7345334:span00,asllrp_other_ctc,True,0.6339666666666667,0.8008000000000001,FAMILY,0.92,FAMILY,0.7328770756721497,SLEEP,SLEEP FAMILY WORK LIKE YOU COLD TOMORROW WORK ANSWER SCHOOL
asllrp_other_ctc:7345334:span00,asllrp_other_ctc,True,0.6339666666666667,0.8008000000000001,FAMILY,1.05,FAMILY,0.8369660973548889,SLEEP FAMILY,SLEEP FAMILY WORK LIKE YOU COLD TOMORROW WORK ANSWER SCHOOL
asllrp_other_ctc:7345334:span00,asllrp_other_ctc,True,0.6339666666666667,0.8008000000000001,FAMILY,1.1800000000000002,FAMILY,0.2899228632450104,SLEEP FAMILY,SLEEP FAMILY WORK LIKE YOU COLD TOMORROW WORK ANSWER SCHOOL
asllrp_other_ctc:7345334:span00,asllrp_other_ctc,True,0.6339666666666667,0.8008000000000001,FAMILY,1.31,HOT,0.047387558966875076,SLEEP FAMILY,SLEEP FAMILY WORK LIKE YOU COLD TOMORROW WORK ANSWER SCHOOL
asllrp_other_ctc:7687743:span00,asllrp_other_ctc,True,1.7684333333333333,1.9352666666666667,HOME,1.31,HOSPITAL,0.1820642352104187,LEARN SLEEP,LEARN SLEEP STOP LEARN WORK
asllrp_other_ctc:7687743:span00,asllrp_other_ctc,True,1.7684333333333333,1.9352666666666667,HOME,1.44,THEY,0.12207484245300293,LEARN SLEEP,LEARN SLEEP STOP LEARN WORK
asllrp_other_ctc:7687743:span00,asllrp_other_ctc,True,1.7684333333333333,1.9352666666666667,HOME,1.57,MORNING,0.07392541319131851,LEARN SLEEP,LEARN SLEEP STOP LEARN WORK
asllrp_other_ctc:7687743:span00,asllrp_other_ctc,True,1.7684333333333333,1.9352666666666667,HOME,1.7,STOP,0.535297691822052,LEARN SLEEP,LEARN SLEEP STOP LEARN WORK
asllrp_other_ctc:7687743:span00,asllrp_other_ctc,True,1.7684333333333333,1.9352666666666667,HOME,1.83,STOP,0.8598207235336304,LEARN SLEEP STOP,LEARN SLEEP STOP LEARN WORK
asllrp_other_ctc:7687743:span00,asllrp_other_ctc,True,1.7684333333333333,1.9352666666666667,HOME,1.9600000000000002,LEARN,0.14413824677467346,LEARN SLEEP STOP,LEARN SLEEP STOP LEARN WORK
asllrp_other_ctc:7687743:span00,asllrp_other_ctc,True,1.7684333333333333,1.9352666666666667,HOME,2.09,LEARN,0.18740303814411163,LEARN SLEEP STOP LEARN,LEARN SLEEP STOP LEARN WORK
asllrp_other_ctc:7687743:span00,asllrp_other_ctc,True,1.7684333333333333,1.9352666666666667,HOME,2.2199999999999998,HOME,0.499466210603714,LEARN SLEEP STOP LEARN,LEARN SLEEP STOP LEARN WORK
asllrp_other_ctc:7687743:span00,asllrp_other_ctc,True,1.7684333333333333,1.9352666666666667,HOME,2.35,HOT,0.20033255219459534,LEARN SLEEP STOP LEARN,LEARN SLEEP STOP LEARN WORK
asllrp_other_ctc:7687743:span00,asllrp_other_ctc,True,2.8695333333333335,3.336666666666667,NIGHT,2.35,HOT,0.20033255219459534,LEARN SLEEP STOP LEARN,LEARN SLEEP STOP LEARN WORK
asllrp_other_ctc:7687743:span00,asllrp_other_ctc,True,2.8695333333333335,3.336666666666667,NIGHT,2.4800000000000004,WORK,0.6467241644859314,LEARN SLEEP STOP LEARN,LEARN SLEEP STOP LEARN WORK
asllrp_other_ctc:7687743:span00,asllrp_other_ctc,True,2.8695333333333335,3.336666666666667,NIGHT,2.6100000000000003,WORK,0.8169813752174377,LEARN SLEEP STOP LEARN WORK,LEARN SLEEP STOP LEARN WORK
asllrp_other_ctc:7687743:span00,asllrp_other_ctc,True,2.8695333333333335,3.336666666666667,NIGHT,2.74,WORK,0.676506757736206,LEARN SLEEP STOP LEARN WORK,LEARN SLEEP STOP LEARN WORK
asllrp_other_ctc:7687743:span00,asllrp_other_ctc,True,2.8695333333333335,3.336666666666667,NIGHT,2.87,WORK,0.9170118570327759,LEARN SLEEP STOP LEARN WORK,LEARN SLEEP STOP LEARN WORK
asllrp_other_ctc:7687743:span00,asllrp_other_ctc,True,2.8695333333333335,3.336666666666667,NIGHT,3.0,WORK,0.7781540751457214,LEARN SLEEP STOP LEARN WORK,LEARN SLEEP STOP LEARN WORK
asllrp_other_ctc:7687743:span00,asllrp_other_ctc,True,2.8695333333333335,3.336666666666667,NIGHT,3.13,WORK,0.5213459730148315,LEARN SLEEP STOP LEARN WORK,LEARN SLEEP STOP LEARN WORK
asllrp_other_ctc:7687743:span00,asllrp_other_ctc,True,2.8695333333333335,3.336666666666667,NIGHT,3.26,NIGHT,0.7194151282310486,LEARN SLEEP STOP LEARN WORK,LEARN SLEEP STOP LEARN WORK
asllrp_other_ctc:7687743:span00,asllrp_other_ctc,True,2.8695333333333335,3.336666666666667,NIGHT,3.3900000000000006,WORK,0.23453731834888458,LEARN SLEEP STOP LEARN WORK,LEARN SLEEP STOP LEARN WORK
asllrp_other_ctc:7687743:span00,asllrp_other_ctc,True,2.8695333333333335,3.336666666666667,NIGHT,3.4701333333333335,SAME,0.23810544610023499,LEARN SLEEP STOP LEARN WORK,LEARN SLEEP STOP LEARN WORK
asllrp_other_ctc:7688440:span00,asllrp_other_ctc,True,0.16683333333333333,0.46713333333333334,FAMILY,0.53,FAMILY,0.8758611083030701,,FAMILY SAME GIVE
asllrp_other_ctc:7688440:span00,asllrp_other_ctc,True,0.16683333333333333,0.46713333333333334,FAMILY,0.66,FAMILY,0.7201519012451172,FAMILY,FAMILY SAME GIVE
asllrp_other_ctc:7688440:span00,asllrp_other_ctc,True,0.16683333333333333,0.46713333333333334,FAMILY,0.79,FAMILY,0.4957926869392395,FAMILY,FAMILY SAME GIVE
asllrp_other_ctc:7688440:span00,asllrp_other_ctc,True,0.16683333333333333,0.46713333333333334,FAMILY,0.92,WAIT,0.21377785503864288,FAMILY,FAMILY SAME GIVE
asllrp_other_ctc:7691338:span00,asllrp_other_ctc,True,0.16683333333333333,0.8008000000000001,FRIEND,0.53,FRIEND,0.6912902593612671,,FRIEND FRIEND
asllrp_other_ctc:7691338:span00,asllrp_other_ctc,True,0.16683333333333333,0.8008000000000001,FRIEND,0.66,FRIEND,0.798995852470398,FRIEND,FRIEND FRIEND
asllrp_other_ctc:7691338:span00,asllrp_other_ctc,True,0.16683333333333333,0.8008000000000001,FRIEND,0.79,FRIEND,0.8534837961196899,FRIEND,FRIEND FRIEND
asllrp_other_ctc:7691338:span00,asllrp_other_ctc,True,0.16683333333333333,0.8008000000000001,FRIEND,0.92,FRIEND,0.1765000969171524,FRIEND,FRIEND FRIEND
asllrp_other_ctc:7691338:span00,asllrp_other_ctc,True,0.16683333333333333,0.8008000000000001,FRIEND,1.05,MAKE,0.3283391296863556,FRIEND,FRIEND FRIEND
asllrp_other_ctc:7691338:span00,asllrp_other_ctc,True,0.16683333333333333,0.8008000000000001,FRIEND,1.1800000000000002,FRIEND,0.366714209318161,FRIEND,FRIEND FRIEND
asllrp_other_ctc:7691338:span00,asllrp_other_ctc,True,0.16683333333333333,0.8008000000000001,FRIEND,1.31,WE,0.14176638424396515,FRIEND,FRIEND FRIEND
asllrp_other_ctc:7691736:span00,asllrp_other_ctc,True,0.16683333333333333,0.6673333333333333,FRIEND,0.53,FRIEND,0.7377382516860962,,FRIEND READY BIG
asllrp_other_ctc:7691736:span00,asllrp_other_ctc,True,0.16683333333333333,0.6673333333333333,FRIEND,0.66,FRIEND,0.6013802886009216,FRIEND,FRIEND READY BIG
asllrp_other_ctc:7691736:span00,asllrp_other_ctc,True,0.16683333333333333,0.6673333333333333,FRIEND,0.79,FRIEND,0.7124086618423462,FRIEND,FRIEND READY BIG
asllrp_other_ctc:7691736:span00,asllrp_other_ctc,True,0.16683333333333333,0.6673333333333333,FRIEND,0.92,FRIEND,0.5995752215385437,FRIEND,FRIEND READY BIG
asllrp_other_ctc:7691736:span00,asllrp_other_ctc,True,0.16683333333333333,0.6673333333333333,FRIEND,1.05,FRIEND,0.7120895981788635,FRIEND,FRIEND READY BIG
asllrp_other_ctc:7691736:span00,asllrp_other_ctc,True,0.16683333333333333,0.6673333333333333,FRIEND,1.1800000000000002,FRIEND,0.24807006120681763,FRIEND,FRIEND READY BIG
asllrp_other_ctc:7698333:span00,asllrp_other_ctc,True,1.2345666666666666,1.5015,HOME,0.79,LESS,0.3432653844356537,KNOW,KNOW SCHOOL EAT WORK
asllrp_other_ctc:7698333:span00,asllrp_other_ctc,True,1.2345666666666666,1.5015,HOME,0.92,STOP,0.7460223436355591,KNOW,KNOW SCHOOL EAT WORK
asllrp_other_ctc:7698333:span00,asllrp_other_ctc,True,1.2345666666666666,1.5015,HOME,1.05,SCHOOL,0.5328425765037537,KNOW,KNOW SCHOOL EAT WORK
asllrp_other_ctc:7698333:span00,asllrp_other_ctc,True,1.2345666666666666,1.5015,HOME,1.1800000000000002,SCHOOL,0.38418707251548767,KNOW SCHOOL,KNOW SCHOOL EAT WORK
asllrp_other_ctc:7698333:span00,asllrp_other_ctc,True,1.2345666666666666,1.5015,HOME,1.31,HELP,0.34531843662261963,KNOW SCHOOL,KNOW SCHOOL EAT WORK
asllrp_other_ctc:7698333:span00,asllrp_other_ctc,True,1.2345666666666666,1.5015,HOME,1.44,LEARN,0.4316723346710205,KNOW SCHOOL,KNOW SCHOOL EAT WORK
asllrp_other_ctc:7698333:span00,asllrp_other_ctc,True,1.2345666666666666,1.5015,HOME,1.57,HOME,0.26624229550361633,KNOW SCHOOL,KNOW SCHOOL EAT WORK
asllrp_other_ctc:7698333:span00,asllrp_other_ctc,True,1.2345666666666666,1.5015,HOME,1.7,EAT,0.3969489634037018,KNOW SCHOOL,KNOW SCHOOL EAT WORK
asllrp_other_ctc:7698333:span00,asllrp_other_ctc,True,1.2345666666666666,1.5015,HOME,1.83,EAT,0.2682972252368927,KNOW SCHOOL EAT,KNOW SCHOOL EAT WORK
asllrp_other_ctc:7698333:span00,asllrp_other_ctc,True,1.2345666666666666,1.5015,HOME,1.9600000000000002,TAKE,0.3460487425327301,KNOW SCHOOL EAT,KNOW SCHOOL EAT WORK
asllrp_other_ctc:7698333:span00,asllrp_other_ctc,True,2.3690333333333333,3.1031,NIGHT,1.9600000000000002,TAKE,0.3460487425327301,KNOW SCHOOL EAT,KNOW SCHOOL EAT WORK
asllrp_other_ctc:7698333:span00,asllrp_other_ctc,True,2.3690333333333333,3.1031,NIGHT,2.09,WORK,0.7840279340744019,KNOW SCHOOL EAT,KNOW SCHOOL EAT WORK
asllrp_other_ctc:7698333:span00,asllrp_other_ctc,True,2.3690333333333333,3.1031,NIGHT,2.2199999999999998,WORK,0.5934118628501892,KNOW SCHOOL EAT WORK,KNOW SCHOOL EAT WORK
asllrp_other_ctc:7698333:span00,asllrp_other_ctc,True,2.3690333333333333,3.1031,NIGHT,2.35,WORK,0.6256378293037415,KNOW SCHOOL EAT WORK,KNOW SCHOOL EAT WORK
asllrp_other_ctc:7698333:span00,asllrp_other_ctc,True,2.3690333333333333,3.1031,NIGHT,2.4800000000000004,WORK,0.8410389423370361,KNOW SCHOOL EAT WORK,KNOW SCHOOL EAT WORK
asllrp_other_ctc:7698333:span00,asllrp_other_ctc,True,2.3690333333333333,3.1031,NIGHT,2.6100000000000003,WORK,0.8315405249595642,KNOW SCHOOL EAT WORK,KNOW SCHOOL EAT WORK
asllrp_other_ctc:7698333:span00,asllrp_other_ctc,True,2.3690333333333333,3.1031,NIGHT,2.74,WORK,0.7854182720184326,KNOW SCHOOL EAT WORK,KNOW SCHOOL EAT WORK
asllrp_other_ctc:7698333:span00,asllrp_other_ctc,True,2.3690333333333333,3.1031,NIGHT,2.87,WORK,0.8955025672912598,KNOW SCHOOL EAT WORK,KNOW SCHOOL EAT WORK
asllrp_other_ctc:7698333:span00,asllrp_other_ctc,True,2.3690333333333333,3.1031,NIGHT,3.0,WORK,0.7664867043495178,KNOW SCHOOL EAT WORK,KNOW SCHOOL EAT WORK
asllrp_other_ctc:7698333:span00,asllrp_other_ctc,True,2.3690333333333333,3.1031,NIGHT,3.13,WORK,0.3326486349105835,KNOW SCHOOL EAT WORK,KNOW SCHOOL EAT WORK
asllrp_other_ctc:7698333:span00,asllrp_other_ctc,True,2.3690333333333333,3.1031,NIGHT,3.26,WORK,0.5270066261291504,KNOW SCHOOL EAT WORK,KNOW SCHOOL EAT WORK
asllrp_other_ctc:7698333:span00,asllrp_other_ctc,True,2.3690333333333333,3.1031,NIGHT,3.3900000000000006,WORK,0.7530329823493958,KNOW SCHOOL EAT WORK,KNOW SCHOOL EAT WORK
asllrp_other_ctc:7698333:span00,asllrp_other_ctc,True,2.3690333333333333,3.1031,NIGHT,3.5200000000000005,WORK,0.6392197608947754,KNOW SCHOOL EAT WORK,KNOW SCHOOL EAT WORK
asllrp_other_ctc:7698632:span00,asllrp_other_ctc,True,0.16683333333333333,0.5005000000000001,FRIEND,0.53,FRIEND,0.3730723261833191,,FRIEND NAME HOT MORNING
asllrp_other_ctc:7698632:span00,asllrp_other_ctc,True,0.16683333333333333,0.5005000000000001,FRIEND,0.66,FRIEND,0.5224178433418274,FRIEND,FRIEND NAME HOT MORNING
asllrp_other_ctc:7698632:span00,asllrp_other_ctc,True,0.16683333333333333,0.5005000000000001,FRIEND,0.79,NAME,0.27456602454185486,FRIEND,FRIEND NAME HOT MORNING
asllrp_other_ctc:7698632:span00,asllrp_other_ctc,True,0.16683333333333333,0.5005000000000001,FRIEND,0.92,NAME,0.10418020933866501,FRIEND NAME,FRIEND NAME HOT MORNING
asllrp_other_ctc:7699730:span00,asllrp_other_ctc,True,1.6349666666666667,1.9352666666666667,FAMILY,1.1800000000000002,LIKE,0.2918380796909332,TELL LIKE,TELL LIKE WORK IMPORTANT FAMILY SAME WORK TOMORROW LIKE
asllrp_other_ctc:7699730:span00,asllrp_other_ctc,True,1.6349666666666667,1.9352666666666667,FAMILY,1.31,LIKE,0.0920649915933609,TELL LIKE,TELL LIKE WORK IMPORTANT FAMILY SAME WORK TOMORROW LIKE
asllrp_other_ctc:7699730:span00,asllrp_other_ctc,True,1.6349666666666667,1.9352666666666667,FAMILY,1.44,WORK,0.41533419489860535,TELL LIKE,TELL LIKE WORK IMPORTANT FAMILY SAME WORK TOMORROW LIKE
asllrp_other_ctc:7699730:span00,asllrp_other_ctc,True,1.6349666666666667,1.9352666666666667,FAMILY,1.57,WORK,0.5120396614074707,TELL LIKE WORK,TELL LIKE WORK IMPORTANT FAMILY SAME WORK TOMORROW LIKE
asllrp_other_ctc:7699730:span00,asllrp_other_ctc,True,1.6349666666666667,1.9352666666666667,FAMILY,1.7,IMPORTANT,0.34760838747024536,TELL LIKE WORK,TELL LIKE WORK IMPORTANT FAMILY SAME WORK TOMORROW LIKE
asllrp_other_ctc:7699730:span00,asllrp_other_ctc,True,1.6349666666666667,1.9352666666666667,FAMILY,1.83,IMPORTANT,0.9166677594184875,TELL LIKE WORK IMPORTANT,TELL LIKE WORK IMPORTANT FAMILY SAME WORK TOMORROW LIKE
asllrp_other_ctc:7699730:span00,asllrp_other_ctc,True,1.6349666666666667,1.9352666666666667,FAMILY,1.9600000000000002,FAMILY,0.8904222846031189,TELL LIKE WORK IMPORTANT,TELL LIKE WORK IMPORTANT FAMILY SAME WORK TOMORROW LIKE
asllrp_other_ctc:7699730:span00,asllrp_other_ctc,True,1.6349666666666667,1.9352666666666667,FAMILY,2.09,FAMILY,0.934584379196167,TELL LIKE WORK IMPORTANT FAMILY,TELL LIKE WORK IMPORTANT FAMILY SAME WORK TOMORROW LIKE
asllrp_other_ctc:7699730:span00,asllrp_other_ctc,True,1.6349666666666667,1.9352666666666667,FAMILY,2.2199999999999998,FAMILY,0.5201371312141418,TELL LIKE WORK IMPORTANT FAMILY,TELL LIKE WORK IMPORTANT FAMILY SAME WORK TOMORROW LIKE
asllrp_other_ctc:7699730:span00,asllrp_other_ctc,True,1.6349666666666667,1.9352666666666667,FAMILY,2.35,SAME,0.06761865317821503,TELL LIKE WORK IMPORTANT FAMILY,TELL LIKE WORK IMPORTANT FAMILY SAME WORK TOMORROW LIKE
asllrp_other_ctc:7700328:span00,asllrp_other_ctc,True,0.16683333333333333,0.4337666666666667,FRIEND,0.53,FRIEND,0.7436140775680542,,FRIEND FRIEND MY MY
asllrp_other_ctc:7700328:span00,asllrp_other_ctc,True,0.16683333333333333,0.4337666666666667,FRIEND,0.66,FRIEND,0.6141610145568848,FRIEND,FRIEND FRIEND MY MY
asllrp_other_ctc:7700328:span00,asllrp_other_ctc,True,0.16683333333333333,0.4337666666666667,FRIEND,0.79,SIGN,0.12514568865299225,FRIEND,FRIEND FRIEND MY MY
asllrp_other_ctc:7700328:span00,asllrp_other_ctc,True,0.16683333333333333,0.4337666666666667,FRIEND,0.92,USE,0.19627541303634644,FRIEND,FRIEND FRIEND MY MY
asllrp_other_ctc:7701526:span00,asllrp_other_ctc,True,0.6006,1.0343666666666667,FRIEND,0.53,HOSPITAL,0.6450647711753845,,HOSPITAL FRIEND BIG IMPORTANT YOU BIG SMALL
asllrp_other_ctc:7701526:span00,asllrp_other_ctc,True,0.6006,1.0343666666666667,FRIEND,0.66,HOSPITAL,0.40787485241889954,HOSPITAL,HOSPITAL FRIEND BIG IMPORTANT YOU BIG SMALL
asllrp_other_ctc:7701526:span00,asllrp_other_ctc,True,0.6006,1.0343666666666667,FRIEND,0.79,HOSPITAL,0.15360121428966522,HOSPITAL,HOSPITAL FRIEND BIG IMPORTANT YOU BIG SMALL
asllrp_other_ctc:7701526:span00,asllrp_other_ctc,True,0.6006,1.0343666666666667,FRIEND,0.92,FRIEND,0.4234860837459564,HOSPITAL,HOSPITAL FRIEND BIG IMPORTANT YOU BIG SMALL
asllrp_other_ctc:7701526:span00,asllrp_other_ctc,True,0.6006,1.0343666666666667,FRIEND,1.05,FRIEND,0.895228385925293,HOSPITAL FRIEND,HOSPITAL FRIEND BIG IMPORTANT YOU BIG SMALL
asllrp_other_ctc:7701526:span00,asllrp_other_ctc,True,0.6006,1.0343666666666667,FRIEND,1.1800000000000002,FRIEND,0.9242523908615112,HOSPITAL FRIEND,HOSPITAL FRIEND BIG IMPORTANT YOU BIG SMALL
asllrp_other_ctc:7701526:span00,asllrp_other_ctc,True,0.6006,1.0343666666666667,FRIEND,1.31,FRIEND,0.7916472554206848,HOSPITAL FRIEND,HOSPITAL FRIEND BIG IMPORTANT YOU BIG SMALL
asllrp_other_ctc:7701526:span00,asllrp_other_ctc,True,0.6006,1.0343666666666667,FRIEND,1.44,YEAR,0.15245746076107025,HOSPITAL FRIEND,HOSPITAL FRIEND BIG IMPORTANT YOU BIG SMALL
asllrp_other_ctc:7704723:span00,asllrp_other_ctc,True,0.9676333333333333,1.3346666666666667,HOME,0.53,HOSPITAL,0.16772837936878204,,EAT WORK NIGHT
asllrp_other_ctc:7704723:span00,asllrp_other_ctc,True,0.9676333333333333,1.3346666666666667,HOME,0.66,STOP,0.07160382717847824,,EAT WORK NIGHT
asllrp_other_ctc:7704723:span00,asllrp_other_ctc,True,0.9676333333333333,1.3346666666666667,HOME,0.79,SCHOOL,0.29650673270225525,,EAT WORK NIGHT
asllrp_other_ctc:7704723:span00,asllrp_other_ctc,True,0.9676333333333333,1.3346666666666667,HOME,0.92,GOOD,0.4593372046947479,,EAT WORK NIGHT
asllrp_other_ctc:7704723:span00,asllrp_other_ctc,True,0.9676333333333333,1.3346666666666667,HOME,1.05,GIVE,0.09641219675540924,,EAT WORK NIGHT
asllrp_other_ctc:7704723:span00,asllrp_other_ctc,True,0.9676333333333333,1.3346666666666667,HOME,1.1800000000000002,YEAR,0.17988815903663635,,EAT WORK NIGHT
asllrp_other_ctc:7704723:span00,asllrp_other_ctc,True,0.9676333333333333,1.3346666666666667,HOME,1.31,HOME,0.27356424927711487,,EAT WORK NIGHT
asllrp_other_ctc:7704723:span00,asllrp_other_ctc,True,0.9676333333333333,1.3346666666666667,HOME,1.44,EAT,0.6250417828559875,,EAT WORK NIGHT
asllrp_other_ctc:7704723:span00,asllrp_other_ctc,True,0.9676333333333333,1.3346666666666667,HOME,1.57,EAT,0.62054443359375,EAT,EAT WORK NIGHT
asllrp_other_ctc:7704723:span00,asllrp_other_ctc,True,0.9676333333333333,1.3346666666666667,HOME,1.7,YOU,0.04880305007100105,EAT,EAT WORK NIGHT
asllrp_other_ctc:7704723:span00,asllrp_other_ctc,True,0.9676333333333333,1.3346666666666667,HOME,1.83,TAKE,0.35422781109809875,EAT,EAT WORK NIGHT
asllrp_other_ctc:7704723:span00,asllrp_other_ctc,True,2.3023000000000002,2.8361666666666667,NIGHT,1.83,TAKE,0.35422781109809875,EAT,EAT WORK NIGHT
asllrp_other_ctc:7704723:span00,asllrp_other_ctc,True,2.3023000000000002,2.8361666666666667,NIGHT,1.9600000000000002,WORK,0.49972477555274963,EAT,EAT WORK NIGHT
asllrp_other_ctc:7704723:span00,asllrp_other_ctc,True,2.3023000000000002,2.8361666666666667,NIGHT,2.09,WORK,0.7786421179771423,EAT WORK,EAT WORK NIGHT
asllrp_other_ctc:7704723:span00,asllrp_other_ctc,True,2.3023000000000002,2.8361666666666667,NIGHT,2.2199999999999998,WORK,0.7096983790397644,EAT WORK,EAT WORK NIGHT
asllrp_other_ctc:7704723:span00,asllrp_other_ctc,True,2.3023000000000002,2.8361666666666667,NIGHT,2.35,WORK,0.6741902232170105,EAT WORK,EAT WORK NIGHT
asllrp_other_ctc:7704723:span00,asllrp_other_ctc,True,2.3023000000000002,2.8361666666666667,NIGHT,2.4800000000000004,WORK,0.8637054562568665,EAT WORK,EAT WORK NIGHT
asllrp_other_ctc:7704723:span00,asllrp_other_ctc,True,2.3023000000000002,2.8361666666666667,NIGHT,2.6100000000000003,WORK,0.45855435729026794,EAT WORK,EAT WORK NIGHT
asllrp_other_ctc:7704723:span00,asllrp_other_ctc,True,2.3023000000000002,2.8361666666666667,NIGHT,2.74,NIGHT,0.4760975241661072,EAT WORK,EAT WORK NIGHT
asllrp_other_ctc:7704723:span00,asllrp_other_ctc,True,2.3023000000000002,2.8361666666666667,NIGHT,2.87,NIGHT,0.5666607022285461,EAT WORK NIGHT,EAT WORK NIGHT
asllrp_other_ctc:7704723:span00,asllrp_other_ctc,True,2.3023000000000002,2.8361666666666667,NIGHT,2.9696333333333333,NIGHT,0.777981698513031,EAT WORK NIGHT,EAT WORK NIGHT
asllrp_other_ctc:7705122:span00,asllrp_other_ctc,True,0.16683333333333333,0.5672333333333334,FRIEND,0.53,FRIEND,0.548559308052063,,FRIEND
asllrp_other_ctc:7705122:span00,asllrp_other_ctc,True,0.16683333333333333,0.5672333333333334,FRIEND,0.66,FRIEND,0.7229458093643188,FRIEND,FRIEND
asllrp_other_ctc:7705122:span00,asllrp_other_ctc,True,0.16683333333333333,0.5672333333333334,FRIEND,0.79,FRIEND,0.8674529790878296,FRIEND,FRIEND
asllrp_other_ctc:7705122:span00,asllrp_other_ctc,True,0.16683333333333333,0.5672333333333334,FRIEND,0.92,FRIEND,0.49181729555130005,FRIEND,FRIEND
asllrp_other_ctc:7705122:span00,asllrp_other_ctc,True,0.16683333333333333,0.5672333333333334,FRIEND,1.05,FRIEND,0.224070742726326,FRIEND,FRIEND
asllrp_other_ctc:7705720:span00,asllrp_other_ctc,True,0.7674333333333333,0.9676333333333333,HOME,0.53,FATHER,0.4316798448562622,,HOME YEAR WORK
asllrp_other_ctc:7705720:span00,asllrp_other_ctc,True,0.7674333333333333,0.9676333333333333,HOME,0.66,SICK,0.12080990523099899,,HOME YEAR WORK
asllrp_other_ctc:7705720:span00,asllrp_other_ctc,True,0.7674333333333333,0.9676333333333333,HOME,0.79,LESS,0.2717411518096924,,HOME YEAR WORK
asllrp_other_ctc:7705720:span00,asllrp_other_ctc,True,0.7674333333333333,0.9676333333333333,HOME,0.92,STOP,0.7471790909767151,,HOME YEAR WORK
asllrp_other_ctc:7705720:span00,asllrp_other_ctc,True,0.7674333333333333,0.9676333333333333,HOME,1.05,HOME,0.26288318634033203,,HOME YEAR WORK
asllrp_other_ctc:7705720:span00,asllrp_other_ctc,True,0.7674333333333333,0.9676333333333333,HOME,1.1800000000000002,HOME,0.4457562267780304,HOME,HOME YEAR WORK
asllrp_other_ctc:7705720:span00,asllrp_other_ctc,True,0.7674333333333333,0.9676333333333333,HOME,1.31,HOME,0.4236378073692322,HOME,HOME YEAR WORK
asllrp_other_ctc:7705720:span00,asllrp_other_ctc,True,0.7674333333333333,0.9676333333333333,HOME,1.44,YESTERDAY,0.1596960574388504,HOME,HOME YEAR WORK
asllrp_other_ctc:7706619:span00,asllrp_other_ctc,True,0.16683333333333333,0.5005000000000001,FRIEND,0.53,FRIEND,0.8008051514625549,,FRIEND WHY
asllrp_other_ctc:7706619:span00,asllrp_other_ctc,True,0.16683333333333333,0.5005000000000001,FRIEND,0.66,FRIEND,0.936553955078125,FRIEND,FRIEND WHY
asllrp_other_ctc:7706619:span00,asllrp_other_ctc,True,0.16683333333333333,0.5005000000000001,FRIEND,0.79,FRIEND,0.776706874370575,FRIEND,FRIEND WHY
asllrp_other_ctc:7706619:span00,asllrp_other_ctc,True,0.16683333333333333,0.5005000000000001,FRIEND,0.92,WEEK,0.3374571204185486,FRIEND,FRIEND WHY
asllrp_other_ctc:7707117:span00,asllrp_other_ctc,True,0.16683333333333333,0.5005000000000001,FAMILY,0.53,FAMILY,0.9400418400764465,,FAMILY COLD LIKE
asllrp_other_ctc:7707117:span00,asllrp_other_ctc,True,0.16683333333333333,0.5005000000000001,FAMILY,0.66,FAMILY,0.8537080883979797,FAMILY,FAMILY COLD LIKE
asllrp_other_ctc:7707117:span00,asllrp_other_ctc,True,0.16683333333333333,0.5005000000000001,FAMILY,0.79,SAD,0.20941640436649323,FAMILY,FAMILY COLD LIKE
asllrp_other_ctc:7707117:span00,asllrp_other_ctc,True,0.16683333333333333,0.5005000000000001,FAMILY,0.92,LIKE,0.13763001561164856,FAMILY,FAMILY COLD LIKE
asllrp_other_ctc:7708415:span00,asllrp_other_ctc,True,0.16683333333333333,0.5338666666666667,FRIEND,0.53,FRIEND,0.6558361053466797,,FRIEND SIGN WHY FRIEND MORE
asllrp_other_ctc:7708415:span00,asllrp_other_ctc,True,0.16683333333333333,0.5338666666666667,FRIEND,0.66,FRIEND,0.8531990647315979,FRIEND,FRIEND SIGN WHY FRIEND MORE
asllrp_other_ctc:7708415:span00,asllrp_other_ctc,True,0.16683333333333333,0.5338666666666667,FRIEND,0.79,FRIEND,0.5974739789962769,FRIEND,FRIEND SIGN WHY FRIEND MORE
asllrp_other_ctc:7708415:span00,asllrp_other_ctc,True,0.16683333333333333,0.5338666666666667,FRIEND,0.92,SIGN,0.13958700001239777,FRIEND,FRIEND SIGN WHY FRIEND MORE
asllrp_other_ctc:7708415:span00,asllrp_other_ctc,True,0.16683333333333333,0.5338666666666667,FRIEND,1.05,SIGN,0.2229660302400589,FRIEND SIGN,FRIEND SIGN WHY FRIEND MORE
asllrp_other_ctc:7709113:span00,asllrp_other_ctc,True,0.16683333333333333,0.5338666666666667,FRIEND,0.53,FRIEND,0.7185661196708679,,FRIEND LEARN SAME
asllrp_other_ctc:7709113:span00,asllrp_other_ctc,True,0.16683333333333333,0.5338666666666667,FRIEND,0.66,FRIEND,0.8483748435974121,FRIEND,FRIEND LEARN SAME
asllrp_other_ctc:7709113:span00,asllrp_other_ctc,True,0.16683333333333333,0.5338666666666667,FRIEND,0.79,FRIEND,0.5199074149131775,FRIEND,FRIEND LEARN SAME
asllrp_other_ctc:7709113:span00,asllrp_other_ctc,True,0.16683333333333333,0.5338666666666667,FRIEND,0.92,TELL,0.20365993678569794,FRIEND,FRIEND LEARN SAME
asllrp_other_ctc:7709113:span00,asllrp_other_ctc,True,0.16683333333333333,0.5338666666666667,FRIEND,1.05,MAKE,0.7294479012489319,FRIEND,FRIEND LEARN SAME
asllrp_other_ctc:7710510:span00,asllrp_other_ctc,True,0.16683333333333333,0.6339666666666667,NIGHT,0.53,NIGHT,0.7673768997192383,,NIGHT WORK HOME STOP WORK
asllrp_other_ctc:7710510:span00,asllrp_other_ctc,True,0.16683333333333333,0.6339666666666667,NIGHT,0.66,NIGHT,0.48366302251815796,NIGHT,NIGHT WORK HOME STOP WORK
asllrp_other_ctc:7710510:span00,asllrp_other_ctc,True,0.16683333333333333,0.6339666666666667,NIGHT,0.79,NIGHT,0.7169094681739807,NIGHT,NIGHT WORK HOME STOP WORK
asllrp_other_ctc:7710510:span00,asllrp_other_ctc,True,0.16683333333333333,0.6339666666666667,NIGHT,0.92,NIGHT,0.770812451839447,NIGHT,NIGHT WORK HOME STOP WORK
asllrp_other_ctc:7710510:span00,asllrp_other_ctc,True,0.16683333333333333,0.6339666666666667,NIGHT,1.05,WORK,0.7173722386360168,NIGHT,NIGHT WORK HOME STOP WORK
asllrp_other_ctc:771089:span00,asllrp_other_ctc,True,1.3013000000000001,1.5015,HOME,0.79,THINK,0.44921112060546875,WHY,WHY STOP CHILD
asllrp_other_ctc:771089:span00,asllrp_other_ctc,True,1.3013000000000001,1.5015,HOME,0.92,TALK,0.4498758316040039,WHY,WHY STOP CHILD
asllrp_other_ctc:771089:span00,asllrp_other_ctc,True,1.3013000000000001,1.5015,HOME,1.05,STOP,0.6980385780334473,WHY,WHY STOP CHILD
asllrp_other_ctc:771089:span00,asllrp_other_ctc,True,1.3013000000000001,1.5015,HOME,1.1800000000000002,STOP,0.814417839050293,WHY STOP,WHY STOP CHILD
asllrp_other_ctc:771089:span00,asllrp_other_ctc,True,1.3013000000000001,1.5015,HOME,1.31,STOP,0.8606943488121033,WHY STOP,WHY STOP CHILD
asllrp_other_ctc:771089:span00,asllrp_other_ctc,True,1.3013000000000001,1.5015,HOME,1.44,YEAR,0.12007927149534225,WHY STOP,WHY STOP CHILD
asllrp_other_ctc:771089:span00,asllrp_other_ctc,True,1.3013000000000001,1.5015,HOME,1.57,HOME,0.2907665967941284,WHY STOP,WHY STOP CHILD
asllrp_other_ctc:771089:span00,asllrp_other_ctc,True,1.3013000000000001,1.5015,HOME,1.7,LEARN,0.14567482471466064,WHY STOP,WHY STOP CHILD
asllrp_other_ctc:771089:span00,asllrp_other_ctc,True,1.3013000000000001,1.5015,HOME,1.83,HOT,0.07752929627895355,WHY STOP,WHY STOP CHILD
asllrp_other_ctc:771089:span00,asllrp_other_ctc,True,1.3013000000000001,1.5015,HOME,1.9600000000000002,BAD,0.08077754080295563,WHY STOP,WHY STOP CHILD
asllrp_other_ctc:771138:span00,asllrp_other_ctc,True,0.16683333333333333,0.46713333333333334,FRIEND,0.53,FRIEND,0.8631967306137085,,FRIEND
asllrp_other_ctc:771138:span00,asllrp_other_ctc,True,0.16683333333333333,0.46713333333333334,FRIEND,0.66,FRIEND,0.9226198196411133,FRIEND,FRIEND
asllrp_other_ctc:771138:span00,asllrp_other_ctc,True,0.16683333333333333,0.46713333333333334,FRIEND,0.79,WHEN,0.14988042414188385,FRIEND,FRIEND
asllrp_other_ctc:771138:span00,asllrp_other_ctc,True,0.16683333333333333,0.46713333333333334,FRIEND,0.92,LANGUAGE,0.08137097209692001,FRIEND,FRIEND
asllrp_other_ctc:84087:span00,asllrp_other_ctc,True,0.16683333333333333,0.5338666666666667,FRIEND,0.53,FRIEND,0.24915294349193573,,FRIEND SIGN
asllrp_other_ctc:84087:span00,asllrp_other_ctc,True,0.16683333333333333,0.5338666666666667,FRIEND,0.66,FRIEND,0.7566937208175659,FRIEND,FRIEND SIGN
asllrp_other_ctc:84087:span00,asllrp_other_ctc,True,0.16683333333333333,0.5338666666666667,FRIEND,0.79,FRIEND,0.12373078614473343,FRIEND,FRIEND SIGN
asllrp_other_ctc:84087:span00,asllrp_other_ctc,True,0.16683333333333333,0.5338666666666667,FRIEND,0.92,SIGN,0.356031209230423,FRIEND,FRIEND SIGN
asllrp_other_ctc:84087:span00,asllrp_other_ctc,True,0.16683333333333333,0.5338666666666667,FRIEND,1.05,SIGN,0.11365728825330734,FRIEND SIGN,FRIEND SIGN
asllrp_other_ctc:84088:span00,asllrp_other_ctc,True,0.16683333333333333,0.5005000000000001,FRIEND,0.53,FRIEND,0.9485124349594116,,FRIEND SIGN
asllrp_other_ctc:84088:span00,asllrp_other_ctc,True,0.16683333333333333,0.5005000000000001,FRIEND,0.66,FRIEND,0.8833636045455933,FRIEND,FRIEND SIGN
asllrp_other_ctc:84088:span00,asllrp_other_ctc,True,0.16683333333333333,0.5005000000000001,FRIEND,0.79,SIGN,0.13111059367656708,FRIEND,FRIEND SIGN
asllrp_other_ctc:84088:span00,asllrp_other_ctc,True,0.16683333333333333,0.5005000000000001,FRIEND,0.92,GIVE,0.19406923651695251,FRIEND,FRIEND SIGN
asllrp_other_ctc:84099:span00,asllrp_other_ctc,True,0.4337666666666667,0.7674333333333333,WORK,0.53,I,0.7049097418785095,,WORK SORRY
asllrp_other_ctc:84099:span00,asllrp_other_ctc,True,0.4337666666666667,0.7674333333333333,WORK,0.66,MAKE,0.2777729034423828,,WORK SORRY
asllrp_other_ctc:84099:span00,asllrp_other_ctc,True,0.4337666666666667,0.7674333333333333,WORK,0.79,WORK,0.20841729640960693,,WORK SORRY
asllrp_other_ctc:84099:span00,asllrp_other_ctc,True,0.4337666666666667,0.7674333333333333,WORK,0.92,WORK,0.6844694018363953,WORK,WORK SORRY
asllrp_other_ctc:84099:span00,asllrp_other_ctc,True,0.4337666666666667,0.7674333333333333,WORK,1.05,WORK,0.5863695740699768,WORK,WORK SORRY
asllrp_other_ctc:84099:span00,asllrp_other_ctc,True,0.4337666666666667,0.7674333333333333,WORK,1.1800000000000002,WORK,0.2767096757888794,WORK,WORK SORRY
asllrp_other_ctc:841010:span00,asllrp_other_ctc,True,0.16683333333333333,0.4337666666666667,FRIEND,0.53,FRIEND,0.6983432173728943,,SIGN YEAR TELL
asllrp_other_ctc:841010:span00,asllrp_other_ctc,True,0.16683333333333333,0.4337666666666667,FRIEND,0.66,SIGN,0.1333480179309845,,SIGN YEAR TELL
asllrp_other_ctc:841010:span00,asllrp_other_ctc,True,0.16683333333333333,0.4337666666666667,FRIEND,0.79,SIGN,0.14038920402526855,SIGN,SIGN YEAR TELL
asllrp_other_ctc:841010:span00,asllrp_other_ctc,True,0.16683333333333333,0.4337666666666667,FRIEND,0.92,SIGN,0.1898936778306961,SIGN,SIGN YEAR TELL
asllrp_other_ctc:841111:span00,asllrp_other_ctc,True,0.16683333333333333,0.40040000000000003,FRIEND,0.53,FRIEND,0.832209050655365,,FRIEND TIRED COLD GO ANGRY
asllrp_other_ctc:841111:span00,asllrp_other_ctc,True,0.16683333333333333,0.40040000000000003,FRIEND,0.66,FRIEND,0.7476728558540344,FRIEND,FRIEND TIRED COLD GO ANGRY
asllrp_other_ctc:841111:span00,asllrp_other_ctc,True,0.16683333333333333,0.40040000000000003,FRIEND,0.79,HOW,0.13870278000831604,FRIEND,FRIEND TIRED COLD GO ANGRY
asllrp_other_ctc:841111:span00,asllrp_other_ctc,True,0.16683333333333333,0.40040000000000003,FRIEND,0.92,NOW,0.192383274435997,FRIEND,FRIEND TIRED COLD GO ANGRY
asllrp_other_ctc:841111:span00,asllrp_other_ctc,True,0.5005000000000001,0.6339666666666667,NOW,0.53,FRIEND,0.832209050655365,,FRIEND TIRED COLD GO ANGRY
asllrp_other_ctc:841111:span00,asllrp_other_ctc,True,0.5005000000000001,0.6339666666666667,NOW,0.66,FRIEND,0.7476728558540344,FRIEND,FRIEND TIRED COLD GO ANGRY
asllrp_other_ctc:841111:span00,asllrp_other_ctc,True,0.5005000000000001,0.6339666666666667,NOW,0.79,HOW,0.13870278000831604,FRIEND,FRIEND TIRED COLD GO ANGRY
asllrp_other_ctc:841111:span00,asllrp_other_ctc,True,0.5005000000000001,0.6339666666666667,NOW,0.92,NOW,0.192383274435997,FRIEND,FRIEND TIRED COLD GO ANGRY
asllrp_other_ctc:841111:span00,asllrp_other_ctc,True,0.5005000000000001,0.6339666666666667,NOW,1.05,TIRED,0.6917111277580261,FRIEND,FRIEND TIRED COLD GO ANGRY
asllrp_other_ctc:841212:span00,asllrp_other_ctc,True,0.16683333333333333,0.33366666666666667,NOW,0.53,NOW,0.5141597986221313,,TALK SCHOOL
asllrp_other_ctc:841212:span00,asllrp_other_ctc,True,0.16683333333333333,0.33366666666666667,NOW,0.66,TIRED,0.1272696703672409,,TALK SCHOOL
asllrp_other_ctc:841212:span00,asllrp_other_ctc,True,0.16683333333333333,0.33366666666666667,NOW,0.79,YOUR,0.09947646409273148,,TALK SCHOOL
asllrp_other_ctc:841212:span00,asllrp_other_ctc,True,1.2679333333333334,1.5682333333333334,SCHOOL,0.79,YOUR,0.09947646409273148,,TALK SCHOOL
asllrp_other_ctc:841212:span00,asllrp_other_ctc,True,1.2679333333333334,1.5682333333333334,SCHOOL,0.92,TALK,0.228059783577919,,TALK SCHOOL
asllrp_other_ctc:841212:span00,asllrp_other_ctc,True,1.2679333333333334,1.5682333333333334,SCHOOL,1.05,TALK,0.13106179237365723,TALK,TALK SCHOOL
asllrp_other_ctc:841212:span00,asllrp_other_ctc,True,1.2679333333333334,1.5682333333333334,SCHOOL,1.1800000000000002,GOOD,0.2627604007720947,TALK,TALK SCHOOL
asllrp_other_ctc:841212:span00,asllrp_other_ctc,True,1.2679333333333334,1.5682333333333334,SCHOOL,1.31,SLEEP,0.28453224897384644,TALK,TALK SCHOOL
asllrp_other_ctc:841212:span00,asllrp_other_ctc,True,1.2679333333333334,1.5682333333333334,SCHOOL,1.44,STOP,0.1667119860649109,TALK,TALK SCHOOL
asllrp_other_ctc:841212:span00,asllrp_other_ctc,True,1.2679333333333334,1.5682333333333334,SCHOOL,1.57,SCHOOL,0.16370730102062225,TALK,TALK SCHOOL
asllrp_other_ctc:841212:span00,asllrp_other_ctc,True,1.2679333333333334,1.5682333333333334,SCHOOL,1.7,SCHOOL,0.6078715324401855,TALK SCHOOL,TALK SCHOOL
asllrp_other_ctc:841212:span00,asllrp_other_ctc,True,1.2679333333333334,1.5682333333333334,SCHOOL,1.7017,SCHOOL,0.5653385519981384,TALK SCHOOL,TALK SCHOOL
asllrp_other_ctc:841213:span00,asllrp_other_ctc,True,0.16683333333333333,0.5338666666666667,FRIEND,0.53,FRIEND,0.939997673034668,,FRIEND YESTERDAY LISTEN WATER
asllrp_other_ctc:841213:span00,asllrp_other_ctc,True,0.16683333333333333,0.5338666666666667,FRIEND,0.66,FRIEND,0.41349101066589355,FRIEND,FRIEND YESTERDAY LISTEN WATER
asllrp_other_ctc:841213:span00,asllrp_other_ctc,True,0.16683333333333333,0.5338666666666667,FRIEND,0.79,FRIEND,0.38661491870880127,FRIEND,FRIEND YESTERDAY LISTEN WATER
asllrp_other_ctc:841213:span00,asllrp_other_ctc,True,0.16683333333333333,0.5338666666666667,FRIEND,0.92,SIGN,0.27057895064353943,FRIEND,FRIEND YESTERDAY LISTEN WATER
asllrp_other_ctc:841213:span00,asllrp_other_ctc,True,0.16683333333333333,0.5338666666666667,FRIEND,1.05,TELL,0.2726673483848572,FRIEND,FRIEND YESTERDAY LISTEN WATER
asllrp_other_ctc:841314:span00,asllrp_other_ctc,True,0.16683333333333333,0.5005000000000001,FRIEND,0.53,FRIEND,0.518791675567627,,FRIEND SIGN ANGRY MAKE
asllrp_other_ctc:841314:span00,asllrp_other_ctc,True,0.16683333333333333,0.5005000000000001,FRIEND,0.66,FRIEND,0.3305363357067108,FRIEND,FRIEND SIGN ANGRY MAKE
asllrp_other_ctc:841314:span00,asllrp_other_ctc,True,0.16683333333333333,0.5005000000000001,FRIEND,0.79,SIGN,0.3209628164768219,FRIEND,FRIEND SIGN ANGRY MAKE
asllrp_other_ctc:841314:span00,asllrp_other_ctc,True,0.16683333333333333,0.5005000000000001,FRIEND,0.92,SIGN,0.12476052343845367,FRIEND SIGN,FRIEND SIGN ANGRY MAKE
asllrp_other_ctc:841314:span00,asllrp_other_ctc,True,0.6006,0.7674333333333333,NOW,0.53,FRIEND,0.518791675567627,,FRIEND SIGN ANGRY MAKE
asllrp_other_ctc:841314:span00,asllrp_other_ctc,True,0.6006,0.7674333333333333,NOW,0.66,FRIEND,0.3305363357067108,FRIEND,FRIEND SIGN ANGRY MAKE
asllrp_other_ctc:841314:span00,asllrp_other_ctc,True,0.6006,0.7674333333333333,NOW,0.79,SIGN,0.3209628164768219,FRIEND,FRIEND SIGN ANGRY MAKE
asllrp_other_ctc:841314:span00,asllrp_other_ctc,True,0.6006,0.7674333333333333,NOW,0.92,SIGN,0.12476052343845367,FRIEND SIGN,FRIEND SIGN ANGRY MAKE
asllrp_other_ctc:841314:span00,asllrp_other_ctc,True,0.6006,0.7674333333333333,NOW,1.05,NOW,0.848863959312439,FRIEND SIGN,FRIEND SIGN ANGRY MAKE
asllrp_other_ctc:841314:span00,asllrp_other_ctc,True,0.6006,0.7674333333333333,NOW,1.1800000000000002,ANGRY,0.22891798615455627,FRIEND SIGN,FRIEND SIGN ANGRY MAKE
asllrp_other_ctc:841415:span00,asllrp_other_ctc,True,0.16683333333333333,0.5338666666666667,FRIEND,0.53,FRIEND,0.9313356280326843,,FRIEND THINK HELLO
asllrp_other_ctc:841415:span00,asllrp_other_ctc,True,0.16683333333333333,0.5338666666666667,FRIEND,0.66,FRIEND,0.8963383436203003,FRIEND,FRIEND THINK HELLO
asllrp_other_ctc:841415:span00,asllrp_other_ctc,True,0.16683333333333333,0.5338666666666667,FRIEND,0.79,FRIEND,0.7311086654663086,FRIEND,FRIEND THINK HELLO
asllrp_other_ctc:841415:span00,asllrp_other_ctc,True,0.16683333333333333,0.5338666666666667,FRIEND,0.92,FRIEND,0.39486706256866455,FRIEND,FRIEND THINK HELLO
asllrp_other_ctc:841415:span00,asllrp_other_ctc,True,0.16683333333333333,0.5338666666666667,FRIEND,1.05,TRY,0.22862188518047333,FRIEND,FRIEND THINK HELLO
asllrp_other_ctc:841415:span00,asllrp_other_ctc,True,0.6006,0.6673333333333333,NOW,0.53,FRIEND,0.9313356280326843,,FRIEND THINK HELLO
asllrp_other_ctc:841415:span00,asllrp_other_ctc,True,0.6006,0.6673333333333333,NOW,0.66,FRIEND,0.8963383436203003,FRIEND,FRIEND THINK HELLO
asllrp_other_ctc:841415:span00,asllrp_other_ctc,True,0.6006,0.6673333333333333,NOW,0.79,FRIEND,0.7311086654663086,FRIEND,FRIEND THINK HELLO
asllrp_other_ctc:841415:span00,asllrp_other_ctc,True,0.6006,0.6673333333333333,NOW,0.92,FRIEND,0.39486706256866455,FRIEND,FRIEND THINK HELLO
asllrp_other_ctc:841415:span00,asllrp_other_ctc,True,0.6006,0.6673333333333333,NOW,1.05,TRY,0.22862188518047333,FRIEND,FRIEND THINK HELLO
asllrp_other_ctc:841415:span00,asllrp_other_ctc,True,0.6006,0.6673333333333333,NOW,1.1800000000000002,TIRED,0.07239161431789398,FRIEND,FRIEND THINK HELLO
asllrp_other_ctc:841415:span00,asllrp_other_ctc,True,1.3680333333333334,1.6016000000000001,HOME,0.92,FRIEND,0.39486706256866455,FRIEND,FRIEND THINK HELLO
asllrp_other_ctc:841415:span00,asllrp_other_ctc,True,1.3680333333333334,1.6016000000000001,HOME,1.05,TRY,0.22862188518047333,FRIEND,FRIEND THINK HELLO
asllrp_other_ctc:841415:span00,asllrp_other_ctc,True,1.3680333333333334,1.6016000000000001,HOME,1.1800000000000002,TIRED,0.07239161431789398,FRIEND,FRIEND THINK HELLO
asllrp_other_ctc:841415:span00,asllrp_other_ctc,True,1.3680333333333334,1.6016000000000001,HOME,1.31,SLEEP,0.12197573482990265,FRIEND,FRIEND THINK HELLO
asllrp_other_ctc:841415:span00,asllrp_other_ctc,True,1.3680333333333334,1.6016000000000001,HOME,1.44,SIGN,0.16417688131332397,FRIEND,FRIEND THINK HELLO
asllrp_other_ctc:841415:span00,asllrp_other_ctc,True,1.3680333333333334,1.6016000000000001,HOME,1.57,THINK,0.6103710532188416,FRIEND,FRIEND THINK HELLO
asllrp_other_ctc:841415:span00,asllrp_other_ctc,True,1.3680333333333334,1.6016000000000001,HOME,1.7,THINK,0.2614750564098358,FRIEND THINK,FRIEND THINK HELLO
asllrp_other_ctc:841415:span00,asllrp_other_ctc,True,1.3680333333333334,1.6016000000000001,HOME,1.83,WHY,0.1785157471895218,FRIEND THINK,FRIEND THINK HELLO
asllrp_other_ctc:841415:span00,asllrp_other_ctc,True,1.3680333333333334,1.6016000000000001,HOME,1.9600000000000002,HELLO,0.7887053489685059,FRIEND THINK,FRIEND THINK HELLO
asllrp_other_ctc:841415:span00,asllrp_other_ctc,True,1.3680333333333334,1.6016000000000001,HOME,2.09,HELLO,0.4298830032348633,FRIEND THINK HELLO,FRIEND THINK HELLO
asllrp_other_ctc:841516:span00,asllrp_other_ctc,True,0.16683333333333333,0.5672333333333334,FRIEND,0.53,FRIEND,0.8983222842216492,,FRIEND NOW YES MORE
asllrp_other_ctc:841516:span00,asllrp_other_ctc,True,0.16683333333333333,0.5672333333333334,FRIEND,0.66,FRIEND,0.9104230403900146,FRIEND,FRIEND NOW YES MORE
asllrp_other_ctc:841516:span00,asllrp_other_ctc,True,0.16683333333333333,0.5672333333333334,FRIEND,0.79,FRIEND,0.833507239818573,FRIEND,FRIEND NOW YES MORE
asllrp_other_ctc:841516:span00,asllrp_other_ctc,True,0.16683333333333333,0.5672333333333334,FRIEND,0.92,WHEN,0.20373372733592987,FRIEND,FRIEND NOW YES MORE
asllrp_other_ctc:841516:span00,asllrp_other_ctc,True,0.16683333333333333,0.5672333333333334,FRIEND,1.05,NOW,0.22714312374591827,FRIEND,FRIEND NOW YES MORE
asllrp_other_ctc:841516:span00,asllrp_other_ctc,True,0.7007,0.8008000000000001,NOW,0.53,FRIEND,0.8983222842216492,,FRIEND NOW YES MORE
asllrp_other_ctc:841516:span00,asllrp_other_ctc,True,0.7007,0.8008000000000001,NOW,0.66,FRIEND,0.9104230403900146,FRIEND,FRIEND NOW YES MORE
asllrp_other_ctc:841516:span00,asllrp_other_ctc,True,0.7007,0.8008000000000001,NOW,0.79,FRIEND,0.833507239818573,FRIEND,FRIEND NOW YES MORE
asllrp_other_ctc:841516:span00,asllrp_other_ctc,True,0.7007,0.8008000000000001,NOW,0.92,WHEN,0.20373372733592987,FRIEND,FRIEND NOW YES MORE
asllrp_other_ctc:841516:span00,asllrp_other_ctc,True,0.7007,0.8008000000000001,NOW,1.05,NOW,0.22714312374591827,FRIEND,FRIEND NOW YES MORE
asllrp_other_ctc:841516:span00,asllrp_other_ctc,True,0.7007,0.8008000000000001,NOW,1.1800000000000002,NOW,0.6298601031303406,FRIEND NOW,FRIEND NOW YES MORE
asllrp_other_ctc:841516:span00,asllrp_other_ctc,True,0.7007,0.8008000000000001,NOW,1.31,NOW,0.45026615262031555,FRIEND NOW,FRIEND NOW YES MORE
asllrp_other_ctc:841517:span00,asllrp_other_ctc,True,0.16683333333333333,0.40040000000000003,FRIEND,0.53,FRIEND,0.7612756490707397,,TIRED TRY
asllrp_other_ctc:841517:span00,asllrp_other_ctc,True,0.16683333333333333,0.40040000000000003,FRIEND,0.66,WHEN,0.5070013999938965,,TIRED TRY
asllrp_other_ctc:841517:span00,asllrp_other_ctc,True,0.16683333333333333,0.40040000000000003,FRIEND,0.79,DIFFERENT,0.08898547291755676,,TIRED TRY
asllrp_other_ctc:841517:span00,asllrp_other_ctc,True,0.16683333333333333,0.40040000000000003,FRIEND,0.92,FAMILY,0.5196540951728821,,TIRED TRY
asllrp_other_ctc:841618:span00,asllrp_other_ctc,True,0.16683333333333333,0.40040000000000003,FRIEND,0.53,FRIEND,0.9152965545654297,,FRIEND SIGN GOOD NO
asllrp_other_ctc:841618:span00,asllrp_other_ctc,True,0.16683333333333333,0.40040000000000003,FRIEND,0.66,FRIEND,0.5105683207511902,FRIEND,FRIEND SIGN GOOD NO
asllrp_other_ctc:841618:span00,asllrp_other_ctc,True,0.16683333333333333,0.40040000000000003,FRIEND,0.79,SIGN,0.3326917588710785,FRIEND,FRIEND SIGN GOOD NO
asllrp_other_ctc:841618:span00,asllrp_other_ctc,True,0.16683333333333333,0.40040000000000003,FRIEND,0.92,SIGN,0.2536553740501404,FRIEND SIGN,FRIEND SIGN GOOD NO
asllrp_other_ctc:841719:span00,asllrp_other_ctc,True,0.8675333333333334,1.0010000000000001,WORK,0.53,YESTERDAY,0.18625500798225403,,TAKE WORK HOME YOU
asllrp_other_ctc:841719:span00,asllrp_other_ctc,True,0.8675333333333334,1.0010000000000001,WORK,0.66,TAKE,0.1534898430109024,,TAKE WORK HOME YOU
asllrp_other_ctc:841719:span00,asllrp_other_ctc,True,0.8675333333333334,1.0010000000000001,WORK,0.79,TAKE,0.24213019013404846,TAKE,TAKE WORK HOME YOU
asllrp_other_ctc:841719:span00,asllrp_other_ctc,True,0.8675333333333334,1.0010000000000001,WORK,0.92,TOMORROW,0.2543940246105194,TAKE,TAKE WORK HOME YOU
asllrp_other_ctc:841719:span00,asllrp_other_ctc,True,0.8675333333333334,1.0010000000000001,WORK,1.05,WORK,0.4090765118598938,TAKE,TAKE WORK HOME YOU
asllrp_other_ctc:841719:span00,asllrp_other_ctc,True,0.8675333333333334,1.0010000000000001,WORK,1.1800000000000002,WORK,0.30694159865379333,TAKE WORK,TAKE WORK HOME YOU
asllrp_other_ctc:841719:span00,asllrp_other_ctc,True,0.8675333333333334,1.0010000000000001,WORK,1.31,NIGHT,0.403560072183609,TAKE WORK,TAKE WORK HOME YOU
asllrp_other_ctc:841719:span00,asllrp_other_ctc,True,0.8675333333333334,1.0010000000000001,WORK,1.44,HOME,0.15968453884124756,TAKE WORK,TAKE WORK HOME YOU
asllrp_other_ctc:841720:span00,asllrp_other_ctc,True,0.16683333333333333,0.5338666666666667,FRIEND,0.53,FRIEND,0.17595519125461578,,FRIEND ANSWER WORK
asllrp_other_ctc:841720:span00,asllrp_other_ctc,True,0.16683333333333333,0.5338666666666667,FRIEND,0.66,FRIEND,0.7191296219825745,FRIEND,FRIEND ANSWER WORK
asllrp_other_ctc:841720:span00,asllrp_other_ctc,True,0.16683333333333333,0.5338666666666667,FRIEND,0.79,FRIEND,0.5117058753967285,FRIEND,FRIEND ANSWER WORK
asllrp_other_ctc:841720:span00,asllrp_other_ctc,True,0.16683333333333333,0.5338666666666667,FRIEND,0.92,FRIEND,0.461791455745697,FRIEND,FRIEND ANSWER WORK
asllrp_other_ctc:841720:span00,asllrp_other_ctc,True,0.16683333333333333,0.5338666666666667,FRIEND,1.05,ANSWER,0.09910199046134949,FRIEND,FRIEND ANSWER WORK
asllrp_other_ctc:842023:span00,asllrp_other_ctc,True,0.16683333333333333,0.46713333333333334,FRIEND,0.53,MAKE,0.3949408233165741,,FRIEND WHY NO
asllrp_other_ctc:842023:span00,asllrp_other_ctc,True,0.16683333333333333,0.46713333333333334,FRIEND,0.66,FRIEND,0.23297055065631866,,FRIEND WHY NO
asllrp_other_ctc:842023:span00,asllrp_other_ctc,True,0.16683333333333333,0.46713333333333334,FRIEND,0.79,FRIEND,0.1213303953409195,FRIEND,FRIEND WHY NO
asllrp_other_ctc:842023:span00,asllrp_other_ctc,True,0.16683333333333333,0.46713333333333334,FRIEND,0.92,WANT,0.10767056047916412,FRIEND,FRIEND WHY NO
asllrp_other_ctc:842024:span00,asllrp_other_ctc,True,0.4337666666666667,0.7007,EASY,0.53,HOW,0.5473859906196594,,HOW MAKE WORK
asllrp_other_ctc:842024:span00,asllrp_other_ctc,True,0.4337666666666667,0.7007,EASY,0.66,HOW,0.850845217704773,HOW,HOW MAKE WORK
asllrp_other_ctc:842024:span00,asllrp_other_ctc,True,0.4337666666666667,0.7007,EASY,0.79,HOW,0.7001467943191528,HOW,HOW MAKE WORK
asllrp_other_ctc:842024:span00,asllrp_other_ctc,True,0.4337666666666667,0.7007,EASY,0.92,MY,0.14921881258487701,HOW,HOW MAKE WORK
asllrp_other_ctc:842024:span00,asllrp_other_ctc,True,0.4337666666666667,0.7007,EASY,1.05,HUNGRY,0.11068596690893173,HOW,HOW MAKE WORK
asllrp_other_ctc:842024:span00,asllrp_other_ctc,True,0.4337666666666667,0.7007,EASY,1.1800000000000002,NO_EMIT,0.10174069553613663,HOW,HOW MAKE WORK
asllrp_other_ctc:842226:span00,asllrp_other_ctc,True,0.16683333333333333,0.46713333333333334,FRIEND,0.53,MAKE,0.33339956402778625,,MAKE LOVE SAME WORK
asllrp_other_ctc:842226:span00,asllrp_other_ctc,True,0.16683333333333333,0.46713333333333334,FRIEND,0.66,FRIEND,0.3876924216747284,,MAKE LOVE SAME WORK
asllrp_other_ctc:842226:span00,asllrp_other_ctc,True,0.16683333333333333,0.46713333333333334,FRIEND,0.79,MAKE,0.3116007149219513,,MAKE LOVE SAME WORK
asllrp_other_ctc:842226:span00,asllrp_other_ctc,True,0.16683333333333333,0.46713333333333334,FRIEND,0.92,MAKE,0.14903120696544647,MAKE,MAKE LOVE SAME WORK
asllrp_other_ctc:842327:span00,asllrp_other_ctc,True,0.16683333333333333,0.40040000000000003,FRIEND,0.53,FRIEND,0.38408610224723816,,FRIEND LOVE WORK
asllrp_other_ctc:842327:span00,asllrp_other_ctc,True,0.16683333333333333,0.40040000000000003,FRIEND,0.66,FRIEND,0.41700711846351624,FRIEND,FRIEND LOVE WORK
asllrp_other_ctc:842327:span00,asllrp_other_ctc,True,0.16683333333333333,0.40040000000000003,FRIEND,0.79,MAKE,0.263289213180542,FRIEND,FRIEND LOVE WORK
asllrp_other_ctc:842327:span00,asllrp_other_ctc,True,0.16683333333333333,0.40040000000000003,FRIEND,0.92,LOVE,0.2862781286239624,FRIEND,FRIEND LOVE WORK
asllrp_other_ctc:842429:span00,asllrp_other_ctc,True,0.16683333333333333,0.7674333333333333,FRIEND,0.53,FRIEND,0.8235647082328796,,FRIEND MAKE GIVE GIVE
asllrp_other_ctc:842429:span00,asllrp_other_ctc,True,0.16683333333333333,0.7674333333333333,FRIEND,0.66,FRIEND,0.8469370007514954,FRIEND,FRIEND MAKE GIVE GIVE
asllrp_other_ctc:842429:span00,asllrp_other_ctc,True,0.16683333333333333,0.7674333333333333,FRIEND,0.79,FRIEND,0.7033718228340149,FRIEND,FRIEND MAKE GIVE GIVE
asllrp_other_ctc:842429:span00,asllrp_other_ctc,True,0.16683333333333333,0.7674333333333333,FRIEND,0.92,MAKE,0.4048193395137787,FRIEND,FRIEND MAKE GIVE GIVE
asllrp_other_ctc:842429:span00,asllrp_other_ctc,True,0.16683333333333333,0.7674333333333333,FRIEND,1.05,MAKE,0.4384916424751282,FRIEND MAKE,FRIEND MAKE GIVE GIVE
asllrp_other_ctc:842429:span00,asllrp_other_ctc,True,0.16683333333333333,0.7674333333333333,FRIEND,1.1800000000000002,MAKE,0.4299186170101166,FRIEND MAKE,FRIEND MAKE GIVE GIVE
asllrp_other_ctc:842429:span00,asllrp_other_ctc,True,1.4681333333333333,1.7017,WHERE,1.05,MAKE,0.4384916424751282,FRIEND MAKE,FRIEND MAKE GIVE GIVE
asllrp_other_ctc:842429:span00,asllrp_other_ctc,True,1.4681333333333333,1.7017,WHERE,1.1800000000000002,MAKE,0.4299186170101166,FRIEND MAKE,FRIEND MAKE GIVE GIVE
asllrp_other_ctc:842429:span00,asllrp_other_ctc,True,1.4681333333333333,1.7017,WHERE,1.31,SIGN,0.2100967913866043,FRIEND MAKE,FRIEND MAKE GIVE GIVE
asllrp_other_ctc:842429:span00,asllrp_other_ctc,True,1.4681333333333333,1.7017,WHERE,1.44,GIVE,0.18061308562755585,FRIEND MAKE,FRIEND MAKE GIVE GIVE
asllrp_other_ctc:842429:span00,asllrp_other_ctc,True,1.4681333333333333,1.7017,WHERE,1.57,GIVE,0.10298247635364532,FRIEND MAKE GIVE,FRIEND MAKE GIVE GIVE
asllrp_other_ctc:842429:span00,asllrp_other_ctc,True,1.4681333333333333,1.7017,WHERE,1.7,TRY,0.19427259266376495,FRIEND MAKE GIVE,FRIEND MAKE GIVE GIVE
asllrp_other_ctc:842429:span00,asllrp_other_ctc,True,1.4681333333333333,1.7017,WHERE,1.83,YES,0.18345803022384644,FRIEND MAKE GIVE,FRIEND MAKE GIVE GIVE
asllrp_other_ctc:842429:span00,asllrp_other_ctc,True,1.4681333333333333,1.7017,WHERE,1.9600000000000002,TOMORROW,0.18381991982460022,FRIEND MAKE GIVE,FRIEND MAKE GIVE GIVE
asllrp_other_ctc:842429:span00,asllrp_other_ctc,True,1.4681333333333333,1.7017,WHERE,2.09,GIVE,0.2296149581670761,FRIEND MAKE GIVE,FRIEND MAKE GIVE GIVE
asllrp_other_ctc:842429:span00,asllrp_other_ctc,True,1.4681333333333333,1.7017,WHERE,2.2199999999999998,GIVE,0.1970188021659851,FRIEND MAKE GIVE GIVE,FRIEND MAKE GIVE GIVE
asllrp_other_ctc:842530:span00,asllrp_other_ctc,True,0.16683333333333333,0.5338666666666667,FRIEND,0.53,FRIEND,0.520426869392395,,FRIEND GIVE
asllrp_other_ctc:842530:span00,asllrp_other_ctc,True,0.16683333333333333,0.5338666666666667,FRIEND,0.66,FRIEND,0.7022624611854553,FRIEND,FRIEND GIVE
asllrp_other_ctc:842530:span00,asllrp_other_ctc,True,0.16683333333333333,0.5338666666666667,FRIEND,0.79,MAKE,0.22211194038391113,FRIEND,FRIEND GIVE
asllrp_other_ctc:842530:span00,asllrp_other_ctc,True,0.16683333333333333,0.5338666666666667,FRIEND,0.92,TELL,0.35953792929649353,FRIEND,FRIEND GIVE
asllrp_other_ctc:842530:span00,asllrp_other_ctc,True,0.16683333333333333,0.5338666666666667,FRIEND,1.05,SIGN,0.19623993337154388,FRIEND,FRIEND GIVE
asllrp_other_ctc:842733:span00,asllrp_other_ctc,True,0.8341666666666667,1.2012,WORK,0.53,TELL,0.209763765335083,,MAKE WORK
asllrp_other_ctc:842733:span00,asllrp_other_ctc,True,0.8341666666666667,1.2012,WORK,0.66,MAKE,0.4482760727405548,,MAKE WORK
asllrp_other_ctc:842733:span00,asllrp_other_ctc,True,0.8341666666666667,1.2012,WORK,0.79,MAKE,0.45947709679603577,MAKE,MAKE WORK
asllrp_other_ctc:842733:span00,asllrp_other_ctc,True,0.8341666666666667,1.2012,WORK,0.92,FRIEND,0.25719717144966125,MAKE,MAKE WORK
asllrp_other_ctc:842733:span00,asllrp_other_ctc,True,0.8341666666666667,1.2012,WORK,1.05,TRY,0.12189244478940964,MAKE,MAKE WORK
asllrp_other_ctc:842733:span00,asllrp_other_ctc,True,0.8341666666666667,1.2012,WORK,1.1800000000000002,WORK,0.6316919326782227,MAKE,MAKE WORK
asllrp_other_ctc:842733:span00,asllrp_other_ctc,True,0.8341666666666667,1.2012,WORK,1.31,WORK,0.8650346994400024,MAKE WORK,MAKE WORK
asllrp_other_ctc:842733:span00,asllrp_other_ctc,True,0.8341666666666667,1.2012,WORK,1.44,WORK,0.5373625159263611,MAKE WORK,MAKE WORK
asllrp_other_ctc:842733:span00,asllrp_other_ctc,True,0.8341666666666667,1.2012,WORK,1.57,NIGHT,0.12488260120153427,MAKE WORK,MAKE WORK
asllrp_other_ctc:842733:span00,asllrp_other_ctc,True,0.8341666666666667,1.2012,WORK,1.7,USE,0.12696458399295807,MAKE WORK,MAKE WORK
asllrp_other_ctc:842834:span00,asllrp_other_ctc,True,0.5672333333333334,0.8675333333333334,WORK,0.53,MORNING,0.2669978439807892,,WORK LESS MORNING
asllrp_other_ctc:842834:span00,asllrp_other_ctc,True,0.5672333333333334,0.8675333333333334,WORK,0.66,SICK,0.1860038787126541,,WORK LESS MORNING
asllrp_other_ctc:842834:span00,asllrp_other_ctc,True,0.5672333333333334,0.8675333333333334,WORK,0.79,BAD,0.1360855996608734,,WORK LESS MORNING
asllrp_other_ctc:842834:span00,asllrp_other_ctc,True,0.5672333333333334,0.8675333333333334,WORK,0.92,SAME,0.11084429174661636,,WORK LESS MORNING
asllrp_other_ctc:842834:span00,asllrp_other_ctc,True,0.5672333333333334,0.8675333333333334,WORK,1.05,WORK,0.4101889133453369,,WORK LESS MORNING
asllrp_other_ctc:842834:span00,asllrp_other_ctc,True,0.5672333333333334,0.8675333333333334,WORK,1.1800000000000002,WORK,0.24312472343444824,WORK,WORK LESS MORNING
asllrp_other_ctc:842834:span00,asllrp_other_ctc,True,0.5672333333333334,0.8675333333333334,WORK,1.31,MORNING,0.44943884015083313,WORK,WORK LESS MORNING
asllrp_other_ctc:842935:span00,asllrp_other_ctc,True,0.40040000000000003,0.7340666666666666,WORK,0.53,WHO,0.16446271538734436,,WORK
asllrp_other_ctc:842935:span00,asllrp_other_ctc,True,0.40040000000000003,0.7340666666666666,WORK,0.66,WORK,0.2352905571460724,,WORK
asllrp_other_ctc:842935:span00,asllrp_other_ctc,True,0.40040000000000003,0.7340666666666666,WORK,0.79,WORK,0.5123720765113831,WORK,WORK
asllrp_other_ctc:842935:span00,asllrp_other_ctc,True,0.40040000000000003,0.7340666666666666,WORK,0.92,WORK,0.8693686723709106,WORK,WORK
asllrp_other_ctc:842935:span00,asllrp_other_ctc,True,0.40040000000000003,0.7340666666666666,WORK,1.05,WORK,0.794751763343811,WORK,WORK
asllrp_other_ctc:842935:span00,asllrp_other_ctc,True,0.40040000000000003,0.7340666666666666,WORK,1.1800000000000002,WORK,0.5455067157745361,WORK,WORK
asllrp_other_ctc:842935:span00,asllrp_other_ctc,True,1.1011,1.5348666666666666,WHERE,0.66,WORK,0.2352905571460724,,WORK
asllrp_other_ctc:842935:span00,asllrp_other_ctc,True,1.1011,1.5348666666666666,WHERE,0.79,WORK,0.5123720765113831,WORK,WORK
asllrp_other_ctc:842935:span00,asllrp_other_ctc,True,1.1011,1.5348666666666666,WHERE,0.92,WORK,0.8693686723709106,WORK,WORK
asllrp_other_ctc:842935:span00,asllrp_other_ctc,True,1.1011,1.5348666666666666,WHERE,1.05,WORK,0.794751763343811,WORK,WORK
asllrp_other_ctc:842935:span00,asllrp_other_ctc,True,1.1011,1.5348666666666666,WHERE,1.1800000000000002,WORK,0.5455067157745361,WORK,WORK
asllrp_other_ctc:842935:span00,asllrp_other_ctc,True,1.1011,1.5348666666666666,WHERE,1.31,WORK,0.4647173285484314,WORK,WORK
asllrp_other_ctc:842935:span00,asllrp_other_ctc,True,1.1011,1.5348666666666666,WHERE,1.44,WORK,0.29030105471611023,WORK,WORK
asllrp_other_ctc:842935:span00,asllrp_other_ctc,True,1.1011,1.5348666666666666,WHERE,1.57,WORK,0.4888971745967865,WORK,WORK
asllrp_other_ctc:842935:span00,asllrp_other_ctc,True,1.1011,1.5348666666666666,WHERE,1.6683333333333334,WHERE,0.8536542654037476,WORK,WORK
asllrp_other_ctc:843037:span00,asllrp_other_ctc,True,0.16683333333333333,0.5672333333333334,FRIEND,0.53,I,0.3214327394962311,,FRIEND TOMORROW YEAR
asllrp_other_ctc:843037:span00,asllrp_other_ctc,True,0.16683333333333333,0.5672333333333334,FRIEND,0.66,FRIEND,0.7960986495018005,,FRIEND TOMORROW YEAR
asllrp_other_ctc:843037:span00,asllrp_other_ctc,True,0.16683333333333333,0.5672333333333334,FRIEND,0.79,FRIEND,0.29782238602638245,FRIEND,FRIEND TOMORROW YEAR
asllrp_other_ctc:843037:span00,asllrp_other_ctc,True,0.16683333333333333,0.5672333333333334,FRIEND,0.92,FRIEND,0.35899949073791504,FRIEND,FRIEND TOMORROW YEAR
asllrp_other_ctc:843037:span00,asllrp_other_ctc,True,0.16683333333333333,0.5672333333333334,FRIEND,1.05,MAKE,0.10154973715543747,FRIEND,FRIEND TOMORROW YEAR
asllrp_other_ctc:843239:span00,asllrp_other_ctc,True,1.1344666666666667,1.3346666666666667,TIME,0.66,GO,0.7102505564689636,,I MAKE TIRED
asllrp_other_ctc:843239:span00,asllrp_other_ctc,True,1.1344666666666667,1.3346666666666667,TIME,0.79,SIGN,0.3470412790775299,,I MAKE TIRED
asllrp_other_ctc:843239:span00,asllrp_other_ctc,True,1.1344666666666667,1.3346666666666667,TIME,0.92,I,0.1145063266158104,,I MAKE TIRED
asllrp_other_ctc:843239:span00,asllrp_other_ctc,True,1.1344666666666667,1.3346666666666667,TIME,1.05,TIME,0.21836109459400177,,I MAKE TIRED
asllrp_other_ctc:843239:span00,asllrp_other_ctc,True,1.1344666666666667,1.3346666666666667,TIME,1.1800000000000002,I,0.5066775679588318,,I MAKE TIRED
asllrp_other_ctc:843239:span00,asllrp_other_ctc,True,1.1344666666666667,1.3346666666666667,TIME,1.31,I,0.40612533688545227,I,I MAKE TIRED
asllrp_other_ctc:843239:span00,asllrp_other_ctc,True,1.1344666666666667,1.3346666666666667,TIME,1.44,I,0.306078165769577,I,I MAKE TIRED
asllrp_other_ctc:843239:span00,asllrp_other_ctc,True,1.1344666666666667,1.3346666666666667,TIME,1.57,I,0.49519628286361694,I,I MAKE TIRED
asllrp_other_ctc:843239:span00,asllrp_other_ctc,True,1.1344666666666667,1.3346666666666667,TIME,1.7,MAKE,0.3781340718269348,I,I MAKE TIRED
asllrp_other_ctc:843239:span00,asllrp_other_ctc,True,1.1344666666666667,1.3346666666666667,TIME,1.83,MAKE,0.5763036608695984,I MAKE,I MAKE TIRED
asllrp_other_ctc:843240:span00,asllrp_other_ctc,True,1.0010000000000001,1.2345666666666666,WHERE,0.53,WATER,0.32917723059654236,,WORK YES
asllrp_other_ctc:843240:span00,asllrp_other_ctc,True,1.0010000000000001,1.2345666666666666,WHERE,0.66,NO,0.41104555130004883,,WORK YES
asllrp_other_ctc:843240:span00,asllrp_other_ctc,True,1.0010000000000001,1.2345666666666666,WHERE,0.79,TAKE,0.164836585521698,,WORK YES
asllrp_other_ctc:843240:span00,asllrp_other_ctc,True,1.0010000000000001,1.2345666666666666,WHERE,0.92,LIKE,0.21095812320709229,,WORK YES
asllrp_other_ctc:843240:span00,asllrp_other_ctc,True,1.0010000000000001,1.2345666666666666,WHERE,1.05,HOT,0.43178603053092957,,WORK YES
asllrp_other_ctc:843240:span00,asllrp_other_ctc,True,1.0010000000000001,1.2345666666666666,WHERE,1.1800000000000002,BAD,0.30812299251556396,,WORK YES
asllrp_other_ctc:843240:span00,asllrp_other_ctc,True,1.0010000000000001,1.2345666666666666,WHERE,1.31,TAKE,0.3708275258541107,,WORK YES
asllrp_other_ctc:843240:span00,asllrp_other_ctc,True,1.0010000000000001,1.2345666666666666,WHERE,1.44,WORK,0.18295033276081085,,WORK YES
asllrp_other_ctc:843240:span00,asllrp_other_ctc,True,1.0010000000000001,1.2345666666666666,WHERE,1.57,WORK,0.11556712538003922,WORK,WORK YES
asllrp_other_ctc:843240:span00,asllrp_other_ctc,True,1.0010000000000001,1.2345666666666666,WHERE,1.7,YOU,0.5085054039955139,WORK,WORK YES
asllrp_other_ctc:843342:span00,asllrp_other_ctc,True,1.1011,1.2679333333333334,LIKE,0.66,FRIEND,0.37180691957473755,,GO MORNING SICK
asllrp_other_ctc:843342:span00,asllrp_other_ctc,True,1.1011,1.2679333333333334,LIKE,0.79,DIFFERENT,0.36971601843833923,,GO MORNING SICK
asllrp_other_ctc:843342:span00,asllrp_other_ctc,True,1.1011,1.2679333333333334,LIKE,0.92,GO,0.23191580176353455,,GO MORNING SICK
asllrp_other_ctc:843342:span00,asllrp_other_ctc,True,1.1011,1.2679333333333334,LIKE,1.05,GO,0.5374886393547058,GO,GO MORNING SICK
asllrp_other_ctc:843342:span00,asllrp_other_ctc,True,1.1011,1.2679333333333334,LIKE,1.1800000000000002,FRIEND,0.26128068566322327,GO,GO MORNING SICK
asllrp_other_ctc:843342:span00,asllrp_other_ctc,True,1.1011,1.2679333333333334,LIKE,1.31,YEAR,0.16587477922439575,GO,GO MORNING SICK
asllrp_other_ctc:843342:span00,asllrp_other_ctc,True,1.1011,1.2679333333333334,LIKE,1.44,WOMAN,0.06660322844982147,GO,GO MORNING SICK
asllrp_other_ctc:843342:span00,asllrp_other_ctc,True,1.1011,1.2679333333333334,LIKE,1.57,MORNING,0.21730728447437286,GO,GO MORNING SICK
asllrp_other_ctc:843342:span00,asllrp_other_ctc,True,1.1011,1.2679333333333334,LIKE,1.7,MORNING,0.8007469177246094,GO MORNING,GO MORNING SICK
asllrp_other_ctc:843443:span00,asllrp_other_ctc,True,0.33366666666666667,0.6673333333333333,FRIEND,0.53,FRIEND,0.15862885117530823,,FRIEND BIG SLEEP
asllrp_other_ctc:843443:span00,asllrp_other_ctc,True,0.33366666666666667,0.6673333333333333,FRIEND,0.66,FRIEND,0.5825496912002563,FRIEND,FRIEND BIG SLEEP
asllrp_other_ctc:843443:span00,asllrp_other_ctc,True,0.33366666666666667,0.6673333333333333,FRIEND,0.79,FRIEND,0.6729351878166199,FRIEND,FRIEND BIG SLEEP
asllrp_other_ctc:843443:span00,asllrp_other_ctc,True,0.33366666666666667,0.6673333333333333,FRIEND,0.92,FRIEND,0.9337031841278076,FRIEND,FRIEND BIG SLEEP
asllrp_other_ctc:843443:span00,asllrp_other_ctc,True,0.33366666666666667,0.6673333333333333,FRIEND,1.05,FRIEND,0.7381830215454102,FRIEND,FRIEND BIG SLEEP
asllrp_other_ctc:843443:span00,asllrp_other_ctc,True,0.33366666666666667,0.6673333333333333,FRIEND,1.1800000000000002,YEAR,0.2804972529411316,FRIEND,FRIEND BIG SLEEP
asllrp_other_ctc:843545:span00,asllrp_other_ctc,True,1.1344666666666667,1.5015,WHERE,0.66,WAIT,0.11168479174375534,,WORK SAME
asllrp_other_ctc:843545:span00,asllrp_other_ctc,True,1.1344666666666667,1.5015,WHERE,0.79,DOCTOR,0.16235734522342682,,WORK SAME
asllrp_other_ctc:843545:span00,asllrp_other_ctc,True,1.1344666666666667,1.5015,WHERE,0.92,TIRED,0.17322801053524017,,WORK SAME
asllrp_other_ctc:843545:span00,asllrp_other_ctc,True,1.1344666666666667,1.5015,WHERE,1.05,FIND,0.2429683357477188,,WORK SAME
asllrp_other_ctc:843545:span00,asllrp_other_ctc,True,1.1344666666666667,1.5015,WHERE,1.1800000000000002,SLEEP,0.13715314865112305,,WORK SAME
asllrp_other_ctc:843545:span00,asllrp_other_ctc,True,1.1344666666666667,1.5015,WHERE,1.31,LESS,0.09432872384786606,,WORK SAME
asllrp_other_ctc:843545:span00,asllrp_other_ctc,True,1.1344666666666667,1.5015,WHERE,1.44,WORK,0.5338112115859985,,WORK SAME
asllrp_other_ctc:843545:span00,asllrp_other_ctc,True,1.1344666666666667,1.5015,WHERE,1.57,WORK,0.30277082324028015,WORK,WORK SAME
asllrp_other_ctc:843545:span00,asllrp_other_ctc,True,1.1344666666666667,1.5015,WHERE,1.7,WORK,0.13988324999809265,WORK,WORK SAME
asllrp_other_ctc:843545:span00,asllrp_other_ctc,True,1.1344666666666667,1.5015,WHERE,1.83,ANSWER,0.1270487755537033,WORK,WORK SAME
asllrp_other_ctc:843545:span00,asllrp_other_ctc,True,1.1344666666666667,1.5015,WHERE,1.9600000000000002,FRIEND,0.12186853587627411,WORK,WORK SAME
asllrp_other_ctc:843747:span00,asllrp_other_ctc,True,1.2012,1.6683333333333334,WHERE,0.79,MAYBE,0.19944599270820618,GIVE,GIVE NAME WORK
asllrp_other_ctc:843747:span00,asllrp_other_ctc,True,1.2012,1.6683333333333334,WHERE,0.92,WANT,0.10590577125549316,GIVE,GIVE NAME WORK
asllrp_other_ctc:843747:span00,asllrp_other_ctc,True,1.2012,1.6683333333333334,WHERE,1.05,NAME,0.2770191431045532,GIVE,GIVE NAME WORK
asllrp_other_ctc:843747:span00,asllrp_other_ctc,True,1.2012,1.6683333333333334,WHERE,1.1800000000000002,NAME,0.5901566743850708,GIVE NAME,GIVE NAME WORK
asllrp_other_ctc:843747:span00,asllrp_other_ctc,True,1.2012,1.6683333333333334,WHERE,1.31,NAME,0.6651930809020996,GIVE NAME,GIVE NAME WORK
asllrp_other_ctc:843747:span00,asllrp_other_ctc,True,1.2012,1.6683333333333334,WHERE,1.44,TRY,0.0817163959145546,GIVE NAME,GIVE NAME WORK
asllrp_other_ctc:843747:span00,asllrp_other_ctc,True,1.2012,1.6683333333333334,WHERE,1.57,WORK,0.22814318537712097,GIVE NAME,GIVE NAME WORK
asllrp_other_ctc:843747:span00,asllrp_other_ctc,True,1.2012,1.6683333333333334,WHERE,1.7,WORK,0.7798225283622742,GIVE NAME WORK,GIVE NAME WORK
asllrp_other_ctc:843747:span00,asllrp_other_ctc,True,1.2012,1.6683333333333334,WHERE,1.83,WORK,0.7138659954071045,GIVE NAME WORK,GIVE NAME WORK
asllrp_other_ctc:843747:span00,asllrp_other_ctc,True,1.2012,1.6683333333333334,WHERE,1.9600000000000002,WORK,0.14346057176589966,GIVE NAME WORK,GIVE NAME WORK
asllrp_other_ctc:843747:span00,asllrp_other_ctc,True,1.2012,1.6683333333333334,WHERE,2.09,MAKE,0.14211955666542053,GIVE NAME WORK,GIVE NAME WORK
asllrp_other_ctc:843747:span00,asllrp_other_ctc,True,1.2012,1.6683333333333334,WHERE,2.1021,I,0.2344127595424652,GIVE NAME WORK,GIVE NAME WORK
asllrp_other_ctc:843848:span00,asllrp_other_ctc,True,0.33366666666666667,0.6339666666666667,FRIEND,0.53,FRIEND,0.1414196938276291,,FRIEND TELL SAME WHY
asllrp_other_ctc:843848:span00,asllrp_other_ctc,True,0.33366666666666667,0.6339666666666667,FRIEND,0.66,FRIEND,0.4793538451194763,FRIEND,FRIEND TELL SAME WHY
asllrp_other_ctc:843848:span00,asllrp_other_ctc,True,0.33366666666666667,0.6339666666666667,FRIEND,0.79,FRIEND,0.8290712833404541,FRIEND,FRIEND TELL SAME WHY
asllrp_other_ctc:843848:span00,asllrp_other_ctc,True,0.33366666666666667,0.6339666666666667,FRIEND,0.92,FRIEND,0.25294235348701477,FRIEND,FRIEND TELL SAME WHY
asllrp_other_ctc:843848:span00,asllrp_other_ctc,True,0.33366666666666667,0.6339666666666667,FRIEND,1.05,SIGN,0.3284037709236145,FRIEND,FRIEND TELL SAME WHY
asllrp_other_ctc:843950:span00,asllrp_other_ctc,True,0.6006,0.8008000000000001,FRIEND,0.53,NIGHT,0.1382809579372406,,NIGHT SLEEP NAME
asllrp_other_ctc:843950:span00,asllrp_other_ctc,True,0.6006,0.8008000000000001,FRIEND,0.66,NIGHT,0.20004017651081085,NIGHT,NIGHT SLEEP NAME
asllrp_other_ctc:843950:span00,asllrp_other_ctc,True,0.6006,0.8008000000000001,FRIEND,0.79,TAKE,0.0404481440782547,NIGHT,NIGHT SLEEP NAME
asllrp_other_ctc:843950:span00,asllrp_other_ctc,True,0.6006,0.8008000000000001,FRIEND,0.92,FRIEND,0.11613219231367111,NIGHT,NIGHT SLEEP NAME
asllrp_other_ctc:843950:span00,asllrp_other_ctc,True,0.6006,0.8008000000000001,FRIEND,1.05,I,0.3343254625797272,NIGHT,NIGHT SLEEP NAME
asllrp_other_ctc:843950:span00,asllrp_other_ctc,True,0.6006,0.8008000000000001,FRIEND,1.1800000000000002,SIGN,0.23074860870838165,NIGHT,NIGHT SLEEP NAME
asllrp_other_ctc:843950:span00,asllrp_other_ctc,True,0.6006,0.8008000000000001,FRIEND,1.31,I,0.5043046474456787,NIGHT,NIGHT SLEEP NAME
asllrp_other_ctc:843950:span00,asllrp_other_ctc,True,1.6349666666666667,1.7684333333333333,SLEEP,1.1800000000000002,SIGN,0.23074860870838165,NIGHT,NIGHT SLEEP NAME
asllrp_other_ctc:843950:span00,asllrp_other_ctc,True,1.6349666666666667,1.7684333333333333,SLEEP,1.31,I,0.5043046474456787,NIGHT,NIGHT SLEEP NAME
asllrp_other_ctc:843950:span00,asllrp_other_ctc,True,1.6349666666666667,1.7684333333333333,SLEEP,1.44,SAME,0.1385660618543625,NIGHT,NIGHT SLEEP NAME
asllrp_other_ctc:843950:span00,asllrp_other_ctc,True,1.6349666666666667,1.7684333333333333,SLEEP,1.57,YEAR,0.250072181224823,NIGHT,NIGHT SLEEP NAME
asllrp_other_ctc:843950:span00,asllrp_other_ctc,True,1.6349666666666667,1.7684333333333333,SLEEP,1.7,MORNING,0.14641720056533813,NIGHT,NIGHT SLEEP NAME
asllrp_other_ctc:843950:span00,asllrp_other_ctc,True,1.6349666666666667,1.7684333333333333,SLEEP,1.83,SLEEP,0.08933717757463455,NIGHT,NIGHT SLEEP NAME
asllrp_other_ctc:843950:span00,asllrp_other_ctc,True,1.6349666666666667,1.7684333333333333,SLEEP,1.9600000000000002,SLEEP,0.7470151782035828,NIGHT SLEEP,NIGHT SLEEP NAME
asllrp_other_ctc:843950:span00,asllrp_other_ctc,True,1.6349666666666667,1.7684333333333333,SLEEP,2.09,SLEEP,0.46997204422950745,NIGHT SLEEP,NIGHT SLEEP NAME
asllrp_other_ctc:843950:span00,asllrp_other_ctc,True,1.6349666666666667,1.7684333333333333,SLEEP,2.2199999999999998,HOME,0.10548485815525055,NIGHT SLEEP,NIGHT SLEEP NAME
asllrp_other_ctc:844051:span00,asllrp_other_ctc,True,0.5672333333333334,0.8341666666666667,FRIEND,0.53,SLEEP,0.8976153135299683,,SLEEP FRIEND WHEN TIRED SAME
asllrp_other_ctc:844051:span00,asllrp_other_ctc,True,0.5672333333333334,0.8341666666666667,FRIEND,0.66,SLEEP,0.7415092587471008,SLEEP,SLEEP FRIEND WHEN TIRED SAME
asllrp_other_ctc:844051:span00,asllrp_other_ctc,True,0.5672333333333334,0.8341666666666667,FRIEND,0.79,FRIEND,0.2378278225660324,SLEEP,SLEEP FRIEND WHEN TIRED SAME
asllrp_other_ctc:844051:span00,asllrp_other_ctc,True,0.5672333333333334,0.8341666666666667,FRIEND,0.92,FRIEND,0.8432899117469788,SLEEP FRIEND,SLEEP FRIEND WHEN TIRED SAME
asllrp_other_ctc:844051:span00,asllrp_other_ctc,True,0.5672333333333334,0.8341666666666667,FRIEND,1.05,FRIEND,0.6639429926872253,SLEEP FRIEND,SLEEP FRIEND WHEN TIRED SAME
asllrp_other_ctc:844051:span00,asllrp_other_ctc,True,0.5672333333333334,0.8341666666666667,FRIEND,1.1800000000000002,WHEN,0.18882496654987335,SLEEP FRIEND,SLEEP FRIEND WHEN TIRED SAME
asllrp_other_ctc:844051:span00,asllrp_other_ctc,True,0.5672333333333334,0.8341666666666667,FRIEND,1.31,WHEN,0.06318854540586472,SLEEP FRIEND WHEN,SLEEP FRIEND WHEN TIRED SAME
asllrp_other_ctc:844051:span00,asllrp_other_ctc,True,1.2679333333333334,1.5348666666666666,TIRED,0.79,FRIEND,0.2378278225660324,SLEEP,SLEEP FRIEND WHEN TIRED SAME
asllrp_other_ctc:844051:span00,asllrp_other_ctc,True,1.2679333333333334,1.5348666666666666,TIRED,0.92,FRIEND,0.8432899117469788,SLEEP FRIEND,SLEEP FRIEND WHEN TIRED SAME
asllrp_other_ctc:844051:span00,asllrp_other_ctc,True,1.2679333333333334,1.5348666666666666,TIRED,1.05,FRIEND,0.6639429926872253,SLEEP FRIEND,SLEEP FRIEND WHEN TIRED SAME
asllrp_other_ctc:844051:span00,asllrp_other_ctc,True,1.2679333333333334,1.5348666666666666,TIRED,1.1800000000000002,WHEN,0.18882496654987335,SLEEP FRIEND,SLEEP FRIEND WHEN TIRED SAME
asllrp_other_ctc:844051:span00,asllrp_other_ctc,True,1.2679333333333334,1.5348666666666666,TIRED,1.31,WHEN,0.06318854540586472,SLEEP FRIEND WHEN,SLEEP FRIEND WHEN TIRED SAME
asllrp_other_ctc:844051:span00,asllrp_other_ctc,True,1.2679333333333334,1.5348666666666666,TIRED,1.44,SMALL,0.2591763138771057,SLEEP FRIEND WHEN,SLEEP FRIEND WHEN TIRED SAME
asllrp_other_ctc:844051:span00,asllrp_other_ctc,True,1.2679333333333334,1.5348666666666666,TIRED,1.57,GOODBYE,0.1822669953107834,SLEEP FRIEND WHEN,SLEEP FRIEND WHEN TIRED SAME
asllrp_other_ctc:844051:span00,asllrp_other_ctc,True,1.2679333333333334,1.5348666666666666,TIRED,1.7,TIRED,0.8350595235824585,SLEEP FRIEND WHEN,SLEEP FRIEND WHEN TIRED SAME
asllrp_other_ctc:844051:span00,asllrp_other_ctc,True,1.2679333333333334,1.5348666666666666,TIRED,1.83,TIRED,0.7330090403556824,SLEEP FRIEND WHEN TIRED,SLEEP FRIEND WHEN TIRED SAME
asllrp_other_ctc:844051:span00,asllrp_other_ctc,True,1.2679333333333334,1.5348666666666666,TIRED,1.9600000000000002,TIRED,0.2216581106185913,SLEEP FRIEND WHEN TIRED,SLEEP FRIEND WHEN TIRED SAME
asllrp_other_ctc:844052:span00,asllrp_other_ctc,True,0.4337666666666667,0.6339666666666667,FRIEND,0.53,HELP,0.07787421345710754,,READY SMALL SAME
asllrp_other_ctc:844052:span00,asllrp_other_ctc,True,0.4337666666666667,0.6339666666666667,FRIEND,0.66,HOW,0.2553027868270874,,READY SMALL SAME
asllrp_other_ctc:844052:span00,asllrp_other_ctc,True,0.4337666666666667,0.6339666666666667,FRIEND,0.79,FRIEND,0.7425506711006165,,READY SMALL SAME
asllrp_other_ctc:844052:span00,asllrp_other_ctc,True,0.4337666666666667,0.6339666666666667,FRIEND,0.92,LANGUAGE,0.10707991570234299,,READY SMALL SAME
asllrp_other_ctc:844052:span00,asllrp_other_ctc,True,0.4337666666666667,0.6339666666666667,FRIEND,1.05,LEARN,0.2929152250289917,,READY SMALL SAME
asllrp_other_ctc:844052:span00,asllrp_other_ctc,True,2.3356666666666666,2.5358666666666667,YES,1.83,DRINK,0.27870362997055054,READY,READY SMALL SAME
asllrp_other_ctc:844052:span00,asllrp_other_ctc,True,2.3356666666666666,2.5358666666666667,YES,1.9600000000000002,SMALL,0.10066498070955276,READY,READY SMALL SAME
asllrp_other_ctc:844052:span00,asllrp_other_ctc,True,2.3356666666666666,2.5358666666666667,YES,2.09,SMALL,0.2926923334598541,READY SMALL,READY SMALL SAME
asllrp_other_ctc:844052:span00,asllrp_other_ctc,True,2.3356666666666666,2.5358666666666667,YES,2.2199999999999998,COLD,0.10084609687328339,READY SMALL,READY SMALL SAME
asllrp_other_ctc:844052:span00,asllrp_other_ctc,True,2.3356666666666666,2.5358666666666667,YES,2.35,SAME,0.26656997203826904,READY SMALL,READY SMALL SAME
asllrp_other_ctc:844052:span00,asllrp_other_ctc,True,2.3356666666666666,2.5358666666666667,YES,2.4800000000000004,SAME,0.2024865448474884,READY SMALL SAME,READY SMALL SAME
asllrp_other_ctc:844052:span00,asllrp_other_ctc,True,2.3356666666666666,2.5358666666666667,YES,2.6100000000000003,SAME,0.3212687075138092,READY SMALL SAME,READY SMALL SAME
asllrp_other_ctc:844052:span00,asllrp_other_ctc,True,2.3356666666666666,2.5358666666666667,YES,2.6693333333333333,SAME,0.34729495644569397,READY SMALL SAME,READY SMALL SAME
asllrp_other_ctc:844153:span00,asllrp_other_ctc,True,0.5005000000000001,0.6339666666666667,FRIEND,0.53,WOMAN,0.45165833830833435,,NO READY FEEL SEE
asllrp_other_ctc:844153:span00,asllrp_other_ctc,True,0.5005000000000001,0.6339666666666667,FRIEND,0.66,SCHOOL,0.5938615798950195,,NO READY FEEL SEE
asllrp_other_ctc:844153:span00,asllrp_other_ctc,True,0.5005000000000001,0.6339666666666667,FRIEND,0.79,IMPORTANT,0.07700224965810776,,NO READY FEEL SEE
asllrp_other_ctc:844153:span00,asllrp_other_ctc,True,0.5005000000000001,0.6339666666666667,FRIEND,0.92,WEEK,0.09164164960384369,,NO READY FEEL SEE
asllrp_other_ctc:844153:span00,asllrp_other_ctc,True,0.5005000000000001,0.6339666666666667,FRIEND,1.05,NO,0.33448681235313416,,NO READY FEEL SEE
asllrp_other_ctc:844254:span00,asllrp_other_ctc,True,0.8008000000000001,1.0010000000000001,WORK,0.53,ASK,0.1328601837158203,,WORK LIKE HUNGRY SCHOOL
asllrp_other_ctc:844254:span00,asllrp_other_ctc,True,0.8008000000000001,1.0010000000000001,WORK,0.66,SAME,0.23847456276416779,,WORK LIKE HUNGRY SCHOOL
asllrp_other_ctc:844254:span00,asllrp_other_ctc,True,0.8008000000000001,1.0010000000000001,WORK,0.79,STOP,0.11923801153898239,,WORK LIKE HUNGRY SCHOOL
asllrp_other_ctc:844254:span00,asllrp_other_ctc,True,0.8008000000000001,1.0010000000000001,WORK,0.92,FEEL,0.07058273255825043,,WORK LIKE HUNGRY SCHOOL
asllrp_other_ctc:844254:span00,asllrp_other_ctc,True,0.8008000000000001,1.0010000000000001,WORK,1.05,HUNGRY,0.2704439163208008,,WORK LIKE HUNGRY SCHOOL
asllrp_other_ctc:844254:span00,asllrp_other_ctc,True,0.8008000000000001,1.0010000000000001,WORK,1.1800000000000002,SAME,0.2879078686237335,,WORK LIKE HUNGRY SCHOOL
asllrp_other_ctc:844254:span00,asllrp_other_ctc,True,0.8008000000000001,1.0010000000000001,WORK,1.31,WORK,0.6498630046844482,,WORK LIKE HUNGRY SCHOOL
asllrp_other_ctc:844254:span00,asllrp_other_ctc,True,0.8008000000000001,1.0010000000000001,WORK,1.44,WORK,0.4732612669467926,WORK,WORK LIKE HUNGRY SCHOOL
asllrp_other_ctc:844254:span00,asllrp_other_ctc,True,2.6359666666666666,2.9362666666666666,STOP,2.2199999999999998,HOT,0.09078692644834518,WORK LIKE,WORK LIKE HUNGRY SCHOOL
asllrp_other_ctc:844254:span00,asllrp_other_ctc,True,2.6359666666666666,2.9362666666666666,STOP,2.35,HUNGRY,0.13985556364059448,WORK LIKE,WORK LIKE HUNGRY SCHOOL
asllrp_other_ctc:844254:span00,asllrp_other_ctc,True,2.6359666666666666,2.9362666666666666,STOP,2.4800000000000004,HUNGRY,0.21739539504051208,WORK LIKE HUNGRY,WORK LIKE HUNGRY SCHOOL
asllrp_other_ctc:844254:span00,asllrp_other_ctc,True,2.6359666666666666,2.9362666666666666,STOP,2.6100000000000003,MORNING,0.38473957777023315,WORK LIKE HUNGRY,WORK LIKE HUNGRY SCHOOL
asllrp_other_ctc:844254:span00,asllrp_other_ctc,True,2.6359666666666666,2.9362666666666666,STOP,2.74,THANKYOU,0.31813350319862366,WORK LIKE HUNGRY,WORK LIKE HUNGRY SCHOOL
asllrp_other_ctc:844254:span00,asllrp_other_ctc,True,2.6359666666666666,2.9362666666666666,STOP,2.87,GOOD,0.2892428934574127,WORK LIKE HUNGRY,WORK LIKE HUNGRY SCHOOL
asllrp_other_ctc:844254:span00,asllrp_other_ctc,True,2.6359666666666666,2.9362666666666666,STOP,3.0,THANKYOU,0.1465558409690857,WORK LIKE HUNGRY,WORK LIKE HUNGRY SCHOOL
asllrp_other_ctc:844254:span00,asllrp_other_ctc,True,2.6359666666666666,2.9362666666666666,STOP,3.13,HUNGRY,0.16257044672966003,WORK LIKE HUNGRY,WORK LIKE HUNGRY SCHOOL
asllrp_other_ctc:844254:span00,asllrp_other_ctc,True,2.6359666666666666,2.9362666666666666,STOP,3.26,SCHOOL,0.705808162689209,WORK LIKE HUNGRY,WORK LIKE HUNGRY SCHOOL
asllrp_other_ctc:844254:span00,asllrp_other_ctc,True,2.6359666666666666,2.9362666666666666,STOP,3.3900000000000006,SCHOOL,0.41659149527549744,WORK LIKE HUNGRY SCHOOL,WORK LIKE HUNGRY SCHOOL
asllrp_other_ctc:844356:span00,asllrp_other_ctc,True,0.6006,0.8008000000000001,FRIEND,0.53,IMPORTANT,0.10724621266126633,,FRIEND TELL YEAR READY YOU ANSWER NIGHT
asllrp_other_ctc:844356:span00,asllrp_other_ctc,True,0.6006,0.8008000000000001,FRIEND,0.66,ASK,0.17833316326141357,,FRIEND TELL YEAR READY YOU ANSWER NIGHT
asllrp_other_ctc:844356:span00,asllrp_other_ctc,True,0.6006,0.8008000000000001,FRIEND,0.79,FRIEND,0.3201194405555725,,FRIEND TELL YEAR READY YOU ANSWER NIGHT
asllrp_other_ctc:844356:span00,asllrp_other_ctc,True,0.6006,0.8008000000000001,FRIEND,0.92,FRIEND,0.564071536064148,FRIEND,FRIEND TELL YEAR READY YOU ANSWER NIGHT
asllrp_other_ctc:844356:span00,asllrp_other_ctc,True,0.6006,0.8008000000000001,FRIEND,1.05,TELL,0.17560145258903503,FRIEND,FRIEND TELL YEAR READY YOU ANSWER NIGHT
asllrp_other_ctc:844356:span00,asllrp_other_ctc,True,0.6006,0.8008000000000001,FRIEND,1.1800000000000002,TELL,0.41427791118621826,FRIEND TELL,FRIEND TELL YEAR READY YOU ANSWER NIGHT
asllrp_other_ctc:844356:span00,asllrp_other_ctc,True,0.6006,0.8008000000000001,FRIEND,1.31,TELL,0.5018075108528137,FRIEND TELL,FRIEND TELL YEAR READY YOU ANSWER NIGHT
asllrp_other_ctc:844457:span00,asllrp_other_ctc,True,0.5672333333333334,0.7674333333333333,FRIEND,0.53,SLEEP,0.928447961807251,,FRIEND COME SAME TAKE FRIEND I SLEEP SMALL
asllrp_other_ctc:844457:span00,asllrp_other_ctc,True,0.5672333333333334,0.7674333333333333,FRIEND,0.66,WOMAN,0.16858689486980438,,FRIEND COME SAME TAKE FRIEND I SLEEP SMALL
asllrp_other_ctc:844457:span00,asllrp_other_ctc,True,0.5672333333333334,0.7674333333333333,FRIEND,0.79,FRIEND,0.2289370745420456,,FRIEND COME SAME TAKE FRIEND I SLEEP SMALL
asllrp_other_ctc:844457:span00,asllrp_other_ctc,True,0.5672333333333334,0.7674333333333333,FRIEND,0.92,FRIEND,0.8865693807601929,FRIEND,FRIEND COME SAME TAKE FRIEND I SLEEP SMALL
asllrp_other_ctc:844457:span00,asllrp_other_ctc,True,0.5672333333333334,0.7674333333333333,FRIEND,1.05,FRIEND,0.8508145809173584,FRIEND,FRIEND COME SAME TAKE FRIEND I SLEEP SMALL
asllrp_other_ctc:844457:span00,asllrp_other_ctc,True,0.5672333333333334,0.7674333333333333,FRIEND,1.1800000000000002,FRIEND,0.9214369654655457,FRIEND,FRIEND COME SAME TAKE FRIEND I SLEEP SMALL
asllrp_other_ctc:844458:span00,asllrp_other_ctc,True,4.537866666666667,4.838166666666667,FRIEND,4.04,LIKE,0.592007040977478,ASK TALK TELL TRY ANSWER MORNING GOOD,ASK TALK TELL TRY ANSWER MORNING GOOD SCHOOL MORNING SCHOOL WATER SAME
asllrp_other_ctc:844458:span00,asllrp_other_ctc,True,4.537866666666667,4.838166666666667,FRIEND,4.17,MAKE,0.2845517694950104,ASK TALK TELL TRY ANSWER MORNING GOOD,ASK TALK TELL TRY ANSWER MORNING GOOD SCHOOL MORNING SCHOOL WATER SAME
asllrp_other_ctc:844458:span00,asllrp_other_ctc,True,4.537866666666667,4.838166666666667,FRIEND,4.3,SCHOOL,0.5300347805023193,ASK TALK TELL TRY ANSWER MORNING GOOD,ASK TALK TELL TRY ANSWER MORNING GOOD SCHOOL MORNING SCHOOL WATER SAME
asllrp_other_ctc:844458:span00,asllrp_other_ctc,True,4.537866666666667,4.838166666666667,FRIEND,4.430000000000001,SCHOOL,0.8772180080413818,ASK TALK TELL TRY ANSWER MORNING GOOD SCHOOL,ASK TALK TELL TRY ANSWER MORNING GOOD SCHOOL MORNING SCHOOL WATER SAME
asllrp_other_ctc:844458:span00,asllrp_other_ctc,True,4.537866666666667,4.838166666666667,FRIEND,4.5600000000000005,SCHOOL,0.6223635673522949,ASK TALK TELL TRY ANSWER MORNING GOOD SCHOOL,ASK TALK TELL TRY ANSWER MORNING GOOD SCHOOL MORNING SCHOOL WATER SAME
asllrp_other_ctc:844458:span00,asllrp_other_ctc,True,4.537866666666667,4.838166666666667,FRIEND,4.69,WEEK,0.22259560227394104,ASK TALK TELL TRY ANSWER MORNING GOOD SCHOOL,ASK TALK TELL TRY ANSWER MORNING GOOD SCHOOL MORNING SCHOOL WATER SAME
asllrp_other_ctc:844458:span00,asllrp_other_ctc,True,4.537866666666667,4.838166666666667,FRIEND,4.82,LIKE,0.13994832336902618,ASK TALK TELL TRY ANSWER MORNING GOOD SCHOOL,ASK TALK TELL TRY ANSWER MORNING GOOD SCHOOL MORNING SCHOOL WATER SAME
asllrp_other_ctc:844458:span00,asllrp_other_ctc,True,4.537866666666667,4.838166666666667,FRIEND,4.95,FRIEND,0.1970558613538742,ASK TALK TELL TRY ANSWER MORNING GOOD SCHOOL,ASK TALK TELL TRY ANSWER MORNING GOOD SCHOOL MORNING SCHOOL WATER SAME
asllrp_other_ctc:844458:span00,asllrp_other_ctc,True,4.537866666666667,4.838166666666667,FRIEND,5.08,MAKE,0.5744718313217163,ASK TALK TELL TRY ANSWER MORNING GOOD SCHOOL,ASK TALK TELL TRY ANSWER MORNING GOOD SCHOOL MORNING SCHOOL WATER SAME
asllrp_other_ctc:844458:span00,asllrp_other_ctc,True,4.537866666666667,4.838166666666667,FRIEND,5.21,GIVE,0.1737365424633026,ASK TALK TELL TRY ANSWER MORNING GOOD SCHOOL,ASK TALK TELL TRY ANSWER MORNING GOOD SCHOOL MORNING SCHOOL WATER SAME
asllrp_other_ctc:844458:span00,asllrp_other_ctc,True,4.537866666666667,4.838166666666667,FRIEND,5.340000000000001,MORNING,0.2033160775899887,ASK TALK TELL TRY ANSWER MORNING GOOD SCHOOL,ASK TALK TELL TRY ANSWER MORNING GOOD SCHOOL MORNING SCHOOL WATER SAME
asllrp_other_ctc:844660:span00,asllrp_other_ctc,True,1.7017,1.9686333333333335,SCHOOL,1.1800000000000002,GIVE,0.133714497089386,ASK SLEEP,ASK SLEEP USE USE SMALL TALK
asllrp_other_ctc:844660:span00,asllrp_other_ctc,True,1.7017,1.9686333333333335,SCHOOL,1.31,TELL,0.06037687137722969,ASK SLEEP,ASK SLEEP USE USE SMALL TALK
asllrp_other_ctc:844660:span00,asllrp_other_ctc,True,1.7017,1.9686333333333335,SCHOOL,1.44,DRINK,0.7992182374000549,ASK SLEEP,ASK SLEEP USE USE SMALL TALK
asllrp_other_ctc:844660:span00,asllrp_other_ctc,True,1.7017,1.9686333333333335,SCHOOL,1.57,YOUR,0.19877682626247406,ASK SLEEP,ASK SLEEP USE USE SMALL TALK
asllrp_other_ctc:844660:span00,asllrp_other_ctc,True,1.7017,1.9686333333333335,SCHOOL,1.7,SCHOOL,0.3269485533237457,ASK SLEEP,ASK SLEEP USE USE SMALL TALK
asllrp_other_ctc:844660:span00,asllrp_other_ctc,True,1.7017,1.9686333333333335,SCHOOL,1.83,SAME,0.202168807387352,ASK SLEEP,ASK SLEEP USE USE SMALL TALK
asllrp_other_ctc:844660:span00,asllrp_other_ctc,True,1.7017,1.9686333333333335,SCHOOL,1.9600000000000002,SCHOOL,0.251912921667099,ASK SLEEP,ASK SLEEP USE USE SMALL TALK
asllrp_other_ctc:844660:span00,asllrp_other_ctc,True,1.7017,1.9686333333333335,SCHOOL,2.09,YEAR,0.5140225291252136,ASK SLEEP,ASK SLEEP USE USE SMALL TALK
asllrp_other_ctc:844660:span00,asllrp_other_ctc,True,1.7017,1.9686333333333335,SCHOOL,2.2199999999999998,SAME,0.15280967950820923,ASK SLEEP,ASK SLEEP USE USE SMALL TALK
asllrp_other_ctc:844660:span00,asllrp_other_ctc,True,1.7017,1.9686333333333335,SCHOOL,2.35,YOU,0.06650393456220627,ASK SLEEP,ASK SLEEP USE USE SMALL TALK
asllrp_other_ctc:844660:span00,asllrp_other_ctc,True,1.7017,1.9686333333333335,SCHOOL,2.4800000000000004,FRIEND,0.47661933302879333,ASK SLEEP,ASK SLEEP USE USE SMALL TALK
asllrp_other_ctc:844661:span00,asllrp_other_ctc,True,0.9676333333333333,1.3346666666666667,SCHOOL,0.53,SLEEP,0.5496698021888733,,SLEEP HOSPITAL SCHOOL TRY
asllrp_other_ctc:844661:span00,asllrp_other_ctc,True,0.9676333333333333,1.3346666666666667,SCHOOL,0.66,SLEEP,0.1689262092113495,SLEEP,SLEEP HOSPITAL SCHOOL TRY
asllrp_other_ctc:844661:span00,asllrp_other_ctc,True,0.9676333333333333,1.3346666666666667,SCHOOL,0.79,DOCTOR,0.11741594225168228,SLEEP,SLEEP HOSPITAL SCHOOL TRY
asllrp_other_ctc:844661:span00,asllrp_other_ctc,True,0.9676333333333333,1.3346666666666667,SCHOOL,0.92,GIVE,0.08099398016929626,SLEEP,SLEEP HOSPITAL SCHOOL TRY
asllrp_other_ctc:844661:span00,asllrp_other_ctc,True,0.9676333333333333,1.3346666666666667,SCHOOL,1.05,SAME,0.18173737823963165,SLEEP,SLEEP HOSPITAL SCHOOL TRY
asllrp_other_ctc:844661:span00,asllrp_other_ctc,True,0.9676333333333333,1.3346666666666667,SCHOOL,1.1800000000000002,SCHOOL,0.20652654767036438,SLEEP,SLEEP HOSPITAL SCHOOL TRY
asllrp_other_ctc:844661:span00,asllrp_other_ctc,True,0.9676333333333333,1.3346666666666667,SCHOOL,1.31,HUNGRY,0.16700616478919983,SLEEP,SLEEP HOSPITAL SCHOOL TRY
asllrp_other_ctc:844661:span00,asllrp_other_ctc,True,0.9676333333333333,1.3346666666666667,SCHOOL,1.44,HOSPITAL,0.1261611133813858,SLEEP,SLEEP HOSPITAL SCHOOL TRY
asllrp_other_ctc:844661:span00,asllrp_other_ctc,True,0.9676333333333333,1.3346666666666667,SCHOOL,1.57,DRINK,0.21362899243831635,SLEEP,SLEEP HOSPITAL SCHOOL TRY
asllrp_other_ctc:844661:span00,asllrp_other_ctc,True,0.9676333333333333,1.3346666666666667,SCHOOL,1.7,HOSPITAL,0.32602494955062866,SLEEP,SLEEP HOSPITAL SCHOOL TRY
asllrp_other_ctc:844661:span00,asllrp_other_ctc,True,0.9676333333333333,1.3346666666666667,SCHOOL,1.83,LEARN,0.25953084230422974,SLEEP,SLEEP HOSPITAL SCHOOL TRY
asllrp_other_ctc:844762:span00,asllrp_other_ctc,True,0.5672333333333334,0.6339666666666667,FRIEND,0.53,NIGHT,0.06903266161680222,,FRIEND
asllrp_other_ctc:844762:span00,asllrp_other_ctc,True,0.5672333333333334,0.6339666666666667,FRIEND,0.66,FRIEND,0.18400618433952332,,FRIEND
asllrp_other_ctc:844762:span00,asllrp_other_ctc,True,0.5672333333333334,0.6339666666666667,FRIEND,0.79,TIME,0.5146856904029846,,FRIEND
asllrp_other_ctc:844762:span00,asllrp_other_ctc,True,0.5672333333333334,0.6339666666666667,FRIEND,0.92,FRIEND,0.2872312664985657,,FRIEND
asllrp_other_ctc:844762:span00,asllrp_other_ctc,True,0.5672333333333334,0.6339666666666667,FRIEND,1.05,FRIEND,0.1241912767291069,FRIEND,FRIEND
asllrp_other_ctc:844763:span00,asllrp_other_ctc,True,3.2365666666666666,3.5035000000000003,FAMILY,2.74,HOME,0.33219748735427856,WE STOP,WE STOP FAMILY BAD
asllrp_other_ctc:844763:span00,asllrp_other_ctc,True,3.2365666666666666,3.5035000000000003,FAMILY,2.87,MORNING,0.11467647552490234,WE STOP,WE STOP FAMILY BAD
asllrp_other_ctc:844763:span00,asllrp_other_ctc,True,3.2365666666666666,3.5035000000000003,FAMILY,3.0,DAY,0.21276161074638367,WE STOP,WE STOP FAMILY BAD
asllrp_other_ctc:844763:span00,asllrp_other_ctc,True,3.2365666666666666,3.5035000000000003,FAMILY,3.13,MAN,0.1347825527191162,WE STOP,WE STOP FAMILY BAD
asllrp_other_ctc:844763:span00,asllrp_other_ctc,True,3.2365666666666666,3.5035000000000003,FAMILY,3.26,SCHOOL,0.21862708032131195,WE STOP,WE STOP FAMILY BAD
asllrp_other_ctc:844763:span00,asllrp_other_ctc,True,3.2365666666666666,3.5035000000000003,FAMILY,3.3900000000000006,IMPORTANT,0.5190749764442444,WE STOP,WE STOP FAMILY BAD
asllrp_other_ctc:844763:span00,asllrp_other_ctc,True,3.2365666666666666,3.5035000000000003,FAMILY,3.5200000000000005,FAMILY,0.6720554232597351,WE STOP,WE STOP FAMILY BAD
asllrp_other_ctc:844763:span00,asllrp_other_ctc,True,3.2365666666666666,3.5035000000000003,FAMILY,3.6500000000000004,FAMILY,0.9274904727935791,WE STOP FAMILY,WE STOP FAMILY BAD
asllrp_other_ctc:844763:span00,asllrp_other_ctc,True,3.2365666666666666,3.5035000000000003,FAMILY,3.7800000000000002,FAMILY,0.3036305010318756,WE STOP FAMILY,WE STOP FAMILY BAD
asllrp_other_ctc:844763:span00,asllrp_other_ctc,True,3.2365666666666666,3.5035000000000003,FAMILY,3.91,FRIEND,0.6023036241531372,WE STOP FAMILY,WE STOP FAMILY BAD
asllrp_other_ctc:844763:span00,asllrp_other_ctc,True,4.270933333333334,4.871533333333334,THANKYOU,3.7800000000000002,FAMILY,0.3036305010318756,WE STOP FAMILY,WE STOP FAMILY BAD
asllrp_other_ctc:844763:span00,asllrp_other_ctc,True,4.270933333333334,4.871533333333334,THANKYOU,3.91,FRIEND,0.6023036241531372,WE STOP FAMILY,WE STOP FAMILY BAD
asllrp_other_ctc:844763:span00,asllrp_other_ctc,True,4.270933333333334,4.871533333333334,THANKYOU,4.04,DIFFERENT,0.21208249032497406,WE STOP FAMILY,WE STOP FAMILY BAD
asllrp_other_ctc:844763:span00,asllrp_other_ctc,True,4.270933333333334,4.871533333333334,THANKYOU,4.17,LANGUAGE,0.5011857151985168,WE STOP FAMILY,WE STOP FAMILY BAD
asllrp_other_ctc:844763:span00,asllrp_other_ctc,True,4.270933333333334,4.871533333333334,THANKYOU,4.3,HELP,0.18346592783927917,WE STOP FAMILY,WE STOP FAMILY BAD
asllrp_other_ctc:844763:span00,asllrp_other_ctc,True,4.270933333333334,4.871533333333334,THANKYOU,4.430000000000001,HOW,0.42485570907592773,WE STOP FAMILY,WE STOP FAMILY BAD
asllrp_other_ctc:844763:span00,asllrp_other_ctc,True,4.270933333333334,4.871533333333334,THANKYOU,4.5600000000000005,WAIT,0.4361571967601776,WE STOP FAMILY,WE STOP FAMILY BAD
asllrp_other_ctc:844763:span00,asllrp_other_ctc,True,4.270933333333334,4.871533333333334,THANKYOU,4.69,THANKYOU,0.43163326382637024,WE STOP FAMILY,WE STOP FAMILY BAD
asllrp_other_ctc:844763:span00,asllrp_other_ctc,True,4.270933333333334,4.871533333333334,THANKYOU,4.82,EASY,0.41491052508354187,WE STOP FAMILY,WE STOP FAMILY BAD
asllrp_other_ctc:844763:span00,asllrp_other_ctc,True,4.270933333333334,4.871533333333334,THANKYOU,4.95,BAD,0.5126236081123352,WE STOP FAMILY,WE STOP FAMILY BAD
asllrp_other_ctc:844763:span00,asllrp_other_ctc,True,4.270933333333334,4.871533333333334,THANKYOU,5.08,BAD,0.38828524947166443,WE STOP FAMILY BAD,WE STOP FAMILY BAD
asllrp_other_ctc:844763:span00,asllrp_other_ctc,True,4.270933333333334,4.871533333333334,THANKYOU,5.21,FRIEND,0.2500411570072174,WE STOP FAMILY BAD,WE STOP FAMILY BAD
asllrp_other_ctc:844763:span00,asllrp_other_ctc,True,4.270933333333334,4.871533333333334,THANKYOU,5.340000000000001,SLEEP,0.14175347983837128,WE STOP FAMILY BAD,WE STOP FAMILY BAD
asllrp_other_ctc:844864:span00,asllrp_other_ctc,True,0.3670333333333333,0.6673333333333333,FRIEND,0.53,FRIEND,0.435255765914917,,FRIEND FRIEND MAKE SMALL TRY WANT
asllrp_other_ctc:844864:span00,asllrp_other_ctc,True,0.3670333333333333,0.6673333333333333,FRIEND,0.66,FRIEND,0.25124695897102356,FRIEND,FRIEND FRIEND MAKE SMALL TRY WANT
asllrp_other_ctc:844864:span00,asllrp_other_ctc,True,0.3670333333333333,0.6673333333333333,FRIEND,0.79,WHEN,0.700877845287323,FRIEND,FRIEND FRIEND MAKE SMALL TRY WANT
asllrp_other_ctc:844864:span00,asllrp_other_ctc,True,0.3670333333333333,0.6673333333333333,FRIEND,0.92,FRIEND,0.9025691747665405,FRIEND,FRIEND FRIEND MAKE SMALL TRY WANT
asllrp_other_ctc:844864:span00,asllrp_other_ctc,True,0.3670333333333333,0.6673333333333333,FRIEND,1.05,FRIEND,0.3147042989730835,FRIEND FRIEND,FRIEND FRIEND MAKE SMALL TRY WANT
asllrp_other_ctc:844864:span00,asllrp_other_ctc,True,0.3670333333333333,0.6673333333333333,FRIEND,1.1800000000000002,I,0.20447447896003723,FRIEND FRIEND,FRIEND FRIEND MAKE SMALL TRY WANT
asllrp_other_ctc:844965:span00,asllrp_other_ctc,True,4.0040000000000004,4.1041,FEEL,3.5200000000000005,MORNING,0.07701358199119568,LEARN TOMORROW MAKE DRINK,LEARN TOMORROW MAKE DRINK BAD HELP TIRED LEARN
asllrp_other_ctc:844965:span00,asllrp_other_ctc,True,4.0040000000000004,4.1041,FEEL,3.6500000000000004,EXCITED,0.1794329434633255,LEARN TOMORROW MAKE DRINK,LEARN TOMORROW MAKE DRINK BAD HELP TIRED LEARN
asllrp_other_ctc:844965:span00,asllrp_other_ctc,True,4.0040000000000004,4.1041,FEEL,3.7800000000000002,BAD,0.1354689598083496,LEARN TOMORROW MAKE DRINK,LEARN TOMORROW MAKE DRINK BAD HELP TIRED LEARN
asllrp_other_ctc:844965:span00,asllrp_other_ctc,True,4.0040000000000004,4.1041,FEEL,3.91,BAD,0.13587245345115662,LEARN TOMORROW MAKE DRINK BAD,LEARN TOMORROW MAKE DRINK BAD HELP TIRED LEARN
asllrp_other_ctc:844965:span00,asllrp_other_ctc,True,4.0040000000000004,4.1041,FEEL,4.04,WHY,0.23581087589263916,LEARN TOMORROW MAKE DRINK BAD,LEARN TOMORROW MAKE DRINK BAD HELP TIRED LEARN
asllrp_other_ctc:844965:span00,asllrp_other_ctc,True,4.0040000000000004,4.1041,FEEL,4.17,STOP,0.2612382173538208,LEARN TOMORROW MAKE DRINK BAD,LEARN TOMORROW MAKE DRINK BAD HELP TIRED LEARN
asllrp_other_ctc:844965:span00,asllrp_other_ctc,True,4.0040000000000004,4.1041,FEEL,4.3,TOMORROW,0.12089484184980392,LEARN TOMORROW MAKE DRINK BAD,LEARN TOMORROW MAKE DRINK BAD HELP TIRED LEARN
asllrp_other_ctc:844965:span00,asllrp_other_ctc,True,4.0040000000000004,4.1041,FEEL,4.430000000000001,YEAR,0.1483602076768875,LEARN TOMORROW MAKE DRINK BAD,LEARN TOMORROW MAKE DRINK BAD HELP TIRED LEARN
asllrp_other_ctc:844965:span00,asllrp_other_ctc,True,4.0040000000000004,4.1041,FEEL,4.5600000000000005,THINK,0.24707551300525665,LEARN TOMORROW MAKE DRINK BAD,LEARN TOMORROW MAKE DRINK BAD HELP TIRED LEARN
asllrp_other_ctc:844965:span00,asllrp_other_ctc,True,4.771433333333333,4.9049000000000005,HOW,4.3,TOMORROW,0.12089484184980392,LEARN TOMORROW MAKE DRINK BAD,LEARN TOMORROW MAKE DRINK BAD HELP TIRED LEARN
asllrp_other_ctc:844965:span00,asllrp_other_ctc,True,4.771433333333333,4.9049000000000005,HOW,4.430000000000001,YEAR,0.1483602076768875,LEARN TOMORROW MAKE DRINK BAD,LEARN TOMORROW MAKE DRINK BAD HELP TIRED LEARN
asllrp_other_ctc:844965:span00,asllrp_other_ctc,True,4.771433333333333,4.9049000000000005,HOW,4.5600000000000005,THINK,0.24707551300525665,LEARN TOMORROW MAKE DRINK BAD,LEARN TOMORROW MAKE DRINK BAD HELP TIRED LEARN
asllrp_other_ctc:844965:span00,asllrp_other_ctc,True,4.771433333333333,4.9049000000000005,HOW,4.69,WHY,0.06313342601060867,LEARN TOMORROW MAKE DRINK BAD,LEARN TOMORROW MAKE DRINK BAD HELP TIRED LEARN
asllrp_other_ctc:844965:span00,asllrp_other_ctc,True,4.771433333333333,4.9049000000000005,HOW,4.82,SLEEP,0.5316545963287354,LEARN TOMORROW MAKE DRINK BAD,LEARN TOMORROW MAKE DRINK BAD HELP TIRED LEARN
asllrp_other_ctc:844965:span00,asllrp_other_ctc,True,4.771433333333333,4.9049000000000005,HOW,4.95,TOMORROW,0.24084153771400452,LEARN TOMORROW MAKE DRINK BAD,LEARN TOMORROW MAKE DRINK BAD HELP TIRED LEARN
asllrp_other_ctc:844965:span00,asllrp_other_ctc,True,4.771433333333333,4.9049000000000005,HOW,5.08,HELP,0.1839427649974823,LEARN TOMORROW MAKE DRINK BAD,LEARN TOMORROW MAKE DRINK BAD HELP TIRED LEARN
asllrp_other_ctc:844965:span00,asllrp_other_ctc,True,4.771433333333333,4.9049000000000005,HOW,5.21,HELP,0.68073570728302,LEARN TOMORROW MAKE DRINK BAD HELP,LEARN TOMORROW MAKE DRINK BAD HELP TIRED LEARN
asllrp_other_ctc:844965:span00,asllrp_other_ctc,True,4.771433333333333,4.9049000000000005,HOW,5.340000000000001,NOW,0.19455505907535553,LEARN TOMORROW MAKE DRINK BAD HELP,LEARN TOMORROW MAKE DRINK BAD HELP TIRED LEARN
asllrp_other_ctc:845066:span00,asllrp_other_ctc,True,0.7340666666666666,0.9009,FRIEND,0.53,HOT,0.47607359290122986,,YOU SIGN TELL I LIKE SLEEP LEARN WHY HELLO
asllrp_other_ctc:845066:span00,asllrp_other_ctc,True,0.7340666666666666,0.9009,FRIEND,0.66,SLEEP,0.5040764212608337,,YOU SIGN TELL I LIKE SLEEP LEARN WHY HELLO
asllrp_other_ctc:845066:span00,asllrp_other_ctc,True,0.7340666666666666,0.9009,FRIEND,0.79,YOU,0.0796070322394371,,YOU SIGN TELL I LIKE SLEEP LEARN WHY HELLO
asllrp_other_ctc:845066:span00,asllrp_other_ctc,True,0.7340666666666666,0.9009,FRIEND,0.92,YOU,0.21455255150794983,YOU,YOU SIGN TELL I LIKE SLEEP LEARN WHY HELLO
asllrp_other_ctc:845066:span00,asllrp_other_ctc,True,0.7340666666666666,0.9009,FRIEND,1.05,WHEN,0.24650810658931732,YOU,YOU SIGN TELL I LIKE SLEEP LEARN WHY HELLO
asllrp_other_ctc:845066:span00,asllrp_other_ctc,True,0.7340666666666666,0.9009,FRIEND,1.1800000000000002,SIGN,0.755473256111145,YOU,YOU SIGN TELL I LIKE SLEEP LEARN WHY HELLO
asllrp_other_ctc:845066:span00,asllrp_other_ctc,True,0.7340666666666666,0.9009,FRIEND,1.31,SIGN,0.5693374276161194,YOU SIGN,YOU SIGN TELL I LIKE SLEEP LEARN WHY HELLO
asllrp_other_ctc:845067:span00,asllrp_other_ctc,True,0.33366666666666667,0.7340666666666666,FRIEND,0.53,I,0.24525532126426697,,I FRIEND YES SAD HELP
asllrp_other_ctc:845067:span00,asllrp_other_ctc,True,0.33366666666666667,0.7340666666666666,FRIEND,0.66,I,0.3952491879463196,I,I FRIEND YES SAD HELP
asllrp_other_ctc:845067:span00,asllrp_other_ctc,True,0.33366666666666667,0.7340666666666666,FRIEND,0.79,MAKE,0.27307209372520447,I,I FRIEND YES SAD HELP
asllrp_other_ctc:845067:span00,asllrp_other_ctc,True,0.33366666666666667,0.7340666666666666,FRIEND,0.92,FRIEND,0.42579567432403564,I,I FRIEND YES SAD HELP
asllrp_other_ctc:845067:span00,asllrp_other_ctc,True,0.33366666666666667,0.7340666666666666,FRIEND,1.05,FRIEND,0.27914923429489136,I FRIEND,I FRIEND YES SAD HELP
asllrp_other_ctc:845067:span00,asllrp_other_ctc,True,0.33366666666666667,0.7340666666666666,FRIEND,1.1800000000000002,NO_EMIT,0.13229984045028687,I FRIEND,I FRIEND YES SAD HELP
asllrp_other_ctc:845168:span00,asllrp_other_ctc,True,0.8675333333333334,1.2345666666666666,FRIEND,0.53,MAN,0.3575710356235504,,NIGHT FRIEND WHEN SCHOOL SAME LEARN STOP
asllrp_other_ctc:845168:span00,asllrp_other_ctc,True,0.8675333333333334,1.2345666666666666,FRIEND,0.66,NIGHT,0.6841524243354797,,NIGHT FRIEND WHEN SCHOOL SAME LEARN STOP
asllrp_other_ctc:845168:span00,asllrp_other_ctc,True,0.8675333333333334,1.2345666666666666,FRIEND,0.79,NIGHT,0.2209864854812622,NIGHT,NIGHT FRIEND WHEN SCHOOL SAME LEARN STOP
asllrp_other_ctc:845168:span00,asllrp_other_ctc,True,0.8675333333333334,1.2345666666666666,FRIEND,0.92,SAME,0.12108347564935684,NIGHT,NIGHT FRIEND WHEN SCHOOL SAME LEARN STOP
asllrp_other_ctc:845168:span00,asllrp_other_ctc,True,0.8675333333333334,1.2345666666666666,FRIEND,1.05,WORK,0.15829740464687347,NIGHT,NIGHT FRIEND WHEN SCHOOL SAME LEARN STOP
asllrp_other_ctc:845168:span00,asllrp_other_ctc,True,0.8675333333333334,1.2345666666666666,FRIEND,1.1800000000000002,FRIEND,0.23613640666007996,NIGHT,NIGHT FRIEND WHEN SCHOOL SAME LEARN STOP
asllrp_other_ctc:845168:span00,asllrp_other_ctc,True,0.8675333333333334,1.2345666666666666,FRIEND,1.31,FRIEND,0.6742323637008667,NIGHT FRIEND,NIGHT FRIEND WHEN SCHOOL SAME LEARN STOP
asllrp_other_ctc:845168:span00,asllrp_other_ctc,True,0.8675333333333334,1.2345666666666666,FRIEND,1.44,FRIEND,0.15950122475624084,NIGHT FRIEND,NIGHT FRIEND WHEN SCHOOL SAME LEARN STOP
asllrp_other_ctc:845168:span00,asllrp_other_ctc,True,0.8675333333333334,1.2345666666666666,FRIEND,1.57,WHEN,0.23236922919750214,NIGHT FRIEND,NIGHT FRIEND WHEN SCHOOL SAME LEARN STOP
asllrp_other_ctc:845168:span00,asllrp_other_ctc,True,0.8675333333333334,1.2345666666666666,FRIEND,1.7,WHEN,0.14151711761951447,NIGHT FRIEND WHEN,NIGHT FRIEND WHEN SCHOOL SAME LEARN STOP
asllrp_other_ctc:845269:span00,asllrp_other_ctc,True,0.16683333333333333,0.5005000000000001,FRIEND,0.53,FRIEND,0.8095095157623291,,FRIEND MAKE MORNING COME TIRED TIRED
asllrp_other_ctc:845269:span00,asllrp_other_ctc,True,0.16683333333333333,0.5005000000000001,FRIEND,0.66,FRIEND,0.45623788237571716,FRIEND,FRIEND MAKE MORNING COME TIRED TIRED
asllrp_other_ctc:845269:span00,asllrp_other_ctc,True,0.16683333333333333,0.5005000000000001,FRIEND,0.79,FRIEND,0.21596287190914154,FRIEND,FRIEND MAKE MORNING COME TIRED TIRED
asllrp_other_ctc:845269:span00,asllrp_other_ctc,True,0.16683333333333333,0.5005000000000001,FRIEND,0.92,HOSPITAL,0.14088888466358185,FRIEND,FRIEND MAKE MORNING COME TIRED TIRED
asllrp_other_ctc:845269:span00,asllrp_other_ctc,True,1.8685333333333334,2.1021,TIRED,1.44,HOME,0.0926845520734787,FRIEND MAKE,FRIEND MAKE MORNING COME TIRED TIRED
asllrp_other_ctc:845269:span00,asllrp_other_ctc,True,1.8685333333333334,2.1021,TIRED,1.57,MORNING,0.4233119487762451,FRIEND MAKE,FRIEND MAKE MORNING COME TIRED TIRED
asllrp_other_ctc:845269:span00,asllrp_other_ctc,True,1.8685333333333334,2.1021,TIRED,1.7,MORNING,0.6615521311759949,FRIEND MAKE MORNING,FRIEND MAKE MORNING COME TIRED TIRED
asllrp_other_ctc:845269:span00,asllrp_other_ctc,True,1.8685333333333334,2.1021,TIRED,1.83,COME,0.13103103637695312,FRIEND MAKE MORNING,FRIEND MAKE MORNING COME TIRED TIRED
asllrp_other_ctc:845269:span00,asllrp_other_ctc,True,1.8685333333333334,2.1021,TIRED,1.9600000000000002,COME,0.11288029700517654,FRIEND MAKE MORNING COME,FRIEND MAKE MORNING COME TIRED TIRED
asllrp_other_ctc:845269:span00,asllrp_other_ctc,True,1.8685333333333334,2.1021,TIRED,2.09,HAVE,0.08944667130708694,FRIEND MAKE MORNING COME,FRIEND MAKE MORNING COME TIRED TIRED
asllrp_other_ctc:845269:span00,asllrp_other_ctc,True,1.8685333333333334,2.1021,TIRED,2.2199999999999998,TIRED,0.6044607162475586,FRIEND MAKE MORNING COME,FRIEND MAKE MORNING COME TIRED TIRED
asllrp_other_ctc:845269:span00,asllrp_other_ctc,True,1.8685333333333334,2.1021,TIRED,2.35,TIRED,0.7223513126373291,FRIEND MAKE MORNING COME TIRED,FRIEND MAKE MORNING COME TIRED TIRED
asllrp_other_ctc:845269:span00,asllrp_other_ctc,True,1.8685333333333334,2.1021,TIRED,2.4800000000000004,CHILD,0.46161213517189026,FRIEND MAKE MORNING COME TIRED,FRIEND MAKE MORNING COME TIRED TIRED
asllrp_other_ctc:845269:span00,asllrp_other_ctc,True,1.8685333333333334,2.1021,TIRED,2.6100000000000003,TIRED,0.10288460552692413,FRIEND MAKE MORNING COME TIRED,FRIEND MAKE MORNING COME TIRED TIRED
asllrp_other_ctc:845270:span00,asllrp_other_ctc,True,0.16683333333333333,0.40040000000000003,FRIEND,0.53,FRIEND,0.11734993755817413,,SIGN
asllrp_other_ctc:845270:span00,asllrp_other_ctc,True,0.16683333333333333,0.40040000000000003,FRIEND,0.66,NAME,0.1939341425895691,,SIGN
asllrp_other_ctc:845270:span00,asllrp_other_ctc,True,0.16683333333333333,0.40040000000000003,FRIEND,0.79,SIGN,0.2846529185771942,,SIGN
asllrp_other_ctc:845270:span00,asllrp_other_ctc,True,0.16683333333333333,0.40040000000000003,FRIEND,0.92,TELL,0.15187183022499084,,SIGN
asllrp_other_ctc:845371:span00,asllrp_other_ctc,True,0.26693333333333336,0.5672333333333334,WORK,0.53,SAME,0.17408518493175507,,WORK SLEEP MAYBE YEAR
asllrp_other_ctc:845371:span00,asllrp_other_ctc,True,0.26693333333333336,0.5672333333333334,WORK,0.66,WORK,0.1928836703300476,,WORK SLEEP MAYBE YEAR
asllrp_other_ctc:845371:span00,asllrp_other_ctc,True,0.26693333333333336,0.5672333333333334,WORK,0.79,WORK,0.2630399465560913,WORK,WORK SLEEP MAYBE YEAR
asllrp_other_ctc:845371:span00,asllrp_other_ctc,True,0.26693333333333336,0.5672333333333334,WORK,0.92,SAME,0.1896083503961563,WORK,WORK SLEEP MAYBE YEAR
asllrp_other_ctc:845371:span00,asllrp_other_ctc,True,0.26693333333333336,0.5672333333333334,WORK,1.05,LEARN,0.11626498401165009,WORK,WORK SLEEP MAYBE YEAR
asllrp_other_ctc:845472:span00,asllrp_other_ctc,True,0.16683333333333333,0.40040000000000003,FRIEND,0.53,FRIEND,0.6587483882904053,,FRIEND ANSWER SLEEP MORNING WHY TOMORROW GOOD
asllrp_other_ctc:845472:span00,asllrp_other_ctc,True,0.16683333333333333,0.40040000000000003,FRIEND,0.66,FRIEND,0.6045770645141602,FRIEND,FRIEND ANSWER SLEEP MORNING WHY TOMORROW GOOD
asllrp_other_ctc:845472:span00,asllrp_other_ctc,True,0.16683333333333333,0.40040000000000003,FRIEND,0.79,ANSWER,0.8555243611335754,FRIEND,FRIEND ANSWER SLEEP MORNING WHY TOMORROW GOOD
asllrp_other_ctc:845472:span00,asllrp_other_ctc,True,0.16683333333333333,0.40040000000000003,FRIEND,0.92,ANSWER,0.13764992356300354,FRIEND ANSWER,FRIEND ANSWER SLEEP MORNING WHY TOMORROW GOOD
asllrp_other_ctc:845472:span00,asllrp_other_ctc,True,2.6359666666666666,2.736066666666667,EAT,2.2199999999999998,SLEEP,0.38090580701828003,FRIEND ANSWER SLEEP MORNING WHY,FRIEND ANSWER SLEEP MORNING WHY TOMORROW GOOD
asllrp_other_ctc:845472:span00,asllrp_other_ctc,True,2.6359666666666666,2.736066666666667,EAT,2.35,EAT,0.24789921939373016,FRIEND ANSWER SLEEP MORNING WHY,FRIEND ANSWER SLEEP MORNING WHY TOMORROW GOOD
asllrp_other_ctc:845472:span00,asllrp_other_ctc,True,2.6359666666666666,2.736066666666667,EAT,2.4800000000000004,TOMORROW,0.24402183294296265,FRIEND ANSWER SLEEP MORNING WHY,FRIEND ANSWER SLEEP MORNING WHY TOMORROW GOOD
asllrp_other_ctc:845472:span00,asllrp_other_ctc,True,2.6359666666666666,2.736066666666667,EAT,2.6100000000000003,TOMORROW,0.23724010586738586,FRIEND ANSWER SLEEP MORNING WHY TOMORROW,FRIEND ANSWER SLEEP MORNING WHY TOMORROW GOOD
asllrp_other_ctc:845472:span00,asllrp_other_ctc,True,2.6359666666666666,2.736066666666667,EAT,2.74,I,0.36550065875053406,FRIEND ANSWER SLEEP MORNING WHY TOMORROW,FRIEND ANSWER SLEEP MORNING WHY TOMORROW GOOD
asllrp_other_ctc:845472:span00,asllrp_other_ctc,True,2.6359666666666666,2.736066666666667,EAT,2.87,MAKE,0.4309062957763672,FRIEND ANSWER SLEEP MORNING WHY TOMORROW,FRIEND ANSWER SLEEP MORNING WHY TOMORROW GOOD
asllrp_other_ctc:845472:span00,asllrp_other_ctc,True,2.6359666666666666,2.736066666666667,EAT,3.0,NO_EMIT,0.08026300370693207,FRIEND ANSWER SLEEP MORNING WHY TOMORROW,FRIEND ANSWER SLEEP MORNING WHY TOMORROW GOOD
asllrp_other_ctc:845472:span00,asllrp_other_ctc,True,2.6359666666666666,2.736066666666667,EAT,3.13,GOOD,0.3375212848186493,FRIEND ANSWER SLEEP MORNING WHY TOMORROW,FRIEND ANSWER SLEEP MORNING WHY TOMORROW GOOD
asllrp_other_ctc:845472:span00,asllrp_other_ctc,True,2.6359666666666666,2.736066666666667,EAT,3.26,GOOD,0.9075189828872681,FRIEND ANSWER SLEEP MORNING WHY TOMORROW GOOD,FRIEND ANSWER SLEEP MORNING WHY TOMORROW GOOD
asllrp_other_ctc:845473:span00,asllrp_other_ctc,True,0.16683333333333333,0.40040000000000003,FRIEND,0.53,FRIEND,0.9216411113739014,,FRIEND GO
asllrp_other_ctc:845473:span00,asllrp_other_ctc,True,0.16683333333333333,0.40040000000000003,FRIEND,0.66,FRIEND,0.8545025587081909,FRIEND,FRIEND GO
asllrp_other_ctc:845473:span00,asllrp_other_ctc,True,0.16683333333333333,0.40040000000000003,FRIEND,0.79,FRIEND,0.7228336334228516,FRIEND,FRIEND GO
asllrp_other_ctc:845473:span00,asllrp_other_ctc,True,0.16683333333333333,0.40040000000000003,FRIEND,0.92,WEEK,0.3108016848564148,FRIEND,FRIEND GO
asllrp_other_ctc:845574:span00,asllrp_other_ctc,True,0.7007,1.1011,SCHOOL,0.53,SORRY,0.06317099183797836,,STOP SCHOOL WORK MORNING KNOW SAD
asllrp_other_ctc:845574:span00,asllrp_other_ctc,True,0.7007,1.1011,SCHOOL,0.66,STOP,0.14512433111667633,,STOP SCHOOL WORK MORNING KNOW SAD
asllrp_other_ctc:845574:span00,asllrp_other_ctc,True,0.7007,1.1011,SCHOOL,0.79,STOP,0.8082466125488281,STOP,STOP SCHOOL WORK MORNING KNOW SAD
asllrp_other_ctc:845574:span00,asllrp_other_ctc,True,0.7007,1.1011,SCHOOL,0.92,SCHOOL,0.4434516429901123,STOP,STOP SCHOOL WORK MORNING KNOW SAD
asllrp_other_ctc:845574:span00,asllrp_other_ctc,True,0.7007,1.1011,SCHOOL,1.05,SCHOOL,0.6810464859008789,STOP SCHOOL,STOP SCHOOL WORK MORNING KNOW SAD
asllrp_other_ctc:845574:span00,asllrp_other_ctc,True,0.7007,1.1011,SCHOOL,1.1800000000000002,SCHOOL,0.17484085261821747,STOP SCHOOL,STOP SCHOOL WORK MORNING KNOW SAD
asllrp_other_ctc:845574:span00,asllrp_other_ctc,True,0.7007,1.1011,SCHOOL,1.31,SCHOOL,0.11371181905269623,STOP SCHOOL,STOP SCHOOL WORK MORNING KNOW SAD
asllrp_other_ctc:845574:span00,asllrp_other_ctc,True,0.7007,1.1011,SCHOOL,1.44,YEAR,0.1691923439502716,STOP SCHOOL,STOP SCHOOL WORK MORNING KNOW SAD
asllrp_other_ctc:845574:span00,asllrp_other_ctc,True,0.7007,1.1011,SCHOOL,1.57,WORK,0.16537491977214813,STOP SCHOOL,STOP SCHOOL WORK MORNING KNOW SAD
asllrp_other_ctc:845675:span00,asllrp_other_ctc,True,0.33366666666666667,0.6006,FRIEND,0.53,WHEN,0.17236852645874023,,FRIEND LOVE EAT WORK TELL SAD BIG FRIEND ANSWER DIFFERENT SMALL I
asllrp_other_ctc:845675:span00,asllrp_other_ctc,True,0.33366666666666667,0.6006,FRIEND,0.66,FRIEND,0.33260515332221985,,FRIEND LOVE EAT WORK TELL SAD BIG FRIEND ANSWER DIFFERENT SMALL I
asllrp_other_ctc:845675:span00,asllrp_other_ctc,True,0.33366666666666667,0.6006,FRIEND,0.79,FRIEND,0.4000561535358429,FRIEND,FRIEND LOVE EAT WORK TELL SAD BIG FRIEND ANSWER DIFFERENT SMALL I
asllrp_other_ctc:845675:span00,asllrp_other_ctc,True,0.33366666666666667,0.6006,FRIEND,0.92,FRIEND,0.541757345199585,FRIEND,FRIEND LOVE EAT WORK TELL SAD BIG FRIEND ANSWER DIFFERENT SMALL I
asllrp_other_ctc:845675:span00,asllrp_other_ctc,True,0.33366666666666667,0.6006,FRIEND,1.05,FRIEND,0.30402320623397827,FRIEND,FRIEND LOVE EAT WORK TELL SAD BIG FRIEND ANSWER DIFFERENT SMALL I
asllrp_other_ctc:845675:span00,asllrp_other_ctc,True,2.1021,2.3023000000000002,UNDERSTAND,1.7,LOVE,0.2890171408653259,FRIEND LOVE,FRIEND LOVE EAT WORK TELL SAD BIG FRIEND ANSWER DIFFERENT SMALL I
asllrp_other_ctc:845675:span00,asllrp_other_ctc,True,2.1021,2.3023000000000002,UNDERSTAND,1.83,YEAR,0.07676870375871658,FRIEND LOVE,FRIEND LOVE EAT WORK TELL SAD BIG FRIEND ANSWER DIFFERENT SMALL I
asllrp_other_ctc:845675:span00,asllrp_other_ctc,True,2.1021,2.3023000000000002,UNDERSTAND,1.9600000000000002,YESTERDAY,0.23523423075675964,FRIEND LOVE,FRIEND LOVE EAT WORK TELL SAD BIG FRIEND ANSWER DIFFERENT SMALL I
asllrp_other_ctc:845675:span00,asllrp_other_ctc,True,2.1021,2.3023000000000002,UNDERSTAND,2.09,FIND,0.14733564853668213,FRIEND LOVE,FRIEND LOVE EAT WORK TELL SAD BIG FRIEND ANSWER DIFFERENT SMALL I
asllrp_other_ctc:845675:span00,asllrp_other_ctc,True,2.1021,2.3023000000000002,UNDERSTAND,2.2199999999999998,SLEEP,0.3962095379829407,FRIEND LOVE,FRIEND LOVE EAT WORK TELL SAD BIG FRIEND ANSWER DIFFERENT SMALL I
asllrp_other_ctc:845675:span00,asllrp_other_ctc,True,2.1021,2.3023000000000002,UNDERSTAND,2.35,EAT,0.2105228751897812,FRIEND LOVE,FRIEND LOVE EAT WORK TELL SAD BIG FRIEND ANSWER DIFFERENT SMALL I
asllrp_other_ctc:845675:span00,asllrp_other_ctc,True,2.1021,2.3023000000000002,UNDERSTAND,2.4800000000000004,EAT,0.45259493589401245,FRIEND LOVE EAT,FRIEND LOVE EAT WORK TELL SAD BIG FRIEND ANSWER DIFFERENT SMALL I
asllrp_other_ctc:845675:span00,asllrp_other_ctc,True,2.1021,2.3023000000000002,UNDERSTAND,2.6100000000000003,EAT,0.18705551326274872,FRIEND LOVE EAT,FRIEND LOVE EAT WORK TELL SAD BIG FRIEND ANSWER DIFFERENT SMALL I
asllrp_other_ctc:845675:span00,asllrp_other_ctc,True,2.1021,2.3023000000000002,UNDERSTAND,2.74,YEAR,0.14711305499076843,FRIEND LOVE EAT,FRIEND LOVE EAT WORK TELL SAD BIG FRIEND ANSWER DIFFERENT SMALL I
asllrp_other_ctc:845675:span00,asllrp_other_ctc,True,6.6066,7.007000000000001,DIFFERENT,6.12,WANT,0.5001646876335144,FRIEND LOVE EAT WORK TELL SAD,FRIEND LOVE EAT WORK TELL SAD BIG FRIEND ANSWER DIFFERENT SMALL I
asllrp_other_ctc:845675:span00,asllrp_other_ctc,True,6.6066,7.007000000000001,DIFFERENT,6.250000000000001,TIRED,0.09088660031557083,FRIEND LOVE EAT WORK TELL SAD,FRIEND LOVE EAT WORK TELL SAD BIG FRIEND ANSWER DIFFERENT SMALL I
asllrp_other_ctc:845675:span00,asllrp_other_ctc,True,6.6066,7.007000000000001,DIFFERENT,6.380000000000001,BIG,0.18605872988700867,FRIEND LOVE EAT WORK TELL SAD,FRIEND LOVE EAT WORK TELL SAD BIG FRIEND ANSWER DIFFERENT SMALL I
asllrp_other_ctc:845675:span00,asllrp_other_ctc,True,6.6066,7.007000000000001,DIFFERENT,6.510000000000001,UNDERSTAND,0.2419063001871109,FRIEND LOVE EAT WORK TELL SAD,FRIEND LOVE EAT WORK TELL SAD BIG FRIEND ANSWER DIFFERENT SMALL I
asllrp_other_ctc:845675:span00,asllrp_other_ctc,True,6.6066,7.007000000000001,DIFFERENT,6.640000000000001,BIG,0.26380059123039246,FRIEND LOVE EAT WORK TELL SAD,FRIEND LOVE EAT WORK TELL SAD BIG FRIEND ANSWER DIFFERENT SMALL I
asllrp_other_ctc:845675:span00,asllrp_other_ctc,True,6.6066,7.007000000000001,DIFFERENT,6.7700000000000005,BIG,0.2449578195810318,FRIEND LOVE EAT WORK TELL SAD BIG,FRIEND LOVE EAT WORK TELL SAD BIG FRIEND ANSWER DIFFERENT SMALL I
asllrp_other_ctc:845675:span00,asllrp_other_ctc,True,6.6066,7.007000000000001,DIFFERENT,6.9,FRIEND,0.6073862314224243,FRIEND LOVE EAT WORK TELL SAD BIG,FRIEND LOVE EAT WORK TELL SAD BIG FRIEND ANSWER DIFFERENT SMALL I
asllrp_other_ctc:845675:span00,asllrp_other_ctc,True,6.6066,7.007000000000001,DIFFERENT,7.03,FRIEND,0.32750022411346436,FRIEND LOVE EAT WORK TELL SAD BIG FRIEND,FRIEND LOVE EAT WORK TELL SAD BIG FRIEND ANSWER DIFFERENT SMALL I
asllrp_other_ctc:845675:span00,asllrp_other_ctc,True,6.6066,7.007000000000001,DIFFERENT,7.16,ANSWER,0.24671024084091187,FRIEND LOVE EAT WORK TELL SAD BIG FRIEND,FRIEND LOVE EAT WORK TELL SAD BIG FRIEND ANSWER DIFFERENT SMALL I
asllrp_other_ctc:845675:span00,asllrp_other_ctc,True,6.6066,7.007000000000001,DIFFERENT,7.29,ANSWER,0.21236762404441833,FRIEND LOVE EAT WORK TELL SAD BIG FRIEND ANSWER,FRIEND LOVE EAT WORK TELL SAD BIG FRIEND ANSWER DIFFERENT SMALL I
asllrp_other_ctc:845675:span00,asllrp_other_ctc,True,6.6066,7.007000000000001,DIFFERENT,7.420000000000001,DIFFERENT,0.4053874909877777,FRIEND LOVE EAT WORK TELL SAD BIG FRIEND ANSWER,FRIEND LOVE EAT WORK TELL SAD BIG FRIEND ANSWER DIFFERENT SMALL I
asllrp_other_ctc:845676:span00,asllrp_other_ctc,True,0.3003,0.6006,FRIEND,0.53,FRIEND,0.17951524257659912,,FRIEND SIGN HOT TIRED MORNING
asllrp_other_ctc:845676:span00,asllrp_other_ctc,True,0.3003,0.6006,FRIEND,0.66,FRIEND,0.2684570848941803,FRIEND,FRIEND SIGN HOT TIRED MORNING
asllrp_other_ctc:845676:span00,asllrp_other_ctc,True,0.3003,0.6006,FRIEND,0.79,SIGN,0.33319079875946045,FRIEND,FRIEND SIGN HOT TIRED MORNING
asllrp_other_ctc:845676:span00,asllrp_other_ctc,True,0.3003,0.6006,FRIEND,0.92,SIGN,0.2917071580886841,FRIEND SIGN,FRIEND SIGN HOT TIRED MORNING
asllrp_other_ctc:845676:span00,asllrp_other_ctc,True,0.3003,0.6006,FRIEND,1.05,SIGN,0.5310412049293518,FRIEND SIGN,FRIEND SIGN HOT TIRED MORNING
asllrp_other_ctc:845777:span00,asllrp_other_ctc,True,0.3003,0.6339666666666667,FRIEND,0.53,I,0.19466540217399597,,I TELL I TRY COLD SIGN
asllrp_other_ctc:845777:span00,asllrp_other_ctc,True,0.3003,0.6339666666666667,FRIEND,0.66,FRIEND,0.5468996167182922,,I TELL I TRY COLD SIGN
asllrp_other_ctc:845777:span00,asllrp_other_ctc,True,0.3003,0.6339666666666667,FRIEND,0.79,I,0.29276466369628906,,I TELL I TRY COLD SIGN
asllrp_other_ctc:845777:span00,asllrp_other_ctc,True,0.3003,0.6339666666666667,FRIEND,0.92,I,0.38563597202301025,I,I TELL I TRY COLD SIGN
asllrp_other_ctc:845777:span00,asllrp_other_ctc,True,0.3003,0.6339666666666667,FRIEND,1.05,TELL,0.35048994421958923,I,I TELL I TRY COLD SIGN
asllrp_other_ctc:845878:span00,asllrp_other_ctc,True,0.3003,0.5338666666666667,FRIEND,0.53,FRIEND,0.4362680912017822,,FRIEND LEARN SLEEP SAME WORK WHY MAYBE
asllrp_other_ctc:845878:span00,asllrp_other_ctc,True,0.3003,0.5338666666666667,FRIEND,0.66,FRIEND,0.6708108186721802,FRIEND,FRIEND LEARN SLEEP SAME WORK WHY MAYBE
asllrp_other_ctc:845878:span00,asllrp_other_ctc,True,0.3003,0.5338666666666667,FRIEND,0.79,FRIEND,0.42211079597473145,FRIEND,FRIEND LEARN SLEEP SAME WORK WHY MAYBE
asllrp_other_ctc:845878:span00,asllrp_other_ctc,True,0.3003,0.5338666666666667,FRIEND,0.92,FRIEND,0.15382902324199677,FRIEND,FRIEND LEARN SLEEP SAME WORK WHY MAYBE
asllrp_other_ctc:845878:span00,asllrp_other_ctc,True,0.3003,0.5338666666666667,FRIEND,1.05,ASK,0.14904235303401947,FRIEND,FRIEND LEARN SLEEP SAME WORK WHY MAYBE
asllrp_other_ctc:845878:span00,asllrp_other_ctc,True,3.069733333333333,3.4701333333333335,DIFFERENT,2.6100000000000003,LESS,0.4535197615623474,FRIEND LEARN SLEEP,FRIEND LEARN SLEEP SAME WORK WHY MAYBE
asllrp_other_ctc:845878:span00,asllrp_other_ctc,True,3.069733333333333,3.4701333333333335,DIFFERENT,2.74,NIGHT,0.8458288311958313,FRIEND LEARN SLEEP,FRIEND LEARN SLEEP SAME WORK WHY MAYBE
asllrp_other_ctc:845878:span00,asllrp_other_ctc,True,3.069733333333333,3.4701333333333335,DIFFERENT,2.87,LESS,0.12259643524885178,FRIEND LEARN SLEEP,FRIEND LEARN SLEEP SAME WORK WHY MAYBE
asllrp_other_ctc:845878:span00,asllrp_other_ctc,True,3.069733333333333,3.4701333333333335,DIFFERENT,3.0,SMALL,0.40559497475624084,FRIEND LEARN SLEEP,FRIEND LEARN SLEEP SAME WORK WHY MAYBE
asllrp_other_ctc:845878:span00,asllrp_other_ctc,True,3.069733333333333,3.4701333333333335,DIFFERENT,3.13,READY,0.34708932042121887,FRIEND LEARN SLEEP,FRIEND LEARN SLEEP SAME WORK WHY MAYBE
asllrp_other_ctc:845878:span00,asllrp_other_ctc,True,3.069733333333333,3.4701333333333335,DIFFERENT,3.26,SMALL,0.22248046100139618,FRIEND LEARN SLEEP,FRIEND LEARN SLEEP SAME WORK WHY MAYBE
asllrp_other_ctc:845878:span00,asllrp_other_ctc,True,3.069733333333333,3.4701333333333335,DIFFERENT,3.3900000000000006,NO,0.32260558009147644,FRIEND LEARN SLEEP,FRIEND LEARN SLEEP SAME WORK WHY MAYBE
asllrp_other_ctc:845878:span00,asllrp_other_ctc,True,3.069733333333333,3.4701333333333335,DIFFERENT,3.5200000000000005,SAME,0.34653621912002563,FRIEND LEARN SLEEP,FRIEND LEARN SLEEP SAME WORK WHY MAYBE
asllrp_other_ctc:845878:span00,asllrp_other_ctc,True,3.069733333333333,3.4701333333333335,DIFFERENT,3.6500000000000004,SAME,0.4123522639274597,FRIEND LEARN SLEEP SAME,FRIEND LEARN SLEEP SAME WORK WHY MAYBE
asllrp_other_ctc:845878:span00,asllrp_other_ctc,True,3.069733333333333,3.4701333333333335,DIFFERENT,3.7800000000000002,SAME,0.27454087138175964,FRIEND LEARN SLEEP SAME,FRIEND LEARN SLEEP SAME WORK WHY MAYBE
asllrp_other_ctc:845878:span00,asllrp_other_ctc,True,3.069733333333333,3.4701333333333335,DIFFERENT,3.91,WORK,0.13859111070632935,FRIEND LEARN SLEEP SAME,FRIEND LEARN SLEEP SAME WORK WHY MAYBE
