feature_path,raw_path,semlex_video_id,semlex_signer_id,true_label,citizen_raw_gloss,citizen_asl_lex_code,asllex_entry_id,predicted_label,top5_labels,top1_hit,top5_hit,true_probability,training_approved
data/local/semlex_citizen100_train_audit/landmarks_v17/ANGRY/8D3KX0QsDVnCvUivPnLe.v17.npz,data/local/semlex_citizen100_train_audit/raw/ANGRY/8D3KX0QsDVnCvUivPnLe.webm,8D3KX0QsDVnCvUivPnLe,31,ANGRY,ANGRY,B_01_070,angry,ANGRY,ANGRY|BIG|NOW|READY|SIGN,True,True,0.9038107395172119,False
data/local/semlex_citizen100_train_audit/landmarks_v17/ANGRY/BB7gQhrDsccTRLUXdzaY.v17.npz,data/local/semlex_citizen100_train_audit/raw/ANGRY/BB7gQhrDsccTRLUXdzaY.webm,BB7gQhrDsccTRLUXdzaY,14,ANGRY,ANGRY,B_01_070,angry,ANGRY,ANGRY|SAD|WAIT|WHY|HELLO,True,True,0.773213803768158,False
data/local/semlex_citizen100_train_audit/landmarks_v17/ANGRY/Hspqt3QrAlfQRr7mWpUh.v17.npz,data/local/semlex_citizen100_train_audit/raw/ANGRY/Hspqt3QrAlfQRr7mWpUh.webm,Hspqt3QrAlfQRr7mWpUh,43,ANGRY,ANGRY,B_01_070,angry,ANGRY,ANGRY|SIGN|BIG|HAVE|EXCITED,True,True,0.8563997745513916,False
data/local/semlex_citizen100_train_audit/landmarks_v17/ANGRY/IkD0zbT3MlxgeNmYL58k.v17.npz,data/local/semlex_citizen100_train_audit/raw/ANGRY/IkD0zbT3MlxgeNmYL58k.webm,IkD0zbT3MlxgeNmYL58k,39,ANGRY,ANGRY,B_01_070,angry,LIKE,LIKE|THEY|MAYBE|STOP|HE,False,False,0.0097817899659276,False
data/local/semlex_citizen100_train_audit/landmarks_v17/ANGRY/K3GSv0MsIOr8HTH9ME5R.v17.npz,data/local/semlex_citizen100_train_audit/raw/ANGRY/K3GSv0MsIOr8HTH9ME5R.webm,K3GSv0MsIOr8HTH9ME5R,84,ANGRY,ANGRY,B_01_070,angry,ANGRY,ANGRY|BIG|SAD|EXCITED|WHY,True,True,0.9252737760543823,False
data/local/semlex_citizen100_train_audit/landmarks_v17/ANGRY/NVYbCFfGoJgBuKdqKRZ6.v17.npz,data/local/semlex_citizen100_train_audit/raw/ANGRY/NVYbCFfGoJgBuKdqKRZ6.webm,NVYbCFfGoJgBuKdqKRZ6,30,ANGRY,ANGRY,B_01_070,angry,ANGRY,ANGRY|WANT|NOW|READY|WHY,True,True,0.8858253955841064,False
data/local/semlex_citizen100_train_audit/landmarks_v17/ANGRY/Qb6UHreWxAVBdvw1nlBI.v17.npz,data/local/semlex_citizen100_train_audit/raw/ANGRY/Qb6UHreWxAVBdvw1nlBI.webm,Qb6UHreWxAVBdvw1nlBI,38,ANGRY,ANGRY,B_01_070,angry,ANGRY,ANGRY|BIG|READY|NOW|WANT,True,True,0.8037476539611816,False
data/local/semlex_citizen100_train_audit/landmarks_v17/ANGRY/Ub5scLZkHuSK4OCaPmy2.v17.npz,data/local/semlex_citizen100_train_audit/raw/ANGRY/Ub5scLZkHuSK4OCaPmy2.webm,Ub5scLZkHuSK4OCaPmy2,46,ANGRY,ANGRY,B_01_070,angry,ANGRY,ANGRY|HAVE|EXCITED|BIG|NOW,True,True,0.8518156409263611,False
data/local/semlex_citizen100_train_audit/landmarks_v17/ANGRY/W7N1R57OrOZguwBqc9aA.v17.npz,data/local/semlex_citizen100_train_audit/raw/ANGRY/W7N1R57OrOZguwBqc9aA.webm,W7N1R57OrOZguwBqc9aA,80,ANGRY,ANGRY,B_01_070,angry,WHY,WHY|HOT|ANGRY|FIND|BIG,False,True,0.061697475612163544,False
data/local/semlex_citizen100_train_audit/landmarks_v17/ANGRY/eZsjOULjWw4jKY92bONR.v17.npz,data/local/semlex_citizen100_train_audit/raw/ANGRY/eZsjOULjWw4jKY92bONR.webm,eZsjOULjWw4jKY92bONR,76,ANGRY,ANGRY,B_01_070,angry,ANGRY,ANGRY|READY|SIGN|BIG|EXCITED,True,True,0.9311614036560059,False
data/local/semlex_citizen100_train_audit/landmarks_v17/ANGRY/fx8IGY3FEfNp4N6et7vm.v17.npz,data/local/semlex_citizen100_train_audit/raw/ANGRY/fx8IGY3FEfNp4N6et7vm.webm,fx8IGY3FEfNp4N6et7vm,23,ANGRY,ANGRY,B_01_070,angry,ANGRY,ANGRY|NOW|WAIT|WANT|EXCITED,True,True,0.784985363483429,False
data/local/semlex_citizen100_train_audit/landmarks_v17/ANGRY/gCQziDjm59tSsRqjF6dT.v17.npz,data/local/semlex_citizen100_train_audit/raw/ANGRY/gCQziDjm59tSsRqjF6dT.webm,gCQziDjm59tSsRqjF6dT,85,ANGRY,ANGRY,B_01_070,angry,ANGRY,ANGRY|EXCITED|SIGN|HAVE|WAIT,True,True,0.9069560766220093,False
data/local/semlex_citizen100_train_audit/landmarks_v17/ANGRY/ixPRrBhlmdLSSweFQUcf.v17.npz,data/local/semlex_citizen100_train_audit/raw/ANGRY/ixPRrBhlmdLSSweFQUcf.webm,ixPRrBhlmdLSSweFQUcf,17,ANGRY,ANGRY,B_01_070,angry,ANGRY,ANGRY|BIG|READY|SIGN|NOW,True,True,0.9035924673080444,False
data/local/semlex_citizen100_train_audit/landmarks_v17/ANGRY/mX2Bz5kphefU0WJ9Dau7.v17.npz,data/local/semlex_citizen100_train_audit/raw/ANGRY/mX2Bz5kphefU0WJ9Dau7.webm,mX2Bz5kphefU0WJ9Dau7,62,ANGRY,ANGRY,B_01_070,angry,ANGRY,ANGRY|EXCITED|NOW|BIG|HAVE,True,True,0.8996226787567139,False
data/local/semlex_citizen100_train_audit/landmarks_v17/ANGRY/pH7PuV3vU0VXSTx1lAhx.v17.npz,data/local/semlex_citizen100_train_audit/raw/ANGRY/pH7PuV3vU0VXSTx1lAhx.webm,pH7PuV3vU0VXSTx1lAhx,49,ANGRY,ANGRY,B_01_070,angry,FAMILY,FAMILY|NOW|DOCTOR|ANGRY|SMALL,False,True,0.07491064816713333,False
data/local/semlex_citizen100_train_audit/landmarks_v17/ANGRY/pV4eehDpzWWMcGENWKuE.v17.npz,data/local/semlex_citizen100_train_audit/raw/ANGRY/pV4eehDpzWWMcGENWKuE.webm,pV4eehDpzWWMcGENWKuE,7,ANGRY,ANGRY,B_01_070,angry,EXCITED,EXCITED|ANGRY|MAYBE|BIG|NOW,False,True,0.1910216212272644,False
data/local/semlex_citizen100_train_audit/landmarks_v17/ANGRY/tJ2gPKQ56tgCTJdbKPSW.v17.npz,data/local/semlex_citizen100_train_audit/raw/ANGRY/tJ2gPKQ56tgCTJdbKPSW.webm,tJ2gPKQ56tgCTJdbKPSW,63,ANGRY,ANGRY,B_01_070,angry,HAVE,HAVE|EXCITED|SIGN|ANGRY|HAPPY,False,True,0.041912272572517395,False
data/local/semlex_citizen100_train_audit/landmarks_v17/ANGRY/x9ZtZ4bhI3C3k6X1PWFg.v17.npz,data/local/semlex_citizen100_train_audit/raw/ANGRY/x9ZtZ4bhI3C3k6X1PWFg.webm,x9ZtZ4bhI3C3k6X1PWFg,11,ANGRY,ANGRY,B_01_070,angry,HAVE,HAVE|EXCITED|ANGRY|SIGN|HAPPY,False,True,0.04747205600142479,False
data/local/semlex_citizen100_train_audit/landmarks_v17/ANSWER/3YvzncJ9MJMsafG0htS4.v17.npz,data/local/semlex_citizen100_train_audit/raw/ANSWER/3YvzncJ9MJMsafG0htS4.webm,3YvzncJ9MJMsafG0htS4,84,ANSWER,ANSWER,E_03_065,answer,ASK,ASK|NO|WHO|TAKE|WHERE,False,False,0.0016678820829838514,False
data/local/semlex_citizen100_train_audit/landmarks_v17/ANSWER/CgBMz8JIG2lNv6vFOjfL.v17.npz,data/local/semlex_citizen100_train_audit/raw/ANSWER/CgBMz8JIG2lNv6vFOjfL.webm,CgBMz8JIG2lNv6vFOjfL,88,ANSWER,ANSWER,E_03_065,answer,ASK,ASK|FRIEND|USE|YOU|ANSWER,False,True,0.09827693551778793,False
data/local/semlex_citizen100_train_audit/landmarks_v17/ANSWER/FsFhk24qG9TZ9l7ar3xF.v17.npz,data/local/semlex_citizen100_train_audit/raw/ANSWER/FsFhk24qG9TZ9l7ar3xF.webm,FsFhk24qG9TZ9l7ar3xF,49,ANSWER,ANSWER,E_03_065,answer,ANSWER,ANSWER|ASK|GO|FRIEND|WHEN,True,True,0.8056708574295044,False
data/local/semlex_citizen100_train_audit/landmarks_v17/ANSWER/OmhXpnv24PiReGTneCGi.v17.npz,data/local/semlex_citizen100_train_audit/raw/ANSWER/OmhXpnv24PiReGTneCGi.webm,OmhXpnv24PiReGTneCGi,63,ANSWER,ANSWER,E_03_065,answer,ANSWER,ANSWER|FRIEND|USE|ASK|YOU,True,True,0.8746466040611267,False
data/local/semlex_citizen100_train_audit/landmarks_v17/ANSWER/TGHG3Bl4tAKDEu3FBrPO.v17.npz,data/local/semlex_citizen100_train_audit/raw/ANSWER/TGHG3Bl4tAKDEu3FBrPO.webm,TGHG3Bl4tAKDEu3FBrPO,46,ANSWER,ANSWER,E_03_065,answer,ANSWER,ANSWER|GO|FRIEND|WHEN|ASK,True,True,0.827016294002533,False
data/local/semlex_citizen100_train_audit/landmarks_v17/ANSWER/YXnIlDqkbiNfxK8kbO7c.v17.npz,data/local/semlex_citizen100_train_audit/raw/ANSWER/YXnIlDqkbiNfxK8kbO7c.webm,YXnIlDqkbiNfxK8kbO7c,62,ANSWER,ANSWER,E_03_065,answer,GO,GO|ANSWER|FRIEND|WHAT|READ,False,True,0.06869535148143768,False
data/local/semlex_citizen100_train_audit/landmarks_v17/ANSWER/iBlUN0W4JAml7olWhVfb.v17.npz,data/local/semlex_citizen100_train_audit/raw/ANSWER/iBlUN0W4JAml7olWhVfb.webm,iBlUN0W4JAml7olWhVfb,39,ANSWER,ANSWER,E_03_065,answer,WANT,WANT|LIKE|READY|WHAT|GO,False,False,0.0025103886146098375,False
data/local/semlex_citizen100_train_audit/landmarks_v17/ANSWER/kOnVuopynJiTRIhcSORi.v17.npz,data/local/semlex_citizen100_train_audit/raw/ANSWER/kOnVuopynJiTRIhcSORi.webm,kOnVuopynJiTRIhcSORi,31,ANSWER,ANSWER,E_03_065,answer,ANSWER,ANSWER|GO|ASK|FRIEND|WORK,True,True,0.8083181977272034,False
data/local/semlex_citizen100_train_audit/landmarks_v17/ANSWER/o4DsnRaaEmZdncfAbu7c.v17.npz,data/local/semlex_citizen100_train_audit/raw/ANSWER/o4DsnRaaEmZdncfAbu7c.webm,o4DsnRaaEmZdncfAbu7c,17,ANSWER,ANSWER,E_03_065,answer,GO,GO|ANSWER|ASK|DIFFERENT|LISTEN,False,True,0.10383735597133636,False
data/local/semlex_citizen100_train_audit/landmarks_v17/ANSWER/pZJWC2HB3Wvsx1hse5eE.v17.npz,data/local/semlex_citizen100_train_audit/raw/ANSWER/pZJWC2HB3Wvsx1hse5eE.webm,pZJWC2HB3Wvsx1hse5eE,42,ANSWER,ANSWER,E_03_065,answer,ANSWER,ANSWER|GO|FRIEND|COLD|WORK,True,True,0.23564259707927704,False
data/local/semlex_citizen100_train_audit/landmarks_v17/ANSWER/wt7tL8czDgSxIISDXnHq.v17.npz,data/local/semlex_citizen100_train_audit/raw/ANSWER/wt7tL8czDgSxIISDXnHq.webm,wt7tL8czDgSxIISDXnHq,59,ANSWER,ANSWER,E_03_065,answer,TALK,TALK|WHAT|NO|WATER|SAME,False,False,0.0013048294931650162,False
data/local/semlex_citizen100_train_audit/landmarks_v17/ASK/4EDnhmlPD74IR2dXizQv.v17.npz,data/local/semlex_citizen100_train_audit/raw/ASK/4EDnhmlPD74IR2dXizQv.webm,4EDnhmlPD74IR2dXizQv,39,ASK,ASK,B_02_023,ask,HE,HE|WHAT|ANGRY|WHY|WANT,False,False,0.0007804068736732006,False
data/local/semlex_citizen100_train_audit/landmarks_v17/ASK/58mT3jYTJCG5osICjXhJ.v17.npz,data/local/semlex_citizen100_train_audit/raw/ASK/58mT3jYTJCG5osICjXhJ.webm,58mT3jYTJCG5osICjXhJ,30,ASK,ASK,B_02_023,ask,ASK,ASK|YOU|WHERE|WHO|ANSWER,True,True,0.7680236101150513,False
data/local/semlex_citizen100_train_audit/landmarks_v17/ASK/5J2cdjwNdlbknOYdy4Zv.v17.npz,data/local/semlex_citizen100_train_audit/raw/ASK/5J2cdjwNdlbknOYdy4Zv.webm,5J2cdjwNdlbknOYdy4Zv,11,ASK,ASK,B_02_023,ask,ASK,ASK|YOU|THEY|WHERE|ANSWER,True,True,0.80466628074646,False
data/local/semlex_citizen100_train_audit/landmarks_v17/ASK/Fs9aIc1NnZK9GCv7rGLe.v17.npz,data/local/semlex_citizen100_train_audit/raw/ASK/Fs9aIc1NnZK9GCv7rGLe.webm,Fs9aIc1NnZK9GCv7rGLe,42,ASK,ASK,B_02_023,ask,YES,YES|TAKE|YESTERDAY|TOMORROW|ASK,False,True,0.06218188256025314,False
data/local/semlex_citizen100_train_audit/landmarks_v17/ASK/JgIGkJWZaTV6VsqL3RaB.v17.npz,data/local/semlex_citizen100_train_audit/raw/ASK/JgIGkJWZaTV6VsqL3RaB.webm,JgIGkJWZaTV6VsqL3RaB,17,ASK,ASK,B_02_023,ask,ASK,ASK|YOU|ANSWER|NO|TAKE,True,True,0.9553956389427185,False
data/local/semlex_citizen100_train_audit/landmarks_v17/ASK/NjhDTtuu6BU6cRxFoPPi.v17.npz,data/local/semlex_citizen100_train_audit/raw/ASK/NjhDTtuu6BU6cRxFoPPi.webm,NjhDTtuu6BU6cRxFoPPi,15,ASK,ASK,B_02_023,ask,ANSWER,ANSWER|GO|FRIEND|WHEN|DIFFERENT,False,False,0.006311825476586819,False
data/local/semlex_citizen100_train_audit/landmarks_v17/ASK/VnDAvwT4VK18YkytOOTh.v17.npz,data/local/semlex_citizen100_train_audit/raw/ASK/VnDAvwT4VK18YkytOOTh.webm,VnDAvwT4VK18YkytOOTh,38,ASK,ASK,B_02_023,ask,DAY,DAY|WE|MAN|TOMORROW|ASK,False,True,0.020722350105643272,False
data/local/semlex_citizen100_train_audit/landmarks_v17/ASK/Z95u7xI9RTxNpYhkbKoJ.v17.npz,data/local/semlex_citizen100_train_audit/raw/ASK/Z95u7xI9RTxNpYhkbKoJ.webm,Z95u7xI9RTxNpYhkbKoJ,7,ASK,ASK,B_02_023,ask,FATHER,FATHER|LISTEN|ASK|ANSWER|NEED,False,True,0.08085546642541885,False
data/local/semlex_citizen100_train_audit/landmarks_v17/ASK/bpU61sJ1VaNyNVj6CnbX.v17.npz,data/local/semlex_citizen100_train_audit/raw/ASK/bpU61sJ1VaNyNVj6CnbX.webm,bpU61sJ1VaNyNVj6CnbX,84,ASK,ASK,B_02_023,ask,ASK,ASK|YOU|WHERE|WHO|NEED,True,True,0.6653788685798645,False
data/local/semlex_citizen100_train_audit/landmarks_v17/ASK/gOWeL4xxNrQh317Gjiwq.v17.npz,data/local/semlex_citizen100_train_audit/raw/ASK/gOWeL4xxNrQh317Gjiwq.webm,gOWeL4xxNrQh317Gjiwq,49,ASK,ASK,B_02_023,ask,ASK,ASK|YOU|WHO|ANSWER|WHERE,True,True,0.865165114402771,False
data/local/semlex_citizen100_train_audit/landmarks_v17/ASK/iAVIow7WBC5AxnLo7KSj.v17.npz,data/local/semlex_citizen100_train_audit/raw/ASK/iAVIow7WBC5AxnLo7KSj.webm,iAVIow7WBC5AxnLo7KSj,52,ASK,ASK,B_02_023,ask,ASK,ASK|HE|NEED|NO|LISTEN,True,True,0.5922224521636963,False
data/local/semlex_citizen100_train_audit/landmarks_v17/ASK/nNNofvgfYFnMvfTG4Kzq.v17.npz,data/local/semlex_citizen100_train_audit/raw/ASK/nNNofvgfYFnMvfTG4Kzq.webm,nNNofvgfYFnMvfTG4Kzq,62,ASK,ASK,B_02_023,ask,ASK,ASK|YOU|WHO|ANSWER|THEY,True,True,0.8386142253875732,False
data/local/semlex_citizen100_train_audit/landmarks_v17/ASK/xphIldIfzSy4GrqnWBDn.v17.npz,data/local/semlex_citizen100_train_audit/raw/ASK/xphIldIfzSy4GrqnWBDn.webm,xphIldIfzSy4GrqnWBDn,12,ASK,ASK,B_02_023,ask,ASK,ASK|YOU|WHO|ANSWER|THEY,True,True,0.9184699058532715,False
data/local/semlex_citizen100_train_audit/landmarks_v17/ASK/ySnUSH7ijk8xe2OdjJ0Y.v17.npz,data/local/semlex_citizen100_train_audit/raw/ASK/ySnUSH7ijk8xe2OdjJ0Y.webm,ySnUSH7ijk8xe2OdjJ0Y,31,ASK,ASK,B_02_023,ask,GO,GO|ANSWER|DIFFERENT|ASK|WORK,False,True,0.020314371213316917,False
data/local/semlex_citizen100_train_audit/landmarks_v17/BAD/3SFoS4IVtVHrlq93wbO3.v17.npz,data/local/semlex_citizen100_train_audit/raw/BAD/3SFoS4IVtVHrlq93wbO3.webm,3SFoS4IVtVHrlq93wbO3,88,BAD,BAD,B_02_082,bad,BAD,BAD|HOT|WHY|HUNGRY|SLEEP,True,True,0.5016971826553345,False
data/local/semlex_citizen100_train_audit/landmarks_v17/BAD/5VSDBqXeAzOnGUYZeuqB.v17.npz,data/local/semlex_citizen100_train_audit/raw/BAD/5VSDBqXeAzOnGUYZeuqB.webm,5VSDBqXeAzOnGUYZeuqB,85,BAD,BAD,B_02_082,bad,BAD,BAD|HOT|GOOD|THANKYOU|DRINK,True,True,0.6538417339324951,False
data/local/semlex_citizen100_train_audit/landmarks_v17/BAD/6hBKB03eErsagj1INObb.v17.npz,data/local/semlex_citizen100_train_audit/raw/BAD/6hBKB03eErsagj1INObb.webm,6hBKB03eErsagj1INObb,76,BAD,BAD,B_02_082,bad,BAD,BAD|HOT|GOOD|THANKYOU|HAPPY,True,True,0.4229268729686737,False
data/local/semlex_citizen100_train_audit/landmarks_v17/BAD/Fs6dXaLehfFiJLGk8kcV.v17.npz,data/local/semlex_citizen100_train_audit/raw/BAD/Fs6dXaLehfFiJLGk8kcV.webm,Fs6dXaLehfFiJLGk8kcV,52,BAD,BAD,B_02_082,bad,BAD,BAD|HOT|HUNGRY|GOOD|COME,True,True,0.8014723062515259,False
data/local/semlex_citizen100_train_audit/landmarks_v17/BAD/KLkPYvlaYXLMimaTozzr.v17.npz,data/local/semlex_citizen100_train_audit/raw/BAD/KLkPYvlaYXLMimaTozzr.webm,KLkPYvlaYXLMimaTozzr,80,BAD,BAD,B_02_082,bad,WHY,WHY|DRINK|FIND|HOT|HELLO,False,False,0.016921548172831535,False
data/local/semlex_citizen100_train_audit/landmarks_v17/BAD/N4Bn02QYZXcQ5DAUDMA1.v17.npz,data/local/semlex_citizen100_train_audit/raw/BAD/N4Bn02QYZXcQ5DAUDMA1.webm,N4Bn02QYZXcQ5DAUDMA1,62,BAD,BAD,B_02_082,bad,BAD,BAD|DRINK|HOT|GOOD|HAPPY,True,True,0.7300139665603638,False
data/local/semlex_citizen100_train_audit/landmarks_v17/BAD/OSLiulGksFnSXrYiKOcq.v17.npz,data/local/semlex_citizen100_train_audit/raw/BAD/OSLiulGksFnSXrYiKOcq.webm,OSLiulGksFnSXrYiKOcq,60,BAD,BAD,B_02_082,bad,EASY,EASY|STOP|SCHOOL|WAIT|LESS,False,False,0.003060092916712165,False
data/local/semlex_citizen100_train_audit/landmarks_v17/BAD/UXNxDqBo7DLFEcsnr43s.v17.npz,data/local/semlex_citizen100_train_audit/raw/BAD/UXNxDqBo7DLFEcsnr43s.webm,UXNxDqBo7DLFEcsnr43s,17,BAD,BAD,B_02_082,bad,DRINK,DRINK|BAD|FIND|HOT|WOMAN,False,True,0.22133789956569672,False
data/local/semlex_citizen100_train_audit/landmarks_v17/BAD/VvrLHe9tupQwog24kNfe.v17.npz,data/local/semlex_citizen100_train_audit/raw/BAD/VvrLHe9tupQwog24kNfe.webm,VvrLHe9tupQwog24kNfe,49,BAD,BAD,B_02_082,bad,DRINK,DRINK|BAD|THANKYOU|HOT|GOOD,False,True,0.1628122478723526,False
data/local/semlex_citizen100_train_audit/landmarks_v17/BAD/ZaJL5Y4XaSEIAKZow8Kn.v17.npz,data/local/semlex_citizen100_train_audit/raw/BAD/ZaJL5Y4XaSEIAKZow8Kn.webm,ZaJL5Y4XaSEIAKZow8Kn,7,BAD,BAD,B_02_082,bad,BAD,BAD|HUNGRY|GOOD|SLEEP|COME,True,True,0.8999429941177368,False
data/local/semlex_citizen100_train_audit/landmarks_v17/BAD/aapNqGAy8XS3g1k4BUf4.v17.npz,data/local/semlex_citizen100_train_audit/raw/BAD/aapNqGAy8XS3g1k4BUf4.webm,aapNqGAy8XS3g1k4BUf4,23,BAD,BAD,B_02_082,bad,BAD,BAD|GOOD|DRINK|WOMAN|STOP,True,True,0.9095107913017273,False
data/local/semlex_citizen100_train_audit/landmarks_v17/BAD/iZmbjXGfMOdla5J1XBg0.v17.npz,data/local/semlex_citizen100_train_audit/raw/BAD/iZmbjXGfMOdla5J1XBg0.webm,iZmbjXGfMOdla5J1XBg0,12,BAD,BAD,B_02_082,bad,BAD,BAD|HOT|COME|GOOD|HUNGRY,True,True,0.8747393488883972,False
data/local/semlex_citizen100_train_audit/landmarks_v17/BAD/klRuHKzdr7EwrxciTEQK.v17.npz,data/local/semlex_citizen100_train_audit/raw/BAD/klRuHKzdr7EwrxciTEQK.webm,klRuHKzdr7EwrxciTEQK,31,BAD,BAD,B_02_082,bad,BAD,BAD|HOT|GOOD|HUNGRY|DRINK,True,True,0.7953376173973083,False
data/local/semlex_citizen100_train_audit/landmarks_v17/BAD/p0npAGfq56B0UbjWiGuu.v17.npz,data/local/semlex_citizen100_train_audit/raw/BAD/p0npAGfq56B0UbjWiGuu.webm,p0npAGfq56B0UbjWiGuu,11,BAD,BAD,B_02_082,bad,STOP,STOP|BAD|GOOD|LESS|THANKYOU,False,True,0.061742644757032394,False
data/local/semlex_citizen100_train_audit/landmarks_v17/BAD/qFlkMSfi8ul7Ce11Ie3l.v17.npz,data/local/semlex_citizen100_train_audit/raw/BAD/qFlkMSfi8ul7Ce11Ie3l.webm,qFlkMSfi8ul7Ce11Ie3l,59,BAD,BAD,B_02_082,bad,STOP,STOP|LESS|EASY|GOOD|SCHOOL,False,False,0.0073236506432294846,False
data/local/semlex_citizen100_train_audit/landmarks_v17/BAD/r58poAyJDADPq8UN1ci3.v17.npz,data/local/semlex_citizen100_train_audit/raw/BAD/r58poAyJDADPq8UN1ci3.webm,r58poAyJDADPq8UN1ci3,42,BAD,BAD,B_02_082,bad,BAD,BAD|GIVE|HOME|WHY|STOP,True,True,0.35363665223121643,False
data/local/semlex_citizen100_train_audit/landmarks_v17/BAD/sfkhRL5xKdJNMdu8at0k.v17.npz,data/local/semlex_citizen100_train_audit/raw/BAD/sfkhRL5xKdJNMdu8at0k.webm,sfkhRL5xKdJNMdu8at0k,63,BAD,BAD,B_02_082,bad,BAD,BAD|GOOD|HOT|THANKYOU|COME,True,True,0.6100121736526489,False
data/local/semlex_citizen100_train_audit/landmarks_v17/BAD/t4gEw2HnwoTLlYypxfJy.v17.npz,data/local/semlex_citizen100_train_audit/raw/BAD/t4gEw2HnwoTLlYypxfJy.webm,t4gEw2HnwoTLlYypxfJy,46,BAD,BAD,B_02_082,bad,BAD,BAD|DRINK|HOT|GOOD|WOMAN,True,True,0.8870154619216919,False
data/local/semlex_citizen100_train_audit/landmarks_v17/BAD/vRodSf98xBdxni9Ewyeq.v17.npz,data/local/semlex_citizen100_train_audit/raw/BAD/vRodSf98xBdxni9Ewyeq.webm,vRodSf98xBdxni9Ewyeq,30,BAD,BAD,B_02_082,bad,HOT,HOT|BAD|DRINK|GOOD|STOP,False,True,0.2316223531961441,False
data/local/semlex_citizen100_train_audit/landmarks_v17/BAD/z8G90FFyVdHUzXhaRvS3.v17.npz,data/local/semlex_citizen100_train_audit/raw/BAD/z8G90FFyVdHUzXhaRvS3.webm,z8G90FFyVdHUzXhaRvS3,35,BAD,BAD,B_02_082,bad,BAD,BAD|HOT|HUNGRY|GOOD|TOMORROW,True,True,0.5236408710479736,False
data/local/semlex_citizen100_train_audit/landmarks_v17/BAD/zxyiHZ1tqZ5vwNPNsyxu.v17.npz,data/local/semlex_citizen100_train_audit/raw/BAD/zxyiHZ1tqZ5vwNPNsyxu.webm,zxyiHZ1tqZ5vwNPNsyxu,8,BAD,BAD,B_02_082,bad,BAD,BAD|GOOD|COME|THANKYOU|HOT,True,True,0.8995135426521301,False
data/local/semlex_citizen100_train_audit/landmarks_v17/BIG/5zavhLz4eudllAHOP0cI.v17.npz,data/local/semlex_citizen100_train_audit/raw/BIG/5zavhLz4eudllAHOP0cI.webm,5zavhLz4eudllAHOP0cI,49,BIG,BIG,F_02_054,big,BIG,BIG|ANGRY|HE|NOW|DIFFERENT,True,True,0.9232485890388489,False
data/local/semlex_citizen100_train_audit/landmarks_v17/BIG/8EQbwyyyTszKjw2501k6.v17.npz,data/local/semlex_citizen100_train_audit/raw/BIG/8EQbwyyyTszKjw2501k6.webm,8EQbwyyyTszKjw2501k6,46,BIG,BIG,F_02_054,big,LANGUAGE,LANGUAGE|BIG|TRY|HOT|NOW,False,True,0.26961424946784973,False
data/local/semlex_citizen100_train_audit/landmarks_v17/BIG/8VrUscTs53IWK2TOxPTP.v17.npz,data/local/semlex_citizen100_train_audit/raw/BIG/8VrUscTs53IWK2TOxPTP.webm,8VrUscTs53IWK2TOxPTP,35,BIG,BIG,F_02_054,big,SIGN,SIGN|BIG|THINK|NEED|ANGRY,False,True,0.21381346881389618,False
data/local/semlex_citizen100_train_audit/landmarks_v17/BIG/AdWcFbou7CPmokzp69br.v17.npz,data/local/semlex_citizen100_train_audit/raw/BIG/AdWcFbou7CPmokzp69br.webm,AdWcFbou7CPmokzp69br,76,BIG,BIG,F_02_054,big,LANGUAGE,LANGUAGE|READY|BIG|EXCITED|ANGRY,False,True,0.09107130020856857,False
data/local/semlex_citizen100_train_audit/landmarks_v17/BIG/I8qIAFopLEsU1xaj3MTa.v17.npz,data/local/semlex_citizen100_train_audit/raw/BIG/I8qIAFopLEsU1xaj3MTa.webm,I8qIAFopLEsU1xaj3MTa,39,BIG,BIG,F_02_054,big,NEED,NEED|HE|CHILD|READY|SIGN,False,False,0.0144686633720994,False
data/local/semlex_citizen100_train_audit/landmarks_v17/BIG/Jy65PLuUzDFfleqKyTNs.v17.npz,data/local/semlex_citizen100_train_audit/raw/BIG/Jy65PLuUzDFfleqKyTNs.webm,Jy65PLuUzDFfleqKyTNs,7,BIG,BIG,F_02_054,big,BIG,BIG|LANGUAGE|READY|ANGRY|NOW,True,True,0.530623733997345,False
data/local/semlex_citizen100_train_audit/landmarks_v17/BIG/LQDwhYtGCJK0BvKQuRKW.v17.npz,data/local/semlex_citizen100_train_audit/raw/BIG/LQDwhYtGCJK0BvKQuRKW.webm,LQDwhYtGCJK0BvKQuRKW,59,BIG,BIG,F_02_054,big,BIG,BIG|ANGRY|READY|FATHER|NOW,True,True,0.5309323668479919,False
data/local/semlex_citizen100_train_audit/landmarks_v17/BIG/NJKZcA3WIJV05CTkP0GU.v17.npz,data/local/semlex_citizen100_train_audit/raw/BIG/NJKZcA3WIJV05CTkP0GU.webm,NJKZcA3WIJV05CTkP0GU,15,BIG,BIG,F_02_054,big,BIG,BIG|LANGUAGE|NOW|ANGRY|TRY,True,True,0.9247480630874634,False
data/local/semlex_citizen100_train_audit/landmarks_v17/BIG/Xos5RYeGOEwBt8Ns31Ih.v17.npz,data/local/semlex_citizen100_train_audit/raw/BIG/Xos5RYeGOEwBt8Ns31Ih.webm,Xos5RYeGOEwBt8Ns31Ih,38,BIG,BIG,F_02_054,big,WHEN,WHEN|SIGN|UNDERSTAND|ANGRY|DIFFERENT,False,False,0.051061563193798065,False
data/local/semlex_citizen100_train_audit/landmarks_v17/BIG/a8oEetoTYhaT6XcANDjI.v17.npz,data/local/semlex_citizen100_train_audit/raw/BIG/a8oEetoTYhaT6XcANDjI.webm,a8oEetoTYhaT6XcANDjI,11,BIG,BIG,F_02_054,big,BIG,BIG|HE|LANGUAGE|THEY|HOT,True,True,0.6553736925125122,False
data/local/semlex_citizen100_train_audit/landmarks_v17/BIG/ixzWYRkNcGfL5Ubm2Hki.v17.npz,data/local/semlex_citizen100_train_audit/raw/BIG/ixzWYRkNcGfL5Ubm2Hki.webm,ixzWYRkNcGfL5Ubm2Hki,85,BIG,BIG,F_02_054,big,BIG,BIG|ANGRY|NOW|HE|DIFFERENT,True,True,0.8772741556167603,False
data/local/semlex_citizen100_train_audit/landmarks_v17/BIG/j6PMRgjYZE7dnL0xOxHk.v17.npz,data/local/semlex_citizen100_train_audit/raw/BIG/j6PMRgjYZE7dnL0xOxHk.webm,j6PMRgjYZE7dnL0xOxHk,23,BIG,BIG,F_02_054,big,BIG,BIG|ANGRY|HE|DIFFERENT|READY,True,True,0.717985987663269,False
data/local/semlex_citizen100_train_audit/landmarks_v17/BIG/mcr0LzBb5pQ8N3sW3ji1.v17.npz,data/local/semlex_citizen100_train_audit/raw/BIG/mcr0LzBb5pQ8N3sW3ji1.webm,mcr0LzBb5pQ8N3sW3ji1,63,BIG,BIG,F_02_054,big,BIG,BIG|LANGUAGE|NOW|TRY|DIFFERENT,True,True,0.9207417368888855,False
data/local/semlex_citizen100_train_audit/landmarks_v17/BIG/mfjiBRqxkELGmcXOiRFi.v17.npz,data/local/semlex_citizen100_train_audit/raw/BIG/mfjiBRqxkELGmcXOiRFi.webm,mfjiBRqxkELGmcXOiRFi,43,BIG,BIG,F_02_054,big,SIGN,SIGN|BIG|ANGRY|WHEN|THINK,False,True,0.17896388471126556,False
data/local/semlex_citizen100_train_audit/landmarks_v17/BIG/nV8KAtcF10THP2Fdp5hM.v17.npz,data/local/semlex_citizen100_train_audit/raw/BIG/nV8KAtcF10THP2Fdp5hM.webm,nV8KAtcF10THP2Fdp5hM,31,BIG,BIG,F_02_054,big,BIG,BIG|SIGN|ANGRY|DIFFERENT|UNDERSTAND,True,True,0.422222375869751,False
data/local/semlex_citizen100_train_audit/landmarks_v17/BIG/oX6U1sasWC8KJmBEF0zg.v17.npz,data/local/semlex_citizen100_train_audit/raw/BIG/oX6U1sasWC8KJmBEF0zg.webm,oX6U1sasWC8KJmBEF0zg,12,BIG,BIG,F_02_054,big,BIG,BIG|DIFFERENT|ANGRY|SIGN|HE,True,True,0.8661321997642517,False
data/local/semlex_citizen100_train_audit/landmarks_v17/BIG/wJy0BWdZvL7Lgly5OQnG.v17.npz,data/local/semlex_citizen100_train_audit/raw/BIG/wJy0BWdZvL7Lgly5OQnG.webm,wJy0BWdZvL7Lgly5OQnG,8,BIG,BIG,F_02_054,big,DIFFERENT,DIFFERENT|BIG|HE|LANGUAGE|READY,False,True,0.28492826223373413,False
data/local/semlex_citizen100_train_audit/landmarks_v17/BIG/wMEZpwlrPwyKzDE4oQgP.v17.npz,data/local/semlex_citizen100_train_audit/raw/BIG/wMEZpwlrPwyKzDE4oQgP.webm,wMEZpwlrPwyKzDE4oQgP,62,BIG,BIG,F_02_054,big,BIG,BIG|NOW|LANGUAGE|ANGRY|TRY,True,True,0.9403305649757385,False
data/local/semlex_citizen100_train_audit/landmarks_v17/BIG/xcIIKd63bDYUBwbezv4j.v17.npz,data/local/semlex_citizen100_train_audit/raw/BIG/xcIIKd63bDYUBwbezv4j.webm,xcIIKd63bDYUBwbezv4j,17,BIG,BIG,F_02_054,big,BIG,BIG|DIFFERENT|ANGRY|SIGN|ANSWER,True,True,0.8458253145217896,False
data/local/semlex_citizen100_train_audit/landmarks_v17/BIG/xnooUAV1n3YYVC6H3xqb.v17.npz,data/local/semlex_citizen100_train_audit/raw/BIG/xnooUAV1n3YYVC6H3xqb.webm,xnooUAV1n3YYVC6H3xqb,30,BIG,BIG,F_02_054,big,BIG,BIG|ANGRY|DIFFERENT|SIGN|HE,True,True,0.7372625470161438,False
data/local/semlex_citizen100_train_audit/landmarks_v17/BIG/yJ00TSsfdfEqhFaCOI6K.v17.npz,data/local/semlex_citizen100_train_audit/raw/BIG/yJ00TSsfdfEqhFaCOI6K.webm,yJ00TSsfdfEqhFaCOI6K,14,BIG,BIG,F_02_054,big,BIG,BIG|DIFFERENT|HE|SIGN|ANGRY,True,True,0.394245982170105,False
data/local/semlex_citizen100_train_audit/landmarks_v17/BIG/ynMgJcDx9zaHhOQd20rM.v17.npz,data/local/semlex_citizen100_train_audit/raw/BIG/ynMgJcDx9zaHhOQd20rM.webm,ynMgJcDx9zaHhOQd20rM,60,BIG,BIG,F_02_054,big,BIG,BIG|GO|READY|DIFFERENT|COLD,True,True,0.683523952960968,False
data/local/semlex_citizen100_train_audit/landmarks_v17/COLD/1X9fxb62B6BIG4jRJZEi.v17.npz,data/local/semlex_citizen100_train_audit/raw/COLD/1X9fxb62B6BIG4jRJZEi.webm,1X9fxb62B6BIG4jRJZEi,59,COLD,COLD,C_02_068,cold,COLD,COLD|TRY|YES|DOCTOR|MORE,True,True,0.9404509663581848,False
data/local/semlex_citizen100_train_audit/landmarks_v17/COLD/8CpxnZeVXmYEPjrxTMCV.v17.npz,data/local/semlex_citizen100_train_audit/raw/COLD/8CpxnZeVXmYEPjrxTMCV.webm,8CpxnZeVXmYEPjrxTMCV,8,COLD,COLD,C_02_068,cold,COLD,COLD|TRY|YES|BIG|NOW,True,True,0.8021860718727112,False
data/local/semlex_citizen100_train_audit/landmarks_v17/COLD/EKb9oigiBxktJyCJiboI.v17.npz,data/local/semlex_citizen100_train_audit/raw/COLD/EKb9oigiBxktJyCJiboI.webm,EKb9oigiBxktJyCJiboI,17,COLD,COLD,C_02_068,cold,COLD,COLD|MORE|DOCTOR|TIRED|SMALL,True,True,0.9408298134803772,False
data/local/semlex_citizen100_train_audit/landmarks_v17/COLD/GJDKu0djh00ZHevgLhat.v17.npz,data/local/semlex_citizen100_train_audit/raw/COLD/GJDKu0djh00ZHevgLhat.webm,GJDKu0djh00ZHevgLhat,24,COLD,COLD,C_02_068,cold,COLD,COLD|GO|NOW|MORE|BIG,True,True,0.9316705465316772,False
data/local/semlex_citizen100_train_audit/landmarks_v17/COLD/JWvr5YTUxxDrGAp5B0RG.v17.npz,data/local/semlex_citizen100_train_audit/raw/COLD/JWvr5YTUxxDrGAp5B0RG.webm,JWvr5YTUxxDrGAp5B0RG,7,COLD,COLD,C_02_068,cold,COLD,COLD|TRY|DOCTOR|NOW|LANGUAGE,True,True,0.7254171371459961,False
data/local/semlex_citizen100_train_audit/landmarks_v17/COLD/KyduT5O01w1Y1HZ5lrjp.v17.npz,data/local/semlex_citizen100_train_audit/raw/COLD/KyduT5O01w1Y1HZ5lrjp.webm,KyduT5O01w1Y1HZ5lrjp,15,COLD,COLD,C_02_068,cold,COLD,COLD|TRY|GO|TIRED|DOCTOR,True,True,0.9542192220687866,False
data/local/semlex_citizen100_train_audit/landmarks_v17/COLD/LdNl81RY3VH8STCPBqsT.v17.npz,data/local/semlex_citizen100_train_audit/raw/COLD/LdNl81RY3VH8STCPBqsT.webm,LdNl81RY3VH8STCPBqsT,84,COLD,COLD,C_02_068,cold,COLD,COLD|GO|TIRED|MORE|TRY,True,True,0.9575114250183105,False
data/local/semlex_citizen100_train_audit/landmarks_v17/COLD/RTcHfVakxSktzDpHlhFO.v17.npz,data/local/semlex_citizen100_train_audit/raw/COLD/RTcHfVakxSktzDpHlhFO.webm,RTcHfVakxSktzDpHlhFO,88,COLD,COLD,C_02_068,cold,COLD,COLD|GO|TRY|WORK|YES,True,True,0.8475732803344727,False
data/local/semlex_citizen100_train_audit/landmarks_v17/COLD/WA0n55O8mVueu9mqBoIS.v17.npz,data/local/semlex_citizen100_train_audit/raw/COLD/WA0n55O8mVueu9mqBoIS.webm,WA0n55O8mVueu9mqBoIS,23,COLD,COLD,C_02_068,cold,COLD,COLD|MORE|DOCTOR|GO|YES,True,True,0.9285155534744263,False
data/local/semlex_citizen100_train_audit/landmarks_v17/COLD/WR2F0FKIweyvzkJOPGPg.v17.npz,data/local/semlex_citizen100_train_audit/raw/COLD/WR2F0FKIweyvzkJOPGPg.webm,WR2F0FKIweyvzkJOPGPg,54,COLD,COLD,C_02_068,cold,COLD,COLD|TIRED|DOCTOR|CHILD|NOW,True,True,0.9259964227676392,False
data/local/semlex_citizen100_train_audit/landmarks_v17/COLD/cuWnX0tModmSXJ0rPwpa.v17.npz,data/local/semlex_citizen100_train_audit/raw/COLD/cuWnX0tModmSXJ0rPwpa.webm,cuWnX0tModmSXJ0rPwpa,38,COLD,COLD,C_02_068,cold,COLD,COLD|MORE|GO|FRIEND|SIGN,True,True,0.8920751214027405,False
data/local/semlex_citizen100_train_audit/landmarks_v17/COLD/dARd0Q9jAqXVklRLUva1.v17.npz,data/local/semlex_citizen100_train_audit/raw/COLD/dARd0Q9jAqXVklRLUva1.webm,dARd0Q9jAqXVklRLUva1,12,COLD,COLD,C_02_068,cold,COLD,COLD|GO|NOW|BIG|YES,True,True,0.9223232865333557,False
data/local/semlex_citizen100_train_audit/landmarks_v17/COLD/fUJ5XGd0ksNQV9c9qv12.v17.npz,data/local/semlex_citizen100_train_audit/raw/COLD/fUJ5XGd0ksNQV9c9qv12.webm,fUJ5XGd0ksNQV9c9qv12,78,COLD,COLD,C_02_068,cold,COLD,COLD|TIRED|WRITE|GO|NOW,True,True,0.8698828220367432,False
data/local/semlex_citizen100_train_audit/landmarks_v17/COLD/jeYApPeYm1Q8eWVXeYfC.v17.npz,data/local/semlex_citizen100_train_audit/raw/COLD/jeYApPeYm1Q8eWVXeYfC.webm,jeYApPeYm1Q8eWVXeYfC,30,COLD,COLD,C_02_068,cold,COLD,COLD|TALK|GO|NOW|DOCTOR,True,True,0.9263935089111328,False
data/local/semlex_citizen100_train_audit/landmarks_v17/COLD/mw2sRgntAJg2u8N3GrJ2.v17.npz,data/local/semlex_citizen100_train_audit/raw/COLD/mw2sRgntAJg2u8N3GrJ2.webm,mw2sRgntAJg2u8N3GrJ2,52,COLD,COLD,C_02_068,cold,COLD,COLD|TRY|MAYBE|DOCTOR|TIRED,True,True,0.6098040342330933,False
data/local/semlex_citizen100_train_audit/landmarks_v17/COLD/pUg8CHn2JfTcpyWXlzCQ.v17.npz,data/local/semlex_citizen100_train_audit/raw/COLD/pUg8CHn2JfTcpyWXlzCQ.webm,pUg8CHn2JfTcpyWXlzCQ,49,COLD,COLD,C_02_068,cold,MORE,MORE|COLD|GO|NIGHT|NEED,False,True,0.18812067806720734,False
data/local/semlex_citizen100_train_audit/landmarks_v17/COLD/raByiOkyomKW598W3TFz.v17.npz,data/local/semlex_citizen100_train_audit/raw/COLD/raByiOkyomKW598W3TFz.webm,raByiOkyomKW598W3TFz,46,COLD,COLD,C_02_068,cold,COLD,COLD|GO|YES|NOW|TRY,True,True,0.9433068633079529,False
data/local/semlex_citizen100_train_audit/landmarks_v17/COLD/rmmn4hGkDDatl0oBkPtB.v17.npz,data/local/semlex_citizen100_train_audit/raw/COLD/rmmn4hGkDDatl0oBkPtB.webm,rmmn4hGkDDatl0oBkPtB,31,COLD,COLD,C_02_068,cold,COLD,COLD|MORE|GO|FRIEND|TIRED,True,True,0.9501996040344238,False
data/local/semlex_citizen100_train_audit/landmarks_v17/COLD/sjJT4IRYZymjax3QbaGS.v17.npz,data/local/semlex_citizen100_train_audit/raw/COLD/sjJT4IRYZymjax3QbaGS.webm,sjJT4IRYZymjax3QbaGS,35,COLD,COLD,C_02_068,cold,COLD,COLD|SMALL|TRY|WORK|WRITE,True,True,0.671622633934021,False
data/local/semlex_citizen100_train_audit/landmarks_v17/COLD/tFSS7stT1ZGecHKS0clH.v17.npz,data/local/semlex_citizen100_train_audit/raw/COLD/tFSS7stT1ZGecHKS0clH.webm,tFSS7stT1ZGecHKS0clH,43,COLD,COLD,C_02_068,cold,COLD,COLD|DOCTOR|TRY|WRITE|TIRED,True,True,0.7478049397468567,False
data/local/semlex_citizen100_train_audit/landmarks_v17/COLD/tvrIHD9L4CgTzhJSZJbR.v17.npz,data/local/semlex_citizen100_train_audit/raw/COLD/tvrIHD9L4CgTzhJSZJbR.webm,tvrIHD9L4CgTzhJSZJbR,42,COLD,COLD,C_02_068,cold,COLD,COLD|TRY|YES|WORK|DOCTOR,True,True,0.7885940074920654,False
data/local/semlex_citizen100_train_audit/landmarks_v17/COLD/vpipQxqrqnW5Tg3S9DY2.v17.npz,data/local/semlex_citizen100_train_audit/raw/COLD/vpipQxqrqnW5Tg3S9DY2.webm,vpipQxqrqnW5Tg3S9DY2,63,COLD,COLD,C_02_068,cold,COLD,COLD|MORE|FRIEND|HOME|YESTERDAY,True,True,0.48237693309783936,False
data/local/semlex_citizen100_train_audit/landmarks_v17/COLD/weiZNDQGCgaju6bdXp0q.v17.npz,data/local/semlex_citizen100_train_audit/raw/COLD/weiZNDQGCgaju6bdXp0q.webm,weiZNDQGCgaju6bdXp0q,62,COLD,COLD,C_02_068,cold,COLD,COLD|WRITE|MORE|WORK|DOCTOR,True,True,0.7304787635803223,False
data/local/semlex_citizen100_train_audit/landmarks_v17/COLD/woNBYu6nO1bnwLKZc0e1.v17.npz,data/local/semlex_citizen100_train_audit/raw/COLD/woNBYu6nO1bnwLKZc0e1.webm,woNBYu6nO1bnwLKZc0e1,85,COLD,COLD,C_02_068,cold,COLD,COLD|TIRED|FRIEND|MORE|MAKE,True,True,0.9306157827377319,False
data/local/semlex_citizen100_train_audit/landmarks_v17/COME/40NUoGm2C3kglAnw1Mcw.v17.npz,data/local/semlex_citizen100_train_audit/raw/COME/40NUoGm2C3kglAnw1Mcw.webm,40NUoGm2C3kglAnw1Mcw,11,COME,COME,C_03_074,come,COME,COME|OUR|STOP|CHILD|DAY,True,True,0.6608100533485413,False
data/local/semlex_citizen100_train_audit/landmarks_v17/COME/4hqmXSeH3KDr4pxPWuyb.v17.npz,data/local/semlex_citizen100_train_audit/raw/COME/4hqmXSeH3KDr4pxPWuyb.webm,4hqmXSeH3KDr4pxPWuyb,42,COME,COME,C_03_074,come,COME,COME|OUR|CHILD|WE|HOME,True,True,0.28697434067726135,False
data/local/semlex_citizen100_train_audit/landmarks_v17/COME/86F6aQk0RN3tbDcedvjc.v17.npz,data/local/semlex_citizen100_train_audit/raw/COME/86F6aQk0RN3tbDcedvjc.webm,86F6aQk0RN3tbDcedvjc,39,COME,COME,C_03_074,come,GOOD,GOOD|STOP|GIVE|LIKE|WOMAN,False,False,0.021266939118504524,False
data/local/semlex_citizen100_train_audit/landmarks_v17/COME/RFCFttmhfHNxd9BzBsPK.v17.npz,data/local/semlex_citizen100_train_audit/raw/COME/RFCFttmhfHNxd9BzBsPK.webm,RFCFttmhfHNxd9BzBsPK,31,COME,COME,C_03_074,come,MAYBE,MAYBE|WHY|WAIT|WANT|HELLO,False,False,0.001983926398679614,False
data/local/semlex_citizen100_train_audit/landmarks_v17/COME/hyCsPTzdHdfOwzqbLo0X.v17.npz,data/local/semlex_citizen100_train_audit/raw/COME/hyCsPTzdHdfOwzqbLo0X.webm,hyCsPTzdHdfOwzqbLo0X,85,COME,COME,C_03_074,come,COME,COME|WE|OUR|DAY|MAN,True,True,0.43011656403541565,False
data/local/semlex_citizen100_train_audit/landmarks_v17/COME/i9dpr8CcF0kWpPsoL2CZ.v17.npz,data/local/semlex_citizen100_train_audit/raw/COME/i9dpr8CcF0kWpPsoL2CZ.webm,i9dpr8CcF0kWpPsoL2CZ,84,COME,COME,C_03_074,come,COME,COME|BAD|THANKYOU|GOOD|HAVE,True,True,0.6423627734184265,False
data/local/semlex_citizen100_train_audit/landmarks_v17/COME/mV7NXGseruwyLLVM5JeS.v17.npz,data/local/semlex_citizen100_train_audit/raw/COME/mV7NXGseruwyLLVM5JeS.webm,mV7NXGseruwyLLVM5JeS,88,COME,COME,C_03_074,come,COME,COME|TOMORROW|CHILD|HAVE|DAY,True,True,0.9512309432029724,False
data/local/semlex_citizen100_train_audit/landmarks_v17/COME/qSNUBz6BrfogcpPCdKFB.v17.npz,data/local/semlex_citizen100_train_audit/raw/COME/qSNUBz6BrfogcpPCdKFB.webm,qSNUBz6BrfogcpPCdKFB,38,COME,COME,C_03_074,come,NEED,NEED|COME|CHILD|YES|TOMORROW,False,True,0.12890367209911346,False
data/local/semlex_citizen100_train_audit/landmarks_v17/DAY/2d5V10kP4yIVNxRJcgZx.v17.npz,data/local/semlex_citizen100_train_audit/raw/DAY/2d5V10kP4yIVNxRJcgZx.webm,2d5V10kP4yIVNxRJcgZx,15,DAY,DAY,C_01_044,day,DAY,DAY|WE|COME|THINK|WOMAN,True,True,0.7856459617614746,False
data/local/semlex_citizen100_train_audit/landmarks_v17/DAY/DYdt44PpggEh5YTWYssh.v17.npz,data/local/semlex_citizen100_train_audit/raw/DAY/DYdt44PpggEh5YTWYssh.webm,DYdt44PpggEh5YTWYssh,35,DAY,DAY,C_01_044,day,DAY,DAY|WE|HOSPITAL|MAN|WOMAN,True,True,0.5226780772209167,False
data/local/semlex_citizen100_train_audit/landmarks_v17/DAY/IeE0qhue3BfwgLVzDfPb.v17.npz,data/local/semlex_citizen100_train_audit/raw/DAY/IeE0qhue3BfwgLVzDfPb.webm,IeE0qhue3BfwgLVzDfPb,31,DAY,DAY,C_01_044,day,DAY,DAY|WE|MAN|THINK|HOSPITAL,True,True,0.6008519530296326,False
data/local/semlex_citizen100_train_audit/landmarks_v17/DAY/KSsCpJgAFXKWZI5iKiZj.v17.npz,data/local/semlex_citizen100_train_audit/raw/DAY/KSsCpJgAFXKWZI5iKiZj.webm,KSsCpJgAFXKWZI5iKiZj,49,DAY,DAY,C_01_044,day,DAY,DAY|WE|COME|THINK|MAN,True,True,0.7695532441139221,False
data/local/semlex_citizen100_train_audit/landmarks_v17/DAY/LUYrcpfFvQ0ZqSJ1lqQo.v17.npz,data/local/semlex_citizen100_train_audit/raw/DAY/LUYrcpfFvQ0ZqSJ1lqQo.webm,LUYrcpfFvQ0ZqSJ1lqQo,62,DAY,DAY,C_01_044,day,DAY,DAY|WE|MAN|COME|LESS,True,True,0.899810254573822,False
data/local/semlex_citizen100_train_audit/landmarks_v17/DAY/Wd7DVqEdbyWcbwuHpxgs.v17.npz,data/local/semlex_citizen100_train_audit/raw/DAY/Wd7DVqEdbyWcbwuHpxgs.webm,Wd7DVqEdbyWcbwuHpxgs,84,DAY,DAY,C_01_044,day,DAY,DAY|WE|THINK|HOSPITAL|LOVE,True,True,0.8801533579826355,False
data/local/semlex_citizen100_train_audit/landmarks_v17/DAY/agzD19phQanBrrRbaJEd.v17.npz,data/local/semlex_citizen100_train_audit/raw/DAY/agzD19phQanBrrRbaJEd.webm,agzD19phQanBrrRbaJEd,46,DAY,DAY,C_01_044,day,DAY,DAY|LESS|LOVE|NIGHT|WE,True,True,0.9471797943115234,False
data/local/semlex_citizen100_train_audit/landmarks_v17/DAY/ankHO4ZKXPUpVrUfLEUA.v17.npz,data/local/semlex_citizen100_train_audit/raw/DAY/ankHO4ZKXPUpVrUfLEUA.webm,ankHO4ZKXPUpVrUfLEUA,60,DAY,DAY,C_01_044,day,DAY,DAY|WE|THINK|WOMAN|MAN,True,True,0.8216819167137146,False
data/local/semlex_citizen100_train_audit/landmarks_v17/DAY/dy9wwhRIfrD3e66pydJD.v17.npz,data/local/semlex_citizen100_train_audit/raw/DAY/dy9wwhRIfrD3e66pydJD.webm,dy9wwhRIfrD3e66pydJD,80,DAY,DAY,C_01_044,day,DAY,DAY|MORNING|LEARN|SICK|THINK,True,True,0.289858877658844,False
data/local/semlex_citizen100_train_audit/landmarks_v17/DAY/hTjsNB1sbqdUcTMBuYfw.v17.npz,data/local/semlex_citizen100_train_audit/raw/DAY/hTjsNB1sbqdUcTMBuYfw.webm,hTjsNB1sbqdUcTMBuYfw,63,DAY,DAY,C_01_044,day,DAY,DAY|WE|THINK|COME|MAN,True,True,0.8084264397621155,False
data/local/semlex_citizen100_train_audit/landmarks_v17/DAY/itk5yjY9XPP9Y8zKPWHt.v17.npz,data/local/semlex_citizen100_train_audit/raw/DAY/itk5yjY9XPP9Y8zKPWHt.webm,itk5yjY9XPP9Y8zKPWHt,11,DAY,DAY,C_01_044,day,DAY,DAY|COME|THINK|WE|MORNING,True,True,0.8425741195678711,False
data/local/semlex_citizen100_train_audit/landmarks_v17/DAY/ofAZJx59DUIXsBGue6OL.v17.npz,data/local/semlex_citizen100_train_audit/raw/DAY/ofAZJx59DUIXsBGue6OL.webm,ofAZJx59DUIXsBGue6OL,39,DAY,DAY,C_01_044,day,DAY,DAY|THEY|HOSPITAL|LIKE|WE,True,True,0.28763189911842346,False
data/local/semlex_citizen100_train_audit/landmarks_v17/DAY/p90bcbfERyRiKWW0aCEQ.v17.npz,data/local/semlex_citizen100_train_audit/raw/DAY/p90bcbfERyRiKWW0aCEQ.webm,p90bcbfERyRiKWW0aCEQ,7,DAY,DAY,C_01_044,day,WE,WE|DAY|HOSPITAL|SORRY|WHO,False,True,0.018778448924422264,False
data/local/semlex_citizen100_train_audit/landmarks_v17/DAY/qMEer7hRKkMi9wkWyw0g.v17.npz,data/local/semlex_citizen100_train_audit/raw/DAY/qMEer7hRKkMi9wkWyw0g.webm,qMEer7hRKkMi9wkWyw0g,54,DAY,DAY,C_01_044,day,DAY,DAY|MORNING|LEARN|SICK|THINK,True,True,0.49925029277801514,False
data/local/semlex_citizen100_train_audit/landmarks_v17/DAY/uL83mMP1GjAFWkRFdpfP.v17.npz,data/local/semlex_citizen100_train_audit/raw/DAY/uL83mMP1GjAFWkRFdpfP.webm,uL83mMP1GjAFWkRFdpfP,14,DAY,DAY,C_01_044,day,DAY,DAY|THINK|MAN|WE|COME,True,True,0.8522521257400513,False
data/local/semlex_citizen100_train_audit/landmarks_v17/DAY/y5aw9fWD3Hu1u9yGwew7.v17.npz,data/local/semlex_citizen100_train_audit/raw/DAY/y5aw9fWD3Hu1u9yGwew7.webm,y5aw9fWD3Hu1u9yGwew7,8,DAY,DAY,C_01_044,day,DAY,DAY|MAN|WE|THINK|WOMAN,True,True,0.9014806151390076,False
data/local/semlex_citizen100_train_audit/landmarks_v17/DAY/zoCqcN1AMrWBoPpXWXFE.v17.npz,data/local/semlex_citizen100_train_audit/raw/DAY/zoCqcN1AMrWBoPpXWXFE.webm,zoCqcN1AMrWBoPpXWXFE,59,DAY,DAY,C_01_044,day,DAY,DAY|WE|THINK|MAN|COME,True,True,0.7972671985626221,False
data/local/semlex_citizen100_train_audit/landmarks_v17/DIFFERENT/1cRVW4cEDs23t9ADP8es.v17.npz,data/local/semlex_citizen100_train_audit/raw/DIFFERENT/1cRVW4cEDs23t9ADP8es.webm,1cRVW4cEDs23t9ADP8es,84,DIFFERENT,DIFFERENT,E_03_095,different,DIFFERENT,DIFFERENT|BIG|HE|READY|WHEN,True,True,0.8985569477081299,False
data/local/semlex_citizen100_train_audit/landmarks_v17/DIFFERENT/5XII89BTQGobxem8ZKg0.v17.npz,data/local/semlex_citizen100_train_audit/raw/DIFFERENT/5XII89BTQGobxem8ZKg0.webm,5XII89BTQGobxem8ZKg0,39,DIFFERENT,DIFFERENT,E_03_095,different,DIFFERENT,DIFFERENT|HE|THEY|LANGUAGE|READY,True,True,0.1743869185447693,False
data/local/semlex_citizen100_train_audit/landmarks_v17/DIFFERENT/G1in0BhRHm9NrjYaqSRX.v17.npz,data/local/semlex_citizen100_train_audit/raw/DIFFERENT/G1in0BhRHm9NrjYaqSRX.webm,G1in0BhRHm9NrjYaqSRX,54,DIFFERENT,DIFFERENT,E_03_095,different,BIG,BIG|LANGUAGE|DIFFERENT|HOT|THEY,False,True,0.06755147874355316,False
data/local/semlex_citizen100_train_audit/landmarks_v17/DIFFERENT/JhHeJSFSULGCDo5TzaZp.v17.npz,data/local/semlex_citizen100_train_audit/raw/DIFFERENT/JhHeJSFSULGCDo5TzaZp.webm,JhHeJSFSULGCDo5TzaZp,31,DIFFERENT,DIFFERENT,E_03_095,different,DIFFERENT,DIFFERENT|GO|READY|WHERE|LANGUAGE,True,True,0.9299780130386353,False
data/local/semlex_citizen100_train_audit/landmarks_v17/DIFFERENT/KZfYOKC6NXmgtmqtOsWg.v17.npz,data/local/semlex_citizen100_train_audit/raw/DIFFERENT/KZfYOKC6NXmgtmqtOsWg.webm,KZfYOKC6NXmgtmqtOsWg,8,DIFFERENT,DIFFERENT,E_03_095,different,FRIEND,FRIEND|GO|ANSWER|WHEN|DIFFERENT,False,True,0.007172288838773966,False
data/local/semlex_citizen100_train_audit/landmarks_v17/DIFFERENT/MnonYWQza27v8wCYWKwf.v17.npz,data/local/semlex_citizen100_train_audit/raw/DIFFERENT/MnonYWQza27v8wCYWKwf.webm,MnonYWQza27v8wCYWKwf,88,DIFFERENT,DIFFERENT,E_03_095,different,DIFFERENT,DIFFERENT|TIME|LANGUAGE|WEEK|WHEN,True,True,0.3502139151096344,False
data/local/semlex_citizen100_train_audit/landmarks_v17/DIFFERENT/TJsOoyoRIbCsGK56FnPo.v17.npz,data/local/semlex_citizen100_train_audit/raw/DIFFERENT/TJsOoyoRIbCsGK56FnPo.webm,TJsOoyoRIbCsGK56FnPo,7,DIFFERENT,DIFFERENT,E_03_095,different,DIFFERENT,DIFFERENT|LANGUAGE|BIG|READY|GO,True,True,0.8792262673377991,False
data/local/semlex_citizen100_train_audit/landmarks_v17/DIFFERENT/Vp4z7Y4RhjRSWC5rmyN6.v17.npz,data/local/semlex_citizen100_train_audit/raw/DIFFERENT/Vp4z7Y4RhjRSWC5rmyN6.webm,Vp4z7Y4RhjRSWC5rmyN6,59,DIFFERENT,DIFFERENT,E_03_095,different,BIG,BIG|DIFFERENT|READY|GO|ANSWER,False,True,0.11443005502223969,False
data/local/semlex_citizen100_train_audit/landmarks_v17/DIFFERENT/aWAoTDlotrl5rhIOgPFw.v17.npz,data/local/semlex_citizen100_train_audit/raw/DIFFERENT/aWAoTDlotrl5rhIOgPFw.webm,aWAoTDlotrl5rhIOgPFw,11,DIFFERENT,DIFFERENT,E_03_095,different,DIFFERENT,DIFFERENT|ANSWER|WHEN|WEEK|LANGUAGE,True,True,0.3919885754585266,False
data/local/semlex_citizen100_train_audit/landmarks_v17/DIFFERENT/au3paZEL3g2VSiiM6bld.v17.npz,data/local/semlex_citizen100_train_audit/raw/DIFFERENT/au3paZEL3g2VSiiM6bld.webm,au3paZEL3g2VSiiM6bld,17,DIFFERENT,DIFFERENT,E_03_095,different,DIFFERENT,DIFFERENT|BIG|ANSWER|WHEN|GO,True,True,0.5277994871139526,False
data/local/semlex_citizen100_train_audit/landmarks_v17/DIFFERENT/hPk0nSLVNU10mejChfM0.v17.npz,data/local/semlex_citizen100_train_audit/raw/DIFFERENT/hPk0nSLVNU10mejChfM0.webm,hPk0nSLVNU10mejChfM0,46,DIFFERENT,DIFFERENT,E_03_095,different,DIFFERENT,DIFFERENT|GO|WHERE|WHEN|ANSWER,True,True,0.7145485281944275,False
data/local/semlex_citizen100_train_audit/landmarks_v17/DIFFERENT/iLPAEhNViCaeLoZ9YOhJ.v17.npz,data/local/semlex_citizen100_train_audit/raw/DIFFERENT/iLPAEhNViCaeLoZ9YOhJ.webm,iLPAEhNViCaeLoZ9YOhJ,60,DIFFERENT,DIFFERENT,E_03_095,different,ANSWER,ANSWER|GO|WHEN|FRIEND|ASK,False,False,0.014249231666326523,False
data/local/semlex_citizen100_train_audit/landmarks_v17/DIFFERENT/jrYytH76R0gV9BZWLX61.v17.npz,data/local/semlex_citizen100_train_audit/raw/DIFFERENT/jrYytH76R0gV9BZWLX61.webm,jrYytH76R0gV9BZWLX61,62,DIFFERENT,DIFFERENT,E_03_095,different,BIG,BIG|ANGRY|READY|DIFFERENT|SIGN,False,True,0.039446715265512466,False
data/local/semlex_citizen100_train_audit/landmarks_v17/DIFFERENT/pYWyUyWVMfIu48Imqdym.v17.npz,data/local/semlex_citizen100_train_audit/raw/DIFFERENT/pYWyUyWVMfIu48Imqdym.webm,pYWyUyWVMfIu48Imqdym,63,DIFFERENT,DIFFERENT,E_03_095,different,GO,GO|ANSWER|DIFFERENT|WHEN|FRIEND,False,True,0.12930452823638916,False
data/local/semlex_citizen100_train_audit/landmarks_v17/DIFFERENT/sPyx2z6Ter2rAbpRY7JH.v17.npz,data/local/semlex_citizen100_train_audit/raw/DIFFERENT/sPyx2z6Ter2rAbpRY7JH.webm,sPyx2z6Ter2rAbpRY7JH,43,DIFFERENT,DIFFERENT,E_03_095,different,DIFFERENT,DIFFERENT|READY|BIG|GO|LANGUAGE,True,True,0.7140394449234009,False
data/local/semlex_citizen100_train_audit/landmarks_v17/DIFFERENT/sjZ4Ezn0AZoztQCIBaai.v17.npz,data/local/semlex_citizen100_train_audit/raw/DIFFERENT/sjZ4Ezn0AZoztQCIBaai.webm,sjZ4Ezn0AZoztQCIBaai,30,DIFFERENT,DIFFERENT,E_03_095,different,DIFFERENT,DIFFERENT|BIG|GO|LANGUAGE|ANSWER,True,True,0.8954941630363464,False
data/local/semlex_citizen100_train_audit/landmarks_v17/DIFFERENT/z7pccbRjD70OxQlvDSPd.v17.npz,data/local/semlex_citizen100_train_audit/raw/DIFFERENT/z7pccbRjD70OxQlvDSPd.webm,z7pccbRjD70OxQlvDSPd,49,DIFFERENT,DIFFERENT,E_03_095,different,DIFFERENT,DIFFERENT|READY|BIG|GO|HE,True,True,0.8982334733009338,False
data/local/semlex_citizen100_train_audit/landmarks_v17/DOCTOR/2QF2SJGlrJFhYnjtcxps.v17.npz,data/local/semlex_citizen100_train_audit/raw/DOCTOR/2QF2SJGlrJFhYnjtcxps.webm,2QF2SJGlrJFhYnjtcxps,8,DOCTOR,DOCTOR1,A_03_020,doctor,DOCTOR,DOCTOR|SMALL|READ|LESS|SCHOOL,True,True,0.2944304347038269,False
data/local/semlex_citizen100_train_audit/landmarks_v17/DOCTOR/51UMZtHaOqrehaD2ZwMB.v17.npz,data/local/semlex_citizen100_train_audit/raw/DOCTOR/51UMZtHaOqrehaD2ZwMB.webm,51UMZtHaOqrehaD2ZwMB,7,DOCTOR,DOCTOR1,A_03_020,doctor,NIGHT,NIGHT|WOMAN|LIKE|OUR|WE,False,False,0.024907024577260017,False
data/local/semlex_citizen100_train_audit/landmarks_v17/DOCTOR/6Kv3bzAlwPQLVh8pPuTS.v17.npz,data/local/semlex_citizen100_train_audit/raw/DOCTOR/6Kv3bzAlwPQLVh8pPuTS.webm,6Kv3bzAlwPQLVh8pPuTS,78,DOCTOR,DOCTOR1,A_03_020,doctor,STOP,STOP|DOCTOR|WRITE|LESS|MAYBE,False,True,0.17303957045078278,False
data/local/semlex_citizen100_train_audit/landmarks_v17/DOCTOR/6zGnWqbyzJPSWY7higMM.v17.npz,data/local/semlex_citizen100_train_audit/raw/DOCTOR/6zGnWqbyzJPSWY7higMM.webm,6zGnWqbyzJPSWY7higMM,14,DOCTOR,DOCTOR1,A_03_020,doctor,DOCTOR,DOCTOR|EASY|TIRED|WRITE|MORE,True,True,0.7996733784675598,False
data/local/semlex_citizen100_train_audit/landmarks_v17/DOCTOR/BOR78FJnxrI5mpxH6h6m.v17.npz,data/local/semlex_citizen100_train_audit/raw/DOCTOR/BOR78FJnxrI5mpxH6h6m.webm,BOR78FJnxrI5mpxH6h6m,59,DOCTOR,DOCTOR1,A_03_020,doctor,NIGHT,NIGHT|PLEASE|YOU|SAME|DOCTOR,False,True,0.03102286346256733,False
data/local/semlex_citizen100_train_audit/landmarks_v17/DOCTOR/C0YVZmuGfvx8JEnpaIpL.v17.npz,data/local/semlex_citizen100_train_audit/raw/DOCTOR/C0YVZmuGfvx8JEnpaIpL.webm,C0YVZmuGfvx8JEnpaIpL,62,DOCTOR,DOCTOR1,A_03_020,doctor,DOCTOR,DOCTOR|SMALL|MORE|LESS|READ,True,True,0.6150996088981628,False
data/local/semlex_citizen100_train_audit/landmarks_v17/DOCTOR/CIyotmyQTA1bxCXAZ00F.v17.npz,data/local/semlex_citizen100_train_audit/raw/DOCTOR/CIyotmyQTA1bxCXAZ00F.webm,CIyotmyQTA1bxCXAZ00F,31,DOCTOR,DOCTOR1,A_03_020,doctor,DOCTOR,DOCTOR|SMALL|READ|LESS|STOP,True,True,0.9289409518241882,False
data/local/semlex_citizen100_train_audit/landmarks_v17/DOCTOR/CfYlsK8UY5Z9cV8Gnw8j.v17.npz,data/local/semlex_citizen100_train_audit/raw/DOCTOR/CfYlsK8UY5Z9cV8Gnw8j.webm,CfYlsK8UY5Z9cV8Gnw8j,11,DOCTOR,DOCTOR1,A_03_020,doctor,DOCTOR,DOCTOR|LESS|MORE|TIRED|EASY,True,True,0.7934460639953613,False
data/local/semlex_citizen100_train_audit/landmarks_v17/DOCTOR/EtF7Dv5al6y955vd4yzu.v17.npz,data/local/semlex_citizen100_train_audit/raw/DOCTOR/EtF7Dv5al6y955vd4yzu.webm,EtF7Dv5al6y955vd4yzu,24,DOCTOR,DOCTOR1,A_03_020,doctor,DOCTOR,DOCTOR|READ|MAYBE|SCHOOL|SMALL,True,True,0.9018089771270752,False
data/local/semlex_citizen100_train_audit/landmarks_v17/DOCTOR/L7CtakVuIIQjAs8bd0ZF.v17.npz,data/local/semlex_citizen100_train_audit/raw/DOCTOR/L7CtakVuIIQjAs8bd0ZF.webm,L7CtakVuIIQjAs8bd0ZF,80,DOCTOR,DOCTOR1,A_03_020,doctor,WRITE,WRITE|SCHOOL|NIGHT|LESS|HAPPY,False,False,0.019517971202731133,False
data/local/semlex_citizen100_train_audit/landmarks_v17/DOCTOR/RSrzISZlpd2T2eapNVmg.v17.npz,data/local/semlex_citizen100_train_audit/raw/DOCTOR/RSrzISZlpd2T2eapNVmg.webm,RSrzISZlpd2T2eapNVmg,27,DOCTOR,DOCTOR1,A_03_020,doctor,DOCTOR,DOCTOR|TIRED|WRITE|COLD|MORE,True,True,0.7078894376754761,False
data/local/semlex_citizen100_train_audit/landmarks_v17/DOCTOR/SPgpzsDor0bXUxkqPQUj.v17.npz,data/local/semlex_citizen100_train_audit/raw/DOCTOR/SPgpzsDor0bXUxkqPQUj.webm,SPgpzsDor0bXUxkqPQUj,52,DOCTOR,DOCTOR1,A_03_020,doctor,DOCTOR,DOCTOR|READ|MORE|LESS|WHAT,True,True,0.5566774606704712,False
data/local/semlex_citizen100_train_audit/landmarks_v17/DOCTOR/SyqDu3Cg8V6ZpJiCau3O.v17.npz,data/local/semlex_citizen100_train_audit/raw/DOCTOR/SyqDu3Cg8V6ZpJiCau3O.webm,SyqDu3Cg8V6ZpJiCau3O,39,DOCTOR,DOCTOR1,A_03_020,doctor,LIKE,LIKE|FEEL|EXCITED|WEEK|TIME,False,False,0.027876384556293488,False
data/local/semlex_citizen100_train_audit/landmarks_v17/DOCTOR/YChPDgjVHa6Mk6mzQWvg.v17.npz,data/local/semlex_citizen100_train_audit/raw/DOCTOR/YChPDgjVHa6Mk6mzQWvg.webm,YChPDgjVHa6Mk6mzQWvg,42,DOCTOR,DOCTOR1,A_03_020,doctor,WRITE,WRITE|SCHOOL|DOCTOR|NIGHT|HELP,False,True,0.03786935657262802,False
data/local/semlex_citizen100_train_audit/landmarks_v17/DOCTOR/cyn05WkAHhqxTFWto6sE.v17.npz,data/local/semlex_citizen100_train_audit/raw/DOCTOR/cyn05WkAHhqxTFWto6sE.webm,cyn05WkAHhqxTFWto6sE,54,DOCTOR,DOCTOR1,A_03_020,doctor,HUNGRY,HUNGRY|LIKE|TALK|BAD|WE,False,False,0.00682062515988946,False
data/local/semlex_citizen100_train_audit/landmarks_v17/DOCTOR/dMSbVI9vR8trshV7VpIK.v17.npz,data/local/semlex_citizen100_train_audit/raw/DOCTOR/dMSbVI9vR8trshV7VpIK.webm,dMSbVI9vR8trshV7VpIK,85,DOCTOR,DOCTOR1,A_03_020,doctor,NIGHT,NIGHT|DOCTOR|SAME|OUR|WRITE,False,True,0.27291634678840637,False
data/local/semlex_citizen100_train_audit/landmarks_v17/DOCTOR/evko9cHHTF74g7liIdYD.v17.npz,data/local/semlex_citizen100_train_audit/raw/DOCTOR/evko9cHHTF74g7liIdYD.webm,evko9cHHTF74g7liIdYD,38,DOCTOR,DOCTOR1,A_03_020,doctor,NIGHT,NIGHT|SCHOOL|NAME|MAKE|USE,False,False,0.005112253595143557,False
data/local/semlex_citizen100_train_audit/landmarks_v17/DOCTOR/fpBk68hjGPcaMmOfg6jW.v17.npz,data/local/semlex_citizen100_train_audit/raw/DOCTOR/fpBk68hjGPcaMmOfg6jW.webm,fpBk68hjGPcaMmOfg6jW,84,DOCTOR,DOCTOR1,A_03_020,doctor,DOCTOR,DOCTOR|READ|SMALL|MORE|LESS,True,True,0.7721189856529236,False
data/local/semlex_citizen100_train_audit/landmarks_v17/DOCTOR/kHgOKlnWgFAuzSuhaYVu.v17.npz,data/local/semlex_citizen100_train_audit/raw/DOCTOR/kHgOKlnWgFAuzSuhaYVu.webm,kHgOKlnWgFAuzSuhaYVu,35,DOCTOR,DOCTOR1,A_03_020,doctor,DOCTOR,DOCTOR|LESS|EASY|WRITE|STOP,True,True,0.6696488261222839,False
data/local/semlex_citizen100_train_audit/landmarks_v17/DOCTOR/nMUWtW8v1BG0vJb8SYZI.v17.npz,data/local/semlex_citizen100_train_audit/raw/DOCTOR/nMUWtW8v1BG0vJb8SYZI.webm,nMUWtW8v1BG0vJb8SYZI,49,DOCTOR,DOCTOR1,A_03_020,doctor,NIGHT,NIGHT|LESS|MORE|DAY|OUR,False,False,0.017697498202323914,False
data/local/semlex_citizen100_train_audit/landmarks_v17/DOCTOR/qZat9Qla5h5DMvH00rmQ.v17.npz,data/local/semlex_citizen100_train_audit/raw/DOCTOR/qZat9Qla5h5DMvH00rmQ.webm,qZat9Qla5h5DMvH00rmQ,17,DOCTOR,DOCTOR1,A_03_020,doctor,DOCTOR,DOCTOR|MORE|READ|SMALL|LESS,True,True,0.5627561211585999,False
data/local/semlex_citizen100_train_audit/landmarks_v17/DOCTOR/wzLPg6zKjSePMWsbPL5W.v17.npz,data/local/semlex_citizen100_train_audit/raw/DOCTOR/wzLPg6zKjSePMWsbPL5W.webm,wzLPg6zKjSePMWsbPL5W,30,DOCTOR,DOCTOR1,A_03_020,doctor,NIGHT,NIGHT|OUR|WE|PLEASE|WOMAN,False,False,0.00948665663599968,False
data/local/semlex_citizen100_train_audit/landmarks_v17/DRINK/1F9zED3kZiLBFUcAwPqG.v17.npz,data/local/semlex_citizen100_train_audit/raw/DRINK/1F9zED3kZiLBFUcAwPqG.webm,1F9zED3kZiLBFUcAwPqG,42,DRINK,DRINK1,B_02_012,drink,DRINK,DRINK|MAN|HOME|HELLO|WOMAN,True,True,0.83253413438797,False
data/local/semlex_citizen100_train_audit/landmarks_v17/DRINK/35HzWW78uFNxpIZzvxUQ.v17.npz,data/local/semlex_citizen100_train_audit/raw/DRINK/35HzWW78uFNxpIZzvxUQ.webm,35HzWW78uFNxpIZzvxUQ,30,DRINK,DRINK1,B_02_012,drink,DRINK,DRINK|HELLO|FIND|STOP|HOME,True,True,0.9555237293243408,False
data/local/semlex_citizen100_train_audit/landmarks_v17/DRINK/716RJ2EyPy8xBeEEOMbC.v17.npz,data/local/semlex_citizen100_train_audit/raw/DRINK/716RJ2EyPy8xBeEEOMbC.webm,716RJ2EyPy8xBeEEOMbC,8,DRINK,DRINK1,B_02_012,drink,DRINK,DRINK|WOMAN|FIND|TAKE|LEARN,True,True,0.9233611822128296,False
data/local/semlex_citizen100_train_audit/landmarks_v17/DRINK/GyhaaGq93kjsFEzGgztM.v17.npz,data/local/semlex_citizen100_train_audit/raw/DRINK/GyhaaGq93kjsFEzGgztM.webm,GyhaaGq93kjsFEzGgztM,43,DRINK,DRINK1,B_02_012,drink,DRINK,DRINK|LEARN|FIND|HOME|MAN,True,True,0.8653625249862671,False
data/local/semlex_citizen100_train_audit/landmarks_v17/DRINK/HUMRSw1TGkyfxjRWXgTA.v17.npz,data/local/semlex_citizen100_train_audit/raw/DRINK/HUMRSw1TGkyfxjRWXgTA.webm,HUMRSw1TGkyfxjRWXgTA,14,DRINK,DRINK1,B_02_012,drink,DRINK,DRINK|WOMAN|OUR|MAN|TAKE,True,True,0.944909930229187,False
data/local/semlex_citizen100_train_audit/landmarks_v17/DRINK/HoYJg00mRBFQLtCNXNJj.v17.npz,data/local/semlex_citizen100_train_audit/raw/DRINK/HoYJg00mRBFQLtCNXNJj.webm,HoYJg00mRBFQLtCNXNJj,60,DRINK,DRINK1,B_02_012,drink,DRINK,DRINK|HOME|OUR|TALK|TAKE,True,True,0.5215113162994385,False
data/local/semlex_citizen100_train_audit/landmarks_v17/DRINK/L4TBoZGQIzX8SNUtRXFp.v17.npz,data/local/semlex_citizen100_train_audit/raw/DRINK/L4TBoZGQIzX8SNUtRXFp.webm,L4TBoZGQIzX8SNUtRXFp,31,DRINK,DRINK1,B_02_012,drink,DRINK,DRINK|LEARN|FIND|HOT|THEY,True,True,0.8156654238700867,False
data/local/semlex_citizen100_train_audit/landmarks_v17/DRINK/O33UkKb2k9UqdgjINSpI.v17.npz,data/local/semlex_citizen100_train_audit/raw/DRINK/O33UkKb2k9UqdgjINSpI.webm,O33UkKb2k9UqdgjINSpI,49,DRINK,DRINK1,B_02_012,drink,GOODBYE,GOODBYE|DRINK|HELLO|OUR|YOUR,False,True,0.1637049913406372,False
data/local/semlex_citizen100_train_audit/landmarks_v17/DRINK/QU917jIL0GVUdWgmyAe2.v17.npz,data/local/semlex_citizen100_train_audit/raw/DRINK/QU917jIL0GVUdWgmyAe2.webm,QU917jIL0GVUdWgmyAe2,35,DRINK,DRINK1,B_02_012,drink,DRINK,DRINK|WOMAN|STOP|FIND|YOUR,True,True,0.9047312140464783,False
data/local/semlex_citizen100_train_audit/landmarks_v17/DRINK/UEE5zFHkSO2VCvQKfm2u.v17.npz,data/local/semlex_citizen100_train_audit/raw/DRINK/UEE5zFHkSO2VCvQKfm2u.webm,UEE5zFHkSO2VCvQKfm2u,12,DRINK,DRINK1,B_02_012,drink,DRINK,DRINK|LEARN|WOMAN|MAN|HOME,True,True,0.8570395708084106,False
data/local/semlex_citizen100_train_audit/landmarks_v17/DRINK/YTDyNRv5jHIQS4bjnddM.v17.npz,data/local/semlex_citizen100_train_audit/raw/DRINK/YTDyNRv5jHIQS4bjnddM.webm,YTDyNRv5jHIQS4bjnddM,84,DRINK,DRINK1,B_02_012,drink,DRINK,DRINK|MAN|WOMAN|TAKE|LEARN,True,True,0.897529125213623,False
data/local/semlex_citizen100_train_audit/landmarks_v17/DRINK/cYMedHhL9hyLPLYYX8ND.v17.npz,data/local/semlex_citizen100_train_audit/raw/DRINK/cYMedHhL9hyLPLYYX8ND.webm,cYMedHhL9hyLPLYYX8ND,7,DRINK,DRINK1,B_02_012,drink,GOODBYE,GOODBYE|HEAR|MOTHER|DRINK|YOUR,False,True,0.05012429133057594,False
data/local/semlex_citizen100_train_audit/landmarks_v17/DRINK/ewTBdexFxYTtnODsdg7u.v17.npz,data/local/semlex_citizen100_train_audit/raw/DRINK/ewTBdexFxYTtnODsdg7u.webm,ewTBdexFxYTtnODsdg7u,78,DRINK,DRINK1,B_02_012,drink,DRINK,DRINK|YESTERDAY|MOTHER|TAKE|HOME,True,True,0.766148567199707,False
data/local/semlex_citizen100_train_audit/landmarks_v17/DRINK/frlU8CBSdngtFjn6oMic.v17.npz,data/local/semlex_citizen100_train_audit/raw/DRINK/frlU8CBSdngtFjn6oMic.webm,frlU8CBSdngtFjn6oMic,85,DRINK,DRINK1,B_02_012,drink,DRINK,DRINK|WOMAN|HOSPITAL|LEARN|HOT,True,True,0.9066152572631836,False
data/local/semlex_citizen100_train_audit/landmarks_v17/DRINK/gDO9BQQGOJIH8R1F5mWQ.v17.npz,data/local/semlex_citizen100_train_audit/raw/DRINK/gDO9BQQGOJIH8R1F5mWQ.webm,gDO9BQQGOJIH8R1F5mWQ,17,DRINK,DRINK1,B_02_012,drink,DRINK,DRINK|HOT|TOMORROW|LEARN|HOME,True,True,0.797185480594635,False
data/local/semlex_citizen100_train_audit/landmarks_v17/DRINK/jwvUUKrO17femWNMNeVY.v17.npz,data/local/semlex_citizen100_train_audit/raw/DRINK/jwvUUKrO17femWNMNeVY.webm,jwvUUKrO17femWNMNeVY,59,DRINK,DRINK1,B_02_012,drink,MOTHER,MOTHER|DRINK|GOODBYE|WHY|FIND,False,True,0.1785053312778473,False
data/local/semlex_citizen100_train_audit/landmarks_v17/DRINK/lmwqB5TSCwYWJCgrZmU2.v17.npz,data/local/semlex_citizen100_train_audit/raw/DRINK/lmwqB5TSCwYWJCgrZmU2.webm,lmwqB5TSCwYWJCgrZmU2,80,DRINK,DRINK1,B_02_012,drink,FIND,FIND|DRINK|HELLO|LEARN|HOT,False,True,0.2729475498199463,False
data/local/semlex_citizen100_train_audit/landmarks_v17/DRINK/p6a1ZRX2B8MRWG3nwI6t.v17.npz,data/local/semlex_citizen100_train_audit/raw/DRINK/p6a1ZRX2B8MRWG3nwI6t.webm,p6a1ZRX2B8MRWG3nwI6t,88,DRINK,DRINK1,B_02_012,drink,DRINK,DRINK|WOMAN|HOSPITAL|TAKE|LEARN,True,True,0.8527481555938721,False
data/local/semlex_citizen100_train_audit/landmarks_v17/DRINK/ut7lPieJ8D0nHZq2Aukt.v17.npz,data/local/semlex_citizen100_train_audit/raw/DRINK/ut7lPieJ8D0nHZq2Aukt.webm,ut7lPieJ8D0nHZq2Aukt,54,DRINK,DRINK1,B_02_012,drink,MAN,MAN|HEAR|FATHER|HELLO|DRINK,False,True,0.05564333498477936,False
data/local/semlex_citizen100_train_audit/landmarks_v17/DRINK/xhF3RnJo4SL0rQDxpKOw.v17.npz,data/local/semlex_citizen100_train_audit/raw/DRINK/xhF3RnJo4SL0rQDxpKOw.webm,xhF3RnJo4SL0rQDxpKOw,23,DRINK,DRINK1,B_02_012,drink,DRINK,DRINK|OUR|MAN|WOMAN|HOME,True,True,0.8900600671768188,False
data/local/semlex_citizen100_train_audit/landmarks_v17/DRINK/yE5jsE0JpDXPhITnA1QR.v17.npz,data/local/semlex_citizen100_train_audit/raw/DRINK/yE5jsE0JpDXPhITnA1QR.webm,yE5jsE0JpDXPhITnA1QR,62,DRINK,DRINK1,B_02_012,drink,DRINK,DRINK|HOME|MAN|FIND|OUR,True,True,0.9326022267341614,False
data/local/semlex_citizen100_train_audit/landmarks_v17/EASY/0HWX8NoZJNv8zybyBQ1D.v17.npz,data/local/semlex_citizen100_train_audit/raw/EASY/0HWX8NoZJNv8zybyBQ1D.webm,0HWX8NoZJNv8zybyBQ1D,31,EASY,EASY,D_01_070,easy,EASY,EASY|HELP|EXCITED|WAIT|HAPPY,True,True,0.9438653588294983,False
data/local/semlex_citizen100_train_audit/landmarks_v17/EASY/1GS3PSqrOV8as87UFjJv.v17.npz,data/local/semlex_citizen100_train_audit/raw/EASY/1GS3PSqrOV8as87UFjJv.webm,1GS3PSqrOV8as87UFjJv,46,EASY,EASY,D_01_070,easy,EASY,EASY|HAPPY|HOW|HELP|HAVE,True,True,0.5748290419578552,False
data/local/semlex_citizen100_train_audit/landmarks_v17/EASY/4nsbz809oswHIpFBmiOg.v17.npz,data/local/semlex_citizen100_train_audit/raw/EASY/4nsbz809oswHIpFBmiOg.webm,4nsbz809oswHIpFBmiOg,17,EASY,EASY,D_01_070,easy,EASY,EASY|HAPPY|WAIT|EXCITED|HOW,True,True,0.935666024684906,False
data/local/semlex_citizen100_train_audit/landmarks_v17/EASY/4pBqLktH2TnhZSaDodHo.v17.npz,data/local/semlex_citizen100_train_audit/raw/EASY/4pBqLktH2TnhZSaDodHo.webm,4pBqLktH2TnhZSaDodHo,84,EASY,EASY,D_01_070,easy,EASY,EASY|HAPPY|EXCITED|DOCTOR|WAIT,True,True,0.7258987426757812,False
data/local/semlex_citizen100_train_audit/landmarks_v17/EASY/8smXsimJFFi246MxQxZz.v17.npz,data/local/semlex_citizen100_train_audit/raw/EASY/8smXsimJFFi246MxQxZz.webm,8smXsimJFFi246MxQxZz,30,EASY,EASY,D_01_070,easy,EASY,EASY|HAPPY|WAIT|EXCITED|GOOD,True,True,0.9072022438049316,False
data/local/semlex_citizen100_train_audit/landmarks_v17/EASY/KMsRdRXSaV9rJ9dkehvw.v17.npz,data/local/semlex_citizen100_train_audit/raw/EASY/KMsRdRXSaV9rJ9dkehvw.webm,KMsRdRXSaV9rJ9dkehvw,62,EASY,EASY,D_01_070,easy,EASY,EASY|EXCITED|HELP|SICK|HAVE,True,True,0.9150576591491699,False
data/local/semlex_citizen100_train_audit/landmarks_v17/EASY/Kt7xWUdbit1xmY8nxXzv.v17.npz,data/local/semlex_citizen100_train_audit/raw/EASY/Kt7xWUdbit1xmY8nxXzv.webm,Kt7xWUdbit1xmY8nxXzv,8,EASY,EASY,D_01_070,easy,EASY,EASY|WAIT|EXCITED|SAD|HAPPY,True,True,0.8707002997398376,False
data/local/semlex_citizen100_train_audit/landmarks_v17/EASY/Oat0QUlIJ1GEYCMgJAVx.v17.npz,data/local/semlex_citizen100_train_audit/raw/EASY/Oat0QUlIJ1GEYCMgJAVx.webm,Oat0QUlIJ1GEYCMgJAVx,35,EASY,EASY,D_01_070,easy,EASY,EASY|EXCITED|HAPPY|HAVE|WAIT,True,True,0.8978874683380127,False
data/local/semlex_citizen100_train_audit/landmarks_v17/EASY/Qdn44AzlpWZtZn1NBE7P.v17.npz,data/local/semlex_citizen100_train_audit/raw/EASY/Qdn44AzlpWZtZn1NBE7P.webm,Qdn44AzlpWZtZn1NBE7P,42,EASY,EASY,D_01_070,easy,EASY,EASY|WAIT|HAPPY|THANKYOU|MY,True,True,0.9412679076194763,False
data/local/semlex_citizen100_train_audit/landmarks_v17/EASY/WcNdns2v5PvAQd73RImo.v17.npz,data/local/semlex_citizen100_train_audit/raw/EASY/WcNdns2v5PvAQd73RImo.webm,WcNdns2v5PvAQd73RImo,52,EASY,EASY,D_01_070,easy,EASY,EASY|EXCITED|HAPPY|HAVE|HELP,True,True,0.5971775650978088,False
data/local/semlex_citizen100_train_audit/landmarks_v17/EASY/WyapFrPDBQ1Yz20XWNBL.v17.npz,data/local/semlex_citizen100_train_audit/raw/EASY/WyapFrPDBQ1Yz20XWNBL.webm,WyapFrPDBQ1Yz20XWNBL,39,EASY,EASY,D_01_070,easy,EASY,EASY|GOOD|HAPPY|EXCITED|HELP,True,True,0.3499554395675659,False
data/local/semlex_citizen100_train_audit/landmarks_v17/EASY/bJCfwWrwFsNYFLkQmMca.v17.npz,data/local/semlex_citizen100_train_audit/raw/EASY/bJCfwWrwFsNYFLkQmMca.webm,bJCfwWrwFsNYFLkQmMca,88,EASY,EASY,D_01_070,easy,EASY,EASY|HAPPY|EXCITED|DOCTOR|WAIT,True,True,0.37434524297714233,False
data/local/semlex_citizen100_train_audit/landmarks_v17/EASY/dEOWNZiDIDQFugorajp3.v17.npz,data/local/semlex_citizen100_train_audit/raw/EASY/dEOWNZiDIDQFugorajp3.webm,dEOWNZiDIDQFugorajp3,11,EASY,EASY,D_01_070,easy,EASY,EASY|HAPPY|WAIT|EXCITED|GOOD,True,True,0.8921912908554077,False
data/local/semlex_citizen100_train_audit/landmarks_v17/EASY/fEByb8FUMY8TFXiDmEaS.v17.npz,data/local/semlex_citizen100_train_audit/raw/EASY/fEByb8FUMY8TFXiDmEaS.webm,fEByb8FUMY8TFXiDmEaS,63,EASY,EASY,D_01_070,easy,EASY,EASY|WAIT|HAPPY|THANKYOU|HELP,True,True,0.9264485239982605,False
data/local/semlex_citizen100_train_audit/landmarks_v17/EASY/nscKj99egKZFR23vXAK9.v17.npz,data/local/semlex_citizen100_train_audit/raw/EASY/nscKj99egKZFR23vXAK9.webm,nscKj99egKZFR23vXAK9,49,EASY,EASY,D_01_070,easy,EASY,EASY|WAIT|HAPPY|THANKYOU|GOOD,True,True,0.8306819200515747,False
data/local/semlex_citizen100_train_audit/landmarks_v17/EASY/oTl8SccCenyY10uJjrbY.v17.npz,data/local/semlex_citizen100_train_audit/raw/EASY/oTl8SccCenyY10uJjrbY.webm,oTl8SccCenyY10uJjrbY,38,EASY,EASY,D_01_070,easy,EASY,EASY|HAPPY|EXCITED|HELP|GOOD,True,True,0.8748995661735535,False
data/local/semlex_citizen100_train_audit/landmarks_v17/EASY/p5iQfmYaSdJlazB17BOL.v17.npz,data/local/semlex_citizen100_train_audit/raw/EASY/p5iQfmYaSdJlazB17BOL.webm,p5iQfmYaSdJlazB17BOL,60,EASY,EASY,D_01_070,easy,EASY,EASY|SAD|SICK|ANGRY|KNOW,True,True,0.7581633925437927,False
data/local/semlex_citizen100_train_audit/landmarks_v17/EASY/rleBKtf2AjvgHCiugzmO.v17.npz,data/local/semlex_citizen100_train_audit/raw/EASY/rleBKtf2AjvgHCiugzmO.webm,rleBKtf2AjvgHCiugzmO,43,EASY,EASY,D_01_070,easy,EASY,EASY|HELP|STOP|WAIT|HAPPY,True,True,0.9462137818336487,False
data/local/semlex_citizen100_train_audit/landmarks_v17/EAT/10GySmp9VcCsW2IMhOQE.v17.npz,data/local/semlex_citizen100_train_audit/raw/EAT/10GySmp9VcCsW2IMhOQE.webm,10GySmp9VcCsW2IMhOQE,14,EAT,EAT1,B_02_002,eat_1,EAT,EAT|THANKYOU|HOME|SLEEP|WATER,True,True,0.9109615087509155,False
data/local/semlex_citizen100_train_audit/landmarks_v17/EAT/4fQyx1CDm2N1cJ27YoeK.v17.npz,data/local/semlex_citizen100_train_audit/raw/EAT/4fQyx1CDm2N1cJ27YoeK.webm,4fQyx1CDm2N1cJ27YoeK,59,EAT,EAT1,B_02_002,eat_1,EAT,EAT|TELL|GIVE|THANKYOU|WATER,True,True,0.7843084335327148,False
data/local/semlex_citizen100_train_audit/landmarks_v17/EAT/697ZcvwiYcy0OOB5p69X.v17.npz,data/local/semlex_citizen100_train_audit/raw/EAT/697ZcvwiYcy0OOB5p69X.webm,697ZcvwiYcy0OOB5p69X,88,EAT,EAT1,B_02_002,eat_1,EAT,EAT|THANKYOU|TELL|SLEEP|GOOD,True,True,0.8904430866241455,False
data/local/semlex_citizen100_train_audit/landmarks_v17/EAT/AnV8TdrdNaGSmph8ryj1.v17.npz,data/local/semlex_citizen100_train_audit/raw/EAT/AnV8TdrdNaGSmph8ryj1.webm,AnV8TdrdNaGSmph8ryj1,11,EAT,EAT1,B_02_002,eat_1,EAT,EAT|THANKYOU|SLEEP|HOME|TELL,True,True,0.9081700444221497,False
data/local/semlex_citizen100_train_audit/landmarks_v17/EAT/B9RzWjIZchzOjH526uSz.v17.npz,data/local/semlex_citizen100_train_audit/raw/EAT/B9RzWjIZchzOjH526uSz.webm,B9RzWjIZchzOjH526uSz,8,EAT,EAT1,B_02_002,eat_1,EAT,EAT|THANKYOU|GOOD|GIVE|COME,True,True,0.6646199226379395,False
data/local/semlex_citizen100_train_audit/landmarks_v17/EAT/BvS81R8Gs0Emj9onw8sp.v17.npz,data/local/semlex_citizen100_train_audit/raw/EAT/BvS81R8Gs0Emj9onw8sp.webm,BvS81R8Gs0Emj9onw8sp,39,EAT,EAT1,B_02_002,eat_1,WHY,WHY|WANT|MAYBE|CHILD|GIVE,False,False,0.00203591282479465,False
data/local/semlex_citizen100_train_audit/landmarks_v17/EAT/CHMOs0bPpBOSNYAFIj8A.v17.npz,data/local/semlex_citizen100_train_audit/raw/EAT/CHMOs0bPpBOSNYAFIj8A.webm,CHMOs0bPpBOSNYAFIj8A,23,EAT,EAT1,B_02_002,eat_1,EAT,EAT|SLEEP|HOME|KNOW|MORNING,True,True,0.7651892304420471,False
data/local/semlex_citizen100_train_audit/landmarks_v17/EAT/DN0GU5LAiaaCKaebSaIq.v17.npz,data/local/semlex_citizen100_train_audit/raw/EAT/DN0GU5LAiaaCKaebSaIq.webm,DN0GU5LAiaaCKaebSaIq,35,EAT,EAT1,B_02_002,eat_1,EAT,EAT|SLEEP|THANKYOU|TELL|HOT,True,True,0.7211323380470276,False
data/local/semlex_citizen100_train_audit/landmarks_v17/EAT/E1pXX9VM88hgho9oFcsl.v17.npz,data/local/semlex_citizen100_train_audit/raw/EAT/E1pXX9VM88hgho9oFcsl.webm,E1pXX9VM88hgho9oFcsl,80,EAT,EAT1,B_02_002,eat_1,HOME,HOME|EAT|COME|KNOW|GIVE,False,True,0.06632184982299805,False
data/local/semlex_citizen100_train_audit/landmarks_v17/EAT/HvLola1Dh5NZQt6vdiXd.v17.npz,data/local/semlex_citizen100_train_audit/raw/EAT/HvLola1Dh5NZQt6vdiXd.webm,HvLola1Dh5NZQt6vdiXd,17,EAT,EAT1,B_02_002,eat_1,EAT,EAT|HOME|SLEEP|THANKYOU|GIVE,True,True,0.8894720077514648,False
data/local/semlex_citizen100_train_audit/landmarks_v17/EAT/LCbgm2EJWDEr6fBXCS9f.v17.npz,data/local/semlex_citizen100_train_audit/raw/EAT/LCbgm2EJWDEr6fBXCS9f.webm,LCbgm2EJWDEr6fBXCS9f,38,EAT,EAT1,B_02_002,eat_1,EAT,EAT|TELL|WHO|UNDERSTAND|THINK,True,True,0.5984552502632141,False
data/local/semlex_citizen100_train_audit/landmarks_v17/EAT/M2OnOsd8eQdFzStEyr6r.v17.npz,data/local/semlex_citizen100_train_audit/raw/EAT/M2OnOsd8eQdFzStEyr6r.webm,M2OnOsd8eQdFzStEyr6r,7,EAT,EAT1,B_02_002,eat_1,EAT,EAT|THANKYOU|HOME|SLEEP|MORNING,True,True,0.9071382880210876,False
data/local/semlex_citizen100_train_audit/landmarks_v17/EAT/NqslbPN8QSHFjSiIoW0f.v17.npz,data/local/semlex_citizen100_train_audit/raw/EAT/NqslbPN8QSHFjSiIoW0f.webm,NqslbPN8QSHFjSiIoW0f,62,EAT,EAT1,B_02_002,eat_1,EAT,EAT|HOME|THANKYOU|COME|KNOW,True,True,0.9437274932861328,False
data/local/semlex_citizen100_train_audit/landmarks_v17/EAT/Rjy3qzBK8Dje8dO4YDz5.v17.npz,data/local/semlex_citizen100_train_audit/raw/EAT/Rjy3qzBK8Dje8dO4YDz5.webm,Rjy3qzBK8Dje8dO4YDz5,42,EAT,EAT1,B_02_002,eat_1,EAT,EAT|SLEEP|TELL|HOSPITAL|THANKYOU,True,True,0.604570746421814,False
data/local/semlex_citizen100_train_audit/landmarks_v17/EAT/XbSEzAt6DBM2zu3PCbkP.v17.npz,data/local/semlex_citizen100_train_audit/raw/EAT/XbSEzAt6DBM2zu3PCbkP.webm,XbSEzAt6DBM2zu3PCbkP,52,EAT,EAT1,B_02_002,eat_1,KNOW,KNOW|HOME|THINK|EAT|UNDERSTAND,False,True,0.10082942247390747,False
data/local/semlex_citizen100_train_audit/landmarks_v17/EAT/a49tDuGlR8sZx42Wrefj.v17.npz,data/local/semlex_citizen100_train_audit/raw/EAT/a49tDuGlR8sZx42Wrefj.webm,a49tDuGlR8sZx42Wrefj,54,EAT,EAT1,B_02_002,eat_1,THANKYOU,THANKYOU|EAT|GIVE|GOOD|WATER,False,True,0.20658369362354279,False
data/local/semlex_citizen100_train_audit/landmarks_v17/EAT/b7XaMQTxoB441vGPPyBO.v17.npz,data/local/semlex_citizen100_train_audit/raw/EAT/b7XaMQTxoB441vGPPyBO.webm,b7XaMQTxoB441vGPPyBO,46,EAT,EAT1,B_02_002,eat_1,EAT,EAT|HOME|UNDERSTAND|SLEEP|THANKYOU,True,True,0.9164459109306335,False
data/local/semlex_citizen100_train_audit/landmarks_v17/EAT/fOgDReqc3oazWJb8Z7MG.v17.npz,data/local/semlex_citizen100_train_audit/raw/EAT/fOgDReqc3oazWJb8Z7MG.webm,fOgDReqc3oazWJb8Z7MG,78,EAT,EAT1,B_02_002,eat_1,EAT,EAT|HOME|MORE|KNOW|GIVE,True,True,0.6311202049255371,False
data/local/semlex_citizen100_train_audit/landmarks_v17/EAT/irATtNKsUys1gcHAZR7a.v17.npz,data/local/semlex_citizen100_train_audit/raw/EAT/irATtNKsUys1gcHAZR7a.webm,irATtNKsUys1gcHAZR7a,49,EAT,EAT1,B_02_002,eat_1,EAT,EAT|THANKYOU|HOME|UNDERSTAND|KNOW,True,True,0.8994935750961304,False
data/local/semlex_citizen100_train_audit/landmarks_v17/EAT/mZ809WGF3ismTc6sMHOX.v17.npz,data/local/semlex_citizen100_train_audit/raw/EAT/mZ809WGF3ismTc6sMHOX.webm,mZ809WGF3ismTc6sMHOX,15,EAT,EAT1,B_02_002,eat_1,EAT,EAT|THANKYOU|HOME|SLEEP|GIVE,True,True,0.9271579384803772,False
data/local/semlex_citizen100_train_audit/landmarks_v17/EAT/muLe6SaiiturL4fVuF4f.v17.npz,data/local/semlex_citizen100_train_audit/raw/EAT/muLe6SaiiturL4fVuF4f.webm,muLe6SaiiturL4fVuF4f,27,EAT,EAT1,B_02_002,eat_1,EAT,EAT|THANKYOU|HOME|KNOW|BAD,True,True,0.8216524124145508,False
data/local/semlex_citizen100_train_audit/landmarks_v17/EAT/ol8t0Zi5yhMt8oyunUJh.v17.npz,data/local/semlex_citizen100_train_audit/raw/EAT/ol8t0Zi5yhMt8oyunUJh.webm,ol8t0Zi5yhMt8oyunUJh,24,EAT,EAT1,B_02_002,eat_1,EAT,EAT|BAD|THANKYOU|GIVE|HOME,True,True,0.30141180753707886,False
data/local/semlex_citizen100_train_audit/landmarks_v17/EAT/ssPmmXxqtJ38rUIWmsSz.v17.npz,data/local/semlex_citizen100_train_audit/raw/EAT/ssPmmXxqtJ38rUIWmsSz.webm,ssPmmXxqtJ38rUIWmsSz,60,EAT,EAT1,B_02_002,eat_1,EAT,EAT|TELL|WHO|HOME|SLEEP,True,True,0.6603953838348389,False
data/local/semlex_citizen100_train_audit/landmarks_v17/EAT/ttgYUsGP1PIIr6kOce6d.v17.npz,data/local/semlex_citizen100_train_audit/raw/EAT/ttgYUsGP1PIIr6kOce6d.webm,ttgYUsGP1PIIr6kOce6d,63,EAT,EAT1,B_02_002,eat_1,EAT,EAT|THANKYOU|SLEEP|LOVE|HOME,True,True,0.9362798929214478,False
data/local/semlex_citizen100_train_audit/landmarks_v17/EAT/yNBDAyVXRIJy0wGZVdOv.v17.npz,data/local/semlex_citizen100_train_audit/raw/EAT/yNBDAyVXRIJy0wGZVdOv.webm,yNBDAyVXRIJy0wGZVdOv,12,EAT,EAT1,B_02_002,eat_1,EAT,EAT|COME|TELL|GIVE|HOME,True,True,0.7591060400009155,False
data/local/semlex_citizen100_train_audit/landmarks_v17/EXCITED/0tmevCwDIiucS9ecf9C1.v17.npz,data/local/semlex_citizen100_train_audit/raw/EXCITED/0tmevCwDIiucS9ecf9C1.webm,0tmevCwDIiucS9ecf9C1,17,EXCITED,EXCITED,H_01_102,excited,EXCITED,EXCITED|ANGRY|WHAT|SICK|EASY,True,True,0.7013331651687622,False
data/local/semlex_citizen100_train_audit/landmarks_v17/EXCITED/6xAdokdHydzKtTEIZNSs.v17.npz,data/local/semlex_citizen100_train_audit/raw/EXCITED/6xAdokdHydzKtTEIZNSs.webm,6xAdokdHydzKtTEIZNSs,38,EXCITED,EXCITED,H_01_102,excited,EXCITED,EXCITED|SIGN|HAVE|WHAT|MAYBE,True,True,0.7637369632720947,False
data/local/semlex_citizen100_train_audit/landmarks_v17/EXCITED/7J5uJ1ZGdgylwThTiota.v17.npz,data/local/semlex_citizen100_train_audit/raw/EXCITED/7J5uJ1ZGdgylwThTiota.webm,7J5uJ1ZGdgylwThTiota,43,EXCITED,EXCITED,H_01_102,excited,EXCITED,EXCITED|SIGN|WHAT|MAYBE|LANGUAGE,True,True,0.39411675930023193,False
data/local/semlex_citizen100_train_audit/landmarks_v17/EXCITED/G4C0T0qJI4WPL32xGRv6.v17.npz,data/local/semlex_citizen100_train_audit/raw/EXCITED/G4C0T0qJI4WPL32xGRv6.webm,G4C0T0qJI4WPL32xGRv6,35,EXCITED,EXCITED,H_01_102,excited,EXCITED,EXCITED|HAVE|ANGRY|HAPPY|EASY,True,True,0.9125126004219055,False
data/local/semlex_citizen100_train_audit/landmarks_v17/EXCITED/GSjdgc6j0y1G4ZtDWPE9.v17.npz,data/local/semlex_citizen100_train_audit/raw/EXCITED/GSjdgc6j0y1G4ZtDWPE9.webm,GSjdgc6j0y1G4ZtDWPE9,84,EXCITED,EXCITED,H_01_102,excited,EXCITED,EXCITED|ANGRY|WHAT|SICK|EASY,True,True,0.8225053548812866,False
data/local/semlex_citizen100_train_audit/landmarks_v17/EXCITED/J7IfwVCne7EMcjyXRlSt.v17.npz,data/local/semlex_citizen100_train_audit/raw/EXCITED/J7IfwVCne7EMcjyXRlSt.webm,J7IfwVCne7EMcjyXRlSt,63,EXCITED,EXCITED,H_01_102,excited,EXCITED,EXCITED|HAPPY|FEEL|ANGRY|HAVE,True,True,0.8080869913101196,False
data/local/semlex_citizen100_train_audit/landmarks_v17/EXCITED/Ms09AhxRzaccnfiHeS5s.v17.npz,data/local/semlex_citizen100_train_audit/raw/EXCITED/Ms09AhxRzaccnfiHeS5s.webm,Ms09AhxRzaccnfiHeS5s,30,EXCITED,EXCITED,H_01_102,excited,EXCITED,EXCITED|WHAT|MAYBE|WANT|HE,True,True,0.6066663265228271,False
data/local/semlex_citizen100_train_audit/landmarks_v17/EXCITED/NU4fOGojx5utXzpi9MVf.v17.npz,data/local/semlex_citizen100_train_audit/raw/EXCITED/NU4fOGojx5utXzpi9MVf.webm,NU4fOGojx5utXzpi9MVf,49,EXCITED,EXCITED,H_01_102,excited,EXCITED,EXCITED|FEEL|MAYBE|HAPPY|WAIT,True,True,0.7193480134010315,False
data/local/semlex_citizen100_train_audit/landmarks_v17/EXCITED/WKGhY91eM5I5SUXKQNq6.v17.npz,data/local/semlex_citizen100_train_audit/raw/EXCITED/WKGhY91eM5I5SUXKQNq6.webm,WKGhY91eM5I5SUXKQNq6,15,EXCITED,EXCITED,H_01_102,excited,EXCITED,EXCITED|ANGRY|HAVE|HAPPY|EASY,True,True,0.8139342069625854,False
data/local/semlex_citizen100_train_audit/landmarks_v17/EXCITED/Xf8fCNxVNmFyQPQtKqbR.v17.npz,data/local/semlex_citizen100_train_audit/raw/EXCITED/Xf8fCNxVNmFyQPQtKqbR.webm,Xf8fCNxVNmFyQPQtKqbR,59,EXCITED,EXCITED,H_01_102,excited,EXCITED,EXCITED|ANGRY|BIG|WHAT|WAIT,True,True,0.6624648571014404,False
data/local/semlex_citizen100_train_audit/landmarks_v17/EXCITED/ZFAZAnlZLQ0md5rJp30I.v17.npz,data/local/semlex_citizen100_train_audit/raw/EXCITED/ZFAZAnlZLQ0md5rJp30I.webm,ZFAZAnlZLQ0md5rJp30I,60,EXCITED,EXCITED,H_01_102,excited,EXCITED,EXCITED|EASY|HOW|SICK|SIGN,True,True,0.5438529253005981,False
data/local/semlex_citizen100_train_audit/landmarks_v17/EXCITED/efQ20Fv4pXINNRJWJhID.v17.npz,data/local/semlex_citizen100_train_audit/raw/EXCITED/efQ20Fv4pXINNRJWJhID.webm,efQ20Fv4pXINNRJWJhID,12,EXCITED,EXCITED,H_01_102,excited,HAVE,HAVE|EXCITED|SIGN|ANGRY|I,False,True,0.1832791417837143,False
data/local/semlex_citizen100_train_audit/landmarks_v17/EXCITED/gd2eVlwajAxOttolTWHM.v17.npz,data/local/semlex_citizen100_train_audit/raw/EXCITED/gd2eVlwajAxOttolTWHM.webm,gd2eVlwajAxOttolTWHM,31,EXCITED,EXCITED,H_01_102,excited,ANGRY,ANGRY|EXCITED|NOW|HAVE|WHY,False,True,0.07974005490541458,False
data/local/semlex_citizen100_train_audit/landmarks_v17/EXCITED/h4zm0ZFLISYckmXdnQqh.v17.npz,data/local/semlex_citizen100_train_audit/raw/EXCITED/h4zm0ZFLISYckmXdnQqh.webm,h4zm0ZFLISYckmXdnQqh,8,EXCITED,EXCITED,H_01_102,excited,EXCITED,EXCITED|EASY|ANGRY|WHAT|SICK,True,True,0.9399873614311218,False
data/local/semlex_citizen100_train_audit/landmarks_v17/EXCITED/ip0XQKdWUSmhktbb0e8g.v17.npz,data/local/semlex_citizen100_train_audit/raw/EXCITED/ip0XQKdWUSmhktbb0e8g.webm,ip0XQKdWUSmhktbb0e8g,54,EXCITED,EXCITED,H_01_102,excited,EXCITED,EXCITED|MAYBE|WHAT|ANGRY|HAVE,True,True,0.504846453666687,False
data/local/semlex_citizen100_train_audit/landmarks_v17/EXCITED/lcjdMyPaza9571DhPiyz.v17.npz,data/local/semlex_citizen100_train_audit/raw/EXCITED/lcjdMyPaza9571DhPiyz.webm,lcjdMyPaza9571DhPiyz,7,EXCITED,EXCITED,H_01_102,excited,EXCITED,EXCITED|FEEL|WEEK|WAIT|EASY,True,True,0.9182905554771423,False
data/local/semlex_citizen100_train_audit/landmarks_v17/EXCITED/ophEztMrWlD3Tq7AcFt5.v17.npz,data/local/semlex_citizen100_train_audit/raw/EXCITED/ophEztMrWlD3Tq7AcFt5.webm,ophEztMrWlD3Tq7AcFt5,62,EXCITED,EXCITED,H_01_102,excited,EXCITED,EXCITED|WHAT|TIRED|DOCTOR|MAYBE,True,True,0.34589293599128723,False
data/local/semlex_citizen100_train_audit/landmarks_v17/EXCITED/rjjwsV1WJPi1PSoRN64f.v17.npz,data/local/semlex_citizen100_train_audit/raw/EXCITED/rjjwsV1WJPi1PSoRN64f.webm,rjjwsV1WJPi1PSoRN64f,88,EXCITED,EXCITED,H_01_102,excited,EXCITED,EXCITED|MAYBE|FEEL|WHAT|HAVE,True,True,0.898561954498291,False
data/local/semlex_citizen100_train_audit/landmarks_v17/EXCITED/ybuYXBGvm5n1FvTBci15.v17.npz,data/local/semlex_citizen100_train_audit/raw/EXCITED/ybuYXBGvm5n1FvTBci15.webm,ybuYXBGvm5n1FvTBci15,39,EXCITED,EXCITED,H_01_102,excited,EXCITED,EXCITED|LIKE|FEEL|MAYBE|WAIT,True,True,0.17042304575443268,False
data/local/semlex_citizen100_train_audit/landmarks_v17/FAMILY/37xADij0aw3JF4d2gsRz.v17.npz,data/local/semlex_citizen100_train_audit/raw/FAMILY/37xADij0aw3JF4d2gsRz.webm,37xADij0aw3JF4d2gsRz,54,FAMILY,FAMILY,C_01_025,family,FAMILY,FAMILY|IMPORTANT|FIND|ANSWER|MAN,True,True,0.6452813744544983,False
data/local/semlex_citizen100_train_audit/landmarks_v17/FAMILY/3ae0hGxcT5jh7xDMdtrC.v17.npz,data/local/semlex_citizen100_train_audit/raw/FAMILY/3ae0hGxcT5jh7xDMdtrC.webm,3ae0hGxcT5jh7xDMdtrC,84,FAMILY,FAMILY,C_01_025,family,FAMILY,FAMILY|SAD|WANT|SMALL|STOP,True,True,0.9329395294189453,False
data/local/semlex_citizen100_train_audit/landmarks_v17/FAMILY/4ImBRJNo49JX3ogSybVI.v17.npz,data/local/semlex_citizen100_train_audit/raw/FAMILY/4ImBRJNo49JX3ogSybVI.webm,4ImBRJNo49JX3ogSybVI,35,FAMILY,FAMILY,C_01_025,family,FAMILY,FAMILY|SMALL|STOP|IMPORTANT|HELLO,True,True,0.7971819639205933,False
data/local/semlex_citizen100_train_audit/landmarks_v17/FAMILY/87pCVzgFY6m1Yw5SjZaf.v17.npz,data/local/semlex_citizen100_train_audit/raw/FAMILY/87pCVzgFY6m1Yw5SjZaf.webm,87pCVzgFY6m1Yw5SjZaf,63,FAMILY,FAMILY,C_01_025,family,FAMILY,FAMILY|IMPORTANT|FIND|SMALL|SAD,True,True,0.9212924242019653,False
data/local/semlex_citizen100_train_audit/landmarks_v17/FAMILY/Dh6t5zkRexrrZLpaB0aU.v17.npz,data/local/semlex_citizen100_train_audit/raw/FAMILY/Dh6t5zkRexrrZLpaB0aU.webm,Dh6t5zkRexrrZLpaB0aU,31,FAMILY,FAMILY,C_01_025,family,FAMILY,FAMILY|IMPORTANT|SMALL|FIND|WRITE,True,True,0.941157877445221,False
data/local/semlex_citizen100_train_audit/landmarks_v17/FAMILY/Fln7xgUYkVa341VnxnHf.v17.npz,data/local/semlex_citizen100_train_audit/raw/FAMILY/Fln7xgUYkVa341VnxnHf.webm,Fln7xgUYkVa341VnxnHf,23,FAMILY,FAMILY,C_01_025,family,FAMILY,FAMILY|IMPORTANT|READ|READY|SMALL,True,True,0.34887629747390747,False
data/local/semlex_citizen100_train_audit/landmarks_v17/FAMILY/Hg2fUCccwO066MrtZTJt.v17.npz,data/local/semlex_citizen100_train_audit/raw/FAMILY/Hg2fUCccwO066MrtZTJt.webm,Hg2fUCccwO066MrtZTJt,15,FAMILY,FAMILY,C_01_025,family,FAMILY,FAMILY|IMPORTANT|FIND|READ|LANGUAGE,True,True,0.9238764643669128,False
data/local/semlex_citizen100_train_audit/landmarks_v17/FAMILY/K3O7fgLHhe4eXaC4Dk2U.v17.npz,data/local/semlex_citizen100_train_audit/raw/FAMILY/K3O7fgLHhe4eXaC4Dk2U.webm,K3O7fgLHhe4eXaC4Dk2U,39,FAMILY,FAMILY,C_01_025,family,WANT,WANT|READ|WAIT|WHAT|FAMILY,False,True,0.022887716069817543,False
data/local/semlex_citizen100_train_audit/landmarks_v17/FAMILY/ZhJ5vnv3isY0N8nxdqCw.v17.npz,data/local/semlex_citizen100_train_audit/raw/FAMILY/ZhJ5vnv3isY0N8nxdqCw.webm,ZhJ5vnv3isY0N8nxdqCw,24,FAMILY,FAMILY,C_01_025,family,FAMILY,FAMILY|SMALL|SCHOOL|STOP|OUR,True,True,0.3679203689098358,False
data/local/semlex_citizen100_train_audit/landmarks_v17/FAMILY/fSLImsBDLtEUzW1VIPaa.v17.npz,data/local/semlex_citizen100_train_audit/raw/FAMILY/fSLImsBDLtEUzW1VIPaa.webm,fSLImsBDLtEUzW1VIPaa,17,FAMILY,FAMILY,C_01_025,family,FAMILY,FAMILY|SMALL|READ|IMPORTANT|SAD,True,True,0.8532381057739258,False
data/local/semlex_citizen100_train_audit/landmarks_v17/FAMILY/g7agmtX6BGPI3eAZAcyB.v17.npz,data/local/semlex_citizen100_train_audit/raw/FAMILY/g7agmtX6BGPI3eAZAcyB.webm,g7agmtX6BGPI3eAZAcyB,52,FAMILY,FAMILY,C_01_025,family,FAMILY,FAMILY|SMALL|WANT|STOP|SAD,True,True,0.868274450302124,False
data/local/semlex_citizen100_train_audit/landmarks_v17/FAMILY/jN5lXGjIvywNHpY0eHZl.v17.npz,data/local/semlex_citizen100_train_audit/raw/FAMILY/jN5lXGjIvywNHpY0eHZl.webm,jN5lXGjIvywNHpY0eHZl,78,FAMILY,FAMILY,C_01_025,family,FAMILY,FAMILY|IMPORTANT|WRITE|SAD|FIND,True,True,0.9404739141464233,False
data/local/semlex_citizen100_train_audit/landmarks_v17/FAMILY/jfog63UpRbmxsqJESupL.v17.npz,data/local/semlex_citizen100_train_audit/raw/FAMILY/jfog63UpRbmxsqJESupL.webm,jfog63UpRbmxsqJESupL,46,FAMILY,FAMILY,C_01_025,family,FAMILY,FAMILY|LESS|STOP|SMALL|SAD,True,True,0.9215377569198608,False
data/local/semlex_citizen100_train_audit/landmarks_v17/FAMILY/mLMLsWMp2rPCMbY0SF6j.v17.npz,data/local/semlex_citizen100_train_audit/raw/FAMILY/mLMLsWMp2rPCMbY0SF6j.webm,mLMLsWMp2rPCMbY0SF6j,43,FAMILY,FAMILY,C_01_025,family,FAMILY,FAMILY|WANT|NOW|SMALL|STOP,True,True,0.8845452666282654,False
data/local/semlex_citizen100_train_audit/landmarks_v17/FAMILY/mhdEFqTIp2ULZMy2BYZL.v17.npz,data/local/semlex_citizen100_train_audit/raw/FAMILY/mhdEFqTIp2ULZMy2BYZL.webm,mhdEFqTIp2ULZMy2BYZL,11,FAMILY,FAMILY,C_01_025,family,FAMILY,FAMILY|IMPORTANT|SMALL|FIND|READ,True,True,0.925941526889801,False
data/local/semlex_citizen100_train_audit/landmarks_v17/FAMILY/n0jaINtwhxunwuyZpQPI.v17.npz,data/local/semlex_citizen100_train_audit/raw/FAMILY/n0jaINtwhxunwuyZpQPI.webm,n0jaINtwhxunwuyZpQPI,12,FAMILY,FAMILY,C_01_025,family,FAMILY,FAMILY|IMPORTANT|ANSWER|FIND|READ,True,True,0.9372541904449463,False
data/local/semlex_citizen100_train_audit/landmarks_v17/FAMILY/ol0ye8JXBlEbmLKdjOyu.v17.npz,data/local/semlex_citizen100_train_audit/raw/FAMILY/ol0ye8JXBlEbmLKdjOyu.webm,ol0ye8JXBlEbmLKdjOyu,88,FAMILY,FAMILY,C_01_025,family,IMPORTANT,IMPORTANT|FAMILY|SMALL|READ|FIND,False,True,0.08797968178987503,False
data/local/semlex_citizen100_train_audit/landmarks_v17/FAMILY/pdOeue0WmeUWGd05qyGP.v17.npz,data/local/semlex_citizen100_train_audit/raw/FAMILY/pdOeue0WmeUWGd05qyGP.webm,pdOeue0WmeUWGd05qyGP,60,FAMILY,FAMILY,C_01_025,family,FAMILY,FAMILY|SMALL|STOP|SCHOOL|MAYBE,True,True,0.6748923063278198,False
data/local/semlex_citizen100_train_audit/landmarks_v17/FAMILY/r1mBHEoGgAlnrkC2APQI.v17.npz,data/local/semlex_citizen100_train_audit/raw/FAMILY/r1mBHEoGgAlnrkC2APQI.webm,r1mBHEoGgAlnrkC2APQI,85,FAMILY,FAMILY,C_01_025,family,FAMILY,FAMILY|WANT|SAD|READ|IMPORTANT,True,True,0.8986585140228271,False
data/local/semlex_citizen100_train_audit/landmarks_v17/FAMILY/sYu2P6ceTDA7aPAgGbX4.v17.npz,data/local/semlex_citizen100_train_audit/raw/FAMILY/sYu2P6ceTDA7aPAgGbX4.webm,sYu2P6ceTDA7aPAgGbX4,7,FAMILY,FAMILY,C_01_025,family,FAMILY,FAMILY|WRITE|NOW|HELP|SCHOOL,True,True,0.8461306691169739,False
data/local/semlex_citizen100_train_audit/landmarks_v17/FAMILY/t8dSiZFtIydHK9ajpeNW.v17.npz,data/local/semlex_citizen100_train_audit/raw/FAMILY/t8dSiZFtIydHK9ajpeNW.webm,t8dSiZFtIydHK9ajpeNW,49,FAMILY,FAMILY,C_01_025,family,FAMILY,FAMILY|SAD|WANT|READ|SMALL,True,True,0.8120484948158264,False
data/local/semlex_citizen100_train_audit/landmarks_v17/FAMILY/xbNBWvmNV5h91LP0lJcg.v17.npz,data/local/semlex_citizen100_train_audit/raw/FAMILY/xbNBWvmNV5h91LP0lJcg.webm,xbNBWvmNV5h91LP0lJcg,62,FAMILY,FAMILY,C_01_025,family,FAMILY,FAMILY|IMPORTANT|MAYBE|TRY|FIND,True,True,0.9007793068885803,False
data/local/semlex_citizen100_train_audit/landmarks_v17/FATHER/7FZKwVcARscywP9flhrr.v17.npz,data/local/semlex_citizen100_train_audit/raw/FATHER/7FZKwVcARscywP9flhrr.webm,7FZKwVcARscywP9flhrr,8,FATHER,FATHER,B_01_077,father,FATHER,FATHER|HELLO|KNOW|HOSPITAL|SICK,True,True,0.7915161848068237,False
data/local/semlex_citizen100_train_audit/landmarks_v17/FATHER/ECtYPRdRefwcJqmEtF5L.v17.npz,data/local/semlex_citizen100_train_audit/raw/FATHER/ECtYPRdRefwcJqmEtF5L.webm,ECtYPRdRefwcJqmEtF5L,78,FATHER,FATHER,B_01_077,father,FATHER,FATHER|HEAR|HOSPITAL|LISTEN|HELLO,True,True,0.929650068283081,False
data/local/semlex_citizen100_train_audit/landmarks_v17/FATHER/EvrUzsNtHL9vsvV29mOm.v17.npz,data/local/semlex_citizen100_train_audit/raw/FATHER/EvrUzsNtHL9vsvV29mOm.webm,EvrUzsNtHL9vsvV29mOm,42,FATHER,FATHER,B_01_077,father,FATHER,FATHER|KNOW|SICK|HOSPITAL|MAN,True,True,0.8003550171852112,False
data/local/semlex_citizen100_train_audit/landmarks_v17/FATHER/H3D9PRz8GTLRnBqdTNtT.v17.npz,data/local/semlex_citizen100_train_audit/raw/FATHER/H3D9PRz8GTLRnBqdTNtT.webm,H3D9PRz8GTLRnBqdTNtT,62,FATHER,FATHER,B_01_077,father,FATHER,FATHER|HEAR|HOSPITAL|HELLO|MAN,True,True,0.8668311238288879,False
data/local/semlex_citizen100_train_audit/landmarks_v17/FATHER/I5uvGpmkVZn5yEAIqtXf.v17.npz,data/local/semlex_citizen100_train_audit/raw/FATHER/I5uvGpmkVZn5yEAIqtXf.webm,I5uvGpmkVZn5yEAIqtXf,7,FATHER,FATHER,B_01_077,father,HELLO,HELLO|FATHER|WHY|HEAR|WANT,False,True,0.1477883756160736,False
data/local/semlex_citizen100_train_audit/landmarks_v17/FATHER/ZrYoaGI0HlB3wq9X2Fs3.v17.npz,data/local/semlex_citizen100_train_audit/raw/FATHER/ZrYoaGI0HlB3wq9X2Fs3.webm,ZrYoaGI0HlB3wq9X2Fs3,23,FATHER,FATHER,B_01_077,father,FATHER,FATHER|SICK|KNOW|SAD|HOSPITAL,True,True,0.7533524632453918,False
data/local/semlex_citizen100_train_audit/landmarks_v17/FATHER/b1GLgdzb92gBIDx6wnhL.v17.npz,data/local/semlex_citizen100_train_audit/raw/FATHER/b1GLgdzb92gBIDx6wnhL.webm,b1GLgdzb92gBIDx6wnhL,11,FATHER,FATHER,B_01_077,father,FATHER,FATHER|HELLO|KNOW|HEAR|SICK,True,True,0.7084517478942871,False
data/local/semlex_citizen100_train_audit/landmarks_v17/FATHER/eSex0bCirKPxIOqlY1OM.v17.npz,data/local/semlex_citizen100_train_audit/raw/FATHER/eSex0bCirKPxIOqlY1OM.webm,eSex0bCirKPxIOqlY1OM,38,FATHER,FATHER,B_01_077,father,FATHER,FATHER|HEAR|HELLO|KNOW|HOSPITAL,True,True,0.9153497815132141,False
data/local/semlex_citizen100_train_audit/landmarks_v17/FATHER/kdDlQAW3JJQmc5l3y5OL.v17.npz,data/local/semlex_citizen100_train_audit/raw/FATHER/kdDlQAW3JJQmc5l3y5OL.webm,kdDlQAW3JJQmc5l3y5OL,54,FATHER,FATHER,B_01_077,father,FATHER,FATHER|HEAR|HELLO|LISTEN|KNOW,True,True,0.688525378704071,False
data/local/semlex_citizen100_train_audit/landmarks_v17/FATHER/sq3izC2Cf3Ugqnmq4ns4.v17.npz,data/local/semlex_citizen100_train_audit/raw/FATHER/sq3izC2Cf3Ugqnmq4ns4.webm,sq3izC2Cf3Ugqnmq4ns4,84,FATHER,FATHER,B_01_077,father,FATHER,FATHER|HELLO|HEAR|KNOW|HOSPITAL,True,True,0.8164395093917847,False
data/local/semlex_citizen100_train_audit/landmarks_v17/FATHER/zbnyPiJJn5fiwaSmydP8.v17.npz,data/local/semlex_citizen100_train_audit/raw/FATHER/zbnyPiJJn5fiwaSmydP8.webm,zbnyPiJJn5fiwaSmydP8,49,FATHER,FATHER,B_01_077,father,HEAR,HEAR|GOODBYE|MOTHER|FIND|HELLO,False,False,0.04605397209525108,False
data/local/semlex_citizen100_train_audit/landmarks_v17/FEEL/2KDa0TuvGzbbnJn3ExK9.v17.npz,data/local/semlex_citizen100_train_audit/raw/FEEL/2KDa0TuvGzbbnJn3ExK9.webm,2KDa0TuvGzbbnJn3ExK9,76,FEEL,FEEL,C_02_001,feel,FEEL,FEEL|HAPPY|PLEASE|EXCITED|WEEK,True,True,0.8592109680175781,False
data/local/semlex_citizen100_train_audit/landmarks_v17/FEEL/C27zVVDvYVQzWjwRpvDg.v17.npz,data/local/semlex_citizen100_train_audit/raw/FEEL/C27zVVDvYVQzWjwRpvDg.webm,C27zVVDvYVQzWjwRpvDg,59,FEEL,FEEL,C_02_001,feel,FEEL,FEEL|HAPPY|LIKE|PLEASE|MY,True,True,0.8338019847869873,False
data/local/semlex_citizen100_train_audit/landmarks_v17/FEEL/E060JRlEZuxXoPc1FDd0.v17.npz,data/local/semlex_citizen100_train_audit/raw/FEEL/E060JRlEZuxXoPc1FDd0.webm,E060JRlEZuxXoPc1FDd0,17,FEEL,FEEL,C_02_001,feel,FEEL,FEEL|HAPPY|EXCITED|HOT|WEEK,True,True,0.8808660507202148,False
data/local/semlex_citizen100_train_audit/landmarks_v17/FEEL/F1SwKsyF7LGhBGSzZRH1.v17.npz,data/local/semlex_citizen100_train_audit/raw/FEEL/F1SwKsyF7LGhBGSzZRH1.webm,F1SwKsyF7LGhBGSzZRH1,88,FEEL,FEEL,C_02_001,feel,FEEL,FEEL|HAPPY|LIKE|PLEASE|HUNGRY,True,True,0.903788685798645,False
data/local/semlex_citizen100_train_audit/landmarks_v17/FEEL/Hg8PFwdJjonVd28rKVv6.v17.npz,data/local/semlex_citizen100_train_audit/raw/FEEL/Hg8PFwdJjonVd28rKVv6.webm,Hg8PFwdJjonVd28rKVv6,30,FEEL,FEEL,C_02_001,feel,FEEL,FEEL|HAPPY|EXCITED|WEEK|LIKE,True,True,0.8990271091461182,False
data/local/semlex_citizen100_train_audit/landmarks_v17/FEEL/Q7cGdYoOgPWShD1tO59y.v17.npz,data/local/semlex_citizen100_train_audit/raw/FEEL/Q7cGdYoOgPWShD1tO59y.webm,Q7cGdYoOgPWShD1tO59y,8,FEEL,FEEL,C_02_001,feel,FEEL,FEEL|LIKE|PLEASE|MY|WEEK,True,True,0.548317015171051,False
data/local/semlex_citizen100_train_audit/landmarks_v17/FEEL/XuqdUEzhfFgTRiI6Fi46.v17.npz,data/local/semlex_citizen100_train_audit/raw/FEEL/XuqdUEzhfFgTRiI6Fi46.webm,XuqdUEzhfFgTRiI6Fi46,62,FEEL,FEEL,C_02_001,feel,HAPPY,HAPPY|FEEL|EXCITED|GOOD|BAD,False,True,0.2958798408508301,False
data/local/semlex_citizen100_train_audit/landmarks_v17/FEEL/dYpH6bFbthg5RMVRlGfE.v17.npz,data/local/semlex_citizen100_train_audit/raw/FEEL/dYpH6bFbthg5RMVRlGfE.webm,dYpH6bFbthg5RMVRlGfE,39,FEEL,FEEL,C_02_001,feel,ANGRY,ANGRY|EXCITED|MAYBE|WHY|HE,False,False,0.006140353158116341,False
data/local/semlex_citizen100_train_audit/landmarks_v17/FEEL/mBvkUHdYNTKRPWQVTRFF.v17.npz,data/local/semlex_citizen100_train_audit/raw/FEEL/mBvkUHdYNTKRPWQVTRFF.webm,mBvkUHdYNTKRPWQVTRFF,63,FEEL,FEEL,C_02_001,feel,HAPPY,HAPPY|FEEL|MY|PLEASE|HAVE,False,True,0.2148319035768509,False
data/local/semlex_citizen100_train_audit/landmarks_v17/FEEL/oO5ytAFtYybvkgVHqk3b.v17.npz,data/local/semlex_citizen100_train_audit/raw/FEEL/oO5ytAFtYybvkgVHqk3b.webm,oO5ytAFtYybvkgVHqk3b,49,FEEL,FEEL,C_02_001,feel,EXCITED,EXCITED|WEEK|NAME|WRITE|EASY,False,False,0.011616654694080353,False
data/local/semlex_citizen100_train_audit/landmarks_v17/FEEL/oVHg2oI6E8beQ3K9bXbp.v17.npz,data/local/semlex_citizen100_train_audit/raw/FEEL/oVHg2oI6E8beQ3K9bXbp.webm,oVHg2oI6E8beQ3K9bXbp,7,FEEL,FEEL,C_02_001,feel,FEEL,FEEL|HAPPY|PLEASE|HUNGRY|LIKE,True,True,0.8319863677024841,False
data/local/semlex_citizen100_train_audit/landmarks_v17/FEEL/qmDYg4n1CRWIYT4DnYPh.v17.npz,data/local/semlex_citizen100_train_audit/raw/FEEL/qmDYg4n1CRWIYT4DnYPh.webm,qmDYg4n1CRWIYT4DnYPh,23,FEEL,FEEL,C_02_001,feel,HAPPY,HAPPY|GOOD|BAD|FEEL|GIVE,False,True,0.047606389969587326,False
data/local/semlex_citizen100_train_audit/landmarks_v17/FEEL/rEwgYwx2D8degULcMN0u.v17.npz,data/local/semlex_citizen100_train_audit/raw/FEEL/rEwgYwx2D8degULcMN0u.webm,rEwgYwx2D8degULcMN0u,52,FEEL,FEEL,C_02_001,feel,FEEL,FEEL|HAPPY|WEEK|EXCITED|PLEASE,True,True,0.8328116536140442,False
data/local/semlex_citizen100_train_audit/landmarks_v17/FEEL/tfQ7pbWBV741yBTUc9V3.v17.npz,data/local/semlex_citizen100_train_audit/raw/FEEL/tfQ7pbWBV741yBTUc9V3.webm,tfQ7pbWBV741yBTUc9V3,84,FEEL,FEEL,C_02_001,feel,FEEL,FEEL|HAPPY|EXCITED|GOOD|HUNGRY,True,True,0.8628351092338562,False
data/local/semlex_citizen100_train_audit/landmarks_v17/FEEL/uMeoTXfuFs3q94POOAyQ.v17.npz,data/local/semlex_citizen100_train_audit/raw/FEEL/uMeoTXfuFs3q94POOAyQ.webm,uMeoTXfuFs3q94POOAyQ,46,FEEL,FEEL,C_02_001,feel,FEEL,FEEL|HAPPY|EXCITED|YOU|PLEASE,True,True,0.9546339511871338,False
data/local/semlex_citizen100_train_audit/landmarks_v17/FEEL/yxpNcuOsSJ3clhNylTTQ.v17.npz,data/local/semlex_citizen100_train_audit/raw/FEEL/yxpNcuOsSJ3clhNylTTQ.webm,yxpNcuOsSJ3clhNylTTQ,80,FEEL,FEEL,C_02_001,feel,FEEL,FEEL|HAPPY|MAYBE|GOOD|EXCITED,True,True,0.41785183548927307,False
data/local/semlex_citizen100_train_audit/landmarks_v17/FIND/43eOHcvMETAos49KwLkb.v17.npz,data/local/semlex_citizen100_train_audit/raw/FIND/43eOHcvMETAos49KwLkb.webm,43eOHcvMETAos49KwLkb,88,FIND,FIND,B_03_076,find,FIND,FIND|YES|DRINK|THEY|GOODBYE,True,True,0.7764425873756409,False
data/local/semlex_citizen100_train_audit/landmarks_v17/FIND/KWY4tEYAEMegDfgq8IQa.v17.npz,data/local/semlex_citizen100_train_audit/raw/FIND/KWY4tEYAEMegDfgq8IQa.webm,KWY4tEYAEMegDfgq8IQa,8,FIND,FIND,B_03_076,find,FIND,FIND|DRINK|MAN|HOME|LEARN,True,True,0.48154953122138977,False
data/local/semlex_citizen100_train_audit/landmarks_v17/FIND/O25GbWtXdzbvmdEGXUuu.v17.npz,data/local/semlex_citizen100_train_audit/raw/FIND/O25GbWtXdzbvmdEGXUuu.webm,O25GbWtXdzbvmdEGXUuu,49,FIND,FIND,B_03_076,find,SAME,SAME|NO|FIND|YOUR|TAKE,False,True,0.09027141332626343,False
data/local/semlex_citizen100_train_audit/landmarks_v17/FIND/Z5ApT3rwXtPIOYkj21Ny.v17.npz,data/local/semlex_citizen100_train_audit/raw/FIND/Z5ApT3rwXtPIOYkj21Ny.webm,Z5ApT3rwXtPIOYkj21Ny,62,FIND,FIND,B_03_076,find,FIND,FIND|DRINK|LEARN|FAMILY|IMPORTANT,True,True,0.9095377922058105,False
data/local/semlex_citizen100_train_audit/landmarks_v17/FIND/b5p639GwXoV8BmTV6XVM.v17.npz,data/local/semlex_citizen100_train_audit/raw/FIND/b5p639GwXoV8BmTV6XVM.webm,b5p639GwXoV8BmTV6XVM,42,FIND,FIND,B_03_076,find,DRINK,DRINK|FIND|LEARN|HOT|IMPORTANT,False,True,0.2879704535007477,False
data/local/semlex_citizen100_train_audit/landmarks_v17/FIND/eY9ZgPZYk0Mj2HTbo36q.v17.npz,data/local/semlex_citizen100_train_audit/raw/FIND/eY9ZgPZYk0Mj2HTbo36q.webm,eY9ZgPZYk0Mj2HTbo36q,84,FIND,FIND,B_03_076,find,FIND,FIND|DRINK|LEARN|HELLO|YESTERDAY,True,True,0.7532206773757935,False
data/local/semlex_citizen100_train_audit/landmarks_v17/FIND/k31FLUfJAJd4u5X647C6.v17.npz,data/local/semlex_citizen100_train_audit/raw/FIND/k31FLUfJAJd4u5X647C6.webm,k31FLUfJAJd4u5X647C6,17,FIND,FIND,B_03_076,find,FIND,FIND|HELLO|FATHER|LEARN|DRINK,True,True,0.6130871772766113,False
data/local/semlex_citizen100_train_audit/landmarks_v17/FIND/nX3rb2uX9q4NNiuDQzHI.v17.npz,data/local/semlex_citizen100_train_audit/raw/FIND/nX3rb2uX9q4NNiuDQzHI.webm,nX3rb2uX9q4NNiuDQzHI,46,FIND,FIND,B_03_076,find,IMPORTANT,IMPORTANT|FIND|LANGUAGE|READ|TRY,False,True,0.19915300607681274,False
data/local/semlex_citizen100_train_audit/landmarks_v17/FIND/pw1seWMbVs30NlY6hJ2G.v17.npz,data/local/semlex_citizen100_train_audit/raw/FIND/pw1seWMbVs30NlY6hJ2G.webm,pw1seWMbVs30NlY6hJ2G,12,FIND,FIND,B_03_076,find,FIND,FIND|DRINK|LEARN|HELLO|YESTERDAY,True,True,0.7802907824516296,False
data/local/semlex_citizen100_train_audit/landmarks_v17/FIND/qRVKMCiR4S4ToPfIFTAz.v17.npz,data/local/semlex_citizen100_train_audit/raw/FIND/qRVKMCiR4S4ToPfIFTAz.webm,qRVKMCiR4S4ToPfIFTAz,35,FIND,FIND,B_03_076,find,HELLO,HELLO|HEAR|FATHER|GOODBYE|FIND,False,True,0.06403162330389023,False
data/local/semlex_citizen100_train_audit/landmarks_v17/FIND/qTPa2vhV7M91yyXYYOZj.v17.npz,data/local/semlex_citizen100_train_audit/raw/FIND/qTPa2vhV7M91yyXYYOZj.webm,qTPa2vhV7M91yyXYYOZj,39,FIND,FIND,B_03_076,find,ANGRY,ANGRY|READY|BIG|WHY|FIND,False,True,0.03190593793988228,False
data/local/semlex_citizen100_train_audit/landmarks_v17/FRIEND/08HKHdip5sXteqrCbQdr.v17.npz,data/local/semlex_citizen100_train_audit/raw/FRIEND/08HKHdip5sXteqrCbQdr.webm,08HKHdip5sXteqrCbQdr,7,FRIEND,FRIEND,D_03_010,friend,FRIEND,FRIEND|TIRED|WHAT|TALK|YOU,True,True,0.8099358677864075,False
data/local/semlex_citizen100_train_audit/landmarks_v17/FRIEND/3fk5UUuLjGQ8WvQzhv20.v17.npz,data/local/semlex_citizen100_train_audit/raw/FRIEND/3fk5UUuLjGQ8WvQzhv20.webm,3fk5UUuLjGQ8WvQzhv20,31,FRIEND,FRIEND,D_03_010,friend,WHEN,WHEN|FRIEND|ANSWER|WEEK|DIFFERENT,False,True,0.10811988264322281,False
data/local/semlex_citizen100_train_audit/landmarks_v17/FRIEND/3v2ZobSEOFApshlETEeE.v17.npz,data/local/semlex_citizen100_train_audit/raw/FRIEND/3v2ZobSEOFApshlETEeE.webm,3v2ZobSEOFApshlETEeE,85,FRIEND,FRIEND,D_03_010,friend,FRIEND,FRIEND|NAME|WHEN|WEEK|WRITE,True,True,0.9171378016471863,False
data/local/semlex_citizen100_train_audit/landmarks_v17/FRIEND/4ceDs1kBi1MMjUFfONC8.v17.npz,data/local/semlex_citizen100_train_audit/raw/FRIEND/4ceDs1kBi1MMjUFfONC8.webm,4ceDs1kBi1MMjUFfONC8,11,FRIEND,FRIEND,D_03_010,friend,FRIEND,FRIEND|HOW|WHEN|ANSWER|MORE,True,True,0.8081789612770081,False
data/local/semlex_citizen100_train_audit/landmarks_v17/FRIEND/5nxKOiHb1Q0Sp2YAXNWc.v17.npz,data/local/semlex_citizen100_train_audit/raw/FRIEND/5nxKOiHb1Q0Sp2YAXNWc.webm,5nxKOiHb1Q0Sp2YAXNWc,88,FRIEND,FRIEND,D_03_010,friend,FRIEND,FRIEND|WHEN|NAME|WEEK|TIME,True,True,0.8717921376228333,False
data/local/semlex_citizen100_train_audit/landmarks_v17/FRIEND/AdN4T0JItONoIYxM2oPI.v17.npz,data/local/semlex_citizen100_train_audit/raw/FRIEND/AdN4T0JItONoIYxM2oPI.webm,AdN4T0JItONoIYxM2oPI,8,FRIEND,FRIEND,D_03_010,friend,FRIEND,FRIEND|NAME|ANSWER|MAKE|MORE,True,True,0.9095858335494995,False
data/local/semlex_citizen100_train_audit/landmarks_v17/FRIEND/DqsrQGgLwnLPUGAauRZl.v17.npz,data/local/semlex_citizen100_train_audit/raw/FRIEND/DqsrQGgLwnLPUGAauRZl.webm,DqsrQGgLwnLPUGAauRZl,62,FRIEND,FRIEND,D_03_010,friend,FRIEND,FRIEND|ANSWER|MORE|WHEN|MAKE,True,True,0.8616307973861694,False
data/local/semlex_citizen100_train_audit/landmarks_v17/FRIEND/FnSFQPOAvjZjW5SjchfA.v17.npz,data/local/semlex_citizen100_train_audit/raw/FRIEND/FnSFQPOAvjZjW5SjchfA.webm,FnSFQPOAvjZjW5SjchfA,24,FRIEND,FRIEND,D_03_010,friend,FRIEND,FRIEND|ANSWER|NAME|WHEN|MORE,True,True,0.7473649978637695,False
data/local/semlex_citizen100_train_audit/landmarks_v17/FRIEND/MuV8ClRb2F5Vcb4OCXf4.v17.npz,data/local/semlex_citizen100_train_audit/raw/FRIEND/MuV8ClRb2F5Vcb4OCXf4.webm,MuV8ClRb2F5Vcb4OCXf4,17,FRIEND,FRIEND,D_03_010,friend,WHEN,WHEN|FRIEND|WEEK|NAME|MAKE,False,True,0.20141150057315826,False
data/local/semlex_citizen100_train_audit/landmarks_v17/FRIEND/TTdTp3HbcUY7jcHKmUxO.v17.npz,data/local/semlex_citizen100_train_audit/raw/FRIEND/TTdTp3HbcUY7jcHKmUxO.webm,TTdTp3HbcUY7jcHKmUxO,84,FRIEND,FRIEND,D_03_010,friend,WHEN,WHEN|FRIEND|ANSWER|WEEK|HOW,False,True,0.1663597822189331,False
data/local/semlex_citizen100_train_audit/landmarks_v17/FRIEND/WBhANsDiGPdWo8NQhSNF.v17.npz,data/local/semlex_citizen100_train_audit/raw/FRIEND/WBhANsDiGPdWo8NQhSNF.webm,WBhANsDiGPdWo8NQhSNF,14,FRIEND,FRIEND,D_03_010,friend,FRIEND,FRIEND|NAME|WHEN|MAKE|DAY,True,True,0.7789669632911682,False
data/local/semlex_citizen100_train_audit/landmarks_v17/FRIEND/WluqiGO5rwm1tICYUU85.v17.npz,data/local/semlex_citizen100_train_audit/raw/FRIEND/WluqiGO5rwm1tICYUU85.webm,WluqiGO5rwm1tICYUU85,39,FRIEND,FRIEND,D_03_010,friend,LIKE,LIKE|YOU|TIME|WHAT|NEED,False,False,0.017029326409101486,False
data/local/semlex_citizen100_train_audit/landmarks_v17/FRIEND/YDaKqaxBEfz08lmK1eqM.v17.npz,data/local/semlex_citizen100_train_audit/raw/FRIEND/YDaKqaxBEfz08lmK1eqM.webm,YDaKqaxBEfz08lmK1eqM,12,FRIEND,FRIEND,D_03_010,friend,ANSWER,ANSWER|FRIEND|GO|WORK|WHEN,False,True,0.34246721863746643,False
data/local/semlex_citizen100_train_audit/landmarks_v17/FRIEND/Z2dvRrag1aoWRH75dIl8.v17.npz,data/local/semlex_citizen100_train_audit/raw/FRIEND/Z2dvRrag1aoWRH75dIl8.webm,Z2dvRrag1aoWRH75dIl8,23,FRIEND,FRIEND,D_03_010,friend,FRIEND,FRIEND|WHEN|WEEK|NAME|MAKE,True,True,0.6491400003433228,False
data/local/semlex_citizen100_train_audit/landmarks_v17/FRIEND/bNAVBZtvfuULAkGiarSp.v17.npz,data/local/semlex_citizen100_train_audit/raw/FRIEND/bNAVBZtvfuULAkGiarSp.webm,bNAVBZtvfuULAkGiarSp,15,FRIEND,FRIEND,D_03_010,friend,FRIEND,FRIEND|WHEN|HOW|WEEK|ANSWER,True,True,0.3555945158004761,False
data/local/semlex_citizen100_train_audit/landmarks_v17/FRIEND/cB3ZODbzVzVvtEKuFRqe.v17.npz,data/local/semlex_citizen100_train_audit/raw/FRIEND/cB3ZODbzVzVvtEKuFRqe.webm,cB3ZODbzVzVvtEKuFRqe,46,FRIEND,FRIEND,D_03_010,friend,FRIEND,FRIEND|WHEN|HOW|ANSWER|MAKE,True,True,0.6279833316802979,False
data/local/semlex_citizen100_train_audit/landmarks_v17/FRIEND/dntdeNRsae5lASjVrXpr.v17.npz,data/local/semlex_citizen100_train_audit/raw/FRIEND/dntdeNRsae5lASjVrXpr.webm,dntdeNRsae5lASjVrXpr,49,FRIEND,FRIEND,D_03_010,friend,WHEN,WHEN|FRIEND|WEEK|ANSWER|HOW,False,True,0.1883745640516281,False
data/local/semlex_citizen100_train_audit/landmarks_v17/FRIEND/kS0Y5rPNS01LXvlEXT9z.v17.npz,data/local/semlex_citizen100_train_audit/raw/FRIEND/kS0Y5rPNS01LXvlEXT9z.webm,kS0Y5rPNS01LXvlEXT9z,38,FRIEND,FRIEND,D_03_010,friend,FRIEND,FRIEND|GO|ANSWER|MORE|LESS,True,True,0.9161686897277832,False
data/local/semlex_citizen100_train_audit/landmarks_v17/FRIEND/nmzZH2lMQUqtmcZYWyT3.v17.npz,data/local/semlex_citizen100_train_audit/raw/FRIEND/nmzZH2lMQUqtmcZYWyT3.webm,nmzZH2lMQUqtmcZYWyT3,59,FRIEND,FRIEND,D_03_010,friend,FRIEND,FRIEND|GO|ANSWER|WRITE|READ,True,True,0.6754350662231445,False
data/local/semlex_citizen100_train_audit/landmarks_v17/FRIEND/wC8n8U6lduGAHq97ZoVC.v17.npz,data/local/semlex_citizen100_train_audit/raw/FRIEND/wC8n8U6lduGAHq97ZoVC.webm,wC8n8U6lduGAHq97ZoVC,35,FRIEND,FRIEND,D_03_010,friend,FRIEND,FRIEND|ANSWER|GO|READ|WRITE,True,True,0.6272283792495728,False
data/local/semlex_citizen100_train_audit/landmarks_v17/GIVE/2JjFlEOLFN1WyOUu8LA5.v17.npz,data/local/semlex_citizen100_train_audit/raw/GIVE/2JjFlEOLFN1WyOUu8LA5.webm,2JjFlEOLFN1WyOUu8LA5,88,GIVE,GIVE,F_01_023,give,HAPPY,HAPPY|FEEL|GOOD|GIVE|BAD,False,True,0.057170793414115906,False
data/local/semlex_citizen100_train_audit/landmarks_v17/GIVE/Fgtz28sNJCfDsFWm9rxm.v17.npz,data/local/semlex_citizen100_train_audit/raw/GIVE/Fgtz28sNJCfDsFWm9rxm.webm,Fgtz28sNJCfDsFWm9rxm,8,GIVE,GIVE,F_01_023,give,GIVE,GIVE|WANT|MAYBE|FAMILY|STOP,True,True,0.5938637852668762,False
data/local/semlex_citizen100_train_audit/landmarks_v17/GIVE/JSnrjhugJ5lo0yN4rvkJ.v17.npz,data/local/semlex_citizen100_train_audit/raw/GIVE/JSnrjhugJ5lo0yN4rvkJ.webm,JSnrjhugJ5lo0yN4rvkJ,84,GIVE,GIVE,F_01_023,give,GIVE,GIVE|TELL|LIKE|GOOD|WANT,True,True,0.956260085105896,False
data/local/semlex_citizen100_train_audit/landmarks_v17/GIVE/L5NoOLhdjMJ90QS1eX6P.v17.npz,data/local/semlex_citizen100_train_audit/raw/GIVE/L5NoOLhdjMJ90QS1eX6P.webm,L5NoOLhdjMJ90QS1eX6P,11,GIVE,GIVE,F_01_023,give,GIVE,GIVE|DOCTOR|MAYBE|NAME|SCHOOL,True,True,0.25459766387939453,False
data/local/semlex_citizen100_train_audit/landmarks_v17/GIVE/LTa0w7FVk5lFaY0PVpMv.v17.npz,data/local/semlex_citizen100_train_audit/raw/GIVE/LTa0w7FVk5lFaY0PVpMv.webm,LTa0w7FVk5lFaY0PVpMv,39,GIVE,GIVE,F_01_023,give,HE,HE|NEED|CHILD|COME|SIGN,False,False,0.006952960975468159,False
data/local/semlex_citizen100_train_audit/landmarks_v17/GIVE/N7mUWt7DbxXIZihagxtU.v17.npz,data/local/semlex_citizen100_train_audit/raw/GIVE/N7mUWt7DbxXIZihagxtU.webm,N7mUWt7DbxXIZihagxtU,31,GIVE,GIVE,F_01_023,give,HUNGRY,HUNGRY|MY|PLEASE|OUR|HAPPY,False,False,0.0010418770834803581,False
data/local/semlex_citizen100_train_audit/landmarks_v17/GIVE/PLYdcX7eNgfFjzQTZqdJ.v17.npz,data/local/semlex_citizen100_train_audit/raw/GIVE/PLYdcX7eNgfFjzQTZqdJ.webm,PLYdcX7eNgfFjzQTZqdJ,49,GIVE,GIVE,F_01_023,give,COME,COME|OUR|WE|CHILD|DAY,False,False,0.00524646881967783,False
data/local/semlex_citizen100_train_audit/landmarks_v17/GIVE/RyzXD2lfHE9gWwBwyGer.v17.npz,data/local/semlex_citizen100_train_audit/raw/GIVE/RyzXD2lfHE9gWwBwyGer.webm,RyzXD2lfHE9gWwBwyGer,46,GIVE,GIVE,F_01_023,give,WANT,WANT|GIVE|HOW|WAIT|NOW,False,True,0.08865328878164291,False
data/local/semlex_citizen100_train_audit/landmarks_v17/GIVE/TsSUFkyHxuUgVMUiEUGv.v17.npz,data/local/semlex_citizen100_train_audit/raw/GIVE/TsSUFkyHxuUgVMUiEUGv.webm,TsSUFkyHxuUgVMUiEUGv,62,GIVE,GIVE,F_01_023,give,GIVE,GIVE|MORNING|STOP|WHAT|TELL,True,True,0.9436790943145752,False
data/local/semlex_citizen100_train_audit/landmarks_v17/GIVE/mxdYR30IhmvcYPsVK0s2.v17.npz,data/local/semlex_citizen100_train_audit/raw/GIVE/mxdYR30IhmvcYPsVK0s2.webm,mxdYR30IhmvcYPsVK0s2,7,GIVE,GIVE,F_01_023,give,GIVE,GIVE|TELL|WHAT|TOMORROW|EAT,True,True,0.45534011721611023,False
data/local/semlex_citizen100_train_audit/landmarks_v17/GIVE/oGQvXYhsbcBjsATbIjFR.v17.npz,data/local/semlex_citizen100_train_audit/raw/GIVE/oGQvXYhsbcBjsATbIjFR.webm,oGQvXYhsbcBjsATbIjFR,52,GIVE,GIVE,F_01_023,give,I,I|SORRY|HAVE|COME|WE,False,False,0.0004820963367819786,False
data/local/semlex_citizen100_train_audit/landmarks_v17/GIVE/yfm0yvjod61E6OIzTfOf.v17.npz,data/local/semlex_citizen100_train_audit/raw/GIVE/yfm0yvjod61E6OIzTfOf.webm,yfm0yvjod61E6OIzTfOf,30,GIVE,GIVE,F_01_023,give,GIVE,GIVE|TELL|WHAT|THEY|LIKE,True,True,0.6621140241622925,False
data/local/semlex_citizen100_train_audit/landmarks_v17/GO/7t0Zu53mdXlA6l2DRwIe.v17.npz,data/local/semlex_citizen100_train_audit/raw/GO/7t0Zu53mdXlA6l2DRwIe.webm,7t0Zu53mdXlA6l2DRwIe,88,GO,GO,C_03_056,go,WHERE,WHERE|ASK|HE|WHO|DIFFERENT,False,False,0.0019098387565463781,False
data/local/semlex_citizen100_train_audit/landmarks_v17/GO/QidVd44rr7mPudQvPQAz.v17.npz,data/local/semlex_citizen100_train_audit/raw/GO/QidVd44rr7mPudQvPQAz.webm,QidVd44rr7mPudQvPQAz,62,GO,GO,C_03_056,go,GO,GO|DIFFERENT|WHEN|ANSWER|WHERE,True,True,0.6139338612556458,False
data/local/semlex_citizen100_train_audit/landmarks_v17/GO/bXTBoSqBpS0jlwufHF3f.v17.npz,data/local/semlex_citizen100_train_audit/raw/GO/bXTBoSqBpS0jlwufHF3f.webm,bXTBoSqBpS0jlwufHF3f,49,GO,GO,C_03_056,go,GO,GO|DIFFERENT|ANSWER|TALK|FRIEND,True,True,0.6618546843528748,False
data/local/semlex_citizen100_train_audit/landmarks_v17/GO/cOSJNzwYhF2Y90oYNOAh.v17.npz,data/local/semlex_citizen100_train_audit/raw/GO/cOSJNzwYhF2Y90oYNOAh.webm,cOSJNzwYhF2Y90oYNOAh,84,GO,GO,C_03_056,go,ANSWER,ANSWER|GO|DIFFERENT|ASK|IMPORTANT,False,True,0.3099713623523712,False
data/local/semlex_citizen100_train_audit/landmarks_v17/GO/dptluE1Ds9OVAvwcz6IX.v17.npz,data/local/semlex_citizen100_train_audit/raw/GO/dptluE1Ds9OVAvwcz6IX.webm,dptluE1Ds9OVAvwcz6IX,17,GO,GO,C_03_056,go,GO,GO|ANSWER|WHEN|DIFFERENT|SIGN,True,True,0.5704843997955322,False
data/local/semlex_citizen100_train_audit/landmarks_v17/GO/gpA3tM6uP4ts5RcGb6GP.v17.npz,data/local/semlex_citizen100_train_audit/raw/GO/gpA3tM6uP4ts5RcGb6GP.webm,gpA3tM6uP4ts5RcGb6GP,46,GO,GO,C_03_056,go,ANSWER,ANSWER|GO|BIG|FATHER|IMPORTANT,False,True,0.07361654192209244,False
data/local/semlex_citizen100_train_audit/landmarks_v17/GO/kFH1i2y6NT8PEcktO0LZ.v17.npz,data/local/semlex_citizen100_train_audit/raw/GO/kFH1i2y6NT8PEcktO0LZ.webm,kFH1i2y6NT8PEcktO0LZ,38,GO,GO,C_03_056,go,ANSWER,ANSWER|GO|FRIEND|COLD|YESTERDAY,False,True,0.09986024349927902,False
data/local/semlex_citizen100_train_audit/landmarks_v17/GO/nG3klxAN9sjgkWyMNV1v.v17.npz,data/local/semlex_citizen100_train_audit/raw/GO/nG3klxAN9sjgkWyMNV1v.webm,nG3klxAN9sjgkWyMNV1v,42,GO,GO,C_03_056,go,WHEN,WHEN|DIFFERENT|WHAT|UNDERSTAND|BIG,False,False,0.013564936816692352,False
data/local/semlex_citizen100_train_audit/landmarks_v17/GO/vMrMGr3oNsxZ5cnrcxnv.v17.npz,data/local/semlex_citizen100_train_audit/raw/GO/vMrMGr3oNsxZ5cnrcxnv.webm,vMrMGr3oNsxZ5cnrcxnv,39,GO,GO,C_03_056,go,BIG,BIG|HE|ANGRY|CHILD|NEED,False,False,0.006356352940201759,False
data/local/semlex_citizen100_train_audit/landmarks_v17/GOOD/3vlAWocakAyzqIWv3aZc.v17.npz,data/local/semlex_citizen100_train_audit/raw/GOOD/3vlAWocakAyzqIWv3aZc.webm,3vlAWocakAyzqIWv3aZc,17,GOOD,GOOD,B_01_052,good,EASY,EASY|STOP|SCHOOL|GOOD|THANKYOU,False,True,0.12059501558542252,False
data/local/semlex_citizen100_train_audit/landmarks_v17/GOOD/4x0eEOZmpZBekr4iE6HG.v17.npz,data/local/semlex_citizen100_train_audit/raw/GOOD/4x0eEOZmpZBekr4iE6HG.webm,4x0eEOZmpZBekr4iE6HG,30,GOOD,GOOD,B_01_052,good,THANKYOU,THANKYOU|GOOD|STOP|GIVE|HOT,False,True,0.34668049216270447,False
data/local/semlex_citizen100_train_audit/landmarks_v17/GOOD/8Dv7ZOvaqFxKlTK3ucFE.v17.npz,data/local/semlex_citizen100_train_audit/raw/GOOD/8Dv7ZOvaqFxKlTK3ucFE.webm,8Dv7ZOvaqFxKlTK3ucFE,60,GOOD,GOOD,B_01_052,good,EASY,EASY|EXCITED|GOOD|HAPPY|WAIT,False,True,0.10934089124202728,False
data/local/semlex_citizen100_train_audit/landmarks_v17/GOOD/8WV7qTdPqqAEW3zRf4qC.v17.npz,data/local/semlex_citizen100_train_audit/raw/GOOD/8WV7qTdPqqAEW3zRf4qC.webm,8WV7qTdPqqAEW3zRf4qC,62,GOOD,GOOD,B_01_052,good,GOOD,GOOD|THANKYOU|HAPPY|BAD|HOT,True,True,0.579685389995575,False
data/local/semlex_citizen100_train_audit/landmarks_v17/GOOD/9YZXK5CuMhQ9XAWKin72.v17.npz,data/local/semlex_citizen100_train_audit/raw/GOOD/9YZXK5CuMhQ9XAWKin72.webm,9YZXK5CuMhQ9XAWKin72,76,GOOD,GOOD,B_01_052,good,THANKYOU,THANKYOU|EAT|GOOD|GIVE|SLEEP,False,True,0.10029192268848419,False
data/local/semlex_citizen100_train_audit/landmarks_v17/GOOD/AWLLmrwNlTvS1FXFmbnC.v17.npz,data/local/semlex_citizen100_train_audit/raw/GOOD/AWLLmrwNlTvS1FXFmbnC.webm,AWLLmrwNlTvS1FXFmbnC,80,GOOD,GOOD,B_01_052,good,THANKYOU,THANKYOU|GOOD|HAPPY|BAD|STOP,False,True,0.2408333271741867,False
data/local/semlex_citizen100_train_audit/landmarks_v17/GOOD/BOWlM4Kfxo7c40gtCVZJ.v17.npz,data/local/semlex_citizen100_train_audit/raw/GOOD/BOWlM4Kfxo7c40gtCVZJ.webm,BOWlM4Kfxo7c40gtCVZJ,38,GOOD,GOOD,B_01_052,good,HOT,HOT|WHY|THEY|THANKYOU|COME,False,False,0.05768691375851631,False
data/local/semlex_citizen100_train_audit/landmarks_v17/GOOD/FDx1SlbI9XjuT62CMxhv.v17.npz,data/local/semlex_citizen100_train_audit/raw/GOOD/FDx1SlbI9XjuT62CMxhv.webm,FDx1SlbI9XjuT62CMxhv,42,GOOD,GOOD,B_01_052,good,GOOD,GOOD|THANKYOU|EASY|STOP|HELP,True,True,0.353930801153183,False
data/local/semlex_citizen100_train_audit/landmarks_v17/GOOD/GXAgDjSPrfNPpQEDs4jC.v17.npz,data/local/semlex_citizen100_train_audit/raw/GOOD/GXAgDjSPrfNPpQEDs4jC.webm,GXAgDjSPrfNPpQEDs4jC,59,GOOD,GOOD,B_01_052,good,GOOD,GOOD|THANKYOU|STOP|HAPPY|BAD,True,True,0.4445718228816986,False
data/local/semlex_citizen100_train_audit/landmarks_v17/GOOD/HptqXxPDLplpSrpxMjCb.v17.npz,data/local/semlex_citizen100_train_audit/raw/GOOD/HptqXxPDLplpSrpxMjCb.webm,HptqXxPDLplpSrpxMjCb,12,GOOD,GOOD,B_01_052,good,GOOD,GOOD|THANKYOU|HAPPY|HOT|BAD,True,True,0.5498497486114502,False
data/local/semlex_citizen100_train_audit/landmarks_v17/GOOD/I445CEWkpxtRc0Hgeu9r.v17.npz,data/local/semlex_citizen100_train_audit/raw/GOOD/I445CEWkpxtRc0Hgeu9r.webm,I445CEWkpxtRc0Hgeu9r,85,GOOD,GOOD,B_01_052,good,GOOD,GOOD|THANKYOU|HOT|BAD|HAPPY,True,True,0.6977369785308838,False
data/local/semlex_citizen100_train_audit/landmarks_v17/GOOD/Q5TMrykRIApO51cyj23Q.v17.npz,data/local/semlex_citizen100_train_audit/raw/GOOD/Q5TMrykRIApO51cyj23Q.webm,Q5TMrykRIApO51cyj23Q,31,GOOD,GOOD,B_01_052,good,THANKYOU,THANKYOU|GOOD|HAPPY|EAT|BAD,False,True,0.45505958795547485,False
data/local/semlex_citizen100_train_audit/landmarks_v17/GOOD/X9hQ2496gTW7gcnLS5TD.v17.npz,data/local/semlex_citizen100_train_audit/raw/GOOD/X9hQ2496gTW7gcnLS5TD.webm,X9hQ2496gTW7gcnLS5TD,78,GOOD,GOOD,B_01_052,good,EASY,EASY|HELP|GOOD|THANKYOU|STOP,False,True,0.024678952991962433,False
data/local/semlex_citizen100_train_audit/landmarks_v17/GOOD/cst6tWJWiHSYYHZrNRdx.v17.npz,data/local/semlex_citizen100_train_audit/raw/GOOD/cst6tWJWiHSYYHZrNRdx.webm,cst6tWJWiHSYYHZrNRdx,54,GOOD,GOOD,B_01_052,good,HAPPY,HAPPY|GOOD|THANKYOU|MY|EASY,False,True,0.22341175377368927,False
data/local/semlex_citizen100_train_audit/landmarks_v17/GOOD/iRIFUQkxauu4sag4gfth.v17.npz,data/local/semlex_citizen100_train_audit/raw/GOOD/iRIFUQkxauu4sag4gfth.webm,iRIFUQkxauu4sag4gfth,39,GOOD,GOOD,B_01_052,good,THANKYOU,THANKYOU|GOOD|EAT|EASY|WAIT,False,True,0.12956884503364563,False
data/local/semlex_citizen100_train_audit/landmarks_v17/GOOD/kiSIs2tSUQo0RE5DAUpu.v17.npz,data/local/semlex_citizen100_train_audit/raw/GOOD/kiSIs2tSUQo0RE5DAUpu.webm,kiSIs2tSUQo0RE5DAUpu,46,GOOD,GOOD,B_01_052,good,THANKYOU,THANKYOU|GOOD|BAD|EAT|STOP,False,True,0.30605876445770264,False
data/local/semlex_citizen100_train_audit/landmarks_v17/GOOD/nXn6qtCHPEwVcjzsvhyr.v17.npz,data/local/semlex_citizen100_train_audit/raw/GOOD/nXn6qtCHPEwVcjzsvhyr.webm,nXn6qtCHPEwVcjzsvhyr,49,GOOD,GOOD,B_01_052,good,THANKYOU,THANKYOU|GOOD|EASY|EAT|BAD,False,True,0.08841047435998917,False
data/local/semlex_citizen100_train_audit/landmarks_v17/GOOD/t94CXH8RMHV3dLj170PF.v17.npz,data/local/semlex_citizen100_train_audit/raw/GOOD/t94CXH8RMHV3dLj170PF.webm,t94CXH8RMHV3dLj170PF,63,GOOD,GOOD,B_01_052,good,THANKYOU,THANKYOU|GOOD|EAT|HAPPY|COME,False,True,0.1656387895345688,False
data/local/semlex_citizen100_train_audit/landmarks_v17/GOOD/uKiRs8VGIA0NxXOZMAYS.v17.npz,data/local/semlex_citizen100_train_audit/raw/GOOD/uKiRs8VGIA0NxXOZMAYS.webm,uKiRs8VGIA0NxXOZMAYS,88,GOOD,GOOD,B_01_052,good,THANKYOU,THANKYOU|GOOD|HAPPY|STOP|EASY,False,True,0.25354981422424316,False
data/local/semlex_citizen100_train_audit/landmarks_v17/GOOD/ymZXvYwZfBhrt6wdS5VI.v17.npz,data/local/semlex_citizen100_train_audit/raw/GOOD/ymZXvYwZfBhrt6wdS5VI.webm,ymZXvYwZfBhrt6wdS5VI,11,GOOD,GOOD,B_01_052,good,THANKYOU,THANKYOU|GOOD|HAPPY|EASY|HELP,False,True,0.3013903498649597,False
data/local/semlex_citizen100_train_audit/landmarks_v17/GOOD/zQJGPziWwDn4c9GKOFaB.v17.npz,data/local/semlex_citizen100_train_audit/raw/GOOD/zQJGPziWwDn4c9GKOFaB.webm,zQJGPziWwDn4c9GKOFaB,84,GOOD,GOOD,B_01_052,good,GOOD,GOOD|BAD|HUNGRY|THANKYOU|HAPPY,True,True,0.475843220949173,False
data/local/semlex_citizen100_train_audit/landmarks_v17/GOODBYE/49mtYYfK3dhsSjjfTSfV.v17.npz,data/local/semlex_citizen100_train_audit/raw/GOODBYE/49mtYYfK3dhsSjjfTSfV.webm,49mtYYfK3dhsSjjfTSfV,60,GOODBYE,BYE,E_01_058,bye,BAD,BAD|TALK|GOOD|WOMAN|EAT,False,False,0.0002845611597876996,False
data/local/semlex_citizen100_train_audit/landmarks_v17/GOODBYE/VroqAm4kITmirquXUhii.v17.npz,data/local/semlex_citizen100_train_audit/raw/GOODBYE/VroqAm4kITmirquXUhii.webm,VroqAm4kITmirquXUhii,76,GOODBYE,BYE,E_01_058,bye,CHILD,CHILD|NO|GOODBYE|YES|NEED,False,True,0.16491065919399261,False
data/local/semlex_citizen100_train_audit/landmarks_v17/GOODBYE/ZDcAav7A1ES3aTXeUiOr.v17.npz,data/local/semlex_citizen100_train_audit/raw/GOODBYE/ZDcAav7A1ES3aTXeUiOr.webm,ZDcAav7A1ES3aTXeUiOr,11,GOODBYE,BYE,E_01_058,bye,GOODBYE,GOODBYE|CHILD|HOME|HEAR|YESTERDAY,True,True,0.47212153673171997,False
data/local/semlex_citizen100_train_audit/landmarks_v17/GOODBYE/bYjqMEU8avhk4MsYvQEZ.v17.npz,data/local/semlex_citizen100_train_audit/raw/GOODBYE/bYjqMEU8avhk4MsYvQEZ.webm,bYjqMEU8avhk4MsYvQEZ,39,GOODBYE,BYE,E_01_058,bye,HE,HE|CHILD|ANGRY|WANT|WHAT,False,False,0.017563069239258766,False
data/local/semlex_citizen100_train_audit/landmarks_v17/GOODBYE/qGWeRdrmPeh5Zw1U6Kht.v17.npz,data/local/semlex_citizen100_train_audit/raw/GOODBYE/qGWeRdrmPeh5Zw1U6Kht.webm,qGWeRdrmPeh5Zw1U6Kht,59,GOODBYE,BYE,E_01_058,bye,GOODBYE,GOODBYE|CHILD|NO|FIND|WHY,True,True,0.7014814019203186,False
data/local/semlex_citizen100_train_audit/landmarks_v17/GOODBYE/qlyLl2a4iTaGZcr3w29z.v17.npz,data/local/semlex_citizen100_train_audit/raw/GOODBYE/qlyLl2a4iTaGZcr3w29z.webm,qlyLl2a4iTaGZcr3w29z,84,GOODBYE,BYE,E_01_058,bye,GOODBYE,GOODBYE|CHILD|NO|HEAR|SAME,True,True,0.7778697609901428,False
data/local/semlex_citizen100_train_audit/landmarks_v17/GOODBYE/xfVo77cX8SUBvYB66f9X.v17.npz,data/local/semlex_citizen100_train_audit/raw/GOODBYE/xfVo77cX8SUBvYB66f9X.webm,xfVo77cX8SUBvYB66f9X,30,GOODBYE,BYE,E_01_058,bye,GOODBYE,GOODBYE|YOUR|FIND|HEAR|MOTHER,True,True,0.5759048461914062,False
data/local/semlex_citizen100_train_audit/landmarks_v17/HAPPY/6MLBjUitZpPAjgOQStct.v17.npz,data/local/semlex_citizen100_train_audit/raw/HAPPY/6MLBjUitZpPAjgOQStct.webm,6MLBjUitZpPAjgOQStct,31,HAPPY,HAPPY,C_03_078,happy,MY,MY|HAPPY|THANKYOU|GOOD|EASY,False,True,0.2465447634458542,False
data/local/semlex_citizen100_train_audit/landmarks_v17/HAPPY/7n1j4EcSQDVsUKvUnch1.v17.npz,data/local/semlex_citizen100_train_audit/raw/HAPPY/7n1j4EcSQDVsUKvUnch1.webm,7n1j4EcSQDVsUKvUnch1,62,HAPPY,HAPPY,C_03_078,happy,HAPPY,HAPPY|FEEL|MY|PLEASE|GOOD,True,True,0.8865277767181396,False
data/local/semlex_citizen100_train_audit/landmarks_v17/HAPPY/7oE1dvpOIUxClrjkxNx6.v17.npz,data/local/semlex_citizen100_train_audit/raw/HAPPY/7oE1dvpOIUxClrjkxNx6.webm,7oE1dvpOIUxClrjkxNx6,63,HAPPY,HAPPY,C_03_078,happy,HAPPY,HAPPY|GOOD|THANKYOU|MY|EASY,True,True,0.8670859932899475,False
data/local/semlex_citizen100_train_audit/landmarks_v17/HAPPY/9v6ZuV6uLOaPBZfNlDo4.v17.npz,data/local/semlex_citizen100_train_audit/raw/HAPPY/9v6ZuV6uLOaPBZfNlDo4.webm,9v6ZuV6uLOaPBZfNlDo4,54,HAPPY,HAPPY,C_03_078,happy,EASY,EASY|HAPPY|EXCITED|WAIT|ANGRY,False,True,0.1083977073431015,False
data/local/semlex_citizen100_train_audit/landmarks_v17/HAPPY/AxKIXJ4YFtXBR4wAaJ1X.v17.npz,data/local/semlex_citizen100_train_audit/raw/HAPPY/AxKIXJ4YFtXBR4wAaJ1X.webm,AxKIXJ4YFtXBR4wAaJ1X,85,HAPPY,HAPPY,C_03_078,happy,HAPPY,HAPPY|FEEL|PLEASE|MY|GOOD,True,True,0.657302737236023,False
data/local/semlex_citizen100_train_audit/landmarks_v17/HAPPY/BH6Pt8xOsGhEcGyIvzDY.v17.npz,data/local/semlex_citizen100_train_audit/raw/HAPPY/BH6Pt8xOsGhEcGyIvzDY.webm,BH6Pt8xOsGhEcGyIvzDY,88,HAPPY,HAPPY,C_03_078,happy,FEEL,FEEL|HAPPY|EXCITED|MAYBE|GOOD,False,True,0.20050451159477234,False
data/local/semlex_citizen100_train_audit/landmarks_v17/HAPPY/FiuXsGcIBoixJcjhzafY.v17.npz,data/local/semlex_citizen100_train_audit/raw/HAPPY/FiuXsGcIBoixJcjhzafY.webm,FiuXsGcIBoixJcjhzafY,78,HAPPY,HAPPY,C_03_078,happy,HAPPY,HAPPY|FEEL|GOOD|EASY|PLEASE,True,True,0.855743408203125,False
data/local/semlex_citizen100_train_audit/landmarks_v17/HAPPY/LmmvNn5gVQInr4puoiyE.v17.npz,data/local/semlex_citizen100_train_audit/raw/HAPPY/LmmvNn5gVQInr4puoiyE.webm,LmmvNn5gVQInr4puoiyE,7,HAPPY,HAPPY,C_03_078,happy,HAPPY,HAPPY|FEEL|LIKE|PLEASE|MY,True,True,0.508529543876648,False
data/local/semlex_citizen100_train_audit/landmarks_v17/HAPPY/NLNHzwDyaKAEl3Qz8bJW.v17.npz,data/local/semlex_citizen100_train_audit/raw/HAPPY/NLNHzwDyaKAEl3Qz8bJW.webm,NLNHzwDyaKAEl3Qz8bJW,8,HAPPY,HAPPY,C_03_078,happy,MY,MY|HAPPY|PLEASE|GOOD|FEEL,False,True,0.23395346105098724,False
data/local/semlex_citizen100_train_audit/landmarks_v17/HAPPY/O9rECIM8H4xGtOURGIVl.v17.npz,data/local/semlex_citizen100_train_audit/raw/HAPPY/O9rECIM8H4xGtOURGIVl.webm,O9rECIM8H4xGtOURGIVl,52,HAPPY,HAPPY,C_03_078,happy,HAPPY,HAPPY|FEEL|GOOD|PLEASE|EXCITED,True,True,0.6229373216629028,False
data/local/semlex_citizen100_train_audit/landmarks_v17/HAPPY/PLKvp17BkbxJKRhpfhBK.v17.npz,data/local/semlex_citizen100_train_audit/raw/HAPPY/PLKvp17BkbxJKRhpfhBK.webm,PLKvp17BkbxJKRhpfhBK,30,HAPPY,HAPPY,C_03_078,happy,SCHOOL,SCHOOL|EASY|HAPPY|MY|HELP,False,True,0.13025954365730286,False
data/local/semlex_citizen100_train_audit/landmarks_v17/HAPPY/PhERTv81aRjuRfkxR4fZ.v17.npz,data/local/semlex_citizen100_train_audit/raw/HAPPY/PhERTv81aRjuRfkxR4fZ.webm,PhERTv81aRjuRfkxR4fZ,49,HAPPY,HAPPY,C_03_078,happy,HAPPY,HAPPY|GOOD|THANKYOU|EASY|STOP,True,True,0.4841040372848511,False
data/local/semlex_citizen100_train_audit/landmarks_v17/HAPPY/RUMsNi5lUoYd8zUz06rA.v17.npz,data/local/semlex_citizen100_train_audit/raw/HAPPY/RUMsNi5lUoYd8zUz06rA.webm,RUMsNi5lUoYd8zUz06rA,84,HAPPY,HAPPY,C_03_078,happy,EASY,EASY|HAPPY|HOW|EXCITED|GOOD,False,True,0.19123519957065582,False
data/local/semlex_citizen100_train_audit/landmarks_v17/HAPPY/Sf3YSVxc9hlSADOH3iSy.v17.npz,data/local/semlex_citizen100_train_audit/raw/HAPPY/Sf3YSVxc9hlSADOH3iSy.webm,Sf3YSVxc9hlSADOH3iSy,46,HAPPY,HAPPY,C_03_078,happy,HAPPY,HAPPY|GOOD|MY|THANKYOU|EASY,True,True,0.8449478149414062,False
data/local/semlex_citizen100_train_audit/landmarks_v17/HAPPY/V6EXxY6lXPLHeYtKL2BH.v17.npz,data/local/semlex_citizen100_train_audit/raw/HAPPY/V6EXxY6lXPLHeYtKL2BH.webm,V6EXxY6lXPLHeYtKL2BH,80,HAPPY,HAPPY,C_03_078,happy,ANGRY,ANGRY|EASY|EXCITED|WHY|SICK,False,False,0.008294368162751198,False
data/local/semlex_citizen100_train_audit/landmarks_v17/HAPPY/VKwiZnuwIycdmYnGjg5m.v17.npz,data/local/semlex_citizen100_train_audit/raw/HAPPY/VKwiZnuwIycdmYnGjg5m.webm,VKwiZnuwIycdmYnGjg5m,11,HAPPY,HAPPY,C_03_078,happy,EASY,EASY|EXCITED|HAVE|ANGRY|HAPPY,False,True,0.024028319865465164,False
data/local/semlex_citizen100_train_audit/landmarks_v17/HAPPY/Xi8Lzr7YT4Ngt8dpLb3Y.v17.npz,data/local/semlex_citizen100_train_audit/raw/HAPPY/Xi8Lzr7YT4Ngt8dpLb3Y.webm,Xi8Lzr7YT4Ngt8dpLb3Y,39,HAPPY,HAPPY,C_03_078,happy,HAPPY,HAPPY|GOOD|EASY|BAD|THANKYOU,True,True,0.7255339622497559,False
data/local/semlex_citizen100_train_audit/landmarks_v17/HAPPY/aczICQwX9Ul8nnVhWAx0.v17.npz,data/local/semlex_citizen100_train_audit/raw/HAPPY/aczICQwX9Ul8nnVhWAx0.webm,aczICQwX9Ul8nnVhWAx0,23,HAPPY,HAPPY,C_03_078,happy,GOOD,GOOD|BAD|STOP|THANKYOU|HAPPY,False,True,0.050752341747283936,False
data/local/semlex_citizen100_train_audit/landmarks_v17/HAPPY/ffJnweGK8Lr8psm7TfPm.v17.npz,data/local/semlex_citizen100_train_audit/raw/HAPPY/ffJnweGK8Lr8psm7TfPm.webm,ffJnweGK8Lr8psm7TfPm,35,HAPPY,HAPPY,C_03_078,happy,HAPPY,HAPPY|GOOD|FEEL|EASY|THANKYOU,True,True,0.8986218571662903,False
data/local/semlex_citizen100_train_audit/landmarks_v17/HAPPY/hoKCQ4BOQa6FIYXh61MU.v17.npz,data/local/semlex_citizen100_train_audit/raw/HAPPY/hoKCQ4BOQa6FIYXh61MU.webm,hoKCQ4BOQa6FIYXh61MU,43,HAPPY,HAPPY,C_03_078,happy,EASY,EASY|EXCITED|HAPPY|HAVE|ANGRY,False,True,0.1168954074382782,False
data/local/semlex_citizen100_train_audit/landmarks_v17/HAPPY/orUdeQJzAnFYodV8p1hg.v17.npz,data/local/semlex_citizen100_train_audit/raw/HAPPY/orUdeQJzAnFYodV8p1hg.webm,orUdeQJzAnFYodV8p1hg,60,HAPPY,HAPPY,C_03_078,happy,HAPPY,HAPPY|MY|PLEASE|HUNGRY|GOOD,True,True,0.4551376402378082,False
data/local/semlex_citizen100_train_audit/landmarks_v17/HAPPY/xBEHjIsKfAGiJSAb1H3c.v17.npz,data/local/semlex_citizen100_train_audit/raw/HAPPY/xBEHjIsKfAGiJSAb1H3c.webm,xBEHjIsKfAGiJSAb1H3c,17,HAPPY,HAPPY,C_03_078,happy,EASY,EASY|HAPPY|EXCITED|WAIT|HAVE,False,True,0.18899880349636078,False
data/local/semlex_citizen100_train_audit/landmarks_v17/HAVE/4eO0nyGjYYCmXY8D3fLc.v17.npz,data/local/semlex_citizen100_train_audit/raw/HAVE/4eO0nyGjYYCmXY8D3fLc.webm,4eO0nyGjYYCmXY8D3fLc,14,HAVE,HAVE,B_03_057,have,ANGRY,ANGRY|HAVE|SIGN|EXCITED|NOW,False,True,0.14161108434200287,False
data/local/semlex_citizen100_train_audit/landmarks_v17/HAVE/7LKXq7Xvmjgmx0zXwQBL.v17.npz,data/local/semlex_citizen100_train_audit/raw/HAVE/7LKXq7Xvmjgmx0zXwQBL.webm,7LKXq7Xvmjgmx0zXwQBL,17,HAVE,HAVE,B_03_057,have,HAVE,HAVE|TIRED|I|TRY|EXCITED,True,True,0.9449383616447449,False
data/local/semlex_citizen100_train_audit/landmarks_v17/HAVE/AaR4xFWJn4PShGrnsUtA.v17.npz,data/local/semlex_citizen100_train_audit/raw/HAVE/AaR4xFWJn4PShGrnsUtA.webm,AaR4xFWJn4PShGrnsUtA,11,HAVE,HAVE,B_03_057,have,HAVE,HAVE|SIGN|TIRED|I|TRY,True,True,0.9248539209365845,False
data/local/semlex_citizen100_train_audit/landmarks_v17/HAVE/NJ6Lr91xxxKs3ozSVMwd.v17.npz,data/local/semlex_citizen100_train_audit/raw/HAVE/NJ6Lr91xxxKs3ozSVMwd.webm,NJ6Lr91xxxKs3ozSVMwd,15,HAVE,HAVE,B_03_057,have,HAVE,HAVE|TRY|SIGN|COME|I,True,True,0.9161791801452637,False
data/local/semlex_citizen100_train_audit/landmarks_v17/HAVE/PcOMrvOt5GEceTLw1hSY.v17.npz,data/local/semlex_citizen100_train_audit/raw/HAVE/PcOMrvOt5GEceTLw1hSY.webm,PcOMrvOt5GEceTLw1hSY,60,HAVE,HAVE,B_03_057,have,COME,COME|WE|EAT|TELL|THINK,False,False,0.006541621871292591,False
data/local/semlex_citizen100_train_audit/landmarks_v17/HAVE/SqOXxUolrGL0XjWy5hsg.v17.npz,data/local/semlex_citizen100_train_audit/raw/HAVE/SqOXxUolrGL0XjWy5hsg.webm,SqOXxUolrGL0XjWy5hsg,39,HAVE,HAVE,B_03_057,have,HE,HE|ANGRY|WHY|CHILD|WHAT,False,False,0.025556037202477455,False
data/local/semlex_citizen100_train_audit/landmarks_v17/HAVE/hgZAm2bQcRA9dDHR5RrM.v17.npz,data/local/semlex_citizen100_train_audit/raw/HAVE/hgZAm2bQcRA9dDHR5RrM.webm,hgZAm2bQcRA9dDHR5RrM,7,HAVE,HAVE,B_03_057,have,HAVE,HAVE|MAYBE|SIGN|I|TRY,True,True,0.885050356388092,False
data/local/semlex_citizen100_train_audit/landmarks_v17/HAVE/olsgGyJkcFuYAR4WmVo3.v17.npz,data/local/semlex_citizen100_train_audit/raw/HAVE/olsgGyJkcFuYAR4WmVo3.webm,olsgGyJkcFuYAR4WmVo3,88,HAVE,HAVE,B_03_057,have,HAVE,HAVE|TIRED|TRY|SIGN|I,True,True,0.9370890259742737,False
data/local/semlex_citizen100_train_audit/landmarks_v17/HAVE/xkxCiV7wa4En3ycsLqm8.v17.npz,data/local/semlex_citizen100_train_audit/raw/HAVE/xkxCiV7wa4En3ycsLqm8.webm,xkxCiV7wa4En3ycsLqm8,49,HAVE,HAVE,B_03_057,have,HAVE,HAVE|COME|EASY|HELP|TIRED,True,True,0.8436981439590454,False
data/local/semlex_citizen100_train_audit/landmarks_v17/HE/2iQS3ozfed9QHXD4dYe2.v17.npz,data/local/semlex_citizen100_train_audit/raw/HE/2iQS3ozfed9QHXD4dYe2.webm,2iQS3ozfed9QHXD4dYe2,8,HE,HE,F_02_044,he,HOSPITAL,HOSPITAL|WHO|THEY|MOTHER|WOMAN,False,False,0.0006536734872497618,False
data/local/semlex_citizen100_train_audit/landmarks_v17/HE/63Qrck5ksTLJ779iXLwh.v17.npz,data/local/semlex_citizen100_train_audit/raw/HE/63Qrck5ksTLJ779iXLwh.webm,63Qrck5ksTLJ779iXLwh,54,HE,HE,F_02_044,he,WHERE,WHERE|ASK|YOU|HE|THEY,False,True,0.1411818116903305,False
data/local/semlex_citizen100_train_audit/landmarks_v17/HEAR/0O0F0rG2piLWavrzD99K.v17.npz,data/local/semlex_citizen100_train_audit/raw/HEAR/0O0F0rG2piLWavrzD99K.webm,0O0F0rG2piLWavrzD99K,38,HEAR,HEAR2,J_02_006,hear_2,HEAR,HEAR|DRINK|GOODBYE|MAN|HELLO,True,True,0.15821000933647156,False
data/local/semlex_citizen100_train_audit/landmarks_v17/HEAR/GHin3yx3TzrtMHbAAN6J.v17.npz,data/local/semlex_citizen100_train_audit/raw/HEAR/GHin3yx3TzrtMHbAAN6J.webm,GHin3yx3TzrtMHbAAN6J,35,HEAR,HEAR2,J_02_006,hear_2,HEAR,HEAR|GOODBYE|HELLO|MOTHER|FATHER,True,True,0.7625243067741394,False
data/local/semlex_citizen100_train_audit/landmarks_v17/HEAR/NylIc7f1jyBYAbOqHuBo.v17.npz,data/local/semlex_citizen100_train_audit/raw/HEAR/NylIc7f1jyBYAbOqHuBo.webm,NylIc7f1jyBYAbOqHuBo,39,HEAR,HEAR2,J_02_006,hear_2,ANGRY,ANGRY|CHILD|HE|WHY|GOODBYE,False,False,0.02509940229356289,False
data/local/semlex_citizen100_train_audit/landmarks_v17/HEAR/PI7ofUVdOk2rLJegkwbl.v17.npz,data/local/semlex_citizen100_train_audit/raw/HEAR/PI7ofUVdOk2rLJegkwbl.webm,PI7ofUVdOk2rLJegkwbl,14,HEAR,HEAR2,J_02_006,hear_2,HEAR,HEAR|GOODBYE|HELLO|SMALL|KNOW,True,True,0.7357508540153503,False
data/local/semlex_citizen100_train_audit/landmarks_v17/HEAR/T24jIHMPwk9STAIdWpHI.v17.npz,data/local/semlex_citizen100_train_audit/raw/HEAR/T24jIHMPwk9STAIdWpHI.webm,T24jIHMPwk9STAIdWpHI,52,HEAR,HEAR2,J_02_006,hear_2,HEAR,HEAR|FATHER|HELLO|LISTEN|YESTERDAY,True,True,0.7065639495849609,False
data/local/semlex_citizen100_train_audit/landmarks_v17/HEAR/e4B59zLH5Q3c4cWnHjsI.v17.npz,data/local/semlex_citizen100_train_audit/raw/HEAR/e4B59zLH5Q3c4cWnHjsI.webm,e4B59zLH5Q3c4cWnHjsI,43,HEAR,HEAR2,J_02_006,hear_2,HEAR,HEAR|GOODBYE|MOTHER|LISTEN|FATHER,True,True,0.9152020812034607,False
data/local/semlex_citizen100_train_audit/landmarks_v17/HEAR/fZSMmWKvxYkWbrciaeCy.v17.npz,data/local/semlex_citizen100_train_audit/raw/HEAR/fZSMmWKvxYkWbrciaeCy.webm,fZSMmWKvxYkWbrciaeCy,30,HEAR,HEAR2,J_02_006,hear_2,HEAR,HEAR|GOODBYE|MOTHER|HELLO|LISTEN,True,True,0.636085033416748,False
data/local/semlex_citizen100_train_audit/landmarks_v17/HEAR/jiTS4OAkohZM4hQzK4C1.v17.npz,data/local/semlex_citizen100_train_audit/raw/HEAR/jiTS4OAkohZM4hQzK4C1.webm,jiTS4OAkohZM4hQzK4C1,49,HEAR,HEAR2,J_02_006,hear_2,GOODBYE,GOODBYE|HEAR|HELLO|CHILD|FIND,False,True,0.05375455692410469,False
data/local/semlex_citizen100_train_audit/landmarks_v17/HELLO/0DT3hHArfzSirxzNHm3O.v17.npz,data/local/semlex_citizen100_train_audit/raw/HELLO/0DT3hHArfzSirxzNHm3O.webm,0DT3hHArfzSirxzNHm3O,85,HELLO,HELLO,D_02_055,hello,HELLO,HELLO|HEAR|FATHER|MOTHER|LISTEN,True,True,0.6223433613777161,False
data/local/semlex_citizen100_train_audit/landmarks_v17/HELLO/3HpGsCuuqbvjzPcPz8tj.v17.npz,data/local/semlex_citizen100_train_audit/raw/HELLO/3HpGsCuuqbvjzPcPz8tj.webm,3HpGsCuuqbvjzPcPz8tj,30,HELLO,HELLO,D_02_055,hello,HELLO,HELLO|HEAR|GOODBYE|WHY|STOP,True,True,0.9143533706665039,False
data/local/semlex_citizen100_train_audit/landmarks_v17/HELLO/DY2nzYW7r9ThwltF1ueP.v17.npz,data/local/semlex_citizen100_train_audit/raw/HELLO/DY2nzYW7r9ThwltF1ueP.webm,DY2nzYW7r9ThwltF1ueP,35,HELLO,HELLO,D_02_055,hello,HELLO,HELLO|WHY|KNOW|FATHER|HEAR,True,True,0.9373324513435364,False
data/local/semlex_citizen100_train_audit/landmarks_v17/HELLO/GKFJaSL0B61G3V73ncED.v17.npz,data/local/semlex_citizen100_train_audit/raw/HELLO/GKFJaSL0B61G3V73ncED.webm,GKFJaSL0B61G3V73ncED,88,HELLO,HELLO,D_02_055,hello,HELLO,HELLO|HEAR|WHY|GOODBYE|MOTHER,True,True,0.4461490511894226,False
data/local/semlex_citizen100_train_audit/landmarks_v17/HELLO/GQUCIBKsBIDMxLNj8oOf.v17.npz,data/local/semlex_citizen100_train_audit/raw/HELLO/GQUCIBKsBIDMxLNj8oOf.webm,GQUCIBKsBIDMxLNj8oOf,84,HELLO,HELLO,D_02_055,hello,HELLO,HELLO|DRINK|HEAR|KNOW|GOODBYE,True,True,0.6043531894683838,False
data/local/semlex_citizen100_train_audit/landmarks_v17/HELLO/IzKSguy9GSu3HoKUkBSr.v17.npz,data/local/semlex_citizen100_train_audit/raw/HELLO/IzKSguy9GSu3HoKUkBSr.webm,IzKSguy9GSu3HoKUkBSr,7,HELLO,HELLO,D_02_055,hello,GOODBYE,GOODBYE|HELLO|WHY|HEAR|CHILD,False,True,0.08767847716808319,False
data/local/semlex_citizen100_train_audit/landmarks_v17/HELLO/UFCHaCrE9f36t2wfDs3P.v17.npz,data/local/semlex_citizen100_train_audit/raw/HELLO/UFCHaCrE9f36t2wfDs3P.webm,UFCHaCrE9f36t2wfDs3P,23,HELLO,HELLO,D_02_055,hello,SMALL,SMALL|HELLO|FAMILY|IMPORTANT|READY,False,True,0.12860643863677979,False
data/local/semlex_citizen100_train_audit/landmarks_v17/HELLO/VXl7TwFX7fgSHxjiruw5.v17.npz,data/local/semlex_citizen100_train_audit/raw/HELLO/VXl7TwFX7fgSHxjiruw5.webm,VXl7TwFX7fgSHxjiruw5,42,HELLO,HELLO,D_02_055,hello,KNOW,KNOW|HELLO|WHY|HOME|STOP,False,True,0.18416520953178406,False
data/local/semlex_citizen100_train_audit/landmarks_v17/HELLO/ZPtKy9INK62KBvNBiyF5.v17.npz,data/local/semlex_citizen100_train_audit/raw/HELLO/ZPtKy9INK62KBvNBiyF5.webm,ZPtKy9INK62KBvNBiyF5,17,HELLO,HELLO,D_02_055,hello,WHY,WHY|HELLO|KNOW|FIND|STOP,False,True,0.3360278904438019,False
data/local/semlex_citizen100_train_audit/landmarks_v17/HELLO/bpawppjZgY98QgbHulfy.v17.npz,data/local/semlex_citizen100_train_audit/raw/HELLO/bpawppjZgY98QgbHulfy.webm,bpawppjZgY98QgbHulfy,31,HELLO,HELLO,D_02_055,hello,HELLO,HELLO|HEAR|GOODBYE|MOTHER|WHY,True,True,0.8486040234565735,False
data/local/semlex_citizen100_train_audit/landmarks_v17/HELLO/sCo4xTXtjoODGF3ELN1y.v17.npz,data/local/semlex_citizen100_train_audit/raw/HELLO/sCo4xTXtjoODGF3ELN1y.webm,sCo4xTXtjoODGF3ELN1y,59,HELLO,HELLO,D_02_055,hello,HELLO,HELLO|WHY|GOODBYE|HEAR|FIND,True,True,0.6099453568458557,False
data/local/semlex_citizen100_train_audit/landmarks_v17/HELLO/wSq2XGi5KDZfS6xAvOeo.v17.npz,data/local/semlex_citizen100_train_audit/raw/HELLO/wSq2XGi5KDZfS6xAvOeo.webm,wSq2XGi5KDZfS6xAvOeo,54,HELLO,HELLO,D_02_055,hello,WHY,WHY|GIVE|HOME|EAT|WHAT,False,False,0.001924749929457903,False
data/local/semlex_citizen100_train_audit/landmarks_v17/HELP/6T5UMdycwdcnO2WSsbjW.v17.npz,data/local/semlex_citizen100_train_audit/raw/HELP/6T5UMdycwdcnO2WSsbjW.webm,6T5UMdycwdcnO2WSsbjW,14,HELP,HELP,D_01_042,help,HELP,HELP|EASY|LOVE|THANKYOU|STOP,True,True,0.8904472589492798,False
data/local/semlex_citizen100_train_audit/landmarks_v17/HELP/6o5K5iz6FTXvlvp5W76O.v17.npz,data/local/semlex_citizen100_train_audit/raw/HELP/6o5K5iz6FTXvlvp5W76O.webm,6o5K5iz6FTXvlvp5W76O,88,HELP,HELP,D_01_042,help,LIKE,LIKE|FEEL|YOU|HUNGRY|SCHOOL,False,False,0.0026691777165979147,False
data/local/semlex_citizen100_train_audit/landmarks_v17/HELP/DbcqZ5aCHWq07ETNXYOU.v17.npz,data/local/semlex_citizen100_train_audit/raw/HELP/DbcqZ5aCHWq07ETNXYOU.webm,DbcqZ5aCHWq07ETNXYOU,8,HELP,HELP,D_01_042,help,HELP,HELP|FEEL|HAVE|MAYBE|HAPPY,True,True,0.6320130228996277,False
data/local/semlex_citizen100_train_audit/landmarks_v17/HELP/Ll6NtWmmPMb5YeSKxuWR.v17.npz,data/local/semlex_citizen100_train_audit/raw/HELP/Ll6NtWmmPMb5YeSKxuWR.webm,Ll6NtWmmPMb5YeSKxuWR,39,HELP,HELP,D_01_042,help,HUNGRY,HUNGRY|GIVE|SCHOOL|STOP|GOOD,False,False,0.01679096557199955,False
data/local/semlex_citizen100_train_audit/landmarks_v17/HELP/MmyVM07txZCOBpf9OGin.v17.npz,data/local/semlex_citizen100_train_audit/raw/HELP/MmyVM07txZCOBpf9OGin.webm,MmyVM07txZCOBpf9OGin,30,HELP,HELP,D_01_042,help,HELP,HELP|THANKYOU|GOOD|STOP|FEEL,True,True,0.9214064478874207,False
data/local/semlex_citizen100_train_audit/landmarks_v17/HELP/O5wC1XLQ8sYypDIugRuD.v17.npz,data/local/semlex_citizen100_train_audit/raw/HELP/O5wC1XLQ8sYypDIugRuD.webm,O5wC1XLQ8sYypDIugRuD,78,HELP,HELP,D_01_042,help,HELP,HELP|SCHOOL|GOOD|EASY|STOP,True,True,0.40312886238098145,False
data/local/semlex_citizen100_train_audit/landmarks_v17/HELP/O7oHmXYZssmkDbwlvICa.v17.npz,data/local/semlex_citizen100_train_audit/raw/HELP/O7oHmXYZssmkDbwlvICa.webm,O7oHmXYZssmkDbwlvICa,62,HELP,HELP,D_01_042,help,HELP,HELP|EASY|STOP|SCHOOL|HOW,True,True,0.9188812971115112,False
data/local/semlex_citizen100_train_audit/landmarks_v17/HELP/RVkpNeace6Yk3G7qzurq.v17.npz,data/local/semlex_citizen100_train_audit/raw/HELP/RVkpNeace6Yk3G7qzurq.webm,RVkpNeace6Yk3G7qzurq,15,HELP,HELP,D_01_042,help,HELP,HELP|SCHOOL|STOP|YEAR|GOOD,True,True,0.8903536200523376,False
data/local/semlex_citizen100_train_audit/landmarks_v17/HELP/SafcJrLiGY3g4NzhB3V9.v17.npz,data/local/semlex_citizen100_train_audit/raw/HELP/SafcJrLiGY3g4NzhB3V9.webm,SafcJrLiGY3g4NzhB3V9,35,HELP,HELP,D_01_042,help,HELP,HELP|FEEL|HAPPY|HOW|GOOD,True,True,0.5163668394088745,False
data/local/semlex_citizen100_train_audit/landmarks_v17/HELP/TGd3NmlOPedtoAXG03WR.v17.npz,data/local/semlex_citizen100_train_audit/raw/HELP/TGd3NmlOPedtoAXG03WR.webm,TGd3NmlOPedtoAXG03WR,85,HELP,HELP,D_01_042,help,HELP,HELP|SCHOOL|GOOD|WEEK|STOP,True,True,0.5165165662765503,False
data/local/semlex_citizen100_train_audit/landmarks_v17/HELP/aPINYor1ML9xB9YLS074.v17.npz,data/local/semlex_citizen100_train_audit/raw/HELP/aPINYor1ML9xB9YLS074.webm,aPINYor1ML9xB9YLS074,12,HELP,HELP,D_01_042,help,HELP,HELP|EASY|THANKYOU|STOP|GOOD,True,True,0.865028440952301,False
data/local/semlex_citizen100_train_audit/landmarks_v17/HELP/cUwgTVWenAFGOoFnP6HM.v17.npz,data/local/semlex_citizen100_train_audit/raw/HELP/cUwgTVWenAFGOoFnP6HM.webm,cUwgTVWenAFGOoFnP6HM,31,HELP,HELP,D_01_042,help,HELP,HELP|EASY|STOP|THANKYOU|GOOD,True,True,0.9085320234298706,False
data/local/semlex_citizen100_train_audit/landmarks_v17/HELP/eo3cVu4TncdwBqkgaQs3.v17.npz,data/local/semlex_citizen100_train_audit/raw/HELP/eo3cVu4TncdwBqkgaQs3.webm,eo3cVu4TncdwBqkgaQs3,46,HELP,HELP,D_01_042,help,HELP,HELP|LOVE|THANKYOU|GOOD|EASY,True,True,0.923438310623169,False
data/local/semlex_citizen100_train_audit/landmarks_v17/HELP/g9qxWssWiMpv0GYP8iAX.v17.npz,data/local/semlex_citizen100_train_audit/raw/HELP/g9qxWssWiMpv0GYP8iAX.webm,g9qxWssWiMpv0GYP8iAX,42,HELP,HELP,D_01_042,help,HELP,HELP|WEEK|SCHOOL|GOOD|STOP,True,True,0.8501006364822388,False
data/local/semlex_citizen100_train_audit/landmarks_v17/HELP/iDhNsBkDO6obqecxq2Mm.v17.npz,data/local/semlex_citizen100_train_audit/raw/HELP/iDhNsBkDO6obqecxq2Mm.webm,iDhNsBkDO6obqecxq2Mm,7,HELP,HELP,D_01_042,help,HELP,HELP|LOVE|HOW|TIRED|MAKE,True,True,0.32616081833839417,False
data/local/semlex_citizen100_train_audit/landmarks_v17/HELP/n4kNoWOEXHeU2SBRHNMe.v17.npz,data/local/semlex_citizen100_train_audit/raw/HELP/n4kNoWOEXHeU2SBRHNMe.webm,n4kNoWOEXHeU2SBRHNMe,60,HELP,HELP,D_01_042,help,HOW,HOW|HELP|EASY|THANKYOU|HAVE,False,True,0.32641181349754333,False
data/local/semlex_citizen100_train_audit/landmarks_v17/HELP/olQ1jPKw7j59lt7LtjAW.v17.npz,data/local/semlex_citizen100_train_audit/raw/HELP/olQ1jPKw7j59lt7LtjAW.webm,olQ1jPKw7j59lt7LtjAW,17,HELP,HELP,D_01_042,help,HELP,HELP|WRITE|LEARN|WEEK|EASY,True,True,0.22275416553020477,False
data/local/semlex_citizen100_train_audit/landmarks_v17/HELP/pgpQVYmTqCn8R7CvB4tk.v17.npz,data/local/semlex_citizen100_train_audit/raw/HELP/pgpQVYmTqCn8R7CvB4tk.webm,pgpQVYmTqCn8R7CvB4tk,74,HELP,HELP,D_01_042,help,HELP,HELP|YEAR|TOMORROW|GOOD|LOVE,True,True,0.820598304271698,False
data/local/semlex_citizen100_train_audit/landmarks_v17/HELP/pjxlnXnrVDbGyVRLOwOf.v17.npz,data/local/semlex_citizen100_train_audit/raw/HELP/pjxlnXnrVDbGyVRLOwOf.webm,pjxlnXnrVDbGyVRLOwOf,52,HELP,HELP,D_01_042,help,HELP,HELP|EASY|THANKYOU|COME|STOP,True,True,0.7969512343406677,False
data/local/semlex_citizen100_train_audit/landmarks_v17/HELP/r3YVSk8GN9Ot0W56yWPX.v17.npz,data/local/semlex_citizen100_train_audit/raw/HELP/r3YVSk8GN9Ot0W56yWPX.webm,r3YVSk8GN9Ot0W56yWPX,49,HELP,HELP,D_01_042,help,HELP,HELP|LOVE|SCHOOL|WEEK|YEAR,True,True,0.8799880146980286,False
data/local/semlex_citizen100_train_audit/landmarks_v17/HELP/tCdOyEif4nqaYc4GKHpj.v17.npz,data/local/semlex_citizen100_train_audit/raw/HELP/tCdOyEif4nqaYc4GKHpj.webm,tCdOyEif4nqaYc4GKHpj,59,HELP,HELP,D_01_042,help,HELP,HELP|EASY|HOW|HAVE|HAPPY,True,True,0.4273344576358795,False
data/local/semlex_citizen100_train_audit/landmarks_v17/HELP/zfgfaJuGjRfNSLZJEOKl.v17.npz,data/local/semlex_citizen100_train_audit/raw/HELP/zfgfaJuGjRfNSLZJEOKl.webm,zfgfaJuGjRfNSLZJEOKl,84,HELP,HELP,D_01_042,help,HELP,HELP|FEEL|HOW|SORRY|PLEASE,True,True,0.8880906105041504,False
data/local/semlex_citizen100_train_audit/landmarks_v17/HOME/6CKFAQKNW7PVAaKAisCk.v17.npz,data/local/semlex_citizen100_train_audit/raw/HOME/6CKFAQKNW7PVAaKAisCk.webm,6CKFAQKNW7PVAaKAisCk,17,HOME,HOME,B_03_063,home,HOME,HOME|KNOW|EAT|MORE|WHY,True,True,0.9206799864768982,False
data/local/semlex_citizen100_train_audit/landmarks_v17/HOME/9DIS8RxliJrYTWQpXQJh.v17.npz,data/local/semlex_citizen100_train_audit/raw/HOME/9DIS8RxliJrYTWQpXQJh.webm,9DIS8RxliJrYTWQpXQJh,84,HOME,HOME,B_03_063,home,HOME,HOME|EAT|GIVE|KNOW|CHILD,True,True,0.808732807636261,False
data/local/semlex_citizen100_train_audit/landmarks_v17/HOME/9gH8WZi2H4mtDixUR1ij.v17.npz,data/local/semlex_citizen100_train_audit/raw/HOME/9gH8WZi2H4mtDixUR1ij.webm,9gH8WZi2H4mtDixUR1ij,59,HOME,HOME,B_03_063,home,HOME,HOME|YESTERDAY|GOODBYE|HEAR|CHILD,True,True,0.47650712728500366,False
data/local/semlex_citizen100_train_audit/landmarks_v17/HOME/EWYTnIsWEG4busjbePyr.v17.npz,data/local/semlex_citizen100_train_audit/raw/HOME/EWYTnIsWEG4busjbePyr.webm,EWYTnIsWEG4busjbePyr,11,HOME,HOME,B_03_063,home,HOME,HOME|KNOW|MORE|YESTERDAY|COLD,True,True,0.8727259635925293,False
data/local/semlex_citizen100_train_audit/landmarks_v17/HOME/GUFPqiLhAmXPbg6bhDyh.v17.npz,data/local/semlex_citizen100_train_audit/raw/HOME/GUFPqiLhAmXPbg6bhDyh.webm,GUFPqiLhAmXPbg6bhDyh,49,HOME,HOME,B_03_063,home,HOME,HOME|YESTERDAY|KNOW|COME|HEAR,True,True,0.6520394682884216,False
data/local/semlex_citizen100_train_audit/landmarks_v17/HOME/I9bR5f6h9J3ixvl8wTQk.v17.npz,data/local/semlex_citizen100_train_audit/raw/HOME/I9bR5f6h9J3ixvl8wTQk.webm,I9bR5f6h9J3ixvl8wTQk,35,HOME,HOME,B_03_063,home,HOME,HOME|EAT|GIVE|MORE|COME,True,True,0.7750252485275269,False
data/local/semlex_citizen100_train_audit/landmarks_v17/HOME/JQ55ztvyMcdrvhwCOK2y.v17.npz,data/local/semlex_citizen100_train_audit/raw/HOME/JQ55ztvyMcdrvhwCOK2y.webm,JQ55ztvyMcdrvhwCOK2y,88,HOME,HOME,B_03_063,home,HOME,HOME|KNOW|MORE|EAT|CHILD,True,True,0.9202944040298462,False
data/local/semlex_citizen100_train_audit/landmarks_v17/HOME/MWnur12b5hHVeZMRZCGJ.v17.npz,data/local/semlex_citizen100_train_audit/raw/HOME/MWnur12b5hHVeZMRZCGJ.webm,MWnur12b5hHVeZMRZCGJ,8,HOME,HOME,B_03_063,home,HOME,HOME|EAT|DRINK|GIVE|KNOW,True,True,0.8922052383422852,False
data/local/semlex_citizen100_train_audit/landmarks_v17/HOME/Nsu9pH56X17xNRWm5ZBt.v17.npz,data/local/semlex_citizen100_train_audit/raw/HOME/Nsu9pH56X17xNRWm5ZBt.webm,Nsu9pH56X17xNRWm5ZBt,38,HOME,HOME,B_03_063,home,HOME,HOME|KNOW|THINK|EAT|YESTERDAY,True,True,0.7791026830673218,False
data/local/semlex_citizen100_train_audit/landmarks_v17/HOME/UQ2pCsios8MRt9mIv8iq.v17.npz,data/local/semlex_citizen100_train_audit/raw/HOME/UQ2pCsios8MRt9mIv8iq.webm,UQ2pCsios8MRt9mIv8iq,14,HOME,HOME,B_03_063,home,HOME,HOME|KNOW|EAT|WHY|COME,True,True,0.5967240929603577,False
data/local/semlex_citizen100_train_audit/landmarks_v17/HOME/d2CjihL2l5kbVpdQzUdy.v17.npz,data/local/semlex_citizen100_train_audit/raw/HOME/d2CjihL2l5kbVpdQzUdy.webm,d2CjihL2l5kbVpdQzUdy,85,HOME,HOME,B_03_063,home,HOME,HOME|DRINK|EAT|KNOW|MORE,True,True,0.9412119388580322,False
data/local/semlex_citizen100_train_audit/landmarks_v17/HOME/dKGDzS0ZOw6EWdvOe43a.v17.npz,data/local/semlex_citizen100_train_audit/raw/HOME/dKGDzS0ZOw6EWdvOe43a.webm,dKGDzS0ZOw6EWdvOe43a,7,HOME,HOME,B_03_063,home,HOME,HOME|MORE|CHILD|KNOW|LISTEN,True,True,0.8339083790779114,False
data/local/semlex_citizen100_train_audit/landmarks_v17/HOME/hgmtxzFfpHACsQ8LUgPg.v17.npz,data/local/semlex_citizen100_train_audit/raw/HOME/hgmtxzFfpHACsQ8LUgPg.webm,hgmtxzFfpHACsQ8LUgPg,63,HOME,HOME,B_03_063,home,HOME,HOME|EAT|KNOW|MORE|YESTERDAY,True,True,0.9108561277389526,False
data/local/semlex_citizen100_train_audit/landmarks_v17/HOME/qwF4hKKnyKwpyOsQp6IE.v17.npz,data/local/semlex_citizen100_train_audit/raw/HOME/qwF4hKKnyKwpyOsQp6IE.webm,qwF4hKKnyKwpyOsQp6IE,12,HOME,HOME,B_03_063,home,HOME,HOME|EAT|GIVE|MORNING|COME,True,True,0.5552499890327454,False
data/local/semlex_citizen100_train_audit/landmarks_v17/HOME/vcKHaijYH3EYRL2oSAQF.v17.npz,data/local/semlex_citizen100_train_audit/raw/HOME/vcKHaijYH3EYRL2oSAQF.webm,vcKHaijYH3EYRL2oSAQF,46,HOME,HOME,B_03_063,home,HOME,HOME|KNOW|MORE|YESTERDAY|MAN,True,True,0.9391737580299377,False
data/local/semlex_citizen100_train_audit/landmarks_v17/HOME/xVG5w3ATqlMWBIIsYsTO.v17.npz,data/local/semlex_citizen100_train_audit/raw/HOME/xVG5w3ATqlMWBIIsYsTO.webm,xVG5w3ATqlMWBIIsYsTO,42,HOME,HOME,B_03_063,home,HOME,HOME|KNOW|YESTERDAY|CHILD|MORE,True,True,0.9581601619720459,False
data/local/semlex_citizen100_train_audit/landmarks_v17/HOME/z7uSaLbkMwTzXlTwWfuF.v17.npz,data/local/semlex_citizen100_train_audit/raw/HOME/z7uSaLbkMwTzXlTwWfuF.webm,z7uSaLbkMwTzXlTwWfuF,62,HOME,HOME,B_03_063,home,HOME,HOME|KNOW|WHY|MORE|HELLO,True,True,0.765580952167511,False
data/local/semlex_citizen100_train_audit/landmarks_v17/HOME/zUMq0sXeGNINoRSQjykM.v17.npz,data/local/semlex_citizen100_train_audit/raw/HOME/zUMq0sXeGNINoRSQjykM.webm,zUMq0sXeGNINoRSQjykM,80,HOME,HOME,B_03_063,home,HOME,HOME|KNOW|DRINK|SLEEP|MAN,True,True,0.8885983824729919,False
data/local/semlex_citizen100_train_audit/landmarks_v17/HOME/ze3qOOqSTyHbWCrpxFIB.v17.npz,data/local/semlex_citizen100_train_audit/raw/HOME/ze3qOOqSTyHbWCrpxFIB.webm,ze3qOOqSTyHbWCrpxFIB,23,HOME,HOME,B_03_063,home,HOME,HOME|YESTERDAY|CHILD|KNOW|HEAR,True,True,0.775438129901886,False
data/local/semlex_citizen100_train_audit/landmarks_v17/HOSPITAL/4GBNyqYCuwQm6eYvDHYt.v17.npz,data/local/semlex_citizen100_train_audit/raw/HOSPITAL/4GBNyqYCuwQm6eYvDHYt.webm,4GBNyqYCuwQm6eYvDHYt,30,HOSPITAL,HOSPITAL1,B_02_026,hospital,HOSPITAL,HOSPITAL|MY|LOVE|THEY|LIKE,True,True,0.576271653175354,False
data/local/semlex_citizen100_train_audit/landmarks_v17/HOSPITAL/7O9IY2xcIXbuhibeoMfH.v17.npz,data/local/semlex_citizen100_train_audit/raw/HOSPITAL/7O9IY2xcIXbuhibeoMfH.webm,7O9IY2xcIXbuhibeoMfH,46,HOSPITAL,HOSPITAL1,B_02_026,hospital,HOSPITAL,HOSPITAL|WE|WOMAN|WHO|LOVE,True,True,0.9554422497749329,False
data/local/semlex_citizen100_train_audit/landmarks_v17/HOSPITAL/DbecdLem6r1Lhziq8Do3.v17.npz,data/local/semlex_citizen100_train_audit/raw/HOSPITAL/DbecdLem6r1Lhziq8Do3.webm,DbecdLem6r1Lhziq8Do3,17,HOSPITAL,HOSPITAL1,B_02_026,hospital,HOSPITAL,HOSPITAL|WOMAN|WE|HUNGRY|SLEEP,True,True,0.6580851674079895,False
data/local/semlex_citizen100_train_audit/landmarks_v17/HOSPITAL/EMDUGd29VLCryKssGok3.v17.npz,data/local/semlex_citizen100_train_audit/raw/HOSPITAL/EMDUGd29VLCryKssGok3.webm,EMDUGd29VLCryKssGok3,35,HOSPITAL,HOSPITAL1,B_02_026,hospital,SORRY,SORRY|WE|PLEASE|COME|TOMORROW,False,False,0.0024341465905308723,False
data/local/semlex_citizen100_train_audit/landmarks_v17/HOSPITAL/HEK559vwPXLwu0TfHRM5.v17.npz,data/local/semlex_citizen100_train_audit/raw/HOSPITAL/HEK559vwPXLwu0TfHRM5.webm,HEK559vwPXLwu0TfHRM5,62,HOSPITAL,HOSPITAL1,B_02_026,hospital,HOSPITAL,HOSPITAL|WHO|HUNGRY|WATER|HOT,True,True,0.8537847995758057,False
data/local/semlex_citizen100_train_audit/landmarks_v17/HOSPITAL/KQdK3UZqZkm92qxNxzoT.v17.npz,data/local/semlex_citizen100_train_audit/raw/HOSPITAL/KQdK3UZqZkm92qxNxzoT.webm,KQdK3UZqZkm92qxNxzoT,49,HOSPITAL,HOSPITAL1,B_02_026,hospital,DAY,DAY|WE|NIGHT|WOMAN|USE,False,False,0.03594968095421791,False
data/local/semlex_citizen100_train_audit/landmarks_v17/HOSPITAL/TylbIHMHAPm0cBeuAhZK.v17.npz,data/local/semlex_citizen100_train_audit/raw/HOSPITAL/TylbIHMHAPm0cBeuAhZK.webm,TylbIHMHAPm0cBeuAhZK,59,HOSPITAL,HOSPITAL1,B_02_026,hospital,HOSPITAL,HOSPITAL|WE|USE|LIKE|WATER,True,True,0.7494977116584778,False
data/local/semlex_citizen100_train_audit/landmarks_v17/HOSPITAL/VVZNv4HFkv4EAoYYuC6n.v17.npz,data/local/semlex_citizen100_train_audit/raw/HOSPITAL/VVZNv4HFkv4EAoYYuC6n.webm,VVZNv4HFkv4EAoYYuC6n,23,HOSPITAL,HOSPITAL1,B_02_026,hospital,YEAR,YEAR|TOMORROW|THEY|TELL|GIVE,False,False,0.005745006259530783,False
data/local/semlex_citizen100_train_audit/landmarks_v17/HOSPITAL/cl6qdEUCphMbTCb9Tj9m.v17.npz,data/local/semlex_citizen100_train_audit/raw/HOSPITAL/cl6qdEUCphMbTCb9Tj9m.webm,cl6qdEUCphMbTCb9Tj9m,88,HOSPITAL,HOSPITAL1,B_02_026,hospital,HOSPITAL,HOSPITAL|WOMAN|WATER|WHO|MY,True,True,0.8955904841423035,False
data/local/semlex_citizen100_train_audit/landmarks_v17/HOSPITAL/eVCpUyfJkMqC5F8HuxnA.v17.npz,data/local/semlex_citizen100_train_audit/raw/HOSPITAL/eVCpUyfJkMqC5F8HuxnA.webm,eVCpUyfJkMqC5F8HuxnA,39,HOSPITAL,HOSPITAL1,B_02_026,hospital,DAY,DAY|WE|THEY|LIKE|HE,False,False,0.014667981304228306,False
data/local/semlex_citizen100_train_audit/landmarks_v17/HOSPITAL/gU2jaeDBrvVyCB0NH1QJ.v17.npz,data/local/semlex_citizen100_train_audit/raw/HOSPITAL/gU2jaeDBrvVyCB0NH1QJ.webm,gU2jaeDBrvVyCB0NH1QJ,8,HOSPITAL,HOSPITAL1,B_02_026,hospital,LIKE,LIKE|WATER|HOSPITAL|USE|WOMAN,False,True,0.15253376960754395,False
data/local/semlex_citizen100_train_audit/landmarks_v17/HOSPITAL/mx1Ecv8dSBpnE2p6Myp7.v17.npz,data/local/semlex_citizen100_train_audit/raw/HOSPITAL/mx1Ecv8dSBpnE2p6Myp7.webm,mx1Ecv8dSBpnE2p6Myp7,63,HOSPITAL,HOSPITAL1,B_02_026,hospital,HOSPITAL,HOSPITAL|WATER|WOMAN|TAKE|WHO,True,True,0.9254515171051025,False
data/local/semlex_citizen100_train_audit/landmarks_v17/HOSPITAL/tBztd8lvKTkbW0QJ4FK2.v17.npz,data/local/semlex_citizen100_train_audit/raw/HOSPITAL/tBztd8lvKTkbW0QJ4FK2.webm,tBztd8lvKTkbW0QJ4FK2,7,HOSPITAL,HOSPITAL1,B_02_026,hospital,HOSPITAL,HOSPITAL|LIKE|THEY|USE|WATER,True,True,0.4053601324558258,False
data/local/semlex_citizen100_train_audit/landmarks_v17/HOSPITAL/vGN8x9PkyZCIDYN3Yhq4.v17.npz,data/local/semlex_citizen100_train_audit/raw/HOSPITAL/vGN8x9PkyZCIDYN3Yhq4.webm,vGN8x9PkyZCIDYN3Yhq4,38,HOSPITAL,HOSPITAL1,B_02_026,hospital,HOSPITAL,HOSPITAL|WE|DAY|TAKE|MAN,True,True,0.3862515091896057,False
data/local/semlex_citizen100_train_audit/landmarks_v17/HOT/105Enb2wEapo73N7q5BT.v17.npz,data/local/semlex_citizen100_train_audit/raw/HOT/105Enb2wEapo73N7q5BT.webm,105Enb2wEapo73N7q5BT,46,HOT,HOT,F_02_093,hot,HOT,HOT|BAD|MOTHER|WOMAN|DRINK,True,True,0.47696346044540405,False
data/local/semlex_citizen100_train_audit/landmarks_v17/HOT/2aViX8Qp6xSTjRZeGcEG.v17.npz,data/local/semlex_citizen100_train_audit/raw/HOT/2aViX8Qp6xSTjRZeGcEG.webm,2aViX8Qp6xSTjRZeGcEG,7,HOT,HOT,F_02_093,hot,HOT,HOT|BAD|GOOD|GIVE|HUNGRY,True,True,0.3925989270210266,False
data/local/semlex_citizen100_train_audit/landmarks_v17/HOT/4a9P4bwUnXze0W1lbTPP.v17.npz,data/local/semlex_citizen100_train_audit/raw/HOT/4a9P4bwUnXze0W1lbTPP.webm,4a9P4bwUnXze0W1lbTPP,11,HOT,HOT,F_02_093,hot,HOT,HOT|BAD|MOTHER|THEY|DRINK,True,True,0.9352420568466187,False
data/local/semlex_citizen100_train_audit/landmarks_v17/HOT/5JpEOH213b942ffVWeNo.v17.npz,data/local/semlex_citizen100_train_audit/raw/HOT/5JpEOH213b942ffVWeNo.webm,5JpEOH213b942ffVWeNo,12,HOT,HOT,F_02_093,hot,HOT,HOT|LEARN|THEY|FIND|BAD,True,True,0.5583831667900085,False
data/local/semlex_citizen100_train_audit/landmarks_v17/HOT/6NrrwTyx6mQDRBPFrpF0.v17.npz,data/local/semlex_citizen100_train_audit/raw/HOT/6NrrwTyx6mQDRBPFrpF0.webm,6NrrwTyx6mQDRBPFrpF0,88,HOT,HOT,F_02_093,hot,EAT,EAT|HOME|BAD|THANKYOU|SEE,False,False,0.01952623948454857,False
data/local/semlex_citizen100_train_audit/landmarks_v17/HOT/7srUg3NlwoOfQKQctYEx.v17.npz,data/local/semlex_citizen100_train_audit/raw/HOT/7srUg3NlwoOfQKQctYEx.webm,7srUg3NlwoOfQKQctYEx,78,HOT,HOT,F_02_093,hot,HOT,HOT|BAD|DRINK|MOTHER|THEY,True,True,0.8941899538040161,False
data/local/semlex_citizen100_train_audit/landmarks_v17/HOT/EcufBUVUMe3ldQXxA3De.v17.npz,data/local/semlex_citizen100_train_audit/raw/HOT/EcufBUVUMe3ldQXxA3De.webm,EcufBUVUMe3ldQXxA3De,85,HOT,HOT,F_02_093,hot,HOT,HOT|THEY|DRINK|BAD|MOTHER,True,True,0.9519878029823303,False
data/local/semlex_citizen100_train_audit/landmarks_v17/HOT/FBVcQ4O3Ww8o7XPT8Mx6.v17.npz,data/local/semlex_citizen100_train_audit/raw/HOT/FBVcQ4O3Ww8o7XPT8Mx6.webm,FBVcQ4O3Ww8o7XPT8Mx6,31,HOT,HOT,F_02_093,hot,HOT,HOT|THANKYOU|GOOD|BAD|SEE,True,True,0.7359067797660828,False
data/local/semlex_citizen100_train_audit/landmarks_v17/HOT/G1G1hZ052Y1Um0dcoDiG.v17.npz,data/local/semlex_citizen100_train_audit/raw/HOT/G1G1hZ052Y1Um0dcoDiG.webm,G1G1hZ052Y1Um0dcoDiG,62,HOT,HOT,F_02_093,hot,BAD,BAD|GOOD|HOT|HAPPY|THANKYOU,False,True,0.06767246127128601,False
data/local/semlex_citizen100_train_audit/landmarks_v17/HOT/VPfawybNqifljozysUVJ.v17.npz,data/local/semlex_citizen100_train_audit/raw/HOT/VPfawybNqifljozysUVJ.webm,VPfawybNqifljozysUVJ,35,HOT,HOT,F_02_093,hot,HOT,HOT|TOMORROW|BAD|COME|YES,True,True,0.3942818343639374,False
data/local/semlex_citizen100_train_audit/landmarks_v17/HOT/VYt4u0XtM99832kbtaoi.v17.npz,data/local/semlex_citizen100_train_audit/raw/HOT/VYt4u0XtM99832kbtaoi.webm,VYt4u0XtM99832kbtaoi,63,HOT,HOT,F_02_093,hot,BAD,BAD|COME|THANKYOU|GOOD|HOT,False,True,0.05246904119849205,False
data/local/semlex_citizen100_train_audit/landmarks_v17/HOT/WxQQHhWtbXPUtFBqU3rX.v17.npz,data/local/semlex_citizen100_train_audit/raw/HOT/WxQQHhWtbXPUtFBqU3rX.webm,WxQQHhWtbXPUtFBqU3rX,30,HOT,HOT,F_02_093,hot,HOT,HOT|BAD|GOOD|THEY|WHY,True,True,0.8846254944801331,False
data/local/semlex_citizen100_train_audit/landmarks_v17/HOT/XM0HiCJjPv8y2aVKVteJ.v17.npz,data/local/semlex_citizen100_train_audit/raw/HOT/XM0HiCJjPv8y2aVKVteJ.webm,XM0HiCJjPv8y2aVKVteJ,39,HOT,HOT,F_02_093,hot,WHY,WHY|WHAT|ANGRY|CHILD|HE,False,False,0.007866796106100082,False
data/local/semlex_citizen100_train_audit/landmarks_v17/HOT/XPSNeGIPIUHwEgj4FuZT.v17.npz,data/local/semlex_citizen100_train_audit/raw/HOT/XPSNeGIPIUHwEgj4FuZT.webm,XPSNeGIPIUHwEgj4FuZT,23,HOT,HOT,F_02_093,hot,HOT,HOT|DRINK|MOTHER|FIND|THEY,True,True,0.8691935539245605,False
data/local/semlex_citizen100_train_audit/landmarks_v17/HOT/Xbq8d8d187oXIxxS70o9.v17.npz,data/local/semlex_citizen100_train_audit/raw/HOT/Xbq8d8d187oXIxxS70o9.webm,Xbq8d8d187oXIxxS70o9,8,HOT,HOT,F_02_093,hot,BAD,BAD|WOMAN|HOT|GOOD|GIVE,False,True,0.009634549729526043,False
data/local/semlex_citizen100_train_audit/landmarks_v17/HOT/YT7do4csJp2s8ewVHKe5.v17.npz,data/local/semlex_citizen100_train_audit/raw/HOT/YT7do4csJp2s8ewVHKe5.webm,YT7do4csJp2s8ewVHKe5,84,HOT,HOT,F_02_093,hot,MORNING,MORNING|HOSPITAL|SLEEP|SAD|LOVE,False,False,0.023182261735200882,False
data/local/semlex_citizen100_train_audit/landmarks_v17/HOT/gKF22eukindhFc9bQVo5.v17.npz,data/local/semlex_citizen100_train_audit/raw/HOT/gKF22eukindhFc9bQVo5.webm,gKF22eukindhFc9bQVo5,54,HOT,HOT,F_02_093,hot,HOT,HOT|WHO|MOTHER|SEE|GOOD,True,True,0.4659745395183563,False
data/local/semlex_citizen100_train_audit/landmarks_v17/HOT/gTtThFmN34PgMzAMNQ7u.v17.npz,data/local/semlex_citizen100_train_audit/raw/HOT/gTtThFmN34PgMzAMNQ7u.webm,gTtThFmN34PgMzAMNQ7u,49,HOT,HOT,F_02_093,hot,WHY,WHY|HELLO|DRINK|GOODBYE|STOP,False,False,0.01923532411456108,False
data/local/semlex_citizen100_train_audit/landmarks_v17/HOT/n7eE4f9rZDCBNTiS5IV6.v17.npz,data/local/semlex_citizen100_train_audit/raw/HOT/n7eE4f9rZDCBNTiS5IV6.webm,n7eE4f9rZDCBNTiS5IV6,52,HOT,HOT,F_02_093,hot,FIND,FIND|HOT|YESTERDAY|DRINK|YES,False,True,0.31442296504974365,False
data/local/semlex_citizen100_train_audit/landmarks_v17/HOT/otbHYk3lcsE6QKyjlQVm.v17.npz,data/local/semlex_citizen100_train_audit/raw/HOT/otbHYk3lcsE6QKyjlQVm.webm,otbHYk3lcsE6QKyjlQVm,38,HOT,HOT,F_02_093,hot,HOT,HOT|BAD|HUNGRY|GOOD|TOMORROW,True,True,0.7956081032752991,False
data/local/semlex_citizen100_train_audit/landmarks_v17/HOT/qGVO5Y7IKEBmven3ElG7.v17.npz,data/local/semlex_citizen100_train_audit/raw/HOT/qGVO5Y7IKEBmven3ElG7.webm,qGVO5Y7IKEBmven3ElG7,14,HOT,HOT,F_02_093,hot,HOT,HOT|FIND|THEY|WHY|MOTHER,True,True,0.8809518814086914,False
data/local/semlex_citizen100_train_audit/landmarks_v17/HOT/yStxIY29tTOBqYQKzKbA.v17.npz,data/local/semlex_citizen100_train_audit/raw/HOT/yStxIY29tTOBqYQKzKbA.webm,yStxIY29tTOBqYQKzKbA,17,HOT,HOT,F_02_093,hot,HOT,HOT|FIND|DRINK|BAD|LEARN,True,True,0.8199476599693298,False
data/local/semlex_citizen100_train_audit/landmarks_v17/HOW/4ecMqLKXfcHTsc5Ewl83.v17.npz,data/local/semlex_citizen100_train_audit/raw/HOW/4ecMqLKXfcHTsc5Ewl83.webm,4ecMqLKXfcHTsc5Ewl83,17,HOW,HOW1,D_02_082,how,HOW,HOW|HAVE|HELP|WRITE|WHEN,True,True,0.5635653138160706,False
data/local/semlex_citizen100_train_audit/landmarks_v17/HOW/O9TRiGBbwTkLSW4lUAeI.v17.npz,data/local/semlex_citizen100_train_audit/raw/HOW/O9TRiGBbwTkLSW4lUAeI.webm,O9TRiGBbwTkLSW4lUAeI,62,HOW,HOW1,D_02_082,how,HOW,HOW|NOW|WHEN|HAVE|MAKE,True,True,0.9309850335121155,False
data/local/semlex_citizen100_train_audit/landmarks_v17/HOW/bf3cY7IKRpsS6TWTqeNN.v17.npz,data/local/semlex_citizen100_train_audit/raw/HOW/bf3cY7IKRpsS6TWTqeNN.webm,bf3cY7IKRpsS6TWTqeNN,88,HOW,HOW1,D_02_082,how,HOW,HOW|MAKE|WRITE|HELP|TIRED,True,True,0.6739537119865417,False
data/local/semlex_citizen100_train_audit/landmarks_v17/HOW/sD3xFrx2bfVEzi5o61ei.v17.npz,data/local/semlex_citizen100_train_audit/raw/HOW/sD3xFrx2bfVEzi5o61ei.webm,sD3xFrx2bfVEzi5o61ei,7,HOW,HOW1,D_02_082,how,HOW,HOW|MAKE|FRIEND|WRITE|MORE,True,True,0.8283829689025879,False
data/local/semlex_citizen100_train_audit/landmarks_v17/HOW/xzHxddeflfzqyNB08fBg.v17.npz,data/local/semlex_citizen100_train_audit/raw/HOW/xzHxddeflfzqyNB08fBg.webm,xzHxddeflfzqyNB08fBg,46,HOW,HOW1,D_02_082,how,HOW,HOW|HELP|HAVE|MAKE|WRITE,True,True,0.8636974692344666,False
data/local/semlex_citizen100_train_audit/landmarks_v17/HUNGRY/2vyaCpgXK1ukwayavEok.v17.npz,data/local/semlex_citizen100_train_audit/raw/HUNGRY/2vyaCpgXK1ukwayavEok.webm,2vyaCpgXK1ukwayavEok,88,HUNGRY,HUNGRY,C_01_010,hungry,HUNGRY,HUNGRY|TELL|SORRY|I|PLEASE,True,True,0.912962019443512,False
data/local/semlex_citizen100_train_audit/landmarks_v17/HUNGRY/3BRqLbGelUJnT6WUO8ql.v17.npz,data/local/semlex_citizen100_train_audit/raw/HUNGRY/3BRqLbGelUJnT6WUO8ql.webm,3BRqLbGelUJnT6WUO8ql,23,HUNGRY,HUNGRY,C_01_010,hungry,MY,MY|FEEL|PLEASE|HAPPY|LIKE,False,False,0.051982760429382324,False
data/local/semlex_citizen100_train_audit/landmarks_v17/HUNGRY/4i1jSpVanKOESBomQDKF.v17.npz,data/local/semlex_citizen100_train_audit/raw/HUNGRY/4i1jSpVanKOESBomQDKF.webm,4i1jSpVanKOESBomQDKF,85,HUNGRY,HUNGRY,C_01_010,hungry,HUNGRY,HUNGRY|PLEASE|SORRY|LIKE|FEEL,True,True,0.832107424736023,False
data/local/semlex_citizen100_train_audit/landmarks_v17/HUNGRY/GoDphfR4XfsvZKygXPf6.v17.npz,data/local/semlex_citizen100_train_audit/raw/HUNGRY/GoDphfR4XfsvZKygXPf6.webm,GoDphfR4XfsvZKygXPf6,84,HUNGRY,HUNGRY,C_01_010,hungry,I,I|HUNGRY|SORRY|TELL|PLEASE,False,True,0.23180082440376282,False
data/local/semlex_citizen100_train_audit/landmarks_v17/HUNGRY/Mz44taRcbO4W2NDIA9eq.v17.npz,data/local/semlex_citizen100_train_audit/raw/HUNGRY/Mz44taRcbO4W2NDIA9eq.webm,Mz44taRcbO4W2NDIA9eq,8,HUNGRY,HUNGRY,C_01_010,hungry,PLEASE,PLEASE|HUNGRY|MY|FEEL|LIKE,False,True,0.2742865979671478,False
data/local/semlex_citizen100_train_audit/landmarks_v17/HUNGRY/NgczNNfA24xCmqeRrkCk.v17.npz,data/local/semlex_citizen100_train_audit/raw/HUNGRY/NgczNNfA24xCmqeRrkCk.webm,NgczNNfA24xCmqeRrkCk,11,HUNGRY,HUNGRY,C_01_010,hungry,HUNGRY,HUNGRY|PLEASE|MY|LIKE|WOMAN,True,True,0.6397154927253723,False
data/local/semlex_citizen100_train_audit/landmarks_v17/HUNGRY/OGJV8TZqrj36cDk5MyFE.v17.npz,data/local/semlex_citizen100_train_audit/raw/HUNGRY/OGJV8TZqrj36cDk5MyFE.webm,OGJV8TZqrj36cDk5MyFE,46,HUNGRY,HUNGRY,C_01_010,hungry,HUNGRY,HUNGRY|I|SORRY|TELL|LIKE,True,True,0.8253668546676636,False
data/local/semlex_citizen100_train_audit/landmarks_v17/HUNGRY/OXMPGq5hLsynXh2Vpxhp.v17.npz,data/local/semlex_citizen100_train_audit/raw/HUNGRY/OXMPGq5hLsynXh2Vpxhp.webm,OXMPGq5hLsynXh2Vpxhp,17,HUNGRY,HUNGRY,C_01_010,hungry,HUNGRY,HUNGRY|BAD|GOOD|WOMAN|MY,True,True,0.8673961162567139,False
data/local/semlex_citizen100_train_audit/landmarks_v17/HUNGRY/T5Niuj8OeK8eb0Ur1kAc.v17.npz,data/local/semlex_citizen100_train_audit/raw/HUNGRY/T5Niuj8OeK8eb0Ur1kAc.webm,T5Niuj8OeK8eb0Ur1kAc,42,HUNGRY,HUNGRY,C_01_010,hungry,HUNGRY,HUNGRY|I|SORRY|TELL|SLEEP,True,True,0.5504562258720398,False
data/local/semlex_citizen100_train_audit/landmarks_v17/HUNGRY/U6c8XJAoycDcocevjLHe.v17.npz,data/local/semlex_citizen100_train_audit/raw/HUNGRY/U6c8XJAoycDcocevjLHe.webm,U6c8XJAoycDcocevjLHe,49,HUNGRY,HUNGRY,C_01_010,hungry,MY,MY|PLEASE|HAPPY|HUNGRY|GOOD,False,True,0.02268517017364502,False
data/local/semlex_citizen100_train_audit/landmarks_v17/HUNGRY/coU7iCdnEJ4LHBdfBDcy.v17.npz,data/local/semlex_citizen100_train_audit/raw/HUNGRY/coU7iCdnEJ4LHBdfBDcy.webm,coU7iCdnEJ4LHBdfBDcy,62,HUNGRY,HUNGRY,C_01_010,hungry,HUNGRY,HUNGRY|PLEASE|FEEL|LIKE|MY,True,True,0.8148751258850098,False
data/local/semlex_citizen100_train_audit/landmarks_v17/HUNGRY/dVBLzi9nfYudevWandcz.v17.npz,data/local/semlex_citizen100_train_audit/raw/HUNGRY/dVBLzi9nfYudevWandcz.webm,dVBLzi9nfYudevWandcz,39,HUNGRY,HUNGRY,C_01_010,hungry,WHAT,WHAT|THEY|EXCITED|GIVE|MAYBE,False,False,0.01751771755516529,False
data/local/semlex_citizen100_train_audit/landmarks_v17/HUNGRY/ffn1vcC0dQ0O5LsrcOyi.v17.npz,data/local/semlex_citizen100_train_audit/raw/HUNGRY/ffn1vcC0dQ0O5LsrcOyi.webm,ffn1vcC0dQ0O5LsrcOyi,54,HUNGRY,HUNGRY,C_01_010,hungry,MY,MY|HAPPY|GOOD|THANKYOU|PLEASE,False,False,0.00681495014578104,False
data/local/semlex_citizen100_train_audit/landmarks_v17/HUNGRY/lCuPWPFOzcAQXHfSFZhN.v17.npz,data/local/semlex_citizen100_train_audit/raw/HUNGRY/lCuPWPFOzcAQXHfSFZhN.webm,lCuPWPFOzcAQXHfSFZhN,7,HUNGRY,HUNGRY,C_01_010,hungry,HUNGRY,HUNGRY|PLEASE|FEEL|SORRY|HAPPY,True,True,0.511282205581665,False
data/local/semlex_citizen100_train_audit/landmarks_v17/HUNGRY/q0m2qBVsrT0d8SwMoqbp.v17.npz,data/local/semlex_citizen100_train_audit/raw/HUNGRY/q0m2qBVsrT0d8SwMoqbp.webm,q0m2qBVsrT0d8SwMoqbp,59,HUNGRY,HUNGRY,C_01_010,hungry,MY,MY|PLEASE|LIKE|FEEL|THEY,False,False,0.012922845780849457,False
data/local/semlex_citizen100_train_audit/landmarks_v17/HUNGRY/sGOWQDQ0iDbaIbJ5Zx1s.v17.npz,data/local/semlex_citizen100_train_audit/raw/HUNGRY/sGOWQDQ0iDbaIbJ5Zx1s.webm,sGOWQDQ0iDbaIbJ5Zx1s,35,HUNGRY,HUNGRY,C_01_010,hungry,HUNGRY,HUNGRY|BAD|WOMAN|OUR|SLEEP,True,True,0.6840664744377136,False
data/local/semlex_citizen100_train_audit/landmarks_v17/HUNGRY/untHJcQB7c80BRAj7r6G.v17.npz,data/local/semlex_citizen100_train_audit/raw/HUNGRY/untHJcQB7c80BRAj7r6G.webm,untHJcQB7c80BRAj7r6G,14,HUNGRY,HUNGRY,C_01_010,hungry,HUNGRY,HUNGRY|BAD|GOOD|WOMAN|COME,True,True,0.48241743445396423,False
data/local/semlex_citizen100_train_audit/landmarks_v17/HUNGRY/xgrT790NQFvHNorsUxKl.v17.npz,data/local/semlex_citizen100_train_audit/raw/HUNGRY/xgrT790NQFvHNorsUxKl.webm,xgrT790NQFvHNorsUxKl,38,HUNGRY,HUNGRY,C_01_010,hungry,HUNGRY,HUNGRY|PLEASE|SORRY|MY|LIKE,True,True,0.5877083539962769,False
data/local/semlex_citizen100_train_audit/landmarks_v17/HUNGRY/xnfw8fWz41VWgBLuOf6k.v17.npz,data/local/semlex_citizen100_train_audit/raw/HUNGRY/xnfw8fWz41VWgBLuOf6k.webm,xnfw8fWz41VWgBLuOf6k,43,HUNGRY,HUNGRY,C_01_010,hungry,HUNGRY,HUNGRY|SORRY|TELL|COME|WE,True,True,0.5467115640640259,False
data/local/semlex_citizen100_train_audit/landmarks_v17/I/0dNQnUrsZSHyl4vtXSm1.v17.npz,data/local/semlex_citizen100_train_audit/raw/I/0dNQnUrsZSHyl4vtXSm1.webm,0dNQnUrsZSHyl4vtXSm1,76,I,ME,B_01_068,me,I,I|SORRY|HAVE|WE|HUNGRY,True,True,0.9155097603797913,False
data/local/semlex_citizen100_train_audit/landmarks_v17/I/0n3xGLo50BN2OXM1CAup.v17.npz,data/local/semlex_citizen100_train_audit/raw/I/0n3xGLo50BN2OXM1CAup.webm,0n3xGLo50BN2OXM1CAup,12,I,ME,B_01_068,me,I,I|SORRY|WE|HAVE|TIME,True,True,0.8975141644477844,False
data/local/semlex_citizen100_train_audit/landmarks_v17/I/11nGrUPuyfoanont1lcO.v17.npz,data/local/semlex_citizen100_train_audit/raw/I/11nGrUPuyfoanont1lcO.webm,11nGrUPuyfoanont1lcO,43,I,ME,B_01_068,me,I,I|WE|YES|NEED|TIME,True,True,0.727947473526001,False
data/local/semlex_citizen100_train_audit/landmarks_v17/I/46549wzAIO0QZcG50oAN.v17.npz,data/local/semlex_citizen100_train_audit/raw/I/46549wzAIO0QZcG50oAN.webm,46549wzAIO0QZcG50oAN,7,I,ME,B_01_068,me,I,I|SORRY|TELL|YOU|HUNGRY,True,True,0.5635626316070557,False
data/local/semlex_citizen100_train_audit/landmarks_v17/I/4ODLPrqo2gldlpIBb82c.v17.npz,data/local/semlex_citizen100_train_audit/raw/I/4ODLPrqo2gldlpIBb82c.webm,4ODLPrqo2gldlpIBb82c,38,I,ME,B_01_068,me,I,I|SORRY|WE|TELL|HAVE,True,True,0.9047826528549194,False
data/local/semlex_citizen100_train_audit/landmarks_v17/I/4W2axymE3v3CLZUW0asz.v17.npz,data/local/semlex_citizen100_train_audit/raw/I/4W2axymE3v3CLZUW0asz.webm,4W2axymE3v3CLZUW0asz,17,I,ME,B_01_068,me,I,I|SIGN|NEED|WE|TIME,True,True,0.8403143882751465,False
data/local/semlex_citizen100_train_audit/landmarks_v17/I/4oW6YzQBhW4doCvJT3BA.v17.npz,data/local/semlex_citizen100_train_audit/raw/I/4oW6YzQBhW4doCvJT3BA.webm,4oW6YzQBhW4doCvJT3BA,88,I,ME,B_01_068,me,I,I|SORRY|WE|HAVE|TELL,True,True,0.8821372985839844,False
data/local/semlex_citizen100_train_audit/landmarks_v17/I/5HoZpJLxDBDqUdzeBgNp.v17.npz,data/local/semlex_citizen100_train_audit/raw/I/5HoZpJLxDBDqUdzeBgNp.webm,5HoZpJLxDBDqUdzeBgNp,84,I,ME,B_01_068,me,I,I|SORRY|WE|YES|HUNGRY,True,True,0.9275234937667847,False
data/local/semlex_citizen100_train_audit/landmarks_v17/I/EGPbBTFp4lk5kg0ZhiD2.v17.npz,data/local/semlex_citizen100_train_audit/raw/I/EGPbBTFp4lk5kg0ZhiD2.webm,EGPbBTFp4lk5kg0ZhiD2,8,I,ME,B_01_068,me,I,I|TIME|WE|NEED|SIGN,True,True,0.5539232492446899,False
data/local/semlex_citizen100_train_audit/landmarks_v17/I/ESeKydYcp3H9dGBIFUPx.v17.npz,data/local/semlex_citizen100_train_audit/raw/I/ESeKydYcp3H9dGBIFUPx.webm,ESeKydYcp3H9dGBIFUPx,52,I,ME,B_01_068,me,I,I|SIGN|WE|TIME|NEED,True,True,0.8659181594848633,False
data/local/semlex_citizen100_train_audit/landmarks_v17/I/F2IMPLE9rXwFOf5LetKc.v17.npz,data/local/semlex_citizen100_train_audit/raw/I/F2IMPLE9rXwFOf5LetKc.webm,F2IMPLE9rXwFOf5LetKc,31,I,ME,B_01_068,me,SIGN,SIGN|HAVE|I|TIRED|TIME,False,True,0.11930052191019058,False
data/local/semlex_citizen100_train_audit/landmarks_v17/I/KZcA29VmqGOSeKAacJ53.v17.npz,data/local/semlex_citizen100_train_audit/raw/I/KZcA29VmqGOSeKAacJ53.webm,KZcA29VmqGOSeKAacJ53,62,I,ME,B_01_068,me,I,I|SORRY|TIME|SIGN|HAVE,True,True,0.9528570175170898,False
data/local/semlex_citizen100_train_audit/landmarks_v17/I/L0nfALkahTGFLtjZfvoX.v17.npz,data/local/semlex_citizen100_train_audit/raw/I/L0nfALkahTGFLtjZfvoX.webm,L0nfALkahTGFLtjZfvoX,39,I,ME,B_01_068,me,HE,HE|SIGN|CHILD|WHAT|ANGRY,False,False,0.02197861857712269,False
data/local/semlex_citizen100_train_audit/landmarks_v17/I/cesgYISQVroT9hBFlYx6.v17.npz,data/local/semlex_citizen100_train_audit/raw/I/cesgYISQVroT9hBFlYx6.webm,cesgYISQVroT9hBFlYx6,85,I,ME,B_01_068,me,I,I|SORRY|TELL|YOU|WE,True,True,0.8517215251922607,False
data/local/semlex_citizen100_train_audit/landmarks_v17/I/duy9s4ApQ8lLWDGH9OzC.v17.npz,data/local/semlex_citizen100_train_audit/raw/I/duy9s4ApQ8lLWDGH9OzC.webm,duy9s4ApQ8lLWDGH9OzC,46,I,ME,B_01_068,me,I,I|SORRY|WE|YES|HAVE,True,True,0.9336875081062317,False
data/local/semlex_citizen100_train_audit/landmarks_v17/I/oTfypmIwdUqOWfIblFaZ.v17.npz,data/local/semlex_citizen100_train_audit/raw/I/oTfypmIwdUqOWfIblFaZ.webm,oTfypmIwdUqOWfIblFaZ,30,I,ME,B_01_068,me,I,I|SORRY|WE|TELL|HAVE,True,True,0.9321784973144531,False
data/local/semlex_citizen100_train_audit/landmarks_v17/I/y3qVQOait6P08t1CfzkA.v17.npz,data/local/semlex_citizen100_train_audit/raw/I/y3qVQOait6P08t1CfzkA.webm,y3qVQOait6P08t1CfzkA,60,I,ME,B_01_068,me,I,I|SORRY|WE|HUNGRY|YOU,True,True,0.7036198377609253,False
data/local/semlex_citizen100_train_audit/landmarks_v17/IMPORTANT/1NFX1TYCZq2phE1890sW.v17.npz,data/local/semlex_citizen100_train_audit/raw/IMPORTANT/1NFX1TYCZq2phE1890sW.webm,1NFX1TYCZq2phE1890sW,85,IMPORTANT,IMPORTANT,B_01_081,important,IMPORTANT,IMPORTANT|READ|GO|WORK|FAMILY,True,True,0.9046400785446167,False
data/local/semlex_citizen100_train_audit/landmarks_v17/IMPORTANT/6uVy2L2fqFijJxmsf9qB.v17.npz,data/local/semlex_citizen100_train_audit/raw/IMPORTANT/6uVy2L2fqFijJxmsf9qB.webm,6uVy2L2fqFijJxmsf9qB,84,IMPORTANT,IMPORTANT,B_01_081,important,IMPORTANT,IMPORTANT|SMALL|READY|FAMILY|WORK,True,True,0.8531785607337952,False
data/local/semlex_citizen100_train_audit/landmarks_v17/IMPORTANT/8zccWLh9tYvtzDI9Wn0R.v17.npz,data/local/semlex_citizen100_train_audit/raw/IMPORTANT/8zccWLh9tYvtzDI9Wn0R.webm,8zccWLh9tYvtzDI9Wn0R,63,IMPORTANT,IMPORTANT,B_01_081,important,WRITE,WRITE|IMPORTANT|LANGUAGE|TRY|FAMILY,False,True,0.1470320075750351,False
data/local/semlex_citizen100_train_audit/landmarks_v17/IMPORTANT/F1NCbGoLvsWsy3VYznFa.v17.npz,data/local/semlex_citizen100_train_audit/raw/IMPORTANT/F1NCbGoLvsWsy3VYznFa.webm,F1NCbGoLvsWsy3VYznFa,46,IMPORTANT,IMPORTANT,B_01_081,important,IMPORTANT,IMPORTANT|WORK|LANGUAGE|FIND|READ,True,True,0.9417381882667542,False
data/local/semlex_citizen100_train_audit/landmarks_v17/IMPORTANT/FFvwvHDw92vLahkCLO5w.v17.npz,data/local/semlex_citizen100_train_audit/raw/IMPORTANT/FFvwvHDw92vLahkCLO5w.webm,FFvwvHDw92vLahkCLO5w,88,IMPORTANT,IMPORTANT,B_01_081,important,IMPORTANT,IMPORTANT|SMALL|READ|YOUR|WORK,True,True,0.8715309500694275,False
data/local/semlex_citizen100_train_audit/landmarks_v17/IMPORTANT/GZZ4RLt7znOqxyeW8Bvm.v17.npz,data/local/semlex_citizen100_train_audit/raw/IMPORTANT/GZZ4RLt7znOqxyeW8Bvm.webm,GZZ4RLt7znOqxyeW8Bvm,17,IMPORTANT,IMPORTANT,B_01_081,important,IMPORTANT,IMPORTANT|FAMILY|WORK|FIND|WRITE,True,True,0.7222142815589905,False
data/local/semlex_citizen100_train_audit/landmarks_v17/IMPORTANT/KVYFCXrkBWwJsDizG0dQ.v17.npz,data/local/semlex_citizen100_train_audit/raw/IMPORTANT/KVYFCXrkBWwJsDizG0dQ.webm,KVYFCXrkBWwJsDizG0dQ,23,IMPORTANT,IMPORTANT,B_01_081,important,IMPORTANT,IMPORTANT|LANGUAGE|READ|FAMILY|WRITE,True,True,0.7765045166015625,False
data/local/semlex_citizen100_train_audit/landmarks_v17/IMPORTANT/RLT1NQ41uFCG63pg6RoB.v17.npz,data/local/semlex_citizen100_train_audit/raw/IMPORTANT/RLT1NQ41uFCG63pg6RoB.webm,RLT1NQ41uFCG63pg6RoB,30,IMPORTANT,IMPORTANT,B_01_081,important,IMPORTANT,IMPORTANT|LANGUAGE|READY|SAME|YOUR,True,True,0.8557058572769165,False
data/local/semlex_citizen100_train_audit/landmarks_v17/IMPORTANT/UopUgeOGexarfEVR5j0g.v17.npz,data/local/semlex_citizen100_train_audit/raw/IMPORTANT/UopUgeOGexarfEVR5j0g.webm,UopUgeOGexarfEVR5j0g,60,IMPORTANT,IMPORTANT,B_01_081,important,IMPORTANT,IMPORTANT|FIND|MAN|FAMILY|USE,True,True,0.6271409392356873,False
data/local/semlex_citizen100_train_audit/landmarks_v17/IMPORTANT/VuvbdEP4cYZ48uyxvJXZ.v17.npz,data/local/semlex_citizen100_train_audit/raw/IMPORTANT/VuvbdEP4cYZ48uyxvJXZ.webm,VuvbdEP4cYZ48uyxvJXZ,49,IMPORTANT,IMPORTANT,B_01_081,important,IMPORTANT,IMPORTANT|FIND|FAMILY|USE|LANGUAGE,True,True,0.7873936891555786,False
data/local/semlex_citizen100_train_audit/landmarks_v17/IMPORTANT/WNQ5l9eVBFBArnic1P2K.v17.npz,data/local/semlex_citizen100_train_audit/raw/IMPORTANT/WNQ5l9eVBFBArnic1P2K.webm,WNQ5l9eVBFBArnic1P2K,62,IMPORTANT,IMPORTANT,B_01_081,important,IMPORTANT,IMPORTANT|FIND|FAMILY|ANSWER|READ,True,True,0.757287859916687,False
data/local/semlex_citizen100_train_audit/landmarks_v17/IMPORTANT/ce7e0I63YCM7lGmevYYn.v17.npz,data/local/semlex_citizen100_train_audit/raw/IMPORTANT/ce7e0I63YCM7lGmevYYn.webm,ce7e0I63YCM7lGmevYYn,35,IMPORTANT,IMPORTANT,B_01_081,important,IMPORTANT,IMPORTANT|WORK|SMALL|NIGHT|YOUR,True,True,0.739464282989502,False
data/local/semlex_citizen100_train_audit/landmarks_v17/IMPORTANT/dHHFezV8wpFme5AHBNTL.v17.npz,data/local/semlex_citizen100_train_audit/raw/IMPORTANT/dHHFezV8wpFme5AHBNTL.webm,dHHFezV8wpFme5AHBNTL,8,IMPORTANT,IMPORTANT,B_01_081,important,IMPORTANT,IMPORTANT|READ|READY|FAMILY|WORK,True,True,0.9406985640525818,False
data/local/semlex_citizen100_train_audit/landmarks_v17/IMPORTANT/dkziW3QiUX3Kv1LNJm05.v17.npz,data/local/semlex_citizen100_train_audit/raw/IMPORTANT/dkziW3QiUX3Kv1LNJm05.webm,dkziW3QiUX3Kv1LNJm05,38,IMPORTANT,IMPORTANT,B_01_081,important,IMPORTANT,IMPORTANT|READY|SMALL|WORK|READ,True,True,0.8779473900794983,False
data/local/semlex_citizen100_train_audit/landmarks_v17/IMPORTANT/dlULg098JuJj5dDCr9pL.v17.npz,data/local/semlex_citizen100_train_audit/raw/IMPORTANT/dlULg098JuJj5dDCr9pL.webm,dlULg098JuJj5dDCr9pL,42,IMPORTANT,IMPORTANT,B_01_081,important,IMPORTANT,IMPORTANT|READY|READ|FIND|USE,True,True,0.8864784240722656,False
data/local/semlex_citizen100_train_audit/landmarks_v17/IMPORTANT/m2MF8Qitxn7KIRJnVgAV.v17.npz,data/local/semlex_citizen100_train_audit/raw/IMPORTANT/m2MF8Qitxn7KIRJnVgAV.webm,m2MF8Qitxn7KIRJnVgAV,80,IMPORTANT,IMPORTANT,B_01_081,important,IMPORTANT,IMPORTANT|READY|TRY|READ|WORK,True,True,0.8996073007583618,False
data/local/semlex_citizen100_train_audit/landmarks_v17/IMPORTANT/t6YGl9uocq83W1bhZ3Sq.v17.npz,data/local/semlex_citizen100_train_audit/raw/IMPORTANT/t6YGl9uocq83W1bhZ3Sq.webm,t6YGl9uocq83W1bhZ3Sq,39,IMPORTANT,IMPORTANT,B_01_081,important,WE,WE|TAKE|DAY|OUR|HOSPITAL,False,False,0.0039059866685420275,False
data/local/semlex_citizen100_train_audit/landmarks_v17/KNOW/00x303pvYd8WuDcChI5L.v17.npz,data/local/semlex_citizen100_train_audit/raw/KNOW/00x303pvYd8WuDcChI5L.webm,00x303pvYd8WuDcChI5L,17,KNOW,KNOW,C_01_048,know,SICK,SICK|ANGRY|KNOW|SAD|DOCTOR,False,True,0.12173004448413849,False
data/local/semlex_citizen100_train_audit/landmarks_v17/KNOW/0Ynvj8SvU4ctOuIaeFP9.v17.npz,data/local/semlex_citizen100_train_audit/raw/KNOW/0Ynvj8SvU4ctOuIaeFP9.webm,0Ynvj8SvU4ctOuIaeFP9,46,KNOW,KNOW,C_01_048,know,KNOW,KNOW|WHY|SICK|THINK|HOME,True,True,0.7509651184082031,False
data/local/semlex_citizen100_train_audit/landmarks_v17/KNOW/BgyUkiDDRIJYlST8UlT4.v17.npz,data/local/semlex_citizen100_train_audit/raw/KNOW/BgyUkiDDRIJYlST8UlT4.webm,BgyUkiDDRIJYlST8UlT4,7,KNOW,KNOW,C_01_048,know,KNOW,KNOW|WHY|HOME|HELLO|HEAR,True,True,0.5922776460647583,False
data/local/semlex_citizen100_train_audit/landmarks_v17/KNOW/CB7GDfn1rqzT6ntgWt6u.v17.npz,data/local/semlex_citizen100_train_audit/raw/KNOW/CB7GDfn1rqzT6ntgWt6u.webm,CB7GDfn1rqzT6ntgWt6u,63,KNOW,KNOW,C_01_048,know,KNOW,KNOW|HOME|WHY|MORNING|SICK,True,True,0.9516990184783936,False
data/local/semlex_citizen100_train_audit/landmarks_v17/KNOW/COWPrTCPZy6K7mM3J88X.v17.npz,data/local/semlex_citizen100_train_audit/raw/KNOW/COWPrTCPZy6K7mM3J88X.webm,COWPrTCPZy6K7mM3J88X,43,KNOW,KNOW,C_01_048,know,KNOW,KNOW|WHY|HOME|COME|CHILD,True,True,0.5656133890151978,False
data/local/semlex_citizen100_train_audit/landmarks_v17/KNOW/G0odqp7DFkeP1sobaGFd.v17.npz,data/local/semlex_citizen100_train_audit/raw/KNOW/G0odqp7DFkeP1sobaGFd.webm,G0odqp7DFkeP1sobaGFd,12,KNOW,KNOW,C_01_048,know,HOME,HOME|KNOW|WHY|SLEEP|EAT,False,True,0.3294280767440796,False
data/local/semlex_citizen100_train_audit/landmarks_v17/KNOW/GnhIxY2VAD3yI9pV804r.v17.npz,data/local/semlex_citizen100_train_audit/raw/KNOW/GnhIxY2VAD3yI9pV804r.webm,GnhIxY2VAD3yI9pV804r,30,KNOW,KNOW,C_01_048,know,HOME,HOME|WHY|KNOW|EAT|GIVE,False,True,0.07729765772819519,False
data/local/semlex_citizen100_train_audit/landmarks_v17/KNOW/HNLlNS0YJ1facxBdRFiw.v17.npz,data/local/semlex_citizen100_train_audit/raw/KNOW/HNLlNS0YJ1facxBdRFiw.webm,HNLlNS0YJ1facxBdRFiw,31,KNOW,KNOW,C_01_048,know,KNOW,KNOW|HOME|WHY|THINK|SICK,True,True,0.7483327388763428,False
data/local/semlex_citizen100_train_audit/landmarks_v17/KNOW/LiuI5YgrasdvBTOdO9hB.v17.npz,data/local/semlex_citizen100_train_audit/raw/KNOW/LiuI5YgrasdvBTOdO9hB.webm,LiuI5YgrasdvBTOdO9hB,62,KNOW,KNOW,C_01_048,know,KNOW,KNOW|HOME|SLEEP|EAT|WHY,True,True,0.8511965274810791,False
data/local/semlex_citizen100_train_audit/landmarks_v17/KNOW/N7YB29DYbRog803tsN4G.v17.npz,data/local/semlex_citizen100_train_audit/raw/KNOW/N7YB29DYbRog803tsN4G.webm,N7YB29DYbRog803tsN4G,14,KNOW,KNOW,C_01_048,know,KNOW,KNOW|WHY|HOME|EAT|COME,True,True,0.8089597225189209,False
data/local/semlex_citizen100_train_audit/landmarks_v17/KNOW/RwhX68fBizdx9n5Yraq4.v17.npz,data/local/semlex_citizen100_train_audit/raw/KNOW/RwhX68fBizdx9n5Yraq4.webm,RwhX68fBizdx9n5Yraq4,84,KNOW,KNOW,C_01_048,know,EAT,EAT|MORNING|KNOW|HOME|THANKYOU,False,True,0.10483729094266891,False
data/local/semlex_citizen100_train_audit/landmarks_v17/KNOW/WAA2lklLnv8SQPXlv90z.v17.npz,data/local/semlex_citizen100_train_audit/raw/KNOW/WAA2lklLnv8SQPXlv90z.webm,WAA2lklLnv8SQPXlv90z,60,KNOW,KNOW,C_01_048,know,OUR,OUR|HOME|STOP|EAT|MORNING,False,False,0.014949584379792213,False
data/local/semlex_citizen100_train_audit/landmarks_v17/KNOW/cR4c6ezdy9YBvQiE1lMp.v17.npz,data/local/semlex_citizen100_train_audit/raw/KNOW/cR4c6ezdy9YBvQiE1lMp.webm,cR4c6ezdy9YBvQiE1lMp,39,KNOW,KNOW,C_01_048,know,ANGRY,ANGRY|WHY|CHILD|NOW|HE,False,False,0.004306669346988201,False
data/local/semlex_citizen100_train_audit/landmarks_v17/KNOW/dtQC1KqMJ3HoYuRXQfRU.v17.npz,data/local/semlex_citizen100_train_audit/raw/KNOW/dtQC1KqMJ3HoYuRXQfRU.webm,dtQC1KqMJ3HoYuRXQfRU,49,KNOW,KNOW,C_01_048,know,KNOW,KNOW|WHY|HOME|HEAR|COME,True,True,0.5780516862869263,False
data/local/semlex_citizen100_train_audit/landmarks_v17/KNOW/eCnl6m0Mz73x2B6rtKlW.v17.npz,data/local/semlex_citizen100_train_audit/raw/KNOW/eCnl6m0Mz73x2B6rtKlW.webm,eCnl6m0Mz73x2B6rtKlW,11,KNOW,KNOW,C_01_048,know,KNOW,KNOW|WHY|HOME|EAT|MORNING,True,True,0.9189102053642273,False
data/local/semlex_citizen100_train_audit/landmarks_v17/KNOW/u0BJzbIvU2cpsV5Uq5gV.v17.npz,data/local/semlex_citizen100_train_audit/raw/KNOW/u0BJzbIvU2cpsV5Uq5gV.webm,u0BJzbIvU2cpsV5Uq5gV,35,KNOW,KNOW,C_01_048,know,KNOW,KNOW|WHY|HELLO|HOME|SLEEP,True,True,0.7762036919593811,False
data/local/semlex_citizen100_train_audit/landmarks_v17/KNOW/vbrsO8hMxcgUtbACGhIW.v17.npz,data/local/semlex_citizen100_train_audit/raw/KNOW/vbrsO8hMxcgUtbACGhIW.webm,vbrsO8hMxcgUtbACGhIW,38,KNOW,KNOW,C_01_048,know,KNOW,KNOW|HOME|SLEEP|EAT|WHY,True,True,0.5378042459487915,False
data/local/semlex_citizen100_train_audit/landmarks_v17/LANGUAGE/9z6OOmwqni3Z8Q1CJlZ4.v17.npz,data/local/semlex_citizen100_train_audit/raw/LANGUAGE/9z6OOmwqni3Z8Q1CJlZ4.webm,9z6OOmwqni3Z8Q1CJlZ4,46,LANGUAGE,LANGUAGE,A_01_067,language,LANGUAGE,LANGUAGE|DIFFERENT|GO|WHEN|WRITE,True,True,0.8355854153633118,False
data/local/semlex_citizen100_train_audit/landmarks_v17/LANGUAGE/BewKRTNAk3Tu0LswAg2X.v17.npz,data/local/semlex_citizen100_train_audit/raw/LANGUAGE/BewKRTNAk3Tu0LswAg2X.webm,BewKRTNAk3Tu0LswAg2X,88,LANGUAGE,LANGUAGE,A_01_067,language,LANGUAGE,LANGUAGE|DIFFERENT|WEEK|NAME|TIME,True,True,0.7229537963867188,False
data/local/semlex_citizen100_train_audit/landmarks_v17/LANGUAGE/D5UBzp9orn2Lq6XGuAEx.v17.npz,data/local/semlex_citizen100_train_audit/raw/LANGUAGE/D5UBzp9orn2Lq6XGuAEx.webm,D5UBzp9orn2Lq6XGuAEx,39,LANGUAGE,LANGUAGE,A_01_067,language,THEY,THEY|EXCITED|HE|MAYBE|LIKE,False,False,0.017534853890538216,False
data/local/semlex_citizen100_train_audit/landmarks_v17/LANGUAGE/MenHsAJdqqWKhDxoODxY.v17.npz,data/local/semlex_citizen100_train_audit/raw/LANGUAGE/MenHsAJdqqWKhDxoODxY.webm,MenHsAJdqqWKhDxoODxY,62,LANGUAGE,LANGUAGE,A_01_067,language,LANGUAGE,LANGUAGE|DIFFERENT|BIG|WEEK|TRY,True,True,0.7622926235198975,False
data/local/semlex_citizen100_train_audit/landmarks_v17/LANGUAGE/Ognms3uPhIJ9rcbyVYLN.v17.npz,data/local/semlex_citizen100_train_audit/raw/LANGUAGE/Ognms3uPhIJ9rcbyVYLN.webm,Ognms3uPhIJ9rcbyVYLN,60,LANGUAGE,LANGUAGE,A_01_067,language,LANGUAGE,LANGUAGE|DIFFERENT|WHEN|WEEK|ANSWER,True,True,0.32693183422088623,False
data/local/semlex_citizen100_train_audit/landmarks_v17/LANGUAGE/UGk94bYP9zZllrT09PbK.v17.npz,data/local/semlex_citizen100_train_audit/raw/LANGUAGE/UGk94bYP9zZllrT09PbK.webm,UGk94bYP9zZllrT09PbK,49,LANGUAGE,LANGUAGE,A_01_067,language,DIFFERENT,DIFFERENT|LANGUAGE|GO|YOU|WHEN,False,True,0.10903123766183853,False
data/local/semlex_citizen100_train_audit/landmarks_v17/LANGUAGE/XrCltCNePlrdRcFi8lV7.v17.npz,data/local/semlex_citizen100_train_audit/raw/LANGUAGE/XrCltCNePlrdRcFi8lV7.webm,XrCltCNePlrdRcFi8lV7,7,LANGUAGE,LANGUAGE,A_01_067,language,LANGUAGE,LANGUAGE|DIFFERENT|BIG|READY|THEY,True,True,0.8476064205169678,False
data/local/semlex_citizen100_train_audit/landmarks_v17/LANGUAGE/f96BTnlbb8n3ROhPqnSy.v17.npz,data/local/semlex_citizen100_train_audit/raw/LANGUAGE/f96BTnlbb8n3ROhPqnSy.webm,f96BTnlbb8n3ROhPqnSy,52,LANGUAGE,LANGUAGE,A_01_067,language,BIG,BIG|LANGUAGE|DIFFERENT|READY|HE,False,True,0.10707417875528336,False
data/local/semlex_citizen100_train_audit/landmarks_v17/LANGUAGE/q2PrHSwBJtyX2Ldxq7hK.v17.npz,data/local/semlex_citizen100_train_audit/raw/LANGUAGE/q2PrHSwBJtyX2Ldxq7hK.webm,q2PrHSwBJtyX2Ldxq7hK,43,LANGUAGE,LANGUAGE,A_01_067,language,LANGUAGE,LANGUAGE|READY|THEY|DIFFERENT|IMPORTANT,True,True,0.914652943611145,False
data/local/semlex_citizen100_train_audit/landmarks_v17/LEARN/B1GdGSXpcCn4ij5Cexr6.v17.npz,data/local/semlex_citizen100_train_audit/raw/LEARN/B1GdGSXpcCn4ij5Cexr6.webm,B1GdGSXpcCn4ij5Cexr6,14,LEARN,LEARN,B_01_042,learn,LEARN,LEARN|LESS|SICK|MORNING|YEAR,True,True,0.9613031148910522,False
data/local/semlex_citizen100_train_audit/landmarks_v17/LEARN/BPosuUgrK07XDIb7XKX6.v17.npz,data/local/semlex_citizen100_train_audit/raw/LEARN/BPosuUgrK07XDIb7XKX6.webm,BPosuUgrK07XDIb7XKX6,59,LEARN,LEARN,B_01_042,learn,LEARN,LEARN|LESS|DRINK|NIGHT|FIND,True,True,0.9035956859588623,False
data/local/semlex_citizen100_train_audit/landmarks_v17/LEARN/Cctt7LkjTIso0xibi4aH.v17.npz,data/local/semlex_citizen100_train_audit/raw/LEARN/Cctt7LkjTIso0xibi4aH.webm,Cctt7LkjTIso0xibi4aH,76,LEARN,LEARN,B_01_042,learn,LEARN,LEARN|FIND|DRINK|ANSWER|YEAR,True,True,0.8837119936943054,False
data/local/semlex_citizen100_train_audit/landmarks_v17/LEARN/DQQIe75KGkJg59o9rHfZ.v17.npz,data/local/semlex_citizen100_train_audit/raw/LEARN/DQQIe75KGkJg59o9rHfZ.webm,DQQIe75KGkJg59o9rHfZ,39,LEARN,LEARN,B_01_042,learn,NIGHT,NIGHT|SCHOOL|WRITE|SAME|HAPPY,False,False,0.029068313539028168,False
data/local/semlex_citizen100_train_audit/landmarks_v17/LEARN/GmQHnEDmyBrHRDttQ9Ho.v17.npz,data/local/semlex_citizen100_train_audit/raw/LEARN/GmQHnEDmyBrHRDttQ9Ho.webm,GmQHnEDmyBrHRDttQ9Ho,15,LEARN,LEARN,B_01_042,learn,READ,READ|SMALL|DOCTOR|MORE|LESS,False,False,0.0005041210679337382,False
data/local/semlex_citizen100_train_audit/landmarks_v17/LEARN/H58JZxyFUUQSnPxREpTg.v17.npz,data/local/semlex_citizen100_train_audit/raw/LEARN/H58JZxyFUUQSnPxREpTg.webm,H58JZxyFUUQSnPxREpTg,30,LEARN,LEARN,B_01_042,learn,LEARN,LEARN|FIND|LESS|MAN|DRINK,True,True,0.8556631207466125,False
data/local/semlex_citizen100_train_audit/landmarks_v17/LEARN/Lh16yN85IHNVtCnSQ0Qu.v17.npz,data/local/semlex_citizen100_train_audit/raw/LEARN/Lh16yN85IHNVtCnSQ0Qu.webm,Lh16yN85IHNVtCnSQ0Qu,49,LEARN,LEARN,B_01_042,learn,LEARN,LEARN|SICK|STOP|MORNING|LESS,True,True,0.5832234025001526,False
data/local/semlex_citizen100_train_audit/landmarks_v17/LEARN/O4YN0rUxU3k7uz4u4IKe.v17.npz,data/local/semlex_citizen100_train_audit/raw/LEARN/O4YN0rUxU3k7uz4u4IKe.webm,O4YN0rUxU3k7uz4u4IKe,78,LEARN,LEARN,B_01_042,learn,LEARN,LEARN|STOP|DRINK|MORNING|GOOD,True,True,0.613132894039154,False
data/local/semlex_citizen100_train_audit/landmarks_v17/LEARN/RKUGKzMO7h9pkNHTqps1.v17.npz,data/local/semlex_citizen100_train_audit/raw/LEARN/RKUGKzMO7h9pkNHTqps1.webm,RKUGKzMO7h9pkNHTqps1,7,LEARN,LEARN,B_01_042,learn,YOU,YOU|THEY|YES|LANGUAGE|SAME,False,False,0.01055947132408619,False
data/local/semlex_citizen100_train_audit/landmarks_v17/LEARN/SRetGt2ABbhuivkoGw4w.v17.npz,data/local/semlex_citizen100_train_audit/raw/LEARN/SRetGt2ABbhuivkoGw4w.webm,SRetGt2ABbhuivkoGw4w,27,LEARN,LEARN,B_01_042,learn,LEARN,LEARN|MORNING|LESS|YEAR|MAN,True,True,0.7537426948547363,False
data/local/semlex_citizen100_train_audit/landmarks_v17/LEARN/UTmXlGL4YDCB9iCZ7BN0.v17.npz,data/local/semlex_citizen100_train_audit/raw/LEARN/UTmXlGL4YDCB9iCZ7BN0.webm,UTmXlGL4YDCB9iCZ7BN0,11,LEARN,LEARN,B_01_042,learn,LEARN,LEARN|MORNING|LESS|GIVE|YEAR,True,True,0.895030677318573,False
data/local/semlex_citizen100_train_audit/landmarks_v17/LEARN/X4ZzUmOZxg5s2gD2v4SA.v17.npz,data/local/semlex_citizen100_train_audit/raw/LEARN/X4ZzUmOZxg5s2gD2v4SA.webm,X4ZzUmOZxg5s2gD2v4SA,42,LEARN,LEARN,B_01_042,learn,LEARN,LEARN|SICK|YEAR|TOMORROW|WRITE,True,True,0.9429388046264648,False
data/local/semlex_citizen100_train_audit/landmarks_v17/LEARN/XChNMd0LJ75nWdCzXCml.v17.npz,data/local/semlex_citizen100_train_audit/raw/LEARN/XChNMd0LJ75nWdCzXCml.webm,XChNMd0LJ75nWdCzXCml,80,LEARN,LEARN,B_01_042,learn,LEARN,LEARN|SICK|LESS|WRITE|YEAR,True,True,0.9478464722633362,False
data/local/semlex_citizen100_train_audit/landmarks_v17/LEARN/YnkF6BQ1p8GV3chUXGan.v17.npz,data/local/semlex_citizen100_train_audit/raw/LEARN/YnkF6BQ1p8GV3chUXGan.webm,YnkF6BQ1p8GV3chUXGan,85,LEARN,LEARN,B_01_042,learn,LEARN,LEARN|MORNING|GIVE|YEAR|DRINK,True,True,0.9079189300537109,False
data/local/semlex_citizen100_train_audit/landmarks_v17/LEARN/eJ4sdARP7x1dDdhCgaHy.v17.npz,data/local/semlex_citizen100_train_audit/raw/LEARN/eJ4sdARP7x1dDdhCgaHy.webm,eJ4sdARP7x1dDdhCgaHy,12,LEARN,LEARN,B_01_042,learn,LEARN,LEARN|DRINK|FIND|FAMILY|YEAR,True,True,0.6733607053756714,False
data/local/semlex_citizen100_train_audit/landmarks_v17/LEARN/nqyLXurScWExqcgStSN0.v17.npz,data/local/semlex_citizen100_train_audit/raw/LEARN/nqyLXurScWExqcgStSN0.webm,nqyLXurScWExqcgStSN0,38,LEARN,LEARN,B_01_042,learn,LEARN,LEARN|LESS|MORNING|SICK|MAN,True,True,0.7018086314201355,False
data/local/semlex_citizen100_train_audit/landmarks_v17/LEARN/oBT5USHtnZ7BigcbgENl.v17.npz,data/local/semlex_citizen100_train_audit/raw/LEARN/oBT5USHtnZ7BigcbgENl.webm,oBT5USHtnZ7BigcbgENl,52,LEARN,LEARN,B_01_042,learn,EASY,EASY|WRITE|LEARN|STOP|MAYBE,False,True,0.08347923308610916,False
data/local/semlex_citizen100_train_audit/landmarks_v17/LEARN/ycBCsGO5vhuDwVhDVRK4.v17.npz,data/local/semlex_citizen100_train_audit/raw/LEARN/ycBCsGO5vhuDwVhDVRK4.webm,ycBCsGO5vhuDwVhDVRK4,62,LEARN,LEARN,B_01_042,learn,LEARN,LEARN|MORNING|LESS|SICK|KNOW,True,True,0.43509766459465027,False
data/local/semlex_citizen100_train_audit/landmarks_v17/LEARN/yqBjgDxxQz8vqq9i16BM.v17.npz,data/local/semlex_citizen100_train_audit/raw/LEARN/yqBjgDxxQz8vqq9i16BM.webm,yqBjgDxxQz8vqq9i16BM,8,LEARN,LEARN,B_01_042,learn,LEARN,LEARN|SCHOOL|LESS|STOP|WRITE,True,True,0.27531158924102783,False
data/local/semlex_citizen100_train_audit/landmarks_v17/LESS/8EUfVNAzfgsJ53vFYBZ6.v17.npz,data/local/semlex_citizen100_train_audit/raw/LESS/8EUfVNAzfgsJ53vFYBZ6.webm,8EUfVNAzfgsJ53vFYBZ6,59,LESS,LESS,E_02_043,less,CHILD,CHILD|OUR|GOODBYE|HOME|DOCTOR,False,False,0.020032871514558792,False
data/local/semlex_citizen100_train_audit/landmarks_v17/LESS/DrS1SDJn6O2uBr9xT0jy.v17.npz,data/local/semlex_citizen100_train_audit/raw/LESS/DrS1SDJn6O2uBr9xT0jy.webm,DrS1SDJn6O2uBr9xT0jy,23,LESS,LESS,E_02_043,less,LESS,LESS|LEARN|SICK|STOP|DOCTOR,True,True,0.9434273838996887,False
data/local/semlex_citizen100_train_audit/landmarks_v17/LESS/G7lSUyngQe18doV4p7Q0.v17.npz,data/local/semlex_citizen100_train_audit/raw/LESS/G7lSUyngQe18doV4p7Q0.webm,G7lSUyngQe18doV4p7Q0,7,LESS,LESS,E_02_043,less,LESS,LESS|DOCTOR|MORNING|MORE|STOP,True,True,0.83232581615448,False
data/local/semlex_citizen100_train_audit/landmarks_v17/LESS/OG6nwlWmosrrTNGrRpKm.v17.npz,data/local/semlex_citizen100_train_audit/raw/LESS/OG6nwlWmosrrTNGrRpKm.webm,OG6nwlWmosrrTNGrRpKm,88,LESS,LESS,E_02_043,less,GOODBYE,GOODBYE|CHILD|FIND|YES|NO,False,False,0.0005149542121216655,False
data/local/semlex_citizen100_train_audit/landmarks_v17/LESS/TaQbzhyVo2jKMXJ2jnWJ.v17.npz,data/local/semlex_citizen100_train_audit/raw/LESS/TaQbzhyVo2jKMXJ2jnWJ.webm,TaQbzhyVo2jKMXJ2jnWJ,49,LESS,LESS,E_02_043,less,SMALL,SMALL|DOCTOR|LESS|MORE|OUR,False,True,0.04824968799948692,False
data/local/semlex_citizen100_train_audit/landmarks_v17/LESS/b4lBU0tKg2xbme3mOUKR.v17.npz,data/local/semlex_citizen100_train_audit/raw/LESS/b4lBU0tKg2xbme3mOUKR.webm,b4lBU0tKg2xbme3mOUKR,39,LESS,LESS,E_02_043,less,LESS,LESS|GIVE|DOCTOR|STOP|GOOD,True,True,0.10938391834497452,False
data/local/semlex_citizen100_train_audit/landmarks_v17/LESS/f0FJbaEKVfbYyL5jpvRN.v17.npz,data/local/semlex_citizen100_train_audit/raw/LESS/f0FJbaEKVfbYyL5jpvRN.webm,f0FJbaEKVfbYyL5jpvRN,84,LESS,LESS,E_02_043,less,LESS,LESS|DOCTOR|SICK|LEARN|STOP,True,True,0.9173409938812256,False
data/local/semlex_citizen100_train_audit/landmarks_v17/LESS/kvcXbb0vn1ae87AFOY5j.v17.npz,data/local/semlex_citizen100_train_audit/raw/LESS/kvcXbb0vn1ae87AFOY5j.webm,kvcXbb0vn1ae87AFOY5j,42,LESS,LESS,E_02_043,less,LESS,LESS|LEARN|MORE|KNOW|MAN,True,True,0.9496674537658691,False
data/local/semlex_citizen100_train_audit/landmarks_v17/LESS/qNwaNYzG5blBaV1IXwE6.v17.npz,data/local/semlex_citizen100_train_audit/raw/LESS/qNwaNYzG5blBaV1IXwE6.webm,qNwaNYzG5blBaV1IXwE6,35,LESS,LESS,E_02_043,less,LESS,LESS|STOP|SCHOOL|DOCTOR|SMALL,True,True,0.69288569688797,False
data/local/semlex_citizen100_train_audit/landmarks_v17/LESS/xthVkbNM6UqlFOJhNHg4.v17.npz,data/local/semlex_citizen100_train_audit/raw/LESS/xthVkbNM6UqlFOJhNHg4.webm,xthVkbNM6UqlFOJhNHg4,30,LESS,LESS,E_02_043,less,MAN,MAN|OUR|WOMAN|HOME|DAY,False,False,0.01659061759710312,False
data/local/semlex_citizen100_train_audit/landmarks_v17/LIKE/2UNREr47xQsFlprpLDCB.v17.npz,data/local/semlex_citizen100_train_audit/raw/LIKE/2UNREr47xQsFlprpLDCB.webm,2UNREr47xQsFlprpLDCB,39,LIKE,LIKE,F_03_063,like,ANGRY,ANGRY|HE|WHY|WHAT|WANT,False,False,0.008018500171601772,False
data/local/semlex_citizen100_train_audit/landmarks_v17/LIKE/43DkozyS7NWDxlBujYHN.v17.npz,data/local/semlex_citizen100_train_audit/raw/LIKE/43DkozyS7NWDxlBujYHN.webm,43DkozyS7NWDxlBujYHN,7,LIKE,LIKE,F_03_063,like,LIKE,LIKE|THEY|HOSPITAL|HUNGRY|WOMAN,True,True,0.355515718460083,False
data/local/semlex_citizen100_train_audit/landmarks_v17/LIKE/9lp2oRWUZxjYq6lirruE.v17.npz,data/local/semlex_citizen100_train_audit/raw/LIKE/9lp2oRWUZxjYq6lirruE.webm,9lp2oRWUZxjYq6lirruE,62,LIKE,LIKE,F_03_063,like,LIKE,LIKE|MY|THEY|HOSPITAL|TIME,True,True,0.41744354367256165,False
data/local/semlex_citizen100_train_audit/landmarks_v17/LIKE/BLpuILVtPolsxEtt1AFb.v17.npz,data/local/semlex_citizen100_train_audit/raw/LIKE/BLpuILVtPolsxEtt1AFb.webm,BLpuILVtPolsxEtt1AFb,38,LIKE,LIKE,F_03_063,like,PLEASE,PLEASE|MY|HUNGRY|FEEL|HAPPY,False,False,0.014864773489534855,False
data/local/semlex_citizen100_train_audit/landmarks_v17/LIKE/D8xoXYVCuWY7JwgbSctE.v17.npz,data/local/semlex_citizen100_train_audit/raw/LIKE/D8xoXYVCuWY7JwgbSctE.webm,D8xoXYVCuWY7JwgbSctE,11,LIKE,LIKE,F_03_063,like,LIKE,LIKE|GIVE|THEY|FEEL|NAME,True,True,0.6281217932701111,False
data/local/semlex_citizen100_train_audit/landmarks_v17/LIKE/Fj9VgLCwARj0MOefuTIX.v17.npz,data/local/semlex_citizen100_train_audit/raw/LIKE/Fj9VgLCwARj0MOefuTIX.webm,Fj9VgLCwARj0MOefuTIX,15,LIKE,LIKE,F_03_063,like,LIKE,LIKE|HUNGRY|WOMAN|YOU|PLEASE,True,True,0.5196776986122131,False
data/local/semlex_citizen100_train_audit/landmarks_v17/LIKE/Kxd6yDwsAr1AmyDXhkKl.v17.npz,data/local/semlex_citizen100_train_audit/raw/LIKE/Kxd6yDwsAr1AmyDXhkKl.webm,Kxd6yDwsAr1AmyDXhkKl,84,LIKE,LIKE,F_03_063,like,LIKE,LIKE|HUNGRY|FEEL|MY|WOMAN,True,True,0.8499971032142639,False
data/local/semlex_citizen100_train_audit/landmarks_v17/LIKE/Sca8BDOr5jMbhrpjleZ8.v17.npz,data/local/semlex_citizen100_train_audit/raw/LIKE/Sca8BDOr5jMbhrpjleZ8.webm,Sca8BDOr5jMbhrpjleZ8,63,LIKE,LIKE,F_03_063,like,FEEL,FEEL|LIKE|PLEASE|HUNGRY|HAPPY,False,True,0.21227909624576569,False
data/local/semlex_citizen100_train_audit/landmarks_v17/LIKE/W5v6YnyEdA0z4chxCfcU.v17.npz,data/local/semlex_citizen100_train_audit/raw/LIKE/W5v6YnyEdA0z4chxCfcU.webm,W5v6YnyEdA0z4chxCfcU,49,LIKE,LIKE,F_03_063,like,WANT,WANT|WHAT|DOCTOR|WHY|READ,False,False,0.006147094536572695,False
data/local/semlex_citizen100_train_audit/landmarks_v17/LIKE/X0CPC2Vr7Ydz9u1BA17n.v17.npz,data/local/semlex_citizen100_train_audit/raw/LIKE/X0CPC2Vr7Ydz9u1BA17n.webm,X0CPC2Vr7Ydz9u1BA17n,88,LIKE,LIKE,F_03_063,like,HUNGRY,HUNGRY|LIKE|HOSPITAL|WOMAN|MY,False,True,0.13109366595745087,False
data/local/semlex_citizen100_train_audit/landmarks_v17/LIKE/ZlfWCSoBdy945ACtTg5M.v17.npz,data/local/semlex_citizen100_train_audit/raw/LIKE/ZlfWCSoBdy945ACtTg5M.webm,ZlfWCSoBdy945ACtTg5M,17,LIKE,LIKE,F_03_063,like,LIKE,LIKE|THEY|SEE|FEEL|WATER,True,True,0.8896292448043823,False
data/local/semlex_citizen100_train_audit/landmarks_v17/LIKE/eNf0EaRTEEPBr1sq4Yda.v17.npz,data/local/semlex_citizen100_train_audit/raw/LIKE/eNf0EaRTEEPBr1sq4Yda.webm,eNf0EaRTEEPBr1sq4Yda,85,LIKE,LIKE,F_03_063,like,LIKE,LIKE|HUNGRY|FEEL|PLEASE|MY,True,True,0.6118118762969971,False
data/local/semlex_citizen100_train_audit/landmarks_v17/LIKE/nMiPCe1DWr6zSPf8H6X2.v17.npz,data/local/semlex_citizen100_train_audit/raw/LIKE/nMiPCe1DWr6zSPf8H6X2.webm,nMiPCe1DWr6zSPf8H6X2,12,LIKE,LIKE,F_03_063,like,LIKE,LIKE|FEEL|THEY|WEEK|NAME,True,True,0.8764110803604126,False
data/local/semlex_citizen100_train_audit/landmarks_v17/LISTEN/51qUMJPyneYpudNN0eqd.v17.npz,data/local/semlex_citizen100_train_audit/raw/LISTEN/51qUMJPyneYpudNN0eqd.webm,51qUMJPyneYpudNN0eqd,62,LISTEN,LISTEN,K_01_117,listen,LISTEN,LISTEN|NO|HEAR|GOODBYE|MOTHER,True,True,0.8865060806274414,False
data/local/semlex_citizen100_train_audit/landmarks_v17/LISTEN/9Nc8mKqpR8fKEA09i4Ek.v17.npz,data/local/semlex_citizen100_train_audit/raw/LISTEN/9Nc8mKqpR8fKEA09i4Ek.webm,9Nc8mKqpR8fKEA09i4Ek,54,LISTEN,LISTEN,K_01_117,listen,LISTEN,LISTEN|NO|HEAR|NEED|THINK,True,True,0.8770973086357117,False
data/local/semlex_citizen100_train_audit/landmarks_v17/LISTEN/A3bkYOmYNl81gvnw1K5f.v17.npz,data/local/semlex_citizen100_train_audit/raw/LISTEN/A3bkYOmYNl81gvnw1K5f.webm,A3bkYOmYNl81gvnw1K5f,78,LISTEN,LISTEN,K_01_117,listen,HEAR,HEAR|LISTEN|GOODBYE|YESTERDAY|FATHER,False,True,0.444703072309494,False
data/local/semlex_citizen100_train_audit/landmarks_v17/LISTEN/BR1xN34INbuWUnWUahfv.v17.npz,data/local/semlex_citizen100_train_audit/raw/LISTEN/BR1xN34INbuWUnWUahfv.webm,BR1xN34INbuWUnWUahfv,84,LISTEN,LISTEN,K_01_117,listen,LISTEN,LISTEN|THINK|MORE|HOME|SEE,True,True,0.3380613327026367,False
data/local/semlex_citizen100_train_audit/landmarks_v17/LISTEN/HcHBoH0P8i2qQN5jAD0T.v17.npz,data/local/semlex_citizen100_train_audit/raw/LISTEN/HcHBoH0P8i2qQN5jAD0T.webm,HcHBoH0P8i2qQN5jAD0T,17,LISTEN,LISTEN,K_01_117,listen,HEAR,HEAR|HELLO|GOODBYE|MOTHER|FATHER,False,False,0.00577435502782464,False
data/local/semlex_citizen100_train_audit/landmarks_v17/LISTEN/IKE10PtN1x7A16bxgxWQ.v17.npz,data/local/semlex_citizen100_train_audit/raw/LISTEN/IKE10PtN1x7A16bxgxWQ.webm,IKE10PtN1x7A16bxgxWQ,12,LISTEN,LISTEN,K_01_117,listen,LISTEN,LISTEN|NO|HEAR|GOODBYE|SLEEP,True,True,0.8828028440475464,False
data/local/semlex_citizen100_train_audit/landmarks_v17/LISTEN/LeqwISQ4kLax6vFWaEAW.v17.npz,data/local/semlex_citizen100_train_audit/raw/LISTEN/LeqwISQ4kLax6vFWaEAW.webm,LeqwISQ4kLax6vFWaEAW,49,LISTEN,LISTEN,K_01_117,listen,LISTEN,LISTEN|HEAR|NO|MOTHER|GOODBYE,True,True,0.7915022373199463,False
data/local/semlex_citizen100_train_audit/landmarks_v17/LISTEN/YQzBwZL1Y7URYyWOXAx4.v17.npz,data/local/semlex_citizen100_train_audit/raw/LISTEN/YQzBwZL1Y7URYyWOXAx4.webm,YQzBwZL1Y7URYyWOXAx4,46,LISTEN,LISTEN,K_01_117,listen,LISTEN,LISTEN|FATHER|HEAR|THINK|YESTERDAY,True,True,0.5073215961456299,False
data/local/semlex_citizen100_train_audit/landmarks_v17/LISTEN/cRv9jdcqM7CSHVB7PpHN.v17.npz,data/local/semlex_citizen100_train_audit/raw/LISTEN/cRv9jdcqM7CSHVB7PpHN.webm,cRv9jdcqM7CSHVB7PpHN,39,LISTEN,LISTEN,K_01_117,listen,ANGRY,ANGRY|HE|WANT|WHY|READY,False,False,0.022629741579294205,False
data/local/semlex_citizen100_train_audit/landmarks_v17/LISTEN/oBpuoGEaUXkZnx1rev6K.v17.npz,data/local/semlex_citizen100_train_audit/raw/LISTEN/oBpuoGEaUXkZnx1rev6K.webm,oBpuoGEaUXkZnx1rev6K,42,LISTEN,LISTEN,K_01_117,listen,LISTEN,LISTEN|HOME|HEAR|SLEEP|NO,True,True,0.9239068031311035,False
data/local/semlex_citizen100_train_audit/landmarks_v17/LISTEN/pzo2jXYt0g0ZEMMnfNUL.v17.npz,data/local/semlex_citizen100_train_audit/raw/LISTEN/pzo2jXYt0g0ZEMMnfNUL.webm,pzo2jXYt0g0ZEMMnfNUL,7,LISTEN,LISTEN,K_01_117,listen,LISTEN,LISTEN|HEAR|WHY|GOODBYE|HE,True,True,0.6513353586196899,False
data/local/semlex_citizen100_train_audit/landmarks_v17/LISTEN/rm8AgHXWFOTbJWGkx9Hn.v17.npz,data/local/semlex_citizen100_train_audit/raw/LISTEN/rm8AgHXWFOTbJWGkx9Hn.webm,rm8AgHXWFOTbJWGkx9Hn,43,LISTEN,LISTEN,K_01_117,listen,LISTEN,LISTEN|NO|WHY|GOODBYE|SEE,True,True,0.5949004888534546,False
data/local/semlex_citizen100_train_audit/landmarks_v17/LOVE/B6wJNwZhLP2jxn5ksmma.v17.npz,data/local/semlex_citizen100_train_audit/raw/LOVE/B6wJNwZhLP2jxn5ksmma.webm,B6wJNwZhLP2jxn5ksmma,88,LOVE,LOVE,G_01_068,love,LOVE,LOVE|MAKE|HELP|YEAR|SORRY,True,True,0.6711206436157227,False
data/local/semlex_citizen100_train_audit/landmarks_v17/LOVE/FRJc439T1RAk6RaesBby.v17.npz,data/local/semlex_citizen100_train_audit/raw/LOVE/FRJc439T1RAk6RaesBby.webm,FRJc439T1RAk6RaesBby,85,LOVE,LOVE,G_01_068,love,LOVE,LOVE|HELP|MAKE|YEAR|MORNING,True,True,0.8966985940933228,False
data/local/semlex_citizen100_train_audit/landmarks_v17/LOVE/HBwVHTNsO45k9HImWZEi.v17.npz,data/local/semlex_citizen100_train_audit/raw/LOVE/HBwVHTNsO45k9HImWZEi.webm,HBwVHTNsO45k9HImWZEi,14,LOVE,LOVE,G_01_068,love,LOVE,LOVE|HELP|MY|MAKE|HOW,True,True,0.7792438268661499,False
data/local/semlex_citizen100_train_audit/landmarks_v17/LOVE/J5KYXPrw0hlKIDDGSisW.v17.npz,data/local/semlex_citizen100_train_audit/raw/LOVE/J5KYXPrw0hlKIDDGSisW.webm,J5KYXPrw0hlKIDDGSisW,11,LOVE,LOVE,G_01_068,love,LOVE,LOVE|HELP|MAKE|YEAR|DAY,True,True,0.8997417092323303,False
data/local/semlex_citizen100_train_audit/landmarks_v17/LOVE/MqldoHlD9CoXH4uBGVq9.v17.npz,data/local/semlex_citizen100_train_audit/raw/LOVE/MqldoHlD9CoXH4uBGVq9.webm,MqldoHlD9CoXH4uBGVq9,31,LOVE,LOVE,G_01_068,love,LOVE,LOVE|HOSPITAL|HELP|EAT|MAKE,True,True,0.8077030181884766,False
data/local/semlex_citizen100_train_audit/landmarks_v17/LOVE/N74aIXN0SSdWbi0u4QM2.v17.npz,data/local/semlex_citizen100_train_audit/raw/LOVE/N74aIXN0SSdWbi0u4QM2.webm,N74aIXN0SSdWbi0u4QM2,80,LOVE,LOVE,G_01_068,love,LOVE,LOVE|HELP|YEAR|HOSPITAL|MORNING,True,True,0.9136524796485901,False
data/local/semlex_citizen100_train_audit/landmarks_v17/LOVE/P0EqWKytkaXVNtfIGmBU.v17.npz,data/local/semlex_citizen100_train_audit/raw/LOVE/P0EqWKytkaXVNtfIGmBU.webm,P0EqWKytkaXVNtfIGmBU,49,LOVE,LOVE,G_01_068,love,LOVE,LOVE|MAKE|YEAR|HELP|SORRY,True,True,0.6213563680648804,False
data/local/semlex_citizen100_train_audit/landmarks_v17/LOVE/R5AFJ37rjv0Zlg1Nb9eL.v17.npz,data/local/semlex_citizen100_train_audit/raw/LOVE/R5AFJ37rjv0Zlg1Nb9eL.webm,R5AFJ37rjv0Zlg1Nb9eL,52,LOVE,LOVE,G_01_068,love,SORRY,SORRY|YOU|TOMORROW|SAME|FEEL,False,False,0.0012597948079928756,False
data/local/semlex_citizen100_train_audit/landmarks_v17/LOVE/TbDoH83lvrxYlQAADSPv.v17.npz,data/local/semlex_citizen100_train_audit/raw/LOVE/TbDoH83lvrxYlQAADSPv.webm,TbDoH83lvrxYlQAADSPv,38,LOVE,LOVE,G_01_068,love,LOVE,LOVE|MAKE|YEAR|HELP|SORRY,True,True,0.896263062953949,False
data/local/semlex_citizen100_train_audit/landmarks_v17/LOVE/VB0mZh0rqfeGenJzA5S2.v17.npz,data/local/semlex_citizen100_train_audit/raw/LOVE/VB0mZh0rqfeGenJzA5S2.webm,VB0mZh0rqfeGenJzA5S2,17,LOVE,LOVE,G_01_068,love,LOVE,LOVE|HELP|MAKE|EAT|YEAR,True,True,0.9133387207984924,False
data/local/semlex_citizen100_train_audit/landmarks_v17/LOVE/XOSJN4E8fKQRKhW8YWeD.v17.npz,data/local/semlex_citizen100_train_audit/raw/LOVE/XOSJN4E8fKQRKhW8YWeD.webm,XOSJN4E8fKQRKhW8YWeD,35,LOVE,LOVE,G_01_068,love,LOVE,LOVE|MAKE|HOSPITAL|YEAR|SCHOOL,True,True,0.9047610759735107,False
data/local/semlex_citizen100_train_audit/landmarks_v17/LOVE/XR9tXgZf0BiqwS4xlwK3.v17.npz,data/local/semlex_citizen100_train_audit/raw/LOVE/XR9tXgZf0BiqwS4xlwK3.webm,XR9tXgZf0BiqwS4xlwK3,15,LOVE,LOVE,G_01_068,love,LOVE,LOVE|HELP|MAKE|YEAR|MY,True,True,0.9071272015571594,False
data/local/semlex_citizen100_train_audit/landmarks_v17/LOVE/YB9xgTGrk8DcBvCkJaN2.v17.npz,data/local/semlex_citizen100_train_audit/raw/LOVE/YB9xgTGrk8DcBvCkJaN2.webm,YB9xgTGrk8DcBvCkJaN2,46,LOVE,LOVE,G_01_068,love,LOVE,LOVE|HELP|MAKE|HOSPITAL|MORNING,True,True,0.9389576315879822,False
data/local/semlex_citizen100_train_audit/landmarks_v17/LOVE/YPDZxXdm9G8jFtJcU1Iw.v17.npz,data/local/semlex_citizen100_train_audit/raw/LOVE/YPDZxXdm9G8jFtJcU1Iw.webm,YPDZxXdm9G8jFtJcU1Iw,8,LOVE,LOVE,G_01_068,love,LOVE,LOVE|HELP|MAKE|YEAR|HOSPITAL,True,True,0.9154462814331055,False
data/local/semlex_citizen100_train_audit/landmarks_v17/LOVE/ZrtyWh24BmVHPfKZ7MIB.v17.npz,data/local/semlex_citizen100_train_audit/raw/LOVE/ZrtyWh24BmVHPfKZ7MIB.webm,ZrtyWh24BmVHPfKZ7MIB,62,LOVE,LOVE,G_01_068,love,LOVE,LOVE|MAKE|YEAR|HELP|HOSPITAL,True,True,0.8734631538391113,False
data/local/semlex_citizen100_train_audit/landmarks_v17/LOVE/k2emd2WGQyPVQgQJthAV.v17.npz,data/local/semlex_citizen100_train_audit/raw/LOVE/k2emd2WGQyPVQgQJthAV.webm,k2emd2WGQyPVQgQJthAV,7,LOVE,LOVE,G_01_068,love,LOVE,LOVE|THEY|HOSPITAL|LIKE|MAKE,True,True,0.23990370333194733,False
data/local/semlex_citizen100_train_audit/landmarks_v17/LOVE/lzy6PfeY1OV6mJeesrYs.v17.npz,data/local/semlex_citizen100_train_audit/raw/LOVE/lzy6PfeY1OV6mJeesrYs.webm,lzy6PfeY1OV6mJeesrYs,30,LOVE,LOVE,G_01_068,love,LOVE,LOVE|HELP|YEAR|HOSPITAL|MAKE,True,True,0.9146336317062378,False
data/local/semlex_citizen100_train_audit/landmarks_v17/LOVE/p0gBpqANdBBPhChEhDqz.v17.npz,data/local/semlex_citizen100_train_audit/raw/LOVE/p0gBpqANdBBPhChEhDqz.webm,p0gBpqANdBBPhChEhDqz,59,LOVE,LOVE,G_01_068,love,LOVE,LOVE|SORRY|MAKE|HOSPITAL|YEAR,True,True,0.37754473090171814,False
data/local/semlex_citizen100_train_audit/landmarks_v17/LOVE/qjDK10ifJd6NwywLYim6.v17.npz,data/local/semlex_citizen100_train_audit/raw/LOVE/qjDK10ifJd6NwywLYim6.webm,qjDK10ifJd6NwywLYim6,43,LOVE,LOVE,G_01_068,love,LOVE,LOVE|HELP|HOSPITAL|DAY|YEAR,True,True,0.9158259630203247,False
data/local/semlex_citizen100_train_audit/landmarks_v17/LOVE/yLeOO4huBmzHyqXgpiFU.v17.npz,data/local/semlex_citizen100_train_audit/raw/LOVE/yLeOO4huBmzHyqXgpiFU.webm,yLeOO4huBmzHyqXgpiFU,84,LOVE,LOVE,G_01_068,love,LOVE,LOVE|HOSPITAL|MY|MAKE|DAY,True,True,0.9118158221244812,False
data/local/semlex_citizen100_train_audit/landmarks_v17/MAKE/3Tcp4hcrXjbz9TiS7Rbz.v17.npz,data/local/semlex_citizen100_train_audit/raw/MAKE/3Tcp4hcrXjbz9TiS7Rbz.webm,3Tcp4hcrXjbz9TiS7Rbz,62,MAKE,MAKE,C_01_032,make,MAKE,MAKE|YEAR|TIRED|SORRY|I,True,True,0.8392859101295471,False
data/local/semlex_citizen100_train_audit/landmarks_v17/MAKE/6d5Ha6o8CxTaQinnfDgZ.v17.npz,data/local/semlex_citizen100_train_audit/raw/MAKE/6d5Ha6o8CxTaQinnfDgZ.webm,6d5Ha6o8CxTaQinnfDgZ,49,MAKE,MAKE,C_01_032,make,YEAR,YEAR|MAKE|YOU|THEY|TIME,False,True,0.30737194418907166,False
data/local/semlex_citizen100_train_audit/landmarks_v17/MAKE/AYSFtEG4p05dlbyY4MDV.v17.npz,data/local/semlex_citizen100_train_audit/raw/MAKE/AYSFtEG4p05dlbyY4MDV.webm,AYSFtEG4p05dlbyY4MDV,39,MAKE,MAKE,C_01_032,make,WE,WE|HOSPITAL|TAKE|DAY|ASK,False,False,0.0005990689969621599,False
data/local/semlex_citizen100_train_audit/landmarks_v17/MAKE/Ghlnfg9a45Y3Q8fHnDym.v17.npz,data/local/semlex_citizen100_train_audit/raw/MAKE/Ghlnfg9a45Y3Q8fHnDym.webm,Ghlnfg9a45Y3Q8fHnDym,84,MAKE,MAKE,C_01_032,make,YEAR,YEAR|MAKE|LOVE|HELP|TIME,False,True,0.1602095365524292,False
data/local/semlex_citizen100_train_audit/landmarks_v17/MAKE/IIEQRusC1bzEyYiSlF3F.v17.npz,data/local/semlex_citizen100_train_audit/raw/MAKE/IIEQRusC1bzEyYiSlF3F.webm,IIEQRusC1bzEyYiSlF3F,8,MAKE,MAKE,C_01_032,make,MAKE,MAKE|SORRY|HOW|YEAR|TELL,True,True,0.8479801416397095,False
data/local/semlex_citizen100_train_audit/landmarks_v17/MAKE/P74wDFD6cDIWGZ319ROv.v17.npz,data/local/semlex_citizen100_train_audit/raw/MAKE/P74wDFD6cDIWGZ319ROv.webm,P74wDFD6cDIWGZ319ROv,17,MAKE,MAKE,C_01_032,make,MAKE,MAKE|YEAR|TIME|NAME|THEY,True,True,0.7402783632278442,False
data/local/semlex_citizen100_train_audit/landmarks_v17/MAKE/VEkXlCOwRKPtUTOuEPFP.v17.npz,data/local/semlex_citizen100_train_audit/raw/MAKE/VEkXlCOwRKPtUTOuEPFP.webm,VEkXlCOwRKPtUTOuEPFP,88,MAKE,MAKE,C_01_032,make,MAKE,MAKE|YEAR|SORRY|FRIEND|LOVE,True,True,0.6381145715713501,False
data/local/semlex_citizen100_train_audit/landmarks_v17/MAKE/Wdt0VgOkj8XNjL5eqcRK.v17.npz,data/local/semlex_citizen100_train_audit/raw/MAKE/Wdt0VgOkj8XNjL5eqcRK.webm,Wdt0VgOkj8XNjL5eqcRK,30,MAKE,MAKE,C_01_032,make,MAKE,MAKE|YOU|SORRY|WHO|YEAR,True,True,0.47869017720222473,False
data/local/semlex_citizen100_train_audit/landmarks_v17/MAKE/XdMmPDpw2VwdLsUsOmMr.v17.npz,data/local/semlex_citizen100_train_audit/raw/MAKE/XdMmPDpw2VwdLsUsOmMr.webm,XdMmPDpw2VwdLsUsOmMr,14,MAKE,MAKE,C_01_032,make,MAKE,MAKE|YEAR|LOVE|HOW|SORRY,True,True,0.9312593340873718,False
data/local/semlex_citizen100_train_audit/landmarks_v17/MAKE/Z8mWZZtPlNQixGo5V31N.v17.npz,data/local/semlex_citizen100_train_audit/raw/MAKE/Z8mWZZtPlNQixGo5V31N.webm,Z8mWZZtPlNQixGo5V31N,54,MAKE,MAKE,C_01_032,make,MAKE,MAKE|YEAR|SORRY|WORK|LOVE,True,True,0.8231716156005859,False
data/local/semlex_citizen100_train_audit/landmarks_v17/MAKE/bmcsIGHTJwVyGGnmyyW1.v17.npz,data/local/semlex_citizen100_train_audit/raw/MAKE/bmcsIGHTJwVyGGnmyyW1.webm,bmcsIGHTJwVyGGnmyyW1,63,MAKE,MAKE,C_01_032,make,MAKE,MAKE|YEAR|HOW|TELL|I,True,True,0.8740463852882385,False
data/local/semlex_citizen100_train_audit/landmarks_v17/MAKE/fCMeHqHNQGIzlfVw3nr8.v17.npz,data/local/semlex_citizen100_train_audit/raw/MAKE/fCMeHqHNQGIzlfVw3nr8.webm,fCMeHqHNQGIzlfVw3nr8,42,MAKE,MAKE,C_01_032,make,MAKE,MAKE|YEAR|TIME|LOVE|I,True,True,0.46438443660736084,False
data/local/semlex_citizen100_train_audit/landmarks_v17/MAKE/o87CRcujci63DII0HiFT.v17.npz,data/local/semlex_citizen100_train_audit/raw/MAKE/o87CRcujci63DII0HiFT.webm,o87CRcujci63DII0HiFT,46,MAKE,MAKE,C_01_032,make,MAKE,MAKE|YEAR|TIME|SORRY|I,True,True,0.6335580945014954,False
data/local/semlex_citizen100_train_audit/landmarks_v17/MAKE/pPiWQgskQeoJvp8wHNw8.v17.npz,data/local/semlex_citizen100_train_audit/raw/MAKE/pPiWQgskQeoJvp8wHNw8.webm,pPiWQgskQeoJvp8wHNw8,11,MAKE,MAKE,C_01_032,make,MAKE,MAKE|YEAR|TELL|HOW|TIME,True,True,0.5767444372177124,False
data/local/semlex_citizen100_train_audit/landmarks_v17/MAKE/qHsBS7VMfM3JjMKAQbhM.v17.npz,data/local/semlex_citizen100_train_audit/raw/MAKE/qHsBS7VMfM3JjMKAQbhM.webm,qHsBS7VMfM3JjMKAQbhM,59,MAKE,MAKE,C_01_032,make,COLD,COLD|WRITE|FRIEND|MAKE|HOW,False,True,0.044370632618665695,False
data/local/semlex_citizen100_train_audit/landmarks_v17/MAKE/xO0TGUC6233pkt4c5P4A.v17.npz,data/local/semlex_citizen100_train_audit/raw/MAKE/xO0TGUC6233pkt4c5P4A.webm,xO0TGUC6233pkt4c5P4A,7,MAKE,MAKE,C_01_032,make,MAKE,MAKE|YEAR|TIME|WORK|SORRY,True,True,0.9058051705360413,False
data/local/semlex_citizen100_train_audit/landmarks_v17/MAN/4G3UhSJ8CukDEIxP7PGK.v17.npz,data/local/semlex_citizen100_train_audit/raw/MAN/4G3UhSJ8CukDEIxP7PGK.webm,4G3UhSJ8CukDEIxP7PGK,43,MAN,MAN,C_01_040,man,MAN,MAN|DRINK|FIND|LESS|YESTERDAY,True,True,0.8138695359230042,False
data/local/semlex_citizen100_train_audit/landmarks_v17/MAN/DiGFCMJs2JfzP33RhUL8.v17.npz,data/local/semlex_citizen100_train_audit/raw/MAN/DiGFCMJs2JfzP33RhUL8.webm,DiGFCMJs2JfzP33RhUL8,46,MAN,MAN,C_01_040,man,MAN,MAN|WOMAN|LESS|FATHER|DRINK,True,True,0.9133726358413696,False
data/local/semlex_citizen100_train_audit/landmarks_v17/MAN/HjGe3KkPr86InLKkEnNE.v17.npz,data/local/semlex_citizen100_train_audit/raw/MAN/HjGe3KkPr86InLKkEnNE.webm,HjGe3KkPr86InLKkEnNE,17,MAN,MAN,C_01_040,man,MAN,MAN|WOMAN|MORNING|DAY|LESS,True,True,0.89525306224823,False
data/local/semlex_citizen100_train_audit/landmarks_v17/MAN/I0Sk9pVfRhxLQ2rqgFzF.v17.npz,data/local/semlex_citizen100_train_audit/raw/MAN/I0Sk9pVfRhxLQ2rqgFzF.webm,I0Sk9pVfRhxLQ2rqgFzF,49,MAN,MAN,C_01_040,man,MAN,MAN|FATHER|HELLO|DRINK|FIND,True,True,0.765884280204773,False
data/local/semlex_citizen100_train_audit/landmarks_v17/MAN/VoAnF9mqEx97bkesmonL.v17.npz,data/local/semlex_citizen100_train_audit/raw/MAN/VoAnF9mqEx97bkesmonL.webm,VoAnF9mqEx97bkesmonL,42,MAN,MAN,C_01_040,man,MAN,MAN|WOMAN|LESS|DAY|MORNING,True,True,0.9261494874954224,False
data/local/semlex_citizen100_train_audit/landmarks_v17/MAN/ZERZMPn4zXJwP9UoGBkR.v17.npz,data/local/semlex_citizen100_train_audit/raw/MAN/ZERZMPn4zXJwP9UoGBkR.webm,ZERZMPn4zXJwP9UoGBkR,7,MAN,MAN,C_01_040,man,MAN,MAN|WOMAN|DAY|HOSPITAL|MORNING,True,True,0.3595418632030487,False
data/local/semlex_citizen100_train_audit/landmarks_v17/MAN/awrZqp1edfjm847EukRY.v17.npz,data/local/semlex_citizen100_train_audit/raw/MAN/awrZqp1edfjm847EukRY.webm,awrZqp1edfjm847EukRY,85,MAN,MAN,C_01_040,man,MAN,MAN|LEARN|DAY|ANSWER|TOMORROW,True,True,0.6872612833976746,False
data/local/semlex_citizen100_train_audit/landmarks_v17/MAN/cmy1z0YRJtfihdQCy5wk.v17.npz,data/local/semlex_citizen100_train_audit/raw/MAN/cmy1z0YRJtfihdQCy5wk.webm,cmy1z0YRJtfihdQCy5wk,31,MAN,MAN,C_01_040,man,MAN,MAN|WOMAN|SLEEP|LESS|DRINK,True,True,0.8925753831863403,False
data/local/semlex_citizen100_train_audit/landmarks_v17/MAN/hAHVoYGiuj1K0KSaoyQc.v17.npz,data/local/semlex_citizen100_train_audit/raw/MAN/hAHVoYGiuj1K0KSaoyQc.webm,hAHVoYGiuj1K0KSaoyQc,59,MAN,MAN,C_01_040,man,MAN,MAN|WOMAN|DAY|MORNING|LESS,True,True,0.8894559741020203,False
data/local/semlex_citizen100_train_audit/landmarks_v17/MAN/hwHUSrWLAoLEL7Gdjy9g.v17.npz,data/local/semlex_citizen100_train_audit/raw/MAN/hwHUSrWLAoLEL7Gdjy9g.webm,hwHUSrWLAoLEL7Gdjy9g,38,MAN,MAN,C_01_040,man,MAN,MAN|WOMAN|LESS|DAY|MORNING,True,True,0.8731383085250854,False
data/local/semlex_citizen100_train_audit/landmarks_v17/MAN/ixGe9nK3eLXF8o8YqMzw.v17.npz,data/local/semlex_citizen100_train_audit/raw/MAN/ixGe9nK3eLXF8o8YqMzw.webm,ixGe9nK3eLXF8o8YqMzw,11,MAN,MAN,C_01_040,man,MAN,MAN|WOMAN|LEARN|MORNING|DAY,True,True,0.5600444674491882,False
data/local/semlex_citizen100_train_audit/landmarks_v17/MAN/jl7137hxK4k7Kx4WnHcx.v17.npz,data/local/semlex_citizen100_train_audit/raw/MAN/jl7137hxK4k7Kx4WnHcx.webm,jl7137hxK4k7Kx4WnHcx,62,MAN,MAN,C_01_040,man,MAN,MAN|WOMAN|LESS|DAY|OUR,True,True,0.89103102684021,False
data/local/semlex_citizen100_train_audit/landmarks_v17/MAN/llkgdRGj4YM4tiI8BjyI.v17.npz,data/local/semlex_citizen100_train_audit/raw/MAN/llkgdRGj4YM4tiI8BjyI.webm,llkgdRGj4YM4tiI8BjyI,14,MAN,MAN,C_01_040,man,MAN,MAN|DRINK|OUR|WOMAN|LESS,True,True,0.9088038206100464,False
data/local/semlex_citizen100_train_audit/landmarks_v17/MAN/utDDLqOng0P5ZCGwDxxA.v17.npz,data/local/semlex_citizen100_train_audit/raw/MAN/utDDLqOng0P5ZCGwDxxA.webm,utDDLqOng0P5ZCGwDxxA,35,MAN,MAN,C_01_040,man,MAN,MAN|MORNING|DAY|WOMAN|LESS,True,True,0.7368664145469666,False
data/local/semlex_citizen100_train_audit/landmarks_v17/MAN/w4hoZh1o3A70Qx5kGiT3.v17.npz,data/local/semlex_citizen100_train_audit/raw/MAN/w4hoZh1o3A70Qx5kGiT3.webm,w4hoZh1o3A70Qx5kGiT3,12,MAN,MAN,C_01_040,man,MAN,MAN|MORNING|WOMAN|LESS|DAY,True,True,0.7832167148590088,False
data/local/semlex_citizen100_train_audit/landmarks_v17/MAN/y4dNJDlaQbcZK73FMU7z.v17.npz,data/local/semlex_citizen100_train_audit/raw/MAN/y4dNJDlaQbcZK73FMU7z.webm,y4dNJDlaQbcZK73FMU7z,84,MAN,MAN,C_01_040,man,MAN,MAN|LESS|WOMAN|OUR|DAY,True,True,0.852271556854248,False
data/local/semlex_citizen100_train_audit/landmarks_v17/MAYBE/4W3o6xA8WuBlWBrRSEeW.v17.npz,data/local/semlex_citizen100_train_audit/raw/MAYBE/4W3o6xA8WuBlWBrRSEeW.webm,4W3o6xA8WuBlWBrRSEeW,84,MAYBE,MAYBE,B_03_022,maybe,MAYBE,MAYBE|STOP|FAMILY|HELP|WANT,True,True,0.9180733561515808,False
data/local/semlex_citizen100_train_audit/landmarks_v17/MAYBE/6n4b8wzZeITiH9V5NMRp.v17.npz,data/local/semlex_citizen100_train_audit/raw/MAYBE/6n4b8wzZeITiH9V5NMRp.webm,6n4b8wzZeITiH9V5NMRp,35,MAYBE,MAYBE,B_03_022,maybe,WANT,WANT|NOW|MAYBE|WHAT|CHILD,False,True,0.0851394310593605,False
data/local/semlex_citizen100_train_audit/landmarks_v17/MAYBE/BF5gUsl7Km3vldDlrQrC.v17.npz,data/local/semlex_citizen100_train_audit/raw/MAYBE/BF5gUsl7Km3vldDlrQrC.webm,BF5gUsl7Km3vldDlrQrC,39,MAYBE,MAYBE,B_03_022,maybe,MAYBE,MAYBE|GIVE|WHAT|CHILD|GOOD,True,True,0.3416423797607422,False
data/local/semlex_citizen100_train_audit/landmarks_v17/MAYBE/GAayJ6F5nGy83uKmo4gT.v17.npz,data/local/semlex_citizen100_train_audit/raw/MAYBE/GAayJ6F5nGy83uKmo4gT.webm,GAayJ6F5nGy83uKmo4gT,80,MAYBE,MAYBE,B_03_022,maybe,MAYBE,MAYBE|CHILD|STOP|OUR|GIVE,True,True,0.14570674300193787,False
data/local/semlex_citizen100_train_audit/landmarks_v17/MAYBE/TCF0hzjFmpNMmVjljivT.v17.npz,data/local/semlex_citizen100_train_audit/raw/MAYBE/TCF0hzjFmpNMmVjljivT.webm,TCF0hzjFmpNMmVjljivT,52,MAYBE,MAYBE,B_03_022,maybe,MAYBE,MAYBE|WANT|WHAT|NOW|WHY,True,True,0.3692934513092041,False
data/local/semlex_citizen100_train_audit/landmarks_v17/MAYBE/VKytXXB1F0NQ4dDLRtXU.v17.npz,data/local/semlex_citizen100_train_audit/raw/MAYBE/VKytXXB1F0NQ4dDLRtXU.webm,VKytXXB1F0NQ4dDLRtXU,38,MAYBE,MAYBE,B_03_022,maybe,MAYBE,MAYBE|STOP|WANT|EXCITED|CHILD,True,True,0.9387392997741699,False
data/local/semlex_citizen100_train_audit/landmarks_v17/MAYBE/eFvHa8j2yo4p83rAZSLM.v17.npz,data/local/semlex_citizen100_train_audit/raw/MAYBE/eFvHa8j2yo4p83rAZSLM.webm,eFvHa8j2yo4p83rAZSLM,11,MAYBE,MAYBE,B_03_022,maybe,STOP,STOP|MAYBE|EASY|WAIT|DOCTOR,False,True,0.16564859449863434,False
data/local/semlex_citizen100_train_audit/landmarks_v17/MAYBE/hvU6CUaPEdRzP1C9eHzq.v17.npz,data/local/semlex_citizen100_train_audit/raw/MAYBE/hvU6CUaPEdRzP1C9eHzq.webm,hvU6CUaPEdRzP1C9eHzq,85,MAYBE,MAYBE,B_03_022,maybe,MAYBE,MAYBE|STOP|DOCTOR|SAME|GIVE,True,True,0.8347329497337341,False
data/local/semlex_citizen100_train_audit/landmarks_v17/MAYBE/itKw51GnUSzfucwTVvkS.v17.npz,data/local/semlex_citizen100_train_audit/raw/MAYBE/itKw51GnUSzfucwTVvkS.webm,itKw51GnUSzfucwTVvkS,88,MAYBE,MAYBE,B_03_022,maybe,MAYBE,MAYBE|CHILD|HAVE|SAME|YES,True,True,0.8739726543426514,False
data/local/semlex_citizen100_train_audit/landmarks_v17/MAYBE/mJ7Gkd8AyMhsnTZV9s1R.v17.npz,data/local/semlex_citizen100_train_audit/raw/MAYBE/mJ7Gkd8AyMhsnTZV9s1R.webm,mJ7Gkd8AyMhsnTZV9s1R,49,MAYBE,MAYBE,B_03_022,maybe,MAYBE,MAYBE|WANT|CHILD|WHY|NOW,True,True,0.8247851729393005,False
data/local/semlex_citizen100_train_audit/landmarks_v17/MAYBE/uJtZkW2LBNK4RFSPftW9.v17.npz,data/local/semlex_citizen100_train_audit/raw/MAYBE/uJtZkW2LBNK4RFSPftW9.webm,uJtZkW2LBNK4RFSPftW9,7,MAYBE,MAYBE,B_03_022,maybe,MAYBE,MAYBE|WANT|CHILD|NOW|ANGRY,True,True,0.40598034858703613,False
data/local/semlex_citizen100_train_audit/landmarks_v17/MORE/DGpCx87dOimV9rmK2Ke0.v17.npz,data/local/semlex_citizen100_train_audit/raw/MORE/DGpCx87dOimV9rmK2Ke0.webm,DGpCx87dOimV9rmK2Ke0,39,MORE,MORE,B_03_032,more,DOCTOR,DOCTOR|WAIT|LIKE|READ|YOUR,False,False,0.04222308099269867,False
data/local/semlex_citizen100_train_audit/landmarks_v17/MORE/OW5k6EcvBCiyJuZTuyKW.v17.npz,data/local/semlex_citizen100_train_audit/raw/MORE/OW5k6EcvBCiyJuZTuyKW.webm,OW5k6EcvBCiyJuZTuyKW,17,MORE,MORE,B_03_032,more,MORE,MORE|HOME|DOCTOR|NIGHT|READ,True,True,0.9274840354919434,False
data/local/semlex_citizen100_train_audit/landmarks_v17/MORE/Pftb5ZApew3rzS5Wl1L0.v17.npz,data/local/semlex_citizen100_train_audit/raw/MORE/Pftb5ZApew3rzS5Wl1L0.webm,Pftb5ZApew3rzS5Wl1L0,88,MORE,MORE,B_03_032,more,MORE,MORE|NIGHT|DOCTOR|LESS|COLD,True,True,0.8271337151527405,False
data/local/semlex_citizen100_train_audit/landmarks_v17/MORE/QIajzeRIUDXvgNYs87yE.v17.npz,data/local/semlex_citizen100_train_audit/raw/MORE/QIajzeRIUDXvgNYs87yE.webm,QIajzeRIUDXvgNYs87yE,62,MORE,MORE,B_03_032,more,MORE,MORE|KNOW|COLD|LESS|SMALL,True,True,0.8805320858955383,False
data/local/semlex_citizen100_train_audit/landmarks_v17/MORE/STOzDAMPry5yJx3sYo4f.v17.npz,data/local/semlex_citizen100_train_audit/raw/MORE/STOzDAMPry5yJx3sYo4f.webm,STOzDAMPry5yJx3sYo4f,43,MORE,MORE,B_03_032,more,MORE,MORE|HOME|SMALL|DOCTOR|COLD,True,True,0.9281852841377258,False
data/local/semlex_citizen100_train_audit/landmarks_v17/MORE/TZupKRu2PMjUKUKRGGYM.v17.npz,data/local/semlex_citizen100_train_audit/raw/MORE/TZupKRu2PMjUKUKRGGYM.webm,TZupKRu2PMjUKUKRGGYM,85,MORE,MORE,B_03_032,more,MORE,MORE|HOME|LESS|NIGHT|SMALL,True,True,0.9375016093254089,False
data/local/semlex_citizen100_train_audit/landmarks_v17/MORE/bmon8YtbPb42twYKARk5.v17.npz,data/local/semlex_citizen100_train_audit/raw/MORE/bmon8YtbPb42twYKARk5.webm,bmon8YtbPb42twYKARk5,84,MORE,MORE,B_03_032,more,MORE,MORE|DOCTOR|SMALL|READ|LESS,True,True,0.8432708382606506,False
data/local/semlex_citizen100_train_audit/landmarks_v17/MORE/cwNj5du2UlA25mLHTs9j.v17.npz,data/local/semlex_citizen100_train_audit/raw/MORE/cwNj5du2UlA25mLHTs9j.webm,cwNj5du2UlA25mLHTs9j,7,MORE,MORE,B_03_032,more,MORE,MORE|DOCTOR|COLD|SMALL|NIGHT,True,True,0.8860329389572144,False
data/local/semlex_citizen100_train_audit/landmarks_v17/MORE/jKJDng7E37u6oS6N5suV.v17.npz,data/local/semlex_citizen100_train_audit/raw/MORE/jKJDng7E37u6oS6N5suV.webm,jKJDng7E37u6oS6N5suV,59,MORE,MORE,B_03_032,more,MORE,MORE|HOME|NIGHT|COLD|LESS,True,True,0.762410581111908,False
data/local/semlex_citizen100_train_audit/landmarks_v17/MORE/zGQ0pWvT4fuuM3f5o3k2.v17.npz,data/local/semlex_citizen100_train_audit/raw/MORE/zGQ0pWvT4fuuM3f5o3k2.webm,zGQ0pWvT4fuuM3f5o3k2,35,MORE,MORE,B_03_032,more,MORE,MORE|SMALL|DOCTOR|LESS|HOME,True,True,0.9169782996177673,False
data/local/semlex_citizen100_train_audit/landmarks_v17/MORNING/9xf2tl35xkHAPOxHsr2w.v17.npz,data/local/semlex_citizen100_train_audit/raw/MORNING/9xf2tl35xkHAPOxHsr2w.webm,9xf2tl35xkHAPOxHsr2w,62,MORNING,MORNING,C_02_012,morning,MORNING,MORNING|SICK|STOP|LEARN|WHAT,True,True,0.8126601576805115,False
data/local/semlex_citizen100_train_audit/landmarks_v17/MORNING/9yHaks7Z4yZt1wnKOIoR.v17.npz,data/local/semlex_citizen100_train_audit/raw/MORNING/9yHaks7Z4yZt1wnKOIoR.webm,9yHaks7Z4yZt1wnKOIoR,7,MORNING,MORNING,C_02_012,morning,MORNING,MORNING|LEARN|STOP|SICK|LESS,True,True,0.9280476570129395,False
data/local/semlex_citizen100_train_audit/landmarks_v17/MORNING/EWBao8ZOxchrlqSET4h7.v17.npz,data/local/semlex_citizen100_train_audit/raw/MORNING/EWBao8ZOxchrlqSET4h7.webm,EWBao8ZOxchrlqSET4h7,31,MORNING,MORNING,C_02_012,morning,MORNING,MORNING|KNOW|SICK|LESS|STOP,True,True,0.3277759850025177,False
data/local/semlex_citizen100_train_audit/landmarks_v17/MORNING/FavpCgUbSxtvnaMfelOe.v17.npz,data/local/semlex_citizen100_train_audit/raw/MORNING/FavpCgUbSxtvnaMfelOe.webm,FavpCgUbSxtvnaMfelOe,85,MORNING,MORNING,C_02_012,morning,MORNING,MORNING|LEARN|DAY|SLEEP|LOVE,True,True,0.9317647218704224,False
data/local/semlex_citizen100_train_audit/landmarks_v17/MORNING/MMqctOohaD1Yk1lYZNzU.v17.npz,data/local/semlex_citizen100_train_audit/raw/MORNING/MMqctOohaD1Yk1lYZNzU.webm,MMqctOohaD1Yk1lYZNzU,17,MORNING,MORNING,C_02_012,morning,MORNING,MORNING|DAY|LEARN|LOVE|YEAR,True,True,0.8266909122467041,False
data/local/semlex_citizen100_train_audit/landmarks_v17/MORNING/MxkuQgXuRUoxwk7mSNQJ.v17.npz,data/local/semlex_citizen100_train_audit/raw/MORNING/MxkuQgXuRUoxwk7mSNQJ.webm,MxkuQgXuRUoxwk7mSNQJ,49,MORNING,MORNING,C_02_012,morning,MORNING,MORNING|SLEEP|KNOW|HELLO|STOP,True,True,0.507090151309967,False
data/local/semlex_citizen100_train_audit/landmarks_v17/MORNING/RZQ0h1wMZdV1jqSxsxH6.v17.npz,data/local/semlex_citizen100_train_audit/raw/MORNING/RZQ0h1wMZdV1jqSxsxH6.webm,RZQ0h1wMZdV1jqSxsxH6,15,MORNING,MORNING,C_02_012,morning,MORNING,MORNING|STOP|GIVE|LEARN|EAT,True,True,0.8777920007705688,False
data/local/semlex_citizen100_train_audit/landmarks_v17/MORNING/SbmWJYBJW7VNhJIDSvp2.v17.npz,data/local/semlex_citizen100_train_audit/raw/MORNING/SbmWJYBJW7VNhJIDSvp2.webm,SbmWJYBJW7VNhJIDSvp2,84,MORNING,MORNING,C_02_012,morning,MORNING,MORNING|MY|GOOD|EAT|LOVE,True,True,0.5283921360969543,False
data/local/semlex_citizen100_train_audit/landmarks_v17/MORNING/UDivFp5TffikLWZRKdp4.v17.npz,data/local/semlex_citizen100_train_audit/raw/MORNING/UDivFp5TffikLWZRKdp4.webm,UDivFp5TffikLWZRKdp4,42,MORNING,MORNING,C_02_012,morning,MORNING,MORNING|KNOW|SICK|SAD|SLEEP,True,True,0.5076815485954285,False
data/local/semlex_citizen100_train_audit/landmarks_v17/MORNING/YSwG2O30pJn8ieIvfQPF.v17.npz,data/local/semlex_citizen100_train_audit/raw/MORNING/YSwG2O30pJn8ieIvfQPF.webm,YSwG2O30pJn8ieIvfQPF,30,MORNING,MORNING,C_02_012,morning,MORNING,MORNING|STOP|EASY|LEARN|SICK,True,True,0.6756824254989624,False
data/local/semlex_citizen100_train_audit/landmarks_v17/MORNING/fqAdmsTB8QkgdlCavox6.v17.npz,data/local/semlex_citizen100_train_audit/raw/MORNING/fqAdmsTB8QkgdlCavox6.webm,fqAdmsTB8QkgdlCavox6,60,MORNING,MORNING,C_02_012,morning,MORNING,MORNING|STOP|GIVE|LESS|LEARN,True,True,0.7031629681587219,False
data/local/semlex_citizen100_train_audit/landmarks_v17/MORNING/otM5bAeEJBr2vXcZb4AU.v17.npz,data/local/semlex_citizen100_train_audit/raw/MORNING/otM5bAeEJBr2vXcZb4AU.webm,otM5bAeEJBr2vXcZb4AU,35,MORNING,MORNING,C_02_012,morning,MORNING,MORNING|SICK|KNOW|EAT|STOP,True,True,0.7517885565757751,False
data/local/semlex_citizen100_train_audit/landmarks_v17/MORNING/pmhkm0zEaDYJbqaOLSz7.v17.npz,data/local/semlex_citizen100_train_audit/raw/MORNING/pmhkm0zEaDYJbqaOLSz7.webm,pmhkm0zEaDYJbqaOLSz7,39,MORNING,MORNING,C_02_012,morning,MORNING,MORNING|SLEEP|HOSPITAL|LIKE|THEY,True,True,0.24253714084625244,False
data/local/semlex_citizen100_train_audit/landmarks_v17/MORNING/psMWol69AspvtTAX1hLB.v17.npz,data/local/semlex_citizen100_train_audit/raw/MORNING/psMWol69AspvtTAX1hLB.webm,psMWol69AspvtTAX1hLB,43,MORNING,MORNING,C_02_012,morning,MORNING,MORNING|DAY|STOP|SICK|LEARN,True,True,0.9444630146026611,False
data/local/semlex_citizen100_train_audit/landmarks_v17/MORNING/qPdYZMa0cAurI0juL7xe.v17.npz,data/local/semlex_citizen100_train_audit/raw/MORNING/qPdYZMa0cAurI0juL7xe.webm,qPdYZMa0cAurI0juL7xe,8,MORNING,MORNING,C_02_012,morning,WHY,WHY|STOP|MAYBE|GIVE|MORNING,False,True,0.04327668249607086,False
data/local/semlex_citizen100_train_audit/landmarks_v17/MORNING/tR1ZTifrw5nxscktwxfF.v17.npz,data/local/semlex_citizen100_train_audit/raw/MORNING/tR1ZTifrw5nxscktwxfF.webm,tR1ZTifrw5nxscktwxfF,46,MORNING,MORNING,C_02_012,morning,MORNING,MORNING|SICK|KNOW|LEARN|THINK,True,True,0.7071799039840698,False
data/local/semlex_citizen100_train_audit/landmarks_v17/MORNING/vIhx5HUAjgIdQkFJpUec.v17.npz,data/local/semlex_citizen100_train_audit/raw/MORNING/vIhx5HUAjgIdQkFJpUec.webm,vIhx5HUAjgIdQkFJpUec,63,MORNING,MORNING,C_02_012,morning,MORNING,MORNING|EAT|SLEEP|STOP|THANKYOU,True,True,0.8544111847877502,False
data/local/semlex_citizen100_train_audit/landmarks_v17/MORNING/xsmTOc593h6SIZvUfEYL.v17.npz,data/local/semlex_citizen100_train_audit/raw/MORNING/xsmTOc593h6SIZvUfEYL.webm,xsmTOc593h6SIZvUfEYL,88,MORNING,MORNING,C_02_012,morning,MORNING,MORNING|STOP|SICK|LEARN|GOOD,True,True,0.9520502686500549,False
data/local/semlex_citizen100_train_audit/landmarks_v17/MOTHER/3BO01xTikO8AL6K7eCI2.v17.npz,data/local/semlex_citizen100_train_audit/raw/MOTHER/3BO01xTikO8AL6K7eCI2.webm,3BO01xTikO8AL6K7eCI2,46,MOTHER,MOTHER,B_02_008,mother,HEAR,HEAR|MOTHER|GOODBYE|HELLO|FATHER,False,True,0.36737680435180664,False
data/local/semlex_citizen100_train_audit/landmarks_v17/MOTHER/66jzoyIV0Ds9ruNNKFGD.v17.npz,data/local/semlex_citizen100_train_audit/raw/MOTHER/66jzoyIV0Ds9ruNNKFGD.webm,66jzoyIV0Ds9ruNNKFGD,88,MOTHER,MOTHER,B_02_008,mother,WATER,WATER|TALK|WOMAN|WHO|HOME,False,False,0.013971028849482536,False
data/local/semlex_citizen100_train_audit/landmarks_v17/MOTHER/6n5xIki3fuZZLz882Z7i.v17.npz,data/local/semlex_citizen100_train_audit/raw/MOTHER/6n5xIki3fuZZLz882Z7i.webm,6n5xIki3fuZZLz882Z7i,59,MOTHER,MOTHER,B_02_008,mother,MOTHER,MOTHER|YOUR|HEAR|GOODBYE|NO,True,True,0.5491868257522583,False
data/local/semlex_citizen100_train_audit/landmarks_v17/MOTHER/FsypNHCkfRPwDE2x9mYA.v17.npz,data/local/semlex_citizen100_train_audit/raw/MOTHER/FsypNHCkfRPwDE2x9mYA.webm,FsypNHCkfRPwDE2x9mYA,30,MOTHER,MOTHER,B_02_008,mother,MOTHER,MOTHER|SEE|HOT|WATER|LISTEN,True,True,0.6675778031349182,False
data/local/semlex_citizen100_train_audit/landmarks_v17/MOTHER/OIKMHWLVsI2j7WNco0Bj.v17.npz,data/local/semlex_citizen100_train_audit/raw/MOTHER/OIKMHWLVsI2j7WNco0Bj.webm,OIKMHWLVsI2j7WNco0Bj,49,MOTHER,MOTHER,B_02_008,mother,MOTHER,MOTHER|STOP|YOUR|HOT|SEE,True,True,0.6658062934875488,False
data/local/semlex_citizen100_train_audit/landmarks_v17/MOTHER/OUbCr8MqWssbl8l9dki3.v17.npz,data/local/semlex_citizen100_train_audit/raw/MOTHER/OUbCr8MqWssbl8l9dki3.webm,OUbCr8MqWssbl8l9dki3,42,MOTHER,MOTHER,B_02_008,mother,EAT,EAT|MOTHER|WATER|WOMAN|HOT,False,True,0.12050305306911469,False
data/local/semlex_citizen100_train_audit/landmarks_v17/MOTHER/Rbyz00RtrDeFqUDTYB8R.v17.npz,data/local/semlex_citizen100_train_audit/raw/MOTHER/Rbyz00RtrDeFqUDTYB8R.webm,Rbyz00RtrDeFqUDTYB8R,38,MOTHER,MOTHER,B_02_008,mother,DRINK,DRINK|MOTHER|HOT|OUR|WOMAN,False,True,0.013484691269695759,False
data/local/semlex_citizen100_train_audit/landmarks_v17/MOTHER/TSEiKFF94HbydgtEvAPk.v17.npz,data/local/semlex_citizen100_train_audit/raw/MOTHER/TSEiKFF94HbydgtEvAPk.webm,TSEiKFF94HbydgtEvAPk,63,MOTHER,MOTHER,B_02_008,mother,TALK,TALK|HOME|MOTHER|HEAR|SMALL,False,True,0.03531363606452942,False
data/local/semlex_citizen100_train_audit/landmarks_v17/MOTHER/Uh1vvJmn9q4GPY8riyQ6.v17.npz,data/local/semlex_citizen100_train_audit/raw/MOTHER/Uh1vvJmn9q4GPY8riyQ6.webm,Uh1vvJmn9q4GPY8riyQ6,35,MOTHER,MOTHER,B_02_008,mother,HELLO,HELLO|TALK|SMALL|MOTHER|HEAR,False,True,0.08406133949756622,False
data/local/semlex_citizen100_train_audit/landmarks_v17/MOTHER/Xg3LEkDClLDg56rwBvjp.v17.npz,data/local/semlex_citizen100_train_audit/raw/MOTHER/Xg3LEkDClLDg56rwBvjp.webm,Xg3LEkDClLDg56rwBvjp,11,MOTHER,MOTHER,B_02_008,mother,HEAR,HEAR|HELLO|KNOW|MOTHER|FATHER,False,True,0.04447472095489502,False
data/local/semlex_citizen100_train_audit/landmarks_v17/MOTHER/b8HqaNXkAXuTBAiJZNlG.v17.npz,data/local/semlex_citizen100_train_audit/raw/MOTHER/b8HqaNXkAXuTBAiJZNlG.webm,b8HqaNXkAXuTBAiJZNlG,62,MOTHER,MOTHER,B_02_008,mother,MOTHER,MOTHER|TALK|YOUR|HEAR|WATER,True,True,0.9385528564453125,False
data/local/semlex_citizen100_train_audit/landmarks_v17/MOTHER/fiAWuzeIs13BfvZoZSj8.v17.npz,data/local/semlex_citizen100_train_audit/raw/MOTHER/fiAWuzeIs13BfvZoZSj8.webm,fiAWuzeIs13BfvZoZSj8,85,MOTHER,MOTHER,B_02_008,mother,MOTHER,MOTHER|TALK|DRINK|HEAR|HELLO,True,True,0.854829728603363,False
data/local/semlex_citizen100_train_audit/landmarks_v17/MOTHER/lcpEpnjGK4JLUMMiYbnL.v17.npz,data/local/semlex_citizen100_train_audit/raw/MOTHER/lcpEpnjGK4JLUMMiYbnL.webm,lcpEpnjGK4JLUMMiYbnL,8,MOTHER,MOTHER,B_02_008,mother,WATER,WATER|MOTHER|TALK|HOSPITAL|EAT,False,True,0.1473855823278427,False
data/local/semlex_citizen100_train_audit/landmarks_v17/MOTHER/vZegL36jS6qwedkil3aZ.v17.npz,data/local/semlex_citizen100_train_audit/raw/MOTHER/vZegL36jS6qwedkil3aZ.webm,vZegL36jS6qwedkil3aZ,31,MOTHER,MOTHER,B_02_008,mother,WATER,WATER|WOMAN|MOTHER|EAT|SEE,False,True,0.046800244599580765,False
data/local/semlex_citizen100_train_audit/landmarks_v17/MY/2xiaPREkd6D4x4MRPggz.v17.npz,data/local/semlex_citizen100_train_audit/raw/MY/2xiaPREkd6D4x4MRPggz.webm,2xiaPREkd6D4x4MRPggz,30,MY,MY,C_01_060,my,MY,MY|PLEASE|HAPPY|LIKE|HUNGRY,True,True,0.7686622738838196,False
data/local/semlex_citizen100_train_audit/landmarks_v17/MY/7xcPUiZCyqsXOzWozUSH.v17.npz,data/local/semlex_citizen100_train_audit/raw/MY/7xcPUiZCyqsXOzWozUSH.webm,7xcPUiZCyqsXOzWozUSH,88,MY,MY,C_01_060,my,MY,MY|PLEASE|HUNGRY|LIKE|HOSPITAL,True,True,0.8304645419120789,False
data/local/semlex_citizen100_train_audit/landmarks_v17/MY/BnTks1fRuytf3zLiaVRN.v17.npz,data/local/semlex_citizen100_train_audit/raw/MY/BnTks1fRuytf3zLiaVRN.webm,BnTks1fRuytf3zLiaVRN,49,MY,MY,C_01_060,my,MY,MY|PLEASE|HAPPY|OUR|LOVE,True,True,0.8503524661064148,False
data/local/semlex_citizen100_train_audit/landmarks_v17/MY/DmHo04ihpaMJg25fSZTJ.v17.npz,data/local/semlex_citizen100_train_audit/raw/MY/DmHo04ihpaMJg25fSZTJ.webm,DmHo04ihpaMJg25fSZTJ,38,MY,MY,C_01_060,my,PLEASE,PLEASE|HAPPY|MY|FEEL|HUNGRY,False,True,0.19625644385814667,False
data/local/semlex_citizen100_train_audit/landmarks_v17/MY/GGe21lGuDqC6vqBPzJTw.v17.npz,data/local/semlex_citizen100_train_audit/raw/MY/GGe21lGuDqC6vqBPzJTw.webm,GGe21lGuDqC6vqBPzJTw,78,MY,MY,C_01_060,my,PLEASE,PLEASE|MY|HAPPY|OUR|HUNGRY,False,True,0.18670135736465454,False
data/local/semlex_citizen100_train_audit/landmarks_v17/MY/HvPG5izuObc3ZwRsMeaS.v17.npz,data/local/semlex_citizen100_train_audit/raw/MY/HvPG5izuObc3ZwRsMeaS.webm,HvPG5izuObc3ZwRsMeaS,17,MY,MY,C_01_060,my,MY,MY|PLEASE|HAPPY|HUNGRY|LIKE,True,True,0.8468974232673645,False
data/local/semlex_citizen100_train_audit/landmarks_v17/MY/TLXAJKlUnFSLNmpJb6C3.v17.npz,data/local/semlex_citizen100_train_audit/raw/MY/TLXAJKlUnFSLNmpJb6C3.webm,TLXAJKlUnFSLNmpJb6C3,46,MY,MY,C_01_060,my,PLEASE,PLEASE|MY|HAPPY|HUNGRY|FEEL,False,True,0.34622281789779663,False
data/local/semlex_citizen100_train_audit/landmarks_v17/MY/e328kCXeSdrCOa3swFpp.v17.npz,data/local/semlex_citizen100_train_audit/raw/MY/e328kCXeSdrCOa3swFpp.webm,e328kCXeSdrCOa3swFpp,60,MY,MY,C_01_060,my,MY,MY|PLEASE|HUNGRY|HAPPY|HOSPITAL,True,True,0.869144856929779,False
data/local/semlex_citizen100_train_audit/landmarks_v17/MY/gCsvWysFIpCbTKaS16Vl.v17.npz,data/local/semlex_citizen100_train_audit/raw/MY/gCsvWysFIpCbTKaS16Vl.webm,gCsvWysFIpCbTKaS16Vl,35,MY,MY,C_01_060,my,PLEASE,PLEASE|MY|OUR|HUNGRY|COME,False,True,0.22143229842185974,False
data/local/semlex_citizen100_train_audit/landmarks_v17/MY/lLx3IThGGU2OrVy7vM6q.v17.npz,data/local/semlex_citizen100_train_audit/raw/MY/lLx3IThGGU2OrVy7vM6q.webm,lLx3IThGGU2OrVy7vM6q,31,MY,MY,C_01_060,my,MY,MY|PLEASE|HAPPY|HUNGRY|LIKE,True,True,0.6747798323631287,False
data/local/semlex_citizen100_train_audit/landmarks_v17/MY/owp9ALEwTMelaJfjpTfM.v17.npz,data/local/semlex_citizen100_train_audit/raw/MY/owp9ALEwTMelaJfjpTfM.webm,owp9ALEwTMelaJfjpTfM,39,MY,MY,C_01_060,my,WHAT,WHAT|WHY|HE|EXCITED|WANT,False,False,0.0010946578113362193,False
data/local/semlex_citizen100_train_audit/landmarks_v17/MY/q8Wk9PcWQMLtrTpSDj5F.v17.npz,data/local/semlex_citizen100_train_audit/raw/MY/q8Wk9PcWQMLtrTpSDj5F.webm,q8Wk9PcWQMLtrTpSDj5F,11,MY,MY,C_01_060,my,MY,MY|PLEASE|HAPPY|HUNGRY|OUR,True,True,0.7114980220794678,False
data/local/semlex_citizen100_train_audit/landmarks_v17/MY/uZY7yPIx8D8EQR0LsqX2.v17.npz,data/local/semlex_citizen100_train_audit/raw/MY/uZY7yPIx8D8EQR0LsqX2.webm,uZY7yPIx8D8EQR0LsqX2,23,MY,MY,C_01_060,my,MY,MY|PLEASE|HAPPY|THANKYOU|GOOD,True,True,0.7921363711357117,False
data/local/semlex_citizen100_train_audit/landmarks_v17/NAME/7gmdBDz8117s5ZgqexZo.v17.npz,data/local/semlex_citizen100_train_audit/raw/NAME/7gmdBDz8117s5ZgqexZo.webm,7gmdBDz8117s5ZgqexZo,39,NAME,NAME,D_01_021,name,NAME,NAME|LIKE|WEEK|EXCITED|READ,True,True,0.41011375188827515,False
data/local/semlex_citizen100_train_audit/landmarks_v17/NAME/CSSIRHFk0Pptkd2F0ECA.v17.npz,data/local/semlex_citizen100_train_audit/raw/NAME/CSSIRHFk0Pptkd2F0ECA.webm,CSSIRHFk0Pptkd2F0ECA,11,NAME,NAME,D_01_021,name,NAME,NAME|READ|SEE|USE|WHEN,True,True,0.7494150996208191,False
data/local/semlex_citizen100_train_audit/landmarks_v17/NAME/GkpYPYAYB4kd2F35Yn2I.v17.npz,data/local/semlex_citizen100_train_audit/raw/NAME/GkpYPYAYB4kd2F35Yn2I.webm,GkpYPYAYB4kd2F35Yn2I,78,NAME,NAME,D_01_021,name,NAME,NAME|READ|USE|SEE|LIKE,True,True,0.914543092250824,False
data/local/semlex_citizen100_train_audit/landmarks_v17/NAME/HNu6m3lCs0tMlT9XMeC2.v17.npz,data/local/semlex_citizen100_train_audit/raw/NAME/HNu6m3lCs0tMlT9XMeC2.webm,HNu6m3lCs0tMlT9XMeC2,43,NAME,NAME,D_01_021,name,NAME,NAME|READ|USE|SEE|LIKE,True,True,0.9437642693519592,False
data/local/semlex_citizen100_train_audit/landmarks_v17/NAME/HbMDDDc503jZRaSnEjio.v17.npz,data/local/semlex_citizen100_train_audit/raw/NAME/HbMDDDc503jZRaSnEjio.webm,HbMDDDc503jZRaSnEjio,60,NAME,NAME,D_01_021,name,NAME,NAME|READ|FRIEND|USE|WHEN,True,True,0.598852276802063,False
data/local/semlex_citizen100_train_audit/landmarks_v17/NAME/L3HelvJ4IEcrgDSTq1bF.v17.npz,data/local/semlex_citizen100_train_audit/raw/NAME/L3HelvJ4IEcrgDSTq1bF.webm,L3HelvJ4IEcrgDSTq1bF,31,NAME,NAME,D_01_021,name,NAME,NAME|READ|WHEN|USE|TIME,True,True,0.9055847525596619,False
data/local/semlex_citizen100_train_audit/landmarks_v17/NAME/QmwA0O8NKOHTu8a7KpHh.v17.npz,data/local/semlex_citizen100_train_audit/raw/NAME/QmwA0O8NKOHTu8a7KpHh.webm,QmwA0O8NKOHTu8a7KpHh,17,NAME,NAME,D_01_021,name,NAME,NAME|READ|USE|WHEN|SEE,True,True,0.8731409311294556,False
data/local/semlex_citizen100_train_audit/landmarks_v17/NAME/WFRIM0FSBvb3OZeNqwIL.v17.npz,data/local/semlex_citizen100_train_audit/raw/NAME/WFRIM0FSBvb3OZeNqwIL.webm,WFRIM0FSBvb3OZeNqwIL,84,NAME,NAME,D_01_021,name,NAME,NAME|READ|USE|LIKE|WHEN,True,True,0.9344785213470459,False
data/local/semlex_citizen100_train_audit/landmarks_v17/NAME/aucjW4DecRodzNQDjLk0.v17.npz,data/local/semlex_citizen100_train_audit/raw/NAME/aucjW4DecRodzNQDjLk0.webm,aucjW4DecRodzNQDjLk0,35,NAME,NAME,D_01_021,name,NAME,NAME|WHEN|READ|SEE|WEEK,True,True,0.4799920618534088,False
data/local/semlex_citizen100_train_audit/landmarks_v17/NAME/bTPijAzQ9BYTtFdQ8uZR.v17.npz,data/local/semlex_citizen100_train_audit/raw/NAME/bTPijAzQ9BYTtFdQ8uZR.webm,bTPijAzQ9BYTtFdQ8uZR,62,NAME,NAME,D_01_021,name,NAME,NAME|READ|USE|MORE|FRIEND,True,True,0.7803187370300293,False
data/local/semlex_citizen100_train_audit/landmarks_v17/NAME/j7qkYyIBIzdkRItxbkFK.v17.npz,data/local/semlex_citizen100_train_audit/raw/NAME/j7qkYyIBIzdkRItxbkFK.webm,j7qkYyIBIzdkRItxbkFK,49,NAME,NAME,D_01_021,name,NAME,NAME|WHEN|FRIEND|USE|WEEK,True,True,0.7735296487808228,False
data/local/semlex_citizen100_train_audit/landmarks_v17/NAME/kqVfaoFaWyH4ctqj85cl.v17.npz,data/local/semlex_citizen100_train_audit/raw/NAME/kqVfaoFaWyH4ctqj85cl.webm,kqVfaoFaWyH4ctqj85cl,52,NAME,NAME,D_01_021,name,NAME,NAME|FRIEND|WHEN|TIME|YEAR,True,True,0.47571510076522827,False
data/local/semlex_citizen100_train_audit/landmarks_v17/NAME/lcqga7Da0L6oyN6tjAYv.v17.npz,data/local/semlex_citizen100_train_audit/raw/NAME/lcqga7Da0L6oyN6tjAYv.webm,lcqga7Da0L6oyN6tjAYv,85,NAME,NAME,D_01_021,name,NAME,NAME|READ|FRIEND|USE|YEAR,True,True,0.9078807234764099,False
data/local/semlex_citizen100_train_audit/landmarks_v17/NAME/pMe0RzAtYGQZUsUSvnIi.v17.npz,data/local/semlex_citizen100_train_audit/raw/NAME/pMe0RzAtYGQZUsUSvnIi.webm,pMe0RzAtYGQZUsUSvnIi,46,NAME,NAME,D_01_021,name,NAME,NAME|USE|READ|WHEN|TIME,True,True,0.9208860397338867,False
data/local/semlex_citizen100_train_audit/landmarks_v17/NAME/tBiThsS16Q1sVLH2X1he.v17.npz,data/local/semlex_citizen100_train_audit/raw/NAME/tBiThsS16Q1sVLH2X1he.webm,tBiThsS16Q1sVLH2X1he,88,NAME,NAME,D_01_021,name,NAME,NAME|FRIEND|READ|MORE|MAKE,True,True,0.9142681956291199,False
data/local/semlex_citizen100_train_audit/landmarks_v17/NAME/vCrG0um7FKa6UKq9qEJl.v17.npz,data/local/semlex_citizen100_train_audit/raw/NAME/vCrG0um7FKa6UKq9qEJl.webm,vCrG0um7FKa6UKq9qEJl,59,NAME,NAME,D_01_021,name,NAME,NAME|READ|FRIEND|THINK|WHAT,True,True,0.6818515658378601,False
data/local/semlex_citizen100_train_audit/landmarks_v17/NAME/vFIhD1yULaHPg4QIbBmd.v17.npz,data/local/semlex_citizen100_train_audit/raw/NAME/vFIhD1yULaHPg4QIbBmd.webm,vFIhD1yULaHPg4QIbBmd,7,NAME,NAME,D_01_021,name,NAME,NAME|READ|LIKE|TIME|EXCITED,True,True,0.8714492321014404,False
data/local/semlex_citizen100_train_audit/landmarks_v17/NEED/1pHswbVjexsrSA1eQZE7.v17.npz,data/local/semlex_citizen100_train_audit/raw/NEED/1pHswbVjexsrSA1eQZE7.webm,1pHswbVjexsrSA1eQZE7,62,NEED,NEED,C_02_034,need,NEED,NEED|YES|CHILD|WE|YOU,True,True,0.7544340491294861,False
data/local/semlex_citizen100_train_audit/landmarks_v17/NEED/1tGhLKitclCmOEywcUVY.v17.npz,data/local/semlex_citizen100_train_audit/raw/NEED/1tGhLKitclCmOEywcUVY.webm,1tGhLKitclCmOEywcUVY,43,NEED,NEED,C_02_034,need,NEED,NEED|THINK|HE|YES|GO,True,True,0.8479992747306824,False
data/local/semlex_citizen100_train_audit/landmarks_v17/NEED/3EFh4dUszDLAu5VKw7f5.v17.npz,data/local/semlex_citizen100_train_audit/raw/NEED/3EFh4dUszDLAu5VKw7f5.webm,3EFh4dUszDLAu5VKw7f5,85,NEED,NEED,C_02_034,need,YES,YES|NEED|I|WE|YOU,False,True,0.39351293444633484,False
data/local/semlex_citizen100_train_audit/landmarks_v17/NEED/3NGyh9vd4D4W5Oqt8lhF.v17.npz,data/local/semlex_citizen100_train_audit/raw/NEED/3NGyh9vd4D4W5Oqt8lhF.webm,3NGyh9vd4D4W5Oqt8lhF,39,NEED,NEED,C_02_034,need,YOU,YOU|NEED|YES|WHERE|ASK,False,True,0.2064393311738968,False
data/local/semlex_citizen100_train_audit/landmarks_v17/NEED/AAHGpFQCVB7YLD9Yc7KL.v17.npz,data/local/semlex_citizen100_train_audit/raw/NEED/AAHGpFQCVB7YLD9Yc7KL.webm,AAHGpFQCVB7YLD9Yc7KL,8,NEED,NEED,C_02_034,need,YOU,YOU|TIME|I|NEED|ASK,False,True,0.0531768836081028,False
data/local/semlex_citizen100_train_audit/landmarks_v17/NEED/BHFADRCN87MweSY58Orm.v17.npz,data/local/semlex_citizen100_train_audit/raw/NEED/BHFADRCN87MweSY58Orm.webm,BHFADRCN87MweSY58Orm,35,NEED,NEED,C_02_034,need,YOU,YOU|WHERE|ASK|NEED|WHO,False,True,0.012106373906135559,False
data/local/semlex_citizen100_train_audit/landmarks_v17/NEED/BhUHk936OUAw5EB3TLhv.v17.npz,data/local/semlex_citizen100_train_audit/raw/NEED/BhUHk936OUAw5EB3TLhv.webm,BhUHk936OUAw5EB3TLhv,7,NEED,NEED,C_02_034,need,NEED,NEED|YES|CHILD|I|YOU,True,True,0.9125834107398987,False
data/local/semlex_citizen100_train_audit/landmarks_v17/NEED/F5uPE5SX3exmC1iBBpJ2.v17.npz,data/local/semlex_citizen100_train_audit/raw/NEED/F5uPE5SX3exmC1iBBpJ2.webm,F5uPE5SX3exmC1iBBpJ2,46,NEED,NEED,C_02_034,need,YES,YES|NEED|I|CHILD|YOU,False,True,0.12018068134784698,False
data/local/semlex_citizen100_train_audit/landmarks_v17/NEED/GxvghT9He2OrVVpwv8qw.v17.npz,data/local/semlex_citizen100_train_audit/raw/NEED/GxvghT9He2OrVVpwv8qw.webm,GxvghT9He2OrVVpwv8qw,14,NEED,NEED,C_02_034,need,NEED,NEED|YOU|YES|I|WE,True,True,0.8133774995803833,False
data/local/semlex_citizen100_train_audit/landmarks_v17/NEED/NyugNTRgtMq698yT0vux.v17.npz,data/local/semlex_citizen100_train_audit/raw/NEED/NyugNTRgtMq698yT0vux.webm,NyugNTRgtMq698yT0vux,31,NEED,NEED,C_02_034,need,NEED,NEED|YES|CHILD|I|YOU,True,True,0.8838484287261963,False
data/local/semlex_citizen100_train_audit/landmarks_v17/NEED/TDXb0wXzuoii8LZF2knI.v17.npz,data/local/semlex_citizen100_train_audit/raw/NEED/TDXb0wXzuoii8LZF2knI.webm,TDXb0wXzuoii8LZF2knI,17,NEED,NEED,C_02_034,need,NEED,NEED|YOU|YES|I|GO,True,True,0.9142087697982788,False
data/local/semlex_citizen100_train_audit/landmarks_v17/NEED/ZcKitmuxJ36gapMXeZeK.v17.npz,data/local/semlex_citizen100_train_audit/raw/NEED/ZcKitmuxJ36gapMXeZeK.webm,ZcKitmuxJ36gapMXeZeK,15,NEED,NEED,C_02_034,need,NEED,NEED|YOU|YES|WHERE|ASK,True,True,0.6001173853874207,False
data/local/semlex_citizen100_train_audit/landmarks_v17/NEED/bIoimz5Yp0eBcccZFSJq.v17.npz,data/local/semlex_citizen100_train_audit/raw/NEED/bIoimz5Yp0eBcccZFSJq.webm,bIoimz5Yp0eBcccZFSJq,88,NEED,NEED,C_02_034,need,NEED,NEED|YES|YOU|I|WE,True,True,0.7887229919433594,False
data/local/semlex_citizen100_train_audit/landmarks_v17/NEED/hMLxOMCxd9OLKOg7G32S.v17.npz,data/local/semlex_citizen100_train_audit/raw/NEED/hMLxOMCxd9OLKOg7G32S.webm,hMLxOMCxd9OLKOg7G32S,49,NEED,NEED,C_02_034,need,WHERE,WHERE|YOU|ASK|YES|TAKE,False,False,0.019531071186065674,False
data/local/semlex_citizen100_train_audit/landmarks_v17/NEED/qDkuTbBqoKZLOGEd1qOt.v17.npz,data/local/semlex_citizen100_train_audit/raw/NEED/qDkuTbBqoKZLOGEd1qOt.webm,qDkuTbBqoKZLOGEd1qOt,52,NEED,NEED,C_02_034,need,NEED,NEED|YES|HE|CHILD|SIGN,True,True,0.9306590557098389,False
data/local/semlex_citizen100_train_audit/landmarks_v17/NIGHT/2c2Pel4lSMIzL3OCFYJo.v17.npz,data/local/semlex_citizen100_train_audit/raw/NIGHT/2c2Pel4lSMIzL3OCFYJo.webm,2c2Pel4lSMIzL3OCFYJo,30,NIGHT,NIGHT1,A_01_003,night,NIGHT,NIGHT|WORK|TAKE|WE|TALK,True,True,0.8128541111946106,False
data/local/semlex_citizen100_train_audit/landmarks_v17/NIGHT/3Th3iqanX345BTsZYMz3.v17.npz,data/local/semlex_citizen100_train_audit/raw/NIGHT/3Th3iqanX345BTsZYMz3.webm,3Th3iqanX345BTsZYMz3,59,NIGHT,NIGHT1,A_01_003,night,NIGHT,NIGHT|WORK|IMPORTANT|MAKE|SAME,True,True,0.5199866890907288,False
data/local/semlex_citizen100_train_audit/landmarks_v17/NIGHT/4w3Hn7GfIebRF1CkSfS8.v17.npz,data/local/semlex_citizen100_train_audit/raw/NIGHT/4w3Hn7GfIebRF1CkSfS8.webm,4w3Hn7GfIebRF1CkSfS8,35,NIGHT,NIGHT1,A_01_003,night,NIGHT,NIGHT|MAKE|SCHOOL|PLEASE|USE,True,True,0.8599840998649597,False
data/local/semlex_citizen100_train_audit/landmarks_v17/NIGHT/7PNY89YW4BtjBO0MbcZt.v17.npz,data/local/semlex_citizen100_train_audit/raw/NIGHT/7PNY89YW4BtjBO0MbcZt.webm,7PNY89YW4BtjBO0MbcZt,85,NIGHT,NIGHT1,A_01_003,night,NIGHT,NIGHT|USE|WOMAN|DAY|SCHOOL,True,True,0.9199689626693726,False
data/local/semlex_citizen100_train_audit/landmarks_v17/NIGHT/94PVMSoPiADWjL9PYTMm.v17.npz,data/local/semlex_citizen100_train_audit/raw/NIGHT/94PVMSoPiADWjL9PYTMm.webm,94PVMSoPiADWjL9PYTMm,52,NIGHT,NIGHT1,A_01_003,night,NIGHT,NIGHT|LESS|MORE|READ|DOCTOR,True,True,0.3238120675086975,False
data/local/semlex_citizen100_train_audit/landmarks_v17/NIGHT/97ubnfp0J6YyPpZTQlAn.v17.npz,data/local/semlex_citizen100_train_audit/raw/NIGHT/97ubnfp0J6YyPpZTQlAn.webm,97ubnfp0J6YyPpZTQlAn,43,NIGHT,NIGHT1,A_01_003,night,NIGHT,NIGHT|SCHOOL|OUR|LESS|DAY,True,True,0.6877840757369995,False
data/local/semlex_citizen100_train_audit/landmarks_v17/NIGHT/9CKX6ArgOUt8f8GfNzHC.v17.npz,data/local/semlex_citizen100_train_audit/raw/NIGHT/9CKX6ArgOUt8f8GfNzHC.webm,9CKX6ArgOUt8f8GfNzHC,23,NIGHT,NIGHT1,A_01_003,night,NIGHT,NIGHT|WRITE|LEARN|YEAR|WORK,True,True,0.8679258823394775,False
data/local/semlex_citizen100_train_audit/landmarks_v17/NIGHT/ATeveLVdibgTyH5vpQbQ.v17.npz,data/local/semlex_citizen100_train_audit/raw/NIGHT/ATeveLVdibgTyH5vpQbQ.webm,ATeveLVdibgTyH5vpQbQ,14,NIGHT,NIGHT1,A_01_003,night,NIGHT,NIGHT|USE|WORK|DAY|LESS,True,True,0.7948370575904846,False
data/local/semlex_citizen100_train_audit/landmarks_v17/NIGHT/ClRx42L0evTpzFPzKkR0.v17.npz,data/local/semlex_citizen100_train_audit/raw/NIGHT/ClRx42L0evTpzFPzKkR0.webm,ClRx42L0evTpzFPzKkR0,80,NIGHT,NIGHT1,A_01_003,night,NIGHT,NIGHT|USE|LESS|MAN|DAY,True,True,0.8888829350471497,False
data/local/semlex_citizen100_train_audit/landmarks_v17/NIGHT/Fne8TGxaKAHDZxMSMtnh.v17.npz,data/local/semlex_citizen100_train_audit/raw/NIGHT/Fne8TGxaKAHDZxMSMtnh.webm,Fne8TGxaKAHDZxMSMtnh,17,NIGHT,NIGHT1,A_01_003,night,NIGHT,NIGHT|MAKE|USE|HOW|WORK,True,True,0.8725063800811768,False
data/local/semlex_citizen100_train_audit/landmarks_v17/NIGHT/LocnzCGZO2Z7BZwtdXCK.v17.npz,data/local/semlex_citizen100_train_audit/raw/NIGHT/LocnzCGZO2Z7BZwtdXCK.webm,LocnzCGZO2Z7BZwtdXCK,39,NIGHT,NIGHT1,A_01_003,night,PLEASE,PLEASE|COME|DOCTOR|SAME|HUNGRY,False,False,0.023753495886921883,False
data/local/semlex_citizen100_train_audit/landmarks_v17/NIGHT/TZfPs04u8fovIM12uh8s.v17.npz,data/local/semlex_citizen100_train_audit/raw/NIGHT/TZfPs04u8fovIM12uh8s.webm,TZfPs04u8fovIM12uh8s,38,NIGHT,NIGHT1,A_01_003,night,NIGHT,NIGHT|USE|WORK|DAY|WE,True,True,0.9173777103424072,False
data/local/semlex_citizen100_train_audit/landmarks_v17/NIGHT/VlXE2Ok79ayVz4GHKA8w.v17.npz,data/local/semlex_citizen100_train_audit/raw/NIGHT/VlXE2Ok79ayVz4GHKA8w.webm,VlXE2Ok79ayVz4GHKA8w,49,NIGHT,NIGHT1,A_01_003,night,NIGHT,NIGHT|MORE|LESS|DOCTOR|DAY,True,True,0.7008950710296631,False
data/local/semlex_citizen100_train_audit/landmarks_v17/NIGHT/XhHlugKKtglsNQrLCAyK.v17.npz,data/local/semlex_citizen100_train_audit/raw/NIGHT/XhHlugKKtglsNQrLCAyK.webm,XhHlugKKtglsNQrLCAyK,60,NIGHT,NIGHT1,A_01_003,night,NIGHT,NIGHT|READ|LESS|MORE|DOCTOR,True,True,0.738978922367096,False
data/local/semlex_citizen100_train_audit/landmarks_v17/NIGHT/YXHwJtV1smL1m0WIs5UW.v17.npz,data/local/semlex_citizen100_train_audit/raw/NIGHT/YXHwJtV1smL1m0WIs5UW.webm,YXHwJtV1smL1m0WIs5UW,46,NIGHT,NIGHT1,A_01_003,night,NIGHT,NIGHT|MAKE|YEAR|LEARN|WRITE,True,True,0.8232700228691101,False
data/local/semlex_citizen100_train_audit/landmarks_v17/NIGHT/lmXHCFRPDFA6aTgB5a9i.v17.npz,data/local/semlex_citizen100_train_audit/raw/NIGHT/lmXHCFRPDFA6aTgB5a9i.webm,lmXHCFRPDFA6aTgB5a9i,76,NIGHT,NIGHT1,A_01_003,night,NIGHT,NIGHT|WOMAN|WE|OUR|TAKE,True,True,0.4050476551055908,False
data/local/semlex_citizen100_train_audit/landmarks_v17/NIGHT/oLe6TnT8g717E9lo9jnp.v17.npz,data/local/semlex_citizen100_train_audit/raw/NIGHT/oLe6TnT8g717E9lo9jnp.webm,oLe6TnT8g717E9lo9jnp,7,NIGHT,NIGHT1,A_01_003,night,NIGHT,NIGHT|MAKE|MORE|USE|DAY,True,True,0.8841268420219421,False
data/local/semlex_citizen100_train_audit/landmarks_v17/NIGHT/piBJdL4uoOywJoI9ih8c.v17.npz,data/local/semlex_citizen100_train_audit/raw/NIGHT/piBJdL4uoOywJoI9ih8c.webm,piBJdL4uoOywJoI9ih8c,84,NIGHT,NIGHT1,A_01_003,night,NIGHT,NIGHT|LESS|WOMAN|SCHOOL|MAN,True,True,0.9390701055526733,False
data/local/semlex_citizen100_train_audit/landmarks_v17/NO/1ErMiDUcBav6FScgcm6Y.v17.npz,data/local/semlex_citizen100_train_audit/raw/NO/1ErMiDUcBav6FScgcm6Y.webm,1ErMiDUcBav6FScgcm6Y,31,NO,NO,C_03_041,no,NO,NO|TAKE|WATER|TALK|SAME,True,True,0.859257161617279,False
data/local/semlex_citizen100_train_audit/landmarks_v17/NO/4ecKFs38d8160xB8bXo5.v17.npz,data/local/semlex_citizen100_train_audit/raw/NO/4ecKFs38d8160xB8bXo5.webm,4ecKFs38d8160xB8bXo5,30,NO,NO,C_03_041,no,NO,NO|TAKE|LISTEN|MOTHER|WATER,True,True,0.544797956943512,False
data/local/semlex_citizen100_train_audit/landmarks_v17/NO/Cr44lKZqX9sFntfdR3qZ.v17.npz,data/local/semlex_citizen100_train_audit/raw/NO/Cr44lKZqX9sFntfdR3qZ.webm,Cr44lKZqX9sFntfdR3qZ,39,NO,NO,C_03_041,no,HE,HE|ANGRY|CHILD|WHY|WANT,False,False,0.003688122844323516,False
data/local/semlex_citizen100_train_audit/landmarks_v17/NO/EQ3ls9yQ0em1SScJR5tI.v17.npz,data/local/semlex_citizen100_train_audit/raw/NO/EQ3ls9yQ0em1SScJR5tI.webm,EQ3ls9yQ0em1SScJR5tI,76,NO,NO,C_03_041,no,NO,NO|USE|ASK|TAKE|LISTEN,True,True,0.4123315215110779,False
data/local/semlex_citizen100_train_audit/landmarks_v17/NO/F8uCmswmha5s1td9JrqJ.v17.npz,data/local/semlex_citizen100_train_audit/raw/NO/F8uCmswmha5s1td9JrqJ.webm,F8uCmswmha5s1td9JrqJ,78,NO,NO,C_03_041,no,NO,NO|LISTEN|GOODBYE|WHERE|HEAR,True,True,0.6860516667366028,False
data/local/semlex_citizen100_train_audit/landmarks_v17/NO/Mdf5CcL97SAdCgwcf6xd.v17.npz,data/local/semlex_citizen100_train_audit/raw/NO/Mdf5CcL97SAdCgwcf6xd.webm,Mdf5CcL97SAdCgwcf6xd,80,NO,NO,C_03_041,no,IMPORTANT,IMPORTANT|READY|GO|READ|COLD,False,False,0.0027346189599484205,False
data/local/semlex_citizen100_train_audit/landmarks_v17/NO/UPXI86jnUvGKxpmLZ0S3.v17.npz,data/local/semlex_citizen100_train_audit/raw/NO/UPXI86jnUvGKxpmLZ0S3.webm,UPXI86jnUvGKxpmLZ0S3,46,NO,NO,C_03_041,no,NO,NO|LISTEN|WHERE|GOODBYE|NEED,True,True,0.8954229950904846,False
data/local/semlex_citizen100_train_audit/landmarks_v17/NO/W50LejIOJ4TEbqrYZ0u3.v17.npz,data/local/semlex_citizen100_train_audit/raw/NO/W50LejIOJ4TEbqrYZ0u3.webm,W50LejIOJ4TEbqrYZ0u3,49,NO,NO,C_03_041,no,USE,USE|WOMAN|HOSPITAL|LISTEN|TAKE,False,False,0.026850758120417595,False
data/local/semlex_citizen100_train_audit/landmarks_v17/NO/WJGPnU2LWAxP42zVOn4i.v17.npz,data/local/semlex_citizen100_train_audit/raw/NO/WJGPnU2LWAxP42zVOn4i.webm,WJGPnU2LWAxP42zVOn4i,84,NO,NO,C_03_041,no,NO,NO|LISTEN|TAKE|USE|WATER,True,True,0.7383647561073303,False
data/local/semlex_citizen100_train_audit/landmarks_v17/NO/XoIQSfnwe9gcOMuDd9zH.v17.npz,data/local/semlex_citizen100_train_audit/raw/NO/XoIQSfnwe9gcOMuDd9zH.webm,XoIQSfnwe9gcOMuDd9zH,88,NO,NO,C_03_041,no,NO,NO|YES|TAKE|ASK|NEED,True,True,0.7904025912284851,False
data/local/semlex_citizen100_train_audit/landmarks_v17/NO/jHcpZP0DTDmdEzYK314W.v17.npz,data/local/semlex_citizen100_train_audit/raw/NO/jHcpZP0DTDmdEzYK314W.webm,jHcpZP0DTDmdEzYK314W,35,NO,NO,C_03_041,no,NO,NO|WHERE|WATER|YOU|ASK,True,True,0.6579216718673706,False
data/local/semlex_citizen100_train_audit/landmarks_v17/NO/mq47RHHHWHhI3cssdiv7.v17.npz,data/local/semlex_citizen100_train_audit/raw/NO/mq47RHHHWHhI3cssdiv7.webm,mq47RHHHWHhI3cssdiv7,62,NO,NO,C_03_041,no,NO,NO|WATER|TAKE|TALK|MOTHER,True,True,0.49239659309387207,False
data/local/semlex_citizen100_train_audit/landmarks_v17/NO/o1UCi900kQwZTfQxFNba.v17.npz,data/local/semlex_citizen100_train_audit/raw/NO/o1UCi900kQwZTfQxFNba.webm,o1UCi900kQwZTfQxFNba,11,NO,NO,C_03_041,no,NO,NO|TAKE|LISTEN|ASK|SAME,True,True,0.7652944326400757,False
data/local/semlex_citizen100_train_audit/landmarks_v17/NO/qsxDbPqSOsyVv64lZKju.v17.npz,data/local/semlex_citizen100_train_audit/raw/NO/qsxDbPqSOsyVv64lZKju.webm,qsxDbPqSOsyVv64lZKju,8,NO,NO,C_03_041,no,NO,NO|WATER|WHERE|TALK|LIKE,True,True,0.7008013129234314,False
data/local/semlex_citizen100_train_audit/landmarks_v17/NO/y56SOFz4LLIcKGNLszNd.v17.npz,data/local/semlex_citizen100_train_audit/raw/NO/y56SOFz4LLIcKGNLszNd.webm,y56SOFz4LLIcKGNLszNd,17,NO,NO,C_03_041,no,NO,NO|NEED|LISTEN|TAKE|YES,True,True,0.8241210579872131,False
data/local/semlex_citizen100_train_audit/landmarks_v17/NO/yCjJNujYHlPV9f7uuLEm.v17.npz,data/local/semlex_citizen100_train_audit/raw/NO/yCjJNujYHlPV9f7uuLEm.webm,yCjJNujYHlPV9f7uuLEm,85,NO,NO,C_03_041,no,NO,NO|WATER|WHERE|YOU|TALK,True,True,0.6710752248764038,False
data/local/semlex_citizen100_train_audit/landmarks_v17/NOW/4cdfUuWnvfmMMDZM3toS.v17.npz,data/local/semlex_citizen100_train_audit/raw/NOW/4cdfUuWnvfmMMDZM3toS.webm,4cdfUuWnvfmMMDZM3toS,49,NOW,NOW,C_03_062,now,NOW,NOW|HAVE|MAYBE|ANGRY|WAIT,True,True,0.5834261775016785,False
data/local/semlex_citizen100_train_audit/landmarks_v17/NOW/58Jgavwe2TxIs123RPW7.v17.npz,data/local/semlex_citizen100_train_audit/raw/NOW/58Jgavwe2TxIs123RPW7.webm,58Jgavwe2TxIs123RPW7,88,NOW,NOW,C_03_062,now,NOW,NOW|ANGRY|HAVE|BIG|CHILD,True,True,0.9168959856033325,False
data/local/semlex_citizen100_train_audit/landmarks_v17/NOW/IhGStI3qGYe1qQb78C6j.v17.npz,data/local/semlex_citizen100_train_audit/raw/NOW/IhGStI3qGYe1qQb78C6j.webm,IhGStI3qGYe1qQb78C6j,52,NOW,NOW,C_03_062,now,NOW,NOW|EXCITED|HAVE|MAYBE|ANGRY,True,True,0.6620964407920837,False
data/local/semlex_citizen100_train_audit/landmarks_v17/NOW/NKYS5UnYr8FS5PuGdF9h.v17.npz,data/local/semlex_citizen100_train_audit/raw/NOW/NKYS5UnYr8FS5PuGdF9h.webm,NKYS5UnYr8FS5PuGdF9h,17,NOW,NOW,C_03_062,now,NOW,NOW|ANGRY|TIRED|WANT|BIG,True,True,0.9638307094573975,False
data/local/semlex_citizen100_train_audit/landmarks_v17/NOW/OXps82VCdL7LErdleZVw.v17.npz,data/local/semlex_citizen100_train_audit/raw/NOW/OXps82VCdL7LErdleZVw.webm,OXps82VCdL7LErdleZVw,39,NOW,NOW,C_03_062,now,NOW,NOW|WANT|WHAT|TIRED|COLD,True,True,0.648466944694519,False
data/local/semlex_citizen100_train_audit/landmarks_v17/NOW/VRwxlR6SDyvmbU5qA6X0.v17.npz,data/local/semlex_citizen100_train_audit/raw/NOW/VRwxlR6SDyvmbU5qA6X0.webm,VRwxlR6SDyvmbU5qA6X0,59,NOW,NOW,C_03_062,now,NOW,NOW|ANGRY|BIG|HAVE|HOW,True,True,0.8873820304870605,False
data/local/semlex_citizen100_train_audit/landmarks_v17/NOW/ZYiy1EH96Nw0rg2rEwal.v17.npz,data/local/semlex_citizen100_train_audit/raw/NOW/ZYiy1EH96Nw0rg2rEwal.webm,ZYiy1EH96Nw0rg2rEwal,31,NOW,NOW,C_03_062,now,NOW,NOW|HAVE|ANGRY|TRY|BIG,True,True,0.7354933619499207,False
data/local/semlex_citizen100_train_audit/landmarks_v17/NOW/cEpKf9L6aSKMlqPFIiGM.v17.npz,data/local/semlex_citizen100_train_audit/raw/NOW/cEpKf9L6aSKMlqPFIiGM.webm,cEpKf9L6aSKMlqPFIiGM,7,NOW,NOW,C_03_062,now,NOW,NOW|WANT|ANGRY|WAIT|HE,True,True,0.8815417885780334,False
data/local/semlex_citizen100_train_audit/landmarks_v17/NOW/hFflxB6IOcsjSTGxDDiS.v17.npz,data/local/semlex_citizen100_train_audit/raw/NOW/hFflxB6IOcsjSTGxDDiS.webm,hFflxB6IOcsjSTGxDDiS,38,NOW,NOW,C_03_062,now,HAVE,HAVE|NOW|TIRED|MAYBE|TRY,False,True,0.3641631305217743,False
data/local/semlex_citizen100_train_audit/landmarks_v17/NOW/jhMLCTm4VXtTEYEH5f4D.v17.npz,data/local/semlex_citizen100_train_audit/raw/NOW/jhMLCTm4VXtTEYEH5f4D.webm,jhMLCTm4VXtTEYEH5f4D,30,NOW,NOW,C_03_062,now,NOW,NOW|MAYBE|WANT|ANGRY|CHILD,True,True,0.7064573168754578,False
data/local/semlex_citizen100_train_audit/landmarks_v17/NOW/o70S0H1kw2sDqoix8p3j.v17.npz,data/local/semlex_citizen100_train_audit/raw/NOW/o70S0H1kw2sDqoix8p3j.webm,o70S0H1kw2sDqoix8p3j,63,NOW,NOW,C_03_062,now,HAVE,HAVE|NOW|HAPPY|FEEL|EXCITED,False,True,0.14110422134399414,False
data/local/semlex_citizen100_train_audit/landmarks_v17/NOW/rZhJvXSKHYlmp1jytOf2.v17.npz,data/local/semlex_citizen100_train_audit/raw/NOW/rZhJvXSKHYlmp1jytOf2.webm,rZhJvXSKHYlmp1jytOf2,62,NOW,NOW,C_03_062,now,NOW,NOW|ANGRY|HAVE|BIG|MAYBE,True,True,0.44751495122909546,False
data/local/semlex_citizen100_train_audit/landmarks_v17/NOW/tkE2iABgpnrfXfqwx4TK.v17.npz,data/local/semlex_citizen100_train_audit/raw/NOW/tkE2iABgpnrfXfqwx4TK.webm,tkE2iABgpnrfXfqwx4TK,84,NOW,NOW,C_03_062,now,NOW,NOW|HAVE|ANGRY|BIG|TIRED,True,True,0.946139395236969,False
data/local/semlex_citizen100_train_audit/landmarks_v17/OUR/AerdFuTSGBfHPfJP5COy.v17.npz,data/local/semlex_citizen100_train_audit/raw/OUR/AerdFuTSGBfHPfJP5COy.webm,AerdFuTSGBfHPfJP5COy,35,OUR,OUR,G_02_067,our,OUR,OUR|WE|COME|PLEASE|TAKE,True,True,0.9033010601997375,False
data/local/semlex_citizen100_train_audit/landmarks_v17/OUR/BooVSUpRvMCBBQPdI20P.v17.npz,data/local/semlex_citizen100_train_audit/raw/OUR/BooVSUpRvMCBBQPdI20P.webm,BooVSUpRvMCBBQPdI20P,88,OUR,OUR,G_02_067,our,OUR,OUR|WOMAN|COME|BAD|HUNGRY,True,True,0.8745478391647339,False
data/local/semlex_citizen100_train_audit/landmarks_v17/OUR/RHEMM1L3TZSwrX6Xgyoc.v17.npz,data/local/semlex_citizen100_train_audit/raw/OUR/RHEMM1L3TZSwrX6Xgyoc.webm,RHEMM1L3TZSwrX6Xgyoc,49,OUR,OUR,G_02_067,our,OUR,OUR|STOP|DAY|COME|MORNING,True,True,0.5920878052711487,False
data/local/semlex_citizen100_train_audit/landmarks_v17/OUR/XGnvFHj3Aee51keCeWGP.v17.npz,data/local/semlex_citizen100_train_audit/raw/OUR/XGnvFHj3Aee51keCeWGP.webm,XGnvFHj3Aee51keCeWGP,15,OUR,OUR,G_02_067,our,OUR,OUR|COME|DAY|GIVE|STOP,True,True,0.761164665222168,False
data/local/semlex_citizen100_train_audit/landmarks_v17/OUR/a638YYz4nRLWuDr9RwN1.v17.npz,data/local/semlex_citizen100_train_audit/raw/OUR/a638YYz4nRLWuDr9RwN1.webm,a638YYz4nRLWuDr9RwN1,30,OUR,OUR,G_02_067,our,OUR,OUR|STOP|WOMAN|DRINK|GOODBYE,True,True,0.8526751399040222,False
data/local/semlex_citizen100_train_audit/landmarks_v17/OUR/p5bPifx93HmwzCxSkUCz.v17.npz,data/local/semlex_citizen100_train_audit/raw/OUR/p5bPifx93HmwzCxSkUCz.webm,p5bPifx93HmwzCxSkUCz,62,OUR,OUR,G_02_067,our,OUR,OUR|COME|STOP|DAY|WE,True,True,0.8847749829292297,False
data/local/semlex_citizen100_train_audit/landmarks_v17/OUR/tqRHMoxLsogPuVw8h6gY.v17.npz,data/local/semlex_citizen100_train_audit/raw/OUR/tqRHMoxLsogPuVw8h6gY.webm,tqRHMoxLsogPuVw8h6gY,39,OUR,OUR,G_02_067,our,STOP,STOP|COME|LESS|DOCTOR|THANKYOU,False,False,0.014026706106960773,False
data/local/semlex_citizen100_train_audit/landmarks_v17/PLEASE/8NUTvCFXvqNFp3MOmCJM.v17.npz,data/local/semlex_citizen100_train_audit/raw/PLEASE/8NUTvCFXvqNFp3MOmCJM.webm,8NUTvCFXvqNFp3MOmCJM,31,PLEASE,PLEASE,B_02_007,please,PLEASE,PLEASE|MY|HAPPY|HUNGRY|SORRY,True,True,0.8975788950920105,False
data/local/semlex_citizen100_train_audit/landmarks_v17/PLEASE/UbvLIU8s3KmpV89sDnZ1.v17.npz,data/local/semlex_citizen100_train_audit/raw/PLEASE/UbvLIU8s3KmpV89sDnZ1.webm,UbvLIU8s3KmpV89sDnZ1,17,PLEASE,PLEASE,B_02_007,please,PLEASE,PLEASE|MY|HUNGRY|HAPPY|SORRY,True,True,0.6305096745491028,False
data/local/semlex_citizen100_train_audit/landmarks_v17/PLEASE/a5vIR9qak7zTRhSEwIXh.v17.npz,data/local/semlex_citizen100_train_audit/raw/PLEASE/a5vIR9qak7zTRhSEwIXh.webm,a5vIR9qak7zTRhSEwIXh,11,PLEASE,PLEASE,B_02_007,please,PLEASE,PLEASE|MY|HAPPY|HUNGRY|GOOD,True,True,0.5301878452301025,False
data/local/semlex_citizen100_train_audit/landmarks_v17/PLEASE/cirRIlxIvxJE9pp0QR7v.v17.npz,data/local/semlex_citizen100_train_audit/raw/PLEASE/cirRIlxIvxJE9pp0QR7v.webm,cirRIlxIvxJE9pp0QR7v,80,PLEASE,PLEASE,B_02_007,please,HAPPY,HAPPY|MY|PLEASE|GOOD|HUNGRY,False,True,0.09807932376861572,False
data/local/semlex_citizen100_train_audit/landmarks_v17/PLEASE/giX6UxBEr5Ve5RJ2Ae2o.v17.npz,data/local/semlex_citizen100_train_audit/raw/PLEASE/giX6UxBEr5Ve5RJ2Ae2o.webm,giX6UxBEr5Ve5RJ2Ae2o,88,PLEASE,PLEASE,B_02_007,please,PLEASE,PLEASE|MY|FEEL|HAPPY|LIKE,True,True,0.7124746441841125,False
data/local/semlex_citizen100_train_audit/landmarks_v17/PLEASE/ru5SKNFkxNHj6qRnnlN3.v17.npz,data/local/semlex_citizen100_train_audit/raw/PLEASE/ru5SKNFkxNHj6qRnnlN3.webm,ru5SKNFkxNHj6qRnnlN3,84,PLEASE,PLEASE,B_02_007,please,MY,MY|PLEASE|HUNGRY|HAPPY|HOSPITAL,False,True,0.14639043807983398,False
data/local/semlex_citizen100_train_audit/landmarks_v17/PLEASE/t7s6pWEoUoBUZo2drK4w.v17.npz,data/local/semlex_citizen100_train_audit/raw/PLEASE/t7s6pWEoUoBUZo2drK4w.webm,t7s6pWEoUoBUZo2drK4w,46,PLEASE,PLEASE,B_02_007,please,PLEASE,PLEASE|MY|SORRY|HUNGRY|HAPPY,True,True,0.895224392414093,False
data/local/semlex_citizen100_train_audit/landmarks_v17/PLEASE/wJxYDsgsG92HUSEYzZf3.v17.npz,data/local/semlex_citizen100_train_audit/raw/PLEASE/wJxYDsgsG92HUSEYzZf3.webm,wJxYDsgsG92HUSEYzZf3,15,PLEASE,PLEASE,B_02_007,please,PLEASE,PLEASE|MY|FEEL|HAPPY|HUNGRY,True,True,0.7415320873260498,False
data/local/semlex_citizen100_train_audit/landmarks_v17/READ/0hvqXdJVGMYZlFv2sw0K.v17.npz,data/local/semlex_citizen100_train_audit/raw/READ/0hvqXdJVGMYZlFv2sw0K.webm,0hvqXdJVGMYZlFv2sw0K,31,READ,READ,A_01_022,read,WHEN,WHEN|HOW|SIGN|EXCITED|WRITE,False,False,0.02832745760679245,False
data/local/semlex_citizen100_train_audit/landmarks_v17/READ/0lmcTW1OXhZZ4fPc5G9i.v17.npz,data/local/semlex_citizen100_train_audit/raw/READ/0lmcTW1OXhZZ4fPc5G9i.webm,0lmcTW1OXhZZ4fPc5G9i,39,READ,READ,A_01_022,read,WANT,WANT|WHAT|HE|READY|LIKE,False,False,0.01076819933950901,False
data/local/semlex_citizen100_train_audit/landmarks_v17/READ/1yFlcJTqnuQjwX91a5Me.v17.npz,data/local/semlex_citizen100_train_audit/raw/READ/1yFlcJTqnuQjwX91a5Me.webm,1yFlcJTqnuQjwX91a5Me,88,READ,READ,A_01_022,read,READ,READ|NAME|DOCTOR|MORE|WHAT,True,True,0.6334229111671448,False
data/local/semlex_citizen100_train_audit/landmarks_v17/READ/45JcsxWCdS6nzSGJc3EN.v17.npz,data/local/semlex_citizen100_train_audit/raw/READ/45JcsxWCdS6nzSGJc3EN.webm,45JcsxWCdS6nzSGJc3EN,8,READ,READ,A_01_022,read,READ,READ|NAME|WHAT|READY|WANT,True,True,0.7928257584571838,False
data/local/semlex_citizen100_train_audit/landmarks_v17/READ/7DkqyXrt21ehwLiQIB5w.v17.npz,data/local/semlex_citizen100_train_audit/raw/READ/7DkqyXrt21ehwLiQIB5w.webm,7DkqyXrt21ehwLiQIB5w,84,READ,READ,A_01_022,read,READ,READ|NAME|WHAT|DOCTOR|READY,True,True,0.9070701003074646,False
data/local/semlex_citizen100_train_audit/landmarks_v17/READ/7O2sywbxHutEiOzYPYRX.v17.npz,data/local/semlex_citizen100_train_audit/raw/READ/7O2sywbxHutEiOzYPYRX.webm,7O2sywbxHutEiOzYPYRX,63,READ,READ,A_01_022,read,READ,READ|MORE|LESS|NAME|LEARN,True,True,0.35666972398757935,False
data/local/semlex_citizen100_train_audit/landmarks_v17/READ/7PZdiAiVSWxlXnChb0L0.v17.npz,data/local/semlex_citizen100_train_audit/raw/READ/7PZdiAiVSWxlXnChb0L0.webm,7PZdiAiVSWxlXnChb0L0,80,READ,READ,A_01_022,read,READ,READ|READY|MORE|GO|WANT,True,True,0.7266839146614075,False
data/local/semlex_citizen100_train_audit/landmarks_v17/READ/9N0Ndh0eWDDwYu8cRfKz.v17.npz,data/local/semlex_citizen100_train_audit/raw/READ/9N0Ndh0eWDDwYu8cRfKz.webm,9N0Ndh0eWDDwYu8cRfKz,17,READ,READ,A_01_022,read,READ,READ|MORE|NAME|READY|SAD,True,True,0.8509547114372253,False
data/local/semlex_citizen100_train_audit/landmarks_v17/READ/9anLp6v6SODhxYsDbmUu.v17.npz,data/local/semlex_citizen100_train_audit/raw/READ/9anLp6v6SODhxYsDbmUu.webm,9anLp6v6SODhxYsDbmUu,35,READ,READ,A_01_022,read,READ,READ|SMALL|DOCTOR|FAMILY|MORE,True,True,0.5369045734405518,False
data/local/semlex_citizen100_train_audit/landmarks_v17/READ/Hclwaf8yc9FLsV9us4IT.v17.npz,data/local/semlex_citizen100_train_audit/raw/READ/Hclwaf8yc9FLsV9us4IT.webm,Hclwaf8yc9FLsV9us4IT,30,READ,READ,A_01_022,read,READ,READ|DOCTOR|NAME|MORE|USE,True,True,0.8402500748634338,False
data/local/semlex_citizen100_train_audit/landmarks_v17/READ/JQIV1Z346BKXaouU8HZy.v17.npz,data/local/semlex_citizen100_train_audit/raw/READ/JQIV1Z346BKXaouU8HZy.webm,JQIV1Z346BKXaouU8HZy,12,READ,READ,A_01_022,read,READ,READ|NAME|WHAT|USE|DOCTOR,True,True,0.9401457905769348,False
data/local/semlex_citizen100_train_audit/landmarks_v17/READ/LzTnfZTgMOwchi9meG5d.v17.npz,data/local/semlex_citizen100_train_audit/raw/READ/LzTnfZTgMOwchi9meG5d.webm,LzTnfZTgMOwchi9meG5d,43,READ,READ,A_01_022,read,EXCITED,EXCITED|NAME|READ|WRITE|SICK,False,True,0.15062618255615234,False
data/local/semlex_citizen100_train_audit/landmarks_v17/READ/NbKr48jvG4SRV7XpycV8.v17.npz,data/local/semlex_citizen100_train_audit/raw/READ/NbKr48jvG4SRV7XpycV8.webm,NbKr48jvG4SRV7XpycV8,85,READ,READ,A_01_022,read,LEARN,LEARN|NAME|LESS|WRITE|WEEK,False,False,0.024705365300178528,False
data/local/semlex_citizen100_train_audit/landmarks_v17/READ/U7ciienH8cIzGcO6ZBym.v17.npz,data/local/semlex_citizen100_train_audit/raw/READ/U7ciienH8cIzGcO6ZBym.webm,U7ciienH8cIzGcO6ZBym,46,READ,READ,A_01_022,read,READ,READ|SMALL|GO|DOCTOR|MORE,True,True,0.8472328782081604,False
data/local/semlex_citizen100_train_audit/landmarks_v17/READ/XINuOSJOae1g56w9QnHm.v17.npz,data/local/semlex_citizen100_train_audit/raw/READ/XINuOSJOae1g56w9QnHm.webm,XINuOSJOae1g56w9QnHm,78,READ,READ,A_01_022,read,READ,READ|WHAT|DOCTOR|WANT|NAME,True,True,0.4276084899902344,False
data/local/semlex_citizen100_train_audit/landmarks_v17/READ/c6y0m5yCmD0W8DQQ3716.v17.npz,data/local/semlex_citizen100_train_audit/raw/READ/c6y0m5yCmD0W8DQQ3716.webm,c6y0m5yCmD0W8DQQ3716,54,READ,READ,A_01_022,read,ANSWER,ANSWER|FRIEND|MAN|READ|NEED,False,True,0.0467914454638958,False
data/local/semlex_citizen100_train_audit/landmarks_v17/READ/cOBS4caTv6gGqA1Pxrks.v17.npz,data/local/semlex_citizen100_train_audit/raw/READ/cOBS4caTv6gGqA1Pxrks.webm,cOBS4caTv6gGqA1Pxrks,38,READ,READ,A_01_022,read,EXCITED,EXCITED|NAME|READ|DOCTOR|WHAT,False,True,0.03376363590359688,False
data/local/semlex_citizen100_train_audit/landmarks_v17/READ/cc0NEWDBlSii86zq8Y71.v17.npz,data/local/semlex_citizen100_train_audit/raw/READ/cc0NEWDBlSii86zq8Y71.webm,cc0NEWDBlSii86zq8Y71,60,READ,READ,A_01_022,read,READ,READ|USE|NAME|MORE|LESS,True,True,0.7122446298599243,False
data/local/semlex_citizen100_train_audit/landmarks_v17/READ/jVgiLWiAv388fDjJyzqW.v17.npz,data/local/semlex_citizen100_train_audit/raw/READ/jVgiLWiAv388fDjJyzqW.webm,jVgiLWiAv388fDjJyzqW,11,READ,READ,A_01_022,read,READ,READ|NAME|DOCTOR|MORE|LESS,True,True,0.9178528785705566,False
data/local/semlex_citizen100_train_audit/landmarks_v17/READ/nLPDcQJDJJDEFfKFIYge.v17.npz,data/local/semlex_citizen100_train_audit/raw/READ/nLPDcQJDJJDEFfKFIYge.webm,nLPDcQJDJJDEFfKFIYge,42,READ,READ,A_01_022,read,READ,READ|NAME|MORE|WHAT|READY,True,True,0.8591222763061523,False
data/local/semlex_citizen100_train_audit/landmarks_v17/READ/sGc3Bcq2OJFFEdOIGgnx.v17.npz,data/local/semlex_citizen100_train_audit/raw/READ/sGc3Bcq2OJFFEdOIGgnx.webm,sGc3Bcq2OJFFEdOIGgnx,14,READ,READ,A_01_022,read,READ,READ|DOCTOR|WHAT|NAME|MORE,True,True,0.7815096378326416,False
data/local/semlex_citizen100_train_audit/landmarks_v17/READ/vi69hTB2xJypQW8g5KiD.v17.npz,data/local/semlex_citizen100_train_audit/raw/READ/vi69hTB2xJypQW8g5KiD.webm,vi69hTB2xJypQW8g5KiD,62,READ,READ,A_01_022,read,READ,READ|WHAT|GO|READY|SMALL,True,True,0.8654792308807373,False
data/local/semlex_citizen100_train_audit/landmarks_v17/READ/z0PmaJiyKGJoOZCnJ2B8.v17.npz,data/local/semlex_citizen100_train_audit/raw/READ/z0PmaJiyKGJoOZCnJ2B8.webm,z0PmaJiyKGJoOZCnJ2B8,7,READ,READ,A_01_022,read,READ,READ|WHAT|NAME|DOCTOR|FRIEND,True,True,0.6558915376663208,False
data/local/semlex_citizen100_train_audit/landmarks_v17/READY/9bJX3Z74EdRml2DQVb5M.v17.npz,data/local/semlex_citizen100_train_audit/raw/READY/9bJX3Z74EdRml2DQVb5M.webm,9bJX3Z74EdRml2DQVb5M,49,READY,READY,F_03_042,ready,READY,READY|LISTEN|IMPORTANT|GO|READ,True,True,0.9210151433944702,False
data/local/semlex_citizen100_train_audit/landmarks_v17/READY/T4diHMH1o9HaLR7muWJm.v17.npz,data/local/semlex_citizen100_train_audit/raw/READY/T4diHMH1o9HaLR7muWJm.webm,T4diHMH1o9HaLR7muWJm,39,READY,READY,F_03_042,ready,READY,READY|WANT|READ|TALK|SMALL,True,True,0.40081387758255005,False
data/local/semlex_citizen100_train_audit/landmarks_v17/READY/XBgV4KXmBpm7RmOq2zCY.v17.npz,data/local/semlex_citizen100_train_audit/raw/READY/XBgV4KXmBpm7RmOq2zCY.webm,XBgV4KXmBpm7RmOq2zCY,11,READY,READY,F_03_042,ready,READY,READY|SMALL|READ|LISTEN|GO,True,True,0.7792190909385681,False
data/local/semlex_citizen100_train_audit/landmarks_v17/READY/kXvCouv6WB7MaTlasA7T.v17.npz,data/local/semlex_citizen100_train_audit/raw/READY/kXvCouv6WB7MaTlasA7T.webm,kXvCouv6WB7MaTlasA7T,43,READY,READY,F_03_042,ready,READY,READY|BIG|GO|WANT|COLD,True,True,0.8260918855667114,False
data/local/semlex_citizen100_train_audit/landmarks_v17/READY/lyVolE7B89JzFTV6bOWA.v17.npz,data/local/semlex_citizen100_train_audit/raw/READY/lyVolE7B89JzFTV6bOWA.webm,lyVolE7B89JzFTV6bOWA,31,READY,READY,F_03_042,ready,READY,READY|ANGRY|BIG|LISTEN|HELLO,True,True,0.7938601970672607,False
data/local/semlex_citizen100_train_audit/landmarks_v17/READY/mvSm1X37SnS6dZ85FgtI.v17.npz,data/local/semlex_citizen100_train_audit/raw/READY/mvSm1X37SnS6dZ85FgtI.webm,mvSm1X37SnS6dZ85FgtI,62,READY,READY,F_03_042,ready,HELLO,HELLO|FIND|READY|ANGRY|FATHER,False,True,0.18848562240600586,False
data/local/semlex_citizen100_train_audit/landmarks_v17/READY/q8u4kC0mJjeGtuyCb2hO.v17.npz,data/local/semlex_citizen100_train_audit/raw/READY/q8u4kC0mJjeGtuyCb2hO.webm,q8u4kC0mJjeGtuyCb2hO,17,READY,READY,F_03_042,ready,READY,READY|USE|READ|DIFFERENT|IMPORTANT,True,True,0.4241642355918884,False
data/local/semlex_citizen100_train_audit/landmarks_v17/READY/sgHN9AJ14ADSdjpOdpAl.v17.npz,data/local/semlex_citizen100_train_audit/raw/READY/sgHN9AJ14ADSdjpOdpAl.webm,sgHN9AJ14ADSdjpOdpAl,84,READY,READY,F_03_042,ready,READY,READY|WANT|SEE|ANGRY|DIFFERENT,True,True,0.33427366614341736,False
data/local/semlex_citizen100_train_audit/landmarks_v17/READY/xrS3jCrkhShLCoWvdkHB.v17.npz,data/local/semlex_citizen100_train_audit/raw/READY/xrS3jCrkhShLCoWvdkHB.webm,xrS3jCrkhShLCoWvdkHB,35,READY,READY,F_03_042,ready,READY,READY|DIFFERENT|BIG|LISTEN|READ,True,True,0.9508246779441833,False
data/local/semlex_citizen100_train_audit/landmarks_v17/READY/y3Q7zsJ8stC3N2ak00rc.v17.npz,data/local/semlex_citizen100_train_audit/raw/READY/y3Q7zsJ8stC3N2ak00rc.webm,y3Q7zsJ8stC3N2ak00rc,7,READY,READY,F_03_042,ready,READY,READY|WANT|READ|DIFFERENT|IMPORTANT,True,True,0.9492266178131104,False
data/local/semlex_citizen100_train_audit/landmarks_v17/SAD/7TNDeWb3oVsOjMQsKuKg.v17.npz,data/local/semlex_citizen100_train_audit/raw/SAD/7TNDeWb3oVsOjMQsKuKg.webm,7TNDeWb3oVsOjMQsKuKg,63,SAD,SAD,B_02_053,sad,SAD,SAD|WANT|READ|FATHER|READY,True,True,0.8685235977172852,False
data/local/semlex_citizen100_train_audit/landmarks_v17/SAD/CbNeDLizuxbbOkxvWXDK.v17.npz,data/local/semlex_citizen100_train_audit/raw/SAD/CbNeDLizuxbbOkxvWXDK.webm,CbNeDLizuxbbOkxvWXDK,12,SAD,SAD,B_02_053,sad,SAD,SAD|SICK|FATHER|WAIT|NOW,True,True,0.922756016254425,False
data/local/semlex_citizen100_train_audit/landmarks_v17/SAD/HQmt2RMW56ARO3FDD8Qh.v17.npz,data/local/semlex_citizen100_train_audit/raw/SAD/HQmt2RMW56ARO3FDD8Qh.webm,HQmt2RMW56ARO3FDD8Qh,52,SAD,SAD,B_02_053,sad,SAD,SAD|SICK|WANT|FAMILY|READ,True,True,0.8916478753089905,False
data/local/semlex_citizen100_train_audit/landmarks_v17/SAD/JMNynb7TOHhF3zqqYBOF.v17.npz,data/local/semlex_citizen100_train_audit/raw/SAD/JMNynb7TOHhF3zqqYBOF.webm,JMNynb7TOHhF3zqqYBOF,17,SAD,SAD,B_02_053,sad,SAD,SAD|WAIT|SEE|SICK|MORNING,True,True,0.9360902309417725,False
data/local/semlex_citizen100_train_audit/landmarks_v17/SAD/LalUveKEDk2oZcMpSCGX.v17.npz,data/local/semlex_citizen100_train_audit/raw/SAD/LalUveKEDk2oZcMpSCGX.webm,LalUveKEDk2oZcMpSCGX,31,SAD,SAD,B_02_053,sad,SAD,SAD|WAIT|WANT|MOTHER|HELLO,True,True,0.6781296133995056,False
data/local/semlex_citizen100_train_audit/landmarks_v17/SAD/MEpItmaEIdLfpHBiJAVY.v17.npz,data/local/semlex_citizen100_train_audit/raw/SAD/MEpItmaEIdLfpHBiJAVY.webm,MEpItmaEIdLfpHBiJAVY,49,SAD,SAD,B_02_053,sad,SAD,SAD|WAIT|WANT|HELLO|ANGRY,True,True,0.3042571544647217,False
data/local/semlex_citizen100_train_audit/landmarks_v17/SAD/Mvr478qk75fBwYvpmrK9.v17.npz,data/local/semlex_citizen100_train_audit/raw/SAD/Mvr478qk75fBwYvpmrK9.webm,Mvr478qk75fBwYvpmrK9,30,SAD,SAD,B_02_053,sad,SAD,SAD|WAIT|MOTHER|WANT|NOW,True,True,0.9286357164382935,False
data/local/semlex_citizen100_train_audit/landmarks_v17/SAD/OeRjkgiAhes9rXEpMrYn.v17.npz,data/local/semlex_citizen100_train_audit/raw/SAD/OeRjkgiAhes9rXEpMrYn.webm,OeRjkgiAhes9rXEpMrYn,80,SAD,SAD,B_02_053,sad,SAD,SAD|FAMILY|READ|FATHER|SMALL,True,True,0.21068312227725983,False
data/local/semlex_citizen100_train_audit/landmarks_v17/SAD/PPkifttH11wYTumjTjta.v17.npz,data/local/semlex_citizen100_train_audit/raw/SAD/PPkifttH11wYTumjTjta.webm,PPkifttH11wYTumjTjta,84,SAD,SAD,B_02_053,sad,THANKYOU,THANKYOU|GOOD|WAIT|SAD|HOT,False,True,0.03807789832353592,False
data/local/semlex_citizen100_train_audit/landmarks_v17/SAD/QGEeK3sSNSNbG8VIhS7x.v17.npz,data/local/semlex_citizen100_train_audit/raw/SAD/QGEeK3sSNSNbG8VIhS7x.webm,QGEeK3sSNSNbG8VIhS7x,62,SAD,SAD,B_02_053,sad,SAD,SAD|WAIT|ANGRY|EASY|WANT,True,True,0.6425948739051819,False
data/local/semlex_citizen100_train_audit/landmarks_v17/SAD/QYu2vrdVKbcyyOZqtoBj.v17.npz,data/local/semlex_citizen100_train_audit/raw/SAD/QYu2vrdVKbcyyOZqtoBj.webm,QYu2vrdVKbcyyOZqtoBj,88,SAD,SAD,B_02_053,sad,SAD,SAD|WAIT|EASY|HOW|READ,True,True,0.7295798063278198,False
data/local/semlex_citizen100_train_audit/landmarks_v17/SAD/THzSKD4oIcdjQYSvCaMs.v17.npz,data/local/semlex_citizen100_train_audit/raw/SAD/THzSKD4oIcdjQYSvCaMs.webm,THzSKD4oIcdjQYSvCaMs,46,SAD,SAD,B_02_053,sad,KNOW,KNOW|SLEEP|EAT|MORNING|UNDERSTAND,False,False,0.007346526253968477,False
data/local/semlex_citizen100_train_audit/landmarks_v17/SAD/TTDSPbTLmrsWXJIHVAY3.v17.npz,data/local/semlex_citizen100_train_audit/raw/SAD/TTDSPbTLmrsWXJIHVAY3.webm,TTDSPbTLmrsWXJIHVAY3,38,SAD,SAD,B_02_053,sad,SAD,SAD|WAIT|NOW|HOW|EASY,True,True,0.9234013557434082,False
data/local/semlex_citizen100_train_audit/landmarks_v17/SAD/aR9P6AznBSdTISVWwdHk.v17.npz,data/local/semlex_citizen100_train_audit/raw/SAD/aR9P6AznBSdTISVWwdHk.webm,aR9P6AznBSdTISVWwdHk,14,SAD,SAD,B_02_053,sad,SAD,SAD|WAIT|EASY|EXCITED|SEE,True,True,0.5219571590423584,False
data/local/semlex_citizen100_train_audit/landmarks_v17/SAD/bni4sRZjohjKN4vWYiKD.v17.npz,data/local/semlex_citizen100_train_audit/raw/SAD/bni4sRZjohjKN4vWYiKD.webm,bni4sRZjohjKN4vWYiKD,85,SAD,SAD,B_02_053,sad,SAD,SAD|WAIT|WANT|NOW|MOTHER,True,True,0.8188729882240295,False
data/local/semlex_citizen100_train_audit/landmarks_v17/SAD/cj3ahjKJF0SjoX3xGyGY.v17.npz,data/local/semlex_citizen100_train_audit/raw/SAD/cj3ahjKJF0SjoX3xGyGY.webm,cj3ahjKJF0SjoX3xGyGY,42,SAD,SAD,B_02_053,sad,SAD,SAD|SICK|HOW|KNOW|LESS,True,True,0.6511574387550354,False
data/local/semlex_citizen100_train_audit/landmarks_v17/SAD/dGuK5a6y82l0zALQm3Cn.v17.npz,data/local/semlex_citizen100_train_audit/raw/SAD/dGuK5a6y82l0zALQm3Cn.webm,dGuK5a6y82l0zALQm3Cn,8,SAD,SAD,B_02_053,sad,SAD,SAD|WAIT|WANT|NOW|MOTHER,True,True,0.8993285894393921,False
data/local/semlex_citizen100_train_audit/landmarks_v17/SAD/dRjEapcptOM14x8yukev.v17.npz,data/local/semlex_citizen100_train_audit/raw/SAD/dRjEapcptOM14x8yukev.webm,dRjEapcptOM14x8yukev,23,SAD,SAD,B_02_053,sad,SAD,SAD|WAIT|WANT|FAMILY|MOTHER,True,True,0.8849385976791382,False
data/local/semlex_citizen100_train_audit/landmarks_v17/SAD/khIglZjK7gU4aDi9UCPb.v17.npz,data/local/semlex_citizen100_train_audit/raw/SAD/khIglZjK7gU4aDi9UCPb.webm,khIglZjK7gU4aDi9UCPb,7,SAD,SAD,B_02_053,sad,SAD,SAD|WANT|WAIT|NOW|ANGRY,True,True,0.6425857543945312,False
data/local/semlex_citizen100_train_audit/landmarks_v17/SAD/mBMocMAqP6kEtfLH7J58.v17.npz,data/local/semlex_citizen100_train_audit/raw/SAD/mBMocMAqP6kEtfLH7J58.webm,mBMocMAqP6kEtfLH7J58,35,SAD,SAD,B_02_053,sad,SAD,SAD|WAIT|EASY|SICK|NOW,True,True,0.904189944267273,False
data/local/semlex_citizen100_train_audit/landmarks_v17/SAD/wZdW7kuHox9KMCK4wHba.v17.npz,data/local/semlex_citizen100_train_audit/raw/SAD/wZdW7kuHox9KMCK4wHba.webm,wZdW7kuHox9KMCK4wHba,54,SAD,SAD,B_02_053,sad,SAD,SAD|FAMILY|SICK|READ|HOW,True,True,0.5714805126190186,False
data/local/semlex_citizen100_train_audit/landmarks_v17/SAD/yjmtBmnW12mcsWaX7XJC.v17.npz,data/local/semlex_citizen100_train_audit/raw/SAD/yjmtBmnW12mcsWaX7XJC.webm,yjmtBmnW12mcsWaX7XJC,39,SAD,SAD,B_02_053,sad,WAIT,WAIT|SAD|WANT|MOTHER|YOUR,False,True,0.17055195569992065,False
data/local/semlex_citizen100_train_audit/landmarks_v17/SAME/3niRgw9BR5kaqPqDjVyW.v17.npz,data/local/semlex_citizen100_train_audit/raw/SAME/3niRgw9BR5kaqPqDjVyW.webm,3niRgw9BR5kaqPqDjVyW,78,SAME,SAME1,B_02_009,same_1,OUR,OUR|WE|TAKE|NIGHT|SAME,False,True,0.03855966776609421,False
data/local/semlex_citizen100_train_audit/landmarks_v17/SAME/61vF2G3dw8cykaurDJPq.v17.npz,data/local/semlex_citizen100_train_audit/raw/SAME/61vF2G3dw8cykaurDJPq.webm,61vF2G3dw8cykaurDJPq,88,SAME,SAME1,B_02_009,same_1,SAME,SAME|TIME|LANGUAGE|IMPORTANT|DOCTOR,True,True,0.21160642802715302,False
data/local/semlex_citizen100_train_audit/landmarks_v17/SAME/8EIakdLRFL45J2UQuRlH.v17.npz,data/local/semlex_citizen100_train_audit/raw/SAME/8EIakdLRFL45J2UQuRlH.webm,8EIakdLRFL45J2UQuRlH,8,SAME,SAME1,B_02_009,same_1,IMPORTANT,IMPORTANT|WRITE|TRY|LANGUAGE|SAME,False,True,0.04322560504078865,False
data/local/semlex_citizen100_train_audit/landmarks_v17/SAME/8PoWxtwyKQ5Z1FdyqPAf.v17.npz,data/local/semlex_citizen100_train_audit/raw/SAME/8PoWxtwyKQ5Z1FdyqPAf.webm,8PoWxtwyKQ5Z1FdyqPAf,59,SAME,SAME1,B_02_009,same_1,SAME,SAME|TOMORROW|YEAR|YES|YOU,True,True,0.11962319165468216,False
data/local/semlex_citizen100_train_audit/landmarks_v17/SAME/ApTMOpWn8IQVgtW0tAyU.v17.npz,data/local/semlex_citizen100_train_audit/raw/SAME/ApTMOpWn8IQVgtW0tAyU.webm,ApTMOpWn8IQVgtW0tAyU,84,SAME,SAME1,B_02_009,same_1,TAKE,TAKE|SAME|WE|NIGHT|WORK,False,True,0.21357767283916473,False
data/local/semlex_citizen100_train_audit/landmarks_v17/SAME/EZbBZt4pRv5gwh7LLLUL.v17.npz,data/local/semlex_citizen100_train_audit/raw/SAME/EZbBZt4pRv5gwh7LLLUL.webm,EZbBZt4pRv5gwh7LLLUL,12,SAME,SAME1,B_02_009,same_1,TRY,TRY|COLD|BIG|LANGUAGE|NOW,False,False,0.007853535935282707,False
data/local/semlex_citizen100_train_audit/landmarks_v17/SAME/H89BRDfa2ljlh2RQddVI.v17.npz,data/local/semlex_citizen100_train_audit/raw/SAME/H89BRDfa2ljlh2RQddVI.webm,H89BRDfa2ljlh2RQddVI,7,SAME,SAME1,B_02_009,same_1,SAME,SAME|YOUR|LIKE|NIGHT|FEEL,True,True,0.6394935846328735,False
data/local/semlex_citizen100_train_audit/landmarks_v17/SAME/MPfsREI87RHr259WLZ00.v17.npz,data/local/semlex_citizen100_train_audit/raw/SAME/MPfsREI87RHr259WLZ00.webm,MPfsREI87RHr259WLZ00,62,SAME,SAME1,B_02_009,same_1,TAKE,TAKE|NIGHT|SAME|WE|WORK,False,True,0.1731768101453781,False
data/local/semlex_citizen100_train_audit/landmarks_v17/SAME/RGK01Na3Z7pUpPzNmios.v17.npz,data/local/semlex_citizen100_train_audit/raw/SAME/RGK01Na3Z7pUpPzNmios.webm,RGK01Na3Z7pUpPzNmios,54,SAME,SAME1,B_02_009,same_1,SCHOOL,SCHOOL|WRITE|NIGHT|WORK|FRIEND,False,False,0.027492091059684753,False
data/local/semlex_citizen100_train_audit/landmarks_v17/SAME/SNL247jnEaGtPUqMLgNU.v17.npz,data/local/semlex_citizen100_train_audit/raw/SAME/SNL247jnEaGtPUqMLgNU.webm,SNL247jnEaGtPUqMLgNU,80,SAME,SAME1,B_02_009,same_1,SAME,SAME|YES|TAKE|CHILD|TRY,True,True,0.7735328078269958,False
data/local/semlex_citizen100_train_audit/landmarks_v17/SAME/UAaPze8kTutWWBUupnw9.v17.npz,data/local/semlex_citizen100_train_audit/raw/SAME/UAaPze8kTutWWBUupnw9.webm,UAaPze8kTutWWBUupnw9,38,SAME,SAME1,B_02_009,same_1,SAME,SAME|LIKE|LANGUAGE|TIME|NIGHT,True,True,0.8585847020149231,False
data/local/semlex_citizen100_train_audit/landmarks_v17/SAME/VgUjqwojFO1BJeL5lert.v17.npz,data/local/semlex_citizen100_train_audit/raw/SAME/VgUjqwojFO1BJeL5lert.webm,VgUjqwojFO1BJeL5lert,46,SAME,SAME1,B_02_009,same_1,SAME,SAME|YES|TAKE|CHILD|TRY,True,True,0.6232393383979797,False
data/local/semlex_citizen100_train_audit/landmarks_v17/SAME/iNt2rjWUOvFMcrMdEG2V.v17.npz,data/local/semlex_citizen100_train_audit/raw/SAME/iNt2rjWUOvFMcrMdEG2V.webm,iNt2rjWUOvFMcrMdEG2V,43,SAME,SAME1,B_02_009,same_1,SAME,SAME|TAKE|YOUR|YES|WORK,True,True,0.7125495672225952,False
data/local/semlex_citizen100_train_audit/landmarks_v17/SAME/kq4yTQiLR21Wby1sy3jU.v17.npz,data/local/semlex_citizen100_train_audit/raw/SAME/kq4yTQiLR21Wby1sy3jU.webm,kq4yTQiLR21Wby1sy3jU,30,SAME,SAME1,B_02_009,same_1,SAME,SAME|YOUR|LIKE|NIGHT|TAKE,True,True,0.8531821370124817,False
data/local/semlex_citizen100_train_audit/landmarks_v17/SAME/mILlFF2RXRNwd2fdv0ms.v17.npz,data/local/semlex_citizen100_train_audit/raw/SAME/mILlFF2RXRNwd2fdv0ms.webm,mILlFF2RXRNwd2fdv0ms,17,SAME,SAME1,B_02_009,same_1,SAME,SAME|TAKE|WORK|NIGHT|PLEASE,True,True,0.8087332248687744,False
data/local/semlex_citizen100_train_audit/landmarks_v17/SAME/pMuAODdMSsgaoL4iUz8q.v17.npz,data/local/semlex_citizen100_train_audit/raw/SAME/pMuAODdMSsgaoL4iUz8q.webm,pMuAODdMSsgaoL4iUz8q,49,SAME,SAME1,B_02_009,same_1,SAME,SAME|LIKE|YOUR|TAKE|NIGHT,True,True,0.8777437806129456,False
data/local/semlex_citizen100_train_audit/landmarks_v17/SAME/qlv6NDKVAnJPdv4JqWz4.v17.npz,data/local/semlex_citizen100_train_audit/raw/SAME/qlv6NDKVAnJPdv4JqWz4.webm,qlv6NDKVAnJPdv4JqWz4,52,SAME,SAME1,B_02_009,same_1,TOMORROW,TOMORROW|DRINK|YOU|HOT|SAME,False,True,0.035810478031635284,False
data/local/semlex_citizen100_train_audit/landmarks_v17/SAME/vYr0IFcnLuGHaaILyFdL.v17.npz,data/local/semlex_citizen100_train_audit/raw/SAME/vYr0IFcnLuGHaaILyFdL.webm,vYr0IFcnLuGHaaILyFdL,42,SAME,SAME1,B_02_009,same_1,SAME,SAME|LIKE|CHILD|YOUR|MAYBE,True,True,0.8207103610038757,False
data/local/semlex_citizen100_train_audit/landmarks_v17/SAME/yYS05MnodIxNm6Rs1iDE.v17.npz,data/local/semlex_citizen100_train_audit/raw/SAME/yYS05MnodIxNm6Rs1iDE.webm,yYS05MnodIxNm6Rs1iDE,39,SAME,SAME1,B_02_009,same_1,WE,WE|DAY|HOSPITAL|OUR|COME,False,False,0.004742551129311323,False
data/local/semlex_citizen100_train_audit/landmarks_v17/SCHOOL/1H7E1eN6UW1ygfpxqMjF.v17.npz,data/local/semlex_citizen100_train_audit/raw/SCHOOL/1H7E1eN6UW1ygfpxqMjF.webm,1H7E1eN6UW1ygfpxqMjF,85,SCHOOL,SCHOOL,C_03_089,school,SCHOOL,SCHOOL|NIGHT|LESS|STOP|WRITE,True,True,0.7088783383369446,False
data/local/semlex_citizen100_train_audit/landmarks_v17/SCHOOL/5X19umkyyKBrJV8Q0Aum.v17.npz,data/local/semlex_citizen100_train_audit/raw/SCHOOL/5X19umkyyKBrJV8Q0Aum.webm,5X19umkyyKBrJV8Q0Aum,59,SCHOOL,SCHOOL,C_03_089,school,SCHOOL,SCHOOL|STOP|OUR|HELP|DRINK,True,True,0.8196389675140381,False
data/local/semlex_citizen100_train_audit/landmarks_v17/SCHOOL/6pu6dYCOC6Sz1NU30SaP.v17.npz,data/local/semlex_citizen100_train_audit/raw/SCHOOL/6pu6dYCOC6Sz1NU30SaP.webm,6pu6dYCOC6Sz1NU30SaP,17,SCHOOL,SCHOOL,C_03_089,school,SCHOOL,SCHOOL|STOP|WRITE|HELP|WEEK,True,True,0.7744876146316528,False
data/local/semlex_citizen100_train_audit/landmarks_v17/SCHOOL/Al4fabeVpBkKd41kSHUE.v17.npz,data/local/semlex_citizen100_train_audit/raw/SCHOOL/Al4fabeVpBkKd41kSHUE.webm,Al4fabeVpBkKd41kSHUE,49,SCHOOL,SCHOOL,C_03_089,school,SCHOOL,SCHOOL|YOUR|TALK|SAD|WAIT,True,True,0.45406511425971985,False
data/local/semlex_citizen100_train_audit/landmarks_v17/SCHOOL/BrxOrl3S2buA1kNxUMcy.v17.npz,data/local/semlex_citizen100_train_audit/raw/SCHOOL/BrxOrl3S2buA1kNxUMcy.webm,BrxOrl3S2buA1kNxUMcy,12,SCHOOL,SCHOOL,C_03_089,school,SCHOOL,SCHOOL|STOP|YOUR|FAMILY|OUR,True,True,0.8381323218345642,False
data/local/semlex_citizen100_train_audit/landmarks_v17/SCHOOL/Je09POVGzVrecggPknZW.v17.npz,data/local/semlex_citizen100_train_audit/raw/SCHOOL/Je09POVGzVrecggPknZW.webm,Je09POVGzVrecggPknZW,14,SCHOOL,SCHOOL,C_03_089,school,SCHOOL,SCHOOL|STOP|NIGHT|LESS|HELP,True,True,0.9409314393997192,False
data/local/semlex_citizen100_train_audit/landmarks_v17/SCHOOL/NViA4rKjq5ItjBvjjFBM.v17.npz,data/local/semlex_citizen100_train_audit/raw/SCHOOL/NViA4rKjq5ItjBvjjFBM.webm,NViA4rKjq5ItjBvjjFBM,15,SCHOOL,SCHOOL,C_03_089,school,SCHOOL,SCHOOL|NIGHT|OUR|DOCTOR|SAME,True,True,0.7289142608642578,False
data/local/semlex_citizen100_train_audit/landmarks_v17/SCHOOL/Nmo496PXvSts2tYSLgRh.v17.npz,data/local/semlex_citizen100_train_audit/raw/SCHOOL/Nmo496PXvSts2tYSLgRh.webm,Nmo496PXvSts2tYSLgRh,63,SCHOOL,SCHOOL,C_03_089,school,SCHOOL,SCHOOL|STOP|HELP|EASY|WEEK,True,True,0.9387861490249634,False
data/local/semlex_citizen100_train_audit/landmarks_v17/SCHOOL/TDKYpTTifP7yFKRYobqn.v17.npz,data/local/semlex_citizen100_train_audit/raw/SCHOOL/TDKYpTTifP7yFKRYobqn.webm,TDKYpTTifP7yFKRYobqn,39,SCHOOL,SCHOOL,C_03_089,school,NEED,NEED|GO|WE|YOU|DOCTOR,False,False,0.006131052505224943,False
data/local/semlex_citizen100_train_audit/landmarks_v17/SCHOOL/VgKtvUzcs2JIQafGWWfX.v17.npz,data/local/semlex_citizen100_train_audit/raw/SCHOOL/VgKtvUzcs2JIQafGWWfX.webm,VgKtvUzcs2JIQafGWWfX,7,SCHOOL,SCHOOL,C_03_089,school,LIKE,LIKE|WOMAN|MY|WATER|HUNGRY,False,False,0.009173287078738213,False
data/local/semlex_citizen100_train_audit/landmarks_v17/SCHOOL/XvvvnjaHBrWaWC67h2LE.v17.npz,data/local/semlex_citizen100_train_audit/raw/SCHOOL/XvvvnjaHBrWaWC67h2LE.webm,XvvvnjaHBrWaWC67h2LE,43,SCHOOL,SCHOOL,C_03_089,school,SCHOOL,SCHOOL|NIGHT|STOP|USE|MY,True,True,0.9443623423576355,False
data/local/semlex_citizen100_train_audit/landmarks_v17/SCHOOL/Z1iBrl7XpPws5N1o17h3.v17.npz,data/local/semlex_citizen100_train_audit/raw/SCHOOL/Z1iBrl7XpPws5N1o17h3.webm,Z1iBrl7XpPws5N1o17h3,42,SCHOOL,SCHOOL,C_03_089,school,SCHOOL,SCHOOL|STOP|HELP|MY|OUR,True,True,0.7824294567108154,False
data/local/semlex_citizen100_train_audit/landmarks_v17/SCHOOL/exSwILE1Bjb7Ratu0rFk.v17.npz,data/local/semlex_citizen100_train_audit/raw/SCHOOL/exSwILE1Bjb7Ratu0rFk.webm,exSwILE1Bjb7Ratu0rFk,46,SCHOOL,SCHOOL,C_03_089,school,SCHOOL,SCHOOL|STOP|LESS|OUR|HELP,True,True,0.5100127458572388,False
data/local/semlex_citizen100_train_audit/landmarks_v17/SCHOOL/gKlDLjfM1uoGfTzhhztR.v17.npz,data/local/semlex_citizen100_train_audit/raw/SCHOOL/gKlDLjfM1uoGfTzhhztR.webm,gKlDLjfM1uoGfTzhhztR,80,SCHOOL,SCHOOL,C_03_089,school,SCHOOL,SCHOOL|STOP|HELP|EASY|WRITE,True,True,0.7535958290100098,False
data/local/semlex_citizen100_train_audit/landmarks_v17/SCHOOL/hOa7688tUMFxpN4K3aXr.v17.npz,data/local/semlex_citizen100_train_audit/raw/SCHOOL/hOa7688tUMFxpN4K3aXr.webm,hOa7688tUMFxpN4K3aXr,84,SCHOOL,SCHOOL,C_03_089,school,SCHOOL,SCHOOL|STOP|MY|GOOD|NIGHT,True,True,0.9445071220397949,False
data/local/semlex_citizen100_train_audit/landmarks_v17/SCHOOL/iSYSxF0lPSsuPie7KT22.v17.npz,data/local/semlex_citizen100_train_audit/raw/SCHOOL/iSYSxF0lPSsuPie7KT22.webm,iSYSxF0lPSsuPie7KT22,30,SCHOOL,SCHOOL,C_03_089,school,SCHOOL,SCHOOL|EASY|STOP|WRITE|DOCTOR,True,True,0.8716328144073486,False
data/local/semlex_citizen100_train_audit/landmarks_v17/SCHOOL/jn41ve6oPj0rfiGuVvlo.v17.npz,data/local/semlex_citizen100_train_audit/raw/SCHOOL/jn41ve6oPj0rfiGuVvlo.webm,jn41ve6oPj0rfiGuVvlo,11,SCHOOL,SCHOOL,C_03_089,school,SCHOOL,SCHOOL|LESS|STOP|DOCTOR|READ,True,True,0.6610935926437378,False
data/local/semlex_citizen100_train_audit/landmarks_v17/SCHOOL/ke0GpwS9VykOBGpi1NHb.v17.npz,data/local/semlex_citizen100_train_audit/raw/SCHOOL/ke0GpwS9VykOBGpi1NHb.webm,ke0GpwS9VykOBGpi1NHb,88,SCHOOL,SCHOOL,C_03_089,school,SCHOOL,SCHOOL|NIGHT|USE|MY|WEEK,True,True,0.9348607063293457,False
data/local/semlex_citizen100_train_audit/landmarks_v17/SCHOOL/lkm1KPCZxWPuWKW9phsU.v17.npz,data/local/semlex_citizen100_train_audit/raw/SCHOOL/lkm1KPCZxWPuWKW9phsU.webm,lkm1KPCZxWPuWKW9phsU,35,SCHOOL,SCHOOL,C_03_089,school,SCHOOL,SCHOOL|EASY|WRITE|STOP|LESS,True,True,0.7429326176643372,False
data/local/semlex_citizen100_train_audit/landmarks_v17/SCHOOL/pderVDd0CuW6E7cZYjBb.v17.npz,data/local/semlex_citizen100_train_audit/raw/SCHOOL/pderVDd0CuW6E7cZYjBb.webm,pderVDd0CuW6E7cZYjBb,62,SCHOOL,SCHOOL,C_03_089,school,SCHOOL,SCHOOL|STOP|FAMILY|SMALL|EASY,True,True,0.45414993166923523,False
data/local/semlex_citizen100_train_audit/landmarks_v17/SCHOOL/rCX7YoG5oJy5ILbfbUOM.v17.npz,data/local/semlex_citizen100_train_audit/raw/SCHOOL/rCX7YoG5oJy5ILbfbUOM.webm,rCX7YoG5oJy5ILbfbUOM,60,SCHOOL,SCHOOL,C_03_089,school,SCHOOL,SCHOOL|STOP|DRINK|HELP|OUR,True,True,0.695598840713501,False
data/local/semlex_citizen100_train_audit/landmarks_v17/SCHOOL/sYvB03H58F86bquvg8TF.v17.npz,data/local/semlex_citizen100_train_audit/raw/SCHOOL/sYvB03H58F86bquvg8TF.webm,sYvB03H58F86bquvg8TF,52,SCHOOL,SCHOOL,C_03_089,school,SCHOOL,SCHOOL|STOP|LESS|FAMILY|HELP,True,True,0.8539888858795166,False
data/local/semlex_citizen100_train_audit/landmarks_v17/SCHOOL/vEci3UPgpMB0FbRKWkqL.v17.npz,data/local/semlex_citizen100_train_audit/raw/SCHOOL/vEci3UPgpMB0FbRKWkqL.webm,vEci3UPgpMB0FbRKWkqL,23,SCHOOL,SCHOOL,C_03_089,school,SCHOOL,SCHOOL|STOP|LESS|HELP|GOOD,True,True,0.7864882946014404,False
data/local/semlex_citizen100_train_audit/landmarks_v17/SCHOOL/yMu7VWrPP0bUMgcZpVCJ.v17.npz,data/local/semlex_citizen100_train_audit/raw/SCHOOL/yMu7VWrPP0bUMgcZpVCJ.webm,yMu7VWrPP0bUMgcZpVCJ,78,SCHOOL,SCHOOL,C_03_089,school,SCHOOL,SCHOOL|STOP|LESS|EASY|GOOD,True,True,0.9269818067550659,False
data/local/semlex_citizen100_train_audit/landmarks_v17/SCHOOL/yySg0LJcc1x53VKBctpU.v17.npz,data/local/semlex_citizen100_train_audit/raw/SCHOOL/yySg0LJcc1x53VKBctpU.webm,yySg0LJcc1x53VKBctpU,8,SCHOOL,SCHOOL,C_03_089,school,SCHOOL,SCHOOL|USE|NIGHT|STOP|WEEK,True,True,0.9294305443763733,False
data/local/semlex_citizen100_train_audit/landmarks_v17/SEE/31bCMWdDjEJcez3UEjB2.v17.npz,data/local/semlex_citizen100_train_audit/raw/SEE/31bCMWdDjEJcez3UEjB2.webm,31bCMWdDjEJcez3UEjB2,38,SEE,SEE,C_02_030,see,SEE,SEE|TELL|GIVE|UNDERSTAND|THEY,True,True,0.7960796356201172,False
data/local/semlex_citizen100_train_audit/landmarks_v17/SEE/3AzlE73ZT3DWDzaXhq1C.v17.npz,data/local/semlex_citizen100_train_audit/raw/SEE/3AzlE73ZT3DWDzaXhq1C.webm,3AzlE73ZT3DWDzaXhq1C,88,SEE,SEE,C_02_030,see,SEE,SEE|WATER|SLEEP|EAT|TELL,True,True,0.7645790576934814,False
data/local/semlex_citizen100_train_audit/landmarks_v17/SEE/5X2NqIp3wpxNn90irjBY.v17.npz,data/local/semlex_citizen100_train_audit/raw/SEE/5X2NqIp3wpxNn90irjBY.webm,5X2NqIp3wpxNn90irjBY,52,SEE,SEE,C_02_030,see,SEE,SEE|HE|WHAT|TELL|THEY,True,True,0.714874267578125,False
data/local/semlex_citizen100_train_audit/landmarks_v17/SEE/6wSA3dfrtnHtwCs3PKFH.v17.npz,data/local/semlex_citizen100_train_audit/raw/SEE/6wSA3dfrtnHtwCs3PKFH.webm,6wSA3dfrtnHtwCs3PKFH,76,SEE,SEE,C_02_030,see,SEE,SEE|TELL|LIKE|WATER|GIVE,True,True,0.6902100443840027,False
data/local/semlex_citizen100_train_audit/landmarks_v17/SEE/9cr0985j1j5nZo6ChyNb.v17.npz,data/local/semlex_citizen100_train_audit/raw/SEE/9cr0985j1j5nZo6ChyNb.webm,9cr0985j1j5nZo6ChyNb,39,SEE,SEE,C_02_030,see,ANGRY,ANGRY|HE|WANT|READY|WHAT,False,False,0.018318137153983116,False
data/local/semlex_citizen100_train_audit/landmarks_v17/SEE/ALjUi5WD55XOCAcq8qrs.v17.npz,data/local/semlex_citizen100_train_audit/raw/SEE/ALjUi5WD55XOCAcq8qrs.webm,ALjUi5WD55XOCAcq8qrs,80,SEE,SEE,C_02_030,see,NO,NO|SEE|LISTEN|FIND|USE,False,True,0.21246258914470673,False
data/local/semlex_citizen100_train_audit/landmarks_v17/SEE/B0V6ZmLHJW6kie4RLDn3.v17.npz,data/local/semlex_citizen100_train_audit/raw/SEE/B0V6ZmLHJW6kie4RLDn3.webm,B0V6ZmLHJW6kie4RLDn3,46,SEE,SEE,C_02_030,see,SEE,SEE|SLEEP|LISTEN|UNDERSTAND|NAME,True,True,0.9152057766914368,False
data/local/semlex_citizen100_train_audit/landmarks_v17/SEE/DlzF7RwWEe5MHEfOkgRz.v17.npz,data/local/semlex_citizen100_train_audit/raw/SEE/DlzF7RwWEe5MHEfOkgRz.webm,DlzF7RwWEe5MHEfOkgRz,17,SEE,SEE,C_02_030,see,SEE,SEE|SLEEP|LISTEN|UNDERSTAND|WATER,True,True,0.91941899061203,False
data/local/semlex_citizen100_train_audit/landmarks_v17/SEE/H62ncWDSVaCqE64vIP5I.v17.npz,data/local/semlex_citizen100_train_audit/raw/SEE/H62ncWDSVaCqE64vIP5I.webm,H62ncWDSVaCqE64vIP5I,11,SEE,SEE,C_02_030,see,SEE,SEE|WHAT|HE|UNDERSTAND|WANT,True,True,0.9330787062644958,False
data/local/semlex_citizen100_train_audit/landmarks_v17/SEE/NEGFKBkS4HIlwxYUvOds.v17.npz,data/local/semlex_citizen100_train_audit/raw/SEE/NEGFKBkS4HIlwxYUvOds.webm,NEGFKBkS4HIlwxYUvOds,35,SEE,SEE,C_02_030,see,SEE,SEE|TELL|HE|WHAT|UNDERSTAND,True,True,0.8665931820869446,False
data/local/semlex_citizen100_train_audit/landmarks_v17/SEE/P4JGR5k9BVGRnopMnMEs.v17.npz,data/local/semlex_citizen100_train_audit/raw/SEE/P4JGR5k9BVGRnopMnMEs.webm,P4JGR5k9BVGRnopMnMEs,62,SEE,SEE,C_02_030,see,SEE,SEE|WATER|NAME|LISTEN|HE,True,True,0.9338441491127014,False
data/local/semlex_citizen100_train_audit/landmarks_v17/SEE/QTgJRg3pwboORV2pn49X.v17.npz,data/local/semlex_citizen100_train_audit/raw/SEE/QTgJRg3pwboORV2pn49X.webm,QTgJRg3pwboORV2pn49X,49,SEE,SEE,C_02_030,see,SEE,SEE|GIVE|WANT|WHAT|SLEEP,True,True,0.2536298930644989,False
data/local/semlex_citizen100_train_audit/landmarks_v17/SEE/eRCICyNJTlivuHJEzx37.v17.npz,data/local/semlex_citizen100_train_audit/raw/SEE/eRCICyNJTlivuHJEzx37.webm,eRCICyNJTlivuHJEzx37,84,SEE,SEE,C_02_030,see,SEE,SEE|WATER|NAME|UNDERSTAND|SLEEP,True,True,0.9100351929664612,False
data/local/semlex_citizen100_train_audit/landmarks_v17/SEE/efJTMPMi7NBT6ALFe0qo.v17.npz,data/local/semlex_citizen100_train_audit/raw/SEE/efJTMPMi7NBT6ALFe0qo.webm,efJTMPMi7NBT6ALFe0qo,60,SEE,SEE,C_02_030,see,SEE,SEE|HOT|UNDERSTAND|THEY|GIVE,True,True,0.9246543049812317,False
data/local/semlex_citizen100_train_audit/landmarks_v17/SEE/fGsja9qv6URw53O63cG9.v17.npz,data/local/semlex_citizen100_train_audit/raw/SEE/fGsja9qv6URw53O63cG9.webm,fGsja9qv6URw53O63cG9,8,SEE,SEE,C_02_030,see,SEE,SEE|HE|WHAT|THEY|NAME,True,True,0.9054738879203796,False
data/local/semlex_citizen100_train_audit/landmarks_v17/SEE/fxbkL6ITyZMhx9Zpv9RE.v17.npz,data/local/semlex_citizen100_train_audit/raw/SEE/fxbkL6ITyZMhx9Zpv9RE.webm,fxbkL6ITyZMhx9Zpv9RE,63,SEE,SEE,C_02_030,see,SEE,SEE|WATER|TELL|EAT|SLEEP,True,True,0.8855642080307007,False
data/local/semlex_citizen100_train_audit/landmarks_v17/SEE/jHXOB5KqGHmfHL99t2Xx.v17.npz,data/local/semlex_citizen100_train_audit/raw/SEE/jHXOB5KqGHmfHL99t2Xx.webm,jHXOB5KqGHmfHL99t2Xx,85,SEE,SEE,C_02_030,see,SEE,SEE|WATER|GIVE|NO|HOT,True,True,0.8895666599273682,False
data/local/semlex_citizen100_train_audit/landmarks_v17/SEE/trHVcvMZF84s0IGOUYbn.v17.npz,data/local/semlex_citizen100_train_audit/raw/SEE/trHVcvMZF84s0IGOUYbn.webm,trHVcvMZF84s0IGOUYbn,59,SEE,SEE,C_02_030,see,SEE,SEE|UNDERSTAND|THINK|TELL|HOT,True,True,0.7011609673500061,False
data/local/semlex_citizen100_train_audit/landmarks_v17/SEE/vNydlWUcla8ENwv9FgUy.v17.npz,data/local/semlex_citizen100_train_audit/raw/SEE/vNydlWUcla8ENwv9FgUy.webm,vNydlWUcla8ENwv9FgUy,7,SEE,SEE,C_02_030,see,SEE,SEE|GIVE|THEY|WHY|TELL,True,True,0.3646429181098938,False
data/local/semlex_citizen100_train_audit/landmarks_v17/SICK/4SnoqxlNlNu5FMPb90uz.v17.npz,data/local/semlex_citizen100_train_audit/raw/SICK/4SnoqxlNlNu5FMPb90uz.webm,4SnoqxlNlNu5FMPb90uz,43,SICK,SICK,B_01_072,sick,SICK,SICK|STOP|WHAT|WHY|EASY,True,True,0.8543055057525635,False
data/local/semlex_citizen100_train_audit/landmarks_v17/SICK/4UJ5Bq93wx7cVymumJc2.v17.npz,data/local/semlex_citizen100_train_audit/raw/SICK/4UJ5Bq93wx7cVymumJc2.webm,4UJ5Bq93wx7cVymumJc2,54,SICK,SICK,B_01_072,sick,SICK,SICK|LEARN|WHY|STOP|WHAT,True,True,0.7002873420715332,False
data/local/semlex_citizen100_train_audit/landmarks_v17/SICK/9SVDXlwRrPsIjguPQSNw.v17.npz,data/local/semlex_citizen100_train_audit/raw/SICK/9SVDXlwRrPsIjguPQSNw.webm,9SVDXlwRrPsIjguPQSNw,63,SICK,SICK,B_01_072,sick,SICK,SICK|SAD|EASY|WHY|KNOW,True,True,0.6494887471199036,False
data/local/semlex_citizen100_train_audit/landmarks_v17/SICK/EBd4cx9T9sP6BnNFmXWp.v17.npz,data/local/semlex_citizen100_train_audit/raw/SICK/EBd4cx9T9sP6BnNFmXWp.webm,EBd4cx9T9sP6BnNFmXWp,39,SICK,SICK,B_01_072,sick,WAIT,WAIT|WANT|EXCITED|SAD|ANGRY,False,False,0.03807063773274422,False
data/local/semlex_citizen100_train_audit/landmarks_v17/SICK/ESTvxUNxx2aKUvkGA87j.v17.npz,data/local/semlex_citizen100_train_audit/raw/SICK/ESTvxUNxx2aKUvkGA87j.webm,ESTvxUNxx2aKUvkGA87j,85,SICK,SICK,B_01_072,sick,SICK,SICK|SAD|MORNING|FATHER|LEARN,True,True,0.9059571623802185,False
data/local/semlex_citizen100_train_audit/landmarks_v17/SICK/Gj6fTu2vdEIoQqaoGHyb.v17.npz,data/local/semlex_citizen100_train_audit/raw/SICK/Gj6fTu2vdEIoQqaoGHyb.webm,Gj6fTu2vdEIoQqaoGHyb,8,SICK,SICK,B_01_072,sick,SICK,SICK|MORNING|SAD|FATHER|KNOW,True,True,0.5129761099815369,False
data/local/semlex_citizen100_train_audit/landmarks_v17/SICK/IPS6aPKAO0qCK4YE9KM3.v17.npz,data/local/semlex_citizen100_train_audit/raw/SICK/IPS6aPKAO0qCK4YE9KM3.webm,IPS6aPKAO0qCK4YE9KM3,38,SICK,SICK,B_01_072,sick,SICK,SICK|MORNING|LEARN|KNOW|THINK,True,True,0.867437481880188,False
data/local/semlex_citizen100_train_audit/landmarks_v17/SICK/KjXP9ktv0zX1uqxZ4vs5.v17.npz,data/local/semlex_citizen100_train_audit/raw/SICK/KjXP9ktv0zX1uqxZ4vs5.webm,KjXP9ktv0zX1uqxZ4vs5,60,SICK,SICK,B_01_072,sick,MORNING,MORNING|SICK|WHY|KNOW|STOP,False,True,0.19094973802566528,False
data/local/semlex_citizen100_train_audit/landmarks_v17/SICK/MAWGkUJnRmDEcH4niaV1.v17.npz,data/local/semlex_citizen100_train_audit/raw/SICK/MAWGkUJnRmDEcH4niaV1.webm,MAWGkUJnRmDEcH4niaV1,42,SICK,SICK,B_01_072,sick,MORNING,MORNING|KNOW|SLEEP|EAT|SAD,False,False,0.007871945388615131,False
data/local/semlex_citizen100_train_audit/landmarks_v17/SICK/NBTUtUPy1gT3gf6BBxIf.v17.npz,data/local/semlex_citizen100_train_audit/raw/SICK/NBTUtUPy1gT3gf6BBxIf.webm,NBTUtUPy1gT3gf6BBxIf,52,SICK,SICK,B_01_072,sick,LEARN,LEARN|MORNING|SICK|LESS|STOP,False,True,0.1321415901184082,False
data/local/semlex_citizen100_train_audit/landmarks_v17/SICK/QTgpVTK3p4vCXrcIHdW8.v17.npz,data/local/semlex_citizen100_train_audit/raw/SICK/QTgpVTK3p4vCXrcIHdW8.webm,QTgpVTK3p4vCXrcIHdW8,78,SICK,SICK,B_01_072,sick,SICK,SICK|LEARN|MORNING|WHY|STOP,True,True,0.8498489260673523,False
data/local/semlex_citizen100_train_audit/landmarks_v17/SICK/T5CIvRAoHFjq4xGJeTcJ.v17.npz,data/local/semlex_citizen100_train_audit/raw/SICK/T5CIvRAoHFjq4xGJeTcJ.webm,T5CIvRAoHFjq4xGJeTcJ,46,SICK,SICK,B_01_072,sick,SICK,SICK|MORNING|LEARN|SAD|THINK,True,True,0.9219365119934082,False
data/local/semlex_citizen100_train_audit/landmarks_v17/SICK/TbhSCOoKNiCDT4f8sOcF.v17.npz,data/local/semlex_citizen100_train_audit/raw/SICK/TbhSCOoKNiCDT4f8sOcF.webm,TbhSCOoKNiCDT4f8sOcF,23,SICK,SICK,B_01_072,sick,SICK,SICK|LEARN|KNOW|LESS|MORNING,True,True,0.735636830329895,False
data/local/semlex_citizen100_train_audit/landmarks_v17/SICK/YspjoJOXuyRsBgex9DNK.v17.npz,data/local/semlex_citizen100_train_audit/raw/SICK/YspjoJOXuyRsBgex9DNK.webm,YspjoJOXuyRsBgex9DNK,80,SICK,SICK,B_01_072,sick,SICK,SICK|LEARN|LESS|KNOW|MORNING,True,True,0.8336648344993591,False
data/local/semlex_citizen100_train_audit/landmarks_v17/SICK/brSx0DKFHiOtLyijoQzY.v17.npz,data/local/semlex_citizen100_train_audit/raw/SICK/brSx0DKFHiOtLyijoQzY.webm,brSx0DKFHiOtLyijoQzY,11,SICK,SICK,B_01_072,sick,SICK,SICK|MORNING|LEARN|WHAT|SAD,True,True,0.9238099455833435,False
data/local/semlex_citizen100_train_audit/landmarks_v17/SICK/dkD03DVMsLyfQCb2mSFT.v17.npz,data/local/semlex_citizen100_train_audit/raw/SICK/dkD03DVMsLyfQCb2mSFT.webm,dkD03DVMsLyfQCb2mSFT,15,SICK,SICK,B_01_072,sick,SICK,SICK|LEARN|MORNING|KNOW|LESS,True,True,0.9057855606079102,False
data/local/semlex_citizen100_train_audit/landmarks_v17/SICK/gkrRek3nsXm7xpim29sg.v17.npz,data/local/semlex_citizen100_train_audit/raw/SICK/gkrRek3nsXm7xpim29sg.webm,gkrRek3nsXm7xpim29sg,59,SICK,SICK,B_01_072,sick,SICK,SICK|WHAT|ANGRY|SIGN|SAD,True,True,0.9204734563827515,False
data/local/semlex_citizen100_train_audit/landmarks_v17/SICK/jwHxlvNnCsi5f9qtBIjs.v17.npz,data/local/semlex_citizen100_train_audit/raw/SICK/jwHxlvNnCsi5f9qtBIjs.webm,jwHxlvNnCsi5f9qtBIjs,76,SICK,SICK,B_01_072,sick,SICK,SICK|WHY|KNOW|SAD|HELLO,True,True,0.5786290764808655,False
data/local/semlex_citizen100_train_audit/landmarks_v17/SICK/k3NHNqUFC5KKdSE71TEz.v17.npz,data/local/semlex_citizen100_train_audit/raw/SICK/k3NHNqUFC5KKdSE71TEz.webm,k3NHNqUFC5KKdSE71TEz,84,SICK,SICK,B_01_072,sick,SICK,SICK|SAD|MORNING|KNOW|FATHER,True,True,0.762126624584198,False
data/local/semlex_citizen100_train_audit/landmarks_v17/SICK/nJLk7IaK1pYUcmH5xjDf.v17.npz,data/local/semlex_citizen100_train_audit/raw/SICK/nJLk7IaK1pYUcmH5xjDf.webm,nJLk7IaK1pYUcmH5xjDf,7,SICK,SICK,B_01_072,sick,SAD,SAD|KNOW|SICK|WHY|UNDERSTAND,False,True,0.15191860496997833,False
data/local/semlex_citizen100_train_audit/landmarks_v17/SICK/r8A8eBaYmUDGKuvHPuVI.v17.npz,data/local/semlex_citizen100_train_audit/raw/SICK/r8A8eBaYmUDGKuvHPuVI.webm,r8A8eBaYmUDGKuvHPuVI,88,SICK,SICK,B_01_072,sick,SICK,SICK|MORNING|KNOW|WHY|LEARN,True,True,0.9028101563453674,False
data/local/semlex_citizen100_train_audit/landmarks_v17/SICK/tUHqUOgt4JPgKHq60HWb.v17.npz,data/local/semlex_citizen100_train_audit/raw/SICK/tUHqUOgt4JPgKHq60HWb.webm,tUHqUOgt4JPgKHq60HWb,12,SICK,SICK,B_01_072,sick,SICK,SICK|LEARN|KNOW|MORNING|LESS,True,True,0.8260502219200134,False
data/local/semlex_citizen100_train_audit/landmarks_v17/SICK/uCDEZ20uhSFHlBQrSFIp.v17.npz,data/local/semlex_citizen100_train_audit/raw/SICK/uCDEZ20uhSFHlBQrSFIp.webm,uCDEZ20uhSFHlBQrSFIp,31,SICK,SICK,B_01_072,sick,SICK,SICK|STOP|MORNING|EASY|LESS,True,True,0.7633410692214966,False
data/local/semlex_citizen100_train_audit/landmarks_v17/SICK/zenn54mHnXCIAn1AQb3Y.v17.npz,data/local/semlex_citizen100_train_audit/raw/SICK/zenn54mHnXCIAn1AQb3Y.webm,zenn54mHnXCIAn1AQb3Y,30,SICK,SICK,B_01_072,sick,SICK,SICK|SAD|MORNING|WHY|KNOW,True,True,0.7476220726966858,False
data/local/semlex_citizen100_train_audit/landmarks_v17/SICK/znZWBiJw31JZ0rc8tMzW.v17.npz,data/local/semlex_citizen100_train_audit/raw/SICK/znZWBiJw31JZ0rc8tMzW.webm,znZWBiJw31JZ0rc8tMzW,49,SICK,SICK,B_01_072,sick,SICK,SICK|MORNING|SAD|LEARN|KNOW,True,True,0.8943092226982117,False
data/local/semlex_citizen100_train_audit/landmarks_v17/SIGN/9Iklik8MYdRZU9ThJxR0.v17.npz,data/local/semlex_citizen100_train_audit/raw/SIGN/9Iklik8MYdRZU9ThJxR0.webm,9Iklik8MYdRZU9ThJxR0,60,SIGN,SIGN,E_03_050,sign,SIGN,SIGN|TIME|NAME|WHEN|THINK,True,True,0.8516207933425903,False
data/local/semlex_citizen100_train_audit/landmarks_v17/SIGN/AiOB9zl2U4VLhZrtqzRn.v17.npz,data/local/semlex_citizen100_train_audit/raw/SIGN/AiOB9zl2U4VLhZrtqzRn.webm,AiOB9zl2U4VLhZrtqzRn,62,SIGN,SIGN,E_03_050,sign,SIGN,SIGN|THINK|WHEN|SICK|WHAT,True,True,0.8636864423751831,False
data/local/semlex_citizen100_train_audit/landmarks_v17/SIGN/MGE0zoVWAI7ILdQ0eX2r.v17.npz,data/local/semlex_citizen100_train_audit/raw/SIGN/MGE0zoVWAI7ILdQ0eX2r.webm,MGE0zoVWAI7ILdQ0eX2r,46,SIGN,SIGN,E_03_050,sign,SIGN,SIGN|WHEN|TIME|NAME|THINK,True,True,0.8934040069580078,False
data/local/semlex_citizen100_train_audit/landmarks_v17/SIGN/SH04ctvojdmICA6PK2s3.v17.npz,data/local/semlex_citizen100_train_audit/raw/SIGN/SH04ctvojdmICA6PK2s3.webm,SH04ctvojdmICA6PK2s3,31,SIGN,SIGN,E_03_050,sign,ANSWER,ANSWER|GO|DIFFERENT|FRIEND|ASK,False,False,0.001474425895139575,False
data/local/semlex_citizen100_train_audit/landmarks_v17/SIGN/Xl61OTIAE05e8Hfp3qos.v17.npz,data/local/semlex_citizen100_train_audit/raw/SIGN/Xl61OTIAE05e8Hfp3qos.webm,Xl61OTIAE05e8Hfp3qos,23,SIGN,SIGN,E_03_050,sign,SIGN,SIGN|TIME|WHEN|THINK|NAME,True,True,0.8995356559753418,False
data/local/semlex_citizen100_train_audit/landmarks_v17/SIGN/a19l85B6Cbfeyw4Hl1sJ.v17.npz,data/local/semlex_citizen100_train_audit/raw/SIGN/a19l85B6Cbfeyw4Hl1sJ.webm,a19l85B6Cbfeyw4Hl1sJ,39,SIGN,SIGN,E_03_050,sign,EXCITED,EXCITED|WHAT|SIGN|LIKE|WANT,False,True,0.07042728364467621,False
data/local/semlex_citizen100_train_audit/landmarks_v17/SIGN/mPulIr4E6OX0IZeJ65HX.v17.npz,data/local/semlex_citizen100_train_audit/raw/SIGN/mPulIr4E6OX0IZeJ65HX.webm,mPulIr4E6OX0IZeJ65HX,88,SIGN,SIGN,E_03_050,sign,FRIEND,FRIEND|SIGN|TIME|NAME|TIRED,False,True,0.10956012457609177,False
data/local/semlex_citizen100_train_audit/landmarks_v17/SIGN/mwMQinqXj6EyWMHW7wsQ.v17.npz,data/local/semlex_citizen100_train_audit/raw/SIGN/mwMQinqXj6EyWMHW7wsQ.webm,mwMQinqXj6EyWMHW7wsQ,49,SIGN,SIGN,E_03_050,sign,SIGN,SIGN|HAVE|I|WHEN|TIME,True,True,0.9007512331008911,False
data/local/semlex_citizen100_train_audit/landmarks_v17/SIGN/rjrNkuMJztWqFX3R1lKj.v17.npz,data/local/semlex_citizen100_train_audit/raw/SIGN/rjrNkuMJztWqFX3R1lKj.webm,rjrNkuMJztWqFX3R1lKj,84,SIGN,SIGN,E_03_050,sign,SIGN,SIGN|WHEN|THINK|WHAT|HAVE,True,True,0.9038793444633484,False
data/local/semlex_citizen100_train_audit/landmarks_v17/SLEEP/2EgitBJi8roNpF5Jiya1.v17.npz,data/local/semlex_citizen100_train_audit/raw/SLEEP/2EgitBJi8roNpF5Jiya1.webm,2EgitBJi8roNpF5Jiya1,63,SLEEP,SLEEP,B_03_037,sleep,SLEEP,SLEEP|EAT|KNOW|MORNING|HOME,True,True,0.6213579177856445,False
data/local/semlex_citizen100_train_audit/landmarks_v17/SLEEP/3gkQLCfl80eZ1hrXiQ5G.v17.npz,data/local/semlex_citizen100_train_audit/raw/SLEEP/3gkQLCfl80eZ1hrXiQ5G.webm,3gkQLCfl80eZ1hrXiQ5G,8,SLEEP,SLEEP,B_03_037,sleep,SLEEP,SLEEP|MORNING|GIVE|WANT|EAT,True,True,0.9160277247428894,False
data/local/semlex_citizen100_train_audit/landmarks_v17/SLEEP/54NFdrJBPr1qh8GdKYUd.v17.npz,data/local/semlex_citizen100_train_audit/raw/SLEEP/54NFdrJBPr1qh8GdKYUd.webm,54NFdrJBPr1qh8GdKYUd,46,SLEEP,SLEEP,B_03_037,sleep,SLEEP,SLEEP|EAT|MORNING|KNOW|UNDERSTAND,True,True,0.8824602365493774,False
data/local/semlex_citizen100_train_audit/landmarks_v17/SLEEP/6qdVfarZ0QUwDCXCSBCN.v17.npz,data/local/semlex_citizen100_train_audit/raw/SLEEP/6qdVfarZ0QUwDCXCSBCN.webm,6qdVfarZ0QUwDCXCSBCN,49,SLEEP,SLEEP,B_03_037,sleep,SLEEP,SLEEP|GIVE|EAT|THANKYOU|SEE,True,True,0.3869722783565521,False
data/local/semlex_citizen100_train_audit/landmarks_v17/SLEEP/9L0wX2Fv8Km4XNMKdU8r.v17.npz,data/local/semlex_citizen100_train_audit/raw/SLEEP/9L0wX2Fv8Km4XNMKdU8r.webm,9L0wX2Fv8Km4XNMKdU8r,78,SLEEP,SLEEP,B_03_037,sleep,HOME,HOME|KNOW|SLEEP|HELLO|WHY,False,True,0.1588030457496643,False
data/local/semlex_citizen100_train_audit/landmarks_v17/SLEEP/BfKDMi34lAFQ5OmMe4ZY.v17.npz,data/local/semlex_citizen100_train_audit/raw/SLEEP/BfKDMi34lAFQ5OmMe4ZY.webm,BfKDMi34lAFQ5OmMe4ZY,43,SLEEP,SLEEP,B_03_037,sleep,EAT,EAT|MORNING|SLEEP|KNOW|HOME,False,True,0.22475966811180115,False
data/local/semlex_citizen100_train_audit/landmarks_v17/SLEEP/C7ROhAh77WwL2SM5gAZw.v17.npz,data/local/semlex_citizen100_train_audit/raw/SLEEP/C7ROhAh77WwL2SM5gAZw.webm,C7ROhAh77WwL2SM5gAZw,31,SLEEP,SLEEP,B_03_037,sleep,SLEEP,SLEEP|EAT|KNOW|MORNING|UNDERSTAND,True,True,0.42650800943374634,False
data/local/semlex_citizen100_train_audit/landmarks_v17/SLEEP/DezzuRwn63Jx8aBt7ABW.v17.npz,data/local/semlex_citizen100_train_audit/raw/SLEEP/DezzuRwn63Jx8aBt7ABW.webm,DezzuRwn63Jx8aBt7ABW,12,SLEEP,SLEEP,B_03_037,sleep,MORNING,MORNING|STOP|MAN|SLEEP|WOMAN,False,True,0.05904475972056389,False
data/local/semlex_citizen100_train_audit/landmarks_v17/SLEEP/DoAdnxAf1uExkxqW7FlZ.v17.npz,data/local/semlex_citizen100_train_audit/raw/SLEEP/DoAdnxAf1uExkxqW7FlZ.webm,DoAdnxAf1uExkxqW7FlZ,62,SLEEP,SLEEP,B_03_037,sleep,SLEEP,SLEEP|MORNING|MAN|HOSPITAL|KNOW,True,True,0.9130908846855164,False
data/local/semlex_citizen100_train_audit/landmarks_v17/SLEEP/EfQ7oB2jx1so3LU6qote.v17.npz,data/local/semlex_citizen100_train_audit/raw/SLEEP/EfQ7oB2jx1so3LU6qote.webm,EfQ7oB2jx1so3LU6qote,42,SLEEP,SLEEP,B_03_037,sleep,SLEEP,SLEEP|EAT|HOME|KNOW|MORNING,True,True,0.5237869024276733,False
data/local/semlex_citizen100_train_audit/landmarks_v17/SLEEP/Hndg43XlJ7kY2lIAzbSX.v17.npz,data/local/semlex_citizen100_train_audit/raw/SLEEP/Hndg43XlJ7kY2lIAzbSX.webm,Hndg43XlJ7kY2lIAzbSX,85,SLEEP,SLEEP,B_03_037,sleep,SLEEP,SLEEP|MORNING|EAT|GIVE|HOSPITAL,True,True,0.9420721530914307,False
data/local/semlex_citizen100_train_audit/landmarks_v17/SLEEP/IBaggLCSrnXP8w9LpxGq.v17.npz,data/local/semlex_citizen100_train_audit/raw/SLEEP/IBaggLCSrnXP8w9LpxGq.webm,IBaggLCSrnXP8w9LpxGq,11,SLEEP,SLEEP,B_03_037,sleep,SLEEP,SLEEP|EAT|MORNING|THANKYOU|KNOW,True,True,0.7635646462440491,False
data/local/semlex_citizen100_train_audit/landmarks_v17/SLEEP/KKYZgUe0OLWwxzfXnLur.v17.npz,data/local/semlex_citizen100_train_audit/raw/SLEEP/KKYZgUe0OLWwxzfXnLur.webm,KKYZgUe0OLWwxzfXnLur,59,SLEEP,SLEEP,B_03_037,sleep,SLEEP,SLEEP|BAD|MAN|MORNING|GIVE,True,True,0.7554967403411865,False
data/local/semlex_citizen100_train_audit/landmarks_v17/SLEEP/TnzLSqltvDtYAgvUxOHl.v17.npz,data/local/semlex_citizen100_train_audit/raw/SLEEP/TnzLSqltvDtYAgvUxOHl.webm,TnzLSqltvDtYAgvUxOHl,15,SLEEP,SLEEP,B_03_037,sleep,SLEEP,SLEEP|MORNING|EAT|BAD|THANKYOU,True,True,0.8999274373054504,False
data/local/semlex_citizen100_train_audit/landmarks_v17/SLEEP/VPDNVAuorVktBus4zOtC.v17.npz,data/local/semlex_citizen100_train_audit/raw/SLEEP/VPDNVAuorVktBus4zOtC.webm,VPDNVAuorVktBus4zOtC,52,SLEEP,SLEEP,B_03_037,sleep,SLEEP,SLEEP|WHY|GIVE|MORNING|WHAT,True,True,0.602654218673706,False
data/local/semlex_citizen100_train_audit/landmarks_v17/SLEEP/ZY8Zzor0cnb3CRns4ccW.v17.npz,data/local/semlex_citizen100_train_audit/raw/SLEEP/ZY8Zzor0cnb3CRns4ccW.webm,ZY8Zzor0cnb3CRns4ccW,54,SLEEP,SLEEP,B_03_037,sleep,EAT,EAT|GIVE|THANKYOU|SLEEP|GOOD,False,True,0.029327230527997017,False
data/local/semlex_citizen100_train_audit/landmarks_v17/SLEEP/ZnOrBSsAGDtBHcfqtz5u.v17.npz,data/local/semlex_citizen100_train_audit/raw/SLEEP/ZnOrBSsAGDtBHcfqtz5u.webm,ZnOrBSsAGDtBHcfqtz5u,38,SLEEP,SLEEP,B_03_037,sleep,GIVE,GIVE|EAT|SLEEP|TELL|SEE,False,True,0.08635183423757553,False
data/local/semlex_citizen100_train_audit/landmarks_v17/SLEEP/fem5ZjNchYlqb1DZaY5R.v17.npz,data/local/semlex_citizen100_train_audit/raw/SLEEP/fem5ZjNchYlqb1DZaY5R.webm,fem5ZjNchYlqb1DZaY5R,35,SLEEP,SLEEP,B_03_037,sleep,SLEEP,SLEEP|EAT|MORNING|THANKYOU|KNOW,True,True,0.7186456322669983,False
data/local/semlex_citizen100_train_audit/landmarks_v17/SLEEP/gRHymK9LaAdDVTr7KAOv.v17.npz,data/local/semlex_citizen100_train_audit/raw/SLEEP/gRHymK9LaAdDVTr7KAOv.webm,gRHymK9LaAdDVTr7KAOv,30,SLEEP,SLEEP,B_03_037,sleep,SLEEP,SLEEP|EAT|SEE|THANKYOU|WHY,True,True,0.8303253054618835,False
data/local/semlex_citizen100_train_audit/landmarks_v17/SLEEP/hNHmb6npQx6kwkYWzCMG.v17.npz,data/local/semlex_citizen100_train_audit/raw/SLEEP/hNHmb6npQx6kwkYWzCMG.webm,hNHmb6npQx6kwkYWzCMG,84,SLEEP,SLEEP,B_03_037,sleep,SLEEP,SLEEP|MORNING|WOMAN|EAT|SEE,True,True,0.9418854713439941,False
data/local/semlex_citizen100_train_audit/landmarks_v17/SLEEP/hwEzOm9GHwgy0AdraTdL.v17.npz,data/local/semlex_citizen100_train_audit/raw/SLEEP/hwEzOm9GHwgy0AdraTdL.webm,hwEzOm9GHwgy0AdraTdL,88,SLEEP,SLEEP,B_03_037,sleep,EAT,EAT|THANKYOU|SLEEP|MORNING|GIVE,False,True,0.03972157463431358,False
data/local/semlex_citizen100_train_audit/landmarks_v17/SLEEP/iOAWnb63ZwBPmGcJQH2h.v17.npz,data/local/semlex_citizen100_train_audit/raw/SLEEP/iOAWnb63ZwBPmGcJQH2h.webm,iOAWnb63ZwBPmGcJQH2h,39,SLEEP,SLEEP,B_03_037,sleep,WHY,WHY|ANGRY|HE|WANT|CHILD,False,False,0.0027634073048830032,False
data/local/semlex_citizen100_train_audit/landmarks_v17/SLEEP/j8rbqyuAi2QpaljOfPrV.v17.npz,data/local/semlex_citizen100_train_audit/raw/SLEEP/j8rbqyuAi2QpaljOfPrV.webm,j8rbqyuAi2QpaljOfPrV,80,SLEEP,SLEEP,B_03_037,sleep,SLEEP,SLEEP|MOTHER|WATER|HOSPITAL|LISTEN,True,True,0.3616147041320801,False
data/local/semlex_citizen100_train_audit/landmarks_v17/SLEEP/jL7MEc9l2usVZZ3zNhOs.v17.npz,data/local/semlex_citizen100_train_audit/raw/SLEEP/jL7MEc9l2usVZZ3zNhOs.webm,jL7MEc9l2usVZZ3zNhOs,60,SLEEP,SLEEP,B_03_037,sleep,EAT,EAT|MORNING|KNOW|SLEEP|HOME,False,True,0.052641041576862335,False
data/local/semlex_citizen100_train_audit/landmarks_v17/SLEEP/yjthfneppetY0UJjojnA.v17.npz,data/local/semlex_citizen100_train_audit/raw/SLEEP/yjthfneppetY0UJjojnA.webm,yjthfneppetY0UJjojnA,23,SLEEP,SLEEP,B_03_037,sleep,SLEEP,SLEEP|EAT|BAD|WATER|WOMAN,True,True,0.5169335007667542,False
data/local/semlex_citizen100_train_audit/landmarks_v17/SMALL/2NeGCMKrad2we4eYSGr6.v17.npz,data/local/semlex_citizen100_train_audit/raw/SMALL/2NeGCMKrad2we4eYSGr6.webm,2NeGCMKrad2we4eYSGr6,80,SMALL,SMALL,D_01_030,small,SMALL,SMALL|TALK|IMPORTANT|WORK|READ,True,True,0.8128077983856201,False
data/local/semlex_citizen100_train_audit/landmarks_v17/SMALL/3dpSVJSxINg852SBtVio.v17.npz,data/local/semlex_citizen100_train_audit/raw/SMALL/3dpSVJSxINg852SBtVio.webm,3dpSVJSxINg852SBtVio,42,SMALL,SMALL,D_01_030,small,SMALL,SMALL|MORE|DOCTOR|TALK|LESS,True,True,0.7717347145080566,False
data/local/semlex_citizen100_train_audit/landmarks_v17/SMALL/5DKUNtkarALGfZTZaWaW.v17.npz,data/local/semlex_citizen100_train_audit/raw/SMALL/5DKUNtkarALGfZTZaWaW.webm,5DKUNtkarALGfZTZaWaW,52,SMALL,SMALL,D_01_030,small,DOCTOR,DOCTOR|WRITE|TIRED|COLD|TALK,False,False,0.02612430788576603,False
data/local/semlex_citizen100_train_audit/landmarks_v17/SMALL/9srJMAIq4myaz89HP3tp.v17.npz,data/local/semlex_citizen100_train_audit/raw/SMALL/9srJMAIq4myaz89HP3tp.webm,9srJMAIq4myaz89HP3tp,84,SMALL,SMALL,D_01_030,small,SMALL,SMALL|TALK|DOCTOR|READ|IMPORTANT,True,True,0.9398971199989319,False
data/local/semlex_citizen100_train_audit/landmarks_v17/SMALL/9ypvFfD320WwqiRMhpPW.v17.npz,data/local/semlex_citizen100_train_audit/raw/SMALL/9ypvFfD320WwqiRMhpPW.webm,9ypvFfD320WwqiRMhpPW,38,SMALL,SMALL,D_01_030,small,SMALL,SMALL|TALK|FAMILY|HELLO|STOP,True,True,0.834598183631897,False
data/local/semlex_citizen100_train_audit/landmarks_v17/SMALL/AVytkTGS5Z6ILiCbhUVR.v17.npz,data/local/semlex_citizen100_train_audit/raw/SMALL/AVytkTGS5Z6ILiCbhUVR.webm,AVytkTGS5Z6ILiCbhUVR,88,SMALL,SMALL,D_01_030,small,SMALL,SMALL|FAMILY|TALK|IMPORTANT|READ,True,True,0.7836820483207703,False
data/local/semlex_citizen100_train_audit/landmarks_v17/SMALL/CUvUc5PSv4Qjm3LGzffx.v17.npz,data/local/semlex_citizen100_train_audit/raw/SMALL/CUvUc5PSv4Qjm3LGzffx.webm,CUvUc5PSv4Qjm3LGzffx,7,SMALL,SMALL,D_01_030,small,SMALL,SMALL|DOCTOR|TALK|GOODBYE|COLD,True,True,0.8529821038246155,False
data/local/semlex_citizen100_train_audit/landmarks_v17/SMALL/GXZmhmX83qbpKAPhMVhw.v17.npz,data/local/semlex_citizen100_train_audit/raw/SMALL/GXZmhmX83qbpKAPhMVhw.webm,GXZmhmX83qbpKAPhMVhw,12,SMALL,SMALL,D_01_030,small,WRITE,WRITE|IMPORTANT|TRY|FAMILY|MAYBE,False,False,0.03442404046654701,False
data/local/semlex_citizen100_train_audit/landmarks_v17/SMALL/HzAaBSuA0O4s9GbvdKhf.v17.npz,data/local/semlex_citizen100_train_audit/raw/SMALL/HzAaBSuA0O4s9GbvdKhf.webm,HzAaBSuA0O4s9GbvdKhf,35,SMALL,SMALL,D_01_030,small,SMALL,SMALL|TALK|DOCTOR|READ|HELLO,True,True,0.9414555430412292,False
data/local/semlex_citizen100_train_audit/landmarks_v17/SMALL/KrcW0KvDr69sobXaCVlC.v17.npz,data/local/semlex_citizen100_train_audit/raw/SMALL/KrcW0KvDr69sobXaCVlC.webm,KrcW0KvDr69sobXaCVlC,31,SMALL,SMALL,D_01_030,small,SMALL,SMALL|DOCTOR|TALK|READY|COLD,True,True,0.5053946375846863,False
data/local/semlex_citizen100_train_audit/landmarks_v17/SMALL/Kzk4P8jJX2lHmhtEkm37.v17.npz,data/local/semlex_citizen100_train_audit/raw/SMALL/Kzk4P8jJX2lHmhtEkm37.webm,Kzk4P8jJX2lHmhtEkm37,17,SMALL,SMALL,D_01_030,small,ANSWER,ANSWER|WHEN|FRIEND|GO|WEEK,False,False,0.0006477369461208582,False
data/local/semlex_citizen100_train_audit/landmarks_v17/SMALL/NAogO1XZRLNFjHqxuhsr.v17.npz,data/local/semlex_citizen100_train_audit/raw/SMALL/NAogO1XZRLNFjHqxuhsr.webm,NAogO1XZRLNFjHqxuhsr,60,SMALL,SMALL,D_01_030,small,SMALL,SMALL|HELLO|FAMILY|IMPORTANT|TALK,True,True,0.7185360193252563,False
data/local/semlex_citizen100_train_audit/landmarks_v17/SMALL/RV9fZPddD3wibojh9zW7.v17.npz,data/local/semlex_citizen100_train_audit/raw/SMALL/RV9fZPddD3wibojh9zW7.webm,RV9fZPddD3wibojh9zW7,62,SMALL,SMALL,D_01_030,small,SMALL,SMALL|TALK|DOCTOR|IMPORTANT|OUR,True,True,0.856060266494751,False
data/local/semlex_citizen100_train_audit/landmarks_v17/SMALL/WEeQacEHqOvdfDPN73CO.v17.npz,data/local/semlex_citizen100_train_audit/raw/SMALL/WEeQacEHqOvdfDPN73CO.webm,WEeQacEHqOvdfDPN73CO,23,SMALL,SMALL,D_01_030,small,SMALL,SMALL|FAMILY|HELLO|DOCTOR|STOP,True,True,0.8606700301170349,False
data/local/semlex_citizen100_train_audit/landmarks_v17/SMALL/Y76otPQvpq0Cq7PnsLcr.v17.npz,data/local/semlex_citizen100_train_audit/raw/SMALL/Y76otPQvpq0Cq7PnsLcr.webm,Y76otPQvpq0Cq7PnsLcr,39,SMALL,SMALL,D_01_030,small,WANT,WANT|SMALL|TALK|DOCTOR|YOUR,False,True,0.14834356307983398,False
data/local/semlex_citizen100_train_audit/landmarks_v17/SMALL/ZEN4ltiLJ0lQ0vo8LKvh.v17.npz,data/local/semlex_citizen100_train_audit/raw/SMALL/ZEN4ltiLJ0lQ0vo8LKvh.webm,ZEN4ltiLJ0lQ0vo8LKvh,85,SMALL,SMALL,D_01_030,small,SMALL,SMALL|TALK|READ|FAMILY|IMPORTANT,True,True,0.909596860408783,False
data/local/semlex_citizen100_train_audit/landmarks_v17/SMALL/p0Z4kqaC14laC7F0xytJ.v17.npz,data/local/semlex_citizen100_train_audit/raw/SMALL/p0Z4kqaC14laC7F0xytJ.webm,p0Z4kqaC14laC7F0xytJ,8,SMALL,SMALL,D_01_030,small,SMALL,SMALL|IMPORTANT|YOUR|TALK|GOODBYE,True,True,0.7611482739448547,False
data/local/semlex_citizen100_train_audit/landmarks_v17/SMALL/qt3ufViHwCleYNXZKAhn.v17.npz,data/local/semlex_citizen100_train_audit/raw/SMALL/qt3ufViHwCleYNXZKAhn.webm,qt3ufViHwCleYNXZKAhn,14,SMALL,SMALL,D_01_030,small,SMALL,SMALL|TALK|YOUR|READ|IMPORTANT,True,True,0.4425472617149353,False
data/local/semlex_citizen100_train_audit/landmarks_v17/SMALL/xD121VKEBrBy7oUqYkdD.v17.npz,data/local/semlex_citizen100_train_audit/raw/SMALL/xD121VKEBrBy7oUqYkdD.webm,xD121VKEBrBy7oUqYkdD,59,SMALL,SMALL,D_01_030,small,SMALL,SMALL|FAMILY|READ|WANT|TALK,True,True,0.5236685276031494,False
data/local/semlex_citizen100_train_audit/landmarks_v17/SMALL/xG7spS3aH9sas2idlAH7.v17.npz,data/local/semlex_citizen100_train_audit/raw/SMALL/xG7spS3aH9sas2idlAH7.webm,xG7spS3aH9sas2idlAH7,11,SMALL,SMALL,D_01_030,small,SMALL,SMALL|FAMILY|TALK|IMPORTANT|DOCTOR,True,True,0.8982171416282654,False
data/local/semlex_citizen100_train_audit/landmarks_v17/SMALL/yR61AuHInIdLqlwglewB.v17.npz,data/local/semlex_citizen100_train_audit/raw/SMALL/yR61AuHInIdLqlwglewB.webm,yR61AuHInIdLqlwglewB,63,SMALL,SMALL,D_01_030,small,SMALL,SMALL|TALK|FAMILY|IMPORTANT|READ,True,True,0.8133920431137085,False
data/local/semlex_citizen100_train_audit/landmarks_v17/SORRY/87l1Rb7ddCHWAMLAnIit.v17.npz,data/local/semlex_citizen100_train_audit/raw/SORRY/87l1Rb7ddCHWAMLAnIit.webm,87l1Rb7ddCHWAMLAnIit,88,SORRY,SORRY,C_01_020,sorry,SORRY,SORRY|I|WE|HUNGRY|MAKE,True,True,0.8822206258773804,False
data/local/semlex_citizen100_train_audit/landmarks_v17/SORRY/B2BuJy4B1ylrrgtye6fu.v17.npz,data/local/semlex_citizen100_train_audit/raw/SORRY/B2BuJy4B1ylrrgtye6fu.webm,B2BuJy4B1ylrrgtye6fu,39,SORRY,SORRY,C_01_020,sorry,COME,COME|WHAT|HE|CHILD|WHY,False,False,0.0030386685393750668,False
data/local/semlex_citizen100_train_audit/landmarks_v17/SORRY/JsgSNH0DimNw5UqeddF7.v17.npz,data/local/semlex_citizen100_train_audit/raw/SORRY/JsgSNH0DimNw5UqeddF7.webm,JsgSNH0DimNw5UqeddF7,46,SORRY,SORRY,C_01_020,sorry,SORRY,SORRY|PLEASE|HAVE|I|HUNGRY,True,True,0.8496744632720947,False
data/local/semlex_citizen100_train_audit/landmarks_v17/SORRY/OQ3SBt1JWQXCI3feTK5F.v17.npz,data/local/semlex_citizen100_train_audit/raw/SORRY/OQ3SBt1JWQXCI3feTK5F.webm,OQ3SBt1JWQXCI3feTK5F,17,SORRY,SORRY,C_01_020,sorry,SORRY,SORRY|HUNGRY|PLEASE|MAKE|I,True,True,0.9414026141166687,False
data/local/semlex_citizen100_train_audit/landmarks_v17/SORRY/QCAFrzcAxDYyhvXbLNKD.v17.npz,data/local/semlex_citizen100_train_audit/raw/SORRY/QCAFrzcAxDYyhvXbLNKD.webm,QCAFrzcAxDYyhvXbLNKD,23,SORRY,SORRY,C_01_020,sorry,HELP,HELP|LOVE|SORRY|YEAR|MAKE,False,True,0.11805542558431625,False
data/local/semlex_citizen100_train_audit/landmarks_v17/SORRY/RRzPTW5sVoKSx0ZGY2Xw.v17.npz,data/local/semlex_citizen100_train_audit/raw/SORRY/RRzPTW5sVoKSx0ZGY2Xw.webm,RRzPTW5sVoKSx0ZGY2Xw,49,SORRY,SORRY,C_01_020,sorry,I,I|SORRY|WE|TELL|HUNGRY,False,True,0.1552790105342865,False
data/local/semlex_citizen100_train_audit/landmarks_v17/SORRY/SbxW7mnM3elRVuHwiQk4.v17.npz,data/local/semlex_citizen100_train_audit/raw/SORRY/SbxW7mnM3elRVuHwiQk4.webm,SbxW7mnM3elRVuHwiQk4,84,SORRY,SORRY,C_01_020,sorry,SORRY,SORRY|I|TELL|WE|HUNGRY,True,True,0.7596843242645264,False
data/local/semlex_citizen100_train_audit/landmarks_v17/SORRY/Vij5exJBZaO4ueIMsjRN.v17.npz,data/local/semlex_citizen100_train_audit/raw/SORRY/Vij5exJBZaO4ueIMsjRN.webm,Vij5exJBZaO4ueIMsjRN,30,SORRY,SORRY,C_01_020,sorry,SORRY,SORRY|PLEASE|I|MAKE|TOMORROW,True,True,0.8953297138214111,False
data/local/semlex_citizen100_train_audit/landmarks_v17/SORRY/YKJF4WTaWK46hGMCf9IY.v17.npz,data/local/semlex_citizen100_train_audit/raw/SORRY/YKJF4WTaWK46hGMCf9IY.webm,YKJF4WTaWK46hGMCf9IY,62,SORRY,SORRY,C_01_020,sorry,SORRY,SORRY|I|HAVE|HUNGRY|PLEASE,True,True,0.541874349117279,False
data/local/semlex_citizen100_train_audit/landmarks_v17/SORRY/pQkTWSUrbm8TsrACDPXT.v17.npz,data/local/semlex_citizen100_train_audit/raw/SORRY/pQkTWSUrbm8TsrACDPXT.webm,pQkTWSUrbm8TsrACDPXT,31,SORRY,SORRY,C_01_020,sorry,SORRY,SORRY|PLEASE|WE|COME|HAVE,True,True,0.8346218466758728,False
data/local/semlex_citizen100_train_audit/landmarks_v17/SORRY/rm1PwJ5aMlKRXiJWc1Rj.v17.npz,data/local/semlex_citizen100_train_audit/raw/SORRY/rm1PwJ5aMlKRXiJWc1Rj.webm,rm1PwJ5aMlKRXiJWc1Rj,7,SORRY,SORRY,C_01_020,sorry,SORRY,SORRY|I|MAKE|HUNGRY|WE,True,True,0.6791850328445435,False
data/local/semlex_citizen100_train_audit/landmarks_v17/SORRY/snMeLRFKKZS9YeL4mnXF.v17.npz,data/local/semlex_citizen100_train_audit/raw/SORRY/snMeLRFKKZS9YeL4mnXF.webm,snMeLRFKKZS9YeL4mnXF,85,SORRY,SORRY,C_01_020,sorry,SORRY,SORRY|I|HUNGRY|PLEASE|TIRED,True,True,0.9178639054298401,False
data/local/semlex_citizen100_train_audit/landmarks_v17/STOP/00yHesqHSUb6D4SZX1VX.v17.npz,data/local/semlex_citizen100_train_audit/raw/STOP/00yHesqHSUb6D4SZX1VX.webm,00yHesqHSUb6D4SZX1VX,59,STOP,STOP,D_01_010,stop,STOP,STOP|SICK|LESS|SAD|EASY,True,True,0.33297282457351685,False
data/local/semlex_citizen100_train_audit/landmarks_v17/STOP/0QnNBGhMq2fKZeK9K8O5.v17.npz,data/local/semlex_citizen100_train_audit/raw/STOP/0QnNBGhMq2fKZeK9K8O5.webm,0QnNBGhMq2fKZeK9K8O5,84,STOP,STOP,D_01_010,stop,STOP,STOP|LESS|MORNING|LEARN|FAMILY,True,True,0.6910662651062012,False
data/local/semlex_citizen100_train_audit/landmarks_v17/STOP/2XqXPxRN1Xqd8gJW7b4e.v17.npz,data/local/semlex_citizen100_train_audit/raw/STOP/2XqXPxRN1Xqd8gJW7b4e.webm,2XqXPxRN1Xqd8gJW7b4e,12,STOP,STOP,D_01_010,stop,STOP,STOP|LESS|FAMILY|HELP|SCHOOL,True,True,0.6550631523132324,False
data/local/semlex_citizen100_train_audit/landmarks_v17/STOP/35QxCVvG2ZwlUDeRz0rh.v17.npz,data/local/semlex_citizen100_train_audit/raw/STOP/35QxCVvG2ZwlUDeRz0rh.webm,35QxCVvG2ZwlUDeRz0rh,38,STOP,STOP,D_01_010,stop,SCHOOL,SCHOOL|LESS|STOP|EASY|OUR,False,True,0.1201803907752037,False
data/local/semlex_citizen100_train_audit/landmarks_v17/STOP/8pJo6bPxWWyFA17euISJ.v17.npz,data/local/semlex_citizen100_train_audit/raw/STOP/8pJo6bPxWWyFA17euISJ.webm,8pJo6bPxWWyFA17euISJ,49,STOP,STOP,D_01_010,stop,EASY,EASY|HELP|MY|HAPPY|SCHOOL,False,False,0.005201723892241716,False
data/local/semlex_citizen100_train_audit/landmarks_v17/STOP/II5vIuScAccn1uSJJoTA.v17.npz,data/local/semlex_citizen100_train_audit/raw/STOP/II5vIuScAccn1uSJJoTA.webm,II5vIuScAccn1uSJJoTA,60,STOP,STOP,D_01_010,stop,EASY,EASY|STOP|HELP|SCHOOL|THANKYOU,False,True,0.3325795829296112,False
data/local/semlex_citizen100_train_audit/landmarks_v17/STOP/Rv1gw9GBMKxYo5ncSuz5.v17.npz,data/local/semlex_citizen100_train_audit/raw/STOP/Rv1gw9GBMKxYo5ncSuz5.webm,Rv1gw9GBMKxYo5ncSuz5,46,STOP,STOP,D_01_010,stop,STOP,STOP|HELP|LESS|THANKYOU|MORNING,True,True,0.8262587785720825,False
data/local/semlex_citizen100_train_audit/landmarks_v17/STOP/WgsEG0IpapcozE4YBsFB.v17.npz,data/local/semlex_citizen100_train_audit/raw/STOP/WgsEG0IpapcozE4YBsFB.webm,WgsEG0IpapcozE4YBsFB,62,STOP,STOP,D_01_010,stop,STOP,STOP|SCHOOL|MAYBE|FAMILY|HELP,True,True,0.9088109731674194,False
data/local/semlex_citizen100_train_audit/landmarks_v17/STOP/Zye0XKYx5v5hw7n0I8h7.v17.npz,data/local/semlex_citizen100_train_audit/raw/STOP/Zye0XKYx5v5hw7n0I8h7.webm,Zye0XKYx5v5hw7n0I8h7,17,STOP,STOP,D_01_010,stop,STOP,STOP|HELP|EASY|SCHOOL|LESS,True,True,0.5553637742996216,False
data/local/semlex_citizen100_train_audit/landmarks_v17/STOP/bk20b3q4hNgDfpxyIcHW.v17.npz,data/local/semlex_citizen100_train_audit/raw/STOP/bk20b3q4hNgDfpxyIcHW.webm,bk20b3q4hNgDfpxyIcHW,43,STOP,STOP,D_01_010,stop,STOP,STOP|LESS|SCHOOL|EASY|HELP,True,True,0.4064272344112396,False
data/local/semlex_citizen100_train_audit/landmarks_v17/STOP/f1dpTv03JhkpZJzRa5uT.v17.npz,data/local/semlex_citizen100_train_audit/raw/STOP/f1dpTv03JhkpZJzRa5uT.webm,f1dpTv03JhkpZJzRa5uT,78,STOP,STOP,D_01_010,stop,STOP,STOP|LESS|MORNING|GOOD|SCHOOL,True,True,0.8017206192016602,False
data/local/semlex_citizen100_train_audit/landmarks_v17/STOP/fLMb6QVTmKZlkgQxbcy6.v17.npz,data/local/semlex_citizen100_train_audit/raw/STOP/fLMb6QVTmKZlkgQxbcy6.webm,fLMb6QVTmKZlkgQxbcy6,35,STOP,STOP,D_01_010,stop,STOP,STOP|OUR|GIVE|MORNING|LESS,True,True,0.5753204822540283,False
data/local/semlex_citizen100_train_audit/landmarks_v17/STOP/irGjV1OlNCFPLurMjTt0.v17.npz,data/local/semlex_citizen100_train_audit/raw/STOP/irGjV1OlNCFPLurMjTt0.webm,irGjV1OlNCFPLurMjTt0,39,STOP,STOP,D_01_010,stop,STOP,STOP|LESS|OUR|GIVE|GOOD,True,True,0.2256016582250595,False
data/local/semlex_citizen100_train_audit/landmarks_v17/STOP/lwHtTd2p8Qe3VtUXOJhU.v17.npz,data/local/semlex_citizen100_train_audit/raw/STOP/lwHtTd2p8Qe3VtUXOJhU.webm,lwHtTd2p8Qe3VtUXOJhU,88,STOP,STOP,D_01_010,stop,SCHOOL,SCHOOL|HELP|WRITE|NIGHT|WEEK,False,False,0.0060006435960531235,False
data/local/semlex_citizen100_train_audit/landmarks_v17/STOP/ogb21BgSGKz4d6T8ErqN.v17.npz,data/local/semlex_citizen100_train_audit/raw/STOP/ogb21BgSGKz4d6T8ErqN.webm,ogb21BgSGKz4d6T8ErqN,30,STOP,STOP,D_01_010,stop,SCHOOL,SCHOOL|STOP|OUR|SMALL|TALK,False,True,0.09789933264255524,False
data/local/semlex_citizen100_train_audit/landmarks_v17/STOP/r4qg5Q3ewlwdJaHjUPyV.v17.npz,data/local/semlex_citizen100_train_audit/raw/STOP/r4qg5Q3ewlwdJaHjUPyV.webm,r4qg5Q3ewlwdJaHjUPyV,54,STOP,STOP,D_01_010,stop,STOP,STOP|SCHOOL|LESS|GOOD|GIVE,True,True,0.35666051506996155,False
data/local/semlex_citizen100_train_audit/landmarks_v17/STOP/sF1JTod5qmL6DNaWArEw.v17.npz,data/local/semlex_citizen100_train_audit/raw/STOP/sF1JTod5qmL6DNaWArEw.webm,sF1JTod5qmL6DNaWArEw,23,STOP,STOP,D_01_010,stop,STOP,STOP|MORNING|LESS|GIVE|THANKYOU,True,True,0.7247705459594727,False
data/local/semlex_citizen100_train_audit/landmarks_v17/STOP/sUXO34CPMQ782HeXj26z.v17.npz,data/local/semlex_citizen100_train_audit/raw/STOP/sUXO34CPMQ782HeXj26z.webm,sUXO34CPMQ782HeXj26z,7,STOP,STOP,D_01_010,stop,SCHOOL,SCHOOL|HELP|PLEASE|WRITE|MY,False,False,0.007104074582457542,False
data/local/semlex_citizen100_train_audit/landmarks_v17/TAKE/9d6P4B1vxDxJ1O0V0Ie8.v17.npz,data/local/semlex_citizen100_train_audit/raw/TAKE/9d6P4B1vxDxJ1O0V0Ie8.webm,9d6P4B1vxDxJ1O0V0Ie8,84,TAKE,TAKE,G_01_093,take,TELL,TELL|TOMORROW|EAT|HOT|GIVE,False,False,0.011169824749231339,False
data/local/semlex_citizen100_train_audit/landmarks_v17/TAKE/A1q38z5Q42ZZt4df3W0z.v17.npz,data/local/semlex_citizen100_train_audit/raw/TAKE/A1q38z5Q42ZZt4df3W0z.webm,A1q38z5Q42ZZt4df3W0z,30,TAKE,TAKE,G_01_093,take,TELL,TELL|LIKE|HUNGRY|WHAT|FEEL,False,False,0.0005256654694676399,False
data/local/semlex_citizen100_train_audit/landmarks_v17/TAKE/MYt5VTbRRu1BjoEr3yQ9.v17.npz,data/local/semlex_citizen100_train_audit/raw/TAKE/MYt5VTbRRu1BjoEr3yQ9.webm,MYt5VTbRRu1BjoEr3yQ9,31,TAKE,TAKE,G_01_093,take,WHY,WHY|FIND|UNDERSTAND|YEAR|GIVE,False,False,0.004883355461061001,False
data/local/semlex_citizen100_train_audit/landmarks_v17/TAKE/OrokAxKBJEbHKoiHRDtX.v17.npz,data/local/semlex_citizen100_train_audit/raw/TAKE/OrokAxKBJEbHKoiHRDtX.webm,OrokAxKBJEbHKoiHRDtX,42,TAKE,TAKE,G_01_093,take,IMPORTANT,IMPORTANT|TRY|LANGUAGE|LEARN|ANSWER,False,False,0.0006616815226152539,False
data/local/semlex_citizen100_train_audit/landmarks_v17/TAKE/SSHgUaKXrNczokWrWGdX.v17.npz,data/local/semlex_citizen100_train_audit/raw/TAKE/SSHgUaKXrNczokWrWGdX.webm,SSHgUaKXrNczokWrWGdX,63,TAKE,TAKE,G_01_093,take,OUR,OUR|WE|TAKE|DRINK|NIGHT,False,True,0.05599923059344292,False
data/local/semlex_citizen100_train_audit/landmarks_v17/TAKE/Vt5GDaHHjBsjDDIudcDq.v17.npz,data/local/semlex_citizen100_train_audit/raw/TAKE/Vt5GDaHHjBsjDDIudcDq.webm,Vt5GDaHHjBsjDDIudcDq,8,TAKE,TAKE,G_01_093,take,SORRY,SORRY|WHAT|COME|SAME|TOMORROW,False,False,0.011381158605217934,False
data/local/semlex_citizen100_train_audit/landmarks_v17/TAKE/YUeJYXCwCFlJA62XSYkQ.v17.npz,data/local/semlex_citizen100_train_audit/raw/TAKE/YUeJYXCwCFlJA62XSYkQ.webm,YUeJYXCwCFlJA62XSYkQ,46,TAKE,TAKE,G_01_093,take,TAKE,TAKE|WE|WORK|YES|SAME,True,True,0.8782370090484619,False
data/local/semlex_citizen100_train_audit/landmarks_v17/TAKE/fmbywLzHnVBrzvASQB9U.v17.npz,data/local/semlex_citizen100_train_audit/raw/TAKE/fmbywLzHnVBrzvASQB9U.webm,fmbywLzHnVBrzvASQB9U,88,TAKE,TAKE,G_01_093,take,TAKE,TAKE|WORK|WE|YES|SORRY,True,True,0.688285231590271,False
data/local/semlex_citizen100_train_audit/landmarks_v17/TAKE/oIMS2Fr5QMmsI1jE3zrB.v17.npz,data/local/semlex_citizen100_train_audit/raw/TAKE/oIMS2Fr5QMmsI1jE3zrB.webm,oIMS2Fr5QMmsI1jE3zrB,39,TAKE,TAKE,G_01_093,take,CHILD,CHILD|ANGRY|HE|SIGN|WHY,False,False,0.0003501352621242404,False
data/local/semlex_citizen100_train_audit/landmarks_v17/TAKE/zi7DLLRRi1P1hSIKTapu.v17.npz,data/local/semlex_citizen100_train_audit/raw/TAKE/zi7DLLRRi1P1hSIKTapu.webm,zi7DLLRRi1P1hSIKTapu,38,TAKE,TAKE,G_01_093,take,ANSWER,ANSWER|TRY|IMPORTANT|FIND|COLD,False,False,0.0016996897757053375,False
data/local/semlex_citizen100_train_audit/landmarks_v17/TALK/CYua95imkRn87pxeUgaQ.v17.npz,data/local/semlex_citizen100_train_audit/raw/TALK/CYua95imkRn87pxeUgaQ.webm,CYua95imkRn87pxeUgaQ,76,TALK,TALK1,C_01_008,talk,TALK,TALK|WATER|BAD|SMALL|OUR,True,True,0.9458624124526978,False
data/local/semlex_citizen100_train_audit/landmarks_v17/TALK/SqAhG2wGP9wPvWeN1jdD.v17.npz,data/local/semlex_citizen100_train_audit/raw/TALK/SqAhG2wGP9wPvWeN1jdD.webm,SqAhG2wGP9wPvWeN1jdD,7,TALK,TALK1,C_01_008,talk,WATER,WATER|TALK|YOUR|LIKE|MOTHER,False,True,0.2247808277606964,False
data/local/semlex_citizen100_train_audit/landmarks_v17/TALK/ToS5EAJe6n7uqHIlFvty.v17.npz,data/local/semlex_citizen100_train_audit/raw/TALK/ToS5EAJe6n7uqHIlFvty.webm,ToS5EAJe6n7uqHIlFvty,17,TALK,TALK1,C_01_008,talk,TALK,TALK|WATER|YOUR|MOTHER|TAKE,True,True,0.6747190356254578,False
data/local/semlex_citizen100_train_audit/landmarks_v17/TALK/UayRuyOnmt9dIOFvUzgW.v17.npz,data/local/semlex_citizen100_train_audit/raw/TALK/UayRuyOnmt9dIOFvUzgW.webm,UayRuyOnmt9dIOFvUzgW,30,TALK,TALK1,C_01_008,talk,MOTHER,MOTHER|WATER|YOUR|TALK|WOMAN,False,True,0.0982743576169014,False
data/local/semlex_citizen100_train_audit/landmarks_v17/TALK/Ymh83DsAPYMKPK5VaPex.v17.npz,data/local/semlex_citizen100_train_audit/raw/TALK/Ymh83DsAPYMKPK5VaPex.webm,Ymh83DsAPYMKPK5VaPex,88,TALK,TALK1,C_01_008,talk,TALK,TALK|WATER|WOMAN|HOME|EAT,True,True,0.6796279549598694,False
data/local/semlex_citizen100_train_audit/landmarks_v17/TALK/d1MBZYfPKp2GXHkjHyFi.v17.npz,data/local/semlex_citizen100_train_audit/raw/TALK/d1MBZYfPKp2GXHkjHyFi.webm,d1MBZYfPKp2GXHkjHyFi,49,TALK,TALK1,C_01_008,talk,EAT,EAT|WATER|HOT|SLEEP|SEE,False,False,0.005961996968835592,False
data/local/semlex_citizen100_train_audit/landmarks_v17/TALK/foW1iqKXH0MrnBawaB2L.v17.npz,data/local/semlex_citizen100_train_audit/raw/TALK/foW1iqKXH0MrnBawaB2L.webm,foW1iqKXH0MrnBawaB2L,46,TALK,TALK1,C_01_008,talk,TALK,TALK|WATER|MOTHER|HOSPITAL|WOMAN,True,True,0.788364827632904,False
data/local/semlex_citizen100_train_audit/landmarks_v17/TALK/tRSarpgOpmLxyzxyURel.v17.npz,data/local/semlex_citizen100_train_audit/raw/TALK/tRSarpgOpmLxyzxyURel.webm,tRSarpgOpmLxyzxyURel,85,TALK,TALK1,C_01_008,talk,WATER,WATER|TALK|EAT|SEE|WOMAN,False,True,0.03384402021765709,False
data/local/semlex_citizen100_train_audit/landmarks_v17/TALK/tXhBI5neXZYr5C5Nf8vC.v17.npz,data/local/semlex_citizen100_train_audit/raw/TALK/tXhBI5neXZYr5C5Nf8vC.webm,tXhBI5neXZYr5C5Nf8vC,84,TALK,TALK1,C_01_008,talk,WATER,WATER|TALK|WOMAN|MOTHER|YOUR,False,True,0.1453627347946167,False
data/local/semlex_citizen100_train_audit/landmarks_v17/TALK/wf15lBkAPE6Amkswhuvk.v17.npz,data/local/semlex_citizen100_train_audit/raw/TALK/wf15lBkAPE6Amkswhuvk.webm,wf15lBkAPE6Amkswhuvk,39,TALK,TALK1,C_01_008,talk,WHY,WHY|CHILD|WANT|MAYBE|ANGRY,False,False,0.0013231455814093351,False
data/local/semlex_citizen100_train_audit/landmarks_v17/TELL/Hl2lnGjOnpbQIyE0ImrR.v17.npz,data/local/semlex_citizen100_train_audit/raw/TELL/Hl2lnGjOnpbQIyE0ImrR.webm,Hl2lnGjOnpbQIyE0ImrR,59,TELL,TELL,C_02_013,tell,THEY,THEY|TELL|YOU|GIVE|LIKE,False,True,0.0731595829129219,False
data/local/semlex_citizen100_train_audit/landmarks_v17/TELL/J4DACjYpKxIHFXpAQVBd.v17.npz,data/local/semlex_citizen100_train_audit/raw/TELL/J4DACjYpKxIHFXpAQVBd.webm,J4DACjYpKxIHFXpAQVBd,49,TELL,TELL,C_02_013,tell,WE,WE|TELL|HUNGRY|I|SORRY,False,True,0.04642770066857338,False
data/local/semlex_citizen100_train_audit/landmarks_v17/TELL/ToN02XWijDcnb0EPDjvp.v17.npz,data/local/semlex_citizen100_train_audit/raw/TELL/ToN02XWijDcnb0EPDjvp.webm,ToN02XWijDcnb0EPDjvp,46,TELL,TELL,C_02_013,tell,TELL,TELL|GIVE|YOU|WHO|UNDERSTAND,True,True,0.9273558855056763,False
data/local/semlex_citizen100_train_audit/landmarks_v17/TELL/cD9vAV7SMQa5FzeCytaJ.v17.npz,data/local/semlex_citizen100_train_audit/raw/TELL/cD9vAV7SMQa5FzeCytaJ.webm,cD9vAV7SMQa5FzeCytaJ,31,TELL,TELL,C_02_013,tell,TELL,TELL|WHO|THEY|SEE|YOU,True,True,0.8459897041320801,False
data/local/semlex_citizen100_train_audit/landmarks_v17/TELL/lMDCBeuENdgddgiJX5qH.v17.npz,data/local/semlex_citizen100_train_audit/raw/TELL/lMDCBeuENdgddgiJX5qH.webm,lMDCBeuENdgddgiJX5qH,7,TELL,TELL,C_02_013,tell,TELL,TELL|I|WHAT|LIKE|HE,True,True,0.6716018915176392,False
data/local/semlex_citizen100_train_audit/landmarks_v17/TELL/meu7FTHCuz88Pw4YyLtd.v17.npz,data/local/semlex_citizen100_train_audit/raw/TELL/meu7FTHCuz88Pw4YyLtd.webm,meu7FTHCuz88Pw4YyLtd,85,TELL,TELL,C_02_013,tell,TELL,TELL|GIVE|WHO|SEE|MAKE,True,True,0.9237635135650635,False
data/local/semlex_citizen100_train_audit/landmarks_v17/TELL/wuz9qvDaxQ533yqNmklI.v17.npz,data/local/semlex_citizen100_train_audit/raw/TELL/wuz9qvDaxQ533yqNmklI.webm,wuz9qvDaxQ533yqNmklI,84,TELL,TELL,C_02_013,tell,TELL,TELL|I|WHAT|EAT|FEEL,True,True,0.9382959604263306,False
data/local/semlex_citizen100_train_audit/landmarks_v17/TELL/zn6dsCgVXv56Dc9UdcdC.v17.npz,data/local/semlex_citizen100_train_audit/raw/TELL/zn6dsCgVXv56Dc9UdcdC.webm,zn6dsCgVXv56Dc9UdcdC,62,TELL,TELL,C_02_013,tell,TELL,TELL|SORRY|MAKE|HUNGRY|EAT,True,True,0.8820543885231018,False
data/local/semlex_citizen100_train_audit/landmarks_v17/TELL/zwjG2TJH4qV7BMrUxyLB.v17.npz,data/local/semlex_citizen100_train_audit/raw/TELL/zwjG2TJH4qV7BMrUxyLB.webm,zwjG2TJH4qV7BMrUxyLB,39,TELL,TELL,C_02_013,tell,COME,COME|THINK|WHY|CHILD|NEED,False,False,0.01846485212445259,False
data/local/semlex_citizen100_train_audit/landmarks_v17/THANKYOU/3SwgdtIJGpzsi1cX1W5x.v17.npz,data/local/semlex_citizen100_train_audit/raw/THANKYOU/3SwgdtIJGpzsi1cX1W5x.webm,3SwgdtIJGpzsi1cX1W5x,30,THANKYOU,THANKYOU,H_02_053,thank_you,EASY,EASY|WAIT|HAPPY|THANKYOU|SAD,False,True,0.01304052397608757,False
data/local/semlex_citizen100_train_audit/landmarks_v17/THANKYOU/5Gj2749toZsDOKQakOwI.v17.npz,data/local/semlex_citizen100_train_audit/raw/THANKYOU/5Gj2749toZsDOKQakOwI.webm,5Gj2749toZsDOKQakOwI,7,THANKYOU,THANKYOU,H_02_053,thank_you,GOOD,GOOD|THANKYOU|STOP|HAPPY|HELP,False,True,0.4236008822917938,False
data/local/semlex_citizen100_train_audit/landmarks_v17/THANKYOU/7F4gbDjrgfgUO6CozB91.v17.npz,data/local/semlex_citizen100_train_audit/raw/THANKYOU/7F4gbDjrgfgUO6CozB91.webm,7F4gbDjrgfgUO6CozB91,52,THANKYOU,THANKYOU,H_02_053,thank_you,BAD,BAD|THANKYOU|HOT|GOOD|WHY,False,True,0.15265469253063202,False
data/local/semlex_citizen100_train_audit/landmarks_v17/THANKYOU/7JGkvyPdK9INBWCgxl2N.v17.npz,data/local/semlex_citizen100_train_audit/raw/THANKYOU/7JGkvyPdK9INBWCgxl2N.webm,7JGkvyPdK9INBWCgxl2N,49,THANKYOU,THANKYOU,H_02_053,thank_you,GOOD,GOOD|THANKYOU|HAPPY|EASY|BAD,False,True,0.3772505223751068,False
data/local/semlex_citizen100_train_audit/landmarks_v17/THANKYOU/A7XAxHMwc3FX5XxAMgbj.v17.npz,data/local/semlex_citizen100_train_audit/raw/THANKYOU/A7XAxHMwc3FX5XxAMgbj.webm,A7XAxHMwc3FX5XxAMgbj,11,THANKYOU,THANKYOU,H_02_053,thank_you,THANKYOU,THANKYOU|GOOD|GIVE|MAYBE|WHY,True,True,0.5523035526275635,False
data/local/semlex_citizen100_train_audit/landmarks_v17/THANKYOU/AXGmYjYp0hbqRf418J3F.v17.npz,data/local/semlex_citizen100_train_audit/raw/THANKYOU/AXGmYjYp0hbqRf418J3F.webm,AXGmYjYp0hbqRf418J3F,39,THANKYOU,THANKYOU,H_02_053,thank_you,WHY,WHY|WANT|ANGRY|WHAT|WAIT,False,False,0.0036719213239848614,False
data/local/semlex_citizen100_train_audit/landmarks_v17/THANKYOU/LkekLUDNx1RYFMziqyJp.v17.npz,data/local/semlex_citizen100_train_audit/raw/THANKYOU/LkekLUDNx1RYFMziqyJp.webm,LkekLUDNx1RYFMziqyJp,88,THANKYOU,THANKYOU,H_02_053,thank_you,GOOD,GOOD|THANKYOU|BAD|HOT|EAT,False,True,0.41344234347343445,False
data/local/semlex_citizen100_train_audit/landmarks_v17/THANKYOU/M5IweMRkxdFfY5mPm6Vf.v17.npz,data/local/semlex_citizen100_train_audit/raw/THANKYOU/M5IweMRkxdFfY5mPm6Vf.webm,M5IweMRkxdFfY5mPm6Vf,8,THANKYOU,THANKYOU,H_02_053,thank_you,GOOD,GOOD|BAD|THANKYOU|STOP|WOMAN,False,True,0.06159519776701927,False
data/local/semlex_citizen100_train_audit/landmarks_v17/THANKYOU/XCbXb8OBvwVEqulEaJZf.v17.npz,data/local/semlex_citizen100_train_audit/raw/THANKYOU/XCbXb8OBvwVEqulEaJZf.webm,XCbXb8OBvwVEqulEaJZf,46,THANKYOU,THANKYOU,H_02_053,thank_you,THANKYOU,THANKYOU|GOOD|EAT|KNOW|HAPPY,True,True,0.7597331404685974,False
data/local/semlex_citizen100_train_audit/landmarks_v17/THANKYOU/Yqlv0uNBInE4yOeWaKhx.v17.npz,data/local/semlex_citizen100_train_audit/raw/THANKYOU/Yqlv0uNBInE4yOeWaKhx.webm,Yqlv0uNBInE4yOeWaKhx,63,THANKYOU,THANKYOU,H_02_053,thank_you,GOOD,GOOD|THANKYOU|HAPPY|EASY|BAD,False,True,0.34364789724349976,False
data/local/semlex_citizen100_train_audit/landmarks_v17/THANKYOU/Z7rKIIEwWLgLdzRZgVkT.v17.npz,data/local/semlex_citizen100_train_audit/raw/THANKYOU/Z7rKIIEwWLgLdzRZgVkT.webm,Z7rKIIEwWLgLdzRZgVkT,62,THANKYOU,THANKYOU,H_02_053,thank_you,GOOD,GOOD|THANKYOU|BAD|HAPPY|HOT,False,True,0.15447992086410522,False
data/local/semlex_citizen100_train_audit/landmarks_v17/THANKYOU/Zd3g2PxZsQ4mAZ4foybU.v17.npz,data/local/semlex_citizen100_train_audit/raw/THANKYOU/Zd3g2PxZsQ4mAZ4foybU.webm,Zd3g2PxZsQ4mAZ4foybU,85,THANKYOU,THANKYOU,H_02_053,thank_you,GOOD,GOOD|BAD|THANKYOU|SLEEP|HUNGRY,False,True,0.10512572526931763,False
data/local/semlex_citizen100_train_audit/landmarks_v17/THANKYOU/h70aDTUp2ZYpkzT3p7UA.v17.npz,data/local/semlex_citizen100_train_audit/raw/THANKYOU/h70aDTUp2ZYpkzT3p7UA.webm,h70aDTUp2ZYpkzT3p7UA,31,THANKYOU,THANKYOU,H_02_053,thank_you,EASY,EASY|SAD|WAIT|THANKYOU|STOP,False,True,0.012120435014367104,False
data/local/semlex_citizen100_train_audit/landmarks_v17/THANKYOU/jbserdCttYXEwuaYvyCJ.v17.npz,data/local/semlex_citizen100_train_audit/raw/THANKYOU/jbserdCttYXEwuaYvyCJ.webm,jbserdCttYXEwuaYvyCJ,38,THANKYOU,THANKYOU,H_02_053,thank_you,GOOD,GOOD|THANKYOU|HOT|BAD|UNDERSTAND,False,True,0.37381091713905334,False
data/local/semlex_citizen100_train_audit/landmarks_v17/THANKYOU/qSNwhNBHVwKAi9xx24Sv.v17.npz,data/local/semlex_citizen100_train_audit/raw/THANKYOU/qSNwhNBHVwKAi9xx24Sv.webm,qSNwhNBHVwKAi9xx24Sv,12,THANKYOU,THANKYOU,H_02_053,thank_you,EASY,EASY|WAIT|SAD|THANKYOU|GOOD,False,True,0.04685307294130325,False
data/local/semlex_citizen100_train_audit/landmarks_v17/THANKYOU/rk6rCEUtjD8KCbCxJQms.v17.npz,data/local/semlex_citizen100_train_audit/raw/THANKYOU/rk6rCEUtjD8KCbCxJQms.webm,rk6rCEUtjD8KCbCxJQms,84,THANKYOU,THANKYOU,H_02_053,thank_you,GOOD,GOOD|THANKYOU|BAD|HAPPY|HUNGRY,False,True,0.06203604117035866,False
data/local/semlex_citizen100_train_audit/landmarks_v17/THANKYOU/x4P3QBnrrtFFkBy6bVBK.v17.npz,data/local/semlex_citizen100_train_audit/raw/THANKYOU/x4P3QBnrrtFFkBy6bVBK.webm,x4P3QBnrrtFFkBy6bVBK,54,THANKYOU,THANKYOU,H_02_053,thank_you,GOOD,GOOD|THANKYOU|HOT|HELP|BAD,False,True,0.3062027394771576,False
data/local/semlex_citizen100_train_audit/landmarks_v17/THANKYOU/zL7v01SmJt1vnFKEzvN7.v17.npz,data/local/semlex_citizen100_train_audit/raw/THANKYOU/zL7v01SmJt1vnFKEzvN7.webm,zL7v01SmJt1vnFKEzvN7,76,THANKYOU,THANKYOU,H_02_053,thank_you,THANKYOU,THANKYOU|GOOD|EAT|EASY|MY,True,True,0.6915817856788635,False
data/local/semlex_citizen100_train_audit/landmarks_v17/THINK/1CZvJxROw4vf0q2TImMP.v17.npz,data/local/semlex_citizen100_train_audit/raw/THINK/1CZvJxROw4vf0q2TImMP.webm,1CZvJxROw4vf0q2TImMP,54,THINK,THINK,C_03_053,think,THINK,THINK|FATHER|SIGN|GO|ANSWER,True,True,0.14848874509334564,False
data/local/semlex_citizen100_train_audit/landmarks_v17/THINK/1TGKwxGdBWLMwvtT6hXJ.v17.npz,data/local/semlex_citizen100_train_audit/raw/THINK/1TGKwxGdBWLMwvtT6hXJ.webm,1TGKwxGdBWLMwvtT6hXJ,76,THINK,THINK,C_03_053,think,THINK,THINK|NEED|HE|SIGN|UNDERSTAND,True,True,0.8049361705780029,False
data/local/semlex_citizen100_train_audit/landmarks_v17/THINK/3t06oTLFOrPyXwfRqLSw.v17.npz,data/local/semlex_citizen100_train_audit/raw/THINK/3t06oTLFOrPyXwfRqLSw.webm,3t06oTLFOrPyXwfRqLSw,11,THINK,THINK,C_03_053,think,THINK,THINK|UNDERSTAND|WHO|ASK|TOMORROW,True,True,0.8511646389961243,False
data/local/semlex_citizen100_train_audit/landmarks_v17/THINK/AT8KHBKcJapG0OcrdziR.v17.npz,data/local/semlex_citizen100_train_audit/raw/THINK/AT8KHBKcJapG0OcrdziR.webm,AT8KHBKcJapG0OcrdziR,52,THINK,THINK,C_03_053,think,THINK,THINK|UNDERSTAND|NEED|SIGN|LISTEN,True,True,0.8565418124198914,False
data/local/semlex_citizen100_train_audit/landmarks_v17/THINK/BXjTBzfbOvSbwJa3qTcl.v17.npz,data/local/semlex_citizen100_train_audit/raw/THINK/BXjTBzfbOvSbwJa3qTcl.webm,BXjTBzfbOvSbwJa3qTcl,88,THINK,THINK,C_03_053,think,THINK,THINK|UNDERSTAND|WHO|ASK|NEED,True,True,0.8375523686408997,False
data/local/semlex_citizen100_train_audit/landmarks_v17/THINK/FSVjrDjSy9FzFDnz2ZB2.v17.npz,data/local/semlex_citizen100_train_audit/raw/THINK/FSVjrDjSy9FzFDnz2ZB2.webm,FSVjrDjSy9FzFDnz2ZB2,30,THINK,THINK,C_03_053,think,UNDERSTAND,UNDERSTAND|THINK|WHO|SEE|WHEN,False,True,0.33657875657081604,False
data/local/semlex_citizen100_train_audit/landmarks_v17/THINK/S2aYxZiQnOjvSBAkCLl5.v17.npz,data/local/semlex_citizen100_train_audit/raw/THINK/S2aYxZiQnOjvSBAkCLl5.webm,S2aYxZiQnOjvSBAkCLl5,84,THINK,THINK,C_03_053,think,THINK,THINK|SIGN|NEED|UNDERSTAND|GO,True,True,0.8964962959289551,False
data/local/semlex_citizen100_train_audit/landmarks_v17/THINK/TJh6pAEVqH9rxPoQqemi.v17.npz,data/local/semlex_citizen100_train_audit/raw/THINK/TJh6pAEVqH9rxPoQqemi.webm,TJh6pAEVqH9rxPoQqemi,63,THINK,THINK,C_03_053,think,THINK,THINK|WHO|YESTERDAY|UNDERSTAND|TOMORROW,True,True,0.8367702960968018,False
data/local/semlex_citizen100_train_audit/landmarks_v17/THINK/fvY3GU4sOAYWq4d8iLEs.v17.npz,data/local/semlex_citizen100_train_audit/raw/THINK/fvY3GU4sOAYWq4d8iLEs.webm,fvY3GU4sOAYWq4d8iLEs,42,THINK,THINK,C_03_053,think,THINK,THINK|NEED|UNDERSTAND|SIGN|WHO,True,True,0.9157190322875977,False
data/local/semlex_citizen100_train_audit/landmarks_v17/THINK/pXoz9KxSInlVYNQBKhgI.v17.npz,data/local/semlex_citizen100_train_audit/raw/THINK/pXoz9KxSInlVYNQBKhgI.webm,pXoz9KxSInlVYNQBKhgI,7,THINK,THINK,C_03_053,think,THINK,THINK|UNDERSTAND|SIGN|NEED|SICK,True,True,0.8814373016357422,False
data/local/semlex_citizen100_train_audit/landmarks_v17/THINK/soPBdhUbbrvypwXQoHch.v17.npz,data/local/semlex_citizen100_train_audit/raw/THINK/soPBdhUbbrvypwXQoHch.webm,soPBdhUbbrvypwXQoHch,39,THINK,THINK,C_03_053,think,THINK,THINK|SIGN|UNDERSTAND|HE|WHY,True,True,0.38784950971603394,False
data/local/semlex_citizen100_train_audit/landmarks_v17/THINK/wLR3O5l6ZuG3x2mXN6Di.v17.npz,data/local/semlex_citizen100_train_audit/raw/THINK/wLR3O5l6ZuG3x2mXN6Di.webm,wLR3O5l6ZuG3x2mXN6Di,35,THINK,THINK,C_03_053,think,THINK,THINK|SIGN|NEED|UNDERSTAND|YESTERDAY,True,True,0.89517742395401,False
data/local/semlex_citizen100_train_audit/landmarks_v17/TIME/5fyDTSUAv2bOc9rznQd7.v17.npz,data/local/semlex_citizen100_train_audit/raw/TIME/5fyDTSUAv2bOc9rznQd7.webm,5fyDTSUAv2bOc9rznQd7,7,TIME,TIME,B_02_080,time,TIME,TIME|THEY|YOU|WHEN|WE,True,True,0.5405104756355286,False
data/local/semlex_citizen100_train_audit/landmarks_v17/TIME/8V0RRJTlw3ap9F68RqXD.v17.npz,data/local/semlex_citizen100_train_audit/raw/TIME/8V0RRJTlw3ap9F68RqXD.webm,8V0RRJTlw3ap9F68RqXD,38,TIME,TIME,B_02_080,time,TIME,TIME|WORK|MAKE|YEAR|FRIEND,True,True,0.7372600436210632,False
data/local/semlex_citizen100_train_audit/landmarks_v17/TIME/BZXNNf2hTJbEKx26Fej8.v17.npz,data/local/semlex_citizen100_train_audit/raw/TIME/BZXNNf2hTJbEKx26Fej8.webm,BZXNNf2hTJbEKx26Fej8,85,TIME,TIME,B_02_080,time,TIME,TIME|SIGN|I|WE|WORK,True,True,0.838322103023529,False
data/local/semlex_citizen100_train_audit/landmarks_v17/TIME/CQZqAdUIXSjvRdhETODL.v17.npz,data/local/semlex_citizen100_train_audit/raw/TIME/CQZqAdUIXSjvRdhETODL.webm,CQZqAdUIXSjvRdhETODL,88,TIME,TIME,B_02_080,time,TIME,TIME|WE|WORK|USE|I,True,True,0.8142528533935547,False
data/local/semlex_citizen100_train_audit/landmarks_v17/TIME/D9LqeckIRq36K8JVoV6R.v17.npz,data/local/semlex_citizen100_train_audit/raw/TIME/D9LqeckIRq36K8JVoV6R.webm,D9LqeckIRq36K8JVoV6R,43,TIME,TIME,B_02_080,time,TIME,TIME|WORK|SIGN|YEAR|GO,True,True,0.9197150468826294,False
data/local/semlex_citizen100_train_audit/landmarks_v17/TIME/DcoI1Ushx5qbMXdd1GGP.v17.npz,data/local/semlex_citizen100_train_audit/raw/TIME/DcoI1Ushx5qbMXdd1GGP.webm,DcoI1Ushx5qbMXdd1GGP,35,TIME,TIME,B_02_080,time,TIME,TIME|SIGN|MAKE|I|NAME,True,True,0.8572856783866882,False
data/local/semlex_citizen100_train_audit/landmarks_v17/TIME/ECXvukjjiKC1UKfVoMN0.v17.npz,data/local/semlex_citizen100_train_audit/raw/TIME/ECXvukjjiKC1UKfVoMN0.webm,ECXvukjjiKC1UKfVoMN0,46,TIME,TIME,B_02_080,time,TIME,TIME|SIGN|NAME|YEAR|MAKE,True,True,0.9025295972824097,False
data/local/semlex_citizen100_train_audit/landmarks_v17/TIME/FUHjTxR7En91swr9TX7j.v17.npz,data/local/semlex_citizen100_train_audit/raw/TIME/FUHjTxR7En91swr9TX7j.webm,FUHjTxR7En91swr9TX7j,39,TIME,TIME,B_02_080,time,TIME,TIME|SIGN|NEED|DIFFERENT|GO,True,True,0.517964780330658,False
data/local/semlex_citizen100_train_audit/landmarks_v17/TIME/GcL16JNHWagViMVOK0sx.v17.npz,data/local/semlex_citizen100_train_audit/raw/TIME/GcL16JNHWagViMVOK0sx.webm,GcL16JNHWagViMVOK0sx,78,TIME,TIME,B_02_080,time,TIME,TIME|WORK|WE|NIGHT|USE,True,True,0.8560974597930908,False
data/local/semlex_citizen100_train_audit/landmarks_v17/TIME/INKlFeLpsjXqEGl0vOhr.v17.npz,data/local/semlex_citizen100_train_audit/raw/TIME/INKlFeLpsjXqEGl0vOhr.webm,INKlFeLpsjXqEGl0vOhr,49,TIME,TIME,B_02_080,time,TIME,TIME|WORK|ANSWER|GO|FRIEND,True,True,0.4086841642856598,False
data/local/semlex_citizen100_train_audit/landmarks_v17/TIME/S9VhMbqzLeNCxlU0wE0N.v17.npz,data/local/semlex_citizen100_train_audit/raw/TIME/S9VhMbqzLeNCxlU0wE0N.webm,S9VhMbqzLeNCxlU0wE0N,84,TIME,TIME,B_02_080,time,TIME,TIME|WHEN|MAKE|YEAR|WEEK,True,True,0.2021816074848175,False
data/local/semlex_citizen100_train_audit/landmarks_v17/TIME/UABtJIiX6RJDBzxYpWEy.v17.npz,data/local/semlex_citizen100_train_audit/raw/TIME/UABtJIiX6RJDBzxYpWEy.webm,UABtJIiX6RJDBzxYpWEy,52,TIME,TIME,B_02_080,time,TIME,TIME|LANGUAGE|SIGN|I|WORK,True,True,0.8961265087127686,False
data/local/semlex_citizen100_train_audit/landmarks_v17/TIME/dmEMjxFaGYrQAEAOCtFy.v17.npz,data/local/semlex_citizen100_train_audit/raw/TIME/dmEMjxFaGYrQAEAOCtFy.webm,dmEMjxFaGYrQAEAOCtFy,17,TIME,TIME,B_02_080,time,TIME,TIME|SIGN|NAME|WHEN|FRIEND,True,True,0.9383589625358582,False
data/local/semlex_citizen100_train_audit/landmarks_v17/TIME/mVQCNOGlzXv4ULDikDAB.v17.npz,data/local/semlex_citizen100_train_audit/raw/TIME/mVQCNOGlzXv4ULDikDAB.webm,mVQCNOGlzXv4ULDikDAB,42,TIME,TIME,B_02_080,time,TIME,TIME|WHEN|FRIEND|MAKE|WEEK,True,True,0.8295561075210571,False
data/local/semlex_citizen100_train_audit/landmarks_v17/TIME/nKBhmd3sn4oqXmUXrn2T.v17.npz,data/local/semlex_citizen100_train_audit/raw/TIME/nKBhmd3sn4oqXmUXrn2T.webm,nKBhmd3sn4oqXmUXrn2T,8,TIME,TIME,B_02_080,time,TIME,TIME|SIGN|NAME|WHEN|I,True,True,0.47974032163619995,False
data/local/semlex_citizen100_train_audit/landmarks_v17/TIME/orkv423kPryTX2DIWwTq.v17.npz,data/local/semlex_citizen100_train_audit/raw/TIME/orkv423kPryTX2DIWwTq.webm,orkv423kPryTX2DIWwTq,11,TIME,TIME,B_02_080,time,TIME,TIME|SIGN|YEAR|NEED|NAME,True,True,0.811334490776062,False
data/local/semlex_citizen100_train_audit/landmarks_v17/TIME/risLdVrETSULY2WBM2G5.v17.npz,data/local/semlex_citizen100_train_audit/raw/TIME/risLdVrETSULY2WBM2G5.webm,risLdVrETSULY2WBM2G5,31,TIME,TIME,B_02_080,time,TIME,TIME|SIGN|LANGUAGE|WORK|I,True,True,0.8800018429756165,False
data/local/semlex_citizen100_train_audit/landmarks_v17/TIME/xMjFC4JpdfaLnWLEmdwR.v17.npz,data/local/semlex_citizen100_train_audit/raw/TIME/xMjFC4JpdfaLnWLEmdwR.webm,xMjFC4JpdfaLnWLEmdwR,63,TIME,TIME,B_02_080,time,TIME,TIME|WE|NIGHT|SIGN|YEAR,True,True,0.8339957594871521,False
data/local/semlex_citizen100_train_audit/landmarks_v17/TIME/y4hZh5buRfKHgWY5tZ8f.v17.npz,data/local/semlex_citizen100_train_audit/raw/TIME/y4hZh5buRfKHgWY5tZ8f.webm,y4hZh5buRfKHgWY5tZ8f,15,TIME,TIME,B_02_080,time,TIME,TIME|SIGN|NAME|YEAR|I,True,True,0.9091359376907349,False
data/local/semlex_citizen100_train_audit/landmarks_v17/TIME/zYPdMQ5cR4pQ8UMymwNf.v17.npz,data/local/semlex_citizen100_train_audit/raw/TIME/zYPdMQ5cR4pQ8UMymwNf.webm,zYPdMQ5cR4pQ8UMymwNf,62,TIME,TIME,B_02_080,time,TIME,TIME|SIGN|WORK|I|WE,True,True,0.787906289100647,False
data/local/semlex_citizen100_train_audit/landmarks_v17/TIME/zaEzFWxsmZlnUwCPWYgC.v17.npz,data/local/semlex_citizen100_train_audit/raw/TIME/zaEzFWxsmZlnUwCPWYgC.webm,zaEzFWxsmZlnUwCPWYgC,54,TIME,TIME,B_02_080,time,SIGN,SIGN|THINK|WHEN|WHAT|YEAR,False,False,0.0024484186433255672,False
data/local/semlex_citizen100_train_audit/landmarks_v17/TIRED/0S6EArukdMpL6PYop9Ie.v17.npz,data/local/semlex_citizen100_train_audit/raw/TIRED/0S6EArukdMpL6PYop9Ie.webm,0S6EArukdMpL6PYop9Ie,39,TIRED,TIRED,D_02_050,tired,EXCITED,EXCITED|FEEL|MAYBE|HAPPY|LIKE,False,False,0.002813702914863825,False
data/local/semlex_citizen100_train_audit/landmarks_v17/TIRED/4Aa6kkNCWcJs1sg71yjA.v17.npz,data/local/semlex_citizen100_train_audit/raw/TIRED/4Aa6kkNCWcJs1sg71yjA.webm,4Aa6kkNCWcJs1sg71yjA,84,TIRED,TIRED,D_02_050,tired,HAVE,HAVE|TIRED|SIGN|I|EXCITED,False,True,0.006780481431633234,False
data/local/semlex_citizen100_train_audit/landmarks_v17/TIRED/CSzoQdjUr0o3g06iWADM.v17.npz,data/local/semlex_citizen100_train_audit/raw/TIRED/CSzoQdjUr0o3g06iWADM.webm,CSzoQdjUr0o3g06iWADM,11,TIRED,TIRED,D_02_050,tired,HUNGRY,HUNGRY|TIRED|SORRY|MAYBE|I,False,True,0.1577937752008438,False
data/local/semlex_citizen100_train_audit/landmarks_v17/TIRED/FGR34Z6mV4WJaju56OI3.v17.npz,data/local/semlex_citizen100_train_audit/raw/TIRED/FGR34Z6mV4WJaju56OI3.webm,FGR34Z6mV4WJaju56OI3,52,TIRED,TIRED,D_02_050,tired,TIRED,TIRED|HAVE|NOW|HOW|FRIEND,True,True,0.903919517993927,False
data/local/semlex_citizen100_train_audit/landmarks_v17/TIRED/FdPS9SxRILRTjhRGaY9G.v17.npz,data/local/semlex_citizen100_train_audit/raw/TIRED/FdPS9SxRILRTjhRGaY9G.webm,FdPS9SxRILRTjhRGaY9G,14,TIRED,TIRED,D_02_050,tired,TIRED,TIRED|HAVE|NOW|HOW|HELP,True,True,0.704563319683075,False
data/local/semlex_citizen100_train_audit/landmarks_v17/TIRED/OoKcWoc1GC2MDopmh3PU.v17.npz,data/local/semlex_citizen100_train_audit/raw/TIRED/OoKcWoc1GC2MDopmh3PU.webm,OoKcWoc1GC2MDopmh3PU,7,TIRED,TIRED,D_02_050,tired,LANGUAGE,LANGUAGE|THEY|WHAT|MAYBE|HE,False,False,0.0018066236516460776,False
data/local/semlex_citizen100_train_audit/landmarks_v17/TIRED/QYtJsvgdhOUW23Rv2ig5.v17.npz,data/local/semlex_citizen100_train_audit/raw/TIRED/QYtJsvgdhOUW23Rv2ig5.webm,QYtJsvgdhOUW23Rv2ig5,54,TIRED,TIRED,D_02_050,tired,TIRED,TIRED|DOCTOR|FRIEND|COLD|PLEASE,True,True,0.9373977184295654,False
data/local/semlex_citizen100_train_audit/landmarks_v17/TIRED/QjH3v4OLH5VhbONKOR0A.v17.npz,data/local/semlex_citizen100_train_audit/raw/TIRED/QjH3v4OLH5VhbONKOR0A.webm,QjH3v4OLH5VhbONKOR0A,31,TIRED,TIRED,D_02_050,tired,TIRED,TIRED|NOW|HOW|FRIEND|COLD,True,True,0.9047304391860962,False
data/local/semlex_citizen100_train_audit/landmarks_v17/TIRED/R4O9Eq0nws7wU5pOzVlc.v17.npz,data/local/semlex_citizen100_train_audit/raw/TIRED/R4O9Eq0nws7wU5pOzVlc.webm,R4O9Eq0nws7wU5pOzVlc,17,TIRED,TIRED,D_02_050,tired,TIRED,TIRED|HOW|NOW|FRIEND|COLD,True,True,0.7776615619659424,False
data/local/semlex_citizen100_train_audit/landmarks_v17/TIRED/RuyS82EL3qE4dqJMRnXG.v17.npz,data/local/semlex_citizen100_train_audit/raw/TIRED/RuyS82EL3qE4dqJMRnXG.webm,RuyS82EL3qE4dqJMRnXG,78,TIRED,TIRED,D_02_050,tired,TIRED,TIRED|FRIEND|HOW|HAVE|PLEASE,True,True,0.9055345058441162,False
data/local/semlex_citizen100_train_audit/landmarks_v17/TIRED/S8xXrhlcdEfyuhhL2F9z.v17.npz,data/local/semlex_citizen100_train_audit/raw/TIRED/S8xXrhlcdEfyuhhL2F9z.webm,S8xXrhlcdEfyuhhL2F9z,63,TIRED,TIRED,D_02_050,tired,TIRED,TIRED|DOCTOR|FRIEND|NOW|HOW,True,True,0.9511264562606812,False
data/local/semlex_citizen100_train_audit/landmarks_v17/TIRED/SLTDnvVxXEo2VDKHonAT.v17.npz,data/local/semlex_citizen100_train_audit/raw/TIRED/SLTDnvVxXEo2VDKHonAT.webm,SLTDnvVxXEo2VDKHonAT,35,TIRED,TIRED,D_02_050,tired,TIRED,TIRED|DOCTOR|WHAT|MAYBE|NOW,True,True,0.6584675312042236,False
data/local/semlex_citizen100_train_audit/landmarks_v17/TIRED/TvICY9DSj7neOhgJHxlI.v17.npz,data/local/semlex_citizen100_train_audit/raw/TIRED/TvICY9DSj7neOhgJHxlI.webm,TvICY9DSj7neOhgJHxlI,49,TIRED,TIRED,D_02_050,tired,HAVE,HAVE|TIRED|NOW|ANGRY|SIGN,False,True,0.21199053525924683,False
data/local/semlex_citizen100_train_audit/landmarks_v17/TIRED/WtiULWyo4iwhAHQ9LzF2.v17.npz,data/local/semlex_citizen100_train_audit/raw/TIRED/WtiULWyo4iwhAHQ9LzF2.webm,WtiULWyo4iwhAHQ9LzF2,30,TIRED,TIRED,D_02_050,tired,HAVE,HAVE|TIRED|HAPPY|EXCITED|PLEASE,False,True,0.1576215624809265,False
data/local/semlex_citizen100_train_audit/landmarks_v17/TIRED/XvGAdv5nvhheyIRGWhAq.v17.npz,data/local/semlex_citizen100_train_audit/raw/TIRED/XvGAdv5nvhheyIRGWhAq.webm,XvGAdv5nvhheyIRGWhAq,85,TIRED,TIRED,D_02_050,tired,TIRED,TIRED|FRIEND|DOCTOR|COLD|HUNGRY,True,True,0.9348440170288086,False
data/local/semlex_citizen100_train_audit/landmarks_v17/TIRED/Zso3e8KEqm9y4TWqlwxM.v17.npz,data/local/semlex_citizen100_train_audit/raw/TIRED/Zso3e8KEqm9y4TWqlwxM.webm,Zso3e8KEqm9y4TWqlwxM,43,TIRED,TIRED,D_02_050,tired,TIRED,TIRED|DOCTOR|NOW|FRIEND|HUNGRY,True,True,0.8503342866897583,False
data/local/semlex_citizen100_train_audit/landmarks_v17/TIRED/czjxDnWNPy8JKhfEzmNR.v17.npz,data/local/semlex_citizen100_train_audit/raw/TIRED/czjxDnWNPy8JKhfEzmNR.webm,czjxDnWNPy8JKhfEzmNR,60,TIRED,TIRED,D_02_050,tired,TIRED,TIRED|HELP|WHAT|SORRY|MAYBE,True,True,0.16285401582717896,False
data/local/semlex_citizen100_train_audit/landmarks_v17/TIRED/ff6vx4t1iI2v98w6YhUB.v17.npz,data/local/semlex_citizen100_train_audit/raw/TIRED/ff6vx4t1iI2v98w6YhUB.webm,ff6vx4t1iI2v98w6YhUB,15,TIRED,TIRED,D_02_050,tired,TIRED,TIRED|HOW|FRIEND|WRITE|SORRY,True,True,0.8113077878952026,False
data/local/semlex_citizen100_train_audit/landmarks_v17/TIRED/jNzpua6el39Ctgfc9ncK.v17.npz,data/local/semlex_citizen100_train_audit/raw/TIRED/jNzpua6el39Ctgfc9ncK.webm,jNzpua6el39Ctgfc9ncK,88,TIRED,TIRED,D_02_050,tired,TIRED,TIRED|FRIEND|DOCTOR|HUNGRY|NOW,True,True,0.9416752457618713,False
data/local/semlex_citizen100_train_audit/landmarks_v17/TIRED/pjoaWTCyPQU2N59zt9pm.v17.npz,data/local/semlex_citizen100_train_audit/raw/TIRED/pjoaWTCyPQU2N59zt9pm.webm,pjoaWTCyPQU2N59zt9pm,42,TIRED,TIRED,D_02_050,tired,SORRY,SORRY|HUNGRY|I|COME|TELL,False,False,0.03575702756643295,False
data/local/semlex_citizen100_train_audit/landmarks_v17/TIRED/yScI2hm3BFTl0r2oJuHh.v17.npz,data/local/semlex_citizen100_train_audit/raw/TIRED/yScI2hm3BFTl0r2oJuHh.webm,yScI2hm3BFTl0r2oJuHh,62,TIRED,TIRED,D_02_050,tired,TIRED,TIRED|NOW|HOW|FRIEND|COLD,True,True,0.9395408630371094,False
data/local/semlex_citizen100_train_audit/landmarks_v17/TOMORROW/2E8WHQBp2Sq6AhRy5SAZ.v17.npz,data/local/semlex_citizen100_train_audit/raw/TOMORROW/2E8WHQBp2Sq6AhRy5SAZ.webm,2E8WHQBp2Sq6AhRy5SAZ,39,TOMORROW,TOMORROW,F_02_040,tomorrow,CHILD,CHILD|WHY|HE|NOW|ANGRY,False,False,0.0018217145698145032,False
data/local/semlex_citizen100_train_audit/landmarks_v17/TOMORROW/6kWPeStkq8Yqf7xNNOzu.v17.npz,data/local/semlex_citizen100_train_audit/raw/TOMORROW/6kWPeStkq8Yqf7xNNOzu.webm,6kWPeStkq8Yqf7xNNOzu,30,TOMORROW,TOMORROW,F_02_040,tomorrow,TOMORROW,TOMORROW|TELL|HOW|WHO|COME,True,True,0.9406238794326782,False
data/local/semlex_citizen100_train_audit/landmarks_v17/TOMORROW/82tguYPWIXrZaZoR16KZ.v17.npz,data/local/semlex_citizen100_train_audit/raw/TOMORROW/82tguYPWIXrZaZoR16KZ.webm,82tguYPWIXrZaZoR16KZ,88,TOMORROW,TOMORROW,F_02_040,tomorrow,TOMORROW,TOMORROW|YESTERDAY|YES|TAKE|COME,True,True,0.8678520917892456,False
data/local/semlex_citizen100_train_audit/landmarks_v17/TOMORROW/B9bubkaPzO8Zai9a0Ejk.v17.npz,data/local/semlex_citizen100_train_audit/raw/TOMORROW/B9bubkaPzO8Zai9a0Ejk.webm,B9bubkaPzO8Zai9a0Ejk,80,TOMORROW,TOMORROW,F_02_040,tomorrow,YESTERDAY,YESTERDAY|TOMORROW|YES|THINK|WHO,False,True,0.0676911249756813,False
data/local/semlex_citizen100_train_audit/landmarks_v17/TOMORROW/FxK5FnvrvxGWB4SYdUZk.v17.npz,data/local/semlex_citizen100_train_audit/raw/TOMORROW/FxK5FnvrvxGWB4SYdUZk.webm,FxK5FnvrvxGWB4SYdUZk,60,TOMORROW,TOMORROW,F_02_040,tomorrow,TAKE,TAKE|TOMORROW|WE|HUNGRY|WHO,False,True,0.1308700144290924,False
data/local/semlex_citizen100_train_audit/landmarks_v17/TOMORROW/dqnTUb6JG08c0f67CzIb.v17.npz,data/local/semlex_citizen100_train_audit/raw/TOMORROW/dqnTUb6JG08c0f67CzIb.webm,dqnTUb6JG08c0f67CzIb,38,TOMORROW,TOMORROW,F_02_040,tomorrow,TOMORROW,TOMORROW|YESTERDAY|WHO|HOME|UNDERSTAND,True,True,0.7452014088630676,False
data/local/semlex_citizen100_train_audit/landmarks_v17/TOMORROW/gS1gJeiQaGqxhzmz9A7s.v17.npz,data/local/semlex_citizen100_train_audit/raw/TOMORROW/gS1gJeiQaGqxhzmz9A7s.webm,gS1gJeiQaGqxhzmz9A7s,63,TOMORROW,TOMORROW,F_02_040,tomorrow,TOMORROW,TOMORROW|COME|WHO|YESTERDAY|TELL,True,True,0.8894640803337097,False
data/local/semlex_citizen100_train_audit/landmarks_v17/TOMORROW/hsfEKVm7YrW16MQBsxXv.v17.npz,data/local/semlex_citizen100_train_audit/raw/TOMORROW/hsfEKVm7YrW16MQBsxXv.webm,hsfEKVm7YrW16MQBsxXv,11,TOMORROW,TOMORROW,F_02_040,tomorrow,TOMORROW,TOMORROW|YESTERDAY|COME|THINK|UNDERSTAND,True,True,0.5523340106010437,False
data/local/semlex_citizen100_train_audit/landmarks_v17/TOMORROW/ilRUgb5Hp7qMwLAKahZA.v17.npz,data/local/semlex_citizen100_train_audit/raw/TOMORROW/ilRUgb5Hp7qMwLAKahZA.webm,ilRUgb5Hp7qMwLAKahZA,35,TOMORROW,TOMORROW,F_02_040,tomorrow,TOMORROW,TOMORROW|GIVE|YOU|GOOD|HOT,True,True,0.802574634552002,False
data/local/semlex_citizen100_train_audit/landmarks_v17/TOMORROW/l4f5SyF7qRyKgomDPL1d.v17.npz,data/local/semlex_citizen100_train_audit/raw/TOMORROW/l4f5SyF7qRyKgomDPL1d.webm,l4f5SyF7qRyKgomDPL1d,31,TOMORROW,TOMORROW,F_02_040,tomorrow,TOMORROW,TOMORROW|COME|TELL|HOW|HAVE,True,True,0.7804870009422302,False
data/local/semlex_citizen100_train_audit/landmarks_v17/TOMORROW/oqVaGMPSp12WguJTLdrX.v17.npz,data/local/semlex_citizen100_train_audit/raw/TOMORROW/oqVaGMPSp12WguJTLdrX.webm,oqVaGMPSp12WguJTLdrX,54,TOMORROW,TOMORROW,F_02_040,tomorrow,TOMORROW,TOMORROW|COME|TELL|HOW|EAT,True,True,0.7449339628219604,False
data/local/semlex_citizen100_train_audit/landmarks_v17/TOMORROW/w1qpNc1qLR4GyCsBkv7W.v17.npz,data/local/semlex_citizen100_train_audit/raw/TOMORROW/w1qpNc1qLR4GyCsBkv7W.webm,w1qpNc1qLR4GyCsBkv7W,62,TOMORROW,TOMORROW,F_02_040,tomorrow,TOMORROW,TOMORROW|COME|TELL|EAT|HOME,True,True,0.6905375123023987,False
data/local/semlex_citizen100_train_audit/landmarks_v17/TOMORROW/zdKcp9gvLwZTZpRObZAZ.v17.npz,data/local/semlex_citizen100_train_audit/raw/TOMORROW/zdKcp9gvLwZTZpRObZAZ.webm,zdKcp9gvLwZTZpRObZAZ,59,TOMORROW,TOMORROW,F_02_040,tomorrow,TOMORROW,TOMORROW|COME|TELL|SORRY|YEAR,True,True,0.8457447290420532,False
data/local/semlex_citizen100_train_audit/landmarks_v17/TRY/8HMnpdDJFGHKhwFMzIPX.v17.npz,data/local/semlex_citizen100_train_audit/raw/TRY/8HMnpdDJFGHKhwFMzIPX.webm,8HMnpdDJFGHKhwFMzIPX,49,TRY,TRY,B_02_034,try,BIG,BIG|TRY|COLD|NOW|LANGUAGE,False,True,0.17095312476158142,False
data/local/semlex_citizen100_train_audit/landmarks_v17/TRY/PgvWUTo2RQxz2JMY4w3t.v17.npz,data/local/semlex_citizen100_train_audit/raw/TRY/PgvWUTo2RQxz2JMY4w3t.webm,PgvWUTo2RQxz2JMY4w3t,17,TRY,TRY,B_02_034,try,TRY,TRY|YES|BIG|COLD|LANGUAGE,True,True,0.9392418265342712,False
data/local/semlex_citizen100_train_audit/landmarks_v17/TRY/UDe3KVGmIglZUpG92AyZ.v17.npz,data/local/semlex_citizen100_train_audit/raw/TRY/UDe3KVGmIglZUpG92AyZ.webm,UDe3KVGmIglZUpG92AyZ,85,TRY,TRY,B_02_034,try,TRY,TRY|HAVE|MAYBE|LANGUAGE|NOW,True,True,0.8835015892982483,False
data/local/semlex_citizen100_train_audit/landmarks_v17/TRY/UoMOdM9qvIggv5smQNt8.v17.npz,data/local/semlex_citizen100_train_audit/raw/TRY/UoMOdM9qvIggv5smQNt8.webm,UoMOdM9qvIggv5smQNt8,42,TRY,TRY,B_02_034,try,COLD,COLD|NOW|TRY|HOW|WRITE,False,True,0.13218896090984344,False
data/local/semlex_citizen100_train_audit/landmarks_v17/TRY/ctlFZWGvMg3ZPs2VsT3g.v17.npz,data/local/semlex_citizen100_train_audit/raw/TRY/ctlFZWGvMg3ZPs2VsT3g.webm,ctlFZWGvMg3ZPs2VsT3g,88,TRY,TRY,B_02_034,try,I,I|HAVE|SIGN|TRY|WHAT,False,True,0.12814132869243622,False
data/local/semlex_citizen100_train_audit/landmarks_v17/UNDERSTAND/5G0ZqzFzMzdS4qx7lG2H.v17.npz,data/local/semlex_citizen100_train_audit/raw/UNDERSTAND/5G0ZqzFzMzdS4qx7lG2H.webm,5G0ZqzFzMzdS4qx7lG2H,17,UNDERSTAND,UNDERSTAND,C_01_006,understand,UNDERSTAND,UNDERSTAND|THINK|TELL|HOW|WHEN,True,True,0.8478830456733704,False
data/local/semlex_citizen100_train_audit/landmarks_v17/UNDERSTAND/GEcGDcvp1vUC27dj6bkt.v17.npz,data/local/semlex_citizen100_train_audit/raw/UNDERSTAND/GEcGDcvp1vUC27dj6bkt.webm,GEcGDcvp1vUC27dj6bkt,63,UNDERSTAND,UNDERSTAND,C_01_006,understand,THINK,THINK|HOW|LEARN|WHEN|SIGN,False,False,0.011572149582207203,False
data/local/semlex_citizen100_train_audit/landmarks_v17/UNDERSTAND/KV9xJvvvYmuNtI8vr45D.v17.npz,data/local/semlex_citizen100_train_audit/raw/UNDERSTAND/KV9xJvvvYmuNtI8vr45D.webm,KV9xJvvvYmuNtI8vr45D,38,UNDERSTAND,UNDERSTAND,C_01_006,understand,TELL,TELL|UNDERSTAND|WHAT|THINK|EAT,False,True,0.26316821575164795,False
data/local/semlex_citizen100_train_audit/landmarks_v17/UNDERSTAND/MOUckS5guSP2HaS9AwIQ.v17.npz,data/local/semlex_citizen100_train_audit/raw/UNDERSTAND/MOUckS5guSP2HaS9AwIQ.webm,MOUckS5guSP2HaS9AwIQ,88,UNDERSTAND,UNDERSTAND,C_01_006,understand,UNDERSTAND,UNDERSTAND|THINK|TOMORROW|SEE|HE,True,True,0.7641057968139648,False
data/local/semlex_citizen100_train_audit/landmarks_v17/UNDERSTAND/OLYvmVEnULtM5NhxtTxm.v17.npz,data/local/semlex_citizen100_train_audit/raw/UNDERSTAND/OLYvmVEnULtM5NhxtTxm.webm,OLYvmVEnULtM5NhxtTxm,60,UNDERSTAND,UNDERSTAND,C_01_006,understand,UNDERSTAND,UNDERSTAND|THINK|HE|WHEN|BIG,True,True,0.8712276220321655,False
data/local/semlex_citizen100_train_audit/landmarks_v17/UNDERSTAND/PjAkw8UleWTRjOAa312m.v17.npz,data/local/semlex_citizen100_train_audit/raw/UNDERSTAND/PjAkw8UleWTRjOAa312m.webm,PjAkw8UleWTRjOAa312m,59,UNDERSTAND,UNDERSTAND,C_01_006,understand,UNDERSTAND,UNDERSTAND|THINK|SEE|HE|TELL,True,True,0.9082815051078796,False
data/local/semlex_citizen100_train_audit/landmarks_v17/UNDERSTAND/RSvJ35mvflHW6MVBjrez.v17.npz,data/local/semlex_citizen100_train_audit/raw/UNDERSTAND/RSvJ35mvflHW6MVBjrez.webm,RSvJ35mvflHW6MVBjrez,12,UNDERSTAND,UNDERSTAND,C_01_006,understand,UNDERSTAND,UNDERSTAND|SEE|TELL|WHEN|THINK,True,True,0.9408447742462158,False
data/local/semlex_citizen100_train_audit/landmarks_v17/UNDERSTAND/XEehtrQOQ41tqV9IDrlh.v17.npz,data/local/semlex_citizen100_train_audit/raw/UNDERSTAND/XEehtrQOQ41tqV9IDrlh.webm,XEehtrQOQ41tqV9IDrlh,7,UNDERSTAND,UNDERSTAND,C_01_006,understand,UNDERSTAND,UNDERSTAND|TELL|THINK|SEE|HE,True,True,0.9075905680656433,False
data/local/semlex_citizen100_train_audit/landmarks_v17/UNDERSTAND/ZgCdmP61lPeNJdRvE2pF.v17.npz,data/local/semlex_citizen100_train_audit/raw/UNDERSTAND/ZgCdmP61lPeNJdRvE2pF.webm,ZgCdmP61lPeNJdRvE2pF,54,UNDERSTAND,UNDERSTAND,C_01_006,understand,UNDERSTAND,UNDERSTAND|TELL|HE|SEE|THINK,True,True,0.6349257826805115,False
data/local/semlex_citizen100_train_audit/landmarks_v17/UNDERSTAND/beV3CW6aWLZEPaLn5J7Y.v17.npz,data/local/semlex_citizen100_train_audit/raw/UNDERSTAND/beV3CW6aWLZEPaLn5J7Y.webm,beV3CW6aWLZEPaLn5J7Y,23,UNDERSTAND,UNDERSTAND,C_01_006,understand,UNDERSTAND,UNDERSTAND|THINK|EAT|WHO|TOMORROW,True,True,0.8708086013793945,False
data/local/semlex_citizen100_train_audit/landmarks_v17/UNDERSTAND/d3igkgP9eotkXYTAwMh2.v17.npz,data/local/semlex_citizen100_train_audit/raw/UNDERSTAND/d3igkgP9eotkXYTAwMh2.webm,d3igkgP9eotkXYTAwMh2,85,UNDERSTAND,UNDERSTAND,C_01_006,understand,UNDERSTAND,UNDERSTAND|SEE|TELL|WHEN|THINK,True,True,0.9025455117225647,False
data/local/semlex_citizen100_train_audit/landmarks_v17/UNDERSTAND/dg59ea8E24PbV4WqFfaV.v17.npz,data/local/semlex_citizen100_train_audit/raw/UNDERSTAND/dg59ea8E24PbV4WqFfaV.webm,dg59ea8E24PbV4WqFfaV,30,UNDERSTAND,UNDERSTAND,C_01_006,understand,UNDERSTAND,UNDERSTAND|THINK|KNOW|WHY|SEE,True,True,0.7686570286750793,False
data/local/semlex_citizen100_train_audit/landmarks_v17/UNDERSTAND/nxLqnXC3YN8M4Px1XpO6.v17.npz,data/local/semlex_citizen100_train_audit/raw/UNDERSTAND/nxLqnXC3YN8M4Px1XpO6.webm,nxLqnXC3YN8M4Px1XpO6,42,UNDERSTAND,UNDERSTAND,C_01_006,understand,THINK,THINK|DAY|NEED|UNDERSTAND|COME,False,True,0.024704700335860252,False
data/local/semlex_citizen100_train_audit/landmarks_v17/UNDERSTAND/p29yRf00tVzMdGYs8lsF.v17.npz,data/local/semlex_citizen100_train_audit/raw/UNDERSTAND/p29yRf00tVzMdGYs8lsF.webm,p29yRf00tVzMdGYs8lsF,49,UNDERSTAND,UNDERSTAND,C_01_006,understand,UNDERSTAND,UNDERSTAND|SEE|THINK|TELL|WHEN,True,True,0.9459556341171265,False
data/local/semlex_citizen100_train_audit/landmarks_v17/UNDERSTAND/qUTun1QWUeZoQKV6AMKr.v17.npz,data/local/semlex_citizen100_train_audit/raw/UNDERSTAND/qUTun1QWUeZoQKV6AMKr.webm,qUTun1QWUeZoQKV6AMKr,80,UNDERSTAND,UNDERSTAND,C_01_006,understand,SIGN,SIGN|WHEN|THINK|SICK|UNDERSTAND,False,True,0.07797160744667053,False
data/local/semlex_citizen100_train_audit/landmarks_v17/UNDERSTAND/sf8xKRZegMk1t4jgQchQ.v17.npz,data/local/semlex_citizen100_train_audit/raw/UNDERSTAND/sf8xKRZegMk1t4jgQchQ.webm,sf8xKRZegMk1t4jgQchQ,46,UNDERSTAND,UNDERSTAND,C_01_006,understand,UNDERSTAND,UNDERSTAND|THINK|KNOW|FATHER|SICK,True,True,0.4406900703907013,False
data/local/semlex_citizen100_train_audit/landmarks_v17/UNDERSTAND/uFklcXzq4bLqeFj1pZi1.v17.npz,data/local/semlex_citizen100_train_audit/raw/UNDERSTAND/uFklcXzq4bLqeFj1pZi1.webm,uFklcXzq4bLqeFj1pZi1,62,UNDERSTAND,UNDERSTAND,C_01_006,understand,UNDERSTAND,UNDERSTAND|THINK|TELL|EAT|SEE,True,True,0.9244974851608276,False
data/local/semlex_citizen100_train_audit/landmarks_v17/UNDERSTAND/zG83Uj5WvpCgrpuGcJgX.v17.npz,data/local/semlex_citizen100_train_audit/raw/UNDERSTAND/zG83Uj5WvpCgrpuGcJgX.webm,zG83Uj5WvpCgrpuGcJgX,52,UNDERSTAND,UNDERSTAND,C_01_006,understand,UNDERSTAND,UNDERSTAND|THINK|BIG|FATHER|SICK,True,True,0.8555187582969666,False
data/local/semlex_citizen100_train_audit/landmarks_v17/USE/6Rl8fTU1JhvL8t9HnSBP.v17.npz,data/local/semlex_citizen100_train_audit/raw/USE/6Rl8fTU1JhvL8t9HnSBP.webm,6Rl8fTU1JhvL8t9HnSBP,60,USE,USE,D_03_043,use,NAME,NAME|USE|READ|WEEK|FRIEND,False,True,0.10617412626743317,False
data/local/semlex_citizen100_train_audit/landmarks_v17/USE/9jlOeCFATYXpjuKIA3yq.v17.npz,data/local/semlex_citizen100_train_audit/raw/USE/9jlOeCFATYXpjuKIA3yq.webm,9jlOeCFATYXpjuKIA3yq,30,USE,USE,D_03_043,use,SEE,SEE|WHAT|GIVE|WANT|TELL,False,False,0.0012855974491685629,False
data/local/semlex_citizen100_train_audit/landmarks_v17/USE/HmHGlk6ILk8MQsCiVUDu.v17.npz,data/local/semlex_citizen100_train_audit/raw/USE/HmHGlk6ILk8MQsCiVUDu.webm,HmHGlk6ILk8MQsCiVUDu,46,USE,USE,D_03_043,use,USE,USE|READ|WATER|READY|LISTEN,True,True,0.8353738784790039,False
data/local/semlex_citizen100_train_audit/landmarks_v17/USE/WNNsNauyhwsPO3zHYxgn.v17.npz,data/local/semlex_citizen100_train_audit/raw/USE/WNNsNauyhwsPO3zHYxgn.webm,WNNsNauyhwsPO3zHYxgn,39,USE,USE,D_03_043,use,WE,WE|LIKE|HOSPITAL|TIME|NIGHT,False,False,0.03567320108413696,False
data/local/semlex_citizen100_train_audit/landmarks_v17/USE/X1yWoL7J3wkAx0vNmGwo.v17.npz,data/local/semlex_citizen100_train_audit/raw/USE/X1yWoL7J3wkAx0vNmGwo.webm,X1yWoL7J3wkAx0vNmGwo,17,USE,USE,D_03_043,use,USE,USE|SCHOOL|NIGHT|YEAR|READ,True,True,0.5940477848052979,False
data/local/semlex_citizen100_train_audit/landmarks_v17/USE/a3xBNxHpJVZRCFIjNaUt.v17.npz,data/local/semlex_citizen100_train_audit/raw/USE/a3xBNxHpJVZRCFIjNaUt.webm,a3xBNxHpJVZRCFIjNaUt,42,USE,USE,D_03_043,use,USE,USE|SCHOOL|READ|NAME|LIKE,True,True,0.5781259536743164,False
data/local/semlex_citizen100_train_audit/landmarks_v17/USE/fjgYxdewEtEK7cZ6X7eX.v17.npz,data/local/semlex_citizen100_train_audit/raw/USE/fjgYxdewEtEK7cZ6X7eX.webm,fjgYxdewEtEK7cZ6X7eX,7,USE,USE,D_03_043,use,SCHOOL,SCHOOL|READ|USE|LIKE|DOCTOR,False,True,0.13751931488513947,False
data/local/semlex_citizen100_train_audit/landmarks_v17/USE/unBnmQ9NVyHTweNpWLZW.v17.npz,data/local/semlex_citizen100_train_audit/raw/USE/unBnmQ9NVyHTweNpWLZW.webm,unBnmQ9NVyHTweNpWLZW,84,USE,USE,D_03_043,use,NO,NO|USE|WATER|LISTEN|READY,False,True,0.20090068876743317,False
data/local/semlex_citizen100_train_audit/landmarks_v17/WAIT/23KqMD5ImHi1BtAR7fnp.v17.npz,data/local/semlex_citizen100_train_audit/raw/WAIT/23KqMD5ImHi1BtAR7fnp.webm,23KqMD5ImHi1BtAR7fnp,42,WAIT,WAIT,B_02_016,wait,WAIT,WAIT|SAD|EASY|WANT|HELLO,True,True,0.621748685836792,False
data/local/semlex_citizen100_train_audit/landmarks_v17/WAIT/2nhDHU8xmpuWe8jde90Z.v17.npz,data/local/semlex_citizen100_train_audit/raw/WAIT/2nhDHU8xmpuWe8jde90Z.webm,2nhDHU8xmpuWe8jde90Z,54,WAIT,WAIT,B_02_016,wait,HAPPY,HAPPY|MY|EASY|SCHOOL|WAIT,False,True,0.06389464437961578,False
data/local/semlex_citizen100_train_audit/landmarks_v17/WAIT/479cesUrRdFbPGKErjZo.v17.npz,data/local/semlex_citizen100_train_audit/raw/WAIT/479cesUrRdFbPGKErjZo.webm,479cesUrRdFbPGKErjZo,85,WAIT,WAIT,B_02_016,wait,WAIT,WAIT|EASY|SAD|HAPPY|YOUR,True,True,0.8591060042381287,False
data/local/semlex_citizen100_train_audit/landmarks_v17/WAIT/7MHM5Nye94kFUsidwzTK.v17.npz,data/local/semlex_citizen100_train_audit/raw/WAIT/7MHM5Nye94kFUsidwzTK.webm,7MHM5Nye94kFUsidwzTK,78,WAIT,WAIT,B_02_016,wait,WAIT,WAIT|ANGRY|WANT|MAYBE|SAD,True,True,0.5207623839378357,False
data/local/semlex_citizen100_train_audit/landmarks_v17/WAIT/BIDutZ1cnYGgZjJ8ORKc.v17.npz,data/local/semlex_citizen100_train_audit/raw/WAIT/BIDutZ1cnYGgZjJ8ORKc.webm,BIDutZ1cnYGgZjJ8ORKc,8,WAIT,WAIT,B_02_016,wait,WAIT,WAIT|SAD|YOUR|WANT|EASY,True,True,0.9240797162055969,False
data/local/semlex_citizen100_train_audit/landmarks_v17/WAIT/CG6tWSY2culHjRnudFiW.v17.npz,data/local/semlex_citizen100_train_audit/raw/WAIT/CG6tWSY2culHjRnudFiW.webm,CG6tWSY2culHjRnudFiW,59,WAIT,WAIT,B_02_016,wait,WAIT,WAIT|WANT|ANGRY|SAD|NOW,True,True,0.6299993991851807,False
data/local/semlex_citizen100_train_audit/landmarks_v17/WAIT/Cs25KOdDCU78g0mvMzvf.v17.npz,data/local/semlex_citizen100_train_audit/raw/WAIT/Cs25KOdDCU78g0mvMzvf.webm,Cs25KOdDCU78g0mvMzvf,17,WAIT,WAIT,B_02_016,wait,WAIT,WAIT|NOW|SAD|WANT|EASY,True,True,0.837158203125,False
data/local/semlex_citizen100_train_audit/landmarks_v17/WAIT/KUmfchOhzvMjecdmF3w0.v17.npz,data/local/semlex_citizen100_train_audit/raw/WAIT/KUmfchOhzvMjecdmF3w0.webm,KUmfchOhzvMjecdmF3w0,14,WAIT,WAIT,B_02_016,wait,WAIT,WAIT|EASY|MAYBE|EXCITED|HAPPY,True,True,0.8913513422012329,False
data/local/semlex_citizen100_train_audit/landmarks_v17/WAIT/Q4tA7kJ7mpZYs7xssIAD.v17.npz,data/local/semlex_citizen100_train_audit/raw/WAIT/Q4tA7kJ7mpZYs7xssIAD.webm,Q4tA7kJ7mpZYs7xssIAD,30,WAIT,WAIT,B_02_016,wait,WAIT,WAIT|EASY|SAD|WANT|EXCITED,True,True,0.9302407503128052,False
data/local/semlex_citizen100_train_audit/landmarks_v17/WAIT/UMoRIs4AkS4PdiDvrqUl.v17.npz,data/local/semlex_citizen100_train_audit/raw/WAIT/UMoRIs4AkS4PdiDvrqUl.webm,UMoRIs4AkS4PdiDvrqUl,84,WAIT,WAIT,B_02_016,wait,WAIT,WAIT|EASY|SAD|EXCITED|HAPPY,True,True,0.6073150038719177,False
data/local/semlex_citizen100_train_audit/landmarks_v17/WAIT/VQ0PitZSvDgOaXowjVN5.v17.npz,data/local/semlex_citizen100_train_audit/raw/WAIT/VQ0PitZSvDgOaXowjVN5.webm,VQ0PitZSvDgOaXowjVN5,49,WAIT,WAIT,B_02_016,wait,WANT,WANT|WAIT|NOW|MAYBE|SAD,False,True,0.3039262890815735,False
data/local/semlex_citizen100_train_audit/landmarks_v17/WAIT/WZpJjPsLt4mmuNMb8d1w.v17.npz,data/local/semlex_citizen100_train_audit/raw/WAIT/WZpJjPsLt4mmuNMb8d1w.webm,WZpJjPsLt4mmuNMb8d1w,35,WAIT,WAIT,B_02_016,wait,WAIT,WAIT|WANT|MAYBE|EXCITED|EASY,True,True,0.7752479910850525,False
data/local/semlex_citizen100_train_audit/landmarks_v17/WAIT/bUMvA8TyA3nAvyVcJ4dT.v17.npz,data/local/semlex_citizen100_train_audit/raw/WAIT/bUMvA8TyA3nAvyVcJ4dT.webm,bUMvA8TyA3nAvyVcJ4dT,11,WAIT,WAIT,B_02_016,wait,WAIT,WAIT|EASY|SAD|EXCITED|HAPPY,True,True,0.6578454375267029,False
data/local/semlex_citizen100_train_audit/landmarks_v17/WAIT/eXa7JIyxxT0PSH3HClU6.v17.npz,data/local/semlex_citizen100_train_audit/raw/WAIT/eXa7JIyxxT0PSH3HClU6.webm,eXa7JIyxxT0PSH3HClU6,7,WAIT,WAIT,B_02_016,wait,WAIT,WAIT|EASY|EXCITED|SAD|YOUR,True,True,0.9369320273399353,False
data/local/semlex_citizen100_train_audit/landmarks_v17/WAIT/hh5hD067aJ0UeQfBPQDI.v17.npz,data/local/semlex_citizen100_train_audit/raw/WAIT/hh5hD067aJ0UeQfBPQDI.webm,hh5hD067aJ0UeQfBPQDI,46,WAIT,WAIT,B_02_016,wait,WAIT,WAIT|WANT|ANGRY|MAYBE|SAD,True,True,0.7482206225395203,False
data/local/semlex_citizen100_train_audit/landmarks_v17/WAIT/hx4yXXLtkrNv2KBQ0mH3.v17.npz,data/local/semlex_citizen100_train_audit/raw/WAIT/hx4yXXLtkrNv2KBQ0mH3.webm,hx4yXXLtkrNv2KBQ0mH3,88,WAIT,WAIT,B_02_016,wait,MAYBE,MAYBE|WANT|EXCITED|WAIT|WHAT,False,True,0.06867624819278717,False
data/local/semlex_citizen100_train_audit/landmarks_v17/WAIT/kbSbiAvDjrQlcthsIWa5.v17.npz,data/local/semlex_citizen100_train_audit/raw/WAIT/kbSbiAvDjrQlcthsIWa5.webm,kbSbiAvDjrQlcthsIWa5,63,WAIT,WAIT,B_02_016,wait,WAIT,WAIT|HAPPY|EXCITED|EASY|GOOD,True,True,0.6122145652770996,False
data/local/semlex_citizen100_train_audit/landmarks_v17/WAIT/pdfokSfXlnyN3f8d3kUN.v17.npz,data/local/semlex_citizen100_train_audit/raw/WAIT/pdfokSfXlnyN3f8d3kUN.webm,pdfokSfXlnyN3f8d3kUN,62,WAIT,WAIT,B_02_016,wait,WAIT,WAIT|EASY|SAD|THANKYOU|GOOD,True,True,0.6408788561820984,False
data/local/semlex_citizen100_train_audit/landmarks_v17/WAIT/pp0XwztNFd2ZNBlKEVp7.v17.npz,data/local/semlex_citizen100_train_audit/raw/WAIT/pp0XwztNFd2ZNBlKEVp7.webm,pp0XwztNFd2ZNBlKEVp7,38,WAIT,WAIT,B_02_016,wait,EASY,EASY|SICK|EXCITED|SAD|ANGRY,False,False,0.013131833635270596,False
data/local/semlex_citizen100_train_audit/landmarks_v17/WAIT/w4QppbgH21KTvznN881v.v17.npz,data/local/semlex_citizen100_train_audit/raw/WAIT/w4QppbgH21KTvznN881v.webm,w4QppbgH21KTvznN881v,39,WAIT,WAIT,B_02_016,wait,LIKE,LIKE|GIVE|WATER|YOUR|WANT,False,False,0.025158541277050972,False
data/local/semlex_citizen100_train_audit/landmarks_v17/WAIT/xkbsjP8ZJReHNsAogt9t.v17.npz,data/local/semlex_citizen100_train_audit/raw/WAIT/xkbsjP8ZJReHNsAogt9t.webm,xkbsjP8ZJReHNsAogt9t,31,WAIT,WAIT,B_02_016,wait,WAIT,WAIT|EASY|EXCITED|MAYBE|WANT,True,True,0.916132926940918,False
data/local/semlex_citizen100_train_audit/landmarks_v17/WAIT/zUQepdwXiw1jTg6reN3h.v17.npz,data/local/semlex_citizen100_train_audit/raw/WAIT/zUQepdwXiw1jTg6reN3h.webm,zUQepdwXiw1jTg6reN3h,60,WAIT,WAIT,B_02_016,wait,WAIT,WAIT|WANT|EASY|SAD|EXCITED,True,True,0.8743824362754822,False
data/local/semlex_citizen100_train_audit/landmarks_v17/WANT/Bjtb9Jjt9MEZpUddMvWS.v17.npz,data/local/semlex_citizen100_train_audit/raw/WANT/Bjtb9Jjt9MEZpUddMvWS.webm,Bjtb9Jjt9MEZpUddMvWS,17,WANT,WANT1,E_01_025,want_2,WANT,WANT|WAIT|READY|SAD|ANGRY,True,True,0.829269289970398,False
data/local/semlex_citizen100_train_audit/landmarks_v17/WANT/EhKKe84qD9PKwvAIhTAF.v17.npz,data/local/semlex_citizen100_train_audit/raw/WANT/EhKKe84qD9PKwvAIhTAF.webm,EhKKe84qD9PKwvAIhTAF,76,WANT,WANT1,E_01_025,want_2,WANT,WANT|MAYBE|WHAT|DOCTOR|WAIT,True,True,0.8025288581848145,False
data/local/semlex_citizen100_train_audit/landmarks_v17/WANT/WQ16Jzt891OWJlhy9jgS.v17.npz,data/local/semlex_citizen100_train_audit/raw/WANT/WQ16Jzt891OWJlhy9jgS.webm,WQ16Jzt891OWJlhy9jgS,15,WANT,WANT1,E_01_025,want_2,WAIT,WAIT|WANT|ANGRY|EXCITED|SAD,False,True,0.054019805043935776,False
data/local/semlex_citizen100_train_audit/landmarks_v17/WANT/jW6E2REBH85SVNcp1vnR.v17.npz,data/local/semlex_citizen100_train_audit/raw/WANT/jW6E2REBH85SVNcp1vnR.webm,jW6E2REBH85SVNcp1vnR,7,WANT,WANT1,E_01_025,want_2,WANT,WANT|WAIT|MAYBE|NOW|EXCITED,True,True,0.7112922668457031,False
data/local/semlex_citizen100_train_audit/landmarks_v17/WANT/rIsizErHTEVNfQCs8Ttz.v17.npz,data/local/semlex_citizen100_train_audit/raw/WANT/rIsizErHTEVNfQCs8Ttz.webm,rIsizErHTEVNfQCs8Ttz,62,WANT,WANT1,E_01_025,want_2,WAIT,WAIT|ANGRY|EXCITED|MAYBE|EASY,False,False,0.018399454653263092,False
data/local/semlex_citizen100_train_audit/landmarks_v17/WATER/5e3nbhwrHvOdbBcIflWb.v17.npz,data/local/semlex_citizen100_train_audit/raw/WATER/5e3nbhwrHvOdbBcIflWb.webm,5e3nbhwrHvOdbBcIflWb,39,WATER,WATER,A_02_031,water,WANT,WANT|ANGRY|HE|READY|WHAT,False,False,0.002283125650137663,False
data/local/semlex_citizen100_train_audit/landmarks_v17/WATER/AyijFpuXH1g3wI8mVIsS.v17.npz,data/local/semlex_citizen100_train_audit/raw/WATER/AyijFpuXH1g3wI8mVIsS.webm,AyijFpuXH1g3wI8mVIsS,60,WATER,WATER,A_02_031,water,WATER,WATER|USE|MOTHER|TALK|NO,True,True,0.9038738012313843,False
data/local/semlex_citizen100_train_audit/landmarks_v17/WATER/GXhFFbdGmpx3FEwVW8bY.v17.npz,data/local/semlex_citizen100_train_audit/raw/WATER/GXhFFbdGmpx3FEwVW8bY.webm,GXhFFbdGmpx3FEwVW8bY,42,WATER,WATER,A_02_031,water,WATER,WATER|TALK|WOMAN|LISTEN|MOTHER,True,True,0.9058263897895813,False
data/local/semlex_citizen100_train_audit/landmarks_v17/WATER/GxUpHTSz24yNFzjwsPRy.v17.npz,data/local/semlex_citizen100_train_audit/raw/WATER/GxUpHTSz24yNFzjwsPRy.webm,GxUpHTSz24yNFzjwsPRy,49,WATER,WATER,A_02_031,water,WATER,WATER|TALK|NO|LISTEN|WHERE,True,True,0.8517333269119263,False
data/local/semlex_citizen100_train_audit/landmarks_v17/WATER/HQVYPEJGKa8Tw5CIoZOv.v17.npz,data/local/semlex_citizen100_train_audit/raw/WATER/HQVYPEJGKa8Tw5CIoZOv.webm,HQVYPEJGKa8Tw5CIoZOv,11,WATER,WATER,A_02_031,water,TALK,TALK|OUR|GOODBYE|SMALL|YOUR,False,False,0.0021606096997857094,False
data/local/semlex_citizen100_train_audit/landmarks_v17/WATER/Hho1R9F2C7PbOl3rniQU.v17.npz,data/local/semlex_citizen100_train_audit/raw/WATER/Hho1R9F2C7PbOl3rniQU.webm,Hho1R9F2C7PbOl3rniQU,88,WATER,WATER,A_02_031,water,WATER,WATER|TALK|LISTEN|HOSPITAL|MOTHER,True,True,0.8756670355796814,False
data/local/semlex_citizen100_train_audit/landmarks_v17/WATER/HjiVgYuq1ccaOg0POAZf.v17.npz,data/local/semlex_citizen100_train_audit/raw/WATER/HjiVgYuq1ccaOg0POAZf.webm,HjiVgYuq1ccaOg0POAZf,24,WATER,WATER,A_02_031,water,WATER,WATER|TALK|WOMAN|SLEEP|LIKE,True,True,0.3722856640815735,False
data/local/semlex_citizen100_train_audit/landmarks_v17/WATER/QRmvWWKoCrUcsRHWVhwW.v17.npz,data/local/semlex_citizen100_train_audit/raw/WATER/QRmvWWKoCrUcsRHWVhwW.webm,QRmvWWKoCrUcsRHWVhwW,85,WATER,WATER,A_02_031,water,WATER,WATER|EAT|SEE|SLEEP|MOTHER,True,True,0.5557311177253723,False
data/local/semlex_citizen100_train_audit/landmarks_v17/WATER/T9iplNmoLTPGbvtAO5bC.v17.npz,data/local/semlex_citizen100_train_audit/raw/WATER/T9iplNmoLTPGbvtAO5bC.webm,T9iplNmoLTPGbvtAO5bC,17,WATER,WATER,A_02_031,water,WATER,WATER|TALK|LISTEN|MOTHER|SEE,True,True,0.9112042188644409,False
data/local/semlex_citizen100_train_audit/landmarks_v17/WATER/TYPjuf5tU6RJolGWPNRG.v17.npz,data/local/semlex_citizen100_train_audit/raw/WATER/TYPjuf5tU6RJolGWPNRG.webm,TYPjuf5tU6RJolGWPNRG,7,WATER,WATER,A_02_031,water,WATER,WATER|TALK|YOUR|NO|LIKE,True,True,0.866302490234375,False
data/local/semlex_citizen100_train_audit/landmarks_v17/WATER/Uy3xQSnVDd5h2rshMNiJ.v17.npz,data/local/semlex_citizen100_train_audit/raw/WATER/Uy3xQSnVDd5h2rshMNiJ.webm,Uy3xQSnVDd5h2rshMNiJ,63,WATER,WATER,A_02_031,water,WATER,WATER|TALK|LISTEN|MOTHER|HOSPITAL,True,True,0.8744866847991943,False
data/local/semlex_citizen100_train_audit/landmarks_v17/WATER/Xd239HNCe9oEZLCm4GAk.v17.npz,data/local/semlex_citizen100_train_audit/raw/WATER/Xd239HNCe9oEZLCm4GAk.webm,Xd239HNCe9oEZLCm4GAk,35,WATER,WATER,A_02_031,water,WATER,WATER|TALK|MOTHER|SEE|NO,True,True,0.8965608477592468,False
data/local/semlex_citizen100_train_audit/landmarks_v17/WATER/Yi1Z31BlZj5hcLT9MACY.v17.npz,data/local/semlex_citizen100_train_audit/raw/WATER/Yi1Z31BlZj5hcLT9MACY.webm,Yi1Z31BlZj5hcLT9MACY,8,WATER,WATER,A_02_031,water,WATER,WATER|TALK|NO|LIKE|USE,True,True,0.910302996635437,False
data/local/semlex_citizen100_train_audit/landmarks_v17/WATER/amOinB6hKp9FOSUl8EH4.v17.npz,data/local/semlex_citizen100_train_audit/raw/WATER/amOinB6hKp9FOSUl8EH4.webm,amOinB6hKp9FOSUl8EH4,78,WATER,WATER,A_02_031,water,WATER,WATER|TALK|MOTHER|WOMAN|USE,True,True,0.8900681138038635,False
data/local/semlex_citizen100_train_audit/landmarks_v17/WATER/bRg4xK7zH8Rgt9iUK6gH.v17.npz,data/local/semlex_citizen100_train_audit/raw/WATER/bRg4xK7zH8Rgt9iUK6gH.webm,bRg4xK7zH8Rgt9iUK6gH,14,WATER,WATER,A_02_031,water,WATER,WATER|TALK|MOTHER|WOMAN|HOSPITAL,True,True,0.8945884704589844,False
data/local/semlex_citizen100_train_audit/landmarks_v17/WATER/cUzRNZJgaq3oTYxAdiW7.v17.npz,data/local/semlex_citizen100_train_audit/raw/WATER/cUzRNZJgaq3oTYxAdiW7.webm,cUzRNZJgaq3oTYxAdiW7,30,WATER,WATER,A_02_031,water,WATER,WATER|MOTHER|SEE|WOMAN|TALK,True,True,0.815363347530365,False
data/local/semlex_citizen100_train_audit/landmarks_v17/WATER/d19PrG9ozqehSFynPuG4.v17.npz,data/local/semlex_citizen100_train_audit/raw/WATER/d19PrG9ozqehSFynPuG4.webm,d19PrG9ozqehSFynPuG4,23,WATER,WATER,A_02_031,water,DIFFERENT,DIFFERENT|GO|ANSWER|READY|FRIEND,False,False,0.008245059289038181,False
data/local/semlex_citizen100_train_audit/landmarks_v17/WATER/evRU424efxL1UYjEMPAR.v17.npz,data/local/semlex_citizen100_train_audit/raw/WATER/evRU424efxL1UYjEMPAR.webm,evRU424efxL1UYjEMPAR,59,WATER,WATER,A_02_031,water,WATER,WATER|NO|TALK|LISTEN|YOUR,True,True,0.4616093635559082,False
data/local/semlex_citizen100_train_audit/landmarks_v17/WATER/lYQr8QDWbIi5lChgnQlf.v17.npz,data/local/semlex_citizen100_train_audit/raw/WATER/lYQr8QDWbIi5lChgnQlf.webm,lYQr8QDWbIi5lChgnQlf,52,WATER,WATER,A_02_031,water,WATER,WATER|TALK|SEE|USE|NO,True,True,0.9399539828300476,False
data/local/semlex_citizen100_train_audit/landmarks_v17/WATER/otrZMBBCBi7ZWi3iQBWD.v17.npz,data/local/semlex_citizen100_train_audit/raw/WATER/otrZMBBCBi7ZWi3iQBWD.webm,otrZMBBCBi7ZWi3iQBWD,62,WATER,WATER,A_02_031,water,WATER,WATER|TALK|MOTHER|WOMAN|HOSPITAL,True,True,0.7620726823806763,False
data/local/semlex_citizen100_train_audit/landmarks_v17/WATER/r6QaMEreJROrfnqzvh0V.v17.npz,data/local/semlex_citizen100_train_audit/raw/WATER/r6QaMEreJROrfnqzvh0V.webm,r6QaMEreJROrfnqzvh0V,15,WATER,WATER,A_02_031,water,WATER,WATER|TALK|MOTHER|WOMAN|LISTEN,True,True,0.9027794003486633,False
data/local/semlex_citizen100_train_audit/landmarks_v17/WATER/rycvnmProKHEVWUHiX38.v17.npz,data/local/semlex_citizen100_train_audit/raw/WATER/rycvnmProKHEVWUHiX38.webm,rycvnmProKHEVWUHiX38,43,WATER,WATER,A_02_031,water,TALK,TALK|WATER|MOTHER|SLEEP|YOUR,False,True,0.08649244159460068,False
data/local/semlex_citizen100_train_audit/landmarks_v17/WATER/s0MyenP7McPHIAowrqzZ.v17.npz,data/local/semlex_citizen100_train_audit/raw/WATER/s0MyenP7McPHIAowrqzZ.webm,s0MyenP7McPHIAowrqzZ,38,WATER,WATER,A_02_031,water,WATER,WATER|USE|TALK|NO|WOMAN,True,True,0.9244969487190247,False
data/local/semlex_citizen100_train_audit/landmarks_v17/WATER/v0Kv58lmTiu7VZetVM2S.v17.npz,data/local/semlex_citizen100_train_audit/raw/WATER/v0Kv58lmTiu7VZetVM2S.webm,v0Kv58lmTiu7VZetVM2S,84,WATER,WATER,A_02_031,water,WATER,WATER|TALK|LIKE|SEE|WOMAN,True,True,0.9131496548652649,False
data/local/semlex_citizen100_train_audit/landmarks_v17/WATER/w5tNdX2Y3SWKDLuDZ8de.v17.npz,data/local/semlex_citizen100_train_audit/raw/WATER/w5tNdX2Y3SWKDLuDZ8de.webm,w5tNdX2Y3SWKDLuDZ8de,46,WATER,WATER,A_02_031,water,WATER,WATER|LISTEN|HOSPITAL|SLEEP|SEE,True,True,0.6569697856903076,False
data/local/semlex_citizen100_train_audit/landmarks_v17/WE/ELbQhCTnZvuLtodX0bCP.v17.npz,data/local/semlex_citizen100_train_audit/raw/WE/ELbQhCTnZvuLtodX0bCP.webm,ELbQhCTnZvuLtodX0bCP,62,WE,WE,G_03_019,we,WE,WE|COME|DAY|OUR|NIGHT,True,True,0.7526814341545105,False
data/local/semlex_citizen100_train_audit/landmarks_v17/WE/JH2gRkZ5TO8PurPWGcH1.v17.npz,data/local/semlex_citizen100_train_audit/raw/WE/JH2gRkZ5TO8PurPWGcH1.webm,JH2gRkZ5TO8PurPWGcH1,39,WE,WE,G_03_019,we,HE,HE|WHAT|SIGN|SICK|THINK,False,False,0.0007773723336867988,False
data/local/semlex_citizen100_train_audit/landmarks_v17/WE/v6OkOu090OwiH2pAd7ds.v17.npz,data/local/semlex_citizen100_train_audit/raw/WE/v6OkOu090OwiH2pAd7ds.webm,v6OkOu090OwiH2pAd7ds,80,WE,WE,G_03_019,we,WE,WE|TAKE|DAY|HOSPITAL|WORK,True,True,0.9134397506713867,False
data/local/semlex_citizen100_train_audit/landmarks_v17/WE/w4qPRUofrBXfF8ZaPh62.v17.npz,data/local/semlex_citizen100_train_audit/raw/WE/w4qPRUofrBXfF8ZaPh62.webm,w4qPRUofrBXfF8ZaPh62,49,WE,WE,G_03_019,we,WE,WE|DAY|TIME|YOU|NEED,True,True,0.9295040965080261,False
data/local/semlex_citizen100_train_audit/landmarks_v17/WE/wHmlESuARy76WiFL2Wld.v17.npz,data/local/semlex_citizen100_train_audit/raw/WE/wHmlESuARy76WiFL2Wld.webm,wHmlESuARy76WiFL2Wld,7,WE,WE,G_03_019,we,WE,WE|DAY|COME|OUR|NIGHT,True,True,0.8781651854515076,False
data/local/semlex_citizen100_train_audit/landmarks_v17/WE/waHQDNhOOlTDgasiudne.v17.npz,data/local/semlex_citizen100_train_audit/raw/WE/waHQDNhOOlTDgasiudne.webm,waHQDNhOOlTDgasiudne,35,WE,WE,G_03_019,we,WE,WE|I|SORRY|WHO|HOSPITAL,True,True,0.6533423662185669,False
data/local/semlex_citizen100_train_audit/landmarks_v17/WEEK/18eMC4N3oHfDCShAtoJ8.v17.npz,data/local/semlex_citizen100_train_audit/raw/WEEK/18eMC4N3oHfDCShAtoJ8.webm,18eMC4N3oHfDCShAtoJ8,35,WEEK,WEEK,B_02_079,week,WEEK,WEEK|SCHOOL|USE|NAME|LIKE,True,True,0.9356650710105896,False
data/local/semlex_citizen100_train_audit/landmarks_v17/WEEK/3CyHESvTd1LkRWbOLAZs.v17.npz,data/local/semlex_citizen100_train_audit/raw/WEEK/3CyHESvTd1LkRWbOLAZs.webm,3CyHESvTd1LkRWbOLAZs,62,WEEK,WEEK,B_02_079,week,WEEK,WEEK|SCHOOL|WRITE|HELP|LEARN,True,True,0.6966375112533569,False
data/local/semlex_citizen100_train_audit/landmarks_v17/WEEK/7VKB6b5r9lWvhsHcZ5Sk.v17.npz,data/local/semlex_citizen100_train_audit/raw/WEEK/7VKB6b5r9lWvhsHcZ5Sk.webm,7VKB6b5r9lWvhsHcZ5Sk,12,WEEK,WEEK,B_02_079,week,FEEL,FEEL|HOT|WOMAN|GOOD|HAPPY,False,False,0.03343191370368004,False
data/local/semlex_citizen100_train_audit/landmarks_v17/WEEK/8ZBNtEjk3EP4sHXPflo7.v17.npz,data/local/semlex_citizen100_train_audit/raw/WEEK/8ZBNtEjk3EP4sHXPflo7.webm,8ZBNtEjk3EP4sHXPflo7,11,WEEK,WEEK,B_02_079,week,WEEK,WEEK|WRITE|LANGUAGE|EXCITED|SAD,True,True,0.8240541219711304,False
data/local/semlex_citizen100_train_audit/landmarks_v17/WEEK/DBbFnBU9gAxtsL9shKOK.v17.npz,data/local/semlex_citizen100_train_audit/raw/WEEK/DBbFnBU9gAxtsL9shKOK.webm,DBbFnBU9gAxtsL9shKOK,49,WEEK,WEEK,B_02_079,week,WEEK,WEEK|WRITE|SAD|SICK|HELP,True,True,0.6558269262313843,False
data/local/semlex_citizen100_train_audit/landmarks_v17/WEEK/MGleAI7rYDes1NXN2Dkq.v17.npz,data/local/semlex_citizen100_train_audit/raw/WEEK/MGleAI7rYDes1NXN2Dkq.webm,MGleAI7rYDes1NXN2Dkq,84,WEEK,WEEK,B_02_079,week,WEEK,WEEK|HELP|SCHOOL|NAME|HOW,True,True,0.9041395783424377,False
data/local/semlex_citizen100_train_audit/landmarks_v17/WEEK/QGJ2BPK2S0DLvsD3uNYL.v17.npz,data/local/semlex_citizen100_train_audit/raw/WEEK/QGJ2BPK2S0DLvsD3uNYL.webm,QGJ2BPK2S0DLvsD3uNYL,42,WEEK,WEEK,B_02_079,week,WEEK,WEEK|WRITE|SCHOOL|HELP|HOW,True,True,0.863540768623352,False
data/local/semlex_citizen100_train_audit/landmarks_v17/WEEK/TJblmlbxP7rP3R6ImxY0.v17.npz,data/local/semlex_citizen100_train_audit/raw/WEEK/TJblmlbxP7rP3R6ImxY0.webm,TJblmlbxP7rP3R6ImxY0,54,WEEK,WEEK,B_02_079,week,WEEK,WEEK|WRITE|HOW|EASY|SAD,True,True,0.7749199271202087,False
data/local/semlex_citizen100_train_audit/landmarks_v17/WEEK/TPiZyoy0EPlfHcG0EKaC.v17.npz,data/local/semlex_citizen100_train_audit/raw/WEEK/TPiZyoy0EPlfHcG0EKaC.webm,TPiZyoy0EPlfHcG0EKaC,17,WEEK,WEEK,B_02_079,week,WRITE,WRITE|WEEK|SCHOOL|FRIEND|HELP,False,True,0.2101193219423294,False
data/local/semlex_citizen100_train_audit/landmarks_v17/WEEK/UnA2SuqKtFlT50e7R8U6.v17.npz,data/local/semlex_citizen100_train_audit/raw/WEEK/UnA2SuqKtFlT50e7R8U6.webm,UnA2SuqKtFlT50e7R8U6,7,WEEK,WEEK,B_02_079,week,WEEK,WEEK|WRITE|EXCITED|FEEL|SCHOOL,True,True,0.8648695945739746,False
data/local/semlex_citizen100_train_audit/landmarks_v17/WEEK/VIve6jDCyafkGZj4CXJp.v17.npz,data/local/semlex_citizen100_train_audit/raw/WEEK/VIve6jDCyafkGZj4CXJp.webm,VIve6jDCyafkGZj4CXJp,46,WEEK,WEEK,B_02_079,week,WEEK,WEEK|WRITE|SCHOOL|HELP|EASY,True,True,0.4408363103866577,False
data/local/semlex_citizen100_train_audit/landmarks_v17/WEEK/WLP35P7Wcg0rB8bDx8UX.v17.npz,data/local/semlex_citizen100_train_audit/raw/WEEK/WLP35P7Wcg0rB8bDx8UX.webm,WLP35P7Wcg0rB8bDx8UX,39,WEEK,WEEK,B_02_079,week,LIKE,LIKE|STOP|SCHOOL|GOOD|MY,False,False,0.01949889026582241,False
data/local/semlex_citizen100_train_audit/landmarks_v17/WEEK/jnduRFntwUH6ip8UNwhR.v17.npz,data/local/semlex_citizen100_train_audit/raw/WEEK/jnduRFntwUH6ip8UNwhR.webm,jnduRFntwUH6ip8UNwhR,23,WEEK,WEEK,B_02_079,week,WEEK,WEEK|EXCITED|LANGUAGE|SEE|SAD,True,True,0.6278602480888367,False
data/local/semlex_citizen100_train_audit/landmarks_v17/WEEK/ncf5e6ASVgj7iaLZUUd3.v17.npz,data/local/semlex_citizen100_train_audit/raw/WEEK/ncf5e6ASVgj7iaLZUUd3.webm,ncf5e6ASVgj7iaLZUUd3,8,WEEK,WEEK,B_02_079,week,WEEK,WEEK|HELP|SCHOOL|USE|MOTHER,True,True,0.896292507648468,False
data/local/semlex_citizen100_train_audit/landmarks_v17/WHAT/2OxugnPGwWpKJSnVQHt4.v17.npz,data/local/semlex_citizen100_train_audit/raw/WHAT/2OxugnPGwWpKJSnVQHt4.webm,2OxugnPGwWpKJSnVQHt4,7,WHAT,WHAT1,D_02_094,what_2,WHAT,WHAT|READ|YEAR|LANGUAGE|SIGN,True,True,0.755267858505249,False
data/local/semlex_citizen100_train_audit/landmarks_v17/WHAT/7FcxaKSJMmEe11RiXmG6.v17.npz,data/local/semlex_citizen100_train_audit/raw/WHAT/7FcxaKSJMmEe11RiXmG6.webm,7FcxaKSJMmEe11RiXmG6,88,WHAT,WHAT1,D_02_094,what_2,LANGUAGE,LANGUAGE|EXCITED|WRITE|WEEK|WHAT,False,True,0.024863243103027344,False
data/local/semlex_citizen100_train_audit/landmarks_v17/WHAT/ArCvBpPWn0bXY4UGk9Nx.v17.npz,data/local/semlex_citizen100_train_audit/raw/WHAT/ArCvBpPWn0bXY4UGk9Nx.webm,ArCvBpPWn0bXY4UGk9Nx,49,WHAT,WHAT1,D_02_094,what_2,WHAT,WHAT|READ|WANT|SICK|SEE,True,True,0.9342867732048035,False
data/local/semlex_citizen100_train_audit/landmarks_v17/WHAT/rdpNORTairBz2WhICyTP.v17.npz,data/local/semlex_citizen100_train_audit/raw/WHAT/rdpNORTairBz2WhICyTP.webm,rdpNORTairBz2WhICyTP,54,WHAT,WHAT1,D_02_094,what_2,TIRED,TIRED|WHAT|DOCTOR|COLD|SIGN,False,True,0.24549974501132965,False
data/local/semlex_citizen100_train_audit/landmarks_v17/WHEN/2LT2Gh7sCDi6qb8Iv4Ws.v17.npz,data/local/semlex_citizen100_train_audit/raw/WHEN/2LT2Gh7sCDi6qb8Iv4Ws.webm,2LT2Gh7sCDi6qb8Iv4Ws,12,WHEN,WHEN,C_03_086,when,WHEN,WHEN|SIGN|DIFFERENT|WHAT|LANGUAGE,True,True,0.9114190340042114,False
data/local/semlex_citizen100_train_audit/landmarks_v17/WHEN/HPE8WDQhPaNVyapMxcET.v17.npz,data/local/semlex_citizen100_train_audit/raw/WHEN/HPE8WDQhPaNVyapMxcET.webm,HPE8WDQhPaNVyapMxcET,30,WHEN,WHEN,C_03_086,when,WHEN,WHEN|SIGN|ANSWER|DIFFERENT|FRIEND,True,True,0.9467911124229431,False
data/local/semlex_citizen100_train_audit/landmarks_v17/WHEN/PorqhbmO4Fwih08iwfIS.v17.npz,data/local/semlex_citizen100_train_audit/raw/WHEN/PorqhbmO4Fwih08iwfIS.webm,PorqhbmO4Fwih08iwfIS,38,WHEN,WHEN,C_03_086,when,WHEN,WHEN|WEEK|HOW|FRIEND|SIGN,True,True,0.6500841379165649,False
data/local/semlex_citizen100_train_audit/landmarks_v17/WHEN/QnzNMrVxaoaZYRSjp7qz.v17.npz,data/local/semlex_citizen100_train_audit/raw/WHEN/QnzNMrVxaoaZYRSjp7qz.webm,QnzNMrVxaoaZYRSjp7qz,78,WHEN,WHEN,C_03_086,when,USE,USE|WEEK|THEY|ANSWER|TIME,False,False,0.026755575090646744,False
data/local/semlex_citizen100_train_audit/landmarks_v17/WHEN/ZQVI5U8VLBNIPVsa5bH9.v17.npz,data/local/semlex_citizen100_train_audit/raw/WHEN/ZQVI5U8VLBNIPVsa5bH9.webm,ZQVI5U8VLBNIPVsa5bH9,8,WHEN,WHEN,C_03_086,when,WHEN,WHEN|SIGN|DIFFERENT|LANGUAGE|UNDERSTAND,True,True,0.8935670256614685,False
data/local/semlex_citizen100_train_audit/landmarks_v17/WHEN/dWBbXSd9Zm5IuqoVtZif.v17.npz,data/local/semlex_citizen100_train_audit/raw/WHEN/dWBbXSd9Zm5IuqoVtZif.webm,dWBbXSd9Zm5IuqoVtZif,62,WHEN,WHEN,C_03_086,when,WHEN,WHEN|DIFFERENT|ANSWER|SIGN|YOU,True,True,0.8667988777160645,False
data/local/semlex_citizen100_train_audit/landmarks_v17/WHEN/omTy1HcDJoNCdddRREeW.v17.npz,data/local/semlex_citizen100_train_audit/raw/WHEN/omTy1HcDJoNCdddRREeW.webm,omTy1HcDJoNCdddRREeW,88,WHEN,WHEN,C_03_086,when,WHEN,WHEN|FRIEND|WEEK|ANSWER|MAKE,True,True,0.8460820913314819,False
data/local/semlex_citizen100_train_audit/landmarks_v17/WHEN/qHKGvA2searQ1V0AqPuz.v17.npz,data/local/semlex_citizen100_train_audit/raw/WHEN/qHKGvA2searQ1V0AqPuz.webm,qHKGvA2searQ1V0AqPuz,17,WHEN,WHEN,C_03_086,when,WHEN,WHEN|SIGN|DIFFERENT|WEEK|ANSWER,True,True,0.9533670544624329,False
data/local/semlex_citizen100_train_audit/landmarks_v17/WHEN/tfYHYcAa8enBDd349eOd.v17.npz,data/local/semlex_citizen100_train_audit/raw/WHEN/tfYHYcAa8enBDd349eOd.webm,tfYHYcAa8enBDd349eOd,7,WHEN,WHEN,C_03_086,when,WHEN,WHEN|FRIEND|SIGN|DIFFERENT|HOW,True,True,0.8632981777191162,False
data/local/semlex_citizen100_train_audit/landmarks_v17/WHEN/ynU67yxK6tIBduhxEirm.v17.npz,data/local/semlex_citizen100_train_audit/raw/WHEN/ynU67yxK6tIBduhxEirm.webm,ynU67yxK6tIBduhxEirm,49,WHEN,WHEN,C_03_086,when,WHEN,WHEN|DIFFERENT|UNDERSTAND|ANSWER|SIGN,True,True,0.9259947538375854,False
data/local/semlex_citizen100_train_audit/landmarks_v17/WHERE/1TWfvnZLeVC0VZbZ2Czy.v17.npz,data/local/semlex_citizen100_train_audit/raw/WHERE/1TWfvnZLeVC0VZbZ2Czy.webm,1TWfvnZLeVC0VZbZ2Czy,17,WHERE,WHERE,B_02_035,where,WHERE,WHERE|NEED|ASK|THINK|YES,True,True,0.2996111810207367,False
data/local/semlex_citizen100_train_audit/landmarks_v17/WHERE/79fGsycluFoKkwgNop6g.v17.npz,data/local/semlex_citizen100_train_audit/raw/WHERE/79fGsycluFoKkwgNop6g.webm,79fGsycluFoKkwgNop6g,35,WHERE,WHERE,B_02_035,where,WHERE,WHERE|NO|NEED|HE|YES,True,True,0.8222891092300415,False
data/local/semlex_citizen100_train_audit/landmarks_v17/WHERE/7cAWIt64Bpn1aCuQCUId.v17.npz,data/local/semlex_citizen100_train_audit/raw/WHERE/7cAWIt64Bpn1aCuQCUId.webm,7cAWIt64Bpn1aCuQCUId,78,WHERE,WHERE,B_02_035,where,WHERE,WHERE|CHILD|HE|GOODBYE|YES,True,True,0.4390048384666443,False
data/local/semlex_citizen100_train_audit/landmarks_v17/WHERE/7yAFfnkpu7cItcr8vzrM.v17.npz,data/local/semlex_citizen100_train_audit/raw/WHERE/7yAFfnkpu7cItcr8vzrM.webm,7yAFfnkpu7cItcr8vzrM,30,WHERE,WHERE,B_02_035,where,WHERE,WHERE|ASK|YOU|WHO|HE,True,True,0.7430805563926697,False
data/local/semlex_citizen100_train_audit/landmarks_v17/WHERE/9lQUQ0jLEJ0EdAz9Hk3o.v17.npz,data/local/semlex_citizen100_train_audit/raw/WHERE/9lQUQ0jLEJ0EdAz9Hk3o.webm,9lQUQ0jLEJ0EdAz9Hk3o,11,WHERE,WHERE,B_02_035,where,WHERE,WHERE|NO|YOU|ASK|TAKE,True,True,0.9193095564842224,False
data/local/semlex_citizen100_train_audit/landmarks_v17/WHERE/AkreU6WunkNzz7S2V8QZ.v17.npz,data/local/semlex_citizen100_train_audit/raw/WHERE/AkreU6WunkNzz7S2V8QZ.webm,AkreU6WunkNzz7S2V8QZ,42,WHERE,WHERE,B_02_035,where,GOODBYE,GOODBYE|YESTERDAY|YES|TAKE|CHILD,False,False,0.0014828859129920602,False
data/local/semlex_citizen100_train_audit/landmarks_v17/WHERE/N7GHDgM0v6ji86BEi6nK.v17.npz,data/local/semlex_citizen100_train_audit/raw/WHERE/N7GHDgM0v6ji86BEi6nK.webm,N7GHDgM0v6ji86BEi6nK,54,WHERE,WHERE,B_02_035,where,WHERE,WHERE|HE|NEED|ASK|YOU,True,True,0.6312477588653564,False
data/local/semlex_citizen100_train_audit/landmarks_v17/WHERE/S9D3MXshHnyIsGmQ5Jz2.v17.npz,data/local/semlex_citizen100_train_audit/raw/WHERE/S9D3MXshHnyIsGmQ5Jz2.webm,S9D3MXshHnyIsGmQ5Jz2,46,WHERE,WHERE,B_02_035,where,WHERE,WHERE|ASK|YOU|NEED|HE,True,True,0.8768795728683472,False
data/local/semlex_citizen100_train_audit/landmarks_v17/WHERE/ULEl67QVN6cqtzeZJVkw.v17.npz,data/local/semlex_citizen100_train_audit/raw/WHERE/ULEl67QVN6cqtzeZJVkw.webm,ULEl67QVN6cqtzeZJVkw,88,WHERE,WHERE,B_02_035,where,WHERE,WHERE|HE|ASK|DIFFERENT|NO,True,True,0.7018317580223083,False
data/local/semlex_citizen100_train_audit/landmarks_v17/WHERE/Ylww3Bbt7odg5jNGZcn3.v17.npz,data/local/semlex_citizen100_train_audit/raw/WHERE/Ylww3Bbt7odg5jNGZcn3.webm,Ylww3Bbt7odg5jNGZcn3,59,WHERE,WHERE,B_02_035,where,NEED,NEED|ASK|WE|YES|LISTEN,False,False,0.012082314118742943,False
data/local/semlex_citizen100_train_audit/landmarks_v17/WHERE/Yo0qbOkdpARNJ34tKfO8.v17.npz,data/local/semlex_citizen100_train_audit/raw/WHERE/Yo0qbOkdpARNJ34tKfO8.webm,Yo0qbOkdpARNJ34tKfO8,39,WHERE,WHERE,B_02_035,where,HE,HE|CHILD|ANGRY|BIG|NEED,False,False,0.0025540280621498823,False
data/local/semlex_citizen100_train_audit/landmarks_v17/WHERE/c0AKYbuoS3mvWbTXpkYu.v17.npz,data/local/semlex_citizen100_train_audit/raw/WHERE/c0AKYbuoS3mvWbTXpkYu.webm,c0AKYbuoS3mvWbTXpkYu,60,WHERE,WHERE,B_02_035,where,WHERE,WHERE|TAKE|NO|TALK|WE,True,True,0.6371247172355652,False
data/local/semlex_citizen100_train_audit/landmarks_v17/WHERE/icAkxpC2TwDFFWcLspgm.v17.npz,data/local/semlex_citizen100_train_audit/raw/WHERE/icAkxpC2TwDFFWcLspgm.webm,icAkxpC2TwDFFWcLspgm,38,WHERE,WHERE,B_02_035,where,WHERE,WHERE|ASK|YOU|NO|NEED,True,True,0.8482776880264282,False
data/local/semlex_citizen100_train_audit/landmarks_v17/WHERE/icHmIdNjGZZIpBoRWNTE.v17.npz,data/local/semlex_citizen100_train_audit/raw/WHERE/icHmIdNjGZZIpBoRWNTE.webm,icHmIdNjGZZIpBoRWNTE,7,WHERE,WHERE,B_02_035,where,WHERE,WHERE|HE|YOU|I|DIFFERENT,True,True,0.9128581881523132,False
data/local/semlex_citizen100_train_audit/landmarks_v17/WHERE/oOBl8XIRYasburBGE6Qo.v17.npz,data/local/semlex_citizen100_train_audit/raw/WHERE/oOBl8XIRYasburBGE6Qo.webm,oOBl8XIRYasburBGE6Qo,62,WHERE,WHERE,B_02_035,where,WHERE,WHERE|HE|ASK|LISTEN|YES,True,True,0.7208541631698608,False
data/local/semlex_citizen100_train_audit/landmarks_v17/WHERE/vz24MP28GnUyAWvSamkh.v17.npz,data/local/semlex_citizen100_train_audit/raw/WHERE/vz24MP28GnUyAWvSamkh.webm,vz24MP28GnUyAWvSamkh,49,WHERE,WHERE,B_02_035,where,ASK,ASK|YOU|WHERE|WHO|DIFFERENT,False,True,0.18547001481056213,False
data/local/semlex_citizen100_train_audit/landmarks_v17/WHERE/wBAaNlBSoKzA0ecvEcyI.v17.npz,data/local/semlex_citizen100_train_audit/raw/WHERE/wBAaNlBSoKzA0ecvEcyI.webm,wBAaNlBSoKzA0ecvEcyI,80,WHERE,WHERE,B_02_035,where,YESTERDAY,YESTERDAY|THINK|LISTEN|ASK|NEED,False,False,0.010425264947116375,False
data/local/semlex_citizen100_train_audit/landmarks_v17/WHERE/yBBpCYtk7shFN3NbVJrZ.v17.npz,data/local/semlex_citizen100_train_audit/raw/WHERE/yBBpCYtk7shFN3NbVJrZ.webm,yBBpCYtk7shFN3NbVJrZ,84,WHERE,WHERE,B_02_035,where,WHERE,WHERE|ASK|HE|YOU|WHO,True,True,0.9590896964073181,False
data/local/semlex_citizen100_train_audit/landmarks_v17/WHERE/za7AuT28imGPOP0QDLz5.v17.npz,data/local/semlex_citizen100_train_audit/raw/WHERE/za7AuT28imGPOP0QDLz5.webm,za7AuT28imGPOP0QDLz5,31,WHERE,WHERE,B_02_035,where,HE,HE|NEED|WHERE|ASK|GO,False,True,0.1740860790014267,False
data/local/semlex_citizen100_train_audit/landmarks_v17/WHO/10wHEGRCO3SlyDSUp8En.v17.npz,data/local/semlex_citizen100_train_audit/raw/WHO/10wHEGRCO3SlyDSUp8En.webm,10wHEGRCO3SlyDSUp8En,30,WHO,WHO,C_01_041,who,WHO,WHO|YOU|ASK|WHERE|TELL,True,True,0.917365550994873,False
data/local/semlex_citizen100_train_audit/landmarks_v17/WHO/2t8zutZVfwujMPIN2Jnj.v17.npz,data/local/semlex_citizen100_train_audit/raw/WHO/2t8zutZVfwujMPIN2Jnj.webm,2t8zutZVfwujMPIN2Jnj,88,WHO,WHO,C_01_041,who,WHO,WHO|YOU|WHERE|TELL|ASK,True,True,0.9286554455757141,False
data/local/semlex_citizen100_train_audit/landmarks_v17/WHO/4U4uSy3jQfFJvm7LkMjW.v17.npz,data/local/semlex_citizen100_train_audit/raw/WHO/4U4uSy3jQfFJvm7LkMjW.webm,4U4uSy3jQfFJvm7LkMjW,52,WHO,WHO,C_01_041,who,ASK,ASK|WHO|WHERE|YOU|YES,False,True,0.208327516913414,False
data/local/semlex_citizen100_train_audit/landmarks_v17/WHO/9rNyhWsSsbKX7KWLxRjD.v17.npz,data/local/semlex_citizen100_train_audit/raw/WHO/9rNyhWsSsbKX7KWLxRjD.webm,9rNyhWsSsbKX7KWLxRjD,11,WHO,WHO,C_01_041,who,WHO,WHO|YOU|WHERE|ASK|WE,True,True,0.7584653496742249,False
data/local/semlex_citizen100_train_audit/landmarks_v17/WHO/HUt36tlZsQZNrFHiHsAJ.v17.npz,data/local/semlex_citizen100_train_audit/raw/WHO/HUt36tlZsQZNrFHiHsAJ.webm,HUt36tlZsQZNrFHiHsAJ,35,WHO,WHO,C_01_041,who,WHO,WHO|YES|YOU|TOMORROW|ASK,True,True,0.4458678066730499,False
data/local/semlex_citizen100_train_audit/landmarks_v17/WHO/Ir5mDkzF5gEHoo799zJS.v17.npz,data/local/semlex_citizen100_train_audit/raw/WHO/Ir5mDkzF5gEHoo799zJS.webm,Ir5mDkzF5gEHoo799zJS,7,WHO,WHO,C_01_041,who,WHO,WHO|YOU|THEY|TELL|LIKE,True,True,0.440608412027359,False
data/local/semlex_citizen100_train_audit/landmarks_v17/WHO/N0xXqLYhlp1ZcWhpvZIB.v17.npz,data/local/semlex_citizen100_train_audit/raw/WHO/N0xXqLYhlp1ZcWhpvZIB.webm,N0xXqLYhlp1ZcWhpvZIB,63,WHO,WHO,C_01_041,who,WHO,WHO|TELL|YOU|THEY|MAKE,True,True,0.9202524423599243,False
data/local/semlex_citizen100_train_audit/landmarks_v17/WHO/WTzHIKyeLJJO4PpviMh3.v17.npz,data/local/semlex_citizen100_train_audit/raw/WHO/WTzHIKyeLJJO4PpviMh3.webm,WTzHIKyeLJJO4PpviMh3,17,WHO,WHO,C_01_041,who,ASK,ASK|WHO|YOU|THINK|ANSWER,False,True,0.2935570776462555,False
data/local/semlex_citizen100_train_audit/landmarks_v17/WHO/Xmt2dN5v7jJ7Q4DsHN3J.v17.npz,data/local/semlex_citizen100_train_audit/raw/WHO/Xmt2dN5v7jJ7Q4DsHN3J.webm,Xmt2dN5v7jJ7Q4DsHN3J,42,WHO,WHO,C_01_041,who,WHO,WHO|TELL|EAT|UNDERSTAND|HOME,True,True,0.7219396233558655,False
data/local/semlex_citizen100_train_audit/landmarks_v17/WHO/evJ36Bb5l4ayM01aCcmm.v17.npz,data/local/semlex_citizen100_train_audit/raw/WHO/evJ36Bb5l4ayM01aCcmm.webm,evJ36Bb5l4ayM01aCcmm,46,WHO,WHO,C_01_041,who,WHO,WHO|ASK|THINK|WHERE|YOU,True,True,0.5153286457061768,False
data/local/semlex_citizen100_train_audit/landmarks_v17/WHO/hUvMgT5pRzjZ7zJkxvQ2.v17.npz,data/local/semlex_citizen100_train_audit/raw/WHO/hUvMgT5pRzjZ7zJkxvQ2.webm,hUvMgT5pRzjZ7zJkxvQ2,62,WHO,WHO,C_01_041,who,WHO,WHO|YOU|THEY|WHEN|TELL,True,True,0.46835723519325256,False
data/local/semlex_citizen100_train_audit/landmarks_v17/WHO/lQvuk0mGlBjUJoe8AeBK.v17.npz,data/local/semlex_citizen100_train_audit/raw/WHO/lQvuk0mGlBjUJoe8AeBK.webm,lQvuk0mGlBjUJoe8AeBK,43,WHO,WHO,C_01_041,who,WHO,WHO|THINK|WHERE|ASK|LISTEN,True,True,0.5896826386451721,False
data/local/semlex_citizen100_train_audit/landmarks_v17/WHO/rGNGpLRkNAsVgjl8riwq.v17.npz,data/local/semlex_citizen100_train_audit/raw/WHO/rGNGpLRkNAsVgjl8riwq.webm,rGNGpLRkNAsVgjl8riwq,31,WHO,WHO,C_01_041,who,WHO,WHO|YOU|ASK|TOMORROW|WHERE,True,True,0.9491276144981384,False
data/local/semlex_citizen100_train_audit/landmarks_v17/WHO/vUOVGMTJf8laBwYGkiNH.v17.npz,data/local/semlex_citizen100_train_audit/raw/WHO/vUOVGMTJf8laBwYGkiNH.webm,vUOVGMTJf8laBwYGkiNH,39,WHO,WHO,C_01_041,who,HE,HE|ANGRY|WHY|SIGN|BIG,False,False,0.00048529054038226604,False
data/local/semlex_citizen100_train_audit/landmarks_v17/WHO/wHQAcXzV0O4ITqZ7yFpR.v17.npz,data/local/semlex_citizen100_train_audit/raw/WHO/wHQAcXzV0O4ITqZ7yFpR.webm,wHQAcXzV0O4ITqZ7yFpR,49,WHO,WHO,C_01_041,who,ASK,ASK|WHO|WHERE|LISTEN|THINK,False,True,0.2183140069246292,False
data/local/semlex_citizen100_train_audit/landmarks_v17/WHY/8dsiG45Pj1p4jhkIlMKj.v17.npz,data/local/semlex_citizen100_train_audit/raw/WHY/8dsiG45Pj1p4jhkIlMKj.webm,8dsiG45Pj1p4jhkIlMKj,80,WHY,WHY,D_01_067,why,KNOW,KNOW|FATHER|THINK|SLEEP|HEAR,False,False,0.01787426695227623,False
data/local/semlex_citizen100_train_audit/landmarks_v17/WHY/Ban5CUllZLCpfmjzWJJZ.v17.npz,data/local/semlex_citizen100_train_audit/raw/WHY/Ban5CUllZLCpfmjzWJJZ.webm,Ban5CUllZLCpfmjzWJJZ,62,WHY,WHY,D_01_067,why,WHY,WHY|CHILD|HELLO|GOODBYE|KNOW,True,True,0.8130752444267273,False
data/local/semlex_citizen100_train_audit/landmarks_v17/WHY/K5coTgA8wTOKTStf49zq.v17.npz,data/local/semlex_citizen100_train_audit/raw/WHY/K5coTgA8wTOKTStf49zq.webm,K5coTgA8wTOKTStf49zq,39,WHY,WHY,D_01_067,why,GOODBYE,GOODBYE|LISTEN|HEAR|READY|NO,False,False,0.005245269276201725,False
data/local/semlex_citizen100_train_audit/landmarks_v17/WHY/TPqIIH1y1XoY6Yaa850o.v17.npz,data/local/semlex_citizen100_train_audit/raw/WHY/TPqIIH1y1XoY6Yaa850o.webm,TPqIIH1y1XoY6Yaa850o,88,WHY,WHY,D_01_067,why,COME,COME|CHILD|WHY|THANKYOU|HOME,False,True,0.15842165052890778,False
data/local/semlex_citizen100_train_audit/landmarks_v17/WHY/XzNIj1ESdwZRmUqHKWFC.v17.npz,data/local/semlex_citizen100_train_audit/raw/WHY/XzNIj1ESdwZRmUqHKWFC.webm,XzNIj1ESdwZRmUqHKWFC,42,WHY,WHY,D_01_067,why,KNOW,KNOW|FATHER|SICK|HEAR|SLEEP,False,False,0.008021369576454163,False
data/local/semlex_citizen100_train_audit/landmarks_v17/WHY/hUTzdrzsw0wrR22oO4Cn.v17.npz,data/local/semlex_citizen100_train_audit/raw/WHY/hUTzdrzsw0wrR22oO4Cn.webm,hUTzdrzsw0wrR22oO4Cn,49,WHY,WHY,D_01_067,why,KNOW,KNOW|WHY|HELLO|MORNING|SICK,False,True,0.19294920563697815,False
data/local/semlex_citizen100_train_audit/landmarks_v17/WHY/iZSyGzQs2sag180RAkfK.v17.npz,data/local/semlex_citizen100_train_audit/raw/WHY/iZSyGzQs2sag180RAkfK.webm,iZSyGzQs2sag180RAkfK,7,WHY,WHY,D_01_067,why,WHY,WHY|HELLO|KNOW|ANGRY|SICK,True,True,0.9397788643836975,False
data/local/semlex_citizen100_train_audit/landmarks_v17/WHY/lLxxzBRnNwJX08yyNEZP.v17.npz,data/local/semlex_citizen100_train_audit/raw/WHY/lLxxzBRnNwJX08yyNEZP.webm,lLxxzBRnNwJX08yyNEZP,46,WHY,WHY,D_01_067,why,KNOW,KNOW|WHY|HELLO|HOME|HEAR,False,True,0.15184399485588074,False
data/local/semlex_citizen100_train_audit/landmarks_v17/WHY/sngfXGQIMIPMZC6SCqna.v17.npz,data/local/semlex_citizen100_train_audit/raw/WHY/sngfXGQIMIPMZC6SCqna.webm,sngfXGQIMIPMZC6SCqna,31,WHY,WHY,D_01_067,why,WHY,WHY|MAYBE|STOP|HELLO|ANGRY,True,True,0.7081929445266724,False
data/local/semlex_citizen100_train_audit/landmarks_v17/WHY/stA84J3SkMm7fFiLtoeL.v17.npz,data/local/semlex_citizen100_train_audit/raw/WHY/stA84J3SkMm7fFiLtoeL.webm,stA84J3SkMm7fFiLtoeL,78,WHY,WHY,D_01_067,why,FATHER,FATHER|HEAR|LISTEN|KNOW|WHY,False,True,0.05366568639874458,False
data/local/semlex_citizen100_train_audit/landmarks_v17/WHY/v3tw1rBac0LSvsu5FcUu.v17.npz,data/local/semlex_citizen100_train_audit/raw/WHY/v3tw1rBac0LSvsu5FcUu.webm,v3tw1rBac0LSvsu5FcUu,17,WHY,WHY,D_01_067,why,KNOW,KNOW|FATHER|HELLO|SAD|WHY,False,True,0.04091879725456238,False
data/local/semlex_citizen100_train_audit/landmarks_v17/WOMAN/1dx3tLk6UuI8tJ9puXxC.v17.npz,data/local/semlex_citizen100_train_audit/raw/WOMAN/1dx3tLk6UuI8tJ9puXxC.webm,1dx3tLk6UuI8tJ9puXxC,52,WOMAN,WOMAN1,C_02_028,woman,YOUR,YOUR|TAKE|WOMAN|TALK|OUR,False,True,0.10220487415790558,False
data/local/semlex_citizen100_train_audit/landmarks_v17/WOMAN/8yHbkV9OCqlLrnn1fb8U.v17.npz,data/local/semlex_citizen100_train_audit/raw/WOMAN/8yHbkV9OCqlLrnn1fb8U.webm,8yHbkV9OCqlLrnn1fb8U,39,WOMAN,WOMAN1,C_02_028,woman,WANT,WANT|WHAT|HE|WHY|NOW,False,False,0.001989668468013406,False
data/local/semlex_citizen100_train_audit/landmarks_v17/WOMAN/B2ZNX8Bas3i7qL2sADWD.v17.npz,data/local/semlex_citizen100_train_audit/raw/WOMAN/B2ZNX8Bas3i7qL2sADWD.webm,B2ZNX8Bas3i7qL2sADWD,80,WOMAN,WOMAN1,C_02_028,woman,WOMAN,WOMAN|DRINK|HOME|MAN|GIVE,True,True,0.6941280364990234,False
data/local/semlex_citizen100_train_audit/landmarks_v17/WOMAN/BgXBfxAlYwTMS17OirFI.v17.npz,data/local/semlex_citizen100_train_audit/raw/WOMAN/BgXBfxAlYwTMS17OirFI.webm,BgXBfxAlYwTMS17OirFI,59,WOMAN,WOMAN1,C_02_028,woman,WOMAN,WOMAN|HOSPITAL|LIKE|HUNGRY|MY,True,True,0.4489992558956146,False
data/local/semlex_citizen100_train_audit/landmarks_v17/WOMAN/EBo5pylzlW0plfA8jFFj.v17.npz,data/local/semlex_citizen100_train_audit/raw/WOMAN/EBo5pylzlW0plfA8jFFj.webm,EBo5pylzlW0plfA8jFFj,14,WOMAN,WOMAN1,C_02_028,woman,WOMAN,WOMAN|MAN|DRINK|OUR|MOTHER,True,True,0.44096073508262634,False
data/local/semlex_citizen100_train_audit/landmarks_v17/WOMAN/EG8ZeNpPTcXNy8zZnez9.v17.npz,data/local/semlex_citizen100_train_audit/raw/WOMAN/EG8ZeNpPTcXNy8zZnez9.webm,EG8ZeNpPTcXNy8zZnez9,62,WOMAN,WOMAN1,C_02_028,woman,WOMAN,WOMAN|MAN|OUR|DRINK|NIGHT,True,True,0.658501386642456,False
data/local/semlex_citizen100_train_audit/landmarks_v17/WOMAN/F1ho0P8rTBQu5kjTS2zv.v17.npz,data/local/semlex_citizen100_train_audit/raw/WOMAN/F1ho0P8rTBQu5kjTS2zv.webm,F1ho0P8rTBQu5kjTS2zv,35,WOMAN,WOMAN1,C_02_028,woman,WOMAN,WOMAN|WATER|LIKE|BAD|MORNING,True,True,0.92475825548172,False
data/local/semlex_citizen100_train_audit/landmarks_v17/WOMAN/NiBpTJ5IMMPpa5yDY1jf.v17.npz,data/local/semlex_citizen100_train_audit/raw/WOMAN/NiBpTJ5IMMPpa5yDY1jf.webm,NiBpTJ5IMMPpa5yDY1jf,38,WOMAN,WOMAN1,C_02_028,woman,WOMAN,WOMAN|MAN|BAD|OUR|NIGHT,True,True,0.9312102198600769,False
data/local/semlex_citizen100_train_audit/landmarks_v17/WOMAN/NuQVpcNDmlnaKRkTj500.v17.npz,data/local/semlex_citizen100_train_audit/raw/WOMAN/NuQVpcNDmlnaKRkTj500.webm,NuQVpcNDmlnaKRkTj500,84,WOMAN,WOMAN1,C_02_028,woman,WOMAN,WOMAN|GIVE|LIKE|OUR|BAD,True,True,0.8500450253486633,False
data/local/semlex_citizen100_train_audit/landmarks_v17/WOMAN/V81E70owlrVBtbKbcM6y.v17.npz,data/local/semlex_citizen100_train_audit/raw/WOMAN/V81E70owlrVBtbKbcM6y.webm,V81E70owlrVBtbKbcM6y,31,WOMAN,WOMAN1,C_02_028,woman,WOMAN,WOMAN|MAN|BAD|GIVE|DRINK,True,True,0.9283224940299988,False
data/local/semlex_citizen100_train_audit/landmarks_v17/WOMAN/VyynGEPaOqEv2FvSvtCX.v17.npz,data/local/semlex_citizen100_train_audit/raw/WOMAN/VyynGEPaOqEv2FvSvtCX.webm,VyynGEPaOqEv2FvSvtCX,88,WOMAN,WOMAN1,C_02_028,woman,WOMAN,WOMAN|OUR|MAN|NIGHT|HOME,True,True,0.49052709341049194,False
data/local/semlex_citizen100_train_audit/landmarks_v17/WOMAN/ZAuxmVp48bInkfhHyRFl.v17.npz,data/local/semlex_citizen100_train_audit/raw/WOMAN/ZAuxmVp48bInkfhHyRFl.webm,ZAuxmVp48bInkfhHyRFl,7,WOMAN,WOMAN1,C_02_028,woman,HUNGRY,HUNGRY|BAD|YOU|WOMAN|GIVE,False,True,0.06962110102176666,False
data/local/semlex_citizen100_train_audit/landmarks_v17/WOMAN/cnyhy7dfdPk1FqMnx8wD.v17.npz,data/local/semlex_citizen100_train_audit/raw/WOMAN/cnyhy7dfdPk1FqMnx8wD.webm,cnyhy7dfdPk1FqMnx8wD,49,WOMAN,WOMAN1,C_02_028,woman,YOUR,YOUR|GOODBYE|MOTHER|TALK|SMALL,False,False,0.011621075682342052,False
data/local/semlex_citizen100_train_audit/landmarks_v17/WOMAN/kddivYkSaqCrnjH24iNo.v17.npz,data/local/semlex_citizen100_train_audit/raw/WOMAN/kddivYkSaqCrnjH24iNo.webm,kddivYkSaqCrnjH24iNo,43,WOMAN,WOMAN1,C_02_028,woman,YOUR,YOUR|WOMAN|DRINK|TALK|MAN,False,True,0.16379308700561523,False
data/local/semlex_citizen100_train_audit/landmarks_v17/WOMAN/sX3A7PnHCy1hPbB7V41M.v17.npz,data/local/semlex_citizen100_train_audit/raw/WOMAN/sX3A7PnHCy1hPbB7V41M.webm,sX3A7PnHCy1hPbB7V41M,60,WOMAN,WOMAN1,C_02_028,woman,BAD,BAD|WOMAN|HOT|HUNGRY|LIKE,False,True,0.22321128845214844,False
data/local/semlex_citizen100_train_audit/landmarks_v17/WOMAN/ukWfMbF1SSPKq0YEcKGp.v17.npz,data/local/semlex_citizen100_train_audit/raw/WOMAN/ukWfMbF1SSPKq0YEcKGp.webm,ukWfMbF1SSPKq0YEcKGp,42,WOMAN,WOMAN1,C_02_028,woman,WOMAN,WOMAN|MAN|BAD|MORNING|GOOD,True,True,0.9097115993499756,False
data/local/semlex_citizen100_train_audit/landmarks_v17/WOMAN/vDHdgxIJYqbCFYRmc4GX.v17.npz,data/local/semlex_citizen100_train_audit/raw/WOMAN/vDHdgxIJYqbCFYRmc4GX.webm,vDHdgxIJYqbCFYRmc4GX,46,WOMAN,WOMAN1,C_02_028,woman,WOMAN,WOMAN|MAN|DRINK|TALK|OUR,True,True,0.8856366872787476,False
data/local/semlex_citizen100_train_audit/landmarks_v17/WOMAN/vuDM6vUcRO4L99jCOCEd.v17.npz,data/local/semlex_citizen100_train_audit/raw/WOMAN/vuDM6vUcRO4L99jCOCEd.webm,vuDM6vUcRO4L99jCOCEd,30,WOMAN,WOMAN1,C_02_028,woman,WOMAN,WOMAN|MAN|DRINK|YOUR|TAKE,True,True,0.850778341293335,False
data/local/semlex_citizen100_train_audit/landmarks_v17/WOMAN/yU9CzIzhzrz340EL7rDT.v17.npz,data/local/semlex_citizen100_train_audit/raw/WOMAN/yU9CzIzhzrz340EL7rDT.webm,yU9CzIzhzrz340EL7rDT,15,WOMAN,WOMAN1,C_02_028,woman,WOMAN,WOMAN|BAD|HOT|WATER|MOTHER,True,True,0.8069725036621094,False
data/local/semlex_citizen100_train_audit/landmarks_v17/WOMAN/zpsYqownkA7wv6UXLvjq.v17.npz,data/local/semlex_citizen100_train_audit/raw/WOMAN/zpsYqownkA7wv6UXLvjq.webm,zpsYqownkA7wv6UXLvjq,17,WOMAN,WOMAN1,C_02_028,woman,WOMAN,WOMAN|MAN|OUR|DRINK|TALK,True,True,0.7771816253662109,False
data/local/semlex_citizen100_train_audit/landmarks_v17/WORK/1IAgBHaJBf7lafPlJMer.v17.npz,data/local/semlex_citizen100_train_audit/raw/WORK/1IAgBHaJBf7lafPlJMer.webm,1IAgBHaJBf7lafPlJMer,42,WORK,WORK,B_03_059,work,WORK,WORK|NIGHT|TAKE|YES|WE,True,True,0.8282420039176941,False
data/local/semlex_citizen100_train_audit/landmarks_v17/WORK/1ytZKJlzpGgtO1Zswr2a.v17.npz,data/local/semlex_citizen100_train_audit/raw/WORK/1ytZKJlzpGgtO1Zswr2a.webm,1ytZKJlzpGgtO1Zswr2a,85,WORK,WORK,B_03_059,work,WORK,WORK|NIGHT|TIME|USE|WE,True,True,0.5308235883712769,False
data/local/semlex_citizen100_train_audit/landmarks_v17/WORK/3b9vrW5zUWby6BM0MnTh.v17.npz,data/local/semlex_citizen100_train_audit/raw/WORK/3b9vrW5zUWby6BM0MnTh.webm,3b9vrW5zUWby6BM0MnTh,88,WORK,WORK,B_03_059,work,WORK,WORK|TIME|MAKE|FRIEND|NIGHT,True,True,0.5629865527153015,False
data/local/semlex_citizen100_train_audit/landmarks_v17/WORK/65giknjf3r6TaotXzYuc.v17.npz,data/local/semlex_citizen100_train_audit/raw/WORK/65giknjf3r6TaotXzYuc.webm,65giknjf3r6TaotXzYuc,8,WORK,WORK,B_03_059,work,WORK,WORK|NIGHT|IMPORTANT|TAKE|TIME,True,True,0.8148677349090576,False
data/local/semlex_citizen100_train_audit/landmarks_v17/WORK/8wuyvFhHDpU3by8XYECb.v17.npz,data/local/semlex_citizen100_train_audit/raw/WORK/8wuyvFhHDpU3by8XYECb.webm,8wuyvFhHDpU3by8XYECb,80,WORK,WORK,B_03_059,work,WORK,WORK|NIGHT|TAKE|IMPORTANT|ANSWER,True,True,0.8923677206039429,False
data/local/semlex_citizen100_train_audit/landmarks_v17/WORK/9geyQl8eooPAh5QCoeRF.v17.npz,data/local/semlex_citizen100_train_audit/raw/WORK/9geyQl8eooPAh5QCoeRF.webm,9geyQl8eooPAh5QCoeRF,60,WORK,WORK,B_03_059,work,WORK,WORK|MAKE|COLD|FRIEND|YES,True,True,0.45285195112228394,False
data/local/semlex_citizen100_train_audit/landmarks_v17/WORK/9jMqBz210j4jezoaRTRg.v17.npz,data/local/semlex_citizen100_train_audit/raw/WORK/9jMqBz210j4jezoaRTRg.webm,9jMqBz210j4jezoaRTRg,54,WORK,WORK,B_03_059,work,COME,COME|WE|YES|OUR|CHILD,False,False,0.01995999738574028,False
data/local/semlex_citizen100_train_audit/landmarks_v17/WORK/AWTKXDm6moU8QnIJbXuA.v17.npz,data/local/semlex_citizen100_train_audit/raw/WORK/AWTKXDm6moU8QnIJbXuA.webm,AWTKXDm6moU8QnIJbXuA,76,WORK,WORK,B_03_059,work,WORK,WORK|TAKE|SAME|YES|SORRY,True,True,0.7304729223251343,False
data/local/semlex_citizen100_train_audit/landmarks_v17/WORK/DnKYm3taG10C27dAN3IZ.v17.npz,data/local/semlex_citizen100_train_audit/raw/WORK/DnKYm3taG10C27dAN3IZ.webm,DnKYm3taG10C27dAN3IZ,30,WORK,WORK,B_03_059,work,WORK,WORK|NIGHT|MAKE|WRITE|YEAR,True,True,0.6204070448875427,False
data/local/semlex_citizen100_train_audit/landmarks_v17/WORK/IxFIpwnhQthcyXRdYKkx.v17.npz,data/local/semlex_citizen100_train_audit/raw/WORK/IxFIpwnhQthcyXRdYKkx.webm,IxFIpwnhQthcyXRdYKkx,17,WORK,WORK,B_03_059,work,WORK,WORK|TRY|ANSWER|COLD|IMPORTANT,True,True,0.8966907858848572,False
data/local/semlex_citizen100_train_audit/landmarks_v17/WORK/LIlFzquwTsJ2iai8yy28.v17.npz,data/local/semlex_citizen100_train_audit/raw/WORK/LIlFzquwTsJ2iai8yy28.webm,LIlFzquwTsJ2iai8yy28,39,WORK,WORK,B_03_059,work,HOSPITAL,HOSPITAL|WE|DAY|ASK|USE,False,False,0.0019003419438377023,False
data/local/semlex_citizen100_train_audit/landmarks_v17/WORK/LNxbjaT17gH9PubhzWtS.v17.npz,data/local/semlex_citizen100_train_audit/raw/WORK/LNxbjaT17gH9PubhzWtS.webm,LNxbjaT17gH9PubhzWtS,23,WORK,WORK,B_03_059,work,WORK,WORK|NIGHT|SAME|IMPORTANT|TAKE,True,True,0.855338454246521,False
data/local/semlex_citizen100_train_audit/landmarks_v17/WORK/M2zdxCLViaPCyAGUoGiv.v17.npz,data/local/semlex_citizen100_train_audit/raw/WORK/M2zdxCLViaPCyAGUoGiv.webm,M2zdxCLViaPCyAGUoGiv,35,WORK,WORK,B_03_059,work,WORK,WORK|NIGHT|TAKE|WE|MAKE,True,True,0.8117028474807739,False
data/local/semlex_citizen100_train_audit/landmarks_v17/WORK/MziXqKspXMa7BsLWZaEo.v17.npz,data/local/semlex_citizen100_train_audit/raw/WORK/MziXqKspXMa7BsLWZaEo.webm,MziXqKspXMa7BsLWZaEo,38,WORK,WORK,B_03_059,work,WORK,WORK|NIGHT|TIME|IMPORTANT|MAKE,True,True,0.847618579864502,False
data/local/semlex_citizen100_train_audit/landmarks_v17/WORK/OX0OwDSgOV9uaQ8WI5vY.v17.npz,data/local/semlex_citizen100_train_audit/raw/WORK/OX0OwDSgOV9uaQ8WI5vY.webm,OX0OwDSgOV9uaQ8WI5vY,84,WORK,WORK,B_03_059,work,WORK,WORK|TIME|NIGHT|YES|WE,True,True,0.8663383722305298,False
data/local/semlex_citizen100_train_audit/landmarks_v17/WORK/OYBcVVVtJvFwkaVfLtfp.v17.npz,data/local/semlex_citizen100_train_audit/raw/WORK/OYBcVVVtJvFwkaVfLtfp.webm,OYBcVVVtJvFwkaVfLtfp,12,WORK,WORK,B_03_059,work,WORK,WORK|NIGHT|YEAR|MAKE|WRITE,True,True,0.8540320992469788,False
data/local/semlex_citizen100_train_audit/landmarks_v17/WORK/P2Kjw1LKA7SODDYIEbKB.v17.npz,data/local/semlex_citizen100_train_audit/raw/WORK/P2Kjw1LKA7SODDYIEbKB.webm,P2Kjw1LKA7SODDYIEbKB,14,WORK,WORK,B_03_059,work,WORK,WORK|TAKE|NIGHT|SORRY|YES,True,True,0.7671513557434082,False
data/local/semlex_citizen100_train_audit/landmarks_v17/WORK/TKuGBMq7kKHw3fAGtNVk.v17.npz,data/local/semlex_citizen100_train_audit/raw/WORK/TKuGBMq7kKHw3fAGtNVk.webm,TKuGBMq7kKHw3fAGtNVk,43,WORK,WORK,B_03_059,work,SAME,SAME|NIGHT|WORK|YES|TAKE,False,True,0.06374993175268173,False
data/local/semlex_citizen100_train_audit/landmarks_v17/WORK/UvUZ9RmZHewnY0NuuXA3.v17.npz,data/local/semlex_citizen100_train_audit/raw/WORK/UvUZ9RmZHewnY0NuuXA3.webm,UvUZ9RmZHewnY0NuuXA3,59,WORK,WORK,B_03_059,work,WORK,WORK|WE|TAKE|NIGHT|TIME,True,True,0.3873494267463684,False
data/local/semlex_citizen100_train_audit/landmarks_v17/WORK/WO7o2GeRC5QtbTdGb0hj.v17.npz,data/local/semlex_citizen100_train_audit/raw/WORK/WO7o2GeRC5QtbTdGb0hj.webm,WO7o2GeRC5QtbTdGb0hj,31,WORK,WORK,B_03_059,work,WORK,WORK|MAKE|NIGHT|TIME|FRIEND,True,True,0.9432996511459351,False
data/local/semlex_citizen100_train_audit/landmarks_v17/WORK/XU48Yr6KXYVLDguNyrjx.v17.npz,data/local/semlex_citizen100_train_audit/raw/WORK/XU48Yr6KXYVLDguNyrjx.webm,XU48Yr6KXYVLDguNyrjx,62,WORK,WORK,B_03_059,work,WORK,WORK|NIGHT|TAKE|MAKE|YEAR,True,True,0.9212473034858704,False
data/local/semlex_citizen100_train_audit/landmarks_v17/WORK/XytW1HLkHgMzvpBkth4K.v17.npz,data/local/semlex_citizen100_train_audit/raw/WORK/XytW1HLkHgMzvpBkth4K.webm,XytW1HLkHgMzvpBkth4K,63,WORK,WORK,B_03_059,work,WORK,WORK|TIME|NIGHT|TRY|MAKE,True,True,0.951407790184021,False
data/local/semlex_citizen100_train_audit/landmarks_v17/WORK/a1pIxWd9PL0TRqhK41Ne.v17.npz,data/local/semlex_citizen100_train_audit/raw/WORK/a1pIxWd9PL0TRqhK41Ne.webm,a1pIxWd9PL0TRqhK41Ne,15,WORK,WORK,B_03_059,work,WORK,WORK|NIGHT|MAKE|TIME|TAKE,True,True,0.9373451471328735,False
data/local/semlex_citizen100_train_audit/landmarks_v17/WORK/olnD9ldkJvIXTnrn2l2L.v17.npz,data/local/semlex_citizen100_train_audit/raw/WORK/olnD9ldkJvIXTnrn2l2L.webm,olnD9ldkJvIXTnrn2l2L,46,WORK,WORK,B_03_059,work,WORK,WORK|NIGHT|TIME|IMPORTANT|TAKE,True,True,0.9400288462638855,False
data/local/semlex_citizen100_train_audit/landmarks_v17/WORK/uBSmm338lxJ3xeypnbXp.v17.npz,data/local/semlex_citizen100_train_audit/raw/WORK/uBSmm338lxJ3xeypnbXp.webm,uBSmm338lxJ3xeypnbXp,7,WORK,WORK,B_03_059,work,WORK,WORK|NIGHT|WE|TIME|GO,True,True,0.6547554731369019,False
data/local/semlex_citizen100_train_audit/landmarks_v17/WORK/wQQSGEAP2T54LDNYvJED.v17.npz,data/local/semlex_citizen100_train_audit/raw/WORK/wQQSGEAP2T54LDNYvJED.webm,wQQSGEAP2T54LDNYvJED,52,WORK,WORK,B_03_059,work,WORK,WORK|IMPORTANT|NIGHT|TRY|COLD,True,True,0.8909459710121155,False
data/local/semlex_citizen100_train_audit/landmarks_v17/WRITE/1OERaiyfjDFrEZcWjgAr.v17.npz,data/local/semlex_citizen100_train_audit/raw/WRITE/1OERaiyfjDFrEZcWjgAr.webm,1OERaiyfjDFrEZcWjgAr,85,WRITE,WRITE,D_01_051,write,WRITE,WRITE|WEEK|FRIEND|NAME|HOW,True,True,0.4611493945121765,False
data/local/semlex_citizen100_train_audit/landmarks_v17/WRITE/7Lc14jJ5lD3eo7rocdvl.v17.npz,data/local/semlex_citizen100_train_audit/raw/WRITE/7Lc14jJ5lD3eo7rocdvl.webm,7Lc14jJ5lD3eo7rocdvl,14,WRITE,WRITE,D_01_051,write,WRITE,WRITE|HOW|LESS|WEEK|EASY,True,True,0.9571369886398315,False
data/local/semlex_citizen100_train_audit/landmarks_v17/WRITE/IhbOPEsMNqu0H9SId897.v17.npz,data/local/semlex_citizen100_train_audit/raw/WRITE/IhbOPEsMNqu0H9SId897.webm,IhbOPEsMNqu0H9SId897,11,WRITE,WRITE,D_01_051,write,FRIEND,FRIEND|READ|ANSWER|USE|SCHOOL,False,False,0.035526588559150696,False
data/local/semlex_citizen100_train_audit/landmarks_v17/WRITE/JTPt5lxqNqWVs0Oa5MV9.v17.npz,data/local/semlex_citizen100_train_audit/raw/WRITE/JTPt5lxqNqWVs0Oa5MV9.webm,JTPt5lxqNqWVs0Oa5MV9,39,WRITE,WRITE,D_01_051,write,WANT,WANT|DOCTOR|WAIT|MAYBE|EXCITED,False,False,0.003507615765556693,False
data/local/semlex_citizen100_train_audit/landmarks_v17/WRITE/M01ll5eStloi0dkLwvXP.v17.npz,data/local/semlex_citizen100_train_audit/raw/WRITE/M01ll5eStloi0dkLwvXP.webm,M01ll5eStloi0dkLwvXP,80,WRITE,WRITE,D_01_051,write,WRITE,WRITE|LANGUAGE|FAMILY|EASY|READ,True,True,0.8829482793807983,False
data/local/semlex_citizen100_train_audit/landmarks_v17/WRITE/ONNI7eKvtxh3ewCtJfuu.v17.npz,data/local/semlex_citizen100_train_audit/raw/WRITE/ONNI7eKvtxh3ewCtJfuu.webm,ONNI7eKvtxh3ewCtJfuu,42,WRITE,WRITE,D_01_051,write,WRITE,WRITE|WEEK|HOW|EASY|EXCITED,True,True,0.7178478837013245,False
data/local/semlex_citizen100_train_audit/landmarks_v17/WRITE/QJjx96bNcTux5zn3uvzO.v17.npz,data/local/semlex_citizen100_train_audit/raw/WRITE/QJjx96bNcTux5zn3uvzO.webm,QJjx96bNcTux5zn3uvzO,88,WRITE,WRITE,D_01_051,write,WEEK,WEEK|WRITE|EXCITED|FEEL|HELP,False,True,0.3893844783306122,False
data/local/semlex_citizen100_train_audit/landmarks_v17/WRITE/ReqB9wTRZOe9mV4dHx3M.v17.npz,data/local/semlex_citizen100_train_audit/raw/WRITE/ReqB9wTRZOe9mV4dHx3M.webm,ReqB9wTRZOe9mV4dHx3M,54,WRITE,WRITE,D_01_051,write,WRITE,WRITE|FRIEND|HOW|TIRED|LESS,True,True,0.8357898592948914,False
data/local/semlex_citizen100_train_audit/landmarks_v17/WRITE/SWv6MRPGpWTggN1Zw4Yx.v17.npz,data/local/semlex_citizen100_train_audit/raw/WRITE/SWv6MRPGpWTggN1Zw4Yx.webm,SWv6MRPGpWTggN1Zw4Yx,17,WRITE,WRITE,D_01_051,write,READ,READ|USE|FRIEND|TALK|SCHOOL,False,False,0.007713418919593096,False
data/local/semlex_citizen100_train_audit/landmarks_v17/WRITE/T5LhinxDkuRl3rTTjp11.v17.npz,data/local/semlex_citizen100_train_audit/raw/WRITE/T5LhinxDkuRl3rTTjp11.webm,T5LhinxDkuRl3rTTjp11,43,WRITE,WRITE,D_01_051,write,WRITE,WRITE|EASY|WEEK|HOW|EXCITED,True,True,0.9329343438148499,False
data/local/semlex_citizen100_train_audit/landmarks_v17/WRITE/UFpZdYPF65uT69sSaA48.v17.npz,data/local/semlex_citizen100_train_audit/raw/WRITE/UFpZdYPF65uT69sSaA48.webm,UFpZdYPF65uT69sSaA48,52,WRITE,WRITE,D_01_051,write,WRITE,WRITE|WEEK|LANGUAGE|HOW|FRIEND,True,True,0.633878767490387,False
data/local/semlex_citizen100_train_audit/landmarks_v17/WRITE/bc9lL8eJOkWf0qiP4gUS.v17.npz,data/local/semlex_citizen100_train_audit/raw/WRITE/bc9lL8eJOkWf0qiP4gUS.webm,bc9lL8eJOkWf0qiP4gUS,7,WRITE,WRITE,D_01_051,write,MAKE,MAKE|WRITE|NIGHT|WORK|FRIEND,False,True,0.138388529419899,False
data/local/semlex_citizen100_train_audit/landmarks_v17/WRITE/eOao6rNoeQqR3ko1nlxC.v17.npz,data/local/semlex_citizen100_train_audit/raw/WRITE/eOao6rNoeQqR3ko1nlxC.webm,eOao6rNoeQqR3ko1nlxC,35,WRITE,WRITE,D_01_051,write,LANGUAGE,LANGUAGE|BIG|NOW|TRY|WRITE,False,True,0.06938278675079346,False
data/local/semlex_citizen100_train_audit/landmarks_v17/WRITE/gNPNgmbZ5aJQxOA7rhG5.v17.npz,data/local/semlex_citizen100_train_audit/raw/WRITE/gNPNgmbZ5aJQxOA7rhG5.webm,gNPNgmbZ5aJQxOA7rhG5,78,WRITE,WRITE,D_01_051,write,HOW,HOW|NIGHT|WRITE|WEEK|LESS,False,True,0.0654519572854042,False
data/local/semlex_citizen100_train_audit/landmarks_v17/WRITE/j2bfTgstiAhrQSUHzJ6b.v17.npz,data/local/semlex_citizen100_train_audit/raw/WRITE/j2bfTgstiAhrQSUHzJ6b.webm,j2bfTgstiAhrQSUHzJ6b,38,WRITE,WRITE,D_01_051,write,WRITE,WRITE|FRIEND|WORK|MAKE|TIRED,True,True,0.6738583445549011,False
data/local/semlex_citizen100_train_audit/landmarks_v17/WRITE/jXXXqcQ0w39c44NIIYKj.v17.npz,data/local/semlex_citizen100_train_audit/raw/WRITE/jXXXqcQ0w39c44NIIYKj.webm,jXXXqcQ0w39c44NIIYKj,84,WRITE,WRITE,D_01_051,write,WRITE,WRITE|WEEK|HOW|FRIEND|EXCITED,True,True,0.9344269037246704,False
data/local/semlex_citizen100_train_audit/landmarks_v17/WRITE/lp2rAM7cZiRo2ifuSu7E.v17.npz,data/local/semlex_citizen100_train_audit/raw/WRITE/lp2rAM7cZiRo2ifuSu7E.webm,lp2rAM7cZiRo2ifuSu7E,8,WRITE,WRITE,D_01_051,write,WRITE,WRITE|LANGUAGE|WHAT|FRIEND|WEEK,True,True,0.7111587524414062,False
data/local/semlex_citizen100_train_audit/landmarks_v17/WRITE/p8aHChCNIO78WINbVl1w.v17.npz,data/local/semlex_citizen100_train_audit/raw/WRITE/p8aHChCNIO78WINbVl1w.webm,p8aHChCNIO78WINbVl1w,30,WRITE,WRITE,D_01_051,write,WRITE,WRITE|WEEK|HOW|FRIEND|LANGUAGE,True,True,0.9512932896614075,False
data/local/semlex_citizen100_train_audit/landmarks_v17/WRITE/pXnhB5tURFLK18o2yI4n.v17.npz,data/local/semlex_citizen100_train_audit/raw/WRITE/pXnhB5tURFLK18o2yI4n.webm,pXnhB5tURFLK18o2yI4n,23,WRITE,WRITE,D_01_051,write,WRITE,WRITE|DOCTOR|SCHOOL|SAME|NIGHT,True,True,0.6427606344223022,False
data/local/semlex_citizen100_train_audit/landmarks_v17/WRITE/phDMB37R9uuFE6aT3qJd.v17.npz,data/local/semlex_citizen100_train_audit/raw/WRITE/phDMB37R9uuFE6aT3qJd.webm,phDMB37R9uuFE6aT3qJd,63,WRITE,WRITE,D_01_051,write,WRITE,WRITE|HOW|WEEK|EXCITED|EASY,True,True,0.9061365723609924,False
data/local/semlex_citizen100_train_audit/landmarks_v17/WRITE/qd6dAIv6beUbI39uT5S8.v17.npz,data/local/semlex_citizen100_train_audit/raw/WRITE/qd6dAIv6beUbI39uT5S8.webm,qd6dAIv6beUbI39uT5S8,59,WRITE,WRITE,D_01_051,write,WRITE,WRITE|WEEK|SCHOOL|SAME|HELP,True,True,0.8883317112922668,False
data/local/semlex_citizen100_train_audit/landmarks_v17/WRITE/wTSwvJLAKr1pU2qS39eV.v17.npz,data/local/semlex_citizen100_train_audit/raw/WRITE/wTSwvJLAKr1pU2qS39eV.webm,wTSwvJLAKr1pU2qS39eV,62,WRITE,WRITE,D_01_051,write,COLD,COLD|WRITE|DOCTOR|TIRED|READ,False,True,0.26802387833595276,False
data/local/semlex_citizen100_train_audit/landmarks_v17/WRITE/z6qu9hciwBkJXdwpCXUj.v17.npz,data/local/semlex_citizen100_train_audit/raw/WRITE/z6qu9hciwBkJXdwpCXUj.webm,z6qu9hciwBkJXdwpCXUj,12,WRITE,WRITE,D_01_051,write,TRY,TRY|WRITE|LANGUAGE|MAYBE|FAMILY,False,True,0.1581435352563858,False
data/local/semlex_citizen100_train_audit/landmarks_v17/WRITE/zQxzvuSJCNXsnRHB6J2O.v17.npz,data/local/semlex_citizen100_train_audit/raw/WRITE/zQxzvuSJCNXsnRHB6J2O.webm,zQxzvuSJCNXsnRHB6J2O,31,WRITE,WRITE,D_01_051,write,WRITE,WRITE|WEEK|EASY|HELP|HOW,True,True,0.20379839837551117,False
data/local/semlex_citizen100_train_audit/landmarks_v17/YEAR/4VkIz0BwASDPZCZrc5XJ.v17.npz,data/local/semlex_citizen100_train_audit/raw/YEAR/4VkIz0BwASDPZCZrc5XJ.webm,4VkIz0BwASDPZCZrc5XJ,35,YEAR,YEAR,B_02_015,year,MAKE,MAKE|YEAR|FRIEND|TIRED|WRITE,False,True,0.2980490028858185,False
data/local/semlex_citizen100_train_audit/landmarks_v17/YEAR/H76LlnExs6rJbN3T14kk.v17.npz,data/local/semlex_citizen100_train_audit/raw/YEAR/H76LlnExs6rJbN3T14kk.webm,H76LlnExs6rJbN3T14kk,46,YEAR,YEAR,B_02_015,year,YEAR,YEAR|MAKE|TIME|FRIEND|LEARN,True,True,0.9333064556121826,False
data/local/semlex_citizen100_train_audit/landmarks_v17/YEAR/MwF27V8K60c5jT36AbLE.v17.npz,data/local/semlex_citizen100_train_audit/raw/YEAR/MwF27V8K60c5jT36AbLE.webm,MwF27V8K60c5jT36AbLE,62,YEAR,YEAR,B_02_015,year,YEAR,YEAR|MAKE|NIGHT|WORK|LEARN,True,True,0.5693166255950928,False
data/local/semlex_citizen100_train_audit/landmarks_v17/YEAR/NpcgYikU9DtOyp57o9D5.v17.npz,data/local/semlex_citizen100_train_audit/raw/YEAR/NpcgYikU9DtOyp57o9D5.webm,NpcgYikU9DtOyp57o9D5,11,YEAR,YEAR,B_02_015,year,MAKE,MAKE|YEAR|LOVE|HOW|HELP,False,True,0.28052613139152527,False
data/local/semlex_citizen100_train_audit/landmarks_v17/YEAR/RsaBNXtFKWf17V9W3qgm.v17.npz,data/local/semlex_citizen100_train_audit/raw/YEAR/RsaBNXtFKWf17V9W3qgm.webm,RsaBNXtFKWf17V9W3qgm,38,YEAR,YEAR,B_02_015,year,YEAR,YEAR|MAKE|LEARN|WHAT|WORK,True,True,0.9143714308738708,False
data/local/semlex_citizen100_train_audit/landmarks_v17/YEAR/UmJhbIzgwzI1BG9XQ0ps.v17.npz,data/local/semlex_citizen100_train_audit/raw/YEAR/UmJhbIzgwzI1BG9XQ0ps.webm,UmJhbIzgwzI1BG9XQ0ps,63,YEAR,YEAR,B_02_015,year,YEAR,YEAR|MAKE|TIME|NIGHT|WORK,True,True,0.7792649269104004,False
data/local/semlex_citizen100_train_audit/landmarks_v17/YEAR/gRkjLdgUzxTMl0OXUq29.v17.npz,data/local/semlex_citizen100_train_audit/raw/YEAR/gRkjLdgUzxTMl0OXUq29.webm,gRkjLdgUzxTMl0OXUq29,17,YEAR,YEAR,B_02_015,year,YEAR,YEAR|MAKE|SIGN|LEARN|TIME,True,True,0.7410101294517517,False
data/local/semlex_citizen100_train_audit/landmarks_v17/YEAR/hzS4oPtcV8O0mSrOmdrw.v17.npz,data/local/semlex_citizen100_train_audit/raw/YEAR/hzS4oPtcV8O0mSrOmdrw.webm,hzS4oPtcV8O0mSrOmdrw,84,YEAR,YEAR,B_02_015,year,YEAR,YEAR|MAKE|NIGHT|TIME|WORK,True,True,0.5643228888511658,False
data/local/semlex_citizen100_train_audit/landmarks_v17/YEAR/lt7knDifnjWbq8C1pfad.v17.npz,data/local/semlex_citizen100_train_audit/raw/YEAR/lt7knDifnjWbq8C1pfad.webm,lt7knDifnjWbq8C1pfad,7,YEAR,YEAR,B_02_015,year,YEAR,YEAR|TIME|MAKE|LEARN|SIGN,True,True,0.9134714007377625,False
data/local/semlex_citizen100_train_audit/landmarks_v17/YEAR/qP6MjFLZjAIVZxb8zMLe.v17.npz,data/local/semlex_citizen100_train_audit/raw/YEAR/qP6MjFLZjAIVZxb8zMLe.webm,qP6MjFLZjAIVZxb8zMLe,49,YEAR,YEAR,B_02_015,year,YEAR,YEAR|WHAT|SIGN|HELP|TELL,True,True,0.7894169092178345,False
data/local/semlex_citizen100_train_audit/landmarks_v17/YEAR/sybm7ScrAst1cqd4MjcB.v17.npz,data/local/semlex_citizen100_train_audit/raw/YEAR/sybm7ScrAst1cqd4MjcB.webm,sybm7ScrAst1cqd4MjcB,30,YEAR,YEAR,B_02_015,year,MAKE,MAKE|YEAR|TELL|SORRY|I,False,True,0.378709077835083,False
data/local/semlex_citizen100_train_audit/landmarks_v17/YES/0ZNSWsQ9m6HdjpyemOo1.v17.npz,data/local/semlex_citizen100_train_audit/raw/YES/0ZNSWsQ9m6HdjpyemOo1.webm,0ZNSWsQ9m6HdjpyemOo1,80,YES,YES,G_03_074,yes,YESTERDAY,YESTERDAY|YES|GOODBYE|TOMORROW|NEED,False,True,0.21279488503932953,False
data/local/semlex_citizen100_train_audit/landmarks_v17/YES/2zRH0Xm2qYFB309PZXSj.v17.npz,data/local/semlex_citizen100_train_audit/raw/YES/2zRH0Xm2qYFB309PZXSj.webm,2zRH0Xm2qYFB309PZXSj,46,YES,YES,G_03_074,yes,YES,YES|TAKE|NEED|CHILD|YESTERDAY,True,True,0.9460529685020447,False
data/local/semlex_citizen100_train_audit/landmarks_v17/YES/HFPQiQLlaJL72jDvrrcl.v17.npz,data/local/semlex_citizen100_train_audit/raw/YES/HFPQiQLlaJL72jDvrrcl.webm,HFPQiQLlaJL72jDvrrcl,88,YES,YES,G_03_074,yes,YES,YES|SAME|TRY|CHILD|TAKE,True,True,0.7960977554321289,False
data/local/semlex_citizen100_train_audit/landmarks_v17/YES/MUYalfWVh7gUYh66yu72.v17.npz,data/local/semlex_citizen100_train_audit/raw/YES/MUYalfWVh7gUYh66yu72.webm,MUYalfWVh7gUYh66yu72,62,YES,YES,G_03_074,yes,YES,YES|YESTERDAY|TAKE|CHILD|NEED,True,True,0.8335446119308472,False
data/local/semlex_citizen100_train_audit/landmarks_v17/YES/Osj24WVpE21FDeFcmTOt.v17.npz,data/local/semlex_citizen100_train_audit/raw/YES/Osj24WVpE21FDeFcmTOt.webm,Osj24WVpE21FDeFcmTOt,42,YES,YES,G_03_074,yes,YES,YES|YESTERDAY|TAKE|GOODBYE|CHILD,True,True,0.8712475299835205,False
data/local/semlex_citizen100_train_audit/landmarks_v17/YES/Vke5SViNarOXpL9UuC65.v17.npz,data/local/semlex_citizen100_train_audit/raw/YES/Vke5SViNarOXpL9UuC65.webm,Vke5SViNarOXpL9UuC65,17,YES,YES,G_03_074,yes,YES,YES|NEED|YESTERDAY|CHILD|TAKE,True,True,0.9435409307479858,False
data/local/semlex_citizen100_train_audit/landmarks_v17/YES/ZldGox2rguc6NNAGZ6LO.v17.npz,data/local/semlex_citizen100_train_audit/raw/YES/ZldGox2rguc6NNAGZ6LO.webm,ZldGox2rguc6NNAGZ6LO,7,YES,YES,G_03_074,yes,YES,YES|NEED|TAKE|ASK|YOU,True,True,0.6068884134292603,False
data/local/semlex_citizen100_train_audit/landmarks_v17/YES/dJlXfg1OekqYgp444eaj.v17.npz,data/local/semlex_citizen100_train_audit/raw/YES/dJlXfg1OekqYgp444eaj.webm,dJlXfg1OekqYgp444eaj,84,YES,YES,G_03_074,yes,YES,YES|YESTERDAY|TAKE|TOMORROW|COLD,True,True,0.923123300075531,False
data/local/semlex_citizen100_train_audit/landmarks_v17/YES/g10TepUQ564agUVFlzyR.v17.npz,data/local/semlex_citizen100_train_audit/raw/YES/g10TepUQ564agUVFlzyR.webm,g10TepUQ564agUVFlzyR,11,YES,YES,G_03_074,yes,YES,YES|NEED|YESTERDAY|CHILD|TAKE,True,True,0.8749485611915588,False
data/local/semlex_citizen100_train_audit/landmarks_v17/YES/gSnqXbMf3GeQuIQbGndH.v17.npz,data/local/semlex_citizen100_train_audit/raw/YES/gSnqXbMf3GeQuIQbGndH.webm,gSnqXbMf3GeQuIQbGndH,38,YES,YES,G_03_074,yes,YES,YES|NEED|TOMORROW|YOU|YESTERDAY,True,True,0.5987956523895264,False
data/local/semlex_citizen100_train_audit/landmarks_v17/YES/htg1Mxrf2mJzFt3CJvC7.v17.npz,data/local/semlex_citizen100_train_audit/raw/YES/htg1Mxrf2mJzFt3CJvC7.webm,htg1Mxrf2mJzFt3CJvC7,43,YES,YES,G_03_074,yes,YESTERDAY,YESTERDAY|YES|CHILD|GOODBYE|COLD,False,True,0.18921801447868347,False
data/local/semlex_citizen100_train_audit/landmarks_v17/YES/lnpOc0JQq703sMetR6G6.v17.npz,data/local/semlex_citizen100_train_audit/raw/YES/lnpOc0JQq703sMetR6G6.webm,lnpOc0JQq703sMetR6G6,49,YES,YES,G_03_074,yes,YES,YES|CHILD|YESTERDAY|COLD|COME,True,True,0.7457185983657837,False
data/local/semlex_citizen100_train_audit/landmarks_v17/YES/qAWELMyZMJs8iYtH5umN.v17.npz,data/local/semlex_citizen100_train_audit/raw/YES/qAWELMyZMJs8iYtH5umN.webm,qAWELMyZMJs8iYtH5umN,59,YES,YES,G_03_074,yes,YES,YES|NEED|TAKE|NO|ASK,True,True,0.6723397374153137,False
data/local/semlex_citizen100_train_audit/landmarks_v17/YES/rUNpmVtLdcYnrJKzNG1i.v17.npz,data/local/semlex_citizen100_train_audit/raw/YES/rUNpmVtLdcYnrJKzNG1i.webm,rUNpmVtLdcYnrJKzNG1i,8,YES,YES,G_03_074,yes,YES,YES|NEED|CHILD|SAME|COLD,True,True,0.6843334436416626,False
data/local/semlex_citizen100_train_audit/landmarks_v17/YESTERDAY/2ZOPwsYclII467SuFg05.v17.npz,data/local/semlex_citizen100_train_audit/raw/YESTERDAY/2ZOPwsYclII467SuFg05.webm,2ZOPwsYclII467SuFg05,39,YESTERDAY,YESTERDAY,D_01_024,yesterday,CHILD,CHILD|HE|NEED|ANGRY|SIGN,False,False,0.003952018916606903,False
data/local/semlex_citizen100_train_audit/landmarks_v17/YESTERDAY/XcsIZu31eBUp5CXqlBO4.v17.npz,data/local/semlex_citizen100_train_audit/raw/YESTERDAY/XcsIZu31eBUp5CXqlBO4.webm,XcsIZu31eBUp5CXqlBO4,35,YESTERDAY,YESTERDAY,D_01_024,yesterday,YESTERDAY,YESTERDAY|YES|FIND|GOODBYE|DRINK,True,True,0.6886943578720093,False
data/local/semlex_citizen100_train_audit/landmarks_v17/YESTERDAY/Xow01KwZtkWXixaGumhg.v17.npz,data/local/semlex_citizen100_train_audit/raw/YESTERDAY/Xow01KwZtkWXixaGumhg.webm,Xow01KwZtkWXixaGumhg,31,YESTERDAY,YESTERDAY,D_01_024,yesterday,YESTERDAY,YESTERDAY|YES|FIND|HEAR|TOMORROW,True,True,0.9046933650970459,False
data/local/semlex_citizen100_train_audit/landmarks_v17/YESTERDAY/bJzlqlO5ERBWgrQBF7kX.v17.npz,data/local/semlex_citizen100_train_audit/raw/YESTERDAY/bJzlqlO5ERBWgrQBF7kX.webm,bJzlqlO5ERBWgrQBF7kX,88,YESTERDAY,YESTERDAY,D_01_024,yesterday,YESTERDAY,YESTERDAY|YES|TOMORROW|CHILD|HOME,True,True,0.6693174839019775,False
data/local/semlex_citizen100_train_audit/landmarks_v17/YESTERDAY/bo5aycSowrKh3nazC4ja.v17.npz,data/local/semlex_citizen100_train_audit/raw/YESTERDAY/bo5aycSowrKh3nazC4ja.webm,bo5aycSowrKh3nazC4ja,7,YESTERDAY,YESTERDAY,D_01_024,yesterday,YES,YES|YESTERDAY|TOMORROW|TAKE|TRY,False,True,0.2128896415233612,False
data/local/semlex_citizen100_train_audit/landmarks_v17/YESTERDAY/eHy3zmLOHx8nvUHV1vrF.v17.npz,data/local/semlex_citizen100_train_audit/raw/YESTERDAY/eHy3zmLOHx8nvUHV1vrF.webm,eHy3zmLOHx8nvUHV1vrF,30,YESTERDAY,YESTERDAY,D_01_024,yesterday,YESTERDAY,YESTERDAY|YES|TAKE|GOODBYE|TOMORROW,True,True,0.6377153396606445,False
data/local/semlex_citizen100_train_audit/landmarks_v17/YESTERDAY/gPdkEzzk2O8vMlYxh10T.v17.npz,data/local/semlex_citizen100_train_audit/raw/YESTERDAY/gPdkEzzk2O8vMlYxh10T.webm,gPdkEzzk2O8vMlYxh10T,80,YESTERDAY,YESTERDAY,D_01_024,yesterday,YESTERDAY,YESTERDAY|HEAR|LISTEN|DRINK|GOODBYE,True,True,0.9077678918838501,False
data/local/semlex_citizen100_train_audit/landmarks_v17/YESTERDAY/uNpBEDK3PBRweiacpYmj.v17.npz,data/local/semlex_citizen100_train_audit/raw/YESTERDAY/uNpBEDK3PBRweiacpYmj.webm,uNpBEDK3PBRweiacpYmj,63,YESTERDAY,YESTERDAY,D_01_024,yesterday,YESTERDAY,YESTERDAY|YES|TOMORROW|HEAR|COLD,True,True,0.86214280128479,False
data/local/semlex_citizen100_train_audit/landmarks_v17/YESTERDAY/uS0jOXuft4WYhVUNFgol.v17.npz,data/local/semlex_citizen100_train_audit/raw/YESTERDAY/uS0jOXuft4WYhVUNFgol.webm,uS0jOXuft4WYhVUNFgol,8,YESTERDAY,YESTERDAY,D_01_024,yesterday,YESTERDAY,YESTERDAY|YES|FIND|TAKE|HEAR,True,True,0.8809643983840942,False
data/local/semlex_citizen100_train_audit/landmarks_v17/YESTERDAY/wRikYY3fxo6pGkzVvGoA.v17.npz,data/local/semlex_citizen100_train_audit/raw/YESTERDAY/wRikYY3fxo6pGkzVvGoA.webm,wRikYY3fxo6pGkzVvGoA,14,YESTERDAY,YESTERDAY,D_01_024,yesterday,YESTERDAY,YESTERDAY|HEAR|FATHER|THINK|MAN,True,True,0.8591951727867126,False
data/local/semlex_citizen100_train_audit/landmarks_v17/YESTERDAY/zFfUFoelyEBU5idt9MST.v17.npz,data/local/semlex_citizen100_train_audit/raw/YESTERDAY/zFfUFoelyEBU5idt9MST.webm,zFfUFoelyEBU5idt9MST,62,YESTERDAY,YESTERDAY,D_01_024,yesterday,MAN,MAN|YESTERDAY|DAY|TOMORROW|WE,False,True,0.15440119802951813,False
data/local/semlex_citizen100_train_audit/landmarks_v17/YOU/3xbSB0ZLhzV1WMtOlvIN.v17.npz,data/local/semlex_citizen100_train_audit/raw/YOU/3xbSB0ZLhzV1WMtOlvIN.webm,3xbSB0ZLhzV1WMtOlvIN,7,YOU,YOU,D_02_065,you,YES,YES|NEED|I|YOU|WHERE,False,True,0.06320315599441528,False
data/local/semlex_citizen100_train_audit/landmarks_v17/YOU/5FxNPlu1kJ9xacvbdByf.v17.npz,data/local/semlex_citizen100_train_audit/raw/YOU/5FxNPlu1kJ9xacvbdByf.webm,5FxNPlu1kJ9xacvbdByf,49,YOU,YOU,D_02_065,you,WHO,WHO|TELL|YOU|UNDERSTAND|ASK,False,True,0.16129496693611145,False
data/local/semlex_citizen100_train_audit/landmarks_v17/YOU/5VGDb3QvpeXKaXEn9fy5.v17.npz,data/local/semlex_citizen100_train_audit/raw/YOU/5VGDb3QvpeXKaXEn9fy5.webm,5VGDb3QvpeXKaXEn9fy5,63,YOU,YOU,D_02_065,you,WHO,WHO|YOU|THEY|TELL|ASK,False,True,0.028102615848183632,False
data/local/semlex_citizen100_train_audit/landmarks_v17/YOU/942T5meqcURB9Ocb9PFP.v17.npz,data/local/semlex_citizen100_train_audit/raw/YOU/942T5meqcURB9Ocb9PFP.webm,942T5meqcURB9Ocb9PFP,60,YOU,YOU,D_02_065,you,WE,WE|YES|NEED|WHERE|CHILD,False,False,0.006129003129899502,False
data/local/semlex_citizen100_train_audit/landmarks_v17/YOU/AZ7yIEYF9BcJQkZQL3DU.v17.npz,data/local/semlex_citizen100_train_audit/raw/YOU/AZ7yIEYF9BcJQkZQL3DU.webm,AZ7yIEYF9BcJQkZQL3DU,11,YOU,YOU,D_02_065,you,THEY,THEY|TELL|YOU|GIVE|YEAR,False,True,0.08139462023973465,False
data/local/semlex_citizen100_train_audit/landmarks_v17/YOU/AlAwIPOAPXztr5GLFfWS.v17.npz,data/local/semlex_citizen100_train_audit/raw/YOU/AlAwIPOAPXztr5GLFfWS.webm,AlAwIPOAPXztr5GLFfWS,62,YOU,YOU,D_02_065,you,YOU,YOU|THEY|LIKE|FEEL|WHO,True,True,0.8820348978042603,False
data/local/semlex_citizen100_train_audit/landmarks_v17/YOU/DRKg2ypTJqJoB83UG2Gp.v17.npz,data/local/semlex_citizen100_train_audit/raw/YOU/DRKg2ypTJqJoB83UG2Gp.webm,DRKg2ypTJqJoB83UG2Gp,30,YOU,YOU,D_02_065,you,YOU,YOU|ASK|THEY|WHO|WHEN,True,True,0.5633543133735657,False
data/local/semlex_citizen100_train_audit/landmarks_v17/YOU/T2LIxLSunvlidXGzXGAG.v17.npz,data/local/semlex_citizen100_train_audit/raw/YOU/T2LIxLSunvlidXGzXGAG.webm,T2LIxLSunvlidXGzXGAG,46,YOU,YOU,D_02_065,you,YOU,YOU|ASK|WHERE|WHO|NEED,True,True,0.7435129284858704,False
data/local/semlex_citizen100_train_audit/landmarks_v17/YOU/ULuUl2cxsZeHhq2stcnR.v17.npz,data/local/semlex_citizen100_train_audit/raw/YOU/ULuUl2cxsZeHhq2stcnR.webm,ULuUl2cxsZeHhq2stcnR,31,YOU,YOU,D_02_065,you,YOU,YOU|WHO|TELL|TOMORROW|MAKE,True,True,0.3070699870586395,False
data/local/semlex_citizen100_train_audit/landmarks_v17/YOU/WEkrHYeVJNAEgYFmUeRS.v17.npz,data/local/semlex_citizen100_train_audit/raw/YOU/WEkrHYeVJNAEgYFmUeRS.webm,WEkrHYeVJNAEgYFmUeRS,84,YOU,YOU,D_02_065,you,ASK,ASK|NEED|GO|YOU|ANSWER,False,True,0.05621638149023056,False
data/local/semlex_citizen100_train_audit/landmarks_v17/YOU/ZYkoqnXJu7iTHhQiRApd.v17.npz,data/local/semlex_citizen100_train_audit/raw/YOU/ZYkoqnXJu7iTHhQiRApd.webm,ZYkoqnXJu7iTHhQiRApd,88,YOU,YOU,D_02_065,you,YES,YES|YOU|NEED|TOMORROW|TAKE,False,True,0.12104199826717377,False
data/local/semlex_citizen100_train_audit/landmarks_v17/YOU/ZjPZdXrtjLq090Y4w4ZG.v17.npz,data/local/semlex_citizen100_train_audit/raw/YOU/ZjPZdXrtjLq090Y4w4ZG.webm,ZjPZdXrtjLq090Y4w4ZG,42,YOU,YOU,D_02_065,you,YOU,YOU|WHO|ASK|THEY|WHEN,True,True,0.8135184049606323,False
data/local/semlex_citizen100_train_audit/landmarks_v17/YOU/ehvLocyTPjWslSexsRLW.v17.npz,data/local/semlex_citizen100_train_audit/raw/YOU/ehvLocyTPjWslSexsRLW.webm,ehvLocyTPjWslSexsRLW,17,YOU,YOU,D_02_065,you,YOU,YOU|THEY|LANGUAGE|ASK|FEEL,True,True,0.9401485323905945,False
data/local/semlex_citizen100_train_audit/landmarks_v17/YOU/wrGDb277J3ZjE4ZSkMDF.v17.npz,data/local/semlex_citizen100_train_audit/raw/YOU/wrGDb277J3ZjE4ZSkMDF.webm,wrGDb277J3ZjE4ZSkMDF,39,YOU,YOU,D_02_065,you,HE,HE|NEED|CHILD|WHAT|THEY,False,False,0.0031919432803988457,False
data/local/semlex_citizen100_train_audit/landmarks_v17/YOUR/4awxItJOmSfJ6LAA6NqU.v17.npz,data/local/semlex_citizen100_train_audit/raw/YOUR/4awxItJOmSfJ6LAA6NqU.webm,4awxItJOmSfJ6LAA6NqU,11,YOUR,YOUR,F_01_052,your,YOUR,YOUR|MOTHER|SAME|IMPORTANT|GOODBYE,True,True,0.926964282989502,False
data/local/semlex_citizen100_train_audit/landmarks_v17/YOUR/EmIs3wT67UADvmyyUbLj.v17.npz,data/local/semlex_citizen100_train_audit/raw/YOUR/EmIs3wT67UADvmyyUbLj.webm,EmIs3wT67UADvmyyUbLj,62,YOUR,YOUR,F_01_052,your,YOUR,YOUR|TALK|MOTHER|SAME|WATER,True,True,0.9195175766944885,False
data/local/semlex_citizen100_train_audit/landmarks_v17/YOUR/MXvliMnv0gHLs7oMC6C7.v17.npz,data/local/semlex_citizen100_train_audit/raw/YOUR/MXvliMnv0gHLs7oMC6C7.webm,MXvliMnv0gHLs7oMC6C7,84,YOUR,YOUR,F_01_052,your,YOUR,YOUR|MOTHER|TALK|IMPORTANT|DRINK,True,True,0.651843786239624,False
data/local/semlex_citizen100_train_audit/landmarks_v17/YOUR/Mn1VfhIgXrFmAOQ7mvUM.v17.npz,data/local/semlex_citizen100_train_audit/raw/YOUR/Mn1VfhIgXrFmAOQ7mvUM.webm,Mn1VfhIgXrFmAOQ7mvUM,88,YOUR,YOUR,F_01_052,your,YOUR,YOUR|LIKE|TALK|MY|NIGHT,True,True,0.4033149182796478,False
data/local/semlex_citizen100_train_audit/landmarks_v17/YOUR/QGWlTTUynS8sMnbQ2Ere.v17.npz,data/local/semlex_citizen100_train_audit/raw/YOUR/QGWlTTUynS8sMnbQ2Ere.webm,QGWlTTUynS8sMnbQ2Ere,39,YOUR,YOUR,F_01_052,your,WANT,WANT|GOODBYE|CHILD|READY|NOW,False,False,0.023727329447865486,False
data/local/semlex_citizen100_train_audit/landmarks_v17/YOUR/RCJdKkAO7t829ZCroZ89.v17.npz,data/local/semlex_citizen100_train_audit/raw/YOUR/RCJdKkAO7t829ZCroZ89.webm,RCJdKkAO7t829ZCroZ89,17,YOUR,YOUR,F_01_052,your,YOUR,YOUR|GOODBYE|FIND|MOTHER|SAME,True,True,0.6956984400749207,False
data/local/semlex_citizen100_train_audit/landmarks_v17/YOUR/aZGVJdXyAqUWyTL2nBBt.v17.npz,data/local/semlex_citizen100_train_audit/raw/YOUR/aZGVJdXyAqUWyTL2nBBt.webm,aZGVJdXyAqUWyTL2nBBt,35,YOUR,YOUR,F_01_052,your,SMALL,SMALL|FAMILY|YOUR|IMPORTANT|HELLO,False,True,0.09844022244215012,False
data/local/semlex_citizen100_train_audit/landmarks_v17/YOUR/qjLsAx6zeN76bEysp1jX.v17.npz,data/local/semlex_citizen100_train_audit/raw/YOUR/qjLsAx6zeN76bEysp1jX.webm,qjLsAx6zeN76bEysp1jX,31,YOUR,YOUR,F_01_052,your,YOUR,YOUR|LIKE|SAME|SCHOOL|IMPORTANT,True,True,0.5727928280830383,False
data/local/semlex_citizen100_train_audit/landmarks_v17/YOUR/voMp7fKwpvOZD5NfHG1A.v17.npz,data/local/semlex_citizen100_train_audit/raw/YOUR/voMp7fKwpvOZD5NfHG1A.webm,voMp7fKwpvOZD5NfHG1A,49,YOUR,YOUR,F_01_052,your,YOUR,YOUR|TALK|SAME|LIKE|SCHOOL,True,True,0.9265816807746887,False
