phrase,path,source_filename_kind,bytes,sha256,duration_seconds,codec,width,height,frame_rate,frame_count,rotation_degrees
GOOD_MORNING,data/raw_videos/PHRASES/GOOD_MORNING/14e3ce68.mp4,opaque,206570,8e3c6a3e65848365a14e1d683c177b83707121ba5ca878c68b1a766091fd5908,0.366667,mpeg4,640,480,30/1,11,0.0
GOOD_MORNING,data/raw_videos/PHRASES/GOOD_MORNING/192a9618.mp4,opaque,166757,dfff9c0a63ffa2555b1573123d953270a4bcfcbd6d6d3a4be827ecbefb71346e,0.333333,mpeg4,640,480,30/1,10,0.0
GOOD_MORNING,data/raw_videos/PHRASES/GOOD_MORNING/26cc70f1.mp4,opaque,271406,fcfaa544a78ba224ecb0958d518e4ae9d3a1a9aead2e139a200d3631730797f3,0.433333,mpeg4,640,480,30/1,13,0.0
GOOD_MORNING,data/raw_videos/PHRASES/GOOD_MORNING/27a2b873.mp4,opaque,2472605,cb6d60582b2b1b4c4c762aa85e2977ff2f355031e02607e7f0ce71262970cf84,4.633333,mpeg4,640,480,30/1,139,0.0
GOOD_MORNING,data/raw_videos/PHRASES/GOOD_MORNING/2b17a1ac.mp4,opaque,2774870,fe0ed0b6651266eb73a5e310f921b97c6b157ebb672b39470bf76d5c1f45742f,4.766667,mpeg4,640,480,30/1,143,0.0
GOOD_MORNING,data/raw_videos/PHRASES/GOOD_MORNING/300abaf7.mp4,opaque,2550670,74d0cd9750526cc3789d793273c6d70884b6f3716c8a65ced6574e109c148baa,4.9,mpeg4,640,480,30/1,147,0.0
GOOD_MORNING,data/raw_videos/PHRASES/GOOD_MORNING/36cd5fdd.mp4,opaque,5156554,ebe834a96e3969600214ba9c63149831ed316f3ca3573a8c476a7ca0fb3b7be5,4.633333,mpeg4,640,480,30/1,139,0.0
GOOD_MORNING,data/raw_videos/PHRASES/GOOD_MORNING/402377b8.mp4,opaque,2324243,2cdefd57dcc0c3da99b72a936172b8801ae7cd8f485309f6c69f4f361b4cab03,4.566667,mpeg4,640,480,30/1,137,0.0
GOOD_MORNING,data/raw_videos/PHRASES/GOOD_MORNING/409da519.mp4,opaque,2603524,1bf7352fc59c60cf13b40d0ec6de17ce259811f3b5c94cbb3eb58ddb3a52a4d7,4.733333,mpeg4,640,480,30/1,142,0.0
GOOD_MORNING,data/raw_videos/PHRASES/GOOD_MORNING/45d7c6f1.mp4,opaque,2037460,57cf5b9d4d88ea9d0618157ec05d5456d6c1c38e87081a55fb0ff1b3abdee065,4.266667,mpeg4,640,480,30/1,128,0.0
GOOD_MORNING,data/raw_videos/PHRASES/GOOD_MORNING/45fabd6d.mp4,opaque,213465,985a5eb0ef8368319e7b99f4d4a4824d1076a1cd9e0b6e1c19d708e5fdc4c547,0.4,mpeg4,640,480,30/1,12,0.0
GOOD_MORNING,data/raw_videos/PHRASES/GOOD_MORNING/48a2355f.mp4,opaque,195082,afede30d0a1d4be99c8bfbbcdf95864d8565d397fd655788c98515c3a517c7c3,0.366667,mpeg4,640,480,30/1,11,0.0
GOOD_MORNING,data/raw_videos/PHRASES/GOOD_MORNING/555e2ebb.mp4,opaque,225512,fca2dabebd0b51342f6f59eb64e1fd281ad68f9c02507c1fa636a835afdede68,0.366667,mpeg4,640,480,30/1,11,0.0
GOOD_MORNING,data/raw_videos/PHRASES/GOOD_MORNING/5e49d51b.mp4,opaque,4072196,f0c94ac840e30bb63220836e1c72a3a488e589400863be91f2284e2e9e1ffe47,3.833333,mpeg4,640,480,30/1,115,0.0
GOOD_MORNING,data/raw_videos/PHRASES/GOOD_MORNING/60e563a3.mp4,opaque,185863,082804620fc7b6d39976797863e9f07743601628ea56cfc9a1ff1effd9d862e1,0.333333,mpeg4,640,480,30/1,10,0.0
GOOD_MORNING,data/raw_videos/PHRASES/GOOD_MORNING/68e844f9.mp4,opaque,4562092,00d1c027c2e97f32d3c3c2cab570a0e8e9cd5e897a2b527f332866fbecdc8c92,4.133333,mpeg4,640,480,30/1,124,0.0
GOOD_MORNING,data/raw_videos/PHRASES/GOOD_MORNING/764646b2.mp4,opaque,175021,401e3b17679f5eec0abad842bb9da0f1fe833e4f78c6f80a6ba16ad9d0516582,0.366667,mpeg4,640,480,30/1,11,0.0
GOOD_MORNING,data/raw_videos/PHRASES/GOOD_MORNING/7d793c90.mp4,opaque,2693825,a9a056dd8819aa32637b2e45907dec1928850977dca575c87c6b9fa227f9a3ed,4.5,mpeg4,640,480,30/1,135,0.0
GOOD_MORNING,data/raw_videos/PHRASES/GOOD_MORNING/7de6de19.mp4,opaque,171878,9e2f840c1761e6f68557cccce752e1d5c9fe9f8d5a7e76f2b193c89195e81fef,0.333333,mpeg4,640,480,30/1,10,0.0
GOOD_MORNING,data/raw_videos/PHRASES/GOOD_MORNING/83ea4471.mp4,opaque,2303727,37dbb49e57caca570d0c019b528e6687138ee5eda4411d1c3f17ed07a494f647,4.133333,mpeg4,640,480,30/1,124,0.0
GOOD_MORNING,data/raw_videos/PHRASES/GOOD_MORNING/88b4a43d.mp4,opaque,212873,e29ebf0e1594251312119068b40f11d7bbe36a3d9438331b5a67faf7f3ad6dc7,0.4,mpeg4,640,480,30/1,12,0.0
GOOD_MORNING,data/raw_videos/PHRASES/GOOD_MORNING/9fe22748.mp4,opaque,186345,af14e8bfac9a5323832c301fba6f001bc73ab2d7692be2af6b56de59221f818e,0.366667,mpeg4,640,480,30/1,11,0.0
GOOD_MORNING,data/raw_videos/PHRASES/GOOD_MORNING/GOOD_MORNING_1.mp4,numbered,505146,27845bb534f640471a0ccea19d2e50d334f45ada4bf0b3084a2e464c38d58151,3.466667,mpeg4,640,480,30/1,104,0.0
GOOD_MORNING,data/raw_videos/PHRASES/GOOD_MORNING/GOOD_MORNING_10.mp4,numbered,444504,51ba25e622e1454effe5ced1a8cae7d736e102a5b7e696a5b7fa9edabef5bcfd,2.5,mpeg4,640,480,30/1,75,0.0
GOOD_MORNING,data/raw_videos/PHRASES/GOOD_MORNING/GOOD_MORNING_11.mp4,numbered,462073,f4667eb17e48e0394d4620561de4873ad59a07350fe7634d10cceab437865bb4,2.933333,mpeg4,640,480,30/1,88,0.0
GOOD_MORNING,data/raw_videos/PHRASES/GOOD_MORNING/GOOD_MORNING_12.mp4,numbered,449756,b910cdd80ff47c0e1f68e5fe10d4f198372180126a7ee27e2a42096213e1adbb,3.066667,mpeg4,640,480,30/1,92,0.0
GOOD_MORNING,data/raw_videos/PHRASES/GOOD_MORNING/GOOD_MORNING_13.mp4,numbered,451294,19354b4a600538569d9fc3453610e36479fa2a50eb9760d3c2aeb097f09ee77d,3.1,mpeg4,640,480,30/1,93,0.0
GOOD_MORNING,data/raw_videos/PHRASES/GOOD_MORNING/GOOD_MORNING_14.mp4,numbered,399498,443ac5f2c4d53733cb69c871a7b467ec1318b8764829a30aecfa576f6292a619,3.033333,mpeg4,640,480,30/1,91,0.0
GOOD_MORNING,data/raw_videos/PHRASES/GOOD_MORNING/GOOD_MORNING_15.mp4,numbered,437820,eb775c3eeabb170a0bae5bd65cd29e9b7e7ed9627620d5b4b7f03c9f9ca27fa0,3.133333,mpeg4,640,480,30/1,94,0.0
GOOD_MORNING,data/raw_videos/PHRASES/GOOD_MORNING/GOOD_MORNING_16.mp4,numbered,437748,d38c37c252afbc290be605400902f4268fa30c625c7ce3684629f2bbe2dc096c,3.1,mpeg4,640,480,30/1,93,0.0
GOOD_MORNING,data/raw_videos/PHRASES/GOOD_MORNING/GOOD_MORNING_17.mp4,numbered,473080,615b43ed18afa081f7e2b5f2479a6e107322c998cb3e0e16d29b9456aac56978,3.233333,mpeg4,640,480,30/1,97,0.0
GOOD_MORNING,data/raw_videos/PHRASES/GOOD_MORNING/GOOD_MORNING_18.mp4,numbered,401645,782e46a5210b9f0d9da25c1b372415e0c7280b65f550a34c8f15777210fc4870,2.966667,mpeg4,640,480,30/1,89,0.0
GOOD_MORNING,data/raw_videos/PHRASES/GOOD_MORNING/GOOD_MORNING_19.mp4,numbered,385902,8fea3a63a413f7d28417b7419d5c83293cbbbe640faa21f124a8e42d957b01bc,2.833333,mpeg4,640,480,30/1,85,0.0
GOOD_MORNING,data/raw_videos/PHRASES/GOOD_MORNING/GOOD_MORNING_2.mp4,numbered,545561,af65091760fdb2962b5459536406f46ba82962d234046b9b84817e62106f3b2f,3.733333,mpeg4,640,480,30/1,112,0.0
GOOD_MORNING,data/raw_videos/PHRASES/GOOD_MORNING/GOOD_MORNING_20.mp4,numbered,397755,a8c4d2668c6bbc9abb16cd0b84fde7455d8297d07a63133ef44d2895008eb054,2.5,mpeg4,640,480,30/1,75,0.0
GOOD_MORNING,data/raw_videos/PHRASES/GOOD_MORNING/GOOD_MORNING_3.mp4,numbered,442546,8b39522adb8b819213db4f2fee53c93f16fe4d87aff7b10dd7bdfa3ebd6e7de6,2.933333,mpeg4,640,480,30/1,88,0.0
GOOD_MORNING,data/raw_videos/PHRASES/GOOD_MORNING/GOOD_MORNING_4.mp4,numbered,451264,1c4416725be96c23ee5370d48d519ec9bca405848eb173c35131f1d33752e7da,3.0,mpeg4,640,480,30/1,90,0.0
GOOD_MORNING,data/raw_videos/PHRASES/GOOD_MORNING/GOOD_MORNING_5.mp4,numbered,443669,9811fffe98d65a52fcac2b3e5cabfe2b13e8609a37411e5d4c017229895de283,2.866667,mpeg4,640,480,30/1,86,0.0
GOOD_MORNING,data/raw_videos/PHRASES/GOOD_MORNING/GOOD_MORNING_6.mp4,numbered,460303,ea0a4a91b71012f3827c50cde7b4c1e5105d0d186080a070bbbe00651ef8af30,3.133333,mpeg4,640,480,30/1,94,0.0
GOOD_MORNING,data/raw_videos/PHRASES/GOOD_MORNING/GOOD_MORNING_7.mp4,numbered,429104,c35f824bab07d2fac4e5b2ee7adb32486d0ec733d3151b9df4916c730a4062fd,2.666667,mpeg4,640,480,30/1,80,0.0
GOOD_MORNING,data/raw_videos/PHRASES/GOOD_MORNING/GOOD_MORNING_8.mp4,numbered,388396,0e68be80cb13706699e82b08314f9537453f574c06bf90548f7aaddfd50bb488,2.533333,mpeg4,640,480,30/1,76,0.0
GOOD_MORNING,data/raw_videos/PHRASES/GOOD_MORNING/GOOD_MORNING_9.mp4,numbered,376134,ab25ea39315b8215977a3dd1c654da7b38a959fb1b43bc7e58871164f9498ac8,2.433333,mpeg4,640,480,30/1,73,0.0
GOOD_MORNING,data/raw_videos/PHRASES/GOOD_MORNING/a0c4d962.mp4,opaque,4778703,4c52ba69a278fd92cdd83efa641d20b0d60d102e34d0d9fb8aa3081aae2cd1e4,4.433333,mpeg4,640,480,30/1,133,0.0
GOOD_MORNING,data/raw_videos/PHRASES/GOOD_MORNING/a152a8b4.mp4,opaque,2566692,7005e13ec92e91389d30646809a510bbf5e19ca8245027154997c027c1921a5d,4.566667,mpeg4,640,480,30/1,137,0.0
GOOD_MORNING,data/raw_videos/PHRASES/GOOD_MORNING/a7a0b98e.mp4,opaque,227210,a20d6b7a020149759c8567450e860f287f15b5e227843bc26e9a2464a18966e5,0.4,mpeg4,640,480,30/1,12,0.0
GOOD_MORNING,data/raw_videos/PHRASES/GOOD_MORNING/aef75995.mp4,opaque,4106248,2427e619976f159879df455ae0e07f934cc9bea34416e759561b56da25e42ef8,3.933333,mpeg4,640,480,30/1,118,0.0
GOOD_MORNING,data/raw_videos/PHRASES/GOOD_MORNING/ba70f402.mp4,opaque,294213,1df0486dcabe011891093ca129b0ac9161e7e571d43b3c61fc90e2d1f363fa91,0.5,mpeg4,640,480,30/1,15,0.0
GOOD_MORNING,data/raw_videos/PHRASES/GOOD_MORNING/bcd94f5a.mp4,opaque,3697476,def29d51deedf18e44d93600b4dd14935864414ff6e32723654e3da690baa120,4.0,mpeg4,640,480,30/1,120,0.0
GOOD_MORNING,data/raw_videos/PHRASES/GOOD_MORNING/bd792fb3.mp4,opaque,2494219,6f76385078bf22298b4f40c8510580b53665c486108993737ad1fb0d2b83b26d,4.1,mpeg4,640,480,30/1,123,0.0
GOOD_MORNING,data/raw_videos/PHRASES/GOOD_MORNING/c7beec64.mp4,opaque,2531122,2d3f5afc3f4ee3c4a13c0130ad47383a83068e6ae2888bdfb69b1271a7386e2f,4.266667,mpeg4,640,480,30/1,128,0.0
GOOD_MORNING,data/raw_videos/PHRASES/GOOD_MORNING/c84d2b6d.mp4,opaque,2824434,51e9d07170666e22b645213a11c96f086d91f52c32274215e66af4a63032f996,5.066667,mpeg4,640,480,30/1,152,0.0
GOOD_MORNING,data/raw_videos/PHRASES/GOOD_MORNING/c92849f1.mp4,opaque,184736,75d0ff1533c451724dfe3940de401f7ee109285b3d27afceddb80c37ed74eb62,0.3,mpeg4,640,480,30/1,9,0.0
GOOD_MORNING,data/raw_videos/PHRASES/GOOD_MORNING/cbf38ad0.mp4,opaque,207178,cdc8dbb897a3ed73634cca79979a91484f589f20975b7fa04f0484a435ae33f3,0.366667,mpeg4,640,480,30/1,11,0.0
GOOD_MORNING,data/raw_videos/PHRASES/GOOD_MORNING/d167f2c3.mp4,opaque,217007,4fb82ca8d71c1d7544c3a928b3f150638bf50ee8432fca82e49ba5a642acc8cd,0.366667,mpeg4,640,480,30/1,11,0.0
GOOD_MORNING,data/raw_videos/PHRASES/GOOD_MORNING/d29fd4b1.mp4,opaque,253073,17b7b84988a66cd965ceecc8c04a981658567d025e6e71a3690ad36e7a38469f,0.4,mpeg4,640,480,30/1,12,0.0
GOOD_MORNING,data/raw_videos/PHRASES/GOOD_MORNING/d8f0df13.mp4,opaque,195078,041f76e6ea5f1d8346af38a694dfa0bb07a9d6708143d56edd67fd9459f729e1,0.366667,mpeg4,640,480,30/1,11,0.0
GOOD_MORNING,data/raw_videos/PHRASES/GOOD_MORNING/eac767b8.mp4,opaque,4675909,970a657880a844811ac970cae526258f789446f8b33d22ec1e2c5dff4c682ff1,3.866667,mpeg4,640,480,30/1,116,0.0
GOOD_MORNING,data/raw_videos/PHRASES/GOOD_MORNING/f77bab12.mp4,opaque,215988,c489e371a53c6c82591e0f5e96cf75782d6945183df6d393c8aef42789280d2b,0.4,mpeg4,640,480,30/1,12,0.0
GOOD_MORNING,data/raw_videos/PHRASES/GOOD_MORNING/f99d4366.mp4,opaque,2870304,e85c13ec471f6894d8085b7e44e1f475680dd783d8761e088bd0d84672c2364b,5.133333,mpeg4,640,480,30/1,154,0.0
GOOD_MORNING,data/raw_videos/PHRASES/GOOD_MORNING/faea322b.mp4,opaque,226248,e6085667062e1f84442e751e0b0ca3cdf7d369b35c4be86427653a3233149b5a,0.4,mpeg4,640,480,30/1,12,0.0
HELLO_HOW_YOU,data/raw_videos/PHRASES/HELLO_HOW_YOU/00424e11.mp4,opaque,2867315,781d1f7b5728b8c0836acb990fd6bc632bf164cb8c5810c47e9ea08a9d512c02,4.6,mpeg4,640,480,30/1,138,0.0
HELLO_HOW_YOU,data/raw_videos/PHRASES/HELLO_HOW_YOU/02624f97.mp4,opaque,564646,e230a889ead08c6b8d1a5e03961eb678ad7571b9759a2d795de5c31125d5bbe0,0.966667,mpeg4,640,480,30/1,29,0.0
HELLO_HOW_YOU,data/raw_videos/PHRASES/HELLO_HOW_YOU/02bc295b.mp4,opaque,441484,94a90d407efa5e61d652fbfd5fcc63fe6c847e9a071ca83d5eff73387eeac150,0.8,mpeg4,640,480,30/1,24,0.0
HELLO_HOW_YOU,data/raw_videos/PHRASES/HELLO_HOW_YOU/050e1bc9.mp4,opaque,3920756,99160f730de804844198e80be0849331472b53d92ec70946ebd95dc1f1291c84,4.133333,mpeg4,640,480,30/1,124,0.0
HELLO_HOW_YOU,data/raw_videos/PHRASES/HELLO_HOW_YOU/055cb5a0.mp4,opaque,2196422,385db835e551b5d16c18b56a3e1ab0f46cdbafa239ca926bf76c196f7fa7bca5,3.866667,mpeg4,640,480,30/1,116,0.0
HELLO_HOW_YOU,data/raw_videos/PHRASES/HELLO_HOW_YOU/069536d5.mp4,opaque,462360,9a064659095a28d7a5f7387ebb5ceeef0246376d6657726996c6d84b0f986c25,0.833333,mpeg4,640,480,30/1,25,0.0
HELLO_HOW_YOU,data/raw_videos/PHRASES/HELLO_HOW_YOU/07911224.mp4,opaque,647598,34c3e345cfc9b8edb696e82a222adc99c187c8a8d62ec9ce1755c74c951655e0,1.133333,mpeg4,640,480,30/1,34,0.0
HELLO_HOW_YOU,data/raw_videos/PHRASES/HELLO_HOW_YOU/09172c2e.mp4,opaque,4178885,ff522185b304c44929d7da2388740ca3996722e59359ef3939cdf5bba34c651e,4.833333,mpeg4,640,480,30/1,145,0.0
HELLO_HOW_YOU,data/raw_videos/PHRASES/HELLO_HOW_YOU/09b0da27.mp4,opaque,2370049,aa7911744e873f21133072969187e650a87df57acec532eb2d32f705fe863638,3.733333,mpeg4,640,480,30/1,112,0.0
HELLO_HOW_YOU,data/raw_videos/PHRASES/HELLO_HOW_YOU/0c3f006e.mp4,opaque,508909,4ed0cf1a0f7d1945086bb94d2bae63b0c185a9bfbca142855f4f42dbb53c7954,0.9,mpeg4,640,480,30/1,27,0.0
HELLO_HOW_YOU,data/raw_videos/PHRASES/HELLO_HOW_YOU/0e1f7828.mp4,opaque,2398075,ffd27fe3cde5cb922ea5f04a2f7047ac3e75e8332375b75cf6648c629832dab0,2.666667,mpeg4,640,480,30/1,80,0.0
HELLO_HOW_YOU,data/raw_videos/PHRASES/HELLO_HOW_YOU/0ea209d5.mp4,opaque,3159436,f9a3f42cb645d03bda36c5e50b5fe977b0123f73a43d2e7a6045edfe46f029c1,3.433333,mpeg4,640,480,30/1,103,0.0
HELLO_HOW_YOU,data/raw_videos/PHRASES/HELLO_HOW_YOU/0f3336e6.mp4,opaque,1591349,e7cafb540b5c0d9d6bac3ec17e0da1bd8440723e11b7648b87595a91db6c05ec,3.566667,mpeg4,640,480,30/1,107,0.0
HELLO_HOW_YOU,data/raw_videos/PHRASES/HELLO_HOW_YOU/104c73e7.mp4,opaque,543008,83c1b470363c3314e3a67e22954b8259b31b0788f59864dc9f6db0a485a231ce,0.933333,mpeg4,640,480,30/1,28,0.0
HELLO_HOW_YOU,data/raw_videos/PHRASES/HELLO_HOW_YOU/1056c74c.mp4,opaque,2640777,92d887bbf69c09e2cf74cc6855a39df7c19c21b247bfd4cd34502ae0140cd25a,4.233333,mpeg4,640,480,30/1,127,0.0
HELLO_HOW_YOU,data/raw_videos/PHRASES/HELLO_HOW_YOU/11660167.mp4,opaque,483028,0d31499b5d37bd525811baea1f2d78cb997c3489bcd2fc77d9b34c9cb4ebe214,0.833333,mpeg4,640,480,30/1,25,0.0
HELLO_HOW_YOU,data/raw_videos/PHRASES/HELLO_HOW_YOU/18c46f97.mp4,opaque,428719,cd4464b8723f499b2150e192be1e1cb1c643a0d0746af317fca9ffb382cdbab7,0.766667,mpeg4,640,480,30/1,23,0.0
HELLO_HOW_YOU,data/raw_videos/PHRASES/HELLO_HOW_YOU/18fc15e8.mp4,opaque,8879075,c9be8d3622ce185dd86973302abd98382697ac9b917e9bd3ff1a0026d1ca8612,7.2,mpeg4,640,480,30/1,216,0.0
HELLO_HOW_YOU,data/raw_videos/PHRASES/HELLO_HOW_YOU/19d86718.mp4,opaque,3618854,74b18fe546750462158d74aa58bda3bdf4702d2ecc5de25f5de1e64297838804,3.8,mpeg4,640,480,30/1,114,0.0
HELLO_HOW_YOU,data/raw_videos/PHRASES/HELLO_HOW_YOU/1a7f81e3.mp4,opaque,4488144,f4446659e358a6bbecc75e7a2a443040f033709deb04eb22cac78492ea6e7867,5.366667,mpeg4,640,480,30/1,161,0.0
HELLO_HOW_YOU,data/raw_videos/PHRASES/HELLO_HOW_YOU/1a970edd.mp4,opaque,3653973,6f4bf0d6c8d12554db02df3a33bbecc7992c933af73c4a174f37c46378d3b218,4.3,mpeg4,640,480,30/1,129,0.0
HELLO_HOW_YOU,data/raw_videos/PHRASES/HELLO_HOW_YOU/1d23401f.mp4,opaque,2548619,947b0ec8f0c993bf92a69b2bc29af832618ccfb3ed163ac1ee40f436ef2f5fa5,4.433333,mpeg4,640,480,30/1,133,0.0
HELLO_HOW_YOU,data/raw_videos/PHRASES/HELLO_HOW_YOU/24480f39.mp4,opaque,515389,a31ca79167b5c1e22305cafa306c5123613ed5afdb0ce0095c5cbd1ba69bd291,0.866667,mpeg4,640,480,30/1,26,0.0
HELLO_HOW_YOU,data/raw_videos/PHRASES/HELLO_HOW_YOU/254ed9fd.mp4,opaque,446473,615a349d720d017e78a7fc6cfefbd10b17adfb0a4a6ede645ec0e2b4a5fa22b2,0.766667,mpeg4,640,480,30/1,23,0.0
HELLO_HOW_YOU,data/raw_videos/PHRASES/HELLO_HOW_YOU/282c9d01.mp4,opaque,2948701,03ad113a69af9678c51a89d706f0b3f26b7810dc424c6d1bb29297b4cd96912b,3.033333,mpeg4,640,480,30/1,91,0.0
HELLO_HOW_YOU,data/raw_videos/PHRASES/HELLO_HOW_YOU/2a03cd09.mp4,opaque,5073569,d50313e3f6ddbab14a4f02a2b010ff8f598bafb43c2782f909c396c99f4711ea,5.533333,mpeg4,640,480,30/1,166,0.0
HELLO_HOW_YOU,data/raw_videos/PHRASES/HELLO_HOW_YOU/2f41945f.mp4,opaque,474616,8f6b8c260cc9037471b7ddf13d259652ab054cebd9ff1101b79dbcfb575eaba5,0.8,mpeg4,640,480,30/1,24,0.0
HELLO_HOW_YOU,data/raw_videos/PHRASES/HELLO_HOW_YOU/30668f6a.mp4,opaque,3795211,84b2383031216817d79faefd6e246822d9993637611fca506ecdc77820b27b9c,4.066667,mpeg4,640,480,30/1,122,0.0
HELLO_HOW_YOU,data/raw_videos/PHRASES/HELLO_HOW_YOU/31089c9a.mp4,opaque,2517179,9e035ec7c8ead3dc48e4303d397ca27873784653d62d7bb04d2aea5e9a52a8fa,3.666667,mpeg4,640,480,30/1,110,0.0
HELLO_HOW_YOU,data/raw_videos/PHRASES/HELLO_HOW_YOU/31affb18.mp4,opaque,647361,c0e7cb586a42a7e3b38bbc056761c915e079cf9917db2058bf26463b74ffdd20,1.133333,mpeg4,640,480,30/1,34,0.0
HELLO_HOW_YOU,data/raw_videos/PHRASES/HELLO_HOW_YOU/32ac4086.mp4,opaque,2907358,000007a06e683804e62f3ce11381ae1c60562f184a0892e3a1d8af06c878a333,3.566667,mpeg4,640,480,30/1,107,0.0
HELLO_HOW_YOU,data/raw_videos/PHRASES/HELLO_HOW_YOU/36625be7.mp4,opaque,466265,11ef16284513624896034583731c52d756bb03c53a990ea1f082f4626f2b3a07,0.833333,mpeg4,640,480,30/1,25,0.0
HELLO_HOW_YOU,data/raw_videos/PHRASES/HELLO_HOW_YOU/39d34dc4.mp4,opaque,3242107,696ab151cb063a2d6bd03e4b46abf03fe7b9663942cc61c6bc4c022e1d2001aa,4.066667,mpeg4,640,480,30/1,122,0.0
HELLO_HOW_YOU,data/raw_videos/PHRASES/HELLO_HOW_YOU/3b64fc2e.mp4,opaque,516834,6c9b07aed39367b1fc23330175f4a06f460068d82ddd11ff94fe08f1349c40c8,0.933333,mpeg4,640,480,30/1,28,0.0
HELLO_HOW_YOU,data/raw_videos/PHRASES/HELLO_HOW_YOU/3cbac837.mp4,opaque,5883289,fb04182651c1c1864b9b5e386c4222988dbc332889e9faa9329f66dc78c5c566,7.566667,mpeg4,640,480,30/1,227,0.0
HELLO_HOW_YOU,data/raw_videos/PHRASES/HELLO_HOW_YOU/3d44cf58.mp4,opaque,1667318,ba1faff5051500c711d010c4f42c47d8cfbe1857dfc7342a57ad38811947f0fa,3.666667,mpeg4,640,480,30/1,110,0.0
HELLO_HOW_YOU,data/raw_videos/PHRASES/HELLO_HOW_YOU/400fec4b.mp4,opaque,409115,515f3182e7ecfc087de2a785f4a5e6241d1e0431ff96159d6d0a97a3729ffb1c,0.7,mpeg4,640,480,30/1,21,0.0
HELLO_HOW_YOU,data/raw_videos/PHRASES/HELLO_HOW_YOU/42356a6d.mp4,opaque,517847,886ab9fa65628855f8f6f6a8e9d9dbb38568dc5544875c50dd911bd10be276b1,0.933333,mpeg4,640,480,30/1,28,0.0
HELLO_HOW_YOU,data/raw_videos/PHRASES/HELLO_HOW_YOU/426cf10b.mp4,opaque,3303890,66f3032dfccbfe688b09d6f28aca84433d26512c807121cd3d6a9b6398c47951,3.833333,mpeg4,640,480,30/1,115,0.0
HELLO_HOW_YOU,data/raw_videos/PHRASES/HELLO_HOW_YOU/4561a78e.mp4,opaque,448941,b074f7c54f6c686e8ecb78e77499b9f98e7602708340424225a35c2faa120f17,0.8,mpeg4,640,480,30/1,24,0.0
HELLO_HOW_YOU,data/raw_videos/PHRASES/HELLO_HOW_YOU/4b33919f.mp4,opaque,4784207,821d858248adaa105204de53d88dc3a02cd872cc286370f22c54a2acc04c62a2,5.1,mpeg4,640,480,30/1,153,0.0
HELLO_HOW_YOU,data/raw_videos/PHRASES/HELLO_HOW_YOU/4db4e096.mp4,opaque,3051967,c562a94a4acb1a56a5a74f1c9e4b2576671621a28d08f49dda6e0adae3d50051,3.533333,mpeg4,640,480,30/1,106,0.0
HELLO_HOW_YOU,data/raw_videos/PHRASES/HELLO_HOW_YOU/524ba680.mp4,opaque,4662004,36eba46e0aa80f2f8bc87923a9b8867a13b1b9f276136e2f1bf2a6b9e2b9bd29,5.4,mpeg4,640,480,30/1,162,0.0
HELLO_HOW_YOU,data/raw_videos/PHRASES/HELLO_HOW_YOU/554a43c7.mp4,opaque,517995,e3ef37fa78dd35dc1f8bb375f04286a08cb7e1e7aec1fbec0f8bc125eb2bfbce,0.933333,mpeg4,640,480,30/1,28,0.0
HELLO_HOW_YOU,data/raw_videos/PHRASES/HELLO_HOW_YOU/57a9e08c.mp4,opaque,3564178,df5c251e7233cf7759c1b1de04894de4b76cf53c4aa47d8457c3d7ef6ca15443,3.8,mpeg4,640,480,30/1,114,0.0
HELLO_HOW_YOU,data/raw_videos/PHRASES/HELLO_HOW_YOU/5c7f0945.mp4,opaque,552702,c65cbe4f33775aeab5b8f0fdda3b453990308f882d4f9d0939bc59965e747d42,1.033333,mpeg4,640,480,30/1,31,0.0
HELLO_HOW_YOU,data/raw_videos/PHRASES/HELLO_HOW_YOU/5d677b3d.mp4,opaque,489604,b8a6f40ec5c8b8a0201d8a9fede04dcfe6ef4c3dd5c610498fe8ce10da96425b,0.833333,mpeg4,640,480,30/1,25,0.0
HELLO_HOW_YOU,data/raw_videos/PHRASES/HELLO_HOW_YOU/5d7a5d95.mp4,opaque,568779,3835e3094fbf0bdee611352896d29881a2b66a95ee68b612322aadfa29e7a4d4,1.0,mpeg4,640,480,30/1,30,0.0
HELLO_HOW_YOU,data/raw_videos/PHRASES/HELLO_HOW_YOU/5db48bc6.mp4,opaque,468781,17ff22a51ce5dababce358313cb1cc4415f90c3530c7408f965ee16481e187f6,0.833333,mpeg4,640,480,30/1,25,0.0
HELLO_HOW_YOU,data/raw_videos/PHRASES/HELLO_HOW_YOU/5dedcfd3.mp4,opaque,3029702,9334f87c16aa77b062128fa9ff0eec4e3df07ce60bc07d03333a066670356f34,4.0,mpeg4,640,480,30/1,120,0.0
HELLO_HOW_YOU,data/raw_videos/PHRASES/HELLO_HOW_YOU/5e38501f.mp4,opaque,4045739,f9fd602b51ff95ef4864be7ada757fdd4a4ffe45268a114e7cd868478e9cf27c,4.333333,mpeg4,640,480,30/1,130,0.0
HELLO_HOW_YOU,data/raw_videos/PHRASES/HELLO_HOW_YOU/5f0e00c5.mp4,opaque,600556,34c9d79b1649d8f030d1e6cba0da8022e84759eae30bded79cf1b68b72d59316,1.066667,mpeg4,640,480,30/1,32,0.0
HELLO_HOW_YOU,data/raw_videos/PHRASES/HELLO_HOW_YOU/63cfed08.mp4,opaque,489613,0de1e7847a4b64ec4a2b26a7da1c4db9c89a322c4aa69815e9e4d0da423d5c6a,0.833333,mpeg4,640,480,30/1,25,0.0
HELLO_HOW_YOU,data/raw_videos/PHRASES/HELLO_HOW_YOU/6446e671.mp4,opaque,6569571,a58c6be4224304e879baaf778f55b3fd70ace3230aac136a7811e12f14cfbfdb,5.2,mpeg4,640,480,30/1,156,0.0
HELLO_HOW_YOU,data/raw_videos/PHRASES/HELLO_HOW_YOU/64f34df5.mp4,opaque,444040,7ab469f7996c8e3900c80126e3f594f188b5de873cd85c138ab857006e28f51e,0.8,mpeg4,640,480,30/1,24,0.0
HELLO_HOW_YOU,data/raw_videos/PHRASES/HELLO_HOW_YOU/659256e5.mp4,opaque,406891,37dab50cca7f189473fd8d5385b8fc870d540f1eb92d37bff9d978c4c729a846,0.7,mpeg4,640,480,30/1,21,0.0
HELLO_HOW_YOU,data/raw_videos/PHRASES/HELLO_HOW_YOU/65cbb4ee.mp4,opaque,3149159,102134efd6089f7cbb36c0c9a977cec8b5c81dbcbc059bf2762b4a358e43788d,3.766667,mpeg4,640,480,30/1,113,0.0
HELLO_HOW_YOU,data/raw_videos/PHRASES/HELLO_HOW_YOU/65f3dc06.mp4,opaque,513837,c7ec2001fd89931a3566043bafe754e4661a0b0987c0b015660cb9c5612130b5,0.9,mpeg4,640,480,30/1,27,0.0
HELLO_HOW_YOU,data/raw_videos/PHRASES/HELLO_HOW_YOU/67217191.mp4,opaque,2981422,fae072b92d71f35583014fa7e1c673837542d35edf4f15767e01f3feb5c7f3c4,3.233333,mpeg4,640,480,30/1,97,0.0
HELLO_HOW_YOU,data/raw_videos/PHRASES/HELLO_HOW_YOU/6a61d33d.mp4,opaque,561614,0e37a4a04d9ca489f2dcdcb48633a79bb0925b0d8660e6d475f0c599c1974a87,0.966667,mpeg4,640,480,30/1,29,0.0
HELLO_HOW_YOU,data/raw_videos/PHRASES/HELLO_HOW_YOU/6b3babfa.mp4,opaque,484940,d57c5f354afd605187c29551b0b825cc7d2952f9edb412eaa18abad7d81fc4aa,0.9,mpeg4,640,480,30/1,27,0.0
HELLO_HOW_YOU,data/raw_videos/PHRASES/HELLO_HOW_YOU/709b9722.mp4,opaque,2683012,47d733fe938e5290f3a719f46518122d323e0b9a411f39216181e4b5dfeba4ab,3.166667,mpeg4,640,480,30/1,95,0.0
HELLO_HOW_YOU,data/raw_videos/PHRASES/HELLO_HOW_YOU/738d8112.mp4,opaque,4511998,348a6de0198b3de13a2f4b24f667beb888da86af160eddd9819437e395f0fc6c,5.366667,mpeg4,640,480,30/1,161,0.0
HELLO_HOW_YOU,data/raw_videos/PHRASES/HELLO_HOW_YOU/748544af.mp4,opaque,567014,f627bec1d1895e362d9a35f6f4e58baabb545cfb50ebabe540fb3569cd5c33d1,1.0,mpeg4,640,480,30/1,30,0.0
HELLO_HOW_YOU,data/raw_videos/PHRASES/HELLO_HOW_YOU/77470b0f.mp4,opaque,3977176,2fe18c54c1b19f3860be74e44788951ac917ee53f7c76678143161271867a3ef,4.566667,mpeg4,640,480,30/1,137,0.0
HELLO_HOW_YOU,data/raw_videos/PHRASES/HELLO_HOW_YOU/7bc94e4e.mp4,opaque,5137025,b22bc85006737bcb4809cfdfe386da53a0f8388e07c0215618c0728a81ad579c,5.666667,mpeg4,640,480,30/1,170,0.0
HELLO_HOW_YOU,data/raw_videos/PHRASES/HELLO_HOW_YOU/7dd10d1c.mp4,opaque,587114,101581c02edd3a1782bd05b1c09be8021d9418a3b50635fefec853c02f41c9dd,1.0,mpeg4,640,480,30/1,30,0.0
HELLO_HOW_YOU,data/raw_videos/PHRASES/HELLO_HOW_YOU/7df3af1d.mp4,opaque,2385755,22e6db501aef8ebd5f55e54400fdb86643f702fcb55498ef33baa52d77859c71,3.0,mpeg4,640,480,30/1,90,0.0
HELLO_HOW_YOU,data/raw_videos/PHRASES/HELLO_HOW_YOU/7dff4a30.mp4,opaque,4643676,2cea11f51efd244e61b61c8ea4363f905078716b494ca844e9eeee355bd45762,5.0,mpeg4,640,480,30/1,150,0.0
HELLO_HOW_YOU,data/raw_videos/PHRASES/HELLO_HOW_YOU/7e094136.mp4,opaque,4212613,460a79c0b1ed6affd007e13eb77e42cf69e178990057009717103fe0f8dadf20,4.933333,mpeg4,640,480,30/1,148,0.0
HELLO_HOW_YOU,data/raw_videos/PHRASES/HELLO_HOW_YOU/7f9aa96a.mp4,opaque,560619,b8fabe53f2f4274c3932f0512fa740ac8e498b04f3ac167864fb9f691ecb0513,0.966667,mpeg4,640,480,30/1,29,0.0
HELLO_HOW_YOU,data/raw_videos/PHRASES/HELLO_HOW_YOU/80f8c662.mp4,opaque,586375,11bd019456dd1d45b771144d1520f7110d1d7c0f644c848c9960a6583ec361bc,1.033333,mpeg4,640,480,30/1,31,0.0
HELLO_HOW_YOU,data/raw_videos/PHRASES/HELLO_HOW_YOU/818e7c56.mp4,opaque,3300865,de46ba25cea39c0ba82bcac6581fc6b6e444b18b8e430039e895820d0bb02998,4.3,mpeg4,640,480,30/1,129,0.0
HELLO_HOW_YOU,data/raw_videos/PHRASES/HELLO_HOW_YOU/833e2480.mp4,opaque,3971761,c9a041594cc0c135630f0676b93463f6f21dc97adc9be21ad788578a1f22099e,5.1,mpeg4,640,480,30/1,153,0.0
HELLO_HOW_YOU,data/raw_videos/PHRASES/HELLO_HOW_YOU/87753aaa.mp4,opaque,3452235,38db4e589e0089df9ec30f97079661e74d42d6b3b4d44c72a06086139b5bd9db,3.666667,mpeg4,640,480,30/1,110,0.0
HELLO_HOW_YOU,data/raw_videos/PHRASES/HELLO_HOW_YOU/87d0f47f.mp4,opaque,407160,f00ac014d38c5a5462ba5f6c91ddd10df8ba41442d580b134808f30c735efda8,0.8,mpeg4,640,480,30/1,24,0.0
HELLO_HOW_YOU,data/raw_videos/PHRASES/HELLO_HOW_YOU/88954a9f.mp4,opaque,2544981,6e261063f051b2ad473921c42ae9d155be603a7f43271abd6dfb1215a98a7dc6,4.1,mpeg4,640,480,30/1,123,0.0
HELLO_HOW_YOU,data/raw_videos/PHRASES/HELLO_HOW_YOU/8b718e08.mp4,opaque,2519219,3f2256049a8ccce0561aa8e485e0a5383d901002d98bf7caf4e44313cc9af39f,2.833333,mpeg4,640,480,30/1,85,0.0
HELLO_HOW_YOU,data/raw_videos/PHRASES/HELLO_HOW_YOU/8cb7b270.mp4,opaque,3075258,1ba500e0f62bebd922fbffb493a545dbde86d153c00c9b3675fae88185d9da38,5.033333,mpeg4,640,480,30/1,151,0.0
HELLO_HOW_YOU,data/raw_videos/PHRASES/HELLO_HOW_YOU/8eb41e25.mp4,opaque,553762,216c25f66940e5bbd447ba98e1d9461d357123ca4aa78ae82c4bd6365748e68a,0.966667,mpeg4,640,480,30/1,29,0.0
HELLO_HOW_YOU,data/raw_videos/PHRASES/HELLO_HOW_YOU/90038089.mp4,opaque,530102,ade5467af060cbb1e8d932511733ba637a085ae5da776212e60db1831d4760f0,0.9,mpeg4,640,480,30/1,27,0.0
HELLO_HOW_YOU,data/raw_videos/PHRASES/HELLO_HOW_YOU/938d18c7.mp4,opaque,5646065,fa19b1bfafb923e0565a3dfa6254507d2a88f0b5a1b6718f0a842ca120d9d534,4.6,mpeg4,640,480,30/1,138,0.0
HELLO_HOW_YOU,data/raw_videos/PHRASES/HELLO_HOW_YOU/93ddb3f8.mp4,opaque,4685909,91d85bd14078b1dd42d9a44b4878fcd4b67f0a5f126406edd6e86ca47d12ce17,5.933333,mpeg4,640,480,30/1,178,0.0
HELLO_HOW_YOU,data/raw_videos/PHRASES/HELLO_HOW_YOU/945c7b75.mp4,opaque,447556,b4b07fb07899a822069aa6018f0e1bd640df4d8e398b45fe0c65c084fc36317e,0.766667,mpeg4,640,480,30/1,23,0.0
HELLO_HOW_YOU,data/raw_videos/PHRASES/HELLO_HOW_YOU/9b6035bd.mp4,opaque,527256,f9bfa0d237cf6266fe2d3ad8c9287f212b6b5e85fc6b3f533944ac6e877b88a9,1.0,mpeg4,640,480,30/1,30,0.0
HELLO_HOW_YOU,data/raw_videos/PHRASES/HELLO_HOW_YOU/HELLO_HOW_YOU_1.mp4,numbered,604194,6049c1105a570aae35353549db91eb34c99eedae07a9ba3e8d3320b260d1196a,4.3,mpeg4,640,480,30/1,129,0.0
HELLO_HOW_YOU,data/raw_videos/PHRASES/HELLO_HOW_YOU/HELLO_HOW_YOU_10.mp4,numbered,564384,12abde32909579be913cde8d7e21fb8d5282306751375ccbe43d19c36b116af4,3.866667,mpeg4,640,480,30/1,116,0.0
HELLO_HOW_YOU,data/raw_videos/PHRASES/HELLO_HOW_YOU/HELLO_HOW_YOU_11.mp4,numbered,636516,0197289a80c28bf511ece256830919c71b54c1d6533db04191c3be318ed75a8d,4.166667,mpeg4,640,480,30/1,125,0.0
HELLO_HOW_YOU,data/raw_videos/PHRASES/HELLO_HOW_YOU/HELLO_HOW_YOU_12.mp4,numbered,636915,c77810d2ac761755885c09fca600b97d6b36f881e514397a3f24f18f95953a2a,3.833333,mpeg4,640,480,30/1,115,0.0
HELLO_HOW_YOU,data/raw_videos/PHRASES/HELLO_HOW_YOU/HELLO_HOW_YOU_13.mp4,numbered,550783,f67c573d4e63bf624c008aadfa528fcbaf89a1dd18ef3ed58c61e4451bb83dbf,3.633333,mpeg4,640,480,30/1,109,0.0
HELLO_HOW_YOU,data/raw_videos/PHRASES/HELLO_HOW_YOU/HELLO_HOW_YOU_14.mp4,numbered,600503,337a97a230e369124075a7edb3dce3dfe583567bf4e5e0051d15f00b41593295,4.066667,mpeg4,640,480,30/1,122,0.0
HELLO_HOW_YOU,data/raw_videos/PHRASES/HELLO_HOW_YOU/HELLO_HOW_YOU_15.mp4,numbered,591900,c410763cc7cc37478e0d4f115a1cfcee21bea69b1b7bac51c152706b13db4ae6,4.3,mpeg4,640,480,30/1,129,0.0
HELLO_HOW_YOU,data/raw_videos/PHRASES/HELLO_HOW_YOU/HELLO_HOW_YOU_16.mp4,numbered,623443,6cb7a42e9a4dbee8530f1f949541263ea8ef3962651343a1dbfaf7cef438ffc5,4.466667,mpeg4,640,480,30/1,134,0.0
HELLO_HOW_YOU,data/raw_videos/PHRASES/HELLO_HOW_YOU/HELLO_HOW_YOU_17.mp4,numbered,563162,5380bb7872e518b7dc5ae13f554c19b4d6c0541c082e2adec99dd40fe8ed76d0,3.933333,mpeg4,640,480,30/1,118,0.0
HELLO_HOW_YOU,data/raw_videos/PHRASES/HELLO_HOW_YOU/HELLO_HOW_YOU_18.mp4,numbered,600957,e6f5eb218b97f427f66e06288825997cd6ae1ec58a8c8b7e46d983cd94119020,4.066667,mpeg4,640,480,30/1,122,0.0
HELLO_HOW_YOU,data/raw_videos/PHRASES/HELLO_HOW_YOU/HELLO_HOW_YOU_19.mp4,numbered,573015,3029eef8c7c4dfc251339a620e325942dc60d037a15657cad5120eeb7aae24eb,3.7,mpeg4,640,480,30/1,111,0.0
HELLO_HOW_YOU,data/raw_videos/PHRASES/HELLO_HOW_YOU/HELLO_HOW_YOU_2.mp4,numbered,625042,1a87af8b93b3db2bf42becc6c4e929226de589a665e1a5c2c325f98db47cf27f,4.733333,mpeg4,640,480,30/1,142,0.0
HELLO_HOW_YOU,data/raw_videos/PHRASES/HELLO_HOW_YOU/HELLO_HOW_YOU_20.mp4,numbered,543639,44922a869bd4e819a376fe7178a1820853ede65467b019ddf73ef07c5eb25848,3.4,mpeg4,640,480,30/1,102,0.0
HELLO_HOW_YOU,data/raw_videos/PHRASES/HELLO_HOW_YOU/HELLO_HOW_YOU_3.mp4,numbered,602483,c445edbded1b9a0304a3edf1feaa995322ff71a4e859bf522917ab9477a44dc5,4.533333,mpeg4,640,480,30/1,136,0.0
HELLO_HOW_YOU,data/raw_videos/PHRASES/HELLO_HOW_YOU/HELLO_HOW_YOU_4.mp4,numbered,571490,633afda1811711e742ba6638188b4aa204aa33815613df86361caa0383c329da,4.333333,mpeg4,640,480,30/1,130,0.0
HELLO_HOW_YOU,data/raw_videos/PHRASES/HELLO_HOW_YOU/HELLO_HOW_YOU_5.mp4,numbered,651039,aa1246fe650e87fb24d63a0b80b9bb8124abbfb438a336dfaa3153dab508aaf5,4.766667,mpeg4,640,480,30/1,143,0.0
HELLO_HOW_YOU,data/raw_videos/PHRASES/HELLO_HOW_YOU/HELLO_HOW_YOU_6.mp4,numbered,543132,0ba9f470438ffd90e77517c0929373ec116d38cbfd1416229f3dd933177c824d,3.6,mpeg4,640,480,30/1,108,0.0
HELLO_HOW_YOU,data/raw_videos/PHRASES/HELLO_HOW_YOU/HELLO_HOW_YOU_7.mp4,numbered,617764,552d3e3e5627b068687cc94c0ab07434cb4c2291ee9e76f73a69bb8af5201774,4.133333,mpeg4,640,480,30/1,124,0.0
HELLO_HOW_YOU,data/raw_videos/PHRASES/HELLO_HOW_YOU/HELLO_HOW_YOU_8.mp4,numbered,613978,c0c4b1534a812fe2e3fb099d0ead95c0cdd017d7909a74303a4ac802a1b03ee4,4.166667,mpeg4,640,480,30/1,125,0.0
HELLO_HOW_YOU,data/raw_videos/PHRASES/HELLO_HOW_YOU/HELLO_HOW_YOU_9.mp4,numbered,606361,d1478b119045089970af41e5317fa5fe581026cc49f5bfdbc16f15b0c785df19,4.133333,mpeg4,640,480,30/1,124,0.0
HELLO_HOW_YOU,data/raw_videos/PHRASES/HELLO_HOW_YOU/a0c81cbb.mp4,opaque,484095,c2a7f57ac724588a8291a3f8c845a27c1562571c8481797c1938365d61178b1c,0.833333,mpeg4,640,480,30/1,25,0.0
HELLO_HOW_YOU,data/raw_videos/PHRASES/HELLO_HOW_YOU/a0f35cb3.mp4,opaque,5869324,d301e34f8aebef84997c1485c9e14feb6dd3d3ab822732a89ebb81accb453c9e,4.766667,mpeg4,640,480,30/1,143,0.0
HELLO_HOW_YOU,data/raw_videos/PHRASES/HELLO_HOW_YOU/a12235e8.mp4,opaque,4111400,92a8d12514c88470a393ea3a6c2a7f7bb8b9968a570cee539ffaede896a1e985,4.633333,mpeg4,640,480,30/1,139,0.0
HELLO_HOW_YOU,data/raw_videos/PHRASES/HELLO_HOW_YOU/aaeb9c93.mp4,opaque,475878,2f76ce4413ae59918d384689729b5889fb4934ae9004bfb61ef40bf12c31d023,0.833333,mpeg4,640,480,30/1,25,0.0
HELLO_HOW_YOU,data/raw_videos/PHRASES/HELLO_HOW_YOU/af7b60e0.mp4,opaque,609842,0864284d6bb242c6525b426b6d10dee5ac4bc33b01a3ea8a908eeb65a90902c1,1.1,mpeg4,640,480,30/1,33,0.0
HELLO_HOW_YOU,data/raw_videos/PHRASES/HELLO_HOW_YOU/b80ced33.mp4,opaque,431236,58c6e899757d6e57afe5669ee76b26ed91bd7ebfec2fa26709f320d803208724,0.733333,mpeg4,640,480,30/1,22,0.0
HELLO_HOW_YOU,data/raw_videos/PHRASES/HELLO_HOW_YOU/b84d32cc.mp4,opaque,4690812,81bfc774de9022e4decad5ee17e7178a39d32b754935b98d68421574b66d3da0,5.033333,mpeg4,640,480,30/1,151,0.0
HELLO_HOW_YOU,data/raw_videos/PHRASES/HELLO_HOW_YOU/c18a49e6.mp4,opaque,582177,d929ce292e1ef0a4073db3fb006a3622d64d19df8db72bc25d4803b9adbd8b6d,1.033333,mpeg4,640,480,30/1,31,0.0
HELLO_HOW_YOU,data/raw_videos/PHRASES/HELLO_HOW_YOU/c2e41b7c.mp4,opaque,5795293,36b0049640902de73560b4d0d9b64f3268ab887e075090dc5006017c1b8760dd,6.2,mpeg4,640,480,30/1,186,0.0
HELLO_HOW_YOU,data/raw_videos/PHRASES/HELLO_HOW_YOU/c633c40e.mp4,opaque,512199,4eb7d4a1bde64c87025a7fcce470f83449262018ff33f9c96e06cdad40b13b9d,0.9,mpeg4,640,480,30/1,27,0.0
HELLO_HOW_YOU,data/raw_videos/PHRASES/HELLO_HOW_YOU/c86e578e.mp4,opaque,3698395,9ef802f4a3a880d927c500fcfca94077c53d0e1e6e0875813418bc5f8abccb51,4.733333,mpeg4,640,480,30/1,142,0.0
HELLO_HOW_YOU,data/raw_videos/PHRASES/HELLO_HOW_YOU/c8ad628f.mp4,opaque,580680,df3977f797588aae4a8f09eef3cc0c41de7c1cbdaa1eb697295d67837affac35,1.1,mpeg4,640,480,30/1,33,0.0
HELLO_HOW_YOU,data/raw_videos/PHRASES/HELLO_HOW_YOU/c9f79801.mp4,opaque,638245,7a41fdd69e29d492f794c01b3d5167b3f9ba03710526d10dac57338142b61e04,1.166667,mpeg4,640,480,30/1,35,0.0
HELLO_HOW_YOU,data/raw_videos/PHRASES/HELLO_HOW_YOU/ca015b2e.mp4,opaque,1910375,bcebb74a974c81bab3345bc17a2bf7550147eac780999ec769190304a37b3a1d,3.533333,mpeg4,640,480,30/1,106,0.0
HELLO_HOW_YOU,data/raw_videos/PHRASES/HELLO_HOW_YOU/cdc3af08.mp4,opaque,3845466,963f15f4393b84a8af0b9765712e8137f3a6bf4c776d084c40ff6c3cf10a1a01,4.366667,mpeg4,640,480,30/1,131,0.0
HELLO_HOW_YOU,data/raw_videos/PHRASES/HELLO_HOW_YOU/d02e508d.mp4,opaque,632603,3b1cb5245f036bac25fb6df3b62fbf1e4f748b9b6264d75f773deefe34009d5f,1.1,mpeg4,640,480,30/1,33,0.0
HELLO_HOW_YOU,data/raw_videos/PHRASES/HELLO_HOW_YOU/d6253547.mp4,opaque,556243,d8d00c85a029449621ded02cade248d89b43e120540f7a2c27531621d29af2f8,0.933333,mpeg4,640,480,30/1,28,0.0
HELLO_HOW_YOU,data/raw_videos/PHRASES/HELLO_HOW_YOU/d665e9b7.mp4,opaque,3487765,ed892659c0651acfa27ccd1831190101f8d6e975233a9fb104e1f2fb7cd2ac2d,3.533333,mpeg4,640,480,30/1,106,0.0
HELLO_HOW_YOU,data/raw_videos/PHRASES/HELLO_HOW_YOU/dc203174.mp4,opaque,450995,2c8540de735efeeef97ea8b829aba766e8b3fd35ff748f47d024073ab14ebd54,0.8,mpeg4,640,480,30/1,24,0.0
HELLO_HOW_YOU,data/raw_videos/PHRASES/HELLO_HOW_YOU/dcec9c83.mp4,opaque,2628874,84f23e8a712f30a6378f03ef61e8a058b25a9a5ef4d1c6af04f99183b28555ab,2.9,mpeg4,640,480,30/1,87,0.0
HELLO_HOW_YOU,data/raw_videos/PHRASES/HELLO_HOW_YOU/dfda6a10.mp4,opaque,541426,7dbe38760b66b7ea73579777142c001afcc32514f540d8a2c10257982fd49c3a,0.966667,mpeg4,640,480,30/1,29,0.0
HELLO_HOW_YOU,data/raw_videos/PHRASES/HELLO_HOW_YOU/e2ed76e1.mp4,opaque,3700336,4e36805982b1d4b57d473053d398e2c84d6bcc5cc93c391ebe0ae00b1dcbacc8,3.833333,mpeg4,640,480,30/1,115,0.0
HELLO_HOW_YOU,data/raw_videos/PHRASES/HELLO_HOW_YOU/e8281df9.mp4,opaque,651793,9f8ba90b85570e8f7bf8ce7dfa7368726689c1d0a383024564d609c06a7df0f5,1.233333,mpeg4,640,480,30/1,37,0.0
HELLO_HOW_YOU,data/raw_videos/PHRASES/HELLO_HOW_YOU/e8e2e714.mp4,opaque,517915,8037ecfc68c4c3a903d350e84b0bdf1bb15f427922e187a35521a50da08e06a3,0.966667,mpeg4,640,480,30/1,29,0.0
HELLO_HOW_YOU,data/raw_videos/PHRASES/HELLO_HOW_YOU/ec4acdde.mp4,opaque,3886015,7776074c9c3b594f6e71dd52398da040582105ff84cde9bdcdf66ec57df11b83,4.033333,mpeg4,640,480,30/1,121,0.0
HELLO_HOW_YOU,data/raw_videos/PHRASES/HELLO_HOW_YOU/ecedfdd1.mp4,opaque,2335840,0a6a8bd1120ea7afc259db727699eee4f3a8ef341a29ab1f69fd008fd66fb591,3.6,mpeg4,640,480,30/1,108,0.0
HELLO_HOW_YOU,data/raw_videos/PHRASES/HELLO_HOW_YOU/ee3415da.mp4,opaque,543424,ae1a219f1dcc47000f649838ebea40d8fcaedd4e9fed4e8dee4fcd7e2b9f5d9b,0.966667,mpeg4,640,480,30/1,29,0.0
HELLO_HOW_YOU,data/raw_videos/PHRASES/HELLO_HOW_YOU/efbccc6a.mp4,opaque,444715,019c61f23977255be15cf20cadd0a126af6151a40a265ff511f2d2e7a009a065,0.8,mpeg4,640,480,30/1,24,0.0
HELLO_HOW_YOU,data/raw_videos/PHRASES/HELLO_HOW_YOU/f0b6ec18.mp4,opaque,488303,e7cca98887fd35d4d4bb263227f92085b84a5412f238652d5cca0fd42edc3fe5,0.933333,mpeg4,640,480,30/1,28,0.0
HELLO_HOW_YOU,data/raw_videos/PHRASES/HELLO_HOW_YOU/f0e3b658.mp4,opaque,461757,0be5aa7351c24081152b7a0fcb5d86581428d66cfe3e025c36d012de5308b5ec,0.833333,mpeg4,640,480,30/1,25,0.0
HELLO_HOW_YOU,data/raw_videos/PHRASES/HELLO_HOW_YOU/f1d4d9e8.mp4,opaque,478042,002215c14f142660b83cf8a602d2fc78afc59bcea6245ecca04d533d5a1d22ac,0.866667,mpeg4,640,480,30/1,26,0.0
HELLO_HOW_YOU,data/raw_videos/PHRASES/HELLO_HOW_YOU/f242027b.mp4,opaque,451518,2871c8f766be39d7af645aaf6c0786f0b2cb59708845c24e9bd95d5787a5fb69,0.8,mpeg4,640,480,30/1,24,0.0
HELLO_HOW_YOU,data/raw_videos/PHRASES/HELLO_HOW_YOU/f29e67a4.mp4,opaque,575256,cd3406e2aa1e3714d522697155f34322c73260d86cc0bcb55d4825f6a4bcbe93,1.066667,mpeg4,640,480,30/1,32,0.0
HELLO_HOW_YOU,data/raw_videos/PHRASES/HELLO_HOW_YOU/f6a616f4.mp4,opaque,537922,cdc1119886f535bf508e9079d8923a3314ba6d9f4c231d3701ec26a5f9d89a73,0.933333,mpeg4,640,480,30/1,28,0.0
HELLO_HOW_YOU,data/raw_videos/PHRASES/HELLO_HOW_YOU/ff187c3f.mp4,opaque,2609248,4c2894141e8e15ccfb4a2c2b079a910e22bc4898f144f2c8b0afc95aa3fef286,2.9,mpeg4,640,480,30/1,87,0.0
I_WANT_FOOD,data/raw_videos/PHRASES/I_WANT_FOOD/02951755.mp4,opaque,2264759,d09aec19bc9e4809e847cbc7ee5f7c9a9bbf2d971915adce52f3570e9c11b435,3.8,mpeg4,640,480,30/1,114,0.0
I_WANT_FOOD,data/raw_videos/PHRASES/I_WANT_FOOD/0870ee72.mp4,opaque,597128,a4628ae81c11ac9a256b6cebb44e52602786e5de99d0d6ff7ec1a537245157c0,0.833333,mpeg4,640,480,30/1,25,0.0
I_WANT_FOOD,data/raw_videos/PHRASES/I_WANT_FOOD/08d3d22b.mp4,opaque,631804,32956e81fbb4bc1953d04c4645f9dce3589a236459283bda938fe9ad0c688274,0.9,mpeg4,640,480,30/1,27,0.0
I_WANT_FOOD,data/raw_videos/PHRASES/I_WANT_FOOD/0a666dcc.mp4,opaque,2469035,d6c7836b77f227991087ad6fa35cf3be532fe21b1807be57c40837d41b5e6916,4.333333,mpeg4,640,480,30/1,130,0.0
I_WANT_FOOD,data/raw_videos/PHRASES/I_WANT_FOOD/27e1c804.mp4,opaque,660437,3478bfe52b515cbeec21346771a28080393a9b8691f9a75573b62e0d0e3e98bc,0.933333,mpeg4,640,480,30/1,28,0.0
I_WANT_FOOD,data/raw_videos/PHRASES/I_WANT_FOOD/2a2a351e.mp4,opaque,801124,61ab182a973f1e227417d330d013b41f7ef690e72798775433b890f0651a0792,1.1,mpeg4,640,480,30/1,33,0.0
I_WANT_FOOD,data/raw_videos/PHRASES/I_WANT_FOOD/2a440f58.mp4,opaque,764718,06db5988d1fd3fa2adfcb8d42ffb5d141865a38612c2603a64b2f9c765555a1d,1.066667,mpeg4,640,480,30/1,32,0.0
I_WANT_FOOD,data/raw_videos/PHRASES/I_WANT_FOOD/39488dbb.mp4,opaque,2618793,aebe3725da9b358f702e0bc2afde6563bfba0b4e956631f132354d093675427a,5.6,mpeg4,640,480,30/1,168,0.0
I_WANT_FOOD,data/raw_videos/PHRASES/I_WANT_FOOD/3b8420d5.mp4,opaque,2253072,e50de2beba8cf56c775ed37777019920ee41e8f57f2e431b81307b9fc2d8ef24,3.9,mpeg4,640,480,30/1,117,0.0
I_WANT_FOOD,data/raw_videos/PHRASES/I_WANT_FOOD/3c19da8a.mp4,opaque,666455,ff77c20caa52e275a332d1d14a2cb5134f18631ad5d7671327b1820968ad4e2b,0.966667,mpeg4,640,480,30/1,29,0.0
I_WANT_FOOD,data/raw_videos/PHRASES/I_WANT_FOOD/3e9dad17.mp4,opaque,2276803,f1f5204b597ac788741ea967a2e181929b9354490a7cf40b1db368c0d28115bc,4.166667,mpeg4,640,480,30/1,125,0.0
I_WANT_FOOD,data/raw_videos/PHRASES/I_WANT_FOOD/4034d2bb.mp4,opaque,727560,5783ec0677a9ff853e714ff7d1e0545519b9f8b2e22f06cbf1c78186bcf9c5c3,1.033333,mpeg4,640,480,30/1,31,0.0
I_WANT_FOOD,data/raw_videos/PHRASES/I_WANT_FOOD/4088094a.mp4,opaque,1805071,02165e82d47a53c2e9430911b41a32d08d9203c688b41303c3d5a4001150401b,3.233333,mpeg4,640,480,30/1,97,0.0
I_WANT_FOOD,data/raw_videos/PHRASES/I_WANT_FOOD/4486bf8e.mp4,opaque,2032386,a6058ce71951fdf3f988eb4e21309b22442ae458c83cbfe53266d1eb757bee63,3.433333,mpeg4,640,480,30/1,103,0.0
I_WANT_FOOD,data/raw_videos/PHRASES/I_WANT_FOOD/4a954c08.mp4,opaque,2165279,5275f877b0b92f94c81610e8ce9829c2def5ab64d5815470d455b459d266b34f,3.8,mpeg4,640,480,30/1,114,0.0
I_WANT_FOOD,data/raw_videos/PHRASES/I_WANT_FOOD/55a0cc4b.mp4,opaque,576105,e0b5f3fb9a062b0ca5bcc31ca9edbb18ecf81f5800a1efd09a5cad7f3db8513f,0.8,mpeg4,640,480,30/1,24,0.0
I_WANT_FOOD,data/raw_videos/PHRASES/I_WANT_FOOD/5a1cba8c.mp4,opaque,680995,f58c39f47ec6ef4f4f78a47f560d5d82ee72a709da23aa5f7a6c544c82e46a78,0.966667,mpeg4,640,480,30/1,29,0.0
I_WANT_FOOD,data/raw_videos/PHRASES/I_WANT_FOOD/5a87d62b.mp4,opaque,700416,a111a0bd4da445569e05ab24f013d0356103a5930719b626a50e86d4e19722bf,1.033333,mpeg4,640,480,30/1,31,0.0
I_WANT_FOOD,data/raw_videos/PHRASES/I_WANT_FOOD/5dde57f1.mp4,opaque,2713145,706398be9e6a0cb05e72eccd719644475239ff8c5e5348b95af0fb38bdeb821a,5.266667,mpeg4,640,480,30/1,158,0.0
I_WANT_FOOD,data/raw_videos/PHRASES/I_WANT_FOOD/6188bfca.mp4,opaque,2005300,9da8aaf7410e1d443871fda8ce5e9c07e8c402b8fad0f0fbe5c2e923b03b1e53,3.6,mpeg4,640,480,30/1,108,0.0
I_WANT_FOOD,data/raw_videos/PHRASES/I_WANT_FOOD/6ed32aae.mp4,opaque,686089,ee8582e8181f14f07160780ce71e6f8e44e65aa25a313c687ee49c33b5945c3d,1.033333,mpeg4,640,480,30/1,31,0.0
I_WANT_FOOD,data/raw_videos/PHRASES/I_WANT_FOOD/78666e0c.mp4,opaque,631377,3812ea3f47bd1ffee39b0d7059a25dafb2974f063fc83afaf28ca00850a29636,0.9,mpeg4,640,480,30/1,27,0.0
I_WANT_FOOD,data/raw_videos/PHRASES/I_WANT_FOOD/7ae70026.mp4,opaque,1780823,5cf73b59c7f4e5ca2bd929e26488d0fa0670e4ab2b10e2c0a082ab39ae21c094,3.1,mpeg4,640,480,30/1,93,0.0
I_WANT_FOOD,data/raw_videos/PHRASES/I_WANT_FOOD/852d0e9d.mp4,opaque,585718,9370093ef97a1e95ad1b29095d9d7b85ef7599424fe5b60738da3dcb5b2076c3,0.866667,mpeg4,640,480,30/1,26,0.0
I_WANT_FOOD,data/raw_videos/PHRASES/I_WANT_FOOD/86c550d9.mp4,opaque,673253,fa8fd90002716d0cf77208e00c1bae50d2bcd06a7c7f983aa5d928e2989a6598,0.966667,mpeg4,640,480,30/1,29,0.0
I_WANT_FOOD,data/raw_videos/PHRASES/I_WANT_FOOD/8a9eef0f.mp4,opaque,2121101,57d90917c999357cc9fab67d4470f052251941d2d259a47b5756e6b8da29450e,3.966667,mpeg4,640,480,30/1,119,0.0
I_WANT_FOOD,data/raw_videos/PHRASES/I_WANT_FOOD/9822068e.mp4,opaque,2513851,5bc231b80e27df249865925721796399d9fae3c6f73db34d6a3baacd1afaa43c,4.633333,mpeg4,640,480,30/1,139,0.0
I_WANT_FOOD,data/raw_videos/PHRASES/I_WANT_FOOD/I_WANT_FOOD_1.mp4,numbered,904692,519b052eb550b6494fb471fa95e9a7f74a2689aa767e3364df0f046bb19c9757,4.366667,mpeg4,640,480,30/1,131,0.0
I_WANT_FOOD,data/raw_videos/PHRASES/I_WANT_FOOD/I_WANT_FOOD_10.mp4,numbered,769525,de5ed14b6fc53232a12b619e9f2c823299d85ab8dff3af7f4ca678a58f3ccb43,3.666667,mpeg4,640,480,30/1,110,0.0
I_WANT_FOOD,data/raw_videos/PHRASES/I_WANT_FOOD/I_WANT_FOOD_11.mp4,numbered,923621,9a3ff52addaff8f33388961c6240af0e9abae01721ba72a573382c09f4375ddc,4.766667,mpeg4,640,480,30/1,143,0.0
I_WANT_FOOD,data/raw_videos/PHRASES/I_WANT_FOOD/I_WANT_FOOD_12.mp4,numbered,820094,5ae9fa286fad087b85b57ad1ad314c8356b94718c1bbf109e355be9c681a32cd,4.3,mpeg4,640,480,30/1,129,0.0
I_WANT_FOOD,data/raw_videos/PHRASES/I_WANT_FOOD/I_WANT_FOOD_13.mp4,numbered,824770,e46d9bf9f98e4dd1ebb3f6ef875b57a63a01985f06290f00deb053b21b4290ed,4.166667,mpeg4,640,480,30/1,125,0.0
I_WANT_FOOD,data/raw_videos/PHRASES/I_WANT_FOOD/I_WANT_FOOD_14.mp4,numbered,780294,c32f1a9b9779a8f76338357ff16433b2b37757eaf662e8700162f55c5c78f10d,3.433333,mpeg4,640,480,30/1,103,0.0
I_WANT_FOOD,data/raw_videos/PHRASES/I_WANT_FOOD/I_WANT_FOOD_15.mp4,numbered,701486,b97d492ba80038c799f1956fd06ae1d9195a507c0fedf28d184a8faa3bba74a0,3.6,mpeg4,640,480,30/1,108,0.0
I_WANT_FOOD,data/raw_videos/PHRASES/I_WANT_FOOD/I_WANT_FOOD_16.mp4,numbered,800427,e4638bb05eb86fbd374a5194a6cb6e7d5c33edf57146eb0c9b5fcb216a9d2d2b,3.933333,mpeg4,640,480,30/1,118,0.0
I_WANT_FOOD,data/raw_videos/PHRASES/I_WANT_FOOD/I_WANT_FOOD_17.mp4,numbered,753226,1dc7b247c7e27fe9982cec92c6c525fbd10ae5e89e888b0d4b18b7aafbb0d7a0,4.066667,mpeg4,640,480,30/1,122,0.0
I_WANT_FOOD,data/raw_videos/PHRASES/I_WANT_FOOD/I_WANT_FOOD_18.mp4,numbered,822093,804e9c183368c03642b76882e9bfaf2f5cd46a348df15e34fb0a5a609416f7cf,4.366667,mpeg4,640,480,30/1,131,0.0
I_WANT_FOOD,data/raw_videos/PHRASES/I_WANT_FOOD/I_WANT_FOOD_19.mp4,numbered,787097,4b9ea6e33644c4d6e89c1337916f430f32a76a777f7ad1d46aa4b83feac8a9e9,4.433333,mpeg4,640,480,30/1,133,0.0
I_WANT_FOOD,data/raw_videos/PHRASES/I_WANT_FOOD/I_WANT_FOOD_2.mp4,numbered,866449,81916833274f0b20f328ed800fecc3184abeee4e181f2556998583396b070ef1,4.4,mpeg4,640,480,30/1,132,0.0
I_WANT_FOOD,data/raw_videos/PHRASES/I_WANT_FOOD/I_WANT_FOOD_20.mp4,numbered,883200,6628557d008ad32ab1cedf2a08ab39575f440c72bdd06fc490e0767e8d731779,4.666667,mpeg4,640,480,30/1,140,0.0
I_WANT_FOOD,data/raw_videos/PHRASES/I_WANT_FOOD/I_WANT_FOOD_3.mp4,numbered,764317,3117155fa907acda6a1e8345325ec0f3ecf2f1783f82846e0fe367460e4e8350,4.166667,mpeg4,640,480,30/1,125,0.0
I_WANT_FOOD,data/raw_videos/PHRASES/I_WANT_FOOD/I_WANT_FOOD_4.mp4,numbered,769709,2ab65f692e02c55bced4b13acbe765a7b0a26c6d7411293b6e2d6d01035b404d,3.933333,mpeg4,640,480,30/1,118,0.0
I_WANT_FOOD,data/raw_videos/PHRASES/I_WANT_FOOD/I_WANT_FOOD_5.mp4,numbered,839012,9e687b6f5240237b95b87104e88b715f18eda5c9698ef3b5df50f9c12bf6b5c9,4.033333,mpeg4,640,480,30/1,121,0.0
I_WANT_FOOD,data/raw_videos/PHRASES/I_WANT_FOOD/I_WANT_FOOD_6.mp4,numbered,913231,209c3d8364ad1d4778f85033cc357b6ae2ee848e7cdc575b64115af6fe1b68ff,3.966667,mpeg4,640,480,30/1,119,0.0
I_WANT_FOOD,data/raw_videos/PHRASES/I_WANT_FOOD/I_WANT_FOOD_7.mp4,numbered,815925,bf0e046bf7db9824244ab1f9e0ab8e220ffd5a7984b3e7ca40d4f51750a3bd56,4.666667,mpeg4,640,480,30/1,140,0.0
I_WANT_FOOD,data/raw_videos/PHRASES/I_WANT_FOOD/I_WANT_FOOD_8.mp4,numbered,877874,30e3de89011fd098f6b2de8ef56e2e3791f913883607a496d6d6e3f475536361,4.7,mpeg4,640,480,30/1,141,0.0
I_WANT_FOOD,data/raw_videos/PHRASES/I_WANT_FOOD/I_WANT_FOOD_9.mp4,numbered,773642,b26c071740f441a7d91394450bf7ee714467b175e2a370ca15f82ccbc75f9cfe,4.266667,mpeg4,640,480,30/1,128,0.0
I_WANT_FOOD,data/raw_videos/PHRASES/I_WANT_FOOD/a352b9b8.mp4,opaque,1963976,d5a7a1850eced51bdd14d4185bf0628c130581531e630790695fb17f2838da41,3.6,mpeg4,640,480,30/1,108,0.0
I_WANT_FOOD,data/raw_videos/PHRASES/I_WANT_FOOD/a3c4862f.mp4,opaque,2216103,80f4a86a745bca242dec570beeb886e47c61a5ca4c44cee24c33a3edf64a1572,4.4,mpeg4,640,480,30/1,132,0.0
I_WANT_FOOD,data/raw_videos/PHRASES/I_WANT_FOOD/acf59606.mp4,opaque,710433,17a3d654380cc65661ef69ca06e91f1d2bdbb997ed2a63805c390a7f73a839ea,1.033333,mpeg4,640,480,30/1,31,0.0
I_WANT_FOOD,data/raw_videos/PHRASES/I_WANT_FOOD/af8316a6.mp4,opaque,689823,1f8dc239e604530dedae72a73a885fe4e31749ef59ed1fd9453541ec955f4e00,0.966667,mpeg4,640,480,30/1,29,0.0
I_WANT_FOOD,data/raw_videos/PHRASES/I_WANT_FOOD/af999d6c.mp4,opaque,3057405,281ed431559267122e4ffd6c3a8ff3fa51c00dd5f4c2f0d2c4d0d09503fce888,5.566667,mpeg4,640,480,30/1,167,0.0
I_WANT_FOOD,data/raw_videos/PHRASES/I_WANT_FOOD/b00cc98d.mp4,opaque,2041772,655cd68ca9634913be72978c2bf73d76f66b7099e94e5b3508d223a58e6fb6f5,3.7,mpeg4,640,480,30/1,111,0.0
I_WANT_FOOD,data/raw_videos/PHRASES/I_WANT_FOOD/b541e05c.mp4,opaque,2146190,471a7144a6781f049a93632cfd00131270616ab0119c70ba70310e956505586d,3.9,mpeg4,640,480,30/1,117,0.0
I_WANT_FOOD,data/raw_videos/PHRASES/I_WANT_FOOD/c79e7358.mp4,opaque,675954,83eae2e9f09986fb153a233333a5b5536b75ba6128d9933effd40f0b98323bb4,0.933333,mpeg4,640,480,30/1,28,0.0
I_WANT_FOOD,data/raw_videos/PHRASES/I_WANT_FOOD/d6e81cf4.mp4,opaque,1867564,c22c35bd31661a3c8168540b6f96151c59a6aea52e53f1d7576352b11fa06025,3.5,mpeg4,640,480,30/1,105,0.0
I_WANT_FOOD,data/raw_videos/PHRASES/I_WANT_FOOD/e7ed26f3.mp4,opaque,678499,7f12b25b37d93aa1b6508ac68a6a98153feb0b0f4e208aca1d24f292ca3a9174,0.933333,mpeg4,640,480,30/1,28,0.0
I_WANT_FOOD,data/raw_videos/PHRASES/I_WANT_FOOD/f073e1ed.mp4,opaque,1852032,c50014c1a7a4adb4ae0e17252686f038eb82f79889112fc97dec5bd09a55d3f3,3.166667,mpeg4,640,480,30/1,95,0.0
I_WANT_FOOD,data/raw_videos/PHRASES/I_WANT_FOOD/f3bc59a9.mp4,opaque,677697,d0394813069464378b6eb66c8a6a9366936c015626ccaf365dc7cb76a3d1d609,0.933333,mpeg4,640,480,30/1,28,0.0
I_WANT_FOOD,data/raw_videos/PHRASES/I_WANT_FOOD/fe2381fd.mp4,opaque,663518,c4cb9c0e4453247fb40acd1db0ec03a6812f4ec9cd630f6715cdd6e646aab19c,0.933333,mpeg4,640,480,30/1,28,0.0
MY_NAME,data/raw_videos/PHRASES/MY_NAME/01dceafc.mp4,opaque,394525,43b63f945075d2dfb2245107354148ce05593efec28bb76d06a6360ecf20efce,0.6,mpeg4,640,480,30/1,18,0.0
MY_NAME,data/raw_videos/PHRASES/MY_NAME/02a79892.mp4,opaque,427287,a60b9e10b87312cbb8b4f4939a72546d95281ea3008d9907456c53cb9cb846ba,0.666667,mpeg4,640,480,30/1,20,0.0
MY_NAME,data/raw_videos/PHRASES/MY_NAME/06404dd0.mp4,opaque,457608,a2cbef5f9915598da6d8aa2c3c3bb76008dc5541b5f07d4e850569c3771f47b1,0.6,mpeg4,640,480,30/1,18,0.0
MY_NAME,data/raw_videos/PHRASES/MY_NAME/0910dd4d.mp4,opaque,2982558,316d12311316015008bbd17bead8a3416e9c5e718f6a4f53c2c1296663043a9a,2.866667,mpeg4,640,480,30/1,86,0.0
MY_NAME,data/raw_videos/PHRASES/MY_NAME/16fab086.mp4,opaque,2339373,640f1b88d26ba22d6d65cf1fce64d14ae812f12b7ce1ce8282c9358bb2050c5e,2.633333,mpeg4,640,480,30/1,79,0.0
MY_NAME,data/raw_videos/PHRASES/MY_NAME/19bdd2dc.mp4,opaque,452289,68e14409c7a759e9c8c28518c4c6a9201ead25c19016a7f48db6fb5483e52798,0.666667,mpeg4,640,480,30/1,20,0.0
MY_NAME,data/raw_videos/PHRASES/MY_NAME/294773d1.mp4,opaque,2687821,da769a595947bf3174e401fa1061ad8082994810292f71746849efa65f9d9a90,2.833333,mpeg4,640,480,30/1,85,0.0
MY_NAME,data/raw_videos/PHRASES/MY_NAME/2ccc5e0e.mp4,opaque,409921,f0be167244e043b77f248b256bfc8258155de274adeee2b6af3c38046bbe964b,0.6,mpeg4,640,480,30/1,18,0.0
MY_NAME,data/raw_videos/PHRASES/MY_NAME/2e1576e6.mp4,opaque,483442,c2cccbdb8da0334048921fc7db2a2c9033910b70947087301dfaff09ee91d947,0.8,mpeg4,640,480,30/1,24,0.0
MY_NAME,data/raw_videos/PHRASES/MY_NAME/42506258.mp4,opaque,3458328,9b46b44e218e43f811aec8f6d1caa26ce53a071eeb82ce9789bf53849ffe5c0c,3.366667,mpeg4,640,480,30/1,101,0.0
MY_NAME,data/raw_videos/PHRASES/MY_NAME/42a7e6bf.mp4,opaque,458614,9d58e18b28c29d5cd2ffe234f94e2e7611633473643db277078d35efa1042162,0.666667,mpeg4,640,480,30/1,20,0.0
MY_NAME,data/raw_videos/PHRASES/MY_NAME/48ed40f6.mp4,opaque,2960801,b5135006828ad202519840f550da1f4af58dcd9937effa706541c3b05eb7354b,3.366667,mpeg4,640,480,30/1,101,0.0
MY_NAME,data/raw_videos/PHRASES/MY_NAME/4a2344d5.mp4,opaque,416366,607d2950a567ab3478f65a5ad88cd6d9161a58b498ed93bfa61b19e9f2dcb510,0.633333,mpeg4,640,480,30/1,19,0.0
MY_NAME,data/raw_videos/PHRASES/MY_NAME/4e86d1d3.mp4,opaque,3193877,8d99404f9aadfbfe66ee56a21830df51933d664eae982fa9c4b194fc74aa2dc1,3.566667,mpeg4,640,480,30/1,107,0.0
MY_NAME,data/raw_videos/PHRASES/MY_NAME/63b854f7.mp4,opaque,2905819,e5ca7859c386bd1a1c965b19b57e559b8f980ad5481584a30de3979208cee092,3.566667,mpeg4,640,480,30/1,107,0.0
MY_NAME,data/raw_videos/PHRASES/MY_NAME/6421a5a1.mp4,opaque,2998387,c0f69b5bac4142bd44227af16238b986780249bb5996026e8dfdab481c79b92d,3.3,mpeg4,640,480,30/1,99,0.0
MY_NAME,data/raw_videos/PHRASES/MY_NAME/66c23995.mp4,opaque,2544635,4cab79423502a9d771dfce08a82dd5db17d3b719b074335a82b1da21d127db86,2.8,mpeg4,640,480,30/1,84,0.0
MY_NAME,data/raw_videos/PHRASES/MY_NAME/6d50f8ef.mp4,opaque,495316,fc8c206921315772f5dcdfefc300f23ba15773c8336e23574b58b9875d4bc27d,0.733333,mpeg4,640,480,30/1,22,0.0
MY_NAME,data/raw_videos/PHRASES/MY_NAME/78376b6a.mp4,opaque,3098841,285501b3d963b45b523cb627b8d33c00cfbcab10932b17d6d2b4393cf646d5ca,3.566667,mpeg4,640,480,30/1,107,0.0
MY_NAME,data/raw_videos/PHRASES/MY_NAME/883e1d6d.mp4,opaque,3888639,01cfde35b816e348c8b2e9728738264d8f44ecf60432de9d244383defd5fe68e,3.666667,mpeg4,640,480,30/1,110,0.0
MY_NAME,data/raw_videos/PHRASES/MY_NAME/88cf1bc7.mp4,opaque,3438900,bd6c6eb363d4fc2e8492b6c8cd66c22cc6368ce3754cd2d67ab3dbb4a2754c62,3.733333,mpeg4,640,480,30/1,112,0.0
MY_NAME,data/raw_videos/PHRASES/MY_NAME/8920fc64.mp4,opaque,416733,b2b95e50a8ea90d1d420245b1f834fa36e59b2e8e7e04c8cb481a44de3f1a0f0,0.6,mpeg4,640,480,30/1,18,0.0
MY_NAME,data/raw_videos/PHRASES/MY_NAME/89bcf928.mp4,opaque,464368,11e0bded11228784e8ea54209566a29642167dabc8520f897620521c63b891cb,0.7,mpeg4,640,480,30/1,21,0.0
MY_NAME,data/raw_videos/PHRASES/MY_NAME/9a9826b6.mp4,opaque,445775,aad9a69d51a2fe90da02d7c9f5aea076417465f41daffbae3701bff30af36733,0.7,mpeg4,640,480,30/1,21,0.0
MY_NAME,data/raw_videos/PHRASES/MY_NAME/MY_NAME_1.mp4,numbered,590634,887ef0547e2c8189c203736175f7ad8d3a55ade13e9e9ab2ffc156b80a2af0b6,3.333333,mpeg4,640,480,30/1,100,0.0
MY_NAME,data/raw_videos/PHRASES/MY_NAME/MY_NAME_10.mp4,numbered,616022,7d2d277215c6a05c95bb7aba64579a89af85c8115d13f60ff5c78575fb2138dc,3.7,mpeg4,640,480,30/1,111,0.0
MY_NAME,data/raw_videos/PHRASES/MY_NAME/MY_NAME_11.mp4,numbered,647734,6e6973bccd65436b6ad7782e9e3d9f762c7cd094be97802c95c2cff7f4557b4f,3.433333,mpeg4,640,480,30/1,103,0.0
MY_NAME,data/raw_videos/PHRASES/MY_NAME/MY_NAME_12.mp4,numbered,564588,da14f2cef196195a393e93dd69a49cbe8f9cd2f19ec9ff9472cf7dd7d8d4317e,2.933333,mpeg4,640,480,30/1,88,0.0
MY_NAME,data/raw_videos/PHRASES/MY_NAME/MY_NAME_13.mp4,numbered,562864,d589a1815dd634d2ac61c0ec80c9381f47d1def9d8e07534a0996b5f84f4e6af,3.266667,mpeg4,640,480,30/1,98,0.0
MY_NAME,data/raw_videos/PHRASES/MY_NAME/MY_NAME_14.mp4,numbered,608900,ffb9a12f20046f0c49601697d3db34cc5929fe217f0e63c2840d10a09b54cd2e,2.933333,mpeg4,640,480,30/1,88,0.0
MY_NAME,data/raw_videos/PHRASES/MY_NAME/MY_NAME_15.mp4,numbered,611068,847b9a153c85126b86cd44504ed67617166f0c52dca33070f817c951d422e6a6,2.8,mpeg4,640,480,30/1,84,0.0
MY_NAME,data/raw_videos/PHRASES/MY_NAME/MY_NAME_16.mp4,numbered,651241,955d9d11904eae3e64071b8a4070198e92e298b28393c5c597ba527f49eb12d6,3.0,mpeg4,640,480,30/1,90,0.0
MY_NAME,data/raw_videos/PHRASES/MY_NAME/MY_NAME_17.mp4,numbered,604925,d80cbf6fb67e77ea9186130e6cc54f585f0ead7fb766a95727da430518050894,3.1,mpeg4,640,480,30/1,93,0.0
MY_NAME,data/raw_videos/PHRASES/MY_NAME/MY_NAME_18.mp4,numbered,588989,22c8c1d354b942b7d94d4b7eeed091e5c65ff7d383ee16d82af425dab5ee15ab,3.133333,mpeg4,640,480,30/1,94,0.0
MY_NAME,data/raw_videos/PHRASES/MY_NAME/MY_NAME_19.mp4,numbered,637809,efb5bcdac4fb712997a027dc7cf2b9f6e6d83ff1d8b4ccdb6663a83982529631,3.333333,mpeg4,640,480,30/1,100,0.0
MY_NAME,data/raw_videos/PHRASES/MY_NAME/MY_NAME_2.mp4,numbered,585510,9d971094f6d6c07b2647ccfcaa8c2e4b0bbfe76f54d00f9635b704a9cb5d791c,3.466667,mpeg4,640,480,30/1,104,0.0
MY_NAME,data/raw_videos/PHRASES/MY_NAME/MY_NAME_20.mp4,numbered,567979,a8b3cdced220c4bb4b2913c58c0941b7a5892d31da661b994f2b7ae3e39118ff,3.033333,mpeg4,640,480,30/1,91,0.0
MY_NAME,data/raw_videos/PHRASES/MY_NAME/MY_NAME_3.mp4,numbered,562682,8fb1384b28e857d345fb841cfce89eecd587c909bc825804e1cdc6690c7c0433,3.3,mpeg4,640,480,30/1,99,0.0
MY_NAME,data/raw_videos/PHRASES/MY_NAME/MY_NAME_4.mp4,numbered,621289,2096b9d56a941b0cbdf9146227bcf935de78417f063020060c424c6b530b19c0,3.533333,mpeg4,640,480,30/1,106,0.0
MY_NAME,data/raw_videos/PHRASES/MY_NAME/MY_NAME_5.mp4,numbered,586957,9c7f3300fbb62be0c9b5f8ff4f43c6e8d2e7d7b28d83ae82906b8463a1ca47a5,3.233333,mpeg4,640,480,30/1,97,0.0
MY_NAME,data/raw_videos/PHRASES/MY_NAME/MY_NAME_6.mp4,numbered,582318,9cd028248131496b8ed779960d1013b045558ed039ab66b733ddfa8aa6920239,3.066667,mpeg4,640,480,30/1,92,0.0
MY_NAME,data/raw_videos/PHRASES/MY_NAME/MY_NAME_7.mp4,numbered,600806,8c90991016ac29df08eb56be5723d10520842faff48d004ccfda8aeae42a9fc0,3.466667,mpeg4,640,480,30/1,104,0.0
MY_NAME,data/raw_videos/PHRASES/MY_NAME/MY_NAME_8.mp4,numbered,550302,e4017af056831f596a040d9c972a1b39d1afa90da10501489a9600b5e427574b,3.333333,mpeg4,640,480,30/1,100,0.0
MY_NAME,data/raw_videos/PHRASES/MY_NAME/MY_NAME_9.mp4,numbered,492828,18e69eb9df45fca6ce76720514aa4508d63bb08bb9229687d1823b6a18a08fd6,2.933333,mpeg4,640,480,30/1,88,0.0
MY_NAME,data/raw_videos/PHRASES/MY_NAME/a307ecb3.mp4,opaque,2822895,157b43801d062b91860ec3441b329dd36bd77a1955fe338e7eb31be6b1a43aae,3.133333,mpeg4,640,480,30/1,94,0.0
MY_NAME,data/raw_videos/PHRASES/MY_NAME/a9192f18.mp4,opaque,2775526,edc964a8a6ef734897704921aa0b7e9c60ef5bcbb8013d7c91dffa200850a53e,3.2,mpeg4,640,480,30/1,96,0.0
MY_NAME,data/raw_videos/PHRASES/MY_NAME/b83afe24.mp4,opaque,2889755,8277dd27085a530d5ff232e46b10848520c3bf95242417fd028b6ad665df3e08,3.2,mpeg4,640,480,30/1,96,0.0
MY_NAME,data/raw_videos/PHRASES/MY_NAME/bab3adfa.mp4,opaque,2699876,99ec455d241f890187f9cad8b4f702b40a8e121416c89f7db256683ea7cb67d2,2.966667,mpeg4,640,480,30/1,89,0.0
MY_NAME,data/raw_videos/PHRASES/MY_NAME/bc2a9664.mp4,opaque,373617,7d3734e20d88c97cb01eca752c8c855a671e4becc4a97f94713e35a49aee5dff,0.566667,mpeg4,640,480,30/1,17,0.0
MY_NAME,data/raw_videos/PHRASES/MY_NAME/c1735057.mp4,opaque,503659,cfc59d14e8f8d18807ad61a4713c35621a09a9157825c777bba43faac8c9d679,0.8,mpeg4,640,480,30/1,24,0.0
MY_NAME,data/raw_videos/PHRASES/MY_NAME/c6ef9014.mp4,opaque,383471,7aa634951905a7ecc9b58e0e156a7a21d420e384f46ec100f1f1039e93f6a6ff,0.6,mpeg4,640,480,30/1,18,0.0
MY_NAME,data/raw_videos/PHRASES/MY_NAME/d00c3fd4.mp4,opaque,400670,ca69949dd85a0ab8cd8015c069f7828f16fd39a6a5680655e18e02560ad1d0bb,0.566667,mpeg4,640,480,30/1,17,0.0
MY_NAME,data/raw_videos/PHRASES/MY_NAME/d7eaa7cf.mp4,opaque,3338361,7ec547a56adc20c674ba48ec664ec64331ea60717c7feec2176086a7f8da9f4b,3.833333,mpeg4,640,480,30/1,115,0.0
MY_NAME,data/raw_videos/PHRASES/MY_NAME/db425092.mp4,opaque,476746,ee546f2890be7e4de01b9ca129a096f67ef6baafb73c6d7c6278c51d37465605,0.733333,mpeg4,640,480,30/1,22,0.0
MY_NAME,data/raw_videos/PHRASES/MY_NAME/e7d64e6e.mp4,opaque,416155,25951f4791a2617a151bdd5bb9f13b3929830b09a64af0b5b10e3aafc715b594,0.633333,mpeg4,640,480,30/1,19,0.0
MY_NAME,data/raw_videos/PHRASES/MY_NAME/f08f5f5c.mp4,opaque,2402872,a299bbe0a5d3bde9d645a889d1fb316e608d7a47c6f9e9f891d7e0ff0aa9b8c8,2.733333,mpeg4,640,480,30/1,82,0.0
MY_NAME,data/raw_videos/PHRASES/MY_NAME/f1e223cb.mp4,opaque,2911517,16f875afae2c5f0ffb525fbd42e6a7727622911111bfb26d67f3763b3ef0b92d,3.133333,mpeg4,640,480,30/1,94,0.0
MY_NAME,data/raw_videos/PHRASES/MY_NAME/f5da6f78.mp4,opaque,451607,e489915d929f31f73557e5a501e22b86799f470883dd9ce3629a91cbb73ec3b7,0.7,mpeg4,640,480,30/1,21,0.0
MY_NAME,data/raw_videos/PHRASES/MY_NAME/f6d61c7d.mp4,opaque,454837,6dcc31d2a47c84c6b6a33c77f9807023dfdda3e5db9973738d58a3bc7074f34a,0.633333,mpeg4,640,480,30/1,19,0.0
MY_NAME,data/raw_videos/PHRASES/MY_NAME/f7edaae9.mp4,opaque,2757686,9f8407ffd55e25a94988d3724988e14050a650fdc518136cd41ce7bf38c44065,3.066667,mpeg4,640,480,30/1,92,0.0
PLEASE_HELP_ME,data/raw_videos/PHRASES/PLEASE_HELP_ME/06fe3b1b.mp4,opaque,5069184,4cb78690f8b61bf305f9f6dd3a5cfe86e0913a4248ab2df6727f1418cd3ae4c8,4.9,mpeg4,640,480,30/1,147,0.0
PLEASE_HELP_ME,data/raw_videos/PHRASES/PLEASE_HELP_ME/095872b4.mp4,opaque,4844562,3d6b2cc50cbdc18855effe6f01365939888ac14e8fe0252d10f5923c14edc469,3.566667,mpeg4,640,480,30/1,107,0.0
PLEASE_HELP_ME,data/raw_videos/PHRASES/PLEASE_HELP_ME/09d3e2c0.mp4,opaque,4661758,5e49e07161ab5b8584def42d7149513ff2497146114df626ff1ba4a5c4d210f4,4.366667,mpeg4,640,480,30/1,131,0.0
PLEASE_HELP_ME,data/raw_videos/PHRASES/PLEASE_HELP_ME/0b2bb25b.mp4,opaque,4814520,fa558a32d638ba687287aaa6f8162afcc2550d9d2e90f25bc9369c6e3983ad7c,3.666667,mpeg4,640,480,30/1,110,0.0
PLEASE_HELP_ME,data/raw_videos/PHRASES/PLEASE_HELP_ME/0ba6ef47.mp4,opaque,5382620,d4cf5a29657c56179fa1eb06fc678c43a242dbbfe0aa3e42423175544b86d468,4.9,mpeg4,640,480,30/1,147,0.0
PLEASE_HELP_ME,data/raw_videos/PHRASES/PLEASE_HELP_ME/11461e5c.mp4,opaque,680182,3bc73ca4412a817bb1ffc561aa051138a35b11bab3c6aac9c4466a8e1f100656,1.033333,mpeg4,640,480,30/1,31,0.0
PLEASE_HELP_ME,data/raw_videos/PHRASES/PLEASE_HELP_ME/12a886c6.mp4,opaque,4861640,ae74a53a2c08130e06b416e93664cd657201bb612f6e2fd5528db967c2419eb0,4.633333,mpeg4,640,480,30/1,139,0.0
PLEASE_HELP_ME,data/raw_videos/PHRASES/PLEASE_HELP_ME/12f4dd3b.mp4,opaque,513414,fbb209077e5b0d1e3c687906824ba11145c42a3abe3dcf3aa82965fd8303d724,0.933333,mpeg4,640,480,30/1,28,0.0
PLEASE_HELP_ME,data/raw_videos/PHRASES/PLEASE_HELP_ME/14b15dd2.mp4,opaque,5679476,ab87aab18469cfccd78714a39a5c912fbdecaa7fd2041d856077cc1b21f15618,4.333333,mpeg4,640,480,30/1,130,0.0
PLEASE_HELP_ME,data/raw_videos/PHRASES/PLEASE_HELP_ME/1aa3bf9e.mp4,opaque,5168205,863ba33212c1911f8382d3c4a9574f9dc4d2ca836d58438922063d472fdd7e87,4.933333,mpeg4,640,480,30/1,148,0.0
PLEASE_HELP_ME,data/raw_videos/PHRASES/PLEASE_HELP_ME/1ac51192.mp4,opaque,4667370,09cc720fbc16a156f3a1af7589f68742678b461a35ffa4c004d37c22b710989b,4.366667,mpeg4,640,480,30/1,131,0.0
PLEASE_HELP_ME,data/raw_videos/PHRASES/PLEASE_HELP_ME/1c00feea.mp4,opaque,6002332,01908e4b3567446baabe9ff77ff1c24bec7d872f61d2fd877199c6760039053e,4.433333,mpeg4,640,480,30/1,133,0.0
PLEASE_HELP_ME,data/raw_videos/PHRASES/PLEASE_HELP_ME/20184234.mp4,opaque,508567,e0224bc80f91ad0880a5dfe752ac15a7dd7ef4a49a3eff6a425de83d1d54baec,0.866667,mpeg4,640,480,30/1,26,0.0
PLEASE_HELP_ME,data/raw_videos/PHRASES/PLEASE_HELP_ME/229139e0.mp4,opaque,5325778,20603f6a415d7f8d656bbcac83b831ed6ee8815ed6a0e08ff269515552ba1072,4.0,mpeg4,640,480,30/1,120,0.0
PLEASE_HELP_ME,data/raw_videos/PHRASES/PLEASE_HELP_ME/22a426c5.mp4,opaque,5000002,1ba99966a1a4e2f6bc65339a0bc2e464f5a5570b3429bd04e30efd6519846814,4.766667,mpeg4,640,480,30/1,143,0.0
PLEASE_HELP_ME,data/raw_videos/PHRASES/PLEASE_HELP_ME/233ec17b.mp4,opaque,611477,9a285062253a31f77a976d7e50bcb68a101ccf80c440d87091aec85e159dd6e6,1.033333,mpeg4,640,480,30/1,31,0.0
PLEASE_HELP_ME,data/raw_videos/PHRASES/PLEASE_HELP_ME/24b07989.mp4,opaque,7405416,56072b93cf441b20ae7226b39eabb8195e5d90083a5ada42fd429f0081f8f824,5.666667,mpeg4,640,480,30/1,170,0.0
PLEASE_HELP_ME,data/raw_videos/PHRASES/PLEASE_HELP_ME/250edf41.mp4,opaque,566247,d52be24c1a14f8dd7d41df5878aa84fe3bc4aee0de8bbec625d079b23d25bfba,0.8,mpeg4,640,480,30/1,24,0.0
PLEASE_HELP_ME,data/raw_videos/PHRASES/PLEASE_HELP_ME/2ae5a35a.mp4,opaque,516045,7a1603f08bb24c04b4be008dec751a0a23a2d0f7e02fb185c35b94be7f4817ec,0.9,mpeg4,640,480,30/1,27,0.0
PLEASE_HELP_ME,data/raw_videos/PHRASES/PLEASE_HELP_ME/2b7f2a27.mp4,opaque,467624,e28602faf7cd34d8ecb50bf72ca732cc37bba4d0abf30ac753139a1e4a46d1cf,0.833333,mpeg4,640,480,30/1,25,0.0
PLEASE_HELP_ME,data/raw_videos/PHRASES/PLEASE_HELP_ME/2bd15b8f.mp4,opaque,480849,d5a35cc525a3a6c9d61e9498bdc108bfb82f9f52b06c2f5352f5a37a19a98655,0.866667,mpeg4,640,480,30/1,26,0.0
PLEASE_HELP_ME,data/raw_videos/PHRASES/PLEASE_HELP_ME/2c987edd.mp4,opaque,702825,f9207fc4abd94ea043cc02fa2763888c74ecef60d9f41f3b4534d69e7f13e857,1.0,mpeg4,640,480,30/1,30,0.0
PLEASE_HELP_ME,data/raw_videos/PHRASES/PLEASE_HELP_ME/3607b1a6.mp4,opaque,5270550,1adb28e3107f5e36f3d71d6b1ecb06ca10f031ed04740de4842addb69cf8f4e1,3.933333,mpeg4,640,480,30/1,118,0.0
PLEASE_HELP_ME,data/raw_videos/PHRASES/PLEASE_HELP_ME/3811fd72.mp4,opaque,502183,82cd0af103790f470d346156b55f9f6b3d240efe24ac82b4fe3f7f5c6343b6b9,0.9,mpeg4,640,480,30/1,27,0.0
PLEASE_HELP_ME,data/raw_videos/PHRASES/PLEASE_HELP_ME/3cf455ba.mp4,opaque,5131506,564c087c796809cb816609d2f8757079da6485ffb560d24db84da7be39c78a51,4.833333,mpeg4,640,480,30/1,145,0.0
PLEASE_HELP_ME,data/raw_videos/PHRASES/PLEASE_HELP_ME/3d6ad4bd.mp4,opaque,536692,a6bb4e70111a6cd608ddc1d4109b8f7eb7966cdd529c64e715e62e5c3d2e1963,0.833333,mpeg4,640,480,30/1,25,0.0
PLEASE_HELP_ME,data/raw_videos/PHRASES/PLEASE_HELP_ME/3e65d621.mp4,opaque,6787907,c7ba1a2be291cb329ab32645140a670aff546659e835d9fd679b8ac0d675e731,5.033333,mpeg4,640,480,30/1,151,0.0
PLEASE_HELP_ME,data/raw_videos/PHRASES/PLEASE_HELP_ME/3efed6e8.mp4,opaque,6444421,70545c3ac6b78a8cfc646bc30dfd8ebf8c41add9ee5f2342e03f235f206b612e,4.9,mpeg4,640,480,30/1,147,0.0
PLEASE_HELP_ME,data/raw_videos/PHRASES/PLEASE_HELP_ME/41b5e8c9.mp4,opaque,4350488,2b6f31a936c84de93b2dd4054279472ad83cab084d79c43643cd335250c04816,4.1,mpeg4,640,480,30/1,123,0.0
PLEASE_HELP_ME,data/raw_videos/PHRASES/PLEASE_HELP_ME/45bbf112.mp4,opaque,508243,dead291560e7a090a62df315d891d1a6368f7804c01da3fea821028a01b3c7be,0.733333,mpeg4,640,480,30/1,22,0.0
PLEASE_HELP_ME,data/raw_videos/PHRASES/PLEASE_HELP_ME/46b80a1f.mp4,opaque,5869727,e00de683887b574967dfc560a92884226bc8667a5b0c2022fc24eeada792a72f,4.366667,mpeg4,640,480,30/1,131,0.0
PLEASE_HELP_ME,data/raw_videos/PHRASES/PLEASE_HELP_ME/4850d9d0.mp4,opaque,563797,2bbe95f8fb4f3c713d4b459e0d9256bff3d89dda21e2e90cf63b679081e6c1d8,0.866667,mpeg4,640,480,30/1,26,0.0
PLEASE_HELP_ME,data/raw_videos/PHRASES/PLEASE_HELP_ME/4b4367b4.mp4,opaque,4543326,63ef740acc99bcb4e862325ddedd05541f72508c792014bf8c9a78760672fcf9,4.3,mpeg4,640,480,30/1,129,0.0
PLEASE_HELP_ME,data/raw_videos/PHRASES/PLEASE_HELP_ME/4bb27653.mp4,opaque,6504953,331e88812d34c2a5e62294db893314e115df54b648f200a8e8fff6bee4aedaae,4.866667,mpeg4,640,480,30/1,146,0.0
PLEASE_HELP_ME,data/raw_videos/PHRASES/PLEASE_HELP_ME/4fe71db3.mp4,opaque,4780934,4edeb934d3235a49713880797f3fec8737c7102804e433f2c52288e8e0f3092e,3.566667,mpeg4,640,480,30/1,107,0.0
PLEASE_HELP_ME,data/raw_videos/PHRASES/PLEASE_HELP_ME/5311b3a4.mp4,opaque,483071,f0c542a66b6cdaade66904605c464c10e4658dbb31dd5ad60525c87f7988a390,0.933333,mpeg4,640,480,30/1,28,0.0
PLEASE_HELP_ME,data/raw_videos/PHRASES/PLEASE_HELP_ME/57ab8acf.mp4,opaque,641748,f067eaf5729ecc04e612ae9804606997c174c1289917d044e03754eb41118c36,0.866667,mpeg4,640,480,30/1,26,0.0
PLEASE_HELP_ME,data/raw_videos/PHRASES/PLEASE_HELP_ME/5855d311.mp4,opaque,5939361,1b6f67b6929fc64dc1756776623b6bb91d924a9fd09c1aedab6c111507e80453,5.566667,mpeg4,640,480,30/1,167,0.0
PLEASE_HELP_ME,data/raw_videos/PHRASES/PLEASE_HELP_ME/586895c5.mp4,opaque,460310,10b0795dcbfdca8bc27f16c62fee78b33ea24ca5bb85653f6a5b86f6f2221bad,0.8,mpeg4,640,480,30/1,24,0.0
PLEASE_HELP_ME,data/raw_videos/PHRASES/PLEASE_HELP_ME/58b21718.mp4,opaque,5776794,03dfd38a2db4d99be4495cb96d64c5c4d2cf2b75d25428a90c73a4a6c3ca73b2,5.633333,mpeg4,640,480,30/1,169,0.0
PLEASE_HELP_ME,data/raw_videos/PHRASES/PLEASE_HELP_ME/598ebd8c.mp4,opaque,516082,5021859713f7c9365812988bd3441104cbc93734811740501d3f79a10284d89c,0.866667,mpeg4,640,480,30/1,26,0.0
PLEASE_HELP_ME,data/raw_videos/PHRASES/PLEASE_HELP_ME/59ca85b7.mp4,opaque,5886705,22a5813e0616cceea5acbded669ed861eaea428717ddd7a58653cd7c0ce213b2,5.633333,mpeg4,640,480,30/1,169,0.0
PLEASE_HELP_ME,data/raw_videos/PHRASES/PLEASE_HELP_ME/5cfad775.mp4,opaque,634540,1b542b0c92c74d8012b88537c1f8dc56817aa4db1350538c957287a3b2931101,0.966667,mpeg4,640,480,30/1,29,0.0
PLEASE_HELP_ME,data/raw_videos/PHRASES/PLEASE_HELP_ME/5d302925.mp4,opaque,3709567,c6a564f2c776798e2447f39f6fef71f51370365c3de1b5bb0c087c50995a85ea,3.533333,mpeg4,640,480,30/1,106,0.0
PLEASE_HELP_ME,data/raw_videos/PHRASES/PLEASE_HELP_ME/5fddbfcc.mp4,opaque,4099496,080b2544dd4da1c00cc5d5318d69e30929d85224e7fa9c247a303d02e3854c9e,3.833333,mpeg4,640,480,30/1,115,0.0
PLEASE_HELP_ME,data/raw_videos/PHRASES/PLEASE_HELP_ME/6128248d.mp4,opaque,5637389,ded8f9028af2937d2bee01a00b5b56a8c99554308e13b897bf46bc92085e1705,4.233333,mpeg4,640,480,30/1,127,0.0
PLEASE_HELP_ME,data/raw_videos/PHRASES/PLEASE_HELP_ME/620bfe83.mp4,opaque,659788,e09a3ee348ca7ca3c55d915421f148c651ec58d023cfb47eee3842f1e14126c2,0.966667,mpeg4,640,480,30/1,29,0.0
PLEASE_HELP_ME,data/raw_videos/PHRASES/PLEASE_HELP_ME/649f7c2d.mp4,opaque,618889,ac567c938f72fbe4b2cf015c553eeb9b47b9dc1043327d760026e1b4f1483543,0.933333,mpeg4,640,480,30/1,28,0.0
PLEASE_HELP_ME,data/raw_videos/PHRASES/PLEASE_HELP_ME/6578b592.mp4,opaque,5862380,2153d27e573a3c9149d84f12e8915f5031d4b5a60186ad6f173e06003908106c,5.533333,mpeg4,640,480,30/1,166,0.0
PLEASE_HELP_ME,data/raw_videos/PHRASES/PLEASE_HELP_ME/68571c94.mp4,opaque,4514424,22c544b32b0349427c9e6599f324347bf84150f1150d26cd6b67a491b9c5ace7,3.333333,mpeg4,640,480,30/1,100,0.0
PLEASE_HELP_ME,data/raw_videos/PHRASES/PLEASE_HELP_ME/69c98935.mp4,opaque,574511,8a9daf8f2985c3d414af80c1b0e1061f3cc132de98519edbb3092bed5c211929,0.866667,mpeg4,640,480,30/1,26,0.0
PLEASE_HELP_ME,data/raw_videos/PHRASES/PLEASE_HELP_ME/6b5134ab.mp4,opaque,514515,26c11a3d97add6e33ae2b3d8c64e911941aa9d497e27b8042d1e8c39f443375d,0.833333,mpeg4,640,480,30/1,25,0.0
PLEASE_HELP_ME,data/raw_videos/PHRASES/PLEASE_HELP_ME/6e8dea31.mp4,opaque,5988830,5429607cd60f2bfb8a2b2127d003713af91c5ae4138698bff846144090145abc,4.566667,mpeg4,640,480,30/1,137,0.0
PLEASE_HELP_ME,data/raw_videos/PHRASES/PLEASE_HELP_ME/72a3ff4e.mp4,opaque,4705760,0bcb7fe24c665e2933262f47c9803e79e55b90cdb550384fd802f4caa1112d2c,3.566667,mpeg4,640,480,30/1,107,0.0
PLEASE_HELP_ME,data/raw_videos/PHRASES/PLEASE_HELP_ME/75f694e0.mp4,opaque,480781,21eebb5992d841404ddc1434e432c0c9ebcb5716b68391397be7c45085d0b22c,0.8,mpeg4,640,480,30/1,24,0.0
PLEASE_HELP_ME,data/raw_videos/PHRASES/PLEASE_HELP_ME/792197a0.mp4,opaque,5767963,2902e97238eb8818e6c564d430a2075acecce78bd59532188a91174f8353ddde,4.2,mpeg4,640,480,30/1,126,0.0
PLEASE_HELP_ME,data/raw_videos/PHRASES/PLEASE_HELP_ME/7b01c5c6.mp4,opaque,7309217,98848b60eecd6f773faaece041e8d2b57424c07aa0620a92d517333379c19d67,5.5,mpeg4,640,480,30/1,165,0.0
PLEASE_HELP_ME,data/raw_videos/PHRASES/PLEASE_HELP_ME/7e19f334.mp4,opaque,520633,f66e697d92eaa416b76421f9fc18249b68bf8076b8e2e58202de6a35ba834f55,0.966667,mpeg4,640,480,30/1,29,0.0
PLEASE_HELP_ME,data/raw_videos/PHRASES/PLEASE_HELP_ME/80129a25.mp4,opaque,6291510,26a0e301581abb5c31783ff69dd153894d6ebf1b19f787a49b617600c65d4565,4.7,mpeg4,640,480,30/1,141,0.0
PLEASE_HELP_ME,data/raw_videos/PHRASES/PLEASE_HELP_ME/805eefea.mp4,opaque,5137282,33b5d43bfc2d90966f2db387e1df7e49c3a9b7aca40cb0901bb30f0763aa18ba,3.833333,mpeg4,640,480,30/1,115,0.0
PLEASE_HELP_ME,data/raw_videos/PHRASES/PLEASE_HELP_ME/8316beaa.mp4,opaque,514998,ed400fe32c4232370624d28644e19cec72513a269ae7258bcf80793ac9ff42fc,0.9,mpeg4,640,480,30/1,27,0.0
PLEASE_HELP_ME,data/raw_videos/PHRASES/PLEASE_HELP_ME/844fa835.mp4,opaque,585720,8c0eed827947b54b7f4fe819f67c8cbb9b6f5fac0f8acdbd1c15dd6e09f71b8d,0.866667,mpeg4,640,480,30/1,26,0.0
PLEASE_HELP_ME,data/raw_videos/PHRASES/PLEASE_HELP_ME/86d47d5b.mp4,opaque,4965127,b95ad9259188967dbb0e007993532c5cb555be35013b080f17e93245232a60a5,4.633333,mpeg4,640,480,30/1,139,0.0
PLEASE_HELP_ME,data/raw_videos/PHRASES/PLEASE_HELP_ME/8861de4f.mp4,opaque,7448300,b7e1fd81f7662ac5ebc3e24cf11cbb79da09a0391dcf6cbaac9be25c655b8f9e,5.6,mpeg4,640,480,30/1,168,0.0
PLEASE_HELP_ME,data/raw_videos/PHRASES/PLEASE_HELP_ME/886bc54d.mp4,opaque,504430,978edb71e3ca4866c6ac3ad5cce11836c9e700b2f29123fccd6dad49d78c9e94,0.8,mpeg4,640,480,30/1,24,0.0
PLEASE_HELP_ME,data/raw_videos/PHRASES/PLEASE_HELP_ME/89c327c5.mp4,opaque,5838484,203f62eacda4c14bb40b8d8136687d367eaf5bcb0dcd6f15fd13f1a86bed031c,5.566667,mpeg4,640,480,30/1,167,0.0
PLEASE_HELP_ME,data/raw_videos/PHRASES/PLEASE_HELP_ME/8a499f66.mp4,opaque,4235062,eb8c53457fc6da1506b7c69924feb588f5e73072dec47836cf66305426610eb2,4.0,mpeg4,640,480,30/1,120,0.0
PLEASE_HELP_ME,data/raw_videos/PHRASES/PLEASE_HELP_ME/8e82dc8a.mp4,opaque,421773,dfbdd4fcdfd37258c9887b56b79477e89343c544d75e6ebb34adf5eb58c88607,0.766667,mpeg4,640,480,30/1,23,0.0
PLEASE_HELP_ME,data/raw_videos/PHRASES/PLEASE_HELP_ME/90177dae.mp4,opaque,492544,d0301cc76247d1b0b71f9042ed9877aaa88401601017a263cd09c87c343e1dc5,0.833333,mpeg4,640,480,30/1,25,0.0
PLEASE_HELP_ME,data/raw_videos/PHRASES/PLEASE_HELP_ME/91435245.mp4,opaque,415184,fd6fb5d19781982c95407ba3dc92eae62b6a61e06c91286d76d5c4d623b6f76b,0.733333,mpeg4,640,480,30/1,22,0.0
PLEASE_HELP_ME,data/raw_videos/PHRASES/PLEASE_HELP_ME/9794823a.mp4,opaque,578677,3f05572a87b0a7f563eda114c57400cff17cd5cb6703b783b4d5ed8871c0cf63,0.866667,mpeg4,640,480,30/1,26,0.0
PLEASE_HELP_ME,data/raw_videos/PHRASES/PLEASE_HELP_ME/97e1e6fc.mp4,opaque,4320204,be90b68f5859ed493e879be8337935bbe84e97553903f388203453f761d279d5,4.066667,mpeg4,640,480,30/1,122,0.0
PLEASE_HELP_ME,data/raw_videos/PHRASES/PLEASE_HELP_ME/9d7051b8.mp4,opaque,6491048,e25edf14e1251f3543d6835c390acf46350990c73acc7a4265041f2ba1d55871,4.966667,mpeg4,640,480,30/1,149,0.0
PLEASE_HELP_ME,data/raw_videos/PHRASES/PLEASE_HELP_ME/9f8d4bd3.mp4,opaque,509317,42df59fd90c858635b8fa5832ba00d2ee7268b1ac765bbba510610ad1979bf08,0.766667,mpeg4,640,480,30/1,23,0.0
PLEASE_HELP_ME,data/raw_videos/PHRASES/PLEASE_HELP_ME/PLEASE_HELP_ME_1.mp4,numbered,681486,43c0f23bb5f34253567cf21a395e677536242e2cdec7e35f8b700de58c77261b,4.933333,mpeg4,640,480,30/1,148,0.0
PLEASE_HELP_ME,data/raw_videos/PHRASES/PLEASE_HELP_ME/PLEASE_HELP_ME_10.mp4,numbered,704261,5f2f4307149b1cc84009ca1f45edcd877260685702e7e9278e68f8de4434035a,4.866667,mpeg4,640,480,30/1,146,0.0
PLEASE_HELP_ME,data/raw_videos/PHRASES/PLEASE_HELP_ME/PLEASE_HELP_ME_11.mp4,numbered,679541,72eefc92d76ebf5992a641d714f19184a7b10759f45137358fd642710df4d7df,4.8,mpeg4,640,480,30/1,144,0.0
PLEASE_HELP_ME,data/raw_videos/PHRASES/PLEASE_HELP_ME/PLEASE_HELP_ME_12.mp4,numbered,768856,a0fadb3502b6bbf112375ece351dde4c416a2e06407176b972094396ab7af726,5.066667,mpeg4,640,480,30/1,152,0.0
PLEASE_HELP_ME,data/raw_videos/PHRASES/PLEASE_HELP_ME/PLEASE_HELP_ME_13.mp4,numbered,789618,18f2030fe90fd92790642b15c513656b1de211c8ea3bd59f6afaca29758ae545,5.1,mpeg4,640,480,30/1,153,0.0
PLEASE_HELP_ME,data/raw_videos/PHRASES/PLEASE_HELP_ME/PLEASE_HELP_ME_14.mp4,numbered,744226,ed875847e8bcbf8e106cb45435e18d0a9ee06a50a34ce8b1ce38fcc512850bb2,4.533333,mpeg4,640,480,30/1,136,0.0
PLEASE_HELP_ME,data/raw_videos/PHRASES/PLEASE_HELP_ME/PLEASE_HELP_ME_15.mp4,numbered,743653,21dfa9af56d8c9bcce661fda6e89d71b98e77dd5c1b36bc4bc726aba45f7faf3,5.0,mpeg4,640,480,30/1,150,0.0
PLEASE_HELP_ME,data/raw_videos/PHRASES/PLEASE_HELP_ME/PLEASE_HELP_ME_16.mp4,numbered,775494,43c326877499fc2ee84cedb795bd442ba72326660ea72fca47502e55b3e78e31,5.266667,mpeg4,640,480,30/1,158,0.0
PLEASE_HELP_ME,data/raw_videos/PHRASES/PLEASE_HELP_ME/PLEASE_HELP_ME_17.mp4,numbered,734724,232a25f3b575dc9da5c05a0f8cf41328482295fb8b82827327dcbade96ccfb05,4.866667,mpeg4,640,480,30/1,146,0.0
PLEASE_HELP_ME,data/raw_videos/PHRASES/PLEASE_HELP_ME/PLEASE_HELP_ME_18.mp4,numbered,735916,295537ef410bb7dad5334492399a5bf3a65453c0d60ef6555618483b8008852d,5.1,mpeg4,640,480,30/1,153,0.0
PLEASE_HELP_ME,data/raw_videos/PHRASES/PLEASE_HELP_ME/PLEASE_HELP_ME_19.mp4,numbered,645823,66c4fb3fd4e2b3c44704473fa24bcd847465e21d01dda9a44e9897a7b7e8a80d,3.966667,mpeg4,640,480,30/1,119,0.0
PLEASE_HELP_ME,data/raw_videos/PHRASES/PLEASE_HELP_ME/PLEASE_HELP_ME_2.mp4,numbered,635538,0e8ac0a657f7eb6282d16b39c58da143f798e3e7b6417f60f2c5a77c35136275,4.366667,mpeg4,640,480,30/1,131,0.0
PLEASE_HELP_ME,data/raw_videos/PHRASES/PLEASE_HELP_ME/PLEASE_HELP_ME_20.mp4,numbered,704828,f59c8069cadebaa76b2eed980722c736977b4dd5b50704e4f78576e37484be73,4.266667,mpeg4,640,480,30/1,128,0.0
PLEASE_HELP_ME,data/raw_videos/PHRASES/PLEASE_HELP_ME/PLEASE_HELP_ME_3.mp4,numbered,706777,3b8cc1e802405f27ec1f50c705fe914d7ebd53e0471d0565dc24ff5d060e2c4c,5.066667,mpeg4,640,480,30/1,152,0.0
PLEASE_HELP_ME,data/raw_videos/PHRASES/PLEASE_HELP_ME/PLEASE_HELP_ME_4.mp4,numbered,726121,462d88e003a7c5ae862672acf18d2089936c96c10e35441b93b309d3436651c4,5.1,mpeg4,640,480,30/1,153,0.0
PLEASE_HELP_ME,data/raw_videos/PHRASES/PLEASE_HELP_ME/PLEASE_HELP_ME_5.mp4,numbered,750023,ebd8dd201f62d9e556698855ca36fef68d8ca7a330e01003bb9e35ac146ee2b2,5.233333,mpeg4,640,480,30/1,157,0.0
PLEASE_HELP_ME,data/raw_videos/PHRASES/PLEASE_HELP_ME/PLEASE_HELP_ME_6.mp4,numbered,718337,ac7e59d96159e98181417324413de23a2ab596aca0c472ae23054f54fdb592f9,5.433333,mpeg4,640,480,30/1,163,0.0
PLEASE_HELP_ME,data/raw_videos/PHRASES/PLEASE_HELP_ME/PLEASE_HELP_ME_7.mp4,numbered,673454,42d546a055ee1b554ea67f528901df6fcef5dda23caf5def69625c414990e768,4.066667,mpeg4,640,480,30/1,122,0.0
PLEASE_HELP_ME,data/raw_videos/PHRASES/PLEASE_HELP_ME/PLEASE_HELP_ME_8.mp4,numbered,581376,54690862eb6aac32c12e4314d0aea7d4b5e567edc3a3d1c01e0271f42494a411,3.933333,mpeg4,640,480,30/1,118,0.0
PLEASE_HELP_ME,data/raw_videos/PHRASES/PLEASE_HELP_ME/PLEASE_HELP_ME_9.mp4,numbered,696251,6e8c05ce00b6dbd05a5c582847bf2b27ba5f1805cc5e61f4833f88103f17fa3e,5.0,mpeg4,640,480,30/1,150,0.0
PLEASE_HELP_ME,data/raw_videos/PHRASES/PLEASE_HELP_ME/a0cd3d45.mp4,opaque,5005869,c4048afbdffed4167781235f6f972c54c91c4141fe0453e9dd46aacdf4c55785,4.733333,mpeg4,640,480,30/1,142,0.0
PLEASE_HELP_ME,data/raw_videos/PHRASES/PLEASE_HELP_ME/a0ef141b.mp4,opaque,545900,ec62b8ea0e521a6db6d73129d568d9d8eeebddea59ff6b6877cd7b19cba83116,0.8,mpeg4,640,480,30/1,24,0.0
PLEASE_HELP_ME,data/raw_videos/PHRASES/PLEASE_HELP_ME/a79de008.mp4,opaque,5142285,0f1fc109b3ad1c233275f93260d8bf50e772306a80a74c8973f26daa6f1eaaef,3.833333,mpeg4,640,480,30/1,115,0.0
PLEASE_HELP_ME,data/raw_videos/PHRASES/PLEASE_HELP_ME/a9bf2f5b.mp4,opaque,506047,7133aadfd46acb9138d7359dd606a252ac9ac3936bdd4630af34be71f3cde807,0.866667,mpeg4,640,480,30/1,26,0.0
PLEASE_HELP_ME,data/raw_videos/PHRASES/PLEASE_HELP_ME/b473e809.mp4,opaque,595727,f8000b97a287eeabd5b048caddf3cfbb617b6864a0899d3c9626aff6147bae4b,0.9,mpeg4,640,480,30/1,27,0.0
PLEASE_HELP_ME,data/raw_videos/PHRASES/PLEASE_HELP_ME/b4ca906d.mp4,opaque,441138,93f69d2106f0954e44ea30a72ac57589dbbf882cbbf9fdaea1ccd469ac17eb22,0.833333,mpeg4,640,480,30/1,25,0.0
PLEASE_HELP_ME,data/raw_videos/PHRASES/PLEASE_HELP_ME/b570c07d.mp4,opaque,560739,da1ef2c08902b96df2221a966b029a160e2dfd180fee829108844213f4422b01,0.866667,mpeg4,640,480,30/1,26,0.0
PLEASE_HELP_ME,data/raw_videos/PHRASES/PLEASE_HELP_ME/b5b1ccef.mp4,opaque,573175,c6bd35acc644b2162028b7a2a815a3ddcf362fd8f92c6fc11a5c097c8e43e5fb,0.9,mpeg4,640,480,30/1,27,0.0
PLEASE_HELP_ME,data/raw_videos/PHRASES/PLEASE_HELP_ME/b5f04196.mp4,opaque,4659460,a3a903888dee1bb17c7e298ae436eb7585691e2ce84e411fd79669ae91c57d82,4.3,mpeg4,640,480,30/1,129,0.0
PLEASE_HELP_ME,data/raw_videos/PHRASES/PLEASE_HELP_ME/b7410665.mp4,opaque,5784140,a5a4876bfc7647b4278136d34d794080d334e30b3e8af49da20f2341663c4a3b,4.2,mpeg4,640,480,30/1,126,0.0
PLEASE_HELP_ME,data/raw_videos/PHRASES/PLEASE_HELP_ME/bcd64576.mp4,opaque,401530,cde5c538e25486ffc9284aa57522aa73f51b5312fd597b38fa6de3101e4c7c4a,0.766667,mpeg4,640,480,30/1,23,0.0
PLEASE_HELP_ME,data/raw_videos/PHRASES/PLEASE_HELP_ME/bf26e942.mp4,opaque,4374662,964c71366bfd630e79209452053aa4bb39428b6110d042c3d67da3938df55928,3.233333,mpeg4,640,480,30/1,97,0.0
PLEASE_HELP_ME,data/raw_videos/PHRASES/PLEASE_HELP_ME/c1665bbc.mp4,opaque,569493,9bad27ad1877861397aab552a2c976a54e9a4325eadfb835bbb48477e17ca923,0.866667,mpeg4,640,480,30/1,26,0.0
PLEASE_HELP_ME,data/raw_videos/PHRASES/PLEASE_HELP_ME/c323e410.mp4,opaque,511609,fa14be4126e4cabb622166d7b6a6e30be7c0248f7e47fe9425c4d84da4779958,0.933333,mpeg4,640,480,30/1,28,0.0
PLEASE_HELP_ME,data/raw_videos/PHRASES/PLEASE_HELP_ME/c36a9c9d.mp4,opaque,526223,8f27842b550c53eb30dd4b95d6d07fa7f17ba636ade437b351338205b89b859d,0.833333,mpeg4,640,480,30/1,25,0.0
PLEASE_HELP_ME,data/raw_videos/PHRASES/PLEASE_HELP_ME/c43fb063.mp4,opaque,4165521,6b4bfbc0a4a3c30483e18c0391510e7f33f2acf7ea23713320dec604ac1915a7,3.833333,mpeg4,640,480,30/1,115,0.0
PLEASE_HELP_ME,data/raw_videos/PHRASES/PLEASE_HELP_ME/c53f3440.mp4,opaque,556939,50722fd49924e5b8cc3b76384e6a927ba019404951c5a589dc94627a600bda33,0.866667,mpeg4,640,480,30/1,26,0.0
PLEASE_HELP_ME,data/raw_videos/PHRASES/PLEASE_HELP_ME/c7b70755.mp4,opaque,533886,3a4457495d94899f040ac80fe4c380783b28509cd7d8d35c9e6430534cc6b44f,0.9,mpeg4,640,480,30/1,27,0.0
PLEASE_HELP_ME,data/raw_videos/PHRASES/PLEASE_HELP_ME/cc32256d.mp4,opaque,623552,82d4f4d9ec43cad9a730c10b23692870385672d1aaa45bce11e482ed0174fed2,0.9,mpeg4,640,480,30/1,27,0.0
PLEASE_HELP_ME,data/raw_videos/PHRASES/PLEASE_HELP_ME/cc5e53e0.mp4,opaque,571772,48ccb01ad30e7e992e37e1578f8705f69f158ca4e9601b700a6a75f4a8fa0245,0.833333,mpeg4,640,480,30/1,25,0.0
PLEASE_HELP_ME,data/raw_videos/PHRASES/PLEASE_HELP_ME/cd9046ee.mp4,opaque,453050,9fe10b2cce3db44eda31316602c8295800e6ef41cc1d4cce4ba00563c468e406,0.766667,mpeg4,640,480,30/1,23,0.0
PLEASE_HELP_ME,data/raw_videos/PHRASES/PLEASE_HELP_ME/d34bf9cc.mp4,opaque,6303112,4f31aa7d107a6c9d43e0254e179b70914cb7b5d65afdfd4787de7e487301b30d,4.766667,mpeg4,640,480,30/1,143,0.0
PLEASE_HELP_ME,data/raw_videos/PHRASES/PLEASE_HELP_ME/d3e98b98.mp4,opaque,513532,9f56e59d2608827c304e0b3f4c8f29cebc26cfdd486c6282f672c5b558848058,0.933333,mpeg4,640,480,30/1,28,0.0
PLEASE_HELP_ME,data/raw_videos/PHRASES/PLEASE_HELP_ME/d62b2c78.mp4,opaque,5854510,281d9f8442a481fc7af8d69db2f044b554592eac2608cabf4a54b8c0203c1a79,4.366667,mpeg4,640,480,30/1,131,0.0
PLEASE_HELP_ME,data/raw_videos/PHRASES/PLEASE_HELP_ME/d91f59f7.mp4,opaque,3770945,57845f85c2b800edbd4dfd72196e13bc6fb92d1fbd5940593386d15e56bad83e,3.533333,mpeg4,640,480,30/1,106,0.0
PLEASE_HELP_ME,data/raw_videos/PHRASES/PLEASE_HELP_ME/da0a3f3b.mp4,opaque,490815,d7347bef18485b67ef419130b0005c02ce249c8a34237edb07d11d3b9f65fc0a,0.866667,mpeg4,640,480,30/1,26,0.0
PLEASE_HELP_ME,data/raw_videos/PHRASES/PLEASE_HELP_ME/db8c4d1a.mp4,opaque,471538,e3aef38d9a5d5030e7b1b7fa08013a82786f003920c6fda3c330e61349b78aeb,0.833333,mpeg4,640,480,30/1,25,0.0
PLEASE_HELP_ME,data/raw_videos/PHRASES/PLEASE_HELP_ME/de38673b.mp4,opaque,530492,4f1d7193e66fb9656efa3c711ac6e5098a94b27dbecb13331f77d416b56f5c2e,0.8,mpeg4,640,480,30/1,24,0.0
PLEASE_HELP_ME,data/raw_videos/PHRASES/PLEASE_HELP_ME/e0761149.mp4,opaque,6051011,3d982fd44be36045fdba1efcf9e1e645e28b837cd15447e0402954045fdc70e9,5.733333,mpeg4,640,480,30/1,172,0.0
PLEASE_HELP_ME,data/raw_videos/PHRASES/PLEASE_HELP_ME/e28c449d.mp4,opaque,6319142,3bd90786d365a37d51cb3df10997abe00dc7642669678ea1d98fe2c93af4be85,4.766667,mpeg4,640,480,30/1,143,0.0
PLEASE_HELP_ME,data/raw_videos/PHRASES/PLEASE_HELP_ME/e2ade00d.mp4,opaque,502875,a1d3cc544f1d246e4cc82cda6082a7951e96b4076f727ae9c2a118276b24fe87,0.733333,mpeg4,640,480,30/1,22,0.0
PLEASE_HELP_ME,data/raw_videos/PHRASES/PLEASE_HELP_ME/e4693855.mp4,opaque,5932233,05df6457966df1f7d6305b8daf3cf3c510018d35670bd0cd6bcf7bf53fd6bd0f,4.466667,mpeg4,640,480,30/1,134,0.0
PLEASE_HELP_ME,data/raw_videos/PHRASES/PLEASE_HELP_ME/e489147d.mp4,opaque,6013551,843844f1d59afeada2e6d926f25600637a3a8dd973795b4aa169d6280d455c41,4.533333,mpeg4,640,480,30/1,136,0.0
PLEASE_HELP_ME,data/raw_videos/PHRASES/PLEASE_HELP_ME/e7a15e6a.mp4,opaque,576717,435a259d3a6a554a88e0affe4d53b2671b316f1ed77f567074ecfe456dcf6688,0.866667,mpeg4,640,480,30/1,26,0.0
PLEASE_HELP_ME,data/raw_videos/PHRASES/PLEASE_HELP_ME/e9853a30.mp4,opaque,6006450,56dbe5e4bc5cd0cd943a3b115684f7108937843ef2103a2db6cf3db300dddcbd,4.266667,mpeg4,640,480,30/1,128,0.0
PLEASE_HELP_ME,data/raw_videos/PHRASES/PLEASE_HELP_ME/e9f73675.mp4,opaque,5318696,a871c6568101513c20067e17b82351ad4f9615f3a2abe7a8b0fb59838da49721,5.066667,mpeg4,640,480,30/1,152,0.0
PLEASE_HELP_ME,data/raw_videos/PHRASES/PLEASE_HELP_ME/eb06805a.mp4,opaque,588792,39dec65a3f7f9753c2b84afaa979c3eb1db4f9b293de5c34a5b49806887a2857,0.866667,mpeg4,640,480,30/1,26,0.0
PLEASE_HELP_ME,data/raw_videos/PHRASES/PLEASE_HELP_ME/ec9bb455.mp4,opaque,704432,fa19c1fd3489fdd102c20b616d6f99a9f38f0062d81a36a0a3bc2b719c22e583,0.966667,mpeg4,640,480,30/1,29,0.0
PLEASE_HELP_ME,data/raw_videos/PHRASES/PLEASE_HELP_ME/ec9dcc22.mp4,opaque,562321,1440fabd14f14348274bb28d493ff306037b0d21266a20eeadfa44869629c949,0.866667,mpeg4,640,480,30/1,26,0.0
PLEASE_HELP_ME,data/raw_videos/PHRASES/PLEASE_HELP_ME/ed3bdbc3.mp4,opaque,6682295,d0e09ea4f6e3609165a07f6eba6c1a09b9d6e645d5baf6b8ac9ade93f79c4a86,5.066667,mpeg4,640,480,30/1,152,0.0
PLEASE_HELP_ME,data/raw_videos/PHRASES/PLEASE_HELP_ME/ed612978.mp4,opaque,5273315,281fe6ce0582fbb5e9b1068809d3ed6ba6a81d955b8c6a92347244cf39df5065,5.0,mpeg4,640,480,30/1,150,0.0
PLEASE_HELP_ME,data/raw_videos/PHRASES/PLEASE_HELP_ME/f0bf75ab.mp4,opaque,548667,43794fbbebb431830d2902ef48708f5b22b3a5d84d9f6a295f50f35b9b0a6a99,0.966667,mpeg4,640,480,30/1,29,0.0
PLEASE_HELP_ME,data/raw_videos/PHRASES/PLEASE_HELP_ME/f5f88182.mp4,opaque,489985,f733b3806610665e5265c1a3d2a46f817a8685ca0831740f41d3483e5d1fa794,0.866667,mpeg4,640,480,30/1,26,0.0
PLEASE_HELP_ME,data/raw_videos/PHRASES/PLEASE_HELP_ME/f811e622.mp4,opaque,447704,bba7948cfc8244bed5ccdcdce33472705ce40be6eddbce39b57ff6265da041a8,0.833333,mpeg4,640,480,30/1,25,0.0
PLEASE_HELP_ME,data/raw_videos/PHRASES/PLEASE_HELP_ME/fb55980f.mp4,opaque,578580,56479dc98d5fa75940bb1b942c58f8f527a51368319ea2765d5ce2c96df7b5f0,0.966667,mpeg4,640,480,30/1,29,0.0
PLEASE_HELP_ME,data/raw_videos/PHRASES/PLEASE_HELP_ME/fc9b085c.mp4,opaque,4361038,05ebe3ed35f58dc8dea9a3050bdfe81b710e4802e926f4a93eb38dc9fd7a3a32,4.1,mpeg4,640,480,30/1,123,0.0
SORRY_I_LATE,data/raw_videos/PHRASES/SORRY_I_LATE/020ce861.mp4,opaque,539208,103010e266c853a29de27c4efd73712e9831c8585bb585e69eda35e3ede85223,0.766667,mpeg4,640,480,30/1,23,0.0
SORRY_I_LATE,data/raw_videos/PHRASES/SORRY_I_LATE/03cf3c49.mp4,opaque,553830,5d983cf8df4d24159e1ccc9cc4158cfe7d4b01ff40977340bd7446f1f2a1962c,0.8,mpeg4,640,480,30/1,24,0.0
SORRY_I_LATE,data/raw_videos/PHRASES/SORRY_I_LATE/0431f098.mp4,opaque,518601,a9f42acb6d60905aa95f7f53ae9b3d57f3e93b8656a81ec28424e49a8d1770e1,0.766667,mpeg4,640,480,30/1,23,0.0
SORRY_I_LATE,data/raw_videos/PHRASES/SORRY_I_LATE/052a728e.mp4,opaque,2870870,b9f6da151220b39b239204de08a6b07e64f524bf9b53cd6ec1807f428a350bb5,3.866667,mpeg4,640,480,30/1,116,0.0
SORRY_I_LATE,data/raw_videos/PHRASES/SORRY_I_LATE/064f8b4b.mp4,opaque,542815,c7b3c573727b516f668e5a46861798c8e365e7fcb9bf1ce484e017b67a55e017,0.8,mpeg4,640,480,30/1,24,0.0
SORRY_I_LATE,data/raw_videos/PHRASES/SORRY_I_LATE/06b46f77.mp4,opaque,585558,364fa65f5e99a43934c0b8bb09ccb65c18abf548ca046a0f9f52a86def3eeb6d,0.833333,mpeg4,640,480,30/1,25,0.0
SORRY_I_LATE,data/raw_videos/PHRASES/SORRY_I_LATE/074bc31f.mp4,opaque,3331776,4468b00a905d4bfd99660184b7ac353c069bc67717040bff7a8e64431e82592e,4.3,mpeg4,640,480,30/1,129,0.0
SORRY_I_LATE,data/raw_videos/PHRASES/SORRY_I_LATE/086e7599.mp4,opaque,3125344,812f1d7584f0c32a751617ae402d425e62c6806e5e1feef98cfcd2523105b10b,4.033333,mpeg4,640,480,30/1,121,0.0
SORRY_I_LATE,data/raw_videos/PHRASES/SORRY_I_LATE/0943eef9.mp4,opaque,546445,90586a9175f031f1f765868a997a3ec84cc849d4a69234786b80eccd2d96e342,0.766667,mpeg4,640,480,30/1,23,0.0
SORRY_I_LATE,data/raw_videos/PHRASES/SORRY_I_LATE/098776d0.mp4,opaque,3212235,e1e9cc5e652fbe8a0f76d90b9585092865e69ef180c3fd2610e0c4aed5bb4a43,3.966667,mpeg4,640,480,30/1,119,0.0
SORRY_I_LATE,data/raw_videos/PHRASES/SORRY_I_LATE/0abe15ac.mp4,opaque,3151294,60a88c23ec28d2cb217a2b9a5c970a4344b2c35a88f9827759b559d1a57eeaef,3.9,mpeg4,640,480,30/1,117,0.0
SORRY_I_LATE,data/raw_videos/PHRASES/SORRY_I_LATE/0b05efb6.mp4,opaque,3322339,2cf57ba695714630cf25137be2d2df96ae7106734a58042a23e5a3372ab7c125,4.633333,mpeg4,640,480,30/1,139,0.0
SORRY_I_LATE,data/raw_videos/PHRASES/SORRY_I_LATE/0c6884a1.mp4,opaque,3126972,a5e6726b0393f9df505bcb82f66854293a0b9807070f1727562ca646661e9109,3.9,mpeg4,640,480,30/1,117,0.0
SORRY_I_LATE,data/raw_videos/PHRASES/SORRY_I_LATE/10906208.mp4,opaque,528606,c1328194efd04301c0e8a5b56a196ccca00582da3355e51c384c673637d0c798,0.7,mpeg4,640,480,30/1,21,0.0
SORRY_I_LATE,data/raw_videos/PHRASES/SORRY_I_LATE/14649837.mp4,opaque,3371444,eee68e074e6c4a6a8490c1bac0edb58ffac6ace567e11ee309d4b945b4357803,4.6,mpeg4,640,480,30/1,138,0.0
SORRY_I_LATE,data/raw_videos/PHRASES/SORRY_I_LATE/16f84467.mp4,opaque,3572526,1079b01b03753483267560d62643dd46db74bbbb038785d9b70fe25e7bf1f76c,4.7,mpeg4,640,480,30/1,141,0.0
SORRY_I_LATE,data/raw_videos/PHRASES/SORRY_I_LATE/19928a94.mp4,opaque,3004350,f5b4ae909fce43f540dd3ed2ea754c0e8be3beb243eabbe0603f65e025fa3764,3.6,mpeg4,640,480,30/1,108,0.0
SORRY_I_LATE,data/raw_videos/PHRASES/SORRY_I_LATE/1b1d2bc9.mp4,opaque,525080,f1dee8b2acf197fcd9f98e0693f40a9176a884b138a72e463587a34456df8d3e,0.766667,mpeg4,640,480,30/1,23,0.0
SORRY_I_LATE,data/raw_videos/PHRASES/SORRY_I_LATE/1c4e0df3.mp4,opaque,3329095,9652bd7ba684990b4722e904aadd75c0e8b859f77b67c670eaf5fdefcaa23ad8,4.133333,mpeg4,640,480,30/1,124,0.0
SORRY_I_LATE,data/raw_videos/PHRASES/SORRY_I_LATE/1c55b1d1.mp4,opaque,2183885,6fbba60a224d2266aed81b4a0ebf2f11433786dc47dad73c69226a056886950a,2.966667,mpeg4,640,480,30/1,89,0.0
SORRY_I_LATE,data/raw_videos/PHRASES/SORRY_I_LATE/1f629d92.mp4,opaque,3046227,3fed6a4a6369f69a2a6d5494d8760dc68b168f798d3f11fa064aba9be2c823ff,3.933333,mpeg4,640,480,30/1,118,0.0
SORRY_I_LATE,data/raw_videos/PHRASES/SORRY_I_LATE/212dfdf1.mp4,opaque,549675,8518469c4fc7e69fb95aac5895b24ed42250424696ec5c2a4a33b20c53a3116d,0.766667,mpeg4,640,480,30/1,23,0.0
SORRY_I_LATE,data/raw_videos/PHRASES/SORRY_I_LATE/22894d58.mp4,opaque,3159929,31e36866810ac79430a009e4b07b2bfd163f2e1ed58545954640d28f2f9440c5,3.966667,mpeg4,640,480,30/1,119,0.0
SORRY_I_LATE,data/raw_videos/PHRASES/SORRY_I_LATE/27fcad66.mp4,opaque,629832,90941f7d7397b5c0a321fc9111cda579b49876d95c86ffa687b88446f8df012d,0.866667,mpeg4,640,480,30/1,26,0.0
SORRY_I_LATE,data/raw_videos/PHRASES/SORRY_I_LATE/2afb7155.mp4,opaque,2996917,b1e656fae9bc1b19fa77deb55cc3f837043cab1affa88b36f9751bf60a19a454,3.8,mpeg4,640,480,30/1,114,0.0
SORRY_I_LATE,data/raw_videos/PHRASES/SORRY_I_LATE/2b125fc8.mp4,opaque,594165,1f05737cca7faa0d901f514e529c6610c60f7492159cb907cf6db28140a6cae9,0.866667,mpeg4,640,480,30/1,26,0.0
SORRY_I_LATE,data/raw_videos/PHRASES/SORRY_I_LATE/2d154232.mp4,opaque,614236,91f044a7ed8b2dd5012f8fa34ecf2ef8fad74b8ca0f670aa1069b5b2ad2b3431,0.866667,mpeg4,640,480,30/1,26,0.0
SORRY_I_LATE,data/raw_videos/PHRASES/SORRY_I_LATE/2d3652d8.mp4,opaque,619376,d51161a1f039ced70b9b7e74407879171299ad669c546e644cd12d3232c81cf2,0.833333,mpeg4,640,480,30/1,25,0.0
SORRY_I_LATE,data/raw_videos/PHRASES/SORRY_I_LATE/2d636689.mp4,opaque,2464831,11ccb8ca3a9ddec4f590f9e6c9f846feeab5fa463128f5180d712da40db1115d,3.5,mpeg4,640,480,30/1,105,0.0
SORRY_I_LATE,data/raw_videos/PHRASES/SORRY_I_LATE/2ecea340.mp4,opaque,499533,4f44e87ea1aadbff5e1dcd0a1a628e360d02935a9db02e8a3c1e25830165eba9,0.733333,mpeg4,640,480,30/1,22,0.0
SORRY_I_LATE,data/raw_videos/PHRASES/SORRY_I_LATE/30115a1b.mp4,opaque,3206841,970b78e1bde01d6cdb235ff94402e5b2bd38a9fcc596fc38eb3266326f7d463e,4.1,mpeg4,640,480,30/1,123,0.0
SORRY_I_LATE,data/raw_videos/PHRASES/SORRY_I_LATE/320bdcc2.mp4,opaque,2975168,256ee2487e5afc05267c46dc3fd5fc6269deefe66a4fe4464e483a4e4afc707a,3.866667,mpeg4,640,480,30/1,116,0.0
SORRY_I_LATE,data/raw_videos/PHRASES/SORRY_I_LATE/32c1dcdb.mp4,opaque,561497,c5592c2778659876c217e2d7068a5d47a0255b85e18e773b22c33d7b4eff8f65,0.766667,mpeg4,640,480,30/1,23,0.0
SORRY_I_LATE,data/raw_videos/PHRASES/SORRY_I_LATE/32c65ef4.mp4,opaque,628451,369276f631a792f0053023b5735830c916c0c6464ba9bf3f238cb56902b9c26c,0.866667,mpeg4,640,480,30/1,26,0.0
SORRY_I_LATE,data/raw_videos/PHRASES/SORRY_I_LATE/358288d1.mp4,opaque,527987,e0dbefa3b1497dc061207a23025f6b537306e6fa0033a0bdfdead1a51dee71df,0.733333,mpeg4,640,480,30/1,22,0.0
SORRY_I_LATE,data/raw_videos/PHRASES/SORRY_I_LATE/3681d3ed.mp4,opaque,509652,879856b248a035180ae482aac97bfd24a4f86babc7b875ebe1a2d6192db19647,0.7,mpeg4,640,480,30/1,21,0.0
SORRY_I_LATE,data/raw_videos/PHRASES/SORRY_I_LATE/417a06c1.mp4,opaque,3844823,fdabf0930fa1c00ae5ff86fd9534205ab8f04f731a057ca4dd1930b239dcf8e9,4.7,mpeg4,640,480,30/1,141,0.0
SORRY_I_LATE,data/raw_videos/PHRASES/SORRY_I_LATE/42957409.mp4,opaque,615049,4faa9fc5088e2279c2613c33c7d56be730b3e7543d6291c17d80c22c181ea8c1,0.866667,mpeg4,640,480,30/1,26,0.0
SORRY_I_LATE,data/raw_videos/PHRASES/SORRY_I_LATE/43c762cc.mp4,opaque,3697357,5c346b432cd9c180f2b0259b80211705186ba76c827297f45fe80b8151844fa1,4.533333,mpeg4,640,480,30/1,136,0.0
SORRY_I_LATE,data/raw_videos/PHRASES/SORRY_I_LATE/456a32ad.mp4,opaque,540896,aac0f5eeaab37b55d7dc19b3de537ef1367e2995fb1d193c97794683cb06e97a,0.733333,mpeg4,640,480,30/1,22,0.0
SORRY_I_LATE,data/raw_videos/PHRASES/SORRY_I_LATE/46bf5456.mp4,opaque,523860,f612512da3b5cb8dfd74d7a6975f624defe11091c407e88119ee3a1b7a11e52b,0.733333,mpeg4,640,480,30/1,22,0.0
SORRY_I_LATE,data/raw_videos/PHRASES/SORRY_I_LATE/47af68c5.mp4,opaque,567013,10a562bec807a3723a5cc3f3d2abdc0e0364846de221f4303e9b46194a04f19d,0.8,mpeg4,640,480,30/1,24,0.0
SORRY_I_LATE,data/raw_videos/PHRASES/SORRY_I_LATE/48d0533a.mp4,opaque,565619,bcbd7e75815ca1fde7e3cc04a11d1204a173b092dbc681d5bce6f480bc2f53ba,0.833333,mpeg4,640,480,30/1,25,0.0
SORRY_I_LATE,data/raw_videos/PHRASES/SORRY_I_LATE/4c707d18.mp4,opaque,494276,b52d569cab5cfac2a927681a880a29d62a6307c4ff55da3f9a456d8086164c1b,0.733333,mpeg4,640,480,30/1,22,0.0
SORRY_I_LATE,data/raw_videos/PHRASES/SORRY_I_LATE/4ef98cef.mp4,opaque,570510,ef33411f6e17eca9201117c19358bfd74a6b1eca06f58f5ea9934a1ad60e4e94,0.833333,mpeg4,640,480,30/1,25,0.0
SORRY_I_LATE,data/raw_videos/PHRASES/SORRY_I_LATE/50a5f61e.mp4,opaque,530001,9c7682f092834d5e3bddb6a6ae70d9190bff31b5db3f1e2a933fae3050cdfa35,0.833333,mpeg4,640,480,30/1,25,0.0
SORRY_I_LATE,data/raw_videos/PHRASES/SORRY_I_LATE/50e47b39.mp4,opaque,572893,3fc176d1b5879ae5a6fb9adfae8d002efc4dfdc970e9e3e6f5d5044aff401faa,0.866667,mpeg4,640,480,30/1,26,0.0
SORRY_I_LATE,data/raw_videos/PHRASES/SORRY_I_LATE/514c97a3.mp4,opaque,555087,d1637b375e7e5a13f48bdddedffe516efc083dc87cbbac2e825a970cae7fd208,0.8,mpeg4,640,480,30/1,24,0.0
SORRY_I_LATE,data/raw_videos/PHRASES/SORRY_I_LATE/5295c4fb.mp4,opaque,598805,6f7b3a92feea4cf88777b23c41f498fef51793fa937ca9657775bb2b57c69ded,0.866667,mpeg4,640,480,30/1,26,0.0
SORRY_I_LATE,data/raw_videos/PHRASES/SORRY_I_LATE/54fbd6c3.mp4,opaque,3879403,970f58de4cf1b2461c9de58d3e3ff3592b60968d9edfa788b507d0139924aba4,4.9,mpeg4,640,480,30/1,147,0.0
SORRY_I_LATE,data/raw_videos/PHRASES/SORRY_I_LATE/5aefc354.mp4,opaque,558903,76f1a3778666308a5dde948a74324e31f6a9ac58ead12b287344de6f9a56afc9,0.833333,mpeg4,640,480,30/1,25,0.0
SORRY_I_LATE,data/raw_videos/PHRASES/SORRY_I_LATE/5c84e209.mp4,opaque,3365425,9e38b47146eb683a7dcf83e771f7ee6a11b5e3584da3050543617f20b88e96fa,4.233333,mpeg4,640,480,30/1,127,0.0
SORRY_I_LATE,data/raw_videos/PHRASES/SORRY_I_LATE/5e70f9a9.mp4,opaque,572497,e572ccff60a1fcf88a7ad4dc58af8313e4f2ab103e713341c5e8ae8a3581960b,0.766667,mpeg4,640,480,30/1,23,0.0
SORRY_I_LATE,data/raw_videos/PHRASES/SORRY_I_LATE/6012253b.mp4,opaque,570555,c1f3e9dff6ddb4f8e3365ba0aa8dd58625cb8b60e535460d166fd34bf6b0bcfe,0.8,mpeg4,640,480,30/1,24,0.0
SORRY_I_LATE,data/raw_videos/PHRASES/SORRY_I_LATE/630391c2.mp4,opaque,3399715,2c4fcbad37369d261862a5ed4210595b9658ffc82bd6a72ece1f3a4b638406e0,4.4,mpeg4,640,480,30/1,132,0.0
SORRY_I_LATE,data/raw_videos/PHRASES/SORRY_I_LATE/66e18db7.mp4,opaque,3421700,e0ecea758debc5800f9d8f9db75420ffcab685431e739a3b01b2d5430ef38d82,4.433333,mpeg4,640,480,30/1,133,0.0
SORRY_I_LATE,data/raw_videos/PHRASES/SORRY_I_LATE/67f36d51.mp4,opaque,3063030,d3ad2fac68f1b84c92182d95fceba6c2c4dc98d7ca86ca48ccfca42cf5d911cf,3.833333,mpeg4,640,480,30/1,115,0.0
SORRY_I_LATE,data/raw_videos/PHRASES/SORRY_I_LATE/68fe33c0.mp4,opaque,604281,1f8518b599dd55621bdf39b9dff7f892fda16eb410a7ef377fc50cb374d3c9b9,0.9,mpeg4,640,480,30/1,27,0.0
SORRY_I_LATE,data/raw_videos/PHRASES/SORRY_I_LATE/6efff579.mp4,opaque,3117831,8ab665088dbd9a343957d4de4899a624a0ce418415265865932ffc8a579ac13d,4.1,mpeg4,640,480,30/1,123,0.0
SORRY_I_LATE,data/raw_videos/PHRASES/SORRY_I_LATE/7023720b.mp4,opaque,528701,946e7633ddf9bd4bf3f57b3edd41aa275c11dbf4e33cb1eed2e8ae33dc70e5e5,0.8,mpeg4,640,480,30/1,24,0.0
SORRY_I_LATE,data/raw_videos/PHRASES/SORRY_I_LATE/7145854f.mp4,opaque,3402404,b2796e892acbacf8862f3ba4eb88414988ba26767e082f7e9bd757d8c8fd4da2,4.266667,mpeg4,640,480,30/1,128,0.0
SORRY_I_LATE,data/raw_videos/PHRASES/SORRY_I_LATE/71a711ed.mp4,opaque,472111,41af1bed1118eed698c6f92973bdf4bf1c767419a3b87bd6cd4517bfe474797e,0.666667,mpeg4,640,480,30/1,20,0.0
SORRY_I_LATE,data/raw_videos/PHRASES/SORRY_I_LATE/7493174d.mp4,opaque,477866,03b7530f72069babe332f7ebe4491216564a6f41f1255a102f0faf654463f7c9,0.666667,mpeg4,640,480,30/1,20,0.0
SORRY_I_LATE,data/raw_videos/PHRASES/SORRY_I_LATE/76f6f9db.mp4,opaque,579345,5710fd6b90e62c90a200ab8909fb57061dced0073fa5bfd409aca3c11880fc33,0.866667,mpeg4,640,480,30/1,26,0.0
SORRY_I_LATE,data/raw_videos/PHRASES/SORRY_I_LATE/773f767b.mp4,opaque,4176104,47ab86761fd6e6a8a10681442f519cd064f3f2a2b3673852a3312fbd1586ec85,5.366667,mpeg4,640,480,30/1,161,0.0
SORRY_I_LATE,data/raw_videos/PHRASES/SORRY_I_LATE/788c8622.mp4,opaque,3212496,04619c546f62037671523cc58b523fc5209201c84b8a94f71fe781cb14ebb8f9,4.233333,mpeg4,640,480,30/1,127,0.0
SORRY_I_LATE,data/raw_videos/PHRASES/SORRY_I_LATE/78efc7d3.mp4,opaque,3906735,50d710d41cecb75eddc863ad6e2769c98ce7094fb3885ec6a5ea35d5d7cf824d,5.033333,mpeg4,640,480,30/1,151,0.0
SORRY_I_LATE,data/raw_videos/PHRASES/SORRY_I_LATE/7924d517.mp4,opaque,3900755,9434a92c274f1612e7deefda24cd82d12b8ff9955c4a9e9229905495ac25d05d,5.166667,mpeg4,640,480,30/1,155,0.0
SORRY_I_LATE,data/raw_videos/PHRASES/SORRY_I_LATE/7b1ffa90.mp4,opaque,570163,eb52530c2fd27a4208e50a0a644045be2e142506fefa7c85663b4a29f4ffce98,0.833333,mpeg4,640,480,30/1,25,0.0
SORRY_I_LATE,data/raw_videos/PHRASES/SORRY_I_LATE/7dbd6b13.mp4,opaque,2749891,c30b7af79055013e9980a7d1acb4fb35618880da803c407af73ceb55189f9ea9,3.733333,mpeg4,640,480,30/1,112,0.0
SORRY_I_LATE,data/raw_videos/PHRASES/SORRY_I_LATE/815e6970.mp4,opaque,661832,69a9e22d7ed3b5d8a6e1c112c7ecd27b8b6a3d2c2e44f10496e6dc95aef1a77f,0.933333,mpeg4,640,480,30/1,28,0.0
SORRY_I_LATE,data/raw_videos/PHRASES/SORRY_I_LATE/860c0fa7.mp4,opaque,2704920,8dcd7e1ba2038653e0bee9d8f26a580eb3c514bd9f55a0ac8b1420eec813f653,3.466667,mpeg4,640,480,30/1,104,0.0
SORRY_I_LATE,data/raw_videos/PHRASES/SORRY_I_LATE/879b36d1.mp4,opaque,3585039,eb96c1c281ad5723acbe17f1bb43cc769443987a445fd70fef4aa447857796f6,4.366667,mpeg4,640,480,30/1,131,0.0
SORRY_I_LATE,data/raw_videos/PHRASES/SORRY_I_LATE/8b1e1416.mp4,opaque,499984,214474ea25366a19d5fa41a1544d7f7b32885903115d06a4babbdd972424b7fc,0.7,mpeg4,640,480,30/1,21,0.0
SORRY_I_LATE,data/raw_videos/PHRASES/SORRY_I_LATE/8c6e2a20.mp4,opaque,3093360,ee1a3976d8576b2372de44c4d0aaea5cc10d4df8701915aec3ff6e8db89de4ca,3.966667,mpeg4,640,480,30/1,119,0.0
SORRY_I_LATE,data/raw_videos/PHRASES/SORRY_I_LATE/8d4a0c52.mp4,opaque,560040,f57466e786f3252c445dc7bcb4ac366d790a47395d6ff1efe90828f22766073e,0.8,mpeg4,640,480,30/1,24,0.0
SORRY_I_LATE,data/raw_videos/PHRASES/SORRY_I_LATE/8d6ac10e.mp4,opaque,534214,93067cd0f03df39cbaef840e52dbbebda804c289db2a4758e580e953604c8a79,0.766667,mpeg4,640,480,30/1,23,0.0
SORRY_I_LATE,data/raw_videos/PHRASES/SORRY_I_LATE/91e8a53b.mp4,opaque,3737701,a748d536fab9590878ed78d678a035220d3fe86456e9ce35a34c969f4925c99b,4.733333,mpeg4,640,480,30/1,142,0.0
SORRY_I_LATE,data/raw_videos/PHRASES/SORRY_I_LATE/993d5406.mp4,opaque,3317325,1622416f6c179e2202431ff3b464fa43317e56f6f643d76aad44ce076ab0fb67,4.333333,mpeg4,640,480,30/1,130,0.0
SORRY_I_LATE,data/raw_videos/PHRASES/SORRY_I_LATE/9d301c3a.mp4,opaque,511348,016205eb747f87abd8b7708f01f25c4c118b1452440e7735bc0cbd3abe1098a9,0.766667,mpeg4,640,480,30/1,23,0.0
SORRY_I_LATE,data/raw_videos/PHRASES/SORRY_I_LATE/SORRY_I_LATE_1.mp4,numbered,891019,cd8c05e00b640eb50beabf5d3a7214124f588b018708a7afe993d9a295aa183f,5.366667,mpeg4,640,480,30/1,161,0.0
SORRY_I_LATE,data/raw_videos/PHRASES/SORRY_I_LATE/SORRY_I_LATE_10.mp4,numbered,698135,a2a6eae47da4124bb355be844617ebf31e97dbc66a58cb7019d7de3be8868319,3.766667,mpeg4,640,480,30/1,113,0.0
SORRY_I_LATE,data/raw_videos/PHRASES/SORRY_I_LATE/SORRY_I_LATE_11.mp4,numbered,783743,e0d54847c2a79f9dd5751f01e51d601ccffb434e323f97a00533aa66d351ef62,4.133333,mpeg4,640,480,30/1,124,0.0
SORRY_I_LATE,data/raw_videos/PHRASES/SORRY_I_LATE/SORRY_I_LATE_12.mp4,numbered,674340,ea81d93e1e96f305ad8f332ffcdd2536a2f003713688bba306d9e20680a70e4b,3.966667,mpeg4,640,480,30/1,119,0.0
SORRY_I_LATE,data/raw_videos/PHRASES/SORRY_I_LATE/SORRY_I_LATE_13.mp4,numbered,666659,8810f3723a50ad67c4f7f9c9430517b5c4ff6ca8db8ac171de4e8eae6e5b6697,3.7,mpeg4,640,480,30/1,111,0.0
SORRY_I_LATE,data/raw_videos/PHRASES/SORRY_I_LATE/SORRY_I_LATE_14.mp4,numbered,625921,771057bad67ac67c775de9f910566acbbbc2ad7cf691f52c76665b69157683b6,3.566667,mpeg4,640,480,30/1,107,0.0
SORRY_I_LATE,data/raw_videos/PHRASES/SORRY_I_LATE/SORRY_I_LATE_15.mp4,numbered,625445,844ef3cfc47088eba2fee686fe91ccb89efbb821d87f4eb0d40833562842046c,3.666667,mpeg4,640,480,30/1,110,0.0
SORRY_I_LATE,data/raw_videos/PHRASES/SORRY_I_LATE/SORRY_I_LATE_16.mp4,numbered,641303,c889e347a88340dc400ac6d7191e8663f84928efa70f4634bf6f0fa5e67df272,3.966667,mpeg4,640,480,30/1,119,0.0
SORRY_I_LATE,data/raw_videos/PHRASES/SORRY_I_LATE/SORRY_I_LATE_17.mp4,numbered,666572,9b85541b2458db1f90b67ac9d22d5e7aaf709afccc607d0e3885d68b24ed4136,3.766667,mpeg4,640,480,30/1,113,0.0
SORRY_I_LATE,data/raw_videos/PHRASES/SORRY_I_LATE/SORRY_I_LATE_18.mp4,numbered,641335,989ec3282340524ac00c47660cd20d1d180b8f49e94e877090b2062eaa2adcc6,3.6,mpeg4,640,480,30/1,108,0.0
SORRY_I_LATE,data/raw_videos/PHRASES/SORRY_I_LATE/SORRY_I_LATE_19.mp4,numbered,607484,027865a20242cf6ae6f2378ca6d4c0179e195782cb45e38703c838b91f463447,3.466667,mpeg4,640,480,30/1,104,0.0
SORRY_I_LATE,data/raw_videos/PHRASES/SORRY_I_LATE/SORRY_I_LATE_2.mp4,numbered,715431,87acc8e2f7f51464acb5b4c0f348468a46fe6c11526ed6f2d62604fab7e3f2e3,4.2,mpeg4,640,480,30/1,126,0.0
SORRY_I_LATE,data/raw_videos/PHRASES/SORRY_I_LATE/SORRY_I_LATE_20.mp4,numbered,643495,e9d935d87b7b2e5c2ff806d44216f16c126bbea12dd68c3b15f1ab3220b71b98,4.066667,mpeg4,640,480,30/1,122,0.0
SORRY_I_LATE,data/raw_videos/PHRASES/SORRY_I_LATE/SORRY_I_LATE_3.mp4,numbered,699373,2d93c56bb77e37901da04ed9cc85b09961c0fd1850e2f96ac27239d2c8009ecc,4.366667,mpeg4,640,480,30/1,131,0.0
SORRY_I_LATE,data/raw_videos/PHRASES/SORRY_I_LATE/SORRY_I_LATE_4.mp4,numbered,630165,1865d6890f0c18301111720fcf09e74b56367fe22df8d91d5e1423b70b8c7495,3.833333,mpeg4,640,480,30/1,115,0.0
SORRY_I_LATE,data/raw_videos/PHRASES/SORRY_I_LATE/SORRY_I_LATE_5.mp4,numbered,635106,3437810f5492013ad6b63347cf2ce3f5c9a2dbf69534ffbc466fb78ee23234a0,3.466667,mpeg4,640,480,30/1,104,0.0
SORRY_I_LATE,data/raw_videos/PHRASES/SORRY_I_LATE/SORRY_I_LATE_6.mp4,numbered,761704,b0018ccaf74a70fee448c61b69208add14b783c6875ea406823282c685eead7c,4.033333,mpeg4,640,480,30/1,121,0.0
SORRY_I_LATE,data/raw_videos/PHRASES/SORRY_I_LATE/SORRY_I_LATE_7.mp4,numbered,751172,071be71762f9d0006592687282ae1cf6b94761981b66a3218bbcef7447c0f96c,4.5,mpeg4,640,480,30/1,135,0.0
SORRY_I_LATE,data/raw_videos/PHRASES/SORRY_I_LATE/SORRY_I_LATE_8.mp4,numbered,690601,159c63e62fa64118c8088342ebf1c6cca3b4df4e055091a5f842d1ba8e1d060d,4.533333,mpeg4,640,480,30/1,136,0.0
SORRY_I_LATE,data/raw_videos/PHRASES/SORRY_I_LATE/SORRY_I_LATE_9.mp4,numbered,708519,b4eed658e5130c24fb8aded854508e227f0fe0d9f5d7a81aa6a41a78657d0204,4.233333,mpeg4,640,480,30/1,127,0.0
SORRY_I_LATE,data/raw_videos/PHRASES/SORRY_I_LATE/a16d5185.mp4,opaque,543752,0418cbf9fdc748341c6492991ca1a5143ed386845075b95105aad5f09218ed92,0.8,mpeg4,640,480,30/1,24,0.0
SORRY_I_LATE,data/raw_videos/PHRASES/SORRY_I_LATE/a4c0bf11.mp4,opaque,2520344,9220c32622f0dea9b2f74e94d6d7fbe889e8d67a1baafb0236a425b584b10d10,3.333333,mpeg4,640,480,30/1,100,0.0
SORRY_I_LATE,data/raw_videos/PHRASES/SORRY_I_LATE/a54f64f7.mp4,opaque,564428,9fff27b287cb61ce02d2863917543ad86b2e65a2aa246ba92a13d9c11222e6dc,0.8,mpeg4,640,480,30/1,24,0.0
SORRY_I_LATE,data/raw_videos/PHRASES/SORRY_I_LATE/a5d4cc21.mp4,opaque,499750,c24cb1a03adaa4701ad0a2dd90873b504d4da96bc4427b0d94a29a753c736551,0.7,mpeg4,640,480,30/1,21,0.0
SORRY_I_LATE,data/raw_videos/PHRASES/SORRY_I_LATE/a68a1218.mp4,opaque,2692453,532709a311f1fca6adf1ff6a95b0278512d30c18dbb8877f42077d4e987c335f,3.766667,mpeg4,640,480,30/1,113,0.0
SORRY_I_LATE,data/raw_videos/PHRASES/SORRY_I_LATE/a9b0078e.mp4,opaque,2822878,9f890dd29979dd802f0b5da77566b5db3e1a34ecb6edf6478510b095d3bdf9ef,3.633333,mpeg4,640,480,30/1,109,0.0
SORRY_I_LATE,data/raw_videos/PHRASES/SORRY_I_LATE/acda4678.mp4,opaque,2998237,47b6eb5857662dd8cf6a2d46aaa5232923068d7d3142496c0097a2397b4c91e6,4.033333,mpeg4,640,480,30/1,121,0.0
SORRY_I_LATE,data/raw_videos/PHRASES/SORRY_I_LATE/ad52af96.mp4,opaque,480544,b0db44ce37108a22a81fcffd8b7630debb548401f783e2588d741cc762a00d1d,0.733333,mpeg4,640,480,30/1,22,0.0
SORRY_I_LATE,data/raw_videos/PHRASES/SORRY_I_LATE/b65e9786.mp4,opaque,558525,9cb91309f0d59d2de7d6fd878fd83dbd93a5c9ef48c11df605850063d0b708a3,0.766667,mpeg4,640,480,30/1,23,0.0
SORRY_I_LATE,data/raw_videos/PHRASES/SORRY_I_LATE/b70b2c4b.mp4,opaque,2835609,ea1b025de6436cefa1293d35e1704772e2a7b7d78e6c48a8f8051d1dcbc31047,3.866667,mpeg4,640,480,30/1,116,0.0
SORRY_I_LATE,data/raw_videos/PHRASES/SORRY_I_LATE/bbdde1a4.mp4,opaque,623536,9f47c4f7aac485b8545b268116ca484af51c5defbfcfdc3d3b33fc1d91dad389,0.833333,mpeg4,640,480,30/1,25,0.0
SORRY_I_LATE,data/raw_videos/PHRASES/SORRY_I_LATE/bde2ba06.mp4,opaque,3166995,bc7378f53e7d5498caf336b0468ac450bde1242044982f579b1d179e7b09f26b,3.866667,mpeg4,640,480,30/1,116,0.0
SORRY_I_LATE,data/raw_videos/PHRASES/SORRY_I_LATE/bf87d3b0.mp4,opaque,3343411,39b372e6f0f42db1cc5826f4847e4b0dbabd8073a0a617f486222b6e616f4e33,4.2,mpeg4,640,480,30/1,126,0.0
SORRY_I_LATE,data/raw_videos/PHRASES/SORRY_I_LATE/c27c32b6.mp4,opaque,537710,06d9ac5147acc23e6b187446fbb10f73920ba5e4c8bc627f7733556d6be46d8c,0.733333,mpeg4,640,480,30/1,22,0.0
SORRY_I_LATE,data/raw_videos/PHRASES/SORRY_I_LATE/c387e4e3.mp4,opaque,2761983,4d0560fc2862bcf1abbba7a0e0bc1e3834512e4811a4e2ddbf3b4b21fb2f360b,3.766667,mpeg4,640,480,30/1,113,0.0
SORRY_I_LATE,data/raw_videos/PHRASES/SORRY_I_LATE/c40c31ea.mp4,opaque,2997491,6e0546a9768446d7458ee6b1290a87ab9ee30284256f980d6d8c28ac8eadd17f,3.8,mpeg4,640,480,30/1,114,0.0
SORRY_I_LATE,data/raw_videos/PHRASES/SORRY_I_LATE/c43a23b0.mp4,opaque,554698,4fe1dbae8d5618b968d7cb9333ef2c484af3e3b2aeb6652d801db33c2568a38a,0.8,mpeg4,640,480,30/1,24,0.0
SORRY_I_LATE,data/raw_videos/PHRASES/SORRY_I_LATE/cfb1e589.mp4,opaque,2393228,04be8e46e716408b20518783e0762531471b8b87288483c1a7b8429f6ae8a9a7,3.066667,mpeg4,640,480,30/1,92,0.0
SORRY_I_LATE,data/raw_videos/PHRASES/SORRY_I_LATE/d0c8d4b8.mp4,opaque,4120966,465769243d9af0eff4c90bef58719f45f517624e912aac8961b906af013f1ffa,5.266667,mpeg4,640,480,30/1,158,0.0
SORRY_I_LATE,data/raw_videos/PHRASES/SORRY_I_LATE/d1fdc19a.mp4,opaque,2660957,479b46ff10a3646ead5673e2801971a05e0d169672267b7db18ea065619430a4,3.533333,mpeg4,640,480,30/1,106,0.0
SORRY_I_LATE,data/raw_videos/PHRASES/SORRY_I_LATE/d2251296.mp4,opaque,598346,4cfdb565bbdb09a965f4c2855de12bd546088dc5dc1847077447cbc8cca58ea0,0.833333,mpeg4,640,480,30/1,25,0.0
SORRY_I_LATE,data/raw_videos/PHRASES/SORRY_I_LATE/d2dbf018.mp4,opaque,564794,29f075f47a58cd831efbc8a65b73161195513163d5fa475b1b28f740890edf29,0.833333,mpeg4,640,480,30/1,25,0.0
SORRY_I_LATE,data/raw_videos/PHRASES/SORRY_I_LATE/d35c2f81.mp4,opaque,610034,648a5398061d5cf628f5f7d2b311d9467ed981d8c4957f425fc554f08f9f5061,0.866667,mpeg4,640,480,30/1,26,0.0
SORRY_I_LATE,data/raw_videos/PHRASES/SORRY_I_LATE/d3c8efd0.mp4,opaque,3570047,8dc9ae576c23a5c6f77e802b7163a3258a7153b0233da0fcf5087e2530930513,4.4,mpeg4,640,480,30/1,132,0.0
SORRY_I_LATE,data/raw_videos/PHRASES/SORRY_I_LATE/d87ea73a.mp4,opaque,527649,8d0cd195af1513d6a983c91e720b2c2160dc61a4722658a8184c7f81fdf52714,0.733333,mpeg4,640,480,30/1,22,0.0
SORRY_I_LATE,data/raw_videos/PHRASES/SORRY_I_LATE/d9beb687.mp4,opaque,2704423,2d1aeb18b18f44981061024363526bff8c634593bfb9092834f80da3c4487233,3.533333,mpeg4,640,480,30/1,106,0.0
SORRY_I_LATE,data/raw_videos/PHRASES/SORRY_I_LATE/e16336c9.mp4,opaque,503332,3f868608044961758812e6166496865b91546e54c776d0c2546ddbfcbd6c4967,0.733333,mpeg4,640,480,30/1,22,0.0
SORRY_I_LATE,data/raw_videos/PHRASES/SORRY_I_LATE/e35eafb1.mp4,opaque,2391344,f8a3b87a016be31cc263f2fbc96e27f7d3167d7454a5252404959af42e589d8b,3.333333,mpeg4,640,480,30/1,100,0.0
SORRY_I_LATE,data/raw_videos/PHRASES/SORRY_I_LATE/e4812ee8.mp4,opaque,482006,7bfa6baa2f5f438bac94b847602d1f6cff75f83e465f314427327a3385b1d04b,0.766667,mpeg4,640,480,30/1,23,0.0
SORRY_I_LATE,data/raw_videos/PHRASES/SORRY_I_LATE/e67a05ff.mp4,opaque,2434994,c901519203994fc4948f98994a40fe8a0fa5675f2998843d40c7ab737adf3810,4.866667,mpeg4,640,480,30/1,146,0.0
SORRY_I_LATE,data/raw_videos/PHRASES/SORRY_I_LATE/e7acb421.mp4,opaque,3257659,55deb014cba635b0a259f6fd8e5b62c0b7c96f152d7bbbded1860dfcd94c93e1,4.066667,mpeg4,640,480,30/1,122,0.0
SORRY_I_LATE,data/raw_videos/PHRASES/SORRY_I_LATE/e8e11c3b.mp4,opaque,637294,f8d283b1187ee7417d4e6540c86c82163c73fbc282d1a9ae50523d8d2235ecf1,0.933333,mpeg4,640,480,30/1,28,0.0
SORRY_I_LATE,data/raw_videos/PHRASES/SORRY_I_LATE/ea194d9d.mp4,opaque,619376,0f1cfceb02fcf6d20b4d7ff462411ade3a2bf921ca114976072d0d0768cb1842,0.866667,mpeg4,640,480,30/1,26,0.0
SORRY_I_LATE,data/raw_videos/PHRASES/SORRY_I_LATE/ec37ae1a.mp4,opaque,587995,9efa6efd5c93ba869ebcbf2662dac1327faf1bdad6ce52dc3869c13bd204ddbe,0.833333,mpeg4,640,480,30/1,25,0.0
SORRY_I_LATE,data/raw_videos/PHRASES/SORRY_I_LATE/ee12c8fa.mp4,opaque,3073689,1a721c9f094cb43047f699059ad90e0e0f0c54eaf0c9aed4883a34e608d5e8ad,4.233333,mpeg4,640,480,30/1,127,0.0
SORRY_I_LATE,data/raw_videos/PHRASES/SORRY_I_LATE/ee784321.mp4,opaque,3068599,43c8221eb120808109fd5a3676e0fc5c190d0d0c3506b5b6bc2d9dd27dd9453a,4.233333,mpeg4,640,480,30/1,127,0.0
SORRY_I_LATE,data/raw_videos/PHRASES/SORRY_I_LATE/f275c7e5.mp4,opaque,2790541,9d6c156cbf14fbb7c27af649d68486656c814582a6c4846b16be39ac40145036,3.533333,mpeg4,640,480,30/1,106,0.0
SORRY_I_LATE,data/raw_videos/PHRASES/SORRY_I_LATE/f3db9860.mp4,opaque,3512605,2925d61913de2ac140eeb01d841b74d1442452d4c6054c991242bf800bc225eb,4.5,mpeg4,640,480,30/1,135,0.0
SORRY_I_LATE,data/raw_videos/PHRASES/SORRY_I_LATE/f88ba92e.mp4,opaque,3554691,96e7385ca220e4626c53d3b0d7c7854854e7b56b7d7d6cf14bc663ae78dc97fc,4.4,mpeg4,640,480,30/1,132,0.0
SORRY_I_LATE,data/raw_videos/PHRASES/SORRY_I_LATE/f8b28d9d.mp4,opaque,2908275,d6c51b520b72cc868ba8ba25c6e2eb4592bd606526fa1b486159fa37758d65b3,3.933333,mpeg4,640,480,30/1,118,0.0
THANKYOU_FRIEND,data/raw_videos/PHRASES/THANKYOU_FRIEND/05cb70f3.mp4,opaque,565221,392a8d710432cfd7c08358fcb65ad7234381ae19a2ee54920bb09d7ac98f8702,0.8,mpeg4,640,480,30/1,24,0.0
THANKYOU_FRIEND,data/raw_videos/PHRASES/THANKYOU_FRIEND/065394d8.mp4,opaque,612345,575154f8c9a64b65ee546d96d359ec54d6ae4ac386f03f36ada18e8ffe37f642,0.866667,mpeg4,640,480,30/1,26,0.0
THANKYOU_FRIEND,data/raw_videos/PHRASES/THANKYOU_FRIEND/12a04c17.mp4,opaque,2369084,888b84293151ea0924db941d9c33620eeedaa8d3373aaab2a291b21185755bdf,3.966667,mpeg4,640,480,30/1,119,0.0
THANKYOU_FRIEND,data/raw_videos/PHRASES/THANKYOU_FRIEND/1dd3d267.mp4,opaque,545482,9d23056beaed69c38eadc63bec1026f4850eb6be88e2919896316e4928c64c0d,0.766667,mpeg4,640,480,30/1,23,0.0
THANKYOU_FRIEND,data/raw_videos/PHRASES/THANKYOU_FRIEND/1feb7567.mp4,opaque,2210484,1569fb52c2e391f9da72d0d7913aaafdea8807eed3c9fc5bd2fc5a64cba88ac6,3.9,mpeg4,640,480,30/1,117,0.0
THANKYOU_FRIEND,data/raw_videos/PHRASES/THANKYOU_FRIEND/2242943a.mp4,opaque,2210061,39e164551784d5d4f8a206b44d3b65ff886eb365d0153a5d414288612d2f28d8,3.7,mpeg4,640,480,30/1,111,0.0
THANKYOU_FRIEND,data/raw_videos/PHRASES/THANKYOU_FRIEND/2e2e334d.mp4,opaque,1898970,7d69538fbcb2fe2b8bd8f280ae823f68f79640663de5cceafff064fd0d3b81ce,3.333333,mpeg4,640,480,30/1,100,0.0
THANKYOU_FRIEND,data/raw_videos/PHRASES/THANKYOU_FRIEND/3b37b507.mp4,opaque,1723254,067f70de089779161c500668c14352895294d827eda6e3bfd5c398f31cb9dce0,2.933333,mpeg4,640,480,30/1,88,0.0
THANKYOU_FRIEND,data/raw_videos/PHRASES/THANKYOU_FRIEND/3d1346bd.mp4,opaque,616103,4cc7f1d7a1fc498b9e541b43c4ebc5a0169b530f9f0dc70707fc2b0c6e613b80,0.8,mpeg4,640,480,30/1,24,0.0
THANKYOU_FRIEND,data/raw_videos/PHRASES/THANKYOU_FRIEND/499a4818.mp4,opaque,547074,a25db2cb28429d048e3fe30c6e6bf3a3f28afa9cdfa3dc23065cfbc48bb614ac,0.766667,mpeg4,640,480,30/1,23,0.0
THANKYOU_FRIEND,data/raw_videos/PHRASES/THANKYOU_FRIEND/4a83aaf0.mp4,opaque,2377566,88a4c160ab3361672819a03fb402f9806f37d7cdf9c1cd0e43333a89452ecc1a,4.666667,mpeg4,640,480,30/1,140,0.0
THANKYOU_FRIEND,data/raw_videos/PHRASES/THANKYOU_FRIEND/56621abe.mp4,opaque,4087746,e29722ca1d4f9367c5476753184b84b1aa80e24fd071cf4abaf88da92672d6c2,4.133333,mpeg4,640,480,30/1,124,0.0
THANKYOU_FRIEND,data/raw_videos/PHRASES/THANKYOU_FRIEND/5aa45d71.mp4,opaque,589716,1b66827f8afb3b7856aaf9a9b7524e336fd0936a31c785c537022b6919b095b5,0.766667,mpeg4,640,480,30/1,23,0.0
THANKYOU_FRIEND,data/raw_videos/PHRASES/THANKYOU_FRIEND/5c5efab1.mp4,opaque,3238980,2918a22ce5f6c1f8d866a43fbe4c42ccbdd4e8d595870bcd904a13cd920a542f,3.666667,mpeg4,640,480,30/1,110,0.0
THANKYOU_FRIEND,data/raw_videos/PHRASES/THANKYOU_FRIEND/6fedc7ea.mp4,opaque,1677254,ea8a8dc37943c3078072c4404a9db7f6404febf2e24faf572e5aec6b7f91723a,3.133333,mpeg4,640,480,30/1,94,0.0
THANKYOU_FRIEND,data/raw_videos/PHRASES/THANKYOU_FRIEND/71e1c4cc.mp4,opaque,2384630,2c9736fedcb4de4c6019134918c4b085597ab6ebd09a006b59a909ba679cfde0,3.866667,mpeg4,640,480,30/1,116,0.0
THANKYOU_FRIEND,data/raw_videos/PHRASES/THANKYOU_FRIEND/767d8aef.mp4,opaque,1931769,42d8da6844fc56fb2e783b6baf9b22b2aabd5a531095607c17997ebbd3a591ec,3.9,mpeg4,640,480,30/1,117,0.0
THANKYOU_FRIEND,data/raw_videos/PHRASES/THANKYOU_FRIEND/778dad68.mp4,opaque,496623,dff596eeebbb99e8fc4b86c1174cb53dc89d14189c86efc767e13790042e0b89,0.666667,mpeg4,640,480,30/1,20,0.0
THANKYOU_FRIEND,data/raw_videos/PHRASES/THANKYOU_FRIEND/81822714.mp4,opaque,2004954,ac5803be43fcff706ccbde75a0204b91da3b34ac25c9bad16f2ad75367791dd6,4.0,mpeg4,640,480,30/1,120,0.0
THANKYOU_FRIEND,data/raw_videos/PHRASES/THANKYOU_FRIEND/8717c82c.mp4,opaque,563394,27301ce2fbb11dd3de781c454457eb514c9238236cddb76a9bbea43669dadb24,0.8,mpeg4,640,480,30/1,24,0.0
THANKYOU_FRIEND,data/raw_videos/PHRASES/THANKYOU_FRIEND/92b45a54.mp4,opaque,3568614,3527c8702a6dbc316eba414e7727b34923d3088cdb6f4010e64802f9b696a6e7,3.866667,mpeg4,640,480,30/1,116,0.0
THANKYOU_FRIEND,data/raw_videos/PHRASES/THANKYOU_FRIEND/97c67ab1.mp4,opaque,707791,5d486077d76d0b1eeba88a97c3207f4ddf09d678c2098f521f28549b59d01fba,0.9,mpeg4,640,480,30/1,27,0.0
THANKYOU_FRIEND,data/raw_videos/PHRASES/THANKYOU_FRIEND/9bf09818.mp4,opaque,601109,b9f20bde4c2ed99507e3973013a98eea902baf09c1b85ff4dc08fd1c8a12fa75,0.833333,mpeg4,640,480,30/1,25,0.0
THANKYOU_FRIEND,data/raw_videos/PHRASES/THANKYOU_FRIEND/9d337d8e.mp4,opaque,1888826,9068f2bec92bfa91c5b1de706f890b9835ee2600b07ea303361fd239987c2706,3.4,mpeg4,640,480,30/1,102,0.0
THANKYOU_FRIEND,data/raw_videos/PHRASES/THANKYOU_FRIEND/THANKYOU_FRIEND_1.mp4,numbered,759506,c69228ad5fd101cb8fe325b849d503758acd326de2181f4f7b00eeb63773cf4d,4.066667,mpeg4,640,480,30/1,122,0.0
THANKYOU_FRIEND,data/raw_videos/PHRASES/THANKYOU_FRIEND/THANKYOU_FRIEND_10.mp4,numbered,659142,d2506a1734f93f988e22e1d246029b0b2f781fe30c4fe85583db0b76bc69baf5,3.133333,mpeg4,640,480,30/1,94,0.0
THANKYOU_FRIEND,data/raw_videos/PHRASES/THANKYOU_FRIEND/THANKYOU_FRIEND_11.mp4,numbered,713231,f12c88bab9de657a244b315746ad4f44ee23ec59d71c033d9d0a024712a93b29,3.5,mpeg4,640,480,30/1,105,0.0
THANKYOU_FRIEND,data/raw_videos/PHRASES/THANKYOU_FRIEND/THANKYOU_FRIEND_12.mp4,numbered,678576,33d245456a02147a7b350c71f8196cf5626cab83125eeb3544aa2266f2a2c6cf,3.766667,mpeg4,640,480,30/1,113,0.0
THANKYOU_FRIEND,data/raw_videos/PHRASES/THANKYOU_FRIEND/THANKYOU_FRIEND_13.mp4,numbered,605913,452789d939b94806386329342244f66c2b987b6cad7acad4375a0a8381a3a45b,3.0,mpeg4,640,480,30/1,90,0.0
THANKYOU_FRIEND,data/raw_videos/PHRASES/THANKYOU_FRIEND/THANKYOU_FRIEND_14.mp4,numbered,673977,96645215325aa9a83f8b2f8561b0d69315d314fed0f0620ae2c551da928661f0,3.266667,mpeg4,640,480,30/1,98,0.0
THANKYOU_FRIEND,data/raw_videos/PHRASES/THANKYOU_FRIEND/THANKYOU_FRIEND_15.mp4,numbered,765334,f3ca931898479078a0e4d9b345ba76b946ddd0c9668fbe9e4935a9fae7974265,3.833333,mpeg4,640,480,30/1,115,0.0
THANKYOU_FRIEND,data/raw_videos/PHRASES/THANKYOU_FRIEND/THANKYOU_FRIEND_16.mp4,numbered,820278,341842f03b9e04130db85ca24a76bc400fd4107774a8749a72f07d21f594cb6b,4.2,mpeg4,640,480,30/1,126,0.0
THANKYOU_FRIEND,data/raw_videos/PHRASES/THANKYOU_FRIEND/THANKYOU_FRIEND_17.mp4,numbered,764051,8862523e49304a5be1ab36bf71d897f92985d7a023af5464ef459586735d00a6,3.566667,mpeg4,640,480,30/1,107,0.0
THANKYOU_FRIEND,data/raw_videos/PHRASES/THANKYOU_FRIEND/THANKYOU_FRIEND_18.mp4,numbered,795967,a784c51835506ecacefe6385c3b5db08533b773537da87a97627043cb617e4d7,3.833333,mpeg4,640,480,30/1,115,0.0
THANKYOU_FRIEND,data/raw_videos/PHRASES/THANKYOU_FRIEND/THANKYOU_FRIEND_19.mp4,numbered,739456,7f9ae949592eefd8b2350c92b62f2b53bbb2264f19b93f77f0a34ebba320788c,3.833333,mpeg4,640,480,30/1,115,0.0
THANKYOU_FRIEND,data/raw_videos/PHRASES/THANKYOU_FRIEND/THANKYOU_FRIEND_2.mp4,numbered,663126,36d323d095cd7e448e0b91972fb20b26fb03833728e767f8a578d9897ee71bcb,3.5,mpeg4,640,480,30/1,105,0.0
THANKYOU_FRIEND,data/raw_videos/PHRASES/THANKYOU_FRIEND/THANKYOU_FRIEND_20.mp4,numbered,675404,06165f426822e97a834b94451f545772756b1f3e8db6495603c7ed2bef345651,3.466667,mpeg4,640,480,30/1,104,0.0
THANKYOU_FRIEND,data/raw_videos/PHRASES/THANKYOU_FRIEND/THANKYOU_FRIEND_3.mp4,numbered,710162,2676995ff939fde33c0473a41a62d80021d7f3b56481ef741eb98b453c94be36,3.366667,mpeg4,640,480,30/1,101,0.0
THANKYOU_FRIEND,data/raw_videos/PHRASES/THANKYOU_FRIEND/THANKYOU_FRIEND_4.mp4,numbered,615315,00dd3e398f3fe26bd45044d65f71581127c5f7a933acc424c14247fe87a49f2f,3.3,mpeg4,640,480,30/1,99,0.0
THANKYOU_FRIEND,data/raw_videos/PHRASES/THANKYOU_FRIEND/THANKYOU_FRIEND_5.mp4,numbered,582581,3ee5e8f0e2eb944a33a1741b19d0ffc90c0fba4087130957e8b3a621c975dcf4,3.066667,mpeg4,640,480,30/1,92,0.0
THANKYOU_FRIEND,data/raw_videos/PHRASES/THANKYOU_FRIEND/THANKYOU_FRIEND_6.mp4,numbered,783773,feb524a9ce8c01f6f0cf4b1ae9b96152616dabd2ad940863313eef14b5a81e55,4.366667,mpeg4,640,480,30/1,131,0.0
THANKYOU_FRIEND,data/raw_videos/PHRASES/THANKYOU_FRIEND/THANKYOU_FRIEND_7.mp4,numbered,834328,de74e873f62d77cbd97bdfbdde248547e5880f77727c59d9a784fc6a02de4128,4.4,mpeg4,640,480,30/1,132,0.0
THANKYOU_FRIEND,data/raw_videos/PHRASES/THANKYOU_FRIEND/THANKYOU_FRIEND_8.mp4,numbered,683707,c746869ef6bdd64aac893db1ab5fe1325fa0c609fb5d338ad5e8a1ebbb92a5b3,3.366667,mpeg4,640,480,30/1,101,0.0
THANKYOU_FRIEND,data/raw_videos/PHRASES/THANKYOU_FRIEND/THANKYOU_FRIEND_9.mp4,numbered,661316,7baf9e9d6cd6aff5a3787587ed4d42f2e2708983e9a78db39d18230c53b26732,3.233333,mpeg4,640,480,30/1,97,0.0
THANKYOU_FRIEND,data/raw_videos/PHRASES/THANKYOU_FRIEND/a02d31ad.mp4,opaque,773608,4352ec268c9be35bc09222988ae7c14c119f40fb55cda8ed4041596eae152a76,0.966667,mpeg4,640,480,30/1,29,0.0
THANKYOU_FRIEND,data/raw_videos/PHRASES/THANKYOU_FRIEND/a78dc18d.mp4,opaque,527537,00d896dbc062abecc05a91c5aa082a1946f33970b1208659b9bd200c83646f1e,0.733333,mpeg4,640,480,30/1,22,0.0
THANKYOU_FRIEND,data/raw_videos/PHRASES/THANKYOU_FRIEND/ae34ad51.mp4,opaque,685056,541e1c3f8af781df8821d53e5e398f77735298e61abb8bc49c5c4e8c9a2a218b,0.866667,mpeg4,640,480,30/1,26,0.0
THANKYOU_FRIEND,data/raw_videos/PHRASES/THANKYOU_FRIEND/b413529e.mp4,opaque,574508,d38266d58039275a148ab023ffab3eaf41a0c1c7533adc68f73451869c924d09,0.8,mpeg4,640,480,30/1,24,0.0
THANKYOU_FRIEND,data/raw_videos/PHRASES/THANKYOU_FRIEND/bafe16eb.mp4,opaque,578497,0e74203b7acab04cdfe5cd4bcd683c166ec75cbce5634e6b401d43c200a6c794,0.8,mpeg4,640,480,30/1,24,0.0
THANKYOU_FRIEND,data/raw_videos/PHRASES/THANKYOU_FRIEND/c036bf6f.mp4,opaque,1869941,52c05a83ff7d469ea7a06dcddaae1688ed171e36ab0d3b5c9f4db64b5866839c,3.066667,mpeg4,640,480,30/1,92,0.0
THANKYOU_FRIEND,data/raw_videos/PHRASES/THANKYOU_FRIEND/c2d77f74.mp4,opaque,2244950,b33cef879d4284c32db6506d2b11465f1c95872c529b35d6a260be225b6f14c3,3.766667,mpeg4,640,480,30/1,113,0.0
THANKYOU_FRIEND,data/raw_videos/PHRASES/THANKYOU_FRIEND/c3bf7454.mp4,opaque,571267,f465201065480b50c797156c459d0caa7f97db843d576a3512c84c62168b0655,0.766667,mpeg4,640,480,30/1,23,0.0
THANKYOU_FRIEND,data/raw_videos/PHRASES/THANKYOU_FRIEND/ce955f98.mp4,opaque,600069,674dcdc75ba8d7e1cb26013d1223429aade67ce6caf567210cf466c598f379af,0.8,mpeg4,640,480,30/1,24,0.0
THANKYOU_FRIEND,data/raw_videos/PHRASES/THANKYOU_FRIEND/d0446c25.mp4,opaque,592345,5f058833a41d9ac7c89dd6d1b7f0f20a70686322ab390f9188983cdb6aa3020d,0.766667,mpeg4,640,480,30/1,23,0.0
THANKYOU_FRIEND,data/raw_videos/PHRASES/THANKYOU_FRIEND/d1912f56.mp4,opaque,1665803,97c717b236b422db1fb511c78cdd2db31ccdfecfaa36a6754b0110e1ff880aed,3.0,mpeg4,640,480,30/1,90,0.0
THANKYOU_FRIEND,data/raw_videos/PHRASES/THANKYOU_FRIEND/d75350ca.mp4,opaque,4157454,66a6499c839b3edfd18d326de9d953d8adbceb94f9963dbc78421e5018b6877a,4.1,mpeg4,640,480,30/1,123,0.0
THANKYOU_FRIEND,data/raw_videos/PHRASES/THANKYOU_FRIEND/daa9b4dc.mp4,opaque,587010,15878155a4fef6fe6db147b2c7612e81a77d555a2c52b6d85b2aea2b0caa8a0c,0.766667,mpeg4,640,480,30/1,23,0.0
THANKYOU_FRIEND,data/raw_videos/PHRASES/THANKYOU_FRIEND/e69fe417.mp4,opaque,565512,bcfc55421eab60bc451f96b9d16a25e90efb923e94bf0e91ef0ce746b1f6bdc9,0.8,mpeg4,640,480,30/1,24,0.0
THANKYOU_FRIEND,data/raw_videos/PHRASES/THANKYOU_FRIEND/ee648b79.mp4,opaque,3768686,7cf2a4395357f607463afbace562b01082bf0997eb2ee8840c1212e31febe7e4,3.866667,mpeg4,640,480,30/1,116,0.0
THANKYOU_FRIEND,data/raw_videos/PHRASES/THANKYOU_FRIEND/fa5f33d6.mp4,opaque,2095621,e86ff923f33fdc16c7a2311b1bc6681db75d33808d623cf35af0b655c462c86a,3.4,mpeg4,640,480,30/1,102,0.0
TOMORROW_SCHOOL_GO,data/raw_videos/PHRASES/TOMORROW_SCHOOL_GO/0b10c68b.mp4,opaque,690882,2dfe52e8b7b83b89cd4a28c19966e262934f5b36989bde53866e39bc0614ad7a,0.933333,mpeg4,640,480,30/1,28,0.0
TOMORROW_SCHOOL_GO,data/raw_videos/PHRASES/TOMORROW_SCHOOL_GO/0efa7e67.mp4,opaque,2844499,32a181154a9562f86d0d09de206f458ac192f64bcb3e83e96aa0dcb5d9a68a72,3.066667,mpeg4,640,480,30/1,92,0.0
TOMORROW_SCHOOL_GO,data/raw_videos/PHRASES/TOMORROW_SCHOOL_GO/163d7e62.mp4,opaque,3709376,9cb03fc425ce66f0a0e7c02c1250ce9559873b799d241b0965e242033523d9af,3.833333,mpeg4,640,480,30/1,115,0.0
TOMORROW_SCHOOL_GO,data/raw_videos/PHRASES/TOMORROW_SCHOOL_GO/2752620e.mp4,opaque,3136089,6446a1b4777e194913d889b1f61983c1218527f1c9072979942b8b42ee816b24,3.133333,mpeg4,640,480,30/1,94,0.0
TOMORROW_SCHOOL_GO,data/raw_videos/PHRASES/TOMORROW_SCHOOL_GO/2813d447.mp4,opaque,853565,82cf3b8c4d7953ac457cd6ad719b9b321d2554cc1689eab5d321555d4e73c801,1.266667,mpeg4,640,480,30/1,38,0.0
TOMORROW_SCHOOL_GO,data/raw_videos/PHRASES/TOMORROW_SCHOOL_GO/2d6a9750.mp4,opaque,1775972,239a2c6adfee5c90b39c1b5b94ca30b106eedb0d532f495db4f1d1433ac70099,4.0,mpeg4,640,480,30/1,120,0.0
TOMORROW_SCHOOL_GO,data/raw_videos/PHRASES/TOMORROW_SCHOOL_GO/32a43c00.mp4,opaque,3615250,3c62eea58c31ff01aacbf5aa630b118ad8ef86b6054db4f9d4db2af62f267d0d,3.766667,mpeg4,640,480,30/1,113,0.0
TOMORROW_SCHOOL_GO,data/raw_videos/PHRASES/TOMORROW_SCHOOL_GO/35a42510.mp4,opaque,3462817,385a6f83f85948218dc4833fbdf5c2cb42f9d959db5552176b1009906c0241ee,3.533333,mpeg4,640,480,30/1,106,0.0
TOMORROW_SCHOOL_GO,data/raw_videos/PHRASES/TOMORROW_SCHOOL_GO/36e8a1ee.mp4,opaque,3336143,9cb0ea2ef1d598765e9e3b9e4aee11110d1e037a7403f6aecb91f0654d945dcb,3.4,mpeg4,640,480,30/1,102,0.0
TOMORROW_SCHOOL_GO,data/raw_videos/PHRASES/TOMORROW_SCHOOL_GO/44d95ee7.mp4,opaque,704915,6074141b58a44e06b5da7a53d32598af76ac45eea6aff498563c0f5cee3eaff0,1.0,mpeg4,640,480,30/1,30,0.0
TOMORROW_SCHOOL_GO,data/raw_videos/PHRASES/TOMORROW_SCHOOL_GO/58f34251.mp4,opaque,3245404,f040240b80c67909c9fe9f00bad2e9f96ff98dfe4fb72e40e0a506e3b40fe6dc,3.4,mpeg4,640,480,30/1,102,0.0
TOMORROW_SCHOOL_GO,data/raw_videos/PHRASES/TOMORROW_SCHOOL_GO/5a0820df.mp4,opaque,3370489,ca9423e2fe2aa3ae5bb52530bb9c3a7afad30701ecf2c7684ca36d5cb98711b2,3.3,mpeg4,640,480,30/1,99,0.0
TOMORROW_SCHOOL_GO,data/raw_videos/PHRASES/TOMORROW_SCHOOL_GO/62383084.mp4,opaque,788151,23bed214e2ca17ab1f9208dbc9fd75fb283423bf6d3a73d0bd1e448494453acb,1.1,mpeg4,640,480,30/1,33,0.0
TOMORROW_SCHOOL_GO,data/raw_videos/PHRASES/TOMORROW_SCHOOL_GO/66d20687.mp4,opaque,851291,0838e2e731a10c873cf0b155e72d9b897a3606b7335cbf428cc475fd77cca49f,1.166667,mpeg4,640,480,30/1,35,0.0
TOMORROW_SCHOOL_GO,data/raw_videos/PHRASES/TOMORROW_SCHOOL_GO/6c0fa423.mp4,opaque,801389,eb2fb0480848a09880499e5d9ac72f2824f54956065b3244bf9ac427a0a94f28,1.066667,mpeg4,640,480,30/1,32,0.0
TOMORROW_SCHOOL_GO,data/raw_videos/PHRASES/TOMORROW_SCHOOL_GO/76995054.mp4,opaque,3416566,2a68bcb0b9eed550f785b8035a7f1e635554237a0308eef0e1879b6bf18d5d21,3.9,mpeg4,640,480,30/1,117,0.0
TOMORROW_SCHOOL_GO,data/raw_videos/PHRASES/TOMORROW_SCHOOL_GO/7b78499e.mp4,opaque,847774,410f40689754b5e89765d9a75ebe91eb259c46f56b84178e1ae5425d63127de2,1.2,mpeg4,640,480,30/1,36,0.0
TOMORROW_SCHOOL_GO,data/raw_videos/PHRASES/TOMORROW_SCHOOL_GO/94e8bed1.mp4,opaque,796106,dbb01b94badafa9b2170381b7482579512ef02dd47367fba784f6d231969b9c8,1.1,mpeg4,640,480,30/1,33,0.0
TOMORROW_SCHOOL_GO,data/raw_videos/PHRASES/TOMORROW_SCHOOL_GO/973e8bb0.mp4,opaque,3519315,ebbfbf67949bda3f6526c682e7725ca6cf63631ea1c13583358de9888ea9069a,3.533333,mpeg4,640,480,30/1,106,0.0
TOMORROW_SCHOOL_GO,data/raw_videos/PHRASES/TOMORROW_SCHOOL_GO/98f363e2.mp4,opaque,833170,9e7a52fc60a5c68065d222e6b7998ca5db443703a1734d9877991cf8ee79435c,1.1,mpeg4,640,480,30/1,33,0.0
TOMORROW_SCHOOL_GO,data/raw_videos/PHRASES/TOMORROW_SCHOOL_GO/9f56f398.mp4,opaque,745099,16dbb13bcabce0227f6a6c555a63db1946768ed41350c603345150f4e129ddfc,1.0,mpeg4,640,480,30/1,30,0.0
TOMORROW_SCHOOL_GO,data/raw_videos/PHRASES/TOMORROW_SCHOOL_GO/TOMORROW_SCHOOL_GO_1.mp4,numbered,1120509,af39562f6b31529ca8ccc88cdbd505b5bbf0bac0ca9da793544ac8bad0a91777,5.2,mpeg4,640,480,30/1,156,0.0
TOMORROW_SCHOOL_GO,data/raw_videos/PHRASES/TOMORROW_SCHOOL_GO/TOMORROW_SCHOOL_GO_10.mp4,numbered,1268236,901d21311430a93235707272eb9b8af7a94abadabd29213499e0df4b87da1c5f,6.533333,mpeg4,640,480,30/1,196,0.0
TOMORROW_SCHOOL_GO,data/raw_videos/PHRASES/TOMORROW_SCHOOL_GO/TOMORROW_SCHOOL_GO_11.mp4,numbered,1068530,4fef419e220bd749e2265503212a90e359b19c1ce1c04c6cf7142e86e38bd017,4.533333,mpeg4,640,480,30/1,136,0.0
TOMORROW_SCHOOL_GO,data/raw_videos/PHRASES/TOMORROW_SCHOOL_GO/TOMORROW_SCHOOL_GO_12.mp4,numbered,1056248,03d95c5f6ac68fba0a386a4fecd2fdc2eba447eac3e38001a50e443b1433042d,5.0,mpeg4,640,480,30/1,150,0.0
TOMORROW_SCHOOL_GO,data/raw_videos/PHRASES/TOMORROW_SCHOOL_GO/TOMORROW_SCHOOL_GO_13.mp4,numbered,1013318,bcbb126ab4d6d26ec7303f75a5bcf23c957d46a6fe74d23f7a35af8204a3c741,5.0,mpeg4,640,480,30/1,150,0.0
TOMORROW_SCHOOL_GO,data/raw_videos/PHRASES/TOMORROW_SCHOOL_GO/TOMORROW_SCHOOL_GO_14.mp4,numbered,1004525,e69ed12450885e2aeda6e65fb16f2ba644c6c1ede80a84d6e9117c96c080d26d,4.866667,mpeg4,640,480,30/1,146,0.0
TOMORROW_SCHOOL_GO,data/raw_videos/PHRASES/TOMORROW_SCHOOL_GO/TOMORROW_SCHOOL_GO_15.mp4,numbered,1081773,12c9b281ee7cd40203f1904885b35a632dbf11d68eca0448d7111d94f970c206,5.033333,mpeg4,640,480,30/1,151,0.0
TOMORROW_SCHOOL_GO,data/raw_videos/PHRASES/TOMORROW_SCHOOL_GO/TOMORROW_SCHOOL_GO_16.mp4,numbered,1105902,b776080e726863fbbbda2058d39013f1819dddea01f3e635a32dc37fd98b4320,4.466667,mpeg4,640,480,30/1,134,0.0
TOMORROW_SCHOOL_GO,data/raw_videos/PHRASES/TOMORROW_SCHOOL_GO/TOMORROW_SCHOOL_GO_17.mp4,numbered,972573,f47906516e96c80ac34ef43064bf29f3c285ad816d6dcdd3bb69dd2aad5e5789,4.6,mpeg4,640,480,30/1,138,0.0
TOMORROW_SCHOOL_GO,data/raw_videos/PHRASES/TOMORROW_SCHOOL_GO/TOMORROW_SCHOOL_GO_18.mp4,numbered,1093515,d28f3bd885f7e945244fa3e6ab50f5021771178334a42326fc6d9b36453c3a97,4.7,mpeg4,640,480,30/1,141,0.0
TOMORROW_SCHOOL_GO,data/raw_videos/PHRASES/TOMORROW_SCHOOL_GO/TOMORROW_SCHOOL_GO_19.mp4,numbered,1029520,8b419a155cb2186e62a2e895dac454fe9118c5525cca0b5b377b9eaa73e28379,5.1,mpeg4,640,480,30/1,153,0.0
TOMORROW_SCHOOL_GO,data/raw_videos/PHRASES/TOMORROW_SCHOOL_GO/TOMORROW_SCHOOL_GO_2.mp4,numbered,1124823,aad99e14d5e779a7db9b6e0ca9b94d77396007cd1cccfdbd46e78874124aa289,4.866667,mpeg4,640,480,30/1,146,0.0
TOMORROW_SCHOOL_GO,data/raw_videos/PHRASES/TOMORROW_SCHOOL_GO/TOMORROW_SCHOOL_GO_20.mp4,numbered,1033656,426fc9a10f47981b8d7e88d98178efa74c4a430535dbcc6c383c73f24f98db92,5.1,mpeg4,640,480,30/1,153,0.0
TOMORROW_SCHOOL_GO,data/raw_videos/PHRASES/TOMORROW_SCHOOL_GO/TOMORROW_SCHOOL_GO_3.mp4,numbered,1222763,08616313ee5368002589f412a300e5277d8b4c7e32a9e8d5c1d013f8962c705c,5.4,mpeg4,640,480,30/1,162,0.0
TOMORROW_SCHOOL_GO,data/raw_videos/PHRASES/TOMORROW_SCHOOL_GO/TOMORROW_SCHOOL_GO_4.mp4,numbered,1112457,77426667016c7eec97852f99cd4e982c9174887458efc260c8b3d0d9df4c8c23,4.9,mpeg4,640,480,30/1,147,0.0
TOMORROW_SCHOOL_GO,data/raw_videos/PHRASES/TOMORROW_SCHOOL_GO/TOMORROW_SCHOOL_GO_5.mp4,numbered,1065631,dee2509a87732494c155a80c836f386d30a0692c05a5417c5c25b0d4d781cafd,4.866667,mpeg4,640,480,30/1,146,0.0
TOMORROW_SCHOOL_GO,data/raw_videos/PHRASES/TOMORROW_SCHOOL_GO/TOMORROW_SCHOOL_GO_6.mp4,numbered,1189881,0a3806e343163ea1d47eb482b0d03b06a19189d6d23daee7368cfda41c9610c1,5.2,mpeg4,640,480,30/1,156,0.0
TOMORROW_SCHOOL_GO,data/raw_videos/PHRASES/TOMORROW_SCHOOL_GO/TOMORROW_SCHOOL_GO_7.mp4,numbered,1118079,97c7f23d7ef90c5d1227787b09e8c76ab5959c4abfb48b76e9e899001fbbedff,5.5,mpeg4,640,480,30/1,165,0.0
TOMORROW_SCHOOL_GO,data/raw_videos/PHRASES/TOMORROW_SCHOOL_GO/TOMORROW_SCHOOL_GO_8.mp4,numbered,994531,85dc31faebebb16314b44a9f3b3aafd5d4e2440c34bd64927521f9fc4a29bad5,4.7,mpeg4,640,480,30/1,141,0.0
TOMORROW_SCHOOL_GO,data/raw_videos/PHRASES/TOMORROW_SCHOOL_GO/TOMORROW_SCHOOL_GO_9.mp4,numbered,1150201,ac04199a5aea92a3d8ca9126fb741d2f231e77083ce951d7f1428212b3e32738,5.633333,mpeg4,640,480,30/1,169,0.0
TOMORROW_SCHOOL_GO,data/raw_videos/PHRASES/TOMORROW_SCHOOL_GO/a4e2770a.mp4,opaque,3753575,b50e5e4bc0ed874400c131bc7eefd45cb0d14a5ca80f8e02b0223037f1123d4e,3.766667,mpeg4,640,480,30/1,113,0.0
TOMORROW_SCHOOL_GO,data/raw_videos/PHRASES/TOMORROW_SCHOOL_GO/aaf309b4.mp4,opaque,965053,73a5094ea8fefe6a3d7a5565cde8c467d75fb038957e4eedd643b7c7582a42d0,1.3,mpeg4,640,480,30/1,39,0.0
TOMORROW_SCHOOL_GO,data/raw_videos/PHRASES/TOMORROW_SCHOOL_GO/aeb19b35.mp4,opaque,798310,da94df9d45314bd34b2d93e1e0c23e54f13e4034e66be077e99884790fb4e7ec,1.1,mpeg4,640,480,30/1,33,0.0
TOMORROW_SCHOOL_GO,data/raw_videos/PHRASES/TOMORROW_SCHOOL_GO/bb5037a6.mp4,opaque,792065,a15053737b256621481f4a7e555eb18490dc208e543dff124629d850e69f1444,1.066667,mpeg4,640,480,30/1,32,0.0
TOMORROW_SCHOOL_GO,data/raw_videos/PHRASES/TOMORROW_SCHOOL_GO/c2541b7d.mp4,opaque,4033654,e0e3cd59dd0be1c4629b89f8500ee27474ffd62d16935e7cfaba30c189d089fa,4.166667,mpeg4,640,480,30/1,125,0.0
TOMORROW_SCHOOL_GO,data/raw_videos/PHRASES/TOMORROW_SCHOOL_GO/c3a8f513.mp4,opaque,822701,6941f124a4922bba2521496b7074a287b12bf8a9775ace5ec0ff8ed49e608435,1.1,mpeg4,640,480,30/1,33,0.0
TOMORROW_SCHOOL_GO,data/raw_videos/PHRASES/TOMORROW_SCHOOL_GO/c43e8388.mp4,opaque,871189,39d736ea24e1fe01b96d8755fc832afd9bbe34c3a5803e0418d5acb30f98d545,1.2,mpeg4,640,480,30/1,36,0.0
TOMORROW_SCHOOL_GO,data/raw_videos/PHRASES/TOMORROW_SCHOOL_GO/cbc3a249.mp4,opaque,735291,96f9d1e0d0332326e9373629af2a6c9026747e91e9eab59e4ecdeab10f7a7e1b,0.966667,mpeg4,640,480,30/1,29,0.0
TOMORROW_SCHOOL_GO,data/raw_videos/PHRASES/TOMORROW_SCHOOL_GO/cf946d9c.mp4,opaque,833673,d4805ac8a2913ae9e1795658b19bcedd43ce1bdb69b7dfa8e289feca481a87c8,1.2,mpeg4,640,480,30/1,36,0.0
TOMORROW_SCHOOL_GO,data/raw_videos/PHRASES/TOMORROW_SCHOOL_GO/d1d851a2.mp4,opaque,763575,2bcaf7637b2556536ccaaa776e471d4f57f196fbe9aacfc0726a2309610ae6bb,1.133333,mpeg4,640,480,30/1,34,0.0
TOMORROW_SCHOOL_GO,data/raw_videos/PHRASES/TOMORROW_SCHOOL_GO/d42b9bd8.mp4,opaque,3214807,18e8b674e7ae3b2cbb8b955f1b96c42f7021a18154cc5c1208bda39aeb64c67c,3.3,mpeg4,640,480,30/1,99,0.0
TOMORROW_SCHOOL_GO,data/raw_videos/PHRASES/TOMORROW_SCHOOL_GO/d808feef.mp4,opaque,3582634,e68152f2309647f231a3034376701092f2f072934450837fda1d045946195802,3.7,mpeg4,640,480,30/1,111,0.0
TOMORROW_SCHOOL_GO,data/raw_videos/PHRASES/TOMORROW_SCHOOL_GO/d9a9f272.mp4,opaque,4046607,1ad980ac374b9f8c34b6b5e06f4857eb2d2fe550b647754c1f6a74dd8162276f,4.166667,mpeg4,640,480,30/1,125,0.0
TOMORROW_SCHOOL_GO,data/raw_videos/PHRASES/TOMORROW_SCHOOL_GO/d9d0ef17.mp4,opaque,3096729,746b3c5811eb3806b823bb89211f614c97fe9faf81668e8c5ec0d666293aed5c,3.066667,mpeg4,640,480,30/1,92,0.0
TOMORROW_SCHOOL_GO,data/raw_videos/PHRASES/TOMORROW_SCHOOL_GO/dfa20cd9.mp4,opaque,851722,7aabe6e4f59d2b933b18c8d0aeb6ba069c5996bc67e1e744df11b30ceb85f7d6,1.166667,mpeg4,640,480,30/1,35,0.0
TOMORROW_SCHOOL_GO,data/raw_videos/PHRASES/TOMORROW_SCHOOL_GO/e38ab6ff.mp4,opaque,3687425,d704b5095e9622d621e366b16b09c5701aacacc67ed1358d25e5b453f3e549ee,3.833333,mpeg4,640,480,30/1,115,0.0
TOMORROW_SCHOOL_GO,data/raw_videos/PHRASES/TOMORROW_SCHOOL_GO/f21ebfe7.mp4,opaque,3162023,072414eebefc0906cc395f0009d96366fa884818f76a31935c03af49da5923c3,3.3,mpeg4,640,480,30/1,99,0.0
TOMORROW_SCHOOL_GO,data/raw_videos/PHRASES/TOMORROW_SCHOOL_GO/f2957952.mp4,opaque,3874810,c3cce4b42cbdced5a2af5d6c408e794659470a7c7cd94095cf468e64bcac2813,3.966667,mpeg4,640,480,30/1,119,0.0
TOMORROW_SCHOOL_GO,data/raw_videos/PHRASES/TOMORROW_SCHOOL_GO/fdddd591.mp4,opaque,761040,5cfaa76277cb6eda5fa7d895678b6324029a13b414c16b1cbb99025e7c1377ea,1.033333,mpeg4,640,480,30/1,31,0.0
YESTERDAY_TEACHER_MEET,data/raw_videos/PHRASES/YESTERDAY_TEACHER_MEET/03eb32d1.mp4,opaque,1688707,fedef4551025d86f203c09ee1e76bf29a21d3a5ec4394b03ad1f857158339350,2.933333,mpeg4,640,480,30/1,88,0.0
YESTERDAY_TEACHER_MEET,data/raw_videos/PHRASES/YESTERDAY_TEACHER_MEET/10ef074a.mp4,opaque,917579,50880ead24f34d8870afcf62e5b90c0f488e2672385ad37e75f879a8b6e689e7,1.266667,mpeg4,640,480,30/1,38,0.0
YESTERDAY_TEACHER_MEET,data/raw_videos/PHRASES/YESTERDAY_TEACHER_MEET/15ff6408.mp4,opaque,754416,52ad11ef7c0fe1d1b695f49390bda6d7d112204a51ab0f9ce7dd57e1ee6d6039,1.066667,mpeg4,640,480,30/1,32,0.0
YESTERDAY_TEACHER_MEET,data/raw_videos/PHRASES/YESTERDAY_TEACHER_MEET/179679d5.mp4,opaque,777136,11693b9fcc11863b8bd312c139ed52c9aa00ba7ef73c4dfe33a145b6c37f705c,1.033333,mpeg4,640,480,30/1,31,0.0
YESTERDAY_TEACHER_MEET,data/raw_videos/PHRASES/YESTERDAY_TEACHER_MEET/20bce8c6.mp4,opaque,1006351,a7d353f7b8d0e8638b2fe1c105678f271e3b7f23627e8d95ae325c02b4f44d3d,1.366667,mpeg4,640,480,30/1,41,0.0
YESTERDAY_TEACHER_MEET,data/raw_videos/PHRASES/YESTERDAY_TEACHER_MEET/2ff7e4cc.mp4,opaque,1043580,8b6aca4d3db7f5f7d134934e897ef1dea593e7a6582aa11b03ee37c7ea507b29,1.433333,mpeg4,640,480,30/1,43,0.0
YESTERDAY_TEACHER_MEET,data/raw_videos/PHRASES/YESTERDAY_TEACHER_MEET/3665f59b.mp4,opaque,1916918,8a1e67bd2a219b20e4179e8a4a2c30c7d3552b79f9ee80ed4f306490fae5062e,3.566667,mpeg4,640,480,30/1,107,0.0
YESTERDAY_TEACHER_MEET,data/raw_videos/PHRASES/YESTERDAY_TEACHER_MEET/3e731e0a.mp4,opaque,1872146,d2dd316556e280dc24c086032ce1520ec42a8266be5f19f03e17bc8bd58675db,3.1,mpeg4,640,480,30/1,93,0.0
YESTERDAY_TEACHER_MEET,data/raw_videos/PHRASES/YESTERDAY_TEACHER_MEET/49d795e8.mp4,opaque,1799633,4cfd4497f402e16d36b9088d8b3a37853ad3f05312693907e11d814ad356c44f,3.366667,mpeg4,640,480,30/1,101,0.0
YESTERDAY_TEACHER_MEET,data/raw_videos/PHRASES/YESTERDAY_TEACHER_MEET/4d4c02ee.mp4,opaque,923856,6923bfdd87ec08284057d7b63fd063087c693f99b5fdfc053f548fe47744c536,1.366667,mpeg4,640,480,30/1,41,0.0
YESTERDAY_TEACHER_MEET,data/raw_videos/PHRASES/YESTERDAY_TEACHER_MEET/61b89f94.mp4,opaque,2655987,acedec927c0e8614835957903c925c244d5ce7c97651e9f43c9b51fd253c1346,4.633333,mpeg4,640,480,30/1,139,0.0
YESTERDAY_TEACHER_MEET,data/raw_videos/PHRASES/YESTERDAY_TEACHER_MEET/66068e96.mp4,opaque,878246,47c833a9fc8de8b8f106db18ef751288211865e0263b5cefa811ce63b4cf4ea9,1.266667,mpeg4,640,480,30/1,38,0.0
YESTERDAY_TEACHER_MEET,data/raw_videos/PHRASES/YESTERDAY_TEACHER_MEET/6ab783a0.mp4,opaque,1730664,e3531b2c825dff0a66e8901bc70c9380ba3b8d4d8220d233ff910d6f0d001f43,3.0,mpeg4,640,480,30/1,90,0.0
YESTERDAY_TEACHER_MEET,data/raw_videos/PHRASES/YESTERDAY_TEACHER_MEET/6d782f51.mp4,opaque,1611778,f136995bbdc6c4fde2326064fd6220a02a0704d4a4e95bc87e65421f56fae21b,2.833333,mpeg4,640,480,30/1,85,0.0
YESTERDAY_TEACHER_MEET,data/raw_videos/PHRASES/YESTERDAY_TEACHER_MEET/74618f7f.mp4,opaque,1724285,57146dbe8c3a82aa83fc695e5e98d87b3aca13445f062384b6c2c40369415960,2.9,mpeg4,640,480,30/1,87,0.0
YESTERDAY_TEACHER_MEET,data/raw_videos/PHRASES/YESTERDAY_TEACHER_MEET/7535e721.mp4,opaque,901590,f12c7451cd8f83f2e3327b77287aeb0e111677dcba0236f642593ffcf6721ef3,1.233333,mpeg4,640,480,30/1,37,0.0
YESTERDAY_TEACHER_MEET,data/raw_videos/PHRASES/YESTERDAY_TEACHER_MEET/83a6d0c1.mp4,opaque,2033441,b539d012a0af9f36d0811d8d41a5cc64fce9d56391a81a60ebb20b8a4e7c6df0,3.3,mpeg4,640,480,30/1,99,0.0
YESTERDAY_TEACHER_MEET,data/raw_videos/PHRASES/YESTERDAY_TEACHER_MEET/87246e44.mp4,opaque,915407,28d2b1fe125863d26e57cd4b3673fcad0c70fcc5835183680499365e1893d223,1.233333,mpeg4,640,480,30/1,37,0.0
YESTERDAY_TEACHER_MEET,data/raw_videos/PHRASES/YESTERDAY_TEACHER_MEET/872ba2bf.mp4,opaque,1685429,17d0234f306ff437630dbb09b3201bdef2ddeaa26563aee99114714b6a6aefc3,3.233333,mpeg4,640,480,30/1,97,0.0
YESTERDAY_TEACHER_MEET,data/raw_videos/PHRASES/YESTERDAY_TEACHER_MEET/8a581e78.mp4,opaque,905772,02657e8e86cc0aca1ae7eb434c4750ad2ceffb67fdbd45b792c748c55c9ba5ff,1.2,mpeg4,640,480,30/1,36,0.0
YESTERDAY_TEACHER_MEET,data/raw_videos/PHRASES/YESTERDAY_TEACHER_MEET/8bb6e0b3.mp4,opaque,2471672,c2917e4c10b09583063ae597521cc80cb71eb1224f6c9f4c924bf1fe01f916b4,3.933333,mpeg4,640,480,30/1,118,0.0
YESTERDAY_TEACHER_MEET,data/raw_videos/PHRASES/YESTERDAY_TEACHER_MEET/94ba9bca.mp4,opaque,1704074,95b40ecfa75344e68dcdc85ca764fc39c44264c246a7254d41e430fad84d807a,3.466667,mpeg4,640,480,30/1,104,0.0
YESTERDAY_TEACHER_MEET,data/raw_videos/PHRASES/YESTERDAY_TEACHER_MEET/9648a008.mp4,opaque,1040747,0275c68771048ce603330cd6503b087a0eda7fc0fda702a4c068a0f87c96d425,1.433333,mpeg4,640,480,30/1,43,0.0
YESTERDAY_TEACHER_MEET,data/raw_videos/PHRASES/YESTERDAY_TEACHER_MEET/9af91c39.mp4,opaque,1812158,20372f7d5fcd022ab6a12d8b8e2c1e77134cd73f50f99c740e70f1186209c109,2.966667,mpeg4,640,480,30/1,89,0.0
YESTERDAY_TEACHER_MEET,data/raw_videos/PHRASES/YESTERDAY_TEACHER_MEET/9e582d05.mp4,opaque,1114749,ea52da3a2635225753659155135aa9fcbeb7a98be6d9653effc7934da7d7a759,1.5,mpeg4,640,480,30/1,45,0.0
YESTERDAY_TEACHER_MEET,data/raw_videos/PHRASES/YESTERDAY_TEACHER_MEET/9ecdb57d.mp4,opaque,990511,2f8c243a4754122052c5d384c7e24806db3d10dc777a2bdcaabd6b7454d66001,1.3,mpeg4,640,480,30/1,39,0.0
YESTERDAY_TEACHER_MEET,data/raw_videos/PHRASES/YESTERDAY_TEACHER_MEET/YESTERDAY_TEACHER_MEET_1.mp4,numbered,1057732,a3be93ac6869e8e32b917884dded1fa585d13ea76a315f9e0d81761d0bf4b5af,5.633333,mpeg4,640,480,30/1,169,0.0
YESTERDAY_TEACHER_MEET,data/raw_videos/PHRASES/YESTERDAY_TEACHER_MEET/YESTERDAY_TEACHER_MEET_10.mp4,numbered,908257,7d1d8dafc543799c85d3cd55d2bd6774e618f686f789ad0978327c54408462a3,4.833333,mpeg4,640,480,30/1,145,0.0
YESTERDAY_TEACHER_MEET,data/raw_videos/PHRASES/YESTERDAY_TEACHER_MEET/YESTERDAY_TEACHER_MEET_11.mp4,numbered,1109300,2ce13a3e3f290020ac930184e027ee81f47159624dfde1413c567412cdb1de01,5.466667,mpeg4,640,480,30/1,164,0.0
YESTERDAY_TEACHER_MEET,data/raw_videos/PHRASES/YESTERDAY_TEACHER_MEET/YESTERDAY_TEACHER_MEET_12.mp4,numbered,889438,ed7aef90b38e9f8e8373e539c101d26944dd95a6918947b8b31aace1a3f5d05d,4.7,mpeg4,640,480,30/1,141,0.0
YESTERDAY_TEACHER_MEET,data/raw_videos/PHRASES/YESTERDAY_TEACHER_MEET/YESTERDAY_TEACHER_MEET_13.mp4,numbered,945871,0d997223cee117cf4571d3233b5c44f0b6a903383e19512a55750ab1ca8172e7,4.9,mpeg4,640,480,30/1,147,0.0
YESTERDAY_TEACHER_MEET,data/raw_videos/PHRASES/YESTERDAY_TEACHER_MEET/YESTERDAY_TEACHER_MEET_14.mp4,numbered,997559,e8763c3654112b1963fa83c059271cfad930dfb87c0d38d6e73b600d08ab038c,5.233333,mpeg4,640,480,30/1,157,0.0
YESTERDAY_TEACHER_MEET,data/raw_videos/PHRASES/YESTERDAY_TEACHER_MEET/YESTERDAY_TEACHER_MEET_15.mp4,numbered,873679,b87e30808b4629bd27c981fb107daa6d8a5e002fc9a1be838edd7ad26d7fefda,4.2,mpeg4,640,480,30/1,126,0.0
YESTERDAY_TEACHER_MEET,data/raw_videos/PHRASES/YESTERDAY_TEACHER_MEET/YESTERDAY_TEACHER_MEET_16.mp4,numbered,828820,210aa01ed1e2205dd730d6220318cdb795f7a1c23abefd76dc7429ea2f7888f2,4.3,mpeg4,640,480,30/1,129,0.0
YESTERDAY_TEACHER_MEET,data/raw_videos/PHRASES/YESTERDAY_TEACHER_MEET/YESTERDAY_TEACHER_MEET_17.mp4,numbered,919306,04dd1ab8793cbb7410559062846cda73d549ed11d1446e793cc60a39ad913bff,4.633333,mpeg4,640,480,30/1,139,0.0
YESTERDAY_TEACHER_MEET,data/raw_videos/PHRASES/YESTERDAY_TEACHER_MEET/YESTERDAY_TEACHER_MEET_18.mp4,numbered,888502,a36a2d9a29a31528bed3213bd4002613cb7c2cd5446bd725e09d58933b89cdb5,4.333333,mpeg4,640,480,30/1,130,0.0
YESTERDAY_TEACHER_MEET,data/raw_videos/PHRASES/YESTERDAY_TEACHER_MEET/YESTERDAY_TEACHER_MEET_19.mp4,numbered,950528,6f437683d51b0299c21d923d950b4f38de4409cb5a459d9c806799c49034647b,4.866667,mpeg4,640,480,30/1,146,0.0
YESTERDAY_TEACHER_MEET,data/raw_videos/PHRASES/YESTERDAY_TEACHER_MEET/YESTERDAY_TEACHER_MEET_2.mp4,numbered,1019039,25edc3df9fe9f16c191d5727580e2dadec4116d2f03d579a0881101d3e251330,5.766667,mpeg4,640,480,30/1,173,0.0
YESTERDAY_TEACHER_MEET,data/raw_videos/PHRASES/YESTERDAY_TEACHER_MEET/YESTERDAY_TEACHER_MEET_20.mp4,numbered,911915,3e846f69150f465445c2d8111d0c03a6b2dbc92fa81047f6c777ea749125583e,4.933333,mpeg4,640,480,30/1,148,0.0
YESTERDAY_TEACHER_MEET,data/raw_videos/PHRASES/YESTERDAY_TEACHER_MEET/YESTERDAY_TEACHER_MEET_3.mp4,numbered,1084445,b2587b27b410de8dd4a67793bda5338638810ad32cbbe3a58db31d3d81e0562f,5.933333,mpeg4,640,480,30/1,178,0.0
YESTERDAY_TEACHER_MEET,data/raw_videos/PHRASES/YESTERDAY_TEACHER_MEET/YESTERDAY_TEACHER_MEET_4.mp4,numbered,936049,40491788f5d7eee03a40052ad6f57d9c82c1f0f9e031c82153f82c51ae618795,5.066667,mpeg4,640,480,30/1,152,0.0
YESTERDAY_TEACHER_MEET,data/raw_videos/PHRASES/YESTERDAY_TEACHER_MEET/YESTERDAY_TEACHER_MEET_5.mp4,numbered,861648,9c4ac1db1098267f8c8fbc3a8d7db3b5bd116a14991b46516a474cf2a47f5518,4.7,mpeg4,640,480,30/1,141,0.0
YESTERDAY_TEACHER_MEET,data/raw_videos/PHRASES/YESTERDAY_TEACHER_MEET/YESTERDAY_TEACHER_MEET_6.mp4,numbered,907013,5ec0c4c11709e6f93acb6683020bd26902df44b08e9d1a59c8bd0bfbddc7fac7,5.166667,mpeg4,640,480,30/1,155,0.0
YESTERDAY_TEACHER_MEET,data/raw_videos/PHRASES/YESTERDAY_TEACHER_MEET/YESTERDAY_TEACHER_MEET_7.mp4,numbered,973209,cb9952ee56f692c5bebe4225f7d528f263220a4ef8904a25dfd48161b810de39,5.533333,mpeg4,640,480,30/1,166,0.0
YESTERDAY_TEACHER_MEET,data/raw_videos/PHRASES/YESTERDAY_TEACHER_MEET/YESTERDAY_TEACHER_MEET_8.mp4,numbered,922017,cfb650062f64ad6bca5431b2f6cd2066808b078c458d221f6bdb2c02ef068ad0,5.133333,mpeg4,640,480,30/1,154,0.0
YESTERDAY_TEACHER_MEET,data/raw_videos/PHRASES/YESTERDAY_TEACHER_MEET/YESTERDAY_TEACHER_MEET_9.mp4,numbered,929689,d8f8d7861eaf74a79f32abd2dad03a299d7915d58d1c41fc04af8a1fa5e4668d,4.633333,mpeg4,640,480,30/1,139,0.0
YESTERDAY_TEACHER_MEET,data/raw_videos/PHRASES/YESTERDAY_TEACHER_MEET/a17b8e6b.mp4,opaque,1910900,3ffea82b56c6520b42ae9455498d7bade3fd6c047bfa5c5e18110137c996bc6a,3.466667,mpeg4,640,480,30/1,104,0.0
YESTERDAY_TEACHER_MEET,data/raw_videos/PHRASES/YESTERDAY_TEACHER_MEET/a275589a.mp4,opaque,2280771,3be5b25e16432448b94152ac9173c24fbebe2982d7bc5f4ba0ecbdd709b078fb,4.233333,mpeg4,640,480,30/1,127,0.0
YESTERDAY_TEACHER_MEET,data/raw_videos/PHRASES/YESTERDAY_TEACHER_MEET/a3be660b.mp4,opaque,2076558,87cf6f70a258bb7e160149d77960eaa7bb082569b7fd222ee086b6c58f155f2d,3.7,mpeg4,640,480,30/1,111,0.0
YESTERDAY_TEACHER_MEET,data/raw_videos/PHRASES/YESTERDAY_TEACHER_MEET/a7d447c9.mp4,opaque,1679100,e3a104b067c175880106390913e8315bf8e0c77848e741830bd4a4e72770575e,3.166667,mpeg4,640,480,30/1,95,0.0
YESTERDAY_TEACHER_MEET,data/raw_videos/PHRASES/YESTERDAY_TEACHER_MEET/be7c6c94.mp4,opaque,3166820,31e404f16e7b20c462925b4180550d628b7b1f05b950d386bdba0ca18c9fe41d,5.033333,mpeg4,640,480,30/1,151,0.0
YESTERDAY_TEACHER_MEET,data/raw_videos/PHRASES/YESTERDAY_TEACHER_MEET/c114db4d.mp4,opaque,845298,3a6e4d4dc13b2eb666faa9b6518f561e7977d4e19759b1d3b7ff0ecdd5f7588e,1.166667,mpeg4,640,480,30/1,35,0.0
YESTERDAY_TEACHER_MEET,data/raw_videos/PHRASES/YESTERDAY_TEACHER_MEET/c2734315.mp4,opaque,1066318,c74608ea4cee5a64b8b25273bc9722c44df4dfbec05ca9c1f52d87b358767241,1.433333,mpeg4,640,480,30/1,43,0.0
YESTERDAY_TEACHER_MEET,data/raw_videos/PHRASES/YESTERDAY_TEACHER_MEET/ca22ffab.mp4,opaque,2456198,34c55461db30ef5e7d576a2c35f605a0b54a2d37f821a959ec161151a0472216,5.466667,mpeg4,640,480,30/1,164,0.0
YESTERDAY_TEACHER_MEET,data/raw_videos/PHRASES/YESTERDAY_TEACHER_MEET/d0cfe37d.mp4,opaque,783759,6683eeea40e213de0bd4630d75ede2791e404cc1ae3949cd34366666e7001f6a,1.1,mpeg4,640,480,30/1,33,0.0
YESTERDAY_TEACHER_MEET,data/raw_videos/PHRASES/YESTERDAY_TEACHER_MEET/df298d10.mp4,opaque,923081,4e6c6d89bc23009ec819d4cf7d130f1ab6dfd04190437d28e62fc5aaa6080ddf,1.3,mpeg4,640,480,30/1,39,0.0
YESTERDAY_TEACHER_MEET,data/raw_videos/PHRASES/YESTERDAY_TEACHER_MEET/df8da5db.mp4,opaque,2737233,91032cb0476c3d2ffd8907dfdda2a051e60e58b70be0d4844491f5df5208650a,4.5,mpeg4,640,480,30/1,135,0.0
YESTERDAY_TEACHER_MEET,data/raw_videos/PHRASES/YESTERDAY_TEACHER_MEET/f434a5b2.mp4,opaque,926400,72f16ca5aaca911d8b824012df0b743664cae25791468c9fe2afb28d6cdeb002,1.266667,mpeg4,640,480,30/1,38,0.0
YESTERDAY_TEACHER_MEET,data/raw_videos/PHRASES/YESTERDAY_TEACHER_MEET/f64ccc47.mp4,opaque,1046761,206cdfd4bb243d688edc34a57e7f5eab9467595633c2a79b62f225afd20537cf,1.533333,mpeg4,640,480,30/1,46,0.0
YESTERDAY_TEACHER_MEET,data/raw_videos/PHRASES/YESTERDAY_TEACHER_MEET/fe544994.mp4,opaque,1112043,46f155efee992bd8c682c7b82e9d6e4718891f9993d9e24dc1df4624cfe4112b,1.566667,mpeg4,640,480,30/1,47,0.0
