video_path,phrase,numbered_take,detected_frames,mean_detection_score,signer_id,own_centroid_similarity,next_centroid_similarity,identity_margin,identity_confident
data/raw_videos/PHRASES/GOOD_MORNING/14e3ce68.mp4,GOOD_MORNING,False,3,0.9436526695887247,local_signer_01,0.8905324935913086,0.6773166656494141,0.21321582794189453,True
data/raw_videos/PHRASES/GOOD_MORNING/192a9618.mp4,GOOD_MORNING,False,3,0.9422693451245626,local_signer_01,0.8269482254981995,0.6446762681007385,0.18227195739746094,True
data/raw_videos/PHRASES/GOOD_MORNING/26cc70f1.mp4,GOOD_MORNING,False,3,0.9459621906280518,local_signer_01,0.8783996105194092,0.7060115933418274,0.1723880171775818,True
data/raw_videos/PHRASES/GOOD_MORNING/27a2b873.mp4,GOOD_MORNING,False,3,0.8768319686253866,local_signer_02,0.8166609406471252,0.6095774173736572,0.20708352327346802,True
data/raw_videos/PHRASES/GOOD_MORNING/2b17a1ac.mp4,GOOD_MORNING,False,3,0.859895646572113,local_signer_02,0.7482715249061584,0.7211613059043884,0.02711021900177002,False
data/raw_videos/PHRASES/GOOD_MORNING/300abaf7.mp4,GOOD_MORNING,False,3,0.8836839397748312,local_signer_02,0.729870080947876,0.6956738233566284,0.03419625759124756,False
data/raw_videos/PHRASES/GOOD_MORNING/36cd5fdd.mp4,GOOD_MORNING,False,3,0.9108727971712748,local_signer_02,0.8956327438354492,0.5497371554374695,0.34589558839797974,True
data/raw_videos/PHRASES/GOOD_MORNING/402377b8.mp4,GOOD_MORNING,False,3,0.8835173646608988,local_signer_02,0.8257009387016296,0.6100780963897705,0.21562284231185913,True
data/raw_videos/PHRASES/GOOD_MORNING/409da519.mp4,GOOD_MORNING,False,3,0.868740181128184,local_signer_02,0.7790458798408508,0.6130527257919312,0.16599315404891968,True
data/raw_videos/PHRASES/GOOD_MORNING/45d7c6f1.mp4,GOOD_MORNING,False,2,0.8893104493618011,local_signer_02,0.8305056691169739,0.5983039140701294,0.23220175504684448,True
data/raw_videos/PHRASES/GOOD_MORNING/45fabd6d.mp4,GOOD_MORNING,False,3,0.9422886570294698,local_signer_01,0.837855339050293,0.7241185307502747,0.11373680830001831,True
data/raw_videos/PHRASES/GOOD_MORNING/48a2355f.mp4,GOOD_MORNING,False,3,0.948535144329071,local_signer_01,0.9156813621520996,0.7007688879966736,0.21491247415542603,True
data/raw_videos/PHRASES/GOOD_MORNING/555e2ebb.mp4,GOOD_MORNING,False,3,0.9426512320836385,local_signer_01,0.7795083522796631,0.7490228414535522,0.03048551082611084,False
data/raw_videos/PHRASES/GOOD_MORNING/5e49d51b.mp4,GOOD_MORNING,False,3,0.9034286737442017,local_signer_02,0.8742955327033997,0.5424466133117676,0.3318489193916321,True
data/raw_videos/PHRASES/GOOD_MORNING/60e563a3.mp4,GOOD_MORNING,False,3,0.9429764151573181,local_signer_01,0.8192380666732788,0.6296985745429993,0.18953949213027954,True
data/raw_videos/PHRASES/GOOD_MORNING/68e844f9.mp4,GOOD_MORNING,False,3,0.8940820296605428,local_signer_02,0.8364288806915283,0.505916953086853,0.3305119276046753,True
data/raw_videos/PHRASES/GOOD_MORNING/764646b2.mp4,GOOD_MORNING,False,3,0.9430673321088155,local_signer_01,0.8594328165054321,0.6613307595252991,0.19810205698013306,True
data/raw_videos/PHRASES/GOOD_MORNING/7d793c90.mp4,GOOD_MORNING,False,3,0.8606307705243429,local_signer_02,0.7831959128379822,0.6932578086853027,0.08993810415267944,True
data/raw_videos/PHRASES/GOOD_MORNING/7de6de19.mp4,GOOD_MORNING,False,3,0.9427618185679117,local_signer_01,0.8560783267021179,0.6663660407066345,0.1897122859954834,True
data/raw_videos/PHRASES/GOOD_MORNING/83ea4471.mp4,GOOD_MORNING,False,3,0.8723380168279012,local_signer_02,0.7593495845794678,0.7068589329719543,0.05249065160751343,True
data/raw_videos/PHRASES/GOOD_MORNING/88b4a43d.mp4,GOOD_MORNING,False,3,0.9430866638819376,local_signer_01,0.871196448802948,0.6620473861694336,0.2091490626335144,True
data/raw_videos/PHRASES/GOOD_MORNING/9fe22748.mp4,GOOD_MORNING,False,3,0.943932314713796,local_signer_01,0.8246011734008789,0.6253264546394348,0.1992747187614441,True
data/raw_videos/PHRASES/GOOD_MORNING/GOOD_MORNING_1.mp4,GOOD_MORNING,True,3,0.9426562786102295,local_signer_03,0.9172034859657288,0.2471422404050827,0.6700612455606461,True
data/raw_videos/PHRASES/GOOD_MORNING/GOOD_MORNING_10.mp4,GOOD_MORNING,True,3,0.9464977184931437,local_signer_03,0.9180289506912231,0.2732381820678711,0.644790768623352,True
data/raw_videos/PHRASES/GOOD_MORNING/GOOD_MORNING_11.mp4,GOOD_MORNING,True,3,0.9400580128033956,local_signer_03,0.9217826128005981,0.29376932978630066,0.6280132830142975,True
data/raw_videos/PHRASES/GOOD_MORNING/GOOD_MORNING_12.mp4,GOOD_MORNING,True,3,0.9438732067743937,local_signer_03,0.9204012751579285,0.3140498101711273,0.6063514649868011,True
data/raw_videos/PHRASES/GOOD_MORNING/GOOD_MORNING_13.mp4,GOOD_MORNING,True,3,0.9446173508961996,local_signer_03,0.925939679145813,0.3040265440940857,0.6219131350517273,True
data/raw_videos/PHRASES/GOOD_MORNING/GOOD_MORNING_14.mp4,GOOD_MORNING,True,3,0.9450796246528625,local_signer_03,0.9051802754402161,0.28840845823287964,0.6167718172073364,True
data/raw_videos/PHRASES/GOOD_MORNING/GOOD_MORNING_15.mp4,GOOD_MORNING,True,3,0.9424290060997009,local_signer_03,0.8970964550971985,0.2478255331516266,0.6492709219455719,True
data/raw_videos/PHRASES/GOOD_MORNING/GOOD_MORNING_16.mp4,GOOD_MORNING,True,3,0.9435369968414307,local_signer_03,0.9026737809181213,0.288643479347229,0.6140303015708923,True
data/raw_videos/PHRASES/GOOD_MORNING/GOOD_MORNING_17.mp4,GOOD_MORNING,True,3,0.9413330554962158,local_signer_03,0.9150787591934204,0.31563109159469604,0.5994476675987244,True
data/raw_videos/PHRASES/GOOD_MORNING/GOOD_MORNING_18.mp4,GOOD_MORNING,True,3,0.9449678460756937,local_signer_03,0.9412655830383301,0.3221115469932556,0.6191540360450745,True
data/raw_videos/PHRASES/GOOD_MORNING/GOOD_MORNING_19.mp4,GOOD_MORNING,True,3,0.9424732526143392,local_signer_03,0.9182044267654419,0.3154180347919464,0.6027863919734955,True
data/raw_videos/PHRASES/GOOD_MORNING/GOOD_MORNING_2.mp4,GOOD_MORNING,True,3,0.9396827816963196,local_signer_03,0.9165948033332825,0.2740999162197113,0.6424948871135712,True
data/raw_videos/PHRASES/GOOD_MORNING/GOOD_MORNING_20.mp4,GOOD_MORNING,True,3,0.9432946642239889,local_signer_03,0.9077644348144531,0.2993602752685547,0.6084041595458984,True
data/raw_videos/PHRASES/GOOD_MORNING/GOOD_MORNING_3.mp4,GOOD_MORNING,True,3,0.9406992594401041,local_signer_03,0.918681800365448,0.28265029191970825,0.6360315084457397,True
data/raw_videos/PHRASES/GOOD_MORNING/GOOD_MORNING_4.mp4,GOOD_MORNING,True,3,0.9435585538546244,local_signer_03,0.9415519833564758,0.3094397485256195,0.6321122348308563,True
data/raw_videos/PHRASES/GOOD_MORNING/GOOD_MORNING_5.mp4,GOOD_MORNING,True,3,0.942731519540151,local_signer_03,0.9357834458351135,0.29584163427352905,0.6399418115615845,True
data/raw_videos/PHRASES/GOOD_MORNING/GOOD_MORNING_6.mp4,GOOD_MORNING,True,3,0.9397447109222412,local_signer_03,0.9287290573120117,0.30384665727615356,0.6248824000358582,True
data/raw_videos/PHRASES/GOOD_MORNING/GOOD_MORNING_7.mp4,GOOD_MORNING,True,3,0.9394200046857198,local_signer_03,0.9350900650024414,0.3104340434074402,0.6246560215950012,True
data/raw_videos/PHRASES/GOOD_MORNING/GOOD_MORNING_8.mp4,GOOD_MORNING,True,3,0.9396151304244995,local_signer_03,0.9258197546005249,0.3104027807712555,0.6154169738292694,True
data/raw_videos/PHRASES/GOOD_MORNING/GOOD_MORNING_9.mp4,GOOD_MORNING,True,3,0.941491444905599,local_signer_03,0.9329421520233154,0.3084415793418884,0.624500572681427,True
data/raw_videos/PHRASES/GOOD_MORNING/a0c4d962.mp4,GOOD_MORNING,False,3,0.9118293722470602,local_signer_02,0.8626697659492493,0.48501482605934143,0.37765493988990784,True
data/raw_videos/PHRASES/GOOD_MORNING/a152a8b4.mp4,GOOD_MORNING,False,3,0.872737447420756,local_signer_02,0.7285473346710205,0.7274268269538879,0.0011205077171325684,False
data/raw_videos/PHRASES/GOOD_MORNING/a7a0b98e.mp4,GOOD_MORNING,False,3,0.9447506467501322,local_signer_01,0.9215269088745117,0.7250767350196838,0.19645017385482788,True
data/raw_videos/PHRASES/GOOD_MORNING/aef75995.mp4,GOOD_MORNING,False,3,0.9002189040184021,local_signer_02,0.879314661026001,0.5126398801803589,0.3666747808456421,True
data/raw_videos/PHRASES/GOOD_MORNING/ba70f402.mp4,GOOD_MORNING,False,3,0.9442209204037985,local_signer_01,0.9254783987998962,0.7190635800361633,0.2064148187637329,True
data/raw_videos/PHRASES/GOOD_MORNING/bcd94f5a.mp4,GOOD_MORNING,False,3,0.909592866897583,local_signer_02,0.778322160243988,0.5378862619400024,0.2404358983039856,True
data/raw_videos/PHRASES/GOOD_MORNING/bd792fb3.mp4,GOOD_MORNING,False,3,0.876077393690745,local_signer_02,0.7920684218406677,0.68792724609375,0.10414117574691772,True
data/raw_videos/PHRASES/GOOD_MORNING/c7beec64.mp4,GOOD_MORNING,False,3,0.8602674603462219,local_signer_02,0.7757852673530579,0.6642244458198547,0.11156082153320312,True
data/raw_videos/PHRASES/GOOD_MORNING/c84d2b6d.mp4,GOOD_MORNING,False,3,0.8787016073862711,local_signer_02,0.7851206064224243,0.6095287799835205,0.1755918264389038,True
data/raw_videos/PHRASES/GOOD_MORNING/c92849f1.mp4,GOOD_MORNING,False,3,0.9479013681411743,local_signer_01,0.869714081287384,0.6795489192008972,0.19016516208648682,True
data/raw_videos/PHRASES/GOOD_MORNING/cbf38ad0.mp4,GOOD_MORNING,False,3,0.9406899412473043,local_signer_01,0.8707793951034546,0.6778548359870911,0.19292455911636353,True
data/raw_videos/PHRASES/GOOD_MORNING/d167f2c3.mp4,GOOD_MORNING,False,3,0.9436723788579305,local_signer_01,0.8346978425979614,0.7264243960380554,0.108273446559906,True
data/raw_videos/PHRASES/GOOD_MORNING/d29fd4b1.mp4,GOOD_MORNING,False,3,0.9388153354326884,local_signer_01,0.839095950126648,0.7320712208747864,0.10702472925186157,True
data/raw_videos/PHRASES/GOOD_MORNING/d8f0df13.mp4,GOOD_MORNING,False,3,0.9446096022923788,local_signer_01,0.9236887693405151,0.7329064607620239,0.1907823085784912,True
data/raw_videos/PHRASES/GOOD_MORNING/eac767b8.mp4,GOOD_MORNING,False,3,0.8949116269747416,local_signer_02,0.8673115968704224,0.5219398140907288,0.3453717827796936,True
data/raw_videos/PHRASES/GOOD_MORNING/f77bab12.mp4,GOOD_MORNING,False,3,0.9457303682963053,local_signer_01,0.8524810671806335,0.6228703856468201,0.22961068153381348,True
data/raw_videos/PHRASES/GOOD_MORNING/f99d4366.mp4,GOOD_MORNING,False,3,0.8373849590619405,local_signer_02,0.6787809729576111,0.6928728222846985,-0.014091849327087402,False
data/raw_videos/PHRASES/GOOD_MORNING/faea322b.mp4,GOOD_MORNING,False,3,0.9416382511456808,local_signer_01,0.8092145323753357,0.7042354941368103,0.10497903823852539,True
data/raw_videos/PHRASES/HELLO_HOW_YOU/00424e11.mp4,HELLO_HOW_YOU,False,3,0.9335185289382935,local_signer_02,0.9237563610076904,0.4512152075767517,0.4725411534309387,True
data/raw_videos/PHRASES/HELLO_HOW_YOU/02624f97.mp4,HELLO_HOW_YOU,False,3,0.9494130412737528,local_signer_01,0.9577735662460327,0.695115327835083,0.2626582384109497,True
data/raw_videos/PHRASES/HELLO_HOW_YOU/02bc295b.mp4,HELLO_HOW_YOU,False,3,0.9449716409047445,local_signer_01,0.9467563033103943,0.6867426633834839,0.2600136399269104,True
data/raw_videos/PHRASES/HELLO_HOW_YOU/050e1bc9.mp4,HELLO_HOW_YOU,False,3,0.9255300164222717,local_signer_02,0.9200038909912109,0.46233654022216797,0.45766735076904297,True
data/raw_videos/PHRASES/HELLO_HOW_YOU/055cb5a0.mp4,HELLO_HOW_YOU,False,3,0.9272170861562093,local_signer_02,0.9004865884780884,0.49330005049705505,0.4071865379810333,True
data/raw_videos/PHRASES/HELLO_HOW_YOU/069536d5.mp4,HELLO_HOW_YOU,False,3,0.9500272075335184,local_signer_01,0.9220884442329407,0.6747757196426392,0.2473127245903015,True
data/raw_videos/PHRASES/HELLO_HOW_YOU/07911224.mp4,HELLO_HOW_YOU,False,3,0.945519765218099,local_signer_01,0.9514175653457642,0.7101975679397583,0.24121999740600586,True
data/raw_videos/PHRASES/HELLO_HOW_YOU/09172c2e.mp4,HELLO_HOW_YOU,False,3,0.9270954132080078,local_signer_02,0.8400124311447144,0.3870548903942108,0.45295754075050354,True
data/raw_videos/PHRASES/HELLO_HOW_YOU/09b0da27.mp4,HELLO_HOW_YOU,False,3,0.9314785401026408,local_signer_02,0.9179151654243469,0.4396654963493347,0.4782496690750122,True
data/raw_videos/PHRASES/HELLO_HOW_YOU/0c3f006e.mp4,HELLO_HOW_YOU,False,3,0.9506171544392904,local_signer_01,0.9347424507141113,0.6452802419662476,0.28946220874786377,True
data/raw_videos/PHRASES/HELLO_HOW_YOU/0e1f7828.mp4,HELLO_HOW_YOU,False,3,0.9353939096132914,local_signer_02,0.8799676299095154,0.4425795376300812,0.4373880922794342,True
data/raw_videos/PHRASES/HELLO_HOW_YOU/0ea209d5.mp4,HELLO_HOW_YOU,False,3,0.9290168881416321,local_signer_02,0.9057009816169739,0.4570263624191284,0.44867461919784546,True
data/raw_videos/PHRASES/HELLO_HOW_YOU/0f3336e6.mp4,HELLO_HOW_YOU,False,3,0.9196552832921346,local_signer_02,0.8991326093673706,0.5936933755874634,0.3054392337799072,True
data/raw_videos/PHRASES/HELLO_HOW_YOU/104c73e7.mp4,HELLO_HOW_YOU,False,3,0.9515949090321859,local_signer_01,0.9271605610847473,0.6346546411514282,0.2925059199333191,True
data/raw_videos/PHRASES/HELLO_HOW_YOU/1056c74c.mp4,HELLO_HOW_YOU,False,3,0.9301591316858927,local_signer_02,0.8788434267044067,0.4783746302127838,0.4004687964916229,True
data/raw_videos/PHRASES/HELLO_HOW_YOU/11660167.mp4,HELLO_HOW_YOU,False,3,0.9467370907465616,local_signer_01,0.9572745561599731,0.71476811170578,0.24250644445419312,True
data/raw_videos/PHRASES/HELLO_HOW_YOU/18c46f97.mp4,HELLO_HOW_YOU,False,3,0.9474272926648458,local_signer_01,0.9465257525444031,0.645652711391449,0.3008730411529541,True
data/raw_videos/PHRASES/HELLO_HOW_YOU/18fc15e8.mp4,HELLO_HOW_YOU,False,3,0.9212427735328674,local_signer_02,0.9216185212135315,0.5966007113456726,0.3250178098678589,True
data/raw_videos/PHRASES/HELLO_HOW_YOU/19d86718.mp4,HELLO_HOW_YOU,False,3,0.9343656500180563,local_signer_02,0.9174731373786926,0.4596676230430603,0.4578055143356323,True
data/raw_videos/PHRASES/HELLO_HOW_YOU/1a7f81e3.mp4,HELLO_HOW_YOU,False,3,0.928412914276123,local_signer_02,0.9206814765930176,0.46283048391342163,0.45785099267959595,True
data/raw_videos/PHRASES/HELLO_HOW_YOU/1a970edd.mp4,HELLO_HOW_YOU,False,3,0.9254290064175924,local_signer_02,0.8621537089347839,0.41188541054725647,0.45026829838752747,True
data/raw_videos/PHRASES/HELLO_HOW_YOU/1d23401f.mp4,HELLO_HOW_YOU,False,3,0.9307790001233419,local_signer_02,0.9292487502098083,0.44215109944343567,0.4870976507663727,True
data/raw_videos/PHRASES/HELLO_HOW_YOU/24480f39.mp4,HELLO_HOW_YOU,False,3,0.9445863167444865,local_signer_01,0.9292399883270264,0.6466220617294312,0.2826179265975952,True
data/raw_videos/PHRASES/HELLO_HOW_YOU/254ed9fd.mp4,HELLO_HOW_YOU,False,3,0.9458228945732117,local_signer_01,0.9397851228713989,0.7093666791915894,0.23041844367980957,True
data/raw_videos/PHRASES/HELLO_HOW_YOU/282c9d01.mp4,HELLO_HOW_YOU,False,3,0.9368699391682943,local_signer_02,0.9047528505325317,0.468061238527298,0.43669161200523376,True
data/raw_videos/PHRASES/HELLO_HOW_YOU/2a03cd09.mp4,HELLO_HOW_YOU,False,3,0.9378078381220499,local_signer_02,0.8867096304893494,0.45591405034065247,0.4307955801486969,True
data/raw_videos/PHRASES/HELLO_HOW_YOU/2f41945f.mp4,HELLO_HOW_YOU,False,3,0.9446832140286764,local_signer_01,0.9369869828224182,0.6996092200279236,0.23737776279449463,True
data/raw_videos/PHRASES/HELLO_HOW_YOU/30668f6a.mp4,HELLO_HOW_YOU,False,3,0.9344381888707479,local_signer_02,0.9230791330337524,0.4567342698574066,0.4663448631763458,True
data/raw_videos/PHRASES/HELLO_HOW_YOU/31089c9a.mp4,HELLO_HOW_YOU,False,3,0.9269905885060629,local_signer_02,0.9201659560203552,0.46673062443733215,0.45343533158302307,True
data/raw_videos/PHRASES/HELLO_HOW_YOU/31affb18.mp4,HELLO_HOW_YOU,False,3,0.950685958067576,local_signer_01,0.9532238841056824,0.6883021593093872,0.26492172479629517,True
data/raw_videos/PHRASES/HELLO_HOW_YOU/32ac4086.mp4,HELLO_HOW_YOU,False,3,0.9272463520367941,local_signer_02,0.8900448083877563,0.43866896629333496,0.4513758420944214,True
data/raw_videos/PHRASES/HELLO_HOW_YOU/36625be7.mp4,HELLO_HOW_YOU,False,3,0.9486106236775717,local_signer_01,0.9470558166503906,0.6707072257995605,0.2763485908508301,True
data/raw_videos/PHRASES/HELLO_HOW_YOU/39d34dc4.mp4,HELLO_HOW_YOU,False,3,0.9387155373891195,local_signer_02,0.9007912874221802,0.4281339645385742,0.47265732288360596,True
data/raw_videos/PHRASES/HELLO_HOW_YOU/3b64fc2e.mp4,HELLO_HOW_YOU,False,3,0.9457562367121378,local_signer_01,0.9416919350624084,0.6860106587409973,0.25568127632141113,True
data/raw_videos/PHRASES/HELLO_HOW_YOU/3cbac837.mp4,HELLO_HOW_YOU,False,3,0.9197586377461752,local_signer_02,0.9081245064735413,0.48811906576156616,0.4200054407119751,True
data/raw_videos/PHRASES/HELLO_HOW_YOU/3d44cf58.mp4,HELLO_HOW_YOU,False,3,0.9330219427744547,local_signer_02,0.9215821623802185,0.5129677653312683,0.4086143970489502,True
data/raw_videos/PHRASES/HELLO_HOW_YOU/400fec4b.mp4,HELLO_HOW_YOU,False,3,0.9422545631726583,local_signer_01,0.895982027053833,0.5659787058830261,0.3300033211708069,True
data/raw_videos/PHRASES/HELLO_HOW_YOU/42356a6d.mp4,HELLO_HOW_YOU,False,3,0.9479709267616272,local_signer_01,0.9468950033187866,0.6630458235740662,0.28384917974472046,True
data/raw_videos/PHRASES/HELLO_HOW_YOU/426cf10b.mp4,HELLO_HOW_YOU,False,3,0.9195277094841003,local_signer_02,0.88534015417099,0.5369397401809692,0.34840041399002075,True
data/raw_videos/PHRASES/HELLO_HOW_YOU/4561a78e.mp4,HELLO_HOW_YOU,False,3,0.952888031800588,local_signer_01,0.9368155598640442,0.6572694778442383,0.2795460820198059,True
data/raw_videos/PHRASES/HELLO_HOW_YOU/4b33919f.mp4,HELLO_HOW_YOU,False,3,0.9338605205217997,local_signer_02,0.9186074733734131,0.4767994284629822,0.4418080449104309,True
data/raw_videos/PHRASES/HELLO_HOW_YOU/4db4e096.mp4,HELLO_HOW_YOU,False,3,0.9323644240697225,local_signer_02,0.9280134439468384,0.4914792478084564,0.43653419613838196,True
data/raw_videos/PHRASES/HELLO_HOW_YOU/524ba680.mp4,HELLO_HOW_YOU,False,3,0.9241847197214762,local_signer_02,0.8733956217765808,0.4074525237083435,0.4659430980682373,True
data/raw_videos/PHRASES/HELLO_HOW_YOU/554a43c7.mp4,HELLO_HOW_YOU,False,3,0.9509465495745341,local_signer_01,0.9495126008987427,0.7130730748176575,0.2364395260810852,True
data/raw_videos/PHRASES/HELLO_HOW_YOU/57a9e08c.mp4,HELLO_HOW_YOU,False,3,0.9334616462389628,local_signer_02,0.9120987057685852,0.4526694416999817,0.4594292640686035,True
data/raw_videos/PHRASES/HELLO_HOW_YOU/5c7f0945.mp4,HELLO_HOW_YOU,False,3,0.9469055334726969,local_signer_01,0.9423837065696716,0.6797674298286438,0.26261627674102783,True
data/raw_videos/PHRASES/HELLO_HOW_YOU/5d677b3d.mp4,HELLO_HOW_YOU,False,3,0.9465867082277933,local_signer_01,0.9289484024047852,0.6218764185905457,0.3070719838142395,True
data/raw_videos/PHRASES/HELLO_HOW_YOU/5d7a5d95.mp4,HELLO_HOW_YOU,False,3,0.9465247193972269,local_signer_01,0.9424588084220886,0.660355269908905,0.2821035385131836,True
data/raw_videos/PHRASES/HELLO_HOW_YOU/5db48bc6.mp4,HELLO_HOW_YOU,False,3,0.9485616485277811,local_signer_01,0.9305114150047302,0.6117772459983826,0.31873416900634766,True
data/raw_videos/PHRASES/HELLO_HOW_YOU/5dedcfd3.mp4,HELLO_HOW_YOU,False,3,0.9240236083666483,local_signer_02,0.8441834449768066,0.45902019739151,0.38516324758529663,True
data/raw_videos/PHRASES/HELLO_HOW_YOU/5e38501f.mp4,HELLO_HOW_YOU,False,3,0.9307098189989725,local_signer_02,0.8990758657455444,0.4720459282398224,0.42702993750572205,True
data/raw_videos/PHRASES/HELLO_HOW_YOU/5f0e00c5.mp4,HELLO_HOW_YOU,False,3,0.944932778676351,local_signer_01,0.9195482730865479,0.6226398348808289,0.296908438205719,True
data/raw_videos/PHRASES/HELLO_HOW_YOU/63cfed08.mp4,HELLO_HOW_YOU,False,3,0.946294109026591,local_signer_01,0.9355390667915344,0.6478790640830994,0.28766000270843506,True
data/raw_videos/PHRASES/HELLO_HOW_YOU/6446e671.mp4,HELLO_HOW_YOU,False,3,0.9251163005828857,local_signer_02,0.9192800521850586,0.473147451877594,0.4461326003074646,True
data/raw_videos/PHRASES/HELLO_HOW_YOU/64f34df5.mp4,HELLO_HOW_YOU,False,3,0.9466418226559957,local_signer_01,0.9161312580108643,0.6062610149383545,0.30987024307250977,True
data/raw_videos/PHRASES/HELLO_HOW_YOU/659256e5.mp4,HELLO_HOW_YOU,False,3,0.9503033558527628,local_signer_01,0.9336519241333008,0.6694111227989197,0.2642408013343811,True
data/raw_videos/PHRASES/HELLO_HOW_YOU/65cbb4ee.mp4,HELLO_HOW_YOU,False,3,0.9256242712338766,local_signer_02,0.9250985383987427,0.492404967546463,0.43269357085227966,True
data/raw_videos/PHRASES/HELLO_HOW_YOU/65f3dc06.mp4,HELLO_HOW_YOU,False,3,0.9461491703987122,local_signer_01,0.9221674203872681,0.6243569850921631,0.297810435295105,True
data/raw_videos/PHRASES/HELLO_HOW_YOU/67217191.mp4,HELLO_HOW_YOU,False,3,0.9356642564137777,local_signer_02,0.886692464351654,0.5064006447792053,0.38029181957244873,True
data/raw_videos/PHRASES/HELLO_HOW_YOU/6a61d33d.mp4,HELLO_HOW_YOU,False,3,0.9478476842244467,local_signer_01,0.924382209777832,0.6380003094673157,0.28638190031051636,True
data/raw_videos/PHRASES/HELLO_HOW_YOU/6b3babfa.mp4,HELLO_HOW_YOU,False,3,0.9523939689000448,local_signer_01,0.9171621203422546,0.6115113496780396,0.3056507706642151,True
data/raw_videos/PHRASES/HELLO_HOW_YOU/709b9722.mp4,HELLO_HOW_YOU,False,3,0.9246510068575541,local_signer_02,0.920149028301239,0.5084744095802307,0.4116746187210083,True
data/raw_videos/PHRASES/HELLO_HOW_YOU/738d8112.mp4,HELLO_HOW_YOU,False,3,0.9200568795204163,local_signer_02,0.8503143787384033,0.4897652864456177,0.36054909229278564,True
data/raw_videos/PHRASES/HELLO_HOW_YOU/748544af.mp4,HELLO_HOW_YOU,False,3,0.9471869270006815,local_signer_01,0.9348245859146118,0.6521899700164795,0.2826346158981323,True
data/raw_videos/PHRASES/HELLO_HOW_YOU/77470b0f.mp4,HELLO_HOW_YOU,False,3,0.9241077899932861,local_signer_02,0.8841265439987183,0.41784730553627014,0.4662792384624481,True
data/raw_videos/PHRASES/HELLO_HOW_YOU/7bc94e4e.mp4,HELLO_HOW_YOU,False,3,0.9345855315526327,local_signer_02,0.9089738130569458,0.4410559833049774,0.4679178297519684,True
data/raw_videos/PHRASES/HELLO_HOW_YOU/7dd10d1c.mp4,HELLO_HOW_YOU,False,3,0.9426964918772379,local_signer_01,0.9341185092926025,0.6635251641273499,0.2705933451652527,True
data/raw_videos/PHRASES/HELLO_HOW_YOU/7df3af1d.mp4,HELLO_HOW_YOU,False,3,0.918097992738088,local_signer_02,0.8748878836631775,0.4810546934604645,0.393833190202713,True
data/raw_videos/PHRASES/HELLO_HOW_YOU/7dff4a30.mp4,HELLO_HOW_YOU,False,3,0.9357129534085592,local_signer_02,0.9097330570220947,0.4677116274833679,0.4420214295387268,True
data/raw_videos/PHRASES/HELLO_HOW_YOU/7e094136.mp4,HELLO_HOW_YOU,False,3,0.9238008658091227,local_signer_02,0.9276450276374817,0.5204975008964539,0.40714752674102783,True
data/raw_videos/PHRASES/HELLO_HOW_YOU/7f9aa96a.mp4,HELLO_HOW_YOU,False,3,0.9484606186548868,local_signer_01,0.9379525184631348,0.659642219543457,0.27831029891967773,True
data/raw_videos/PHRASES/HELLO_HOW_YOU/80f8c662.mp4,HELLO_HOW_YOU,False,3,0.9459904034932455,local_signer_01,0.9375596642494202,0.6433516144752502,0.2942080497741699,True
data/raw_videos/PHRASES/HELLO_HOW_YOU/818e7c56.mp4,HELLO_HOW_YOU,False,3,0.9401129086812338,local_signer_02,0.9096309542655945,0.4090399146080017,0.5005910396575928,True
data/raw_videos/PHRASES/HELLO_HOW_YOU/833e2480.mp4,HELLO_HOW_YOU,False,3,0.9118847052256266,local_signer_02,0.8361858129501343,0.48206230998039246,0.3541235029697418,True
data/raw_videos/PHRASES/HELLO_HOW_YOU/87753aaa.mp4,HELLO_HOW_YOU,False,3,0.9296449621518453,local_signer_02,0.9316964149475098,0.46994802355766296,0.4617483913898468,True
data/raw_videos/PHRASES/HELLO_HOW_YOU/87d0f47f.mp4,HELLO_HOW_YOU,False,3,0.9495975573857626,local_signer_01,0.9266496300697327,0.6635491847991943,0.26310044527053833,True
data/raw_videos/PHRASES/HELLO_HOW_YOU/88954a9f.mp4,HELLO_HOW_YOU,False,3,0.9260115424791971,local_signer_02,0.9263591170310974,0.4907171130180359,0.4356420040130615,True
data/raw_videos/PHRASES/HELLO_HOW_YOU/8b718e08.mp4,HELLO_HOW_YOU,False,3,0.9250174959500631,local_signer_02,0.8863264918327332,0.4910666048526764,0.39525988698005676,True
data/raw_videos/PHRASES/HELLO_HOW_YOU/8cb7b270.mp4,HELLO_HOW_YOU,False,3,0.9246293107668558,local_signer_02,0.9319582581520081,0.5376790761947632,0.3942791819572449,True
data/raw_videos/PHRASES/HELLO_HOW_YOU/8eb41e25.mp4,HELLO_HOW_YOU,False,3,0.9458483854929606,local_signer_01,0.9323981404304504,0.648143470287323,0.28425467014312744,True
data/raw_videos/PHRASES/HELLO_HOW_YOU/90038089.mp4,HELLO_HOW_YOU,False,3,0.9475502967834473,local_signer_01,0.9199998378753662,0.6071737408638,0.31282609701156616,True
data/raw_videos/PHRASES/HELLO_HOW_YOU/938d18c7.mp4,HELLO_HOW_YOU,False,3,0.9273868004480997,local_signer_02,0.9103472232818604,0.5172879695892334,0.39305925369262695,True
data/raw_videos/PHRASES/HELLO_HOW_YOU/93ddb3f8.mp4,HELLO_HOW_YOU,False,3,0.9193845589955648,local_signer_02,0.825314998626709,0.49111825227737427,0.3341967463493347,True
data/raw_videos/PHRASES/HELLO_HOW_YOU/945c7b75.mp4,HELLO_HOW_YOU,False,3,0.9482236305872599,local_signer_01,0.9434223771095276,0.659229040145874,0.28419333696365356,True
data/raw_videos/PHRASES/HELLO_HOW_YOU/9b6035bd.mp4,HELLO_HOW_YOU,False,3,0.9517584443092346,local_signer_01,0.9208391904830933,0.6170074939727783,0.30383169651031494,True
data/raw_videos/PHRASES/HELLO_HOW_YOU/HELLO_HOW_YOU_1.mp4,HELLO_HOW_YOU,True,3,0.9422336022059122,local_signer_03,0.8254086375236511,0.2431916743516922,0.5822169631719589,True
data/raw_videos/PHRASES/HELLO_HOW_YOU/HELLO_HOW_YOU_10.mp4,HELLO_HOW_YOU,True,3,0.9443878928820292,local_signer_03,0.8338401913642883,0.2682202160358429,0.5656199753284454,True
data/raw_videos/PHRASES/HELLO_HOW_YOU/HELLO_HOW_YOU_11.mp4,HELLO_HOW_YOU,True,3,0.945999542872111,local_signer_03,0.8662888407707214,0.2646944522857666,0.6015943884849548,True
data/raw_videos/PHRASES/HELLO_HOW_YOU/HELLO_HOW_YOU_12.mp4,HELLO_HOW_YOU,True,3,0.9489558935165405,local_signer_03,0.8776649832725525,0.2857722342014313,0.5918927490711212,True
data/raw_videos/PHRASES/HELLO_HOW_YOU/HELLO_HOW_YOU_13.mp4,HELLO_HOW_YOU,True,3,0.9476042787233988,local_signer_03,0.8844764828681946,0.25604447722435,0.6284320056438446,True
data/raw_videos/PHRASES/HELLO_HOW_YOU/HELLO_HOW_YOU_14.mp4,HELLO_HOW_YOU,True,3,0.946123480796814,local_signer_03,0.8648570775985718,0.27158740162849426,0.5932696759700775,True
data/raw_videos/PHRASES/HELLO_HOW_YOU/HELLO_HOW_YOU_15.mp4,HELLO_HOW_YOU,True,3,0.9440262715021769,local_signer_03,0.8806010484695435,0.24540835618972778,0.6351926922798157,True
data/raw_videos/PHRASES/HELLO_HOW_YOU/HELLO_HOW_YOU_16.mp4,HELLO_HOW_YOU,True,3,0.9468552668889364,local_signer_03,0.8636709451675415,0.26876553893089294,0.5949054062366486,True
data/raw_videos/PHRASES/HELLO_HOW_YOU/HELLO_HOW_YOU_17.mp4,HELLO_HOW_YOU,True,3,0.9445555210113525,local_signer_03,0.8637992739677429,0.25674089789390564,0.6070583760738373,True
data/raw_videos/PHRASES/HELLO_HOW_YOU/HELLO_HOW_YOU_18.mp4,HELLO_HOW_YOU,True,3,0.9460628430048624,local_signer_03,0.8734564185142517,0.26250743865966797,0.6109489798545837,True
data/raw_videos/PHRASES/HELLO_HOW_YOU/HELLO_HOW_YOU_19.mp4,HELLO_HOW_YOU,True,3,0.9492186705271403,local_signer_03,0.8765007257461548,0.22457769513130188,0.6519230306148529,True
data/raw_videos/PHRASES/HELLO_HOW_YOU/HELLO_HOW_YOU_2.mp4,HELLO_HOW_YOU,True,3,0.9420586427052816,local_signer_03,0.8310493230819702,0.23640097677707672,0.5946483463048935,True
data/raw_videos/PHRASES/HELLO_HOW_YOU/HELLO_HOW_YOU_20.mp4,HELLO_HOW_YOU,True,3,0.9489973982175192,local_signer_03,0.8803117871284485,0.25461921095848083,0.6256925761699677,True
data/raw_videos/PHRASES/HELLO_HOW_YOU/HELLO_HOW_YOU_3.mp4,HELLO_HOW_YOU,True,3,0.9403088490168253,local_signer_03,0.8266391158103943,0.20916198194026947,0.6174771338701248,True
data/raw_videos/PHRASES/HELLO_HOW_YOU/HELLO_HOW_YOU_4.mp4,HELLO_HOW_YOU,True,3,0.9396260778109232,local_signer_03,0.83692866563797,0.23894578218460083,0.5979828834533691,True
data/raw_videos/PHRASES/HELLO_HOW_YOU/HELLO_HOW_YOU_5.mp4,HELLO_HOW_YOU,True,3,0.9406174222628275,local_signer_03,0.828537106513977,0.22614344954490662,0.6023936569690704,True
data/raw_videos/PHRASES/HELLO_HOW_YOU/HELLO_HOW_YOU_6.mp4,HELLO_HOW_YOU,True,3,0.9409282803535461,local_signer_03,0.8401686549186707,0.26648443937301636,0.5736842155456543,True
data/raw_videos/PHRASES/HELLO_HOW_YOU/HELLO_HOW_YOU_7.mp4,HELLO_HOW_YOU,True,3,0.9439947406450907,local_signer_03,0.8141626119613647,0.2608224153518677,0.5533401966094971,True
data/raw_videos/PHRASES/HELLO_HOW_YOU/HELLO_HOW_YOU_8.mp4,HELLO_HOW_YOU,True,3,0.9459192355473837,local_signer_03,0.8207810521125793,0.3107665181159973,0.510014533996582,True
data/raw_videos/PHRASES/HELLO_HOW_YOU/HELLO_HOW_YOU_9.mp4,HELLO_HOW_YOU,True,3,0.9407421946525574,local_signer_03,0.8315140604972839,0.26639166474342346,0.5651223957538605,True
data/raw_videos/PHRASES/HELLO_HOW_YOU/a0c81cbb.mp4,HELLO_HOW_YOU,False,3,0.945181409517924,local_signer_01,0.9198620915412903,0.6349997520446777,0.28486233949661255,True
data/raw_videos/PHRASES/HELLO_HOW_YOU/a0f35cb3.mp4,HELLO_HOW_YOU,False,3,0.9187628428141276,local_signer_02,0.8600070476531982,0.5615862011909485,0.29842084646224976,True
data/raw_videos/PHRASES/HELLO_HOW_YOU/a12235e8.mp4,HELLO_HOW_YOU,False,3,0.9248205025990804,local_signer_02,0.8968728184700012,0.43657827377319336,0.46029454469680786,True
data/raw_videos/PHRASES/HELLO_HOW_YOU/aaeb9c93.mp4,HELLO_HOW_YOU,False,3,0.9439877470334371,local_signer_01,0.9456573724746704,0.6980193257331848,0.2476380467414856,True
data/raw_videos/PHRASES/HELLO_HOW_YOU/af7b60e0.mp4,HELLO_HOW_YOU,False,3,0.9463049570719401,local_signer_01,0.9372175931930542,0.6765131950378418,0.2607043981552124,True
data/raw_videos/PHRASES/HELLO_HOW_YOU/b80ced33.mp4,HELLO_HOW_YOU,False,3,0.9448692599932352,local_signer_01,0.9303856492042542,0.6477100253105164,0.2826756238937378,True
data/raw_videos/PHRASES/HELLO_HOW_YOU/b84d32cc.mp4,HELLO_HOW_YOU,False,3,0.9358086983362833,local_signer_02,0.9130485653877258,0.4641088843345642,0.4489396810531616,True
data/raw_videos/PHRASES/HELLO_HOW_YOU/c18a49e6.mp4,HELLO_HOW_YOU,False,3,0.9459970792134603,local_signer_01,0.9451697468757629,0.6686612367630005,0.27650851011276245,True
data/raw_videos/PHRASES/HELLO_HOW_YOU/c2e41b7c.mp4,HELLO_HOW_YOU,False,3,0.9319078922271729,local_signer_02,0.8975634574890137,0.42635053396224976,0.4712129235267639,True
data/raw_videos/PHRASES/HELLO_HOW_YOU/c633c40e.mp4,HELLO_HOW_YOU,False,3,0.9512827197710673,local_signer_01,0.9353319406509399,0.6543003916740417,0.2810315489768982,True
data/raw_videos/PHRASES/HELLO_HOW_YOU/c86e578e.mp4,HELLO_HOW_YOU,False,3,0.9219178756078085,local_signer_02,0.8737831711769104,0.5480971336364746,0.3256860375404358,True
data/raw_videos/PHRASES/HELLO_HOW_YOU/c8ad628f.mp4,HELLO_HOW_YOU,False,3,0.952303151289622,local_signer_01,0.9278866648674011,0.6696860790252686,0.25820058584213257,True
data/raw_videos/PHRASES/HELLO_HOW_YOU/c9f79801.mp4,HELLO_HOW_YOU,False,3,0.9490049878756205,local_signer_01,0.9512349367141724,0.6867088079452515,0.2645261287689209,True
data/raw_videos/PHRASES/HELLO_HOW_YOU/ca015b2e.mp4,HELLO_HOW_YOU,False,3,0.9215575456619263,local_signer_02,0.851856529712677,0.5180012583732605,0.3338552713394165,True
data/raw_videos/PHRASES/HELLO_HOW_YOU/cdc3af08.mp4,HELLO_HOW_YOU,False,3,0.9298895200093588,local_signer_02,0.9176208972930908,0.4560701847076416,0.4615507125854492,True
data/raw_videos/PHRASES/HELLO_HOW_YOU/d02e508d.mp4,HELLO_HOW_YOU,False,3,0.9469813704490662,local_signer_01,0.9522632360458374,0.6760987639427185,0.2761644721031189,True
data/raw_videos/PHRASES/HELLO_HOW_YOU/d6253547.mp4,HELLO_HOW_YOU,False,3,0.9466473658879598,local_signer_01,0.9439279437065125,0.6843125224113464,0.259615421295166,True
data/raw_videos/PHRASES/HELLO_HOW_YOU/d665e9b7.mp4,HELLO_HOW_YOU,False,3,0.9394798080126444,local_signer_02,0.9133458733558655,0.4051250219345093,0.5082208514213562,True
data/raw_videos/PHRASES/HELLO_HOW_YOU/dc203174.mp4,HELLO_HOW_YOU,False,3,0.9466706911722819,local_signer_01,0.9284992814064026,0.6509502530097961,0.27754902839660645,True
data/raw_videos/PHRASES/HELLO_HOW_YOU/dcec9c83.mp4,HELLO_HOW_YOU,False,3,0.9341203769048055,local_signer_02,0.8762374520301819,0.4543469250202179,0.421890527009964,True
data/raw_videos/PHRASES/HELLO_HOW_YOU/dfda6a10.mp4,HELLO_HOW_YOU,False,3,0.9483195543289185,local_signer_01,0.9248524904251099,0.5989018678665161,0.32595062255859375,True
data/raw_videos/PHRASES/HELLO_HOW_YOU/e2ed76e1.mp4,HELLO_HOW_YOU,False,3,0.9300607045491537,local_signer_02,0.9334027171134949,0.48916923999786377,0.4442334771156311,True
data/raw_videos/PHRASES/HELLO_HOW_YOU/e8281df9.mp4,HELLO_HOW_YOU,False,3,0.9505044221878052,local_signer_01,0.9173955321311951,0.624122679233551,0.29327285289764404,True
data/raw_videos/PHRASES/HELLO_HOW_YOU/e8e2e714.mp4,HELLO_HOW_YOU,False,3,0.949642558892568,local_signer_01,0.9133952856063843,0.6576572060585022,0.2557380795478821,True
data/raw_videos/PHRASES/HELLO_HOW_YOU/ec4acdde.mp4,HELLO_HOW_YOU,False,3,0.928552250067393,local_signer_02,0.9102140069007874,0.4409506618976593,0.46926334500312805,True
data/raw_videos/PHRASES/HELLO_HOW_YOU/ecedfdd1.mp4,HELLO_HOW_YOU,False,3,0.9351566235224406,local_signer_02,0.9115378856658936,0.4652455151081085,0.44629237055778503,True
data/raw_videos/PHRASES/HELLO_HOW_YOU/ee3415da.mp4,HELLO_HOW_YOU,False,3,0.9467643102010092,local_signer_01,0.9210336804389954,0.6358667612075806,0.2851669192314148,True
data/raw_videos/PHRASES/HELLO_HOW_YOU/efbccc6a.mp4,HELLO_HOW_YOU,False,3,0.9480377435684204,local_signer_01,0.909783124923706,0.6034591197967529,0.3063240051269531,True
data/raw_videos/PHRASES/HELLO_HOW_YOU/f0b6ec18.mp4,HELLO_HOW_YOU,False,3,0.947914699713389,local_signer_01,0.9364053606987,0.6675733923912048,0.2688319683074951,True
data/raw_videos/PHRASES/HELLO_HOW_YOU/f0e3b658.mp4,HELLO_HOW_YOU,False,3,0.9460186163584391,local_signer_01,0.940284788608551,0.6860702037811279,0.2542145848274231,True
data/raw_videos/PHRASES/HELLO_HOW_YOU/f1d4d9e8.mp4,HELLO_HOW_YOU,False,3,0.9457317789395651,local_signer_01,0.9391137361526489,0.6699514985084534,0.26916223764419556,True
data/raw_videos/PHRASES/HELLO_HOW_YOU/f242027b.mp4,HELLO_HOW_YOU,False,3,0.9460531870524088,local_signer_01,0.9507708549499512,0.689049243927002,0.2617216110229492,True
data/raw_videos/PHRASES/HELLO_HOW_YOU/f29e67a4.mp4,HELLO_HOW_YOU,False,3,0.9485588073730469,local_signer_01,0.9392880201339722,0.6974301338195801,0.2418578863143921,True
data/raw_videos/PHRASES/HELLO_HOW_YOU/f6a616f4.mp4,HELLO_HOW_YOU,False,3,0.9432220856348673,local_signer_01,0.8935080766677856,0.5742967128753662,0.31921136379241943,True
data/raw_videos/PHRASES/HELLO_HOW_YOU/ff187c3f.mp4,HELLO_HOW_YOU,False,3,0.9228236476580302,local_signer_02,0.8784455060958862,0.4871125817298889,0.3913329243659973,True
data/raw_videos/PHRASES/I_WANT_FOOD/02951755.mp4,I_WANT_FOOD,False,3,0.9132546782493591,local_signer_02,0.8311924338340759,0.4900757968425751,0.34111663699150085,True
data/raw_videos/PHRASES/I_WANT_FOOD/0870ee72.mp4,I_WANT_FOOD,False,3,0.9420704245567322,local_signer_01,0.8659982681274414,0.5558719038963318,0.3101263642311096,True
data/raw_videos/PHRASES/I_WANT_FOOD/08d3d22b.mp4,I_WANT_FOOD,False,3,0.9450667500495911,local_signer_01,0.9378301501274109,0.6671596169471741,0.2706705331802368,True
data/raw_videos/PHRASES/I_WANT_FOOD/0a666dcc.mp4,I_WANT_FOOD,False,3,0.90344766775767,local_signer_02,0.8729102611541748,0.5335020422935486,0.3394082188606262,True
data/raw_videos/PHRASES/I_WANT_FOOD/27e1c804.mp4,I_WANT_FOOD,False,3,0.9446477293968201,local_signer_01,0.886854350566864,0.5638683438301086,0.32298600673675537,True
data/raw_videos/PHRASES/I_WANT_FOOD/2a2a351e.mp4,I_WANT_FOOD,False,3,0.9433489441871643,local_signer_01,0.8847827315330505,0.5483653545379639,0.33641737699508667,True
data/raw_videos/PHRASES/I_WANT_FOOD/2a440f58.mp4,I_WANT_FOOD,False,3,0.9449858466784159,local_signer_01,0.9329047799110413,0.6665937304496765,0.26631104946136475,True
data/raw_videos/PHRASES/I_WANT_FOOD/39488dbb.mp4,I_WANT_FOOD,False,3,0.9148513873418173,local_signer_02,0.9006574749946594,0.5483396649360657,0.35231781005859375,True
data/raw_videos/PHRASES/I_WANT_FOOD/3b8420d5.mp4,I_WANT_FOOD,False,3,0.8972395658493042,local_signer_02,0.8240051865577698,0.5257686972618103,0.2982364892959595,True
data/raw_videos/PHRASES/I_WANT_FOOD/3c19da8a.mp4,I_WANT_FOOD,False,3,0.9480731089909872,local_signer_01,0.8866662979125977,0.5539711713790894,0.3326951265335083,True
data/raw_videos/PHRASES/I_WANT_FOOD/3e9dad17.mp4,I_WANT_FOOD,False,3,0.9032250245412191,local_signer_02,0.8279097676277161,0.5357879996299744,0.2921217679977417,True
data/raw_videos/PHRASES/I_WANT_FOOD/4034d2bb.mp4,I_WANT_FOOD,False,3,0.9489643375078837,local_signer_01,0.9097540974617004,0.6281741857528687,0.2815799117088318,True
data/raw_videos/PHRASES/I_WANT_FOOD/4088094a.mp4,I_WANT_FOOD,False,3,0.9023564259211222,local_signer_02,0.7924782633781433,0.5846453905105591,0.20783287286758423,True
data/raw_videos/PHRASES/I_WANT_FOOD/4486bf8e.mp4,I_WANT_FOOD,False,3,0.9014163017272949,local_signer_02,0.9006885290145874,0.5445477366447449,0.35614079236984253,True
data/raw_videos/PHRASES/I_WANT_FOOD/4a954c08.mp4,I_WANT_FOOD,False,3,0.9003809889157613,local_signer_02,0.8525102734565735,0.5337332487106323,0.31877702474594116,True
data/raw_videos/PHRASES/I_WANT_FOOD/55a0cc4b.mp4,I_WANT_FOOD,False,3,0.9434533913930258,local_signer_01,0.9343013763427734,0.6863553524017334,0.24794602394104004,True
data/raw_videos/PHRASES/I_WANT_FOOD/5a1cba8c.mp4,I_WANT_FOOD,False,3,0.9462127884229025,local_signer_01,0.95235276222229,0.7084559202194214,0.24389684200286865,True
data/raw_videos/PHRASES/I_WANT_FOOD/5a87d62b.mp4,I_WANT_FOOD,False,3,0.9417168498039246,local_signer_01,0.9315984845161438,0.6499507427215576,0.2816477417945862,True
data/raw_videos/PHRASES/I_WANT_FOOD/5dde57f1.mp4,I_WANT_FOOD,False,3,0.9108941952387491,local_signer_02,0.9118201732635498,0.5524024963378906,0.3594176769256592,True
data/raw_videos/PHRASES/I_WANT_FOOD/6188bfca.mp4,I_WANT_FOOD,False,3,0.8967166543006897,local_signer_02,0.8280954957008362,0.5344856977462769,0.2936097979545593,True
data/raw_videos/PHRASES/I_WANT_FOOD/6ed32aae.mp4,I_WANT_FOOD,False,3,0.9394879341125488,local_signer_01,0.9188776612281799,0.6727015972137451,0.24617606401443481,True
data/raw_videos/PHRASES/I_WANT_FOOD/78666e0c.mp4,I_WANT_FOOD,False,3,0.9458965063095093,local_signer_01,0.9312015771865845,0.6284294128417969,0.3027721643447876,True
data/raw_videos/PHRASES/I_WANT_FOOD/7ae70026.mp4,I_WANT_FOOD,False,3,0.9011677900950114,local_signer_02,0.8817864060401917,0.5098946690559387,0.37189173698425293,True
data/raw_videos/PHRASES/I_WANT_FOOD/852d0e9d.mp4,I_WANT_FOOD,False,3,0.9438146154085795,local_signer_01,0.9103764295578003,0.651929497718811,0.25844693183898926,True
data/raw_videos/PHRASES/I_WANT_FOOD/86c550d9.mp4,I_WANT_FOOD,False,3,0.9453981121381124,local_signer_01,0.9448575973510742,0.696772038936615,0.24808555841445923,True
data/raw_videos/PHRASES/I_WANT_FOOD/8a9eef0f.mp4,I_WANT_FOOD,False,3,0.8975913325945536,local_signer_02,0.9114324450492859,0.5761475563049316,0.33528488874435425,True
data/raw_videos/PHRASES/I_WANT_FOOD/9822068e.mp4,I_WANT_FOOD,False,3,0.8841696182886759,local_signer_02,0.8977342844009399,0.5531065464019775,0.3446277379989624,True
data/raw_videos/PHRASES/I_WANT_FOOD/I_WANT_FOOD_1.mp4,I_WANT_FOOD,True,3,0.950441042582194,local_signer_03,0.9435710310935974,0.28719618916511536,0.6563748419284821,True
data/raw_videos/PHRASES/I_WANT_FOOD/I_WANT_FOOD_10.mp4,I_WANT_FOOD,True,3,0.9496185580889384,local_signer_03,0.9529988169670105,0.255054771900177,0.6979440450668335,True
data/raw_videos/PHRASES/I_WANT_FOOD/I_WANT_FOOD_11.mp4,I_WANT_FOOD,True,3,0.9481210509936014,local_signer_03,0.9525907635688782,0.27279338240623474,0.6797973811626434,True
data/raw_videos/PHRASES/I_WANT_FOOD/I_WANT_FOOD_12.mp4,I_WANT_FOOD,True,3,0.9486316839853922,local_signer_03,0.9295139908790588,0.26805752515792847,0.6614564657211304,True
data/raw_videos/PHRASES/I_WANT_FOOD/I_WANT_FOOD_13.mp4,I_WANT_FOOD,True,3,0.945886512597402,local_signer_03,0.9330165982246399,0.23500564694404602,0.6980109512805939,True
data/raw_videos/PHRASES/I_WANT_FOOD/I_WANT_FOOD_14.mp4,I_WANT_FOOD,True,3,0.9498168031374613,local_signer_03,0.9299375414848328,0.28722113370895386,0.6427164077758789,True
data/raw_videos/PHRASES/I_WANT_FOOD/I_WANT_FOOD_15.mp4,I_WANT_FOOD,True,3,0.9490362008412679,local_signer_03,0.9562451243400574,0.2844223082065582,0.6718228161334991,True
data/raw_videos/PHRASES/I_WANT_FOOD/I_WANT_FOOD_16.mp4,I_WANT_FOOD,True,3,0.9444291194279989,local_signer_03,0.9552720189094543,0.27409619092941284,0.6811758279800415,True
data/raw_videos/PHRASES/I_WANT_FOOD/I_WANT_FOOD_17.mp4,I_WANT_FOOD,True,3,0.9464860955874125,local_signer_03,0.9549595713615417,0.3039640188217163,0.6509955525398254,True
data/raw_videos/PHRASES/I_WANT_FOOD/I_WANT_FOOD_18.mp4,I_WANT_FOOD,True,3,0.9467065533002218,local_signer_03,0.9431754350662231,0.3056562542915344,0.6375191807746887,True
data/raw_videos/PHRASES/I_WANT_FOOD/I_WANT_FOOD_19.mp4,I_WANT_FOOD,True,3,0.9464345971743265,local_signer_03,0.9445326924324036,0.2970704436302185,0.6474622488021851,True
data/raw_videos/PHRASES/I_WANT_FOOD/I_WANT_FOOD_2.mp4,I_WANT_FOOD,True,3,0.9521839022636414,local_signer_03,0.9307246804237366,0.2935844361782074,0.6371402442455292,True
data/raw_videos/PHRASES/I_WANT_FOOD/I_WANT_FOOD_20.mp4,I_WANT_FOOD,True,3,0.9473732908566793,local_signer_03,0.9491177797317505,0.29275602102279663,0.6563617587089539,True
data/raw_videos/PHRASES/I_WANT_FOOD/I_WANT_FOOD_3.mp4,I_WANT_FOOD,True,3,0.9504549503326416,local_signer_03,0.9351304173469543,0.2872377038002014,0.6478927135467529,True
data/raw_videos/PHRASES/I_WANT_FOOD/I_WANT_FOOD_4.mp4,I_WANT_FOOD,True,3,0.9482540885607401,local_signer_03,0.927830696105957,0.31856486201286316,0.6092658340930939,True
data/raw_videos/PHRASES/I_WANT_FOOD/I_WANT_FOOD_5.mp4,I_WANT_FOOD,True,3,0.9496791561444601,local_signer_03,0.9254077076911926,0.31838732957839966,0.607020378112793,True
data/raw_videos/PHRASES/I_WANT_FOOD/I_WANT_FOOD_6.mp4,I_WANT_FOOD,True,3,0.9503980875015259,local_signer_03,0.9301363825798035,0.2856700122356415,0.644466370344162,True
data/raw_videos/PHRASES/I_WANT_FOOD/I_WANT_FOOD_7.mp4,I_WANT_FOOD,True,3,0.9437031348546346,local_signer_03,0.9622005820274353,0.3032490909099579,0.6589514911174774,True
data/raw_videos/PHRASES/I_WANT_FOOD/I_WANT_FOOD_8.mp4,I_WANT_FOOD,True,3,0.9459653894106547,local_signer_03,0.9594570398330688,0.28499412536621094,0.6744629144668579,True
data/raw_videos/PHRASES/I_WANT_FOOD/I_WANT_FOOD_9.mp4,I_WANT_FOOD,True,3,0.9436379671096802,local_signer_03,0.9485507607460022,0.25657200813293457,0.6919787526130676,True
data/raw_videos/PHRASES/I_WANT_FOOD/a352b9b8.mp4,I_WANT_FOOD,False,3,0.9159918030103048,local_signer_02,0.7923442125320435,0.510323703289032,0.2820205092430115,True
data/raw_videos/PHRASES/I_WANT_FOOD/a3c4862f.mp4,I_WANT_FOOD,False,3,0.9037992358207703,local_signer_02,0.8865661025047302,0.5901232957839966,0.29644280672073364,True
data/raw_videos/PHRASES/I_WANT_FOOD/acf59606.mp4,I_WANT_FOOD,False,3,0.9425210158030192,local_signer_01,0.9453476071357727,0.7033453583717346,0.24200224876403809,True
data/raw_videos/PHRASES/I_WANT_FOOD/af8316a6.mp4,I_WANT_FOOD,False,3,0.9445730646451315,local_signer_01,0.938834011554718,0.6747362017631531,0.26409780979156494,True
data/raw_videos/PHRASES/I_WANT_FOOD/af999d6c.mp4,I_WANT_FOOD,False,3,0.9016720652580261,local_signer_02,0.8662385940551758,0.5389769077301025,0.32726168632507324,True
data/raw_videos/PHRASES/I_WANT_FOOD/b00cc98d.mp4,I_WANT_FOOD,False,3,0.8758015632629395,local_signer_02,0.7697480320930481,0.5288792848587036,0.24086874723434448,True
data/raw_videos/PHRASES/I_WANT_FOOD/b541e05c.mp4,I_WANT_FOOD,False,3,0.899086614449819,local_signer_02,0.8708907961845398,0.5568191409111023,0.3140716552734375,True
data/raw_videos/PHRASES/I_WANT_FOOD/c79e7358.mp4,I_WANT_FOOD,False,3,0.9473893245061239,local_signer_01,0.9503297209739685,0.6930648684501648,0.2572648525238037,True
data/raw_videos/PHRASES/I_WANT_FOOD/d6e81cf4.mp4,I_WANT_FOOD,False,3,0.9086624979972839,local_signer_02,0.8642659187316895,0.5312756299972534,0.33299028873443604,True
data/raw_videos/PHRASES/I_WANT_FOOD/e7ed26f3.mp4,I_WANT_FOOD,False,3,0.945402185122172,local_signer_01,0.9363956451416016,0.6698901653289795,0.26650547981262207,True
data/raw_videos/PHRASES/I_WANT_FOOD/f073e1ed.mp4,I_WANT_FOOD,False,3,0.9040419658025106,local_signer_02,0.8233672380447388,0.5150317549705505,0.30833548307418823,True
data/raw_videos/PHRASES/I_WANT_FOOD/f3bc59a9.mp4,I_WANT_FOOD,False,3,0.9442704121271769,local_signer_01,0.9281681776046753,0.651119589805603,0.27704858779907227,True
data/raw_videos/PHRASES/I_WANT_FOOD/fe2381fd.mp4,I_WANT_FOOD,False,3,0.9433313210805258,local_signer_01,0.9143639802932739,0.6603954434394836,0.2539685368537903,True
data/raw_videos/PHRASES/MY_NAME/01dceafc.mp4,MY_NAME,False,3,0.9499019583066305,local_signer_01,0.9333160519599915,0.7109957337379456,0.2223203182220459,True
data/raw_videos/PHRASES/MY_NAME/02a79892.mp4,MY_NAME,False,3,0.9492067495981852,local_signer_01,0.9214485287666321,0.6973836421966553,0.2240648865699768,True
data/raw_videos/PHRASES/MY_NAME/06404dd0.mp4,MY_NAME,False,3,0.9471521178881327,local_signer_01,0.900271475315094,0.6541978716850281,0.24607360363006592,True
data/raw_videos/PHRASES/MY_NAME/0910dd4d.mp4,MY_NAME,False,3,0.9049254655838013,local_signer_02,0.8766880035400391,0.5878146290779114,0.2888733744621277,True
data/raw_videos/PHRASES/MY_NAME/16fab086.mp4,MY_NAME,False,3,0.904123584429423,local_signer_02,0.867895245552063,0.5122389197349548,0.35565632581710815,True
data/raw_videos/PHRASES/MY_NAME/19bdd2dc.mp4,MY_NAME,False,3,0.9467281301816305,local_signer_01,0.9312615990638733,0.7017075419425964,0.22955405712127686,True
data/raw_videos/PHRASES/MY_NAME/294773d1.mp4,MY_NAME,False,3,0.8980631430943807,local_signer_02,0.8005247116088867,0.4895867705345154,0.31093794107437134,True
data/raw_videos/PHRASES/MY_NAME/2ccc5e0e.mp4,MY_NAME,False,3,0.9489790399869283,local_signer_01,0.9166237711906433,0.6889874935150146,0.22763627767562866,True
data/raw_videos/PHRASES/MY_NAME/2e1576e6.mp4,MY_NAME,False,3,0.9474826653798422,local_signer_01,0.9231396317481995,0.7067595720291138,0.2163800597190857,True
data/raw_videos/PHRASES/MY_NAME/42506258.mp4,MY_NAME,False,3,0.8936864137649536,local_signer_02,0.8461283445358276,0.5864413380622864,0.25968700647354126,True
data/raw_videos/PHRASES/MY_NAME/42a7e6bf.mp4,MY_NAME,False,3,0.9487845698992411,local_signer_01,0.9039321541786194,0.7223989367485046,0.18153321743011475,True
data/raw_videos/PHRASES/MY_NAME/48ed40f6.mp4,MY_NAME,False,3,0.9248810807863871,local_signer_02,0.8477039337158203,0.5069376230239868,0.3407663106918335,True
data/raw_videos/PHRASES/MY_NAME/4a2344d5.mp4,MY_NAME,False,3,0.9475105206171671,local_signer_01,0.9232511520385742,0.719779908657074,0.20347124338150024,True
data/raw_videos/PHRASES/MY_NAME/4e86d1d3.mp4,MY_NAME,False,3,0.9078801472981771,local_signer_02,0.8727428913116455,0.5755171775817871,0.2972257137298584,True
data/raw_videos/PHRASES/MY_NAME/63b854f7.mp4,MY_NAME,False,3,0.9164683222770691,local_signer_02,0.9052672386169434,0.5706026554107666,0.33466458320617676,True
data/raw_videos/PHRASES/MY_NAME/6421a5a1.mp4,MY_NAME,False,3,0.9121961196263632,local_signer_02,0.8843978643417358,0.5087537169456482,0.37564414739608765,True
data/raw_videos/PHRASES/MY_NAME/66c23995.mp4,MY_NAME,False,3,0.9088784058888754,local_signer_02,0.8760350346565247,0.5352227091789246,0.3408123254776001,True
data/raw_videos/PHRASES/MY_NAME/6d50f8ef.mp4,MY_NAME,False,3,0.943844735622406,local_signer_01,0.91838139295578,0.7159900069236755,0.2023913860321045,True
data/raw_videos/PHRASES/MY_NAME/78376b6a.mp4,MY_NAME,False,3,0.8932172258694967,local_signer_02,0.8281236886978149,0.5669963359832764,0.2611273527145386,True
data/raw_videos/PHRASES/MY_NAME/883e1d6d.mp4,MY_NAME,False,3,0.9109810789426168,local_signer_02,0.8808320164680481,0.5077989101409912,0.3730331063270569,True
data/raw_videos/PHRASES/MY_NAME/88cf1bc7.mp4,MY_NAME,False,3,0.9136109948158264,local_signer_02,0.8593451976776123,0.5270390510559082,0.3323061466217041,True
data/raw_videos/PHRASES/MY_NAME/8920fc64.mp4,MY_NAME,False,3,0.9482102195421854,local_signer_01,0.9448085427284241,0.7151358723640442,0.22967267036437988,True
data/raw_videos/PHRASES/MY_NAME/89bcf928.mp4,MY_NAME,False,3,0.9466354250907898,local_signer_01,0.9138168692588806,0.7110723853111267,0.2027444839477539,True
data/raw_videos/PHRASES/MY_NAME/9a9826b6.mp4,MY_NAME,False,3,0.9469769795735677,local_signer_01,0.9179241061210632,0.700285792350769,0.2176383137702942,True
data/raw_videos/PHRASES/MY_NAME/MY_NAME_1.mp4,MY_NAME,True,3,0.9467861453692118,local_signer_03,0.935196578502655,0.28727948665618896,0.6479170918464661,True
data/raw_videos/PHRASES/MY_NAME/MY_NAME_10.mp4,MY_NAME,True,3,0.9462106426556905,local_signer_03,0.9505005478858948,0.27594947814941406,0.6745510697364807,True
data/raw_videos/PHRASES/MY_NAME/MY_NAME_11.mp4,MY_NAME,True,3,0.9388452768325806,local_signer_03,0.9166147708892822,0.2517639696598053,0.6648508012294769,True
data/raw_videos/PHRASES/MY_NAME/MY_NAME_12.mp4,MY_NAME,True,3,0.9383616844813029,local_signer_03,0.9220024943351746,0.24682198464870453,0.67518050968647,True
data/raw_videos/PHRASES/MY_NAME/MY_NAME_13.mp4,MY_NAME,True,3,0.9368861516316732,local_signer_03,0.9247097969055176,0.2504662275314331,0.6742435693740845,True
data/raw_videos/PHRASES/MY_NAME/MY_NAME_14.mp4,MY_NAME,True,3,0.9386371374130249,local_signer_03,0.9372358918190002,0.2582681179046631,0.6789677739143372,True
data/raw_videos/PHRASES/MY_NAME/MY_NAME_15.mp4,MY_NAME,True,3,0.9415867129961649,local_signer_03,0.9377474784851074,0.2588667571544647,0.6788807213306427,True
data/raw_videos/PHRASES/MY_NAME/MY_NAME_16.mp4,MY_NAME,True,3,0.9425642689069113,local_signer_03,0.9412140846252441,0.2938043177127838,0.6474097669124603,True
data/raw_videos/PHRASES/MY_NAME/MY_NAME_17.mp4,MY_NAME,True,3,0.9401163458824158,local_signer_03,0.9323788285255432,0.2510862946510315,0.6812925338745117,True
data/raw_videos/PHRASES/MY_NAME/MY_NAME_18.mp4,MY_NAME,True,3,0.9398577809333801,local_signer_03,0.9384210109710693,0.25622686743736267,0.6821941435337067,True
data/raw_videos/PHRASES/MY_NAME/MY_NAME_19.mp4,MY_NAME,True,3,0.9395340283711752,local_signer_03,0.9406263828277588,0.287494957447052,0.6531314253807068,True
data/raw_videos/PHRASES/MY_NAME/MY_NAME_2.mp4,MY_NAME,True,3,0.9475928942362467,local_signer_03,0.9437689781188965,0.265164315700531,0.6786046624183655,True
data/raw_videos/PHRASES/MY_NAME/MY_NAME_20.mp4,MY_NAME,True,3,0.9425908724466959,local_signer_03,0.9547588229179382,0.2830430269241333,0.6717157959938049,True
data/raw_videos/PHRASES/MY_NAME/MY_NAME_3.mp4,MY_NAME,True,3,0.9497026801109314,local_signer_03,0.9485068321228027,0.27185797691345215,0.6766488552093506,True
data/raw_videos/PHRASES/MY_NAME/MY_NAME_4.mp4,MY_NAME,True,3,0.9471054673194885,local_signer_03,0.9468375444412231,0.29090574383735657,0.6559318006038666,True
data/raw_videos/PHRASES/MY_NAME/MY_NAME_5.mp4,MY_NAME,True,3,0.9422073364257812,local_signer_03,0.9344276189804077,0.2854333519935608,0.6489942669868469,True
data/raw_videos/PHRASES/MY_NAME/MY_NAME_6.mp4,MY_NAME,True,3,0.9451043605804443,local_signer_03,0.9342750906944275,0.2749810218811035,0.659294068813324,True
data/raw_videos/PHRASES/MY_NAME/MY_NAME_7.mp4,MY_NAME,True,3,0.947584847609202,local_signer_03,0.9351553916931152,0.3050619065761566,0.6300934851169586,True
data/raw_videos/PHRASES/MY_NAME/MY_NAME_8.mp4,MY_NAME,True,3,0.9476032257080078,local_signer_03,0.9382686018943787,0.2624616324901581,0.6758069694042206,True
data/raw_videos/PHRASES/MY_NAME/MY_NAME_9.mp4,MY_NAME,True,3,0.9480215907096863,local_signer_03,0.9292062520980835,0.2768852114677429,0.6523210406303406,True
data/raw_videos/PHRASES/MY_NAME/a307ecb3.mp4,MY_NAME,False,3,0.9137760202089945,local_signer_02,0.868131160736084,0.5372112989425659,0.33091986179351807,True
data/raw_videos/PHRASES/MY_NAME/a9192f18.mp4,MY_NAME,False,3,0.9174293279647827,local_signer_02,0.8694666028022766,0.5218154191970825,0.3476511836051941,True
data/raw_videos/PHRASES/MY_NAME/b83afe24.mp4,MY_NAME,False,3,0.9178197185198466,local_signer_02,0.8795047402381897,0.5323746204376221,0.3471301198005676,True
data/raw_videos/PHRASES/MY_NAME/bab3adfa.mp4,MY_NAME,False,3,0.9155617753664652,local_signer_02,0.8956092000007629,0.5037676692008972,0.3918415307998657,True
data/raw_videos/PHRASES/MY_NAME/bc2a9664.mp4,MY_NAME,False,3,0.9471632242202759,local_signer_01,0.9104087948799133,0.6873835921287537,0.22302520275115967,True
data/raw_videos/PHRASES/MY_NAME/c1735057.mp4,MY_NAME,False,3,0.9447645942370096,local_signer_01,0.9259347915649414,0.7031853199005127,0.2227494716644287,True
data/raw_videos/PHRASES/MY_NAME/c6ef9014.mp4,MY_NAME,False,3,0.946859339872996,local_signer_01,0.9150248765945435,0.6608179807662964,0.25420689582824707,True
data/raw_videos/PHRASES/MY_NAME/d00c3fd4.mp4,MY_NAME,False,3,0.9446195562680563,local_signer_01,0.8968775272369385,0.5850827097892761,0.31179481744766235,True
data/raw_videos/PHRASES/MY_NAME/d7eaa7cf.mp4,MY_NAME,False,3,0.9053153594334921,local_signer_02,0.8314723968505859,0.5980368852615356,0.2334355115890503,True
data/raw_videos/PHRASES/MY_NAME/db425092.mp4,MY_NAME,False,3,0.9456779956817627,local_signer_01,0.8806787729263306,0.5705167055130005,0.3101620674133301,True
data/raw_videos/PHRASES/MY_NAME/e7d64e6e.mp4,MY_NAME,False,3,0.9489678343137106,local_signer_01,0.92568439245224,0.709318220615387,0.21636617183685303,True
data/raw_videos/PHRASES/MY_NAME/f08f5f5c.mp4,MY_NAME,False,3,0.8927051822344462,local_signer_02,0.8406551480293274,0.5681889653205872,0.27246618270874023,True
data/raw_videos/PHRASES/MY_NAME/f1e223cb.mp4,MY_NAME,False,3,0.907243033250173,local_signer_02,0.8722689151763916,0.6032092571258545,0.2690596580505371,True
data/raw_videos/PHRASES/MY_NAME/f5da6f78.mp4,MY_NAME,False,3,0.9466074705123901,local_signer_01,0.9323984384536743,0.714483380317688,0.21791505813598633,True
data/raw_videos/PHRASES/MY_NAME/f6d61c7d.mp4,MY_NAME,False,3,0.9496150612831116,local_signer_01,0.9223526120185852,0.657214879989624,0.2651377320289612,True
data/raw_videos/PHRASES/MY_NAME/f7edaae9.mp4,MY_NAME,False,3,0.9001758893330892,local_signer_02,0.8278121948242188,0.4985886514186859,0.32922354340553284,True
data/raw_videos/PHRASES/PLEASE_HELP_ME/06fe3b1b.mp4,PLEASE_HELP_ME,False,3,0.9268728494644165,local_signer_02,0.9422562718391418,0.5186578631401062,0.42359840869903564,True
data/raw_videos/PHRASES/PLEASE_HELP_ME/095872b4.mp4,PLEASE_HELP_ME,False,3,0.9292025566101074,local_signer_02,0.9175399541854858,0.453615665435791,0.4639242887496948,True
data/raw_videos/PHRASES/PLEASE_HELP_ME/09d3e2c0.mp4,PLEASE_HELP_ME,False,3,0.9310566782951355,local_signer_02,0.9251559972763062,0.471497505903244,0.45365849137306213,True
data/raw_videos/PHRASES/PLEASE_HELP_ME/0b2bb25b.mp4,PLEASE_HELP_ME,False,3,0.9310265978177389,local_signer_02,0.8865075707435608,0.46336400508880615,0.42314356565475464,True
data/raw_videos/PHRASES/PLEASE_HELP_ME/0ba6ef47.mp4,PLEASE_HELP_ME,False,3,0.9321205417315165,local_signer_02,0.895659327507019,0.5273594260215759,0.3682999014854431,True
data/raw_videos/PHRASES/PLEASE_HELP_ME/11461e5c.mp4,PLEASE_HELP_ME,False,3,0.9450022180875143,local_signer_01,0.8742362856864929,0.7829311490058899,0.09130513668060303,True
data/raw_videos/PHRASES/PLEASE_HELP_ME/12a886c6.mp4,PLEASE_HELP_ME,False,3,0.9311658342679342,local_signer_02,0.9416720867156982,0.5159700512886047,0.4257020354270935,True
data/raw_videos/PHRASES/PLEASE_HELP_ME/12f4dd3b.mp4,PLEASE_HELP_ME,False,3,0.9440490007400513,local_signer_01,0.932930052280426,0.7217977046966553,0.21113234758377075,True
data/raw_videos/PHRASES/PLEASE_HELP_ME/14b15dd2.mp4,PLEASE_HELP_ME,False,3,0.9397394259770712,local_signer_02,0.9149206280708313,0.47220486402511597,0.44271576404571533,True
data/raw_videos/PHRASES/PLEASE_HELP_ME/1aa3bf9e.mp4,PLEASE_HELP_ME,False,3,0.9254396359125773,local_signer_02,0.9321200251579285,0.5034326910972595,0.42868733406066895,True
data/raw_videos/PHRASES/PLEASE_HELP_ME/1ac51192.mp4,PLEASE_HELP_ME,False,3,0.9298588633537292,local_signer_02,0.9273648858070374,0.5147220492362976,0.41264283657073975,True
data/raw_videos/PHRASES/PLEASE_HELP_ME/1c00feea.mp4,PLEASE_HELP_ME,False,3,0.9360153873761495,local_signer_02,0.9264402985572815,0.4525224268436432,0.4739178717136383,True
data/raw_videos/PHRASES/PLEASE_HELP_ME/20184234.mp4,PLEASE_HELP_ME,False,3,0.9437009890874227,local_signer_01,0.925864040851593,0.7083066701889038,0.2175573706626892,True
data/raw_videos/PHRASES/PLEASE_HELP_ME/229139e0.mp4,PLEASE_HELP_ME,False,3,0.9352328379948934,local_signer_02,0.9152125120162964,0.4425191879272461,0.4726933240890503,True
data/raw_videos/PHRASES/PLEASE_HELP_ME/22a426c5.mp4,PLEASE_HELP_ME,False,3,0.9285824696222941,local_signer_02,0.9396651387214661,0.48877084255218506,0.450894296169281,True
data/raw_videos/PHRASES/PLEASE_HELP_ME/233ec17b.mp4,PLEASE_HELP_ME,False,3,0.9473999540011088,local_signer_01,0.9185513257980347,0.6967939734458923,0.22175735235214233,True
data/raw_videos/PHRASES/PLEASE_HELP_ME/24b07989.mp4,PLEASE_HELP_ME,False,3,0.9315622250239054,local_signer_02,0.9219740629196167,0.4748329520225525,0.4471411108970642,True
data/raw_videos/PHRASES/PLEASE_HELP_ME/250edf41.mp4,PLEASE_HELP_ME,False,3,0.9502574404080709,local_signer_04,0.8331310749053955,0.6039252877235413,0.22920578718185425,True
data/raw_videos/PHRASES/PLEASE_HELP_ME/2ae5a35a.mp4,PLEASE_HELP_ME,False,3,0.9443556070327759,local_signer_01,0.8823682069778442,0.5827842950820923,0.29958391189575195,True
data/raw_videos/PHRASES/PLEASE_HELP_ME/2b7f2a27.mp4,PLEASE_HELP_ME,False,3,0.9457340836524963,local_signer_01,0.939591109752655,0.7234278321266174,0.2161632776260376,True
data/raw_videos/PHRASES/PLEASE_HELP_ME/2bd15b8f.mp4,PLEASE_HELP_ME,False,3,0.944881002108256,local_signer_01,0.9122055768966675,0.7324520945549011,0.17975348234176636,True
data/raw_videos/PHRASES/PLEASE_HELP_ME/2c987edd.mp4,PLEASE_HELP_ME,False,3,0.9478098154067993,local_signer_04,0.8640519976615906,0.6077308058738708,0.2563211917877197,True
data/raw_videos/PHRASES/PLEASE_HELP_ME/3607b1a6.mp4,PLEASE_HELP_ME,False,3,0.9383057951927185,local_signer_02,0.9142779111862183,0.45458805561065674,0.4596898555755615,True
data/raw_videos/PHRASES/PLEASE_HELP_ME/3811fd72.mp4,PLEASE_HELP_ME,False,3,0.9418094158172607,local_signer_01,0.8907183408737183,0.6252211928367615,0.2654971480369568,True
data/raw_videos/PHRASES/PLEASE_HELP_ME/3cf455ba.mp4,PLEASE_HELP_ME,False,3,0.9313380519549052,local_signer_02,0.9366995692253113,0.4835668206214905,0.4531327486038208,True
data/raw_videos/PHRASES/PLEASE_HELP_ME/3d6ad4bd.mp4,PLEASE_HELP_ME,False,3,0.9490305384000143,local_signer_01,0.8907088041305542,0.7717517614364624,0.1189570426940918,True
data/raw_videos/PHRASES/PLEASE_HELP_ME/3e65d621.mp4,PLEASE_HELP_ME,False,3,0.9298540552457174,local_signer_02,0.9236542582511902,0.4500078558921814,0.4736464023590088,True
data/raw_videos/PHRASES/PLEASE_HELP_ME/3efed6e8.mp4,PLEASE_HELP_ME,False,3,0.9359427690505981,local_signer_02,0.9153462052345276,0.48316726088523865,0.43217894434928894,True
data/raw_videos/PHRASES/PLEASE_HELP_ME/41b5e8c9.mp4,PLEASE_HELP_ME,False,3,0.9275632898012797,local_signer_02,0.9328873753547668,0.5465102195739746,0.38637715578079224,True
data/raw_videos/PHRASES/PLEASE_HELP_ME/45bbf112.mp4,PLEASE_HELP_ME,False,3,0.9466212789217631,local_signer_01,0.8437463641166687,0.7270658612251282,0.11668050289154053,True
data/raw_videos/PHRASES/PLEASE_HELP_ME/46b80a1f.mp4,PLEASE_HELP_ME,False,3,0.9335334102312723,local_signer_02,0.9350964426994324,0.4469268023967743,0.4881696403026581,True
data/raw_videos/PHRASES/PLEASE_HELP_ME/4850d9d0.mp4,PLEASE_HELP_ME,False,3,0.9461817344029745,local_signer_01,0.8236164450645447,0.8580788969993591,-0.03446245193481445,False
data/raw_videos/PHRASES/PLEASE_HELP_ME/4b4367b4.mp4,PLEASE_HELP_ME,False,3,0.9361565907796224,local_signer_02,0.9080080389976501,0.48655304312705994,0.4214549958705902,True
data/raw_videos/PHRASES/PLEASE_HELP_ME/4bb27653.mp4,PLEASE_HELP_ME,False,3,0.9371192852656046,local_signer_02,0.9190506935119629,0.5042887926101685,0.41476190090179443,True
data/raw_videos/PHRASES/PLEASE_HELP_ME/4fe71db3.mp4,PLEASE_HELP_ME,False,3,0.9325760205586752,local_signer_02,0.9096978902816772,0.45457229018211365,0.4551256000995636,True
data/raw_videos/PHRASES/PLEASE_HELP_ME/5311b3a4.mp4,PLEASE_HELP_ME,False,3,0.9454373319943746,local_signer_01,0.9245398044586182,0.6964820623397827,0.22805774211883545,True
data/raw_videos/PHRASES/PLEASE_HELP_ME/57ab8acf.mp4,PLEASE_HELP_ME,False,3,0.9454835057258606,local_signer_04,0.900373637676239,0.7097682952880859,0.19060534238815308,True
data/raw_videos/PHRASES/PLEASE_HELP_ME/5855d311.mp4,PLEASE_HELP_ME,False,3,0.9328207969665527,local_signer_02,0.9498390555381775,0.5258455872535706,0.42399346828460693,True
data/raw_videos/PHRASES/PLEASE_HELP_ME/586895c5.mp4,PLEASE_HELP_ME,False,3,0.9471813440322876,local_signer_01,0.9420701265335083,0.7048845887184143,0.237185537815094,True
data/raw_videos/PHRASES/PLEASE_HELP_ME/58b21718.mp4,PLEASE_HELP_ME,False,3,0.9257750113805135,local_signer_02,0.9354567527770996,0.514741063117981,0.42071568965911865,True
data/raw_videos/PHRASES/PLEASE_HELP_ME/598ebd8c.mp4,PLEASE_HELP_ME,False,3,0.9455348451932272,local_signer_01,0.8844553828239441,0.7041890621185303,0.18026632070541382,True
data/raw_videos/PHRASES/PLEASE_HELP_ME/59ca85b7.mp4,PLEASE_HELP_ME,False,3,0.9342663486798605,local_signer_02,0.9363298416137695,0.5162118077278137,0.4201180338859558,True
data/raw_videos/PHRASES/PLEASE_HELP_ME/5cfad775.mp4,PLEASE_HELP_ME,False,3,0.9415529370307922,local_signer_01,0.8537219166755676,0.8132186532020569,0.04050326347351074,False
data/raw_videos/PHRASES/PLEASE_HELP_ME/5d302925.mp4,PLEASE_HELP_ME,False,3,0.933976411819458,local_signer_02,0.9272947907447815,0.5093008875846863,0.4179939031600952,True
data/raw_videos/PHRASES/PLEASE_HELP_ME/5fddbfcc.mp4,PLEASE_HELP_ME,False,3,0.9343110918998718,local_signer_02,0.939897894859314,0.48381736874580383,0.45608052611351013,True
data/raw_videos/PHRASES/PLEASE_HELP_ME/6128248d.mp4,PLEASE_HELP_ME,False,3,0.9333404103914896,local_signer_02,0.9260055422782898,0.4793354570865631,0.4466700851917267,True
data/raw_videos/PHRASES/PLEASE_HELP_ME/620bfe83.mp4,PLEASE_HELP_ME,False,3,0.9481006860733032,local_signer_01,0.9036646485328674,0.7344847321510315,0.16917991638183594,True
data/raw_videos/PHRASES/PLEASE_HELP_ME/649f7c2d.mp4,PLEASE_HELP_ME,False,3,0.9438557227452596,local_signer_01,0.9090593457221985,0.7939972281455994,0.11506211757659912,True
data/raw_videos/PHRASES/PLEASE_HELP_ME/6578b592.mp4,PLEASE_HELP_ME,False,3,0.9320153991381327,local_signer_02,0.9464426636695862,0.5049560070037842,0.441486656665802,True
data/raw_videos/PHRASES/PLEASE_HELP_ME/68571c94.mp4,PLEASE_HELP_ME,False,3,0.939290722211202,local_signer_02,0.924707293510437,0.4624941349029541,0.4622131586074829,True
data/raw_videos/PHRASES/PLEASE_HELP_ME/69c98935.mp4,PLEASE_HELP_ME,False,3,0.9452192584673563,local_signer_01,0.8785207271575928,0.8107900619506836,0.06773066520690918,True
data/raw_videos/PHRASES/PLEASE_HELP_ME/6b5134ab.mp4,PLEASE_HELP_ME,False,3,0.9447975158691406,local_signer_01,0.8763627409934998,0.7555379271507263,0.12082481384277344,True
data/raw_videos/PHRASES/PLEASE_HELP_ME/6e8dea31.mp4,PLEASE_HELP_ME,False,3,0.9352324406305949,local_signer_02,0.9008444547653198,0.43400242924690247,0.46684202551841736,True
data/raw_videos/PHRASES/PLEASE_HELP_ME/72a3ff4e.mp4,PLEASE_HELP_ME,False,3,0.9354867736498514,local_signer_02,0.9190535545349121,0.46950072050094604,0.44955283403396606,True
data/raw_videos/PHRASES/PLEASE_HELP_ME/75f694e0.mp4,PLEASE_HELP_ME,False,3,0.9411563674608866,local_signer_01,0.8842825889587402,0.6351211071014404,0.2491614818572998,True
data/raw_videos/PHRASES/PLEASE_HELP_ME/792197a0.mp4,PLEASE_HELP_ME,False,3,0.937170664469401,local_signer_02,0.9127069115638733,0.4477957785129547,0.4649111330509186,True
data/raw_videos/PHRASES/PLEASE_HELP_ME/7b01c5c6.mp4,PLEASE_HELP_ME,False,3,0.9323349992434183,local_signer_02,0.9290819764137268,0.4748838543891907,0.45419812202453613,True
data/raw_videos/PHRASES/PLEASE_HELP_ME/7e19f334.mp4,PLEASE_HELP_ME,False,3,0.9482128818829855,local_signer_01,0.930612325668335,0.6866393685340881,0.24397295713424683,True
data/raw_videos/PHRASES/PLEASE_HELP_ME/80129a25.mp4,PLEASE_HELP_ME,False,3,0.9349167744318644,local_signer_02,0.9232720732688904,0.46050769090652466,0.4627643823623657,True
data/raw_videos/PHRASES/PLEASE_HELP_ME/805eefea.mp4,PLEASE_HELP_ME,False,3,0.9326454202334086,local_signer_02,0.9145506620407104,0.47988638281822205,0.4346642792224884,True
data/raw_videos/PHRASES/PLEASE_HELP_ME/8316beaa.mp4,PLEASE_HELP_ME,False,3,0.9485112826029459,local_signer_01,0.9324482083320618,0.6982771754264832,0.2341710329055786,True
data/raw_videos/PHRASES/PLEASE_HELP_ME/844fa835.mp4,PLEASE_HELP_ME,False,3,0.9494131406148275,local_signer_01,0.893016517162323,0.7310870885848999,0.1619294285774231,True
data/raw_videos/PHRASES/PLEASE_HELP_ME/86d47d5b.mp4,PLEASE_HELP_ME,False,3,0.9281667669614156,local_signer_02,0.9300223588943481,0.49156680703163147,0.4384555518627167,True
data/raw_videos/PHRASES/PLEASE_HELP_ME/8861de4f.mp4,PLEASE_HELP_ME,False,3,0.9345286091168722,local_signer_02,0.9184610247612,0.5038630366325378,0.4145979881286621,True
data/raw_videos/PHRASES/PLEASE_HELP_ME/886bc54d.mp4,PLEASE_HELP_ME,False,3,0.946613093217214,local_signer_01,0.8470362424850464,0.7618905901908875,0.08514565229415894,True
data/raw_videos/PHRASES/PLEASE_HELP_ME/89c327c5.mp4,PLEASE_HELP_ME,False,3,0.9258412917455038,local_signer_02,0.9342378377914429,0.4721268117427826,0.4621110260486603,True
data/raw_videos/PHRASES/PLEASE_HELP_ME/8a499f66.mp4,PLEASE_HELP_ME,False,3,0.9289780855178833,local_signer_02,0.903980553150177,0.42602765560150146,0.47795289754867554,True
data/raw_videos/PHRASES/PLEASE_HELP_ME/8e82dc8a.mp4,PLEASE_HELP_ME,False,3,0.9458578824996948,local_signer_01,0.9097874760627747,0.6947392225265503,0.21504825353622437,True
data/raw_videos/PHRASES/PLEASE_HELP_ME/90177dae.mp4,PLEASE_HELP_ME,False,3,0.9447948535283407,local_signer_01,0.9004483819007874,0.7344526052474976,0.1659957766532898,True
data/raw_videos/PHRASES/PLEASE_HELP_ME/91435245.mp4,PLEASE_HELP_ME,False,3,0.9442042509714762,local_signer_01,0.9345686435699463,0.7108470797538757,0.22372156381607056,True
data/raw_videos/PHRASES/PLEASE_HELP_ME/9794823a.mp4,PLEASE_HELP_ME,False,3,0.9450992544492086,local_signer_01,0.9000635743141174,0.7674609422683716,0.13260263204574585,True
data/raw_videos/PHRASES/PLEASE_HELP_ME/97e1e6fc.mp4,PLEASE_HELP_ME,False,3,0.9303235212961832,local_signer_02,0.9324086308479309,0.5038600564002991,0.42854857444763184,True
data/raw_videos/PHRASES/PLEASE_HELP_ME/9d7051b8.mp4,PLEASE_HELP_ME,False,3,0.9306651751200358,local_signer_02,0.9326951503753662,0.47807228565216064,0.45462286472320557,True
data/raw_videos/PHRASES/PLEASE_HELP_ME/9f8d4bd3.mp4,PLEASE_HELP_ME,False,3,0.9418503840764364,local_signer_01,0.8776611685752869,0.6871783137321472,0.19048285484313965,True
data/raw_videos/PHRASES/PLEASE_HELP_ME/PLEASE_HELP_ME_1.mp4,PLEASE_HELP_ME,True,3,0.9442334175109863,local_signer_03,0.8837155103683472,0.2588644027709961,0.6248511075973511,True
data/raw_videos/PHRASES/PLEASE_HELP_ME/PLEASE_HELP_ME_10.mp4,PLEASE_HELP_ME,True,3,0.9443852305412292,local_signer_03,0.8584689497947693,0.22913150489330292,0.6293374449014664,True
data/raw_videos/PHRASES/PLEASE_HELP_ME/PLEASE_HELP_ME_11.mp4,PLEASE_HELP_ME,True,3,0.9404856363932291,local_signer_03,0.8843133449554443,0.2526368200778961,0.6316765248775482,True
data/raw_videos/PHRASES/PLEASE_HELP_ME/PLEASE_HELP_ME_12.mp4,PLEASE_HELP_ME,True,3,0.943725069363912,local_signer_03,0.8942742943763733,0.23821836709976196,0.6560559272766113,True
data/raw_videos/PHRASES/PLEASE_HELP_ME/PLEASE_HELP_ME_13.mp4,PLEASE_HELP_ME,True,3,0.9407944679260254,local_signer_03,0.8746494054794312,0.20342537760734558,0.6712240278720856,True
data/raw_videos/PHRASES/PLEASE_HELP_ME/PLEASE_HELP_ME_14.mp4,PLEASE_HELP_ME,True,3,0.939304769039154,local_signer_03,0.8655807971954346,0.191809743642807,0.6737710535526276,True
data/raw_videos/PHRASES/PLEASE_HELP_ME/PLEASE_HELP_ME_15.mp4,PLEASE_HELP_ME,True,3,0.937668522198995,local_signer_03,0.862066388130188,0.1795264631509781,0.6825399249792099,True
data/raw_videos/PHRASES/PLEASE_HELP_ME/PLEASE_HELP_ME_16.mp4,PLEASE_HELP_ME,True,3,0.9384817481040955,local_signer_03,0.8786336779594421,0.2243703454732895,0.6542633324861526,True
data/raw_videos/PHRASES/PLEASE_HELP_ME/PLEASE_HELP_ME_17.mp4,PLEASE_HELP_ME,True,3,0.9398073355356852,local_signer_03,0.8852435350418091,0.24062000215053558,0.6446235328912735,True
data/raw_videos/PHRASES/PLEASE_HELP_ME/PLEASE_HELP_ME_18.mp4,PLEASE_HELP_ME,True,3,0.9427573482195536,local_signer_03,0.8816989064216614,0.23445449769496918,0.6472444087266922,True
data/raw_videos/PHRASES/PLEASE_HELP_ME/PLEASE_HELP_ME_19.mp4,PLEASE_HELP_ME,True,3,0.9439644614855448,local_signer_03,0.8680260181427002,0.27927619218826294,0.5887498259544373,True
data/raw_videos/PHRASES/PLEASE_HELP_ME/PLEASE_HELP_ME_2.mp4,PLEASE_HELP_ME,True,3,0.9452081123987833,local_signer_03,0.8858692049980164,0.26752525568008423,0.6183439493179321,True
data/raw_videos/PHRASES/PLEASE_HELP_ME/PLEASE_HELP_ME_20.mp4,PLEASE_HELP_ME,True,3,0.9410292903582255,local_signer_03,0.8820209503173828,0.21967467665672302,0.6623462736606598,True
data/raw_videos/PHRASES/PLEASE_HELP_ME/PLEASE_HELP_ME_3.mp4,PLEASE_HELP_ME,True,3,0.9451739390691122,local_signer_03,0.8870155811309814,0.24178794026374817,0.6452276408672333,True
data/raw_videos/PHRASES/PLEASE_HELP_ME/PLEASE_HELP_ME_4.mp4,PLEASE_HELP_ME,True,3,0.9444358547528585,local_signer_03,0.8755916357040405,0.25414329767227173,0.6214483380317688,True
data/raw_videos/PHRASES/PLEASE_HELP_ME/PLEASE_HELP_ME_5.mp4,PLEASE_HELP_ME,True,3,0.9442120591799418,local_signer_03,0.8721700310707092,0.22530676424503326,0.646863266825676,True
data/raw_videos/PHRASES/PLEASE_HELP_ME/PLEASE_HELP_ME_6.mp4,PLEASE_HELP_ME,True,3,0.9413303732872009,local_signer_03,0.872684121131897,0.22955098748207092,0.643133133649826,True
data/raw_videos/PHRASES/PLEASE_HELP_ME/PLEASE_HELP_ME_7.mp4,PLEASE_HELP_ME,True,3,0.9462547699610392,local_signer_03,0.8827113509178162,0.2488025724887848,0.6339087784290314,True
data/raw_videos/PHRASES/PLEASE_HELP_ME/PLEASE_HELP_ME_8.mp4,PLEASE_HELP_ME,True,3,0.9481517871220907,local_signer_03,0.86948561668396,0.21835891902446747,0.6511266976594925,True
data/raw_videos/PHRASES/PLEASE_HELP_ME/PLEASE_HELP_ME_9.mp4,PLEASE_HELP_ME,True,3,0.9385241667429606,local_signer_03,0.8695587515830994,0.2184019535779953,0.6511567980051041,True
data/raw_videos/PHRASES/PLEASE_HELP_ME/a0cd3d45.mp4,PLEASE_HELP_ME,False,3,0.9248876174290975,local_signer_02,0.9323131442070007,0.48752620816230774,0.444786936044693,True
data/raw_videos/PHRASES/PLEASE_HELP_ME/a0ef141b.mp4,PLEASE_HELP_ME,False,3,0.9427335262298584,local_signer_01,0.8998276591300964,0.7612168788909912,0.13861078023910522,True
data/raw_videos/PHRASES/PLEASE_HELP_ME/a79de008.mp4,PLEASE_HELP_ME,False,3,0.9330261548360189,local_signer_02,0.8500981330871582,0.37743836641311646,0.47265976667404175,True
data/raw_videos/PHRASES/PLEASE_HELP_ME/a9bf2f5b.mp4,PLEASE_HELP_ME,False,3,0.9438099463780721,local_signer_01,0.8965579271316528,0.6875611543655396,0.20899677276611328,True
data/raw_videos/PHRASES/PLEASE_HELP_ME/b473e809.mp4,PLEASE_HELP_ME,False,3,0.9448436697324117,local_signer_01,0.8964561820030212,0.7815415859222412,0.11491459608078003,True
data/raw_videos/PHRASES/PLEASE_HELP_ME/b4ca906d.mp4,PLEASE_HELP_ME,False,3,0.9427673617998759,local_signer_01,0.8887893557548523,0.6405031681060791,0.2482861876487732,True
data/raw_videos/PHRASES/PLEASE_HELP_ME/b570c07d.mp4,PLEASE_HELP_ME,False,3,0.9425483743349711,local_signer_01,0.8300896286964417,0.6576068997383118,0.17248272895812988,True
data/raw_videos/PHRASES/PLEASE_HELP_ME/b5b1ccef.mp4,PLEASE_HELP_ME,False,3,0.9472001393636068,local_signer_01,0.8840320110321045,0.7679897546768188,0.11604225635528564,True
data/raw_videos/PHRASES/PLEASE_HELP_ME/b5f04196.mp4,PLEASE_HELP_ME,False,3,0.9287550449371338,local_signer_02,0.9407283067703247,0.499148428440094,0.4415798783302307,True
data/raw_videos/PHRASES/PLEASE_HELP_ME/b7410665.mp4,PLEASE_HELP_ME,False,3,0.9318248430887858,local_signer_02,0.9161791205406189,0.444989949464798,0.4711891710758209,True
data/raw_videos/PHRASES/PLEASE_HELP_ME/bcd64576.mp4,PLEASE_HELP_ME,False,3,0.9493840138117472,local_signer_01,0.9194823503494263,0.6894679069519043,0.23001444339752197,True
data/raw_videos/PHRASES/PLEASE_HELP_ME/bf26e942.mp4,PLEASE_HELP_ME,False,3,0.933314859867096,local_signer_02,0.9303380846977234,0.44692131876945496,0.48341676592826843,True
data/raw_videos/PHRASES/PLEASE_HELP_ME/c1665bbc.mp4,PLEASE_HELP_ME,False,3,0.9475526014963785,local_signer_01,0.7946995496749878,0.7163204550743103,0.07837909460067749,True
data/raw_videos/PHRASES/PLEASE_HELP_ME/c323e410.mp4,PLEASE_HELP_ME,False,3,0.94183748960495,local_signer_01,0.8871163725852966,0.6342248916625977,0.252891480922699,True
data/raw_videos/PHRASES/PLEASE_HELP_ME/c36a9c9d.mp4,PLEASE_HELP_ME,False,3,0.9420100251833597,local_signer_01,0.841199517250061,0.774996817111969,0.06620270013809204,True
data/raw_videos/PHRASES/PLEASE_HELP_ME/c43fb063.mp4,PLEASE_HELP_ME,False,3,0.9319555958112081,local_signer_02,0.9415726661682129,0.507483959197998,0.43408870697021484,True
data/raw_videos/PHRASES/PLEASE_HELP_ME/c53f3440.mp4,PLEASE_HELP_ME,False,3,0.945823868115743,local_signer_01,0.8658617734909058,0.7521920800209045,0.11366969347000122,True
data/raw_videos/PHRASES/PLEASE_HELP_ME/c7b70755.mp4,PLEASE_HELP_ME,False,3,0.944656511147817,local_signer_01,0.8980140686035156,0.7090290784835815,0.18898499011993408,True
data/raw_videos/PHRASES/PLEASE_HELP_ME/cc32256d.mp4,PLEASE_HELP_ME,False,3,0.9429726004600525,local_signer_04,0.910494327545166,0.6451699137687683,0.2653244137763977,True
data/raw_videos/PHRASES/PLEASE_HELP_ME/cc5e53e0.mp4,PLEASE_HELP_ME,False,3,0.9449780186017355,local_signer_01,0.8428619503974915,0.7594560384750366,0.08340591192245483,True
data/raw_videos/PHRASES/PLEASE_HELP_ME/cd9046ee.mp4,PLEASE_HELP_ME,False,3,0.9431476791699728,local_signer_01,0.9190945029258728,0.6842195391654968,0.23487496376037598,True
data/raw_videos/PHRASES/PLEASE_HELP_ME/d34bf9cc.mp4,PLEASE_HELP_ME,False,3,0.9352131088574728,local_signer_02,0.936163604259491,0.46437740325927734,0.4717862010002136,True
data/raw_videos/PHRASES/PLEASE_HELP_ME/d3e98b98.mp4,PLEASE_HELP_ME,False,3,0.9440248012542725,local_signer_01,0.9161106944084167,0.7029642462730408,0.21314644813537598,True
data/raw_videos/PHRASES/PLEASE_HELP_ME/d62b2c78.mp4,PLEASE_HELP_ME,False,3,0.9310676058133444,local_signer_02,0.929370105266571,0.4526400864124298,0.47673001885414124,True
data/raw_videos/PHRASES/PLEASE_HELP_ME/d91f59f7.mp4,PLEASE_HELP_ME,False,3,0.9271342555681864,local_signer_02,0.9304048418998718,0.47249504923820496,0.45790979266166687,True
data/raw_videos/PHRASES/PLEASE_HELP_ME/da0a3f3b.mp4,PLEASE_HELP_ME,False,3,0.9391731222470602,local_signer_01,0.8878981471061707,0.6693275570869446,0.21857059001922607,True
data/raw_videos/PHRASES/PLEASE_HELP_ME/db8c4d1a.mp4,PLEASE_HELP_ME,False,3,0.940774937470754,local_signer_01,0.8277881741523743,0.5620541572570801,0.2657340168952942,True
data/raw_videos/PHRASES/PLEASE_HELP_ME/de38673b.mp4,PLEASE_HELP_ME,False,3,0.9461650252342224,local_signer_01,0.898404061794281,0.7813469171524048,0.11705714464187622,True
data/raw_videos/PHRASES/PLEASE_HELP_ME/e0761149.mp4,PLEASE_HELP_ME,False,3,0.9293386936187744,local_signer_02,0.9434335827827454,0.5072137713432312,0.43621981143951416,True
data/raw_videos/PHRASES/PLEASE_HELP_ME/e28c449d.mp4,PLEASE_HELP_ME,False,3,0.9336511691411337,local_signer_02,0.9207506775856018,0.49681106209754944,0.42393961548805237,True
data/raw_videos/PHRASES/PLEASE_HELP_ME/e2ade00d.mp4,PLEASE_HELP_ME,False,3,0.9443762302398682,local_signer_01,0.8787186741828918,0.73748779296875,0.14123088121414185,True
data/raw_videos/PHRASES/PLEASE_HELP_ME/e4693855.mp4,PLEASE_HELP_ME,False,3,0.9422152837117513,local_signer_02,0.906634509563446,0.41166365146636963,0.4949708580970764,True
data/raw_videos/PHRASES/PLEASE_HELP_ME/e489147d.mp4,PLEASE_HELP_ME,False,3,0.9378244082132975,local_signer_02,0.8999386429786682,0.4350552260875702,0.464883416891098,True
data/raw_videos/PHRASES/PLEASE_HELP_ME/e7a15e6a.mp4,PLEASE_HELP_ME,False,3,0.9457463622093201,local_signer_01,0.8993602991104126,0.800525963306427,0.0988343358039856,True
data/raw_videos/PHRASES/PLEASE_HELP_ME/e9853a30.mp4,PLEASE_HELP_ME,False,3,0.9362988471984863,local_signer_02,0.9264254570007324,0.4715595245361328,0.4548659324645996,True
data/raw_videos/PHRASES/PLEASE_HELP_ME/e9f73675.mp4,PLEASE_HELP_ME,False,3,0.9327460924784342,local_signer_02,0.9230559468269348,0.4831604063510895,0.43989554047584534,True
data/raw_videos/PHRASES/PLEASE_HELP_ME/eb06805a.mp4,PLEASE_HELP_ME,False,3,0.9468695720036825,local_signer_01,0.8678492903709412,0.7501954436302185,0.11765384674072266,True
data/raw_videos/PHRASES/PLEASE_HELP_ME/ec9bb455.mp4,PLEASE_HELP_ME,False,3,0.9489205479621887,local_signer_04,0.8981638550758362,0.630869448184967,0.26729440689086914,True
data/raw_videos/PHRASES/PLEASE_HELP_ME/ec9dcc22.mp4,PLEASE_HELP_ME,False,3,0.942311426003774,local_signer_01,0.8755277395248413,0.6814428567886353,0.19408488273620605,True
data/raw_videos/PHRASES/PLEASE_HELP_ME/ed3bdbc3.mp4,PLEASE_HELP_ME,False,3,0.9367607037226359,local_signer_02,0.9253515005111694,0.4742717146873474,0.451079785823822,True
data/raw_videos/PHRASES/PLEASE_HELP_ME/ed612978.mp4,PLEASE_HELP_ME,False,3,0.9300789634386698,local_signer_02,0.9480621218681335,0.520496666431427,0.42756545543670654,True
data/raw_videos/PHRASES/PLEASE_HELP_ME/f0bf75ab.mp4,PLEASE_HELP_ME,False,3,0.9454605182011923,local_signer_01,0.8576268553733826,0.567879855632782,0.2897469997406006,True
data/raw_videos/PHRASES/PLEASE_HELP_ME/f5f88182.mp4,PLEASE_HELP_ME,False,3,0.9426357746124268,local_signer_01,0.8882642984390259,0.6678181886672974,0.22044610977172852,True
data/raw_videos/PHRASES/PLEASE_HELP_ME/f811e622.mp4,PLEASE_HELP_ME,False,3,0.9471953312555949,local_signer_01,0.9394285678863525,0.7509209513664246,0.18850761651992798,True
data/raw_videos/PHRASES/PLEASE_HELP_ME/fb55980f.mp4,PLEASE_HELP_ME,False,3,0.946303109327952,local_signer_01,0.9339942336082458,0.7172927260398865,0.21670150756835938,True
data/raw_videos/PHRASES/PLEASE_HELP_ME/fc9b085c.mp4,PLEASE_HELP_ME,False,3,0.9183259805043539,local_signer_02,0.9190317392349243,0.5304999351501465,0.38853180408477783,True
data/raw_videos/PHRASES/SORRY_I_LATE/020ce861.mp4,SORRY_I_LATE,False,3,0.9454992214838663,local_signer_01,0.795936644077301,0.6905933022499084,0.10534334182739258,True
data/raw_videos/PHRASES/SORRY_I_LATE/03cf3c49.mp4,SORRY_I_LATE,False,3,0.944718599319458,local_signer_01,0.8313260674476624,0.765720546245575,0.0656055212020874,True
data/raw_videos/PHRASES/SORRY_I_LATE/0431f098.mp4,SORRY_I_LATE,False,3,0.9492974678675333,local_signer_01,0.8772282600402832,0.8367288708686829,0.04049938917160034,False
data/raw_videos/PHRASES/SORRY_I_LATE/052a728e.mp4,SORRY_I_LATE,False,3,0.9199624458948771,local_signer_02,0.9176672101020813,0.522150456905365,0.3955167531967163,True
data/raw_videos/PHRASES/SORRY_I_LATE/064f8b4b.mp4,SORRY_I_LATE,False,3,0.9483761191368103,local_signer_01,0.8700049519538879,0.8053858876228333,0.06461906433105469,True
data/raw_videos/PHRASES/SORRY_I_LATE/06b46f77.mp4,SORRY_I_LATE,False,3,0.9473113616307577,local_signer_01,0.7846249341964722,0.8850142955780029,-0.10038936138153076,False
data/raw_videos/PHRASES/SORRY_I_LATE/074bc31f.mp4,SORRY_I_LATE,False,3,0.9341100653012594,local_signer_02,0.9504707455635071,0.4897812008857727,0.4606895446777344,True
data/raw_videos/PHRASES/SORRY_I_LATE/086e7599.mp4,SORRY_I_LATE,False,3,0.9267313281695048,local_signer_02,0.8763568997383118,0.5849582552909851,0.29139864444732666,True
data/raw_videos/PHRASES/SORRY_I_LATE/0943eef9.mp4,SORRY_I_LATE,False,3,0.9492637117703756,local_signer_01,0.8394559025764465,0.8154483437538147,0.024007558822631836,False
data/raw_videos/PHRASES/SORRY_I_LATE/098776d0.mp4,SORRY_I_LATE,False,3,0.9334668119748434,local_signer_02,0.9315078258514404,0.48757317662239075,0.4439346492290497,True
data/raw_videos/PHRASES/SORRY_I_LATE/0abe15ac.mp4,SORRY_I_LATE,False,3,0.9281127055486044,local_signer_02,0.9310462474822998,0.49903061985969543,0.43201562762260437,True
data/raw_videos/PHRASES/SORRY_I_LATE/0b05efb6.mp4,SORRY_I_LATE,False,3,0.929667075475057,local_signer_02,0.954118013381958,0.5355942845344543,0.41852372884750366,True
data/raw_videos/PHRASES/SORRY_I_LATE/0c6884a1.mp4,SORRY_I_LATE,False,3,0.9326706329981486,local_signer_02,0.941631019115448,0.5054304003715515,0.4362006187438965,True
data/raw_videos/PHRASES/SORRY_I_LATE/10906208.mp4,SORRY_I_LATE,False,3,0.852312703927358,local_signer_05,0.9038996696472168,0.26098573207855225,0.6429139375686646,True
data/raw_videos/PHRASES/SORRY_I_LATE/14649837.mp4,SORRY_I_LATE,False,3,0.9285801450411478,local_signer_02,0.8735681772232056,0.5396504998207092,0.33391767740249634,True
data/raw_videos/PHRASES/SORRY_I_LATE/16f84467.mp4,SORRY_I_LATE,False,3,0.9299290974934896,local_signer_02,0.9379372000694275,0.47254708409309387,0.4653901159763336,True
data/raw_videos/PHRASES/SORRY_I_LATE/19928a94.mp4,SORRY_I_LATE,False,3,0.9262423515319824,local_signer_02,0.9111482501029968,0.5299308896064758,0.381217360496521,True
data/raw_videos/PHRASES/SORRY_I_LATE/1b1d2bc9.mp4,SORRY_I_LATE,False,3,0.9423283735911051,local_signer_04,0.9347431659698486,0.7374071478843689,0.19733601808547974,True
data/raw_videos/PHRASES/SORRY_I_LATE/1c4e0df3.mp4,SORRY_I_LATE,False,3,0.9331955115000407,local_signer_02,0.9433550834655762,0.48162001371383667,0.4617350697517395,True
data/raw_videos/PHRASES/SORRY_I_LATE/1c55b1d1.mp4,SORRY_I_LATE,False,3,0.9188429117202759,local_signer_02,0.912395179271698,0.5280749797821045,0.3843201994895935,True
data/raw_videos/PHRASES/SORRY_I_LATE/1f629d92.mp4,SORRY_I_LATE,False,3,0.9355503718058268,local_signer_02,0.949266254901886,0.5045260190963745,0.4447402358055115,True
data/raw_videos/PHRASES/SORRY_I_LATE/212dfdf1.mp4,SORRY_I_LATE,False,3,0.9472071925799052,local_signer_01,0.8243034482002258,0.870369017124176,-0.046065568923950195,False
data/raw_videos/PHRASES/SORRY_I_LATE/22894d58.mp4,SORRY_I_LATE,False,3,0.9323836167653402,local_signer_02,0.9437258243560791,0.49860328435897827,0.44512253999710083,True
data/raw_videos/PHRASES/SORRY_I_LATE/27fcad66.mp4,SORRY_I_LATE,False,3,0.9509183764457703,local_signer_04,0.9064359664916992,0.7253401875495911,0.18109577894210815,True
data/raw_videos/PHRASES/SORRY_I_LATE/2afb7155.mp4,SORRY_I_LATE,False,3,0.9288001855214437,local_signer_02,0.9411041736602783,0.515580415725708,0.4255237579345703,True
data/raw_videos/PHRASES/SORRY_I_LATE/2b125fc8.mp4,SORRY_I_LATE,False,3,0.944909950097402,local_signer_01,0.825350284576416,0.8750804662704468,-0.04973018169403076,False
data/raw_videos/PHRASES/SORRY_I_LATE/2d154232.mp4,SORRY_I_LATE,False,3,0.9491885304450989,local_signer_01,0.880024790763855,0.8433989882469177,0.036625802516937256,False
data/raw_videos/PHRASES/SORRY_I_LATE/2d3652d8.mp4,SORRY_I_LATE,False,3,0.948395828406016,local_signer_01,0.8387038707733154,0.9123282432556152,-0.0736243724822998,False
data/raw_videos/PHRASES/SORRY_I_LATE/2d636689.mp4,SORRY_I_LATE,False,3,0.928291936715444,local_signer_02,0.9177118539810181,0.5108551383018494,0.4068567156791687,True
data/raw_videos/PHRASES/SORRY_I_LATE/2ecea340.mp4,SORRY_I_LATE,False,3,0.9484099348386129,local_signer_04,0.9220890998840332,0.7069222927093506,0.21516680717468262,True
data/raw_videos/PHRASES/SORRY_I_LATE/30115a1b.mp4,SORRY_I_LATE,False,3,0.9302626053492228,local_signer_02,0.9483215808868408,0.533484160900116,0.41483741998672485,True
data/raw_videos/PHRASES/SORRY_I_LATE/320bdcc2.mp4,SORRY_I_LATE,False,3,0.9318570693333944,local_signer_02,0.9245582222938538,0.5399342179298401,0.38462400436401367,True
data/raw_videos/PHRASES/SORRY_I_LATE/32c1dcdb.mp4,SORRY_I_LATE,False,3,0.9474871555964152,local_signer_01,0.8534740209579468,0.9135227203369141,-0.060048699378967285,False
data/raw_videos/PHRASES/SORRY_I_LATE/32c65ef4.mp4,SORRY_I_LATE,False,3,0.9436723589897156,local_signer_01,0.792759895324707,0.7352508306503296,0.05750906467437744,True
data/raw_videos/PHRASES/SORRY_I_LATE/358288d1.mp4,SORRY_I_LATE,False,3,0.946809450785319,local_signer_01,0.8906984925270081,0.8196424841880798,0.07105600833892822,True
data/raw_videos/PHRASES/SORRY_I_LATE/3681d3ed.mp4,SORRY_I_LATE,False,3,0.9457621574401855,local_signer_01,0.7713375091552734,0.7050719261169434,0.06626558303833008,True
data/raw_videos/PHRASES/SORRY_I_LATE/417a06c1.mp4,SORRY_I_LATE,False,3,0.9335238933563232,local_signer_02,0.9292572736740112,0.46799594163894653,0.4612613320350647,True
data/raw_videos/PHRASES/SORRY_I_LATE/42957409.mp4,SORRY_I_LATE,False,3,0.943424383799235,local_signer_01,0.8583150506019592,0.8384137749671936,0.019901275634765625,False
data/raw_videos/PHRASES/SORRY_I_LATE/43c762cc.mp4,SORRY_I_LATE,False,3,0.9298295776049296,local_signer_02,0.9413264393806458,0.4657287299633026,0.47559770941734314,True
data/raw_videos/PHRASES/SORRY_I_LATE/456a32ad.mp4,SORRY_I_LATE,False,3,0.9484805464744568,local_signer_04,0.931593656539917,0.7074198126792908,0.22417384386062622,True
data/raw_videos/PHRASES/SORRY_I_LATE/46bf5456.mp4,SORRY_I_LATE,False,3,0.946091095606486,local_signer_04,0.8615384101867676,0.6124208569526672,0.24911755323410034,True
data/raw_videos/PHRASES/SORRY_I_LATE/47af68c5.mp4,SORRY_I_LATE,False,3,0.9468088348706564,local_signer_01,0.8449923992156982,0.8563393950462341,-0.011346995830535889,False
data/raw_videos/PHRASES/SORRY_I_LATE/48d0533a.mp4,SORRY_I_LATE,False,3,0.9452482263247172,local_signer_01,0.8642272353172302,0.8324936032295227,0.03173363208770752,False
data/raw_videos/PHRASES/SORRY_I_LATE/4c707d18.mp4,SORRY_I_LATE,False,3,0.9261411627133688,local_signer_05,0.9038997292518616,0.523125946521759,0.38077378273010254,True
data/raw_videos/PHRASES/SORRY_I_LATE/4ef98cef.mp4,SORRY_I_LATE,False,3,0.9410918752352396,local_signer_01,0.8216733932495117,0.7130098342895508,0.10866355895996094,True
data/raw_videos/PHRASES/SORRY_I_LATE/50a5f61e.mp4,SORRY_I_LATE,False,3,0.9439634879430135,local_signer_01,0.8639959692955017,0.798510730266571,0.06548523902893066,True
data/raw_videos/PHRASES/SORRY_I_LATE/50e47b39.mp4,SORRY_I_LATE,False,3,0.9444932341575623,local_signer_01,0.7223613262176514,0.7264197468757629,-0.004058420658111572,False
data/raw_videos/PHRASES/SORRY_I_LATE/514c97a3.mp4,SORRY_I_LATE,False,3,0.9438379208246866,local_signer_01,0.8272289037704468,0.8786146640777588,-0.05138576030731201,False
data/raw_videos/PHRASES/SORRY_I_LATE/5295c4fb.mp4,SORRY_I_LATE,False,3,0.9442242781321207,local_signer_01,0.860096275806427,0.8084065318107605,0.051689743995666504,True
data/raw_videos/PHRASES/SORRY_I_LATE/54fbd6c3.mp4,SORRY_I_LATE,False,3,0.9330621163050333,local_signer_02,0.9462750554084778,0.48497942090034485,0.46129563450813293,True
data/raw_videos/PHRASES/SORRY_I_LATE/5aefc354.mp4,SORRY_I_LATE,False,3,0.9488972624142965,local_signer_01,0.8314672708511353,0.8484790325164795,-0.01701176166534424,False
data/raw_videos/PHRASES/SORRY_I_LATE/5c84e209.mp4,SORRY_I_LATE,False,3,0.9371764659881592,local_signer_02,0.9425979256629944,0.4637703001499176,0.4788276255130768,True
data/raw_videos/PHRASES/SORRY_I_LATE/5e70f9a9.mp4,SORRY_I_LATE,False,3,0.9473545948664347,local_signer_04,0.9519760608673096,0.6867870688438416,0.265188992023468,True
data/raw_videos/PHRASES/SORRY_I_LATE/6012253b.mp4,SORRY_I_LATE,False,3,0.946018914381663,local_signer_04,0.9376711845397949,0.7009850740432739,0.236686110496521,True
data/raw_videos/PHRASES/SORRY_I_LATE/630391c2.mp4,SORRY_I_LATE,False,3,0.9313475489616394,local_signer_02,0.9501565098762512,0.5332678556442261,0.41688865423202515,True
data/raw_videos/PHRASES/SORRY_I_LATE/66e18db7.mp4,SORRY_I_LATE,False,3,0.925938606262207,local_signer_02,0.8813676834106445,0.5209062695503235,0.36046141386032104,True
data/raw_videos/PHRASES/SORRY_I_LATE/67f36d51.mp4,SORRY_I_LATE,False,3,0.9358300765355428,local_signer_02,0.9440632462501526,0.4811754524707794,0.46288779377937317,True
data/raw_videos/PHRASES/SORRY_I_LATE/68fe33c0.mp4,SORRY_I_LATE,False,3,0.945450226465861,local_signer_01,0.8492335677146912,0.7589884996414185,0.0902450680732727,True
data/raw_videos/PHRASES/SORRY_I_LATE/6efff579.mp4,SORRY_I_LATE,False,3,0.9236972530682882,local_signer_02,0.9237640500068665,0.5138521790504456,0.4099118709564209,True
data/raw_videos/PHRASES/SORRY_I_LATE/7023720b.mp4,SORRY_I_LATE,False,3,0.9456900755564371,local_signer_01,0.8193420171737671,0.6809646487236023,0.1383773684501648,True
data/raw_videos/PHRASES/SORRY_I_LATE/7145854f.mp4,SORRY_I_LATE,False,3,0.9339898427327474,local_signer_02,0.9474200010299683,0.48429930210113525,0.463120698928833,True
data/raw_videos/PHRASES/SORRY_I_LATE/71a711ed.mp4,SORRY_I_LATE,False,3,0.9469478527704874,local_signer_01,0.8202660083770752,0.8227511048316956,-0.0024850964546203613,False
data/raw_videos/PHRASES/SORRY_I_LATE/7493174d.mp4,SORRY_I_LATE,False,3,0.9438063104947408,local_signer_01,0.8054373264312744,0.8074776530265808,-0.0020403265953063965,False
data/raw_videos/PHRASES/SORRY_I_LATE/76f6f9db.mp4,SORRY_I_LATE,False,3,0.9449050029118856,local_signer_04,0.9060463905334473,0.6456424593925476,0.26040393114089966,True
data/raw_videos/PHRASES/SORRY_I_LATE/773f767b.mp4,SORRY_I_LATE,False,3,0.9293778538703918,local_signer_02,0.9482991695404053,0.522599995136261,0.4256991744041443,True
data/raw_videos/PHRASES/SORRY_I_LATE/788c8622.mp4,SORRY_I_LATE,False,3,0.9398429195086161,local_signer_02,0.9281603097915649,0.4579138457775116,0.47024646401405334,True
data/raw_videos/PHRASES/SORRY_I_LATE/78efc7d3.mp4,SORRY_I_LATE,False,3,0.9386887351671854,local_signer_02,0.9392929673194885,0.46319106221199036,0.47610190510749817,True
data/raw_videos/PHRASES/SORRY_I_LATE/7924d517.mp4,SORRY_I_LATE,False,3,0.9419620037078857,local_signer_02,0.9290608167648315,0.41009360551834106,0.5189672112464905,True
data/raw_videos/PHRASES/SORRY_I_LATE/7b1ffa90.mp4,SORRY_I_LATE,False,3,0.9455879926681519,local_signer_01,0.818586528301239,0.8122684955596924,0.006318032741546631,False
data/raw_videos/PHRASES/SORRY_I_LATE/7dbd6b13.mp4,SORRY_I_LATE,False,3,0.9323198795318604,local_signer_02,0.9342893362045288,0.5223687887191772,0.41192054748535156,True
data/raw_videos/PHRASES/SORRY_I_LATE/815e6970.mp4,SORRY_I_LATE,False,3,0.9467815558115641,local_signer_01,0.8071407079696655,0.8829886317253113,-0.07584792375564575,False
data/raw_videos/PHRASES/SORRY_I_LATE/860c0fa7.mp4,SORRY_I_LATE,False,3,0.928062379360199,local_signer_02,0.9418616890907288,0.5546330213546753,0.38722866773605347,True
data/raw_videos/PHRASES/SORRY_I_LATE/879b36d1.mp4,SORRY_I_LATE,False,3,0.9347599744796753,local_signer_02,0.9404732584953308,0.4779514968395233,0.4625217616558075,True
data/raw_videos/PHRASES/SORRY_I_LATE/8b1e1416.mp4,SORRY_I_LATE,False,3,0.9453012148539225,local_signer_01,0.8576918244361877,0.8360438346862793,0.021647989749908447,False
data/raw_videos/PHRASES/SORRY_I_LATE/8c6e2a20.mp4,SORRY_I_LATE,False,3,0.9352730711301168,local_signer_02,0.9298397302627563,0.4713825285434723,0.45845720171928406,True
data/raw_videos/PHRASES/SORRY_I_LATE/8d4a0c52.mp4,SORRY_I_LATE,False,3,0.9480273922284445,local_signer_01,0.8676003217697144,0.87579345703125,-0.008193135261535645,False
data/raw_videos/PHRASES/SORRY_I_LATE/8d6ac10e.mp4,SORRY_I_LATE,False,3,0.9464694261550903,local_signer_01,0.8198261260986328,0.8940544128417969,-0.07422828674316406,False
data/raw_videos/PHRASES/SORRY_I_LATE/91e8a53b.mp4,SORRY_I_LATE,False,3,0.9279173413912455,local_signer_02,0.9404978156089783,0.4841965138912201,0.4563013017177582,True
data/raw_videos/PHRASES/SORRY_I_LATE/993d5406.mp4,SORRY_I_LATE,False,3,0.9195305705070496,local_signer_02,0.9209072589874268,0.549718976020813,0.37118828296661377,True
data/raw_videos/PHRASES/SORRY_I_LATE/9d301c3a.mp4,SORRY_I_LATE,False,3,0.9460303783416748,local_signer_01,0.8794110417366028,0.792328953742981,0.08708208799362183,True
data/raw_videos/PHRASES/SORRY_I_LATE/SORRY_I_LATE_1.mp4,SORRY_I_LATE,True,3,0.9440676172574362,local_signer_03,0.9085513353347778,0.25157132744789124,0.6569800078868866,True
data/raw_videos/PHRASES/SORRY_I_LATE/SORRY_I_LATE_10.mp4,SORRY_I_LATE,True,3,0.9432186683019003,local_signer_03,0.9171850085258484,0.3074779212474823,0.6097070872783661,True
data/raw_videos/PHRASES/SORRY_I_LATE/SORRY_I_LATE_11.mp4,SORRY_I_LATE,True,3,0.9369250535964966,local_signer_03,0.8640549182891846,0.26447680592536926,0.5995781123638153,True
data/raw_videos/PHRASES/SORRY_I_LATE/SORRY_I_LATE_12.mp4,SORRY_I_LATE,True,3,0.9365336497624716,local_signer_03,0.8539930582046509,0.3315405547618866,0.5224525034427643,True
data/raw_videos/PHRASES/SORRY_I_LATE/SORRY_I_LATE_13.mp4,SORRY_I_LATE,True,3,0.935530424118042,local_signer_03,0.8689149618148804,0.24583953619003296,0.6230754256248474,True
data/raw_videos/PHRASES/SORRY_I_LATE/SORRY_I_LATE_14.mp4,SORRY_I_LATE,True,3,0.9322806199391683,local_signer_03,0.8747159838676453,0.27909600734710693,0.5956199765205383,True
data/raw_videos/PHRASES/SORRY_I_LATE/SORRY_I_LATE_15.mp4,SORRY_I_LATE,True,3,0.9282268683115641,local_signer_03,0.8806460499763489,0.2447211742401123,0.6359248757362366,True
data/raw_videos/PHRASES/SORRY_I_LATE/SORRY_I_LATE_16.mp4,SORRY_I_LATE,True,3,0.9419099688529968,local_signer_03,0.86575847864151,0.26423072814941406,0.601527750492096,True
data/raw_videos/PHRASES/SORRY_I_LATE/SORRY_I_LATE_17.mp4,SORRY_I_LATE,True,3,0.9408849279085795,local_signer_03,0.8727561235427856,0.2729349732398987,0.599821150302887,True
data/raw_videos/PHRASES/SORRY_I_LATE/SORRY_I_LATE_18.mp4,SORRY_I_LATE,True,3,0.9355515440305074,local_signer_03,0.8904003500938416,0.2283945083618164,0.6620058417320251,True
data/raw_videos/PHRASES/SORRY_I_LATE/SORRY_I_LATE_19.mp4,SORRY_I_LATE,True,3,0.9341598749160767,local_signer_03,0.8772985935211182,0.2561652660369873,0.6211333274841309,True
data/raw_videos/PHRASES/SORRY_I_LATE/SORRY_I_LATE_2.mp4,SORRY_I_LATE,True,3,0.9425994356473287,local_signer_03,0.8961164355278015,0.26980289816856384,0.6263135373592377,True
data/raw_videos/PHRASES/SORRY_I_LATE/SORRY_I_LATE_20.mp4,SORRY_I_LATE,True,3,0.9344800710678101,local_signer_03,0.8650540709495544,0.27026697993278503,0.5947870910167694,True
data/raw_videos/PHRASES/SORRY_I_LATE/SORRY_I_LATE_3.mp4,SORRY_I_LATE,True,3,0.9408997297286987,local_signer_03,0.8926605582237244,0.27222928404808044,0.6204312741756439,True
data/raw_videos/PHRASES/SORRY_I_LATE/SORRY_I_LATE_4.mp4,SORRY_I_LATE,True,3,0.9411807656288147,local_signer_03,0.8406861424446106,0.2960059344768524,0.5446802079677582,True
data/raw_videos/PHRASES/SORRY_I_LATE/SORRY_I_LATE_5.mp4,SORRY_I_LATE,True,3,0.9397272864977518,local_signer_03,0.8710542917251587,0.27118119597435,0.5998730957508087,True
data/raw_videos/PHRASES/SORRY_I_LATE/SORRY_I_LATE_6.mp4,SORRY_I_LATE,True,3,0.9383970499038696,local_signer_03,0.8818359375,0.279435396194458,0.602400541305542,True
data/raw_videos/PHRASES/SORRY_I_LATE/SORRY_I_LATE_7.mp4,SORRY_I_LATE,True,3,0.943712572256724,local_signer_03,0.8905211091041565,0.2929704189300537,0.5975506901741028,True
data/raw_videos/PHRASES/SORRY_I_LATE/SORRY_I_LATE_8.mp4,SORRY_I_LATE,True,3,0.9453825354576111,local_signer_03,0.8832899332046509,0.25964054465293884,0.623649388551712,True
data/raw_videos/PHRASES/SORRY_I_LATE/SORRY_I_LATE_9.mp4,SORRY_I_LATE,True,3,0.9461519718170166,local_signer_03,0.9009258151054382,0.2633996605873108,0.6375261545181274,True
data/raw_videos/PHRASES/SORRY_I_LATE/a16d5185.mp4,SORRY_I_LATE,False,3,0.9476417501767477,local_signer_04,0.9178348183631897,0.7505423426628113,0.16729247570037842,True
data/raw_videos/PHRASES/SORRY_I_LATE/a4c0bf11.mp4,SORRY_I_LATE,False,3,0.9274721145629883,local_signer_02,0.9368171691894531,0.5246836543083191,0.41213351488113403,True
data/raw_videos/PHRASES/SORRY_I_LATE/a54f64f7.mp4,SORRY_I_LATE,False,3,0.945848266283671,local_signer_04,0.9157907962799072,0.6947070360183716,0.22108376026153564,True
data/raw_videos/PHRASES/SORRY_I_LATE/a5d4cc21.mp4,SORRY_I_LATE,False,3,0.9458588163057963,local_signer_01,0.8714757561683655,0.807174026966095,0.06430172920227051,True
data/raw_videos/PHRASES/SORRY_I_LATE/a68a1218.mp4,SORRY_I_LATE,False,3,0.9127538204193115,local_signer_02,0.9187696576118469,0.5257171392440796,0.39305251836776733,True
data/raw_videos/PHRASES/SORRY_I_LATE/a9b0078e.mp4,SORRY_I_LATE,False,3,0.9327073494593302,local_signer_02,0.9306083917617798,0.5125408172607422,0.4180675745010376,True
data/raw_videos/PHRASES/SORRY_I_LATE/acda4678.mp4,SORRY_I_LATE,False,3,0.9261792699495951,local_signer_02,0.9319830536842346,0.565682053565979,0.3663010001182556,True
data/raw_videos/PHRASES/SORRY_I_LATE/ad52af96.mp4,SORRY_I_LATE,False,3,0.9491298198699951,local_signer_04,0.8972506523132324,0.7560953497886658,0.14115530252456665,True
data/raw_videos/PHRASES/SORRY_I_LATE/b65e9786.mp4,SORRY_I_LATE,False,3,0.9460163513819376,local_signer_01,0.8375282287597656,0.8460150361061096,-0.008486807346343994,False
data/raw_videos/PHRASES/SORRY_I_LATE/b70b2c4b.mp4,SORRY_I_LATE,False,3,0.9272961815198263,local_signer_02,0.9418961405754089,0.5026155710220337,0.43928056955337524,True
data/raw_videos/PHRASES/SORRY_I_LATE/bbdde1a4.mp4,SORRY_I_LATE,False,3,0.9483718872070312,local_signer_01,0.7774152755737305,0.8712584972381592,-0.09384322166442871,False
data/raw_videos/PHRASES/SORRY_I_LATE/bde2ba06.mp4,SORRY_I_LATE,False,3,0.935099184513092,local_signer_02,0.9441689848899841,0.46856993436813354,0.4755990505218506,True
data/raw_videos/PHRASES/SORRY_I_LATE/bf87d3b0.mp4,SORRY_I_LATE,False,3,0.9306423862775167,local_signer_02,0.9318467974662781,0.5104984045028687,0.4213483929634094,True
data/raw_videos/PHRASES/SORRY_I_LATE/c27c32b6.mp4,SORRY_I_LATE,False,3,0.9454835454622904,local_signer_01,0.8086777925491333,0.8650242686271667,-0.05634647607803345,False
data/raw_videos/PHRASES/SORRY_I_LATE/c387e4e3.mp4,SORRY_I_LATE,False,3,0.9285847147305807,local_signer_02,0.9344572424888611,0.5499706864356995,0.3844865560531616,True
data/raw_videos/PHRASES/SORRY_I_LATE/c40c31ea.mp4,SORRY_I_LATE,False,3,0.9294495979944865,local_signer_02,0.935398519039154,0.5243472456932068,0.41105127334594727,True
data/raw_videos/PHRASES/SORRY_I_LATE/c43a23b0.mp4,SORRY_I_LATE,False,3,0.9471671978632609,local_signer_01,0.8699289560317993,0.7544379234313965,0.11549103260040283,True
data/raw_videos/PHRASES/SORRY_I_LATE/cfb1e589.mp4,SORRY_I_LATE,False,3,0.9323439200719198,local_signer_02,0.9348447918891907,0.47638484835624695,0.4584599435329437,True
data/raw_videos/PHRASES/SORRY_I_LATE/d0c8d4b8.mp4,SORRY_I_LATE,False,3,0.9321141242980957,local_signer_02,0.9393369555473328,0.5064309239387512,0.43290603160858154,True
data/raw_videos/PHRASES/SORRY_I_LATE/d1fdc19a.mp4,SORRY_I_LATE,False,3,0.919486403465271,local_signer_02,0.9041497111320496,0.5262641310691833,0.3778855800628662,True
data/raw_videos/PHRASES/SORRY_I_LATE/d2251296.mp4,SORRY_I_LATE,False,3,0.9461877346038818,local_signer_01,0.735327422618866,0.8680307269096375,-0.13270330429077148,False
data/raw_videos/PHRASES/SORRY_I_LATE/d2dbf018.mp4,SORRY_I_LATE,False,3,0.9435304204622904,local_signer_04,0.930504322052002,0.7564297914505005,0.17407453060150146,True
data/raw_videos/PHRASES/SORRY_I_LATE/d35c2f81.mp4,SORRY_I_LATE,False,3,0.9481287399927775,local_signer_04,0.9334026575088501,0.75682133436203,0.17658132314682007,True
data/raw_videos/PHRASES/SORRY_I_LATE/d3c8efd0.mp4,SORRY_I_LATE,False,3,0.9348966081937155,local_signer_02,0.930892825126648,0.45767852663993835,0.4732142984867096,True
data/raw_videos/PHRASES/SORRY_I_LATE/d87ea73a.mp4,SORRY_I_LATE,False,3,0.9401665329933167,local_signer_01,0.8937858939170837,0.830450177192688,0.06333571672439575,True
data/raw_videos/PHRASES/SORRY_I_LATE/d9beb687.mp4,SORRY_I_LATE,False,3,0.9164834022521973,local_signer_02,0.8742806911468506,0.5561891198158264,0.31809157133102417,True
data/raw_videos/PHRASES/SORRY_I_LATE/e16336c9.mp4,SORRY_I_LATE,False,3,0.9483843048413595,local_signer_04,0.9327551126480103,0.7835469245910645,0.1492081880569458,True
data/raw_videos/PHRASES/SORRY_I_LATE/e35eafb1.mp4,SORRY_I_LATE,False,3,0.9274592995643616,local_signer_02,0.930480420589447,0.5102214217185974,0.4202589988708496,True
data/raw_videos/PHRASES/SORRY_I_LATE/e4812ee8.mp4,SORRY_I_LATE,False,3,0.9428595503171285,local_signer_01,0.8258230090141296,0.7664876580238342,0.05933535099029541,True
data/raw_videos/PHRASES/SORRY_I_LATE/e67a05ff.mp4,SORRY_I_LATE,False,3,0.9063157637914022,local_signer_02,0.8054966330528259,0.5667340159416199,0.23876261711120605,True
data/raw_videos/PHRASES/SORRY_I_LATE/e7acb421.mp4,SORRY_I_LATE,False,3,0.9252785046895345,local_signer_02,0.9458478689193726,0.5076868534088135,0.4381610155105591,True
data/raw_videos/PHRASES/SORRY_I_LATE/e8e11c3b.mp4,SORRY_I_LATE,False,3,0.9479433496793112,local_signer_01,0.8755055069923401,0.7890976667404175,0.08640784025192261,True
data/raw_videos/PHRASES/SORRY_I_LATE/ea194d9d.mp4,SORRY_I_LATE,False,3,0.9481090307235718,local_signer_04,0.9028928875923157,0.7284175157546997,0.17447537183761597,True
data/raw_videos/PHRASES/SORRY_I_LATE/ec37ae1a.mp4,SORRY_I_LATE,False,3,0.945951004823049,local_signer_01,0.8427784442901611,0.8565601110458374,-0.01378166675567627,False
data/raw_videos/PHRASES/SORRY_I_LATE/ee12c8fa.mp4,SORRY_I_LATE,False,3,0.928332527478536,local_signer_02,0.929986298084259,0.5260707139968872,0.4039155840873718,True
data/raw_videos/PHRASES/SORRY_I_LATE/ee784321.mp4,SORRY_I_LATE,False,3,0.9255162477493286,local_signer_02,0.9344255328178406,0.5514315366744995,0.38299399614334106,True
data/raw_videos/PHRASES/SORRY_I_LATE/f275c7e5.mp4,SORRY_I_LATE,False,3,0.9394911924997965,local_signer_02,0.9393934607505798,0.4922488033771515,0.44714465737342834,True
data/raw_videos/PHRASES/SORRY_I_LATE/f3db9860.mp4,SORRY_I_LATE,False,3,0.9278700550397238,local_signer_02,0.9044715166091919,0.5151678919792175,0.38930362462997437,True
data/raw_videos/PHRASES/SORRY_I_LATE/f88ba92e.mp4,SORRY_I_LATE,False,3,0.9366488854090372,local_signer_02,0.9396278262138367,0.48533254861831665,0.45429527759552,True
data/raw_videos/PHRASES/SORRY_I_LATE/f8b28d9d.mp4,SORRY_I_LATE,False,3,0.9335628549257914,local_signer_02,0.9539546370506287,0.5288726687431335,0.4250819683074951,True
data/raw_videos/PHRASES/THANKYOU_FRIEND/05cb70f3.mp4,THANKYOU_FRIEND,False,3,0.9506986141204834,local_signer_01,0.935222864151001,0.6664823889732361,0.2687404751777649,True
data/raw_videos/PHRASES/THANKYOU_FRIEND/065394d8.mp4,THANKYOU_FRIEND,False,3,0.9460182189941406,local_signer_01,0.928396463394165,0.6866589188575745,0.24173754453659058,True
data/raw_videos/PHRASES/THANKYOU_FRIEND/12a04c17.mp4,THANKYOU_FRIEND,False,3,0.8925377130508423,local_signer_02,0.8628374934196472,0.5720842480659485,0.29075324535369873,True
data/raw_videos/PHRASES/THANKYOU_FRIEND/1dd3d267.mp4,THANKYOU_FRIEND,False,3,0.9475116928418478,local_signer_01,0.9209253191947937,0.683497428894043,0.23742789030075073,True
data/raw_videos/PHRASES/THANKYOU_FRIEND/1feb7567.mp4,THANKYOU_FRIEND,False,3,0.8814518253008524,local_signer_02,0.8594377636909485,0.593986451625824,0.2654513120651245,True
data/raw_videos/PHRASES/THANKYOU_FRIEND/2242943a.mp4,THANKYOU_FRIEND,False,3,0.8794677257537842,local_signer_02,0.8480597138404846,0.639580488204956,0.20847922563552856,True
data/raw_videos/PHRASES/THANKYOU_FRIEND/2e2e334d.mp4,THANKYOU_FRIEND,False,3,0.9082406560579935,local_signer_02,0.8856531977653503,0.5937262177467346,0.2919269800186157,True
data/raw_videos/PHRASES/THANKYOU_FRIEND/3b37b507.mp4,THANKYOU_FRIEND,False,3,0.8859261870384216,local_signer_02,0.8402596712112427,0.6156601309776306,0.22459954023361206,True
data/raw_videos/PHRASES/THANKYOU_FRIEND/3d1346bd.mp4,THANKYOU_FRIEND,False,3,0.9510345856348673,local_signer_01,0.9308260679244995,0.6813636422157288,0.24946242570877075,True
data/raw_videos/PHRASES/THANKYOU_FRIEND/499a4818.mp4,THANKYOU_FRIEND,False,3,0.9470447500546774,local_signer_01,0.8959568738937378,0.594981849193573,0.3009750247001648,True
data/raw_videos/PHRASES/THANKYOU_FRIEND/4a83aaf0.mp4,THANKYOU_FRIEND,False,3,0.9016663630803426,local_signer_02,0.8581096529960632,0.57426518201828,0.2838444709777832,True
data/raw_videos/PHRASES/THANKYOU_FRIEND/56621abe.mp4,THANKYOU_FRIEND,False,3,0.8626431028048197,local_signer_02,0.7966363430023193,0.6024345755577087,0.1942017674446106,True
data/raw_videos/PHRASES/THANKYOU_FRIEND/5aa45d71.mp4,THANKYOU_FRIEND,False,3,0.9479516545931498,local_signer_01,0.8633835315704346,0.5623392462730408,0.3010442852973938,True
data/raw_videos/PHRASES/THANKYOU_FRIEND/5c5efab1.mp4,THANKYOU_FRIEND,False,3,0.9026586413383484,local_signer_02,0.8673285245895386,0.5301987528800964,0.33712977170944214,True
data/raw_videos/PHRASES/THANKYOU_FRIEND/6fedc7ea.mp4,THANKYOU_FRIEND,False,3,0.8920833468437195,local_signer_02,0.8914997577667236,0.5206169486045837,0.3708828091621399,True
data/raw_videos/PHRASES/THANKYOU_FRIEND/71e1c4cc.mp4,THANKYOU_FRIEND,False,3,0.9098798433939616,local_signer_02,0.8257127404212952,0.547813355922699,0.2778993844985962,True
data/raw_videos/PHRASES/THANKYOU_FRIEND/767d8aef.mp4,THANKYOU_FRIEND,False,3,0.9021296302477518,local_signer_02,0.9170839786529541,0.5233330130577087,0.39375096559524536,True
data/raw_videos/PHRASES/THANKYOU_FRIEND/778dad68.mp4,THANKYOU_FRIEND,False,3,0.942133625348409,local_signer_01,0.8811076879501343,0.5804353952407837,0.3006722927093506,True
data/raw_videos/PHRASES/THANKYOU_FRIEND/81822714.mp4,THANKYOU_FRIEND,False,3,0.897800068060557,local_signer_02,0.889346182346344,0.5594007968902588,0.3299453854560852,True
data/raw_videos/PHRASES/THANKYOU_FRIEND/8717c82c.mp4,THANKYOU_FRIEND,False,3,0.9433955947558085,local_signer_01,0.8558278679847717,0.5701314806938171,0.2856963872909546,True
data/raw_videos/PHRASES/THANKYOU_FRIEND/92b45a54.mp4,THANKYOU_FRIEND,False,3,0.9169296224912008,local_signer_02,0.9000312685966492,0.5178085565567017,0.3822227120399475,True
data/raw_videos/PHRASES/THANKYOU_FRIEND/97c67ab1.mp4,THANKYOU_FRIEND,False,3,0.9467470049858093,local_signer_01,0.9299237132072449,0.6834949851036072,0.2464287281036377,True
data/raw_videos/PHRASES/THANKYOU_FRIEND/9bf09818.mp4,THANKYOU_FRIEND,False,3,0.9467023412386576,local_signer_01,0.919162929058075,0.6709536910057068,0.24820923805236816,True
data/raw_videos/PHRASES/THANKYOU_FRIEND/9d337d8e.mp4,THANKYOU_FRIEND,False,3,0.91411825021108,local_signer_02,0.8679011464118958,0.5591527223587036,0.30874842405319214,True
data/raw_videos/PHRASES/THANKYOU_FRIEND/THANKYOU_FRIEND_1.mp4,THANKYOU_FRIEND,True,3,0.9453699588775635,local_signer_03,0.9511157274246216,0.27251094579696655,0.678604781627655,True
data/raw_videos/PHRASES/THANKYOU_FRIEND/THANKYOU_FRIEND_10.mp4,THANKYOU_FRIEND,True,3,0.9455398321151733,local_signer_03,0.9521989822387695,0.35372447967529297,0.5984745025634766,True
data/raw_videos/PHRASES/THANKYOU_FRIEND/THANKYOU_FRIEND_11.mp4,THANKYOU_FRIEND,True,3,0.9452261924743652,local_signer_03,0.9414525628089905,0.3270860016345978,0.6143665611743927,True
data/raw_videos/PHRASES/THANKYOU_FRIEND/THANKYOU_FRIEND_12.mp4,THANKYOU_FRIEND,True,3,0.95037974913915,local_signer_03,0.9499158263206482,0.3783259093761444,0.5715899169445038,True
data/raw_videos/PHRASES/THANKYOU_FRIEND/THANKYOU_FRIEND_13.mp4,THANKYOU_FRIEND,True,3,0.9516973495483398,local_signer_03,0.9507108926773071,0.3578431010246277,0.5928677916526794,True
data/raw_videos/PHRASES/THANKYOU_FRIEND/THANKYOU_FRIEND_14.mp4,THANKYOU_FRIEND,True,3,0.9524338841438293,local_signer_03,0.9477948546409607,0.3559386134147644,0.5918562412261963,True
data/raw_videos/PHRASES/THANKYOU_FRIEND/THANKYOU_FRIEND_15.mp4,THANKYOU_FRIEND,True,3,0.9495831529299418,local_signer_03,0.9446287751197815,0.36744606494903564,0.5771827101707458,True
data/raw_videos/PHRASES/THANKYOU_FRIEND/THANKYOU_FRIEND_16.mp4,THANKYOU_FRIEND,True,3,0.9509527881940206,local_signer_03,0.9469662308692932,0.35980990529060364,0.5871563255786896,True
data/raw_videos/PHRASES/THANKYOU_FRIEND/THANKYOU_FRIEND_17.mp4,THANKYOU_FRIEND,True,3,0.9466255903244019,local_signer_03,0.941620409488678,0.3490360677242279,0.5925843417644501,True
data/raw_videos/PHRASES/THANKYOU_FRIEND/THANKYOU_FRIEND_18.mp4,THANKYOU_FRIEND,True,3,0.949998140335083,local_signer_03,0.9304382801055908,0.34283334016799927,0.5876049399375916,True
data/raw_videos/PHRASES/THANKYOU_FRIEND/THANKYOU_FRIEND_19.mp4,THANKYOU_FRIEND,True,3,0.9504609306653341,local_signer_03,0.9409707188606262,0.36019617319107056,0.5807745456695557,True
data/raw_videos/PHRASES/THANKYOU_FRIEND/THANKYOU_FRIEND_2.mp4,THANKYOU_FRIEND,True,3,0.9465398788452148,local_signer_03,0.9404614567756653,0.3350434899330139,0.6054179668426514,True
data/raw_videos/PHRASES/THANKYOU_FRIEND/THANKYOU_FRIEND_20.mp4,THANKYOU_FRIEND,True,3,0.9469231963157654,local_signer_03,0.9337593913078308,0.3453716039657593,0.5883877873420715,True
data/raw_videos/PHRASES/THANKYOU_FRIEND/THANKYOU_FRIEND_3.mp4,THANKYOU_FRIEND,True,3,0.9473379055658976,local_signer_03,0.9500541090965271,0.3135144114494324,0.6365396976470947,True
data/raw_videos/PHRASES/THANKYOU_FRIEND/THANKYOU_FRIEND_4.mp4,THANKYOU_FRIEND,True,3,0.9471065203348795,local_signer_03,0.9420506358146667,0.3229381740093231,0.6191124618053436,True
data/raw_videos/PHRASES/THANKYOU_FRIEND/THANKYOU_FRIEND_5.mp4,THANKYOU_FRIEND,True,3,0.9489404360453287,local_signer_03,0.9477716088294983,0.3356674909591675,0.6121041178703308,True
data/raw_videos/PHRASES/THANKYOU_FRIEND/THANKYOU_FRIEND_6.mp4,THANKYOU_FRIEND,True,3,0.9438688158988953,local_signer_03,0.9235562682151794,0.37561318278312683,0.5479430854320526,True
data/raw_videos/PHRASES/THANKYOU_FRIEND/THANKYOU_FRIEND_7.mp4,THANKYOU_FRIEND,True,3,0.9446837107340494,local_signer_03,0.9444292783737183,0.3600713908672333,0.584357887506485,True
data/raw_videos/PHRASES/THANKYOU_FRIEND/THANKYOU_FRIEND_8.mp4,THANKYOU_FRIEND,True,3,0.9460646510124207,local_signer_03,0.9614731669425964,0.3464980721473694,0.614975094795227,True
data/raw_videos/PHRASES/THANKYOU_FRIEND/THANKYOU_FRIEND_9.mp4,THANKYOU_FRIEND,True,3,0.9441602031389872,local_signer_03,0.9188660979270935,0.3498789072036743,0.5689871907234192,True
data/raw_videos/PHRASES/THANKYOU_FRIEND/a02d31ad.mp4,THANKYOU_FRIEND,False,3,0.9473759531974792,local_signer_01,0.9135159850120544,0.6261594295501709,0.28735655546188354,True
data/raw_videos/PHRASES/THANKYOU_FRIEND/a78dc18d.mp4,THANKYOU_FRIEND,False,3,0.9465277393658956,local_signer_01,0.9078760743141174,0.6390461921691895,0.268829882144928,True
data/raw_videos/PHRASES/THANKYOU_FRIEND/ae34ad51.mp4,THANKYOU_FRIEND,False,3,0.9483790993690491,local_signer_01,0.9284834861755371,0.6920697093009949,0.23641377687454224,True
data/raw_videos/PHRASES/THANKYOU_FRIEND/b413529e.mp4,THANKYOU_FRIEND,False,3,0.9415894945462545,local_signer_01,0.9185120463371277,0.6117920875549316,0.30671995878219604,True
data/raw_videos/PHRASES/THANKYOU_FRIEND/bafe16eb.mp4,THANKYOU_FRIEND,False,3,0.9430635571479797,local_signer_01,0.8623360395431519,0.5488302111625671,0.3135058283805847,True
data/raw_videos/PHRASES/THANKYOU_FRIEND/c036bf6f.mp4,THANKYOU_FRIEND,False,3,0.9088330467542013,local_signer_02,0.911880612373352,0.576737105846405,0.335143506526947,True
data/raw_videos/PHRASES/THANKYOU_FRIEND/c2d77f74.mp4,THANKYOU_FRIEND,False,2,0.9163109660148621,local_signer_02,0.885270893573761,0.5414955019950867,0.3437753915786743,True
data/raw_videos/PHRASES/THANKYOU_FRIEND/c3bf7454.mp4,THANKYOU_FRIEND,False,3,0.9458049734433492,local_signer_01,0.8857839703559875,0.5806102752685547,0.30517369508743286,True
data/raw_videos/PHRASES/THANKYOU_FRIEND/ce955f98.mp4,THANKYOU_FRIEND,False,3,0.9499930540720621,local_signer_01,0.9372678995132446,0.6936836838722229,0.24358421564102173,True
data/raw_videos/PHRASES/THANKYOU_FRIEND/d0446c25.mp4,THANKYOU_FRIEND,False,3,0.9462492863337199,local_signer_01,0.9183118343353271,0.6821349859237671,0.23617684841156006,True
data/raw_videos/PHRASES/THANKYOU_FRIEND/d1912f56.mp4,THANKYOU_FRIEND,False,3,0.8909442027409872,local_signer_02,0.8841716051101685,0.5265775322914124,0.3575940728187561,True
data/raw_videos/PHRASES/THANKYOU_FRIEND/d75350ca.mp4,THANKYOU_FRIEND,False,3,0.9179096619288126,local_signer_02,0.8925557136535645,0.5149952173233032,0.37756049633026123,True
data/raw_videos/PHRASES/THANKYOU_FRIEND/daa9b4dc.mp4,THANKYOU_FRIEND,False,3,0.9443227450052897,local_signer_01,0.9171046018600464,0.6269170641899109,0.2901875376701355,True
data/raw_videos/PHRASES/THANKYOU_FRIEND/e69fe417.mp4,THANKYOU_FRIEND,False,3,0.9490811228752136,local_signer_01,0.9256570339202881,0.6883554458618164,0.23730158805847168,True
data/raw_videos/PHRASES/THANKYOU_FRIEND/ee648b79.mp4,THANKYOU_FRIEND,False,3,0.9089347720146179,local_signer_02,0.8501049876213074,0.5124915242195129,0.33761346340179443,True
data/raw_videos/PHRASES/THANKYOU_FRIEND/fa5f33d6.mp4,THANKYOU_FRIEND,False,3,0.8971503575642904,local_signer_02,0.8206761479377747,0.5390085577964783,0.2816675901412964,True
data/raw_videos/PHRASES/TOMORROW_SCHOOL_GO/0b10c68b.mp4,TOMORROW_SCHOOL_GO,False,3,0.9462589224179586,local_signer_01,0.8735882639884949,0.6215745210647583,0.2520137429237366,True
data/raw_videos/PHRASES/TOMORROW_SCHOOL_GO/0efa7e67.mp4,TOMORROW_SCHOOL_GO,False,3,0.9305306474367777,local_signer_02,0.8230653405189514,0.4221157729625702,0.4009495675563812,True
data/raw_videos/PHRASES/TOMORROW_SCHOOL_GO/163d7e62.mp4,TOMORROW_SCHOOL_GO,False,3,0.9291417996088663,local_signer_02,0.8927945494651794,0.4160134494304657,0.47678110003471375,True
data/raw_videos/PHRASES/TOMORROW_SCHOOL_GO/2752620e.mp4,TOMORROW_SCHOOL_GO,False,3,0.9138509432474772,local_signer_02,0.8192650079727173,0.4806470274925232,0.3386179804801941,True
data/raw_videos/PHRASES/TOMORROW_SCHOOL_GO/2813d447.mp4,TOMORROW_SCHOOL_GO,False,3,0.9434322317441305,local_signer_01,0.9327650666236877,0.604548454284668,0.3282166123390198,True
data/raw_videos/PHRASES/TOMORROW_SCHOOL_GO/2d6a9750.mp4,TOMORROW_SCHOOL_GO,False,3,0.9169805645942688,local_signer_02,0.8582043051719666,0.5676482915878296,0.29055601358413696,True
data/raw_videos/PHRASES/TOMORROW_SCHOOL_GO/32a43c00.mp4,TOMORROW_SCHOOL_GO,False,3,0.9365174372990926,local_signer_02,0.8986755013465881,0.44198331236839294,0.4566921889781952,True
data/raw_videos/PHRASES/TOMORROW_SCHOOL_GO/35a42510.mp4,TOMORROW_SCHOOL_GO,False,3,0.9258971810340881,local_signer_02,0.9163972735404968,0.5086309313774109,0.40776634216308594,True
data/raw_videos/PHRASES/TOMORROW_SCHOOL_GO/36e8a1ee.mp4,TOMORROW_SCHOOL_GO,False,3,0.9286813537279764,local_signer_02,0.9060438275337219,0.4860258102416992,0.4200180172920227,True
data/raw_videos/PHRASES/TOMORROW_SCHOOL_GO/44d95ee7.mp4,TOMORROW_SCHOOL_GO,False,3,0.9473116795221964,local_signer_01,0.9159910082817078,0.6049221158027649,0.31106889247894287,True
data/raw_videos/PHRASES/TOMORROW_SCHOOL_GO/58f34251.mp4,TOMORROW_SCHOOL_GO,False,3,0.9280975858370463,local_signer_02,0.8933370113372803,0.5218605399131775,0.3714764714241028,True
data/raw_videos/PHRASES/TOMORROW_SCHOOL_GO/5a0820df.mp4,TOMORROW_SCHOOL_GO,False,3,0.9059215784072876,local_signer_02,0.7591472864151001,0.48891744017601013,0.27022984623908997,True
data/raw_videos/PHRASES/TOMORROW_SCHOOL_GO/62383084.mp4,TOMORROW_SCHOOL_GO,False,3,0.9452746311823527,local_signer_01,0.9051423072814941,0.6292915344238281,0.275850772857666,True
data/raw_videos/PHRASES/TOMORROW_SCHOOL_GO/66d20687.mp4,TOMORROW_SCHOOL_GO,False,3,0.9446050723393759,local_signer_01,0.9176711440086365,0.6023718118667603,0.3152993321418762,True
data/raw_videos/PHRASES/TOMORROW_SCHOOL_GO/6c0fa423.mp4,TOMORROW_SCHOOL_GO,False,3,0.941109319527944,local_signer_01,0.8622525930404663,0.6286262273788452,0.2336263656616211,True
data/raw_videos/PHRASES/TOMORROW_SCHOOL_GO/76995054.mp4,TOMORROW_SCHOOL_GO,False,3,0.9290320674578348,local_signer_02,0.9251635670661926,0.5040010809898376,0.421162486076355,True
data/raw_videos/PHRASES/TOMORROW_SCHOOL_GO/7b78499e.mp4,TOMORROW_SCHOOL_GO,False,3,0.94602503379186,local_signer_01,0.9268273711204529,0.6194507479667664,0.3073766231536865,True
data/raw_videos/PHRASES/TOMORROW_SCHOOL_GO/94e8bed1.mp4,TOMORROW_SCHOOL_GO,False,3,0.9439817865689596,local_signer_01,0.8906072974205017,0.6357319951057434,0.2548753023147583,True
data/raw_videos/PHRASES/TOMORROW_SCHOOL_GO/973e8bb0.mp4,TOMORROW_SCHOOL_GO,False,3,0.9219547112782797,local_signer_02,0.8758726716041565,0.4551635682582855,0.42070910334587097,True
data/raw_videos/PHRASES/TOMORROW_SCHOOL_GO/98f363e2.mp4,TOMORROW_SCHOOL_GO,False,3,0.941586971282959,local_signer_01,0.8356142640113831,0.5311912894248962,0.3044229745864868,True
data/raw_videos/PHRASES/TOMORROW_SCHOOL_GO/9f56f398.mp4,TOMORROW_SCHOOL_GO,False,3,0.9408450722694397,local_signer_01,0.8577877283096313,0.59947669506073,0.25831103324890137,True
data/raw_videos/PHRASES/TOMORROW_SCHOOL_GO/TOMORROW_SCHOOL_GO_1.mp4,TOMORROW_SCHOOL_GO,True,3,0.9489888548851013,local_signer_03,0.9515173435211182,0.2661477029323578,0.6853696405887604,True
data/raw_videos/PHRASES/TOMORROW_SCHOOL_GO/TOMORROW_SCHOOL_GO_10.mp4,TOMORROW_SCHOOL_GO,True,3,0.9445447127024332,local_signer_03,0.9113951921463013,0.26784762740135193,0.6435475647449493,True
data/raw_videos/PHRASES/TOMORROW_SCHOOL_GO/TOMORROW_SCHOOL_GO_11.mp4,TOMORROW_SCHOOL_GO,True,3,0.9474896788597107,local_signer_03,0.9366279244422913,0.3057251274585724,0.6309027969837189,True
data/raw_videos/PHRASES/TOMORROW_SCHOOL_GO/TOMORROW_SCHOOL_GO_12.mp4,TOMORROW_SCHOOL_GO,True,3,0.9508990049362183,local_signer_03,0.9565816521644592,0.28789210319519043,0.6686895489692688,True
data/raw_videos/PHRASES/TOMORROW_SCHOOL_GO/TOMORROW_SCHOOL_GO_13.mp4,TOMORROW_SCHOOL_GO,True,3,0.9494004845619202,local_signer_03,0.9476546049118042,0.26375702023506165,0.6838975846767426,True
data/raw_videos/PHRASES/TOMORROW_SCHOOL_GO/TOMORROW_SCHOOL_GO_14.mp4,TOMORROW_SCHOOL_GO,True,3,0.9528885285059611,local_signer_03,0.9429961442947388,0.2891370356082916,0.6538591086864471,True
data/raw_videos/PHRASES/TOMORROW_SCHOOL_GO/TOMORROW_SCHOOL_GO_15.mp4,TOMORROW_SCHOOL_GO,True,3,0.95099804798762,local_signer_03,0.9594959020614624,0.30054888129234314,0.6589470207691193,True
data/raw_videos/PHRASES/TOMORROW_SCHOOL_GO/TOMORROW_SCHOOL_GO_16.mp4,TOMORROW_SCHOOL_GO,True,3,0.9522109627723694,local_signer_03,0.9463653564453125,0.27141809463500977,0.6749472618103027,True
data/raw_videos/PHRASES/TOMORROW_SCHOOL_GO/TOMORROW_SCHOOL_GO_17.mp4,TOMORROW_SCHOOL_GO,True,3,0.9518456856409708,local_signer_03,0.95751953125,0.2986137568950653,0.6589057743549347,True
data/raw_videos/PHRASES/TOMORROW_SCHOOL_GO/TOMORROW_SCHOOL_GO_18.mp4,TOMORROW_SCHOOL_GO,True,3,0.9535043040911356,local_signer_03,0.9303072690963745,0.2882184684276581,0.6420888006687164,True
data/raw_videos/PHRASES/TOMORROW_SCHOOL_GO/TOMORROW_SCHOOL_GO_19.mp4,TOMORROW_SCHOOL_GO,True,3,0.9496270418167114,local_signer_03,0.9465556740760803,0.2962522506713867,0.6503034234046936,True
data/raw_videos/PHRASES/TOMORROW_SCHOOL_GO/TOMORROW_SCHOOL_GO_2.mp4,TOMORROW_SCHOOL_GO,True,3,0.9490076502164205,local_signer_03,0.9529045224189758,0.27530068159103394,0.6776038408279419,True
data/raw_videos/PHRASES/TOMORROW_SCHOOL_GO/TOMORROW_SCHOOL_GO_20.mp4,TOMORROW_SCHOOL_GO,True,3,0.952537735303243,local_signer_03,0.9422018527984619,0.2774399518966675,0.6647619009017944,True
data/raw_videos/PHRASES/TOMORROW_SCHOOL_GO/TOMORROW_SCHOOL_GO_3.mp4,TOMORROW_SCHOOL_GO,True,3,0.9468185504277548,local_signer_03,0.9370471239089966,0.262462854385376,0.6745842695236206,True
data/raw_videos/PHRASES/TOMORROW_SCHOOL_GO/TOMORROW_SCHOOL_GO_4.mp4,TOMORROW_SCHOOL_GO,True,3,0.947028378645579,local_signer_03,0.940805971622467,0.28660720586776733,0.6541987657546997,True
data/raw_videos/PHRASES/TOMORROW_SCHOOL_GO/TOMORROW_SCHOOL_GO_5.mp4,TOMORROW_SCHOOL_GO,True,3,0.9479628205299377,local_signer_03,0.9393256306648254,0.28683510422706604,0.6524905264377594,True
data/raw_videos/PHRASES/TOMORROW_SCHOOL_GO/TOMORROW_SCHOOL_GO_6.mp4,TOMORROW_SCHOOL_GO,True,3,0.9457305272420248,local_signer_03,0.9462828636169434,0.26495206356048584,0.6813308000564575,True
data/raw_videos/PHRASES/TOMORROW_SCHOOL_GO/TOMORROW_SCHOOL_GO_7.mp4,TOMORROW_SCHOOL_GO,True,3,0.948852022488912,local_signer_03,0.955759584903717,0.28646597266197205,0.669293612241745,True
data/raw_videos/PHRASES/TOMORROW_SCHOOL_GO/TOMORROW_SCHOOL_GO_8.mp4,TOMORROW_SCHOOL_GO,True,3,0.9502633015314738,local_signer_03,0.9598178267478943,0.27523499727249146,0.6845828294754028,True
data/raw_videos/PHRASES/TOMORROW_SCHOOL_GO/TOMORROW_SCHOOL_GO_9.mp4,TOMORROW_SCHOOL_GO,True,3,0.9470935861269633,local_signer_03,0.9323469400405884,0.2454521358013153,0.6868948042392731,True
data/raw_videos/PHRASES/TOMORROW_SCHOOL_GO/a4e2770a.mp4,TOMORROW_SCHOOL_GO,False,3,0.9220208326975504,local_signer_02,0.8831514716148376,0.461762398481369,0.42138907313346863,True
data/raw_videos/PHRASES/TOMORROW_SCHOOL_GO/aaf309b4.mp4,TOMORROW_SCHOOL_GO,False,3,0.9423000613848368,local_signer_01,0.8406922817230225,0.578123152256012,0.2625691294670105,True
data/raw_videos/PHRASES/TOMORROW_SCHOOL_GO/aeb19b35.mp4,TOMORROW_SCHOOL_GO,False,3,0.9425782958666483,local_signer_01,0.8626263737678528,0.6070019602775574,0.2556244134902954,True
data/raw_videos/PHRASES/TOMORROW_SCHOOL_GO/bb5037a6.mp4,TOMORROW_SCHOOL_GO,False,3,0.9470700025558472,local_signer_01,0.9184173345565796,0.5971903204917908,0.3212270140647888,True
data/raw_videos/PHRASES/TOMORROW_SCHOOL_GO/c2541b7d.mp4,TOMORROW_SCHOOL_GO,False,3,0.9246658881505331,local_signer_02,0.9136843681335449,0.48247015476226807,0.43121421337127686,True
data/raw_videos/PHRASES/TOMORROW_SCHOOL_GO/c3a8f513.mp4,TOMORROW_SCHOOL_GO,False,3,0.9437859058380127,local_signer_01,0.894388735294342,0.6358612179756165,0.2585275173187256,True
data/raw_videos/PHRASES/TOMORROW_SCHOOL_GO/c43e8388.mp4,TOMORROW_SCHOOL_GO,False,3,0.9441592892011007,local_signer_01,0.8963923454284668,0.620915949344635,0.2754763960838318,True
data/raw_videos/PHRASES/TOMORROW_SCHOOL_GO/cbc3a249.mp4,TOMORROW_SCHOOL_GO,False,3,0.9453096985816956,local_signer_01,0.8893207907676697,0.5660919547080994,0.3232288360595703,True
data/raw_videos/PHRASES/TOMORROW_SCHOOL_GO/cf946d9c.mp4,TOMORROW_SCHOOL_GO,False,3,0.9412712653477987,local_signer_01,0.8984651565551758,0.5636318922042847,0.3348332643508911,True
data/raw_videos/PHRASES/TOMORROW_SCHOOL_GO/d1d851a2.mp4,TOMORROW_SCHOOL_GO,False,3,0.9489971200625101,local_signer_01,0.9120179414749146,0.604086697101593,0.30793124437332153,True
data/raw_videos/PHRASES/TOMORROW_SCHOOL_GO/d42b9bd8.mp4,TOMORROW_SCHOOL_GO,False,3,0.9296643932660421,local_signer_02,0.8889514207839966,0.5197128057479858,0.36923861503601074,True
data/raw_videos/PHRASES/TOMORROW_SCHOOL_GO/d808feef.mp4,TOMORROW_SCHOOL_GO,False,3,0.9301759600639343,local_signer_02,0.8972191214561462,0.5272872447967529,0.3699318766593933,True
data/raw_videos/PHRASES/TOMORROW_SCHOOL_GO/d9a9f272.mp4,TOMORROW_SCHOOL_GO,False,3,0.9249733686447144,local_signer_02,0.850867748260498,0.5023964047431946,0.34847134351730347,True
data/raw_videos/PHRASES/TOMORROW_SCHOOL_GO/d9d0ef17.mp4,TOMORROW_SCHOOL_GO,False,3,0.9247570832570394,local_signer_02,0.9045590162277222,0.5681052207946777,0.33645379543304443,True
data/raw_videos/PHRASES/TOMORROW_SCHOOL_GO/dfa20cd9.mp4,TOMORROW_SCHOOL_GO,False,3,0.945219079653422,local_signer_01,0.9254648685455322,0.6244637966156006,0.30100107192993164,True
data/raw_videos/PHRASES/TOMORROW_SCHOOL_GO/e38ab6ff.mp4,TOMORROW_SCHOOL_GO,False,3,0.9310828049977621,local_signer_02,0.9066504240036011,0.49079254269599915,0.41585788130760193,True
data/raw_videos/PHRASES/TOMORROW_SCHOOL_GO/f21ebfe7.mp4,TOMORROW_SCHOOL_GO,False,3,0.9275871316591898,local_signer_02,0.9180759787559509,0.4974837899208069,0.42059218883514404,True
data/raw_videos/PHRASES/TOMORROW_SCHOOL_GO/f2957952.mp4,TOMORROW_SCHOOL_GO,False,3,0.9283342361450195,local_signer_02,0.8332321643829346,0.48783573508262634,0.3453964293003082,True
data/raw_videos/PHRASES/TOMORROW_SCHOOL_GO/fdddd591.mp4,TOMORROW_SCHOOL_GO,False,3,0.9449647466341654,local_signer_01,0.8995931148529053,0.5754586458206177,0.3241344690322876,True
data/raw_videos/PHRASES/YESTERDAY_TEACHER_MEET/03eb32d1.mp4,YESTERDAY_TEACHER_MEET,False,3,0.8516315221786499,local_signer_06,0.9999997615814209,0.6210165619850159,0.37898319959640503,True
data/raw_videos/PHRASES/YESTERDAY_TEACHER_MEET/10ef074a.mp4,YESTERDAY_TEACHER_MEET,False,3,0.9391511678695679,local_signer_01,0.8582465052604675,0.5218894481658936,0.336357057094574,True
data/raw_videos/PHRASES/YESTERDAY_TEACHER_MEET/15ff6408.mp4,YESTERDAY_TEACHER_MEET,False,3,0.9468122522036234,local_signer_01,0.9172049760818481,0.6631761193275452,0.254028856754303,True
data/raw_videos/PHRASES/YESTERDAY_TEACHER_MEET/179679d5.mp4,YESTERDAY_TEACHER_MEET,False,3,0.9435446858406067,local_signer_01,0.8803589344024658,0.5655865669250488,0.314772367477417,True
data/raw_videos/PHRASES/YESTERDAY_TEACHER_MEET/20bce8c6.mp4,YESTERDAY_TEACHER_MEET,False,3,0.9483842055002848,local_signer_01,0.9157495498657227,0.5988959074020386,0.3168536424636841,True
data/raw_videos/PHRASES/YESTERDAY_TEACHER_MEET/2ff7e4cc.mp4,YESTERDAY_TEACHER_MEET,False,3,0.939521849155426,local_signer_01,0.8956169486045837,0.5452215075492859,0.35039544105529785,True
data/raw_videos/PHRASES/YESTERDAY_TEACHER_MEET/3665f59b.mp4,YESTERDAY_TEACHER_MEET,False,2,0.8850401639938354,local_signer_02,0.8396955132484436,0.6104974150657654,0.22919809818267822,True
data/raw_videos/PHRASES/YESTERDAY_TEACHER_MEET/3e731e0a.mp4,YESTERDAY_TEACHER_MEET,False,3,0.8765185475349426,local_signer_02,0.7875131368637085,0.6523177623748779,0.13519537448883057,True
data/raw_videos/PHRASES/YESTERDAY_TEACHER_MEET/49d795e8.mp4,YESTERDAY_TEACHER_MEET,False,3,0.9097440441449484,local_signer_02,0.6900203824043274,0.6107397675514221,0.07928061485290527,True
data/raw_videos/PHRASES/YESTERDAY_TEACHER_MEET/4d4c02ee.mp4,YESTERDAY_TEACHER_MEET,False,3,0.9470166762669882,local_signer_01,0.9049323201179504,0.5877582430839539,0.3171740770339966,True
data/raw_videos/PHRASES/YESTERDAY_TEACHER_MEET/61b89f94.mp4,YESTERDAY_TEACHER_MEET,False,3,0.8679833809534708,local_signer_02,0.749192476272583,0.7411364316940308,0.008056044578552246,False
data/raw_videos/PHRASES/YESTERDAY_TEACHER_MEET/66068e96.mp4,YESTERDAY_TEACHER_MEET,False,3,0.9447706937789917,local_signer_01,0.8775902390480042,0.5528768301010132,0.32471340894699097,True
data/raw_videos/PHRASES/YESTERDAY_TEACHER_MEET/6ab783a0.mp4,YESTERDAY_TEACHER_MEET,False,2,0.8921589553356171,local_signer_02,0.8455814719200134,0.6347074508666992,0.2108740210533142,True
data/raw_videos/PHRASES/YESTERDAY_TEACHER_MEET/6d782f51.mp4,YESTERDAY_TEACHER_MEET,False,3,0.8786518971125284,local_signer_02,0.7032191157341003,0.7279373407363892,-0.02471822500228882,False
data/raw_videos/PHRASES/YESTERDAY_TEACHER_MEET/74618f7f.mp4,YESTERDAY_TEACHER_MEET,False,3,0.8725448250770569,local_signer_02,0.842568039894104,0.6551426649093628,0.1874253749847412,True
data/raw_videos/PHRASES/YESTERDAY_TEACHER_MEET/7535e721.mp4,YESTERDAY_TEACHER_MEET,False,3,0.9481025735537211,local_signer_01,0.9202352166175842,0.6305068731307983,0.2897283434867859,True
data/raw_videos/PHRASES/YESTERDAY_TEACHER_MEET/83a6d0c1.mp4,YESTERDAY_TEACHER_MEET,False,3,0.8835509816805521,local_signer_02,0.8326689600944519,0.6893229484558105,0.14334601163864136,True
data/raw_videos/PHRASES/YESTERDAY_TEACHER_MEET/87246e44.mp4,YESTERDAY_TEACHER_MEET,False,3,0.938055157661438,local_signer_01,0.8123502731323242,0.433908611536026,0.3784416615962982,True
data/raw_videos/PHRASES/YESTERDAY_TEACHER_MEET/872ba2bf.mp4,YESTERDAY_TEACHER_MEET,False,3,0.8952291210492452,local_signer_02,0.8516524434089661,0.6384825706481934,0.2131698727607727,True
data/raw_videos/PHRASES/YESTERDAY_TEACHER_MEET/8a581e78.mp4,YESTERDAY_TEACHER_MEET,False,3,0.9452281395594279,local_signer_01,0.90480637550354,0.6306771039962769,0.2741292715072632,True
data/raw_videos/PHRASES/YESTERDAY_TEACHER_MEET/8bb6e0b3.mp4,YESTERDAY_TEACHER_MEET,False,3,0.8609233299891154,local_signer_07,1.0000001192092896,0.6210165619850159,0.3789835572242737,True
data/raw_videos/PHRASES/YESTERDAY_TEACHER_MEET/94ba9bca.mp4,YESTERDAY_TEACHER_MEET,False,3,0.8760939637819926,local_signer_02,0.7419673800468445,0.7187920212745667,0.023175358772277832,False
data/raw_videos/PHRASES/YESTERDAY_TEACHER_MEET/9648a008.mp4,YESTERDAY_TEACHER_MEET,False,3,0.9362009763717651,local_signer_01,0.8361254334449768,0.4767552316188812,0.3593702018260956,True
data/raw_videos/PHRASES/YESTERDAY_TEACHER_MEET/9af91c39.mp4,YESTERDAY_TEACHER_MEET,False,3,0.9022033413251241,local_signer_02,0.8712652325630188,0.622499406337738,0.24876582622528076,True
data/raw_videos/PHRASES/YESTERDAY_TEACHER_MEET/9e582d05.mp4,YESTERDAY_TEACHER_MEET,False,3,0.9450542330741882,local_signer_01,0.9053526520729065,0.5964242219924927,0.3089284300804138,True
data/raw_videos/PHRASES/YESTERDAY_TEACHER_MEET/9ecdb57d.mp4,YESTERDAY_TEACHER_MEET,False,3,0.9502266844113668,local_signer_01,0.9251577854156494,0.6236940622329712,0.3014637231826782,True
data/raw_videos/PHRASES/YESTERDAY_TEACHER_MEET/YESTERDAY_TEACHER_MEET_1.mp4,YESTERDAY_TEACHER_MEET,True,3,0.9480745792388916,local_signer_03,0.9487259387969971,0.32337766885757446,0.6253482699394226,True
data/raw_videos/PHRASES/YESTERDAY_TEACHER_MEET/YESTERDAY_TEACHER_MEET_10.mp4,YESTERDAY_TEACHER_MEET,True,3,0.9458244442939758,local_signer_03,0.9530106782913208,0.27602556347846985,0.676985114812851,True
data/raw_videos/PHRASES/YESTERDAY_TEACHER_MEET/YESTERDAY_TEACHER_MEET_11.mp4,YESTERDAY_TEACHER_MEET,True,3,0.9512900908788046,local_signer_03,0.953376829624176,0.2728886306285858,0.6804881989955902,True
data/raw_videos/PHRASES/YESTERDAY_TEACHER_MEET/YESTERDAY_TEACHER_MEET_12.mp4,YESTERDAY_TEACHER_MEET,True,3,0.9463321367899576,local_signer_03,0.9455114603042603,0.2624134123325348,0.6830980479717255,True
data/raw_videos/PHRASES/YESTERDAY_TEACHER_MEET/YESTERDAY_TEACHER_MEET_13.mp4,YESTERDAY_TEACHER_MEET,True,3,0.9475764433542887,local_signer_03,0.9473544359207153,0.27621257305145264,0.6711418628692627,True
data/raw_videos/PHRASES/YESTERDAY_TEACHER_MEET/YESTERDAY_TEACHER_MEET_14.mp4,YESTERDAY_TEACHER_MEET,True,3,0.951309601465861,local_signer_03,0.9480083584785461,0.2915828824043274,0.6564254760742188,True
data/raw_videos/PHRASES/YESTERDAY_TEACHER_MEET/YESTERDAY_TEACHER_MEET_15.mp4,YESTERDAY_TEACHER_MEET,True,3,0.9519036213556925,local_signer_03,0.9600926041603088,0.3091723620891571,0.6509202420711517,True
data/raw_videos/PHRASES/YESTERDAY_TEACHER_MEET/YESTERDAY_TEACHER_MEET_16.mp4,YESTERDAY_TEACHER_MEET,True,3,0.9507097403208414,local_signer_03,0.9559510946273804,0.3184604346752167,0.6374906599521637,True
data/raw_videos/PHRASES/YESTERDAY_TEACHER_MEET/YESTERDAY_TEACHER_MEET_17.mp4,YESTERDAY_TEACHER_MEET,True,3,0.9511820475260416,local_signer_03,0.9525842070579529,0.3201184570789337,0.6324657499790192,True
data/raw_videos/PHRASES/YESTERDAY_TEACHER_MEET/YESTERDAY_TEACHER_MEET_18.mp4,YESTERDAY_TEACHER_MEET,True,3,0.9517636895179749,local_signer_03,0.9557780027389526,0.3202246427536011,0.6355533599853516,True
data/raw_videos/PHRASES/YESTERDAY_TEACHER_MEET/YESTERDAY_TEACHER_MEET_19.mp4,YESTERDAY_TEACHER_MEET,True,3,0.9513248403867086,local_signer_03,0.9496739506721497,0.31184810400009155,0.6378258466720581,True
data/raw_videos/PHRASES/YESTERDAY_TEACHER_MEET/YESTERDAY_TEACHER_MEET_2.mp4,YESTERDAY_TEACHER_MEET,True,3,0.9447522163391113,local_signer_03,0.9500285387039185,0.3244105279445648,0.6256180107593536,True
data/raw_videos/PHRASES/YESTERDAY_TEACHER_MEET/YESTERDAY_TEACHER_MEET_20.mp4,YESTERDAY_TEACHER_MEET,True,3,0.9520821770032247,local_signer_03,0.9542303681373596,0.3054298162460327,0.6488005518913269,True
data/raw_videos/PHRASES/YESTERDAY_TEACHER_MEET/YESTERDAY_TEACHER_MEET_3.mp4,YESTERDAY_TEACHER_MEET,True,3,0.945922056833903,local_signer_03,0.9498201608657837,0.2809024155139923,0.6689177453517914,True
data/raw_videos/PHRASES/YESTERDAY_TEACHER_MEET/YESTERDAY_TEACHER_MEET_4.mp4,YESTERDAY_TEACHER_MEET,True,3,0.9469053546587626,local_signer_03,0.9519351124763489,0.2950237989425659,0.656911313533783,True
data/raw_videos/PHRASES/YESTERDAY_TEACHER_MEET/YESTERDAY_TEACHER_MEET_5.mp4,YESTERDAY_TEACHER_MEET,True,3,0.9477240840593973,local_signer_03,0.9530817866325378,0.310976505279541,0.6421052813529968,True
data/raw_videos/PHRASES/YESTERDAY_TEACHER_MEET/YESTERDAY_TEACHER_MEET_6.mp4,YESTERDAY_TEACHER_MEET,True,3,0.9433217843373617,local_signer_03,0.9386276006698608,0.2776356637477875,0.6609919369220734,True
data/raw_videos/PHRASES/YESTERDAY_TEACHER_MEET/YESTERDAY_TEACHER_MEET_7.mp4,YESTERDAY_TEACHER_MEET,True,3,0.9481924374898275,local_signer_03,0.9463041424751282,0.29304027557373047,0.6532638669013977,True
data/raw_videos/PHRASES/YESTERDAY_TEACHER_MEET/YESTERDAY_TEACHER_MEET_8.mp4,YESTERDAY_TEACHER_MEET,True,3,0.9462607701619467,local_signer_03,0.9410227537155151,0.2869947552680969,0.6540279984474182,True
data/raw_videos/PHRASES/YESTERDAY_TEACHER_MEET/YESTERDAY_TEACHER_MEET_9.mp4,YESTERDAY_TEACHER_MEET,True,3,0.942614754041036,local_signer_03,0.9435532689094543,0.2842766046524048,0.6592766642570496,True
data/raw_videos/PHRASES/YESTERDAY_TEACHER_MEET/a17b8e6b.mp4,YESTERDAY_TEACHER_MEET,False,3,0.8787799874941508,local_signer_02,0.839236319065094,0.66800457239151,0.17123174667358398,True
data/raw_videos/PHRASES/YESTERDAY_TEACHER_MEET/a275589a.mp4,YESTERDAY_TEACHER_MEET,False,3,0.8849872946739197,local_signer_02,0.7741472721099854,0.761543869972229,0.012603402137756348,False
data/raw_videos/PHRASES/YESTERDAY_TEACHER_MEET/a3be660b.mp4,YESTERDAY_TEACHER_MEET,False,3,0.8590469757715861,local_signer_02,0.7294235825538635,0.6711908578872681,0.05823272466659546,True
data/raw_videos/PHRASES/YESTERDAY_TEACHER_MEET/a7d447c9.mp4,YESTERDAY_TEACHER_MEET,False,3,0.9090820153554281,local_signer_02,0.838057816028595,0.6361069679260254,0.20195084810256958,True
data/raw_videos/PHRASES/YESTERDAY_TEACHER_MEET/be7c6c94.mp4,YESTERDAY_TEACHER_MEET,False,3,0.9032471974690756,local_signer_02,0.8847562074661255,0.6107186675071716,0.27403753995895386,True
data/raw_videos/PHRASES/YESTERDAY_TEACHER_MEET/c114db4d.mp4,YESTERDAY_TEACHER_MEET,False,3,0.9400921662648519,local_signer_01,0.8436921834945679,0.5068915486335754,0.33680063486099243,True
data/raw_videos/PHRASES/YESTERDAY_TEACHER_MEET/c2734315.mp4,YESTERDAY_TEACHER_MEET,False,3,0.9489975174268087,local_signer_01,0.8806329965591431,0.5351354479789734,0.3454975485801697,True
data/raw_videos/PHRASES/YESTERDAY_TEACHER_MEET/ca22ffab.mp4,YESTERDAY_TEACHER_MEET,False,3,0.8523498773574829,local_signer_02,0.7644186019897461,0.7171206474304199,0.04729795455932617,False
data/raw_videos/PHRASES/YESTERDAY_TEACHER_MEET/d0cfe37d.mp4,YESTERDAY_TEACHER_MEET,False,3,0.9467465281486511,local_signer_01,0.9041520357131958,0.5903404355049133,0.31381160020828247,True
data/raw_videos/PHRASES/YESTERDAY_TEACHER_MEET/df298d10.mp4,YESTERDAY_TEACHER_MEET,False,3,0.9439846277236938,local_signer_01,0.8733072876930237,0.5604192018508911,0.31288808584213257,True
data/raw_videos/PHRASES/YESTERDAY_TEACHER_MEET/df8da5db.mp4,YESTERDAY_TEACHER_MEET,False,3,0.9049220283826193,local_signer_02,0.8060324788093567,0.6590253710746765,0.14700710773468018,True
data/raw_videos/PHRASES/YESTERDAY_TEACHER_MEET/f434a5b2.mp4,YESTERDAY_TEACHER_MEET,False,3,0.9430463115374247,local_signer_01,0.9054381251335144,0.5871747136116028,0.3182634115219116,True
data/raw_videos/PHRASES/YESTERDAY_TEACHER_MEET/f64ccc47.mp4,YESTERDAY_TEACHER_MEET,False,3,0.9363000988960266,local_signer_01,0.8288357257843018,0.49867936968803406,0.3301563560962677,True
data/raw_videos/PHRASES/YESTERDAY_TEACHER_MEET/fe544994.mp4,YESTERDAY_TEACHER_MEET,False,3,0.9490489761034647,local_signer_01,0.9284122586250305,0.6382008790969849,0.29021137952804565,True
