role,source,signer,item_id,label,duration_seconds,previous_gap_seconds,next_gap_seconds,all_signs_annotated
validation,asllrp_contiguous,JONATHAN,asllrp:15718738.mp4:span00,NIGHT,0.2002,,0.06673333333333337,True
validation,asllrp_contiguous,JONATHAN,asllrp:15718738.mp4:span00,TIME,0.2002,0.06673333333333337,,True
validation,asllrp_contiguous,JONATHAN,asllrp:30336.mp4:span00,WATER,0.2335666666666667,,0.2002,True
validation,asllrp_contiguous,JONATHAN,asllrp:30336.mp4:span00,COLD,0.6006,0.2002,,True
validation,asllrp_contiguous,JONATHAN,asllrp:31657946.mp4:span00,LIKE,0.16683333333333333,,0.10010000000000002,True
validation,asllrp_contiguous,JONATHAN,asllrp:31657946.mp4:span00,READ,0.10010000000000002,0.10010000000000002,,True
validation,asllrp_contiguous,JONATHAN,asllrp:31659623.mp4:span00,FRIEND,0.3003,,0.10010000000000002,True
validation,asllrp_contiguous,JONATHAN,asllrp:31659623.mp4:span00,NOW,0.10009999999999997,0.10010000000000002,,True
validation,asllrp_contiguous,JONATHAN,asllrp:31660216.mp4:span00,NOW,0.16683333333333333,,0.3003,True
validation,asllrp_contiguous,JONATHAN,asllrp:31660216.mp4:span00,BAD,0.4004,0.3003,,True
validation,asllrp_contiguous,JONATHAN,asllrp:4236779.mp4:span00,TIME,0.26693333333333336,,0.10010000000000002,True
validation,asllrp_contiguous,JONATHAN,asllrp:4236779.mp4:span00,FRIEND,0.26693333333333336,0.10010000000000002,0.10009999999999997,True
validation,asllrp_contiguous,JONATHAN,asllrp:7345233.mp4:span00,FRIEND,0.2002,0.06673333333333333,0.8675333333333333,True
validation,asllrp_contiguous,JONATHAN,asllrp:7345233.mp4:span00,MAYBE,0.4004000000000001,0.8675333333333333,,True
validation,asllrp_contiguous,JONATHAN,asllrp:841111.mp4:span00,FRIEND,0.2335666666666667,,0.10010000000000002,True
validation,asllrp_contiguous,JONATHAN,asllrp:841111.mp4:span00,NOW,0.13346666666666662,0.10010000000000002,0.033366666666666656,True
validation,asllrp_contiguous,JONATHAN,asllrp:841314.mp4:span00,FRIEND,0.3336666666666667,,0.10009999999999997,True
validation,asllrp_contiguous,JONATHAN,asllrp:841314.mp4:span00,NOW,0.16683333333333328,0.10009999999999997,0.10010000000000008,True
validation,asllrp_contiguous,JONATHAN,asllrp:841415.mp4:span00,FRIEND,0.3670333333333334,,0.06673333333333331,True
validation,asllrp_contiguous,JONATHAN,asllrp:841415.mp4:span00,NOW,0.06673333333333331,0.06673333333333331,0.10009999999999997,True
validation,asllrp_contiguous,JONATHAN,asllrp:841516.mp4:span00,FRIEND,0.40040000000000003,,0.13346666666666662,True
validation,asllrp_contiguous,JONATHAN,asllrp:841516.mp4:span00,NOW,0.10010000000000008,0.13346666666666662,,True
validation,asllrp_contiguous,JONATHAN,asllrp:842935.mp4:span00,WORK,0.3336666666666667,0.13346666666666668,0.3670333333333333,True
validation,asllrp_contiguous,JONATHAN,asllrp:842935.mp4:span00,WHERE,0.43376666666666674,0.3670333333333333,,True
validation,asllrp_other_ctc,JONATHAN,asllrp_other_ctc:15716766:span00,NOW,0.13346666666666662,0.1668333333333334,0.20019999999999993,True
validation,asllrp_other_ctc,JONATHAN,asllrp_other_ctc:15716865:span00,NOW,0.3003,0.10009999999999986,,True
validation,asllrp_other_ctc,JONATHAN,asllrp_other_ctc:15716963:span00,READ,0.20019999999999993,0.33366666666666656,0.1668333333333336,True
validation,asllrp_other_ctc,JONATHAN,asllrp_other_ctc:15717258:span00,FRIEND,0.26693333333333336,0.16683333333333328,0.13346666666666673,True
validation,asllrp_other_ctc,JONATHAN,asllrp_other_ctc:15717259:span00,FRIEND,0.2335666666666667,0.16683333333333333,0.16683333333333328,True
validation,asllrp_other_ctc,JONATHAN,asllrp_other_ctc:15717456:span00,FRIEND,0.26693333333333324,0.1668333333333334,0.2335666666666667,True
validation,asllrp_other_ctc,JONATHAN,asllrp_other_ctc:15717850:span00,FRIEND,0.33366666666666667,0.10009999999999997,0.10010000000000008,True
validation,asllrp_other_ctc,JONATHAN,asllrp_other_ctc:15717948:span00,FRIEND,0.4337666666666671,0.10009999999999941,,True
validation,asllrp_other_ctc,JONATHAN,asllrp_other_ctc:15718047:span00,FRIEND,0.16683333333333333,0.10010000000000002,0.10009999999999997,True
validation,asllrp_other_ctc,JONATHAN,asllrp_other_ctc:15718145:span00,HAVE,0.06673333333333353,0.1668333333333334,0.13346666666666662,True
validation,asllrp_other_ctc,JONATHAN,asllrp_other_ctc:15718146:span00,FRIEND,0.2335666666666668,0.10009999999999997,0.10009999999999986,True
validation,asllrp_other_ctc,JONATHAN,asllrp_other_ctc:15718244:span00,WORK,0.26693333333333347,0.2335666666666667,0.03336666666666632,True
validation,asllrp_other_ctc,JONATHAN,asllrp_other_ctc:15718343:span00,FRIEND,0.26693333333333336,0.13346666666666662,0.20019999999999993,True
validation,asllrp_other_ctc,JONATHAN,asllrp_other_ctc:15718343:span00,WHERE,0.3336666666666668,0.06673333333333309,0.26693333333333324,True
validation,asllrp_other_ctc,JONATHAN,asllrp_other_ctc:15718441:span00,FRIEND,0.3670333333333334,,0.10009999999999997,True
validation,asllrp_other_ctc,JONATHAN,asllrp_other_ctc:15718442:span00,FRIEND,0.43376666666666686,0.13346666666666662,0.10009999999999986,True
validation,asllrp_other_ctc,JONATHAN,asllrp_other_ctc:15718442:span00,NAME,0.26693333333333324,0.13346666666666662,0.06673333333333309,True
validation,asllrp_other_ctc,JONATHAN,asllrp_other_ctc:15718540:span00,FRIEND,0.2335666666666667,,0.16683333333333333,True
validation,asllrp_other_ctc,JONATHAN,asllrp_other_ctc:15718540:span00,DIFFERENT,0.1668333333333334,0.1668333333333334,0.20020000000000016,True
validation,asllrp_other_ctc,JONATHAN,asllrp_other_ctc:15718639:span00,FRIEND,0.3003,0.13346666666666662,0.03336666666666677,True
validation,asllrp_other_ctc,JONATHAN,asllrp_other_ctc:15718738:span00,NIGHT,0.2001999999999997,0.1668333333333334,0.06673333333333353,True
validation,asllrp_other_ctc,JONATHAN,asllrp_other_ctc:15718738:span00,TIME,0.2001999999999997,0.06673333333333353,0.16683333333333383,True
validation,asllrp_other_ctc,JONATHAN,asllrp_other_ctc:15718934:span00,BAD,0.3003,0.2002,0.20019999999999993,True
validation,asllrp_other_ctc,JONATHAN,asllrp_other_ctc:15718934:span00,HOME,0.3336666666666668,0.20020000000000016,,True
validation,asllrp_other_ctc,JONATHAN,asllrp_other_ctc:15718935:span00,FAMILY,0.2335666666666667,0.26693333333333336,0.26693333333333324,True
validation,asllrp_other_ctc,JONATHAN,asllrp_other_ctc:15719033:span00,NOW,0.26693333333333324,0.13346666666666684,0.1668333333333334,True
validation,asllrp_other_ctc,JONATHAN,asllrp_other_ctc:15719132:span00,HOME,0.26693333333333324,0.1668333333333334,0.06673333333333353,True
validation,asllrp_other_ctc,JONATHAN,asllrp_other_ctc:15719526:span00,LEARN,0.3003,0.06673333333333353,0.13346666666666618,True
validation,asllrp_other_ctc,JONATHAN,asllrp_other_ctc:15719625:span00,WORK,0.4004000000000003,0.13346666666666662,,True
validation,asllrp_other_ctc,JONATHAN,asllrp_other_ctc:15719724:span00,FRIEND,0.5338666666666667,,0.10010000000000008,True
validation,asllrp_other_ctc,JONATHAN,asllrp_other_ctc:15719823:span00,FRIEND,0.3670333333333333,0.13346666666666665,0.10010000000000008,True
validation,asllrp_other_ctc,JONATHAN,asllrp_other_ctc:15719921:span00,FRIEND,0.4337666666666667,0.20020000000000002,0.2335666666666667,True
validation,asllrp_other_ctc,JONATHAN,asllrp_other_ctc:15719922:span00,FRIEND,0.46713333333333334,0.16683333333333336,0.10009999999999997,True
validation,asllrp_other_ctc,JONATHAN,asllrp_other_ctc:15720020:span00,FRIEND,0.26693333333333336,0.1001,0.10009999999999997,True
validation,asllrp_other_ctc,JONATHAN,asllrp_other_ctc:15720119:span00,WORK,0.13346666666666662,0.13346666666666662,0.3336666666666668,True
validation,asllrp_other_ctc,JONATHAN,asllrp_other_ctc:15720217:span00,HOW,0.23356666666666737,0.16683333333333294,0.6006,True
validation,asllrp_other_ctc,JONATHAN,asllrp_other_ctc:15720414:span00,FRIEND,0.33366666666666667,0.1668333333333333,0.1668333333333334,True
validation,asllrp_other_ctc,JONATHAN,asllrp_other_ctc:15720415:span00,HOT,0.36703333333333354,0.06673333333333309,,True
validation,asllrp_other_ctc,JONATHAN,asllrp_other_ctc:15720612:span00,FRIEND,0.3003,0.10009999999999997,0.13346666666666662,True
validation,asllrp_other_ctc,JONATHAN,asllrp_other_ctc:15720710:span00,FRIEND,0.26693333333333336,,0.10010000000000002,True
validation,asllrp_other_ctc,JONATHAN,asllrp_other_ctc:15720711:span00,FRIEND,0.3670333333333334,,0.13346666666666662,True
validation,asllrp_other_ctc,JONATHAN,asllrp_other_ctc:15720711:span00,WHERE,0.20019999999999993,0.13346666666666684,0.33366666666666656,True
validation,asllrp_other_ctc,JONATHAN,asllrp_other_ctc:1572098:span00,WORK,0.3003,0.06673333333333331,0.1668333333333334,True
validation,asllrp_other_ctc,JONATHAN,asllrp_other_ctc:1572107:span00,WHERE,0.06673333333333309,0.10009999999999986,0.13346666666666707,True
validation,asllrp_other_ctc,JONATHAN,asllrp_other_ctc:28310:span00,WHERE,0.5005000000000001,0.13346666666666662,,True
validation,asllrp_other_ctc,JONATHAN,asllrp_other_ctc:28411:span00,WHERE,0.3670333333333333,0.13346666666666673,,True
validation,asllrp_other_ctc,JONATHAN,asllrp_other_ctc:28512:span00,WHERE,0.10009999999999997,0.13346666666666662,0.10010000000000008,True
validation,asllrp_other_ctc,JONATHAN,asllrp_other_ctc:28513:span00,WORK,0.3003000000000001,0.16683333333333328,0.23356666666666648,True
validation,asllrp_other_ctc,JONATHAN,asllrp_other_ctc:28614:span00,NOW,0.16683333333333333,,0.10010000000000002,True
validation,asllrp_other_ctc,JONATHAN,asllrp_other_ctc:28614:span00,WORK,0.16683333333333328,0.10010000000000002,0.10010000000000008,True
validation,asllrp_other_ctc,JONATHAN,asllrp_other_ctc:28715:span00,WHERE,0.4671333333333332,0.40039999999999987,,True
validation,asllrp_other_ctc,JONATHAN,asllrp_other_ctc:28918:span00,HAVE,0.16683333333333294,0.1668333333333334,0.2002000000000006,True
validation,asllrp_other_ctc,JONATHAN,asllrp_other_ctc:29019:span00,FRIEND,0.3002999999999998,0.10010000000000008,0.1001000000000003,True
validation,asllrp_other_ctc,JONATHAN,asllrp_other_ctc:29019:span00,HOT,0.3003,0.1668333333333334,0.2001999999999997,True
validation,asllrp_other_ctc,JONATHAN,asllrp_other_ctc:29221:span00,THINK,0.10009999999999986,0.2001999999999997,0.06673333333333353,True
validation,asllrp_other_ctc,JONATHAN,asllrp_other_ctc:29322:span00,THINK,0.13346666666666662,0.20020000000000016,0.0,True
validation,asllrp_other_ctc,JONATHAN,asllrp_other_ctc:29423:span00,COLD,0.3003,,0.03336666666666671,True
validation,asllrp_other_ctc,JONATHAN,asllrp_other_ctc:29626:span00,MORNING,0.1668333333333334,0.4671333333333334,0.1668333333333334,True
validation,asllrp_other_ctc,JONATHAN,asllrp_other_ctc:29727:span00,MORNING,0.10010000000000008,0.16683333333333317,0.1668333333333334,True
validation,asllrp_other_ctc,JONATHAN,asllrp_other_ctc:29728:span00,TOMORROW,0.3003000000000001,0.16683333333333328,0.33366666666666656,True
validation,asllrp_other_ctc,JONATHAN,asllrp_other_ctc:29728:span00,HOME,0.26693333333333324,0.23356666666666692,0.3003,True
validation,asllrp_other_ctc,JONATHAN,asllrp_other_ctc:29829:span00,WORK,0.3670333333333333,0.1668333333333334,0.10010000000000008,True
validation,asllrp_other_ctc,JONATHAN,asllrp_other_ctc:29829:span00,HOME,0.3003,0.3336666666666668,,True
validation,asllrp_other_ctc,JONATHAN,asllrp_other_ctc:29931:span00,THINK,0.10009999999999986,0.13346666666666662,0.13346666666666662,True
validation,asllrp_other_ctc,JONATHAN,asllrp_other_ctc:30336:span00,WATER,0.2335666666666667,,0.2002,True
validation,asllrp_other_ctc,JONATHAN,asllrp_other_ctc:30336:span00,COLD,0.6006,0.2002,0.6006,True
validation,asllrp_other_ctc,JONATHAN,asllrp_other_ctc:30640:span00,TOMORROW,0.23356666666666648,0.13346666666666662,0.3003,True
validation,asllrp_other_ctc,JONATHAN,asllrp_other_ctc:30641:span00,WORK,0.20020000000000004,0.10009999999999997,0.13346666666666662,True
validation,asllrp_other_ctc,JONATHAN,asllrp_other_ctc:30742:span00,WHERE,0.3003,0.1668333333333334,0.13346666666666662,True
validation,asllrp_other_ctc,JONATHAN,asllrp_other_ctc:31654594:span00,FRIEND,0.33366666666666656,0.10009999999999997,0.1668333333333334,True
validation,asllrp_other_ctc,JONATHAN,asllrp_other_ctc:31654693:span00,FRIEND,0.3670333333333334,,0.26693333333333336,True
validation,asllrp_other_ctc,JONATHAN,asllrp_other_ctc:31654989:span00,HAVE,0.10010000000000008,0.20020000000000004,0.13346666666666662,True
validation,asllrp_other_ctc,JONATHAN,asllrp_other_ctc:31654989:span00,LIKE,0.23356666666666648,0.06673333333333353,0.3336666666666668,True
validation,asllrp_other_ctc,JONATHAN,asllrp_other_ctc:31655087:span00,BAD,0.3003,,0.13346666666666668,True
validation,asllrp_other_ctc,JONATHAN,asllrp_other_ctc:31655088:span00,FAMILY,0.2335666666666667,0.13346666666666665,0.0,True
validation,asllrp_other_ctc,JONATHAN,asllrp_other_ctc:31655088:span00,WHERE,0.26693333333333324,0.20019999999999993,0.1001000000000003,True
validation,asllrp_other_ctc,JONATHAN,asllrp_other_ctc:31655383:span00,FRIEND,0.40039999999999987,0.13346666666666707,0.10009999999999986,True
validation,asllrp_other_ctc,JONATHAN,asllrp_other_ctc:31655481:span00,READ,0.3003,0.1668333333333334,0.16683333333333317,True
validation,asllrp_other_ctc,JONATHAN,asllrp_other_ctc:31655580:span00,NOW,0.36703333333333354,0.2001999999999997,,True
validation,asllrp_other_ctc,JONATHAN,asllrp_other_ctc:31655777:span00,FRIEND,0.26693333333333336,0.13346666666666665,0.13346666666666662,True
validation,asllrp_other_ctc,JONATHAN,asllrp_other_ctc:31655974:span00,FRIEND,0.26693333333333336,0.10009999999999997,0.0,True
validation,asllrp_other_ctc,JONATHAN,asllrp_other_ctc:31655974:span00,THINK,0.10009999999999997,0.10010000000000008,0.1668333333333334,True
validation,asllrp_other_ctc,JONATHAN,asllrp_other_ctc:31656271:span00,LIKE,0.10009999999999986,0.1668333333333334,0.03336666666666677,True
validation,asllrp_other_ctc,JONATHAN,asllrp_other_ctc:31656763:span00,LIKE,0.2002,,0.1668333333333334,True
validation,asllrp_other_ctc,JONATHAN,asllrp_other_ctc:31656862:span00,WORK,0.23356666666666648,0.13346666666666684,0.13346666666666684,True
validation,asllrp_other_ctc,JONATHAN,asllrp_other_ctc:31656960:span00,FRIEND,0.3336666666666668,0.06673333333333331,0.13346666666666662,True
validation,asllrp_other_ctc,JONATHAN,asllrp_other_ctc:31656961:span00,WHERE,0.10010000000000002,0.10010000000000002,0.10009999999999997,True
validation,asllrp_other_ctc,JONATHAN,asllrp_other_ctc:31657059:span00,FRIEND,0.2335666666666667,,0.10010000000000002,True
validation,asllrp_other_ctc,JONATHAN,asllrp_other_ctc:31657453:span00,NOW,0.06673333333333331,0.13346666666666668,0.1668333333333334,True
validation,asllrp_other_ctc,JONATHAN,asllrp_other_ctc:31657454:span00,FAMILY,0.2335666666666666,0.20020000000000004,0.10010000000000008,True
validation,asllrp_other_ctc,JONATHAN,asllrp_other_ctc:31657946:span00,LIKE,0.16683333333333328,0.20020000000000004,0.10010000000000008,True
validation,asllrp_other_ctc,JONATHAN,asllrp_other_ctc:31657946:span00,READ,0.10010000000000008,0.10010000000000008,0.16683333333333317,True
validation,asllrp_other_ctc,JONATHAN,asllrp_other_ctc:31658341:span00,FRIEND,0.2335666666666667,,0.2002,True
validation,asllrp_other_ctc,JONATHAN,asllrp_other_ctc:31658342:span00,FRIEND,0.6339666666666668,,0.20020000000000004,True
validation,asllrp_other_ctc,JONATHAN,asllrp_other_ctc:31658539:span00,FRIEND,0.3670333333333333,0.13346666666666665,0.10010000000000008,True
validation,asllrp_other_ctc,JONATHAN,asllrp_other_ctc:31658933:span00,FRIEND,0.3336666666666667,,0.16683333333333328,True
validation,asllrp_other_ctc,JONATHAN,asllrp_other_ctc:31659130:span00,FRIEND,0.4004000000000001,0.13346666666666662,0.1668333333333334,True
validation,asllrp_other_ctc,JONATHAN,asllrp_other_ctc:31659131:span00,FRIEND,0.3003,0.10009999999999997,0.10010000000000008,True
validation,asllrp_other_ctc,JONATHAN,asllrp_other_ctc:31659229:span00,FRIEND,0.40040000000000003,,0.2335666666666667,True
validation,asllrp_other_ctc,JONATHAN,asllrp_other_ctc:31659327:span00,LIKE,0.20019999999999993,0.06673333333333342,0.13346666666666662,True
validation,asllrp_other_ctc,JONATHAN,asllrp_other_ctc:31659328:span00,FRIEND,0.2335666666666667,,0.13346666666666668,True
validation,asllrp_other_ctc,JONATHAN,asllrp_other_ctc:31659426:span00,WORK,0.2335666666666667,0.1668333333333334,0.13346666666666662,True
validation,asllrp_other_ctc,JONATHAN,asllrp_other_ctc:31659623:span00,FRIEND,0.3003,,0.10010000000000002,True
validation,asllrp_other_ctc,JONATHAN,asllrp_other_ctc:31659623:span00,NOW,0.10009999999999997,0.10010000000000002,0.2335666666666667,True
validation,asllrp_other_ctc,JONATHAN,asllrp_other_ctc:31659624:span00,NOW,0.10010000000000002,,0.13346666666666668,True
validation,asllrp_other_ctc,JONATHAN,asllrp_other_ctc:31659624:span00,FRIEND,0.4004000000000001,0.20020000000000016,,True
validation,asllrp_other_ctc,JONATHAN,asllrp_other_ctc:31660117:span00,FAMILY,0.2669333333333333,0.20020000000000002,0.1668333333333334,True
validation,asllrp_other_ctc,JONATHAN,asllrp_other_ctc:31660216:span00,NOW,0.16683333333333333,,0.3003,True
validation,asllrp_other_ctc,JONATHAN,asllrp_other_ctc:31660216:span00,BAD,0.4004,0.3003,0.4004000000000001,True
validation,asllrp_other_ctc,JONATHAN,asllrp_other_ctc:31660414:span00,NOW,0.10009999999999986,0.13346666666666662,0.20020000000000016,True
validation,asllrp_other_ctc,JONATHAN,asllrp_other_ctc:31660513:span00,NOW,0.10009999999999997,0.2335666666666667,0.1668333333333334,True
validation,asllrp_other_ctc,JONATHAN,asllrp_other_ctc:31660612:span00,NOW,0.10009999999999997,0.13346666666666668,0.13346666666666662,True
validation,asllrp_other_ctc,JONATHAN,asllrp_other_ctc:31660710:span00,READ,0.3670333333333333,0.26693333333333324,0.1668333333333334,True
validation,asllrp_other_ctc,JONATHAN,asllrp_other_ctc:423159:span00,FAMILY,0.2335666666666667,0.1668333333333333,0.033366666666666656,True
validation,asllrp_other_ctc,JONATHAN,asllrp_other_ctc:4231610:span00,HAVE,0.06673333333333342,0.13346666666666662,0.13346666666666662,True
validation,asllrp_other_ctc,JONATHAN,asllrp_other_ctc:4231610:span00,SMALL,0.4337666666666671,0.13346666666666662,,True
validation,asllrp_other_ctc,JONATHAN,asllrp_other_ctc:4232015:span00,FRIEND,0.26693333333333336,,0.10010000000000002,True
validation,asllrp_other_ctc,JONATHAN,asllrp_other_ctc:4232116:span00,NAME,0.2001999999999997,0.03336666666666677,0.1668333333333334,True
validation,asllrp_other_ctc,JONATHAN,asllrp_other_ctc:4232116:span00,NAME,0.20020000000000016,0.6339666666666663,0.06673333333333353,True
validation,asllrp_other_ctc,JONATHAN,asllrp_other_ctc:4232117:span00,NAME,0.3003,0.13346666666666662,0.26693333333333324,True
validation,asllrp_other_ctc,JONATHAN,asllrp_other_ctc:4232218:span00,LIKE,0.1668333333333334,0.10009999999999997,0.13346666666666662,True
validation,asllrp_other_ctc,JONATHAN,asllrp_other_ctc:4232218:span00,LIKE,0.1001000000000003,0.13346666666666662,0.1668333333333334,True
validation,asllrp_other_ctc,JONATHAN,asllrp_other_ctc:4232319:span00,WORK,0.26693333333333324,0.16683333333333317,0.36703333333333354,True
validation,asllrp_other_ctc,JONATHAN,asllrp_other_ctc:4232421:span00,FRIEND,0.2002,,0.1668333333333334,True
validation,asllrp_other_ctc,JONATHAN,asllrp_other_ctc:4232522:span00,FRIEND,0.3003,,0.06673333333333337,True
validation,asllrp_other_ctc,JONATHAN,asllrp_other_ctc:4232624:span00,WATER,0.10009999999999986,0.20020000000000016,0.06673333333333331,True
validation,asllrp_other_ctc,JONATHAN,asllrp_other_ctc:4232725:span00,FRIEND,0.36703333333333327,0.13346666666666668,0.1668333333333334,True
validation,asllrp_other_ctc,JONATHAN,asllrp_other_ctc:4233332:span00,FRIEND,0.2335666666666667,,0.23356666666666664,True
validation,asllrp_other_ctc,JONATHAN,asllrp_other_ctc:4233433:span00,FRIEND,0.26693333333333336,,0.13346666666666668,True
validation,asllrp_other_ctc,JONATHAN,asllrp_other_ctc:4233839:span00,READ,0.3670333333333332,0.13346666666666673,,True
validation,asllrp_other_ctc,JONATHAN,asllrp_other_ctc:4233840:span00,TIME,0.3003,0.2335666666666667,,True
validation,asllrp_other_ctc,JONATHAN,asllrp_other_ctc:4233941:span00,HOW,0.5672333333333335,0.13346666666666662,,True
validation,asllrp_other_ctc,JONATHAN,asllrp_other_ctc:4234549:span00,FAMILY,0.2335666666666667,0.1668333333333333,0.20020000000000004,True
validation,asllrp_other_ctc,JONATHAN,asllrp_other_ctc:4234549:span00,WHERE,0.23356666666666648,0.10010000000000008,,True
validation,asllrp_other_ctc,JONATHAN,asllrp_other_ctc:4234954:span00,WHERE,0.26693333333333347,0.16683333333333317,,True
validation,asllrp_other_ctc,JONATHAN,asllrp_other_ctc:4235055:span00,WHERE,0.40039999999999987,0.3336666666666668,,True
validation,asllrp_other_ctc,JONATHAN,asllrp_other_ctc:4235056:span00,FRIEND,0.3670333333333334,,0.6006,True
validation,asllrp_other_ctc,JONATHAN,asllrp_other_ctc:4235765:span00,FRIEND,0.2002,,0.10010000000000002,True
validation,asllrp_other_ctc,JONATHAN,asllrp_other_ctc:4236070:span00,WATER,0.06673333333333331,0.20020000000000004,0.10009999999999997,True
validation,asllrp_other_ctc,JONATHAN,asllrp_other_ctc:4236070:span00,TIME,0.23356666666666648,0.13346666666666684,,True
validation,asllrp_other_ctc,JONATHAN,asllrp_other_ctc:4236171:span00,FRIEND,0.2335666666666667,,0.10010000000000002,True
validation,asllrp_other_ctc,JONATHAN,asllrp_other_ctc:4236577:span00,FRIEND,0.40040000000000003,,0.10009999999999997,True
validation,asllrp_other_ctc,JONATHAN,asllrp_other_ctc:4236779:span00,TIME,0.26693333333333336,,0.10010000000000002,True
validation,asllrp_other_ctc,JONATHAN,asllrp_other_ctc:4236779:span00,FRIEND,0.26693333333333336,0.10010000000000002,0.10009999999999997,True
validation,asllrp_other_ctc,JONATHAN,asllrp_other_ctc:4236779:span00,TIME,0.3670333333333331,0.06673333333333353,0.13346666666666662,True
validation,asllrp_other_ctc,JONATHAN,asllrp_other_ctc:4236780:span00,FRIEND,0.3003,,0.16683333333333333,True
validation,asllrp_other_ctc,JONATHAN,asllrp_other_ctc:557207:span00,EAT,0.13346666666666662,0.13346666666666662,0.06673333333333353,True
validation,asllrp_other_ctc,JONATHAN,asllrp_other_ctc:557218:span00,FRIEND,0.3336666666666667,,0.13346666666666662,True
validation,asllrp_other_ctc,JONATHAN,asllrp_other_ctc:5572210:span00,FRIEND,0.3003,,0.13346666666666668,True
validation,asllrp_other_ctc,JONATHAN,asllrp_other_ctc:5572210:span00,TOMORROW,0.3336666666666668,0.1668333333333334,,True
validation,asllrp_other_ctc,JONATHAN,asllrp_other_ctc:557229:span00,FRIEND,0.3003,,0.16683333333333333,True
validation,asllrp_other_ctc,JONATHAN,asllrp_other_ctc:557229:span00,WHERE,0.26693333333333324,0.26693333333333336,0.13346666666666662,True
validation,asllrp_other_ctc,JONATHAN,asllrp_other_ctc:5572311:span00,HOME,0.13346666666666662,0.10009999999999997,0.10010000000000008,True
validation,asllrp_other_ctc,JONATHAN,asllrp_other_ctc:5572311:span00,WORK,0.26693333333333324,0.1668333333333334,,True
validation,asllrp_other_ctc,JONATHAN,asllrp_other_ctc:5572514:span00,FRIEND,0.3003,0.20020000000000016,0.033366666666666545,True
validation,asllrp_other_ctc,JONATHAN,asllrp_other_ctc:5572615:span00,FRIEND,0.3003,0.06673333333333353,0.10009999999999986,True
validation,asllrp_other_ctc,JONATHAN,asllrp_other_ctc:5572615:span00,NOW,0.10009999999999986,0.10009999999999986,0.13346666666666662,True
validation,asllrp_other_ctc,JONATHAN,asllrp_other_ctc:5572716:span00,FRIEND,0.3336666666666667,,0.033366666666666656,True
validation,asllrp_other_ctc,JONATHAN,asllrp_other_ctc:5572717:span00,FRIEND,0.40040000000000003,,0.2335666666666667,True
validation,asllrp_other_ctc,JONATHAN,asllrp_other_ctc:7343510:span00,FRIEND,0.20020000000000004,0.1668333333333334,0.13346666666666662,True
validation,asllrp_other_ctc,JONATHAN,asllrp_other_ctc:7343611:span00,FRIEND,0.2335666666666666,0.13346666666666673,0.1668333333333334,True
validation,asllrp_other_ctc,JONATHAN,asllrp_other_ctc:7343611:span00,HOME,0.1668333333333334,0.1668333333333334,0.13346666666666662,True
validation,asllrp_other_ctc,JONATHAN,asllrp_other_ctc:7343612:span00,FRIEND,0.3003,0.10009999999999997,0.20019999999999993,True
validation,asllrp_other_ctc,JONATHAN,asllrp_other_ctc:7343713:span00,HOME,0.13346666666666662,0.2335666666666667,0.1001000000000003,True
validation,asllrp_other_ctc,JONATHAN,asllrp_other_ctc:7343713:span00,HOME,0.3670333333333331,0.23356666666666648,,True
validation,asllrp_other_ctc,JONATHAN,asllrp_other_ctc:7343814:span00,HOME,0.13346666666666662,0.13346666666666662,0.1668333333333336,True
validation,asllrp_other_ctc,JONATHAN,asllrp_other_ctc:7343915:span00,BAD,0.26693333333333347,0.26693333333333324,0.20019999999999993,True
validation,asllrp_other_ctc,JONATHAN,asllrp_other_ctc:7343915:span00,HOME,0.20020000000000016,0.1668333333333334,0.13346666666666662,True
validation,asllrp_other_ctc,JONATHAN,asllrp_other_ctc:7344016:span00,HOME,0.13346666666666684,0.10009999999999986,0.06673333333333331,True
validation,asllrp_other_ctc,JONATHAN,asllrp_other_ctc:7344016:span00,EAT,0.06673333333333309,0.3003,0.20020000000000016,True
validation,asllrp_other_ctc,JONATHAN,asllrp_other_ctc:7344017:span00,HOME,0.13346666666666684,0.16683333333333317,0.06673333333333331,True
validation,asllrp_other_ctc,JONATHAN,asllrp_other_ctc:7344017:span00,SEE,0.06673333333333353,0.13346666666666618,0.2002000000000006,True
validation,asllrp_other_ctc,JONATHAN,asllrp_other_ctc:7344118:span00,HOME,0.20019999999999993,0.2335666666666667,0.1668333333333334,True
validation,asllrp_other_ctc,JONATHAN,asllrp_other_ctc:7344219:span00,HOME,0.1668333333333334,0.20019999999999993,0.10010000000000008,True
validation,asllrp_other_ctc,JONATHAN,asllrp_other_ctc:7344320:span00,TIRED,0.23356666666666648,0.13346666666666662,0.23356666666666692,True
validation,asllrp_other_ctc,JONATHAN,asllrp_other_ctc:7344422:span00,WATER,0.13346666666666662,0.20020000000000016,,True
validation,asllrp_other_ctc,JONATHAN,asllrp_other_ctc:7344523:span00,SEE,0.10009999999999997,0.20020000000000004,0.10009999999999997,True
validation,asllrp_other_ctc,JONATHAN,asllrp_other_ctc:7344725:span00,FRIEND,0.3003,0.10009999999999997,0.1668333333333334,True
validation,asllrp_other_ctc,JONATHAN,asllrp_other_ctc:7345029:span00,TAKE,0.20020000000000016,0.03336666666666632,0.10009999999999986,True
validation,asllrp_other_ctc,JONATHAN,asllrp_other_ctc:7345029:span00,FRIEND,0.2669333333333337,0.10009999999999986,0.23356666666666648,True
validation,asllrp_other_ctc,JONATHAN,asllrp_other_ctc:7345030:span00,FRIEND,0.2335666666666667,0.06673333333333331,0.13346666666666673,True
validation,asllrp_other_ctc,JONATHAN,asllrp_other_ctc:7345233:span00,FAMILY,0.20020000000000004,0.13346666666666668,0.06673333333333331,True
validation,asllrp_other_ctc,JONATHAN,asllrp_other_ctc:7345233:span00,FRIEND,0.20020000000000016,0.06673333333333309,0.8675333333333337,True
validation,asllrp_other_ctc,JONATHAN,asllrp_other_ctc:7345233:span00,MAYBE,0.4003999999999994,0.8675333333333337,,True
validation,asllrp_other_ctc,JONATHAN,asllrp_other_ctc:7345334:span00,FAMILY,0.1668333333333334,0.10009999999999997,0.06673333333333331,True
validation,asllrp_other_ctc,JONATHAN,asllrp_other_ctc:7687743:span00,HOME,0.1668333333333334,0.2335666666666667,0.13346666666666662,True
validation,asllrp_other_ctc,JONATHAN,asllrp_other_ctc:7687743:span00,NIGHT,0.4671333333333334,0.3003,,True
validation,asllrp_other_ctc,JONATHAN,asllrp_other_ctc:7688440:span00,FAMILY,0.3003,,0.13346666666666668,True
validation,asllrp_other_ctc,JONATHAN,asllrp_other_ctc:7691338:span00,FRIEND,0.6339666666666668,,0.10009999999999997,True
validation,asllrp_other_ctc,JONATHAN,asllrp_other_ctc:7691736:span00,FRIEND,0.5005,,0.1668333333333334,True
validation,asllrp_other_ctc,JONATHAN,asllrp_other_ctc:7698333:span00,HOME,0.26693333333333347,0.3002999999999999,0.10010000000000008,True
validation,asllrp_other_ctc,JONATHAN,asllrp_other_ctc:7698333:span00,NIGHT,0.7340666666666666,0.20020000000000016,0.23356666666666692,True
validation,asllrp_other_ctc,JONATHAN,asllrp_other_ctc:7698632:span00,FRIEND,0.3336666666666667,,0.10009999999999997,True
validation,asllrp_other_ctc,JONATHAN,asllrp_other_ctc:7699730:span00,FAMILY,0.3003,0.3003,0.23356666666666648,True
validation,asllrp_other_ctc,JONATHAN,asllrp_other_ctc:7700328:span00,FRIEND,0.26693333333333336,,0.033366666666666656,True
validation,asllrp_other_ctc,JONATHAN,asllrp_other_ctc:7701526:span00,FRIEND,0.43376666666666663,0.10009999999999997,0.06673333333333331,True
validation,asllrp_other_ctc,JONATHAN,asllrp_other_ctc:7704723:span00,HOME,0.3670333333333333,0.20020000000000004,0.10010000000000008,True
validation,asllrp_other_ctc,JONATHAN,asllrp_other_ctc:7704723:span00,NIGHT,0.5338666666666665,0.23356666666666692,,True
validation,asllrp_other_ctc,JONATHAN,asllrp_other_ctc:7705122:span00,FRIEND,0.40040000000000003,,0.16683333333333328,True
validation,asllrp_other_ctc,JONATHAN,asllrp_other_ctc:7705720:span00,HOME,0.20020000000000004,0.13346666666666662,0.06673333333333331,True
validation,asllrp_other_ctc,JONATHAN,asllrp_other_ctc:7706619:span00,FRIEND,0.3336666666666667,,0.10009999999999997,True
validation,asllrp_other_ctc,JONATHAN,asllrp_other_ctc:7707117:span00,FAMILY,0.3336666666666667,,0.06673333333333331,True
validation,asllrp_other_ctc,JONATHAN,asllrp_other_ctc:7708415:span00,FRIEND,0.3670333333333334,,0.13346666666666662,True
validation,asllrp_other_ctc,JONATHAN,asllrp_other_ctc:7709113:span00,FRIEND,0.3670333333333334,,0.10009999999999997,True
validation,asllrp_other_ctc,JONATHAN,asllrp_other_ctc:7710510:span00,NIGHT,0.46713333333333334,,0.4004,True
validation,asllrp_other_ctc,JONATHAN,asllrp_other_ctc:771089:span00,HOME,0.20019999999999993,0.26693333333333347,0.2335666666666667,True
validation,asllrp_other_ctc,JONATHAN,asllrp_other_ctc:771138:span00,FRIEND,0.3003,,0.2002,True
validation,asllrp_other_ctc,JONATHAN,asllrp_other_ctc:84087:span00,FRIEND,0.3670333333333334,,0.06673333333333331,True
validation,asllrp_other_ctc,JONATHAN,asllrp_other_ctc:84088:span00,FRIEND,0.3336666666666667,,0.16683333333333328,True
validation,asllrp_other_ctc,JONATHAN,asllrp_other_ctc:84099:span00,WORK,0.3336666666666666,0.20020000000000002,0.3003000000000001,True
validation,asllrp_other_ctc,JONATHAN,asllrp_other_ctc:841010:span00,FRIEND,0.26693333333333336,,0.13346666666666668,True
validation,asllrp_other_ctc,JONATHAN,asllrp_other_ctc:841111:span00,FRIEND,0.2335666666666667,,0.10010000000000002,True
validation,asllrp_other_ctc,JONATHAN,asllrp_other_ctc:841111:span00,NOW,0.13346666666666662,0.10010000000000002,0.033366666666666656,True
validation,asllrp_other_ctc,JONATHAN,asllrp_other_ctc:841212:span00,NOW,0.16683333333333333,,0.10010000000000002,True
validation,asllrp_other_ctc,JONATHAN,asllrp_other_ctc:841212:span00,SCHOOL,0.3003,0.2335666666666667,,True
validation,asllrp_other_ctc,JONATHAN,asllrp_other_ctc:841213:span00,FRIEND,0.3670333333333334,,0.13346666666666662,True
validation,asllrp_other_ctc,JONATHAN,asllrp_other_ctc:841314:span00,FRIEND,0.3336666666666667,,0.10009999999999997,True
validation,asllrp_other_ctc,JONATHAN,asllrp_other_ctc:841314:span00,NOW,0.16683333333333328,0.10009999999999997,0.10010000000000008,True
validation,asllrp_other_ctc,JONATHAN,asllrp_other_ctc:841415:span00,FRIEND,0.3670333333333334,,0.06673333333333331,True
validation,asllrp_other_ctc,JONATHAN,asllrp_other_ctc:841415:span00,NOW,0.06673333333333331,0.06673333333333331,0.10009999999999997,True
validation,asllrp_other_ctc,JONATHAN,asllrp_other_ctc:841415:span00,HOME,0.2335666666666667,0.20020000000000016,0.20019999999999993,True
validation,asllrp_other_ctc,JONATHAN,asllrp_other_ctc:841516:span00,FRIEND,0.40040000000000003,,0.13346666666666662,True
validation,asllrp_other_ctc,JONATHAN,asllrp_other_ctc:841516:span00,NOW,0.10010000000000008,0.13346666666666662,0.26693333333333336,True
validation,asllrp_other_ctc,JONATHAN,asllrp_other_ctc:841517:span00,FRIEND,0.2335666666666667,,0.10010000000000002,True
validation,asllrp_other_ctc,JONATHAN,asllrp_other_ctc:841618:span00,FRIEND,0.2335666666666667,,0.06673333333333331,True
validation,asllrp_other_ctc,JONATHAN,asllrp_other_ctc:841719:span00,WORK,0.13346666666666673,0.2335666666666667,0.033366666666666545,True
validation,asllrp_other_ctc,JONATHAN,asllrp_other_ctc:841720:span00,FRIEND,0.3670333333333334,,0.13346666666666662,True
validation,asllrp_other_ctc,JONATHAN,asllrp_other_ctc:842023:span00,FRIEND,0.3003,,0.10010000000000002,True
validation,asllrp_other_ctc,JONATHAN,asllrp_other_ctc:842024:span00,EASY,0.2669333333333333,0.0,0.10010000000000008,True
validation,asllrp_other_ctc,JONATHAN,asllrp_other_ctc:842226:span00,FRIEND,0.3003,,0.13346666666666668,True
validation,asllrp_other_ctc,JONATHAN,asllrp_other_ctc:842327:span00,FRIEND,0.2335666666666667,,0.10010000000000002,True
validation,asllrp_other_ctc,JONATHAN,asllrp_other_ctc:842429:span00,FRIEND,0.6006,,0.13346666666666673,True
validation,asllrp_other_ctc,JONATHAN,asllrp_other_ctc:842429:span00,WHERE,0.2335666666666667,0.33366666666666656,0.1668333333333334,True
validation,asllrp_other_ctc,JONATHAN,asllrp_other_ctc:842530:span00,FRIEND,0.3670333333333334,,0.13346666666666662,True
validation,asllrp_other_ctc,JONATHAN,asllrp_other_ctc:842733:span00,WORK,0.3670333333333333,0.20020000000000004,0.06673333333333331,True
validation,asllrp_other_ctc,JONATHAN,asllrp_other_ctc:842834:span00,WORK,0.3003,0.13346666666666668,0.10009999999999997,True
validation,asllrp_other_ctc,JONATHAN,asllrp_other_ctc:842935:span00,WORK,0.3336666666666666,0.13346666666666668,0.3670333333333333,True
validation,asllrp_other_ctc,JONATHAN,asllrp_other_ctc:842935:span00,WHERE,0.43376666666666663,0.3670333333333333,,True
validation,asllrp_other_ctc,JONATHAN,asllrp_other_ctc:843037:span00,FRIEND,0.40040000000000003,,0.2335666666666667,True
validation,asllrp_other_ctc,JONATHAN,asllrp_other_ctc:843239:span00,TIME,0.20019999999999993,0.13346666666666662,0.13346666666666662,True
validation,asllrp_other_ctc,JONATHAN,asllrp_other_ctc:843240:span00,WHERE,0.23356666666666648,0.13346666666666673,0.1668333333333334,True
validation,asllrp_other_ctc,JONATHAN,asllrp_other_ctc:843342:span00,LIKE,0.1668333333333334,0.10009999999999986,0.1668333333333334,True
validation,asllrp_other_ctc,JONATHAN,asllrp_other_ctc:843443:span00,FRIEND,0.33366666666666667,0.13346666666666665,0.10009999999999997,True
validation,asllrp_other_ctc,JONATHAN,asllrp_other_ctc:843545:span00,WHERE,0.3670333333333333,0.06673333333333331,0.20019999999999993,True
validation,asllrp_other_ctc,JONATHAN,asllrp_other_ctc:843747:span00,WHERE,0.4671333333333334,0.13346666666666662,0.10009999999999986,True
validation,asllrp_other_ctc,JONATHAN,asllrp_other_ctc:843848:span00,FRIEND,0.3003,0.13346666666666665,0.13346666666666662,True
validation,asllrp_other_ctc,JONATHAN,asllrp_other_ctc:843950:span00,FRIEND,0.20020000000000004,0.06673333333333331,0.0,True
validation,asllrp_other_ctc,JONATHAN,asllrp_other_ctc:843950:span00,SLEEP,0.13346666666666662,0.10010000000000008,0.06673333333333331,True
validation,asllrp_other_ctc,JONATHAN,asllrp_other_ctc:844051:span00,FRIEND,0.26693333333333336,0.06673333333333331,0.10009999999999997,True
validation,asllrp_other_ctc,JONATHAN,asllrp_other_ctc:844051:span00,TIRED,0.26693333333333324,0.1668333333333334,0.1668333333333334,True
validation,asllrp_other_ctc,JONATHAN,asllrp_other_ctc:844052:span00,FRIEND,0.2002,0.06673333333333337,0.13346666666666662,True
validation,asllrp_other_ctc,JONATHAN,asllrp_other_ctc:844052:span00,YES,0.20020000000000016,0.3003,,True
validation,asllrp_other_ctc,JONATHAN,asllrp_other_ctc:844153:span00,FRIEND,0.13346666666666662,0.10010000000000002,0.4671333333333333,True
validation,asllrp_other_ctc,JONATHAN,asllrp_other_ctc:844254:span00,WORK,0.20020000000000004,0.13346666666666673,0.10009999999999986,True
validation,asllrp_other_ctc,JONATHAN,asllrp_other_ctc:844254:span00,STOP,0.3003,0.06673333333333309,0.13346666666666662,True
validation,asllrp_other_ctc,JONATHAN,asllrp_other_ctc:844356:span00,FRIEND,0.20020000000000004,0.06673333333333331,0.10009999999999997,True
validation,asllrp_other_ctc,JONATHAN,asllrp_other_ctc:844457:span00,FRIEND,0.20019999999999993,0.06673333333333331,0.20020000000000004,True
validation,asllrp_other_ctc,JONATHAN,asllrp_other_ctc:844458:span00,FRIEND,0.3003,0.1001000000000003,0.10009999999999941,True
validation,asllrp_other_ctc,JONATHAN,asllrp_other_ctc:844660:span00,SCHOOL,0.26693333333333347,0.1668333333333334,0.1668333333333334,True
validation,asllrp_other_ctc,JONATHAN,asllrp_other_ctc:844661:span00,SCHOOL,0.3670333333333333,0.10009999999999997,0.10010000000000008,True
validation,asllrp_other_ctc,JONATHAN,asllrp_other_ctc:844762:span00,FRIEND,0.06673333333333331,0.26693333333333336,0.20020000000000004,True
validation,asllrp_other_ctc,JONATHAN,asllrp_other_ctc:844763:span00,FAMILY,0.2669333333333337,0.33366666666666633,0.2001999999999997,True
validation,asllrp_other_ctc,JONATHAN,asllrp_other_ctc:844763:span00,THANKYOU,0.6006,0.2002000000000006,0.23356666666666648,True
validation,asllrp_other_ctc,JONATHAN,asllrp_other_ctc:844864:span00,FRIEND,0.3003,0.1668333333333333,0.13346666666666673,True
validation,asllrp_other_ctc,JONATHAN,asllrp_other_ctc:844965:span00,FEEL,0.10009999999999941,0.13346666666666707,0.1001000000000003,True
validation,asllrp_other_ctc,JONATHAN,asllrp_other_ctc:844965:span00,HOW,0.13346666666666707,0.03336666666666677,0.03336666666666588,True
validation,asllrp_other_ctc,JONATHAN,asllrp_other_ctc:845066:span00,FRIEND,0.1668333333333334,0.3336666666666666,0.1668333333333334,True
validation,asllrp_other_ctc,JONATHAN,asllrp_other_ctc:845067:span00,FRIEND,0.4004,0.13346666666666665,0.1668333333333334,True
validation,asllrp_other_ctc,JONATHAN,asllrp_other_ctc:845168:span00,FRIEND,0.3670333333333332,0.13346666666666673,0.10010000000000008,True
validation,asllrp_other_ctc,JONATHAN,asllrp_other_ctc:845269:span00,FRIEND,0.3336666666666667,,0.16683333333333328,True
validation,asllrp_other_ctc,JONATHAN,asllrp_other_ctc:845269:span00,TIRED,0.2335666666666667,0.1668333333333334,0.3670333333333331,True
validation,asllrp_other_ctc,JONATHAN,asllrp_other_ctc:845270:span00,FRIEND,0.2335666666666667,,0.13346666666666668,True
validation,asllrp_other_ctc,JONATHAN,asllrp_other_ctc:845371:span00,WORK,0.3003,0.06673333333333334,0.033366666666666656,True
validation,asllrp_other_ctc,JONATHAN,asllrp_other_ctc:845472:span00,FRIEND,0.2335666666666667,,0.16683333333333333,True
validation,asllrp_other_ctc,JONATHAN,asllrp_other_ctc:845472:span00,EAT,0.1001000000000003,0.06673333333333309,0.03336666666666632,True
validation,asllrp_other_ctc,JONATHAN,asllrp_other_ctc:845473:span00,FRIEND,0.2335666666666667,,0.13346666666666668,True
validation,asllrp_other_ctc,JONATHAN,asllrp_other_ctc:845574:span00,SCHOOL,0.4004,0.13346666666666662,0.20020000000000016,True
validation,asllrp_other_ctc,JONATHAN,asllrp_other_ctc:845675:span00,FRIEND,0.26693333333333336,0.1001,0.06673333333333331,True
validation,asllrp_other_ctc,JONATHAN,asllrp_other_ctc:845675:span00,UNDERSTAND,0.20020000000000016,0.1668333333333334,0.3003,True
validation,asllrp_other_ctc,JONATHAN,asllrp_other_ctc:845675:span00,DIFFERENT,0.4004000000000003,0.16683333333333383,0.03336666666666588,True
validation,asllrp_other_ctc,JONATHAN,asllrp_other_ctc:845676:span00,FRIEND,0.3003,0.1001,0.2335666666666667,True
validation,asllrp_other_ctc,JONATHAN,asllrp_other_ctc:845777:span00,FRIEND,0.33366666666666667,0.1001,0.20020000000000004,True
validation,asllrp_other_ctc,JONATHAN,asllrp_other_ctc:845878:span00,FRIEND,0.2335666666666667,0.1001,0.16683333333333328,True
validation,asllrp_other_ctc,JONATHAN,asllrp_other_ctc:845878:span00,DIFFERENT,0.4004000000000003,0.13346666666666662,0.10009999999999986,True
train,asllrp_contiguous,RACHEL,asllrp:11946118.mp4:span00,NOW,0.10010000000000001,,0.13346666666666665,True
train,asllrp_contiguous,RACHEL,asllrp:11946118.mp4:span00,COLD,0.33366666666666667,0.13346666666666665,0.13346666666666673,True
train,asllrp_contiguous,RACHEL,asllrp:1539230.mp4:span00,MORE,0.13346666666666668,0.06673333333333333,0.10010000000000002,True
train,asllrp_contiguous,RACHEL,asllrp:1539230.mp4:span00,SMALL,0.2002,0.10010000000000002,,True
train,asllrp_contiguous,RACHEL,asllrp:1540514.mp4:span00,HAVE,0.2002,0.1001,0.10010000000000002,True
train,asllrp_contiguous,RACHEL,asllrp:1540514.mp4:span00,TIME,0.30029999999999996,0.10010000000000002,,True
train,asllrp_contiguous,CORY,asllrp:159.mp4:span00,TOMORROW,0.26693333333333336,,0.30029999999999996,True
train,asllrp_contiguous,CORY,asllrp:159.mp4:span00,FAMILY,0.26693333333333347,0.30029999999999996,,True
train,asllrp_contiguous,CORY,asllrp:173949.mp4:span00,TAKE,0.3336666666666667,,0.16683333333333328,True
train,asllrp_contiguous,CORY,asllrp:173949.mp4:span00,WORK,0.5338666666666667,0.16683333333333328,,True
train,asllrp_contiguous,BENJAMIN_JAMES_BAHAN,asllrp:18858050.mp4:span00,MAYBE,0.2335666666666667,,0.10010000000000002,True
train,asllrp_contiguous,BENJAMIN_JAMES_BAHAN,asllrp:18858050.mp4:span00,MORE,0.10009999999999997,0.10010000000000002,0.13346666666666662,True
train,asllrp_contiguous,BENJAMIN_JAMES_BAHAN,asllrp:18858050.mp4:span00,IMPORTANT,0.3336666666666668,0.13346666666666662,,True
train,asllrp_contiguous,BENJAMIN_JAMES_BAHAN,asllrp:19209761.mp4:span00,UNDERSTAND,0.26693333333333336,,0.16683333333333333,True
train,asllrp_contiguous,BENJAMIN_JAMES_BAHAN,asllrp:19209761.mp4:span00,LEARN,1.0343666666666667,0.16683333333333333,0.6339666666666668,True
train,asllrp_contiguous,BENJAMIN_JAMES_BAHAN,asllrp:19209761.mp4:span00,USE,0.6006,0.6339666666666668,0.13346666666666662,True
train,asllrp_contiguous,RACHEL,asllrp:256656.mp4:span00,TIME,0.2002,0.1001,0.13346666666666673,True
train,asllrp_contiguous,RACHEL,asllrp:256656.mp4:span00,HOME,0.26693333333333324,0.13346666666666673,,True
train,asllrp_contiguous,BENJAMIN_JAMES_BAHAN,asllrp:29154656.mp4:span00,NOW,0.3670333333333334,0.13346666666666668,0.2335666666666666,True
train,asllrp_contiguous,BENJAMIN_JAMES_BAHAN,asllrp:29154656.mp4:span00,SCHOOL,0.36703333333333343,0.2335666666666666,,True
train,asllrp_contiguous,RACHEL,asllrp:33733731.mp4:span00,STOP,0.2002,,0.20020000000000004,True
train,asllrp_contiguous,RACHEL,asllrp:33733731.mp4:span00,SCHOOL,0.26693333333333336,0.20020000000000004,0.13346666666666662,True
train,asllrp_contiguous,RACHEL,asllrp:33734519.mp4:span00,SEE,0.10010000000000002,,0.033366666666666656,True
train,asllrp_contiguous,RACHEL,asllrp:33734519.mp4:span00,FRIEND,0.3670333333333333,0.033366666666666656,0.1668333333333334,True
train,asllrp_contiguous,RACHEL,asllrp:33734519.mp4:span00,TOMORROW,0.2335666666666667,0.1668333333333334,0.06673333333333331,True
train,asllrp_contiguous,RACHEL,asllrp:33734816.mp4:span00,SCHOOL,0.3336666666666667,0.1001,0.16683333333333328,True
train,asllrp_contiguous,RACHEL,asllrp:33734816.mp4:span00,TOMORROW,0.3336666666666668,0.16683333333333328,,True
train,asllrp_contiguous,CORY,asllrp:3378758.mp4:span00,NOW,0.2002,,0.13346666666666673,True
train,asllrp_contiguous,CORY,asllrp:3378758.mp4:span00,READ,0.26693333333333324,0.13346666666666673,,True
train,asllrp_contiguous,CORY,asllrp:3380236.mp4:span00,HAVE,0.16683333333333333,0.06673333333333333,0.1668333333333334,True
train,asllrp_contiguous,CORY,asllrp:3380236.mp4:span00,TIME,0.2335666666666666,0.1668333333333334,0.1668333333333334,True
train,asllrp_contiguous,CORY,asllrp:3380236.mp4:span00,TOMORROW,0.2335666666666667,0.1668333333333334,,True
train,asllrp_contiguous,CORY,asllrp:3380530.mp4:span00,TOMORROW,0.2335666666666667,,0.36703333333333327,True
train,asllrp_contiguous,CORY,asllrp:3380530.mp4:span00,WHEN,0.2335666666666668,0.36703333333333327,,True
train,asllrp_contiguous,RACHEL,asllrp:40386315.mp4:span00,SCHOOL,0.2002,,0.20020000000000004,True
train,asllrp_contiguous,RACHEL,asllrp:40386315.mp4:span00,TOMORROW,0.33366666666666667,0.20020000000000004,,True
train,asllrp_contiguous,RACHEL,asllrp:40386513.mp4:span00,LIKE,0.10010000000000002,,0.10009999999999997,True
train,asllrp_contiguous,RACHEL,asllrp:40386513.mp4:span00,WORK,0.26693333333333336,0.10009999999999997,0.13346666666666662,True
train,asllrp_contiguous,BENJAMIN_JAMES_BAHAN,asllrp:49985301.mp4:span00,FAMILY,0.16683333333333333,,0.20020000000000004,True
train,asllrp_contiguous,BENJAMIN_JAMES_BAHAN,asllrp:49985301.mp4:span00,SIGN,0.4004,0.20020000000000004,,True
train,asllrp_contiguous,BENJAMIN_JAMES_BAHAN,asllrp:53819100.mp4:span00,NAME,0.16683333333333333,,0.7007,True
train,asllrp_contiguous,BENJAMIN_JAMES_BAHAN,asllrp:53819100.mp4:span00,HAVE,0.4004000000000001,0.7007,0.06673333333333331,True
train,asllrp_contiguous,CORY,asllrp:61830116.mp4:span00,TIME,0.3336666666666667,,0.10009999999999997,True
train,asllrp_contiguous,CORY,asllrp:61830116.mp4:span00,FRIEND,0.4004000000000001,0.10009999999999997,,True
train,asllrp_contiguous,CORY,asllrp:629983.mp4:span00,WORK,0.3003,,0.16683333333333333,True
train,asllrp_contiguous,CORY,asllrp:629983.mp4:span00,WHEN,0.33366666666666667,0.16683333333333333,,True
train,asllrp_contiguous,CORY,asllrp:631165.mp4:span00,WHEN,0.3003,,0.13346666666666668,True
train,asllrp_contiguous,CORY,asllrp:631165.mp4:span00,FRIEND,0.3003,0.13346666666666668,,True
train,asllrp_contiguous,CORY,asllrp:632150.mp4:span00,WHEN,0.3336666666666667,,0.33366666666666667,True
train,asllrp_contiguous,CORY,asllrp:632150.mp4:span00,FRIEND,0.3670333333333333,0.33366666666666667,,True
train,asllrp_contiguous,CORY,asllrp:633534.mp4:span00,WORK,0.3336666666666667,,0.20019999999999993,True
train,asllrp_contiguous,CORY,asllrp:633534.mp4:span00,WHERE,0.7674333333333333,0.20019999999999993,,True
train,asllrp_contiguous,BENJAMIN_JAMES_BAHAN,asllrp:64008821.mp4:span00,TALK,0.06673333333333334,0.1001,0.13346666666666665,True
train,asllrp_contiguous,BENJAMIN_JAMES_BAHAN,asllrp:64008821.mp4:span00,THINK,0.13346666666666673,0.13346666666666665,,True
train,asllrp_contiguous,RACHEL,asllrp:7028838.mp4:span00,FAMILY,0.2335666666666667,,0.23356666666666664,True
train,asllrp_contiguous,RACHEL,asllrp:7028838.mp4:span00,IMPORTANT,0.33366666666666667,0.23356666666666664,,True
train,asllrp_contiguous,CORY,asllrp:7118.mp4:span00,MAYBE,0.26693333333333336,,0.16683333333333333,True
train,asllrp_contiguous,CORY,asllrp:7118.mp4:span00,READ,0.20020000000000004,0.16683333333333333,,True
train,asllrp_contiguous,RACHEL,asllrp:7565915.mp4:span00,MAYBE,0.2335666666666667,,0.16683333333333333,True
train,asllrp_contiguous,RACHEL,asllrp:7565915.mp4:span00,TOMORROW,0.16683333333333328,0.16683333333333333,0.06673333333333342,True
train,asllrp_contiguous,RACHEL,asllrp:7567841.mp4:span00,DIFFERENT,0.16683333333333333,0.13346666666666668,0.06673333333333337,True
train,asllrp_contiguous,RACHEL,asllrp:7567841.mp4:span00,NOW,0.13346666666666668,0.06673333333333337,0.13346666666666662,True
train,asllrp_contiguous,RACHEL,asllrp:7569567.mp4:span00,TIME,0.26693333333333336,0.1001,0.10010000000000002,True
train,asllrp_contiguous,RACHEL,asllrp:7569567.mp4:span00,NOW,0.13346666666666662,0.10010000000000002,0.06673333333333331,True
train,asllrp_contiguous,RACHEL,asllrp:7578507.mp4:span00,LIKE,0.16683333333333333,,0.2335666666666667,True
train,asllrp_contiguous,RACHEL,asllrp:7578507.mp4:span00,HOT,0.16683333333333328,0.2335666666666667,0.06673333333333342,True
train,asllrp_contiguous,CORY,asllrp:7624.mp4:span00,HAVE,0.10010000000000002,,0.2335666666666667,True
train,asllrp_contiguous,CORY,asllrp:7624.mp4:span00,TIME,0.26693333333333324,0.2335666666666667,,True
train,asllrp_contiguous,CORY,asllrp:7981786.mp4:span00,FRIEND,0.3670333333333334,0.1001,0.20019999999999993,True
train,asllrp_contiguous,CORY,asllrp:7981786.mp4:span00,THINK,0.1668333333333334,0.20019999999999993,,True
train,asllrp_contiguous,CORY,asllrp:7987015.mp4:span00,WATER,0.3003,,0.2669333333333333,True
train,asllrp_contiguous,CORY,asllrp:7987015.mp4:span00,COLD,0.4004000000000001,0.2669333333333333,,True
train,asllrp_contiguous,CORY,asllrp:83937096.mp4:span00,NIGHT,0.3670333333333334,,0.13346666666666662,True
train,asllrp_contiguous,CORY,asllrp:83937096.mp4:span00,WHY,0.3003,0.13346666666666662,,True
train,asllrp_contiguous,CORY,asllrp:83937293.mp4:span00,NOW,0.40040000000000003,,0.16683333333333328,True
train,asllrp_contiguous,CORY,asllrp:83937293.mp4:span00,WHY,0.26693333333333347,0.16683333333333328,,True
train,asllrp_contiguous,CORY,asllrp:83938283.mp4:span00,WHEN,0.2002,,0.13346666666666673,True
train,asllrp_contiguous,CORY,asllrp:83938283.mp4:span00,FRIEND,0.3003,0.13346666666666673,,True
train,asllrp_contiguous,CORY,asllrp:83940451.mp4:span00,HOME,0.26693333333333336,,0.2002,True
train,asllrp_contiguous,CORY,asllrp:83940451.mp4:span00,WHEN,0.4004,0.2002,,True
train,asllrp_contiguous,CORY,asllrp:83940550.mp4:span00,HOME,0.2335666666666667,,0.13346666666666668,True
train,asllrp_contiguous,CORY,asllrp:83940550.mp4:span00,WHEN,0.4004,0.13346666666666668,,True
train,asllrp_contiguous,CORY,asllrp:83940649.mp4:span00,HOME,0.3003,,0.5005,True
train,asllrp_contiguous,CORY,asllrp:83940649.mp4:span00,WHEN,0.3670333333333333,0.5005,,True
train,asllrp_contiguous,BENJAMIN_JAMES_BAHAN,asllrp:91055614.mp4:span00,MAYBE,0.16683333333333333,,0.3003,True
train,asllrp_contiguous,BENJAMIN_JAMES_BAHAN,asllrp:91055614.mp4:span00,ANGRY,0.33366666666666667,0.3003,,True
train,asllrp_contiguous,RACHEL,asllrp:97996849.mp4:span00,LIKE,0.26693333333333336,0.13346666666666668,0.13346666666666668,True
train,asllrp_contiguous,RACHEL,asllrp:97996849.mp4:span00,MAYBE,0.43376666666666674,0.13346666666666668,,True
train,asllrp_contiguous,RACHEL,asllrp:97997440.mp4:span00,TIRED,0.26693333333333336,,0.23356666666666664,True
train,asllrp_contiguous,RACHEL,asllrp:97997440.mp4:span00,TIRED,0.2335666666666667,0.23356666666666664,,True
train,asllrp_contiguous,CORY,asllrp:99370717.mp4:span00,HOME,0.4337666666666667,0.13346666666666668,0.033366666666666656,True
train,asllrp_contiguous,CORY,asllrp:99370717.mp4:span00,SCHOOL,0.36703333333333343,0.033366666666666656,,True
train,asllrp_other_ctc,BENJAMIN_JAMES_BAHAN,asllrp_other_ctc:10006709:span00,DIFFERENT,0.3670333333333333,0.20019999999999993,0.20020000000000016,True
train,asllrp_other_ctc,BENJAMIN_JAMES_BAHAN,asllrp_other_ctc:10156467:span00,NAME,0.1668333333333334,0.26693333333333336,0.33366666666666667,True
train,asllrp_other_ctc,BENJAMIN_JAMES_BAHAN,asllrp_other_ctc:10156467:span00,NAME,0.1668333333333334,0.8007999999999997,0.2001999999999997,True
train,asllrp_other_ctc,BENJAMIN_JAMES_BAHAN,asllrp_other_ctc:10156467:span00,DIFFERENT,0.13346666666666618,0.4337666666666671,0.03336666666666677,True
train,asllrp_other_ctc,BENJAMIN_JAMES_BAHAN,asllrp_other_ctc:10168352:span00,HAVE,0.06673333333333265,0.6339666666666668,0.2002000000000006,True
train,asllrp_other_ctc,BENJAMIN_JAMES_BAHAN,asllrp_other_ctc:10201202:span00,MORE,0.1668333333333334,0.1668333333333334,0.1668333333333334,True
train,asllrp_other_ctc,BENJAMIN_JAMES_BAHAN,asllrp_other_ctc:10505807:span00,MORE,0.10009999999999986,0.13346666666666662,0.2335666666666667,True
train,asllrp_other_ctc,BENJAMIN_JAMES_BAHAN,asllrp_other_ctc:10505807:span00,HAVE,0.3003,0.16683333333333294,0.2669333333333337,True
train,asllrp_other_ctc,BENJAMIN_JAMES_BAHAN,asllrp_other_ctc:10519239:span00,WHEN,0.3336666666666668,0.06673333333333353,0.5004999999999988,True
train,asllrp_other_ctc,BENJAMIN_JAMES_BAHAN,asllrp_other_ctc:10596367:span00,READ,0.3003,0.13346666666666707,,True
train,asllrp_other_ctc,BENJAMIN_JAMES_BAHAN,asllrp_other_ctc:10596830:span00,THINK,0.13346666666666707,0.23356666666666648,0.13346666666666662,True
train,asllrp_other_ctc,BENJAMIN_JAMES_BAHAN,asllrp_other_ctc:10611231:span00,TALK,0.7007000000000003,0.13346666666666707,0.26693333333333324,True
train,asllrp_other_ctc,BENJAMIN_JAMES_BAHAN,asllrp_other_ctc:10671297:span00,DIFFERENT,0.36703333333333354,0.16683333333333383,0.16683333333333294,True
train,asllrp_other_ctc,BENJAMIN_JAMES_BAHAN,asllrp_other_ctc:10705400:span00,DIFFERENT,0.16683333333333383,0.16683333333333294,0.10009999999999941,True
train,asllrp_other_ctc,BENJAMIN_JAMES_BAHAN,asllrp_other_ctc:10732581:span00,MORE,0.23356666666666648,0.3336666666666668,0.4004000000000001,True
train,asllrp_other_ctc,BENJAMIN_JAMES_BAHAN,asllrp_other_ctc:10732581:span00,TALK,0.36703333333333354,0.3336666666666668,0.3003,True
train,asllrp_other_ctc,BENJAMIN_JAMES_BAHAN,asllrp_other_ctc:10732581:span00,MORE,0.16683333333333383,0.2001999999999997,0.36703333333333354,True
train,asllrp_other_ctc,BENJAMIN_JAMES_BAHAN,asllrp_other_ctc:10732581:span01,TALK,0.16683333333333333,,0.06673333333333337,True
train,asllrp_other_ctc,BENJAMIN_JAMES_BAHAN,asllrp_other_ctc:10830553:span00,TALK,0.10010000000000002,,0.10009999999999997,True
train,asllrp_other_ctc,BENJAMIN_JAMES_BAHAN,asllrp_other_ctc:10830553:span00,TALK,0.10009999999999986,0.1668333333333334,0.13346666666666707,True
train,asllrp_other_ctc,CORY,asllrp_other_ctc:1169:span00,EAT,0.23356666666666692,0.3003,0.23356666666666648,True
train,asllrp_other_ctc,RACHEL,asllrp_other_ctc:11945625:span00,NAME,0.26693333333333324,0.13346666666666662,0.20020000000000016,True
train,asllrp_other_ctc,RACHEL,asllrp_other_ctc:11945625:span00,NAME,0.23356666666666648,0.13346666666666707,0.16683333333333294,True
train,asllrp_other_ctc,RACHEL,asllrp_other_ctc:11945626:span00,WORK,0.40040000000000003,0.23356666666666667,0.10009999999999997,True
train,asllrp_other_ctc,RACHEL,asllrp_other_ctc:11945724:span00,NAME,0.23356666666666648,0.20020000000000016,0.3336666666666668,True
train,asllrp_other_ctc,RACHEL,asllrp_other_ctc:11945724:span00,NAME,0.3336666666666668,0.1668333333333334,,True
train,asllrp_other_ctc,RACHEL,asllrp_other_ctc:11945922:span00,WORK,0.20020000000000004,0.10010000000000008,0.10009999999999986,True
train,asllrp_other_ctc,RACHEL,asllrp_other_ctc:11946118:span00,NOW,0.10010000000000001,,0.13346666666666665,True
train,asllrp_other_ctc,RACHEL,asllrp_other_ctc:11946118:span00,COLD,0.33366666666666667,0.13346666666666665,0.13346666666666673,True
train,asllrp_other_ctc,RACHEL,asllrp_other_ctc:11946217:span00,LIKE,0.1668333333333334,0.16683333333333328,0.13346666666666662,True
train,asllrp_other_ctc,RACHEL,asllrp_other_ctc:11946316:span00,WAIT,0.5338666666666665,0.5005000000000002,0.13346666666666707,True
train,asllrp_other_ctc,RACHEL,asllrp_other_ctc:11946414:span00,COLD,0.26693333333333336,,0.2002,True
train,asllrp_other_ctc,RACHEL,asllrp_other_ctc:11946612:span00,SORRY,0.2335666666666667,,0.2002,True
train,asllrp_other_ctc,RACHEL,asllrp_other_ctc:11946612:span00,READ,0.3336666666666668,0.13346666666666662,,True
train,asllrp_other_ctc,RACHEL,asllrp_other_ctc:11946810:span00,SORRY,0.36703333333333354,0.20019999999999993,0.13346666666666662,True
train,asllrp_other_ctc,RACHEL,asllrp_other_ctc:1194707:span00,WHERE,0.16683333333333317,0.10010000000000008,0.06673333333333353,True
train,asllrp_other_ctc,CORY,asllrp_other_ctc:1473:span00,EAT,0.13346666666666662,0.13346666666666684,0.20020000000000016,True
train,asllrp_other_ctc,CORY,asllrp_other_ctc:1473:span00,EAT,0.5672333333333337,0.1668333333333334,0.2001999999999997,True
train,asllrp_other_ctc,RACHEL,asllrp_other_ctc:1539230:span00,HOME,0.26693333333333347,0.26693333333333324,0.10009999999999986,True
train,asllrp_other_ctc,RACHEL,asllrp_other_ctc:1539230:span00,MORE,0.13346666666666618,0.06673333333333353,0.1001000000000003,True
train,asllrp_other_ctc,RACHEL,asllrp_other_ctc:1539230:span00,SMALL,0.2001999999999997,0.1001000000000003,0.16683333333333383,True
train,asllrp_other_ctc,RACHEL,asllrp_other_ctc:1539329:span00,NOW,0.2002,,0.1668333333333334,True
train,asllrp_other_ctc,RACHEL,asllrp_other_ctc:1539329:span00,DAY,0.20019999999999993,0.20020000000000004,0.0,True
train,asllrp_other_ctc,RACHEL,asllrp_other_ctc:1539329:span00,HAVE,0.4004000000000003,0.16683333333333294,,True
train,asllrp_other_ctc,RACHEL,asllrp_other_ctc:1539428:span00,NOW,0.13346666666666673,0.1668333333333334,0.16683333333333317,True
train,asllrp_other_ctc,RACHEL,asllrp_other_ctc:1539428:span00,NOW,0.16683333333333383,0.13346666666666618,0.16683333333333294,True
train,asllrp_other_ctc,RACHEL,asllrp_other_ctc:1539823:span00,WHERE,0.23356666666666648,0.16683333333333294,0.03336666666666677,True
train,asllrp_other_ctc,RACHEL,asllrp_other_ctc:1540119:span00,TOMORROW,0.2002,,0.20020000000000004,True
train,asllrp_other_ctc,RACHEL,asllrp_other_ctc:1540119:span00,NOW,0.13346666666666662,0.23356666666666648,0.13346666666666707,True
train,asllrp_other_ctc,RACHEL,asllrp_other_ctc:1540119:span00,TOMORROW,0.23356666666666692,0.1668333333333334,0.16683333333333294,True
train,asllrp_other_ctc,RACHEL,asllrp_other_ctc:1540218:span00,WHEN,0.16683333333333383,0.06673333333333265,0.1001000000000003,True
train,asllrp_other_ctc,RACHEL,asllrp_other_ctc:1540514:span00,MAYBE,0.1668333333333334,0.033366666666666656,0.06673333333333331,True
train,asllrp_other_ctc,RACHEL,asllrp_other_ctc:1540514:span00,TIME,0.06673333333333353,0.3336666666666668,0.10009999999999986,True
train,asllrp_other_ctc,RACHEL,asllrp_other_ctc:1540514:span00,HAVE,0.2001999999999997,0.1001000000000003,0.1001000000000003,True
train,asllrp_other_ctc,RACHEL,asllrp_other_ctc:1540514:span00,TIME,0.3003,0.1001000000000003,,True
train,asllrp_other_ctc,RACHEL,asllrp_other_ctc:1540612:span00,READ,0.2335666666666667,0.10009999999999997,0.03336666666666677,True
train,asllrp_other_ctc,RACHEL,asllrp_other_ctc:1540612:span00,LIKE,0.4337666666666671,0.03336666666666677,,True
train,asllrp_other_ctc,RACHEL,asllrp_other_ctc:1540810:span00,HAVE,0.3003,0.06673333333333353,,True
train,asllrp_other_ctc,RACHEL,asllrp_other_ctc:154099:span00,HAVE,0.2669333333333337,0.1668333333333334,0.16683333333333294,True
train,asllrp_other_ctc,RACHEL,asllrp_other_ctc:154108:span00,NOW,0.2002,,0.10010000000000002,True
train,asllrp_other_ctc,CORY,asllrp_other_ctc:159:span00,TOMORROW,0.26693333333333336,,0.30029999999999996,True
train,asllrp_other_ctc,CORY,asllrp_other_ctc:159:span00,FAMILY,0.26693333333333347,0.30029999999999996,0.16683333333333317,True
train,asllrp_other_ctc,CORY,asllrp_other_ctc:159:span00,WHERE,0.6339666666666666,0.16683333333333317,,True
train,asllrp_other_ctc,CORY,asllrp_other_ctc:17077:span00,NOW,0.2335666666666667,,0.3336666666666666,True
train,asllrp_other_ctc,CORY,asllrp_other_ctc:17088:span00,NOW,0.13346666666666668,,0.33366666666666667,True
train,asllrp_other_ctc,CORY,asllrp_other_ctc:171010:span00,LIKE,0.1668333333333334,0.2335666666666667,0.3003,True
train,asllrp_other_ctc,CORY,asllrp_other_ctc:171111:span00,NOW,0.2335666666666667,,0.23356666666666664,True
train,asllrp_other_ctc,CORY,asllrp_other_ctc:171213:span00,NOW,0.2002,,0.33366666666666667,True
train,asllrp_other_ctc,CORY,asllrp_other_ctc:171415:span00,NOW,0.36703333333333354,0.13346666666666662,0.10009999999999986,True
train,asllrp_other_ctc,CORY,asllrp_other_ctc:171516:span00,LIKE,0.16683333333333333,,0.6006,True
train,asllrp_other_ctc,CORY,asllrp_other_ctc:171618:span00,LIKE,0.1668333333333334,0.2335666666666667,0.4004000000000001,True
train,asllrp_other_ctc,CORY,asllrp_other_ctc:171719:span00,LIKE,0.20020000000000004,0.20020000000000004,0.40039999999999987,True
train,asllrp_other_ctc,CORY,asllrp_other_ctc:171820:span00,LIKE,0.16683333333333328,0.26693333333333336,0.2335666666666667,True
train,asllrp_other_ctc,CORY,asllrp_other_ctc:171921:span00,LIKE,0.1668333333333334,0.20020000000000004,0.2335666666666667,True
train,asllrp_other_ctc,CORY,asllrp_other_ctc:172123:span00,HAVE,0.20019999999999993,0.3003,0.26693333333333347,True
train,asllrp_other_ctc,CORY,asllrp_other_ctc:172123:span00,EAT,0.20020000000000016,0.23356666666666648,0.3336666666666668,True
train,asllrp_other_ctc,CORY,asllrp_other_ctc:172124:span00,HAVE,0.20020000000000004,0.40040000000000003,0.8675333333333333,True
train,asllrp_other_ctc,CORY,asllrp_other_ctc:172124:span00,EAT,0.13346666666666618,0.30030000000000046,0.13346666666666707,True
train,asllrp_other_ctc,CORY,asllrp_other_ctc:172225:span00,LIKE,0.1668333333333334,0.26693333333333336,0.4671333333333333,True
train,asllrp_other_ctc,CORY,asllrp_other_ctc:172327:span00,LIKE,0.16683333333333317,0.20020000000000004,0.3003,True
train,asllrp_other_ctc,CORY,asllrp_other_ctc:172428:span00,LIKE,0.2335666666666666,0.3003,0.3670333333333333,True
train,asllrp_other_ctc,CORY,asllrp_other_ctc:172529:span00,LIKE,0.20019999999999993,0.33366666666666667,0.3670333333333333,True
train,asllrp_other_ctc,CORY,asllrp_other_ctc:172631:span00,LIKE,0.13346666666666684,0.10009999999999986,0.3670333333333333,True
train,asllrp_other_ctc,CORY,asllrp_other_ctc:173137:span00,HAVE,0.1668333333333334,0.26693333333333324,0.20020000000000016,True
train,asllrp_other_ctc,CORY,asllrp_other_ctc:173543:span00,WORK,0.20020000000000016,0.06673333333333353,0.26693333333333324,True
train,asllrp_other_ctc,CORY,asllrp_other_ctc:173949:span00,TAKE,0.3336666666666668,0.23356666666666692,0.16683333333333294,True
train,asllrp_other_ctc,CORY,asllrp_other_ctc:173949:span00,WORK,0.5338666666666665,0.16683333333333294,,True
train,asllrp_other_ctc,CORY,asllrp_other_ctc:174050:span00,WORK,0.5005000000000006,0.06673333333333353,,True
train,asllrp_other_ctc,CORY,asllrp_other_ctc:174051:span00,TAKE,0.26693333333333336,0.3003,0.1668333333333334,True
train,asllrp_other_ctc,CORY,asllrp_other_ctc:174051:span00,WORK,0.46713333333333296,0.23356666666666692,,True
train,asllrp_other_ctc,CORY,asllrp_other_ctc:174152:span00,TAKE,0.26693333333333324,0.33366666666666667,0.13346666666666684,True
train,asllrp_other_ctc,CORY,asllrp_other_ctc:174152:span00,WORK,0.2669333333333337,0.23356666666666648,0.26693333333333324,True
train,asllrp_other_ctc,CORY,asllrp_other_ctc:174253:span00,WORK,0.5004999999999997,0.2002000000000006,,True
train,asllrp_other_ctc,CORY,asllrp_other_ctc:174254:span00,WORK,0.5005000000000002,0.2001999999999997,,True
train,asllrp_other_ctc,CORY,asllrp_other_ctc:174355:span00,TAKE,0.2335666666666667,0.4004000000000001,0.33366666666666656,True
train,asllrp_other_ctc,CORY,asllrp_other_ctc:174355:span00,WORK,0.6673333333333331,0.13346666666666707,,True
train,asllrp_other_ctc,CORY,asllrp_other_ctc:174456:span00,TAKE,0.2335666666666667,0.3003,0.10009999999999986,True
train,asllrp_other_ctc,CORY,asllrp_other_ctc:174456:span00,WORK,0.2669333333333337,0.26693333333333324,0.1668333333333334,True
train,asllrp_other_ctc,CORY,asllrp_other_ctc:174457:span00,WORK,0.26693333333333324,0.20020000000000016,0.1668333333333334,True
train,asllrp_other_ctc,CORY,asllrp_other_ctc:174457:span00,SCHOOL,0.7007000000000003,0.16683333333333383,,True
train,asllrp_other_ctc,CORY,asllrp_other_ctc:174558:span00,TAKE,0.2335666666666667,0.1668333333333334,0.06673333333333331,True
train,asllrp_other_ctc,CORY,asllrp_other_ctc:174558:span00,WORK,0.4337666666666671,0.13346666666666618,,True
train,asllrp_other_ctc,RACHEL,asllrp_other_ctc:17583210:span00,HAVE,0.20020000000000002,0.06673333333333334,0.13346666666666668,True
train,asllrp_other_ctc,RACHEL,asllrp_other_ctc:17583211:span00,HOW,0.13346666666666662,0.2335666666666667,0.06673333333333331,True
train,asllrp_other_ctc,RACHEL,asllrp_other_ctc:17586205:span00,ANSWER,0.20019999999999993,0.2335666666666666,0.13346666666666684,True
train,asllrp_other_ctc,RACHEL,asllrp_other_ctc:17587204:span00,FRIEND,0.2335666666666666,0.1668333333333334,0.13346666666666662,True
train,asllrp_other_ctc,RACHEL,asllrp_other_ctc:17588202:span00,WHERE,0.23356666666666648,0.06673333333333331,0.3003,True
train,asllrp_other_ctc,RACHEL,asllrp_other_ctc:17590198:span00,FRIEND,0.3670333333333333,0.20019999999999993,0.06673333333333331,True
train,asllrp_other_ctc,RACHEL,asllrp_other_ctc:17590199:span00,WORK,1.5348666666666666,0.10009999999999986,,True
train,asllrp_other_ctc,RACHEL,asllrp_other_ctc:17591197:span00,SCHOOL,0.3670333333333333,0.10009999999999986,,True
train,asllrp_other_ctc,RACHEL,asllrp_other_ctc:17593192:span00,IMPORTANT,0.26693333333333324,0.10010000000000008,0.4671333333333336,True
train,asllrp_other_ctc,RACHEL,asllrp_other_ctc:17593193:span00,DIFFERENT,0.1668333333333334,0.13346666666666662,0.10009999999999986,True
train,asllrp_other_ctc,RACHEL,asllrp_other_ctc:17601178:span00,WORK,0.20020000000000016,0.20019999999999993,0.16683333333333317,True
train,asllrp_other_ctc,CORY,asllrp_other_ctc:1778:span00,SEE,0.13346666666666673,0.2335666666666667,0.20019999999999993,True
train,asllrp_other_ctc,BENJAMIN_JAMES_BAHAN,asllrp_other_ctc:18337728:span00,FEEL,0.26693333333333324,0.3336666666666668,0.13346666666666707,True
train,asllrp_other_ctc,BENJAMIN_JAMES_BAHAN,asllrp_other_ctc:18344650:span00,NOW,0.16683333333333333,,0.06673333333333334,True
train,asllrp_other_ctc,BENJAMIN_JAMES_BAHAN,asllrp_other_ctc:18344650:span00,TALK,0.06673333333333331,0.20019999999999993,0.0,True
train,asllrp_other_ctc,BENJAMIN_JAMES_BAHAN,asllrp_other_ctc:18436683:span00,DIFFERENT,0.13346666666666662,0.1668333333333334,0.1668333333333334,True
train,asllrp_other_ctc,BENJAMIN_JAMES_BAHAN,asllrp_other_ctc:18455093:span00,HOW,0.13346666666666662,0.2335666666666667,0.20019999999999993,True
train,asllrp_other_ctc,BENJAMIN_JAMES_BAHAN,asllrp_other_ctc:18462814:span00,SIGN,0.3003,0.13346666666666684,0.1668333333333334,True
train,asllrp_other_ctc,BENJAMIN_JAMES_BAHAN,asllrp_other_ctc:18609233:span00,USE,0.06673333333333331,0.20020000000000016,0.10009999999999986,True
train,asllrp_other_ctc,BENJAMIN_JAMES_BAHAN,asllrp_other_ctc:18609233:span00,SIGN,0.26693333333333324,0.26693333333333324,0.06673333333333353,True
train,asllrp_other_ctc,BENJAMIN_JAMES_BAHAN,asllrp_other_ctc:18609233:span00,USE,0.26693333333333413,0.06673333333333265,,True
train,asllrp_other_ctc,BENJAMIN_JAMES_BAHAN,asllrp_other_ctc:18626145:span00,MORE,0.26693333333333336,0.16683333333333328,0.5338666666666667,True
train,asllrp_other_ctc,BENJAMIN_JAMES_BAHAN,asllrp_other_ctc:18626145:span00,DIFFERENT,0.06673333333333331,0.10010000000000008,0.16683333333333317,True
train,asllrp_other_ctc,BENJAMIN_JAMES_BAHAN,asllrp_other_ctc:18626145:span00,HOW,0.10009999999999941,0.23356666666666648,0.13346666666666707,True
train,asllrp_other_ctc,BENJAMIN_JAMES_BAHAN,asllrp_other_ctc:18640471:span00,SIGN,0.26693333333333324,0.06673333333333331,0.1668333333333334,True
train,asllrp_other_ctc,CORY,asllrp_other_ctc:1879:span00,FRIEND,0.2335666666666667,0.1001,0.4004,True
train,asllrp_other_ctc,BENJAMIN_JAMES_BAHAN,asllrp_other_ctc:18849720:span00,DIFFERENT,0.1668333333333334,0.1668333333333334,0.13346666666666662,True
train,asllrp_other_ctc,BENJAMIN_JAMES_BAHAN,asllrp_other_ctc:18858050:span00,MAYBE,0.2335666666666667,0.4671333333333334,0.10009999999999986,True
train,asllrp_other_ctc,BENJAMIN_JAMES_BAHAN,asllrp_other_ctc:18858050:span00,MORE,0.10010000000000008,0.10009999999999986,0.13346666666666662,True
train,asllrp_other_ctc,BENJAMIN_JAMES_BAHAN,asllrp_other_ctc:18858050:span00,IMPORTANT,0.3336666666666668,0.13346666666666662,0.5338666666666667,True
train,asllrp_other_ctc,BENJAMIN_JAMES_BAHAN,asllrp_other_ctc:18858050:span00,DIFFERENT,0.2001999999999997,0.9009000000000005,0.26693333333333324,True
train,asllrp_other_ctc,BENJAMIN_JAMES_BAHAN,asllrp_other_ctc:18903628:span00,HAVE,0.2001999999999997,0.2669333333333337,0.3003,True
train,asllrp_other_ctc,BENJAMIN_JAMES_BAHAN,asllrp_other_ctc:18953718:span00,HOW,0.2001999999999997,0.3003,0.4337666666666671,True
train,asllrp_other_ctc,BENJAMIN_JAMES_BAHAN,asllrp_other_ctc:19160824:span00,MORE,0.13346666666666662,0.2002,0.13346666666666673,True
train,asllrp_other_ctc,BENJAMIN_JAMES_BAHAN,asllrp_other_ctc:19160824:span00,HOW,0.13346666666666662,0.3670333333333333,0.40039999999999987,True
train,asllrp_other_ctc,BENJAMIN_JAMES_BAHAN,asllrp_other_ctc:19172155:span00,HOW,0.16683333333333333,,0.2335666666666667,True
train,asllrp_other_ctc,BENJAMIN_JAMES_BAHAN,asllrp_other_ctc:19186446:span00,DIFFERENT,0.2002,,0.1668333333333334,True
train,asllrp_other_ctc,BENJAMIN_JAMES_BAHAN,asllrp_other_ctc:19209761:span00,UNDERSTAND,0.26693333333333336,,0.16683333333333333,True
train,asllrp_other_ctc,BENJAMIN_JAMES_BAHAN,asllrp_other_ctc:19209761:span00,LEARN,1.0343666666666667,0.16683333333333333,0.6339666666666668,True
train,asllrp_other_ctc,BENJAMIN_JAMES_BAHAN,asllrp_other_ctc:19209761:span00,USE,0.6006,0.6339666666666668,0.13346666666666662,True
train,asllrp_other_ctc,BENJAMIN_JAMES_BAHAN,asllrp_other_ctc:19209761:span00,USE,0.13346666666666618,0.2002000000000006,0.1001000000000003,True
train,asllrp_other_ctc,BENJAMIN_JAMES_BAHAN,asllrp_other_ctc:19228641:span00,DIFFERENT,0.16683333333333317,0.20020000000000016,0.4004000000000003,True
train,asllrp_other_ctc,BENJAMIN_JAMES_BAHAN,asllrp_other_ctc:21374116:span00,TALK,0.26693333333333347,0.8675333333333334,0.13346666666666662,True
train,asllrp_other_ctc,BENJAMIN_JAMES_BAHAN,asllrp_other_ctc:21374116:span00,NAME,0.16683333333333294,0.16683333333333383,0.4337666666666671,True
train,asllrp_other_ctc,BENJAMIN_JAMES_BAHAN,asllrp_other_ctc:21466585:span00,HAVE,0.13346666666666662,0.10010000000000008,0.10009999999999986,True
train,asllrp_other_ctc,BENJAMIN_JAMES_BAHAN,asllrp_other_ctc:21575343:span00,SCHOOL,0.4004,0.13346666666666662,0.9009,True
train,asllrp_other_ctc,BENJAMIN_JAMES_BAHAN,asllrp_other_ctc:21575343:span00,SCHOOL,0.36703333333333266,0.03336666666666677,0.4004000000000003,True
train,asllrp_other_ctc,BENJAMIN_JAMES_BAHAN,asllrp_other_ctc:21575343:span00,SIGN,0.5338666666666665,0.06673333333333353,0.3336666666666668,True
train,asllrp_other_ctc,BENJAMIN_JAMES_BAHAN,asllrp_other_ctc:21575343:span00,SIGN,0.36703333333333354,0.10009999999999941,0.1001000000000003,True
train,asllrp_other_ctc,CORY,asllrp_other_ctc:2184:span00,READ,0.20020000000000004,0.16683333333333333,0.2335666666666666,True
train,asllrp_other_ctc,BENJAMIN_JAMES_BAHAN,asllrp_other_ctc:22002534:span00,THANKYOU,0.33366666666666656,0.1668333333333334,,True
train,asllrp_other_ctc,BENJAMIN_JAMES_BAHAN,asllrp_other_ctc:22161491:span00,IMPORTANT,0.13346666666666662,0.2001999999999997,0.43376666666666663,True
train,asllrp_other_ctc,BENJAMIN_JAMES_BAHAN,asllrp_other_ctc:22319170:span00,UNDERSTAND,0.1668333333333334,0.1668333333333334,1.2679333333333336,True
train,asllrp_other_ctc,CORY,asllrp_other_ctc:2286:span00,UNDERSTAND,0.20019999999999993,0.06673333333333353,0.1668333333333334,True
train,asllrp_other_ctc,BENJAMIN_JAMES_BAHAN,asllrp_other_ctc:23086521:span00,TALK,0.4004000000000003,0.16683333333333383,,True
train,asllrp_other_ctc,BENJAMIN_JAMES_BAHAN,asllrp_other_ctc:23109871:span00,NOW,0.13346666666666668,,0.3670333333333333,True
train,asllrp_other_ctc,BENJAMIN_JAMES_BAHAN,asllrp_other_ctc:23382460:span00,TALK,0.6673333333333333,,0.1668333333333334,True
train,asllrp_other_ctc,BENJAMIN_JAMES_BAHAN,asllrp_other_ctc:23406823:span00,TIME,0.13346666666666707,0.03336666666666588,0.1001000000000003,True
train,asllrp_other_ctc,BENJAMIN_JAMES_BAHAN,asllrp_other_ctc:23406823:span00,THANKYOU,0.26693333333333324,0.6006,0.06673333333333353,True
train,asllrp_other_ctc,RACHEL,asllrp_other_ctc:23880561:span00,NOW,0.2002,,0.2335666666666667,True
train,asllrp_other_ctc,RACHEL,asllrp_other_ctc:23880660:span00,NOW,0.20020000000000016,0.20020000000000016,0.06673333333333309,True
train,asllrp_other_ctc,RACHEL,asllrp_other_ctc:23880955:span00,HOME,0.20020000000000016,0.1668333333333334,0.10009999999999986,True
train,asllrp_other_ctc,RACHEL,asllrp_other_ctc:23881053:span00,HOME,0.3003,0.26693333333333347,0.23356666666666648,True
train,asllrp_other_ctc,RACHEL,asllrp_other_ctc:23881054:span00,WHEN,0.26693333333333336,,0.16683333333333333,True
train,asllrp_other_ctc,RACHEL,asllrp_other_ctc:23881054:span00,HOME,0.16683333333333317,0.1668333333333334,0.03336666666666677,True
train,asllrp_other_ctc,RACHEL,asllrp_other_ctc:23881152:span00,HOME,0.3670333333333333,0.26693333333333324,,True
train,asllrp_other_ctc,RACHEL,asllrp_other_ctc:23881251:span00,HOME,0.43376666666666663,0.26693333333333347,,True
train,asllrp_other_ctc,RACHEL,asllrp_other_ctc:23881349:span00,HOME,0.26693333333333324,0.3003,0.1668333333333334,True
train,asllrp_other_ctc,RACHEL,asllrp_other_ctc:23881350:span00,HOME,0.43376666666666663,0.2335666666666667,,True
train,asllrp_other_ctc,RACHEL,asllrp_other_ctc:23881448:span00,WHEN,0.3336666666666667,,0.20019999999999993,True
train,asllrp_other_ctc,RACHEL,asllrp_other_ctc:23881448:span00,HOME,0.3670333333333331,0.20020000000000016,,True
train,asllrp_other_ctc,RACHEL,asllrp_other_ctc:23881547:span00,SCHOOL,0.2335666666666667,0.06673333333333331,0.2335666666666667,True
train,asllrp_other_ctc,RACHEL,asllrp_other_ctc:23881645:span00,SCHOOL,0.3003,0.06673333333333331,0.20019999999999993,True
train,asllrp_other_ctc,RACHEL,asllrp_other_ctc:23881646:span00,SCHOOL,0.20019999999999993,0.20019999999999993,0.20020000000000016,True
train,asllrp_other_ctc,RACHEL,asllrp_other_ctc:23881744:span00,SCHOOL,0.26693333333333324,0.1668333333333334,0.13346666666666662,True
train,asllrp_other_ctc,RACHEL,asllrp_other_ctc:23881842:span00,SCHOOL,0.26693333333333324,0.10010000000000008,0.10010000000000008,True
train,asllrp_other_ctc,RACHEL,asllrp_other_ctc:23881843:span00,SCHOOL,0.3670333333333333,0.13346666666666668,0.13346666666666662,True
train,asllrp_other_ctc,RACHEL,asllrp_other_ctc:23881941:span00,SCHOOL,0.3336666666666668,0.13346666666666662,0.20019999999999993,True
train,asllrp_other_ctc,RACHEL,asllrp_other_ctc:23882039:span00,SCHOOL,0.4004000000000001,0.16683333333333328,0.1668333333333334,True
train,asllrp_other_ctc,RACHEL,asllrp_other_ctc:23882040:span00,SCHOOL,0.40039999999999987,0.1668333333333334,0.13346666666666662,True
train,asllrp_other_ctc,RACHEL,asllrp_other_ctc:23882138:span00,SCHOOL,0.3670333333333333,0.13346666666666662,0.13346666666666684,True
train,asllrp_other_ctc,RACHEL,asllrp_other_ctc:23882236:span00,SCHOOL,0.36703333333333343,0.2335666666666666,0.13346666666666662,True
train,asllrp_other_ctc,RACHEL,asllrp_other_ctc:23882237:span00,WHEN,0.26693333333333336,,0.16683333333333333,True
train,asllrp_other_ctc,RACHEL,asllrp_other_ctc:23882237:span00,SCHOOL,0.33366666666666656,0.13346666666666673,0.13346666666666662,True
train,asllrp_other_ctc,RACHEL,asllrp_other_ctc:23882335:span00,SCHOOL,0.3003,0.20019999999999993,0.1668333333333334,True
train,asllrp_other_ctc,RACHEL,asllrp_other_ctc:23882434:span00,SCHOOL,0.3003,0.13346666666666662,0.06673333333333331,True
train,asllrp_other_ctc,RACHEL,asllrp_other_ctc:23882532:span00,SCHOOL,0.3003,0.20019999999999993,0.10010000000000008,True
train,asllrp_other_ctc,RACHEL,asllrp_other_ctc:23882533:span00,SCHOOL,0.3670333333333333,0.20019999999999993,0.13346666666666662,True
train,asllrp_other_ctc,RACHEL,asllrp_other_ctc:23882631:span00,WHEN,0.26693333333333336,,0.2002,True
train,asllrp_other_ctc,RACHEL,asllrp_other_ctc:23882631:span00,SCHOOL,0.3670333333333333,0.2335666666666667,0.10010000000000008,True
train,asllrp_other_ctc,RACHEL,asllrp_other_ctc:23882926:span00,WHEN,0.2335666666666667,,0.0,True
train,asllrp_other_ctc,RACHEL,asllrp_other_ctc:23883025:span00,HOME,0.26693333333333347,0.13346666666666662,0.13346666666666662,True
train,asllrp_other_ctc,RACHEL,asllrp_other_ctc:23883223:span00,HAVE,0.10009999999999997,0.06673333333333331,0.10010000000000008,True
train,asllrp_other_ctc,RACHEL,asllrp_other_ctc:23883223:span00,HAVE,0.13346666666666662,0.06673333333333331,0.26693333333333347,True
train,asllrp_other_ctc,RACHEL,asllrp_other_ctc:23883322:span00,NOW,0.13346666666666673,0.13346666666666662,0.06673333333333331,True
train,asllrp_other_ctc,RACHEL,asllrp_other_ctc:23883421:span00,NOW,0.13346666666666662,0.1001000000000003,0.10009999999999986,True
train,asllrp_other_ctc,RACHEL,asllrp_other_ctc:23883421:span00,MORE,0.23356666666666648,0.10009999999999941,0.13346666666666707,True
train,asllrp_other_ctc,RACHEL,asllrp_other_ctc:23883617:span00,TALK,0.2002,0.23356666666666667,0.10009999999999997,True
train,asllrp_other_ctc,RACHEL,asllrp_other_ctc:23883716:span00,NOW,0.16683333333333333,,0.2335666666666667,True
train,asllrp_other_ctc,RACHEL,asllrp_other_ctc:23883815:span00,NOW,0.3670333333333334,,0.3670333333333333,True
train,asllrp_other_ctc,RACHEL,asllrp_other_ctc:23884111:span00,STOP,0.1668333333333334,0.06673333333333331,0.16683333333333328,True
train,asllrp_other_ctc,BENJAMIN_JAMES_BAHAN,asllrp_other_ctc:24203308:span00,WHY,0.13346666666666618,0.2002000000000006,0.16683333333333383,True
train,asllrp_other_ctc,BENJAMIN_JAMES_BAHAN,asllrp_other_ctc:24319030:span00,TALK,0.46713333333333296,0.16683333333333383,0.3336666666666668,True
train,asllrp_other_ctc,BENJAMIN_JAMES_BAHAN,asllrp_other_ctc:24319030:span01,THINK,0.13346666666666662,0.3670333333333331,0.8341666666666665,True
train,asllrp_other_ctc,BENJAMIN_JAMES_BAHAN,asllrp_other_ctc:24340345:span00,DIFFERENT,0.26693333333333324,0.2669333333333337,0.4671333333333334,True
train,asllrp_other_ctc,BENJAMIN_JAMES_BAHAN,asllrp_other_ctc:24363254:span00,SIGN,0.23356666666666692,0.06673333333333309,0.2001999999999997,True
train,asllrp_other_ctc,BENJAMIN_JAMES_BAHAN,asllrp_other_ctc:24432441:span00,TALK,0.5005000000000002,0.16683333333333294,0.3336666666666668,True
train,asllrp_other_ctc,BENJAMIN_JAMES_BAHAN,asllrp_other_ctc:24480520:span00,MORE,0.3003,0.16683333333333294,0.16683333333333383,True
train,asllrp_other_ctc,BENJAMIN_JAMES_BAHAN,asllrp_other_ctc:24696263:span00,WORK,0.7674333333333334,0.06673333333333353,0.13346666666666662,True
train,asllrp_other_ctc,CORY,asllrp_other_ctc:2488:span00,WAIT,0.26693333333333324,0.2335666666666667,0.20020000000000004,True
train,asllrp_other_ctc,BENJAMIN_JAMES_BAHAN,asllrp_other_ctc:24918677:span00,SCHOOL,0.4671333333333334,0.06673333333333331,0.3670333333333332,True
train,asllrp_other_ctc,BENJAMIN_JAMES_BAHAN,asllrp_other_ctc:24988342:span00,FEEL,0.13346666666666668,0.23356666666666667,0.16683333333333328,True
train,asllrp_other_ctc,BENJAMIN_JAMES_BAHAN,asllrp_other_ctc:25067097:span00,WHAT,0.13346666666666707,0.4337666666666662,0.1001000000000003,True
train,asllrp_other_ctc,BENJAMIN_JAMES_BAHAN,asllrp_other_ctc:25067097:span00,WHY,0.1001000000000003,0.2001999999999997,0.13346666666666618,True
train,asllrp_other_ctc,BENJAMIN_JAMES_BAHAN,asllrp_other_ctc:25206232:span00,ANSWER,0.26693333333333413,0.16683333333333294,0.0,True
train,asllrp_other_ctc,RACHEL,asllrp_other_ctc:25317:span00,TALK,0.2335666666666668,0.033366666666666656,0.06673333333333331,True
train,asllrp_other_ctc,RACHEL,asllrp_other_ctc:25317:span00,HOW,0.26693333333333324,0.6339666666666663,0.3336666666666668,True
train,asllrp_other_ctc,RACHEL,asllrp_other_ctc:25317:span00,HOSPITAL,0.3336666666666668,0.13346666666666618,0.7674333333333339,True
train,asllrp_other_ctc,RACHEL,asllrp_other_ctc:25339:span00,HOSPITAL,0.23356666666666648,0.20020000000000016,0.16683333333333294,True
train,asllrp_other_ctc,RACHEL,asllrp_other_ctc:253410:span00,HOSPITAL,0.26693333333333336,0.1668333333333334,0.10009999999999986,True
train,asllrp_other_ctc,RACHEL,asllrp_other_ctc:253410:span00,MORE,0.06673333333333331,0.06673333333333331,0.13346666666666662,True
train,asllrp_other_ctc,RACHEL,asllrp_other_ctc:253613:span00,DIFFERENT,0.6339666666666668,0.1668333333333334,,True
train,asllrp_other_ctc,RACHEL,asllrp_other_ctc:253714:span00,THINK,0.06673333333333331,0.13346666666666673,2.0020000000000002,True
train,asllrp_other_ctc,RACHEL,asllrp_other_ctc:254018:span00,HOW,0.2335666666666667,0.8008000000000001,0.1668333333333334,True
train,asllrp_other_ctc,RACHEL,asllrp_other_ctc:254018:span00,HOW,0.13346666666666707,0.10009999999999986,0.06673333333333265,True
train,asllrp_other_ctc,RACHEL,asllrp_other_ctc:254120:span00,HOW,0.20020000000000016,0.2001999999999997,0.13346666666666662,True
train,asllrp_other_ctc,RACHEL,asllrp_other_ctc:254120:span00,ANSWER,0.26693333333333324,0.06673333333333353,0.1001000000000003,True
train,asllrp_other_ctc,RACHEL,asllrp_other_ctc:254120:span00,SEE,0.10009999999999941,0.16683333333333383,0.1001000000000003,True
train,asllrp_other_ctc,RACHEL,asllrp_other_ctc:254222:span00,WHEN,0.33366666666666633,0.3336666666666668,0.20020000000000016,True
train,asllrp_other_ctc,RACHEL,asllrp_other_ctc:254424:span00,SORRY,0.9009,0.16683333333333294,0.3003,True
train,asllrp_other_ctc,RACHEL,asllrp_other_ctc:254424:span01,SORRY,0.3670333333333333,0.33366666666666656,0.26693333333333324,True
train,asllrp_other_ctc,RACHEL,asllrp_other_ctc:254525:span00,SORRY,0.3003,0.1001000000000003,0.2001999999999997,True
train,asllrp_other_ctc,RACHEL,asllrp_other_ctc:254525:span00,GOOD,0.23356666666666648,0.23356666666666692,0.03336666666666677,True
train,asllrp_other_ctc,RACHEL,asllrp_other_ctc:254829:span00,BAD,0.26693333333333324,0.1001000000000003,0.10009999999999941,True
train,asllrp_other_ctc,RACHEL,asllrp_other_ctc:254830:span00,NOW,0.33366666666666656,0.10009999999999986,0.1001000000000003,True
train,asllrp_other_ctc,RACHEL,asllrp_other_ctc:254830:span00,HOSPITAL,0.3336666666666668,0.13346666666666662,0.13346666666666662,True
train,asllrp_other_ctc,RACHEL,asllrp_other_ctc:254931:span00,STOP,0.2001999999999997,0.13346666666666662,0.13346666666666707,True
train,asllrp_other_ctc,RACHEL,asllrp_other_ctc:254931:span00,SCHOOL,0.3336666666666668,0.1001000000000003,0.2001999999999997,True
train,asllrp_other_ctc,RACHEL,asllrp_other_ctc:255032:span00,HOSPITAL,0.16683333333333333,0.13346666666666668,0.10009999999999997,True
train,asllrp_other_ctc,RACHEL,asllrp_other_ctc:255134:span00,WORK,0.23356666666666648,0.06673333333333353,0.10009999999999941,True
train,asllrp_other_ctc,RACHEL,asllrp_other_ctc:255235:span00,HOSPITAL,0.26693333333333324,0.13346666666666662,0.1668333333333334,True
train,asllrp_other_ctc,RACHEL,asllrp_other_ctc:255337:span00,LEARN,0.33366666666666633,0.10009999999999986,0.16683333333333383,True
train,asllrp_other_ctc,RACHEL,asllrp_other_ctc:255439:span00,HOW,0.10009999999999997,0.16683333333333333,0.13346666666666673,True
train,asllrp_other_ctc,RACHEL,asllrp_other_ctc:255540:span00,HOW,0.16683333333333333,0.13346666666666668,0.10009999999999997,True
train,asllrp_other_ctc,RACHEL,asllrp_other_ctc:255641:span00,MAYBE,0.2335666666666667,0.10009999999999997,0.1668333333333334,True
train,asllrp_other_ctc,RACHEL,asllrp_other_ctc:255641:span00,YES,0.4337666666666671,0.16683333333333294,0.16683333333333294,True
train,asllrp_other_ctc,RACHEL,asllrp_other_ctc:255641:span00,MAYBE,0.13346666666666618,0.03336666666666677,0.16683333333333383,True
train,asllrp_other_ctc,RACHEL,asllrp_other_ctc:255743:span00,IMPORTANT,0.2335666666666667,,2.435766666666667,True
train,asllrp_other_ctc,RACHEL,asllrp_other_ctc:255844:span00,MORE,0.10010000000000008,0.06673333333333331,0.10010000000000008,True
train,asllrp_other_ctc,RACHEL,asllrp_other_ctc:255945:span00,NOW,0.13346666666666684,0.13346666666666662,0.06673333333333309,True
train,asllrp_other_ctc,RACHEL,asllrp_other_ctc:256352:span00,WORK,0.3003,0.20020000000000016,0.2001999999999997,True
train,asllrp_other_ctc,RACHEL,asllrp_other_ctc:256352:span00,HAVE,0.23356666666666648,0.10009999999999986,0.13346666666666707,True
train,asllrp_other_ctc,RACHEL,asllrp_other_ctc:256554:span00,HAVE,0.1001000000000003,0.3003,0.16683333333333294,True
train,asllrp_other_ctc,RACHEL,asllrp_other_ctc:256656:span00,TIME,0.16683333333333333,0.06673333333333331,0.20020000000000004,True
train,asllrp_other_ctc,RACHEL,asllrp_other_ctc:256656:span00,TIME,0.2001999999999997,0.10010000000000008,0.13346666666666707,True
train,asllrp_other_ctc,RACHEL,asllrp_other_ctc:256656:span00,HOME,0.26693333333333324,0.13346666666666707,0.23356666666666648,True
train,asllrp_other_ctc,RACHEL,asllrp_other_ctc:256656:span00,SCHOOL,0.3003,0.06673333333333353,0.16683333333333383,True
train,asllrp_other_ctc,RACHEL,asllrp_other_ctc:256860:span00,MORE,0.2669333333333337,1.668333333333333,0.33366666666666633,True
train,asllrp_other_ctc,RACHEL,asllrp_other_ctc:256961:span00,SEE,0.16683333333333333,,0.26693333333333336,True
train,asllrp_other_ctc,RACHEL,asllrp_other_ctc:256961:span00,FRIEND,0.33366666666666656,0.06673333333333331,0.06673333333333353,True
train,asllrp_other_ctc,RACHEL,asllrp_other_ctc:256961:span00,IMPORTANT,0.3336666666666668,0.10009999999999986,0.20020000000000016,True
train,asllrp_other_ctc,RACHEL,asllrp_other_ctc:257063:span00,HAVE,0.1668333333333334,0.3003,0.23356666666666692,True
train,asllrp_other_ctc,RACHEL,asllrp_other_ctc:257265:span00,TIME,0.13346666666666707,0.10009999999999941,,True
train,asllrp_other_ctc,RACHEL,asllrp_other_ctc:257266:span00,FAMILY,0.30030000000000046,0.10009999999999986,0.2001999999999997,True
train,asllrp_other_ctc,RACHEL,asllrp_other_ctc:257368:span00,MAYBE,0.13346666666666707,0.06673333333333265,0.13346666666666707,True
train,asllrp_other_ctc,CORY,asllrp_other_ctc:2590:span00,FRIEND,0.3670333333333333,0.06673333333333334,0.6339666666666668,True
train,asllrp_other_ctc,CORY,asllrp_other_ctc:261:span00,FRIEND,0.3002999999999999,0.1668333333333334,0.3336666666666668,True
train,asllrp_other_ctc,CORY,asllrp_other_ctc:261:span00,TIME,0.9009,0.3002999999999998,,True
train,asllrp_other_ctc,RACHEL,asllrp_other_ctc:26826234:span00,WORK,0.3003,0.06673333333333309,,True
train,asllrp_other_ctc,RACHEL,asllrp_other_ctc:26826332:span00,WORK,0.1668333333333334,0.033366666666666545,0.06673333333333331,True
train,asllrp_other_ctc,RACHEL,asllrp_other_ctc:26826333:span00,WORK,0.13346666666666684,0.10009999999999986,0.06673333333333331,True
train,asllrp_other_ctc,RACHEL,asllrp_other_ctc:26826333:span00,SCHOOL,0.36703333333333354,0.13346666666666662,,True
train,asllrp_other_ctc,RACHEL,asllrp_other_ctc:26826431:span00,WORK,0.26693333333333347,0.06673333333333331,,True
train,asllrp_other_ctc,RACHEL,asllrp_other_ctc:26826530:span00,WORK,0.23356666666666648,0.1668333333333334,0.1668333333333334,True
train,asllrp_other_ctc,RACHEL,asllrp_other_ctc:26826628:span00,WORK,0.23356666666666648,0.10009999999999986,0.23356666666666692,True
train,asllrp_other_ctc,RACHEL,asllrp_other_ctc:26826629:span00,WORK,0.26693333333333324,0.10009999999999986,0.13346666666666662,True
train,asllrp_other_ctc,RACHEL,asllrp_other_ctc:26826826:span00,WORK,0.26693333333333324,0.13346666666666662,,True
train,asllrp_other_ctc,RACHEL,asllrp_other_ctc:26826827:span00,WORK,0.33366666666666656,0.1668333333333334,,True
train,asllrp_other_ctc,RACHEL,asllrp_other_ctc:26826925:span00,WORK,0.40039999999999987,0.10009999999999986,,True
train,asllrp_other_ctc,RACHEL,asllrp_other_ctc:26827518:span00,YES,0.4671333333333332,0.1668333333333334,,True
train,asllrp_other_ctc,RACHEL,asllrp_other_ctc:26827814:span00,HAVE,0.10009999999999997,0.13346666666666673,0.13346666666666662,True
train,asllrp_other_ctc,RACHEL,asllrp_other_ctc:26827913:span00,HAVE,0.13346666666666668,0.10010000000000002,0.13346666666666662,True
train,asllrp_other_ctc,RACHEL,asllrp_other_ctc:26828012:span00,YES,0.5338666666666667,0.1668333333333334,,True
train,asllrp_other_ctc,RACHEL,asllrp_other_ctc:26828110:span00,MAYBE,0.20019999999999993,0.1668333333333334,0.10010000000000008,True
train,asllrp_other_ctc,CORY,asllrp_other_ctc:2691:span00,WHERE,0.3336666666666668,0.10009999999999986,0.26693333333333347,True
train,asllrp_other_ctc,CORY,asllrp_other_ctc:2692:span00,HOME,0.3336666666666668,0.20019999999999993,0.10009999999999986,True
train,asllrp_other_ctc,CORY,asllrp_other_ctc:2692:span00,HOT,0.5672333333333333,0.36703333333333354,,True
train,asllrp_other_ctc,CORY,asllrp_other_ctc:2894:span00,WHEN,0.3003,0.1001000000000003,0.13346666666666662,True
train,asllrp_other_ctc,BENJAMIN_JAMES_BAHAN,asllrp_other_ctc:29096274:span00,LEARN,0.3670333333333333,0.13346666666666662,0.1668333333333334,True
train,asllrp_other_ctc,BENJAMIN_JAMES_BAHAN,asllrp_other_ctc:29096274:span00,DIFFERENT,0.2001999999999997,0.2669333333333337,0.20020000000000016,True
train,asllrp_other_ctc,BENJAMIN_JAMES_BAHAN,asllrp_other_ctc:29112665:span00,LEARN,0.6006,0.36703333333333266,0.13346666666666707,True
train,asllrp_other_ctc,BENJAMIN_JAMES_BAHAN,asllrp_other_ctc:29112665:span00,LEARN,0.3336666666666668,0.10009999999999941,0.23356666666666648,True
train,asllrp_other_ctc,BENJAMIN_JAMES_BAHAN,asllrp_other_ctc:29154656:span00,NOW,0.36703333333333343,0.13346666666666662,0.2335666666666667,True
train,asllrp_other_ctc,BENJAMIN_JAMES_BAHAN,asllrp_other_ctc:29154656:span00,SCHOOL,0.3670333333333333,0.2335666666666667,0.16683333333333317,True
train,asllrp_other_ctc,BENJAMIN_JAMES_BAHAN,asllrp_other_ctc:29154656:span01,NOW,0.20019999999999993,0.13346666666666662,0.13346666666666662,True
train,asllrp_other_ctc,BENJAMIN_JAMES_BAHAN,asllrp_other_ctc:29294470:span00,NOW,0.13346666666666662,0.10009999999999986,0.1001000000000003,True
train,asllrp_other_ctc,BENJAMIN_JAMES_BAHAN,asllrp_other_ctc:29310279:span00,DIFFERENT,0.23356666666666648,0.20019999999999993,0.43376666666666663,True
train,asllrp_other_ctc,CORY,asllrp_other_ctc:2996:span00,READ,0.2335666666666666,0.26693333333333336,0.20020000000000016,True
train,asllrp_other_ctc,CORY,asllrp_other_ctc:2996:span00,WHY,0.13346666666666684,0.2335666666666667,0.16683333333333294,True
train,asllrp_other_ctc,CORY,asllrp_other_ctc:2996:span00,TOMORROW,0.20020000000000016,0.10009999999999986,0.13346666666666662,True
train,asllrp_other_ctc,CORY,asllrp_other_ctc:3097:span00,EAT,0.20020000000000004,0.16683333333333328,0.20019999999999993,True
train,asllrp_other_ctc,CORY,asllrp_other_ctc:3199:span00,TIME,0.8341666666666665,0.20020000000000004,0.23356666666666692,True
train,asllrp_other_ctc,CORY,asllrp_other_ctc:33102:span00,HOME,0.3336666666666668,0.20020000000000016,,True
train,asllrp_other_ctc,RACHEL,asllrp_other_ctc:33732942:span00,HAVE,0.16683333333333317,0.2335666666666668,0.3336666666666668,True
train,asllrp_other_ctc,RACHEL,asllrp_other_ctc:33733041:span00,READ,0.20019999999999993,0.10010000000000008,0.3002999999999998,True
train,asllrp_other_ctc,RACHEL,asllrp_other_ctc:33733139:span00,HAVE,0.1668333333333334,0.13346666666666662,0.2335666666666666,True
train,asllrp_other_ctc,RACHEL,asllrp_other_ctc:33733238:span00,LIKE,0.13346666666666673,0.20020000000000004,0.20019999999999993,True
train,asllrp_other_ctc,RACHEL,asllrp_other_ctc:33733336:span00,READ,0.3003,0.13346666666666662,0.1668333333333334,True
train,asllrp_other_ctc,RACHEL,asllrp_other_ctc:33733336:span00,READ,0.23356666666666648,0.06673333333333353,,True
train,asllrp_other_ctc,RACHEL,asllrp_other_ctc:33733435:span00,READ,0.2335666666666667,0.06673333333333331,0.33366666666666656,True
train,asllrp_other_ctc,RACHEL,asllrp_other_ctc:33733435:span00,READ,0.1668333333333334,0.10009999999999986,0.23356666666666648,True
train,asllrp_other_ctc,RACHEL,asllrp_other_ctc:33733534:span00,READ,0.3670333333333331,0.1668333333333334,0.1668333333333334,True
train,asllrp_other_ctc,RACHEL,asllrp_other_ctc:33733632:span00,TOMORROW,0.10010000000000002,0.10009999999999997,0.16683333333333333,True
train,asllrp_other_ctc,RACHEL,asllrp_other_ctc:33733632:span00,SCHOOL,0.2335666666666667,0.1668333333333334,0.13346666666666662,True
train,asllrp_other_ctc,RACHEL,asllrp_other_ctc:33733730:span00,SCHOOL,0.3003,0.3670333333333333,0.10009999999999986,True
train,asllrp_other_ctc,RACHEL,asllrp_other_ctc:33733731:span00,STOP,0.20019999999999993,0.16683333333333328,0.20020000000000016,True
train,asllrp_other_ctc,RACHEL,asllrp_other_ctc:33733731:span00,SCHOOL,0.26693333333333324,0.20020000000000016,0.13346666666666662,True
train,asllrp_other_ctc,RACHEL,asllrp_other_ctc:33733731:span00,TOMORROW,0.20020000000000016,0.23356666666666692,,True
train,asllrp_other_ctc,RACHEL,asllrp_other_ctc:33733829:span00,SCHOOL,0.3003,0.26693333333333324,0.10010000000000008,True
train,asllrp_other_ctc,RACHEL,asllrp_other_ctc:33733927:span00,SCHOOL,0.3003,0.4004000000000001,0.03336666666666677,True
train,asllrp_other_ctc,RACHEL,asllrp_other_ctc:33733928:span00,SCHOOL,0.26693333333333347,0.3003,0.06673333333333331,True
train,asllrp_other_ctc,RACHEL,asllrp_other_ctc:33734026:span00,SCHOOL,0.3003,0.2335666666666666,0.1668333333333334,True
train,asllrp_other_ctc,RACHEL,asllrp_other_ctc:33734322:span00,HAVE,0.1668333333333334,0.06673333333333331,0.06673333333333331,True
train,asllrp_other_ctc,RACHEL,asllrp_other_ctc:33734519:span00,SEE,0.10010000000000002,0.20020000000000002,0.033366666666666656,True
train,asllrp_other_ctc,RACHEL,asllrp_other_ctc:33734519:span00,FRIEND,0.3670333333333333,0.033366666666666656,0.1668333333333334,True
train,asllrp_other_ctc,RACHEL,asllrp_other_ctc:33734519:span00,TOMORROW,0.2335666666666667,0.1668333333333334,0.06673333333333331,True
train,asllrp_other_ctc,RACHEL,asllrp_other_ctc:33734618:span00,FRIEND,0.2335666666666667,0.1668333333333333,0.16683333333333328,True
train,asllrp_other_ctc,RACHEL,asllrp_other_ctc:33734816:span00,SCHOOL,0.3336666666666668,0.10009999999999986,0.1668333333333334,True
train,asllrp_other_ctc,RACHEL,asllrp_other_ctc:33734816:span00,TOMORROW,0.3336666666666668,0.1668333333333334,,True
train,asllrp_other_ctc,RACHEL,asllrp_other_ctc:33734914:span00,TIME,0.20020000000000016,0.06673333333333331,0.10009999999999986,True
train,asllrp_other_ctc,RACHEL,asllrp_other_ctc:33735013:span00,HAVE,0.13346666666666662,0.13346666666666662,0.20020000000000016,True
train,asllrp_other_ctc,RACHEL,asllrp_other_ctc:33735111:span00,HAVE,0.1668333333333334,0.4337666666666667,0.26693333333333324,True
train,asllrp_other_ctc,RACHEL,asllrp_other_ctc:33735112:span00,HAVE,0.1668333333333334,0.33366666666666667,0.26693333333333324,True
train,asllrp_other_ctc,RACHEL,asllrp_other_ctc:3373547:span00,LIKE,0.1668333333333334,0.13346666666666662,0.2001999999999997,True
train,asllrp_other_ctc,RACHEL,asllrp_other_ctc:3373548:span00,EAT,0.10009999999999986,0.10009999999999986,0.06673333333333353,True
train,asllrp_other_ctc,CORY,asllrp_other_ctc:3377870:span00,SCHOOL,0.3670333333333333,0.1668333333333334,0.10010000000000008,True
train,asllrp_other_ctc,CORY,asllrp_other_ctc:3377870:span00,SCHOOL,0.40039999999999987,0.20020000000000016,,True
train,asllrp_other_ctc,CORY,asllrp_other_ctc:3377969:span00,SCHOOL,0.5672333333333333,0.06673333333333331,0.26693333333333347,True
train,asllrp_other_ctc,CORY,asllrp_other_ctc:3377969:span00,SCHOOL,0.4004000000000003,0.1668333333333334,0.3003,True
train,asllrp_other_ctc,CORY,asllrp_other_ctc:3378067:span00,READ,0.2335666666666667,0.10009999999999997,0.2335666666666666,True
train,asllrp_other_ctc,CORY,asllrp_other_ctc:3378067:span00,TIME,0.26693333333333324,0.13346666666666662,0.23356666666666648,True
train,asllrp_other_ctc,CORY,asllrp_other_ctc:3378068:span00,WATER,0.1668333333333334,0.13346666666666662,0.13346666666666662,True
train,asllrp_other_ctc,CORY,asllrp_other_ctc:3378166:span00,READ,0.20020000000000016,0.10009999999999986,0.23356666666666648,True
train,asllrp_other_ctc,CORY,asllrp_other_ctc:3378264:span00,READ,0.20020000000000004,0.13346666666666662,0.20020000000000004,True
train,asllrp_other_ctc,CORY,asllrp_other_ctc:3378264:span00,READ,0.20020000000000016,0.3003,0.1668333333333334,True
train,asllrp_other_ctc,CORY,asllrp_other_ctc:3378265:span00,READ,0.2335666666666667,0.06673333333333331,0.23356666666666648,True
train,asllrp_other_ctc,CORY,asllrp_other_ctc:3378363:span00,READ,0.1668333333333334,0.3003,0.20020000000000004,True
train,asllrp_other_ctc,CORY,asllrp_other_ctc:3378461:span00,READ,0.2335666666666667,0.10010000000000002,0.16683333333333328,True
train,asllrp_other_ctc,CORY,asllrp_other_ctc:3378462:span00,READ,0.2335666666666667,0.16683333333333333,0.2335666666666666,True
train,asllrp_other_ctc,CORY,asllrp_other_ctc:3378560:span00,READ,0.26693333333333336,0.13346666666666662,0.9342666666666666,True
train,asllrp_other_ctc,CORY,asllrp_other_ctc:3378659:span00,READ,0.26693333333333336,0.13346666666666673,0.16683333333333317,True
train,asllrp_other_ctc,CORY,asllrp_other_ctc:3378758:span00,NOW,0.20020000000000004,0.1668333333333333,0.13346666666666662,True
train,asllrp_other_ctc,CORY,asllrp_other_ctc:3378758:span00,READ,0.26693333333333336,0.13346666666666662,0.20019999999999993,True
train,asllrp_other_ctc,CORY,asllrp_other_ctc:3379250:span00,HAVE,0.1668333333333334,0.16683333333333317,0.20020000000000016,True
train,asllrp_other_ctc,CORY,asllrp_other_ctc:3379349:span00,HAVE,0.10009999999999986,0.13346666666666673,0.20020000000000016,True
train,asllrp_other_ctc,CORY,asllrp_other_ctc:3379742:span00,SORRY,0.6673333333333336,0.1668333333333334,0.13346666666666618,True
train,asllrp_other_ctc,CORY,asllrp_other_ctc:3379841:span00,SORRY,0.7007000000000003,0.13346666666666662,0.26693333333333324,True
train,asllrp_other_ctc,CORY,asllrp_other_ctc:3380039:span00,EAT,0.3670333333333333,0.33366666666666656,0.40039999999999987,True
train,asllrp_other_ctc,CORY,asllrp_other_ctc:3380137:span00,TOMORROW,0.26693333333333347,0.1668333333333334,,True
train,asllrp_other_ctc,CORY,asllrp_other_ctc:3380235:span00,TOMORROW,0.20019999999999993,0.1668333333333334,0.1668333333333334,True
train,asllrp_other_ctc,CORY,asllrp_other_ctc:3380235:span00,TIME,0.26693333333333324,0.20019999999999993,0.13346666666666684,True
train,asllrp_other_ctc,CORY,asllrp_other_ctc:3380236:span00,HAVE,0.1668333333333334,0.06673333333333331,0.16683333333333328,True
train,asllrp_other_ctc,CORY,asllrp_other_ctc:3380236:span00,TIME,0.2335666666666667,0.16683333333333328,0.1668333333333334,True
train,asllrp_other_ctc,CORY,asllrp_other_ctc:3380236:span00,TOMORROW,0.2335666666666667,0.1668333333333334,0.3003,True
train,asllrp_other_ctc,CORY,asllrp_other_ctc:3380334:span00,EAT,0.5672333333333333,0.3003,0.26693333333333324,True
train,asllrp_other_ctc,CORY,asllrp_other_ctc:3380432:span00,TOMORROW,0.16683333333333333,,0.20020000000000004,True
train,asllrp_other_ctc,CORY,asllrp_other_ctc:3380530:span00,TOMORROW,0.2335666666666667,0.20019999999999993,0.3670333333333333,True
train,asllrp_other_ctc,CORY,asllrp_other_ctc:3380530:span00,WHEN,0.2335666666666667,0.3670333333333333,0.26693333333333324,True
train,asllrp_other_ctc,CORY,asllrp_other_ctc:3380531:span00,TOMORROW,0.2335666666666667,0.26693333333333336,0.33366666666666656,True
train,asllrp_other_ctc,CORY,asllrp_other_ctc:3380727:span00,SCHOOL,0.36703333333333266,0.13346666666666707,0.26693333333333413,True
train,asllrp_other_ctc,CORY,asllrp_other_ctc:3380826:span00,SCHOOL,0.36703333333333354,0.13346666666666618,0.26693333333333324,True
train,asllrp_other_ctc,CORY,asllrp_other_ctc:3380924:span00,TIME,0.4671333333333334,0.10009999999999986,0.2335666666666667,True
train,asllrp_other_ctc,CORY,asllrp_other_ctc:3380925:span00,TIME,0.23356666666666648,0.1668333333333334,0.1668333333333334,True
train,asllrp_other_ctc,CORY,asllrp_other_ctc:3381813:span00,WHERE,0.26693333333333324,0.23356666666666692,0.10009999999999986,True
train,asllrp_other_ctc,CORY,asllrp_other_ctc:3381814:span00,WHERE,0.23356666666666648,0.1668333333333334,0.2002000000000006,True
train,asllrp_other_ctc,CORY,asllrp_other_ctc:3381912:span00,SORRY,0.46713333333333296,0.2002000000000006,0.23356666666666648,True
train,asllrp_other_ctc,CORY,asllrp_other_ctc:3382011:span00,HOME,0.1668333333333334,0.23356666666666648,0.10010000000000008,True
train,asllrp_other_ctc,CORY,asllrp_other_ctc:3382011:span00,MAYBE,0.26693333333333324,0.1001000000000003,0.13346666666666662,True
train,asllrp_other_ctc,CORY,asllrp_other_ctc:3382110:span00,TOMORROW,0.26693333333333324,0.26693333333333347,0.5005000000000002,True
train,asllrp_other_ctc,CORY,asllrp_other_ctc:338219:span00,MAYBE,0.1668333333333334,0.13346666666666662,0.06673333333333309,True
train,asllrp_other_ctc,CORY,asllrp_other_ctc:338219:span00,SLEEP,0.33366666666666633,0.13346666666666662,,True
train,asllrp_other_ctc,CORY,asllrp_other_ctc:338228:span00,HOME,0.2335666666666667,0.3003,0.20020000000000016,True
train,asllrp_other_ctc,CORY,asllrp_other_ctc:338228:span00,MAYBE,0.3003,0.13346666666666662,0.1668333333333334,True
train,asllrp_other_ctc,CORY,asllrp_other_ctc:338237:span00,WORK,0.40039999999999987,0.1668333333333334,0.2669333333333337,True
train,asllrp_other_ctc,BENJAMIN_JAMES_BAHAN,asllrp_other_ctc:35967768:span00,HOW,0.2002,,0.4004,True
train,asllrp_other_ctc,RACHEL,asllrp_other_ctc:36287804:span00,LIKE,0.16683333333333328,0.20020000000000004,0.3003,True
train,asllrp_other_ctc,RACHEL,asllrp_other_ctc:36288802:span00,LIKE,0.26693333333333324,0.36703333333333343,0.43376666666666663,True
train,asllrp_other_ctc,RACHEL,asllrp_other_ctc:36288803:span00,LIKE,0.16683333333333317,0.26693333333333347,0.26693333333333347,True
train,asllrp_other_ctc,RACHEL,asllrp_other_ctc:36289800:span00,LIKE,0.2002,0.20020000000000002,0.10009999999999997,True
train,asllrp_other_ctc,RACHEL,asllrp_other_ctc:36289801:span00,LIKE,0.1668333333333334,0.20019999999999993,0.20019999999999993,True
train,asllrp_other_ctc,RACHEL,asllrp_other_ctc:36290798:span00,EAT,0.23356666666666692,0.2001999999999997,0.13346666666666662,True
train,asllrp_other_ctc,RACHEL,asllrp_other_ctc:36290799:span00,HAVE,0.10010000000000008,0.1668333333333334,0.26693333333333324,True
train,asllrp_other_ctc,RACHEL,asllrp_other_ctc:36290799:span00,EAT,0.26693333333333324,0.1668333333333334,0.10009999999999986,True
train,asllrp_other_ctc,RACHEL,asllrp_other_ctc:36291796:span00,LIKE,0.13346666666666662,0.13346666666666673,0.2335666666666667,True
train,asllrp_other_ctc,RACHEL,asllrp_other_ctc:36292794:span00,LIKE,0.16683333333333333,0.20020000000000002,0.20020000000000004,True
train,asllrp_other_ctc,RACHEL,asllrp_other_ctc:36292794:span00,YES,0.20019999999999993,0.20019999999999993,,True
train,asllrp_other_ctc,RACHEL,asllrp_other_ctc:36292795:span00,LIKE,0.20020000000000004,0.20020000000000004,0.33366666666666656,True
train,asllrp_other_ctc,RACHEL,asllrp_other_ctc:36293793:span00,LIKE,0.20019999999999993,0.1668333333333334,0.10010000000000008,True
train,asllrp_other_ctc,RACHEL,asllrp_other_ctc:36294790:span00,NOW,0.3003,0.1668333333333334,,True
train,asllrp_other_ctc,RACHEL,asllrp_other_ctc:36294791:span00,LIKE,0.2002,,0.20020000000000004,True
train,asllrp_other_ctc,RACHEL,asllrp_other_ctc:36295788:span00,NOW,0.10009999999999986,0.20020000000000004,0.20020000000000016,True
train,asllrp_other_ctc,RACHEL,asllrp_other_ctc:36295789:span00,LIKE,0.16683333333333328,0.10010000000000008,0.26693333333333324,True
train,asllrp_other_ctc,RACHEL,asllrp_other_ctc:36296786:span00,NOW,0.13346666666666668,0.13346666666666668,0.20020000000000004,True
train,asllrp_other_ctc,RACHEL,asllrp_other_ctc:36297785:span00,LIKE,0.20020000000000004,0.16683333333333328,0.3336666666666668,True
train,asllrp_other_ctc,RACHEL,asllrp_other_ctc:36298782:span00,NOW,0.40039999999999987,0.20020000000000004,,True
train,asllrp_other_ctc,RACHEL,asllrp_other_ctc:36298783:span00,NOW,0.2002,,0.2335666666666667,True
train,asllrp_other_ctc,CORY,asllrp_other_ctc:362:span00,WHY,0.4004000000000001,0.3670333333333333,0.3002999999999998,True
train,asllrp_other_ctc,BENJAMIN_JAMES_BAHAN,asllrp_other_ctc:36725012:span00,HOW,0.16683333333333383,0.26693333333333324,0.16683333333333294,True
train,asllrp_other_ctc,BENJAMIN_JAMES_BAHAN,asllrp_other_ctc:36860638:span00,WORK,0.26693333333333347,0.13346666666666662,0.10009999999999986,True
train,asllrp_other_ctc,BENJAMIN_JAMES_BAHAN,asllrp_other_ctc:37411375:span00,UNDERSTAND,0.2002,0.033366666666666656,0.2335666666666667,True
train,asllrp_other_ctc,BENJAMIN_JAMES_BAHAN,asllrp_other_ctc:38032430:span00,MORE,0.30029999999999996,0.16683333333333336,0.2335666666666667,True
train,asllrp_other_ctc,BENJAMIN_JAMES_BAHAN,asllrp_other_ctc:38032430:span00,THINK,0.13346666666666662,0.20020000000000016,0.26693333333333324,True
train,asllrp_other_ctc,BENJAMIN_JAMES_BAHAN,asllrp_other_ctc:38116452:span00,THINK,0.16683333333333383,0.16683333333333294,,True
train,asllrp_other_ctc,BENJAMIN_JAMES_BAHAN,asllrp_other_ctc:38275141:span00,DIFFERENT,0.20019999999999993,0.13346666666666662,0.2335666666666667,True
train,asllrp_other_ctc,BENJAMIN_JAMES_BAHAN,asllrp_other_ctc:38425538:span00,WHERE,0.33366666666666656,0.06673333333333331,0.4004000000000003,True
train,asllrp_other_ctc,BENJAMIN_JAMES_BAHAN,asllrp_other_ctc:38448512:span00,HOW,0.16683333333333333,,0.1668333333333333,True
train,asllrp_other_ctc,BENJAMIN_JAMES_BAHAN,asllrp_other_ctc:38448512:span00,LEARN,0.3003,0.3003,0.10009999999999986,True
train,asllrp_other_ctc,BENJAMIN_JAMES_BAHAN,asllrp_other_ctc:38467574:span00,DIFFERENT,0.5672333333333333,0.20020000000000004,0.20020000000000016,True
train,asllrp_other_ctc,BENJAMIN_JAMES_BAHAN,asllrp_other_ctc:39918381:span00,THINK,0.06673333333333353,0.2001999999999997,0.16683333333333383,True
train,asllrp_other_ctc,BENJAMIN_JAMES_BAHAN,asllrp_other_ctc:40214885:span00,FRIEND,0.20019999999999993,0.13346666666666668,0.1668333333333334,True
train,asllrp_other_ctc,BENJAMIN_JAMES_BAHAN,asllrp_other_ctc:40214885:span00,TELL,0.2001999999999997,0.2001999999999997,0.2002000000000006,True
train,asllrp_other_ctc,BENJAMIN_JAMES_BAHAN,asllrp_other_ctc:40214885:span01,HOW,0.10010000000000008,0.26693333333333324,0.06673333333333331,True
train,asllrp_other_ctc,RACHEL,asllrp_other_ctc:40386018:span00,HOT,0.26693333333333336,,0.10010000000000002,True
train,asllrp_other_ctc,RACHEL,asllrp_other_ctc:40386018:span00,COLD,0.33366666666666667,0.13346666666666662,0.1668333333333334,True
train,asllrp_other_ctc,RACHEL,asllrp_other_ctc:40386019:span00,LIKE,0.13346666666666668,0.06673333333333331,0.033366666666666656,True
train,asllrp_other_ctc,RACHEL,asllrp_other_ctc:40386216:span00,HAVE,0.10010000000000002,,0.16683333333333333,True
train,asllrp_other_ctc,RACHEL,asllrp_other_ctc:40386216:span00,TOMORROW,0.33366666666666667,0.26693333333333336,,True
train,asllrp_other_ctc,RACHEL,asllrp_other_ctc:40386315:span00,SCHOOL,0.20019999999999993,0.1668333333333334,0.20020000000000016,True
train,asllrp_other_ctc,RACHEL,asllrp_other_ctc:40386315:span00,TOMORROW,0.33366666666666656,0.20020000000000016,,True
train,asllrp_other_ctc,RACHEL,asllrp_other_ctc:40386414:span00,LIKE,0.13346666666666668,,0.16683333333333333,True
train,asllrp_other_ctc,RACHEL,asllrp_other_ctc:40386512:span00,TIME,0.2335666666666667,0.20020000000000016,0.2001999999999997,True
train,asllrp_other_ctc,RACHEL,asllrp_other_ctc:40386513:span00,LIKE,0.10010000000000002,,0.10009999999999997,True
train,asllrp_other_ctc,RACHEL,asllrp_other_ctc:40386513:span00,WORK,0.26693333333333336,0.10009999999999997,0.13346666666666662,True
train,asllrp_other_ctc,RACHEL,asllrp_other_ctc:40386710:span00,WORK,0.3670333333333334,,0.13346666666666662,True
train,asllrp_other_ctc,RACHEL,asllrp_other_ctc:40386710:span00,LIKE,0.1668333333333334,0.1668333333333334,0.10010000000000008,True
train,asllrp_other_ctc,RACHEL,asllrp_other_ctc:4038698:span00,MAYBE,0.2335666666666666,0.20020000000000004,0.20019999999999993,True
train,asllrp_other_ctc,BENJAMIN_JAMES_BAHAN,asllrp_other_ctc:40670695:span00,MORE,0.20020000000000004,0.033366666666666656,0.20019999999999993,True
train,asllrp_other_ctc,BENJAMIN_JAMES_BAHAN,asllrp_other_ctc:41237458:span00,WHEN,0.13346666666666662,0.1001000000000003,0.23356666666666648,True
train,asllrp_other_ctc,BENJAMIN_JAMES_BAHAN,asllrp_other_ctc:44284092:span00,MAYBE,0.23356666666666648,0.16683333333333294,0.1001000000000003,True
train,asllrp_other_ctc,BENJAMIN_JAMES_BAHAN,asllrp_other_ctc:44569817:span00,LEARN,0.4004000000000003,0.1001000000000003,,True
train,asllrp_other_ctc,BENJAMIN_JAMES_BAHAN,asllrp_other_ctc:44690388:span00,LEARN,0.9009,0.13346666666666618,,True
train,asllrp_other_ctc,BENJAMIN_JAMES_BAHAN,asllrp_other_ctc:44880490:span00,LEARN,0.6006,0.3670333333333333,0.1668333333333334,True
train,asllrp_other_ctc,BENJAMIN_JAMES_BAHAN,asllrp_other_ctc:44880490:span00,FRIEND,0.26693333333333347,0.13346666666666662,0.10009999999999986,True
train,asllrp_other_ctc,BENJAMIN_JAMES_BAHAN,asllrp_other_ctc:44880490:span01,LEARN,0.6006,,0.6006000000000001,True
train,asllrp_other_ctc,BENJAMIN_JAMES_BAHAN,asllrp_other_ctc:45678110:span00,HAVE,0.2335666666666667,0.1668333333333334,0.43376666666666686,True
train,asllrp_other_ctc,BENJAMIN_JAMES_BAHAN,asllrp_other_ctc:46361389:span00,DIFFERENT,0.26693333333333324,0.33366666666666667,0.20020000000000016,True
train,asllrp_other_ctc,BENJAMIN_JAMES_BAHAN,asllrp_other_ctc:46361389:span00,DIFFERENT,0.3003,0.23356666666666648,0.23356666666666648,True
train,asllrp_other_ctc,CORY,asllrp_other_ctc:463:span00,WHERE,0.6673333333333336,0.13346666666666662,,True
train,asllrp_other_ctc,BENJAMIN_JAMES_BAHAN,asllrp_other_ctc:46883941:span00,TELL,0.20020000000000016,0.43376666666666663,0.3336666666666668,True
train,asllrp_other_ctc,BENJAMIN_JAMES_BAHAN,asllrp_other_ctc:46883941:span01,WHERE,0.3003,0.7340666666666662,0.0,True
train,asllrp_other_ctc,BENJAMIN_JAMES_BAHAN,asllrp_other_ctc:47133137:span00,FEEL,0.13346666666666662,0.26693333333333347,0.6673333333333331,True
train,asllrp_other_ctc,BENJAMIN_JAMES_BAHAN,asllrp_other_ctc:47427088:span00,HAVE,0.1668333333333334,0.20019999999999993,0.33366666666666656,True
train,asllrp_other_ctc,BENJAMIN_JAMES_BAHAN,asllrp_other_ctc:47427088:span00,HOW,0.23356666666666692,0.33366666666666633,0.23356666666666648,True
train,asllrp_other_ctc,BENJAMIN_JAMES_BAHAN,asllrp_other_ctc:47665653:span00,HAVE,0.26693333333333324,0.5338666666666665,0.13346666666666707,True
train,asllrp_other_ctc,BENJAMIN_JAMES_BAHAN,asllrp_other_ctc:47877712:span00,WATER,0.16683333333333294,0.3336666666666668,0.23356666666666648,True
train,asllrp_other_ctc,BENJAMIN_JAMES_BAHAN,asllrp_other_ctc:47978474:span00,HOW,0.2335666666666667,0.6005999999999999,0.2335666666666667,True
train,asllrp_other_ctc,BENJAMIN_JAMES_BAHAN,asllrp_other_ctc:47978474:span00,LEARN,1.0343666666666667,0.13346666666666707,,True
train,asllrp_other_ctc,BENJAMIN_JAMES_BAHAN,asllrp_other_ctc:48119512:span00,TELL,0.20020000000000016,0.1668333333333334,0.23356666666666648,True
train,asllrp_other_ctc,BENJAMIN_JAMES_BAHAN,asllrp_other_ctc:48539771:span00,WHEN,0.2002,0.06673333333333337,0.10009999999999997,True
train,asllrp_other_ctc,BENJAMIN_JAMES_BAHAN,asllrp_other_ctc:48539771:span00,HOME,0.16683333333333294,0.16683333333333383,0.3336666666666668,True
train,asllrp_other_ctc,BENJAMIN_JAMES_BAHAN,asllrp_other_ctc:48539771:span00,SEE,0.1001000000000003,0.13346666666666707,0.2001999999999997,True
train,asllrp_other_ctc,BENJAMIN_JAMES_BAHAN,asllrp_other_ctc:48585083:span00,WHY,0.10009999999999986,0.7007000000000003,0.03336666666666677,True
train,asllrp_other_ctc,BENJAMIN_JAMES_BAHAN,asllrp_other_ctc:49253789:span00,WHERE,0.20020000000000004,0.3670333333333334,0.10009999999999986,True
train,asllrp_other_ctc,BENJAMIN_JAMES_BAHAN,asllrp_other_ctc:49253789:span00,WATER,0.06673333333333353,0.16683333333333294,0.23356666666666648,True
train,asllrp_other_ctc,BENJAMIN_JAMES_BAHAN,asllrp_other_ctc:49253789:span01,LEARN,0.2335666666666667,,0.16683333333333333,True
train,asllrp_other_ctc,BENJAMIN_JAMES_BAHAN,asllrp_other_ctc:49985301:span00,FRIEND,0.20020000000000004,0.1668333333333333,0.13346666666666662,True
train,asllrp_other_ctc,BENJAMIN_JAMES_BAHAN,asllrp_other_ctc:49985301:span00,FAMILY,0.3003,0.13346666666666662,0.8008000000000002,True
train,asllrp_other_ctc,BENJAMIN_JAMES_BAHAN,asllrp_other_ctc:49985301:span00,FAMILY,0.16683333333333294,0.26693333333333324,0.2002000000000006,True
train,asllrp_other_ctc,BENJAMIN_JAMES_BAHAN,asllrp_other_ctc:49985301:span00,SIGN,0.4003999999999994,0.2002000000000006,0.23356666666666737,True
train,asllrp_other_ctc,BENJAMIN_JAMES_BAHAN,asllrp_other_ctc:49985301:span00,TIME,0.06673333333333353,0.1001000000000003,0.16683333333333294,True
train,asllrp_other_ctc,BENJAMIN_JAMES_BAHAN,asllrp_other_ctc:50106572:span00,ANSWER,0.13346666666666707,0.13346666666666618,0.06673333333333353,True
train,asllrp_other_ctc,BENJAMIN_JAMES_BAHAN,asllrp_other_ctc:50256959:span00,TIME,0.23356666666666648,0.10009999999999986,0.5005000000000002,True
train,asllrp_other_ctc,BENJAMIN_JAMES_BAHAN,asllrp_other_ctc:50256959:span00,COLD,0.3670333333333331,0.13346666666666662,0.5672333333333341,True
train,asllrp_other_ctc,BENJAMIN_JAMES_BAHAN,asllrp_other_ctc:50309363:span00,HOW,0.16683333333333294,0.3003,0.1668333333333334,True
train,asllrp_other_ctc,BENJAMIN_JAMES_BAHAN,asllrp_other_ctc:50527920:span00,LIKE,0.23356666666666648,0.46713333333333384,0.3003,True
train,asllrp_other_ctc,BENJAMIN_JAMES_BAHAN,asllrp_other_ctc:50567374:span00,TIME,0.16683333333333383,0.06673333333333309,0.16683333333333294,True
train,asllrp_other_ctc,BENJAMIN_JAMES_BAHAN,asllrp_other_ctc:50685256:span00,THINK,0.26693333333333324,0.23356666666666648,0.4004000000000003,True
train,asllrp_other_ctc,BENJAMIN_JAMES_BAHAN,asllrp_other_ctc:50743523:span00,DIFFERENT,0.23356666666666648,0.13346666666666618,,True
train,asllrp_other_ctc,BENJAMIN_JAMES_BAHAN,asllrp_other_ctc:50748137:span00,LIKE,0.23356666666666648,0.43376666666666663,0.23356666666666648,True
train,asllrp_other_ctc,BENJAMIN_JAMES_BAHAN,asllrp_other_ctc:50765598:span00,HOW,0.13346666666666662,0.2335666666666667,0.20019999999999993,True
train,asllrp_other_ctc,RACHEL,asllrp_other_ctc:50800837:span00,READ,0.26693333333333347,0.10009999999999986,0.20020000000000016,True
train,asllrp_other_ctc,RACHEL,asllrp_other_ctc:50800935:span00,NOW,0.16683333333333328,0.10009999999999997,0.10010000000000008,True
train,asllrp_other_ctc,RACHEL,asllrp_other_ctc:50800936:span00,NOW,0.20020000000000016,0.06673333333333331,0.16683333333333317,True
train,asllrp_other_ctc,RACHEL,asllrp_other_ctc:50800936:span00,WORK,0.36703333333333354,0.13346666666666662,,True
train,asllrp_other_ctc,RACHEL,asllrp_other_ctc:50801231:span00,MAYBE,0.26693333333333336,0.10010000000000002,0.06673333333333331,True
train,asllrp_other_ctc,RACHEL,asllrp_other_ctc:50801330:span00,MAYBE,0.6006,0.0,0.13346666666666662,True
train,asllrp_other_ctc,RACHEL,asllrp_other_ctc:50801527:span00,NOW,0.2002,,0.13346666666666673,True
train,asllrp_other_ctc,RACHEL,asllrp_other_ctc:50801921:span00,NOW,0.10010000000000002,,0.10009999999999997,True
train,asllrp_other_ctc,RACHEL,asllrp_other_ctc:50801922:span00,MAYBE,0.3336666666666667,,0.06673333333333331,True
train,asllrp_other_ctc,RACHEL,asllrp_other_ctc:50802118:span00,DIFFERENT,0.2335666666666666,0.20020000000000004,0.10010000000000008,True
train,asllrp_other_ctc,RACHEL,asllrp_other_ctc:50802119:span00,DIFFERENT,0.20019999999999993,0.13346666666666662,0.1668333333333334,True
train,asllrp_other_ctc,RACHEL,asllrp_other_ctc:50802217:span00,READ,0.3670333333333333,0.03336666666666671,0.10009999999999997,True
train,asllrp_other_ctc,RACHEL,asllrp_other_ctc:5080298:span00,DIFFERENT,0.3336666666666668,0.20020000000000016,0.10009999999999986,True
train,asllrp_other_ctc,BENJAMIN_JAMES_BAHAN,asllrp_other_ctc:51694177:span00,HOME,0.16683333333333317,0.1668333333333334,0.2669333333333337,True
train,asllrp_other_ctc,BENJAMIN_JAMES_BAHAN,asllrp_other_ctc:51835847:span00,LEARN,0.2001999999999997,0.3336666666666668,0.16683333333333383,True
train,asllrp_other_ctc,BENJAMIN_JAMES_BAHAN,asllrp_other_ctc:51835847:span00,TIME,0.3003,0.06673333333333265,0.23356666666666648,True
train,asllrp_other_ctc,RACHEL,asllrp_other_ctc:519141040:span00,EAT,0.20020000000000016,0.13346666666666662,0.13346666666666662,True
train,asllrp_other_ctc,BENJAMIN_JAMES_BAHAN,asllrp_other_ctc:52731827:span00,TIME,0.10009999999999986,0.1001000000000003,0.3336666666666668,True
train,asllrp_other_ctc,BENJAMIN_JAMES_BAHAN,asllrp_other_ctc:52912918:span00,WHERE,0.26693333333333324,0.43376666666666674,0.3670333333333333,True
train,asllrp_other_ctc,BENJAMIN_JAMES_BAHAN,asllrp_other_ctc:53472846:span00,MORE,0.3336666666666668,0.06673333333333353,0.1001000000000003,True
train,asllrp_other_ctc,BENJAMIN_JAMES_BAHAN,asllrp_other_ctc:53748459:span00,TALK,0.2335666666666667,0.13346666666666662,0.10009999999999986,True
train,asllrp_other_ctc,BENJAMIN_JAMES_BAHAN,asllrp_other_ctc:53784331:span00,STOP,0.13346666666666662,0.13346666666666662,0.4671333333333334,True
train,asllrp_other_ctc,BENJAMIN_JAMES_BAHAN,asllrp_other_ctc:53819100:span00,NAME,0.1668333333333334,1.001,0.7006999999999999,True
train,asllrp_other_ctc,BENJAMIN_JAMES_BAHAN,asllrp_other_ctc:53819100:span00,HAVE,0.4004000000000003,0.7006999999999999,0.06673333333333309,True
train,asllrp_other_ctc,BENJAMIN_JAMES_BAHAN,asllrp_other_ctc:53869368:span00,HOW,0.2335666666666667,0.5338666666666666,0.5338666666666667,True
train,asllrp_other_ctc,BENJAMIN_JAMES_BAHAN,asllrp_other_ctc:53869368:span01,SEE,0.06673333333333309,0.13346666666666684,0.13346666666666662,True
train,asllrp_other_ctc,BENJAMIN_JAMES_BAHAN,asllrp_other_ctc:53869368:span01,TALK,0.23356666666666692,0.1668333333333334,0.36703333333333266,True
train,asllrp_other_ctc,BENJAMIN_JAMES_BAHAN,asllrp_other_ctc:53931043:span00,HAVE,0.13346666666666662,0.0,1.2679333333333336,True
train,asllrp_other_ctc,BENJAMIN_JAMES_BAHAN,asllrp_other_ctc:54119951:span00,HAVE,0.06673333333333353,0.8341666666666665,0.23356666666666648,True
train,asllrp_other_ctc,BENJAMIN_JAMES_BAHAN,asllrp_other_ctc:54279358:span00,WHERE,0.06673333333333353,0.10009999999999941,0.03336666666666677,True
train,asllrp_other_ctc,BENJAMIN_JAMES_BAHAN,asllrp_other_ctc:54279358:span01,DIFFERENT,0.26693333333333336,,0.9008999999999999,True
train,asllrp_other_ctc,BENJAMIN_JAMES_BAHAN,asllrp_other_ctc:54279358:span01,DIFFERENT,0.23356666666666692,0.33366666666666656,0.8341666666666665,True
train,asllrp_other_ctc,BENJAMIN_JAMES_BAHAN,asllrp_other_ctc:54316179:span00,HAVE,0.3670333333333332,0.26693333333333336,0.36703333333333354,True
train,asllrp_other_ctc,BENJAMIN_JAMES_BAHAN,asllrp_other_ctc:54349951:span00,HOW,0.1001000000000003,0.3670333333333331,0.13346666666666707,True
train,asllrp_other_ctc,BENJAMIN_JAMES_BAHAN,asllrp_other_ctc:54486267:span00,HOW,0.10009999999999986,0.13346666666666707,0.23356666666666648,True
train,asllrp_other_ctc,BENJAMIN_JAMES_BAHAN,asllrp_other_ctc:54486267:span00,NAME,0.13346666666666618,0.26693333333333324,0.26693333333333413,True
train,asllrp_other_ctc,BENJAMIN_JAMES_BAHAN,asllrp_other_ctc:54486267:span00,NAME,0.3003,0.23356666666666648,0.5338666666666665,True
train,asllrp_other_ctc,BENJAMIN_JAMES_BAHAN,asllrp_other_ctc:54486267:span01,TALK,0.2002,,0.2335666666666667,True
train,asllrp_other_ctc,RACHEL,asllrp_other_ctc:5595933:span00,SEE,0.13346666666666662,0.13346666666666662,0.03336666666666677,True
train,asllrp_other_ctc,RACHEL,asllrp_other_ctc:5596130:span00,HAVE,0.2335666666666667,0.10009999999999986,0.13346666666666662,True
train,asllrp_other_ctc,RACHEL,asllrp_other_ctc:5596327:span00,WHERE,0.6673333333333333,0.1668333333333334,,True
train,asllrp_other_ctc,RACHEL,asllrp_other_ctc:5596426:span00,LIKE,0.10010000000000002,0.1668333333333333,0.10010000000000002,True
train,asllrp_other_ctc,RACHEL,asllrp_other_ctc:5596920:span00,FEEL,0.2335666666666667,0.06673333333333331,0.10010000000000008,True
train,asllrp_other_ctc,RACHEL,asllrp_other_ctc:5597019:span00,NIGHT,0.26693333333333336,0.16683333333333333,0.16683333333333328,True
train,asllrp_other_ctc,RACHEL,asllrp_other_ctc:5597315:span00,SEE,0.2335666666666667,0.033366666666666656,0.10009999999999997,True
train,asllrp_other_ctc,RACHEL,asllrp_other_ctc:5597414:span00,EAT,0.16683333333333328,0.033366666666666656,0.10010000000000008,True
train,asllrp_other_ctc,RACHEL,asllrp_other_ctc:5597414:span00,LIKE,0.2001999999999997,0.2002000000000006,0.2001999999999997,True
train,asllrp_other_ctc,RACHEL,asllrp_other_ctc:5597711:span00,HOW,0.10009999999999986,0.06673333333333353,0.06673333333333331,True
train,asllrp_other_ctc,RACHEL,asllrp_other_ctc:5597711:span00,HAVE,0.13346666666666707,0.06673333333333353,0.13346666666666618,True
train,asllrp_other_ctc,RACHEL,asllrp_other_ctc:5597711:span00,HOME,0.36703333333333354,0.3336666666666668,0.23356666666666648,True
train,asllrp_other_ctc,RACHEL,asllrp_other_ctc:5597810:span00,WATER,0.2335666666666666,0.10010000000000008,0.13346666666666662,True
train,asllrp_other_ctc,RACHEL,asllrp_other_ctc:559798:span00,YES,0.23356666666666737,0.4337666666666662,0.16683333333333294,True
train,asllrp_other_ctc,RACHEL,asllrp_other_ctc:559798:span00,COLD,0.23356666666666648,0.06673333333333353,0.1001000000000003,True
train,asllrp_other_ctc,RACHEL,asllrp_other_ctc:559799:span00,THINK,0.13346666666666707,0.06673333333333353,0.13346666666666618,True
train,asllrp_other_ctc,RACHEL,asllrp_other_ctc:559807:span00,LIKE,0.1668333333333334,0.20020000000000016,0.13346666666666662,True
train,asllrp_other_ctc,RACHEL,asllrp_other_ctc:559807:span00,EAT,0.1001000000000003,0.1001000000000003,0.06673333333333265,True
train,asllrp_other_ctc,CORY,asllrp_other_ctc:58733723:span00,EAT,0.33366666666666633,0.13346666666666662,0.4004000000000003,True
train,asllrp_other_ctc,CORY,asllrp_other_ctc:58733724:span00,READ,0.2669333333333337,0.2001999999999997,0.2001999999999997,True
train,asllrp_other_ctc,CORY,asllrp_other_ctc:58734316:span00,YES,0.4671333333333334,0.2001999999999997,,True
train,asllrp_other_ctc,CORY,asllrp_other_ctc:58734317:span00,WHERE,0.20020000000000016,0.1668333333333334,0.23356666666666648,True
train,asllrp_other_ctc,RACHEL,asllrp_other_ctc:58865726:span00,EAT,0.13346666666666662,0.13346666666666662,0.1668333333333336,True
train,asllrp_other_ctc,RACHEL,asllrp_other_ctc:58865825:span00,THINK,0.13346666666666662,0.06673333333333353,0.1668333333333334,True
train,asllrp_other_ctc,RACHEL,asllrp_other_ctc:58866022:span00,COLD,0.23356666666666692,0.10009999999999986,0.10009999999999986,True
train,asllrp_other_ctc,RACHEL,asllrp_other_ctc:58866022:span00,HOT,0.26693333333333324,0.06673333333333353,0.1668333333333334,True
train,asllrp_other_ctc,RACHEL,asllrp_other_ctc:58866220:span00,NAME,0.10010000000000002,0.10010000000000002,0.13346666666666662,True
train,asllrp_other_ctc,RACHEL,asllrp_other_ctc:58866220:span00,NAME,0.10010000000000008,0.1668333333333334,0.13346666666666662,True
train,asllrp_other_ctc,RACHEL,asllrp_other_ctc:58866319:span00,LIKE,0.10010000000000002,0.1001,0.13346666666666668,True
train,asllrp_other_ctc,RACHEL,asllrp_other_ctc:58866615:span00,WORK,0.1668333333333334,0.16683333333333328,0.06673333333333331,True
train,asllrp_other_ctc,RACHEL,asllrp_other_ctc:58866812:span00,COLD,0.33366666666666667,0.2002,0.13346666666666673,True
train,asllrp_other_ctc,RACHEL,asllrp_other_ctc:58866812:span00,HOT,0.20020000000000016,0.2335666666666667,0.06673333333333309,True
train,asllrp_other_ctc,RACHEL,asllrp_other_ctc:58866813:span00,HOT,0.2002,,0.20020000000000004,True
train,asllrp_other_ctc,RACHEL,asllrp_other_ctc:58866813:span00,READ,0.13346666666666662,0.06673333333333353,0.20020000000000016,True
train,asllrp_other_ctc,RACHEL,asllrp_other_ctc:58866911:span00,HOT,0.23356666666666648,0.20019999999999993,,True
train,asllrp_other_ctc,RACHEL,asllrp_other_ctc:5886737:span00,WORK,0.2335666666666666,0.1668333333333334,0.13346666666666662,True
train,asllrp_other_ctc,CORY,asllrp_other_ctc:58:span00,HOW,0.6339666666666668,0.23356666666666648,,True
train,asllrp_other_ctc,RACHEL,asllrp_other_ctc:5989857:span00,READ,0.2335666666666667,0.1001,0.10009999999999997,True
train,asllrp_other_ctc,RACHEL,asllrp_other_ctc:5989857:span00,THINK,0.1668333333333334,0.06673333333333353,0.10009999999999986,True
train,asllrp_other_ctc,BENJAMIN_JAMES_BAHAN,asllrp_other_ctc:60265153:span00,WORK,0.4337666666666671,0.13346666666666662,0.6006,True
train,asllrp_other_ctc,BENJAMIN_JAMES_BAHAN,asllrp_other_ctc:60265153:span00,WORK,0.30030000000000046,0.23356666666666648,0.26693333333333324,True
train,asllrp_other_ctc,BENJAMIN_JAMES_BAHAN,asllrp_other_ctc:60523983:span00,WHY,0.13346666666666618,0.13346666666666707,0.16683333333333383,True
train,asllrp_other_ctc,CORY,asllrp_other_ctc:61829118:span00,STOP,0.13346666666666707,0.16683333333333294,,True
train,asllrp_other_ctc,CORY,asllrp_other_ctc:61830116:span00,TIME,0.3336666666666667,,0.10009999999999997,True
train,asllrp_other_ctc,CORY,asllrp_other_ctc:61830116:span00,FRIEND,0.4004000000000001,0.10009999999999997,0.26693333333333324,True
train,asllrp_other_ctc,CORY,asllrp_other_ctc:61830116:span00,TIME,0.43376666666666663,0.1001000000000003,0.1668333333333334,True
train,asllrp_other_ctc,CORY,asllrp_other_ctc:61830117:span00,FRIEND,0.3336666666666667,,0.26693333333333324,True
train,asllrp_other_ctc,CORY,asllrp_other_ctc:61830117:span00,WHEN,0.5005000000000002,0.8007999999999997,,True
train,asllrp_other_ctc,CORY,asllrp_other_ctc:61831115:span00,WHY,0.36703333333333354,0.26693333333333324,0.06673333333333309,True
train,asllrp_other_ctc,CORY,asllrp_other_ctc:61832113:span00,WHY,0.4671333333333334,0.43376666666666686,0.23356666666666648,True
train,asllrp_other_ctc,CORY,asllrp_other_ctc:61832114:span00,FRIEND,0.3336666666666667,,0.16683333333333328,True
train,asllrp_other_ctc,CORY,asllrp_other_ctc:61832114:span00,WHY,0.3670333333333333,0.3003,0.26693333333333324,True
train,asllrp_other_ctc,CORY,asllrp_other_ctc:61833112:span00,WHY,0.43376666666666663,0.13346666666666662,0.1001000000000003,True
train,asllrp_other_ctc,CORY,asllrp_other_ctc:61834111:span00,WHY,0.5004999999999997,0.1668333333333334,,True
train,asllrp_other_ctc,CORY,asllrp_other_ctc:61835108:span00,FRIEND,0.3670333333333334,,0.13346666666666662,True
train,asllrp_other_ctc,CORY,asllrp_other_ctc:61836107:span00,TIME,0.5338666666666667,0.10009999999999986,0.1668333333333334,True
train,asllrp_other_ctc,CORY,asllrp_other_ctc:61838103:span00,FRIEND,0.46713333333333334,,0.3003,True
train,asllrp_other_ctc,CORY,asllrp_other_ctc:61840100:span00,WORK,0.3336666666666668,0.13346666666666662,0.10009999999999986,True
train,asllrp_other_ctc,CORY,asllrp_other_ctc:6184199:span00,WORK,0.3670333333333333,0.2335666666666666,0.1668333333333334,True
train,asllrp_other_ctc,CORY,asllrp_other_ctc:6184395:span00,FRIEND,0.3003,,0.30029999999999996,True
train,asllrp_other_ctc,CORY,asllrp_other_ctc:6184494:span00,WHERE,0.8675333333333335,0.1668333333333334,,True
train,asllrp_other_ctc,CORY,asllrp_other_ctc:6184593:span00,WHERE,0.7340666666666666,0.13346666666666662,,True
train,asllrp_other_ctc,CORY,asllrp_other_ctc:6184888:span00,FAMILY,0.4004,0.26693333333333336,0.26693333333333324,True
train,asllrp_other_ctc,CORY,asllrp_other_ctc:6184888:span00,WHERE,0.8341666666666665,0.13346666666666662,,True
train,asllrp_other_ctc,CORY,asllrp_other_ctc:6184987:span00,BAD,0.3003,,0.2669333333333333,True
train,asllrp_other_ctc,CORY,asllrp_other_ctc:6184987:span00,WHEN,0.7006999999999999,0.1668333333333334,,True
train,asllrp_other_ctc,CORY,asllrp_other_ctc:6185380:span00,TIME,0.7674333333333334,0.2001999999999997,,True
train,asllrp_other_ctc,CORY,asllrp_other_ctc:6185381:span00,HOW,0.5005000000000002,0.3670333333333333,0.2001999999999997,True
train,asllrp_other_ctc,CORY,asllrp_other_ctc:6185479:span00,READ,0.3003000000000001,0.20019999999999993,0.20019999999999993,True
train,asllrp_other_ctc,CORY,asllrp_other_ctc:6185873:span00,FRIEND,0.40040000000000003,,0.26693333333333336,True
train,asllrp_other_ctc,CORY,asllrp_other_ctc:6185972:span00,FRIEND,0.3670333333333334,,0.13346666666666662,True
train,asllrp_other_ctc,CORY,asllrp_other_ctc:6186464:span00,FRIEND,0.3670333333333334,,0.13346666666666662,True
train,asllrp_other_ctc,CORY,asllrp_other_ctc:6186563:span00,WATER,0.13346666666666662,0.4004000000000001,0.2335666666666667,True
train,asllrp_other_ctc,CORY,asllrp_other_ctc:6186661:span00,FRIEND,0.40040000000000003,,0.16683333333333328,True
train,asllrp_other_ctc,CORY,asllrp_other_ctc:6186662:span00,WHY,0.13346666666666662,0.23356666666666648,0.23356666666666692,True
train,asllrp_other_ctc,CORY,asllrp_other_ctc:6186760:span00,FRIEND,0.46713333333333334,,0.13346666666666662,True
train,asllrp_other_ctc,CORY,asllrp_other_ctc:6186858:span00,WORK,0.3003,0.16683333333333317,0.13346666666666662,True
train,asllrp_other_ctc,CORY,asllrp_other_ctc:6186956:span00,NAME,0.26693333333333324,0.1668333333333334,0.26693333333333324,True
train,asllrp_other_ctc,CORY,asllrp_other_ctc:6187055:span00,FRIEND,0.40040000000000003,,0.13346666666666662,True
train,asllrp_other_ctc,CORY,asllrp_other_ctc:6187055:span00,WHY,0.23356666666666692,0.26693333333333324,0.5338666666666665,True
train,asllrp_other_ctc,CORY,asllrp_other_ctc:6187055:span00,BAD,0.4004000000000003,0.2001999999999997,,True
train,asllrp_other_ctc,CORY,asllrp_other_ctc:6187153:span00,LIKE,0.26693333333333324,0.20020000000000016,,True
train,asllrp_other_ctc,CORY,asllrp_other_ctc:6187351:span00,HAVE,0.13346666666666662,0.26693333333333336,0.20020000000000004,True
train,asllrp_other_ctc,CORY,asllrp_other_ctc:6187351:span00,SMALL,0.3336666666666668,0.23356666666666692,0.16683333333333294,True
train,asllrp_other_ctc,CORY,asllrp_other_ctc:6187450:span00,FAMILY,0.2669333333333333,0.23356666666666667,0.26693333333333336,True
train,asllrp_other_ctc,CORY,asllrp_other_ctc:6187745:span00,NOW,0.20019999999999993,0.13346666666666673,0.20019999999999993,True
train,asllrp_other_ctc,CORY,asllrp_other_ctc:6187843:span00,READ,0.26693333333333347,0.26693333333333324,0.1668333333333334,True
train,asllrp_other_ctc,CORY,asllrp_other_ctc:6187844:span00,NOW,0.36703333333333354,0.13346666666666618,,True
train,asllrp_other_ctc,CORY,asllrp_other_ctc:6188139:span00,FRIEND,0.3670333333333333,0.20020000000000004,0.10010000000000008,True
train,asllrp_other_ctc,CORY,asllrp_other_ctc:6188238:span00,FRIEND,0.33366666666666667,0.16683333333333333,0.13346666666666662,True
train,asllrp_other_ctc,CORY,asllrp_other_ctc:6188336:span00,FRIEND,0.3670333333333333,0.13346666666666662,0.13346666666666662,True
train,asllrp_other_ctc,CORY,asllrp_other_ctc:6188435:span00,WHEN,0.26693333333333336,,0.16683333333333333,True
train,asllrp_other_ctc,CORY,asllrp_other_ctc:6188829:span00,FRIEND,0.3336666666666668,0.20020000000000016,0.2001999999999997,True
train,asllrp_other_ctc,CORY,asllrp_other_ctc:6188927:span00,FRIEND,0.26693333333333336,,0.06673333333333331,True
train,asllrp_other_ctc,CORY,asllrp_other_ctc:6188928:span00,FRIEND,0.3003,,0.23356666666666664,True
train,asllrp_other_ctc,CORY,asllrp_other_ctc:6189026:span00,HAVE,0.23356666666666648,0.5672333333333335,0.26693333333333324,True
train,asllrp_other_ctc,CORY,asllrp_other_ctc:6189124:span00,FRIEND,0.23356666666666664,0.20020000000000002,0.20020000000000004,True
train,asllrp_other_ctc,CORY,asllrp_other_ctc:6189124:span00,WHERE,0.36703333333333354,0.20020000000000016,0.3336666666666668,True
train,asllrp_other_ctc,CORY,asllrp_other_ctc:6189125:span00,WORK,0.26693333333333324,0.1668333333333334,0.06673333333333353,True
train,asllrp_other_ctc,CORY,asllrp_other_ctc:6189223:span00,WHEN,0.3336666666666667,,0.20019999999999993,True
train,asllrp_other_ctc,CORY,asllrp_other_ctc:6189223:span00,FRIEND,0.40039999999999987,0.1668333333333336,0.26693333333333324,True
train,asllrp_other_ctc,CORY,asllrp_other_ctc:6189223:span00,NAME,0.36703333333333354,0.10009999999999941,,True
train,asllrp_other_ctc,CORY,asllrp_other_ctc:6189322:span00,FRIEND,0.3670333333333334,,0.3003,True
train,asllrp_other_ctc,CORY,asllrp_other_ctc:6189322:span00,DIFFERENT,0.23356666666666648,0.3003,0.30030000000000023,True
train,asllrp_other_ctc,CORY,asllrp_other_ctc:6189322:span00,WHY,0.3003,0.20020000000000016,0.2001999999999997,True
train,asllrp_other_ctc,CORY,asllrp_other_ctc:6189421:span00,FRIEND,0.3003,0.13346666666666662,0.13346666666666662,True
train,asllrp_other_ctc,CORY,asllrp_other_ctc:6189520:span00,NIGHT,0.3670333333333331,0.4671333333333334,0.20020000000000016,True
train,asllrp_other_ctc,CORY,asllrp_other_ctc:6189618:span00,EAT,0.5338666666666674,0.2001999999999997,,True
train,asllrp_other_ctc,CORY,asllrp_other_ctc:6189717:span00,FAMILY,0.26693333333333347,0.2335666666666666,0.6673333333333333,True
train,asllrp_other_ctc,CORY,asllrp_other_ctc:6189717:span00,WHERE,0.46713333333333296,0.16683333333333383,0.3003,True
train,asllrp_other_ctc,CORY,asllrp_other_ctc:6189815:span00,NOW,0.3336666666666668,0.1668333333333334,0.4671333333333334,True
train,asllrp_other_ctc,CORY,asllrp_other_ctc:6189816:span00,BAD,0.2335666666666667,,0.23356666666666664,True
train,asllrp_other_ctc,CORY,asllrp_other_ctc:6189816:span00,HOME,0.3003,0.26693333333333324,,True
train,asllrp_other_ctc,CORY,asllrp_other_ctc:6190111:span00,WHEN,0.3003,,0.30029999999999996,True
train,asllrp_other_ctc,CORY,asllrp_other_ctc:619039:span00,FEEL,0.06673333333333309,0.06673333333333353,0.13346666666666662,True
train,asllrp_other_ctc,CORY,asllrp_other_ctc:619048:span00,LEARN,0.23356666666666692,0.13346666666666662,0.23356666666666648,True
train,asllrp_other_ctc,CORY,asllrp_other_ctc:629096:span00,FRIEND,0.40040000000000003,0.20020000000000002,0.16683333333333328,True
train,asllrp_other_ctc,CORY,asllrp_other_ctc:629195:span00,MORNING,0.13346666666666662,0.26693333333333347,0.23356666666666648,True
train,asllrp_other_ctc,CORY,asllrp_other_ctc:629195:span00,WHY,0.2001999999999997,0.36703333333333354,0.23356666666666692,True
train,asllrp_other_ctc,CORY,asllrp_other_ctc:629293:span00,FEEL,0.3003,0.13346666666666618,0.16683333333333383,True
train,asllrp_other_ctc,CORY,asllrp_other_ctc:629391:span00,WHY,0.20020000000000016,0.2001999999999997,0.20020000000000016,True
train,asllrp_other_ctc,CORY,asllrp_other_ctc:629392:span00,COLD,0.4004000000000001,0.2335666666666667,0.23356666666666648,True
train,asllrp_other_ctc,CORY,asllrp_other_ctc:629392:span00,WHY,0.3670333333333331,0.13346666666666662,0.2669333333333337,True
train,asllrp_other_ctc,CORY,asllrp_other_ctc:629588:span00,WHY,0.5338666666666665,0.3336666666666668,0.1001000000000003,True
train,asllrp_other_ctc,CORY,asllrp_other_ctc:629588:span00,HAVE,0.2001999999999997,0.13346666666666707,0.3003,True
train,asllrp_other_ctc,CORY,asllrp_other_ctc:629589:span00,FRIEND,0.33366666666666633,0.1668333333333334,0.2669333333333337,True
train,asllrp_other_ctc,CORY,asllrp_other_ctc:629687:span00,WHY,0.2001999999999997,0.23356666666666692,0.1001000000000003,True
train,asllrp_other_ctc,CORY,asllrp_other_ctc:629785:span00,WHERE,0.7340666666666669,0.20019999999999993,,True
train,asllrp_other_ctc,CORY,asllrp_other_ctc:629786:span00,WHY,0.13346666666666662,0.2335666666666667,0.26693333333333347,True
train,asllrp_other_ctc,CORY,asllrp_other_ctc:629786:span00,EASY,0.4337666666666662,0.06673333333333353,0.1001000000000003,True
train,asllrp_other_ctc,CORY,asllrp_other_ctc:629884:span00,WORK,0.23356666666666664,0.20020000000000002,0.2335666666666667,True
train,asllrp_other_ctc,CORY,asllrp_other_ctc:629982:span00,WHERE,0.20020000000000004,0.16683333333333328,0.20020000000000004,True
train,asllrp_other_ctc,CORY,asllrp_other_ctc:629983:span00,WORK,0.3002999999999999,0.3003,0.1668333333333334,True
train,asllrp_other_ctc,CORY,asllrp_other_ctc:629983:span00,WHEN,0.3336666666666668,0.1668333333333334,0.40039999999999987,True
train,asllrp_other_ctc,CORY,asllrp_other_ctc:630081:span00,EAT,0.2335666666666667,,0.10010000000000002,True
train,asllrp_other_ctc,CORY,asllrp_other_ctc:630081:span00,WHERE,0.6673333333333333,0.33366666666666667,,True
train,asllrp_other_ctc,CORY,asllrp_other_ctc:630180:span00,WHERE,0.8008,0.10010000000000008,,True
train,asllrp_other_ctc,CORY,asllrp_other_ctc:630376:span00,FRIEND,0.3003,0.13346666666666665,0.4004,True
train,asllrp_other_ctc,CORY,asllrp_other_ctc:630475:span00,FRIEND,0.3003,0.13346666666666665,0.20020000000000004,True
train,asllrp_other_ctc,CORY,asllrp_other_ctc:630573:span00,SCHOOL,0.3670333333333333,0.2335666666666668,0.6673333333333331,True
train,asllrp_other_ctc,CORY,asllrp_other_ctc:630574:span00,FRIEND,0.3670333333333333,0.13346666666666665,0.3003,True
train,asllrp_other_ctc,CORY,asllrp_other_ctc:630574:span00,WHERE,0.3336666666666668,0.13346666666666618,0.23356666666666648,True
train,asllrp_other_ctc,CORY,asllrp_other_ctc:630574:span00,EAT,0.3003,0.3003,0.2001999999999997,True
train,asllrp_other_ctc,CORY,asllrp_other_ctc:630672:span00,FRIEND,0.3003,,0.2669333333333333,True
train,asllrp_other_ctc,CORY,asllrp_other_ctc:630672:span00,WHY,0.26693333333333324,0.26693333333333324,0.13346666666666662,True
train,asllrp_other_ctc,CORY,asllrp_other_ctc:630770:span00,WORK,0.2335666666666667,0.3003,0.2335666666666667,True
train,asllrp_other_ctc,CORY,asllrp_other_ctc:630770:span00,WHY,0.13346666666666662,0.1668333333333334,0.13346666666666662,True
train,asllrp_other_ctc,CORY,asllrp_other_ctc:630771:span00,FRIEND,0.3003,,0.2002,True
train,asllrp_other_ctc,CORY,asllrp_other_ctc:630869:span00,FRIEND,0.26693333333333336,,0.23356666666666664,True
train,asllrp_other_ctc,CORY,asllrp_other_ctc:630869:span00,WHY,0.26693333333333324,0.2335666666666667,0.1668333333333334,True
train,asllrp_other_ctc,CORY,asllrp_other_ctc:630869:span00,HAVE,0.10009999999999986,0.13346666666666662,0.1001000000000003,True
train,asllrp_other_ctc,CORY,asllrp_other_ctc:630967:span00,FRIEND,0.3336666666666668,0.33366666666666667,0.16683333333333317,True
train,asllrp_other_ctc,CORY,asllrp_other_ctc:630968:span00,FRIEND,0.16683333333333333,,0.20020000000000004,True
train,asllrp_other_ctc,CORY,asllrp_other_ctc:630968:span00,WHY,0.1668333333333334,0.3003,0.23356666666666648,True
train,asllrp_other_ctc,CORY,asllrp_other_ctc:630968:span00,TIRED,0.26693333333333324,0.26693333333333324,0.20020000000000016,True
train,asllrp_other_ctc,CORY,asllrp_other_ctc:631066:span00,WHEN,0.26693333333333336,,0.16683333333333333,True
train,asllrp_other_ctc,CORY,asllrp_other_ctc:631066:span00,FRIEND,0.33366666666666667,0.13346666666666673,0.5005,True
train,asllrp_other_ctc,CORY,asllrp_other_ctc:631164:span00,WHEN,0.26693333333333336,,0.13346666666666668,True
train,asllrp_other_ctc,CORY,asllrp_other_ctc:631164:span00,WHY,0.3336666666666668,0.16683333333333294,0.2002000000000006,True
train,asllrp_other_ctc,CORY,asllrp_other_ctc:631165:span00,WHEN,0.3003,,0.13346666666666668,True
train,asllrp_other_ctc,CORY,asllrp_other_ctc:631165:span00,FRIEND,0.3003,0.13346666666666668,0.5005,True
train,asllrp_other_ctc,CORY,asllrp_other_ctc:631263:span00,FRIEND,0.2335666666666667,0.1668333333333334,0.20019999999999993,True
train,asllrp_other_ctc,CORY,asllrp_other_ctc:631361:span00,FRIEND,0.3003,0.16683333333333333,0.3003,True
train,asllrp_other_ctc,CORY,asllrp_other_ctc:631362:span00,WHEN,0.26693333333333336,,0.23356666666666664,True
train,asllrp_other_ctc,CORY,asllrp_other_ctc:631362:span00,THANKYOU,0.4004000000000003,0.26693333333333324,0.06673333333333353,True
train,asllrp_other_ctc,CORY,asllrp_other_ctc:631460:span00,WHEN,0.2335666666666667,,0.16683333333333333,True
train,asllrp_other_ctc,CORY,asllrp_other_ctc:631460:span00,SCHOOL,0.40039999999999987,0.43376666666666686,0.3336666666666668,True
train,asllrp_other_ctc,CORY,asllrp_other_ctc:631558:span00,WHEN,0.2335666666666667,,0.13346666666666668,True
train,asllrp_other_ctc,CORY,asllrp_other_ctc:631559:span00,SCHOOL,0.3003,0.13346666666666662,0.26693333333333324,True
train,asllrp_other_ctc,CORY,asllrp_other_ctc:631559:span00,WHY,0.2001999999999997,0.13346666666666662,0.1668333333333334,True
train,asllrp_other_ctc,CORY,asllrp_other_ctc:631657:span00,FRIEND,0.26693333333333336,0.20020000000000004,0.3003,True
train,asllrp_other_ctc,CORY,asllrp_other_ctc:631657:span00,WHY,0.23356666666666648,0.16683333333333383,0.16683333333333294,True
train,asllrp_other_ctc,CORY,asllrp_other_ctc:631755:span00,FRIEND,0.3336666666666668,0.23356666666666664,0.26693333333333324,True
train,asllrp_other_ctc,CORY,asllrp_other_ctc:631756:span00,FRIEND,0.2335666666666667,0.13346666666666665,0.20019999999999993,True
train,asllrp_other_ctc,CORY,asllrp_other_ctc:631953:span00,WORK,0.3003,0.3003,0.26693333333333324,True
train,asllrp_other_ctc,CORY,asllrp_other_ctc:632051:span00,FRIEND,0.33366666666666667,0.20020000000000004,0.20020000000000004,True
train,asllrp_other_ctc,CORY,asllrp_other_ctc:632052:span00,FRIEND,0.3003000000000001,0.30029999999999996,0.26693333333333324,True
train,asllrp_other_ctc,CORY,asllrp_other_ctc:632150:span00,WHEN,0.3336666666666667,,0.33366666666666667,True
train,asllrp_other_ctc,CORY,asllrp_other_ctc:632150:span00,FRIEND,0.3670333333333333,0.33366666666666667,0.2335666666666667,True
train,asllrp_other_ctc,CORY,asllrp_other_ctc:632249:span00,FRIEND,0.26693333333333336,0.1668333333333334,0.26693333333333324,True
train,asllrp_other_ctc,CORY,asllrp_other_ctc:632249:span00,SLEEP,0.43376666666666663,0.20020000000000016,,True
train,asllrp_other_ctc,CORY,asllrp_other_ctc:632347:span00,FRIEND,0.3336666666666666,0.20020000000000002,0.26693333333333347,True
train,asllrp_other_ctc,CORY,asllrp_other_ctc:632347:span00,WHY,0.23356666666666648,0.23356666666666648,0.2669333333333337,True
train,asllrp_other_ctc,CORY,asllrp_other_ctc:632446:span00,WHERE,0.7674333333333334,0.16683333333333317,,True
train,asllrp_other_ctc,CORY,asllrp_other_ctc:632544:span00,WHERE,0.7340666666666669,0.13346666666666662,,True
train,asllrp_other_ctc,CORY,asllrp_other_ctc:632545:span00,WHY,0.3670333333333333,0.3002999999999999,0.1668333333333334,True
train,asllrp_other_ctc,CORY,asllrp_other_ctc:632742:span00,FRIEND,0.2335666666666667,0.1668333333333333,0.26693333333333336,True
train,asllrp_other_ctc,CORY,asllrp_other_ctc:632742:span00,WHY,0.7340666666666666,0.10009999999999986,0.20020000000000016,True
train,asllrp_other_ctc,CORY,asllrp_other_ctc:632840:span00,WHEN,0.43376666666666663,0.3003,,True
train,asllrp_other_ctc,CORY,asllrp_other_ctc:632939:span00,WHERE,0.7674333333333334,0.20019999999999993,,True
train,asllrp_other_ctc,CORY,asllrp_other_ctc:633038:span00,TIME,0.26693333333333324,0.20019999999999993,0.26693333333333347,True
train,asllrp_other_ctc,CORY,asllrp_other_ctc:633436:span00,FRIEND,0.2335666666666667,,0.23356666666666664,True
train,asllrp_other_ctc,CORY,asllrp_other_ctc:633534:span00,WORK,0.3336666666666666,0.16683333333333336,0.20020000000000004,True
train,asllrp_other_ctc,CORY,asllrp_other_ctc:633534:span00,WHERE,0.7674333333333333,0.20020000000000004,,True
train,asllrp_other_ctc,CORY,asllrp_other_ctc:633632:span00,WORK,0.33366666666666667,0.13346666666666665,0.26693333333333336,True
train,asllrp_other_ctc,CORY,asllrp_other_ctc:633633:span00,WHY,0.2002,,0.2335666666666667,True
train,asllrp_other_ctc,CORY,asllrp_other_ctc:633633:span00,WORK,0.26693333333333336,0.13346666666666662,0.20019999999999993,True
train,asllrp_other_ctc,CORY,asllrp_other_ctc:633633:span00,WHY,0.20020000000000016,0.3002999999999998,0.20020000000000016,True
train,asllrp_other_ctc,CORY,asllrp_other_ctc:633830:span00,WHEN,0.7340666666666669,0.1668333333333334,,True
train,asllrp_other_ctc,CORY,asllrp_other_ctc:633929:span00,FRIEND,0.40040000000000003,,0.3003,True
train,asllrp_other_ctc,CORY,asllrp_other_ctc:633929:span00,WHEN,0.6673333333333331,0.20020000000000016,,True
train,asllrp_other_ctc,CORY,asllrp_other_ctc:634028:span00,FRIEND,0.26693333333333336,,0.23356666666666664,True
train,asllrp_other_ctc,CORY,asllrp_other_ctc:634028:span00,WHERE,0.7340666666666666,0.2335666666666667,,True
train,asllrp_other_ctc,CORY,asllrp_other_ctc:634226:span00,FRIEND,0.3336666666666667,,0.13346666666666662,True
train,asllrp_other_ctc,CORY,asllrp_other_ctc:634423:span00,FRIEND,0.3003,,0.13346666666666668,True
train,asllrp_other_ctc,CORY,asllrp_other_ctc:634424:span00,EASY,0.26693333333333324,0.16683333333333328,0.1668333333333334,True
train,asllrp_other_ctc,CORY,asllrp_other_ctc:634719:span00,WORK,0.4004,0.13346666666666673,0.2335666666666667,True
train,asllrp_other_ctc,CORY,asllrp_other_ctc:634720:span00,FRIEND,0.3003,,0.30029999999999996,True
train,asllrp_other_ctc,CORY,asllrp_other_ctc:634818:span00,FRIEND,0.26693333333333336,,0.23356666666666664,True
train,asllrp_other_ctc,CORY,asllrp_other_ctc:634917:span00,FRIEND,0.3336666666666667,,0.16683333333333328,True
train,asllrp_other_ctc,CORY,asllrp_other_ctc:635016:span00,FRIEND,0.3336666666666667,,0.10009999999999997,True
train,asllrp_other_ctc,CORY,asllrp_other_ctc:635115:span00,FRIEND,0.26693333333333336,,0.2002,True
train,asllrp_other_ctc,CORY,asllrp_other_ctc:635115:span00,HOME,0.3336666666666668,0.10009999999999986,,True
train,asllrp_other_ctc,CORY,asllrp_other_ctc:635214:span00,FRIEND,0.3003,,0.2669333333333333,True
train,asllrp_other_ctc,CORY,asllrp_other_ctc:635312:span00,SCHOOL,0.6673333333333333,0.26693333333333336,,True
train,asllrp_other_ctc,CORY,asllrp_other_ctc:635313:span00,FRIEND,0.3003,,0.2669333333333333,True
train,asllrp_other_ctc,CORY,asllrp_other_ctc:635411:span00,FRIEND,0.3670333333333334,,0.4004,True
train,asllrp_other_ctc,CORY,asllrp_other_ctc:635610:span00,FRIEND,0.3336666666666667,,0.26693333333333324,True
train,asllrp_other_ctc,CORY,asllrp_other_ctc:63579:span00,WORK,0.6339666666666668,0.20020000000000002,,True
train,asllrp_other_ctc,CORY,asllrp_other_ctc:63588:span00,FRIEND,0.3003,,0.23356666666666664,True
train,asllrp_other_ctc,CORY,asllrp_other_ctc:63597:span00,FRIEND,0.3670333333333334,,0.10009999999999997,True
train,asllrp_other_ctc,BENJAMIN_JAMES_BAHAN,asllrp_other_ctc:63826223:span00,WORK,0.3670333333333331,0.1668333333333334,0.23356666666666692,True
train,asllrp_other_ctc,BENJAMIN_JAMES_BAHAN,asllrp_other_ctc:64008821:span00,TALK,0.06673333333333309,0.10009999999999986,0.13346666666666707,True
train,asllrp_other_ctc,BENJAMIN_JAMES_BAHAN,asllrp_other_ctc:64008821:span00,THINK,0.13346666666666662,0.13346666666666707,0.16683333333333294,True
train,asllrp_other_ctc,BENJAMIN_JAMES_BAHAN,asllrp_other_ctc:64119013:span00,WORK,0.5338666666666667,,0.13346666666666673,True
train,asllrp_other_ctc,BENJAMIN_JAMES_BAHAN,asllrp_other_ctc:64119013:span00,WORK,0.3003,0.06673333333333353,0.13346666666666662,True
train,asllrp_other_ctc,BENJAMIN_JAMES_BAHAN,asllrp_other_ctc:64119013:span00,TALK,0.23356666666666648,0.2001999999999997,0.4337666666666671,True
train,asllrp_other_ctc,BENJAMIN_JAMES_BAHAN,asllrp_other_ctc:64346425:span00,HAVE,0.13346666666666662,0.13346666666666668,0.1668333333333334,True
train,asllrp_other_ctc,BENJAMIN_JAMES_BAHAN,asllrp_other_ctc:64570450:span00,SIGN,0.36703333333333266,2.3023000000000007,0.13346666666666707,True
train,asllrp_other_ctc,BENJAMIN_JAMES_BAHAN,asllrp_other_ctc:64607883:span00,SIGN,0.40039999999999987,0.3670333333333333,0.06673333333333353,True
train,asllrp_other_ctc,BENJAMIN_JAMES_BAHAN,asllrp_other_ctc:64659589:span00,DIFFERENT,0.20020000000000016,0.10009999999999986,0.10009999999999986,True
train,asllrp_other_ctc,BENJAMIN_JAMES_BAHAN,asllrp_other_ctc:64659589:span00,WHERE,0.36703333333333354,0.26693333333333413,,True
train,asllrp_other_ctc,BENJAMIN_JAMES_BAHAN,asllrp_other_ctc:64778101:span00,TOMORROW,0.20020000000000016,0.2001999999999997,0.23356666666666648,True
train,asllrp_other_ctc,BENJAMIN_JAMES_BAHAN,asllrp_other_ctc:64787678:span00,TOMORROW,0.13346666666666668,0.2002,0.16683333333333328,True
train,asllrp_other_ctc,CORY,asllrp_other_ctc:649:span00,READ,0.3002999999999999,0.10009999999999997,0.2335666666666667,True
train,asllrp_other_ctc,BENJAMIN_JAMES_BAHAN,asllrp_other_ctc:65003644:span00,WHEN,0.1668333333333334,0.43376666666666663,0.06673333333333309,True
train,asllrp_other_ctc,BENJAMIN_JAMES_BAHAN,asllrp_other_ctc:65034352:span00,NAME,0.06673333333333442,0.10009999999999941,0.10009999999999941,True
train,asllrp_other_ctc,BENJAMIN_JAMES_BAHAN,asllrp_other_ctc:65308759:span00,TIME,0.2669333333333333,,0.13346666666666673,True
train,asllrp_other_ctc,RACHEL,asllrp_other_ctc:65713197:span00,FEEL,0.26693333333333324,0.3670333333333331,0.1001000000000003,True
train,asllrp_other_ctc,BENJAMIN_JAMES_BAHAN,asllrp_other_ctc:65791368:span00,WHEN,0.16683333333333328,0.10010000000000002,0.1668333333333334,True
train,asllrp_other_ctc,BENJAMIN_JAMES_BAHAN,asllrp_other_ctc:65968779:span00,HOW,0.1668333333333334,0.10010000000000008,0.40039999999999987,True
train,asllrp_other_ctc,CORY,asllrp_other_ctc:6612:span00,NOW,0.13346666666666618,0.16683333333333383,0.2002000000000006,True
train,asllrp_other_ctc,BENJAMIN_JAMES_BAHAN,asllrp_other_ctc:66464326:span00,SIGN,0.5338666666666667,0.10010000000000008,0.10009999999999986,True
train,asllrp_other_ctc,BENJAMIN_JAMES_BAHAN,asllrp_other_ctc:66579489:span00,WHEN,0.16683333333333333,0.13346666666666668,0.2002,True
train,asllrp_other_ctc,BENJAMIN_JAMES_BAHAN,asllrp_other_ctc:66579489:span00,TALK,0.6006,0.1001000000000003,0.2001999999999997,True
train,asllrp_other_ctc,BENJAMIN_JAMES_BAHAN,asllrp_other_ctc:66876808:span00,TALK,0.1668333333333334,0.3670333333333333,0.2335666666666667,True
train,asllrp_other_ctc,BENJAMIN_JAMES_BAHAN,asllrp_other_ctc:66919772:span00,HOW,0.10010000000000001,,0.06673333333333334,True
train,asllrp_other_ctc,BENJAMIN_JAMES_BAHAN,asllrp_other_ctc:66989916:span00,DIFFERENT,0.2001999999999997,0.3336666666666668,0.6006,True
train,asllrp_other_ctc,BENJAMIN_JAMES_BAHAN,asllrp_other_ctc:67010035:span00,HAVE,0.13346666666666684,0.23356666666666648,0.16683333333333317,True
train,asllrp_other_ctc,BENJAMIN_JAMES_BAHAN,asllrp_other_ctc:67058780:span00,DIFFERENT,0.3003,0.20020000000000004,0.13346666666666673,True
train,asllrp_other_ctc,CORY,asllrp_other_ctc:67276671:span00,LIKE,0.1668333333333334,0.2335666666666667,0.13346666666666662,True
train,asllrp_other_ctc,CORY,asllrp_other_ctc:67276671:span00,EAT,0.16683333333333317,0.26693333333333347,0.1668333333333334,True
train,asllrp_other_ctc,CORY,asllrp_other_ctc:6916:span00,NOW,0.10010000000000008,0.13346666666666662,0.16683333333333317,True
train,asllrp_other_ctc,CORY,asllrp_other_ctc:7017:span00,HOME,0.3003,0.20020000000000016,,True
train,asllrp_other_ctc,RACHEL,asllrp_other_ctc:70286532:span00,THINK,0.2002,0.20020000000000002,0.10009999999999997,True
train,asllrp_other_ctc,RACHEL,asllrp_other_ctc:70286827:span00,THINK,0.1668333333333334,0.13346666666666662,0.1668333333333334,True
train,asllrp_other_ctc,RACHEL,asllrp_other_ctc:70287025:span00,LIKE,0.10010000000000002,0.1668333333333333,0.03336666666666671,True
train,asllrp_other_ctc,RACHEL,asllrp_other_ctc:70287124:span00,READ,0.13346666666666673,0.13346666666666665,0.13346666666666662,True
train,asllrp_other_ctc,RACHEL,asllrp_other_ctc:70287617:span00,TIRED,0.23356666666666664,0.23356666666666667,,True
train,asllrp_other_ctc,RACHEL,asllrp_other_ctc:70288111:span00,NAME,0.3670333333333334,,0.10009999999999997,True
train,asllrp_other_ctc,RACHEL,asllrp_other_ctc:70288210:span00,NAME,0.13346666666666668,,0.06673333333333331,True
train,asllrp_other_ctc,RACHEL,asllrp_other_ctc:70288210:span00,WHERE,0.26693333333333336,0.10010000000000008,0.16683333333333317,True
train,asllrp_other_ctc,RACHEL,asllrp_other_ctc:7028838:span00,FAMILY,0.2335666666666666,0.2335666666666667,0.2335666666666668,True
train,asllrp_other_ctc,RACHEL,asllrp_other_ctc:7028838:span00,IMPORTANT,0.33366666666666656,0.2335666666666668,0.26693333333333347,True
train,asllrp_other_ctc,RACHEL,asllrp_other_ctc:70351614:span00,SEE,0.10010000000000008,0.1668333333333334,0.0,True
train,asllrp_other_ctc,CORY,asllrp_other_ctc:7118:span00,MAYBE,0.26693333333333324,0.26693333333333347,0.1668333333333334,True
train,asllrp_other_ctc,CORY,asllrp_other_ctc:7118:span00,READ,0.2001999999999997,0.1668333333333334,0.2669333333333337,True
train,asllrp_other_ctc,CORY,asllrp_other_ctc:7119:span00,LIKE,0.10009999999999997,0.26693333333333336,0.20020000000000004,True
train,asllrp_other_ctc,RACHEL,asllrp_other_ctc:71361818:span00,FEEL,0.23356666666666648,0.10009999999999986,0.13346666666666707,True
train,asllrp_other_ctc,RACHEL,asllrp_other_ctc:71361818:span00,THINK,0.2001999999999997,0.06673333333333353,0.13346666666666618,True
train,asllrp_other_ctc,RACHEL,asllrp_other_ctc:745928:span00,NOW,0.1668333333333334,0.3002999999999999,,True
train,asllrp_other_ctc,CORY,asllrp_other_ctc:7523:span00,TOMORROW,0.16683333333333328,0.2335666666666667,0.13346666666666673,True
train,asllrp_other_ctc,CORY,asllrp_other_ctc:7523:span00,SCHOOL,0.43376666666666663,0.20019999999999993,0.2335666666666667,True
train,asllrp_other_ctc,RACHEL,asllrp_other_ctc:756528:span00,TOMORROW,0.40039999999999987,0.26693333333333324,,True
train,asllrp_other_ctc,RACHEL,asllrp_other_ctc:756529:span00,TOMORROW,0.3002999999999999,0.26693333333333336,0.10010000000000008,True
train,asllrp_other_ctc,RACHEL,asllrp_other_ctc:7565310:span00,READ,0.26693333333333347,0.10009999999999997,0.13346666666666662,True
train,asllrp_other_ctc,RACHEL,asllrp_other_ctc:7565512:span00,FRIEND,0.2335666666666666,0.1668333333333334,0.10010000000000008,True
train,asllrp_other_ctc,RACHEL,asllrp_other_ctc:7565513:span00,READ,0.20019999999999993,0.13346666666666662,0.10010000000000008,True
train,asllrp_other_ctc,RACHEL,asllrp_other_ctc:7565614:span00,MAYBE,0.13346666666666662,0.06673333333333331,0.0,True
train,asllrp_other_ctc,RACHEL,asllrp_other_ctc:7565614:span00,MAYBE,0.3670333333333331,0.1668333333333334,,True
train,asllrp_other_ctc,RACHEL,asllrp_other_ctc:7565915:span00,MAYBE,0.2335666666666667,,0.16683333333333333,True
train,asllrp_other_ctc,RACHEL,asllrp_other_ctc:7565915:span00,TOMORROW,0.16683333333333328,0.16683333333333333,0.06673333333333342,True
train,asllrp_other_ctc,RACHEL,asllrp_other_ctc:7565915:span00,STOP,0.2335666666666667,0.06673333333333331,,True
train,asllrp_other_ctc,RACHEL,asllrp_other_ctc:7566016:span00,TOMORROW,0.13346666666666668,0.10010000000000002,0.10009999999999997,True
train,asllrp_other_ctc,RACHEL,asllrp_other_ctc:7566016:span00,STOP,0.16683333333333328,0.13346666666666662,0.20020000000000016,True
train,asllrp_other_ctc,RACHEL,asllrp_other_ctc:7566017:span00,READ,0.20019999999999993,0.10010000000000008,0.26693333333333347,True
train,asllrp_other_ctc,RACHEL,asllrp_other_ctc:7566118:span00,READ,0.43376666666666674,0.10009999999999997,0.06673333333333331,True
train,asllrp_other_ctc,RACHEL,asllrp_other_ctc:7566219:span00,TOMORROW,0.13346666666666684,0.23356666666666648,0.2335666666666667,True
train,asllrp_other_ctc,RACHEL,asllrp_other_ctc:7566321:span00,FRIEND,0.43376666666666686,0.06673333333333331,,True
train,asllrp_other_ctc,RACHEL,asllrp_other_ctc:7566624:span00,TOMORROW,0.4004000000000001,0.16683333333333317,,True
train,asllrp_other_ctc,RACHEL,asllrp_other_ctc:7566726:span00,MAYBE,0.2335666666666667,,0.16683333333333333,True
train,asllrp_other_ctc,RACHEL,asllrp_other_ctc:7566928:span00,NAME,0.20020000000000016,0.06673333333333331,0.13346666666666662,True
train,asllrp_other_ctc,RACHEL,asllrp_other_ctc:7567232:span00,MAYBE,0.2002,,0.13346666666666673,True
train,asllrp_other_ctc,RACHEL,asllrp_other_ctc:7567232:span00,TOMORROW,0.3670333333333333,0.26693333333333347,0.13346666666666662,True
train,asllrp_other_ctc,RACHEL,asllrp_other_ctc:7567435:span00,WHERE,0.2335666666666667,0.06673333333333331,0.3003,True
train,asllrp_other_ctc,RACHEL,asllrp_other_ctc:7567436:span00,TOMORROW,0.3003,0.23356666666666648,,True
train,asllrp_other_ctc,RACHEL,asllrp_other_ctc:7567639:span00,TOMORROW,0.3003,0.26693333333333324,,True
train,asllrp_other_ctc,RACHEL,asllrp_other_ctc:7567740:span00,NOW,0.13346666666666684,0.13346666666666662,0.13346666666666662,True
train,asllrp_other_ctc,RACHEL,asllrp_other_ctc:7567841:span00,DIFFERENT,0.1668333333333334,0.13346666666666662,0.06673333333333342,True
train,asllrp_other_ctc,RACHEL,asllrp_other_ctc:7567841:span00,NOW,0.13346666666666662,0.06673333333333342,0.13346666666666662,True
train,asllrp_other_ctc,RACHEL,asllrp_other_ctc:7567841:span00,SMALL,0.4004000000000003,0.10009999999999986,,True
train,asllrp_other_ctc,RACHEL,asllrp_other_ctc:7567842:span00,SMALL,0.13346666666666662,0.06673333333333353,0.13346666666666662,True
train,asllrp_other_ctc,RACHEL,asllrp_other_ctc:7567943:span00,DIFFERENT,0.20020000000000016,0.10009999999999986,0.2001999999999997,True
train,asllrp_other_ctc,RACHEL,asllrp_other_ctc:7568044:span00,READ,0.2335666666666667,0.10010000000000008,0.1668333333333334,True
train,asllrp_other_ctc,RACHEL,asllrp_other_ctc:7568044:span00,TOMORROW,0.36703333333333354,0.13346666666666662,,True
train,asllrp_other_ctc,RACHEL,asllrp_other_ctc:7568045:span00,MAYBE,0.3003,,0.13346666666666668,True
train,asllrp_other_ctc,RACHEL,asllrp_other_ctc:7568045:span00,WORK,0.20019999999999993,0.10009999999999986,0.13346666666666662,True
train,asllrp_other_ctc,RACHEL,asllrp_other_ctc:7568045:span00,NOW,0.20020000000000016,0.13346666666666662,0.10009999999999986,True
train,asllrp_other_ctc,RACHEL,asllrp_other_ctc:7568450:span00,NOW,0.10010000000000002,,0.06673333333333331,True
train,asllrp_other_ctc,RACHEL,asllrp_other_ctc:7568653:span00,SEE,0.13346666666666668,,0.10010000000000002,True
train,asllrp_other_ctc,RACHEL,asllrp_other_ctc:7568653:span00,NOW,0.10009999999999986,0.13346666666666684,0.10010000000000008,True
train,asllrp_other_ctc,RACHEL,asllrp_other_ctc:7568653:span00,DIFFERENT,0.3336666666666668,0.06673333333333309,,True
train,asllrp_other_ctc,RACHEL,asllrp_other_ctc:7568754:span00,TALK,0.2335666666666667,0.0,0.06673333333333353,True
train,asllrp_other_ctc,RACHEL,asllrp_other_ctc:7568755:span00,WHEN,0.2335666666666667,,0.10010000000000002,True
train,asllrp_other_ctc,RACHEL,asllrp_other_ctc:7568755:span00,TALK,0.2335666666666667,0.1668333333333334,0.06673333333333331,True
train,asllrp_other_ctc,RACHEL,asllrp_other_ctc:7568957:span00,NOW,0.20020000000000004,0.3003,,True
train,asllrp_other_ctc,RACHEL,asllrp_other_ctc:7568958:span00,NOW,0.10010000000000008,0.06673333333333331,0.03336666666666677,True
train,asllrp_other_ctc,RACHEL,asllrp_other_ctc:7568958:span00,TELL,0.20019999999999993,0.03336666666666677,0.10009999999999986,True
train,asllrp_other_ctc,RACHEL,asllrp_other_ctc:7569059:span00,NOW,0.10010000000000002,0.10010000000000002,0.10009999999999997,True
train,asllrp_other_ctc,RACHEL,asllrp_other_ctc:7569364:span00,NOW,0.16683333333333333,,0.033366666666666656,True
train,asllrp_other_ctc,RACHEL,asllrp_other_ctc:7569567:span00,TIME,0.26693333333333324,0.10010000000000008,0.1001000000000003,True
train,asllrp_other_ctc,RACHEL,asllrp_other_ctc:7569567:span00,NOW,0.13346666666666662,0.1001000000000003,0.06673333333333309,True
train,asllrp_other_ctc,RACHEL,asllrp_other_ctc:7569567:span00,READ,0.26693333333333324,0.1001000000000003,0.10009999999999986,True
train,asllrp_other_ctc,RACHEL,asllrp_other_ctc:7569567:span00,DIFFERENT,0.26693333333333324,0.10009999999999941,0.16683333333333383,True
train,asllrp_other_ctc,RACHEL,asllrp_other_ctc:7569668:span00,NOW,0.20019999999999993,0.10010000000000008,0.06673333333333331,True
train,asllrp_other_ctc,RACHEL,asllrp_other_ctc:7569669:span00,FRIEND,0.1668333333333334,0.13346666666666665,0.10009999999999997,True
train,asllrp_other_ctc,RACHEL,asllrp_other_ctc:7569871:span00,NOW,0.10009999999999986,0.10010000000000008,0.10010000000000008,True
train,asllrp_other_ctc,RACHEL,asllrp_other_ctc:75783033:span00,WORK,0.20020000000000004,0.13346666666666673,0.16683333333333317,True
train,asllrp_other_ctc,RACHEL,asllrp_other_ctc:75783131:span00,TOMORROW,0.2002,,0.10010000000000002,True
train,asllrp_other_ctc,RACHEL,asllrp_other_ctc:75783329:span00,SORRY,0.4671333333333334,0.26693333333333324,0.1668333333333334,True
train,asllrp_other_ctc,RACHEL,asllrp_other_ctc:75783526:span00,NOW,0.13346666666666668,,0.06673333333333331,True
train,asllrp_other_ctc,RACHEL,asllrp_other_ctc:75783625:span00,HOME,0.1668333333333334,0.20019999999999993,0.10009999999999986,True
train,asllrp_other_ctc,RACHEL,asllrp_other_ctc:75783625:span00,THINK,0.1001000000000003,0.26693333333333324,0.23356666666666692,True
train,asllrp_other_ctc,RACHEL,asllrp_other_ctc:75783625:span00,MORNING,0.13346666666666618,0.16683333333333383,,True
train,asllrp_other_ctc,RACHEL,asllrp_other_ctc:75783822:span00,SORRY,0.2335666666666667,,0.16683333333333333,True
train,asllrp_other_ctc,RACHEL,asllrp_other_ctc:75783921:span00,LIKE,0.1668333333333334,0.2335666666666667,0.20019999999999993,True
train,asllrp_other_ctc,RACHEL,asllrp_other_ctc:75783921:span00,LIKE,0.10009999999999986,0.1001000000000003,0.13346666666666662,True
train,asllrp_other_ctc,RACHEL,asllrp_other_ctc:75784019:span00,TALK,0.40039999999999987,0.06673333333333309,0.13346666666666707,True
train,asllrp_other_ctc,RACHEL,asllrp_other_ctc:75784020:span00,WORK,0.23356666666666648,0.10010000000000008,0.1668333333333334,True
train,asllrp_other_ctc,RACHEL,asllrp_other_ctc:75784217:span00,HOSPITAL,0.26693333333333324,0.1668333333333334,0.20020000000000016,True
train,asllrp_other_ctc,RACHEL,asllrp_other_ctc:75784316:span00,HAVE,0.06673333333333331,0.10009999999999997,0.1668333333333334,True
train,asllrp_other_ctc,RACHEL,asllrp_other_ctc:75784414:span00,NAME,0.2335666666666668,0.10009999999999997,0.13346666666666662,True
train,asllrp_other_ctc,RACHEL,asllrp_other_ctc:75784415:span00,HOT,0.20020000000000004,0.2335666666666667,0.16683333333333328,True
train,asllrp_other_ctc,RACHEL,asllrp_other_ctc:75784612:span00,NOW,0.06673333333333331,0.13346666666666662,0.06673333333333331,True
train,asllrp_other_ctc,RACHEL,asllrp_other_ctc:75784612:span00,SORRY,0.6673333333333336,0.13346666666666662,,True
train,asllrp_other_ctc,RACHEL,asllrp_other_ctc:75784810:span00,SORRY,0.3670333333333334,,0.033366666666666656,True
train,asllrp_other_ctc,RACHEL,asllrp_other_ctc:75784810:span00,WAIT,0.10010000000000008,0.10009999999999997,0.10009999999999997,True
train,asllrp_other_ctc,RACHEL,asllrp_other_ctc:7578489:span00,LIKE,0.13346666666666668,0.26693333333333336,0.06673333333333331,True
train,asllrp_other_ctc,RACHEL,asllrp_other_ctc:7578498:span00,SORRY,0.26693333333333336,,0.2002,True
train,asllrp_other_ctc,RACHEL,asllrp_other_ctc:7578507:span00,LIKE,0.1668333333333334,0.2335666666666666,0.2335666666666667,True
train,asllrp_other_ctc,RACHEL,asllrp_other_ctc:7578507:span00,HOT,0.1668333333333334,0.2335666666666667,0.06673333333333331,True
train,asllrp_other_ctc,RACHEL,asllrp_other_ctc:7578507:span00,EASY,0.3003,0.13346666666666662,0.03336666666666677,True
train,asllrp_other_ctc,CORY,asllrp_other_ctc:7624:span00,HAVE,0.10009999999999997,0.2335666666666667,0.2335666666666667,True
train,asllrp_other_ctc,CORY,asllrp_other_ctc:7624:span00,TIME,0.26693333333333324,0.2335666666666667,0.2335666666666667,True
train,asllrp_other_ctc,CORY,asllrp_other_ctc:76719526:span00,FAMILY,0.3003,0.1668333333333334,0.16683333333333294,True
train,asllrp_other_ctc,CORY,asllrp_other_ctc:7726:span00,EAT,0.13346666666666662,0.1668333333333334,0.1668333333333334,True
train,asllrp_other_ctc,CORY,asllrp_other_ctc:7827:span00,WORK,0.26693333333333324,0.2335666666666667,0.1668333333333334,True
train,asllrp_other_ctc,CORY,asllrp_other_ctc:7929:span00,WHEN,0.2335666666666667,,0.5338666666666667,True
train,asllrp_other_ctc,CORY,asllrp_other_ctc:79791123:span00,FRIEND,0.4337666666666667,,0.3670333333333333,True
train,asllrp_other_ctc,CORY,asllrp_other_ctc:79792122:span00,FRIEND,0.4337666666666667,0.20020000000000002,0.26693333333333324,True
train,asllrp_other_ctc,CORY,asllrp_other_ctc:79793120:span00,FRIEND,0.4004,0.13346666666666665,0.20020000000000004,True
train,asllrp_other_ctc,CORY,asllrp_other_ctc:79793121:span00,FRIEND,0.3670333333333333,0.1001,0.3670333333333333,True
train,asllrp_other_ctc,CORY,asllrp_other_ctc:79794119:span00,WHY,0.23356666666666648,0.26693333333333347,0.23356666666666692,True
train,asllrp_other_ctc,CORY,asllrp_other_ctc:79794119:span00,WORK,0.33366666666666633,0.1668333333333334,0.1668333333333334,True
train,asllrp_other_ctc,CORY,asllrp_other_ctc:79795117:span00,HOW,0.3336666666666668,0.3336666666666668,0.23356666666666648,True
train,asllrp_other_ctc,CORY,asllrp_other_ctc:79795118:span00,WHY,0.26693333333333324,0.23356666666666692,0.26693333333333324,True
train,asllrp_other_ctc,CORY,asllrp_other_ctc:79796116:span00,WHY,0.20020000000000016,0.33366666666666633,0.33366666666666633,True
train,asllrp_other_ctc,CORY,asllrp_other_ctc:79797114:span00,FRIEND,0.3670333333333334,,0.10009999999999997,True
train,asllrp_other_ctc,CORY,asllrp_other_ctc:79797114:span00,FRIEND,0.36703333333333354,0.13346666666666707,0.2001999999999997,True
train,asllrp_other_ctc,CORY,asllrp_other_ctc:79797115:span00,WHY,0.20020000000000016,0.3003,0.10009999999999986,True
train,asllrp_other_ctc,CORY,asllrp_other_ctc:79797115:span00,HOT,0.5672333333333333,0.1668333333333334,,True
train,asllrp_other_ctc,CORY,asllrp_other_ctc:79801108:span00,WORK,0.5005,0.13346666666666673,0.13346666666666662,True
train,asllrp_other_ctc,CORY,asllrp_other_ctc:79801108:span00,WHY,0.2001999999999997,0.13346666666666662,0.20020000000000016,True
train,asllrp_other_ctc,CORY,asllrp_other_ctc:79802107:span00,WHY,0.13346666666666684,0.20019999999999993,0.3670333333333333,True
train,asllrp_other_ctc,CORY,asllrp_other_ctc:79802107:span00,WHERE,0.13346666666666662,0.10009999999999986,0.5338666666666669,True
train,asllrp_other_ctc,CORY,asllrp_other_ctc:79803105:span00,FRIEND,0.3670333333333334,,0.3003,True
train,asllrp_other_ctc,CORY,asllrp_other_ctc:79803105:span00,WHY,0.23356666666666648,0.20020000000000016,0.13346666666666662,True
train,asllrp_other_ctc,CORY,asllrp_other_ctc:79803106:span00,FRIEND,0.3670333333333333,0.1668333333333334,,True
train,asllrp_other_ctc,CORY,asllrp_other_ctc:79804104:span00,WHY,0.3002999999999998,0.13346666666666684,0.13346666666666662,True
train,asllrp_other_ctc,CORY,asllrp_other_ctc:79805103:span00,WHY,0.2669333333333337,0.23356666666666648,0.26693333333333324,True
train,asllrp_other_ctc,CORY,asllrp_other_ctc:79806101:span00,HAVE,0.16683333333333328,0.3003,0.2335666666666667,True
train,asllrp_other_ctc,CORY,asllrp_other_ctc:79806101:span00,WHY,0.26693333333333324,0.13346666666666662,0.1001000000000003,True
train,asllrp_other_ctc,CORY,asllrp_other_ctc:79807100:span00,FAMILY,0.3670333333333334,0.16683333333333333,0.16683333333333328,True
train,asllrp_other_ctc,CORY,asllrp_other_ctc:79807100:span00,WHERE,0.46713333333333296,0.06673333333333353,0.2669333333333337,True
train,asllrp_other_ctc,CORY,asllrp_other_ctc:79807100:span00,WHY,0.36703333333333354,0.26693333333333324,0.23356666666666648,True
train,asllrp_other_ctc,CORY,asllrp_other_ctc:7980799:span00,BAD,0.2002,,0.26693333333333336,True
train,asllrp_other_ctc,CORY,asllrp_other_ctc:7980799:span00,WHY,0.3003,0.13346666666666662,0.26693333333333324,True
train,asllrp_other_ctc,CORY,asllrp_other_ctc:7980997:span00,WHY,0.23356666666666648,0.10009999999999941,0.16683333333333383,True
train,asllrp_other_ctc,CORY,asllrp_other_ctc:7981095:span00,WHY,0.23356666666666648,0.2335666666666667,0.3003,True
train,asllrp_other_ctc,CORY,asllrp_other_ctc:7981095:span00,FRIEND,0.5005000000000002,0.23356666666666692,,True
train,asllrp_other_ctc,CORY,asllrp_other_ctc:7981194:span00,WHY,0.33366666666666633,0.13346666666666662,0.26693333333333324,True
train,asllrp_other_ctc,CORY,asllrp_other_ctc:7981292:span00,WHY,0.26693333333333324,0.40039999999999987,0.23356666666666692,True
train,asllrp_other_ctc,CORY,asllrp_other_ctc:7981292:span00,NOW,0.8008000000000006,0.10009999999999941,,True
train,asllrp_other_ctc,CORY,asllrp_other_ctc:7981293:span00,READ,0.2335666666666667,0.10009999999999986,0.20020000000000016,True
train,asllrp_other_ctc,CORY,asllrp_other_ctc:7981293:span00,WHY,0.3003,0.16683333333333294,0.20020000000000016,True
train,asllrp_other_ctc,CORY,asllrp_other_ctc:7981391:span00,LEARN,0.3336666666666668,0.3003,0.16683333333333317,True
train,asllrp_other_ctc,CORY,asllrp_other_ctc:7981391:span00,WHY,0.1668333333333334,0.23356666666666692,0.3670333333333331,True
train,asllrp_other_ctc,CORY,asllrp_other_ctc:7981490:span00,WHY,0.3003,0.40039999999999987,0.23356666666666648,True
train,asllrp_other_ctc,CORY,asllrp_other_ctc:7981589:span00,FRIEND,0.3336666666666667,,0.26693333333333324,True
train,asllrp_other_ctc,CORY,asllrp_other_ctc:7981786:span00,FRIEND,0.3670333333333333,0.1001,0.20020000000000004,True
train,asllrp_other_ctc,CORY,asllrp_other_ctc:7981786:span00,THINK,0.16683333333333328,0.20020000000000004,0.1668333333333334,True
train,asllrp_other_ctc,CORY,asllrp_other_ctc:7981983:span00,LIKE,0.1668333333333334,0.3003,0.8008,True
train,asllrp_other_ctc,CORY,asllrp_other_ctc:7982574:span00,WORK,0.3336666666666668,0.13346666666666662,0.13346666666666662,True
train,asllrp_other_ctc,CORY,asllrp_other_ctc:7982575:span00,LIKE,0.2335666666666667,,0.2002,True
train,asllrp_other_ctc,CORY,asllrp_other_ctc:7982673:span00,WHERE,0.26693333333333336,0.13346666666666662,0.0,True
train,asllrp_other_ctc,CORY,asllrp_other_ctc:7982771:span00,FRIEND,0.3003,,0.2002,True
train,asllrp_other_ctc,CORY,asllrp_other_ctc:7982772:span00,FRIEND,0.3670333333333333,0.1668333333333334,0.4671333333333334,True
train,asllrp_other_ctc,CORY,asllrp_other_ctc:7983165:span00,BAD,0.2002,,0.20020000000000004,True
train,asllrp_other_ctc,CORY,asllrp_other_ctc:7983166:span00,FAMILY,0.3670333333333333,0.3003,0.6673333333333332,True
train,asllrp_other_ctc,CORY,asllrp_other_ctc:7983559:span00,READ,0.3336666666666668,0.16683333333333317,0.20019999999999993,True
train,asllrp_other_ctc,CORY,asllrp_other_ctc:7983855:span00,FRIEND,0.3670333333333334,,0.13346666666666662,True
train,asllrp_other_ctc,CORY,asllrp_other_ctc:7983954:span00,FRIEND,0.40040000000000003,,0.13346666666666662,True
train,asllrp_other_ctc,CORY,asllrp_other_ctc:7984052:span00,FRIEND,0.33366666666666667,0.1668333333333333,0.2335666666666667,True
train,asllrp_other_ctc,CORY,asllrp_other_ctc:7984546:span00,FRIEND,0.3336666666666667,,0.16683333333333328,True
train,asllrp_other_ctc,CORY,asllrp_other_ctc:7984644:span00,FRIEND,0.4671333333333334,0.2335666666666667,0.26693333333333347,True
train,asllrp_other_ctc,CORY,asllrp_other_ctc:7984742:span00,FRIEND,0.4337666666666667,,0.3003,True
train,asllrp_other_ctc,CORY,asllrp_other_ctc:7984743:span00,FRIEND,0.40040000000000003,,0.20019999999999993,True
train,asllrp_other_ctc,CORY,asllrp_other_ctc:7984841:span00,LIKE,0.16683333333333333,0.20020000000000002,0.2335666666666667,True
train,asllrp_other_ctc,CORY,asllrp_other_ctc:7984940:span00,WORK,0.6006,0.13346666666666662,,True
train,asllrp_other_ctc,CORY,asllrp_other_ctc:7985038:span00,FRIEND,0.43376666666666663,0.1668333333333334,0.40039999999999987,True
train,asllrp_other_ctc,CORY,asllrp_other_ctc:7985039:span00,WHERE,0.4671333333333332,0.10009999999999986,0.1001000000000003,True
train,asllrp_other_ctc,CORY,asllrp_other_ctc:7985337:span00,FRIEND,0.46713333333333334,,0.33366666666666667,True
train,asllrp_other_ctc,CORY,asllrp_other_ctc:7985533:span00,HAVE,0.1668333333333334,0.2335666666666666,0.26693333333333324,True
train,asllrp_other_ctc,CORY,asllrp_other_ctc:7985632:span00,FAMILY,0.33366666666666667,0.3003,0.3670333333333333,True
train,asllrp_other_ctc,CORY,asllrp_other_ctc:7985731:span00,BAD,0.16683333333333333,,0.3003,True
train,asllrp_other_ctc,CORY,asllrp_other_ctc:7986225:span00,READ,0.20019999999999993,0.26693333333333336,0.2335666666666667,True
train,asllrp_other_ctc,CORY,asllrp_other_ctc:7986521:span00,WHERE,0.5338666666666665,0.26693333333333347,0.5005,True
train,asllrp_other_ctc,CORY,asllrp_other_ctc:7986620:span00,WORK,0.33366666666666667,0.16683333333333333,0.2335666666666667,True
train,asllrp_other_ctc,CORY,asllrp_other_ctc:7986620:span00,TIME,0.5005,0.26693333333333324,0.20020000000000016,True
train,asllrp_other_ctc,CORY,asllrp_other_ctc:7986719:span00,TOMORROW,0.3336666666666668,0.26693333333333324,,True
train,asllrp_other_ctc,CORY,asllrp_other_ctc:7986817:span00,YES,0.5338666666666667,0.3670333333333333,0.3003,True
train,asllrp_other_ctc,CORY,asllrp_other_ctc:7987015:span00,WATER,0.3003,,0.2669333333333333,True
train,asllrp_other_ctc,CORY,asllrp_other_ctc:7987015:span00,COLD,0.4004000000000001,0.2669333333333333,,True
train,asllrp_other_ctc,CORY,asllrp_other_ctc:798767:span00,TOMORROW,0.26693333333333336,0.26693333333333324,0.3670333333333333,True
train,asllrp_other_ctc,CORY,asllrp_other_ctc:798767:span00,HOME,0.3336666666666668,0.26693333333333324,,True
train,asllrp_other_ctc,CORY,asllrp_other_ctc:798768:span00,WORK,0.3670333333333333,0.20020000000000004,0.13346666666666662,True
train,asllrp_other_ctc,CORY,asllrp_other_ctc:798768:span00,HOME,0.36703333333333354,0.3336666666666668,,True
train,asllrp_other_ctc,CORY,asllrp_other_ctc:8030:span00,READ,0.20020000000000016,0.3003,0.13346666666666662,True
train,asllrp_other_ctc,CORY,asllrp_other_ctc:83470674:span00,HOME,0.3336666666666668,0.13346666666666662,0.13346666666666662,True
train,asllrp_other_ctc,CORY,asllrp_other_ctc:83470674:span01,TIME,0.26693333333333336,0.13346666666666668,0.10010000000000002,True
train,asllrp_other_ctc,CORY,asllrp_other_ctc:83537939:span00,TIME,0.2669333333333337,0.16683333333333294,0.2001999999999997,True
train,asllrp_other_ctc,CORY,asllrp_other_ctc:83664512:span00,WHERE,0.3003,0.20020000000000016,0.2001999999999997,True
train,asllrp_other_ctc,CORY,asllrp_other_ctc:83664512:span00,WORK,0.3003,0.3003,0.13346666666666618,True
train,asllrp_other_ctc,CORY,asllrp_other_ctc:83719008:span00,FAMILY,0.26693333333333336,0.13346666666666662,0.13346666666666662,True
train,asllrp_other_ctc,CORY,asllrp_other_ctc:839364104:span00,FAMILY,0.3336666666666668,0.3003,0.23356666666666648,True
train,asllrp_other_ctc,CORY,asllrp_other_ctc:839364104:span00,FRIEND,0.23356666666666648,0.13346666666666707,0.2001999999999997,True
train,asllrp_other_ctc,CORY,asllrp_other_ctc:839365102:span00,FRIEND,0.33366666666666667,0.13346666666666665,0.1668333333333334,True
train,asllrp_other_ctc,CORY,asllrp_other_ctc:839365102:span00,WHY,0.26693333333333324,0.23356666666666648,0.16683333333333383,True
train,asllrp_other_ctc,CORY,asllrp_other_ctc:839366101:span00,FRIEND,0.33366666666666667,0.13346666666666665,0.43376666666666663,True
train,asllrp_other_ctc,CORY,asllrp_other_ctc:83936799:span00,FRIEND,0.3336666666666668,0.10010000000000008,0.2001999999999997,True
train,asllrp_other_ctc,CORY,asllrp_other_ctc:83936799:span00,WHY,0.26693333333333324,0.26693333333333324,0.23356666666666692,True
train,asllrp_other_ctc,CORY,asllrp_other_ctc:83936898:span00,WHY,0.3336666666666659,0.03336666666666677,0.23356666666666737,True
train,asllrp_other_ctc,CORY,asllrp_other_ctc:83936898:span00,HAVE,0.10009999999999941,0.23356666666666648,0.16683333333333383,True
train,asllrp_other_ctc,CORY,asllrp_other_ctc:83936997:span00,WHY,0.1668333333333334,0.20020000000000016,0.13346666666666662,True
train,asllrp_other_ctc,CORY,asllrp_other_ctc:83936997:span00,LIKE,0.1668333333333334,0.26693333333333324,0.1668333333333334,True
train,asllrp_other_ctc,CORY,asllrp_other_ctc:83937095:span00,FRIEND,0.3670333333333334,,0.26693333333333336,True
train,asllrp_other_ctc,CORY,asllrp_other_ctc:83937095:span00,TOMORROW,0.5005000000000002,0.43376666666666663,,True
train,asllrp_other_ctc,CORY,asllrp_other_ctc:83937096:span00,HOME,0.26693333333333324,0.3003,0.10010000000000008,True
train,asllrp_other_ctc,CORY,asllrp_other_ctc:83937096:span00,NIGHT,0.3670333333333331,0.20020000000000016,0.13346666666666662,True
train,asllrp_other_ctc,CORY,asllrp_other_ctc:83937096:span00,WHY,0.3003,0.13346666666666662,0.20020000000000016,True
train,asllrp_other_ctc,CORY,asllrp_other_ctc:83937096:span00,WORK,0.5338666666666665,0.6006,,True
train,asllrp_other_ctc,CORY,asllrp_other_ctc:83937194:span00,FRIEND,0.26693333333333336,,0.30029999999999996,True
train,asllrp_other_ctc,CORY,asllrp_other_ctc:83937194:span00,WHERE,0.3003,0.26693333333333324,0.26693333333333324,True
train,asllrp_other_ctc,CORY,asllrp_other_ctc:83937293:span00,FRIEND,0.3670333333333334,,0.4004,True
train,asllrp_other_ctc,CORY,asllrp_other_ctc:83937293:span00,NOW,0.4004000000000001,0.26693333333333324,0.16683333333333317,True
train,asllrp_other_ctc,CORY,asllrp_other_ctc:83937293:span00,WHY,0.2669333333333337,0.16683333333333317,0.2001999999999997,True
train,asllrp_other_ctc,CORY,asllrp_other_ctc:83937391:span00,FAMILY,0.26693333333333324,0.26693333333333347,0.2335666666666667,True
train,asllrp_other_ctc,CORY,asllrp_other_ctc:83937391:span00,SMALL,0.13346666666666707,0.4337666666666662,0.13346666666666707,True
train,asllrp_other_ctc,CORY,asllrp_other_ctc:83937392:span00,WHY,0.5005000000000002,0.1668333333333334,0.3003,True
train,asllrp_other_ctc,CORY,asllrp_other_ctc:83937392:span00,EAT,0.4337666666666662,0.1668333333333334,,True
train,asllrp_other_ctc,CORY,asllrp_other_ctc:83937588:span00,FRIEND,0.3003,0.2002,0.20020000000000004,True
train,asllrp_other_ctc,CORY,asllrp_other_ctc:83937987:span00,FRIEND,0.2669333333333337,0.2001999999999997,0.23356666666666648,True
train,asllrp_other_ctc,CORY,asllrp_other_ctc:83938184:span00,NOW,0.4337666666666662,0.13346666666666707,,True
train,asllrp_other_ctc,CORY,asllrp_other_ctc:83938283:span00,WHEN,0.2002,,0.13346666666666673,True
train,asllrp_other_ctc,CORY,asllrp_other_ctc:83938283:span00,FRIEND,0.3003,0.13346666666666673,0.16683333333333328,True
train,asllrp_other_ctc,CORY,asllrp_other_ctc:83938283:span00,FRIEND,0.6006,0.13346666666666707,0.2001999999999997,True
train,asllrp_other_ctc,CORY,asllrp_other_ctc:83938578:span00,NIGHT,0.26693333333333324,0.43376666666666663,0.23356666666666692,True
train,asllrp_other_ctc,CORY,asllrp_other_ctc:83938677:span00,HOME,0.26693333333333324,0.20019999999999993,0.1001000000000003,True
train,asllrp_other_ctc,CORY,asllrp_other_ctc:83938677:span00,NIGHT,0.3003,0.23356666666666692,0.1668333333333334,True
train,asllrp_other_ctc,CORY,asllrp_other_ctc:83938775:span00,HOME,0.2335666666666667,0.16683333333333317,0.13346666666666662,True
train,asllrp_other_ctc,CORY,asllrp_other_ctc:83938775:span00,NIGHT,0.43376666666666663,0.20020000000000016,0.2001999999999997,True
train,asllrp_other_ctc,CORY,asllrp_other_ctc:83938775:span00,WHY,0.36703333333333354,0.13346666666666707,0.26693333333333324,True
train,asllrp_other_ctc,CORY,asllrp_other_ctc:83938775:span00,SEE,0.16683333333333294,0.6006,0.23356666666666737,True
train,asllrp_other_ctc,CORY,asllrp_other_ctc:83938776:span00,WHEN,0.3670333333333334,,0.3003,True
train,asllrp_other_ctc,CORY,asllrp_other_ctc:83938776:span00,HOME,0.23356666666666692,0.23356666666666648,0.1668333333333334,True
train,asllrp_other_ctc,CORY,asllrp_other_ctc:83938776:span00,NIGHT,0.3336666666666668,0.23356666666666648,0.26693333333333324,True
train,asllrp_other_ctc,CORY,asllrp_other_ctc:83938874:span00,HOME,0.2335666666666667,0.26693333333333324,0.10010000000000008,True
train,asllrp_other_ctc,CORY,asllrp_other_ctc:83938874:span00,NIGHT,0.43376666666666663,0.20020000000000016,0.3336666666666668,True
train,asllrp_other_ctc,CORY,asllrp_other_ctc:83938973:span00,WHEN,0.2335666666666667,,0.30029999999999996,True
train,asllrp_other_ctc,CORY,asllrp_other_ctc:83938973:span00,HOME,0.26693333333333324,0.20020000000000016,0.20019999999999993,True
train,asllrp_other_ctc,CORY,asllrp_other_ctc:83938973:span00,NIGHT,0.3336666666666668,0.2001999999999997,0.36703333333333354,True
train,asllrp_other_ctc,CORY,asllrp_other_ctc:83939071:span00,HOME,0.23356666666666692,0.26693333333333324,0.10009999999999986,True
train,asllrp_other_ctc,CORY,asllrp_other_ctc:83939071:span00,NIGHT,0.3003,0.2001999999999997,0.3003,True
train,asllrp_other_ctc,CORY,asllrp_other_ctc:83939072:span00,HOME,0.20020000000000016,0.20019999999999993,0.13346666666666662,True
train,asllrp_other_ctc,CORY,asllrp_other_ctc:83939072:span00,NIGHT,0.13346666666666662,0.13346666666666662,0.23356666666666648,True
train,asllrp_other_ctc,CORY,asllrp_other_ctc:83939072:span00,MORE,0.13346666666666707,0.16683333333333294,0.2001999999999997,True
train,asllrp_other_ctc,CORY,asllrp_other_ctc:83939170:span00,FRIEND,0.3003,0.23356666666666664,0.36703333333333343,True
train,asllrp_other_ctc,CORY,asllrp_other_ctc:83939268:span00,FRIEND,0.2335666666666667,,0.2669333333333333,True
train,asllrp_other_ctc,CORY,asllrp_other_ctc:83939269:span00,FRIEND,0.3003000000000001,0.33366666666666667,0.20019999999999993,True
train,asllrp_other_ctc,CORY,asllrp_other_ctc:83939269:span00,HOME,0.23356666666666648,0.43376666666666663,0.13346666666666707,True
train,asllrp_other_ctc,CORY,asllrp_other_ctc:83939367:span00,WHEN,0.26693333333333336,,0.2002,True
train,asllrp_other_ctc,CORY,asllrp_other_ctc:83939662:span00,FRIEND,0.3003,,0.2669333333333333,True
train,asllrp_other_ctc,CORY,asllrp_other_ctc:83939662:span00,WHERE,0.7340666666666666,0.20019999999999993,,True
train,asllrp_other_ctc,CORY,asllrp_other_ctc:83939761:span00,FRIEND,0.3003,,0.23356666666666664,True
train,asllrp_other_ctc,CORY,asllrp_other_ctc:83940155:span00,WHERE,0.7340666666666666,0.1668333333333334,,True
train,asllrp_other_ctc,CORY,asllrp_other_ctc:83940156:span00,FRIEND,0.3670333333333334,,0.26693333333333336,True
train,asllrp_other_ctc,CORY,asllrp_other_ctc:83940156:span00,WHY,0.8007999999999997,0.26693333333333324,,True
train,asllrp_other_ctc,CORY,asllrp_other_ctc:83940451:span00,HOME,0.26693333333333347,0.26693333333333324,0.20019999999999993,True
train,asllrp_other_ctc,CORY,asllrp_other_ctc:83940451:span00,WHEN,0.4004000000000001,0.20019999999999993,,True
train,asllrp_other_ctc,CORY,asllrp_other_ctc:83940452:span00,WHERE,0.7340666666666664,0.1668333333333334,,True
train,asllrp_other_ctc,CORY,asllrp_other_ctc:83940550:span00,HOME,0.2335666666666667,0.26693333333333324,0.13346666666666662,True
train,asllrp_other_ctc,CORY,asllrp_other_ctc:83940550:span00,WHEN,0.4004000000000001,0.13346666666666662,,True
train,asllrp_other_ctc,CORY,asllrp_other_ctc:83940649:span00,HOME,0.3003,0.3670333333333333,0.5005000000000002,True
train,asllrp_other_ctc,CORY,asllrp_other_ctc:83940649:span00,WHEN,0.3670333333333331,0.5005000000000002,,True
train,asllrp_other_ctc,CORY,asllrp_other_ctc:83940747:span00,HOME,0.3003,0.30029999999999996,0.2335666666666667,True
train,asllrp_other_ctc,CORY,asllrp_other_ctc:83940747:span00,NIGHT,0.33366666666666656,0.2335666666666667,0.1001000000000003,True
train,asllrp_other_ctc,CORY,asllrp_other_ctc:83940748:span00,HOME,0.26693333333333336,0.26693333333333336,0.13346666666666662,True
train,asllrp_other_ctc,CORY,asllrp_other_ctc:83940748:span00,NIGHT,0.33366666666666656,0.26693333333333324,0.3336666666666668,True
train,asllrp_other_ctc,CORY,asllrp_other_ctc:83940944:span00,FRIEND,0.3003,,0.16683333333333333,True
train,asllrp_other_ctc,CORY,asllrp_other_ctc:83941043:span00,FRIEND,0.3670333333333334,,0.16683333333333328,True
train,asllrp_other_ctc,CORY,asllrp_other_ctc:83941240:span00,WHERE,0.8008000000000002,0.20019999999999993,,True
train,asllrp_other_ctc,CORY,asllrp_other_ctc:83941339:span00,WHERE,0.7007000000000001,0.1668333333333334,,True
train,asllrp_other_ctc,CORY,asllrp_other_ctc:83941438:span00,WHERE,0.8675333333333335,0.13346666666666662,,True
train,asllrp_other_ctc,CORY,asllrp_other_ctc:83941536:span00,SMALL,0.2335666666666667,0.1668333333333334,0.06673333333333331,True
train,asllrp_other_ctc,CORY,asllrp_other_ctc:83941536:span00,FAMILY,0.26693333333333324,0.16683333333333317,0.06673333333333353,True
train,asllrp_other_ctc,CORY,asllrp_other_ctc:83941537:span00,WHERE,0.9009,0.20019999999999993,,True
train,asllrp_other_ctc,CORY,asllrp_other_ctc:83941734:span00,FRIEND,0.3336666666666667,,0.20019999999999993,True
train,asllrp_other_ctc,CORY,asllrp_other_ctc:83941832:span00,FRIEND,0.4337666666666667,,0.26693333333333336,True
train,asllrp_other_ctc,CORY,asllrp_other_ctc:83942129:span00,HOME,0.26693333333333324,0.2335666666666667,0.13346666666666662,True
train,asllrp_other_ctc,CORY,asllrp_other_ctc:83942129:span00,NIGHT,0.4004000000000003,0.3336666666666668,,True
train,asllrp_other_ctc,CORY,asllrp_other_ctc:83942326:span00,FAMILY,0.26693333333333336,,0.2002,True
train,asllrp_other_ctc,CORY,asllrp_other_ctc:83942524:span00,FRIEND,0.4337666666666667,,0.2335666666666667,True
train,asllrp_other_ctc,CORY,asllrp_other_ctc:83942622:span00,FRIEND,0.3336666666666667,,0.13346666666666662,True
train,asllrp_other_ctc,CORY,asllrp_other_ctc:83942918:span00,FRIEND,0.3670333333333334,,0.2335666666666666,True
train,asllrp_other_ctc,CORY,asllrp_other_ctc:83942919:span00,HOME,0.2335666666666667,0.26693333333333336,0.13346666666666662,True
train,asllrp_other_ctc,CORY,asllrp_other_ctc:83942919:span00,NIGHT,0.5672333333333333,0.2335666666666667,,True
train,asllrp_other_ctc,CORY,asllrp_other_ctc:83943116:span00,FAMILY,0.3003,,0.2669333333333333,True
train,asllrp_other_ctc,CORY,asllrp_other_ctc:83943314:span00,FRIEND,0.3003,,0.06673333333333337,True
train,asllrp_other_ctc,CORY,asllrp_other_ctc:83943512:span00,FRIEND,0.3670333333333334,,0.33366666666666667,True
train,asllrp_other_ctc,CORY,asllrp_other_ctc:8394379:span00,HOME,0.3336666666666668,0.3002999999999999,0.13346666666666662,True
train,asllrp_other_ctc,CORY,asllrp_other_ctc:8394379:span00,NIGHT,0.5005000000000002,0.23356666666666692,,True
train,asllrp_other_ctc,CORY,asllrp_other_ctc:8394388:span00,FRIEND,0.46713333333333334,,0.2335666666666667,True
train,asllrp_other_ctc,CORY,asllrp_other_ctc:8395276:span00,READ,0.1668333333333334,0.23356666666666648,1.134466666666667,True
train,asllrp_other_ctc,CORY,asllrp_other_ctc:8395769:span00,SMALL,0.5338666666666665,0.2001999999999997,,True
train,asllrp_other_ctc,CORY,asllrp_other_ctc:8395966:span00,MAYBE,0.2001999999999997,0.23356666666666648,0.1001000000000003,True
train,asllrp_other_ctc,CORY,asllrp_other_ctc:8396261:span00,TIME,0.13346666666666662,0.1668333333333334,0.13346666666666662,True
train,asllrp_other_ctc,CORY,asllrp_other_ctc:8396360:span00,HAVE,0.3003,0.20020000000000004,0.23356666666666648,True
train,asllrp_other_ctc,CORY,asllrp_other_ctc:8396458:span00,HAVE,0.16683333333333317,0.20020000000000004,0.13346666666666684,True
train,asllrp_other_ctc,CORY,asllrp_other_ctc:8396459:span00,WAIT,0.3003,0.16683333333333328,0.1668333333333334,True
train,asllrp_other_ctc,CORY,asllrp_other_ctc:8396459:span00,SEE,0.20019999999999993,0.26693333333333324,0.1001000000000003,True
train,asllrp_other_ctc,CORY,asllrp_other_ctc:8396754:span00,WHY,0.4671333333333334,0.3003,0.16683333333333317,True
train,asllrp_other_ctc,CORY,asllrp_other_ctc:8396852:span00,LIKE,0.1668333333333334,0.13346666666666673,0.13346666666666662,True
train,asllrp_other_ctc,CORY,asllrp_other_ctc:8396853:span00,WHERE,0.7674333333333334,0.06673333333333331,,True
train,asllrp_other_ctc,CORY,asllrp_other_ctc:8397246:span00,WHY,0.5672333333333333,0.23356666666666648,0.1668333333333334,True
train,asllrp_other_ctc,CORY,asllrp_other_ctc:8397345:span00,TIME,0.13346666666666662,0.10010000000000008,0.1668333333333334,True
train,asllrp_other_ctc,CORY,asllrp_other_ctc:8397345:span00,TIME,0.13346666666666662,0.10009999999999986,0.26693333333333324,True
train,asllrp_other_ctc,CORY,asllrp_other_ctc:8397739:span00,LIKE,0.20020000000000004,0.20019999999999993,0.06673333333333331,True
train,asllrp_other_ctc,CORY,asllrp_other_ctc:8397740:span00,THINK,0.1668333333333334,0.10009999999999997,0.26693333333333336,True
train,asllrp_other_ctc,CORY,asllrp_other_ctc:8397740:span00,SEE,0.3336666666666668,0.20020000000000016,0.06673333333333309,True
train,asllrp_other_ctc,CORY,asllrp_other_ctc:8397936:span00,HOME,0.26693333333333324,0.3336666666666668,0.16683333333333294,True
train,asllrp_other_ctc,CORY,asllrp_other_ctc:8398134:span00,THINK,0.1668333333333334,0.10009999999999986,0.03336666666666677,True
train,asllrp_other_ctc,CORY,asllrp_other_ctc:8398233:span00,COLD,0.20020000000000016,0.16683333333333317,0.06673333333333309,True
train,asllrp_other_ctc,CORY,asllrp_other_ctc:8398331:span00,NOW,0.26693333333333336,,0.13346666666666668,True
train,asllrp_other_ctc,CORY,asllrp_other_ctc:8398331:span00,NOW,0.36703333333333354,0.26693333333333324,,True
train,asllrp_other_ctc,CORY,asllrp_other_ctc:8398824:span00,EAT,0.1668333333333334,0.10009999999999986,0.10009999999999986,True
train,asllrp_other_ctc,CORY,asllrp_other_ctc:8398922:span00,NOW,0.3670333333333333,0.16683333333333328,0.13346666666666662,True
train,asllrp_other_ctc,CORY,asllrp_other_ctc:8398922:span00,TOMORROW,0.1668333333333334,0.1668333333333334,0.10009999999999986,True
train,asllrp_other_ctc,CORY,asllrp_other_ctc:8399021:span00,TIME,0.33366666666666633,0.03336666666666677,0.3336666666666668,True
train,asllrp_other_ctc,CORY,asllrp_other_ctc:8399120:span00,NOW,0.16683333333333383,0.10009999999999941,0.16683333333333294,True
train,asllrp_other_ctc,CORY,asllrp_other_ctc:8399416:span00,TIME,0.13346666666666662,0.10010000000000008,0.13346666666666662,True
train,asllrp_other_ctc,CORY,asllrp_other_ctc:8399417:span00,DIFFERENT,0.6673333333333336,0.4337666666666662,,True
train,asllrp_other_ctc,CORY,asllrp_other_ctc:8399614:span00,THINK,0.10009999999999997,0.26693333333333336,0.10009999999999997,True
train,asllrp_other_ctc,CORY,asllrp_other_ctc:8399811:span00,HAVE,0.3670333333333333,0.10009999999999986,,True
train,asllrp_other_ctc,CORY,asllrp_other_ctc:8399812:span00,HAVE,0.13346666666666707,0.10009999999999986,0.2001999999999997,True
train,asllrp_other_ctc,CORY,asllrp_other_ctc:8399910:span00,EAT,0.1668333333333334,0.1668333333333334,0.1668333333333334,True
train,asllrp_other_ctc,CORY,asllrp_other_ctc:8399910:span00,YES,0.40039999999999987,0.1001000000000003,,True
train,asllrp_other_ctc,CORY,asllrp_other_ctc:840009:span00,HAVE,0.4337666666666667,,0.4004000000000001,True
train,asllrp_other_ctc,CORY,asllrp_other_ctc:840027:span00,HAVE,0.13346666666666662,0.13346666666666707,0.10009999999999986,True
train,asllrp_other_ctc,CORY,asllrp_other_ctc:8436:span00,SCHOOL,0.33366666666666656,0.20019999999999993,0.36703333333333354,True
train,asllrp_other_ctc,CORY,asllrp_other_ctc:8537:span00,LEARN,0.26693333333333347,0.2335666666666666,0.4671333333333332,True
train,asllrp_other_ctc,CORY,asllrp_other_ctc:8537:span00,FEEL,0.10009999999999986,0.06673333333333353,0.1668333333333334,True
train,asllrp_other_ctc,CORY,asllrp_other_ctc:8638:span00,WORK,0.5005,,0.3336666666666668,True
train,asllrp_other_ctc,CORY,asllrp_other_ctc:8740:span00,SEE,0.20020000000000016,0.2335666666666667,0.06673333333333331,True
train,asllrp_other_ctc,CORY,asllrp_other_ctc:8943:span00,LIKE,0.16683333333333333,0.20020000000000002,0.3003,True
train,asllrp_other_ctc,BENJAMIN_JAMES_BAHAN,asllrp_other_ctc:89817651:span00,WHEN,0.10010000000000008,0.2335666666666666,0.13346666666666662,True
train,asllrp_other_ctc,BENJAMIN_JAMES_BAHAN,asllrp_other_ctc:89978744:span00,MORE,0.13346666666666668,,0.13346666666666668,True
train,asllrp_other_ctc,BENJAMIN_JAMES_BAHAN,asllrp_other_ctc:89978744:span00,MORE,0.3336666666666668,0.13346666666666662,0.20019999999999993,True
train,asllrp_other_ctc,BENJAMIN_JAMES_BAHAN,asllrp_other_ctc:89978744:span00,MORE,0.10009999999999941,0.43376666666666663,0.26693333333333413,True
train,asllrp_other_ctc,BENJAMIN_JAMES_BAHAN,asllrp_other_ctc:89978744:span00,MORE,0.1001000000000003,0.13346666666666618,,True
train,asllrp_other_ctc,BENJAMIN_JAMES_BAHAN,asllrp_other_ctc:90200300:span00,NOW,0.3670333333333334,,0.26693333333333336,True
train,asllrp_other_ctc,BENJAMIN_JAMES_BAHAN,asllrp_other_ctc:90200300:span00,LEARN,1.1344666666666665,0.4004000000000003,0.4671333333333334,True
train,asllrp_other_ctc,BENJAMIN_JAMES_BAHAN,asllrp_other_ctc:90200300:span00,DIFFERENT,0.1001000000000003,0.3003,0.23356666666666648,True
train,asllrp_other_ctc,BENJAMIN_JAMES_BAHAN,asllrp_other_ctc:90267005:span00,GOOD,0.20020000000000004,0.26693333333333336,0.13346666666666662,True
train,asllrp_other_ctc,BENJAMIN_JAMES_BAHAN,asllrp_other_ctc:90267005:span01,HAVE,0.13346666666666662,0.13346666666666662,0.20020000000000016,True
train,asllrp_other_ctc,BENJAMIN_JAMES_BAHAN,asllrp_other_ctc:90479985:span00,DIFFERENT,0.10010000000000008,0.1668333333333334,0.033366666666666545,True
train,asllrp_other_ctc,BENJAMIN_JAMES_BAHAN,asllrp_other_ctc:90610287:span00,HOW,0.2002,,0.5005000000000001,True
train,asllrp_other_ctc,BENJAMIN_JAMES_BAHAN,asllrp_other_ctc:90633569:span00,HOW,0.10010000000000001,,0.16683333333333333,True
train,asllrp_other_ctc,BENJAMIN_JAMES_BAHAN,asllrp_other_ctc:90642487:span00,DIFFERENT,0.5005000000000001,0.4004,0.20019999999999993,True
train,asllrp_other_ctc,BENJAMIN_JAMES_BAHAN,asllrp_other_ctc:91005359:span00,FRIEND,0.5005,,0.1668333333333334,True
train,asllrp_other_ctc,BENJAMIN_JAMES_BAHAN,asllrp_other_ctc:91055614:span00,MAYBE,0.1668333333333334,0.3670333333333331,0.3003,True
train,asllrp_other_ctc,BENJAMIN_JAMES_BAHAN,asllrp_other_ctc:91055614:span00,ANGRY,0.3336666666666668,0.3003,,True
train,asllrp_other_ctc,BENJAMIN_JAMES_BAHAN,asllrp_other_ctc:91099884:span00,FRIEND,0.3670333333333334,,0.36703333333333327,True
train,asllrp_other_ctc,BENJAMIN_JAMES_BAHAN,asllrp_other_ctc:91099884:span00,FRIEND,0.26693333333333324,0.06673333333333353,0.1668333333333334,True
train,asllrp_other_ctc,BENJAMIN_JAMES_BAHAN,asllrp_other_ctc:91152074:span00,WHY,0.1668333333333334,0.16683333333333328,0.13346666666666662,True
train,asllrp_other_ctc,BENJAMIN_JAMES_BAHAN,asllrp_other_ctc:91152074:span00,ANGRY,0.1668333333333334,0.20019999999999993,0.5672333333333335,True
train,asllrp_other_ctc,BENJAMIN_JAMES_BAHAN,asllrp_other_ctc:91152074:span00,ANGRY,0.20020000000000016,0.13346666666666662,0.5338666666666665,True
train,asllrp_other_ctc,BENJAMIN_JAMES_BAHAN,asllrp_other_ctc:91189263:span00,ANGRY,0.23356666666666648,0.23356666666666692,0.20020000000000016,True
train,asllrp_other_ctc,BENJAMIN_JAMES_BAHAN,asllrp_other_ctc:91212444:span00,HOW,0.13346666666666662,0.6006,0.9676333333333331,True
train,asllrp_other_ctc,BENJAMIN_JAMES_BAHAN,asllrp_other_ctc:91212444:span01,ANGRY,0.26693333333333336,0.2002,,True
train,asllrp_other_ctc,BENJAMIN_JAMES_BAHAN,asllrp_other_ctc:9188477:span00,DIFFERENT,0.20019999999999993,0.10010000000000002,0.26693333333333336,True
train,asllrp_other_ctc,BENJAMIN_JAMES_BAHAN,asllrp_other_ctc:92256000:span00,HOW,0.26693333333333324,0.1001000000000003,0.8007999999999997,True
train,asllrp_other_ctc,BENJAMIN_JAMES_BAHAN,asllrp_other_ctc:92259670:span00,ANGRY,0.3003,0.3003,0.4004000000000003,True
train,asllrp_other_ctc,BENJAMIN_JAMES_BAHAN,asllrp_other_ctc:92262440:span00,HOW,0.1668333333333334,0.33366666666666656,0.10009999999999986,True
train,asllrp_other_ctc,CORY,asllrp_other_ctc:9247:span00,THINK,0.23356666666666664,0.20020000000000002,0.36703333333333343,True
train,asllrp_other_ctc,BENJAMIN_JAMES_BAHAN,asllrp_other_ctc:9273339:span00,WHEN,0.2002,,0.2335666666666667,True
train,asllrp_other_ctc,BENJAMIN_JAMES_BAHAN,asllrp_other_ctc:9273339:span00,UNDERSTAND,0.2001999999999997,0.5004999999999997,0.13346666666666707,True
train,asllrp_other_ctc,CORY,asllrp_other_ctc:9449:span00,THINK,0.20020000000000004,0.2335666666666667,0.13346666666666662,True
train,asllrp_other_ctc,CORY,asllrp_other_ctc:9449:span00,NOW,0.6006000000000002,0.13346666666666662,,True
train,asllrp_other_ctc,CORY,asllrp_other_ctc:9450:span00,LIKE,0.20019999999999993,0.2335666666666667,0.36703333333333343,True
train,asllrp_other_ctc,BENJAMIN_JAMES_BAHAN,asllrp_other_ctc:9742459:span00,FEEL,0.13346666666666662,0.3336666666666668,0.10009999999999986,True
train,asllrp_other_ctc,BENJAMIN_JAMES_BAHAN,asllrp_other_ctc:9772184:span00,FEEL,0.1001,,0.26693333333333336,True
train,asllrp_other_ctc,RACHEL,asllrp_other_ctc:977928:span00,SEE,0.26693333333333336,,0.06673333333333337,True
train,asllrp_other_ctc,RACHEL,asllrp_other_ctc:978423:span00,EAT,0.1668333333333334,0.20020000000000016,0.26693333333333324,True
train,asllrp_other_ctc,RACHEL,asllrp_other_ctc:978817:span00,WHERE,0.3336666666666668,0.20019999999999993,,True
train,asllrp_other_ctc,RACHEL,asllrp_other_ctc:979015:span00,YES,0.36703333333333354,0.10009999999999986,,True
train,asllrp_other_ctc,RACHEL,asllrp_other_ctc:979410:span00,HAVE,0.20019999999999993,0.3003,0.06673333333333331,True
train,asllrp_other_ctc,RACHEL,asllrp_other_ctc:97959:span00,HAVE,0.10009999999999986,0.10010000000000008,0.1668333333333334,True
train,asllrp_other_ctc,RACHEL,asllrp_other_ctc:97996256:span00,SEE,0.13346666666666662,0.13346666666666673,0.10010000000000008,True
train,asllrp_other_ctc,RACHEL,asllrp_other_ctc:97996256:span00,SLEEP,0.40039999999999987,0.20020000000000016,0.23356666666666648,True
train,asllrp_other_ctc,RACHEL,asllrp_other_ctc:97996257:span00,SEE,0.13346666666666673,0.10009999999999997,0.13346666666666662,True
train,asllrp_other_ctc,RACHEL,asllrp_other_ctc:97996453:span00,STOP,0.13346666666666673,0.13346666666666662,0.1668333333333334,True
train,asllrp_other_ctc,RACHEL,asllrp_other_ctc:97996453:span00,NOW,0.13346666666666662,0.10009999999999986,,True
train,asllrp_other_ctc,RACHEL,asllrp_other_ctc:97996454:span00,READ,0.20019999999999993,0.16683333333333333,0.10010000000000008,True
train,asllrp_other_ctc,RACHEL,asllrp_other_ctc:97996552:span00,STOP,0.13346666666666673,0.10009999999999997,0.4671333333333333,True
train,asllrp_other_ctc,RACHEL,asllrp_other_ctc:97996651:span00,STOP,0.10009999999999997,0.10010000000000002,0.20020000000000004,True
train,asllrp_other_ctc,RACHEL,asllrp_other_ctc:97996849:span00,LIKE,0.26693333333333336,0.13346666666666665,0.13346666666666662,True
train,asllrp_other_ctc,RACHEL,asllrp_other_ctc:97996849:span00,MAYBE,0.43376666666666663,0.13346666666666662,0.20020000000000016,True
train,asllrp_other_ctc,RACHEL,asllrp_other_ctc:97997440:span00,TIRED,0.2669333333333333,0.16683333333333336,0.2335666666666667,True
train,asllrp_other_ctc,RACHEL,asllrp_other_ctc:97997440:span00,TIRED,0.2335666666666667,0.2335666666666667,0.3003,True
train,asllrp_other_ctc,RACHEL,asllrp_other_ctc:97997539:span00,SAD,0.4004000000000003,0.23356666666666648,0.13346666666666662,True
train,asllrp_other_ctc,RACHEL,asllrp_other_ctc:97997735:span00,HOT,0.5005,0.2335666666666667,,True
train,asllrp_other_ctc,RACHEL,asllrp_other_ctc:97997736:span00,HOT,0.1668333333333334,0.13346666666666662,,True
train,asllrp_other_ctc,RACHEL,asllrp_other_ctc:97997933:span00,SMALL,0.1668333333333334,0.06673333333333331,0.1668333333333334,True
train,asllrp_other_ctc,RACHEL,asllrp_other_ctc:97998031:span00,SMALL,0.16683333333333333,0.06673333333333337,0.20020000000000004,True
train,asllrp_other_ctc,RACHEL,asllrp_other_ctc:97998031:span00,SMALL,0.5672333333333333,0.13346666666666684,,True
train,asllrp_other_ctc,RACHEL,asllrp_other_ctc:97998130:span00,SMALL,0.13346666666666662,0.10010000000000002,0.1668333333333334,True
train,asllrp_other_ctc,RACHEL,asllrp_other_ctc:97998228:span00,SMALL,0.30029999999999996,0.10010000000000002,0.06673333333333342,True
train,asllrp_other_ctc,RACHEL,asllrp_other_ctc:97998229:span00,SMALL,0.30029999999999996,0.06673333333333337,0.26693333333333336,True
train,asllrp_other_ctc,RACHEL,asllrp_other_ctc:97998327:span00,HOME,0.33366666666666656,0.3336666666666668,,True
train,asllrp_other_ctc,RACHEL,asllrp_other_ctc:97998426:span00,HOME,0.3336666666666668,0.06673333333333331,0.2335666666666667,True
train,asllrp_other_ctc,RACHEL,asllrp_other_ctc:97998525:span00,FEEL,0.13346666666666668,0.1001,0.10010000000000002,True
train,asllrp_other_ctc,RACHEL,asllrp_other_ctc:97998525:span00,FEEL,0.13346666666666684,0.16683333333333317,0.10009999999999986,True
train,asllrp_other_ctc,RACHEL,asllrp_other_ctc:97998624:span00,THINK,0.10009999999999986,0.1668333333333334,0.13346666666666662,True
train,asllrp_other_ctc,RACHEL,asllrp_other_ctc:97999018:span00,TIRED,0.13346666666666668,,0.3670333333333333,True
train,asllrp_other_ctc,RACHEL,asllrp_other_ctc:97999314:span00,HOME,0.26693333333333347,0.26693333333333324,,True
train,asllrp_other_ctc,RACHEL,asllrp_other_ctc:9799997:span00,NOW,0.20019999999999993,0.10009999999999997,0.13346666666666684,True
train,asllrp_other_ctc,BENJAMIN_JAMES_BAHAN,asllrp_other_ctc:98357949:span00,MAYBE,0.1001000000000003,0.1001000000000003,0.16683333333333294,True
train,asllrp_other_ctc,BENJAMIN_JAMES_BAHAN,asllrp_other_ctc:98357949:span00,WHY,0.3003,0.23356666666666737,0.16683333333333294,True
train,asllrp_other_ctc,BENJAMIN_JAMES_BAHAN,asllrp_other_ctc:98357949:span00,USE,0.16683333333333294,0.13346666666666707,0.2001999999999997,True
train,asllrp_other_ctc,BENJAMIN_JAMES_BAHAN,asllrp_other_ctc:9858780:span00,WHY,0.10010000000000008,0.3670333333333333,0.13346666666666684,True
train,asllrp_other_ctc,CORY,asllrp_other_ctc:98592049:span00,MORE,0.16683333333333294,0.1001000000000003,0.1001000000000003,True
train,asllrp_other_ctc,CORY,asllrp_other_ctc:99038142:span00,FAMILY,0.3336666666666667,,0.4671333333333333,True
train,asllrp_other_ctc,CORY,asllrp_other_ctc:99038142:span00,WHERE,0.4004000000000003,0.10009999999999986,0.13346666666666662,True
train,asllrp_other_ctc,CORY,asllrp_other_ctc:99038142:span00,WHY,0.26693333333333324,0.1001000000000003,0.20020000000000016,True
train,asllrp_other_ctc,CORY,asllrp_other_ctc:99038142:span00,WORK,0.26693333333333324,0.16683333333333294,0.16683333333333383,True
train,asllrp_other_ctc,CORY,asllrp_other_ctc:99065608:span00,FAMILY,0.20019999999999993,0.26693333333333336,0.3003,True
train,asllrp_other_ctc,CORY,asllrp_other_ctc:99210571:span00,WHY,0.13346666666666668,,0.13346666666666668,True
train,asllrp_other_ctc,CORY,asllrp_other_ctc:99210571:span00,WORK,0.33366666666666667,0.10010000000000002,0.1668333333333334,True
train,asllrp_other_ctc,CORY,asllrp_other_ctc:99210571:span00,WHERE,0.1668333333333334,0.1668333333333334,0.10009999999999986,True
train,asllrp_other_ctc,CORY,asllrp_other_ctc:99370717:span00,UNDERSTAND,0.4337666666666667,,0.13346666666666662,True
train,asllrp_other_ctc,CORY,asllrp_other_ctc:99370717:span00,MAYBE,0.10010000000000008,0.13346666666666662,0.16683333333333317,True
train,asllrp_other_ctc,CORY,asllrp_other_ctc:99370717:span00,HOW,0.1668333333333334,0.1668333333333334,0.10009999999999986,True
train,asllrp_other_ctc,CORY,asllrp_other_ctc:99370717:span00,HOME,0.4337666666666671,0.13346666666666662,0.03336666666666632,True
train,asllrp_other_ctc,CORY,asllrp_other_ctc:99370717:span00,SCHOOL,0.36703333333333354,0.03336666666666632,0.2001999999999997,True
train,asllrp_other_ctc,CORY,asllrp_other_ctc:99395897:span00,SCHOOL,0.3003,0.10009999999999986,0.1001000000000003,True
train,asllrp_other_ctc,CORY,asllrp_other_ctc:99454786:span00,EASY,0.40039999999999987,0.1668333333333334,0.23356666666666692,True
train,asllrp_other_ctc,CORY,asllrp_other_ctc:99571136:span00,WORK,0.3336666666666668,0.23356666666666737,0.16683333333333294,True
train,asllrp_other_ctc,CORY,asllrp_other_ctc:9957:span00,WHEN,0.4671333333333334,0.26693333333333347,0.2001999999999997,True
train,asllrp_other_ctc,CORY,asllrp_other_ctc:99639413:span00,MAYBE,0.4004,,0.16683333333333333,True
validation,o5s5,LG,O5S5_002_LG,HELLO,0.45999999999999996,,0.27,False
validation,o5s5,LG,O5S5_002_LG,WHEN,0.8799999999999999,0.040000000000000036,0.20999999999999996,False
validation,o5s5,LG,O5S5_002_LG,BIG,0.33000000000000007,0.04499999999999993,0.22499999999999964,False
validation,o5s5,LG,O5S5_002_LG,IMPORTANT,0.16000000000000014,0.18499999999999872,0.3100000000000005,False
validation,o5s5,LG,O5S5_002_LG,UNDERSTAND,0.23000000000000043,0.3100000000000005,0.125,False
validation,o5s5,LG,O5S5_002_LG,HAVE,0.6099999999999994,0.125,1.9549999999999983,False
validation,o5s5,LG,O5S5_002_LG,MAYBE,0.13999999999999702,0.5,0.08999999999999986,False
validation,o5s5,LG,O5S5_002_LG,NOW,0.26000000000000156,0.08999999999999986,0.129999999999999,False
validation,o5s5,LG,O5S5_002_LG,HOW,0.21000000000000085,0.11499999999999844,0.14999999999999858,False
validation,o5s5,LG,O5S5_002_LG,ASK,0.3999999999999986,0.07499999999999929,0.10000000000000142,False
validation,o5s5,LG,O5S5_002_LG,WHERE,0.14000000000000057,0.2150000000000034,0.0449999999999946,False
validation,o5s5,LG,O5S5_002_LG,WHERE,0.1599999999999966,0.09499999999999886,0.20000000000000284,False
validation,o5s5,LG,O5S5_002_LG,WHO,0.28000000000000114,-0.5300000000000011,0.4350000000000023,False
validation,o5s5,LG,O5S5_002_LG,YES,0.3400000000000034,0.1700000000000017,0.14999999999999858,False
validation,o5s5,LG,O5S5_002_LG,BIG,1.0499999999999972,0.07500000000000284,0.17500000000000426,False
validation,o5s5,LG,O5S5_002_LG,ASK,0.269999999999996,0.11500000000000199,0.10999999999999943,False
validation,o5s5,LG,O5S5_002_LG,YES,0.3999999999999986,0.05000000000000426,0.11999999999999744,False
validation,o5s5,LG,O5S5_002_LG,GO,0.3100000000000023,0.12000000000000455,0.125,False
validation,o5s5,LG,O5S5_002_LG,GO,0.21000000000000796,0.25,0.10499999999998977,False
validation,o5s5,LG,O5S5_002_LG,STOP,0.37000000000000455,0.057999999999992724,0.1349999999999909,False
validation,o5s5,LG,O5S5_002_LG,FEEL,0.3400000000000034,0.18500000000000227,0.09999999999999432,False
validation,o5s5,LG,O5S5_002_LG,MORE,0.480000000000004,0.09999999999999432,0.23999999999999488,False
validation,o5s5,LG,O5S5_002_LG,MAKE,1.0349999999999966,0.09499999999999886,-0.7000000000000028,False
validation,o5s5,LG,O5S5_002_LG,DRINK,0.4200000000000017,0.06999999999999318,0.18000000000000682,False
validation,o5s5,LG,O5S5_002_LG,WHEN,0.3199999999999932,0.18000000000000682,0.09000000000000341,False
validation,o5s5,LG,O5S5_002_LG,TIME,0.3499999999999943,0.04000000000000625,0.2049999999999983,False
validation,o5s5,LG,O5S5_002_LG,GO,0.3400000000000034,0.15500000000000114,0.060000000000002274,False
validation,o5s5,LG,O5S5_002_LG,BIG,0.269999999999996,0.16500000000000625,0.09499999999999886,False
validation,o5s5,LG,O5S5_002_LG,SEE,0.37000000000000455,0.10499999999998977,0.09499999999999886,False
validation,o5s5,LG,O5S5_002_LG,KNOW,0.15000000000000568,0.16500000000000625,0.22499999999999432,False
validation,o5s5,LG,O5S5_002_LG,TIME,0.2599999999999909,0.06500000000001194,0.14000000000000057,False
validation,o5s5,LG,O5S5_002_LG,TIME,0.5099999999999909,0.025000000000005684,0.17499999999999716,False
validation,o5s5,LG,O5S5_002_LG,GO,0.2669999999999959,0.1150000000000091,0.02199999999999136,False
validation,o5s5,LG,O5S5_002_LG,TIME,0.5790000000000077,0.009000000000014552,0.057999999999992724,False
validation,o5s5,LG,O5S5_002_LG,GO,0.31800000000001205,0.07099999999999795,0.08699999999998909,False
validation,o5s5,LG,O5S5_002_LG,HOW,0.33099999999998886,0.07500000000001705,0.022999999999996135,False
validation,o5s5,LG,O5S5_002_LG,YES,0.3720000000000141,1.3659999999999854,0.020000000000010232,False
validation,o5s5,LG,O5S5_002_LG,GO,0.5159999999999911,0.2050000000000125,0.08799999999999386,False
validation,o5s5,LG,O5S5_002_LG,MAYBE,0.8680000000000234,0.13999999999998636,-0.3310000000000173,False
validation,o5s5,LG,O5S5_002_LG,NEED,0.3919999999999959,0.040000000000020464,1.245999999999981,False
validation,o5s5,LG,O5S5_002_LG,MAYBE,0.14000000000001478,0.07800000000000296,0.08699999999998909,False
validation,o5s5,LG,O5S5_002_LG,MAYBE,0.5330000000000155,0.11400000000000432,-0.14700000000001978,False
validation,o5s5,LG,O5S5_002_LG,WE,0.228999999999985,-0.04899999999997817,0.06499999999999773,False
validation,o5s5,LG,O5S5_002_LG,WE,0.31800000000001205,-0.31800000000001205,0.014999999999986358,False
validation,o5s5,LG,O5S5_002_LG,OUR,0.42199999999999704,0.242999999999995,0.022999999999996135,False
validation,o5s5,LG,O5S5_002_LG,TIME,0.43200000000001637,0.18799999999998818,0.09000000000000341,False
validation,o5s5,LG,O5S5_002_LG,WEEK,0.5279999999999916,0.055999999999983174,0.07900000000000773,False
validation,o5s5,LG,O5S5_002_LG,WE,0.4170000000000016,0.5249999999999773,0.040000000000020464,False
validation,o5s5,LG,O5S5_002_LG,HAVE,0.1279999999999859,0.040000000000020464,0.12999999999999545,False
validation,o5s5,LG,O5S5_002_LG,OUR,0.3240000000000123,0.08299999999999841,0.18299999999999272,False
validation,o5s5,LG,O5S5_002_LG,SAME,0.24899999999999523,0.06999999999999318,0.0630000000000166,False
validation,o5s5,LG,O5S5_002_LG,SCHOOL,0.5609999999999786,0.027000000000015234,0.04200000000000159,False
validation,o5s5,LG,O5S5_002_LG,WORK,0.41100000000000136,0.6430000000000007,0.08600000000001273,False
validation,o5s5,LG,O5S5_002_LG,SCHOOL,0.5519999999999925,0.03700000000000614,0.5310000000000059,False
validation,o5s5,LG,O5S5_002_LG,TIME,0.4849999999999852,0.027999999999991587,0.12400000000002365,False
validation,o5s5,LG,O5S5_002_LG,WHEN,0.3410000000000082,0.8810000000000002,0.22999999999998977,False
validation,o5s5,LG,O5S5_002_LG,MAYBE,0.33199999999999363,0.05900000000002592,0.007999999999981355,False
train,o5s5,JAH,O5S5_007_JAH,WORK,0.2940000000000005,0.09799999999999898,0.09999999999999964,False
train,o5s5,JAH,O5S5_007_JAH,IMPORTANT,0.3620000000000019,0.09399999999999942,0.09099999999999753,False
train,o5s5,JAH,O5S5_007_JAH,WORK,0.3149999999999977,0.06500000000000128,0.0730000000000004,False
train,o5s5,JAH,O5S5_007_JAH,SCHOOL,0.3269999999999982,0.10400000000000631,0.3299999999999983,False
train,o5s5,JAH,O5S5_007_JAH,WHEN,0.3950000000000031,0.09499999999999886,0.15699999999999648,False
train,o5s5,JAH,O5S5_007_JAH,WHEN,0.25900000000000034,0.11999999999999744,0.25500000000000256,False
train,o5s5,JAH,O5S5_007_JAH,TIME,0.22100000000000364,0.07900000000000063,0.047999999999994714,False
train,o5s5,JAH,O5S5_007_JAH,TIME,0.19599999999999795,0.011000000000002785,0.029000000000003467,False
train,o5s5,JAH,O5S5_007_JAH,NEED,0.4449999999999932,0.13900000000001,0.0,False
train,o5s5,JAH,O5S5_007_JAH,GO,0.2469999999999999,0.7010000000000076,0.11999999999999034,False
train,o5s5,JAH,O5S5_007_JAH,NEED,0.15500000000000114,0.06199999999999761,0.11999999999999034,False
train,o5s5,JAH,O5S5_007_JAH,FEEL,0.3580000000000041,0.06299999999998818,0.07699999999999818,False
train,o5s5,JAH,O5S5_007_JAH,EAT,0.16200000000000614,0.06099999999999284,0.0899999999999892,False
train,o5s5,JAH,O5S5_007_JAH,THINK,0.18200000000000216,0.04999999999999716,0.2120000000000033,False
train,o5s5,JAH,O5S5_007_JAH,YES,0.1530000000000058,0.018000000000000682,0.09199999999999875,False
train,o5s5,JAH,O5S5_007_JAH,FEEL,0.2950000000000017,0.03900000000000148,0.0660000000000025,False
train,o5s5,JAH,O5S5_007_JAH,NEED,0.18700000000001182,0.20899999999998897,0.2530000000000001,False
train,o5s5,JAH,O5S5_007_JAH,NEED,0.18300000000000693,0.07099999999999795,0.11999999999999034,False
train,o5s5,JAH,O5S5_007_JAH,YES,0.31800000000001205,0.14299999999998647,0.8499999999999943,False
train,o5s5,JAH,O5S5_007_JAH,HAVE,0.11200000000000898,0.10499999999998977,0.5589999999999975,False
train,o5s5,JAH,O5S5_007_JAH,SAME,0.09600000000000364,0.0,0.0309999999999917,False
train,o5s5,JAH,O5S5_007_JAH,HOME,0.578000000000003,0.04999999999998295,0.07900000000000773,False
train,o5s5,JAH,O5S5_007_JAH,HOME,0.21999999999999886,0.08299999999999841,0.004000000000019099,False
train,o5s5,JAH,O5S5_007_JAH,NO,0.7419999999999902,0.046999999999997044,0.16900000000001114,False
train,o5s5,JAH,O5S5_007_JAH,TIME,0.18500000000000227,0.043000000000006366,0.04999999999998295,False
train,o5s5,JAH,O5S5_007_JAH,SEE,0.19900000000001228,0.0549999999999784,0.03999999999999204,False
train,o5s5,JAH,O5S5_007_JAH,YES,0.49100000000001387,0.10799999999997567,0.15500000000000114,False
train,o5s5,JAH,O5S5_007_JAH,WEEK,0.18799999999998818,0.12600000000000477,0.016999999999995907,False
train,o5s5,JAH,O5S5_007_JAH,HOME,0.35499999999998977,0.07800000000000296,0.34300000000001774,False
train,o5s5,JAH,O5S5_007_JAH,WHEN,0.23199999999999932,0.34899999999998954,0.05299999999999727,False
train,o5s5,JAH,O5S5_007_JAH,HOME,0.38800000000000523,0.03799999999998249,0.06399999999999295,False
train,o5s5,JAH,O5S5_007_JAH,SAME,0.17799999999999727,0.103999999999985,0.08100000000001728,False
train,o5s5,JAH,O5S5_007_JAH,HOME,0.3800000000000239,0.15500000000000114,0.17099999999999227,False
train,o5s5,JAH,O5S5_007_JAH,SMALL,0.35200000000000387,0.132000000000005,0.09600000000000364,False
train,o5s5,JAH,O5S5_007_JAH,HOME,0.23400000000000887,0.09600000000000364,0.25199999999998113,False
train,o5s5,JAH,O5S5_007_JAH,OUR,0.16499999999999204,0.525999999999982,0.1780000000000257,False
train,o5s5,JAH,O5S5_007_JAH,WORK,0.18799999999998818,0.08799999999999386,0.054000000000002046,False
train,o5s5,JAH,O5S5_007_JAH,HOME,0.17799999999999727,0.08500000000000796,0.07899999999997931,False
train,o5s5,JAH,O5S5_007_JAH,WORK,0.34099999999997976,0.09000000000000341,0.0700000000000216,False
train,o5s5,JAH,O5S5_007_JAH,YEAR,0.5579999999999927,0.21100000000001273,0.27299999999999613,False
train,o5s5,JAH,O5S5_007_JAH,THINK,0.08300000000002683,0.5049999999999955,0.28299999999998704,False
train,o5s5,JAH,O5S5_007_JAH,YEAR,0.35900000000000887,0.0030000000000143245,0.2779999999999916,False
train,o5s5,JAH,O5S5_007_JAH,WHEN,0.1529999999999916,0.057999999999992724,0.03300000000001546,False
train,o5s5,JAH,O5S5_007_JAH,TIME,0.13500000000001933,0.08299999999999841,0.18999999999999773,False
train,o5s5,JAH,O5S5_007_JAH,YEAR,0.2890000000000157,0.015999999999991132,0.01300000000000523,False
train,o5s5,JAH,O5S5_007_JAH,GOOD,0.16799999999997794,0.17500000000001137,0.1710000000000207,False
train,o5s5,JAH,O5S5_007_JAH,WE,0.2039999999999793,0.09400000000002251,0.13400000000001455,False
train,o5s5,JAH,O5S5_007_JAH,WHEN,0.26900000000000546,0.06499999999999773,0.013999999999981583,False
train,o5s5,JAH,O5S5_007_JAH,HOME,0.3819999999999766,0.045000000000015916,0.025000000000005684,False
train,o5s5,JAH,O5S5_007_JAH,HOME,0.26599999999999113,0.06399999999999295,0.09300000000001774,False
train,o5s5,JAH,O5S5_007_JAH,EAT,0.2189999999999941,0.0020000000000095497,0.11099999999999,False
train,o5s5,JAH,O5S5_007_JAH,BIG,0.25899999999998613,0.012000000000000455,0.09700000000000841,False
train,o5s5,JAH,O5S5_007_JAH,HAVE,0.1430000000000291,0.0999999999999659,0.13999999999998636,False
train,o5s5,JAH,O5S5_007_JAH,LOVE,0.16900000000003956,0.16399999999998727,0.07399999999995543,False
train,o5s5,JAH,O5S5_007_JAH,HAPPY,0.160000000000025,0.09099999999995134,0.06799999999998363,False
train,o5s5,JAH,O5S5_007_JAH,THANKYOU,0.34600000000000364,0.17099999999999227,0.023000000000024556,False
train,o5s5,JAH,O5S5_007_JAH,FEEL,0.28199999999998226,0.16899999999998272,0.03899999999998727,False
train,o5s5,JAH,O5S5_007_JAH,SAME,0.3020000000000209,0.03899999999998727,0.09600000000000364,False
train,o5s5,JAH,O5S5_007_JAH,WORK,0.38999999999998636,0.03699999999997772,0.07400000000001228,False
train,o5s5,JAH,O5S5_007_JAH,WORK,0.492999999999995,0.2669999999999959,0.1220000000000141,False
train,o5s5,JAH,O5S5_007_JAH,MORE,0.33799999999996544,0.19999999999998863,1.5830000000000268,False
train,o5s5,CK,O5S5_025_CK,HELLO,0.6500000000000001,,0.10199999999999987,False
train,o5s5,CK,O5S5_025_CK,NAME,0.10000000000000009,0.121,0.09799999999999986,False
train,o5s5,CK,O5S5_025_CK,NOW,0.11099999999999977,0.08699999999999974,0.05400000000000027,False
train,o5s5,CK,O5S5_025_CK,HAVE,0.15800000000000125,0.06599999999999895,0.23699999999999832,False
train,o5s5,CK,O5S5_025_CK,WORK,0.3999999999999986,0.05600000000000094,0.3230000000000004,False
train,o5s5,CK,O5S5_025_CK,BIG,0.15399999999999991,0.1390000000000029,0.18499999999999872,False
train,o5s5,CK,O5S5_025_CK,EXCITED,0.5940000000000012,0.14000000000000057,0.06700000000000017,False
train,o5s5,CK,O5S5_025_CK,NIGHT,0.5450000000000017,0.07699999999999818,0.23899999999999721,False
train,o5s5,CK,O5S5_025_CK,TIME,0.37599999999999767,0.05799999999999983,0.18099999999999739,False
train,o5s5,CK,O5S5_025_CK,WHAT,0.2120000000000033,0.0940000000000012,0.12599999999999767,False
train,o5s5,CK,O5S5_025_CK,TIME,0.3270000000000053,0.125,0.0659999999999954,False
train,o5s5,CK,O5S5_025_CK,WORK,0.2640000000000029,0.07099999999999795,0.1419999999999959,False
train,o5s5,CK,O5S5_025_CK,NO,0.1739999999999995,0.3049999999999997,0.09499999999999886,False
train,o5s5,CK,O5S5_025_CK,NO,0.4209999999999994,0.03499999999999659,0.04700000000000415,False
train,o5s5,CK,O5S5_025_CK,EASY,0.23099999999999454,0.0800000000000125,0.07399999999999807,False
train,o5s5,CK,O5S5_025_CK,KNOW,0.12100000000000932,0.1280000000000001,0.07699999999999818,False
train,o5s5,CK,O5S5_025_CK,EASY,0.41200000000000614,0.045000000000001705,0.6500000000000057,False
train,o5s5,CK,O5S5_025_CK,WEEK,0.8249999999999886,-0.4099999999999966,-0.41399999999998727,False
train,o5s5,CK,O5S5_025_CK,NIGHT,0.32799999999998875,0.08600000000001273,0.10600000000000875,False
train,o5s5,CK,O5S5_025_CK,FEEL,0.11299999999999955,0.08800000000000807,0.10500000000000398,False
train,o5s5,CK,O5S5_025_CK,TELL,0.2740000000000009,0.055999999999997385,0.12699999999999534,False
train,o5s5,CK,O5S5_025_CK,HOME,0.23000000000000398,0.0969999999999942,0.13299999999999557,False
train,o5s5,CK,O5S5_025_CK,MORE,0.35600000000000875,0.13299999999999557,-0.04000000000000625,False
train,o5s5,CK,O5S5_025_CK,HAVE,0.14499999999999602,0.06700000000000728,0.09300000000000352,False
train,o5s5,CK,O5S5_025_CK,THINK,0.4520000000000124,0.15200000000000102,0.09399999999999409,False
train,o5s5,CK,O5S5_025_CK,MAYBE,0.37300000000000466,0.12299999999999045,0.11400000000000432,False
train,o5s5,CK,O5S5_025_CK,SAME,0.30700000000000216,0.04200000000000159,0.1280000000000001,False
train,o5s5,CK,O5S5_025_CK,MORE,0.6119999999999948,0.12399999999999523,0.08900000000001285,False
train,o5s5,CK,O5S5_025_CK,MORE,0.277000000000001,0.15099999999999625,0.11599999999999966,False
train,o5s5,CK,O5S5_025_CK,MORE,0.4129999999999825,0.14300000000000068,0.16200000000000614,False
train,o5s5,CK,O5S5_025_CK,GOOD,0.3199999999999932,0.13700000000000045,0.04200000000000159,False
train,o5s5,CK,O5S5_025_CK,STOP,0.19700000000000273,0.14699999999999136,0.12199999999998568,False
train,o5s5,CK,O5S5_025_CK,NOW,0.4549999999999841,0.10400000000001342,1.6230000000000189,False
train,o5s5,Doug Ridloff,O5S5_026_Doug_Ridloff,HELLO,0.3720000000000001,,0.395,False
train,o5s5,Doug Ridloff,O5S5_026_Doug_Ridloff,STOP,0.8140000000000001,0.46000000000000085,0.12600000000000122,False
train,o5s5,Doug Ridloff,O5S5_026_Doug_Ridloff,MORE,0.34199999999999875,0.0,-0.005000000000002558,False
train,o5s5,Doug Ridloff,O5S5_026_Doug_Ridloff,THINK,0.4200000000000017,0.1599999999999966,0.19999999999999574,False
train,o5s5,Doug Ridloff,O5S5_026_Doug_Ridloff,BIG,0.22999999999999687,0.05600000000000449,0.21000000000000085,False
train,o5s5,Doug Ridloff,O5S5_026_Doug_Ridloff,WHY,0.240000000000002,0.12999999999999545,0.38000000000000256,False
train,o5s5,Doug Ridloff,O5S5_026_Doug_Ridloff,WHO,0.1599999999999966,0.23000000000000398,0.09000000000000341,False
train,o5s5,Doug Ridloff,O5S5_026_Doug_Ridloff,BIG,0.269999999999996,0.06999999999999318,0.10000000000000853,False
train,o5s5,Doug Ridloff,O5S5_026_Doug_Ridloff,NOW,0.09999999999999432,0.30000000000001137,0.04000000000000625,False
train,o5s5,Doug Ridloff,O5S5_026_Doug_Ridloff,BIG,0.28999999999999204,0.04000000000000625,0.29999999999999716,False
train,o5s5,Doug Ridloff,O5S5_026_Doug_Ridloff,YES,0.6799999999999926,0.0,0.4300000000000068,False
train,o5s5,Doug Ridloff,O5S5_026_Doug_Ridloff,HAVE,0.20000000000000284,0.019000000000005457,0.03999999999999204,False
train,o5s5,Doug Ridloff,O5S5_026_Doug_Ridloff,YES,0.46699999999999875,0.030000000000001137,0.0,False
train,o5s5,Doug Ridloff,O5S5_026_Doug_Ridloff,HELP,0.29999999999999716,0.1700000000000017,0.046999999999997044,False
train,o5s5,Doug Ridloff,O5S5_026_Doug_Ridloff,WORK,0.44999999999998863,0.09999999999999432,0.3100000000000023,False
train,o5s5,Doug Ridloff,O5S5_026_Doug_Ridloff,WHERE,0.12999999999999545,0.15699999999998226,0.020000000000010232,False
train,o5s5,LR,O5S5_027_LR,HELLO,0.7000000000000002,,0.2400000000000002,False
train,o5s5,LR,O5S5_027_LR,WHEN,0.9399999999999995,0.04499999999999993,-0.46499999999999986,False
train,o5s5,LR,O5S5_027_LR,TIME,0.21999999999999886,0.030000000000001137,0.03500000000000014,False
train,o5s5,LR,O5S5_027_LR,WORK,1.0100000000000016,0.019999999999999574,0.10000000000000142,False
train,o5s5,LR,O5S5_027_LR,EXCITED,0.5599999999999987,0.02499999999999858,0.03500000000000014,False
train,o5s5,LR,O5S5_027_LR,SEE,0.1700000000000017,0.09999999999999787,0.03999999999999915,False
train,o5s5,LR,O5S5_027_LR,FRIEND,1.0600000000000023,0.028999999999999915,0.1280000000000001,False
train,o5s5,LR,O5S5_027_LR,FRIEND,0.5899999999999963,0.045000000000001705,0.060000000000002274,False
train,o5s5,LR,O5S5_027_LR,FRIEND,0.35999999999999943,0.030000000000001137,0.08500000000000085,False
train,o5s5,LR,O5S5_027_LR,SAME,0.1599999999999966,0.08500000000000085,0.054999999999999716,False
train,o5s5,LR,O5S5_027_LR,WE,0.5300000000000011,0.06499999999999773,0.03999999999999915,False
train,o5s5,LR,O5S5_027_LR,TIME,0.26200000000000045,0.045000000000001705,0.17099999999999937,False
train,o5s5,LR,O5S5_027_LR,SICK,0.46999999999999886,0.03999999999999204,0.4790000000000134,False
train,o5s5,LR,O5S5_027_LR,NEED,0.21999999999999886,0.01999999999999602,0.06499999999999773,False
train,o5s5,LR,O5S5_027_LR,FRIEND,0.4399999999999977,0.024999999999991473,0.045000000000001705,False
train,o5s5,LR,O5S5_027_LR,WE,0.30699999999998795,0.0,0.04000000000000625,False
train,o5s5,LR,O5S5_027_LR,KNOW,0.19899999999999807,-0.2710000000000008,0.09500000000001307,False
train,o5s5,LR,O5S5_027_LR,MOTHER,0.6499999999999915,0.09500000000001307,0.12000000000000455,False
train,o5s5,LR,O5S5_027_LR,EXCITED,0.8999999999999915,0.060000000000002274,0.05500000000000682,False
train,o5s5,LR,O5S5_027_LR,WHEN,0.2400000000000091,0.06999999999999318,0.11499999999999488,False
train,o5s5,LR,O5S5_027_LR,SEE,0.3100000000000023,0.04000000000000625,0.0899999999999892,False
train,o5s5,LR,O5S5_027_LR,NOW,0.5500000000000114,0.14999999999999147,0.09999999999999432,False
train,o5s5,LR,O5S5_027_LR,YEAR,1.1099999999999994,0.024999999999991473,0.16500000000000625,False
train,o5s5,LR,O5S5_027_LR,THANKYOU,0.6600000000000108,0.033999999999991815,0.03499999999999659,False
train,o5s5,LR,O5S5_027_LR,TIME,0.3400000000000034,0.03499999999999659,0.025000000000005684,False
train,o5s5,LR,O5S5_027_LR,HAVE,0.2400000000000091,0.025000000000005684,0.024999999999977263,False
train,o5s5,LR,O5S5_027_LR,FRIEND,0.1290000000000191,0.1629999999999825,0.022999999999996135,False
train,o5s5,LR,O5S5_027_LR,OUR,0.1599999999999966,0.05500000000000682,0.03499999999999659,False
train,o5s5,LR,O5S5_027_LR,FRIEND,0.3800000000000239,0.030000000000001137,0.0549999999999784,False
train,o5s5,LR,O5S5_027_LR,UNDERSTAND,0.46000000000000796,0.06499999999999773,0.06499999999999773,False
train,o5s5,LR,O5S5_027_LR,HAVE,0.20000000000001705,0.024999999999977263,0.05500000000000682,False
train,o5s5,LR,O5S5_027_LR,TIME,0.22999999999998977,0.045000000000015916,0.030000000000001137,False
train,o5s5,LR,O5S5_027_LR,TIME,0.36000000000001364,0.11899999999999977,0.05500000000000682,False
train,o5s5,LR,O5S5_027_LR,WE,0.17000000000001592,0.044999999999987494,0.04999999999998295,False
train,o5s5,RD,O5S5_029_RD,TIME,0.25,0.1299999999999999,0.07400000000000029,False
train,o5s5,RD,O5S5_029_RD,FEEL,0.35599999999999987,0.14800000000000058,0.18100000000000005,False
train,o5s5,RD,O5S5_029_RD,YESTERDAY,0.2829999999999995,0.4770000000000003,0.11500000000000021,False
train,o5s5,RD,O5S5_029_RD,FEEL,0.3280000000000012,0.0649999999999995,0.041999999999999815,False
train,o5s5,RD,O5S5_029_RD,FEEL,0.16199999999999903,0.120000000000001,-0.15399999999999991,False
train,o5s5,RD,O5S5_029_RD,FEEL,0.15200000000000102,0.14399999999999835,0.02300000000000324,False
train,o5s5,RD,O5S5_029_RD,COLD,0.39399999999999835,0.028000000000005798,0.05100000000000193,False
train,o5s5,RD,O5S5_029_RD,FEEL,0.2540000000000049,0.43499999999999517,0.10199999999999676,False
train,o5s5,RD,O5S5_029_RD,COLD,0.35200000000000387,0.10199999999999676,0.1389999999999958,False
train,o5s5,RD,O5S5_029_RD,THINK,0.15800000000000125,-0.1530000000000058,0.1110000000000042,False
train,o5s5,RD,O5S5_029_RD,WE,0.2959999999999994,0.14800000000000324,-0.28699999999999903,False
train,o5s5,RD,O5S5_029_RD,FEEL,0.16199999999999903,-0.16199999999999903,0.08800000000000097,False
train,o5s5,RD,O5S5_029_RD,HAVE,0.2080000000000055,0.2639999999999958,0.2679999999999936,False
train,o5s5,RD,O5S5_029_RD,HAVE,0.11200000000000188,0.0870000000000033,0.18499999999999517,False
train,o5s5,RD,O5S5_029_RD,KNOW,0.30100000000000193,0.022999999999996135,0.0,False
train,o5s5,RD,O5S5_029_RD,NEED,0.30100000000000193,0.07799999999999585,0.22299999999999898,False
train,o5s5,RD,O5S5_029_RD,FEEL,0.10699999999999932,0.2909999999999968,0.014000000000002899,False
train,o5s5,RD,O5S5_029_RD,NEED,0.125,0.014000000000002899,0.009000000000000341,False
train,o5s5,RD,O5S5_029_RD,NO,0.3429999999999964,0.08800000000000097,0.09200000000000585,False
train,o5s5,RD,O5S5_029_RD,KNOW,0.17999999999999972,0.010000000000005116,0.0049999999999954525,False
train,o5s5,RD,O5S5_029_RD,FIND,0.24099999999999966,0.04600000000000648,0.1290000000000049,False
train,o5s5,RD,O5S5_029_RD,YES,0.07899999999999352,0.28700000000000614,0.055999999999997385,False
train,o5s5,RD,O5S5_029_RD,NO,0.20400000000000773,0.18999999999999773,0.09199999999999875,False
train,o5s5,RD,O5S5_029_RD,FIND,0.14800000000001035,0.13400000000000034,0.09299999999998931,False
train,o5s5,RD,O5S5_029_RD,FEEL,0.12299999999999045,0.04800000000000182,-0.07899999999999352,False
train,o5s5,RD,O5S5_029_RD,KNOW,0.13400000000000034,0.046999999999997044,0.11200000000000898,False
train,o5s5,RD,O5S5_029_RD,HAVE,0.14000000000000057,0.22299999999999898,-0.04800000000000182,False
train,o5s5,RD,O5S5_029_RD,FEEL,0.6940000000000026,0.2749999999999915,0.2079999999999984,False
train,o5s5,RD,O5S5_029_RD,BIG,0.20299999999998875,0.05100000000000193,0.1110000000000042,False
train,o5s5,RD,O5S5_029_RD,HAVE,0.07699999999999818,0.014000000000010004,0.07800000000000296,False
train,o5s5,RD,O5S5_029_RD,NEED,0.10599999999999454,-0.8100000000000023,0.019000000000005457,False
train,o5s5,RD,O5S5_029_RD,UNDERSTAND,0.21299999999999386,0.17600000000001614,0.03200000000001069,False
train,o5s5,RD,O5S5_029_RD,FEEL,0.2920000000000016,0.014000000000010004,0.022999999999996135,False
train,o5s5,RD,O5S5_029_RD,FEEL,0.25,0.09199999999998454,0.019000000000005457,False
train,o5s5,RD,O5S5_029_RD,FEEL,0.18999999999999773,0.03899999999998727,0.10699999999999932,False
train,o5s5,RD,O5S5_029_RD,FEEL,0.1419999999999959,0.10699999999999932,0.10500000000001819,False
train,o5s5,RD,O5S5_029_RD,FEEL,0.10200000000000387,0.042999999999977945,0.1910000000000025,False
train,o5s5,RD,O5S5_029_RD,FEEL,0.3109999999999786,0.05299999999999727,0.13500000000001933,False
train,o5s5,RD,O5S5_029_RD,FEEL,0.34899999999998954,0.11699999999999022,0.1490000000000009,False
train,o5s5,RD,O5S5_029_RD,KNOW,0.125,0.020000000000010232,0.3009999999999877,False
train,o5s5,RD,O5S5_029_RD,SAME,0.2650000000000148,0.057999999999992724,0.001999999999981128,False
train,o5s5,RD,O5S5_029_RD,SAME,0.3359999999999843,0.0770000000000266,0.13599999999999568,False
train,o5s5,RD,O5S5_029_RD,BIG,0.09899999999998954,0.1740000000000066,0.034000000000020236,False
train,o5s5,RD,O5S5_029_RD,OUR,0.1869999999999834,0.0730000000000075,0.13800000000000523,False
train,o5s5,RD,O5S5_029_RD,FEEL,0.24699999999998568,0.11899999999999977,0.12800000000001432,False
train,o5s5,RD,O5S5_029_RD,FEEL,0.2470000000000141,0.21599999999997976,0.03200000000001069,False
train,o5s5,RD,O5S5_029_RD,FIND,0.24300000000002342,0.375,0.022999999999996135,False
train,o5s5,RD,O5S5_029_RD,FEEL,0.19900000000001228,-0.146000000000015,0.26200000000000045,False
train,o5s5,RD,O5S5_029_RD,FEEL,0.34699999999998,0.16500000000002046,0.08799999999999386,False
train,o5s5,RD,O5S5_029_RD,FEEL,0.2529999999999859,0.1939999999999884,0.15400000000002478,False
train,o5s5,RD,O5S5_029_RD,YES,0.25099999999997635,0.15400000000002478,0.49500000000000455,False
train,o5s5,RD,O5S5_029_RD,NOW,0.14400000000000546,0.13700000000000045,0.0689999999999884,False
train,o5s5,RD,O5S5_029_RD,FEEL,0.060000000000002274,0.09900000000001796,0.2189999999999941,False
train,o5s5,RD,O5S5_029_RD,OUR,0.3640000000000043,-0.2150000000000034,0.09700000000000841,False
train,o5s5,RD,O5S5_029_RD,TIME,0.19199999999997885,0.05300000000002569,0.132000000000005,False
