feature_path,split,label,hand_active_output_frames,left_active_output_frames,right_active_output_frames,both_hands_active_output_frames,left_joint_completeness_when_active,right_joint_completeness_when_active,observed_point_confidence_mean,observed_point_confidence_min,detected_hand_source_frames_after_trim,detected_hand_source_frames_before_trim
train/ANGRY/031021396234431675-ANGRY.v17.npz,train,ANGRY,0.8125,0.0,0.8125,0.0,0.0,1.0,0.7920743823051453,0.1348876953125,0.8333333333333334,0.4444444444444444
train/ANGRY/10882043871893354-ANGRY.v17.npz,train,ANGRY,0.875,0.84375,0.875,0.84375,1.0,1.0,0.8040114045143127,0.0924072265625,0.9024390243902439,0.3978494623655914
train/ANGRY/10940148878980427-seedANGRY.v17.npz,train,ANGRY,0.875,0.78125,0.875,0.78125,1.0,1.0,0.7908896207809448,0.102783203125,0.84,0.21875
train/ANGRY/10954121875598655-ANGRY.v17.npz,train,ANGRY,0.875,0.8125,0.875,0.8125,1.0,1.0,0.8057656288146973,0.1336669921875,0.8947368421052632,0.4146341463414634
train/ANGRY/1490020062593329-ANGRY.v17.npz,train,ANGRY,0.875,0.84375,0.84375,0.8125,1.0,1.0,0.7030420303344727,0.0863037109375,0.8787878787878788,0.4142857142857143
train/ANGRY/15471453286217618-ANGRY.v17.npz,train,ANGRY,0.875,0.6875,0.875,0.6875,1.0,1.0,0.8170776963233948,0.07568359375,0.8787878787878788,0.37662337662337664
train/ANGRY/20697031230645102-ANGRY.v17.npz,train,ANGRY,0.875,0.78125,0.875,0.78125,1.0,1.0,0.8262969255447388,0.0902099609375,0.8888888888888888,0.47761194029850745
train/ANGRY/3709997507310303-ANGRY.v17.npz,train,ANGRY,0.875,0.875,0.78125,0.78125,1.0,1.0,0.7937352657318115,0.07666015625,0.9047619047619048,0.4
train/ANGRY/4989883733959082-ANGRY.v17.npz,train,ANGRY,0.875,0.28125,0.8125,0.21875,1.0,1.0,0.7508352398872375,0.0760498046875,0.8108108108108109,0.40540540540540543
train/ANGRY/5083164294431413-ANGRY.v17.npz,train,ANGRY,0.8125,0.8125,0.6875,0.6875,1.0,1.0,0.818340539932251,0.1153564453125,0.7894736842105263,0.39473684210526316
train/ANGRY/6566938551150332-ANGRY.v17.npz,train,ANGRY,0.9375,0.625,0.9375,0.625,1.0,1.0,0.7722257971763611,0.0838623046875,0.8333333333333334,0.5555555555555556
train/ANGRY/759118073893563-ANGRY.v17.npz,train,ANGRY,0.8125,0.6875,0.8125,0.6875,1.0,1.0,0.7714200615882874,0.1461181640625,0.7777777777777778,0.2978723404255319
train/ANGRY/8760933146179861-ANGRY.v17.npz,train,ANGRY,0.9375,0.84375,0.9375,0.84375,1.0,1.0,0.8197714686393738,0.0791015625,0.9074074074074074,0.5104166666666666
train/ANGRY/9181226657270911-ANGRY.v17.npz,train,ANGRY,0.8125,0.78125,0.75,0.71875,1.0,1.0,0.824844241142273,0.095703125,0.8260869565217391,0.37254901960784315
train/ANSWER/005579742365455331-ANSWER.v17.npz,train,ANSWER,0.90625,0.59375,0.78125,0.46875,1.0,1.0,0.7954809069633484,0.0999755859375,0.9074074074074074,0.532608695652174
train/ANSWER/013172617492703598-ANSWER.v17.npz,train,ANSWER,0.875,0.875,0.8125,0.8125,1.0,1.0,0.8014249205589294,0.0836181640625,0.8947368421052632,0.5964912280701754
train/ANSWER/04815473598941056-ANSWER.v17.npz,train,ANSWER,0.8125,0.71875,0.59375,0.5,1.0,1.0,0.7932053208351135,0.076171875,0.8181818181818182,0.4
train/ANSWER/05952151597804578-ANSWER.v17.npz,train,ANSWER,0.875,0.78125,0.84375,0.75,1.0,1.0,0.8402466177940369,0.0877685546875,0.8571428571428571,0.42857142857142855
train/ANSWER/08105598822367299-ANSWER.v17.npz,train,ANSWER,0.875,0.875,0.65625,0.65625,1.0,1.0,0.829855740070343,0.0831298828125,0.9148936170212766,0.4725274725274725
train/ANSWER/1313083161632871-ANSWER.v17.npz,train,ANSWER,0.875,0.71875,0.875,0.71875,1.0,1.0,0.8292142152786255,0.102783203125,0.84,0.42857142857142855
train/ANSWER/19241432942777004-ANSWER.v17.npz,train,ANSWER,0.875,0.59375,0.875,0.59375,1.0,1.0,0.8374481201171875,0.210693359375,0.8666666666666667,0.4642857142857143
train/ANSWER/25219438634060487-ANSWER.v17.npz,train,ANSWER,0.8125,0.8125,0.625,0.625,1.0,1.0,0.789142370223999,0.1060791015625,0.7647058823529411,0.18571428571428572
train/ANSWER/3854742008436718-ANSWER.v17.npz,train,ANSWER,0.875,0.46875,0.875,0.46875,1.0,1.0,0.8457133173942566,0.5,0.8717948717948718,0.3953488372093023
train/ANSWER/45912047707286807-ANSWER.v17.npz,train,ANSWER,0.875,0.84375,0.75,0.71875,1.0,1.0,0.8200531005859375,0.09130859375,0.8064516129032258,0.4166666666666667
train/ANSWER/7197750542965466-ANSWER.v17.npz,train,ANSWER,0.875,0.875,0.875,0.875,1.0,1.0,0.8676396608352661,0.077392578125,0.8823529411764706,0.3125
train/ANSWER/7858853502569851-ANSWER.v17.npz,train,ANSWER,0.875,0.34375,0.84375,0.3125,1.0,1.0,0.7967222332954407,0.0775146484375,0.8421052631578947,0.49230769230769234
train/ANSWER/8669225425641554-seedANSWER.v17.npz,train,ANSWER,0.375,0.3125,0.34375,0.28125,1.0,1.0,0.7080239057540894,0.08447265625,0.3617021276595745,0.3541666666666667
train/ANSWER/9097292443262588-ANSWER.v17.npz,train,ANSWER,0.875,0.71875,0.875,0.71875,1.0,1.0,0.8251245617866516,0.1036376953125,0.8666666666666667,0.4727272727272727
train/ANSWER/9541483765592456-ANSWER.v17.npz,train,ANSWER,0.875,0.875,0.875,0.875,1.0,1.0,0.8273723125457764,0.0970458984375,0.9,0.48
train/ANSWER/9701285835763032-ANSWER.v17.npz,train,ANSWER,0.8125,0.5625,0.75,0.5,1.0,1.0,0.7116740942001343,0.0841064453125,0.7647058823529411,0.25
train/ASK/07578464379765082-ASK.v17.npz,train,ASK,0.875,0.875,0.0,0.0,1.0,0.0,0.7854713201522827,0.095703125,0.8787878787878788,0.3020833333333333
train/ASK/2295384916053822-ASK.v17.npz,train,ASK,0.8125,0.0,0.8125,0.0,0.0,1.0,0.8411476016044617,0.083740234375,0.8181818181818182,0.46153846153846156
train/ASK/2629108059091052-ASK.v17.npz,train,ASK,0.875,0.875,0.0,0.0,1.0,0.0,0.746131420135498,0.0802001953125,0.8461538461538461,0.41509433962264153
train/ASK/4350117815065837-ASK.v17.npz,train,ASK,0.875,0.03125,0.875,0.03125,1.0,1.0,0.753383219242096,0.0943603515625,0.8918918918918919,0.44594594594594594
train/ASK/5662653500807588-ASK.v17.npz,train,ASK,0.875,0.1875,0.875,0.1875,1.0,1.0,0.7834150791168213,0.10498046875,0.8666666666666667,0.38235294117647056
train/ASK/656039289068084-ASK.v17.npz,train,ASK,0.8125,0.0,0.8125,0.0,0.0,1.0,0.725895881652832,0.125,0.7777777777777778,0.3181818181818182
train/ASK/6706457733210773-ASK.v17.npz,train,ASK,0.875,0.875,0.0,0.0,1.0,0.0,0.7843480110168457,0.076416015625,0.9111111111111111,0.5324675324675324
train/ASK/6763157955886321-ASK.v17.npz,train,ASK,0.8125,0.0625,0.8125,0.0625,1.0,1.0,0.7405281662940979,0.090087890625,0.8095238095238095,0.3695652173913043
train/ASK/7072821167111014-ASK.v17.npz,train,ASK,0.8125,0.0,0.8125,0.0,0.0,1.0,0.7881916165351868,0.0877685546875,0.8333333333333334,0.36363636363636365
train/ASK/7414475346730574-ASK.v17.npz,train,ASK,0.8125,0.0,0.8125,0.0,0.0,1.0,0.7769646048545837,0.2139892578125,0.8260869565217391,0.3584905660377358
train/ASK/8888684132386102-ASK.v17.npz,train,ASK,0.75,0.0,0.75,0.0,0.0,1.0,0.7877085208892822,0.5,0.6428571428571429,0.09375
train/ASK/9468049272199688-ASK.v17.npz,train,ASK,0.5625,0.0,0.5625,0.0,0.0,1.0,0.6946343779563904,0.116455078125,0.5423728813559322,0.3333333333333333
train/ASK/9643840474305965-seedASK.v17.npz,train,ASK,0.34375,0.03125,0.3125,0.0,1.0,1.0,0.6409196257591248,0.0869140625,0.3235294117647059,0.22916666666666666
train/ASK/9984673314288812-ASK.v17.npz,train,ASK,0.8125,0.0,0.8125,0.0,0.0,1.0,0.7451221346855164,0.081298828125,0.8,0.2909090909090909
train/BAD/026903804811550636-BAD.v17.npz,train,BAD,0.875,0.0,0.875,0.0,0.0,1.0,0.7589301466941833,0.075439453125,0.8444444444444444,0.42696629213483145
train/BAD/06213765949527894-BAD.v17.npz,train,BAD,0.875,0.09375,0.875,0.09375,1.0,1.0,0.703690230846405,0.27490234375,0.8620689655172413,0.49019607843137253
train/BAD/16659435197682293-BAD.v17.npz,train,BAD,0.875,0.03125,0.875,0.03125,1.0,1.0,0.7857127785682678,0.160400390625,0.84375,0.4576271186440678
train/BAD/2507302256262631-BAD.v17.npz,train,BAD,0.8125,0.15625,0.8125,0.15625,1.0,1.0,0.7364572286605835,0.075927734375,0.8181818181818182,0.391304347826087
train/BAD/26378912740269156-BAD.v17.npz,train,BAD,0.75,0.09375,0.75,0.09375,1.0,1.0,0.7439015507698059,0.0989990234375,0.6923076923076923,0.23684210526315788
train/BAD/27067652476321635-BAD.v17.npz,train,BAD,0.53125,0.0,0.53125,0.0,0.0,1.0,0.6998461484909058,0.08782958984375,0.52,0.19696969696969696
train/BAD/41399470555461226-BAD.v17.npz,train,BAD,0.875,0.28125,0.75,0.15625,1.0,1.0,0.6191739439964294,0.075439453125,0.84,0.42857142857142855
train/BAD/5312089456577771-BAD.v17.npz,train,BAD,0.8125,0.0625,0.8125,0.0625,1.0,1.0,0.7979710698127747,0.5,0.7058823529411765,0.35294117647058826
train/BAD/5971513744254144-BAD.v17.npz,train,BAD,0.875,0.0,0.875,0.0,0.0,1.0,0.8188960552215576,0.1395263671875,0.8620689655172413,0.3472222222222222
train/BAD/6558607659620332-BAD.v17.npz,train,BAD,0.8125,0.0,0.8125,0.0,0.0,1.0,0.7727498412132263,0.0841064453125,0.7916666666666666,0.19791666666666666
train/BAD/7715727494452564-seedBAD.v17.npz,train,BAD,0.8125,0.03125,0.8125,0.03125,1.0,1.0,0.7353543043136597,0.0904541015625,0.7916666666666666,0.19791666666666666
train/BAD/8500068040222597-BAD.v17.npz,train,BAD,0.875,0.875,0.0,0.0,1.0,0.0,0.7675227522850037,0.076904296875,0.9047619047619048,0.48717948717948717
train/BIG/0010547472856581308-BIG.v17.npz,train,BIG,0.875,0.875,0.875,0.875,1.0,1.0,0.8360961079597473,0.099609375,0.9024390243902439,0.4567901234567901
train/BIG/02604937104585603-BIG.v17.npz,train,BIG,0.46875,0.34375,0.4375,0.3125,1.0,1.0,0.7114760875701904,0.089111328125,0.4857142857142857,0.3953488372093023
train/BIG/03884623593153802-BIG.v17.npz,train,BIG,0.8125,0.65625,0.8125,0.65625,1.0,1.0,0.8847337365150452,0.5,0.8333333333333334,0.4
train/BIG/08906569344299342-seedBIG.v17.npz,train,BIG,0.8125,0.8125,0.75,0.75,1.0,1.0,0.7928252220153809,0.080322265625,0.8,0.16666666666666666
train/BIG/11499358307656138-BIG.v17.npz,train,BIG,0.875,0.8125,0.84375,0.78125,1.0,1.0,0.837344765663147,0.0916748046875,0.8918918918918919,0.34375
train/BIG/30572430340937906-BIG.v17.npz,train,BIG,0.875,0.5,0.875,0.5,1.0,1.0,0.757519006729126,0.0772705078125,0.8,0.39215686274509803
train/BIG/3622847632586421-BIG.v17.npz,train,BIG,0.5,0.34375,0.5,0.34375,1.0,1.0,0.7496637105941772,0.1217041015625,0.42,0.23076923076923078
train/BIG/3717896319825944-BIG.v17.npz,train,BIG,0.875,0.65625,0.875,0.65625,1.0,1.0,0.8221876621246338,0.0791015625,0.9111111111111111,0.5324675324675324
train/BIG/46877398582210783-BIG.v17.npz,train,BIG,0.8125,0.78125,0.8125,0.78125,1.0,1.0,0.8813273906707764,0.134765625,0.8260869565217391,0.38
train/BIG/4804674718153057-BIG.v17.npz,train,BIG,0.875,0.71875,0.84375,0.6875,1.0,1.0,0.7943061590194702,0.1427001953125,0.8518518518518519,0.35384615384615387
train/BIG/5984958993020424-BIG.v17.npz,train,BIG,0.875,0.6875,0.875,0.6875,1.0,1.0,0.8789859414100647,0.3173828125,0.8571428571428571,0.5217391304347826
train/BIG/62983148818386-BIG.v17.npz,train,BIG,0.875,0.875,0.84375,0.84375,1.0,1.0,0.8860830664634705,0.09954833984375,0.8571428571428571,0.46153846153846156
train/BIG/7266634930515181-BIG.v17.npz,train,BIG,0.875,0.84375,0.875,0.84375,1.0,1.0,0.871257483959198,0.414794921875,0.8666666666666667,0.5098039215686274
train/BIG/7436952444697802-BIG.v17.npz,train,BIG,0.8125,0.71875,0.78125,0.6875,1.0,1.0,0.8528536558151245,0.0946044921875,0.8235294117647058,0.4117647058823529
train/BIG/9354080358924928-BIG.v17.npz,train,BIG,0.8125,0.78125,0.71875,0.6875,1.0,1.0,0.74558025598526,0.0897216796875,0.8095238095238095,0.3695652173913043
train/CHILD/051129576627691575-CHILD.v17.npz,train,CHILD,0.8125,0.0,0.8125,0.0,0.0,1.0,0.704814612865448,0.09521484375,0.7222222222222222,0.13541666666666666
train/CHILD/06754700554069304-CHILD.v17.npz,train,CHILD,0.875,0.0,0.875,0.0,0.0,1.0,0.8143300414085388,0.10284423828125,0.8974358974358975,0.4069767441860465
train/CHILD/255672019328512-CHILD.v17.npz,train,CHILD,0.875,0.0,0.875,0.0,0.0,1.0,0.7705917358398438,0.402587890625,0.8666666666666667,0.52
train/CHILD/2976678151413328-CHILD.v17.npz,train,CHILD,0.5,0.0,0.5,0.0,0.0,1.0,0.6622127890586853,0.0850830078125,0.46774193548387094,0.3020833333333333
train/CHILD/3386580429363426-CHILD.v17.npz,train,CHILD,0.8125,0.0,0.8125,0.0,0.0,1.0,0.7448927760124207,0.1524658203125,0.8,0.3333333333333333
train/CHILD/3790665114648748-CHILD.v17.npz,train,CHILD,0.875,0.0625,0.84375,0.03125,1.0,1.0,0.744486927986145,0.1168212890625,0.868421052631579,0.39759036144578314
train/CHILD/4858472789695838-CHILD.v17.npz,train,CHILD,0.875,0.0,0.875,0.0,0.0,1.0,0.8013821840286255,0.1102294921875,0.9024390243902439,0.5211267605633803
train/CHILD/6234298185670768-CHILD.v17.npz,train,CHILD,0.875,0.875,0.03125,0.03125,1.0,1.0,0.7923006415367126,0.086669921875,0.8518518518518519,0.36507936507936506
train/CHILD/6481545727928246-CHILD.v17.npz,train,CHILD,0.875,0.1875,0.875,0.1875,1.0,1.0,0.6434406638145447,0.10003662109375,0.8947368421052632,0.4788732394366197
train/CHILD/6537920676433713-CHILD.v17.npz,train,CHILD,0.9375,0.03125,0.90625,0.0,1.0,1.0,0.7224445939064026,0.14599609375,0.9285714285714286,0.5591397849462365
train/CHILD/7135716445345803-seedCHILD.v17.npz,train,CHILD,0.875,0.03125,0.84375,0.0,1.0,1.0,0.7424789071083069,0.1011962890625,0.8947368421052632,0.3541666666666667
train/CHILD/7310198714610268-CHILD.v17.npz,train,CHILD,0.9375,0.9375,0.25,0.25,1.0,1.0,0.6560726165771484,0.134033203125,0.9298245614035088,0.6091954022988506
train/CHILD/7594303316212625-CHILD.v17.npz,train,CHILD,0.8125,0.0,0.8125,0.0,0.0,1.0,0.7220341563224792,0.1380615234375,0.7777777777777778,0.2978723404255319
train/CHILD/8652391037919274-CHILD.v17.npz,train,CHILD,0.875,0.0,0.875,0.0,0.0,1.0,0.7597195506095886,0.0792236328125,0.8888888888888888,0.42105263157894735
train/CHILD/8750457609054456-CHILD.v17.npz,train,CHILD,0.875,0.0,0.875,0.0,0.0,1.0,0.7832679152488708,0.0816650390625,0.8947368421052632,0.4927536231884058
train/CHILD/9135734547445884-CHILD.v17.npz,train,CHILD,0.875,0.875,0.0,0.0,1.0,0.0,0.7950341105461121,0.0892333984375,0.8918918918918919,0.34375
train/COLD/11466999035726255-COLD.v17.npz,train,COLD,0.875,0.8125,0.875,0.8125,1.0,1.0,0.8385211825370789,0.17236328125,0.8787878787878788,0.43283582089552236
train/COLD/17656377523560773-COLD.v17.npz,train,COLD,0.875,0.8125,0.84375,0.78125,1.0,1.0,0.8339318037033081,0.0875244140625,0.875,0.4745762711864407
train/COLD/27259190630226193-COLD.v17.npz,train,COLD,0.875,0.625,0.875,0.625,1.0,1.0,0.8553167581558228,0.170166015625,0.8787878787878788,0.58
train/COLD/39992598966476045-COLD.v17.npz,train,COLD,0.875,0.8125,0.875,0.8125,1.0,1.0,0.8827484846115112,0.5,0.8620689655172413,0.5
train/COLD/40997457816037786-COLD.v17.npz,train,COLD,0.875,0.71875,0.78125,0.625,1.0,1.0,0.7682031989097595,0.0794677734375,0.8148148148148148,0.39285714285714285
train/COLD/5391135538624647-COLD.v17.npz,train,COLD,0.875,0.6875,0.875,0.6875,1.0,1.0,0.8101727962493896,0.085693359375,0.8918918918918919,0.4647887323943662
train/COLD/5765213045805393-COLD.v17.npz,train,COLD,0.78125,0.75,0.375,0.34375,1.0,1.0,0.7211241126060486,0.075439453125,0.8085106382978723,0.7916666666666666
train/COLD/6077539816507953-COLD.v17.npz,train,COLD,0.9375,0.875,0.875,0.8125,1.0,1.0,0.7762036323547363,0.0848388671875,0.9344262295081968,0.6404494382022472
train/COLD/6113894949381462-seedCOLD.v17.npz,train,COLD,0.8125,0.6875,0.8125,0.6875,1.0,1.0,0.8251785039901733,0.13037109375,0.7916666666666666,0.19791666666666666
train/COLD/6256497117761755-COLD.v17.npz,train,COLD,0.8125,0.8125,0.75,0.75,1.0,1.0,0.7789652943611145,0.0784912109375,0.8333333333333334,0.36363636363636365
train/COLD/6864880477398156-COLD.v17.npz,train,COLD,0.875,0.8125,0.875,0.8125,1.0,1.0,0.8907480835914612,0.5,0.8888888888888888,0.3333333333333333
train/COLD/8543628437567765-COLD.v17.npz,train,COLD,0.625,0.59375,0.46875,0.4375,1.0,1.0,0.7914377450942993,0.077880859375,0.5675675675675675,0.4375
train/COLD/8701465924878977-COLD.v17.npz,train,COLD,0.875,0.875,0.84375,0.84375,1.0,1.0,0.8460192084312439,0.075927734375,0.9111111111111111,0.43157894736842106
train/COLD/9157460455592226-COLD.v17.npz,train,COLD,0.75,0.75,0.625,0.625,1.0,1.0,0.8708676099777222,0.10455322265625,0.75,0.21818181818181817
train/COLD/9912276588256546-COLD.v17.npz,train,COLD,0.875,0.84375,0.875,0.84375,1.0,1.0,0.8195120692253113,0.116455078125,0.8780487804878049,0.375
train/COME/010997145882042814-seedCOME.v17.npz,train,COME,0.8125,0.15625,0.75,0.09375,1.0,1.0,0.708751916885376,0.094482421875,0.8260869565217391,0.3958333333333333
train/COME/0165763043403353-COME.v17.npz,train,COME,0.8125,0.03125,0.78125,0.0,1.0,1.0,0.7494478821754456,0.29150390625,0.7391304347826086,0.32075471698113206
train/COME/055732368427704904-COME.v17.npz,train,COME,0.5625,0.46875,0.15625,0.0625,1.0,1.0,0.632910430431366,0.08203125,0.4431818181818182,0.40625
train/COME/27472288337812434-COME.v17.npz,train,COME,0.8125,0.03125,0.78125,0.0,1.0,1.0,0.853759765625,0.5,0.8095238095238095,0.2786885245901639
train/COME/3537345851274545-COME.v17.npz,train,COME,0.875,0.0625,0.875,0.0625,1.0,1.0,0.8086516857147217,0.1202392578125,0.8571428571428571,0.42857142857142855
train/COME/39081440676355306-COME.v17.npz,train,COME,0.875,0.03125,0.875,0.03125,1.0,1.0,0.7631233334541321,0.08251953125,0.8076923076923077,0.40384615384615385
train/COME/3921320702075002-COME.v17.npz,train,COME,0.71875,0.03125,0.6875,0.0,1.0,1.0,0.8007450103759766,0.431396484375,0.75,0.2535211267605634
train/COME/42561609545136014-COME.v17.npz,train,COME,0.75,0.0,0.75,0.0,0.0,1.0,0.7637620568275452,0.16748046875,0.7142857142857143,0.25
train/COME/45473820037956725-COME.v17.npz,train,COME,0.78125,0.59375,0.34375,0.15625,1.0,1.0,0.6920121908187866,0.0927734375,0.7384615384615385,0.5783132530120482
train/COME/5245211280359048-COME.v17.npz,train,COME,0.75,0.0,0.75,0.0,0.0,1.0,0.9228435754776001,0.5107421875,0.6923076923076923,0.15
train/COME/5774324878258876-COME.v17.npz,train,COME,0.8125,0.8125,0.0,0.0,1.0,0.0,0.790930449962616,0.1513671875,0.8,0.3076923076923077
train/COME/7764581525163443-COME.v17.npz,train,COME,0.8125,0.0625,0.8125,0.0625,1.0,1.0,0.7105387449264526,0.086181640625,0.6111111111111112,0.275
train/COME/826349513489413-COME.v17.npz,train,COME,0.75,0.09375,0.75,0.09375,1.0,1.0,0.6790791153907776,0.0963134765625,0.6153846153846154,0.13793103448275862
train/COME/8761272343943907-COME.v17.npz,train,COME,0.875,0.875,0.0625,0.0625,1.0,1.0,0.7473110556602478,0.0992431640625,0.8823529411764706,0.33707865168539325
train/COME/9733473831041732-COME.v17.npz,train,COME,0.71875,0.6875,0.03125,0.0,1.0,1.0,0.748706579208374,0.1456298828125,0.6842105263157895,0.3880597014925373
train/DAY/1526741914242873-DAY.v17.npz,train,DAY,0.875,0.875,0.875,0.875,1.0,1.0,0.7583948969841003,0.260009765625,0.9069767441860465,0.4148936170212766
train/DAY/18566632058805044-seedDAY.v17.npz,train,DAY,0.8125,0.65625,0.8125,0.65625,1.0,1.0,0.7542211413383484,0.1519775390625,0.8260869565217391,0.19791666666666666
train/DAY/2127361825953915-DAY.v17.npz,train,DAY,0.5,0.03125,0.46875,0.0,1.0,1.0,0.7244352102279663,0.0899658203125,0.5161290322580645,0.23880597014925373
train/DAY/22177855833836602-DAY.v17.npz,train,DAY,0.78125,0.03125,0.75,0.0,1.0,1.0,0.7560745477676392,0.0809326171875,0.7777777777777778,0.4444444444444444
train/DAY/22682052489427296-DAY.v17.npz,train,DAY,0.9375,0.9375,0.84375,0.84375,1.0,1.0,0.7833694219589233,0.0751953125,0.92,0.4791666666666667
train/DAY/33248134847065836-DAY.v17.npz,train,DAY,0.875,0.875,0.4375,0.4375,1.0,1.0,0.7806069254875183,0.1187744140625,0.8461538461538461,0.4230769230769231
train/DAY/38496706091783506-DAY.v17.npz,train,DAY,0.875,0.84375,0.875,0.84375,1.0,1.0,0.7525318264961243,0.0762939453125,0.9090909090909091,0.4166666666666667
train/DAY/45882506624568764-DAY.v17.npz,train,DAY,0.875,0.3125,0.75,0.1875,1.0,1.0,0.7463364601135254,0.08740234375,0.8974358974358975,0.4666666666666667
train/DAY/5240267173967887-DAY.v17.npz,train,DAY,0.875,0.1875,0.875,0.1875,1.0,1.0,0.7903455495834351,0.080322265625,0.8571428571428571,0.5084745762711864
train/DAY/596424111873483-DAY.v17.npz,train,DAY,0.8125,0.8125,0.78125,0.78125,1.0,1.0,0.8024476766586304,0.1640625,0.8181818181818182,0.35294117647058826
train/DAY/6369569351542994-DAY.v17.npz,train,DAY,0.875,0.71875,0.5,0.34375,1.0,1.0,0.809205949306488,0.0858154296875,0.8918918918918919,0.42857142857142855
train/DAY/6849916550986419-DAY.v17.npz,train,DAY,0.875,0.21875,0.78125,0.125,1.0,1.0,0.775973379611969,0.0946044921875,0.8809523809523809,0.3854166666666667
train/DAY/8036762359057699-DAY.v17.npz,train,DAY,0.71875,0.03125,0.6875,0.0,1.0,1.0,0.7976940870285034,0.1158447265625,0.71875,0.3898305084745763
train/DAY/8604919873971555-DAY.v17.npz,train,DAY,0.71875,0.5,0.46875,0.25,1.0,1.0,0.763633131980896,0.222900390625,0.7241379310344828,0.3
train/DAY/9458795780850124-DAY.v17.npz,train,DAY,0.875,0.5625,0.875,0.5625,1.0,1.0,0.8602334260940552,0.1065673828125,0.8823529411764706,0.39473684210526316
train/DAY/9507779782999788-DAY.v17.npz,train,DAY,0.875,0.40625,0.84375,0.375,1.0,1.0,0.7745288014411926,0.093017578125,0.9047619047619048,0.5066666666666667
train/DIFFERENT/09035665410984017-DIFFERENT.v17.npz,train,DIFFERENT,0.8125,0.8125,0.625,0.625,1.0,1.0,0.828783392906189,0.1326904296875,0.8260869565217391,0.41304347826086957
train/DIFFERENT/23278500386568868-DIFFERENT.v17.npz,train,DIFFERENT,0.8125,0.8125,0.625,0.625,1.0,1.0,0.8626694083213806,0.0955810546875,0.8,0.36363636363636365
train/DIFFERENT/2647850986169875-seedDIFFERENT.v17.npz,train,DIFFERENT,0.875,0.78125,0.8125,0.71875,1.0,1.0,0.7765240669250488,0.1395263671875,0.8076923076923077,0.21875
train/DIFFERENT/28473039465033767-DIFFERENT.v17.npz,train,DIFFERENT,0.875,0.71875,0.875,0.71875,1.0,1.0,0.8845642805099487,0.1153564453125,0.8947368421052632,0.38636363636363635
train/DIFFERENT/3450925010970334-DIFFERENT.v17.npz,train,DIFFERENT,0.9375,0.9375,0.84375,0.84375,1.0,1.0,0.8515641093254089,0.1336669921875,0.9215686274509803,0.5
train/DIFFERENT/3671264522753308-DIFFERENT.v17.npz,train,DIFFERENT,0.875,0.8125,0.84375,0.78125,1.0,1.0,0.8341703414916992,0.076904296875,0.8709677419354839,0.5094339622641509
train/DIFFERENT/3979542273376353-DIFFERENT.v17.npz,train,DIFFERENT,0.875,0.84375,0.84375,0.8125,1.0,1.0,0.8149467706680298,0.0848388671875,0.8974358974358975,0.3645833333333333
train/DIFFERENT/40476184301049223-DIFFERENT.v17.npz,train,DIFFERENT,0.8125,0.5625,0.8125,0.5625,1.0,1.0,0.8265248537063599,0.0816650390625,0.8181818181818182,0.391304347826087
train/DIFFERENT/519798886156041-DIFFERENT.v17.npz,train,DIFFERENT,0.875,0.8125,0.84375,0.78125,1.0,1.0,0.863210916519165,0.0806884765625,0.8666666666666667,0.52
train/DIFFERENT/5538288174206061-DIFFERENT.v17.npz,train,DIFFERENT,0.875,0.875,0.78125,0.78125,1.0,1.0,0.8455851078033447,0.141845703125,0.9047619047619048,0.48717948717948717
train/DIFFERENT/5558132949950849-DIFFERENT.v17.npz,train,DIFFERENT,0.59375,0.59375,0.5,0.5,1.0,1.0,0.7778030037879944,0.075927734375,0.5846153846153846,0.3958333333333333
train/DIFFERENT/690883161151304-DIFFERENT.v17.npz,train,DIFFERENT,0.875,0.875,0.78125,0.78125,1.0,1.0,0.848964273929596,0.191650390625,0.8148148148148148,0.39285714285714285
train/DIFFERENT/714657544656933-DIFFERENT.v17.npz,train,DIFFERENT,0.875,0.59375,0.8125,0.53125,1.0,1.0,0.7831294536590576,0.0775146484375,0.85,0.4857142857142857
train/DIFFERENT/7644545089589412-DIFFERENT.v17.npz,train,DIFFERENT,0.875,0.78125,0.8125,0.71875,1.0,1.0,0.8608969449996948,0.078125,0.8787878787878788,0.4142857142857143
train/DIFFERENT/9055897783856317-DIFFERENT.v17.npz,train,DIFFERENT,0.875,0.84375,0.78125,0.75,1.0,1.0,0.8782426118850708,0.5,0.8888888888888888,0.3855421686746988
train/DOCTOR/048346276036581814-DOCTOR.v17.npz,train,DOCTOR,0.875,0.78125,0.875,0.78125,1.0,1.0,0.8436101078987122,0.0821533203125,0.9069767441860465,0.40625
train/DOCTOR/1792184090128197-DOCTOR.v17.npz,train,DOCTOR,0.8125,0.8125,0.75,0.75,1.0,1.0,0.8270841836929321,0.1551513671875,0.7894736842105263,0.39473684210526316
train/DOCTOR/2007543242521641-DOCTOR.v17.npz,train,DOCTOR,0.875,0.625,0.875,0.625,1.0,1.0,0.8291972279548645,0.1002197265625,0.84,0.3230769230769231
train/DOCTOR/2634628546208524-DOCTOR.v17.npz,train,DOCTOR,0.875,0.75,0.84375,0.71875,1.0,1.0,0.785659909248352,0.491455078125,0.8333333333333334,0.5434782608695652
train/DOCTOR/28178289250012867-DOCTOR.v17.npz,train,DOCTOR,0.875,0.84375,0.8125,0.78125,1.0,1.0,0.8551568388938904,0.081298828125,0.8918918918918919,0.4782608695652174
train/DOCTOR/2977445528211726-DOCTOR.v17.npz,train,DOCTOR,0.9375,0.9375,0.84375,0.84375,1.0,1.0,0.8275372385978699,0.0762939453125,0.9183673469387755,0.4787234042553192
train/DOCTOR/4205225902717711-DOCTOR.v17.npz,train,DOCTOR,0.875,0.3125,0.6875,0.125,1.0,1.0,0.6501925587654114,0.0750732421875,0.78125,0.4098360655737705
train/DOCTOR/4458794912357702-DOCTOR.v17.npz,train,DOCTOR,0.875,0.375,0.875,0.375,1.0,1.0,0.8396745920181274,0.0833740234375,0.9,0.6
train/DOCTOR/45321610069134644-seedDOCTOR.v17.npz,train,DOCTOR,0.875,0.6875,0.875,0.6875,1.0,1.0,0.8377427458763123,0.09375,0.84,0.21875
train/DOCTOR/5718999524283179-DOCTOR.v17.npz,train,DOCTOR,0.875,0.84375,0.8125,0.78125,1.0,1.0,0.825404942035675,0.0909423828125,0.8620689655172413,0.46296296296296297
train/DOCTOR/6920767799112704-DOCTOR.v17.npz,train,DOCTOR,0.875,0.8125,0.78125,0.71875,1.0,1.0,0.7700662612915039,0.0938720703125,0.8157894736842105,0.3229166666666667
train/DOCTOR/7434848636786409-DOCTOR.v17.npz,train,DOCTOR,0.875,0.53125,0.875,0.53125,1.0,1.0,0.7930710911750793,0.07958984375,0.8,0.42105263157894735
train/DOCTOR/8705578061143806-DOCTOR.v17.npz,train,DOCTOR,0.875,0.75,0.78125,0.65625,1.0,1.0,0.8514402508735657,0.1593017578125,0.8571428571428571,0.5106382978723404
train/DRINK/03800598663017607-DRINK.v17.npz,train,DRINK,0.75,0.0625,0.6875,0.0,1.0,1.0,0.7544111013412476,0.07666015625,0.75,0.34782608695652173
train/DRINK/21577690984159714-DRINK.v17.npz,train,DRINK,0.84375,0.0625,0.8125,0.03125,1.0,1.0,0.7650354504585266,0.09130859375,0.8529411764705882,0.3020833333333333
train/DRINK/2597508467759426-DRINK.v17.npz,train,DRINK,0.875,0.875,0.0625,0.0625,1.0,1.0,0.8051407933235168,0.1534423828125,0.875,0.5
train/DRINK/3150362992415996-DRINK.v17.npz,train,DRINK,0.875,0.03125,0.875,0.03125,1.0,1.0,0.7627453207969666,0.0799560546875,0.8571428571428571,0.2857142857142857
train/DRINK/5600935739224888-DRINK.v17.npz,train,DRINK,0.875,0.09375,0.8125,0.03125,1.0,1.0,0.7511217594146729,0.1151123046875,0.7692307692307693,0.4166666666666667
train/DRINK/6196253651803971-DRINK.v17.npz,train,DRINK,0.875,0.09375,0.875,0.09375,1.0,1.0,0.7650543451309204,0.1051025390625,0.8620689655172413,0.423728813559322
train/DRINK/7985319657788752-seedDRINK.v17.npz,train,DRINK,0.8125,0.0,0.8125,0.0,0.0,1.0,0.7656184434890747,0.12353515625,0.8260869565217391,0.19791666666666666
train/DRINK/8114625026876388-DRINK.v17.npz,train,DRINK,0.875,0.0,0.875,0.0,0.0,1.0,0.772276759147644,0.1513671875,0.8214285714285714,0.42592592592592593
train/DRINK/9140450917748142-DRINK.v17.npz,train,DRINK,0.875,0.0625,0.875,0.0625,1.0,1.0,0.7664133906364441,0.0904541015625,0.84,0.2876712328767123
train/DRINK/9694895312894787-DRINK.v17.npz,train,DRINK,0.75,0.0,0.75,0.0,0.0,1.0,0.7642805576324463,0.37841796875,0.6923076923076923,0.09375
train/DRINK/9757502559319415-DRINK.v17.npz,train,DRINK,0.84375,0.03125,0.8125,0.0,1.0,1.0,0.7470373511314392,0.1514892578125,0.8648648648648649,0.3516483516483517
train/DRINK/980212048263337-DRINK.v17.npz,train,DRINK,0.875,0.125,0.875,0.125,1.0,1.0,0.7716782093048096,0.093017578125,0.84,0.38181818181818183
train/DRINK/9841052916244253-DRINK.v17.npz,train,DRINK,0.875,0.875,0.125,0.125,1.0,1.0,0.7084020972251892,0.0765380859375,0.8837209302325582,0.5277777777777778
train/DRINK/9957580073891368-DRINK.v17.npz,train,DRINK,0.75,0.0625,0.6875,0.0,1.0,1.0,0.7518125772476196,0.123779296875,0.7333333333333333,0.20754716981132076
train/EASY/06055374831145932-EASY.v17.npz,train,EASY,0.875,0.84375,0.84375,0.8125,1.0,1.0,0.7988734841346741,0.1131591796875,0.8620689655172413,0.4098360655737705
train/EASY/08338951361487168-EASY.v17.npz,train,EASY,0.9375,0.90625,0.9375,0.90625,1.0,1.0,0.8003823757171631,0.078857421875,0.92,0.48936170212765956
train/EASY/09887530039630343-EASY.v17.npz,train,EASY,0.875,0.8125,0.875,0.8125,1.0,1.0,0.8315944075584412,0.25634765625,0.8888888888888888,0.4266666666666667
train/EASY/11371494843142349-EASY.v17.npz,train,EASY,0.875,0.84375,0.71875,0.6875,1.0,1.0,0.8396076560020447,0.0797119140625,0.8787878787878788,0.5918367346938775
train/EASY/16884356585373195-EASY.v17.npz,train,EASY,0.96875,0.96875,0.28125,0.28125,1.0,1.0,0.8033162355422974,0.1077880859375,0.9736842105263158,0.7708333333333334
train/EASY/2691234998843828-EASY.v17.npz,train,EASY,0.96875,0.71875,0.96875,0.71875,1.0,1.0,0.8600077033042908,0.121337890625,0.971830985915493,0.8214285714285714
train/EASY/2873737968249803-EASY.v17.npz,train,EASY,0.875,0.875,0.8125,0.8125,1.0,1.0,0.8718878030776978,0.493408203125,0.9047619047619048,0.6229508196721312
train/EASY/30728714147348457-EASY.v17.npz,train,EASY,0.875,0.875,0.71875,0.71875,1.0,1.0,0.8467665314674377,0.08154296875,0.8888888888888888,0.47058823529411764
train/EASY/3481069285509393-EASY.v17.npz,train,EASY,0.875,0.875,0.5625,0.5625,1.0,1.0,0.7713446617126465,0.1136474609375,0.8148148148148148,0.5
train/EASY/36885950287469704-EASY.v17.npz,train,EASY,1.0,1.0,0.59375,0.59375,1.0,1.0,0.8167818188667297,0.0777587890625,1.0,1.0
train/EASY/5790222875056432-EASY.v17.npz,train,EASY,0.9375,0.9375,0.875,0.875,1.0,1.0,0.8323544263839722,0.0958251953125,0.9215686274509803,0.4895833333333333
train/EASY/6115173784330921-EASY.v17.npz,train,EASY,0.875,0.875,0.5,0.5,1.0,1.0,0.7881145477294922,0.0887451171875,0.8461538461538461,0.3548387096774194
train/EASY/8364470069705872-seedEASY.v17.npz,train,EASY,0.875,0.875,0.8125,0.8125,1.0,1.0,0.8167498707771301,0.129150390625,0.8947368421052632,0.3541666666666667
train/EASY/8676316241278772-EASY.v17.npz,train,EASY,0.875,0.875,0.84375,0.84375,1.0,1.0,0.8412150144577026,0.0762939453125,0.9130434782608695,0.46153846153846156
train/EASY/8871645570624382-EASY.v17.npz,train,EASY,0.875,0.75,0.8125,0.6875,1.0,1.0,0.8576022386550903,0.076171875,0.84,0.44680851063829785
train/EASY/9412999738790802-EASY.v17.npz,train,EASY,0.875,0.78125,0.875,0.78125,1.0,1.0,0.8399785757064819,0.0908203125,0.9,0.5294117647058824
train/EASY/9771674478620125-EASY.v17.npz,train,EASY,0.875,0.875,0.75,0.75,1.0,1.0,0.8363145589828491,0.095947265625,0.7857142857142857,0.3384615384615385
train/EAT/1529448369800237-EAT.v17.npz,train,EAT,0.9375,0.9375,0.03125,0.03125,1.0,1.0,0.7745597958564758,0.0760498046875,0.9,0.5769230769230769
train/EAT/30148795754394175-EAT.v17.npz,train,EAT,0.8125,0.0,0.8125,0.0,0.0,1.0,0.7736298441886902,0.0760498046875,0.8333333333333334,0.43478260869565216
train/EAT/31477726769914227-EAT.v17.npz,train,EAT,0.5,0.03125,0.46875,0.0,1.0,1.0,0.714171826839447,0.0755615234375,0.4909090909090909,0.28125
train/EAT/33555147348315106-EAT.v17.npz,train,EAT,0.9375,0.9375,0.0,0.0,1.0,0.0,0.762698233127594,0.104248046875,0.92,0.5679012345679012
train/EAT/3407129339550383-EAT.v17.npz,train,EAT,0.875,0.03125,0.84375,0.0,1.0,1.0,0.8405367136001587,0.5,0.8666666666666667,0.4262295081967213
train/EAT/36220708618174635-seedEAT.v17.npz,train,EAT,0.8125,0.09375,0.71875,0.0,1.0,1.0,0.7542102932929993,0.1070556640625,0.8181818181818182,0.1875
train/EAT/3878260902223658-EAT.v17.npz,train,EAT,0.875,0.0,0.875,0.0,0.0,1.0,0.8216413855552673,0.078857421875,0.8518518518518519,0.45098039215686275
train/EAT/43234510854275543-EAT.v17.npz,train,EAT,0.875,0.0,0.875,0.0,0.0,1.0,0.7568148374557495,0.078857421875,0.875,0.3645833333333333
train/EAT/4589443576656864-EAT.v17.npz,train,EAT,0.8125,0.0,0.8125,0.0,0.0,1.0,0.7996034622192383,0.07958984375,0.8181818181818182,0.43902439024390244
train/EAT/5237431195885818-EAT.v17.npz,train,EAT,0.875,0.875,0.0,0.0,1.0,0.0,0.7631268501281738,0.0809326171875,0.9047619047619048,0.4578313253012048
train/EAT/5739215722518052-EAT.v17.npz,train,EAT,0.875,0.125,0.78125,0.03125,1.0,1.0,0.7871347665786743,0.5,0.8461538461538461,0.36666666666666664
train/EAT/5847293981432022-EAT.v17.npz,train,EAT,0.8125,0.0,0.8125,0.0,0.0,1.0,0.8136212229728699,0.1751708984375,0.8095238095238095,0.3090909090909091
train/EAT/6012215303497841-EAT.v17.npz,train,EAT,0.875,0.03125,0.875,0.03125,1.0,1.0,0.7913172245025635,0.086669921875,0.8787878787878788,0.35802469135802467
train/EAT/6460191084812579-EAT.v17.npz,train,EAT,0.875,0.0625,0.875,0.0625,1.0,1.0,0.7970392107963562,0.0906982421875,0.875,0.35443037974683544
train/EAT/7327271470470507-EAT.v17.npz,train,EAT,0.75,0.0,0.75,0.0,0.0,1.0,0.8011555671691895,0.1964111328125,0.7333333333333333,0.2619047619047619
train/EAT/7468673870660452-EAT.v17.npz,train,EAT,0.875,0.0,0.875,0.0,0.0,1.0,0.7720744013786316,0.0877685546875,0.8518518518518519,0.3484848484848485
train/EAT/8083635818179542-EAT.v17.npz,train,EAT,0.875,0.875,0.0,0.0,1.0,0.0,0.8130356073379517,0.5,0.9047619047619048,0.4935064935064935
train/EAT/8267242257825924-EAT.v17.npz,train,EAT,0.75,0.0,0.75,0.0,0.0,1.0,0.7717775106430054,0.1617431640625,0.7333333333333333,0.23404255319148937
train/EXCITED/03311997257343724-EXCITED.v17.npz,train,EXCITED,0.9375,0.78125,0.90625,0.75,1.0,1.0,0.8138313293457031,0.0767822265625,0.9056603773584906,0.5274725274725275
train/EXCITED/059522072351106736-EXCITED.v17.npz,train,EXCITED,0.875,0.84375,0.84375,0.8125,1.0,1.0,0.7565652132034302,0.0989990234375,0.8717948717948718,0.5074626865671642
train/EXCITED/11931963343562568-EXCITED.v17.npz,train,EXCITED,0.875,0.8125,0.625,0.5625,1.0,1.0,0.7812206149101257,0.12890625,0.8387096774193549,0.6046511627906976
train/EXCITED/3778978686595724-EXCITED.v17.npz,train,EXCITED,0.875,0.8125,0.78125,0.71875,1.0,1.0,0.755781352519989,0.1065673828125,0.84,0.42857142857142855
train/EXCITED/37978087211349343-EXCITED.v17.npz,train,EXCITED,0.875,0.65625,0.875,0.65625,1.0,1.0,0.7862659692764282,0.12158203125,0.9,0.4864864864864865
train/EXCITED/48335583942964977-seedEXCITED.v17.npz,train,EXCITED,0.625,0.5,0.53125,0.40625,1.0,1.0,0.7124894261360168,0.075927734375,0.6,0.375
train/EXCITED/4921984662423913-EXCITED.v17.npz,train,EXCITED,0.875,0.875,0.84375,0.84375,1.0,1.0,0.8218337893486023,0.080322265625,0.8823529411764706,0.43478260869565216
train/EXCITED/4967206015225847-EXCITED.v17.npz,train,EXCITED,0.875,0.75,0.75,0.625,1.0,1.0,0.7343401312828064,0.0941162109375,0.8787878787878788,0.5686274509803921
train/EXCITED/5090546188010729-EXCITED.v17.npz,train,EXCITED,0.90625,0.6875,0.8125,0.59375,1.0,1.0,0.767158031463623,0.0762939453125,0.9210526315789473,0.6481481481481481
train/EXCITED/5835364162677081-EXCITED.v17.npz,train,EXCITED,0.9375,0.53125,0.90625,0.5,1.0,1.0,0.7807361483573914,0.0831298828125,0.9180327868852459,0.5833333333333334
train/EXCITED/8829522596940469-EXCITED.v17.npz,train,EXCITED,0.78125,0.5625,0.75,0.53125,1.0,1.0,0.7061079740524292,0.078125,0.7068965517241379,0.4270833333333333
train/EXCITED/8917119128688213-EXCITED.v17.npz,train,EXCITED,0.875,0.78125,0.875,0.78125,1.0,1.0,0.8274012207984924,0.07861328125,0.8888888888888888,0.5079365079365079
train/EXCITED/944735439541619-EXCITED.v17.npz,train,EXCITED,0.9375,0.8125,0.9375,0.8125,1.0,1.0,0.8336554169654846,0.084716796875,0.9365079365079365,0.6555555555555556
train/EXCITED/9703751131560399-EXCITED.v17.npz,train,EXCITED,0.71875,0.6875,0.625,0.59375,1.0,1.0,0.7497445344924927,0.0830078125,0.6666666666666666,0.5
train/FAMILY/05708826093734798-FAMILY.v17.npz,train,FAMILY,0.875,0.875,0.875,0.875,1.0,1.0,0.8450344204902649,0.1387939453125,0.8787878787878788,0.42028985507246375
train/FAMILY/1290362005086354-FAMILY.v17.npz,train,FAMILY,0.9375,0.9375,0.5,0.5,1.0,1.0,0.7714003324508667,0.0816650390625,0.9411764705882353,0.6153846153846154
train/FAMILY/1638014502482117-FAMILY.v17.npz,train,FAMILY,0.875,0.6875,0.875,0.6875,1.0,1.0,0.8000221252441406,0.09765625,0.825,0.34375
train/FAMILY/1654484908904772-FAMILY.v17.npz,train,FAMILY,0.875,0.78125,0.84375,0.75,1.0,1.0,0.8438516855239868,0.1434326171875,0.875,0.5283018867924528
train/FAMILY/17688969691666112-FAMILY.v17.npz,train,FAMILY,0.875,0.8125,0.84375,0.78125,1.0,1.0,0.8242834806442261,0.0792236328125,0.9090909090909091,0.6060606060606061
train/FAMILY/23627306204455656-FAMILY.v17.npz,train,FAMILY,0.9375,0.90625,0.9375,0.90625,1.0,1.0,0.8163555860519409,0.0775146484375,0.9310344827586207,0.5625
train/FAMILY/24482553688438768-FAMILY.v17.npz,train,FAMILY,0.875,0.875,0.84375,0.84375,1.0,1.0,0.8272928595542908,0.0936279296875,0.9024390243902439,0.3854166666666667
train/FAMILY/3923069450478833-FAMILY.v17.npz,train,FAMILY,0.78125,0.6875,0.53125,0.4375,1.0,1.0,0.7716756463050842,0.0831298828125,0.8095238095238095,0.5396825396825397
train/FAMILY/45437698823796135-FAMILY.v17.npz,train,FAMILY,0.8125,0.8125,0.75,0.75,1.0,1.0,0.8358725905418396,0.138427734375,0.8333333333333334,0.40816326530612246
train/FAMILY/4628193900204982-FAMILY.v17.npz,train,FAMILY,0.875,0.71875,0.84375,0.6875,1.0,1.0,0.759569525718689,0.0791015625,0.8269230769230769,0.5180722891566265
train/FAMILY/4672560255302298-seedFAMILY.v17.npz,train,FAMILY,0.8125,0.8125,0.8125,0.8125,1.0,1.0,0.8080504536628723,0.1353759765625,0.782608695652174,0.1875
train/FAMILY/5231117289015388-FAMILY.v17.npz,train,FAMILY,0.75,0.75,0.59375,0.59375,1.0,1.0,0.8636711239814758,0.284423828125,0.75,0.25263157894736843
train/FAMILY/6333838161696508-FAMILY.v17.npz,train,FAMILY,0.875,0.75,0.875,0.75,1.0,1.0,0.8362929821014404,0.1036376953125,0.8518518518518519,0.4423076923076923
train/FAMILY/801580215278554-FAMILY.v17.npz,train,FAMILY,0.9375,0.875,0.9375,0.875,1.0,1.0,0.8109337687492371,0.0791015625,0.9183673469387755,0.4787234042553192
train/FAMILY/845411153644452-FAMILY.v17.npz,train,FAMILY,0.875,0.75,0.875,0.75,1.0,1.0,0.8194047808647156,0.1202392578125,0.8857142857142857,0.40789473684210525
train/FATHER/01723835388117645-seedFATHER.v17.npz,train,FATHER,0.875,0.03125,0.875,0.03125,1.0,1.0,0.7581917643547058,0.11865234375,0.84,0.21875
train/FATHER/023287006799920906-FATHER.v17.npz,train,FATHER,0.875,0.03125,0.875,0.03125,1.0,1.0,0.7657742500305176,0.09814453125,0.8947368421052632,0.85
train/FATHER/19495528192299982-FATHER.v17.npz,train,FATHER,0.875,0.03125,0.875,0.03125,1.0,1.0,0.7728646397590637,0.07568359375,0.8974358974358975,0.5
train/FATHER/30674313805858255-FATHER.v17.npz,train,FATHER,0.875,0.875,0.0,0.0,1.0,0.0,0.7661236524581909,0.0894775390625,0.8974358974358975,0.4605263157894737
train/FATHER/3512784023936262-FATHER.v17.npz,train,FATHER,0.875,0.0,0.875,0.0,0.0,1.0,0.8021736145019531,0.1787109375,0.8620689655172413,0.45454545454545453
train/FATHER/47857573015695154-FATHER.v17.npz,train,FATHER,0.875,0.09375,0.78125,0.0,1.0,1.0,0.7278764247894287,0.1112060546875,0.8518518518518519,0.4107142857142857
train/FATHER/5083805087745334-FATHER.v17.npz,train,FATHER,0.875,0.0,0.875,0.0,0.0,1.0,0.7634415626525879,0.0765380859375,0.9069767441860465,0.5131578947368421
train/FATHER/5683249939832291-FATHER.v17.npz,train,FATHER,0.875,0.03125,0.875,0.03125,1.0,1.0,0.7870159149169922,0.26025390625,0.8571428571428571,0.3582089552238806
train/FATHER/5795194739836211-FATHER.v17.npz,train,FATHER,0.875,0.0,0.875,0.0,0.0,1.0,0.7847141027450562,0.17578125,0.8717948717948718,0.3617021276595745
train/FATHER/6080643843120164-FATHER.v17.npz,train,FATHER,0.875,0.0625,0.8125,0.0,1.0,1.0,0.7654151320457458,0.0780029296875,0.8461538461538461,0.4489795918367347
train/FATHER/8247913651486547-FATHER.v17.npz,train,FATHER,0.875,0.0,0.875,0.0,0.0,1.0,0.7408481240272522,0.112548828125,0.8461538461538461,0.22916666666666666
train/FATHER/8360801452399957-FATHER.v17.npz,train,FATHER,0.8125,0.0,0.8125,0.0,0.0,1.0,0.7204241156578064,0.1007080078125,0.7894736842105263,0.30612244897959184
train/FATHER/8528744514122979-FATHER.v17.npz,train,FATHER,0.875,0.0,0.875,0.0,0.0,1.0,0.719514012336731,0.078857421875,0.8918918918918919,0.38823529411764707
train/FATHER/9265869776877644-FATHER.v17.npz,train,FATHER,0.875,0.875,0.03125,0.03125,1.0,1.0,0.724100649356842,0.0802001953125,0.8444444444444444,0.5205479452054794
train/FEEL/039311828107857494-FEEL.v17.npz,train,FEEL,0.875,0.0,0.875,0.0,0.0,1.0,0.748889684677124,0.14306640625,0.9111111111111111,0.43157894736842106
train/FEEL/09488702358853462-FEEL.v17.npz,train,FEEL,0.8125,0.0,0.8125,0.0,0.0,1.0,0.7335277199745178,0.1151123046875,0.8,0.37209302325581395
train/FEEL/16441722629236466-FEEL.v17.npz,train,FEEL,0.9375,0.90625,0.0625,0.03125,1.0,1.0,0.7390763163566589,0.118408203125,0.9166666666666666,0.5789473684210527
train/FEEL/2818424396791055-FEEL.v17.npz,train,FEEL,0.875,0.0,0.875,0.0,0.0,1.0,0.7884266972541809,0.316650390625,0.84,0.4375
train/FEEL/4195498717382553-FEEL.v17.npz,train,FEEL,0.8125,0.0625,0.8125,0.0625,1.0,1.0,0.744174599647522,0.27490234375,0.8181818181818182,0.47368421052631576
train/FEEL/4560608489469089-FEEL.v17.npz,train,FEEL,0.875,0.0,0.875,0.0,0.0,1.0,0.7878105640411377,0.1451416015625,0.8709677419354839,0.4909090909090909
train/FEEL/47007106825738343-FEEL.v17.npz,train,FEEL,0.65625,0.15625,0.59375,0.09375,1.0,1.0,0.6437214612960815,0.35888671875,0.48717948717948717,0.2835820895522388
train/FEEL/5377632284939944-FEEL.v17.npz,train,FEEL,0.875,0.0625,0.84375,0.03125,1.0,1.0,0.7279221415519714,0.1009521484375,0.8823529411764706,0.5454545454545454
train/FEEL/5451782627570656-FEEL.v17.npz,train,FEEL,0.875,0.03125,0.875,0.03125,1.0,1.0,0.7451835870742798,0.0965576171875,0.8787878787878788,0.38666666666666666
train/FEEL/6635158577084479-FEEL.v17.npz,train,FEEL,0.875,0.0,0.875,0.0,0.0,1.0,0.7893373966217041,0.17236328125,0.8823529411764706,0.3125
train/FEEL/7243206978076484-FEEL.v17.npz,train,FEEL,0.875,0.1875,0.78125,0.09375,1.0,1.0,0.7261649966239929,0.0887451171875,0.84375,0.6206896551724138
train/FEEL/7320835026313446-FEEL.v17.npz,train,FEEL,0.875,0.875,0.0,0.0,1.0,0.0,0.7602229714393616,0.085693359375,0.9090909090909091,0.5555555555555556
train/FEEL/7325783143716607-seedFEEL.v17.npz,train,FEEL,0.875,0.03125,0.875,0.03125,1.0,1.0,0.7437586188316345,0.158935546875,0.84,0.21875
train/FEEL/8554683389855848-FEEL.v17.npz,train,FEEL,0.8125,0.03125,0.78125,0.0,1.0,1.0,0.7414080500602722,0.192138671875,0.8260869565217391,0.3584905660377358
train/FEEL/9371703021423372-FEEL.v17.npz,train,FEEL,0.875,0.0,0.875,0.0,0.0,1.0,0.7318492531776428,0.0855712890625,0.9111111111111111,0.4270833333333333
train/FIND/07916829935948999-FIND.v17.npz,train,FIND,0.875,0.875,0.15625,0.15625,1.0,1.0,0.7419169545173645,0.07958984375,0.9047619047619048,0.5066666666666667
train/FIND/22359033331993605-seedFIND.v17.npz,train,FIND,0.8125,0.0625,0.8125,0.0625,1.0,1.0,0.6936051845550537,0.1500244140625,0.8333333333333334,0.20833333333333334
train/FIND/28527056597748013-FIND.v17.npz,train,FIND,0.8125,0.0,0.8125,0.0,0.0,1.0,0.69388347864151,0.0919189453125,0.75,0.3333333333333333
train/FIND/3204407663915092-FIND.v17.npz,train,FIND,0.875,0.25,0.71875,0.09375,1.0,1.0,0.7777978181838989,0.09539794921875,0.8,0.26666666666666666
train/FIND/4072329706028195-FIND.v17.npz,train,FIND,0.875,0.0,0.875,0.0,0.0,1.0,0.7762339115142822,0.1041259765625,0.8787878787878788,0.3020833333333333
train/FIND/5899516180769444-FIND.v17.npz,train,FIND,0.875,0.1875,0.84375,0.15625,1.0,1.0,0.7474150061607361,0.081298828125,0.8214285714285714,0.38333333333333336
train/FIND/6087294130758363-FIND.v17.npz,train,FIND,0.59375,0.03125,0.5625,0.0,1.0,1.0,0.6918688416481018,0.097900390625,0.5689655172413793,0.34375
train/FIND/610712221951559-FIND.v17.npz,train,FIND,0.875,0.875,0.15625,0.15625,1.0,1.0,0.6988703608512878,0.088623046875,0.9111111111111111,0.4270833333333333
train/FIND/6517293791661136-FIND.v17.npz,train,FIND,0.8125,0.0,0.8125,0.0,0.0,1.0,0.8402389287948608,0.5,0.8,0.22857142857142856
train/FIND/6600524013477269-FIND.v17.npz,train,FIND,0.8125,0.0,0.8125,0.0,0.0,1.0,0.778837263584137,0.0849609375,0.8,0.3902439024390244
train/FIND/8618961603650133-FIND.v17.npz,train,FIND,0.8125,0.0,0.8125,0.0,0.0,1.0,0.7723351120948792,0.075927734375,0.8181818181818182,0.4090909090909091
train/FIND/864714217171799-FIND.v17.npz,train,FIND,0.8125,0.25,0.71875,0.15625,1.0,1.0,0.6652460694313049,0.1265869140625,0.7,0.2978723404255319
train/FIND/9083197141290018-FIND.v17.npz,train,FIND,0.875,0.84375,0.40625,0.375,1.0,1.0,0.7217661738395691,0.094970703125,0.8484848484848485,0.49122807017543857
train/FIND/9785239951245142-FIND.v17.npz,train,FIND,0.8125,0.0,0.8125,0.0,0.0,1.0,0.7330477237701416,0.175048828125,0.7391304347826086,0.2537313432835821
train/FRIEND/002814626086696137-FRIEND.v17.npz,train,FRIEND,0.9375,0.5,0.84375,0.40625,1.0,1.0,0.7965028882026672,0.080322265625,0.92,0.5348837209302325
train/FRIEND/011107081071308533-FRIEND.v17.npz,train,FRIEND,0.875,0.84375,0.875,0.84375,1.0,1.0,0.8144489526748657,0.12158203125,0.8823529411764706,0.4
train/FRIEND/04656481067971696-seedFRIEND.v17.npz,train,FRIEND,0.875,0.875,0.84375,0.84375,1.0,1.0,0.8440178036689758,0.16796875,0.9,0.375
train/FRIEND/06432011024096629-FRIEND.v17.npz,train,FRIEND,0.875,0.8125,0.8125,0.75,1.0,1.0,0.8066599369049072,0.0908203125,0.84,0.39622641509433965
train/FRIEND/11272869599260926-FRIEND.v17.npz,train,FRIEND,0.875,0.875,0.5625,0.5625,1.0,1.0,0.7789112329483032,0.1007080078125,0.8518518518518519,0.3770491803278688
train/FRIEND/11392442549712078-FRIEND.v17.npz,train,FRIEND,0.875,0.875,0.8125,0.8125,1.0,1.0,0.8404285311698914,0.2705078125,0.875,0.417910447761194
train/FRIEND/18156591507416464-FRIEND.v17.npz,train,FRIEND,0.9375,0.875,0.9375,0.875,1.0,1.0,0.821792483329773,0.1170654296875,0.9166666666666666,0.4583333333333333
train/FRIEND/3115705696578963-FRIEND.v17.npz,train,FRIEND,0.9375,0.9375,0.90625,0.90625,1.0,1.0,0.8707121014595032,0.128173828125,0.9285714285714286,0.5714285714285714
train/FRIEND/31292634392838026-FRIEND.v17.npz,train,FRIEND,0.875,0.8125,0.875,0.8125,1.0,1.0,0.8088633418083191,0.12066650390625,0.868421052631579,0.4342105263157895
train/FRIEND/3845231217942484-FRIEND.v17.npz,train,FRIEND,1.0,1.0,0.34375,0.34375,1.0,1.0,0.8018867373466492,0.0897216796875,1.0,1.0
train/FRIEND/38529566276462957-FRIEND.v17.npz,train,FRIEND,0.875,0.875,0.875,0.875,1.0,1.0,0.8259259462356567,0.075439453125,0.9,0.4044943820224719
train/FRIEND/3883569869285113-FRIEND.v17.npz,train,FRIEND,0.875,0.78125,0.8125,0.71875,1.0,1.0,0.8277309536933899,0.07568359375,0.9069767441860465,0.46987951807228917
train/FRIEND/49578083878868284-FRIEND.v17.npz,train,FRIEND,0.875,0.84375,0.875,0.84375,1.0,1.0,0.799012303352356,0.0850830078125,0.8666666666666667,0.43333333333333335
train/FRIEND/5227323060671167-FRIEND.v17.npz,train,FRIEND,0.875,0.875,0.6875,0.6875,1.0,1.0,0.8027816414833069,0.1427001953125,0.8461538461538461,0.29333333333333333
train/FRIEND/9999305556908715-FRIEND.v17.npz,train,FRIEND,0.875,0.53125,0.75,0.40625,1.0,1.0,0.8025273084640503,0.0855712890625,0.8823529411764706,0.35294117647058826
train/GIVE/0756193896626629-GIVE.v17.npz,train,GIVE,0.8125,0.09375,0.75,0.03125,1.0,1.0,0.8144844770431519,0.5,0.782608695652174,0.4090909090909091
train/GIVE/1823075331771542-GIVE.v17.npz,train,GIVE,0.8125,0.0,0.8125,0.0,0.0,1.0,0.6956649422645569,0.0924072265625,0.6842105263157895,0.2549019607843137
train/GIVE/24298622199216324-GIVE.v17.npz,train,GIVE,0.875,0.09375,0.78125,0.0,1.0,1.0,0.7162891626358032,0.089111328125,0.7307692307692307,0.31666666666666665
train/GIVE/2495443890240825-GIVE.v17.npz,train,GIVE,0.8125,0.0625,0.8125,0.0625,1.0,1.0,0.7878280878067017,0.093505859375,0.7894736842105263,0.2631578947368421
train/GIVE/3730777319546914-seedGIVE.v17.npz,train,GIVE,0.71875,0.0625,0.6875,0.03125,1.0,1.0,0.7093781232833862,0.0855712890625,0.7169811320754716,0.3958333333333333
train/GIVE/39549485976085896-GIVE.v17.npz,train,GIVE,0.5625,0.03125,0.53125,0.0,1.0,1.0,0.740041196346283,0.163818359375,0.5833333333333334,0.24561403508771928
train/GIVE/44123846585091897-GIVE.v17.npz,train,GIVE,0.84375,0.25,0.78125,0.1875,1.0,1.0,0.7359821796417236,0.093994140625,0.8205128205128205,0.4050632911392405
train/GIVE/5657005340369723-GIVE.v17.npz,train,GIVE,0.875,0.03125,0.84375,0.0,1.0,1.0,0.8142668604850769,0.5,0.8620689655172413,0.3333333333333333
train/GIVE/6525872000407231-GIVE.v17.npz,train,GIVE,0.8125,0.03125,0.8125,0.03125,1.0,1.0,0.7466580271720886,0.0767822265625,0.8095238095238095,0.2361111111111111
train/GIVE/6761534511903275-GIVE.v17.npz,train,GIVE,0.875,0.875,0.0625,0.0625,1.0,1.0,0.7351627945899963,0.08251953125,0.9090909090909091,0.47619047619047616
train/GIVE/7602780259740458-GIVE.v17.npz,train,GIVE,0.8125,0.8125,0.0,0.0,1.0,0.0,0.8246132731437683,0.5,0.8260869565217391,0.4222222222222222
train/GIVE/8691068748116906-GIVE.v17.npz,train,GIVE,0.84375,0.0625,0.78125,0.0,1.0,1.0,0.7716090083122253,0.0848388671875,0.8421052631578947,0.3333333333333333
train/GIVE/8799499585540838-GIVE.v17.npz,train,GIVE,0.875,0.0625,0.875,0.0625,1.0,1.0,0.744838535785675,0.1104736328125,0.8571428571428571,0.43636363636363634
train/GIVE/8894885784668014-GIVE.v17.npz,train,GIVE,0.75,0.125,0.625,0.0,1.0,1.0,0.9303327798843384,0.247802734375,0.7333333333333333,0.16923076923076924
train/GIVE/9174915733024191-GIVE.v17.npz,train,GIVE,0.8125,0.0,0.8125,0.0,0.0,1.0,0.7896390557289124,0.0870361328125,0.75,0.2631578947368421
train/GO/10496700688928162-GO.v17.npz,train,GO,0.875,0.78125,0.78125,0.6875,1.0,1.0,0.7882051467895508,0.075439453125,0.8108108108108109,0.39473684210526316
train/GO/19142855644010948-GO.v17.npz,train,GO,0.875,0.71875,0.875,0.71875,1.0,1.0,0.8846684098243713,0.5,0.8461538461538461,0.4489795918367347
train/GO/1917265918954878-GO.v17.npz,train,GO,0.8125,0.8125,0.6875,0.6875,1.0,1.0,0.8621565699577332,0.091552734375,0.7777777777777778,0.32558139534883723
train/GO/20492226110701672-GO.v17.npz,train,GO,0.875,0.78125,0.8125,0.71875,1.0,1.0,0.856575071811676,0.0966796875,0.8461538461538461,0.3333333333333333
train/GO/2290456408074184-GO.v17.npz,train,GO,0.875,0.6875,0.875,0.6875,1.0,1.0,0.8446099162101746,0.156005859375,0.8709677419354839,0.48214285714285715
train/GO/30544213991231106-GO.v17.npz,train,GO,0.875,0.875,0.78125,0.78125,1.0,1.0,0.8430506587028503,0.0968017578125,0.8461538461538461,0.3283582089552239
train/GO/41579421019094553-GO.v17.npz,train,GO,0.875,0.875,0.71875,0.71875,1.0,1.0,0.8268081545829773,0.0908203125,0.8148148148148148,0.3492063492063492
train/GO/47175728440552755-GO.v17.npz,train,GO,0.9375,0.59375,0.75,0.40625,1.0,1.0,0.8058468103408813,0.09002685546875,0.8775510204081632,0.4942528735632184
train/GO/5363852654946244-GO.v17.npz,train,GO,0.875,0.875,0.75,0.75,1.0,1.0,0.85653156042099,0.0897216796875,0.875,0.3373493975903614
train/GO/7642911134092343-seedGO.v17.npz,train,GO,0.90625,0.6875,0.78125,0.5625,1.0,1.0,0.7221624851226807,0.10986328125,0.8142857142857143,0.59375
train/GO/7701619196687932-GO.v17.npz,train,GO,0.875,0.84375,0.8125,0.78125,1.0,1.0,0.8332640528678894,0.0848388671875,0.8974358974358975,0.4069767441860465
train/GO/7813105619399183-GO.v17.npz,train,GO,0.875,0.84375,0.84375,0.8125,1.0,1.0,0.8116450905799866,0.0814208984375,0.8620689655172413,0.2604166666666667
train/GO/7819362494402429-GO.v17.npz,train,GO,0.875,0.875,0.8125,0.8125,1.0,1.0,0.8281552791595459,0.2181396484375,0.8709677419354839,0.3698630136986301
train/GO/8354410716389704-GO.v17.npz,train,GO,0.75,0.75,0.625,0.625,1.0,1.0,0.841188371181488,0.1143798828125,0.75,0.3333333333333333
train/GO/9981647509356435-GO.v17.npz,train,GO,0.875,0.75,0.8125,0.6875,1.0,1.0,0.823135256767273,0.264404296875,0.8666666666666667,0.5652173913043478
train/GOOD/04439224802145447-GOOD.v17.npz,train,GOOD,0.875,0.875,0.0,0.0,1.0,0.0,0.7371015548706055,0.086181640625,0.8918918918918919,0.34375
train/GOOD/06635586886652112-seedGOOD.v17.npz,train,GOOD,0.6875,0.15625,0.625,0.09375,1.0,1.0,0.7115921378135681,0.12451171875,0.6875,0.22916666666666666
train/GOOD/18340714145664716-GOOD.v17.npz,train,GOOD,0.875,0.125,0.875,0.125,1.0,1.0,0.7566896080970764,0.1351318359375,0.8666666666666667,0.3561643835616438
train/GOOD/27179636245697747-GOOD.v17.npz,train,GOOD,0.875,0.03125,0.84375,0.0,1.0,1.0,0.7524651885032654,0.0804443359375,0.8918918918918919,0.34375
train/GOOD/5088051624336825-GOOD.v17.npz,train,GOOD,0.875,0.0625,0.84375,0.03125,1.0,1.0,0.7389174699783325,0.08056640625,0.8780487804878049,0.43902439024390244
train/GOOD/5199177562877719-GOOD.v17.npz,train,GOOD,0.9375,0.90625,0.03125,0.0,1.0,1.0,0.7372614741325378,0.1219482421875,0.8775510204081632,0.5058823529411764
train/GOOD/5586839450092025-GOOD.v17.npz,train,GOOD,0.875,0.6875,0.625,0.4375,1.0,1.0,0.6733134388923645,0.263671875,0.8666666666666667,0.3561643835616438
train/GOOD/5948912677856568-GOOD.v17.npz,train,GOOD,0.8125,0.0,0.8125,0.0,0.0,1.0,0.7734544277191162,0.5,0.8095238095238095,0.29310344827586204
train/GOOD/7085041042230886-GOOD.v17.npz,train,GOOD,0.8125,0.0625,0.8125,0.0625,1.0,1.0,0.7893346548080444,0.1121826171875,0.8333333333333334,0.43478260869565216
train/GOOD/7633870830493861-GOOD.v17.npz,train,GOOD,0.875,0.0,0.875,0.0,0.0,1.0,0.7425543665885925,0.1416015625,0.8780487804878049,0.375
train/GOOD/7988103105967095-GOOD.v17.npz,train,GOOD,0.875,0.875,0.0,0.0,1.0,0.0,0.7715096473693848,0.1005859375,0.8857142857142857,0.5081967213114754
train/GOOD/8259197203871462-GOOD.v17.npz,train,GOOD,0.875,0.0,0.875,0.0,0.0,1.0,0.7568361163139343,0.0831298828125,0.84,0.3888888888888889
train/GOOD/9521412407799632-GOOD.v17.npz,train,GOOD,0.8125,0.0,0.8125,0.0,0.0,1.0,0.8102844953536987,0.108154296875,0.7894736842105263,0.2777777777777778
train/GOOD/9756165063743225-GOOD.v17.npz,train,GOOD,0.8125,0.0,0.8125,0.0,0.0,1.0,0.7679610848426819,0.123046875,0.8260869565217391,0.37254901960784315
train/GOOD/9875735466160431-GOOD.v17.npz,train,GOOD,0.8125,0.78125,0.71875,0.6875,1.0,1.0,0.7952834963798523,0.16455078125,0.8181818181818182,0.3829787234042553
train/GOODBYE/011053589241707185-BYE.v17.npz,train,GOODBYE,0.875,0.0,0.875,0.0,0.0,1.0,0.8290881514549255,0.5,0.8571428571428571,0.4528301886792453
train/GOODBYE/048776623388550044-BYE.v17.npz,train,GOODBYE,0.6875,0.6875,0.0,0.0,1.0,0.0,0.7417930960655212,0.0777587890625,0.6875,0.4489795918367347
train/GOODBYE/21550036390436733-BYE.v17.npz,train,GOODBYE,0.875,0.0,0.875,0.0,0.0,1.0,0.779191255569458,0.082763671875,0.8787878787878788,0.4393939393939394
train/GOODBYE/374824970052654-BYE.v17.npz,train,GOODBYE,0.875,0.0,0.875,0.0,0.0,1.0,0.7873274087905884,0.0789794921875,0.8823529411764706,0.3125
train/GOODBYE/4327026387490418-BYE.v17.npz,train,GOODBYE,0.9375,0.0,0.9375,0.0,0.0,1.0,0.7423086762428284,0.1690673828125,0.8979591836734694,0.4583333333333333
train/GOODBYE/4567979691425712-seedBYE.v17.npz,train,GOODBYE,0.875,0.03125,0.84375,0.0,1.0,1.0,0.7611514925956726,0.1181640625,0.8709677419354839,0.28125
train/GOODBYE/516342335411355-BYE.v17.npz,train,GOODBYE,0.875,0.0,0.875,0.0,0.0,1.0,0.7778034210205078,0.0858154296875,0.875,0.42424242424242425
train/GOODBYE/5723102083146778-BYE.v17.npz,train,GOODBYE,0.875,0.0,0.875,0.0,0.0,1.0,0.7822661399841309,0.19287109375,0.84,0.3888888888888889
train/GOODBYE/5974251648548923-BYE.v17.npz,train,GOODBYE,0.875,0.875,0.0,0.0,1.0,0.0,0.8289288878440857,0.5,0.8823529411764706,0.5084745762711864
train/GOODBYE/6785992819227267-BYE.v17.npz,train,GOODBYE,0.6875,0.0625,0.6875,0.0625,1.0,1.0,0.7440572381019592,0.0904541015625,0.6785714285714286,0.3877551020408163
train/GOODBYE/7072634397394595-BYE.v17.npz,train,GOODBYE,0.875,0.0,0.875,0.0,0.0,1.0,0.7494357228279114,0.078125,0.8571428571428571,0.46153846153846156
train/GOODBYE/8852825102646966-BYE.v17.npz,train,GOODBYE,0.875,0.875,0.0,0.0,1.0,0.0,0.8216615915298462,0.5,0.8666666666666667,0.27956989247311825
train/GOODBYE/9404479880375034-BYE.v17.npz,train,GOODBYE,0.84375,0.03125,0.8125,0.0,1.0,1.0,0.763991117477417,0.1048583984375,0.8484848484848485,0.2916666666666667
train/GOODBYE/9682333715513665-BYE.v17.npz,train,GOODBYE,0.6875,0.0625,0.625,0.0,1.0,1.0,0.7335280179977417,0.08447265625,0.6976744186046512,0.6521739130434783
train/GOODBYE/9729998715398667-BYE.v17.npz,train,GOODBYE,0.59375,0.0,0.59375,0.0,0.0,1.0,0.7026739120483398,0.08648681640625,0.5714285714285714,0.2916666666666667
train/HAPPY/05300176493024167-HAPPY.v17.npz,train,HAPPY,0.875,0.0,0.875,0.0,0.0,1.0,0.7653619647026062,0.116455078125,0.875,0.56
train/HAPPY/09872039306873526-seedHAPPY.v17.npz,train,HAPPY,0.8125,0.0,0.8125,0.0,0.0,1.0,0.7715851664543152,0.1080322265625,0.7894736842105263,0.15625
train/HAPPY/09937285850055066-HAPPY.v17.npz,train,HAPPY,0.875,0.84375,0.03125,0.0,1.0,1.0,0.7189046740531921,0.0777587890625,0.8620689655172413,0.2604166666666667
train/HAPPY/214143352672429-HAPPY.v17.npz,train,HAPPY,0.875,0.03125,0.875,0.03125,1.0,1.0,0.705531656742096,0.0758056640625,0.9024390243902439,0.3854166666666667
train/HAPPY/3025077004187282-HAPPY.v17.npz,train,HAPPY,0.875,0.0,0.875,0.0,0.0,1.0,0.7874323129653931,0.0899658203125,0.8787878787878788,0.4603174603174603
train/HAPPY/4311917411154673-HAPPY.v17.npz,train,HAPPY,0.9375,0.9375,0.0,0.0,1.0,0.0,0.7535329461097717,0.0792236328125,0.9183673469387755,0.4787234042553192
train/HAPPY/5407375828723797-HAPPY.v17.npz,train,HAPPY,0.875,0.0,0.875,0.0,0.0,1.0,0.7807361483573914,0.14013671875,0.8571428571428571,0.375
train/HAPPY/546204032322096-HAPPY.v17.npz,train,HAPPY,0.875,0.03125,0.84375,0.0,1.0,1.0,0.7560335397720337,0.0892333984375,0.8787878787878788,0.34523809523809523
train/HAPPY/6249242465723734-HAPPY.v17.npz,train,HAPPY,0.8125,0.0,0.8125,0.0,0.0,1.0,0.7453233003616333,0.1329345703125,0.8333333333333334,0.40816326530612246
train/HAPPY/6970697622023043-HAPPY.v17.npz,train,HAPPY,0.8125,0.78125,0.78125,0.75,1.0,1.0,0.7826427221298218,0.1226806640625,0.8260869565217391,0.5
train/HAPPY/7183808471728259-HAPPY.v17.npz,train,HAPPY,0.875,0.59375,0.8125,0.53125,1.0,1.0,0.552873432636261,0.0821533203125,0.8974358974358975,0.4605263157894737
train/HAPPY/8822793673438183-HAPPY.v17.npz,train,HAPPY,0.875,0.875,0.0,0.0,1.0,0.0,0.7786985039710999,0.076904296875,0.9111111111111111,0.5256410256410257
train/HAPPY/9607097492455248-HAPPY.v17.npz,train,HAPPY,0.65625,0.09375,0.5625,0.0,1.0,1.0,0.7105134129524231,0.100830078125,0.6515151515151515,0.4479166666666667
train/HAPPY/9745449040953389-HAPPY.v17.npz,train,HAPPY,0.875,0.03125,0.84375,0.0,1.0,1.0,0.7223866581916809,0.084228515625,0.8857142857142857,0.484375
train/HAPPY/9858325161708861-HAPPY.v17.npz,train,HAPPY,0.875,0.0,0.875,0.0,0.0,1.0,0.7802272439002991,0.1278076171875,0.875,0.3783783783783784
train/HAVE/017661498365253214-HAVE.v17.npz,train,HAVE,0.78125,0.6875,0.625,0.53125,1.0,1.0,0.8142157196998596,0.5,0.7586206896551724,0.29333333333333333
train/HAVE/03993441233922734-HAVE.v17.npz,train,HAVE,0.75,0.625,0.75,0.625,1.0,1.0,0.8159279227256775,0.1737060546875,0.75,0.35294117647058826
train/HAVE/07925466246458779-HAVE.v17.npz,train,HAVE,0.875,0.78125,0.875,0.78125,1.0,1.0,0.8045125007629395,0.1480712890625,0.868421052631579,0.34375
train/HAVE/22733514464849502-HAVE.v17.npz,train,HAVE,0.875,0.875,0.84375,0.84375,1.0,1.0,0.8538952469825745,0.0758056640625,0.8518518518518519,0.39655172413793105
train/HAVE/24626162714112465-HAVE.v17.npz,train,HAVE,0.875,0.75,0.875,0.75,1.0,1.0,0.8725837469100952,0.1649169921875,0.84,0.2625
train/HAVE/3064521963954243-seedHAVE.v17.npz,train,HAVE,0.40625,0.375,0.28125,0.25,1.0,1.0,0.6770538687705994,0.0836181640625,0.3283582089552239,0.22916666666666666
train/HAVE/41458666491716034-HAVE.v17.npz,train,HAVE,0.46875,0.4375,0.34375,0.3125,1.0,1.0,0.7051488757133484,0.0797119140625,0.4383561643835616,0.3333333333333333
train/HAVE/454662254622324-HAVE.v17.npz,train,HAVE,0.875,0.8125,0.84375,0.78125,1.0,1.0,0.8119650483131409,0.08251953125,0.8787878787878788,0.47540983606557374
train/HAVE/5451239257795701-HAVE.v17.npz,train,HAVE,0.75,0.75,0.6875,0.6875,1.0,1.0,0.8686808943748474,0.104248046875,0.75,0.26666666666666666
train/HAVE/6176616285163985-HAVE.v17.npz,train,HAVE,0.8125,0.6875,0.8125,0.6875,1.0,1.0,0.831762969493866,0.0845947265625,0.8181818181818182,0.4186046511627907
train/HAVE/6282495181069199-HAVE.v17.npz,train,HAVE,0.8125,0.8125,0.78125,0.78125,1.0,1.0,0.8167248964309692,0.1678466796875,0.8095238095238095,0.37777777777777777
train/HAVE/7513104867958282-HAVE.v17.npz,train,HAVE,0.875,0.8125,0.875,0.8125,1.0,1.0,0.7907038331031799,0.093017578125,0.8863636363636364,0.43820224719101125
train/HAVE/933847098991408-HAVE.v17.npz,train,HAVE,0.875,0.65625,0.875,0.65625,1.0,1.0,0.8711835145950317,0.17626953125,0.8947368421052632,0.4788732394366197
train/HAVE/9470368146172135-HAVE.v17.npz,train,HAVE,0.8125,0.6875,0.78125,0.65625,1.0,1.0,0.8395457863807678,0.145751953125,0.8260869565217391,0.3958333333333333
train/HE/053732365300724894-HE.v17.npz,train,HE,0.875,0.0,0.875,0.0,0.0,1.0,0.8142521977424622,0.273193359375,0.8666666666666667,0.4727272727272727
train/HE/1724846081232847-HE.v17.npz,train,HE,0.875,0.0625,0.875,0.0625,1.0,1.0,0.7137992978096008,0.075927734375,0.8620689655172413,0.38461538461538464
train/HE/20013893804599103-HE.v17.npz,train,HE,0.8125,0.125,0.8125,0.125,1.0,1.0,0.7993783354759216,0.1517333984375,0.7777777777777778,0.35
train/HE/2147980308534052-HE.v17.npz,train,HE,0.8125,0.8125,0.09375,0.09375,1.0,1.0,0.824916422367096,0.208251953125,0.8333333333333334,0.37735849056603776
train/HE/335915499727792-HE.v17.npz,train,HE,0.875,0.875,0.0,0.0,1.0,0.0,0.782924234867096,0.08837890625,0.8888888888888888,0.4507042253521127
train/HE/33789633569338906-HE.v17.npz,train,HE,0.875,0.28125,0.75,0.15625,1.0,1.0,0.6888050436973572,0.254638671875,0.7741935483870968,0.3287671232876712
train/HE/3997168861475149-HE.v17.npz,train,HE,0.75,0.0625,0.6875,0.0,1.0,1.0,0.7658916711807251,0.0869140625,0.75,0.375
train/HE/48540972876704047-HE.v17.npz,train,HE,0.875,0.09375,0.78125,0.0,1.0,1.0,0.7870711088180542,0.1121826171875,0.8571428571428571,0.42857142857142855
train/HE/5251028200471013-HE.v17.npz,train,HE,0.8125,0.8125,0.0,0.0,1.0,0.0,0.821026623249054,0.5,0.8181818181818182,0.28125
train/HE/5477484945014501-HE.v17.npz,train,HE,0.75,0.0,0.75,0.0,0.0,1.0,0.7475782632827759,0.08056640625,0.6923076923076923,0.20454545454545456
train/HE/634315397642317-HE.v17.npz,train,HE,0.8125,0.0,0.8125,0.0,0.0,1.0,0.7968990802764893,0.2066650390625,0.8260869565217391,0.37254901960784315
train/HE/71363394216049-HE.v17.npz,train,HE,0.5625,0.15625,0.4375,0.03125,1.0,1.0,0.6687646508216858,0.076904296875,0.5166666666666667,0.3229166666666667
train/HE/9540803227058581-HE.v17.npz,train,HE,0.875,0.0,0.875,0.0,0.0,1.0,0.8043473958969116,0.34375,0.8571428571428571,0.42105263157894735
train/HE/9892417590385312-seedHE.v17.npz,train,HE,0.53125,0.25,0.28125,0.0,1.0,1.0,0.6981865763664246,0.0855712890625,0.5081967213114754,0.3229166666666667
train/HEAR/007817191326879414-HEAR 2.v17.npz,train,HEAR,0.8125,0.03125,0.8125,0.03125,1.0,1.0,0.7835509777069092,0.1121826171875,0.8,0.35555555555555557
train/HEAR/09379253312644442-HEAR 2.v17.npz,train,HEAR,0.8125,0.09375,0.71875,0.0,1.0,1.0,0.7323127388954163,0.128662109375,0.8095238095238095,0.38636363636363635
train/HEAR/20910643157904762-HEAR 2.v17.npz,train,HEAR,0.875,0.0,0.875,0.0,0.0,1.0,0.7807276844978333,0.1849365234375,0.868421052631579,0.38372093023255816
train/HEAR/23481839806379456-HEAR 2.v17.npz,train,HEAR,0.875,0.875,0.0,0.0,1.0,0.0,0.8144029974937439,0.0836181640625,0.8918918918918919,0.5238095238095238
train/HEAR/26590410598868597-HEAR 2.v17.npz,train,HEAR,0.875,0.0,0.875,0.0,0.0,1.0,0.7908933758735657,0.078369140625,0.9,0.5
train/HEAR/2677616732303967-HEAR 2.v17.npz,train,HEAR,0.875,0.03125,0.875,0.03125,1.0,1.0,0.7252948880195618,0.0909423828125,0.9024390243902439,0.4625
train/HEAR/33973508233400795-HEAR 2.v17.npz,train,HEAR,0.875,0.875,0.0,0.0,1.0,0.0,0.7829068899154663,0.1361083984375,0.9069767441860465,0.4875
train/HEAR/3767477626817557-HEAR 2.v17.npz,train,HEAR,0.875,0.03125,0.84375,0.0,1.0,1.0,0.7517231106758118,0.075927734375,0.8857142857142857,0.44285714285714284
train/HEAR/5593061852952874-HEAR 2.v17.npz,train,HEAR,0.8125,0.0,0.8125,0.0,0.0,1.0,0.7872311472892761,0.146240234375,0.7647058823529411,0.28888888888888886
train/HEAR/6200599912746265-HEAR 2.v17.npz,train,HEAR,0.875,0.875,0.0625,0.0625,1.0,1.0,0.7618808150291443,0.0897216796875,0.8780487804878049,0.5454545454545454
train/HEAR/7815210671274675-HEAR 2.v17.npz,train,HEAR,0.875,0.875,0.0,0.0,1.0,0.0,0.7968710064888,0.07958984375,0.8787878787878788,0.5272727272727272
train/HEAR/8257819899330097-HEAR 2.v17.npz,train,HEAR,0.875,0.0,0.875,0.0,0.0,1.0,0.7908463478088379,0.087158203125,0.8857142857142857,0.36470588235294116
train/HEAR/9217931281266674-seedHEAR 2.v17.npz,train,HEAR,0.71875,0.09375,0.625,0.0,1.0,1.0,0.6945264339447021,0.09423828125,0.7111111111111111,0.3333333333333333
train/HEAR/9323264704731735-HEAR 2.v17.npz,train,HEAR,0.6875,0.03125,0.65625,0.0,1.0,1.0,0.6570138335227966,0.0989990234375,0.6122448979591837,0.3125
train/HEAR/9905499086281422-HEAR 2.v17.npz,train,HEAR,0.875,0.03125,0.84375,0.0,1.0,1.0,0.8260775804519653,0.5,0.875,0.49122807017543857
train/HELLO/0022932153577568393-HELLO.v17.npz,train,HELLO,0.9375,0.9375,0.0625,0.0625,1.0,1.0,0.7123788595199585,0.0977783203125,0.9245283018867925,0.532608695652174
train/HELLO/0755679379568106-HELLO.v17.npz,train,HELLO,0.875,0.875,0.0,0.0,1.0,0.0,0.7567955851554871,0.1214599609375,0.8571428571428571,0.43636363636363634
train/HELLO/081380748015633-HELLO.v17.npz,train,HELLO,0.875,0.0625,0.8125,0.0,1.0,1.0,0.7806320786476135,0.251953125,0.8461538461538461,0.3333333333333333
train/HELLO/11225598264242453-HELLO.v17.npz,train,HELLO,0.875,0.03125,0.875,0.03125,1.0,1.0,0.755940318107605,0.078369140625,0.8780487804878049,0.5217391304347826
train/HELLO/1340650432799635-HELLO.v17.npz,train,HELLO,0.75,0.0,0.75,0.0,0.0,1.0,0.79459547996521,0.15185546875,0.75,0.3157894736842105
train/HELLO/180739946524912-seedHELLO.v17.npz,train,HELLO,0.875,0.0,0.875,0.0,0.0,1.0,0.7776067852973938,0.1116943359375,0.8518518518518519,0.23958333333333334
train/HELLO/25802117645943423-HELLO.v17.npz,train,HELLO,0.875,0.875,0.0,0.0,1.0,0.0,0.8222969770431519,0.5,0.8518518518518519,0.23958333333333334
train/HELLO/5254351100197965-HELLO.v17.npz,train,HELLO,0.875,0.09375,0.875,0.09375,1.0,1.0,0.8029022812843323,0.0931396484375,0.8461538461538461,0.4888888888888889
train/HELLO/6448349493816601-HELLO.v17.npz,train,HELLO,0.8125,0.0625,0.8125,0.0625,1.0,1.0,0.7720407843589783,0.155517578125,0.7647058823529411,0.28888888888888886
train/HELLO/7597723277213178-HELLO.v17.npz,train,HELLO,0.53125,0.03125,0.53125,0.03125,1.0,1.0,0.682249903678894,0.1563720703125,0.5405405405405406,0.20833333333333334
train/HELLO/7613696736100914-HELLO.v17.npz,train,HELLO,0.875,0.0,0.875,0.0,0.0,1.0,0.8154420852661133,0.31396484375,0.9069767441860465,0.5131578947368421
train/HELLO/8486809407942575-HELLO.v17.npz,train,HELLO,0.875,0.0,0.875,0.0,0.0,1.0,0.7471715807914734,0.0753173828125,0.8461538461538461,0.3333333333333333
train/HELLO/8841964348021558-HELLO.v17.npz,train,HELLO,0.4375,0.15625,0.3125,0.03125,1.0,1.0,0.6188079118728638,0.1048583984375,0.43037974683544306,0.3541666666666667
train/HELLO/9008261925178431-HELLO.v17.npz,train,HELLO,0.875,0.0,0.875,0.0,0.0,1.0,0.8137931227684021,0.0791015625,0.8571428571428571,0.36923076923076925
train/HELP/07603691172028904-HELP.v17.npz,train,HELP,0.875,0.65625,0.875,0.65625,1.0,1.0,0.7749999165534973,0.080322265625,0.9,0.45569620253164556
train/HELP/09953879192572268-seedHELP.v17.npz,train,HELP,0.375,0.3125,0.34375,0.28125,1.0,1.0,0.6800913214683533,0.08740234375,0.35384615384615387,0.23958333333333334
train/HELP/12979829347320937-HELP.v17.npz,train,HELP,0.875,0.75,0.8125,0.6875,1.0,1.0,0.7920010089874268,0.080810546875,0.8863636363636364,0.43820224719101125
train/HELP/15046472702938374-HELP.v17.npz,train,HELP,0.625,0.5,0.625,0.5,1.0,1.0,0.7545808553695679,0.075439453125,0.6527777777777778,0.4895833333333333
train/HELP/1512241224851143-HELP.v17.npz,train,HELP,0.9375,0.9375,0.78125,0.78125,1.0,1.0,0.7604562640190125,0.1014404296875,0.9245283018867925,0.5212765957446809
train/HELP/3557945550706938-HELP.v17.npz,train,HELP,0.875,0.8125,0.875,0.8125,1.0,1.0,0.7564770579338074,0.1129150390625,0.8666666666666667,0.3939393939393939
train/HELP/4206186890939383-HELP.v17.npz,train,HELP,0.875,0.84375,0.875,0.84375,1.0,1.0,0.7978636026382446,0.08203125,0.8620689655172413,0.38461538461538464
train/HELP/5574926687456125-HELP.v17.npz,train,HELP,0.875,0.875,0.65625,0.65625,1.0,1.0,0.6629400253295898,0.0762939453125,0.8571428571428571,0.39473684210526316
train/HELP/6967335705063062-HELP.v17.npz,train,HELP,0.875,0.875,0.78125,0.78125,1.0,1.0,0.7504646182060242,0.0791015625,0.8780487804878049,0.4
train/HELP/7616988400005291-HELP.v17.npz,train,HELP,0.96875,0.875,0.53125,0.4375,1.0,1.0,0.742687463760376,0.076171875,0.96875,0.6458333333333334
train/HELP/8646796456836814-HELP.v17.npz,train,HELP,0.8125,0.8125,0.8125,0.8125,1.0,1.0,0.7678772807121277,0.1270751953125,0.8260869565217391,0.4418604651162791
train/HELP/9437772948180145-HELP.v17.npz,train,HELP,0.875,0.65625,0.875,0.65625,1.0,1.0,0.7416238188743591,0.0767822265625,0.8787878787878788,0.5370370370370371
train/HELP/9483688560737478-HELP.v17.npz,train,HELP,0.875,0.5,0.875,0.5,1.0,1.0,0.7874517440795898,0.0975341796875,0.84,0.4117647058823529
train/HOME/34171081267318204-HOME.v17.npz,train,HOME,0.875,0.0,0.875,0.0,0.0,1.0,0.7989446520805359,0.159423828125,0.8666666666666667,0.2708333333333333
train/HOME/37332866889587546-HOME.v17.npz,train,HOME,0.875,0.875,0.0,0.0,1.0,0.0,0.8178361058235168,0.100341796875,0.8709677419354839,0.4576271186440678
train/HOME/3758646722492833-HOME.v17.npz,train,HOME,0.875,0.875,0.03125,0.03125,1.0,1.0,0.7632781863212585,0.087646484375,0.9024390243902439,0.46835443037974683
train/HOME/4506537239301789-HOME.v17.npz,train,HOME,0.875,0.0,0.875,0.0,0.0,1.0,0.7440741658210754,0.1068115234375,0.8823529411764706,0.3125
train/HOME/4586501986373326-HOME.v17.npz,train,HOME,0.8125,0.03125,0.78125,0.0,1.0,1.0,0.7577559351921082,0.09033203125,0.8260869565217391,0.31666666666666665
train/HOME/4691017505162802-seedHOME.v17.npz,train,HOME,0.875,0.0,0.875,0.0,0.0,1.0,0.7293353080749512,0.100830078125,0.8461538461538461,0.22916666666666666
train/HOME/4911600925607411-HOME.v17.npz,train,HOME,0.8125,0.21875,0.8125,0.21875,1.0,1.0,0.7036752700805664,0.374755859375,0.7222222222222222,0.13541666666666666
train/HOME/5752718369643628-HOME.v17.npz,train,HOME,0.8125,0.0,0.8125,0.0,0.0,1.0,0.787623405456543,0.1220703125,0.7647058823529411,0.2765957446808511
train/HOME/6393982664215556-HOME.v17.npz,train,HOME,0.875,0.84375,0.03125,0.0,1.0,1.0,0.8010919690132141,0.1177978515625,0.8974358974358975,0.3645833333333333
train/HOME/7655672501344968-HOME.v17.npz,train,HOME,0.875,0.0,0.875,0.0,0.0,1.0,0.8060845732688904,0.1614990234375,0.8518518518518519,0.36507936507936506
train/HOME/9096601565421467-HOME.v17.npz,train,HOME,0.84375,0.03125,0.8125,0.0,1.0,1.0,0.7507331967353821,0.1251220703125,0.8333333333333334,0.3787878787878788
train/HOME/9146916136466876-HOME.v17.npz,train,HOME,0.9375,0.125,0.875,0.0625,1.0,1.0,0.7777151465415955,0.0811767578125,0.9183673469387755,0.625
train/HOME/9434996660694719-HOME.v17.npz,train,HOME,0.875,0.03125,0.84375,0.0,1.0,1.0,0.8151258826255798,0.0753173828125,0.8571428571428571,0.4444444444444444
train/HOME/9565332233790493-HOME.v17.npz,train,HOME,0.875,0.0,0.875,0.0,0.0,1.0,0.803617537021637,0.079833984375,0.8461538461538461,0.4074074074074074
train/HOSPITAL/2305871847828358-HOSPITAL.v17.npz,train,HOSPITAL,0.875,0.09375,0.875,0.09375,1.0,1.0,0.7510784864425659,0.109619140625,0.9047619047619048,0.3958333333333333
train/HOSPITAL/2657292811841865-HOSPITAL.v17.npz,train,HOSPITAL,0.875,0.0,0.875,0.0,0.0,1.0,0.7732769846916199,0.17919921875,0.875,0.417910447761194
train/HOSPITAL/2816314098780288-HOSPITAL.v17.npz,train,HOSPITAL,0.875,0.125,0.875,0.125,1.0,1.0,0.7705944776535034,0.0819091796875,0.8571428571428571,0.3582089552238806
train/HOSPITAL/3047646844363199-seedHOSPITAL.v17.npz,train,HOSPITAL,0.53125,0.03125,0.5,0.0,1.0,1.0,0.6693023443222046,0.107177734375,0.5098039215686274,0.2708333333333333
train/HOSPITAL/3284942530084891-HOSPITAL.v17.npz,train,HOSPITAL,0.875,0.875,0.0,0.0,1.0,0.0,0.7585859894752502,0.075439453125,0.9148936170212766,0.4479166666666667
train/HOSPITAL/5892698339580624-HOSPITAL.v17.npz,train,HOSPITAL,0.84375,0.09375,0.78125,0.03125,1.0,1.0,0.7437134981155396,0.365966796875,0.7608695652173914,0.44871794871794873
train/HOSPITAL/5903218158401913-HOSPITAL.v17.npz,train,HOSPITAL,0.8125,0.1875,0.8125,0.1875,1.0,1.0,0.6971943974494934,0.2265625,0.782608695652174,0.32727272727272727
train/HOSPITAL/5986181755240401-HOSPITAL.v17.npz,train,HOSPITAL,0.875,0.875,0.0,0.0,1.0,0.0,0.770626962184906,0.0968017578125,0.8947368421052632,0.5
train/HOSPITAL/6865453372883275-HOSPITAL.v17.npz,train,HOSPITAL,0.875,0.125,0.84375,0.09375,1.0,1.0,0.7901349663734436,0.135498046875,0.8717948717948718,0.5964912280701754
train/HOSPITAL/6939178350263646-HOSPITAL.v17.npz,train,HOSPITAL,0.875,0.0,0.875,0.0,0.0,1.0,0.7793550491333008,0.1585693359375,0.8620689655172413,0.423728813559322
train/HOSPITAL/7710150320331248-HOSPITAL.v17.npz,train,HOSPITAL,0.875,0.0625,0.875,0.0625,1.0,1.0,0.7592456936836243,0.127685546875,0.8888888888888888,0.6153846153846154
train/HOSPITAL/7900722949705501-HOSPITAL.v17.npz,train,HOSPITAL,0.875,0.15625,0.78125,0.0625,1.0,1.0,0.7248355746269226,0.077880859375,0.8918918918918919,0.36666666666666664
train/HOSPITAL/8512749353267319-HOSPITAL.v17.npz,train,HOSPITAL,0.875,0.03125,0.84375,0.0,1.0,1.0,0.8135719895362854,0.1419677734375,0.8857142857142857,0.3875
train/HOSPITAL/8842873768781858-HOSPITAL.v17.npz,train,HOSPITAL,0.8125,0.4375,0.6875,0.3125,1.0,1.0,0.6203680634498596,0.0892333984375,0.7804878048780488,0.3902439024390244
train/HOSPITAL/8903687797420998-HOSPITAL.v17.npz,train,HOSPITAL,0.875,0.0,0.875,0.0,0.0,1.0,0.7656946778297424,0.0828857421875,0.8666666666666667,0.37142857142857144
train/HOSPITAL/9208583735199847-HOSPITAL.v17.npz,train,HOSPITAL,0.875,0.03125,0.84375,0.0,1.0,1.0,0.8371061086654663,0.1444091796875,0.8857142857142857,0.3780487804878049
train/HOSPITAL/9543121609158431-HOSPITAL.v17.npz,train,HOSPITAL,0.875,0.03125,0.875,0.03125,1.0,1.0,0.7622182965278625,0.09375,0.8620689655172413,0.3968253968253968
train/HOSPITAL/9571221473356939-HOSPITAL.v17.npz,train,HOSPITAL,0.9375,0.9375,0.0625,0.0625,1.0,1.0,0.7412524819374084,0.1566162109375,0.9107142857142857,0.53125
train/HOT/11707369231650211-HOT.v17.npz,train,HOT,0.8125,0.125,0.8125,0.125,1.0,1.0,0.7900184392929077,0.129150390625,0.7647058823529411,0.29545454545454547
train/HOT/13316006185127205-HOT.v17.npz,train,HOT,0.875,0.875,0.03125,0.03125,1.0,1.0,0.7606395483016968,0.0770263671875,0.8857142857142857,0.49206349206349204
train/HOT/1444025710176855-HOT.v17.npz,train,HOT,0.875,0.0,0.875,0.0,0.0,1.0,0.8115397095680237,0.17578125,0.875,0.4307692307692308
train/HOT/18539733816419912-HOT.v17.npz,train,HOT,0.875,0.0,0.875,0.0,0.0,1.0,0.8185852766036987,0.11981201171875,0.8461538461538461,0.3013698630136986
train/HOT/23047642101573373-HOT.v17.npz,train,HOT,0.875,0.0,0.875,0.0,0.0,1.0,0.7843012809753418,0.149658203125,0.8214285714285714,0.4791666666666667
train/HOT/23819147505993477-HOT.v17.npz,train,HOT,0.875,0.0,0.875,0.0,0.0,1.0,0.7463985085487366,0.07568359375,0.75,0.40384615384615385
train/HOT/241335509121118-HOT.v17.npz,train,HOT,0.875,0.875,0.0,0.0,1.0,0.0,0.7484310865402222,0.08251953125,0.9090909090909091,0.5063291139240507
train/HOT/4455329487942934-HOT.v17.npz,train,HOT,0.75,0.0,0.75,0.0,0.0,1.0,0.7506940960884094,0.075927734375,0.7142857142857143,0.2564102564102564
train/HOT/5217798939791332-seedHOT.v17.npz,train,HOT,0.625,0.3125,0.34375,0.03125,1.0,1.0,0.6035851240158081,0.1468505859375,0.5,0.4375
train/HOT/7060265642402466-HOT.v17.npz,train,HOT,0.625,0.0,0.625,0.0,0.0,1.0,0.7543413639068604,0.10015869140625,0.6521739130434783,0.29411764705882354
train/HOT/7370287966523523-HOT.v17.npz,train,HOT,0.8125,0.0,0.8125,0.0,0.0,1.0,0.8071631193161011,0.1331787109375,0.8,0.37209302325581395
train/HOT/7416561706981699-HOT.v17.npz,train,HOT,0.84375,0.09375,0.8125,0.0625,1.0,1.0,0.7325484752655029,0.1412353515625,0.8387096774193549,0.49056603773584906
train/HOT/8421220383934189-HOT.v17.npz,train,HOT,0.8125,0.0,0.8125,0.0,0.0,1.0,0.7508194446563721,0.084228515625,0.8095238095238095,0.3269230769230769
train/HOT/9174976347516473-HOT.v17.npz,train,HOT,0.875,0.84375,0.03125,0.0,1.0,1.0,0.8026530146598816,0.144287109375,0.8709677419354839,0.4909090909090909
train/HOT/9629943991422294-HOT.v17.npz,train,HOT,0.53125,0.0625,0.53125,0.0625,1.0,1.0,0.6374289989471436,0.077880859375,0.5192307692307693,0.28125
train/HOT/9735032443497869-HOT.v17.npz,train,HOT,0.875,0.21875,0.84375,0.1875,1.0,1.0,0.7341676354408264,0.078369140625,0.8823529411764706,0.39473684210526316
train/HOW/021939327153324584-HOW.v17.npz,train,HOW,0.875,0.875,0.8125,0.8125,1.0,1.0,0.8538581728935242,0.0877685546875,0.8823529411764706,0.33707865168539325
train/HOW/03376426509046859-HOW.v17.npz,train,HOW,0.9375,0.71875,0.9375,0.71875,1.0,1.0,0.8270841240882874,0.0777587890625,0.9230769230769231,0.5625
train/HOW/1334132333742275-HOW.v17.npz,train,HOW,0.875,0.8125,0.84375,0.78125,1.0,1.0,0.8364319205284119,0.1861572265625,0.8947368421052632,0.4473684210526316
train/HOW/21283972047425892-HOW.v17.npz,train,HOW,0.875,0.875,0.8125,0.8125,1.0,1.0,0.8487760424613953,0.11083984375,0.8461538461538461,0.4074074074074074
train/HOW/22306165813631562-HOW.v17.npz,train,HOW,0.875,0.8125,0.8125,0.75,1.0,1.0,0.8155286312103271,0.09814453125,0.84,0.4375
train/HOW/2861187051971712-HOW.v17.npz,train,HOW,0.875,0.8125,0.84375,0.78125,1.0,1.0,0.8538212776184082,0.090087890625,0.8620689655172413,0.352112676056338
train/HOW/3119997663932217-HOW.v17.npz,train,HOW,0.875,0.78125,0.875,0.78125,1.0,1.0,0.7908443808555603,0.093994140625,0.8709677419354839,0.40298507462686567
train/HOW/4657020083869885-HOW.v17.npz,train,HOW,0.8125,0.78125,0.6875,0.65625,1.0,1.0,0.8054631948471069,0.142578125,0.8095238095238095,0.40476190476190477
train/HOW/6445699135022072-HOW.v17.npz,train,HOW,0.875,0.875,0.875,0.875,1.0,1.0,0.8408317565917969,0.079833984375,0.8947368421052632,0.3541666666666667
train/HOW/7666802297995068-HOW.v17.npz,train,HOW,0.875,0.84375,0.84375,0.8125,1.0,1.0,0.8379940986633301,0.0765380859375,0.8947368421052632,0.44155844155844154
train/HOW/8190663704033752-HOW.v17.npz,train,HOW,0.875,0.8125,0.875,0.8125,1.0,1.0,0.8495316505432129,0.1038818359375,0.8666666666666667,0.5531914893617021
train/HOW/8268472142479768-HOW.v17.npz,train,HOW,0.875,0.875,0.8125,0.8125,1.0,1.0,0.8244674205780029,0.0782470703125,0.9069767441860465,0.527027027027027
train/HOW/8370733641565598-HOW.v17.npz,train,HOW,0.875,0.84375,0.84375,0.8125,1.0,1.0,0.8693910241127014,0.20751953125,0.8947368421052632,0.4358974358974359
train/HOW/8835516863640922-seedHOW.v17.npz,train,HOW,0.625,0.59375,0.5625,0.53125,1.0,1.0,0.7780289053916931,0.1058349609375,0.6181818181818182,0.3541666666666667
train/HOW/9117355925466168-HOW.v17.npz,train,HOW,0.875,0.84375,0.84375,0.8125,1.0,1.0,0.8620042204856873,0.11480712890625,0.8857142857142857,0.5
train/HOW/948548155363955-HOW.v17.npz,train,HOW,0.9375,0.5,0.75,0.3125,1.0,1.0,0.8346024751663208,0.5,0.9183673469387755,0.569620253164557
train/HOW/9811460119529283-HOW.v17.npz,train,HOW,0.875,0.875,0.875,0.875,1.0,1.0,0.8375087976455688,0.07861328125,0.9,0.43373493975903615
train/HUNGRY/0036168932795541675-HUNGRY.v17.npz,train,HUNGRY,0.625,0.625,0.03125,0.03125,1.0,1.0,0.6859200596809387,0.0753173828125,0.6388888888888888,0.3484848484848485
train/HUNGRY/01552866889314064-HUNGRY.v17.npz,train,HUNGRY,0.90625,0.65625,0.625,0.375,1.0,1.0,0.6844427585601807,0.076904296875,0.8857142857142857,0.7560975609756098
train/HUNGRY/08524949524247205-HUNGRY.v17.npz,train,HUNGRY,0.9375,0.9375,0.0,0.0,1.0,0.0,0.7548869848251343,0.15234375,0.9333333333333333,0.6021505376344086
train/HUNGRY/08855148657093093-HUNGRY.v17.npz,train,HUNGRY,0.875,0.0,0.875,0.0,0.0,1.0,0.7466610074043274,0.1328125,0.825,0.4342105263157895
train/HUNGRY/25239341433776796-HUNGRY.v17.npz,train,HUNGRY,0.71875,0.6875,0.125,0.09375,1.0,1.0,0.6727399826049805,0.0802001953125,0.71875,0.4791666666666667
train/HUNGRY/3031010038877062-HUNGRY.v17.npz,train,HUNGRY,0.4375,0.0625,0.375,0.0,1.0,1.0,0.6845602989196777,0.2127685546875,0.45,0.14754098360655737
train/HUNGRY/30359172301114734-HUNGRY.v17.npz,train,HUNGRY,0.875,0.15625,0.875,0.15625,1.0,1.0,0.7854856252670288,0.1849365234375,0.84,0.42857142857142855
train/HUNGRY/3622473804574782-HUNGRY.v17.npz,train,HUNGRY,0.875,0.03125,0.875,0.03125,1.0,1.0,0.7911287546157837,0.2666015625,0.8857142857142857,0.4025974025974026
train/HUNGRY/3850535672895874-HUNGRY.v17.npz,train,HUNGRY,0.875,0.0,0.875,0.0,0.0,1.0,0.7698838710784912,0.16650390625,0.8918918918918919,0.34375
train/HUNGRY/43016432877599997-HUNGRY.v17.npz,train,HUNGRY,0.875,0.03125,0.875,0.03125,1.0,1.0,0.7841302156448364,0.1097412109375,0.8787878787878788,0.4264705882352941
train/HUNGRY/47262000245136493-HUNGRY.v17.npz,train,HUNGRY,0.875,0.03125,0.875,0.03125,1.0,1.0,0.7674077749252319,0.08544921875,0.8823529411764706,0.4166666666666667
train/HUNGRY/48783810292836627-HUNGRY.v17.npz,train,HUNGRY,0.46875,0.0,0.46875,0.0,0.0,1.0,0.6799142956733704,0.1121826171875,0.4375,0.2222222222222222
train/HUNGRY/7117735182398317-seedHUNGRY.v17.npz,train,HUNGRY,0.8125,0.0,0.8125,0.0,0.0,1.0,0.7482325434684753,0.1617431640625,0.8260869565217391,0.19791666666666666
train/HUNGRY/7518611049674775-HUNGRY.v17.npz,train,HUNGRY,0.875,0.03125,0.875,0.03125,1.0,1.0,0.7421733736991882,0.095703125,0.8823529411764706,0.46153846153846156
train/HUNGRY/761313788407632-HUNGRY.v17.npz,train,HUNGRY,0.8125,0.0,0.8125,0.0,0.0,1.0,0.8102790713310242,0.1627197265625,0.8,0.36363636363636365
train/I/0035172227152260316-ME.v17.npz,train,I,0.15625,0.0,0.15625,0.0,0.0,1.0,0.5742924213409424,0.0845947265625,0.1724137931034483,0.08928571428571429
train/I/22192344699736766-ME.v17.npz,train,I,0.8125,0.8125,0.0,0.0,1.0,0.0,0.7367485165596008,0.0831298828125,0.7777777777777778,0.358974358974359
train/I/2576140497310784-ME.v17.npz,train,I,0.75,0.0,0.75,0.0,0.0,1.0,0.7910366058349609,0.08349609375,0.7333333333333333,0.2894736842105263
train/I/4545746926162382-ME.v17.npz,train,I,0.875,0.875,0.0,0.0,1.0,0.0,0.725397527217865,0.0928955078125,0.8461538461538461,0.22916666666666666
train/I/5691724461344478-ME.v17.npz,train,I,0.875,0.875,0.0,0.0,1.0,0.0,0.7687397003173828,0.0877685546875,0.8888888888888888,0.3595505617977528
train/I/5706413352425115-ME.v17.npz,train,I,0.8125,0.0625,0.8125,0.0625,1.0,1.0,0.7559575438499451,0.1229248046875,0.8,0.32
train/I/6366246076484883-ME.v17.npz,train,I,0.8125,0.0625,0.75,0.0,1.0,1.0,0.714171826839447,0.076171875,0.8,0.4878048780487805
train/I/6411588958209695-ME.v17.npz,train,I,0.875,0.0,0.875,0.0,0.0,1.0,0.7691028118133545,0.0867919921875,0.8571428571428571,0.5454545454545454
train/I/6421087005073287-ME.v17.npz,train,I,0.375,0.03125,0.375,0.03125,1.0,1.0,0.6690381765365601,0.123291015625,0.34375,0.1506849315068493
train/I/6882259554153813-seedME.v17.npz,train,I,0.8125,0.0,0.8125,0.0,0.0,1.0,0.801435649394989,0.0848388671875,0.8,0.16666666666666666
train/I/7227128162421703-ME.v17.npz,train,I,0.875,0.0,0.875,0.0,0.0,1.0,0.7865250110626221,0.087158203125,0.8461538461538461,0.46808510638297873
train/I/7378759651365803-ME.v17.npz,train,I,0.8125,0.0,0.8125,0.0,0.0,1.0,0.783706784248352,0.0933837890625,0.8333333333333334,0.2777777777777778
train/I/8334054758517455-ME.v17.npz,train,I,0.875,0.0,0.875,0.0,0.0,1.0,0.7613756656646729,0.087646484375,0.8709677419354839,0.28125
train/IMPORTANT/06954713165326609-IMPORTANT.v17.npz,train,IMPORTANT,0.8125,0.78125,0.8125,0.78125,1.0,1.0,0.7969571948051453,0.1131591796875,0.7727272727272727,0.38636363636363635
train/IMPORTANT/07554515093125014-IMPORTANT.v17.npz,train,IMPORTANT,0.78125,0.6875,0.6875,0.59375,1.0,1.0,0.7332768440246582,0.1837158203125,0.7560975609756098,0.3974358974358974
train/IMPORTANT/08878239758122808-seedIMPORTANT.v17.npz,train,IMPORTANT,0.875,0.84375,0.875,0.84375,1.0,1.0,0.7671709656715393,0.1884765625,0.7777777777777778,0.21875
train/IMPORTANT/17086913974766027-IMPORTANT.v17.npz,train,IMPORTANT,0.875,0.71875,0.65625,0.5,1.0,1.0,0.7527458071708679,0.0836181640625,0.8076923076923077,0.35
train/IMPORTANT/370610299522377-IMPORTANT.v17.npz,train,IMPORTANT,0.875,0.875,0.78125,0.78125,1.0,1.0,0.7426891326904297,0.10498046875,0.8235294117647058,0.2916666666666667
train/IMPORTANT/4082734517724067-IMPORTANT.v17.npz,train,IMPORTANT,0.65625,0.34375,0.59375,0.28125,1.0,1.0,0.7436294555664062,0.079833984375,0.5698924731182796,0.5520833333333334
train/IMPORTANT/4118375680000119-IMPORTANT.v17.npz,train,IMPORTANT,0.875,0.78125,0.875,0.78125,1.0,1.0,0.8040563464164734,0.08154296875,0.84375,0.47368421052631576
train/IMPORTANT/4210148333270056-IMPORTANT.v17.npz,train,IMPORTANT,0.875,0.875,0.71875,0.71875,1.0,1.0,0.8021747469902039,0.1153564453125,0.8478260869565217,0.40625
train/IMPORTANT/6967212276629662-IMPORTANT.v17.npz,train,IMPORTANT,0.9375,0.84375,0.90625,0.8125,1.0,1.0,0.7852693200111389,0.0787353515625,0.9322033898305084,0.5978260869565217
train/IMPORTANT/7155317465236861-IMPORTANT.v17.npz,train,IMPORTANT,0.875,0.78125,0.875,0.78125,1.0,1.0,0.8235862851142883,0.09716796875,0.8823529411764706,0.5357142857142857
train/IMPORTANT/8843181311421591-IMPORTANT.v17.npz,train,IMPORTANT,0.875,0.875,0.875,0.875,1.0,1.0,0.8264623284339905,0.2037353515625,0.8857142857142857,0.45588235294117646
train/IMPORTANT/8955353773075074-IMPORTANT.v17.npz,train,IMPORTANT,0.6875,0.65625,0.5625,0.53125,1.0,1.0,0.7895838022232056,0.079345703125,0.65,0.5735294117647058
train/IMPORTANT/937747453721459-IMPORTANT.v17.npz,train,IMPORTANT,0.875,0.875,0.59375,0.59375,1.0,1.0,0.8236436247825623,0.0880126953125,0.8666666666666667,0.36619718309859156
train/IMPORTANT/9832217016265519-IMPORTANT.v17.npz,train,IMPORTANT,0.875,0.78125,0.875,0.78125,1.0,1.0,0.7330650687217712,0.0789794921875,0.813953488372093,0.49295774647887325
train/KNOW/025800900162109563-KNOW.v17.npz,train,KNOW,0.53125,0.0,0.53125,0.0,0.0,1.0,0.6559329032897949,0.0927734375,0.49056603773584906,0.2708333333333333
train/KNOW/0932553475843072-KNOW.v17.npz,train,KNOW,0.875,0.875,0.0,0.0,1.0,0.0,0.7382720112800598,0.076416015625,0.9047619047619048,0.475
train/KNOW/11994695058883398-KNOW.v17.npz,train,KNOW,0.78125,0.78125,0.0,0.0,1.0,0.0,0.7611017227172852,0.080078125,0.8222222222222222,0.42045454545454547
train/KNOW/1431969749910329-KNOW.v17.npz,train,KNOW,0.875,0.03125,0.875,0.03125,1.0,1.0,0.6783642172813416,0.0982666015625,0.8947368421052632,0.40476190476190477
train/KNOW/2503930490736366-KNOW.v17.npz,train,KNOW,0.875,0.0625,0.8125,0.0,1.0,1.0,0.7620919942855835,0.113525390625,0.8888888888888888,0.3333333333333333
train/KNOW/28781278008680844-KNOW.v17.npz,train,KNOW,0.9375,0.9375,0.40625,0.40625,1.0,1.0,0.7632154226303101,0.0806884765625,0.9523809523809523,0.9302325581395349
train/KNOW/35480630391441204-KNOW.v17.npz,train,KNOW,0.875,0.0,0.875,0.0,0.0,1.0,0.7515630722045898,0.0911865234375,0.8620689655172413,0.38461538461538464
train/KNOW/44287895160245094-KNOW.v17.npz,train,KNOW,0.875,0.28125,0.875,0.28125,1.0,1.0,0.7268527150154114,0.365966796875,0.8518518518518519,0.38333333333333336
train/KNOW/5769834749413745-KNOW.v17.npz,train,KNOW,0.8125,0.0,0.8125,0.0,0.0,1.0,0.7109585404396057,0.1373291015625,0.7894736842105263,0.2631578947368421
train/KNOW/6589842343221302-seedKNOW.v17.npz,train,KNOW,0.8125,0.1875,0.8125,0.1875,1.0,1.0,0.6972691416740417,0.1392822265625,0.8181818181818182,0.1875
train/KNOW/6724485649936158-KNOW.v17.npz,train,KNOW,0.875,0.03125,0.84375,0.0,1.0,1.0,0.753308117389679,0.0755615234375,0.8571428571428571,0.4
train/KNOW/7801346725394491-KNOW.v17.npz,train,KNOW,0.875,0.875,0.0625,0.0625,1.0,1.0,0.7458541393280029,0.086669921875,0.875,0.45161290322580644
train/KNOW/8305026742098571-KNOW.v17.npz,train,KNOW,0.8125,0.0,0.8125,0.0,0.0,1.0,0.7796995639801025,0.09521484375,0.7777777777777778,0.25925925925925924
train/KNOW/8723506669377621-KNOW.v17.npz,train,KNOW,0.875,0.0,0.875,0.0,0.0,1.0,0.7369487881660461,0.078369140625,0.84,0.39622641509433965
train/LANGUAGE/2471707461204955-LANGUAGE.v17.npz,train,LANGUAGE,0.875,0.78125,0.75,0.65625,1.0,1.0,0.8342317938804626,0.09814453125,0.8823529411764706,0.4918032786885246
train/LANGUAGE/32857613945090347-LANGUAGE.v17.npz,train,LANGUAGE,0.875,0.65625,0.84375,0.625,1.0,1.0,0.8342325091362,0.2305908203125,0.8787878787878788,0.46774193548387094
train/LANGUAGE/4297528325102056-seedLANGUAGE.v17.npz,train,LANGUAGE,0.875,0.875,0.8125,0.8125,1.0,1.0,0.8053565621376038,0.0887451171875,0.8461538461538461,0.22916666666666666
train/LANGUAGE/43564942059450074-LANGUAGE.v17.npz,train,LANGUAGE,0.875,0.84375,0.34375,0.3125,1.0,1.0,0.8083075284957886,0.1903076171875,0.8441558441558441,0.8441558441558441
train/LANGUAGE/4466295828365876-LANGUAGE.v17.npz,train,LANGUAGE,0.9375,0.84375,0.9375,0.84375,1.0,1.0,0.849829375743866,0.1505126953125,0.9166666666666666,0.5641025641025641
train/LANGUAGE/5231280042414825-LANGUAGE.v17.npz,train,LANGUAGE,0.8125,0.6875,0.8125,0.6875,1.0,1.0,0.731274425983429,0.0821533203125,0.7647058823529411,0.28888888888888886
train/LANGUAGE/5276054380612889-LANGUAGE.v17.npz,train,LANGUAGE,0.8125,0.8125,0.6875,0.6875,1.0,1.0,0.754041850566864,0.10302734375,0.7894736842105263,0.3409090909090909
train/LANGUAGE/738726624534245-LANGUAGE.v17.npz,train,LANGUAGE,0.875,0.875,0.75,0.75,1.0,1.0,0.7611311674118042,0.07763671875,0.8529411764705882,0.3020833333333333
train/LANGUAGE/7540291860771398-LANGUAGE.v17.npz,train,LANGUAGE,0.875,0.84375,0.875,0.84375,1.0,1.0,0.7949522137641907,0.110107421875,0.8888888888888888,0.5333333333333333
train/LANGUAGE/7692389896758218-LANGUAGE.v17.npz,train,LANGUAGE,0.875,0.875,0.8125,0.8125,1.0,1.0,0.8282790184020996,0.0751953125,0.8888888888888888,0.47058823529411764
train/LANGUAGE/7821431843677003-LANGUAGE.v17.npz,train,LANGUAGE,0.59375,0.59375,0.3125,0.3125,1.0,1.0,0.6940514445304871,0.080322265625,0.5277777777777778,0.296875
train/LANGUAGE/7874516908978064-LANGUAGE.v17.npz,train,LANGUAGE,0.8125,0.78125,0.8125,0.78125,1.0,1.0,0.8240125179290771,0.0858154296875,0.8333333333333334,0.46511627906976744
train/LANGUAGE/8397034314321841-LANGUAGE.v17.npz,train,LANGUAGE,0.875,0.78125,0.875,0.78125,1.0,1.0,0.8017757534980774,0.0775146484375,0.8709677419354839,0.28125
train/LANGUAGE/9558797383398827-LANGUAGE.v17.npz,train,LANGUAGE,0.875,0.78125,0.875,0.78125,1.0,1.0,0.7702445983886719,0.112060546875,0.875,0.4861111111111111
train/LANGUAGE/9764117165063466-LANGUAGE.v17.npz,train,LANGUAGE,0.875,0.46875,0.875,0.46875,1.0,1.0,0.7411313056945801,0.1048583984375,0.8214285714285714,0.4423076923076923
train/LEARN/003104967374903289-LEARN.v17.npz,train,LEARN,0.875,0.0,0.875,0.0,0.0,1.0,0.7690804600715637,0.1680908203125,0.7741935483870968,0.3870967741935484
train/LEARN/02289895371863082-LEARN.v17.npz,train,LEARN,0.875,0.0,0.875,0.0,0.0,1.0,0.7685760259628296,0.0750732421875,0.8709677419354839,0.3176470588235294
train/LEARN/16584929726965836-LEARN.v17.npz,train,LEARN,0.75,0.6875,0.75,0.6875,1.0,1.0,0.6948924660682678,0.27734375,0.7333333333333333,0.2972972972972973
train/LEARN/20965467088651524-LEARN.v17.npz,train,LEARN,0.875,0.0,0.875,0.0,0.0,1.0,0.8216003775596619,0.2200927734375,0.9047619047619048,0.3958333333333333
train/LEARN/22509831535531588-LEARN.v17.npz,train,LEARN,0.875,0.03125,0.875,0.03125,1.0,1.0,0.7089021801948547,0.0889892578125,0.825,0.4714285714285714
train/LEARN/2918614747304418-LEARN.v17.npz,train,LEARN,0.875,0.0,0.875,0.0,0.0,1.0,0.7373324632644653,0.0877685546875,0.8108108108108109,0.410958904109589
train/LEARN/30110588558485074-LEARN.v17.npz,train,LEARN,0.875,0.65625,0.875,0.65625,1.0,1.0,0.8138516545295715,0.0762939453125,0.9111111111111111,0.4270833333333333
train/LEARN/42853167798970104-LEARN.v17.npz,train,LEARN,0.8125,0.8125,0.78125,0.78125,1.0,1.0,0.7550435066223145,0.102783203125,0.8260869565217391,0.3958333333333333
train/LEARN/5457979445491012-LEARN.v17.npz,train,LEARN,0.8125,0.75,0.8125,0.75,1.0,1.0,0.720733642578125,0.095458984375,0.7894736842105263,0.32608695652173914
train/LEARN/6126553469796956-LEARN.v17.npz,train,LEARN,0.84375,0.71875,0.75,0.625,1.0,1.0,0.7515903115272522,0.111083984375,0.7962962962962963,0.4479166666666667
train/LEARN/6433677117622094-LEARN.v17.npz,train,LEARN,0.9375,0.84375,0.875,0.78125,1.0,1.0,0.7500505447387695,0.0841064453125,0.9107142857142857,0.5368421052631579
train/LEARN/6871798036853238-seedLEARN.v17.npz,train,LEARN,0.875,0.84375,0.78125,0.75,1.0,1.0,0.6933257579803467,0.1346435546875,0.8518518518518519,0.23958333333333334
train/LEARN/6919715917732598-LEARN.v17.npz,train,LEARN,0.875,0.71875,0.84375,0.6875,1.0,1.0,0.7087974548339844,0.09619140625,0.8571428571428571,0.35294117647058826
train/LEARN/7373699847035962-LEARN.v17.npz,train,LEARN,0.8125,0.4375,0.625,0.25,1.0,1.0,0.7394934892654419,0.0875244140625,0.8095238095238095,0.3148148148148148
train/LEARN/8356772257248806-LEARN.v17.npz,train,LEARN,0.875,0.6875,0.78125,0.59375,1.0,1.0,0.7688946723937988,0.0797119140625,0.9024390243902439,0.43023255813953487
train/LESS/025934577509988177-LESS.v17.npz,train,LESS,0.8125,0.0625,0.75,0.0,1.0,1.0,0.738358736038208,0.1575927734375,0.8,0.34782608695652173
train/LESS/06835081820948452-LESS.v17.npz,train,LESS,0.875,0.8125,0.875,0.8125,1.0,1.0,0.8229397535324097,0.0810546875,0.9130434782608695,0.4375
train/LESS/12360128682291482-LESS.v17.npz,train,LESS,0.875,0.625,0.875,0.625,1.0,1.0,0.8096252679824829,0.086181640625,0.8571428571428571,0.3287671232876712
train/LESS/42298974601594974-LESS.v17.npz,train,LESS,0.9375,0.78125,0.9375,0.78125,1.0,1.0,0.7449230551719666,0.075439453125,0.9,0.4838709677419355
train/LESS/44924622999479924-LESS.v17.npz,train,LESS,0.875,0.34375,0.875,0.34375,1.0,1.0,0.8247367143630981,0.11212158203125,0.8666666666666667,0.4727272727272727
train/LESS/5517947193894646-LESS.v17.npz,train,LESS,0.875,0.75,0.875,0.75,1.0,1.0,0.7802368998527527,0.105224609375,0.9047619047619048,0.6551724137931034
train/LESS/5607471755343187-LESS.v17.npz,train,LESS,0.8125,0.0,0.8125,0.0,0.0,1.0,0.7335892915725708,0.278076171875,0.631578947368421,0.25
train/LESS/7172635775819549-LESS.v17.npz,train,LESS,0.75,0.34375,0.75,0.34375,1.0,1.0,0.9410103559494019,0.11834716796875,0.7333333333333333,0.20754716981132076
train/LESS/7473791011085458-LESS.v17.npz,train,LESS,0.875,0.84375,0.84375,0.8125,1.0,1.0,0.8266919255256653,0.0753173828125,0.8974358974358975,0.5072463768115942
train/LESS/7640687420997381-LESS.v17.npz,train,LESS,0.875,0.65625,0.84375,0.625,1.0,1.0,0.8548141717910767,0.5,0.875,0.5283018867924528
train/LESS/775934637445302-LESS.v17.npz,train,LESS,0.875,0.5625,0.8125,0.5,1.0,1.0,0.767585813999176,0.1119384765625,0.8974358974358975,0.4605263157894737
train/LESS/7958050019646907-seedLESS.v17.npz,train,LESS,0.6875,0.40625,0.625,0.34375,1.0,1.0,0.7182498574256897,0.0804443359375,0.6956521739130435,0.6666666666666666
train/LESS/818702114612541-LESS.v17.npz,train,LESS,0.96875,0.6875,0.5,0.21875,1.0,1.0,0.6804929375648499,0.0853271484375,0.9137931034482759,0.6883116883116883
train/LESS/8308388879493478-LESS.v17.npz,train,LESS,0.6875,0.3125,0.6875,0.3125,1.0,1.0,0.7178044319152832,0.1640625,0.7096774193548387,0.38596491228070173
train/LIKE/030195387372940363-LIKE.v17.npz,train,LIKE,0.8125,0.0,0.8125,0.0,0.0,1.0,0.7859895825386047,0.124267578125,0.6956521739130435,0.24242424242424243
train/LIKE/05351672702445809-LIKE.v17.npz,train,LIKE,0.8125,0.0,0.8125,0.0,0.0,1.0,0.7878801226615906,0.0997314453125,0.7222222222222222,0.2708333333333333
train/LIKE/23961420213829476-LIKE.v17.npz,train,LIKE,0.875,0.0,0.875,0.0,0.0,1.0,0.8017305731773376,0.1541748046875,0.8666666666666667,0.36619718309859156
train/LIKE/2935343968735329-LIKE.v17.npz,train,LIKE,0.875,0.875,0.0,0.0,1.0,0.0,0.8353801369667053,0.5,0.8823529411764706,0.4838709677419355
train/LIKE/30651763223309914-LIKE.v17.npz,train,LIKE,0.875,0.03125,0.875,0.03125,1.0,1.0,0.7274602651596069,0.09033203125,0.8620689655172413,0.5681818181818182
train/LIKE/3221250728567113-LIKE.v17.npz,train,LIKE,0.8125,0.0,0.8125,0.0,0.0,1.0,0.7117992639541626,0.1180419921875,0.8695652173913043,0.4166666666666667
train/LIKE/4726973530309644-LIKE.v17.npz,train,LIKE,0.5625,0.0,0.5625,0.0,0.0,1.0,0.6679805517196655,0.091796875,0.5344827586206896,0.3229166666666667
train/LIKE/48852938778695965-LIKE.v17.npz,train,LIKE,1.0,1.0,0.46875,0.46875,1.0,1.0,0.7945692539215088,0.1312255859375,1.0,1.0
train/LIKE/6108042704274992-LIKE.v17.npz,train,LIKE,0.8125,0.0,0.8125,0.0,0.0,1.0,0.8307999968528748,0.09173583984375,0.8181818181818182,0.46153846153846156
train/LIKE/6263439546385057-seedLIKE.v17.npz,train,LIKE,0.625,0.125,0.53125,0.03125,1.0,1.0,0.6543065309524536,0.0758056640625,0.5352112676056338,0.3958333333333333
train/LIKE/6408927707140595-LIKE.v17.npz,train,LIKE,0.875,0.03125,0.84375,0.0,1.0,1.0,0.7245704531669617,0.0889892578125,0.8571428571428571,0.42857142857142855
train/LIKE/6630595446275149-LIKE.v17.npz,train,LIKE,0.875,0.0,0.875,0.0,0.0,1.0,0.7561444044113159,0.12091064453125,0.7941176470588235,0.28125
train/LIKE/7707078264255762-LIKE.v17.npz,train,LIKE,0.875,0.03125,0.875,0.03125,1.0,1.0,0.7427704334259033,0.09423828125,0.8148148148148148,0.39285714285714285
train/LIKE/7921297303573938-LIKE.v17.npz,train,LIKE,0.8125,0.03125,0.78125,0.0,1.0,1.0,0.8228759765625,0.0855712890625,0.8260869565217391,0.3333333333333333
train/LIKE/8273164081850686-LIKE.v17.npz,train,LIKE,0.875,0.875,0.0,0.0,1.0,0.0,0.7615939974784851,0.12451171875,0.8918918918918919,0.4925373134328358
train/LISTEN/025204171933608244-LISTEN.v17.npz,train,LISTEN,0.875,0.03125,0.875,0.03125,1.0,1.0,0.7848005294799805,0.1412353515625,0.9024390243902439,0.3854166666666667
train/LISTEN/042692844819531395-LISTEN.v17.npz,train,LISTEN,0.9375,0.9375,0.03125,0.03125,1.0,1.0,0.742152988910675,0.125,0.8958333333333334,0.581081081081081
train/LISTEN/15025494439377618-LISTEN.v17.npz,train,LISTEN,0.8125,0.03125,0.78125,0.0,1.0,1.0,0.7498641610145569,0.10498046875,0.8260869565217391,0.40425531914893614
train/LISTEN/1615641107602217-LISTEN.v17.npz,train,LISTEN,0.9375,0.9375,0.84375,0.84375,1.0,1.0,0.8186888694763184,0.0823974609375,0.9183673469387755,0.5056179775280899
train/LISTEN/3020669935390441-seedLISTEN.v17.npz,train,LISTEN,0.84375,0.03125,0.8125,0.0,1.0,1.0,0.7889370918273926,0.1180419921875,0.8936170212765957,0.4375
train/LISTEN/30216552906832983-LISTEN.v17.npz,train,LISTEN,0.8125,0.21875,0.78125,0.1875,1.0,1.0,0.872676432132721,0.290283203125,0.8181818181818182,0.24324324324324326
train/LISTEN/5919257882722226-LISTEN.v17.npz,train,LISTEN,0.875,0.0,0.875,0.0,0.0,1.0,0.8005821704864502,0.1868896484375,0.8620689655172413,0.46296296296296297
train/LISTEN/6734665206220465-LISTEN.v17.npz,train,LISTEN,0.8125,0.09375,0.78125,0.0625,1.0,1.0,0.7499363422393799,0.0887451171875,0.8181818181818182,0.36
train/LISTEN/6855595996582029-LISTEN.v17.npz,train,LISTEN,0.875,0.0,0.875,0.0,0.0,1.0,0.798925518989563,0.086181640625,0.8857142857142857,0.5535714285714286
train/LISTEN/8821978918389293-LISTEN.v17.npz,train,LISTEN,0.8125,0.03125,0.78125,0.0,1.0,1.0,0.8211389780044556,0.15234375,0.8181818181818182,0.375
train/LISTEN/9274530293728671-LISTEN.v17.npz,train,LISTEN,0.875,0.0625,0.875,0.0625,1.0,1.0,0.7734801173210144,0.15185546875,0.9047619047619048,0.4810126582278481
train/LISTEN/937803544366357-LISTEN.v17.npz,train,LISTEN,0.875,0.0625,0.875,0.0625,1.0,1.0,0.773422360420227,0.0814208984375,0.8823529411764706,0.46153846153846156
train/LOVE/0018378274808692474-LOVE.v17.npz,train,LOVE,0.875,0.875,0.5625,0.5625,1.0,1.0,0.799505889415741,0.1021728515625,0.8387096774193549,0.41935483870967744
train/LOVE/13717057044445125-LOVE.v17.npz,train,LOVE,0.875,0.625,0.875,0.625,1.0,1.0,0.8248737454414368,0.1378173828125,0.8518518518518519,0.46
train/LOVE/285782838453037-LOVE.v17.npz,train,LOVE,0.875,0.6875,0.875,0.6875,1.0,1.0,0.8334499001502991,0.16796875,0.8787878787878788,0.48333333333333334
train/LOVE/3516860036460976-LOVE.v17.npz,train,LOVE,0.875,0.625,0.875,0.625,1.0,1.0,0.8018842339515686,0.0830078125,0.9148936170212766,0.5180722891566265
train/LOVE/3826611907286055-LOVE.v17.npz,train,LOVE,0.875,0.65625,0.875,0.65625,1.0,1.0,0.8016161918640137,0.1571044921875,0.868421052631579,0.4342105263157895
train/LOVE/4194471454302029-LOVE.v17.npz,train,LOVE,0.875,0.65625,0.875,0.65625,1.0,1.0,0.8362694382667542,0.078369140625,0.8918918918918919,0.34375
train/LOVE/4841662498241295-LOVE.v17.npz,train,LOVE,0.8125,0.59375,0.8125,0.59375,1.0,1.0,0.7493608593940735,0.0946044921875,0.6842105263157895,0.30952380952380953
train/LOVE/5046064121660587-LOVE.v17.npz,train,LOVE,0.8125,0.59375,0.8125,0.59375,1.0,1.0,0.8070887923240662,0.075439453125,0.75,0.15625
train/LOVE/544773713165329-LOVE.v17.npz,train,LOVE,0.875,0.46875,0.875,0.46875,1.0,1.0,0.8514557480812073,0.1513671875,0.8823529411764706,0.4225352112676056
train/LOVE/6414476924051264-LOVE.v17.npz,train,LOVE,0.875,0.875,0.65625,0.65625,1.0,1.0,0.7988542318344116,0.0789794921875,0.8648648648648649,0.47058823529411764
train/LOVE/8108861250431312-seedLOVE.v17.npz,train,LOVE,0.875,0.6875,0.875,0.6875,1.0,1.0,0.7948927283287048,0.0758056640625,0.8823529411764706,0.3125
train/LOVE/8291491506273367-LOVE.v17.npz,train,LOVE,0.9375,0.9375,0.78125,0.78125,1.0,1.0,0.7953318953514099,0.078125,0.8867924528301887,0.5280898876404494
train/LOVE/9377899064716586-LOVE.v17.npz,train,LOVE,0.875,0.875,0.6875,0.6875,1.0,1.0,0.829256534576416,0.07958984375,0.8709677419354839,0.28125
train/MAKE/06915498305351697-MAKE.v17.npz,train,MAKE,0.8125,0.625,0.59375,0.40625,1.0,1.0,0.8329211473464966,0.0828857421875,0.8333333333333334,0.45454545454545453
train/MAKE/10010774201312977-MAKE.v17.npz,train,MAKE,0.875,0.71875,0.875,0.71875,1.0,1.0,0.8399093747138977,0.11181640625,0.8888888888888888,0.3333333333333333
train/MAKE/12398889502337007-seedMAKE.v17.npz,train,MAKE,0.25,0.25,0.1875,0.1875,1.0,1.0,0.6579217314720154,0.1025390625,0.26373626373626374,0.25
train/MAKE/18229683151860843-MAKE.v17.npz,train,MAKE,0.875,0.875,0.8125,0.8125,1.0,1.0,0.8563739657402039,0.265869140625,0.8666666666666667,0.35135135135135137
train/MAKE/21765240452364454-MAKE.v17.npz,train,MAKE,0.875,0.34375,0.875,0.34375,1.0,1.0,0.8446331024169922,0.0950927734375,0.8571428571428571,0.4528301886792453
train/MAKE/2656237341874321-MAKE.v17.npz,train,MAKE,0.875,0.5,0.5625,0.1875,1.0,1.0,0.8273935317993164,0.162841796875,0.875,0.35
train/MAKE/2953819571296197-MAKE.v17.npz,train,MAKE,0.625,0.3125,0.5,0.1875,1.0,1.0,0.7786951661109924,0.378173828125,0.5925925925925926,0.3137254901960784
train/MAKE/35685665490030827-MAKE.v17.npz,train,MAKE,0.5625,0.40625,0.5625,0.40625,1.0,1.0,0.73968505859375,0.091796875,0.5384615384615384,0.2916666666666667
train/MAKE/42608318827919933-MAKE.v17.npz,train,MAKE,0.875,0.75,0.875,0.75,1.0,1.0,0.8273780941963196,0.134765625,0.8666666666666667,0.3880597014925373
train/MAKE/46006083289905075-MAKE.v17.npz,train,MAKE,0.875,0.75,0.875,0.75,1.0,1.0,0.838813066482544,0.09814453125,0.8571428571428571,0.25
train/MAKE/48360219801328896-MAKE.v17.npz,train,MAKE,0.8125,0.78125,0.78125,0.75,1.0,1.0,0.8453964591026306,0.1593017578125,0.8333333333333334,0.38461538461538464
train/MAKE/5844672679220855-MAKE.v17.npz,train,MAKE,0.875,0.875,0.78125,0.78125,1.0,1.0,0.8562663197517395,0.1014404296875,0.875,0.3888888888888889
train/MAKE/7576174422043422-MAKE.v17.npz,train,MAKE,0.75,0.6875,0.75,0.6875,1.0,1.0,0.8508731722831726,0.1307373046875,0.75,0.2608695652173913
train/MAKE/9583259576552383-MAKE.v17.npz,train,MAKE,0.875,0.8125,0.875,0.8125,1.0,1.0,0.8105314373970032,0.0908203125,0.8571428571428571,0.4235294117647059
train/MAN/07906567248016683-MAN.v17.npz,train,MAN,0.71875,0.0625,0.65625,0.0,1.0,1.0,0.689133882522583,0.1080322265625,0.7272727272727273,0.39344262295081966
train/MAN/10385058399783764-MAN.v17.npz,train,MAN,0.8125,0.0625,0.75,0.0,1.0,1.0,0.7349180579185486,0.080322265625,0.6666666666666666,0.24489795918367346
train/MAN/1300301228681695-MAN.v17.npz,train,MAN,0.84375,0.0625,0.8125,0.03125,1.0,1.0,0.7979170083999634,0.298583984375,0.8285714285714286,0.47540983606557374
train/MAN/1570087424496478-MAN.v17.npz,train,MAN,0.8125,0.09375,0.8125,0.09375,1.0,1.0,0.8377993106842041,0.5,0.75,0.16483516483516483
train/MAN/20688738499250947-MAN.v17.npz,train,MAN,0.875,0.875,0.09375,0.09375,1.0,1.0,0.7796946167945862,0.0880126953125,0.868421052631579,0.4782608695652174
train/MAN/2305277448085148-MAN.v17.npz,train,MAN,0.46875,0.0625,0.4375,0.03125,1.0,1.0,0.6759175062179565,0.08154296875,0.4,0.4
train/MAN/3934957835832569-seedMAN.v17.npz,train,MAN,0.8125,0.0,0.8125,0.0,0.0,1.0,0.7875820994377136,0.12890625,0.75,0.15625
train/MAN/4036426039691503-MAN.v17.npz,train,MAN,0.53125,0.0625,0.5,0.03125,1.0,1.0,0.6883993744850159,0.0987548828125,0.5172413793103449,0.18072289156626506
train/MAN/46577961099474163-MAN.v17.npz,train,MAN,0.84375,0.84375,0.0,0.0,1.0,0.0,0.709425151348114,0.10400390625,0.8113207547169812,0.4673913043478261
train/MAN/5368393292246536-MAN.v17.npz,train,MAN,0.875,0.15625,0.875,0.15625,1.0,1.0,0.7778294682502747,0.107666015625,0.84375,0.32926829268292684
train/MAN/5803263321986141-MAN.v17.npz,train,MAN,0.75,0.09375,0.75,0.09375,1.0,1.0,0.6890074610710144,0.08203125,0.7142857142857143,0.32786885245901637
train/MAN/6147678260624159-MAN.v17.npz,train,MAN,0.875,0.03125,0.84375,0.0,1.0,1.0,0.7162652611732483,0.089111328125,0.8214285714285714,0.39655172413793105
train/MAN/6359966945985864-MAN.v17.npz,train,MAN,0.875,0.0,0.875,0.0,0.0,1.0,0.7561542391777039,0.2008056640625,0.8297872340425532,0.40625
train/MAN/8606245351023674-MAN.v17.npz,train,MAN,0.75,0.0,0.75,0.0,0.0,1.0,0.7363858222961426,0.23681640625,0.625,0.2222222222222222
train/MAN/9106045059190033-MAN.v17.npz,train,MAN,0.875,0.09375,0.875,0.09375,1.0,1.0,0.7185307145118713,0.075927734375,0.8378378378378378,0.3229166666666667
train/MAYBE/07634524313415914-MAYBE.v17.npz,train,MAYBE,0.875,0.375,0.625,0.125,1.0,1.0,0.7577078938484192,0.47509765625,0.782608695652174,0.45569620253164556
train/MAYBE/290396871959852-MAYBE.v17.npz,train,MAYBE,0.5,0.40625,0.5,0.40625,1.0,1.0,0.6767389178276062,0.1602783203125,0.47058823529411764,0.25
train/MAYBE/30759668963891773-MAYBE.v17.npz,train,MAYBE,0.875,0.65625,0.78125,0.5625,1.0,1.0,0.7646222114562988,0.076416015625,0.8918918918918919,0.4177215189873418
train/MAYBE/35346895720914806-MAYBE.v17.npz,train,MAYBE,0.5625,0.5,0.21875,0.15625,1.0,1.0,0.6916055679321289,0.0823974609375,0.5694444444444444,0.4270833333333333
train/MAYBE/41374941112749775-MAYBE.v17.npz,train,MAYBE,0.9375,0.90625,0.9375,0.90625,1.0,1.0,0.7996262311935425,0.0875244140625,0.9183673469387755,0.5421686746987951
train/MAYBE/5362769992680791-MAYBE.v17.npz,train,MAYBE,0.875,0.8125,0.875,0.8125,1.0,1.0,0.7865992784500122,0.1197509765625,0.8620689655172413,0.46296296296296297
train/MAYBE/7008751078684894-MAYBE.v17.npz,train,MAYBE,0.84375,0.4375,0.75,0.34375,1.0,1.0,0.7044409513473511,0.0831298828125,0.8571428571428571,0.40540540540540543
train/MAYBE/7214939757364489-MAYBE.v17.npz,train,MAYBE,0.875,0.75,0.78125,0.65625,1.0,1.0,0.8495047688484192,0.5,0.8461538461538461,0.46808510638297873
train/MAYBE/7636836654101908-MAYBE.v17.npz,train,MAYBE,0.8125,0.75,0.6875,0.625,1.0,1.0,0.7647899985313416,0.147705078125,0.8260869565217391,0.3958333333333333
train/MAYBE/8056429568724497-MAYBE.v17.npz,train,MAYBE,0.875,0.875,0.78125,0.78125,1.0,1.0,0.662320613861084,0.1468505859375,0.78125,0.390625
train/MAYBE/8618010888532455-seedMAYBE.v17.npz,train,MAYBE,0.875,0.75,0.875,0.75,1.0,1.0,0.7807158827781677,0.0849609375,0.84,0.21875
train/MAYBE/8747461687045561-MAYBE.v17.npz,train,MAYBE,0.875,0.78125,0.78125,0.6875,1.0,1.0,0.8238330483436584,0.10546875,0.875,0.5
train/MAYBE/9412306887603408-MAYBE.v17.npz,train,MAYBE,0.875,0.84375,0.75,0.71875,1.0,1.0,0.6396265625953674,0.140625,0.6666666666666666,0.375
train/MAYBE/9675060825507151-MAYBE.v17.npz,train,MAYBE,0.875,0.65625,0.84375,0.625,1.0,1.0,0.7831205129623413,0.10498046875,0.8974358974358975,0.5303030303030303
train/MORE/013724247293201763-MORE.v17.npz,train,MORE,0.875,0.75,0.875,0.75,1.0,1.0,0.8653992414474487,0.10498046875,0.8461538461538461,0.5116279069767442
train/MORE/033095312435714064-MORE.v17.npz,train,MORE,0.875,0.78125,0.875,0.78125,1.0,1.0,0.778218150138855,0.109619140625,0.8918918918918919,0.5409836065573771
train/MORE/05959007956304285-MORE.v17.npz,train,MORE,0.8125,0.8125,0.65625,0.65625,1.0,1.0,0.8209754228591919,0.0894775390625,0.8095238095238095,0.3148148148148148
train/MORE/19756865098292908-MORE.v17.npz,train,MORE,0.96875,0.90625,0.78125,0.71875,1.0,1.0,0.8410145044326782,0.473388671875,0.9622641509433962,0.6144578313253012
train/MORE/48891811825038345-MORE.v17.npz,train,MORE,0.875,0.84375,0.875,0.84375,1.0,1.0,0.8523596525192261,0.110595703125,0.8571428571428571,0.375
train/MORE/6684303463308252-MORE.v17.npz,train,MORE,0.875,0.84375,0.84375,0.8125,1.0,1.0,0.8645375370979309,0.1104736328125,0.8947368421052632,0.3953488372093023
train/MORE/7168321371853796-MORE.v17.npz,train,MORE,0.875,0.65625,0.875,0.65625,1.0,1.0,0.8497793078422546,0.482177734375,0.8518518518518519,0.41818181818181815
train/MORE/7213248453404937-MORE.v17.npz,train,MORE,0.875,0.875,0.8125,0.8125,1.0,1.0,0.8332896828651428,0.0814208984375,0.9090909090909091,0.4166666666666667
train/MORE/7267227999834953-MORE.v17.npz,train,MORE,0.875,0.8125,0.84375,0.78125,1.0,1.0,0.8604491353034973,0.256103515625,0.8620689655172413,0.3424657534246575
train/MORE/7455948118093856-MORE.v17.npz,train,MORE,0.78125,0.65625,0.78125,0.65625,1.0,1.0,0.8050285577774048,0.1026611328125,0.8048780487804879,0.34375
train/MORE/7570971556194199-seedMORE.v17.npz,train,MORE,0.875,0.875,0.875,0.875,1.0,1.0,0.8329499363899231,0.0867919921875,0.84,0.21875
train/MORE/8116309886717166-MORE.v17.npz,train,MORE,0.8125,0.6875,0.8125,0.6875,1.0,1.0,0.837120532989502,0.122314453125,0.7777777777777778,0.32558139534883723
train/MORE/8385294089384643-MORE.v17.npz,train,MORE,0.90625,0.78125,0.84375,0.71875,1.0,1.0,0.7933089733123779,0.0787353515625,0.8846153846153846,0.5679012345679012
train/MORE/8398312100057683-MORE.v17.npz,train,MORE,0.875,0.84375,0.875,0.84375,1.0,1.0,0.8714789748191833,0.5,0.9047619047619048,0.4810126582278481
train/MORE/9858229995286099-MORE.v17.npz,train,MORE,0.875,0.65625,0.875,0.65625,1.0,1.0,0.8578038811683655,0.087158203125,0.8947368421052632,0.3695652173913043
train/MORNING/13300534546969667-MORNING.v17.npz,train,MORNING,0.8125,0.78125,0.8125,0.78125,1.0,1.0,0.7908629775047302,0.0797119140625,0.8333333333333334,0.3508771929824561
train/MORNING/18720913292106833-MORNING.v17.npz,train,MORNING,0.875,0.875,0.59375,0.59375,1.0,1.0,0.8062105178833008,0.078369140625,0.8666666666666667,0.43333333333333335
train/MORNING/20644643394772144-MORNING.v17.npz,train,MORNING,0.875,0.875,0.53125,0.53125,1.0,1.0,0.8062915802001953,0.1094970703125,0.9090909090909091,0.4166666666666667
train/MORNING/26793005953024407-MORNING.v17.npz,train,MORNING,0.71875,0.15625,0.59375,0.03125,1.0,1.0,0.7837490439414978,0.5,0.75,0.34375
train/MORNING/3069443217473251-MORNING.v17.npz,train,MORNING,0.875,0.84375,0.4375,0.40625,1.0,1.0,0.7821002006530762,0.133544921875,0.8918918918918919,0.44
train/MORNING/34639776933279465-MORNING.v17.npz,train,MORNING,0.59375,0.21875,0.4375,0.0625,1.0,1.0,0.6789535880088806,0.0989990234375,0.5454545454545454,0.3125
train/MORNING/38402181354833864-MORNING.v17.npz,train,MORNING,0.8125,0.8125,0.40625,0.40625,1.0,1.0,0.8507295250892639,0.0975341796875,0.8260869565217391,0.3584905660377358
train/MORNING/410755409280005-MORNING.v17.npz,train,MORNING,0.875,0.875,0.5,0.5,1.0,1.0,0.8107524514198303,0.15185546875,0.8888888888888888,0.49230769230769234
train/MORNING/4500546033048234-MORNING.v17.npz,train,MORNING,0.8125,0.8125,0.78125,0.78125,1.0,1.0,0.8652723431587219,0.390869140625,0.8181818181818182,0.375
train/MORNING/5674449625615106-MORNING.v17.npz,train,MORNING,0.9375,0.875,0.84375,0.78125,1.0,1.0,0.8098502159118652,0.077880859375,0.9259259259259259,0.5617977528089888
train/MORNING/6261974594387636-seedMORNING.v17.npz,train,MORNING,0.8125,0.8125,0.53125,0.53125,1.0,1.0,0.8135825991630554,0.08154296875,0.8333333333333334,0.20833333333333334
train/MORNING/7444758043561372-MORNING.v17.npz,train,MORNING,0.875,0.6875,0.6875,0.5,1.0,1.0,0.8389864563941956,0.1060791015625,0.8571428571428571,0.42105263157894735
train/MORNING/8012725754075023-MORNING.v17.npz,train,MORNING,0.875,0.40625,0.875,0.40625,1.0,1.0,0.8097131252288818,0.07940673828125,0.8611111111111112,0.484375
train/MORNING/8177275884769319-MORNING.v17.npz,train,MORNING,0.875,0.875,0.40625,0.40625,1.0,1.0,0.7883532047271729,0.0892333984375,0.9069767441860465,0.40625
train/MOTHER/012877022575290109-MOTHER.v17.npz,train,MOTHER,0.875,0.0625,0.875,0.0625,1.0,1.0,0.7798874974250793,0.0789794921875,0.8823529411764706,0.40540540540540543
train/MOTHER/10278942340284503-MOTHER.v17.npz,train,MOTHER,0.875,0.09375,0.875,0.09375,1.0,1.0,0.7577729225158691,0.094970703125,0.8571428571428571,0.4528301886792453
train/MOTHER/1825200902929398-MOTHER.v17.npz,train,MOTHER,0.75,0.0625,0.6875,0.0,1.0,1.0,0.7189620733261108,0.1171875,0.7142857142857143,0.25
train/MOTHER/21362573588805733-MOTHER.v17.npz,train,MOTHER,0.8125,0.03125,0.78125,0.0,1.0,1.0,0.8130622506141663,0.5,0.8333333333333334,0.43478260869565216
train/MOTHER/3594639642396176-MOTHER.v17.npz,train,MOTHER,0.875,0.0625,0.84375,0.03125,1.0,1.0,0.7228630185127258,0.091064453125,0.8285714285714286,0.3815789473684211
train/MOTHER/3624106996012926-MOTHER.v17.npz,train,MOTHER,0.875,0.875,0.0625,0.0625,1.0,1.0,0.7277894020080566,0.0986328125,0.8409090909090909,0.47435897435897434
train/MOTHER/4465911028936387-MOTHER.v17.npz,train,MOTHER,0.875,0.875,0.125,0.125,1.0,1.0,0.7651757597923279,0.0906982421875,0.9069767441860465,0.5735294117647058
train/MOTHER/5016352016219428-MOTHER.v17.npz,train,MOTHER,0.8125,0.0,0.8125,0.0,0.0,1.0,0.7737841010093689,0.1029052734375,0.8333333333333334,0.37735849056603776
train/MOTHER/5651079602343521-seedMOTHER.v17.npz,train,MOTHER,0.8125,0.0625,0.75,0.0,1.0,1.0,0.7645460367202759,0.1885986328125,0.7647058823529411,0.13541666666666666
train/MOTHER/594799660772781-MOTHER.v17.npz,train,MOTHER,0.875,0.03125,0.84375,0.0,1.0,1.0,0.766054630279541,0.09698486328125,0.8974358974358975,0.5147058823529411
train/MOTHER/6976573288663246-MOTHER.v17.npz,train,MOTHER,0.875,0.09375,0.875,0.09375,1.0,1.0,0.7852965593338013,0.312255859375,0.9069767441860465,0.5342465753424658
train/MOTHER/7542254268771809-MOTHER.v17.npz,train,MOTHER,0.8125,0.0,0.8125,0.0,0.0,1.0,0.7304723858833313,0.0755615234375,0.8,0.2909090909090909
train/MOTHER/8849980218955149-MOTHER.v17.npz,train,MOTHER,0.875,0.0625,0.875,0.0625,1.0,1.0,0.7531844973564148,0.0787353515625,0.9069767441860465,0.40625
train/MOTHER/9303557889829679-MOTHER.v17.npz,train,MOTHER,0.875,0.0,0.875,0.0,0.0,1.0,0.8248465657234192,0.5,0.8461538461538461,0.4489795918367347
train/MY/016094158151485072-MY.v17.npz,train,MY,0.8125,0.0,0.8125,0.0,0.0,1.0,0.7927119731903076,0.1864013671875,0.7777777777777778,0.358974358974359
train/MY/019419810771881707-MY.v17.npz,train,MY,0.875,0.0,0.875,0.0,0.0,1.0,0.7353190779685974,0.100341796875,0.8717948717948718,0.5573770491803278
train/MY/15876391998161066-MY.v17.npz,train,MY,0.875,0.0,0.875,0.0,0.0,1.0,0.8035752177238464,0.5,0.8666666666666667,0.4406779661016949
train/MY/1967585753703054-MY.v17.npz,train,MY,0.875,0.03125,0.875,0.03125,1.0,1.0,0.7883898615837097,0.0843505859375,0.8620689655172413,0.44642857142857145
train/MY/26402390265466935-MY.v17.npz,train,MY,0.875,0.84375,0.03125,0.0,1.0,1.0,0.7615479230880737,0.0762939453125,0.8529411764705882,0.3020833333333333
train/MY/45496556401826393-MY.v17.npz,train,MY,0.8125,0.0625,0.75,0.0,1.0,1.0,0.710520327091217,0.0841064453125,0.7692307692307693,0.4166666666666667
train/MY/4806377586588719-MY.v17.npz,train,MY,0.8125,0.8125,0.0,0.0,1.0,0.0,0.7928959727287292,0.1502685546875,0.7777777777777778,0.28
train/MY/5095314542128282-seedMY.v17.npz,train,MY,0.8125,0.0625,0.8125,0.0625,1.0,1.0,0.7358839511871338,0.1187744140625,0.8181818181818182,0.1875
train/MY/5567962318004358-MY.v17.npz,train,MY,0.8125,0.0,0.8125,0.0,0.0,1.0,0.792482316493988,0.1007080078125,0.7894736842105263,0.35714285714285715
train/MY/5701892416175667-MY.v17.npz,train,MY,0.875,0.03125,0.84375,0.0,1.0,1.0,0.7353180050849915,0.0755615234375,0.8974358974358975,0.47297297297297297
train/MY/763533172470803-MY.v17.npz,train,MY,0.8125,0.0,0.8125,0.0,0.0,1.0,0.7283929586410522,0.096435546875,0.8333333333333334,0.2702702702702703
train/MY/9101190053850159-MY.v17.npz,train,MY,0.875,0.03125,0.84375,0.0,1.0,1.0,0.752707839012146,0.130859375,0.8518518518518519,0.3709677419354839
train/MY/9567263704149651-MY.v17.npz,train,MY,0.875,0.875,0.0,0.0,1.0,0.0,0.7433385848999023,0.0877685546875,0.8666666666666667,0.6046511627906976
train/NAME/03294491784477094-seedNAME.v17.npz,train,NAME,0.46875,0.46875,0.375,0.375,1.0,1.0,0.746317446231842,0.11767578125,0.4666666666666667,0.21875
train/NAME/07550237967516482-NAME.v17.npz,train,NAME,0.875,0.65625,0.875,0.65625,1.0,1.0,0.7736133337020874,0.08642578125,0.8181818181818182,0.45
train/NAME/20739960328931106-NAME.v17.npz,train,NAME,0.875,0.71875,0.75,0.59375,1.0,1.0,0.8481895923614502,0.08251953125,0.8888888888888888,0.5079365079365079
train/NAME/4290157295522645-NAME.v17.npz,train,NAME,0.875,0.875,0.8125,0.8125,1.0,1.0,0.8205044269561768,0.08447265625,0.84,0.4117647058823529
train/NAME/44454593042241-NAME.v17.npz,train,NAME,0.875,0.71875,0.84375,0.6875,1.0,1.0,0.8371465802192688,0.0927734375,0.8387096774193549,0.4482758620689655
train/NAME/45143019985078214-NAME.v17.npz,train,NAME,0.875,0.84375,0.8125,0.78125,1.0,1.0,0.8695637583732605,0.10546875,0.8787878787878788,0.5
train/NAME/45850991964011034-NAME.v17.npz,train,NAME,0.875,0.75,0.875,0.75,1.0,1.0,0.8366943597793579,0.0755615234375,0.9130434782608695,0.4375
train/NAME/5949494391929417-NAME.v17.npz,train,NAME,0.8125,0.8125,0.8125,0.8125,1.0,1.0,0.8147270679473877,0.12939453125,0.7894736842105263,0.3
train/NAME/68008701658875-NAME.v17.npz,train,NAME,0.875,0.875,0.875,0.875,1.0,1.0,0.833709716796875,0.0789794921875,0.9024390243902439,0.3854166666666667
train/NAME/7680995774148371-NAME.v17.npz,train,NAME,0.875,0.8125,0.8125,0.75,1.0,1.0,0.8314825892448425,0.252197265625,0.8484848484848485,0.417910447761194
train/NAME/7743830371689544-NAME.v17.npz,train,NAME,0.875,0.8125,0.875,0.8125,1.0,1.0,0.8351953029632568,0.0819091796875,0.9024390243902439,0.4625
train/NAME/8850902951414901-NAME.v17.npz,train,NAME,0.875,0.6875,0.84375,0.65625,1.0,1.0,0.8119295239448547,0.114013671875,0.8918918918918919,0.4583333333333333
train/NAME/9125300798453833-NAME.v17.npz,train,NAME,0.875,0.625,0.875,0.625,1.0,1.0,0.8208954334259033,0.08447265625,0.8518518518518519,0.46
train/NAME/9851992475740963-NAME.v17.npz,train,NAME,0.9375,0.59375,0.9375,0.59375,1.0,1.0,0.8626759052276611,0.5,0.9444444444444444,0.37362637362637363
train/NEED/0505419163931653-NEED.v17.npz,train,NEED,0.96875,0.90625,0.65625,0.59375,1.0,1.0,0.6561827659606934,0.087646484375,0.9629629629629629,0.9629629629629629
train/NEED/23302415519785113-NEED.v17.npz,train,NEED,0.875,0.03125,0.84375,0.0,1.0,1.0,0.7837319374084473,0.45849609375,0.7777777777777778,0.30434782608695654
train/NEED/25388069654637513-NEED.v17.npz,train,NEED,0.8125,0.03125,0.78125,0.0,1.0,1.0,0.7592222690582275,0.086181640625,0.8181818181818182,0.28125
train/NEED/28071486967073533-NEED.v17.npz,train,NEED,0.8125,0.0,0.8125,0.0,0.0,1.0,0.7657787799835205,0.1112060546875,0.7894736842105263,0.3333333333333333
train/NEED/2957896307414234-NEED.v17.npz,train,NEED,0.875,0.875,0.0,0.0,1.0,0.0,0.8012173771858215,0.153076171875,0.9148936170212766,0.5
train/NEED/3092044477927096-NEED.v17.npz,train,NEED,0.875,0.875,0.0,0.0,1.0,0.0,0.8296898603439331,0.1300048828125,0.8787878787878788,0.5
train/NEED/5597756711675372-NEED.v17.npz,train,NEED,0.875,0.09375,0.78125,0.0,1.0,1.0,0.7479316592216492,0.092529296875,0.8518518518518519,0.36507936507936506
train/NEED/5754719885013022-NEED.v17.npz,train,NEED,0.75,0.0625,0.6875,0.0,1.0,1.0,0.709845781326294,0.111083984375,0.7222222222222222,0.2549019607843137
train/NEED/6613716577421236-NEED.v17.npz,train,NEED,0.875,0.21875,0.78125,0.125,1.0,1.0,0.7335965037345886,0.1920166015625,0.8461538461538461,0.2972972972972973
train/NEED/7657802804409537-NEED.v17.npz,train,NEED,0.875,0.03125,0.875,0.03125,1.0,1.0,0.780868649482727,0.0772705078125,0.9047619047619048,0.3958333333333333
train/NEED/8172430267718573-seedNEED.v17.npz,train,NEED,0.875,0.03125,0.875,0.03125,1.0,1.0,0.7500489354133606,0.123291015625,0.9090909090909091,0.4166666666666667
train/NEED/8848744369087989-NEED.v17.npz,train,NEED,0.875,0.0,0.875,0.0,0.0,1.0,0.7470191717147827,0.0758056640625,0.8333333333333334,0.32894736842105265
train/NEED/8882151630852417-NEED.v17.npz,train,NEED,0.875,0.0,0.875,0.0,0.0,1.0,0.7815525531768799,0.084716796875,0.9,0.6428571428571429
train/NEED/951965116580737-NEED.v17.npz,train,NEED,0.875,0.0,0.875,0.0,0.0,1.0,0.8494868874549866,0.5,0.8666666666666667,0.4262295081967213
train/NEED/9701223233159699-NEED.v17.npz,train,NEED,0.875,0.0625,0.8125,0.0,1.0,1.0,0.7653313279151917,0.097900390625,0.8461538461538461,0.4489795918367347
train/NIGHT/06071790828062662-NIGHT.v17.npz,train,NIGHT,0.875,0.875,0.8125,0.8125,1.0,1.0,0.8108727931976318,0.17919921875,0.84,0.2692307692307692
train/NIGHT/09421450639596118-NIGHT.v17.npz,train,NIGHT,0.875,0.3125,0.875,0.3125,1.0,1.0,0.815384566783905,0.08935546875,0.9130434782608695,0.44680851063829785
train/NIGHT/09459364825922179-NIGHT.v17.npz,train,NIGHT,0.875,0.8125,0.875,0.8125,1.0,1.0,0.8134102821350098,0.08935546875,0.9,0.42857142857142855
train/NIGHT/23364729653954308-NIGHT.v17.npz,train,NIGHT,0.875,0.59375,0.84375,0.5625,1.0,1.0,0.8069577217102051,0.080322265625,0.9111111111111111,0.4606741573033708
train/NIGHT/23780488148592638-NIGHT.v17.npz,train,NIGHT,0.9375,0.9375,0.875,0.875,1.0,1.0,0.8439990878105164,0.0906982421875,0.9230769230769231,0.5161290322580645
train/NIGHT/3008181888945094-NIGHT.v17.npz,train,NIGHT,0.875,0.875,0.65625,0.65625,1.0,1.0,0.7922350168228149,0.116943359375,0.8461538461538461,0.43137254901960786
train/NIGHT/31514063915992985-NIGHT.v17.npz,train,NIGHT,0.9375,0.90625,0.9375,0.90625,1.0,1.0,0.8047782182693481,0.08935546875,0.9230769230769231,0.5393258426966292
train/NIGHT/36127965984007426-NIGHT.v17.npz,train,NIGHT,0.875,0.65625,0.875,0.65625,1.0,1.0,0.8583000898361206,0.201904296875,0.8620689655172413,0.46296296296296297
train/NIGHT/394147254494269-NIGHT.v17.npz,train,NIGHT,0.5625,0.375,0.5625,0.375,1.0,1.0,0.7148358225822449,0.0830078125,0.5692307692307692,0.3854166666666667
train/NIGHT/40156789147077165-NIGHT.v17.npz,train,NIGHT,0.8125,0.8125,0.59375,0.59375,1.0,1.0,0.8443006277084351,0.105224609375,0.7368421052631579,0.358974358974359
train/NIGHT/5240684251499979-NIGHT.v17.npz,train,NIGHT,0.65625,0.5625,0.625,0.53125,1.0,1.0,0.7830875515937805,0.08154296875,0.65625,0.4375
train/NIGHT/6280906175309462-NIGHT.v17.npz,train,NIGHT,0.875,0.5,0.875,0.5,1.0,1.0,0.8140296339988708,0.0921630859375,0.8888888888888888,0.4266666666666667
train/NIGHT/7278705413828479-NIGHT.v17.npz,train,NIGHT,0.9375,0.1875,0.9375,0.1875,1.0,1.0,0.7487167119979858,0.087158203125,0.9166666666666666,0.5116279069767442
train/NIGHT/8416382602074572-NIGHT.v17.npz,train,NIGHT,0.875,0.59375,0.875,0.59375,1.0,1.0,0.8860827088356018,0.349365234375,0.8666666666666667,0.5416666666666666
train/NIGHT/864908228939657-NIGHT.v17.npz,train,NIGHT,0.875,0.75,0.875,0.75,1.0,1.0,0.7907671332359314,0.078369140625,0.8723404255319149,0.5061728395061729
train/NIGHT/9789286217696351-NIGHT.v17.npz,train,NIGHT,0.875,0.75,0.78125,0.65625,1.0,1.0,0.8102071285247803,0.09765625,0.8709677419354839,0.46551724137931033
train/NIGHT/9866531023861207-seedNIGHT.v17.npz,train,NIGHT,0.875,0.65625,0.875,0.65625,1.0,1.0,0.8434041142463684,0.0908203125,0.8461538461538461,0.22916666666666666
train/NO/01379619951634381-NO.v17.npz,train,NO,0.875,0.03125,0.875,0.03125,1.0,1.0,0.7566984295845032,0.0804443359375,0.8918918918918919,0.38372093023255816
train/NO/09714329486323847-NO.v17.npz,train,NO,0.8125,0.0,0.8125,0.0,0.0,1.0,0.7687329649925232,0.15771484375,0.7894736842105263,0.375
train/NO/2140134632834978-NO.v17.npz,train,NO,0.9375,0.875,0.0625,0.0,1.0,1.0,0.8010143637657166,0.0780029296875,0.9166666666666666,0.6027397260273972
train/NO/2688720555507844-seedNO.v17.npz,train,NO,0.875,0.03125,0.875,0.03125,1.0,1.0,0.7847527861595154,0.093017578125,0.8918918918918919,0.34375
train/NO/370678413428154-NO.v17.npz,train,NO,0.875,0.0,0.875,0.0,0.0,1.0,0.7372874021530151,0.111572265625,0.8518518518518519,0.4339622641509434
train/NO/3919396171653571-NO.v17.npz,train,NO,0.875,0.0,0.875,0.0,0.0,1.0,0.7662943601608276,0.1361083984375,0.8518518518518519,0.5
train/NO/5082858473744953-NO.v17.npz,train,NO,0.875,0.0,0.875,0.0,0.0,1.0,0.7222422957420349,0.0880126953125,0.8181818181818182,0.28421052631578947
train/NO/5309657970849855-NO.v17.npz,train,NO,0.625,0.03125,0.59375,0.0,1.0,1.0,0.7091365456581116,0.0823974609375,0.6619718309859155,0.49473684210526314
train/NO/5372668319999747-NO.v17.npz,train,NO,0.875,0.875,0.0,0.0,1.0,0.0,0.8215743899345398,0.1644287109375,0.8709677419354839,0.4909090909090909
train/NO/6137110171725737-NO.v17.npz,train,NO,0.875,0.0,0.875,0.0,0.0,1.0,0.7980737090110779,0.09033203125,0.8918918918918919,0.4583333333333333
train/NO/6901051427765104-NO.v17.npz,train,NO,0.625,0.28125,0.34375,0.0,1.0,1.0,0.6766933798789978,0.1004638671875,0.5925925925925926,0.34782608695652173
train/NO/7932042062420475-NO.v17.npz,train,NO,0.875,0.03125,0.875,0.03125,1.0,1.0,0.7758492231369019,0.1075439453125,0.8888888888888888,0.3333333333333333
train/NO/7973429116215278-NO.v17.npz,train,NO,0.875,0.0,0.875,0.0,0.0,1.0,0.8356768488883972,0.5,0.8823529411764706,0.3409090909090909
train/NO/9616432008129339-NO.v17.npz,train,NO,0.875,0.0,0.875,0.0,0.0,1.0,0.7942725419998169,0.1151123046875,0.8620689655172413,0.3333333333333333
train/NO/9644130188424822-NO.v17.npz,train,NO,0.875,0.0,0.875,0.0,0.0,1.0,0.7681401371955872,0.0899658203125,0.8666666666666667,0.43333333333333335
train/NO/9979731168048327-NO.v17.npz,train,NO,0.8125,0.0,0.8125,0.0,0.0,1.0,0.7787231802940369,0.1978759765625,0.8333333333333334,0.3448275862068966
train/NOW/26472856106608966-NOW.v17.npz,train,NOW,0.8125,0.65625,0.78125,0.625,1.0,1.0,0.822721540927887,0.12255859375,0.8260869565217391,0.40425531914893614
train/NOW/404670456586959-NOW.v17.npz,train,NOW,0.875,0.71875,0.875,0.71875,1.0,1.0,0.812530517578125,0.09814453125,0.8620689655172413,0.4716981132075472
train/NOW/4614534315577101-NOW.v17.npz,train,NOW,0.9375,0.84375,0.65625,0.5625,1.0,1.0,0.8041084408760071,0.0880126953125,0.9272727272727272,0.53125
train/NOW/4720430361532839-NOW.v17.npz,train,NOW,0.8125,0.8125,0.71875,0.71875,1.0,1.0,0.7565248608589172,0.08447265625,0.7916666666666666,0.27941176470588236
train/NOW/5295273734383446-NOW.v17.npz,train,NOW,0.875,0.84375,0.875,0.84375,1.0,1.0,0.8147820234298706,0.0880126953125,0.8947368421052632,0.3541666666666667
train/NOW/6447196084149984-NOW.v17.npz,train,NOW,0.84375,0.75,0.5625,0.46875,1.0,1.0,0.7583350539207458,0.0782470703125,0.8148148148148148,0.7719298245614035
train/NOW/674030928817341-NOW.v17.npz,train,NOW,0.8125,0.8125,0.71875,0.71875,1.0,1.0,0.7993572950363159,0.086669921875,0.8095238095238095,0.3269230769230769
train/NOW/720220390455963-seedNOW.v17.npz,train,NOW,0.75,0.75,0.625,0.625,1.0,1.0,0.7895877361297607,0.1121826171875,0.7659574468085106,0.375
train/NOW/7347421058535237-NOW.v17.npz,train,NOW,0.875,0.875,0.75,0.75,1.0,1.0,0.7957472205162048,0.1414794921875,0.84,0.3088235294117647
train/NOW/7793308929136242-NOW.v17.npz,train,NOW,0.8125,0.15625,0.65625,0.0,1.0,1.0,0.7427785396575928,0.0858154296875,0.7916666666666666,0.4222222222222222
train/NOW/8445754712023406-NOW.v17.npz,train,NOW,0.875,0.84375,0.75,0.71875,1.0,1.0,0.8601219058036804,0.5,0.8888888888888888,0.367816091954023
train/NOW/8822549298208633-NOW.v17.npz,train,NOW,0.875,0.84375,0.8125,0.78125,1.0,1.0,0.7821856737136841,0.193603515625,0.8666666666666667,0.3880597014925373
train/NOW/9046369726997978-NOW.v17.npz,train,NOW,0.875,0.84375,0.84375,0.8125,1.0,1.0,0.8485519886016846,0.0965576171875,0.8974358974358975,0.5223880597014925
train/NOW/945060415448846-NOW.v17.npz,train,NOW,0.9375,0.9375,0.78125,0.78125,1.0,1.0,0.8532233238220215,0.146728515625,0.9183673469387755,0.4891304347826087
train/NOW/9903010368188014-NOW.v17.npz,train,NOW,0.875,0.8125,0.8125,0.75,1.0,1.0,0.8528170585632324,0.08544921875,0.9047619047619048,0.4810126582278481
train/OUR/1140810919385793-OUR.v17.npz,train,OUR,0.875,0.0625,0.875,0.0625,1.0,1.0,0.8298147916793823,0.161376953125,0.8709677419354839,0.54
train/OUR/1250874653735894-seedOUR.v17.npz,train,OUR,0.875,0.03125,0.875,0.03125,1.0,1.0,0.7797844409942627,0.140625,0.8518518518518519,0.23958333333333334
train/OUR/17676404632160048-OUR.v17.npz,train,OUR,0.875,0.875,0.03125,0.03125,1.0,1.0,0.7865853905677795,0.11370849609375,0.9069767441860465,0.46987951807228917
train/OUR/3921416525659833-OUR.v17.npz,train,OUR,0.875,0.03125,0.84375,0.0,1.0,1.0,0.722583532333374,0.0784912109375,0.8545454545454545,0.5164835164835165
train/OUR/3930752895836436-OUR.v17.npz,train,OUR,0.875,0.09375,0.875,0.09375,1.0,1.0,0.7599231004714966,0.1199951171875,0.8857142857142857,0.43661971830985913
train/OUR/40789532802368833-OUR.v17.npz,train,OUR,0.84375,0.09375,0.75,0.0,1.0,1.0,0.7482183575630188,0.1365966796875,0.8378378378378378,0.5254237288135594
train/OUR/4622631870868583-OUR.v17.npz,train,OUR,0.8125,0.0625,0.8125,0.0625,1.0,1.0,0.6708336472511292,0.1114501953125,0.6956521739130435,0.32
train/OUR/5019998183770455-OUR.v17.npz,train,OUR,0.6875,0.0,0.6875,0.0,0.0,1.0,0.7193822860717773,0.0911865234375,0.7368421052631579,0.4117647058823529
train/OUR/642747642076875-OUR.v17.npz,train,OUR,0.875,0.03125,0.875,0.03125,1.0,1.0,0.7398033738136292,0.0809326171875,0.7931034482758621,0.41818181818181815
train/OUR/7163309260574133-OUR.v17.npz,train,OUR,0.6875,0.65625,0.03125,0.0,1.0,1.0,0.7247774600982666,0.112060546875,0.6875,0.44
train/OUR/799628866128629-OUR.v17.npz,train,OUR,0.78125,0.15625,0.65625,0.03125,1.0,1.0,0.7613318562507629,0.1644287109375,0.7777777777777778,0.40384615384615385
train/OUR/8037009281954064-OUR.v17.npz,train,OUR,0.875,0.03125,0.875,0.03125,1.0,1.0,0.8025385141372681,0.1806640625,0.8611111111111112,0.37349397590361444
train/OUR/8190388557778636-OUR.v17.npz,train,OUR,0.875,0.03125,0.875,0.03125,1.0,1.0,0.7401924133300781,0.0750732421875,0.8857142857142857,0.3229166666666667
train/OUR/8722565902421502-OUR.v17.npz,train,OUR,0.875,0.875,0.0625,0.0625,1.0,1.0,0.7336314916610718,0.133544921875,0.9090909090909091,0.547945205479452
train/OUR/8773281544903357-OUR.v17.npz,train,OUR,0.875,0.0,0.875,0.0,0.0,1.0,0.7879242897033691,0.108154296875,0.8974358974358975,0.4666666666666667
train/PLEASE/04515307711600891-PLEASE.v17.npz,train,PLEASE,0.875,0.0,0.875,0.0,0.0,1.0,0.7839307188987732,0.0938720703125,0.8823529411764706,0.5
train/PLEASE/18053723532999788-PLEASE.v17.npz,train,PLEASE,0.9375,0.0,0.9375,0.0,0.0,1.0,0.7314128279685974,0.1322021484375,0.9259259259259259,0.5208333333333334
train/PLEASE/31545854783740124-PLEASE.v17.npz,train,PLEASE,0.78125,0.03125,0.78125,0.03125,1.0,1.0,0.7359679341316223,0.07958984375,0.8095238095238095,0.4533333333333333
train/PLEASE/43778843855311433-PLEASE.v17.npz,train,PLEASE,0.8125,0.09375,0.8125,0.09375,1.0,1.0,0.7273264527320862,0.1300048828125,0.8095238095238095,0.17708333333333334
train/PLEASE/44272136216354463-PLEASE.v17.npz,train,PLEASE,0.875,0.0,0.875,0.0,0.0,1.0,0.7473184466362,0.1087646484375,0.9047619047619048,0.3958333333333333
train/PLEASE/47017724784893633-seedPLEASE.v17.npz,train,PLEASE,0.875,0.0,0.875,0.0,0.0,1.0,0.7206671833992004,0.10009765625,0.8518518518518519,0.23958333333333334
train/PLEASE/4782730717831809-PLEASE.v17.npz,train,PLEASE,0.9375,0.9375,0.0,0.0,1.0,0.0,0.7418522834777832,0.126953125,0.9183673469387755,0.5172413793103449
train/PLEASE/5305284657006966-PLEASE.v17.npz,train,PLEASE,0.875,0.0,0.875,0.0,0.0,1.0,0.7612329125404358,0.09423828125,0.8648648648648649,0.47761194029850745
train/PLEASE/5956139983741693-PLEASE.v17.npz,train,PLEASE,0.875,0.03125,0.875,0.03125,1.0,1.0,0.7686701416969299,0.08203125,0.8974358974358975,0.4861111111111111
train/PLEASE/6400788027798874-PLEASE.v17.npz,train,PLEASE,0.875,0.15625,0.875,0.15625,1.0,1.0,0.7092357277870178,0.2366943359375,0.9024390243902439,0.45121951219512196
train/PLEASE/8801721942460268-PLEASE.v17.npz,train,PLEASE,0.875,0.03125,0.875,0.03125,1.0,1.0,0.7578065395355225,0.11181640625,0.9111111111111111,0.4270833333333333
train/PLEASE/9117047483562963-PLEASE.v17.npz,train,PLEASE,0.875,0.0,0.875,0.0,0.0,1.0,0.7373458743095398,0.1060791015625,0.9,0.4675324675324675
train/PLEASE/95072139344285-PLEASE.v17.npz,train,PLEASE,0.875,0.875,0.0,0.0,1.0,0.0,0.773073136806488,0.10498046875,0.9047619047619048,0.5588235294117647
train/PLEASE/9960146118001314-PLEASE.v17.npz,train,PLEASE,0.875,0.0,0.875,0.0,0.0,1.0,0.7433857917785645,0.085693359375,0.8947368421052632,0.6071428571428571
train/READ/05214904253811725-READ.v17.npz,train,READ,0.9375,0.90625,0.875,0.84375,1.0,1.0,0.7748596668243408,0.0859375,0.88,0.4583333333333333
train/READ/07495102384627716-READ.v17.npz,train,READ,0.9375,0.875,0.9375,0.875,1.0,1.0,0.7647156119346619,0.077392578125,0.9215686274509803,0.4895833333333333
train/READ/07700895767889127-READ.v17.npz,train,READ,0.875,0.875,0.78125,0.78125,1.0,1.0,0.8397157788276672,0.07666015625,0.8918918918918919,0.42857142857142855
train/READ/25413373086933655-READ.v17.npz,train,READ,0.78125,0.53125,0.71875,0.46875,1.0,1.0,0.7000253200531006,0.1212158203125,0.6721311475409836,0.4823529411764706
train/READ/4103900407521166-READ.v17.npz,train,READ,0.875,0.875,0.8125,0.8125,1.0,1.0,0.8493350148200989,0.077880859375,0.9047619047619048,0.3958333333333333
train/READ/4124339150496943-READ.v17.npz,train,READ,0.875,0.78125,0.8125,0.71875,1.0,1.0,0.7644051909446716,0.10986328125,0.8,0.4166666666666667
train/READ/486521679239563-READ.v17.npz,train,READ,0.875,0.75,0.875,0.75,1.0,1.0,0.8229914903640747,0.10302734375,0.8823529411764706,0.47619047619047616
train/READ/49657630896098426-READ.v17.npz,train,READ,0.8125,0.8125,0.8125,0.8125,1.0,1.0,0.804811418056488,0.078857421875,0.8181818181818182,0.391304347826087
train/READ/5471170729843933-READ.v17.npz,train,READ,0.78125,0.71875,0.71875,0.65625,1.0,1.0,0.7677992582321167,0.12225341796875,0.7872340425531915,0.5362318840579711
train/READ/6013462323405956-READ.v17.npz,train,READ,0.875,0.25,0.875,0.25,1.0,1.0,0.8011146187782288,0.2274169921875,0.9111111111111111,0.45555555555555555
train/READ/8063690131862289-seedREAD.v17.npz,train,READ,0.875,0.78125,0.875,0.78125,1.0,1.0,0.7977247834205627,0.133056640625,0.8787878787878788,0.3020833333333333
train/READ/825397870603666-READ.v17.npz,train,READ,0.875,0.875,0.8125,0.8125,1.0,1.0,0.8451942801475525,0.288818359375,0.8863636363636364,0.5416666666666666
train/READ/9480580549313959-READ.v17.npz,train,READ,0.875,0.875,0.8125,0.8125,1.0,1.0,0.829527735710144,0.0816650390625,0.8888888888888888,0.48484848484848486
train/READ/9962526929135627-READ.v17.npz,train,READ,0.875,0.875,0.78125,0.78125,1.0,1.0,0.8580984473228455,0.10595703125,0.8620689655172413,0.5
train/READY/006797297377982181-READY.v17.npz,train,READY,0.875,0.875,0.8125,0.8125,1.0,1.0,0.8840688467025757,0.384033203125,0.8918918918918919,0.42857142857142855
train/READY/1218437158397816-READY.v17.npz,train,READY,0.875,0.875,0.78125,0.78125,1.0,1.0,0.8644972443580627,0.5,0.8888888888888888,0.47761194029850745
train/READY/22184082671771677-READY.v17.npz,train,READY,0.8125,0.75,0.6875,0.625,1.0,1.0,0.8472914099693298,0.0855712890625,0.7894736842105263,0.3409090909090909
train/READY/2576035692307135-READY.v17.npz,train,READY,0.8125,0.0625,0.8125,0.0625,1.0,1.0,0.7982038259506226,0.330810546875,0.7894736842105263,0.19736842105263158
train/READY/31309364382409033-READY.v17.npz,train,READY,0.875,0.84375,0.84375,0.8125,1.0,1.0,0.8295175433158875,0.1322021484375,0.8518518518518519,0.38333333333333336
train/READY/32425004743799657-READY.v17.npz,train,READY,0.875,0.84375,0.875,0.84375,1.0,1.0,0.8473622798919678,0.1341552734375,0.8787878787878788,0.35365853658536583
train/READY/4483601328778779-READY.v17.npz,train,READY,0.875,0.8125,0.59375,0.53125,1.0,1.0,0.8520912528038025,0.1041259765625,0.8611111111111112,0.4696969696969697
train/READY/5024114977669767-READY.v17.npz,train,READY,0.875,0.8125,0.84375,0.78125,1.0,1.0,0.7677857279777527,0.0758056640625,0.84375,0.46551724137931033
train/READY/5071771946794466-seedREADY.v17.npz,train,READY,0.71875,0.5,0.71875,0.5,1.0,1.0,0.7052221298217773,0.1094970703125,0.7011494252873564,0.6354166666666666
train/READY/6646735600797595-READY.v17.npz,train,READY,0.875,0.875,0.75,0.75,1.0,1.0,0.8677334785461426,0.0977783203125,0.8529411764705882,0.48333333333333334
train/READY/6761847106685626-READY.v17.npz,train,READY,0.90625,0.5625,0.8125,0.46875,1.0,1.0,0.7542659044265747,0.08251953125,0.6792452830188679,0.375
train/READY/8026033272716828-READY.v17.npz,train,READY,0.875,0.875,0.53125,0.53125,1.0,1.0,0.7894647717475891,0.223388671875,0.8333333333333334,0.44642857142857145
train/READY/825356537839588-READY.v17.npz,train,READY,0.875,0.59375,0.875,0.59375,1.0,1.0,0.803694486618042,0.2318115234375,0.76,0.40425531914893614
train/READY/9778472524530533-READY.v17.npz,train,READY,0.8125,0.8125,0.40625,0.40625,1.0,1.0,0.8275461792945862,0.1251220703125,0.75,0.375
train/SAD/0100581049977424-SAD.v17.npz,train,SAD,0.875,0.78125,0.8125,0.71875,1.0,1.0,0.8056001663208008,0.094482421875,0.8461538461538461,0.5
train/SAD/07426159684377254-SAD.v17.npz,train,SAD,0.9375,0.84375,0.9375,0.84375,1.0,1.0,0.7987996935844421,0.0780029296875,0.9230769230769231,0.5
train/SAD/19468908305966748-seedSAD.v17.npz,train,SAD,0.4375,0.40625,0.4375,0.40625,1.0,1.0,0.7115879058837891,0.0853271484375,0.4107142857142857,0.23958333333333334
train/SAD/2734240294538983-SAD.v17.npz,train,SAD,0.875,0.71875,0.875,0.71875,1.0,1.0,0.8661001920700073,0.20654296875,0.8461538461538461,0.39285714285714285
train/SAD/3097381663406975-SAD.v17.npz,train,SAD,0.875,0.71875,0.875,0.71875,1.0,1.0,0.8015328645706177,0.07568359375,0.868421052631579,0.4520547945205479
train/SAD/33126820955882796-SAD.v17.npz,train,SAD,0.875,0.875,0.8125,0.8125,1.0,1.0,0.8453196287155151,0.5,0.8709677419354839,0.4909090909090909
train/SAD/3604372155194455-SAD.v17.npz,train,SAD,0.875,0.8125,0.78125,0.71875,1.0,1.0,0.7866320013999939,0.0789794921875,0.8214285714285714,0.4791666666666667
train/SAD/3808492263674854-SAD.v17.npz,train,SAD,0.875,0.875,0.875,0.875,1.0,1.0,0.7840225100517273,0.076171875,0.9130434782608695,0.4421052631578947
train/SAD/43734074730672057-SAD.v17.npz,train,SAD,0.8125,0.75,0.8125,0.75,1.0,1.0,0.8336051106452942,0.35986328125,0.7222222222222222,0.13541666666666666
train/SAD/496259098773171-SAD.v17.npz,train,SAD,0.875,0.875,0.8125,0.8125,1.0,1.0,0.8125340938568115,0.1461181640625,0.8518518518518519,0.36507936507936506
train/SAD/5986607687971939-SAD.v17.npz,train,SAD,0.875,0.6875,0.875,0.6875,1.0,1.0,0.8559640049934387,0.162109375,0.868421052631579,0.34375
train/SAD/8548989414271908-SAD.v17.npz,train,SAD,0.8125,0.8125,0.6875,0.6875,1.0,1.0,0.810942530632019,0.1337890625,0.8181818181818182,0.3829787234042553
train/SAD/9346193415975794-SAD.v17.npz,train,SAD,0.875,0.84375,0.875,0.84375,1.0,1.0,0.857986330986023,0.407470703125,0.8709677419354839,0.38028169014084506
train/SAD/979165000254969-SAD.v17.npz,train,SAD,0.875,0.875,0.8125,0.8125,1.0,1.0,0.7934765219688416,0.0841064453125,0.8,0.39215686274509803
train/SAME/005079295154089003-SAME.v17.npz,train,SAME,0.8125,0.0625,0.78125,0.03125,1.0,1.0,0.7720009684562683,0.0787353515625,0.8333333333333334,0.40816326530612246
train/SAME/0077151888593323115-SAME.v17.npz,train,SAME,0.9375,0.9375,0.03125,0.03125,1.0,1.0,0.772338330745697,0.10150146484375,0.92,0.575
train/SAME/02439415548797319-SAME.v17.npz,train,SAME,0.875,0.0625,0.875,0.0625,1.0,1.0,0.7882435321807861,0.284423828125,0.8857142857142857,0.36470588235294116
train/SAME/21942777516475864-SAME.v17.npz,train,SAME,0.5625,0.03125,0.5625,0.03125,1.0,1.0,0.7167397737503052,0.09033203125,0.6222222222222222,0.2916666666666667
train/SAME/285027381058337-SAME.v17.npz,train,SAME,0.65625,0.0625,0.65625,0.0625,1.0,1.0,0.7380836606025696,0.10302734375,0.6296296296296297,0.38636363636363635
train/SAME/36367968602282663-SAME.v17.npz,train,SAME,0.8125,0.78125,0.03125,0.0,1.0,1.0,0.845198392868042,0.28369140625,0.8095238095238095,0.29310344827586204
train/SAME/39420423979907193-SAME.v17.npz,train,SAME,0.875,0.0625,0.8125,0.0,1.0,1.0,0.7415096163749695,0.0782470703125,0.84,0.42
train/SAME/471236123701132-SAME.v17.npz,train,SAME,0.875,0.0,0.875,0.0,0.0,1.0,0.8156701326370239,0.5,0.8666666666666667,0.4727272727272727
train/SAME/48922889867293806-SAME.v17.npz,train,SAME,0.8125,0.0,0.8125,0.0,0.0,1.0,0.7265734672546387,0.1097412109375,0.7142857142857143,0.26785714285714285
train/SAME/5890477453234004-SAME.v17.npz,train,SAME,0.75,0.0,0.75,0.0,0.0,1.0,0.7704564332962036,0.0950927734375,0.7333333333333333,0.21153846153846154
train/SAME/5900201495186967-SAME.v17.npz,train,SAME,0.875,0.0,0.875,0.0,0.0,1.0,0.800666093826294,0.5,0.8461538461538461,0.4782608695652174
train/SAME/7497772531863296-SAME.v17.npz,train,SAME,0.875,0.0,0.875,0.0,0.0,1.0,0.7645482420921326,0.09130859375,0.9111111111111111,0.47126436781609193
train/SAME/8490823098987097-seedSAME.v17.npz,train,SAME,0.8125,0.0,0.8125,0.0,0.0,1.0,0.788883626461029,0.12158203125,0.8333333333333334,0.20833333333333334
train/SCHOOL/06483601782154702-SCHOOL.v17.npz,train,SCHOOL,0.84375,0.6875,0.4375,0.28125,1.0,1.0,0.7842689752578735,0.1512451171875,0.8214285714285714,0.35384615384615387
train/SCHOOL/09891286692753609-SCHOOL.v17.npz,train,SCHOOL,0.875,0.1875,0.6875,0.0,1.0,1.0,0.7624017000198364,0.075439453125,0.8837209302325582,0.5135135135135135
train/SCHOOL/16180206221904592-SCHOOL.v17.npz,train,SCHOOL,0.65625,0.53125,0.21875,0.09375,1.0,1.0,0.7437251210212708,0.0845947265625,0.6666666666666666,0.28169014084507044
train/SCHOOL/24588896302009067-SCHOOL.v17.npz,train,SCHOOL,0.875,0.75,0.875,0.75,1.0,1.0,0.6579678654670715,0.239013671875,0.8857142857142857,0.4246575342465753
train/SCHOOL/2814564048387007-SCHOOL.v17.npz,train,SCHOOL,0.875,0.875,0.875,0.875,1.0,1.0,0.7816646695137024,0.08837890625,0.9090909090909091,0.4166666666666667
train/SCHOOL/31124426927980275-seedSCHOOL.v17.npz,train,SCHOOL,0.875,0.15625,0.875,0.15625,1.0,1.0,0.7246376276016235,0.126220703125,0.8666666666666667,0.2708333333333333
train/SCHOOL/3380520143388104-SCHOOL.v17.npz,train,SCHOOL,0.96875,0.96875,0.5,0.5,1.0,1.0,0.7767407894134521,0.0943603515625,0.9705882352941176,0.6947368421052632
train/SCHOOL/44410022847934516-SCHOOL.v17.npz,train,SCHOOL,0.875,0.4375,0.84375,0.40625,1.0,1.0,0.7008663415908813,0.079345703125,0.8857142857142857,0.4189189189189189
train/SCHOOL/45776844159035135-SCHOOL.v17.npz,train,SCHOOL,0.875,0.1875,0.875,0.1875,1.0,1.0,0.7692087292671204,0.08740234375,0.8571428571428571,0.42105263157894735
train/SCHOOL/4910072855291485-SCHOOL.v17.npz,train,SCHOOL,0.9375,0.90625,0.8125,0.78125,1.0,1.0,0.7188062071800232,0.0811767578125,0.9230769230769231,0.6233766233766234
train/SCHOOL/5088472744264194-SCHOOL.v17.npz,train,SCHOOL,0.875,0.875,0.84375,0.84375,1.0,1.0,0.6917486786842346,0.0758056640625,0.9130434782608695,0.4827586206896552
train/SCHOOL/5739505297385641-SCHOOL.v17.npz,train,SCHOOL,0.875,0.875,0.25,0.25,1.0,1.0,0.7627406716346741,0.1082763671875,0.8571428571428571,0.43636363636363634
train/SCHOOL/8496754012096677-SCHOOL.v17.npz,train,SCHOOL,0.9375,0.65625,0.9375,0.65625,1.0,1.0,0.6749691367149353,0.09521484375,0.9,0.5421686746987951
train/SCHOOL/8638262994392436-SCHOOL.v17.npz,train,SCHOOL,0.8125,0.59375,0.5625,0.34375,1.0,1.0,0.7647964358329773,0.11419677734375,0.8260869565217391,0.19791666666666666
train/SCHOOL/9134558322318354-SCHOOL.v17.npz,train,SCHOOL,0.875,0.34375,0.5625,0.03125,1.0,1.0,0.6965461373329163,0.0943603515625,0.68,0.2537313432835821
train/SCHOOL/9528626762979313-SCHOOL.v17.npz,train,SCHOOL,0.875,0.78125,0.875,0.78125,1.0,1.0,0.7930484414100647,0.0784912109375,0.8947368421052632,0.4358974358974359
train/SEE/01973467612046309-SEE.v17.npz,train,SEE,0.875,0.0,0.875,0.0,0.0,1.0,0.8234747648239136,0.1478271484375,0.8461538461538461,0.3235294117647059
train/SEE/05469295194551127-SEE.v17.npz,train,SEE,0.875,0.125,0.8125,0.0625,1.0,1.0,0.7499370574951172,0.088623046875,0.8857142857142857,0.4025974025974026
train/SEE/24962171644696074-SEE.v17.npz,train,SEE,0.875,0.0625,0.8125,0.0,1.0,1.0,0.8032383322715759,0.390380859375,0.8518518518518519,0.46
train/SEE/2739015087815422-SEE.v17.npz,train,SEE,0.875,0.0,0.875,0.0,0.0,1.0,0.8255181312561035,0.5,0.8461538461538461,0.4
train/SEE/42464010618997516-SEE.v17.npz,train,SEE,0.875,0.0625,0.8125,0.0,1.0,1.0,0.754559338092804,0.1070556640625,0.9090909090909091,0.4166666666666667
train/SEE/427530694463526-SEE.v17.npz,train,SEE,0.875,0.875,0.0,0.0,1.0,0.0,0.7864567041397095,0.08837890625,0.9090909090909091,0.4878048780487805
train/SEE/4342737241901915-SEE.v17.npz,train,SEE,0.9375,0.9375,0.03125,0.03125,1.0,1.0,0.7685546875,0.0926513671875,0.9166666666666666,0.5641025641025641
train/SEE/5211790905432687-SEE.v17.npz,train,SEE,0.875,0.03125,0.875,0.03125,1.0,1.0,0.7686282396316528,0.08447265625,0.9024390243902439,0.4805194805194805
train/SEE/6126331658791906-SEE.v17.npz,train,SEE,0.8125,0.0,0.8125,0.0,0.0,1.0,0.8252583742141724,0.5,0.8260869565217391,0.36538461538461536
train/SEE/6589458102490988-SEE.v17.npz,train,SEE,0.875,0.0,0.875,0.0,0.0,1.0,0.7515950798988342,0.0966796875,0.8372093023255814,0.375
train/SEE/682277049268821-SEE.v17.npz,train,SEE,0.875,0.875,0.0,0.0,1.0,0.0,0.8319578766822815,0.17431640625,0.875,0.4666666666666667
train/SEE/7610787111957336-SEE.v17.npz,train,SEE,0.75,0.0625,0.75,0.0625,1.0,1.0,0.7747449278831482,0.08935546875,0.75,0.21428571428571427
train/SEE/7869034994705406-SEE.v17.npz,train,SEE,0.8125,0.0625,0.78125,0.03125,1.0,1.0,0.7455250024795532,0.0810546875,0.8297872340425532,0.5
train/SEE/8530152644522973-seedSEE.v17.npz,train,SEE,0.875,0.03125,0.84375,0.0,1.0,1.0,0.7901241183280945,0.084716796875,0.8974358974358975,0.3645833333333333
train/SEE/9386805628062223-SEE.v17.npz,train,SEE,0.875,0.0625,0.8125,0.0,1.0,1.0,0.7907177209854126,0.095458984375,0.84,0.3387096774193548
train/SICK/06509213312274453-SICK.v17.npz,train,SICK,0.875,0.875,0.0625,0.0625,1.0,1.0,0.7535013556480408,0.1221923828125,0.8461538461538461,0.46808510638297873
train/SICK/10206502257817629-SICK.v17.npz,train,SICK,0.875,0.84375,0.6875,0.65625,1.0,1.0,0.7569702863693237,0.076416015625,0.8823529411764706,0.3125
train/SICK/2393498289810021-SICK.v17.npz,train,SICK,0.875,0.75,0.875,0.75,1.0,1.0,0.8477109670639038,0.10888671875,0.8709677419354839,0.38571428571428573
train/SICK/239829373517368-SICK.v17.npz,train,SICK,0.59375,0.125,0.5625,0.09375,1.0,1.0,0.6706330180168152,0.0789794921875,0.6,0.4891304347826087
train/SICK/346347810799994-SICK.v17.npz,train,SICK,0.53125,0.5,0.53125,0.5,1.0,1.0,0.7649669051170349,0.1331787109375,0.5869565217391305,0.28125
train/SICK/48675740621516783-SICK.v17.npz,train,SICK,0.8125,0.625,0.8125,0.625,1.0,1.0,0.7904714941978455,0.113037109375,0.8333333333333334,0.31746031746031744
train/SICK/5954902678633454-SICK.v17.npz,train,SICK,0.875,0.875,0.0,0.0,1.0,0.0,0.7145308256149292,0.076416015625,0.8333333333333334,0.43103448275862066
train/SICK/5994541369927644-SICK.v17.npz,train,SICK,0.9375,0.9375,0.4375,0.4375,1.0,1.0,0.7564429640769958,0.0911865234375,0.9523809523809523,0.9302325581395349
train/SICK/6022729155127093-SICK.v17.npz,train,SICK,0.875,0.875,0.78125,0.78125,1.0,1.0,0.816031277179718,0.0806884765625,0.8918918918918919,0.34375
train/SICK/6714893583747881-SICK.v17.npz,train,SICK,0.8125,0.75,0.8125,0.75,1.0,1.0,0.7245386838912964,0.1185302734375,0.8181818181818182,0.33962264150943394
train/SICK/689651243355925-SICK.v17.npz,train,SICK,0.875,0.46875,0.875,0.46875,1.0,1.0,0.7828310132026672,0.08349609375,0.8709677419354839,0.574468085106383
train/SICK/7468545549250416-SICK.v17.npz,train,SICK,0.875,0.46875,0.8125,0.40625,1.0,1.0,0.7760677337646484,0.08367919921875,0.8974358974358975,0.47297297297297297
train/SICK/7809273250779392-seedSICK.v17.npz,train,SICK,0.375,0.34375,0.3125,0.28125,1.0,1.0,0.6862010955810547,0.1065673828125,0.38333333333333336,0.23958333333333334
train/SICK/9005893183984361-SICK.v17.npz,train,SICK,0.9375,0.9375,0.875,0.875,1.0,1.0,0.8030309081077576,0.08642578125,0.9166666666666666,0.4782608695652174
train/SIGN/05227033977936646-SIGN.v17.npz,train,SIGN,0.875,0.875,0.875,0.875,1.0,1.0,0.8597005605697632,0.0902099609375,0.9148936170212766,0.524390243902439
train/SIGN/06057478837138319-SIGN.v17.npz,train,SIGN,0.875,0.8125,0.84375,0.78125,1.0,1.0,0.8705529570579529,0.2142333984375,0.875,0.4375
train/SIGN/10154165727018061-SIGN.v17.npz,train,SIGN,0.875,0.71875,0.875,0.71875,1.0,1.0,0.8616385459899902,0.099365234375,0.8974358974358975,0.546875
train/SIGN/1656110224741969-SIGN.v17.npz,train,SIGN,0.875,0.6875,0.875,0.6875,1.0,1.0,0.8666889667510986,0.08331298828125,0.8888888888888888,0.3950617283950617
train/SIGN/22883455904103656-SIGN.v17.npz,train,SIGN,0.875,0.8125,0.8125,0.75,1.0,1.0,0.8184540867805481,0.0792236328125,0.9130434782608695,0.46153846153846156
train/SIGN/23118704675352353-SIGN.v17.npz,train,SIGN,0.8125,0.78125,0.6875,0.65625,1.0,1.0,0.8059856295585632,0.1312255859375,0.8181818181818182,0.43902439024390244
train/SIGN/2522962355824774-SIGN.v17.npz,train,SIGN,0.9375,0.75,0.9375,0.75,1.0,1.0,0.8330195546150208,0.1094970703125,0.9166666666666666,0.6111111111111112
train/SIGN/3925269953820827-SIGN.v17.npz,train,SIGN,0.875,0.875,0.875,0.875,1.0,1.0,0.7962960004806519,0.0802001953125,0.9,0.375
train/SIGN/4696967344578724-SIGN.v17.npz,train,SIGN,0.875,0.4375,0.84375,0.40625,1.0,1.0,0.8684836030006409,0.5,0.8571428571428571,0.4897959183673469
train/SIGN/5691074786328454-seedSIGN.v17.npz,train,SIGN,0.875,0.84375,0.875,0.84375,1.0,1.0,0.8252909779548645,0.123291015625,0.8709677419354839,0.28125
train/SIGN/742342157322158-SIGN.v17.npz,train,SIGN,0.875,0.8125,0.875,0.8125,1.0,1.0,0.8005490303039551,0.078369140625,0.9111111111111111,0.5061728395061729
train/SIGN/8877340171713295-SIGN.v17.npz,train,SIGN,0.9375,0.65625,0.875,0.59375,1.0,1.0,0.8134177327156067,0.08642578125,0.8979591836734694,0.5238095238095238
train/SIGN/8936148680464566-SIGN.v17.npz,train,SIGN,0.875,0.71875,0.875,0.71875,1.0,1.0,0.844109833240509,0.0777587890625,0.8823529411764706,0.5
train/SIGN/9039030666503207-SIGN.v17.npz,train,SIGN,0.9375,0.90625,0.9375,0.90625,1.0,1.0,0.8201435804367065,0.0828857421875,0.9259259259259259,0.5208333333333334
train/SIGN/9082211785363523-SIGN.v17.npz,train,SIGN,0.875,0.84375,0.84375,0.8125,1.0,1.0,0.834357500076294,0.216064453125,0.8666666666666667,0.3466666666666667
train/SLEEP/016569277193326126-SLEEP.v17.npz,train,SLEEP,0.8125,0.8125,0.15625,0.15625,1.0,1.0,0.7860284447669983,0.1756591796875,0.8181818181818182,0.1875
train/SLEEP/2117342026115856-SLEEP.v17.npz,train,SLEEP,0.875,0.15625,0.84375,0.125,1.0,1.0,0.757224977016449,0.0755615234375,0.9047619047619048,0.41304347826086957
train/SLEEP/24289224539723375-SLEEP.v17.npz,train,SLEEP,0.875,0.0,0.875,0.0,0.0,1.0,0.7581839561462402,0.0806884765625,0.8620689655172413,0.44642857142857145
train/SLEEP/24375109516725524-SLEEP.v17.npz,train,SLEEP,0.75,0.09375,0.71875,0.0625,1.0,1.0,0.7277692556381226,0.102783203125,0.7619047619047619,0.34782608695652173
train/SLEEP/28568795533708613-seedSLEEP.v17.npz,train,SLEEP,0.8125,0.0625,0.78125,0.03125,1.0,1.0,0.7814797759056091,0.1292724609375,0.8333333333333334,0.20833333333333334
train/SLEEP/35188429123944-SLEEP.v17.npz,train,SLEEP,0.875,0.0,0.875,0.0,0.0,1.0,0.7907896041870117,0.170166015625,0.8571428571428571,0.3582089552238806
train/SLEEP/6811391071349302-SLEEP.v17.npz,train,SLEEP,0.875,0.875,0.03125,0.03125,1.0,1.0,0.7630111575126648,0.076416015625,0.8461538461538461,0.4583333333333333
train/SLEEP/7642314470248142-SLEEP.v17.npz,train,SLEEP,0.875,0.09375,0.875,0.09375,1.0,1.0,0.8202100396156311,0.1689453125,0.8709677419354839,0.28125
train/SLEEP/7971194940709927-SLEEP.v17.npz,train,SLEEP,0.875,0.125,0.875,0.125,1.0,1.0,0.7004340887069702,0.1121826171875,0.8918918918918919,0.36666666666666664
train/SLEEP/8262299304164866-SLEEP.v17.npz,train,SLEEP,0.875,0.71875,0.15625,0.0,1.0,1.0,0.7380239367485046,0.11614990234375,0.7857142857142857,0.22916666666666666
train/SLEEP/82979631907834-SLEEP.v17.npz,train,SLEEP,0.8125,0.1875,0.78125,0.15625,1.0,1.0,0.739838182926178,0.0982666015625,0.8181818181818182,0.3673469387755102
train/SLEEP/9202711012693181-SLEEP.v17.npz,train,SLEEP,0.875,0.0625,0.8125,0.0,1.0,1.0,0.7528485655784607,0.122314453125,0.8461538461538461,0.2716049382716049
train/SMALL/08785252118795328-SMALL.v17.npz,train,SMALL,0.9375,0.875,0.9375,0.875,1.0,1.0,0.808701753616333,0.0882568359375,0.9322033898305084,0.625
train/SMALL/12263814955166064-SMALL.v17.npz,train,SMALL,0.875,0.6875,0.875,0.6875,1.0,1.0,0.8531139492988586,0.5,0.8666666666666667,0.52
train/SMALL/17606509610897247-SMALL.v17.npz,train,SMALL,0.875,0.8125,0.84375,0.78125,1.0,1.0,0.8572602868080139,0.087890625,0.9111111111111111,0.4270833333333333
train/SMALL/297683528773413-SMALL.v17.npz,train,SMALL,0.875,0.8125,0.8125,0.75,1.0,1.0,0.8032671213150024,0.081787109375,0.9111111111111111,0.5324675324675324
train/SMALL/3161548976113897-SMALL.v17.npz,train,SMALL,0.875,0.875,0.71875,0.71875,1.0,1.0,0.8162153959274292,0.086181640625,0.8620689655172413,0.5319148936170213
train/SMALL/43505759423144474-SMALL.v17.npz,train,SMALL,1.0,1.0,0.40625,0.40625,1.0,1.0,0.806695818901062,0.0794677734375,1.0,1.0
train/SMALL/4730005203157246-seedSMALL.v17.npz,train,SMALL,0.6875,0.65625,0.625,0.59375,1.0,1.0,0.7804766893386841,0.0943603515625,0.6842105263157895,0.40625
train/SMALL/49787709398675717-SMALL.v17.npz,train,SMALL,0.875,0.84375,0.75,0.71875,1.0,1.0,0.756864070892334,0.0760498046875,0.8307692307692308,0.5625
train/SMALL/5278443932118966-SMALL.v17.npz,train,SMALL,0.875,0.84375,0.875,0.84375,1.0,1.0,0.800661027431488,0.105224609375,0.9,0.43902439024390244
train/SMALL/5322570103859836-SMALL.v17.npz,train,SMALL,0.875,0.84375,0.8125,0.78125,1.0,1.0,0.8399698734283447,0.5,0.8620689655172413,0.4098360655737705
train/SMALL/5364358287706597-SMALL.v17.npz,train,SMALL,0.875,0.78125,0.875,0.78125,1.0,1.0,0.8685649037361145,0.089599609375,0.8857142857142857,0.5535714285714286
train/SMALL/5446958870984302-SMALL.v17.npz,train,SMALL,0.875,0.875,0.875,0.875,1.0,1.0,0.8267427682876587,0.0797119140625,0.8974358974358975,0.47297297297297297
train/SMALL/7388125968431167-SMALL.v17.npz,train,SMALL,0.8125,0.71875,0.78125,0.6875,1.0,1.0,0.8086792230606079,0.1123046875,0.7727272727272727,0.4857142857142857
train/SMALL/7773877074443272-SMALL.v17.npz,train,SMALL,0.875,0.8125,0.8125,0.75,1.0,1.0,0.8526563048362732,0.15380859375,0.8888888888888888,0.5
train/SMALL/823557454867716-SMALL.v17.npz,train,SMALL,0.8125,0.8125,0.625,0.625,1.0,1.0,0.8043696880340576,0.08837890625,0.7777777777777778,0.358974358974359
train/SMALL/9278234566473478-SMALL.v17.npz,train,SMALL,0.8125,0.6875,0.8125,0.6875,1.0,1.0,0.7079587578773499,0.0987548828125,0.7777777777777778,0.3111111111111111
train/SORRY/09933901999031058-SORRY.v17.npz,train,SORRY,0.875,0.0625,0.875,0.0625,1.0,1.0,0.7750780582427979,0.2061767578125,0.9,0.4235294117647059
train/SORRY/1636390875008531-SORRY.v17.npz,train,SORRY,0.8125,0.0,0.8125,0.0,0.0,1.0,0.734229326248169,0.11376953125,0.8095238095238095,0.38636363636363635
train/SORRY/2413023602974027-SORRY.v17.npz,train,SORRY,0.9375,0.03125,0.9375,0.03125,1.0,1.0,0.7442817687988281,0.07568359375,0.8596491228070176,0.5568181818181818
train/SORRY/29761682879368934-SORRY.v17.npz,train,SORRY,0.875,0.0,0.875,0.0,0.0,1.0,0.7846582531929016,0.0770263671875,0.85,0.5483870967741935
train/SORRY/46389552341659956-SORRY.v17.npz,train,SORRY,0.9375,0.9375,0.0,0.0,1.0,0.0,0.7630321979522705,0.13525390625,0.9259259259259259,0.5952380952380952
train/SORRY/5865603235099206-SORRY.v17.npz,train,SORRY,0.875,0.0625,0.875,0.0625,1.0,1.0,0.7492733001708984,0.09326171875,0.9,0.6792452830188679
train/SORRY/589235585874496-SORRY.v17.npz,train,SORRY,0.875,0.0,0.875,0.0,0.0,1.0,0.7479925751686096,0.1766357421875,0.8333333333333334,0.38461538461538464
train/SORRY/62778761952392-SORRY.v17.npz,train,SORRY,0.875,0.0625,0.875,0.0625,1.0,1.0,0.8072906732559204,0.5,0.8837209302325582,0.5066666666666667
train/SORRY/6284344362350516-SORRY.v17.npz,train,SORRY,0.875,0.0,0.875,0.0,0.0,1.0,0.7950368523597717,0.18310546875,0.8571428571428571,0.39344262295081966
train/SORRY/675487631009581-SORRY.v17.npz,train,SORRY,0.9375,0.0,0.9375,0.0,0.0,1.0,0.7569887638092041,0.0775146484375,0.9285714285714286,0.5416666666666666
train/SORRY/7256673521593155-SORRY.v17.npz,train,SORRY,0.9375,0.9375,0.0,0.0,1.0,0.0,0.772746741771698,0.1861572265625,0.9245283018867925,0.5975609756097561
train/SORRY/7662883760067802-SORRY.v17.npz,train,SORRY,0.9375,0.0,0.9375,0.0,0.0,1.0,0.7288259267807007,0.077880859375,0.9166666666666666,0.4583333333333333
train/SORRY/8989337086309281-SORRY.v17.npz,train,SORRY,0.875,0.0,0.875,0.0,0.0,1.0,0.7818912267684937,0.10760498046875,0.8709677419354839,0.45
train/SORRY/9287154847825414-SORRY.v17.npz,train,SORRY,0.9375,0.125,0.9375,0.125,1.0,1.0,0.7228786945343018,0.1417236328125,0.8979591836734694,0.4583333333333333
train/SORRY/9992716034642337-seedSORRY.v17.npz,train,SORRY,0.875,0.0,0.875,0.0,0.0,1.0,0.7697219252586365,0.1163330078125,0.8333333333333334,0.2604166666666667
train/STOP/07893366237759558-STOP.v17.npz,train,STOP,0.875,0.875,0.375,0.375,1.0,1.0,0.791107177734375,0.080078125,0.9024390243902439,0.5
train/STOP/08870380386555654-STOP.v17.npz,train,STOP,0.875,0.71875,0.625,0.46875,1.0,1.0,0.7135874032974243,0.0927734375,0.8709677419354839,0.5094339622641509
train/STOP/12188061798454708-STOP.v17.npz,train,STOP,0.8125,0.71875,0.78125,0.6875,1.0,1.0,0.7255257964134216,0.0986328125,0.8181818181818182,0.45
train/STOP/1461467422069449-STOP.v17.npz,train,STOP,0.875,0.53125,0.875,0.53125,1.0,1.0,0.752328634262085,0.0755615234375,0.8181818181818182,0.2967032967032967
train/STOP/16617331553945736-STOP.v17.npz,train,STOP,0.875,0.34375,0.78125,0.25,1.0,1.0,0.7331542372703552,0.09002685546875,0.9130434782608695,0.5
train/STOP/21963390619756917-STOP.v17.npz,train,STOP,0.8125,0.78125,0.6875,0.65625,1.0,1.0,0.7943772077560425,0.132080078125,0.8260869565217391,0.4222222222222222
train/STOP/35024304836544506-STOP.v17.npz,train,STOP,0.71875,0.46875,0.46875,0.21875,1.0,1.0,0.7298108339309692,0.08331298828125,0.7352941176470589,0.36231884057971014
train/STOP/6529230226346452-STOP.v17.npz,train,STOP,0.6875,0.0625,0.65625,0.03125,1.0,1.0,0.7731910943984985,0.0889892578125,0.7058823529411765,0.42105263157894735
train/STOP/6679488064816475-STOP.v17.npz,train,STOP,0.40625,0.0625,0.40625,0.0625,1.0,1.0,0.738525390625,0.43798828125,0.4090909090909091,0.15254237288135594
train/STOP/6922819981617203-STOP.v17.npz,train,STOP,0.75,0.625,0.375,0.25,1.0,1.0,0.6888793110847473,0.077392578125,0.72,0.5625
train/STOP/7606933944529259-STOP.v17.npz,train,STOP,0.875,0.8125,0.875,0.8125,1.0,1.0,0.7755237817764282,0.28564453125,0.8666666666666667,0.36619718309859156
train/STOP/787967286498557-STOP.v17.npz,train,STOP,0.8125,0.8125,0.6875,0.6875,1.0,1.0,0.6856956481933594,0.0982666015625,0.5882352941176471,0.2631578947368421
train/STOP/815577675920792-STOP.v17.npz,train,STOP,0.875,0.8125,0.8125,0.75,1.0,1.0,0.7725641131401062,0.0887451171875,0.8666666666666667,0.5342465753424658
train/STOP/8893256597213444-STOP.v17.npz,train,STOP,0.875,0.625,0.875,0.625,1.0,1.0,0.7780171632766724,0.110595703125,0.8974358974358975,0.4069767441860465
train/STOP/9191814085149543-seedSTOP.v17.npz,train,STOP,0.65625,0.375,0.625,0.34375,1.0,1.0,0.6917902827262878,0.0963134765625,0.5212765957446809,0.5104166666666666
train/STOP/9586306157625994-STOP.v17.npz,train,STOP,0.875,0.8125,0.4375,0.375,1.0,1.0,0.7731531858444214,0.31689453125,0.8529411764705882,0.5178571428571429
train/TAKE/011246893774733424-TAKE.v17.npz,train,TAKE,0.875,0.0,0.875,0.0,0.0,1.0,0.780906081199646,0.0836181640625,0.84,0.44680851063829785
train/TAKE/011504158671063802-TAKE.v17.npz,train,TAKE,0.875,0.1875,0.84375,0.15625,1.0,1.0,0.6759459972381592,0.1953125,0.8620689655172413,0.44642857142857145
train/TAKE/1072225635555093-TAKE.v17.npz,train,TAKE,0.875,0.03125,0.84375,0.0,1.0,1.0,0.7753300070762634,0.0750732421875,0.8709677419354839,0.47368421052631576
train/TAKE/18586165627230766-TAKE.v17.npz,train,TAKE,0.875,0.09375,0.875,0.09375,1.0,1.0,0.7847159504890442,0.0838623046875,0.84,0.2625
train/TAKE/29695580191852833-TAKE.v17.npz,train,TAKE,0.875,0.0625,0.84375,0.03125,1.0,1.0,0.7339324355125427,0.0777587890625,0.8648648648648649,0.3950617283950617
train/TAKE/38797732173583244-TAKE.v17.npz,train,TAKE,0.875,0.09375,0.84375,0.0625,1.0,1.0,0.7413917183876038,0.078857421875,0.8,0.3037974683544304
train/TAKE/42788073545628125-TAKE.v17.npz,train,TAKE,0.8125,0.0,0.8125,0.0,0.0,1.0,0.8429197072982788,0.174560546875,0.8181818181818182,0.33962264150943394
train/TAKE/5069200658283002-TAKE.v17.npz,train,TAKE,0.875,0.875,0.0,0.0,1.0,0.0,0.7736064791679382,0.119873046875,0.8518518518518519,0.3709677419354839
train/TAKE/515981894493013-TAKE.v17.npz,train,TAKE,0.875,0.875,0.0,0.0,1.0,0.0,0.7386744618415833,0.0849609375,0.8936170212765957,0.49411764705882355
train/TAKE/5610991690723652-TAKE.v17.npz,train,TAKE,0.5,0.0,0.5,0.0,0.0,1.0,0.6668438911437988,0.0755615234375,0.5,0.3125
train/TAKE/6127967104764245-TAKE.v17.npz,train,TAKE,0.875,0.0,0.875,0.0,0.0,1.0,0.8061875700950623,0.0750732421875,0.875,0.49122807017543857
train/TAKE/8143899247512181-seedTAKE.v17.npz,train,TAKE,0.53125,0.09375,0.4375,0.0,1.0,1.0,0.6532654166221619,0.128173828125,0.5172413793103449,0.4838709677419355
train/TAKE/8285963105812504-TAKE.v17.npz,train,TAKE,0.8125,0.0,0.8125,0.0,0.0,1.0,0.7540739178657532,0.165771484375,0.6470588235294118,0.2391304347826087
train/TAKE/8562967503282453-TAKE.v17.npz,train,TAKE,0.65625,0.0625,0.59375,0.0,1.0,1.0,0.6774340271949768,0.140869140625,0.6521739130434783,0.28846153846153844
train/TAKE/9368256240098554-TAKE.v17.npz,train,TAKE,0.875,0.0625,0.8125,0.0,1.0,1.0,0.7919818758964539,0.1624755859375,0.8947368421052632,0.44155844155844154
train/TAKE/978089590876015-TAKE.v17.npz,train,TAKE,0.8125,0.25,0.75,0.1875,1.0,1.0,0.7510830760002136,0.1641845703125,0.7777777777777778,0.32558139534883723
train/TALK/009620660695883743-TALK.v17.npz,train,TALK,0.8125,0.5,0.75,0.4375,1.0,1.0,0.7800628542900085,0.32373046875,0.7647058823529411,0.13541666666666666
train/TALK/07753671674949336-TALK.v17.npz,train,TALK,0.875,0.78125,0.8125,0.71875,1.0,1.0,0.823269248008728,0.08203125,0.84,0.3088235294117647
train/TALK/10264652763095716-TALK.v17.npz,train,TALK,0.875,0.875,0.0,0.0,1.0,0.0,0.7920249700546265,0.0863037109375,0.8666666666666667,0.2708333333333333
train/TALK/10630700309977081-TALK.v17.npz,train,TALK,0.84375,0.03125,0.8125,0.0,1.0,1.0,0.7683189511299133,0.0758056640625,0.8484848484848485,0.4444444444444444
train/TALK/1295792231278221-TALK.v17.npz,train,TALK,0.875,0.875,0.0,0.0,1.0,0.0,0.802547812461853,0.103515625,0.8787878787878788,0.4915254237288136
train/TALK/2338364534722246-TALK.v17.npz,train,TALK,0.875,0.0,0.875,0.0,0.0,1.0,0.767166793346405,0.076416015625,0.9,0.43902439024390244
train/TALK/24337817985881172-seedTALK.v17.npz,train,TALK,0.8125,0.125,0.8125,0.125,1.0,1.0,0.7661315202713013,0.0899658203125,0.8260869565217391,0.19791666666666666
train/TALK/4442947602488383-TALK.v17.npz,train,TALK,0.9375,0.40625,0.8125,0.28125,1.0,1.0,0.7339829206466675,0.08349609375,0.9555555555555556,0.9148936170212766
train/TALK/5126326471463687-TALK.v17.npz,train,TALK,0.875,0.0,0.875,0.0,0.0,1.0,0.7855940461158752,0.245361328125,0.8461538461538461,0.36666666666666664
train/TALK/5447600938697417-TALK.v17.npz,train,TALK,0.875,0.0625,0.84375,0.03125,1.0,1.0,0.7439033389091492,0.0897216796875,0.8918918918918919,0.34375
train/TALK/7840179711124966-TALK.v17.npz,train,TALK,0.875,0.0,0.875,0.0,0.0,1.0,0.7470054626464844,0.1593017578125,0.8620689655172413,0.2604166666666667
train/TALK/7918140338288151-TALK.v17.npz,train,TALK,0.8125,0.0,0.8125,0.0,0.0,1.0,0.7496556043624878,0.1195068359375,0.8095238095238095,0.40476190476190477
train/TALK/9364838497176455-TALK.v17.npz,train,TALK,0.875,0.03125,0.84375,0.0,1.0,1.0,0.73355633020401,0.1177978515625,0.8518518518518519,0.46
train/TALK/9830485175329975-TALK.v17.npz,train,TALK,0.9375,0.9375,0.03125,0.03125,1.0,1.0,0.7080032229423523,0.1363525390625,0.86,0.48314606741573035
train/TELL/02205485916234662-TELL.v17.npz,train,TELL,0.875,0.0625,0.84375,0.03125,1.0,1.0,0.7868556380271912,0.0927734375,0.8125,0.3880597014925373
train/TELL/03799834629318344-TELL.v17.npz,train,TELL,0.875,0.03125,0.875,0.03125,1.0,1.0,0.8151515126228333,0.5,0.8787878787878788,0.38666666666666666
train/TELL/051465824178710706-TELL.v17.npz,train,TELL,0.875,0.125,0.84375,0.09375,1.0,1.0,0.7472708225250244,0.0946044921875,0.85,0.3617021276595745
train/TELL/1784447552931374-TELL.v17.npz,train,TELL,0.875,0.0,0.875,0.0,0.0,1.0,0.7516433000564575,0.0870361328125,0.8620689655172413,0.4807692307692308
train/TELL/22047412457689952-TELL.v17.npz,train,TELL,0.875,0.03125,0.84375,0.0,1.0,1.0,0.7524275779724121,0.0926513671875,0.868421052631579,0.34375
train/TELL/33746486664369946-TELL.v17.npz,train,TELL,0.71875,0.0625,0.65625,0.0,1.0,1.0,0.7950700521469116,0.07568359375,0.7,0.3111111111111111
train/TELL/3377761068886662-TELL.v17.npz,train,TELL,0.8125,0.8125,0.0,0.0,1.0,0.0,0.8144229650497437,0.08526611328125,0.8260869565217391,0.2602739726027397
train/TELL/43522383341418003-TELL.v17.npz,train,TELL,0.8125,0.09375,0.8125,0.09375,1.0,1.0,0.7616373896598816,0.148193359375,0.8,0.26229508196721313
train/TELL/446997652979815-seedTELL.v17.npz,train,TELL,0.6875,0.1875,0.59375,0.09375,1.0,1.0,0.7069501280784607,0.099609375,0.675,0.28125
train/TELL/682290148919185-TELL.v17.npz,train,TELL,0.90625,0.90625,0.0,0.0,1.0,0.0,0.798943281173706,0.12152099609375,0.9111111111111111,0.6307692307692307
train/TELL/6851460951757296-TELL.v17.npz,train,TELL,0.875,0.0625,0.84375,0.03125,1.0,1.0,0.781756579875946,0.1683349609375,0.8857142857142857,0.45588235294117646
train/TELL/9517356256695517-TELL.v17.npz,train,TELL,0.8125,0.0,0.8125,0.0,0.0,1.0,0.7564782500267029,0.0899658203125,0.7368421052631579,0.24561403508771928
train/TELL/9546720188783062-TELL.v17.npz,train,TELL,0.875,0.0,0.875,0.0,0.0,1.0,0.7751022577285767,0.0784912109375,0.8518518518518519,0.45098039215686275
train/TELL/9622466467630577-TELL.v17.npz,train,TELL,0.875,0.0,0.875,0.0,0.0,1.0,0.7696788311004639,0.131103515625,0.8857142857142857,0.3229166666666667
train/TELL/9662843888411099-TELL.v17.npz,train,TELL,0.875,0.125,0.875,0.125,1.0,1.0,0.7908229827880859,0.212158203125,0.8518518518518519,0.3382352941176471
train/THANKYOU/014439537236845323-THANK YOU.v17.npz,train,THANKYOU,0.875,0.84375,0.03125,0.0,1.0,1.0,0.7939757704734802,0.0771484375,0.8787878787878788,0.3258426966292135
train/THANKYOU/021145910536055412-THANK YOU.v17.npz,train,THANKYOU,0.875,0.0,0.875,0.0,0.0,1.0,0.8376768231391907,0.5,0.8918918918918919,0.375
train/THANKYOU/031705941185190545-THANK YOU.v17.npz,train,THANKYOU,0.875,0.875,0.0,0.0,1.0,0.0,0.8344676494598389,0.5,0.8571428571428571,0.46153846153846156
train/THANKYOU/034197610787212396-THANK YOU.v17.npz,train,THANKYOU,0.75,0.125,0.6875,0.0625,1.0,1.0,0.7522618770599365,0.1077880859375,0.75,0.2926829268292683
train/THANKYOU/06476990357042611-THANK YOU.v17.npz,train,THANKYOU,0.875,0.0,0.875,0.0,0.0,1.0,0.7620489001274109,0.0953369140625,0.8461538461538461,0.36666666666666664
train/THANKYOU/0912245735671211-THANK YOU.v17.npz,train,THANKYOU,0.875,0.03125,0.875,0.03125,1.0,1.0,0.7537665963172913,0.08154296875,0.8888888888888888,0.37209302325581395
train/THANKYOU/15769775934939156-THANK YOU.v17.npz,train,THANKYOU,0.875,0.0,0.875,0.0,0.0,1.0,0.7544915676116943,0.0831298828125,0.8461538461538461,0.43137254901960786
train/THANKYOU/274897834577152-THANK YOU.v17.npz,train,THANKYOU,0.875,0.0,0.875,0.0,0.0,1.0,0.7838326096534729,0.0853271484375,0.9,0.4864864864864865
train/THANKYOU/3790733585897841-seedTHANK YOU.v17.npz,train,THANKYOU,0.84375,0.03125,0.8125,0.0,1.0,1.0,0.726482093334198,0.089111328125,0.8333333333333334,0.2604166666666667
train/THANKYOU/39425766670939555-THANK YOU.v17.npz,train,THANKYOU,0.875,0.0,0.875,0.0,0.0,1.0,0.7695485353469849,0.1004638671875,0.8888888888888888,0.3333333333333333
train/THANKYOU/5932207271660643-THANK YOU.v17.npz,train,THANKYOU,0.875,0.0,0.875,0.0,0.0,1.0,0.7547028660774231,0.14111328125,0.8918918918918919,0.34375
train/THANKYOU/6508465822424006-THANK YOU.v17.npz,train,THANKYOU,0.875,0.0,0.875,0.0,0.0,1.0,0.793129563331604,0.265380859375,0.84,0.2727272727272727
train/THANKYOU/6528064521146906-THANK YOU.v17.npz,train,THANKYOU,0.875,0.03125,0.875,0.03125,1.0,1.0,0.7740678191184998,0.12841796875,0.8709677419354839,0.3698630136986301
train/THANKYOU/6912280773625425-THANK YOU.v17.npz,train,THANKYOU,0.875,0.0625,0.8125,0.0,1.0,1.0,0.7336726784706116,0.2158203125,0.8,0.3225806451612903
train/THANKYOU/7535449770372906-THANK YOU.v17.npz,train,THANKYOU,0.875,0.15625,0.875,0.15625,1.0,1.0,0.7408780455589294,0.075927734375,0.8421052631578947,0.34782608695652173
train/THANKYOU/8487114823108493-THANK YOU.v17.npz,train,THANKYOU,0.875,0.0,0.875,0.0,0.0,1.0,0.7990740537643433,0.1622314453125,0.8857142857142857,0.3229166666666667
train/THEY/043586308791437656-seedTHEY.v17.npz,train,THEY,0.875,0.125,0.75,0.0,1.0,1.0,0.7569149732589722,0.0914306640625,0.9024390243902439,0.3854166666666667
train/THEY/09925483539097146-THEY.v17.npz,train,THEY,0.875,0.03125,0.875,0.03125,1.0,1.0,0.7815130949020386,0.10546875,0.8888888888888888,0.3764705882352941
train/THEY/2595760307657029-THEY.v17.npz,train,THEY,0.875,0.0,0.875,0.0,0.0,1.0,0.7606388330459595,0.080810546875,0.9,0.4444444444444444
train/THEY/26657946023294365-THEY.v17.npz,train,THEY,0.875,0.0,0.875,0.0,0.0,1.0,0.8411155343055725,0.5,0.8888888888888888,0.4266666666666667
train/THEY/39433246279112355-THEY.v17.npz,train,THEY,0.875,0.03125,0.84375,0.0,1.0,1.0,0.7333512306213379,0.09375,0.8571428571428571,0.41379310344827586
train/THEY/4163876725261626-THEY.v17.npz,train,THEY,0.875,0.0625,0.8125,0.0,1.0,1.0,0.8139026165008545,0.130126953125,0.8461538461538461,0.4888888888888889
train/THEY/5247185728423776-THEY.v17.npz,train,THEY,0.75,0.0,0.75,0.0,0.0,1.0,0.7958031892776489,0.11199951171875,0.75,0.2727272727272727
train/THEY/5781985412875206-THEY.v17.npz,train,THEY,0.875,0.0625,0.8125,0.0,1.0,1.0,0.792525053024292,0.1815185546875,0.8620689655172413,0.390625
train/THEY/6030593909711668-THEY.v17.npz,train,THEY,0.875,0.0,0.875,0.0,0.0,1.0,0.7079497575759888,0.181884765625,0.7692307692307693,0.2857142857142857
train/THEY/6172830148886315-THEY.v17.npz,train,THEY,0.875,0.3125,0.875,0.3125,1.0,1.0,0.7333775162696838,0.087158203125,0.875,0.2916666666666667
train/THEY/7717057217254395-THEY.v17.npz,train,THEY,0.875,0.125,0.75,0.0,1.0,1.0,0.7523918747901917,0.1236572265625,0.875,0.40229885057471265
train/THEY/8679293440719862-THEY.v17.npz,train,THEY,0.875,0.15625,0.84375,0.125,1.0,1.0,0.7721193432807922,0.1090087890625,0.8787878787878788,0.47540983606557374
train/THEY/8902733237714864-THEY.v17.npz,train,THEY,0.875,0.84375,0.0625,0.03125,1.0,1.0,0.7847875356674194,0.0860595703125,0.8787878787878788,0.46774193548387094
train/THEY/8999403469318679-THEY.v17.npz,train,THEY,0.84375,0.03125,0.8125,0.0,1.0,1.0,0.7595555186271667,0.1695556640625,0.8333333333333334,0.49019607843137253
train/THEY/9450633955249712-THEY.v17.npz,train,THEY,0.875,0.0625,0.875,0.0625,1.0,1.0,0.8230222463607788,0.1065673828125,0.8823529411764706,0.3125
train/THEY/9566049112694803-THEY.v17.npz,train,THEY,0.875,0.0,0.875,0.0,0.0,1.0,0.8439542651176453,0.5,0.8918918918918919,0.5076923076923077
train/THEY/9802753357268721-THEY.v17.npz,train,THEY,0.8125,0.1875,0.8125,0.1875,1.0,1.0,0.6700665354728699,0.086181640625,0.75,0.3829787234042553
train/THEY/9975042171428656-THEY.v17.npz,train,THEY,0.875,0.0,0.875,0.0,0.0,1.0,0.7781510949134827,0.1021728515625,0.8857142857142857,0.3229166666666667
train/THINK/16629744901108845-THINK.v17.npz,train,THINK,0.71875,0.125,0.6875,0.09375,1.0,1.0,0.6846938133239746,0.078369140625,0.6417910447761194,0.4479166666666667
train/THINK/1900191486784637-THINK.v17.npz,train,THINK,0.8125,0.0625,0.8125,0.0625,1.0,1.0,0.7369101047515869,0.1680908203125,0.7894736842105263,0.3333333333333333
train/THINK/1931829449490161-THINK.v17.npz,train,THINK,0.875,0.0,0.875,0.0,0.0,1.0,0.8208666443824768,0.1341552734375,0.8518518518518519,0.3484848484848485
train/THINK/26212242869528013-THINK.v17.npz,train,THINK,0.875,0.0,0.875,0.0,0.0,1.0,0.7857915759086609,0.077392578125,0.9069767441860465,0.42857142857142855
train/THINK/2736869319842712-THINK.v17.npz,train,THINK,0.8125,0.0,0.8125,0.0,0.0,1.0,0.8173965215682983,0.097412109375,0.8181818181818182,0.3673469387755102
train/THINK/2903285066765289-THINK.v17.npz,train,THINK,0.875,0.0,0.875,0.0,0.0,1.0,0.7802849411964417,0.0811767578125,0.8857142857142857,0.3563218390804598
train/THINK/31962282125568064-THINK.v17.npz,train,THINK,0.8125,0.0,0.8125,0.0,0.0,1.0,0.7204636931419373,0.135009765625,0.7777777777777778,0.2857142857142857
train/THINK/32286789380855874-THINK.v17.npz,train,THINK,1.0,1.0,0.40625,0.40625,1.0,1.0,0.8642750382423401,0.100341796875,1.0,1.0
train/THINK/46593950586469-THINK.v17.npz,train,THINK,0.9375,0.0,0.9375,0.0,0.0,1.0,0.7467527985572815,0.077392578125,0.9230769230769231,0.5517241379310345
train/THINK/4958280251317906-THINK.v17.npz,train,THINK,0.8125,0.03125,0.78125,0.0,1.0,1.0,0.7322011590003967,0.0908203125,0.8095238095238095,0.34
train/THINK/5338341147221657-THINK.v17.npz,train,THINK,0.84375,0.125,0.71875,0.0,1.0,1.0,0.7904490232467651,0.385986328125,0.8076923076923077,0.42857142857142855
train/THINK/5942910381149817-THINK.v17.npz,train,THINK,0.875,0.875,0.0,0.0,1.0,0.0,0.781554102897644,0.0908203125,0.8717948717948718,0.40476190476190477
train/THINK/5977762842020984-THINK.v17.npz,train,THINK,0.84375,0.84375,0.03125,0.03125,1.0,1.0,0.7553883194923401,0.1092529296875,0.8372093023255814,0.5142857142857142
train/THINK/7219677772800852-THINK.v17.npz,train,THINK,0.875,0.0625,0.8125,0.0,1.0,1.0,0.7690480351448059,0.0927734375,0.8571428571428571,0.43636363636363634
train/THINK/7309761535441566-seedTHINK.v17.npz,train,THINK,0.75,0.25,0.5,0.0,1.0,1.0,0.6941947937011719,0.1279296875,0.75,0.5869565217391305
train/THINK/8981918903910342-THINK.v17.npz,train,THINK,0.875,0.875,0.0,0.0,1.0,0.0,0.8321446180343628,0.3583984375,0.875,0.4666666666666667
train/TIME/043686703964957996-TIME.v17.npz,train,TIME,0.875,0.6875,0.875,0.6875,1.0,1.0,0.813023030757904,0.0762939453125,0.8571428571428571,0.375
train/TIME/052979060600704786-TIME.v17.npz,train,TIME,0.875,0.59375,0.875,0.59375,1.0,1.0,0.8276474475860596,0.0794677734375,0.8918918918918919,0.34375
train/TIME/09798493578297407-TIME.v17.npz,train,TIME,0.875,0.6875,0.875,0.6875,1.0,1.0,0.8476582169532776,0.1424560546875,0.8709677419354839,0.4090909090909091
train/TIME/13296834273169988-TIME.v17.npz,train,TIME,0.875,0.0,0.875,0.0,0.0,1.0,0.7997269034385681,0.0751953125,0.8666666666666667,0.52
train/TIME/33232019825309056-TIME.v17.npz,train,TIME,0.875,0.875,0.75,0.75,1.0,1.0,0.8377408385276794,0.25390625,0.8888888888888888,0.5161290322580645
train/TIME/3521379034117642-TIME.v17.npz,train,TIME,0.8125,0.8125,0.65625,0.65625,1.0,1.0,0.8353471159934998,0.13720703125,0.8260869565217391,0.4418604651162791
train/TIME/566327103640174-TIME.v17.npz,train,TIME,0.875,0.5625,0.8125,0.5,1.0,1.0,0.8270999193191528,0.07861328125,0.8780487804878049,0.4444444444444444
train/TIME/6017424580561013-TIME.v17.npz,train,TIME,0.875,0.8125,0.8125,0.75,1.0,1.0,0.833404541015625,0.15087890625,0.8918918918918919,0.3793103448275862
train/TIME/603452666892295-TIME.v17.npz,train,TIME,0.875,0.875,0.75,0.75,1.0,1.0,0.7882575988769531,0.1063232421875,0.8205128205128205,0.41025641025641024
train/TIME/6568502454895795-TIME.v17.npz,train,TIME,0.875,0.46875,0.875,0.46875,1.0,1.0,0.864490270614624,0.3037109375,0.8918918918918919,0.4125
train/TIME/6967706324190324-TIME.v17.npz,train,TIME,0.90625,0.59375,0.90625,0.59375,1.0,1.0,0.8242015242576599,0.1021728515625,0.9210526315789473,0.6363636363636364
train/TIME/7396831048598065-TIME.v17.npz,train,TIME,0.875,0.875,0.6875,0.6875,1.0,1.0,0.823980987071991,0.0950927734375,0.84,0.4117647058823529
train/TIME/8056235018969913-TIME.v17.npz,train,TIME,0.8125,0.0,0.8125,0.0,0.0,1.0,0.782579779624939,0.1400146484375,0.8260869565217391,0.3958333333333333
train/TIME/945208701210648-TIME.v17.npz,train,TIME,0.875,0.0,0.875,0.0,0.0,1.0,0.7606056928634644,0.08349609375,0.8857142857142857,0.41333333333333333
train/TIME/9956589338184496-seedTIME.v17.npz,train,TIME,0.875,0.53125,0.875,0.53125,1.0,1.0,0.8455339670181274,0.112548828125,0.8571428571428571,0.25
train/TIRED/13028722721040342-TIRED.v17.npz,train,TIRED,0.875,0.875,0.78125,0.78125,1.0,1.0,0.8359236121177673,0.0921630859375,0.8125,0.4642857142857143
train/TIRED/1542018459581047-TIRED.v17.npz,train,TIRED,0.875,0.875,0.8125,0.8125,1.0,1.0,0.8320711255073547,0.0894775390625,0.8918918918918919,0.44594594594594594
train/TIRED/2572306090941583-TIRED.v17.npz,train,TIRED,0.9375,0.78125,0.90625,0.75,1.0,1.0,0.8232896327972412,0.0809326171875,0.9310344827586207,0.5625
train/TIRED/2929541435372467-TIRED.v17.npz,train,TIRED,0.9375,0.84375,0.90625,0.8125,1.0,1.0,0.808484673500061,0.0850830078125,0.9107142857142857,0.53125
train/TIRED/30872695257963656-TIRED.v17.npz,train,TIRED,0.875,0.78125,0.84375,0.75,1.0,1.0,0.8559397459030151,0.1402587890625,0.8974358974358975,0.5384615384615384
train/TIRED/3377658876876861-TIRED.v17.npz,train,TIRED,0.875,0.875,0.78125,0.78125,1.0,1.0,0.803806722164154,0.107177734375,0.8620689655172413,0.45454545454545453
train/TIRED/4509547091032866-TIRED.v17.npz,train,TIRED,0.875,0.84375,0.875,0.84375,1.0,1.0,0.8311845064163208,0.08447265625,0.9148936170212766,0.4479166666666667
train/TIRED/475127353077462-seedTIRED.v17.npz,train,TIRED,0.875,0.875,0.8125,0.8125,1.0,1.0,0.797698974609375,0.079833984375,0.84,0.21875
train/TIRED/5389522809985581-TIRED.v17.npz,train,TIRED,0.8125,0.8125,0.78125,0.78125,1.0,1.0,0.8279905915260315,0.08056640625,0.8095238095238095,0.29310344827586204
train/TIRED/5844816745369699-TIRED.v17.npz,train,TIRED,0.9375,0.78125,0.875,0.71875,1.0,1.0,0.8156027793884277,0.079833984375,0.9298245614035088,0.5520833333333334
train/TIRED/6064203764964768-TIRED.v17.npz,train,TIRED,0.8125,0.8125,0.8125,0.8125,1.0,1.0,0.7765694856643677,0.1019287109375,0.75,0.39473684210526316
train/TIRED/8186237678554815-TIRED.v17.npz,train,TIRED,0.875,0.6875,0.875,0.6875,1.0,1.0,0.8113296031951904,0.0989990234375,0.8918918918918919,0.4583333333333333
train/TIRED/9280283055714456-TIRED.v17.npz,train,TIRED,0.875,0.875,0.875,0.875,1.0,1.0,0.8468816876411438,0.0894775390625,0.9069767441860465,0.4431818181818182
train/TOMORROW/09163677816779625-TOMORROW.v17.npz,train,TOMORROW,0.8125,0.0,0.8125,0.0,0.0,1.0,0.7174527049064636,0.0908203125,0.6956521739130435,0.32
train/TOMORROW/11902173661620474-TOMORROW.v17.npz,train,TOMORROW,0.875,0.125,0.78125,0.03125,1.0,1.0,0.7699161767959595,0.0885009765625,0.8387096774193549,0.3561643835616438
train/TOMORROW/19770410991779142-TOMORROW.v17.npz,train,TOMORROW,0.875,0.03125,0.875,0.03125,1.0,1.0,0.7992240786552429,0.1063232421875,0.8461538461538461,0.4074074074074074
train/TOMORROW/22231383812312244-TOMORROW.v17.npz,train,TOMORROW,0.875,0.875,0.0,0.0,1.0,0.0,0.7968599796295166,0.10302734375,0.9047619047619048,0.4634146341463415
train/TOMORROW/4172907858857664-seedTOMORROW.v17.npz,train,TOMORROW,0.875,0.03125,0.875,0.03125,1.0,1.0,0.6725385189056396,0.1005859375,0.625,0.625
train/TOMORROW/4343241095939201-TOMORROW.v17.npz,train,TOMORROW,0.875,0.0,0.875,0.0,0.0,1.0,0.7470703125,0.173583984375,0.72,0.1875
train/TOMORROW/4362793797127771-TOMORROW.v17.npz,train,TOMORROW,0.875,0.0,0.875,0.0,0.0,1.0,0.780130922794342,0.104736328125,0.8666666666666667,0.45614035087719296
train/TOMORROW/49914475306883-TOMORROW.v17.npz,train,TOMORROW,0.5625,0.0,0.5625,0.0,0.0,1.0,0.639816164970398,0.0775146484375,0.4915254237288136,0.3020833333333333
train/TOMORROW/5055891945777851-TOMORROW.v17.npz,train,TOMORROW,0.84375,0.03125,0.8125,0.0,1.0,1.0,0.7968902587890625,0.1251220703125,0.8604651162790697,0.4457831325301205
train/TOMORROW/52182646297618-TOMORROW.v17.npz,train,TOMORROW,0.75,0.0,0.75,0.0,0.0,1.0,0.7146080732345581,0.157470703125,0.5714285714285714,0.12903225806451613
train/TOMORROW/6091965583018604-TOMORROW.v17.npz,train,TOMORROW,0.75,0.09375,0.65625,0.0,1.0,1.0,0.7155410051345825,0.1923828125,0.6923076923076923,0.23076923076923078
train/TOMORROW/710447421608613-TOMORROW.v17.npz,train,TOMORROW,0.875,0.03125,0.84375,0.0,1.0,1.0,0.7623031139373779,0.0821533203125,0.8333333333333334,0.38461538461538464
train/TOMORROW/7814665342660105-TOMORROW.v17.npz,train,TOMORROW,0.8125,0.1875,0.71875,0.09375,1.0,1.0,0.7638145685195923,0.155029296875,0.8,0.32653061224489793
train/TOMORROW/8749149490186505-TOMORROW.v17.npz,train,TOMORROW,0.84375,0.0,0.84375,0.0,0.0,1.0,0.812166690826416,0.1612548828125,0.8780487804878049,0.46153846153846156
train/TOMORROW/9076139907774032-TOMORROW.v17.npz,train,TOMORROW,0.875,0.03125,0.875,0.03125,1.0,1.0,0.7798208594322205,0.260986328125,0.84,0.4117647058823529
train/TOMORROW/9924885587671943-TOMORROW.v17.npz,train,TOMORROW,0.875,0.03125,0.84375,0.0,1.0,1.0,0.7440087199211121,0.1011962890625,0.7777777777777778,0.4375
train/TRY/06018469668284587-TRY.v17.npz,train,TRY,0.75,0.625,0.75,0.625,1.0,1.0,0.8405497670173645,0.099609375,0.75,0.3
train/TRY/1576044099226599-TRY.v17.npz,train,TRY,0.8125,0.8125,0.75,0.75,1.0,1.0,0.8296833038330078,0.0928955078125,0.7647058823529411,0.2708333333333333
train/TRY/19863987386755166-TRY.v17.npz,train,TRY,0.78125,0.71875,0.71875,0.65625,1.0,1.0,0.83607417345047,0.0792236328125,0.7931034482758621,0.39655172413793105
train/TRY/21482100381740965-seedTRY.v17.npz,train,TRY,0.875,0.875,0.84375,0.84375,1.0,1.0,0.8352605700492859,0.1588134765625,0.8214285714285714,0.23958333333333334
train/TRY/23697660734036052-TRY.v17.npz,train,TRY,0.875,0.75,0.84375,0.71875,1.0,1.0,0.8536650538444519,0.099609375,0.8857142857142857,0.5535714285714286
train/TRY/305530143416596-TRY.v17.npz,train,TRY,0.8125,0.75,0.78125,0.71875,1.0,1.0,0.8572962880134583,0.1622314453125,0.8333333333333334,0.40816326530612246
train/TRY/30906851369541566-TRY.v17.npz,train,TRY,0.875,0.875,0.8125,0.8125,1.0,1.0,0.8193693161010742,0.08447265625,0.8636363636363636,0.4470588235294118
train/TRY/3277603629889736-TRY.v17.npz,train,TRY,0.875,0.8125,0.875,0.8125,1.0,1.0,0.879761278629303,0.48193359375,0.8518518518518519,0.36507936507936506
train/TRY/3971876140589188-TRY.v17.npz,train,TRY,0.875,0.84375,0.875,0.84375,1.0,1.0,0.8640934824943542,0.1043701171875,0.8620689655172413,0.2604166666666667
train/TRY/430288279521718-TRY.v17.npz,train,TRY,0.875,0.84375,0.875,0.84375,1.0,1.0,0.8256063461303711,0.0814208984375,0.8947368421052632,0.4857142857142857
train/TRY/531793515969192-TRY.v17.npz,train,TRY,0.875,0.8125,0.875,0.8125,1.0,1.0,0.8409625887870789,0.0899658203125,0.8947368421052632,0.3617021276595745
train/TRY/592161517549789-TRY.v17.npz,train,TRY,0.8125,0.6875,0.6875,0.5625,1.0,1.0,0.8077939748764038,0.080322265625,0.8181818181818182,0.29508196721311475
train/TRY/657920072816389-TRY.v17.npz,train,TRY,0.8125,0.5,0.65625,0.34375,1.0,1.0,0.8366692662239075,0.112548828125,0.8260869565217391,0.5277777777777778
train/TRY/7643104872516984-TRY.v17.npz,train,TRY,0.875,0.6875,0.875,0.6875,1.0,1.0,0.847337007522583,0.16357421875,0.875,0.4057971014492754
train/UNDERSTAND/030959011181703078-UNDERSTAND.v17.npz,train,UNDERSTAND,0.75,0.0625,0.71875,0.03125,1.0,1.0,0.8033389449119568,0.488037109375,0.7407407407407407,0.39215686274509803
train/UNDERSTAND/0497069696398067-UNDERSTAND.v17.npz,train,UNDERSTAND,0.875,0.125,0.78125,0.03125,1.0,1.0,0.7753551602363586,0.0816650390625,0.8709677419354839,0.35526315789473684
train/UNDERSTAND/2621288608804102-UNDERSTAND.v17.npz,train,UNDERSTAND,0.8125,0.0,0.8125,0.0,0.0,1.0,0.7117471098899841,0.0833740234375,0.7777777777777778,0.28
train/UNDERSTAND/2999107393441156-UNDERSTAND.v17.npz,train,UNDERSTAND,0.875,0.0,0.875,0.0,0.0,1.0,0.7695589065551758,0.0985107421875,0.8571428571428571,0.41379310344827586
train/UNDERSTAND/31049412762325446-UNDERSTAND.v17.npz,train,UNDERSTAND,0.71875,0.03125,0.71875,0.03125,1.0,1.0,0.7148128151893616,0.172119140625,0.6666666666666666,0.29508196721311475
train/UNDERSTAND/4268222409175071-UNDERSTAND.v17.npz,train,UNDERSTAND,0.875,0.0625,0.8125,0.0,1.0,1.0,0.7785113453865051,0.1373291015625,0.8076923076923077,0.3442622950819672
train/UNDERSTAND/4687993210650012-UNDERSTAND.v17.npz,train,UNDERSTAND,0.84375,0.78125,0.09375,0.03125,1.0,1.0,0.7164602875709534,0.09619140625,0.8163265306122449,0.5063291139240507
train/UNDERSTAND/5190569218964376-UNDERSTAND.v17.npz,train,UNDERSTAND,0.875,0.0,0.875,0.0,0.0,1.0,0.7943345904350281,0.0775146484375,0.8947368421052632,0.3541666666666667
train/UNDERSTAND/6424637597161564-UNDERSTAND.v17.npz,train,UNDERSTAND,0.8125,0.09375,0.78125,0.0625,1.0,1.0,0.8013916015625,0.1077880859375,0.8095238095238095,0.37777777777777777
train/UNDERSTAND/6593382490905721-UNDERSTAND.v17.npz,train,UNDERSTAND,0.875,0.1875,0.71875,0.03125,1.0,1.0,0.8001432418823242,0.452880859375,0.8823529411764706,0.35294117647058826
train/UNDERSTAND/6745834273988278-UNDERSTAND.v17.npz,train,UNDERSTAND,0.78125,0.28125,0.5,0.0,1.0,1.0,0.7390510439872742,0.0755615234375,0.7954545454545454,0.6363636363636364
train/UNDERSTAND/6810397598953175-UNDERSTAND.v17.npz,train,UNDERSTAND,0.875,0.875,0.0625,0.0625,1.0,1.0,0.8119680285453796,0.0970458984375,0.8518518518518519,0.42592592592592593
train/UNDERSTAND/8604241021179426-UNDERSTAND.v17.npz,train,UNDERSTAND,0.875,0.03125,0.84375,0.0,1.0,1.0,0.7781420946121216,0.1195068359375,0.8974358974358975,0.3645833333333333
train/UNDERSTAND/9807956157005397-seedUNDERSTAND.v17.npz,train,UNDERSTAND,0.875,0.21875,0.8125,0.15625,1.0,1.0,0.741898238658905,0.10546875,0.84,0.21875
train/USE/056929659277419775-USE.v17.npz,train,USE,0.875,0.875,0.84375,0.84375,1.0,1.0,0.8250086307525635,0.0855712890625,0.9024390243902439,0.4457831325301205
train/USE/10002601108075515-USE.v17.npz,train,USE,0.875,0.75,0.875,0.75,1.0,1.0,0.8305076360702515,0.1060791015625,0.9111111111111111,0.4270833333333333
train/USE/20814778930087607-USE.v17.npz,train,USE,0.875,0.75,0.8125,0.6875,1.0,1.0,0.8330575823783875,0.0889892578125,0.875,0.35
train/USE/24588321216834763-seedUSE.v17.npz,train,USE,0.96875,0.4375,0.90625,0.375,1.0,1.0,0.7488973736763,0.09228515625,0.8541666666666666,0.8541666666666666
train/USE/38257366140064475-USE.v17.npz,train,USE,0.9375,0.9375,0.8125,0.8125,1.0,1.0,0.813011884689331,0.0794677734375,0.9,0.5232558139534884
train/USE/3993897588980455-USE.v17.npz,train,USE,0.8125,0.4375,0.5,0.125,1.0,1.0,0.7321992516517639,0.177978515625,0.6363636363636364,0.2692307692307692
train/USE/4910010904715989-USE.v17.npz,train,USE,0.8125,0.59375,0.8125,0.59375,1.0,1.0,0.8042272925376892,0.10882568359375,0.8,0.35555555555555557
train/USE/5044184391977649-USE.v17.npz,train,USE,0.875,0.65625,0.8125,0.59375,1.0,1.0,0.7945436835289001,0.1549072265625,0.8823529411764706,0.47619047619047616
train/USE/5105678600345553-USE.v17.npz,train,USE,0.8125,0.65625,0.5625,0.40625,1.0,1.0,0.7618005275726318,0.25830078125,0.78,0.4875
train/USE/592667137178787-USE.v17.npz,train,USE,0.875,0.875,0.875,0.875,1.0,1.0,0.8386643528938293,0.08642578125,0.8888888888888888,0.47761194029850745
train/USE/8472965180345502-USE.v17.npz,train,USE,0.8125,0.8125,0.6875,0.6875,1.0,1.0,0.8284084796905518,0.082763671875,0.8260869565217391,0.41304347826086957
train/USE/9267756174185333-USE.v17.npz,train,USE,0.90625,0.875,0.53125,0.5,1.0,1.0,0.7981749773025513,0.079833984375,0.9156626506024096,0.8172043010752689
train/USE/9420991279307549-USE.v17.npz,train,USE,0.875,0.5625,0.875,0.5625,1.0,1.0,0.8242578506469727,0.0799560546875,0.9090909090909091,0.4166666666666667
train/USE/960937537484494-USE.v17.npz,train,USE,0.875,0.6875,0.875,0.6875,1.0,1.0,0.8306774497032166,0.087890625,0.8709677419354839,0.4426229508196721
train/USE/9645564112866789-USE.v17.npz,train,USE,0.875,0.5625,0.65625,0.34375,1.0,1.0,0.8562443256378174,0.2064208984375,0.8947368421052632,0.5862068965517241
train/WAIT/031074918450269218-WAIT.v17.npz,train,WAIT,0.875,0.875,0.8125,0.8125,1.0,1.0,0.8043297529220581,0.105712890625,0.8620689655172413,0.5434782608695652
train/WAIT/0863524332460317-WAIT.v17.npz,train,WAIT,0.875,0.84375,0.78125,0.75,1.0,1.0,0.8230686783790588,0.077392578125,0.8571428571428571,0.42105263157894735
train/WAIT/15263395462454632-WAIT.v17.npz,train,WAIT,0.875,0.8125,0.84375,0.78125,1.0,1.0,0.8339862823486328,0.08544921875,0.8947368421052632,0.40963855421686746
train/WAIT/25762006967045403-WAIT.v17.npz,train,WAIT,0.875,0.8125,0.8125,0.75,1.0,1.0,0.8490189909934998,0.109375,0.8611111111111112,0.3229166666666667
train/WAIT/524881037999334-WAIT.v17.npz,train,WAIT,0.875,0.75,0.875,0.75,1.0,1.0,0.8163168430328369,0.0989990234375,0.84,0.4666666666666667
train/WAIT/6530795087181671-WAIT.v17.npz,train,WAIT,0.875,0.8125,0.84375,0.78125,1.0,1.0,0.8081222176551819,0.0753173828125,0.8918918918918919,0.4125
train/WAIT/6807479789190645-WAIT.v17.npz,train,WAIT,0.875,0.78125,0.875,0.78125,1.0,1.0,0.78318852186203,0.0823974609375,0.8913043478260869,0.4880952380952381
train/WAIT/72369024028368-WAIT.v17.npz,train,WAIT,0.875,0.84375,0.875,0.84375,1.0,1.0,0.8350258469581604,0.1221923828125,0.8974358974358975,0.49295774647887325
train/WAIT/7743737332850424-WAIT.v17.npz,train,WAIT,0.875,0.75,0.875,0.75,1.0,1.0,0.787108302116394,0.0919189453125,0.8518518518518519,0.4423076923076923
train/WAIT/8068498353201266-WAIT.v17.npz,train,WAIT,0.9375,0.84375,0.90625,0.8125,1.0,1.0,0.8242340087890625,0.087646484375,0.9166666666666666,0.4583333333333333
train/WAIT/8270409786931296-WAIT.v17.npz,train,WAIT,0.8125,0.6875,0.8125,0.6875,1.0,1.0,0.8605821132659912,0.1007080078125,0.8,0.3902439024390244
train/WAIT/9595840152815802-seedWAIT.v17.npz,train,WAIT,0.8125,0.75,0.8125,0.75,1.0,1.0,0.7931744456291199,0.114990234375,0.8,0.16666666666666666
train/WAIT/9783535742177485-WAIT.v17.npz,train,WAIT,0.875,0.84375,0.84375,0.8125,1.0,1.0,0.8160025477409363,0.0977783203125,0.8666666666666667,0.2708333333333333
train/WANT/08375958886756041-WANT 2.v17.npz,train,WANT,0.875,0.8125,0.84375,0.78125,1.0,1.0,0.8204388618469238,0.158203125,0.8888888888888888,0.5161290322580645
train/WANT/08859845078833506-WANT 2.v17.npz,train,WANT,0.875,0.8125,0.84375,0.78125,1.0,1.0,0.8346613049507141,0.1026611328125,0.9069767441860465,0.5571428571428572
train/WANT/14991994807763365-WANT 2.v17.npz,train,WANT,0.875,0.875,0.8125,0.8125,1.0,1.0,0.8459534645080566,0.5,0.8666666666666667,0.3333333333333333
train/WANT/1783184424273636-WANT 2.v17.npz,train,WANT,0.75,0.5625,0.75,0.5625,1.0,1.0,0.769354522228241,0.1036376953125,0.75,0.19047619047619047
train/WANT/19958109281644143-WANT 2.v17.npz,train,WANT,0.9375,0.9375,0.84375,0.84375,1.0,1.0,0.8005080819129944,0.08740234375,0.9074074074074074,0.5104166666666666
train/WANT/3076721990283171-WANT 2.v17.npz,train,WANT,0.875,0.71875,0.875,0.71875,1.0,1.0,0.798543393611908,0.1087646484375,0.8888888888888888,0.42105263157894735
train/WANT/39269779031539565-WANT 2.v17.npz,train,WANT,0.8125,0.6875,0.8125,0.6875,1.0,1.0,0.8192315697669983,0.0767822265625,0.8260869565217391,0.19791666666666666
train/WANT/47159683708396893-WANT 2.v17.npz,train,WANT,0.8125,0.8125,0.78125,0.78125,1.0,1.0,0.7700486779212952,0.1629638671875,0.7916666666666666,0.2753623188405797
train/WANT/5148839477289167-WANT 2.v17.npz,train,WANT,0.875,0.8125,0.8125,0.75,1.0,1.0,0.8215193152427673,0.276123046875,0.84,0.44680851063829785
train/WANT/6046104101537046-WANT 2.v17.npz,train,WANT,0.875,0.8125,0.875,0.8125,1.0,1.0,0.8532578349113464,0.1561279296875,0.8709677419354839,0.3253012048192771
train/WANT/6475011403601416-WANT 2.v17.npz,train,WANT,0.875,0.875,0.78125,0.78125,1.0,1.0,0.8378235697746277,0.1011962890625,0.8461538461538461,0.4714285714285714
train/WANT/7637262020700946-WANT 2.v17.npz,train,WANT,0.875,0.65625,0.875,0.65625,1.0,1.0,0.8337293863296509,0.5,0.8709677419354839,0.3698630136986301
train/WANT/8336503418129162-WANT 2.v17.npz,train,WANT,0.75,0.75,0.53125,0.53125,1.0,1.0,0.781982958316803,0.0791015625,0.7625,0.6354166666666666
train/WANT/8485035331460282-WANT 2.v17.npz,train,WANT,0.875,0.15625,0.75,0.03125,1.0,1.0,0.7617824673652649,0.1142578125,0.8709677419354839,0.391304347826087
train/WANT/8635216593391397-WANT 2.v17.npz,train,WANT,0.875,0.5,0.875,0.5,1.0,1.0,0.8295348882675171,0.0765380859375,0.8461538461538461,0.4230769230769231
train/WANT/9691488194951674-seedWANT 2.v17.npz,train,WANT,0.8125,0.75,0.8125,0.75,1.0,1.0,0.7342942953109741,0.0885009765625,0.7916666666666666,0.19791666666666666
train/WATER/0020247732352038916-WATER.v17.npz,train,WATER,0.65625,0.03125,0.65625,0.03125,1.0,1.0,0.7011086344718933,0.0919189453125,0.6578947368421053,0.5208333333333334
train/WATER/03892908647294191-WATER.v17.npz,train,WATER,0.875,0.0,0.875,0.0,0.0,1.0,0.7910378575325012,0.1314697265625,0.8461538461538461,0.38596491228070173
train/WATER/057571220614212715-WATER.v17.npz,train,WATER,0.8125,0.03125,0.78125,0.0,1.0,1.0,0.7421966195106506,0.0887451171875,0.8,0.3582089552238806
train/WATER/19062537109661482-WATER.v17.npz,train,WATER,0.875,0.0,0.875,0.0,0.0,1.0,0.7565967440605164,0.084716796875,0.9069767441860465,0.40625
train/WATER/29650119146688847-WATER.v17.npz,train,WATER,0.96875,0.9375,0.53125,0.5,1.0,1.0,0.7547845840454102,0.1103515625,0.967741935483871,0.6666666666666666
train/WATER/40723216723050504-WATER.v17.npz,train,WATER,0.75,0.1875,0.6875,0.125,1.0,1.0,0.7692474722862244,0.311767578125,0.75,0.3157894736842105
train/WATER/4617924298797549-seedWATER.v17.npz,train,WATER,0.8125,0.125,0.78125,0.09375,1.0,1.0,0.7367128729820251,0.1016845703125,0.8181818181818182,0.1875
train/WATER/47911865396339715-WATER.v17.npz,train,WATER,0.96875,0.96875,0.625,0.625,1.0,1.0,0.6226763725280762,0.0755615234375,0.9649122807017544,0.9166666666666666
train/WATER/6099837370552477-WATER.v17.npz,train,WATER,0.8125,0.0,0.8125,0.0,0.0,1.0,0.7999003529548645,0.1982421875,0.7777777777777778,0.3181818181818182
train/WATER/6216809763132565-WATER.v17.npz,train,WATER,0.875,0.0625,0.875,0.0625,1.0,1.0,0.7849109768867493,0.07958984375,0.8518518518518519,0.5111111111111111
train/WATER/6842760193004458-WATER.v17.npz,train,WATER,0.875,0.03125,0.84375,0.0,1.0,1.0,0.7872834801673889,0.076416015625,0.8823529411764706,0.46153846153846156
train/WATER/7176990560462237-WATER.v17.npz,train,WATER,0.875,0.875,0.0,0.0,1.0,0.0,0.8059837222099304,0.092041015625,0.8823529411764706,0.4411764705882353
train/WATER/7276443456531434-WATER.v17.npz,train,WATER,0.59375,0.0625,0.5625,0.03125,1.0,1.0,0.70158451795578,0.2205810546875,0.578125,0.3854166666666667
train/WATER/7449721965435019-WATER.v17.npz,train,WATER,0.875,0.03125,0.875,0.03125,1.0,1.0,0.8020803928375244,0.5,0.8709677419354839,0.4153846153846154
train/WE/16994877911771145-WE.v17.npz,train,WE,0.875,0.03125,0.875,0.03125,1.0,1.0,0.8020000457763672,0.08306884765625,0.8857142857142857,0.36904761904761907
train/WE/193766215011427-WE.v17.npz,train,WE,0.875,0.875,0.0625,0.0625,1.0,1.0,0.7763796448707581,0.078369140625,0.9148936170212766,0.45263157894736844
train/WE/2541378389097124-WE.v17.npz,train,WE,0.875,0.125,0.8125,0.0625,1.0,1.0,0.80389404296875,0.1142578125,0.8571428571428571,0.5217391304347826
train/WE/274934874875824-WE.v17.npz,train,WE,0.875,0.0,0.875,0.0,0.0,1.0,0.8331780433654785,0.11431884765625,0.8823529411764706,0.5172413793103449
train/WE/2803881528625629-seedWE.v17.npz,train,WE,0.34375,0.09375,0.28125,0.03125,1.0,1.0,0.606315016746521,0.0894775390625,0.3055555555555556,0.22916666666666666
train/WE/3468501303620588-WE.v17.npz,train,WE,0.8125,0.0,0.8125,0.0,0.0,1.0,0.7694321274757385,0.0926513671875,0.8,0.35555555555555557
train/WE/36753258402615074-WE.v17.npz,train,WE,0.75,0.5,0.25,0.0,1.0,1.0,0.7483156323432922,0.5,0.75,0.125
train/WE/4544218531641271-WE.v17.npz,train,WE,0.90625,0.28125,0.6875,0.0625,1.0,1.0,0.765252947807312,0.07958984375,0.9032258064516129,0.6086956521739131
train/WE/5346957049353451-WE.v17.npz,train,WE,1.0,1.0,0.375,0.375,1.0,1.0,0.8019293546676636,0.11962890625,0.9895833333333334,0.9895833333333334
train/WE/5641210498834153-WE.v17.npz,train,WE,0.875,0.03125,0.875,0.03125,1.0,1.0,0.7411041855812073,0.0946044921875,0.8275862068965517,0.25
train/WE/6257769266405475-WE.v17.npz,train,WE,0.875,0.0625,0.875,0.0625,1.0,1.0,0.7784770727157593,0.08203125,0.8723404255319149,0.44086021505376344
train/WE/7484839279145117-WE.v17.npz,train,WE,0.875,0.875,0.03125,0.03125,1.0,1.0,0.7983018755912781,0.0855712890625,0.8787878787878788,0.3918918918918919
train/WE/8279377520732154-WE.v17.npz,train,WE,0.875,0.03125,0.875,0.03125,1.0,1.0,0.7372756004333496,0.0765380859375,0.8611111111111112,0.3563218390804598
train/WE/8865858542977822-WE.v17.npz,train,WE,0.875,0.03125,0.875,0.03125,1.0,1.0,0.7316376566886902,0.1103515625,0.8378378378378378,0.3229166666666667
train/WE/8906582989498535-WE.v17.npz,train,WE,0.6875,0.0,0.6875,0.0,0.0,1.0,0.74314284324646,0.0850830078125,0.7272727272727273,0.5517241379310345
train/WE/9375717470846778-WE.v17.npz,train,WE,0.875,0.0,0.875,0.0,0.0,1.0,0.7890955805778503,0.26220703125,0.8823529411764706,0.37037037037037035
train/WEEK/00899296980950326-WEEK.v17.npz,train,WEEK,0.875,0.625,0.875,0.625,1.0,1.0,0.8142154216766357,0.1510009765625,0.8918918918918919,0.4230769230769231
train/WEEK/06524477833422293-WEEK.v17.npz,train,WEEK,0.875,0.8125,0.84375,0.78125,1.0,1.0,0.8153089284896851,0.168701171875,0.8703703703703703,0.4895833333333333
train/WEEK/08927917820114639-WEEK.v17.npz,train,WEEK,0.8125,0.65625,0.8125,0.65625,1.0,1.0,0.748207688331604,0.091552734375,0.8181818181818182,0.4
train/WEEK/09350242180785906-WEEK.v17.npz,train,WEEK,0.875,0.53125,0.875,0.53125,1.0,1.0,0.7561911344528198,0.0838623046875,0.875,0.5283018867924528
train/WEEK/19736756947592426-WEEK.v17.npz,train,WEEK,0.6875,0.09375,0.65625,0.0625,1.0,1.0,0.6949283480644226,0.0845947265625,0.6666666666666666,0.375
train/WEEK/3569496056797583-WEEK.v17.npz,train,WEEK,0.875,0.875,0.5625,0.5625,1.0,1.0,0.780096173286438,0.0941162109375,0.84,0.42857142857142855
train/WEEK/4038103568275968-WEEK.v17.npz,train,WEEK,0.875,0.59375,0.75,0.46875,1.0,1.0,0.7758679986000061,0.222900390625,0.8857142857142857,0.3974358974358974
train/WEEK/47443054401660745-WEEK.v17.npz,train,WEEK,0.875,0.84375,0.84375,0.8125,1.0,1.0,0.8204957246780396,0.1082763671875,0.8947368421052632,0.4927536231884058
train/WEEK/49562544308444734-WEEK.v17.npz,train,WEEK,0.875,0.6875,0.59375,0.40625,1.0,1.0,0.8300052285194397,0.45751953125,0.8823529411764706,0.5454545454545454
train/WEEK/503193272978758-WEEK.v17.npz,train,WEEK,0.875,0.875,0.78125,0.78125,1.0,1.0,0.7981775999069214,0.095458984375,0.8888888888888888,0.5423728813559322
train/WEEK/5369002649936094-seedWEEK.v17.npz,train,WEEK,0.34375,0.34375,0.28125,0.28125,1.0,1.0,0.6764312982559204,0.0758056640625,0.34285714285714286,0.25
train/WEEK/6615680623563793-WEEK.v17.npz,train,WEEK,0.875,0.875,0.875,0.875,1.0,1.0,0.8222334980964661,0.0791015625,0.9,0.375
train/WEEK/6886999711677044-WEEK.v17.npz,train,WEEK,0.875,0.5,0.875,0.5,1.0,1.0,0.7488865256309509,0.1544189453125,0.8787878787878788,0.5370370370370371
train/WEEK/778236056100299-WEEK.v17.npz,train,WEEK,0.9375,0.59375,0.90625,0.5625,1.0,1.0,0.7636964917182922,0.08740234375,0.9272727272727272,0.53125
train/WHAT/011439809438488657-WHAT 2.v17.npz,train,WHAT,0.875,0.875,0.625,0.625,1.0,1.0,0.8079892992973328,0.0816650390625,0.8974358974358975,0.4430379746835443
train/WHAT/027816838285841916-WHAT 2.v17.npz,train,WHAT,0.875,0.875,0.875,0.875,1.0,1.0,0.807397186756134,0.0853271484375,0.9111111111111111,0.5125
train/WHAT/0628291186114378-WHAT 2.v17.npz,train,WHAT,0.875,0.75,0.53125,0.40625,1.0,1.0,0.7330157160758972,0.1492919921875,0.8,0.37735849056603776
train/WHAT/1532464203763655-WHAT 2.v17.npz,train,WHAT,0.875,0.84375,0.71875,0.6875,1.0,1.0,0.8577916622161865,0.1107177734375,0.8518518518518519,0.4791666666666667
train/WHAT/18362037497753203-WHAT 2.v17.npz,train,WHAT,0.96875,0.9375,0.40625,0.375,1.0,1.0,0.7727383375167847,0.0804443359375,0.9888888888888889,0.9888888888888889
train/WHAT/21224944864749995-WHAT 2.v17.npz,train,WHAT,0.875,0.65625,0.875,0.65625,1.0,1.0,0.7342443466186523,0.1036376953125,0.8620689655172413,0.5434782608695652
train/WHAT/23051551564122996-WHAT 2.v17.npz,train,WHAT,0.8125,0.75,0.8125,0.75,1.0,1.0,0.817158579826355,0.08935546875,0.7777777777777778,0.27450980392156865
train/WHAT/2833503746558905-WHAT 2.v17.npz,train,WHAT,0.875,0.6875,0.8125,0.625,1.0,1.0,0.8550832271575928,0.185546875,0.8620689655172413,0.46296296296296297
train/WHAT/43147199471175535-seedWHAT 2.v17.npz,train,WHAT,0.875,0.875,0.875,0.875,1.0,1.0,0.7926865816116333,0.0927734375,0.9047619047619048,0.3958333333333333
train/WHAT/531692335723785-WHAT 2.v17.npz,train,WHAT,0.875,0.75,0.78125,0.65625,1.0,1.0,0.8047714233398438,0.081787109375,0.9024390243902439,0.45121951219512196
train/WHAT/5384324732130294-WHAT 2.v17.npz,train,WHAT,0.75,0.0625,0.6875,0.0,1.0,1.0,0.7659432291984558,0.11181640625,0.75,0.27906976744186046
train/WHAT/5907336185978251-WHAT 2.v17.npz,train,WHAT,0.875,0.875,0.875,0.875,1.0,1.0,0.8462174534797668,0.314208984375,0.8461538461538461,0.34375
train/WHAT/600407709572452-WHAT 2.v17.npz,train,WHAT,0.90625,0.84375,0.65625,0.59375,1.0,1.0,0.7184476256370544,0.0789794921875,0.7529411764705882,0.6666666666666666
train/WHAT/8017117058905951-WHAT 2.v17.npz,train,WHAT,0.8125,0.03125,0.78125,0.0,1.0,1.0,0.7309467196464539,0.1453857421875,0.8095238095238095,0.3617021276595745
train/WHAT/8405493387581946-WHAT 2.v17.npz,train,WHAT,0.875,0.75,0.53125,0.40625,1.0,1.0,0.8238492012023926,0.158935546875,0.8837209302325582,0.4578313253012048
train/WHAT/8907945228853642-WHAT 2.v17.npz,train,WHAT,0.875,0.78125,0.875,0.78125,1.0,1.0,0.7374252676963806,0.105712890625,0.8484848484848485,0.2916666666666667
train/WHEN/01798723214383169-WHEN.v17.npz,train,WHEN,0.875,0.65625,0.875,0.65625,1.0,1.0,0.8355579376220703,0.14453125,0.8571428571428571,0.4444444444444444
train/WHEN/16115032785858263-WHEN.v17.npz,train,WHEN,0.875,0.75,0.875,0.75,1.0,1.0,0.8629201054573059,0.0806884765625,0.875,0.4
train/WHEN/1633964553032412-seedWHEN.v17.npz,train,WHEN,0.8125,0.6875,0.8125,0.6875,1.0,1.0,0.8358120918273926,0.0850830078125,0.7894736842105263,0.15625
train/WHEN/21722735480722832-WHEN.v17.npz,train,WHEN,0.875,0.625,0.875,0.625,1.0,1.0,0.8435605764389038,0.07958984375,0.8620689655172413,0.5952380952380952
train/WHEN/35815086162921017-WHEN.v17.npz,train,WHEN,0.875,0.78125,0.78125,0.6875,1.0,1.0,0.8342824578285217,0.1038818359375,0.84,0.42857142857142855
train/WHEN/41444382165121185-WHEN.v17.npz,train,WHEN,0.875,0.84375,0.875,0.84375,1.0,1.0,0.8295332789421082,0.1055908203125,0.8809523809523809,0.40217391304347827
train/WHEN/4307738435108923-WHEN.v17.npz,train,WHEN,0.875,0.84375,0.53125,0.5,1.0,1.0,0.828288197517395,0.0897216796875,0.8108108108108109,0.5172413793103449
train/WHEN/5215592040153327-WHEN.v17.npz,train,WHEN,0.875,0.71875,0.71875,0.5625,1.0,1.0,0.7626398801803589,0.0848388671875,0.84,0.21875
train/WHEN/5795834263184414-WHEN.v17.npz,train,WHEN,0.9375,0.875,0.90625,0.84375,1.0,1.0,0.8050356507301331,0.08837890625,0.9245283018867925,0.532608695652174
train/WHEN/5845121089874201-WHEN.v17.npz,train,WHEN,0.875,0.875,0.875,0.875,1.0,1.0,0.8395527601242065,0.0858154296875,0.9,0.375
train/WHEN/6191553425770482-WHEN.v17.npz,train,WHEN,0.875,0.75,0.875,0.75,1.0,1.0,0.8153582811355591,0.08056640625,0.8857142857142857,0.44285714285714284
train/WHEN/7219560821026212-WHEN.v17.npz,train,WHEN,0.8125,0.8125,0.8125,0.8125,1.0,1.0,0.8158737421035767,0.248046875,0.7894736842105263,0.39473684210526316
train/WHEN/7524645430552388-WHEN.v17.npz,train,WHEN,0.84375,0.71875,0.6875,0.5625,1.0,1.0,0.8558582663536072,0.5,0.8717948717948718,0.3541666666666667
train/WHEN/782941320203238-WHEN.v17.npz,train,WHEN,0.875,0.8125,0.71875,0.65625,1.0,1.0,0.8825443387031555,0.5,0.9047619047619048,0.5
train/WHERE/09379414966671162-WHERE.v17.npz,train,WHERE,0.78125,0.03125,0.75,0.0,1.0,1.0,0.7497877478599548,0.2310791015625,0.8048780487804879,0.42857142857142855
train/WHERE/17354191997018575-WHERE.v17.npz,train,WHERE,0.875,0.03125,0.875,0.03125,1.0,1.0,0.8042153716087341,0.1632080078125,0.875,0.4117647058823529
train/WHERE/32552115561898876-WHERE.v17.npz,train,WHERE,0.875,0.03125,0.84375,0.0,1.0,1.0,0.7638444900512695,0.0858154296875,0.8823529411764706,0.3125
train/WHERE/35445730348954285-seedWHERE.v17.npz,train,WHERE,0.8125,0.0625,0.8125,0.0625,1.0,1.0,0.7875438332557678,0.143310546875,0.8333333333333334,0.20833333333333334
train/WHERE/37418457822538387-WHERE.v17.npz,train,WHERE,0.8125,0.0,0.8125,0.0,0.0,1.0,0.7652819752693176,0.1114501953125,0.8260869565217391,0.35185185185185186
train/WHERE/5589002661440625-WHERE.v17.npz,train,WHERE,0.875,0.0,0.875,0.0,0.0,1.0,0.7706722021102905,0.111083984375,0.8529411764705882,0.3020833333333333
train/WHERE/5985508360496106-WHERE.v17.npz,train,WHERE,0.75,0.0,0.75,0.0,0.0,1.0,0.7773938775062561,0.13037109375,0.7142857142857143,0.24390243902439024
train/WHERE/6999394901611251-WHERE.v17.npz,train,WHERE,0.8125,0.03125,0.78125,0.0,1.0,1.0,0.8137769103050232,0.1396484375,0.8095238095238095,0.2982456140350877
train/WHERE/7750734997528588-WHERE.v17.npz,train,WHERE,0.875,0.875,0.0,0.0,1.0,0.0,0.7437424063682556,0.0767822265625,0.8679245283018868,0.7666666666666667
train/WHERE/7968041209479837-WHERE.v17.npz,train,WHERE,0.8125,0.0,0.8125,0.0,0.0,1.0,0.8336020112037659,0.5,0.7647058823529411,0.13541666666666666
train/WHERE/8969965061622676-WHERE.v17.npz,train,WHERE,0.875,0.0,0.875,0.0,0.0,1.0,0.7877736687660217,0.1036376953125,0.84,0.4883720930232558
train/WHERE/9317687529080529-WHERE.v17.npz,train,WHERE,0.53125,0.09375,0.5,0.0625,1.0,1.0,0.7185626029968262,0.09130859375,0.5074626865671642,0.4594594594594595
train/WHERE/9574229853297838-WHERE.v17.npz,train,WHERE,0.9375,0.9375,0.03125,0.03125,1.0,1.0,0.7325941920280457,0.1016845703125,0.9183673469387755,0.5232558139534884
train/WHERE/9824526442836845-WHERE.v17.npz,train,WHERE,0.8125,0.15625,0.78125,0.125,1.0,1.0,0.7711374759674072,0.1195068359375,0.8333333333333334,0.3333333333333333
train/WHO/0015092814988848513-WHO.v17.npz,train,WHO,0.8125,0.0,0.8125,0.0,0.0,1.0,0.7836423516273499,0.102783203125,0.7777777777777778,0.3333333333333333
train/WHO/044977332478077336-WHO.v17.npz,train,WHO,0.875,0.0,0.875,0.0,0.0,1.0,0.8132603168487549,0.5,0.8888888888888888,0.4
train/WHO/05073186101305538-WHO.v17.npz,train,WHO,0.875,0.03125,0.875,0.03125,1.0,1.0,0.7795194387435913,0.12286376953125,0.9024390243902439,0.3854166666666667
train/WHO/14452193915198386-WHO.v17.npz,train,WHO,0.875,0.125,0.875,0.125,1.0,1.0,0.7310457229614258,0.1160888671875,0.8275862068965517,0.375
train/WHO/17383536861491344-WHO.v17.npz,train,WHO,0.875,0.875,0.0,0.0,1.0,0.0,0.7549357414245605,0.0797119140625,0.9148936170212766,0.524390243902439
train/WHO/18521627111046346-WHO.v17.npz,train,WHO,0.875,0.03125,0.84375,0.0,1.0,1.0,0.7567747831344604,0.08203125,0.8709677419354839,0.39705882352941174
train/WHO/21560081346679438-WHO.v17.npz,train,WHO,0.8125,0.0,0.8125,0.0,0.0,1.0,0.7650036215782166,0.132568359375,0.8181818181818182,0.42857142857142855
train/WHO/22349971035391758-WHO.v17.npz,train,WHO,0.875,0.15625,0.8125,0.09375,1.0,1.0,0.7878192663192749,0.2275390625,0.8461538461538461,0.4583333333333333
train/WHO/5344192765643432-WHO.v17.npz,train,WHO,0.875,0.03125,0.875,0.03125,1.0,1.0,0.8003726005554199,0.089111328125,0.8823529411764706,0.4838709677419355
train/WHO/6013608694688473-WHO.v17.npz,train,WHO,0.8125,0.0,0.8125,0.0,0.0,1.0,0.808859646320343,0.1588134765625,0.7777777777777778,0.30434782608695654
train/WHO/6723858714545425-seedWHO.v17.npz,train,WHO,0.8125,0.03125,0.78125,0.0,1.0,1.0,0.7604405283927917,0.1224365234375,0.8181818181818182,0.1875
train/WHO/8661268196723311-WHO.v17.npz,train,WHO,0.8125,0.15625,0.8125,0.15625,1.0,1.0,0.7323134541511536,0.078857421875,0.8181818181818182,0.2535211267605634
train/WHO/9311041997261886-WHO.v17.npz,train,WHO,0.875,0.0,0.875,0.0,0.0,1.0,0.7714719772338867,0.1309814453125,0.8709677419354839,0.32142857142857145
train/WHO/9816718901577759-WHO.v17.npz,train,WHO,0.875,0.875,0.0,0.0,1.0,0.0,0.7604532837867737,0.078125,0.8666666666666667,0.45614035087719296
train/WHY/009620790877519658-seedWHY.v17.npz,train,WHY,0.875,0.0625,0.875,0.0625,1.0,1.0,0.7144094705581665,0.120849609375,0.8076923076923077,0.21875
train/WHY/10953401131792706-WHY.v17.npz,train,WHY,0.875,0.03125,0.875,0.03125,1.0,1.0,0.7422371506690979,0.08740234375,0.8974358974358975,0.4861111111111111
train/WHY/17485211510665932-WHY.v17.npz,train,WHY,0.875,0.0625,0.875,0.0625,1.0,1.0,0.7366132736206055,0.1109619140625,0.8837209302325582,0.4523809523809524
train/WHY/20564555475489255-WHY.v17.npz,train,WHY,0.8125,0.0625,0.75,0.0,1.0,1.0,0.7169241905212402,0.10498046875,0.7894736842105263,0.2830188679245283
train/WHY/2565336440424879-WHY.v17.npz,train,WHY,0.8125,0.0625,0.8125,0.0625,1.0,1.0,0.7059072852134705,0.15234375,0.6470588235294118,0.22916666666666666
train/WHY/28913897920899023-WHY.v17.npz,train,WHY,0.875,0.0,0.875,0.0,0.0,1.0,0.7622219324111938,0.0760498046875,0.9111111111111111,0.4270833333333333
train/WHY/3866568461228612-WHY.v17.npz,train,WHY,0.6875,0.0,0.6875,0.0,0.0,1.0,0.7164069414138794,0.262451171875,0.6785714285714286,0.24050632911392406
train/WHY/41986547104124017-WHY.v17.npz,train,WHY,0.875,0.1875,0.875,0.1875,1.0,1.0,0.7083566784858704,0.291015625,0.8974358974358975,0.4605263157894737
train/WHY/48459131285186974-WHY.v17.npz,train,WHY,0.84375,0.0625,0.78125,0.0,1.0,1.0,0.7386246919631958,0.08447265625,0.8076923076923077,0.35
train/WHY/5236898172561582-WHY.v17.npz,train,WHY,0.84375,0.03125,0.8125,0.0,1.0,1.0,0.7845234274864197,0.3701171875,0.8333333333333334,0.5555555555555556
train/WHY/7317136659517625-WHY.v17.npz,train,WHY,0.875,0.875,0.0625,0.0625,1.0,1.0,0.7140884399414062,0.083740234375,0.8518518518518519,0.41818181818181815
train/WHY/7885296477376487-WHY.v17.npz,train,WHY,0.875,0.875,0.125,0.125,1.0,1.0,0.728791356086731,0.1424560546875,0.8604651162790697,0.5362318840579711
train/WHY/8351529407222296-WHY.v17.npz,train,WHY,0.875,0.0,0.875,0.0,0.0,1.0,0.8257180452346802,0.1290283203125,0.8571428571428571,0.42105263157894735
train/WHY/9579391541087037-WHY.v17.npz,train,WHY,0.875,0.03125,0.875,0.03125,1.0,1.0,0.7978502511978149,0.1500244140625,0.84,0.4666666666666667
train/WOMAN/020744311307733465-WOMAN.v17.npz,train,WOMAN,0.875,0.03125,0.84375,0.0,1.0,1.0,0.7333823442459106,0.0784912109375,0.8620689655172413,0.3333333333333333
train/WOMAN/0638032411056142-WOMAN.v17.npz,train,WOMAN,0.4375,0.03125,0.40625,0.0,1.0,1.0,0.699280321598053,0.407958984375,0.43478260869565216,0.13513513513513514
train/WOMAN/2667614119527071-WOMAN.v17.npz,train,WOMAN,0.8125,0.0625,0.75,0.0,1.0,1.0,0.7344056963920593,0.1610107421875,0.6842105263157895,0.3023255813953488
train/WOMAN/4461487552265522-WOMAN.v17.npz,train,WOMAN,0.875,0.875,0.0625,0.0625,1.0,1.0,0.7432746887207031,0.0943603515625,0.9024390243902439,0.47435897435897434
train/WOMAN/4850200936266942-WOMAN.v17.npz,train,WOMAN,0.875,0.0,0.875,0.0,0.0,1.0,0.7386142611503601,0.142822265625,0.8837209302325582,0.4367816091954023
train/WOMAN/49774203842232456-WOMAN.v17.npz,train,WOMAN,0.5,0.0625,0.4375,0.0,1.0,1.0,0.6375109553337097,0.0750732421875,0.47619047619047616,0.3125
train/WOMAN/5103197530403352-WOMAN.v17.npz,train,WOMAN,0.875,0.0,0.875,0.0,0.0,1.0,0.7895898818969727,0.096435546875,0.8518518518518519,0.46
train/WOMAN/5717207497905181-WOMAN.v17.npz,train,WOMAN,0.875,0.84375,0.03125,0.0,1.0,1.0,0.7407957911491394,0.116455078125,0.8275862068965517,0.2891566265060241
train/WOMAN/6746849097856722-seedWOMAN.v17.npz,train,WOMAN,0.875,0.0,0.875,0.0,0.0,1.0,0.762234628200531,0.119873046875,0.8461538461538461,0.22916666666666666
train/WOMAN/7949225599155112-WOMAN.v17.npz,train,WOMAN,0.875,0.09375,0.875,0.09375,1.0,1.0,0.7841095924377441,0.100341796875,0.8518518518518519,0.5
train/WOMAN/9124827144973455-WOMAN.v17.npz,train,WOMAN,0.875,0.0,0.875,0.0,0.0,1.0,0.7390744686126709,0.0848388671875,0.8947368421052632,0.3541666666666667
train/WOMAN/9445390940586698-WOMAN.v17.npz,train,WOMAN,0.875,0.0,0.875,0.0,0.0,1.0,0.7762470245361328,0.155517578125,0.8709677419354839,0.4090909090909091
train/WOMAN/9487367814629044-WOMAN.v17.npz,train,WOMAN,0.8125,0.0,0.8125,0.0,0.0,1.0,0.7637072801589966,0.1688232421875,0.7916666666666666,0.2753623188405797
train/WOMAN/9506820483257186-WOMAN.v17.npz,train,WOMAN,0.8125,0.03125,0.78125,0.0,1.0,1.0,0.7437494993209839,0.0885009765625,0.8181818181818182,0.3829787234042553
train/WORK/03669973155553041-WORK.v17.npz,train,WORK,0.6875,0.59375,0.65625,0.5625,1.0,1.0,0.7990186810493469,0.11376953125,0.7058823529411765,0.5
train/WORK/0566177886642838-WORK.v17.npz,train,WORK,0.8125,0.8125,0.625,0.625,1.0,1.0,0.8031955361366272,0.115478515625,0.7222222222222222,0.34210526315789475
train/WORK/05870571522457291-WORK.v17.npz,train,WORK,0.78125,0.78125,0.375,0.375,1.0,1.0,0.7905202507972717,0.09130859375,0.7794117647058824,0.7066666666666667
train/WORK/06132878384310203-WORK.v17.npz,train,WORK,0.90625,0.53125,0.90625,0.53125,1.0,1.0,0.7755897641181946,0.0823974609375,0.8552631578947368,0.7222222222222222
train/WORK/06423831579431782-WORK.v17.npz,train,WORK,0.875,0.78125,0.875,0.78125,1.0,1.0,0.8242781758308411,0.0775146484375,0.8666666666666667,0.5064935064935064
train/WORK/19579370378442884-WORK.v17.npz,train,WORK,0.875,0.875,0.84375,0.84375,1.0,1.0,0.8344937562942505,0.2491455078125,0.9024390243902439,0.43023255813953487
train/WORK/27424831505579994-WORK.v17.npz,train,WORK,0.8125,0.8125,0.625,0.625,1.0,1.0,0.824603259563446,0.1368408203125,0.8095238095238095,0.3469387755102041
train/WORK/30686159780357336-WORK.v17.npz,train,WORK,0.875,0.75,0.875,0.75,1.0,1.0,0.8343262076377869,0.1204833984375,0.8709677419354839,0.54
train/WORK/3835017675141623-WORK.v17.npz,train,WORK,0.875,0.0,0.875,0.0,0.0,1.0,0.8039427995681763,0.08935546875,0.875,0.5490196078431373
train/WORK/40443988565760036-seedWORK.v17.npz,train,WORK,0.96875,0.96875,0.34375,0.34375,1.0,1.0,0.7954962849617004,0.0872802734375,0.9642857142857143,0.84375
train/WORK/4444176110924285-WORK.v17.npz,train,WORK,0.875,0.0,0.875,0.0,0.0,1.0,0.7845717072486877,0.076416015625,0.8787878787878788,0.5178571428571429
train/WORK/6276749691211894-WORK.v17.npz,train,WORK,0.875,0.65625,0.84375,0.625,1.0,1.0,0.8445459008216858,0.1058349609375,0.8888888888888888,0.4266666666666667
train/WORK/6287775786430216-WORK.v17.npz,train,WORK,0.875,0.5625,0.875,0.5625,1.0,1.0,0.8260349035263062,0.103271484375,0.9,0.4864864864864865
train/WORK/6581185847498976-WORK.v17.npz,train,WORK,0.875,0.25,0.875,0.25,1.0,1.0,0.7907641530036926,0.078857421875,0.9024390243902439,0.4625
train/WRITE/0940927928215547-WRITE.v17.npz,train,WRITE,0.875,0.75,0.84375,0.71875,1.0,1.0,0.7938260436058044,0.1712646484375,0.9090909090909091,0.5
train/WRITE/1508156580679143-WRITE.v17.npz,train,WRITE,0.875,0.875,0.78125,0.78125,1.0,1.0,0.8250737190246582,0.0841064453125,0.8936170212765957,0.6885245901639344
train/WRITE/16452616343668436-WRITE.v17.npz,train,WRITE,0.875,0.71875,0.78125,0.625,1.0,1.0,0.8750526309013367,0.4775390625,0.8974358974358975,0.5833333333333334
train/WRITE/19978233231036002-WRITE.v17.npz,train,WRITE,0.9375,0.9375,0.875,0.875,1.0,1.0,0.8043485283851624,0.0753173828125,0.9166666666666666,0.4731182795698925
train/WRITE/2570647676865354-WRITE.v17.npz,train,WRITE,0.875,0.875,0.75,0.75,1.0,1.0,0.8213135004043579,0.0797119140625,0.9130434782608695,0.525
train/WRITE/39100553497986446-WRITE.v17.npz,train,WRITE,0.9375,0.90625,0.6875,0.65625,1.0,1.0,0.768772542476654,0.0765380859375,0.8974358974358975,0.7291666666666666
train/WRITE/41981255125221795-WRITE.v17.npz,train,WRITE,0.8125,0.8125,0.75,0.75,1.0,1.0,0.7778140902519226,0.084716796875,0.8,0.35555555555555557
train/WRITE/4390289106690757-WRITE.v17.npz,train,WRITE,0.875,0.875,0.78125,0.78125,1.0,1.0,0.7086493372917175,0.09765625,0.8,0.4166666666666667
train/WRITE/49076375253453164-WRITE.v17.npz,train,WRITE,0.78125,0.78125,0.625,0.625,1.0,1.0,0.7700226902961731,0.093505859375,0.825,0.515625
train/WRITE/5450162845815001-seedWRITE.v17.npz,train,WRITE,0.875,0.875,0.875,0.875,1.0,1.0,0.842703640460968,0.1065673828125,0.9130434782608695,0.4375
train/WRITE/582860551991583-WRITE.v17.npz,train,WRITE,0.875,0.84375,0.875,0.84375,1.0,1.0,0.8580062985420227,0.1007080078125,0.8947368421052632,0.5151515151515151
train/WRITE/6080391494064927-WRITE.v17.npz,train,WRITE,0.8125,0.8125,0.625,0.625,1.0,1.0,0.821692168712616,0.1593017578125,0.8333333333333334,0.32786885245901637
train/WRITE/7241712002802467-WRITE.v17.npz,train,WRITE,0.875,0.71875,0.84375,0.6875,1.0,1.0,0.8540958762168884,0.0762939453125,0.8947368421052632,0.53125
train/WRITE/7326855771738956-WRITE.v17.npz,train,WRITE,0.875,0.875,0.8125,0.8125,1.0,1.0,0.8272159695625305,0.0927734375,0.9090909090909091,0.625
train/WRITE/7389026313346527-WRITE.v17.npz,train,WRITE,0.875,0.875,0.75,0.75,1.0,1.0,0.8137404918670654,0.0758056640625,0.9090909090909091,0.547945205479452
train/WRITE/9959384247496594-WRITE.v17.npz,train,WRITE,0.875,0.75,0.84375,0.71875,1.0,1.0,0.839379608631134,0.1219482421875,0.8787878787878788,0.5087719298245614
train/YEAR/028806526364878682-YEAR.v17.npz,train,YEAR,0.78125,0.5,0.65625,0.375,1.0,1.0,0.7612262964248657,0.078369140625,0.75,0.36585365853658536
train/YEAR/07206160521140825-YEAR.v17.npz,train,YEAR,0.875,0.6875,0.75,0.5625,1.0,1.0,0.8017771244049072,0.0924072265625,0.8888888888888888,0.5423728813559322
train/YEAR/0867127865649342-YEAR.v17.npz,train,YEAR,0.875,0.84375,0.6875,0.65625,1.0,1.0,0.8007335662841797,0.0750732421875,0.8947368421052632,0.3541666666666667
train/YEAR/2027477584552939-YEAR.v17.npz,train,YEAR,0.90625,0.875,0.75,0.71875,1.0,1.0,0.7844479084014893,0.18896484375,0.86,0.4479166666666667
train/YEAR/250579426738303-YEAR.v17.npz,train,YEAR,0.875,0.4375,0.875,0.4375,1.0,1.0,0.7632104158401489,0.1148681640625,0.875,0.44871794871794873
train/YEAR/3515165483430771-YEAR.v17.npz,train,YEAR,0.875,0.875,0.34375,0.34375,1.0,1.0,0.7944059371948242,0.077880859375,0.8484848484848485,0.417910447761194
train/YEAR/504864922087114-seedYEAR.v17.npz,train,YEAR,0.875,0.65625,0.875,0.65625,1.0,1.0,0.7868538498878479,0.1395263671875,0.8571428571428571,0.25
train/YEAR/5140062329277526-YEAR.v17.npz,train,YEAR,0.875,0.875,0.78125,0.78125,1.0,1.0,0.8081541657447815,0.2091064453125,0.8648648648648649,0.4444444444444444
train/YEAR/6542147977884243-YEAR.v17.npz,train,YEAR,0.875,0.8125,0.875,0.8125,1.0,1.0,0.7692894339561462,0.075439453125,0.8666666666666667,0.4642857142857143
train/YEAR/6963469295518416-YEAR.v17.npz,train,YEAR,0.6875,0.40625,0.53125,0.25,1.0,1.0,0.7649866938591003,0.5,0.6666666666666666,0.3225806451612903
train/YEAR/7945948304503736-YEAR.v17.npz,train,YEAR,0.84375,0.75,0.75,0.65625,1.0,1.0,0.7902415990829468,0.0902099609375,0.8387096774193549,0.4482758620689655
train/YEAR/8410349218008399-YEAR.v17.npz,train,YEAR,0.875,0.34375,0.875,0.34375,1.0,1.0,0.7960786819458008,0.0986328125,0.8571428571428571,0.47058823529411764
train/YEAR/9034293336756236-YEAR.v17.npz,train,YEAR,0.9375,0.75,0.6875,0.5,1.0,1.0,0.7895005345344543,0.0767822265625,0.8958333333333334,0.4479166666666667
train/YEAR/9417609246035323-YEAR.v17.npz,train,YEAR,0.8125,0.8125,0.65625,0.65625,1.0,1.0,0.7404226660728455,0.131591796875,0.7272727272727273,0.36363636363636365
train/YEAR/9770599529725736-YEAR.v17.npz,train,YEAR,0.875,0.78125,0.8125,0.71875,1.0,1.0,0.7769418358802795,0.09375,0.85,0.53125
train/YES/050364485120873326-YES.v17.npz,train,YES,0.59375,0.59375,0.0,0.0,1.0,0.0,0.7153860330581665,0.1051025390625,0.6111111111111112,0.22916666666666666
train/YES/15498675309554577-YES.v17.npz,train,YES,0.9375,0.0,0.9375,0.0,0.0,1.0,0.7292062044143677,0.138427734375,0.9047619047619048,0.8085106382978723
train/YES/1555998439795525-YES.v17.npz,train,YES,0.9375,0.9375,0.0,0.0,1.0,0.0,0.7501536011695862,0.086669921875,0.9166666666666666,0.5432098765432098
train/YES/15689453699180178-YES.v17.npz,train,YES,0.8125,0.03125,0.8125,0.03125,1.0,1.0,0.7626267671585083,0.1173095703125,0.8095238095238095,0.3617021276595745
train/YES/16728596536749274-YES.v17.npz,train,YES,0.875,0.0,0.875,0.0,0.0,1.0,0.834589421749115,0.1395263671875,0.8857142857142857,0.4246575342465753
train/YES/32941176670637984-YES.v17.npz,train,YES,0.875,0.03125,0.84375,0.0,1.0,1.0,0.8133835196495056,0.110595703125,0.8571428571428571,0.5217391304347826
train/YES/38970444942928073-YES.v17.npz,train,YES,0.875,0.0,0.875,0.0,0.0,1.0,0.7781450748443604,0.08642578125,0.8666666666666667,0.4642857142857143
train/YES/44146024789241256-YES.v17.npz,train,YES,0.875,0.0,0.875,0.0,0.0,1.0,0.7872987985610962,0.0927734375,0.8709677419354839,0.48214285714285715
train/YES/6358167662084229-seedYES.v17.npz,train,YES,0.875,0.125,0.875,0.125,1.0,1.0,0.7344985008239746,0.1116943359375,0.9,0.4090909090909091
train/YES/709429051156695-YES.v17.npz,train,YES,0.875,0.0,0.875,0.0,0.0,1.0,0.7662603855133057,0.0928955078125,0.9024390243902439,0.3978494623655914
train/YES/7199140986089654-YES.v17.npz,train,YES,0.875,0.0,0.875,0.0,0.0,1.0,0.7571402192115784,0.0869140625,0.8787878787878788,0.3670886075949367
train/YES/8699610978899361-YES.v17.npz,train,YES,0.875,0.0,0.875,0.0,0.0,1.0,0.7770729660987854,0.09326171875,0.8571428571428571,0.42105263157894735
train/YES/9009854854743657-YES.v17.npz,train,YES,0.875,0.1875,0.84375,0.15625,1.0,1.0,0.7500587105751038,0.079833984375,0.8787878787878788,0.4393939393939394
train/YES/9092689562509508-YES.v17.npz,train,YES,0.8125,0.0,0.8125,0.0,0.0,1.0,0.820743203163147,0.1434326171875,0.7894736842105263,0.3125
train/YES/9953610281521326-YES.v17.npz,train,YES,0.625,0.03125,0.625,0.03125,1.0,1.0,0.6663262844085693,0.0771484375,0.5609756097560976,0.4791666666666667
train/YESTERDAY/007361233568424552-YESTERDAY.v17.npz,train,YESTERDAY,0.71875,0.0625,0.6875,0.03125,1.0,1.0,0.7098496556282043,0.088134765625,0.7142857142857143,0.45454545454545453
train/YESTERDAY/04762206287810322-YESTERDAY.v17.npz,train,YESTERDAY,0.875,0.0625,0.84375,0.03125,1.0,1.0,0.7615233063697815,0.1649169921875,0.8709677419354839,0.36
train/YESTERDAY/22994787272783634-YESTERDAY.v17.npz,train,YESTERDAY,0.65625,0.28125,0.40625,0.03125,1.0,1.0,0.695618748664856,0.0924072265625,0.6,0.4375
train/YESTERDAY/24193734646812537-YESTERDAY.v17.npz,train,YESTERDAY,0.9375,0.9375,0.0,0.0,1.0,0.0,0.8136573433876038,0.10791015625,0.9534883720930233,0.6721311475409836
train/YESTERDAY/3147681618714515-YESTERDAY.v17.npz,train,YESTERDAY,0.875,0.0625,0.84375,0.03125,1.0,1.0,0.762610137462616,0.076904296875,0.8888888888888888,0.463768115942029
train/YESTERDAY/32422661024484234-seedYESTERDAY.v17.npz,train,YESTERDAY,0.8125,0.125,0.71875,0.03125,1.0,1.0,0.733882486820221,0.116455078125,0.8333333333333334,0.46875
train/YESTERDAY/3726273899955248-YESTERDAY.v17.npz,train,YESTERDAY,0.875,0.0,0.875,0.0,0.0,1.0,0.7828876376152039,0.104248046875,0.8857142857142857,0.3229166666666667
train/YESTERDAY/48759619499196427-YESTERDAY.v17.npz,train,YESTERDAY,0.875,0.1875,0.78125,0.09375,1.0,1.0,0.7077956199645996,0.0994873046875,0.8275862068965517,0.32432432432432434
train/YESTERDAY/5250104606145489-YESTERDAY.v17.npz,train,YESTERDAY,0.875,0.03125,0.875,0.03125,1.0,1.0,0.8163660168647766,0.255859375,0.8461538461538461,0.4489795918367347
train/YESTERDAY/5622664159943058-YESTERDAY.v17.npz,train,YESTERDAY,0.875,0.875,0.03125,0.03125,1.0,1.0,0.7947374582290649,0.0833740234375,0.8918918918918919,0.532258064516129
train/YESTERDAY/6798966757937068-YESTERDAY.v17.npz,train,YESTERDAY,0.875,0.03125,0.875,0.03125,1.0,1.0,0.7561841607093811,0.0831298828125,0.9069767441860465,0.42391304347826086
train/YESTERDAY/7815897175027569-YESTERDAY.v17.npz,train,YESTERDAY,0.875,0.0625,0.875,0.0625,1.0,1.0,0.7117681503295898,0.079833984375,0.8478260869565217,0.4105263157894737
train/YESTERDAY/8671480886168847-YESTERDAY.v17.npz,train,YESTERDAY,0.875,0.0,0.875,0.0,0.0,1.0,0.7983307242393494,0.0789794921875,0.8620689655172413,0.373134328358209
train/YESTERDAY/8990314041333538-YESTERDAY.v17.npz,train,YESTERDAY,0.875,0.0,0.875,0.0,0.0,1.0,0.7571002244949341,0.078369140625,0.8666666666666667,0.3058823529411765
train/YESTERDAY/9746509820351381-YESTERDAY.v17.npz,train,YESTERDAY,0.875,0.03125,0.84375,0.0,1.0,1.0,0.8310673236846924,0.254638671875,0.875,0.345679012345679
train/YESTERDAY/9862201336212995-YESTERDAY.v17.npz,train,YESTERDAY,0.9375,0.03125,0.9375,0.03125,1.0,1.0,0.7414196133613586,0.0792236328125,0.9166666666666666,0.6567164179104478
train/YOU/08882787638193945-YOU.v17.npz,train,YOU,0.8125,0.03125,0.8125,0.03125,1.0,1.0,0.7296624779701233,0.08203125,0.7894736842105263,0.21739130434782608
train/YOU/14637905185166056-YOU.v17.npz,train,YOU,0.875,0.0,0.875,0.0,0.0,1.0,0.7873359322547913,0.082275390625,0.9,0.4044943820224719
train/YOU/15737752814991346-YOU.v17.npz,train,YOU,0.875,0.125,0.8125,0.0625,1.0,1.0,0.7764320373535156,0.0909423828125,0.84,0.3442622950819672
train/YOU/17987836792170242-YOU.v17.npz,train,YOU,0.8125,0.125,0.6875,0.0,1.0,1.0,0.6814314723014832,0.17822265625,0.7647058823529411,0.3333333333333333
train/YOU/24903533651693976-seedYOU.v17.npz,train,YOU,0.8125,0.0,0.8125,0.0,0.0,1.0,0.7479623556137085,0.102783203125,0.7058823529411765,0.125
train/YOU/2775935043696396-YOU.v17.npz,train,YOU,0.875,0.15625,0.75,0.03125,1.0,1.0,0.721247136592865,0.0904541015625,0.8518518518518519,0.3898305084745763
train/YOU/3273120364218567-YOU.v17.npz,train,YOU,0.8125,0.03125,0.8125,0.03125,1.0,1.0,0.8899955153465271,0.5,0.8260869565217391,0.4523809523809524
train/YOU/5547769757240029-YOU.v17.npz,train,YOU,0.875,0.03125,0.875,0.03125,1.0,1.0,0.8081603050231934,0.491455078125,0.8648648648648649,0.47058823529411764
train/YOU/6298308396800849-YOU.v17.npz,train,YOU,0.75,0.125,0.625,0.0,1.0,1.0,0.7670679092407227,0.103515625,0.75,0.27906976744186046
train/YOU/6515372118413638-YOU.v17.npz,train,YOU,0.875,0.875,0.0,0.0,1.0,0.0,0.8118764758110046,0.0849609375,0.8709677419354839,0.4576271186440678
train/YOU/677386009297865-YOU.v17.npz,train,YOU,0.875,0.1875,0.78125,0.09375,1.0,1.0,0.7273292541503906,0.0792236328125,0.8181818181818182,0.38028169014084506
train/YOU/7590157290604365-YOU.v17.npz,train,YOU,0.875,0.875,0.0625,0.0625,1.0,1.0,0.7632216811180115,0.082275390625,0.8888888888888888,0.5128205128205128
train/YOU/7807683495721192-YOU.v17.npz,train,YOU,0.8125,0.03125,0.78125,0.0,1.0,1.0,0.7543192505836487,0.1546630859375,0.8148148148148148,0.25287356321839083
train/YOU/7924736335453846-YOU.v17.npz,train,YOU,0.59375,0.0,0.59375,0.0,0.0,1.0,0.6909894943237305,0.181884765625,0.5384615384615384,0.2916666666666667
train/YOU/9739021665350334-YOU.v17.npz,train,YOU,0.5,0.0625,0.4375,0.0,1.0,1.0,0.6761325001716614,0.076904296875,0.48214285714285715,0.28125
train/YOUR/1178260244339504-YOUR.v17.npz,train,YOUR,0.8125,0.03125,0.78125,0.0,1.0,1.0,0.7663999795913696,0.1363525390625,0.8260869565217391,0.4523809523809524
train/YOUR/19561663745070268-YOUR.v17.npz,train,YOUR,0.875,0.03125,0.84375,0.0,1.0,1.0,0.7288080453872681,0.0758056640625,0.8518518518518519,0.4339622641509434
train/YOUR/19741660770603775-YOUR.v17.npz,train,YOUR,0.875,0.8125,0.0625,0.0,1.0,1.0,0.7188153266906738,0.1119384765625,0.8461538461538461,0.532258064516129
train/YOUR/3028554929015699-YOUR.v17.npz,train,YOUR,0.875,0.84375,0.21875,0.1875,1.0,1.0,0.585426926612854,0.0775146484375,0.8947368421052632,0.39080459770114945
train/YOUR/37150818596578294-YOUR.v17.npz,train,YOUR,0.8125,0.0,0.8125,0.0,0.0,1.0,0.7924118638038635,0.092041015625,0.8333333333333334,0.25
train/YOUR/3909320209952225-YOUR.v17.npz,train,YOUR,0.875,0.03125,0.84375,0.0,1.0,1.0,0.7500744462013245,0.16064453125,0.8666666666666667,0.2708333333333333
train/YOUR/4175719914055973-YOUR.v17.npz,train,YOUR,0.875,0.84375,0.03125,0.0,1.0,1.0,0.7893064022064209,0.093994140625,0.8974358974358975,0.4605263157894737
train/YOUR/6252762428426335-YOUR.v17.npz,train,YOUR,0.875,0.03125,0.875,0.03125,1.0,1.0,0.7581198811531067,0.1444091796875,0.8620689655172413,0.36764705882352944
train/YOUR/69094637897625-YOUR.v17.npz,train,YOUR,0.875,0.03125,0.84375,0.0,1.0,1.0,0.6992964148521423,0.075439453125,0.8536585365853658,0.47297297297297297
train/YOUR/7290227249431431-YOUR.v17.npz,train,YOUR,0.53125,0.125,0.40625,0.0,1.0,1.0,0.6863563656806946,0.0777587890625,0.49230769230769234,0.3333333333333333
train/YOUR/7652691083354926-YOUR.v17.npz,train,YOUR,0.875,0.15625,0.8125,0.09375,1.0,1.0,0.7178950905799866,0.1827392578125,0.8823529411764706,0.3125
train/YOUR/7663640970446304-seedYOUR.v17.npz,train,YOUR,0.8125,0.0625,0.78125,0.03125,1.0,1.0,0.7508042454719543,0.1014404296875,0.8333333333333334,0.20833333333333334
train/YOUR/8007476360665744-YOUR.v17.npz,train,YOUR,0.75,0.125,0.6875,0.0625,1.0,1.0,0.7308513522148132,0.078857421875,0.7333333333333333,0.24444444444444444
train/YOUR/8082218522582074-YOUR.v17.npz,train,YOUR,0.8125,0.0625,0.75,0.0,1.0,1.0,0.7583979964256287,0.12255859375,0.7647058823529411,0.325
train/YOUR/8911482652584646-YOUR.v17.npz,train,YOUR,0.875,0.3125,0.6875,0.125,1.0,1.0,0.6855450868606567,0.091064453125,0.84,0.35
train/YOUR/9151466310951184-YOUR.v17.npz,train,YOUR,0.875,0.0625,0.8125,0.0,1.0,1.0,0.7641237378120422,0.0787353515625,0.84,0.4883720930232558
val/ANGRY/48220722485733747-ANGRY.v17.npz,val,ANGRY,0.875,0.875,0.875,0.875,1.0,1.0,0.8252434730529785,0.336669921875,0.9,0.375
val/ANGRY/776837683707674-ANGRY.v17.npz,val,ANGRY,0.8125,0.78125,0.8125,0.78125,1.0,1.0,0.8168824315071106,0.0897216796875,0.8260869565217391,0.3877551020408163
val/ANGRY/9167479595954919-ANGRY.v17.npz,val,ANGRY,0.875,0.71875,0.875,0.71875,1.0,1.0,0.8256193995475769,0.076904296875,0.8571428571428571,0.3125
val/ANSWER/17262273091142677-ANSWER.v17.npz,val,ANSWER,0.875,0.75,0.875,0.75,1.0,1.0,0.7895637154579163,0.0758056640625,0.9024390243902439,0.3854166666666667
val/ANSWER/3079689898404949-ANSWER.v17.npz,val,ANSWER,0.875,0.65625,0.875,0.65625,1.0,1.0,0.8136546015739441,0.12359619140625,0.8666666666666667,0.49056603773584906
val/ANSWER/7920606155423167-ANSWER.v17.npz,val,ANSWER,0.875,0.8125,0.875,0.8125,1.0,1.0,0.8613600134849548,0.0880126953125,0.8518518518518519,0.45098039215686275
val/ASK/0773952609683628-ASK.v17.npz,val,ASK,0.8125,0.0,0.8125,0.0,0.0,1.0,0.7959478497505188,0.1961669921875,0.8260869565217391,0.19791666666666666
val/ASK/2490150449515618-ASK.v17.npz,val,ASK,0.875,0.875,0.0625,0.0625,1.0,1.0,0.7563197016716003,0.0789794921875,0.8518518518518519,0.48936170212765956
val/ASK/6370702900476413-ASK.v17.npz,val,ASK,0.875,0.875,0.0,0.0,1.0,0.0,0.7731116414070129,0.0950927734375,0.8709677419354839,0.574468085106383
val/ASK/7016774114845865-ASK.v17.npz,val,ASK,0.8125,0.0,0.8125,0.0,0.0,1.0,0.8151401281356812,0.125732421875,0.8181818181818182,0.35294117647058826
val/BAD/019466731254031755-BAD.v17.npz,val,BAD,0.875,0.65625,0.28125,0.0625,1.0,1.0,0.6947525143623352,0.12030029296875,0.8666666666666667,0.5306122448979592
val/BAD/06939945586940688-BAD.v17.npz,val,BAD,0.84375,0.3125,0.84375,0.3125,1.0,1.0,0.7579671740531921,0.086669921875,0.8636363636363636,0.7916666666666666
val/BAD/25163871214803346-BAD.v17.npz,val,BAD,0.875,0.84375,0.125,0.09375,1.0,1.0,0.7550361752510071,0.167236328125,0.8571428571428571,0.3125
val/BAD/7628262965013866-BAD.v17.npz,val,BAD,0.8125,0.34375,0.8125,0.34375,1.0,1.0,0.7044951319694519,0.347412109375,0.7727272727272727,0.25
val/BIG/06196342319478165-BIG.v17.npz,val,BIG,0.875,0.78125,0.875,0.78125,1.0,1.0,0.8025780320167542,0.081787109375,0.8888888888888888,0.3333333333333333
val/BIG/38002628149786877-BIG.v17.npz,val,BIG,0.875,0.84375,0.875,0.84375,1.0,1.0,0.8336275815963745,0.39794921875,0.8787878787878788,0.47540983606557374
val/BIG/4225579791217846-BIG.v17.npz,val,BIG,0.875,0.875,0.75,0.75,1.0,1.0,0.8737053871154785,0.13818359375,0.8571428571428571,0.47058823529411764
val/BIG/5329041608568317-BIG.v17.npz,val,BIG,0.875,0.8125,0.875,0.8125,1.0,1.0,0.8688282370567322,0.5,0.8709677419354839,0.47368421052631576
val/CHILD/08822684142689163-CHILD.v17.npz,val,CHILD,0.65625,0.0,0.65625,0.0,0.0,1.0,0.7958818674087524,0.1837158203125,0.6888888888888889,0.3229166666666667
val/CHILD/10387412267108864-CHILD.v17.npz,val,CHILD,0.875,0.125,0.875,0.125,1.0,1.0,0.7737892866134644,0.11956787109375,0.8913043478260869,0.4939759036144578
val/CHILD/3255004854514185-CHILD.v17.npz,val,CHILD,0.9375,0.0625,0.875,0.0,1.0,1.0,0.7710995078086853,0.183837890625,0.9166666666666666,0.4583333333333333
val/CHILD/5204755360986577-CHILD.v17.npz,val,CHILD,0.875,0.875,0.0,0.0,1.0,0.0,0.7616056203842163,0.0797119140625,0.8888888888888888,0.64
val/CHILD/6777361164611742-CHILD.v17.npz,val,CHILD,0.875,0.0,0.875,0.0,0.0,1.0,0.7918332815170288,0.11920166015625,0.8888888888888888,0.5079365079365079
val/COLD/01776429634261567-COLD.v17.npz,val,COLD,0.875,0.875,0.71875,0.71875,1.0,1.0,0.8011925220489502,0.0938720703125,0.8611111111111112,0.5636363636363636
val/COLD/39072948576699607-COLD.v17.npz,val,COLD,0.46875,0.40625,0.40625,0.34375,1.0,1.0,0.7279636263847351,0.0782470703125,0.41509433962264153,0.22916666666666666
val/COLD/40129207099438835-COLD.v17.npz,val,COLD,0.875,0.875,0.4375,0.4375,1.0,1.0,0.8152539730072021,0.0999755859375,0.8461538461538461,0.22916666666666666
val/COLD/9548473001181963-COLD.v17.npz,val,COLD,0.875,0.71875,0.8125,0.65625,1.0,1.0,0.8161161541938782,0.075439453125,0.8947368421052632,0.5483870967741935
val/COME/2294900578606751-COME.v17.npz,val,COME,0.875,0.09375,0.84375,0.0625,1.0,1.0,0.7304974794387817,0.2264404296875,0.8148148148148148,0.4074074074074074
val/COME/24064885357062593-COME.v17.npz,val,COME,0.59375,0.0625,0.53125,0.0,1.0,1.0,0.6596842408180237,0.1092529296875,0.5555555555555556,0.15151515151515152
val/COME/6809556328325521-COME.v17.npz,val,COME,0.875,0.125,0.75,0.0,1.0,1.0,0.7206307053565979,0.0784912109375,0.8285714285714286,0.3020833333333333
val/DAY/5403047656647011-DAY.v17.npz,val,DAY,0.875,0.4375,0.875,0.4375,1.0,1.0,0.6976625323295593,0.10125732421875,0.8863636363636364,0.48148148148148145
val/DAY/5574672951229453-DAY.v17.npz,val,DAY,0.875,0.40625,0.75,0.28125,1.0,1.0,0.8019214868545532,0.0927734375,0.8857142857142857,0.4696969696969697
val/DAY/5659674619021058-DAY.v17.npz,val,DAY,0.875,0.5625,0.875,0.5625,1.0,1.0,0.7948458790779114,0.1180419921875,0.8857142857142857,0.3229166666666667
val/DIFFERENT/29362372732601183-DIFFERENT.v17.npz,val,DIFFERENT,0.875,0.625,0.875,0.625,1.0,1.0,0.8112830519676208,0.0775146484375,0.9047619047619048,0.3958333333333333
val/DIFFERENT/30003131123863214-DIFFERENT.v17.npz,val,DIFFERENT,0.875,0.75,0.78125,0.65625,1.0,1.0,0.8356733918190002,0.127197265625,0.8666666666666667,0.4482758620689655
val/DIFFERENT/5393449489540558-DIFFERENT.v17.npz,val,DIFFERENT,0.875,0.78125,0.875,0.78125,1.0,1.0,0.8348165154457092,0.0792236328125,0.8888888888888888,0.5614035087719298
val/DIFFERENT/93903419165998-DIFFERENT.v17.npz,val,DIFFERENT,0.875,0.875,0.65625,0.65625,1.0,1.0,0.8119842410087585,0.08447265625,0.8571428571428571,0.5106382978723404
val/DOCTOR/06221413057811631-DOCTOR.v17.npz,val,DOCTOR,0.875,0.65625,0.875,0.65625,1.0,1.0,0.7942432165145874,0.090576171875,0.8888888888888888,0.3333333333333333
val/DOCTOR/5829570199823455-DOCTOR.v17.npz,val,DOCTOR,0.875,0.25,0.8125,0.1875,1.0,1.0,0.8105342388153076,0.265625,0.8285714285714286,0.5370370370370371
val/DOCTOR/6906126485234503-DOCTOR.v17.npz,val,DOCTOR,0.875,0.78125,0.8125,0.71875,1.0,1.0,0.7503186464309692,0.27880859375,0.84375,0.39705882352941174
val/DOCTOR/830706580516783-DOCTOR.v17.npz,val,DOCTOR,0.875,0.875,0.84375,0.84375,1.0,1.0,0.7614342570304871,0.078857421875,0.8947368421052632,0.3541666666666667
val/DRINK/37918472044314444-DRINK.v17.npz,val,DRINK,0.8125,0.03125,0.8125,0.03125,1.0,1.0,0.8042557239532471,0.1751708984375,0.8181818181818182,0.35294117647058826
val/DRINK/7071450710791192-DRINK.v17.npz,val,DRINK,0.875,0.875,0.0,0.0,1.0,0.0,0.7953425645828247,0.1527099609375,0.8461538461538461,0.46808510638297873
val/DRINK/7313509467149351-DRINK.v17.npz,val,DRINK,0.875,0.0625,0.875,0.0625,1.0,1.0,0.7930141091346741,0.10113525390625,0.8611111111111112,0.3229166666666667
val/DRINK/8038145060553852-DRINK.v17.npz,val,DRINK,0.875,0.875,0.0,0.0,1.0,0.0,0.7289827466011047,0.0755615234375,0.8333333333333334,0.5555555555555556
val/EASY/38489622716415495-EASY.v17.npz,val,EASY,0.875,0.875,0.6875,0.6875,1.0,1.0,0.8223891258239746,0.082763671875,0.9,0.375
val/EASY/5784034175717614-EASY.v17.npz,val,EASY,0.875,0.875,0.8125,0.8125,1.0,1.0,0.8522072434425354,0.134033203125,0.8888888888888888,0.5517241379310345
val/EASY/6277946208350784-EASY.v17.npz,val,EASY,0.875,0.875,0.875,0.875,1.0,1.0,0.8301825523376465,0.077392578125,0.9111111111111111,0.5394736842105263
val/EAT/009883456113471967-EAT.v17.npz,val,EAT,0.8125,0.0,0.8125,0.0,0.0,1.0,0.8146471977233887,0.5,0.8095238095238095,0.17708333333333334
val/EAT/0392835216734122-EAT.v17.npz,val,EAT,0.875,0.84375,0.03125,0.0,1.0,1.0,0.7554523944854736,0.1165771484375,0.8518518518518519,0.4339622641509434
val/EAT/744008724339543-EAT.v17.npz,val,EAT,0.875,0.875,0.0,0.0,1.0,0.0,0.7896219491958618,0.085693359375,0.8857142857142857,0.41333333333333333
val/EAT/8779902440064791-EAT.v17.npz,val,EAT,0.875,0.09375,0.875,0.09375,1.0,1.0,0.8044788837432861,0.16015625,0.8787878787878788,0.4084507042253521
val/EXCITED/007173821718143403-EXCITED.v17.npz,val,EXCITED,0.9375,0.625,0.71875,0.40625,1.0,1.0,0.7270360589027405,0.09912109375,0.9122807017543859,0.65
val/EXCITED/02778780757941446-EXCITED.v17.npz,val,EXCITED,0.875,0.71875,0.875,0.71875,1.0,1.0,0.839239239692688,0.079833984375,0.8837209302325582,0.5757575757575758
val/EXCITED/06119477404825924-EXCITED.v17.npz,val,EXCITED,0.875,0.65625,0.875,0.65625,1.0,1.0,0.8378087878227234,0.1053466796875,0.8571428571428571,0.25
val/EXCITED/5624544493951695-EXCITED.v17.npz,val,EXCITED,0.875,0.84375,0.78125,0.75,1.0,1.0,0.8248628377914429,0.076904296875,0.8918918918918919,0.4125
val/EXCITED/649470740341924-EXCITED.v17.npz,val,EXCITED,0.9375,0.9375,0.71875,0.71875,1.0,1.0,0.8348501324653625,0.18994140625,0.8846153846153846,0.5476190476190477
val/FAMILY/16004917375203398-FAMILY.v17.npz,val,FAMILY,0.875,0.78125,0.875,0.78125,1.0,1.0,0.8345232009887695,0.091552734375,0.9024390243902439,0.5873015873015873
val/FAMILY/7397889710801269-FAMILY.v17.npz,val,FAMILY,0.875,0.875,0.875,0.875,1.0,1.0,0.8227565884590149,0.14697265625,0.9069767441860465,0.46987951807228917
val/FAMILY/9733795834896177-FAMILY.v17.npz,val,FAMILY,0.875,0.78125,0.875,0.78125,1.0,1.0,0.8263619542121887,0.091796875,0.8918918918918919,0.34375
val/FATHER/7154896998335438-FATHER.v17.npz,val,FATHER,0.875,0.0625,0.875,0.0625,1.0,1.0,0.7247413396835327,0.085693359375,0.825,0.34375
val/FATHER/9035254231738448-FATHER.v17.npz,val,FATHER,0.875,0.875,0.09375,0.09375,1.0,1.0,0.7692546248435974,0.142333984375,0.8529411764705882,0.5471698113207547
val/FATHER/9713909110606633-FATHER.v17.npz,val,FATHER,0.875,0.0625,0.875,0.0625,1.0,1.0,0.7833889722824097,0.5,0.8518518518518519,0.27710843373493976
val/FEEL/21149948102918104-FEEL.v17.npz,val,FEEL,0.875,0.875,0.0,0.0,1.0,0.0,0.7458192110061646,0.08447265625,0.8974358974358975,0.49295774647887325
val/FEEL/5585892672610979-FEEL.v17.npz,val,FEEL,0.875,0.0,0.875,0.0,0.0,1.0,0.7721226811408997,0.079345703125,0.8918918918918919,0.4342105263157895
val/FEEL/7477453605531588-FEEL.v17.npz,val,FEEL,0.875,0.875,0.0625,0.0625,1.0,1.0,0.7155752182006836,0.0838623046875,0.8888888888888888,0.6153846153846154
val/FEEL/9861411419156798-FEEL.v17.npz,val,FEEL,0.875,0.0,0.875,0.0,0.0,1.0,0.7413445711135864,0.1387939453125,0.8888888888888888,0.3333333333333333
val/FIND/5240887216596288-FIND.v17.npz,val,FIND,0.71875,0.71875,0.0,0.0,1.0,0.0,0.7094429135322571,0.109130859375,0.6896551724137931,0.35714285714285715
val/FIND/7686495998498704-FIND.v17.npz,val,FIND,0.875,0.0,0.875,0.0,0.0,1.0,0.7570363879203796,0.177490234375,0.7948717948717948,0.3229166666666667
val/FIND/8852468091800154-FIND.v17.npz,val,FIND,0.875,0.125,0.875,0.125,1.0,1.0,0.6821225881576538,0.130859375,0.76,0.36538461538461536
val/FIND/9952746480983969-FIND.v17.npz,val,FIND,0.875,0.875,0.09375,0.09375,1.0,1.0,0.7719113826751709,0.1405029296875,0.8529411764705882,0.6304347826086957
val/FRIEND/05163066213189427-FRIEND.v17.npz,val,FRIEND,0.875,0.6875,0.875,0.6875,1.0,1.0,0.8563312888145447,0.138916015625,0.8947368421052632,0.44155844155844154
val/FRIEND/29341979023390885-FRIEND.v17.npz,val,FRIEND,0.875,0.875,0.84375,0.84375,1.0,1.0,0.8154680132865906,0.08740234375,0.8809523809523809,0.3854166666666667
val/FRIEND/6298947790810541-FRIEND.v17.npz,val,FRIEND,0.875,0.84375,0.875,0.84375,1.0,1.0,0.8677598237991333,0.2325439453125,0.9,0.4864864864864865
val/GIVE/2867662506233086-GIVE.v17.npz,val,GIVE,0.65625,0.0,0.65625,0.0,0.0,1.0,0.7874889373779297,0.2120361328125,0.6470588235294118,0.27848101265822783
val/GIVE/8255103409999225-GIVE.v17.npz,val,GIVE,0.75,0.0625,0.75,0.0625,1.0,1.0,0.8210404515266418,0.08026123046875,0.75,0.20689655172413793
val/GIVE/8287819563463323-GIVE.v17.npz,val,GIVE,0.75,0.125,0.6875,0.0625,1.0,1.0,0.6887096762657166,0.157958984375,0.625,0.10416666666666667
val/GIVE/8308912697239315-GIVE.v17.npz,val,GIVE,0.875,0.875,0.25,0.25,1.0,1.0,0.7278614044189453,0.1163330078125,0.8666666666666667,0.5306122448979592
val/GO/3702604002311216-GO.v17.npz,val,GO,0.875,0.21875,0.875,0.21875,1.0,1.0,0.7790487408638,0.0775146484375,0.9148936170212766,0.4479166666666667
val/GO/5587884729767747-GO.v17.npz,val,GO,0.875,0.3125,0.875,0.3125,1.0,1.0,0.8500245809555054,0.5,0.8823529411764706,0.5
val/GO/6721385997956766-GO.v17.npz,val,GO,0.875,0.78125,0.78125,0.6875,1.0,1.0,0.8897187113761902,0.386962890625,0.8518518518518519,0.48936170212765956
val/GOOD/25290749191933815-GOOD.v17.npz,val,GOOD,0.875,0.09375,0.84375,0.0625,1.0,1.0,0.7586331367492676,0.316650390625,0.8518518518518519,0.39655172413793105
val/GOOD/4843579408025589-GOOD.v17.npz,val,GOOD,0.75,0.25,0.5,0.0,1.0,1.0,0.7453099489212036,0.11376953125,0.6984126984126984,0.4583333333333333
val/GOOD/7791424980867376-GOOD.v17.npz,val,GOOD,0.875,0.875,0.0,0.0,1.0,0.0,0.7551465630531311,0.0789794921875,0.8709677419354839,0.5094339622641509
val/GOOD/8618976665727696-GOOD.v17.npz,val,GOOD,0.875,0.875,0.0,0.0,1.0,0.0,0.7249935865402222,0.088134765625,0.8461538461538461,0.34375
val/GOODBYE/2889010159260097-BYE.v17.npz,val,GOODBYE,0.8125,0.1875,0.71875,0.09375,1.0,1.0,0.8444441556930542,0.4208984375,0.8181818181818182,0.391304347826087
val/GOODBYE/8779944008396092-BYE.v17.npz,val,GOODBYE,0.8125,0.8125,0.0,0.0,1.0,0.0,0.748234212398529,0.08447265625,0.7391304347826086,0.37777777777777777
val/GOODBYE/9710569622157019-BYE.v17.npz,val,GOODBYE,0.875,0.03125,0.875,0.03125,1.0,1.0,0.7742300033569336,0.0919189453125,0.8888888888888888,0.3333333333333333
val/HAPPY/07732970042675213-HAPPY.v17.npz,val,HAPPY,0.875,0.875,0.0,0.0,1.0,0.0,0.7879891991615295,0.095703125,0.8787878787878788,0.6304347826086957
val/HAPPY/09691552256972735-HAPPY.v17.npz,val,HAPPY,0.875,0.875,0.0,0.0,1.0,0.0,0.7500003576278687,0.093994140625,0.9090909090909091,0.4166666666666667
val/HAPPY/3698632660671215-HAPPY.v17.npz,val,HAPPY,0.5,0.03125,0.5,0.03125,1.0,1.0,0.61238694190979,0.0755615234375,0.45098039215686275,0.23958333333333334
val/HAPPY/6098755056170255-HAPPY.v17.npz,val,HAPPY,0.875,0.03125,0.875,0.03125,1.0,1.0,0.7343654632568359,0.420166015625,0.9024390243902439,0.44047619047619047
val/HAVE/24752713514497837-HAVE.v17.npz,val,HAVE,0.875,0.78125,0.875,0.78125,1.0,1.0,0.827663242816925,0.11328125,0.8518518518518519,0.42592592592592593
val/HAVE/34434859291457975-HAVE.v17.npz,val,HAVE,0.875,0.84375,0.84375,0.8125,1.0,1.0,0.8612205982208252,0.080078125,0.875,0.49122807017543857
val/HAVE/3970565843655667-HAVE.v17.npz,val,HAVE,0.875,0.84375,0.75,0.71875,1.0,1.0,0.8058452010154724,0.0985107421875,0.8666666666666667,0.2708333333333333
val/HAVE/8252872177970572-HAVE.v17.npz,val,HAVE,0.875,0.875,0.8125,0.8125,1.0,1.0,0.8644183874130249,0.1884765625,0.8918918918918919,0.4647887323943662
val/HE/17613118695524577-HE.v17.npz,val,HE,0.875,0.84375,0.3125,0.28125,1.0,1.0,0.800028920173645,0.114990234375,0.8888888888888888,0.5079365079365079
val/HE/22086175500593086-HE.v17.npz,val,HE,0.8125,0.03125,0.78125,0.0,1.0,1.0,0.7825447916984558,0.0794677734375,0.8148148148148148,0.4489795918367347
val/HE/7519698831619495-HE.v17.npz,val,HE,0.84375,0.125,0.75,0.03125,1.0,1.0,0.7814183235168457,0.0963134765625,0.84375,0.28125
val/HE/8401770910399973-HE.v17.npz,val,HE,0.875,0.15625,0.875,0.15625,1.0,1.0,0.7971723675727844,0.5,0.8571428571428571,0.41379310344827586
val/HEAR/39452534330124855-HEAR 2.v17.npz,val,HEAR,0.875,0.0,0.875,0.0,0.0,1.0,0.7753638625144958,0.077880859375,0.8947368421052632,0.3541666666666667
val/HEAR/5113055241755604-HEAR 2.v17.npz,val,HEAR,0.53125,0.03125,0.5,0.0,1.0,1.0,0.6968573927879333,0.117919921875,0.5476190476190477,0.323943661971831
val/HEAR/6238919375722007-HEAR 2.v17.npz,val,HEAR,0.875,0.03125,0.875,0.03125,1.0,1.0,0.7528914213180542,0.0889892578125,0.9,0.375
val/HEAR/7514958791255617-HEAR 2.v17.npz,val,HEAR,0.875,0.0,0.875,0.0,0.0,1.0,0.7800511717796326,0.0755615234375,0.9024390243902439,0.5362318840579711
val/HELLO/020030442376253177-HELLO.v17.npz,val,HELLO,0.875,0.0,0.875,0.0,0.0,1.0,0.8049235343933105,0.348388671875,0.8461538461538461,0.4489795918367347
val/HELLO/05614933522741539-HELLO.v17.npz,val,HELLO,0.875,0.875,0.0,0.0,1.0,0.0,0.7783347964286804,0.0755615234375,0.8918918918918919,0.6111111111111112
val/HELLO/16493550450776628-HELLO.v17.npz,val,HELLO,0.875,0.0,0.875,0.0,0.0,1.0,0.7968662977218628,0.09375,0.8620689655172413,0.2604166666666667
val/HELLO/20675411351630046-HELLO.v17.npz,val,HELLO,0.8125,0.0,0.8125,0.0,0.0,1.0,0.782781720161438,0.0867919921875,0.8260869565217391,0.36538461538461536
val/HELP/4382571867616978-HELP.v17.npz,val,HELP,0.875,0.1875,0.8125,0.125,1.0,1.0,0.7561303973197937,0.1103515625,0.8611111111111112,0.49206349206349204
val/HELP/44817736125778374-HELP.v17.npz,val,HELP,0.875,0.75,0.84375,0.71875,1.0,1.0,0.7955695390701294,0.0909423828125,0.8857142857142857,0.3229166666666667
val/HELP/6037747479203328-HELP.v17.npz,val,HELP,0.875,0.71875,0.71875,0.5625,1.0,1.0,0.8152556419372559,0.0836181640625,0.8888888888888888,0.5517241379310345
val/HELP/8218136220855874-HELP.v17.npz,val,HELP,0.875,0.5,0.84375,0.46875,1.0,1.0,0.8012069463729858,0.444580078125,0.8947368421052632,0.5151515151515151
val/HELP/8534077485600235-HELP.v17.npz,val,HELP,0.78125,0.71875,0.53125,0.46875,1.0,1.0,0.7588290572166443,0.121337890625,0.7592592592592593,0.4606741573033708
val/HOME/049094629596487804-HOME.v17.npz,val,HOME,0.3125,0.03125,0.28125,0.0,1.0,1.0,0.6116087436676025,0.0814208984375,0.2857142857142857,0.22916666666666666
val/HOME/4111158323472113-HOME.v17.npz,val,HOME,0.9375,0.9375,0.0,0.0,1.0,0.0,0.7653195858001709,0.08355712890625,0.9428571428571428,0.8048780487804879
val/HOME/5358205730570242-HOME.v17.npz,val,HOME,0.875,0.0,0.875,0.0,0.0,1.0,0.8032485246658325,0.258056640625,0.8076923076923077,0.3559322033898305
val/HOME/5938307461368451-HOME.v17.npz,val,HOME,0.875,0.84375,0.125,0.09375,1.0,1.0,0.778078556060791,0.097900390625,0.8787878787878788,0.5686274509803921
val/HOSPITAL/03617049378353854-HOSPITAL.v17.npz,val,HOSPITAL,0.75,0.75,0.03125,0.03125,1.0,1.0,0.76359623670578,0.084716796875,0.8,0.41025641025641024
val/HOSPITAL/28791918942913153-HOSPITAL.v17.npz,val,HOSPITAL,0.96875,0.96875,0.625,0.625,1.0,1.0,0.7692937254905701,0.431640625,0.9387755102040817,0.9387755102040817
val/HOSPITAL/5851960225980641-HOSPITAL.v17.npz,val,HOSPITAL,0.8125,0.1875,0.6875,0.0625,1.0,1.0,0.7274702191352844,0.082275390625,0.7837837837837838,0.3020833333333333
val/HOSPITAL/8877316023603796-HOSPITAL.v17.npz,val,HOSPITAL,0.875,0.875,0.0,0.0,1.0,0.0,0.7884222865104675,0.11328125,0.8717948717948718,0.7391304347826086
val/HOT/18049350165719025-HOT.v17.npz,val,HOT,0.875,0.03125,0.875,0.03125,1.0,1.0,0.7204045057296753,0.094970703125,0.7575757575757576,0.352112676056338
val/HOT/20951385475100537-HOT.v17.npz,val,HOT,0.84375,0.0,0.84375,0.0,0.0,1.0,0.7330212593078613,0.0760498046875,0.8913043478260869,0.4270833333333333
val/HOT/3200787903337785-HOT.v17.npz,val,HOT,0.875,0.09375,0.875,0.09375,1.0,1.0,0.7428034543991089,0.439453125,0.76,0.36538461538461536
val/HOT/8895105417637403-HOT.v17.npz,val,HOT,0.875,0.0,0.875,0.0,0.0,1.0,0.7724558115005493,0.0870361328125,0.8620689655172413,0.4807692307692308
val/HOW/10542513580735968-HOW.v17.npz,val,HOW,0.875,0.78125,0.875,0.78125,1.0,1.0,0.8644305467605591,0.0853271484375,0.8518518518518519,0.3484848484848485
val/HOW/6271713081961889-HOW.v17.npz,val,HOW,0.875,0.71875,0.875,0.71875,1.0,1.0,0.8165101408958435,0.0755615234375,0.8974358974358975,0.3645833333333333
val/HOW/971003020665846-HOW.v17.npz,val,HOW,0.875,0.84375,0.875,0.84375,1.0,1.0,0.8755673766136169,0.5,0.8823529411764706,0.4225352112676056
val/HUNGRY/306250682526525-HUNGRY.v17.npz,val,HUNGRY,0.875,0.875,0.0,0.0,1.0,0.0,0.7474448680877686,0.0762939453125,0.8888888888888888,0.4266666666666667
val/HUNGRY/8525529504952978-HUNGRY.v17.npz,val,HUNGRY,0.59375,0.09375,0.5,0.0,1.0,1.0,0.6851654052734375,0.1094970703125,0.5961538461538461,0.3229166666666667
val/HUNGRY/8724961433813252-HUNGRY.v17.npz,val,HUNGRY,0.875,0.875,0.03125,0.03125,1.0,1.0,0.7435224652290344,0.0975341796875,0.8108108108108109,0.4838709677419355
val/HUNGRY/8727936955185542-HUNGRY.v17.npz,val,HUNGRY,0.875,0.0,0.875,0.0,0.0,1.0,0.7931223511695862,0.1507568359375,0.8947368421052632,0.4533333333333333
val/I/03554605558492718-ME.v17.npz,val,I,0.875,0.0,0.875,0.0,0.0,1.0,0.7403771877288818,0.374267578125,0.68,0.3090909090909091
val/I/34076966817997323-ME.v17.npz,val,I,0.875,0.3125,0.875,0.3125,1.0,1.0,0.755552351474762,0.10546875,0.7878787878787878,0.37142857142857144
val/I/35429744496101856-ME.v17.npz,val,I,0.875,0.875,0.0,0.0,1.0,0.0,0.7924979329109192,0.0867919921875,0.8823529411764706,0.5769230769230769
val/I/4372505087382914-ME.v17.npz,val,I,0.875,0.875,0.125,0.125,1.0,1.0,0.7667131423950195,0.10107421875,0.8857142857142857,0.3522727272727273
val/I/5724078705072562-ME.v17.npz,val,I,0.875,0.03125,0.875,0.03125,1.0,1.0,0.8053322434425354,0.1055908203125,0.8709677419354839,0.28125
val/IMPORTANT/1203991654675527-IMPORTANT.v17.npz,val,IMPORTANT,0.875,0.84375,0.875,0.84375,1.0,1.0,0.8406792879104614,0.1082763671875,0.8918918918918919,0.55
val/IMPORTANT/3510284242642503-IMPORTANT.v17.npz,val,IMPORTANT,0.875,0.875,0.875,0.875,1.0,1.0,0.7870839238166809,0.082275390625,0.8125,0.2708333333333333
val/IMPORTANT/8209051388860689-IMPORTANT.v17.npz,val,IMPORTANT,0.875,0.84375,0.875,0.84375,1.0,1.0,0.8425841927528381,0.462646484375,0.8947368421052632,0.4
val/KNOW/23597714310638485-KNOW.v17.npz,val,KNOW,0.875,0.84375,0.03125,0.0,1.0,1.0,0.7505131959915161,0.116943359375,0.8387096774193549,0.5416666666666666
val/KNOW/5459703474168827-KNOW.v17.npz,val,KNOW,0.875,0.0,0.875,0.0,0.0,1.0,0.8120101094245911,0.170166015625,0.8518518518518519,0.2948717948717949
val/KNOW/5806315363119019-KNOW.v17.npz,val,KNOW,0.875,0.03125,0.84375,0.0,1.0,1.0,0.7973161935806274,0.0887451171875,0.875,0.2916666666666667
val/KNOW/8084325176169471-KNOW.v17.npz,val,KNOW,0.90625,0.90625,0.0,0.0,1.0,0.0,0.7724381685256958,0.1708984375,0.8846153846153846,0.6388888888888888
val/LANGUAGE/26971171953753537-LANGUAGE.v17.npz,val,LANGUAGE,0.875,0.59375,0.84375,0.5625,1.0,1.0,0.8094522953033447,0.1591796875,0.8666666666666667,0.4727272727272727
val/LANGUAGE/49420812468309605-LANGUAGE.v17.npz,val,LANGUAGE,0.875,0.875,0.84375,0.84375,1.0,1.0,0.8539380431175232,0.1346435546875,0.8974358974358975,0.3888888888888889
val/LANGUAGE/8054077229465761-LANGUAGE.v17.npz,val,LANGUAGE,0.875,0.8125,0.875,0.8125,1.0,1.0,0.826783299446106,0.1026611328125,0.8888888888888888,0.3333333333333333
val/LANGUAGE/9816583964493073-LANGUAGE.v17.npz,val,LANGUAGE,0.65625,0.53125,0.59375,0.46875,1.0,1.0,0.7403625845909119,0.0784912109375,0.6,0.6
val/LEARN/35455702192899774-LEARN.v17.npz,val,LEARN,0.875,0.65625,0.8125,0.59375,1.0,1.0,0.7429299354553223,0.0751953125,0.7586206896551724,0.34375
val/LEARN/3587550824558683-LEARN.v17.npz,val,LEARN,0.875,0.8125,0.75,0.6875,1.0,1.0,0.8408997058868408,0.12152099609375,0.9,0.45569620253164556
val/LEARN/6755549258971778-LEARN.v17.npz,val,LEARN,0.875,0.28125,0.875,0.28125,1.0,1.0,0.7594218254089355,0.377197265625,0.8857142857142857,0.4305555555555556
val/LEARN/9349267580836926-LEARN.v17.npz,val,LEARN,0.6875,0.5625,0.34375,0.21875,1.0,1.0,0.7202416658401489,0.093505859375,0.6216216216216216,0.4791666666666667
val/LESS/054512253332980265-LESS.v17.npz,val,LESS,0.875,0.75,0.875,0.75,1.0,1.0,0.8337562084197998,0.0810546875,0.8857142857142857,0.5254237288135594
val/LESS/08571801652268163-LESS.v17.npz,val,LESS,0.875,0.6875,0.84375,0.65625,1.0,1.0,0.8032408356666565,0.21044921875,0.9148936170212766,0.5584415584415584
val/LESS/2913694485470084-LESS.v17.npz,val,LESS,0.875,0.0625,0.875,0.0625,1.0,1.0,0.8157994151115417,0.5,0.9130434782608695,0.4375
val/LESS/5786434095293957-LESS.v17.npz,val,LESS,0.875,0.8125,0.875,0.8125,1.0,1.0,0.8243228197097778,0.08251953125,0.9069767441860465,0.40625
val/LIKE/11163894424136789-LIKE.v17.npz,val,LIKE,0.875,0.03125,0.875,0.03125,1.0,1.0,0.6683300733566284,0.343994140625,0.8571428571428571,0.42105263157894735
val/LIKE/16373316542801275-LIKE.v17.npz,val,LIKE,0.875,0.03125,0.875,0.03125,1.0,1.0,0.7584763169288635,0.1070556640625,0.9069767441860465,0.40625
val/LIKE/8042345903835753-LIKE.v17.npz,val,LIKE,0.8125,0.0,0.8125,0.0,0.0,1.0,0.7601765990257263,0.0758056640625,0.8333333333333334,0.40816326530612246
val/LISTEN/0958329946193539-LISTEN.v17.npz,val,LISTEN,0.875,0.0,0.875,0.0,0.0,1.0,0.7605756521224976,0.1107177734375,0.8620689655172413,0.43859649122807015
val/LISTEN/09690524293915481-LISTEN.v17.npz,val,LISTEN,0.875,0.0,0.875,0.0,0.0,1.0,0.8373640179634094,0.5,0.8857142857142857,0.5740740740740741
val/LISTEN/1493429103533752-LISTEN.v17.npz,val,LISTEN,0.875,0.0,0.875,0.0,0.0,1.0,0.819922149181366,0.21533203125,0.84,0.21875
val/LISTEN/6604264517646619-LISTEN.v17.npz,val,LISTEN,0.875,0.875,0.0,0.0,1.0,0.0,0.8207093477249146,0.146240234375,0.9069767441860465,0.40625
val/LISTEN/7218118759840897-LISTEN.v17.npz,val,LISTEN,0.875,0.84375,0.03125,0.0,1.0,1.0,0.7572577595710754,0.078125,0.8888888888888888,0.5333333333333333
val/LISTEN/7814797814030179-LISTEN.v17.npz,val,LISTEN,0.875,0.03125,0.875,0.03125,1.0,1.0,0.7770616412162781,0.0784912109375,0.9111111111111111,0.4270833333333333
val/LOVE/20482432773002457-LOVE.v17.npz,val,LOVE,0.875,0.4375,0.84375,0.40625,1.0,1.0,0.7492325901985168,0.08251953125,0.8974358974358975,0.3645833333333333
val/LOVE/23909248218883028-LOVE.v17.npz,val,LOVE,0.875,0.53125,0.875,0.53125,1.0,1.0,0.7876008152961731,0.075927734375,0.8837209302325582,0.4222222222222222
val/LOVE/25439044778685105-LOVE.v17.npz,val,LOVE,0.9375,0.03125,0.9375,0.03125,1.0,1.0,0.8131935596466064,0.5,0.9310344827586207,0.5806451612903226
val/LOVE/2631901034056372-LOVE.v17.npz,val,LOVE,0.875,0.6875,0.875,0.6875,1.0,1.0,0.7987717986106873,0.0770263671875,0.9047619047619048,0.3958333333333333
val/LOVE/7300348171338833-LOVE.v17.npz,val,LOVE,0.875,0.625,0.875,0.625,1.0,1.0,0.8158645629882812,0.088623046875,0.8974358974358975,0.5303030303030303
val/MAKE/16526106983233912-MAKE.v17.npz,val,MAKE,0.875,0.6875,0.875,0.6875,1.0,1.0,0.7974453568458557,0.0755615234375,0.8076923076923077,0.21875
val/MAKE/564947980586459-MAKE.v17.npz,val,MAKE,0.875,0.71875,0.875,0.71875,1.0,1.0,0.826904833316803,0.0792236328125,0.8461538461538461,0.4583333333333333
val/MAKE/659969610986546-MAKE.v17.npz,val,MAKE,0.875,0.875,0.625,0.625,1.0,1.0,0.8017801642417908,0.08642578125,0.8787878787878788,0.5576923076923077
val/MAKE/932244226778085-MAKE.v17.npz,val,MAKE,1.0,1.0,0.375,0.375,1.0,1.0,0.8431954383850098,0.1331787109375,1.0,1.0
val/MAN/14961111596310195-MAN.v17.npz,val,MAN,0.75,0.75,0.3125,0.3125,1.0,1.0,0.754566490650177,0.091552734375,0.75,0.40540540540540543
val/MAN/7050652796921024-MAN.v17.npz,val,MAN,0.875,0.0,0.875,0.0,0.0,1.0,0.7523345947265625,0.407958984375,0.7837837837837838,0.42028985507246375
val/MAN/7254166313904942-MAN.v17.npz,val,MAN,0.875,0.125,0.78125,0.03125,1.0,1.0,0.7192522287368774,0.1409912109375,0.7777777777777778,0.2916666666666667
val/MAN/973653586698978-MAN.v17.npz,val,MAN,0.875,0.03125,0.875,0.03125,1.0,1.0,0.7230806946754456,0.0875244140625,0.8387096774193549,0.3333333333333333
val/MAYBE/03356585888825525-MAYBE.v17.npz,val,MAYBE,0.78125,0.625,0.46875,0.3125,1.0,1.0,0.6809840202331543,0.123779296875,0.6923076923076923,0.28125
val/MAYBE/05875908360733573-MAYBE.v17.npz,val,MAYBE,0.875,0.40625,0.65625,0.1875,1.0,1.0,0.6635475754737854,0.100341796875,0.8461538461538461,0.41509433962264153
val/MAYBE/48671198103734725-MAYBE.v17.npz,val,MAYBE,0.875,0.5625,0.78125,0.46875,1.0,1.0,0.6714498400688171,0.0775146484375,0.78125,0.5319148936170213
val/MAYBE/4990578621719526-MAYBE.v17.npz,val,MAYBE,0.875,0.875,0.65625,0.65625,1.0,1.0,0.6847253441810608,0.31298828125,0.8484848484848485,0.509090909090909
val/MORE/009299695590603507-MORE.v17.npz,val,MORE,0.875,0.8125,0.875,0.8125,1.0,1.0,0.8731523156166077,0.0941162109375,0.84,0.3684210526315789
val/MORE/17984011488050022-MORE.v17.npz,val,MORE,0.875,0.875,0.78125,0.78125,1.0,1.0,0.8812392354011536,0.5,0.8787878787878788,0.4915254237288136
val/MORE/8341336597329694-MORE.v17.npz,val,MORE,0.875,0.84375,0.84375,0.8125,1.0,1.0,0.8693714141845703,0.115966796875,0.8857142857142857,0.5344827586206896
val/MORE/9000660794636397-MORE.v17.npz,val,MORE,0.75,0.59375,0.625,0.46875,1.0,1.0,0.7721290588378906,0.0755615234375,0.7441860465116279,0.3333333333333333
val/MORNING/1838221296870719-MORNING.v17.npz,val,MORNING,0.875,0.5,0.46875,0.09375,1.0,1.0,0.7542064785957336,0.378173828125,0.8620689655172413,0.4098360655737705
val/MORNING/33958708655307857-MORNING.v17.npz,val,MORNING,0.875,0.875,0.25,0.25,1.0,1.0,0.8189535737037659,0.1265869140625,0.8888888888888888,0.5818181818181818
val/MORNING/505746853598358-MORNING.v17.npz,val,MORNING,0.875,0.59375,0.8125,0.53125,1.0,1.0,0.7803220748901367,0.0784912109375,0.8918918918918919,0.717391304347826
val/MORNING/5178361322749898-MORNING.v17.npz,val,MORNING,0.75,0.71875,0.625,0.59375,1.0,1.0,0.772250771522522,0.077392578125,0.7307692307692307,0.19791666666666666
val/MOTHER/2401781217873089-MOTHER.v17.npz,val,MOTHER,0.875,0.0,0.875,0.0,0.0,1.0,0.8257540464401245,0.5,0.8620689655172413,0.2604166666666667
val/MOTHER/29045877663385156-MOTHER.v17.npz,val,MOTHER,0.875,0.0,0.875,0.0,0.0,1.0,0.7794308662414551,0.0830078125,0.8918918918918919,0.34375
val/MOTHER/7266802248917938-MOTHER.v17.npz,val,MOTHER,0.875,0.875,0.0,0.0,1.0,0.0,0.7817244529724121,0.1220703125,0.8787878787878788,0.6444444444444445
val/MY/14107936727280213-MY.v17.npz,val,MY,0.875,0.0,0.875,0.0,0.0,1.0,0.7372292280197144,0.085693359375,0.875,0.2916666666666667
val/MY/3211415289488089-MY.v17.npz,val,MY,0.875,0.875,0.0,0.0,1.0,0.0,0.7754401564598083,0.078369140625,0.8787878787878788,0.5686274509803921
val/MY/6682245340769342-MY.v17.npz,val,MY,0.875,0.125,0.84375,0.09375,1.0,1.0,0.6992570757865906,0.284423828125,0.8620689655172413,0.44642857142857145
val/MY/895022317746502-MY.v17.npz,val,MY,0.875,0.875,0.0,0.0,1.0,0.0,0.759056806564331,0.192626953125,0.8666666666666667,0.325
val/NAME/1420689770801613-NAME.v17.npz,val,NAME,0.875,0.65625,0.875,0.65625,1.0,1.0,0.8542914986610413,0.488525390625,0.8620689655172413,0.43103448275862066
val/NAME/5439490417710435-NAME.v17.npz,val,NAME,0.875,0.875,0.78125,0.78125,1.0,1.0,0.8531509041786194,0.23583984375,0.8620689655172413,0.43859649122807015
val/NAME/6442814975743945-NAME.v17.npz,val,NAME,0.875,0.71875,0.78125,0.625,1.0,1.0,0.8488477468490601,0.0751953125,0.8571428571428571,0.46153846153846156
val/NAME/9031073980623976-NAME.v17.npz,val,NAME,0.71875,0.625,0.6875,0.59375,1.0,1.0,0.8701809048652649,0.5,0.7272727272727273,0.25
val/NEED/04669408879006931-NEED.v17.npz,val,NEED,0.875,0.0625,0.8125,0.0,1.0,1.0,0.7439825534820557,0.0791015625,0.8,0.38461538461538464
val/NEED/30879418056454777-NEED.v17.npz,val,NEED,0.875,0.0,0.875,0.0,0.0,1.0,0.7945876121520996,0.12744140625,0.8857142857142857,0.3229166666666667
val/NEED/6330153558265055-NEED.v17.npz,val,NEED,0.875,0.0,0.875,0.0,0.0,1.0,0.8358087539672852,0.5,0.8823529411764706,0.4411764705882353
val/NIGHT/08017581684003039-NIGHT.v17.npz,val,NIGHT,0.875,0.875,0.625,0.625,1.0,1.0,0.8155460953712463,0.13037109375,0.8666666666666667,0.49056603773584906
val/NIGHT/08433061936933717-NIGHT.v17.npz,val,NIGHT,0.875,0.875,0.78125,0.78125,1.0,1.0,0.8015764355659485,0.091552734375,0.8717948717948718,0.3541666666666667
val/NIGHT/21645197130695215-NIGHT.v17.npz,val,NIGHT,0.875,0.21875,0.875,0.21875,1.0,1.0,0.7841017842292786,0.083740234375,0.8333333333333334,0.4838709677419355
val/NIGHT/4973489684078234-NIGHT.v17.npz,val,NIGHT,0.875,0.5,0.875,0.5,1.0,1.0,0.8319487571716309,0.079833984375,0.8518518518518519,0.45098039215686275
val/NIGHT/8175976377678535-NIGHT.v17.npz,val,NIGHT,0.875,0.8125,0.875,0.8125,1.0,1.0,0.7789919972419739,0.116943359375,0.9069767441860465,0.40625
val/NO/4656606080155459-NO.v17.npz,val,NO,0.875,0.0,0.875,0.0,0.0,1.0,0.7518194913864136,0.0855712890625,0.8823529411764706,0.3125
val/NO/8079226457278508-NO.v17.npz,val,NO,0.875,0.03125,0.84375,0.0,1.0,1.0,0.7953580617904663,0.0843505859375,0.8857142857142857,0.45588235294117646
val/NO/8323715285073319-NO.v17.npz,val,NO,0.875,0.875,0.0,0.0,1.0,0.0,0.7659363150596619,0.084228515625,0.9111111111111111,0.6949152542372882
val/NOW/10928494959813584-NOW.v17.npz,val,NOW,0.875,0.75,0.875,0.75,1.0,1.0,0.8579315543174744,0.430419921875,0.8823529411764706,0.46153846153846156
val/NOW/6012173826569807-NOW.v17.npz,val,NOW,0.8125,0.78125,0.78125,0.75,1.0,1.0,0.8150495886802673,0.09716796875,0.8095238095238095,0.3469387755102041
val/NOW/8203203237125376-NOW.v17.npz,val,NOW,0.875,0.6875,0.875,0.6875,1.0,1.0,0.8078221082687378,0.081787109375,0.8947368421052632,0.3541666666666667
val/OUR/4356662653732781-OUR.v17.npz,val,OUR,0.8125,0.03125,0.78125,0.0,1.0,1.0,0.8180633187294006,0.5,0.8157894736842105,0.5081967213114754
val/OUR/6876871652257572-OUR.v17.npz,val,OUR,0.75,0.03125,0.75,0.03125,1.0,1.0,0.7433494925498962,0.0804443359375,0.7906976744186046,0.3541666666666667
val/OUR/7695516410684258-OUR.v17.npz,val,OUR,0.78125,0.75,0.0625,0.03125,1.0,1.0,0.7541861534118652,0.0853271484375,0.7714285714285715,0.5294117647058824
val/OUR/913215253010699-OUR.v17.npz,val,OUR,0.875,0.875,0.125,0.125,1.0,1.0,0.7363672256469727,0.0950927734375,0.8620689655172413,0.625
val/PLEASE/05859480723249688-PLEASE.v17.npz,val,PLEASE,0.875,0.03125,0.875,0.03125,1.0,1.0,0.7310616970062256,0.0758056640625,0.8974358974358975,0.660377358490566
val/PLEASE/4096147054343935-PLEASE.v17.npz,val,PLEASE,0.875,0.84375,0.03125,0.0,1.0,1.0,0.7354280352592468,0.1007080078125,0.9,0.6428571428571429
val/PLEASE/42961246858695024-PLEASE.v17.npz,val,PLEASE,0.875,0.875,0.0,0.0,1.0,0.0,0.745900571346283,0.0849609375,0.8823529411764706,0.43478260869565216
val/PLEASE/6330094542104612-PLEASE.v17.npz,val,PLEASE,0.875,0.03125,0.875,0.03125,1.0,1.0,0.7206571102142334,0.07763671875,0.8809523809523809,0.3854166666666667
val/READ/039314365088337855-READ.v17.npz,val,READ,0.875,0.625,0.875,0.625,1.0,1.0,0.8088793158531189,0.0771484375,0.9024390243902439,0.3854166666666667
val/READ/21828575560875674-READ.v17.npz,val,READ,0.875,0.875,0.65625,0.65625,1.0,1.0,0.8368468880653381,0.078369140625,0.8787878787878788,0.46774193548387094
val/READ/8156740964285663-READ.v17.npz,val,READ,0.875,0.84375,0.84375,0.8125,1.0,1.0,0.8678680062294006,0.5,0.875,0.509090909090909
val/READ/9629079342867501-READ.v17.npz,val,READ,0.9375,0.84375,0.625,0.53125,1.0,1.0,0.726212739944458,0.116455078125,0.9032258064516129,0.5833333333333334
val/READY/3071997680999152-READY.v17.npz,val,READY,0.875,0.6875,0.84375,0.65625,1.0,1.0,0.8199581503868103,0.0947265625,0.8484848484848485,0.2916666666666667
val/READY/6284636189150188-READY.v17.npz,val,READY,0.875,0.875,0.53125,0.53125,1.0,1.0,0.7406960725784302,0.096435546875,0.8275862068965517,0.4528301886792453
val/READY/7493897769973501-READY.v17.npz,val,READY,0.875,0.65625,0.75,0.53125,1.0,1.0,0.8318337202072144,0.383056640625,0.8787878787878788,0.48333333333333334
val/READY/9471270123442896-READY.v17.npz,val,READY,0.875,0.65625,0.875,0.65625,1.0,1.0,0.7931391000747681,0.0948486328125,0.8666666666666667,0.2708333333333333
val/SAD/04551864995837951-SAD.v17.npz,val,SAD,0.375,0.34375,0.375,0.34375,1.0,1.0,0.7237305641174316,0.0841064453125,0.3541666666666667,0.17708333333333334
val/SAD/29913355059297864-SAD.v17.npz,val,SAD,0.875,0.78125,0.875,0.78125,1.0,1.0,0.8212138414382935,0.1639404296875,0.8666666666666667,0.4727272727272727
val/SAD/3043245354055728-SAD.v17.npz,val,SAD,0.875,0.875,0.78125,0.78125,1.0,1.0,0.8125848770141602,0.1534423828125,0.8787878787878788,0.6444444444444445
val/SAD/9009874398583952-SAD.v17.npz,val,SAD,0.78125,0.75,0.71875,0.6875,1.0,1.0,0.7868993878364563,0.168701171875,0.7666666666666667,0.38333333333333336
val/SAME/5726907163441306-SAME.v17.npz,val,SAME,0.875,0.875,0.0,0.0,1.0,0.0,0.7811456322669983,0.166259765625,0.8571428571428571,0.4918032786885246
val/SAME/829641577719348-SAME.v17.npz,val,SAME,0.84375,0.84375,0.0,0.0,1.0,0.0,0.7349118590354919,0.0804443359375,0.8863636363636364,0.4588235294117647
val/SAME/9342208987709832-SAME.v17.npz,val,SAME,0.875,0.09375,0.8125,0.03125,1.0,1.0,0.793651282787323,0.438720703125,0.8529411764705882,0.42028985507246375
val/SAME/961216896966425-SAME.v17.npz,val,SAME,0.875,0.0,0.875,0.0,0.0,1.0,0.7713674902915955,0.10595703125,0.8974358974358975,0.3645833333333333
val/SCHOOL/02185976473813267-SCHOOL.v17.npz,val,SCHOOL,0.875,0.84375,0.71875,0.6875,1.0,1.0,0.6371269822120667,0.265380859375,0.9090909090909091,0.5194805194805194
val/SCHOOL/24442962392359258-SCHOOL.v17.npz,val,SCHOOL,0.875,0.75,0.875,0.75,1.0,1.0,0.7128626108169556,0.10546875,0.9,0.375
val/SCHOOL/7861062216231951-SCHOOL.v17.npz,val,SCHOOL,0.875,0.75,0.5,0.375,1.0,1.0,0.6997348666191101,0.0767822265625,0.8378378378378378,0.38271604938271603
val/SEE/6449291006787454-SEE.v17.npz,val,SEE,0.875,0.0,0.875,0.0,0.0,1.0,0.8181982040405273,0.5,0.84,0.3559322033898305
val/SEE/680337953755801-SEE.v17.npz,val,SEE,0.8125,0.0,0.8125,0.0,0.0,1.0,0.8139065504074097,0.12060546875,0.8333333333333334,0.39215686274509803
val/SEE/9233469754453538-SEE.v17.npz,val,SEE,0.875,0.03125,0.875,0.03125,1.0,1.0,0.7527873516082764,0.0938720703125,0.9047619047619048,0.3958333333333333
val/SICK/08956501268165051-SICK.v17.npz,val,SICK,0.875,0.875,0.6875,0.6875,1.0,1.0,0.8334901332855225,0.171142578125,0.8518518518518519,0.45098039215686275
val/SICK/3176950945974586-SICK.v17.npz,val,SICK,0.84375,0.8125,0.25,0.21875,1.0,1.0,0.7647877931594849,0.157958984375,0.78125,0.46296296296296297
val/SICK/45273738498753846-SICK.v17.npz,val,SICK,0.875,0.78125,0.8125,0.71875,1.0,1.0,0.8151230216026306,0.091064453125,0.8461538461538461,0.22916666666666666
val/SICK/47832051707828005-SICK.v17.npz,val,SICK,0.78125,0.78125,0.4375,0.4375,1.0,1.0,0.7992623448371887,0.0751953125,0.7758620689655172,0.7258064516129032
val/SIGN/21403791953028373-SIGN.v17.npz,val,SIGN,0.875,0.71875,0.875,0.71875,1.0,1.0,0.8258011341094971,0.084716796875,0.9047619047619048,0.3958333333333333
val/SIGN/9303259452994823-SIGN.v17.npz,val,SIGN,0.875,0.78125,0.8125,0.71875,1.0,1.0,0.8740500807762146,0.144287109375,0.9069767441860465,0.40625
val/SIGN/9392506529887468-SIGN.v17.npz,val,SIGN,0.875,0.6875,0.84375,0.65625,1.0,1.0,0.860894501209259,0.251708984375,0.8125,0.4642857142857143
val/SIGN/9456480662629465-SIGN.v17.npz,val,SIGN,0.875,0.875,0.75,0.75,1.0,1.0,0.8675299882888794,0.5,0.9148936170212766,0.671875
val/SLEEP/32838564647007873-SLEEP.v17.npz,val,SLEEP,0.875,0.875,0.0,0.0,1.0,0.0,0.7503694295883179,0.15576171875,0.8571428571428571,0.25
val/SLEEP/4876077931735432-SLEEP.v17.npz,val,SLEEP,1.0,1.0,0.4375,0.4375,1.0,1.0,0.8293991088867188,0.0953369140625,1.0,1.0
val/SLEEP/5103688507862052-SLEEP.v17.npz,val,SLEEP,0.8125,0.0,0.8125,0.0,0.0,1.0,0.8294335007667542,0.0806884765625,0.8095238095238095,0.17708333333333334
val/SLEEP/8541893071831477-SLEEP.v17.npz,val,SLEEP,0.875,0.875,0.0,0.0,1.0,0.0,0.7439323663711548,0.1109619140625,0.8571428571428571,0.46153846153846156
val/SLEEP/9036471590989446-SLEEP.v17.npz,val,SLEEP,0.8125,0.09375,0.71875,0.0,1.0,1.0,0.7626968026161194,0.5,0.8055555555555556,0.3493975903614458
val/SMALL/1586194739868847-SMALL.v17.npz,val,SMALL,0.875,0.78125,0.84375,0.75,1.0,1.0,0.8410422205924988,0.194091796875,0.8947368421052632,0.5666666666666667
val/SMALL/5307142627482293-SMALL.v17.npz,val,SMALL,0.875,0.75,0.875,0.75,1.0,1.0,0.7772433161735535,0.0823974609375,0.8620689655172413,0.5681818181818182
val/SMALL/8815573731027433-SMALL.v17.npz,val,SMALL,0.875,0.8125,0.84375,0.78125,1.0,1.0,0.8021332621574402,0.082275390625,0.8913043478260869,0.4270833333333333
val/SORRY/15179467641851585-SORRY.v17.npz,val,SORRY,0.875,0.875,0.0,0.0,1.0,0.0,0.7781787514686584,0.0826416015625,0.8709677419354839,0.4909090909090909
val/SORRY/6387762756061144-SORRY.v17.npz,val,SORRY,0.875,0.0,0.875,0.0,0.0,1.0,0.7490733861923218,0.0875244140625,0.9047619047619048,0.3958333333333333
val/SORRY/9220637121525757-SORRY.v17.npz,val,SORRY,0.9375,0.0,0.9375,0.0,0.0,1.0,0.8003000617027283,0.5,0.9166666666666666,0.5569620253164557
val/STOP/4382853991304725-STOP.v17.npz,val,STOP,0.71875,0.15625,0.5625,0.0,1.0,1.0,0.7723240852355957,0.0928955078125,0.7333333333333333,0.4489795918367347
val/STOP/49400025068696496-STOP.v17.npz,val,STOP,0.875,0.625,0.78125,0.53125,1.0,1.0,0.7494866251945496,0.0860595703125,0.8409090909090909,0.3854166666666667
val/STOP/7757946316597986-STOP.v17.npz,val,STOP,0.875,0.375,0.875,0.375,1.0,1.0,0.7281870245933533,0.10498046875,0.8275862068965517,0.4067796610169492
val/TAKE/09372722526789401-TAKE.v17.npz,val,TAKE,0.8125,0.09375,0.8125,0.09375,1.0,1.0,0.7530798316001892,0.1170654296875,0.782608695652174,0.32727272727272727
val/TAKE/4805934647756538-TAKE.v17.npz,val,TAKE,0.875,0.0,0.875,0.0,0.0,1.0,0.7420641779899597,0.0787353515625,0.9047619047619048,0.3958333333333333
val/TAKE/6968328028731545-TAKE.v17.npz,val,TAKE,0.8125,0.46875,0.8125,0.46875,1.0,1.0,0.7737795114517212,0.153564453125,0.8260869565217391,0.36538461538461536
val/TALK/3247908414583549-TALK.v17.npz,val,TALK,0.875,0.0,0.875,0.0,0.0,1.0,0.8188163638114929,0.169921875,0.8571428571428571,0.4
val/TALK/5400379655254408-TALK.v17.npz,val,TALK,0.875,0.875,0.0,0.0,1.0,0.0,0.8005337119102478,0.1080322265625,0.8571428571428571,0.5454545454545454
val/TALK/6877385827972768-TALK.v17.npz,val,TALK,0.875,0.875,0.0,0.0,1.0,0.0,0.7715772986412048,0.085693359375,0.84,0.4666666666666667
val/TALK/873026373390853-TALK.v17.npz,val,TALK,0.8125,0.0,0.8125,0.0,0.0,1.0,0.8255978226661682,0.083984375,0.8,0.16666666666666666
val/TELL/030859863529683285-TELL.v17.npz,val,TELL,0.875,0.0625,0.875,0.0625,1.0,1.0,0.742046594619751,0.0765380859375,0.8947368421052632,0.3541666666666667
val/TELL/39911303417002464-TELL.v17.npz,val,TELL,0.8125,0.8125,0.03125,0.03125,1.0,1.0,0.7271480560302734,0.092529296875,0.75,0.47368421052631576
val/TELL/7980791622967522-TELL.v17.npz,val,TELL,0.875,0.0,0.875,0.0,0.0,1.0,0.8125329613685608,0.5,0.8974358974358975,0.5072463768115942
val/THANKYOU/0006320057552187119-THANK YOU.v17.npz,val,THANKYOU,0.875,0.875,0.0,0.0,1.0,0.0,0.7638806700706482,0.1011962890625,0.84,0.45652173913043476
val/THANKYOU/16870669316247833-THANK YOU.v17.npz,val,THANKYOU,0.875,0.0,0.875,0.0,0.0,1.0,0.7232993245124817,0.0765380859375,0.868421052631579,0.34375
val/THANKYOU/7976564165646398-THANK YOU.v17.npz,val,THANKYOU,0.875,0.03125,0.875,0.03125,1.0,1.0,0.79969722032547,0.0970458984375,0.8333333333333334,0.2604166666666667
val/THEY/2151941336300882-THEY.v17.npz,val,THEY,0.875,0.09375,0.84375,0.0625,1.0,1.0,0.7913998961448669,0.2353515625,0.875,0.39436619718309857
val/THEY/38731487247930807-THEY.v17.npz,val,THEY,0.9375,0.125,0.9375,0.125,1.0,1.0,0.757502019405365,0.0987548828125,0.9166666666666666,0.4583333333333333
val/THEY/9598803772091737-THEY.v17.npz,val,THEY,0.875,0.0,0.875,0.0,0.0,1.0,0.8034035563468933,0.2200927734375,0.8666666666666667,0.4406779661016949
val/THINK/5342802354346374-THINK.v17.npz,val,THINK,0.8125,0.0,0.8125,0.0,0.0,1.0,0.8145630955696106,0.5,0.8260869565217391,0.35185185185185186
val/THINK/6318484937161617-THINK.v17.npz,val,THINK,0.875,0.0,0.875,0.0,0.0,1.0,0.7603818774223328,0.0888671875,0.9024390243902439,0.3854166666666667
val/THINK/954911942661782-THINK.v17.npz,val,THINK,0.875,0.09375,0.78125,0.0,1.0,1.0,0.7466769814491272,0.08251953125,0.8333333333333334,0.4807692307692308
val/TIME/5390288806667989-TIME.v17.npz,val,TIME,0.875,0.0,0.875,0.0,0.0,1.0,0.8353913426399231,0.125732421875,0.8787878787878788,0.38666666666666666
val/TIME/649842211970002-TIME.v17.npz,val,TIME,0.875,0.625,0.875,0.625,1.0,1.0,0.8546159863471985,0.09979248046875,0.8,0.43478260869565216
val/TIME/6677797392644389-TIME.v17.npz,val,TIME,0.875,0.28125,0.875,0.28125,1.0,1.0,0.8052598834037781,0.0916748046875,0.8787878787878788,0.3020833333333333
val/TIME/7374511884446076-TIME.v17.npz,val,TIME,0.875,0.875,0.5625,0.5625,1.0,1.0,0.8405531048774719,0.25244140625,0.8620689655172413,0.44642857142857145
val/TIRED/13289073725295975-TIRED.v17.npz,val,TIRED,0.875,0.4375,0.84375,0.40625,1.0,1.0,0.8073139786720276,0.1195068359375,0.8571428571428571,0.5
val/TIRED/3766457519527884-TIRED.v17.npz,val,TIRED,0.9375,0.875,0.90625,0.84375,1.0,1.0,0.8252683281898499,0.08203125,0.9272727272727272,0.53125
val/TIRED/46893704717360163-TIRED.v17.npz,val,TIRED,0.875,0.71875,0.84375,0.6875,1.0,1.0,0.853934645652771,0.0767822265625,0.8947368421052632,0.3541666666666667
val/TIRED/9868994197861312-TIRED.v17.npz,val,TIRED,0.875,0.875,0.8125,0.8125,1.0,1.0,0.8444781303405762,0.10498046875,0.875,0.4307692307692308
val/TOMORROW/052047780303462465-TOMORROW.v17.npz,val,TOMORROW,0.875,0.53125,0.875,0.53125,1.0,1.0,0.8230798244476318,0.0823974609375,0.8518518518518519,0.4791666666666667
val/TOMORROW/28541392437861024-TOMORROW.v17.npz,val,TOMORROW,0.875,0.03125,0.875,0.03125,1.0,1.0,0.7741022109985352,0.092041015625,0.8666666666666667,0.45614035087719296
val/TOMORROW/3488393161458545-TOMORROW.v17.npz,val,TOMORROW,0.71875,0.0,0.71875,0.0,0.0,1.0,0.7982685565948486,0.1317138671875,0.71875,0.23958333333333334
val/TOMORROW/577183601855066-TOMORROW.v17.npz,val,TOMORROW,0.875,0.3125,0.875,0.3125,1.0,1.0,0.766751229763031,0.1258544921875,0.7586206896551724,0.41509433962264153
val/TRY/37104021449951063-TRY.v17.npz,val,TRY,0.875,0.875,0.875,0.875,1.0,1.0,0.8712929487228394,0.1011962890625,0.8666666666666667,0.52
val/TRY/5485151185334087-TRY.v17.npz,val,TRY,0.875,0.78125,0.84375,0.75,1.0,1.0,0.8392985463142395,0.1341552734375,0.8857142857142857,0.3229166666666667
val/TRY/9529591246592137-TRY.v17.npz,val,TRY,0.875,0.84375,0.875,0.84375,1.0,1.0,0.8525855541229248,0.429931640625,0.8666666666666667,0.4406779661016949
val/TRY/976267105576786-TRY.v17.npz,val,TRY,0.875,0.84375,0.78125,0.75,1.0,1.0,0.8408020734786987,0.07958984375,0.875,0.49122807017543857
val/UNDERSTAND/6504234134902995-UNDERSTAND.v17.npz,val,UNDERSTAND,0.8125,0.125,0.6875,0.0,1.0,1.0,0.7941123247146606,0.5,0.7727272727272727,0.3148148148148148
val/UNDERSTAND/7903893233633115-UNDERSTAND.v17.npz,val,UNDERSTAND,0.78125,0.0625,0.75,0.03125,1.0,1.0,0.7552162408828735,0.0775146484375,0.8,0.2916666666666667
val/UNDERSTAND/8071758688201891-UNDERSTAND.v17.npz,val,UNDERSTAND,0.9375,0.46875,0.46875,0.0,1.0,1.0,0.7730777859687805,0.078857421875,0.9565217391304348,0.8461538461538461
val/UNDERSTAND/9717361996927067-UNDERSTAND.v17.npz,val,UNDERSTAND,0.875,0.875,0.0,0.0,1.0,0.0,0.8157704472541809,0.5,0.8666666666666667,0.38235294117647056
val/USE/40566688920405136-USE.v17.npz,val,USE,0.875,0.46875,0.875,0.46875,1.0,1.0,0.8220630884170532,0.376708984375,0.9111111111111111,0.4606741573033708
val/USE/48272868300094873-USE.v17.npz,val,USE,0.875,0.875,0.84375,0.84375,1.0,1.0,0.8597699999809265,0.0755615234375,0.8787878787878788,0.5272727272727272
val/USE/4873719527704967-USE.v17.npz,val,USE,0.8125,0.65625,0.8125,0.65625,1.0,1.0,0.8145991563796997,0.09521484375,0.8723404255319149,0.4270833333333333
val/USE/8580759575418431-USE.v17.npz,val,USE,0.875,0.65625,0.875,0.65625,1.0,1.0,0.8466624021530151,0.078125,0.9024390243902439,0.47435897435897434
val/WAIT/19418271966399425-WAIT.v17.npz,val,WAIT,0.875,0.84375,0.8125,0.78125,1.0,1.0,0.8379694223403931,0.08740234375,0.8918918918918919,0.375
val/WAIT/5205785031120291-WAIT.v17.npz,val,WAIT,0.875,0.875,0.875,0.875,1.0,1.0,0.7912730574607849,0.0816650390625,0.8857142857142857,0.3229166666666667
val/WAIT/5419469718181713-WAIT.v17.npz,val,WAIT,0.875,0.875,0.71875,0.71875,1.0,1.0,0.875551700592041,0.08831787109375,0.8461538461538461,0.41509433962264153
val/WAIT/6368510219023522-WAIT.v17.npz,val,WAIT,0.875,0.5,0.875,0.5,1.0,1.0,0.8226186633110046,0.4931640625,0.875,0.4605263157894737
val/WANT/3964716837264739-WANT 2.v17.npz,val,WANT,0.875,0.875,0.84375,0.84375,1.0,1.0,0.7930526733398438,0.135986328125,0.85,0.5396825396825397
val/WANT/8782648080433364-WANT 2.v17.npz,val,WANT,0.9375,0.84375,0.59375,0.5,1.0,1.0,0.7335624098777771,0.0787353515625,0.8,0.4166666666666667
val/WANT/9085692028177397-WANT 2.v17.npz,val,WANT,0.875,0.8125,0.875,0.8125,1.0,1.0,0.8221655488014221,0.4580078125,0.8461538461538461,0.46808510638297873
val/WANT/9659002140360071-WANT 2.v17.npz,val,WANT,0.875,0.84375,0.875,0.84375,1.0,1.0,0.7966314554214478,0.0899658203125,0.8620689655172413,0.4166666666666667
val/WATER/03174577769237463-WATER.v17.npz,val,WATER,0.8125,0.0,0.8125,0.0,0.0,1.0,0.758042573928833,0.080810546875,0.7894736842105263,0.15625
val/WATER/414141284745577-WATER.v17.npz,val,WATER,0.8125,0.0,0.8125,0.0,0.0,1.0,0.8254334330558777,0.201904296875,0.8333333333333334,0.39215686274509803
val/WATER/7530258985595248-WATER.v17.npz,val,WATER,0.875,0.875,0.0,0.0,1.0,0.0,0.7445232272148132,0.108154296875,0.8648648648648649,0.3333333333333333
val/WATER/9850177164607337-WATER.v17.npz,val,WATER,0.875,0.0,0.875,0.0,0.0,1.0,0.7909479141235352,0.108154296875,0.8823529411764706,0.4918032786885246
val/WE/11801482805093366-WE.v17.npz,val,WE,0.875,0.0625,0.875,0.0625,1.0,1.0,0.7500680088996887,0.08154296875,0.8717948717948718,0.3541666666666667
val/WE/14563849425095032-WE.v17.npz,val,WE,0.875,0.875,0.0,0.0,1.0,0.0,0.740384042263031,0.0753173828125,0.8,0.5128205128205128
val/WE/6868122993341472-WE.v17.npz,val,WE,0.75,0.0,0.75,0.0,0.0,1.0,0.7528353333473206,0.39599609375,0.7027027027027027,0.4262295081967213
val/WEEK/20202226330566098-WEEK.v17.npz,val,WEEK,0.875,0.4375,0.875,0.4375,1.0,1.0,0.7905213236808777,0.0924072265625,0.8823529411764706,0.46153846153846156
val/WEEK/5803280917903741-WEEK.v17.npz,val,WEEK,0.875,0.875,0.46875,0.46875,1.0,1.0,0.7607169151306152,0.0843505859375,0.8235294117647058,0.5185185185185185
val/WEEK/611662781142956-WEEK.v17.npz,val,WEEK,0.96875,0.8125,0.5,0.34375,1.0,1.0,0.782571017742157,0.08642578125,0.96875,0.6458333333333334
val/WEEK/740137620983075-WEEK.v17.npz,val,WEEK,0.875,0.875,0.5,0.5,1.0,1.0,0.8321822285652161,0.5,0.8974358974358975,0.5223880597014925
val/WHAT/24519151833954478-WHAT 2.v17.npz,val,WHAT,0.875,0.875,0.84375,0.84375,1.0,1.0,0.748637318611145,0.1346435546875,0.8620689655172413,0.2840909090909091
val/WHAT/873539016146136-WHAT 2.v17.npz,val,WHAT,0.875,0.75,0.875,0.75,1.0,1.0,0.8052980303764343,0.100830078125,0.9,0.375
val/WHAT/9106828060005678-WHAT 2.v17.npz,val,WHAT,0.875,0.5,0.875,0.5,1.0,1.0,0.7918745875358582,0.0780029296875,0.84,0.39622641509433965
val/WHEN/08729017928642491-WHEN.v17.npz,val,WHEN,0.875,0.875,0.84375,0.84375,1.0,1.0,0.8660355806350708,0.1005859375,0.8518518518518519,0.48936170212765956
val/WHEN/19039558672419843-WHEN.v17.npz,val,WHEN,0.875,0.8125,0.78125,0.71875,1.0,1.0,0.8645040988922119,0.0751953125,0.8787878787878788,0.5686274509803921
val/WHEN/38702561454738094-WHEN.v17.npz,val,WHEN,0.875,0.78125,0.8125,0.71875,1.0,1.0,0.827854573726654,0.223388671875,0.8378378378378378,0.3229166666666667
val/WHEN/5407096343613205-WHEN.v17.npz,val,WHEN,0.875,0.59375,0.875,0.59375,1.0,1.0,0.8385180234909058,0.080078125,0.8666666666666667,0.40625
val/WHERE/19532533865671398-WHERE.v17.npz,val,WHERE,0.875,0.0,0.875,0.0,0.0,1.0,0.7741187810897827,0.155517578125,0.8620689655172413,0.5813953488372093
val/WHERE/34697989347891944-WHERE.v17.npz,val,WHERE,0.8125,0.8125,0.0,0.0,1.0,0.0,0.8622933030128479,0.14599609375,0.8260869565217391,0.3877551020408163
val/WHERE/6997365376367899-WHERE.v17.npz,val,WHERE,0.875,0.0,0.875,0.0,0.0,1.0,0.7961668372154236,0.0775146484375,0.8823529411764706,0.3125
val/WHERE/7404223141679687-WHERE.v17.npz,val,WHERE,0.875,0.875,0.0,0.0,1.0,0.0,0.7439773678779602,0.1072998046875,0.8823529411764706,0.5084745762711864
val/WHO/24758144482774802-WHO.v17.npz,val,WHO,0.875,0.875,0.0,0.0,1.0,0.0,0.8028861284255981,0.5,0.8571428571428571,0.48
val/WHO/5788460385097332-WHO.v17.npz,val,WHO,0.84375,0.03125,0.8125,0.0,1.0,1.0,0.7943527698516846,0.0911865234375,0.8529411764705882,0.3020833333333333
val/WHO/6506737411983545-WHO.v17.npz,val,WHO,0.875,0.875,0.0,0.0,1.0,0.0,0.7259874939918518,0.08154296875,0.8518518518518519,0.5227272727272727
val/WHO/8040413047655517-WHO.v17.npz,val,WHO,0.8125,0.0,0.8125,0.0,0.0,1.0,0.8164708018302917,0.212158203125,0.8260869565217391,0.3114754098360656
val/WHY/38099175964004983-WHY.v17.npz,val,WHY,0.9375,0.9375,0.59375,0.59375,1.0,1.0,0.8133499622344971,0.422607421875,0.9444444444444444,0.5074626865671642
val/WHY/5132756077874947-WHY.v17.npz,val,WHY,0.875,0.0,0.875,0.0,0.0,1.0,0.753383994102478,0.0906982421875,0.8157894736842105,0.3229166666666667
val/WHY/6220173213417262-WHY.v17.npz,val,WHY,0.875,0.875,0.0,0.0,1.0,0.0,0.7756927609443665,0.5,0.8571428571428571,0.4528301886792453
val/WHY/7508574803030745-WHY.v17.npz,val,WHY,0.9375,0.9375,0.0,0.0,1.0,0.0,0.7478389739990234,0.0765380859375,0.8620689655172413,0.6756756756756757
val/WOMAN/08142431351693213-WOMAN.v17.npz,val,WOMAN,0.875,0.15625,0.875,0.15625,1.0,1.0,0.7697049379348755,0.09619140625,0.8857142857142857,0.3229166666666667
val/WOMAN/44158453065592296-WOMAN.v17.npz,val,WOMAN,0.8125,0.03125,0.78125,0.0,1.0,1.0,0.7779186964035034,0.427490234375,0.8181818181818182,0.32727272727272727
val/WOMAN/8838233578450281-WOMAN.v17.npz,val,WOMAN,0.875,0.875,0.0625,0.0625,1.0,1.0,0.7482966780662537,0.329345703125,0.8666666666666667,0.4642857142857143
val/WOMAN/9406861876656205-WOMAN.v17.npz,val,WOMAN,0.875,0.875,0.0,0.0,1.0,0.0,0.7504199743270874,0.0767822265625,0.8709677419354839,0.47368421052631576
val/WORK/4328643376522927-WORK.v17.npz,val,WORK,0.875,0.59375,0.875,0.59375,1.0,1.0,0.8044844269752502,0.0997314453125,0.8857142857142857,0.3229166666666667
val/WORK/6072418103340411-WORK.v17.npz,val,WORK,0.9375,0.71875,0.875,0.65625,1.0,1.0,0.8530082702636719,0.458740234375,0.92,0.5822784810126582
val/WORK/8290350631082379-WORK.v17.npz,val,WORK,0.875,0.78125,0.84375,0.75,1.0,1.0,0.8583552241325378,0.1419677734375,0.875,0.5
val/WRITE/4950540994948227-WRITE.v17.npz,val,WRITE,0.875,0.875,0.875,0.875,1.0,1.0,0.8087725043296814,0.096435546875,0.9090909090909091,0.4166666666666667
val/WRITE/8379501891533077-WRITE.v17.npz,val,WRITE,0.875,0.875,0.53125,0.53125,1.0,1.0,0.8017120957374573,0.09619140625,0.8974358974358975,0.5223880597014925
val/WRITE/9207650208931104-WRITE.v17.npz,val,WRITE,0.875,0.71875,0.84375,0.6875,1.0,1.0,0.839461624622345,0.148681640625,0.8787878787878788,0.47540983606557374
val/YEAR/15494923443405972-YEAR.v17.npz,val,YEAR,0.875,0.71875,0.875,0.71875,1.0,1.0,0.7876251935958862,0.42236328125,0.7241379310344828,0.5121951219512195
val/YEAR/17164656138899548-YEAR.v17.npz,val,YEAR,0.875,0.65625,0.875,0.65625,1.0,1.0,0.7960386872291565,0.1234130859375,0.7777777777777778,0.2916666666666667
val/YEAR/6405197733008756-YEAR.v17.npz,val,YEAR,0.875,0.5625,0.875,0.5625,1.0,1.0,0.8008813261985779,0.09619140625,0.8536585365853658,0.6140350877192983
val/YEAR/8484341141711933-YEAR.v17.npz,val,YEAR,0.875,0.71875,0.6875,0.53125,1.0,1.0,0.7820184826850891,0.108642578125,0.7714285714285715,0.48214285714285715
val/YES/26056519285644875-YES.v17.npz,val,YES,0.875,0.0,0.875,0.0,0.0,1.0,0.7817320823669434,0.0828857421875,0.8947368421052632,0.3541666666666667
val/YES/42327270691916885-YES.v17.npz,val,YES,0.875,0.0,0.875,0.0,0.0,1.0,0.7895486354827881,0.0970458984375,0.8648648648648649,0.3333333333333333
val/YES/8977694836593926-YES.v17.npz,val,YES,0.875,0.03125,0.84375,0.0,1.0,1.0,0.8309329748153687,0.5,0.875,0.4375
val/YES/9161842981344352-YES.v17.npz,val,YES,0.875,0.84375,0.0625,0.03125,1.0,1.0,0.8366011381149292,0.5,0.8787878787878788,0.5087719298245614
val/YES/9715589334909431-YES.v17.npz,val,YES,0.875,0.875,0.0,0.0,1.0,0.0,0.7699201107025146,0.0992431640625,0.8620689655172413,0.5319148936170213
val/YESTERDAY/004997545233198508-YESTERDAY.v17.npz,val,YESTERDAY,0.875,0.0,0.875,0.0,0.0,1.0,0.7797784209251404,0.1260986328125,0.8461538461538461,0.22916666666666666
val/YESTERDAY/8919777181724133-YESTERDAY.v17.npz,val,YESTERDAY,0.875,0.0,0.875,0.0,0.0,1.0,0.8313458561897278,0.10980224609375,0.8787878787878788,0.3493975903614458
val/YESTERDAY/9929552869204215-YESTERDAY.v17.npz,val,YESTERDAY,0.875,0.0625,0.875,0.0625,1.0,1.0,0.7771455645561218,0.480712890625,0.8461538461538461,0.515625
val/YOU/19643383002170656-YOU.v17.npz,val,YOU,0.875,0.71875,0.1875,0.03125,1.0,1.0,0.7295997142791748,0.0921630859375,0.84,0.5
val/YOU/298155207775465-YOU.v17.npz,val,YOU,0.875,0.125,0.75,0.0,1.0,1.0,0.7841619849205017,0.412353515625,0.8333333333333334,0.423728813559322
val/YOU/35038040842137197-YOU.v17.npz,val,YOU,0.875,0.1875,0.875,0.1875,1.0,1.0,0.6663762331008911,0.0784912109375,0.7142857142857143,0.20833333333333334
val/YOU/6229294436435182-YOU.v17.npz,val,YOU,0.875,0.875,0.03125,0.03125,1.0,1.0,0.7980229258537292,0.152587890625,0.8666666666666667,0.4642857142857143
val/YOUR/15592377033295812-YOUR.v17.npz,val,YOUR,0.875,0.03125,0.84375,0.0,1.0,1.0,0.7729466557502747,0.08709716796875,0.8620689655172413,0.3787878787878788
val/YOUR/16110924695348516-YOUR.v17.npz,val,YOUR,0.84375,0.84375,0.0,0.0,1.0,0.0,0.727300226688385,0.0830078125,0.7910447761194029,0.5638297872340425
val/YOUR/2596986287783567-YOUR.v17.npz,val,YOUR,0.875,0.03125,0.84375,0.0,1.0,1.0,0.7646386623382568,0.1605224609375,0.8666666666666667,0.45614035087719296
val/YOUR/7464906167030079-YOUR.v17.npz,val,YOUR,0.8125,0.375,0.625,0.1875,1.0,1.0,0.6609706282615662,0.07958984375,0.8181818181818182,0.1875
