feature_path,video_path,split,label,orientation,width,height,source_frames_before_trim,source_frames_after_trim,elapsed_seconds,hand_frame_fraction_before_trim,hand_frame_fraction_after_trim,hand_presence_fraction,face_presence_fraction,body_presence_fraction,shoulder_coverage,normalization_source,chirality_left,chirality_right,chirality_unknown,finite,binary_presence,missing_spatial_zero,missing_confidence_zero,valid_shape
test/ANGRY/08513757310623649-ANGRY.v17.npz,data/local/citizen100_v17/raw/test/ANGRY/08513757310623649-ANGRY.mp4,test,ANGRY,landscape,640,480,30,29,0.847605209,0.9,0.9310344827586207,0.65185546875,0.59375,0.046875,0.034482758620689655,shoulder_width,15,26,0,True,True,True,True,True
test/ANGRY/11888985347178949-ANGRY.v17.npz,data/local/citizen100_v17/raw/test/ANGRY/11888985347178949-ANGRY.mp4,test,ANGRY,landscape,640,480,88,41,0.9014247500000001,0.38636363636363635,0.8292682926829268,0.74267578125,0.8125,0.671875,0.8048780487804879,shoulder_width,28,33,0,True,True,True,True,True
test/ANGRY/1524601169265407-ANGRY.v17.npz,data/local/citizen100_v17/raw/test/ANGRY/1524601169265407-ANGRY.mp4,test,ANGRY,landscape,960,540,84,29,0.9220935830000001,0.2976190476190476,0.8620689655172413,0.79296875,0.5625,0.4296875,0.5862068965517241,shoulder_width,22,25,0,True,True,True,True,True
test/ANGRY/17023133428195614-ANGRY.v17.npz,data/local/citizen100_v17/raw/test/ANGRY/17023133428195614-ANGRY.mp4,test,ANGRY,landscape,640,480,93,48,0.9444130830000002,0.4731182795698925,0.9166666666666666,0.8212890625,0.875,0.6953125,0.5208333333333334,shoulder_width,38,43,0,True,True,True,True,True
test/ANGRY/21756592291360333-ANGRY.v17.npz,data/local/citizen100_v17/raw/test/ANGRY/21756592291360333-ANGRY.mp4,test,ANGRY,landscape,640,480,83,34,0.8102419589999998,0.3614457831325301,0.8823529411764706,0.81005859375,0.96875,0.2109375,0.2647058823529412,shoulder_width,29,29,0,True,True,True,True,True
test/ANGRY/22543033758638464-ANGRY.v17.npz,data/local/citizen100_v17/raw/test/ANGRY/22543033758638464-ANGRY.mp4,test,ANGRY,landscape,640,480,96,40,0.94715975,0.375,0.9,0.86767578125,0.8125,0.8125,0.825,shoulder_width,35,36,0,True,True,True,True,True
test/ANGRY/2693093225302592-ANGRY.v17.npz,data/local/citizen100_v17/raw/test/ANGRY/2693093225302592-ANGRY.mp4,test,ANGRY,landscape,640,480,57,31,0.6010559999999998,0.45614035087719296,0.8387096774193549,0.7216796875,0.5625,0.015625,0.03225806451612903,shoulder_width,26,20,0,True,True,True,True,True
test/ANGRY/2983145121028361-ANGRY.v17.npz,data/local/citizen100_v17/raw/test/ANGRY/2983145121028361-ANGRY.mp4,test,ANGRY,landscape,640,480,65,42,0.7626521669999997,0.5846153846153846,0.9047619047619048,0.7939453125,0.78125,0.453125,0.7857142857142857,shoulder_width,34,37,0,True,True,True,True,True
test/ANGRY/3101666645542922-ANGRY.v17.npz,data/local/citizen100_v17/raw/test/ANGRY/3101666645542922-ANGRY.mp4,test,ANGRY,landscape,640,480,68,33,0.6839355830000002,0.4117647058823529,0.8484848484848485,0.75439453125,0.75,0.265625,0.2727272727272727,shoulder_width,28,21,0,True,True,True,True,True
test/ANGRY/48411634496923006-ANGRY.v17.npz,data/local/citizen100_v17/raw/test/ANGRY/48411634496923006-ANGRY.mp4,test,ANGRY,landscape,640,480,46,27,0.4680367080000014,0.43478260869565216,0.7407407407407407,0.5244140625,0.625,0.328125,0.037037037037037035,shoulder_width,19,12,0,True,True,True,True,True
test/ANGRY/4924276370652909-ANGRY.v17.npz,data/local/citizen100_v17/raw/test/ANGRY/4924276370652909-ANGRY.mp4,test,ANGRY,landscape,640,480,95,42,1.0721734170000001,0.4,0.9047619047619048,0.859375,0.96875,0.2421875,0.42857142857142855,shoulder_width,36,37,0,True,True,True,True,True
test/ANGRY/5007495284169172-ANGRY.v17.npz,data/local/citizen100_v17/raw/test/ANGRY/5007495284169172-ANGRY.mp4,test,ANGRY,landscape,640,480,76,35,0.8042514999999995,0.40789473684210525,0.8857142857142857,0.76171875,0.9375,0.0390625,0.02857142857142857,shoulder_width,29,28,0,True,True,True,True,True
test/ANGRY/5387332653717816-ANGRY.v17.npz,data/local/citizen100_v17/raw/test/ANGRY/5387332653717816-ANGRY.mp4,test,ANGRY,landscape,640,480,77,30,0.7619494580000001,0.33766233766233766,0.8666666666666667,0.73974609375,0.84375,0.84375,0.8333333333333334,shoulder_width,24,23,0,True,True,True,True,True
test/ANGRY/5731342734296525-ANGRY.v17.npz,data/local/citizen100_v17/raw/test/ANGRY/5731342734296525-ANGRY.mp4,test,ANGRY,landscape,640,480,57,45,0.7135045830000006,0.7017543859649122,0.8888888888888888,0.791015625,0.90625,0.6953125,0.9111111111111111,shoulder_width,38,37,0,True,True,True,True,True
test/ANGRY/6963305702261142-ANGRY.v17.npz,data/local/citizen100_v17/raw/test/ANGRY/6963305702261142-ANGRY.mp4,test,ANGRY,landscape,640,480,64,33,0.6503046660000003,0.421875,0.8181818181818182,0.77392578125,0.75,0.3828125,0.7575757575757576,shoulder_width,27,24,0,True,True,True,True,True
test/ANSWER/038831068133655444-ANSWER.v17.npz,data/local/citizen100_v17/raw/test/ANSWER/038831068133655444-ANSWER.mp4,test,ANSWER,landscape,640,480,68,37,0.7140513750000004,0.4852941176470588,0.8918918918918919,0.78271484375,0.875,0.765625,0.8918918918918919,shoulder_width,31,31,0,True,True,True,True,True
test/ANSWER/2584538399118186-ANSWER.v17.npz,data/local/citizen100_v17/raw/test/ANSWER/2584538399118186-ANSWER.mp4,test,ANSWER,landscape,640,480,74,38,0.7621198749999998,0.4594594594594595,0.8947368421052632,0.78564453125,0.875,0.5,0.868421052631579,shoulder_width,33,28,0,True,True,True,True,True
test/ANSWER/32688197878153513-ANSWER.v17.npz,data/local/citizen100_v17/raw/test/ANSWER/32688197878153513-ANSWER.mp4,test,ANSWER,landscape,640,480,78,34,0.781165875000001,0.38461538461538464,0.8823529411764706,0.7724609375,0.71875,0.015625,0.029411764705882353,shoulder_width,29,29,0,True,True,True,True,True
test/ANSWER/5174718503736164-ANSWER.v17.npz,data/local/citizen100_v17/raw/test/ANSWER/5174718503736164-ANSWER.mp4,test,ANSWER,landscape,640,480,81,41,0.8587044580000018,0.4567901234567901,0.9024390243902439,0.84375,0.78125,0.4609375,0.8048780487804879,shoulder_width,34,35,0,True,True,True,True,True
test/ANSWER/5222996699729119-ANSWER.v17.npz,data/local/citizen100_v17/raw/test/ANSWER/5222996699729119-ANSWER.mp4,test,ANSWER,landscape,640,480,55,29,0.5671682090000019,0.43636363636363634,0.8275862068965517,0.66748046875,0.875,0.6640625,0.8620689655172413,shoulder_width,22,17,0,True,True,True,True,True
test/ANSWER/5903671553777192-ANSWER.v17.npz,data/local/citizen100_v17/raw/test/ANSWER/5903671553777192-ANSWER.mp4,test,ANSWER,landscape,640,480,76,34,0.741784041999999,0.39473684210526316,0.8823529411764706,0.80517578125,0.71875,0.609375,0.7352941176470589,shoulder_width,25,30,0,True,True,True,True,True
test/ANSWER/6092413832118095-ANSWER.v17.npz,data/local/citizen100_v17/raw/test/ANSWER/6092413832118095-ANSWER.mp4,test,ANSWER,landscape,640,480,52,30,0.5605967919999983,0.5,0.8666666666666667,0.765625,0.84375,0.0,0.0,palm_length,26,21,0,True,True,True,True,True
test/ANSWER/6813521489314345-ANSWER.v17.npz,data/local/citizen100_v17/raw/test/ANSWER/6813521489314345-ANSWER.mp4,test,ANSWER,landscape,640,480,61,31,0.6753934579999985,0.4426229508196721,0.8709677419354839,0.7900390625,0.8125,0.2109375,0.2903225806451613,shoulder_width,27,24,0,True,True,True,True,True
test/ANSWER/7019385976188686-ANSWER.v17.npz,data/local/citizen100_v17/raw/test/ANSWER/7019385976188686-ANSWER.mp4,test,ANSWER,landscape,640,480,44,32,0.5149825000000021,0.6363636363636364,0.875,0.66943359375,0.78125,0.46875,0.78125,shoulder_width,18,28,0,True,True,True,True,True
test/ANSWER/7375721126518286-ANSWER.v17.npz,data/local/citizen100_v17/raw/test/ANSWER/7375721126518286-ANSWER.mp4,test,ANSWER,landscape,640,480,39,20,0.39612424999999973,0.38461538461538464,0.75,0.61328125,0.46875,0.015625,0.05,shoulder_width,13,14,0,True,True,True,True,True
test/ANSWER/9001924267286656-ANSWER.v17.npz,data/local/citizen100_v17/raw/test/ANSWER/9001924267286656-ANSWER.mp4,test,ANSWER,landscape,640,480,95,55,1.0344475000000024,0.5263157894736842,0.9090909090909091,0.77685546875,0.75,0.7109375,0.7454545454545455,shoulder_width,41,47,0,True,True,True,True,True
test/ANSWER/950990034891215-ANSWER.v17.npz,data/local/citizen100_v17/raw/test/ANSWER/950990034891215-ANSWER.mp4,test,ANSWER,landscape,960,540,70,33,0.8363120829999993,0.38571428571428573,0.8181818181818182,0.619140625,1.0,0.6484375,1.0,shoulder_width,20,25,0,True,True,True,True,True
test/ASK/12427744708858346-ASK.v17.npz,data/local/citizen100_v17/raw/test/ASK/12427744708858346-ASK.mp4,test,ASK,landscape,640,480,34,21,0.3821263750000021,0.5,0.8095238095238095,0.40185546875,0.8125,0.0234375,0.047619047619047616,shoulder_width,17,0,0,True,True,True,True,True
test/ASK/17597114212490883-ASK.v17.npz,data/local/citizen100_v17/raw/test/ASK/17597114212490883-ASK.mp4,test,ASK,landscape,960,540,66,26,0.7211342500000022,0.3333333333333333,0.8461538461538461,0.37353515625,0.96875,0.4921875,0.9615384615384616,shoulder_width,0,22,0,True,True,True,True,True
test/ASK/32589649401310283-ASK.v17.npz,data/local/citizen100_v17/raw/test/ASK/32589649401310283-ASK.mp4,test,ASK,landscape,640,480,30,25,0.31340950000000234,0.7,0.84,0.40478515625,0.6875,0.0234375,0.04,shoulder_width,21,0,0,True,True,True,True,True
test/ASK/375964197411883-ASK.v17.npz,data/local/citizen100_v17/raw/test/ASK/375964197411883-ASK.mp4,test,ASK,landscape,640,480,34,21,0.3740828329999992,0.5,0.8095238095238095,0.395751953125,0.8125,0.015625,0.047619047619047616,shoulder_width,17,0,0,True,True,True,True,True
test/ASK/4229331784858039-ASK.v17.npz,data/local/citizen100_v17/raw/test/ASK/4229331784858039-ASK.mp4,test,ASK,landscape,640,480,48,29,0.47316795799999767,0.5208333333333334,0.8620689655172413,0.4189453125,0.875,0.59375,0.8620689655172413,shoulder_width,0,25,0,True,True,True,True,True
test/ASK/5187180924403598-ASK.v17.npz,data/local/citizen100_v17/raw/test/ASK/5187180924403598-ASK.mp4,test,ASK,landscape,640,480,55,37,0.5782784159999999,0.6,0.8918918918918919,0.428466796875,0.875,0.5625,0.8918918918918919,shoulder_width,0,33,0,True,True,True,True,True
test/ASK/5976950094284144-ASK.v17.npz,data/local/citizen100_v17/raw/test/ASK/5976950094284144-ASK.mp4,test,ASK,landscape,640,480,49,27,0.4950992079999992,0.46938775510204084,0.8518518518518519,0.430908203125,0.9375,0.0,0.0,palm_length,23,0,0,True,True,True,True,True
test/ASK/6099192272966338-ASK.v17.npz,data/local/citizen100_v17/raw/test/ASK/6099192272966338-ASK.mp4,test,ASK,landscape,640,480,83,44,0.7904986659999977,0.4819277108433735,0.9090909090909091,0.427734375,0.90625,0.90625,0.9318181818181818,shoulder_width,0,40,0,True,True,True,True,True
test/ASK/6455677348837485-ASK.v17.npz,data/local/citizen100_v17/raw/test/ASK/6455677348837485-ASK.mp4,test,ASK,landscape,640,480,58,27,0.6056600420000002,0.3793103448275862,0.8148148148148148,0.416015625,0.625,0.3125,0.6296296296296297,shoulder_width,0,22,0,True,True,True,True,True
test/ASK/6754054426478515-ASK.v17.npz,data/local/citizen100_v17/raw/test/ASK/6754054426478515-ASK.mp4,test,ASK,landscape,640,480,78,34,0.7625585420000007,0.38461538461538464,0.8823529411764706,0.42333984375,0.71875,0.4296875,0.7352941176470589,shoulder_width,0,30,0,True,True,True,True,True
test/ASK/7989597695584512-ASK.v17.npz,data/local/citizen100_v17/raw/test/ASK/7989597695584512-ASK.mp4,test,ASK,landscape,640,480,96,49,0.9648866670000018,0.4583333333333333,0.8979591836734694,0.430908203125,0.84375,0.71875,0.8367346938775511,shoulder_width,0,44,0,True,True,True,True,True
test/ASK/8702889283080875-ASK.v17.npz,data/local/citizen100_v17/raw/test/ASK/8702889283080875-ASK.mp4,test,ASK,landscape,640,480,81,46,0.8175950000000007,0.5185185185185185,0.9130434782608695,0.43310546875,0.875,0.8359375,0.8913043478260869,shoulder_width,0,42,0,True,True,True,True,True
test/ASK/8926729576160704-ASK.v17.npz,data/local/citizen100_v17/raw/test/ASK/8926729576160704-ASK.mp4,test,ASK,landscape,640,480,65,28,0.6283574589999965,0.35384615384615387,0.8214285714285714,0.3935546875,0.59375,0.1640625,0.03571428571428571,shoulder_width,0,23,0,True,True,True,True,True
test/BAD/09145990846220031-BAD.v17.npz,data/local/citizen100_v17/raw/test/BAD/09145990846220031-BAD.mp4,test,BAD,landscape,640,480,45,31,0.4750945830000006,0.6,0.8709677419354839,0.422607421875,0.8125,0.015625,0.03225806451612903,shoulder_width,27,0,0,True,True,True,True,True
test/BAD/1583686602856138-BAD.v17.npz,data/local/citizen100_v17/raw/test/BAD/1583686602856138-BAD.mp4,test,BAD,landscape,640,480,80,42,0.8095260830000015,0.475,0.9047619047619048,0.435302734375,0.78125,0.6875,0.7857142857142857,shoulder_width,0,38,0,True,True,True,True,True
test/BAD/21076084261461991-BAD.v17.npz,data/local/citizen100_v17/raw/test/BAD/21076084261461991-BAD.mp4,test,BAD,landscape,960,540,41,22,0.5669052500000049,0.4146341463414634,0.7727272727272727,0.397216796875,0.40625,0.3046875,0.4090909090909091,shoulder_width,0,17,0,True,True,True,True,True
test/BAD/24751730661041682-BAD.v17.npz,data/local/citizen100_v17/raw/test/BAD/24751730661041682-BAD.mp4,test,BAD,landscape,640,480,71,40,0.7202687919999988,0.5070422535211268,0.9,0.435302734375,0.8125,0.6171875,0.825,shoulder_width,0,36,0,True,True,True,True,True
test/BAD/300065378201829-BAD.v17.npz,data/local/citizen100_v17/raw/test/BAD/300065378201829-BAD.mp4,test,BAD,landscape,640,480,96,69,1.1193660409999993,0.4895833333333333,0.6811594202898551,0.468017578125,0.90625,0.90625,0.9420289855072463,shoulder_width,25,42,0,True,True,True,True,True
test/BAD/34169036359301463-BAD.v17.npz,data/local/citizen100_v17/raw/test/BAD/34169036359301463-BAD.mp4,test,BAD,landscape,640,480,66,28,0.6338633339999973,0.3181818181818182,0.75,0.37939453125,0.90625,0.4609375,0.8928571428571429,shoulder_width,1,20,0,True,True,True,True,True
test/BAD/3763434553768781-BAD.v17.npz,data/local/citizen100_v17/raw/test/BAD/3763434553768781-BAD.mp4,test,BAD,landscape,960,540,73,31,0.8001308329999972,0.3698630136986301,0.8709677419354839,0.415283203125,0.5625,0.4296875,0.5483870967741935,shoulder_width,0,27,0,True,True,True,True,True
test/BAD/4720037702546913-BAD.v17.npz,data/local/citizen100_v17/raw/test/BAD/4720037702546913-BAD.mp4,test,BAD,landscape,640,480,55,34,0.5975321660000006,0.4727272727272727,0.7647058823529411,0.3154296875,0.71875,0.0,0.0,palm_length,26,0,0,True,True,True,True,True
test/BAD/8834295053246077-BAD.v17.npz,data/local/citizen100_v17/raw/test/BAD/8834295053246077-BAD.mp4,test,BAD,landscape,640,480,42,21,0.4347747919999989,0.40476190476190477,0.8095238095238095,0.402587890625,0.84375,0.84375,0.8095238095238095,shoulder_width,0,17,0,True,True,True,True,True
test/BAD/9411549614200669-BAD.v17.npz,data/local/citizen100_v17/raw/test/BAD/9411549614200669-BAD.mp4,test,BAD,landscape,640,480,42,17,0.3941105829999998,0.30952380952380953,0.7647058823529411,0.364501953125,0.5625,0.421875,0.5294117647058824,shoulder_width,13,0,0,True,True,True,True,True
test/BAD/9701304221413551-BAD.v17.npz,data/local/citizen100_v17/raw/test/BAD/9701304221413551-BAD.mp4,test,BAD,landscape,640,480,92,54,0.9576063330000011,0.5434782608695652,0.9259259259259259,0.44580078125,0.90625,0.6875,0.9074074074074074,shoulder_width,0,50,0,True,True,True,True,True
test/BAD/9739528719901436-BAD.v17.npz,data/local/citizen100_v17/raw/test/BAD/9739528719901436-BAD.mp4,test,BAD,landscape,640,480,52,34,0.6432304579999979,0.5769230769230769,0.8823529411764706,0.424072265625,0.71875,0.6640625,0.7352941176470589,shoulder_width,30,0,0,True,True,True,True,True
test/BAD/9781465154800835-BAD.v17.npz,data/local/citizen100_v17/raw/test/BAD/9781465154800835-BAD.mp4,test,BAD,landscape,640,480,49,30,0.5296679590000011,0.5306122448979592,0.8666666666666667,0.425537109375,0.84375,0.7734375,0.8333333333333334,shoulder_width,0,26,0,True,True,True,True,True
test/BIG/0016996799439721322-BIG.v17.npz,data/local/citizen100_v17/raw/test/BIG/0016996799439721322-BIG.mp4,test,BIG,landscape,640,480,70,32,0.8352909579999945,0.38571428571428573,0.84375,0.7744140625,0.78125,0.0859375,0.03125,shoulder_width,26,25,0,True,True,True,True,True
test/BIG/0017391516388771677-BIG.v17.npz,data/local/citizen100_v17/raw/test/BIG/0017391516388771677-BIG.mp4,test,BIG,landscape,640,480,30,20,0.4027712500000007,0.5333333333333333,0.8,0.744140625,0.84375,0.7421875,0.85,shoulder_width,15,16,0,True,True,True,True,True
test/BIG/05510116410900956-BIG.v17.npz,data/local/citizen100_v17/raw/test/BIG/05510116410900956-BIG.mp4,test,BIG,landscape,640,480,81,38,0.9151074170000015,0.41975308641975306,0.8947368421052632,0.82568359375,0.65625,0.0,0.0,palm_length,32,33,0,True,True,True,True,True
test/BIG/057757538512823725-BIG.v17.npz,data/local/citizen100_v17/raw/test/BIG/057757538512823725-BIG.mp4,test,BIG,landscape,640,480,84,37,0.9332517920000001,0.39285714285714285,0.8918918918918919,0.79931640625,0.6875,0.3203125,0.05405405405405406,shoulder_width,31,31,0,True,True,True,True,True
test/BIG/39731854478846107-BIG.v17.npz,data/local/citizen100_v17/raw/test/BIG/39731854478846107-BIG.mp4,test,BIG,landscape,640,480,78,37,0.8568488750000043,0.41025641025641024,0.8648648648648649,0.79443359375,0.6875,0.5234375,0.6756756756756757,shoulder_width,31,31,0,True,True,True,True,True
test/BIG/42747790982122713-BIG.v17.npz,data/local/citizen100_v17/raw/test/BIG/42747790982122713-BIG.mp4,test,BIG,landscape,640,480,46,27,0.49912837499999796,0.4782608695652174,0.8148148148148148,0.6533203125,0.625,0.0234375,0.037037037037037035,shoulder_width,22,12,0,True,True,True,True,True
test/BIG/44229228959870004-BIG.v17.npz,data/local/citizen100_v17/raw/test/BIG/44229228959870004-BIG.mp4,test,BIG,landscape,640,480,72,38,0.8026116670000008,0.4722222222222222,0.8947368421052632,0.83251953125,0.65625,0.34375,0.23684210526315788,shoulder_width,34,32,0,True,True,True,True,True
test/BIG/6066190917613212-BIG.v17.npz,data/local/citizen100_v17/raw/test/BIG/6066190917613212-BIG.mp4,test,BIG,landscape,640,480,59,32,0.6966567090000026,0.4745762711864407,0.875,0.7626953125,0.78125,0.0390625,0.03125,shoulder_width,28,25,0,True,True,True,True,True
test/BIG/6290782674186028-BIG.v17.npz,data/local/citizen100_v17/raw/test/BIG/6290782674186028-BIG.mp4,test,BIG,landscape,640,480,44,29,0.5546896670000052,0.5227272727272727,0.7931034482758621,0.759765625,0.59375,0.0,0.0,palm_length,20,23,0,True,True,True,True,True
test/BIG/8329466041910012-BIG.v17.npz,data/local/citizen100_v17/raw/test/BIG/8329466041910012-BIG.mp4,test,BIG,landscape,640,480,59,35,0.712726625000002,0.5254237288135594,0.8857142857142857,0.81689453125,0.9375,0.09375,0.05714285714285714,shoulder_width,29,31,0,True,True,True,True,True
test/BIG/8840387735817254-BIG.v17.npz,data/local/citizen100_v17/raw/test/BIG/8840387735817254-BIG.mp4,test,BIG,landscape,960,540,69,31,0.8562962499999998,0.391304347826087,0.8709677419354839,0.77392578125,0.8125,0.4296875,0.5483870967741935,shoulder_width,25,25,0,True,True,True,True,True
test/BIG/9045352684495234-BIG.v17.npz,data/local/citizen100_v17/raw/test/BIG/9045352684495234-BIG.mp4,test,BIG,landscape,640,480,54,38,0.7776562080000033,0.6296296296296297,0.8947368421052632,0.818359375,0.84375,0.3359375,0.2631578947368421,shoulder_width,32,34,0,True,True,True,True,True
test/CHILD/024576731392269124-CHILD.v17.npz,data/local/citizen100_v17/raw/test/CHILD/024576731392269124-CHILD.mp4,test,CHILD,landscape,640,480,80,38,0.7573950000000025,0.4125,0.868421052631579,0.418212890625,0.84375,0.2265625,0.4473684210526316,shoulder_width,0,33,0,True,True,True,True,True
test/CHILD/12316183317611928-CHILD.v17.npz,data/local/citizen100_v17/raw/test/CHILD/12316183317611928-CHILD.mp4,test,CHILD,landscape,640,480,37,24,0.38087837499999466,0.5405405405405406,0.8333333333333334,0.3876953125,0.71875,0.0,0.0,palm_length,20,0,0,True,True,True,True,True
test/CHILD/28229140811260867-CHILD.v17.npz,data/local/citizen100_v17/raw/test/CHILD/28229140811260867-CHILD.mp4,test,CHILD,landscape,640,480,96,61,0.9896144169999985,0.3958333333333333,0.6229508196721312,0.311767578125,0.78125,0.265625,0.5409836065573771,shoulder_width,0,38,0,True,True,True,True,True
test/CHILD/45937742597396625-CHILD.v17.npz,data/local/citizen100_v17/raw/test/CHILD/45937742597396625-CHILD.mp4,test,CHILD,landscape,640,480,96,42,1.0306530410000008,0.3958333333333333,0.9047619047619048,0.4375,0.78125,0.734375,0.7857142857142857,shoulder_width,0,38,0,True,True,True,True,True
test/CHILD/48397958306755084-CHILD.v17.npz,data/local/citizen100_v17/raw/test/CHILD/48397958306755084-CHILD.mp4,test,CHILD,landscape,640,480,47,33,0.5153157089999993,0.6170212765957447,0.8787878787878788,0.418212890625,0.75,0.4453125,0.7575757575757576,shoulder_width,29,0,0,True,True,True,True,True
test/CHILD/6538776328239029-CHILD.v17.npz,data/local/citizen100_v17/raw/test/CHILD/6538776328239029-CHILD.mp4,test,CHILD,landscape,640,480,46,40,0.5140472920000008,0.7391304347826086,0.85,0.43017578125,0.84375,0.7890625,0.825,shoulder_width,34,0,0,True,True,True,True,True
test/CHILD/6685505341213378-CHILD.v17.npz,data/local/citizen100_v17/raw/test/CHILD/6685505341213378-CHILD.mp4,test,CHILD,landscape,640,480,94,56,1.0882967080000014,0.5531914893617021,0.9285714285714286,0.44873046875,0.875,0.8359375,0.875,shoulder_width,0,52,0,True,True,True,True,True
test/CHILD/748665532922103-CHILD.v17.npz,data/local/citizen100_v17/raw/test/CHILD/748665532922103-CHILD.mp4,test,CHILD,landscape,640,480,80,36,0.7633409170000007,0.4,0.8888888888888888,0.416015625,0.71875,0.5390625,0.6944444444444444,shoulder_width,0,32,0,True,True,True,True,True
test/CHILD/7964401394096523-CHILD.v17.npz,data/local/citizen100_v17/raw/test/CHILD/7964401394096523-CHILD.mp4,test,CHILD,landscape,640,480,96,54,1.1339534170000007,0.5208333333333334,0.9259259259259259,0.465087890625,0.90625,0.015625,0.018518518518518517,shoulder_width,50,0,0,True,True,True,True,True
test/CHILD/8037284578101263-CHILD.v17.npz,data/local/citizen100_v17/raw/test/CHILD/8037284578101263-CHILD.mp4,test,CHILD,landscape,640,480,74,52,0.9477861670000038,0.6486486486486487,0.9230769230769231,0.432373046875,0.9375,0.703125,0.7884615384615384,shoulder_width,0,48,0,True,True,True,True,True
test/COLD/13808032394299397-COLD.v17.npz,data/local/citizen100_v17/raw/test/COLD/13808032394299397-COLD.mp4,test,COLD,landscape,640,480,69,35,0.8142210000000034,0.42028985507246375,0.8285714285714286,0.72900390625,0.9375,0.53125,0.7142857142857143,shoulder_width,26,26,0,True,True,True,True,True
test/COLD/24896762367775405-COLD.v17.npz,data/local/citizen100_v17/raw/test/COLD/24896762367775405-COLD.mp4,test,COLD,landscape,640,480,96,63,1.1523596250000026,0.4166666666666667,0.6349206349206349,0.55078125,0.90625,0.7578125,0.9047619047619048,shoulder_width,36,36,0,True,True,True,True,True
test/COLD/35901832143458634-COLD.v17.npz,data/local/citizen100_v17/raw/test/COLD/35901832143458634-COLD.mp4,test,COLD,landscape,640,480,96,47,1.1270561669999992,0.4479166666666667,0.9148936170212766,0.796875,0.84375,0.640625,0.8723404255319149,shoulder_width,34,43,0,True,True,True,True,True
test/COLD/39972345824182876-COLD.v17.npz,data/local/citizen100_v17/raw/test/COLD/39972345824182876-COLD.mp4,test,COLD,landscape,640,480,72,36,0.7995019580000005,0.3888888888888889,0.7777777777777778,0.712890625,0.90625,0.2421875,0.4722222222222222,shoulder_width,28,24,0,True,True,True,True,True
test/COLD/5240740115211979-COLD.v17.npz,data/local/citizen100_v17/raw/test/COLD/5240740115211979-COLD.mp4,test,COLD,landscape,960,540,72,43,0.9159609580000065,0.4305555555555556,0.7209302325581395,0.58056640625,0.9375,0.9375,0.9534883720930233,shoulder_width,18,30,0,True,True,True,True,True
test/COLD/5656596623886962-COLD.v17.npz,data/local/citizen100_v17/raw/test/COLD/5656596623886962-COLD.mp4,test,COLD,landscape,640,480,57,38,0.7293693339999976,0.5964912280701754,0.8947368421052632,0.8095703125,0.84375,0.4453125,0.868421052631579,shoulder_width,33,33,0,True,True,True,True,True
test/COLD/6465425806300451-COLD.v17.npz,data/local/citizen100_v17/raw/test/COLD/6465425806300451-COLD.mp4,test,COLD,landscape,640,480,96,48,1.0562803329999895,0.4479166666666667,0.8958333333333334,0.83837890625,0.84375,0.84375,0.8541666666666666,shoulder_width,40,42,0,True,True,True,True,True
test/COLD/6663708012671183-COLD.v17.npz,data/local/citizen100_v17/raw/test/COLD/6663708012671183-COLD.mp4,test,COLD,landscape,960,540,39,24,0.4888591250000047,0.48717948717948717,0.7916666666666666,0.67431640625,0.6875,0.34375,0.7083333333333334,shoulder_width,15,17,0,True,True,True,True,True
test/COLD/7197986410822153-COLD.v17.npz,data/local/citizen100_v17/raw/test/COLD/7197986410822153-COLD.mp4,test,COLD,landscape,640,480,37,22,0.474454417000004,0.4864864864864865,0.8181818181818182,0.7490234375,0.78125,0.0,0.0,palm_length,17,17,0,True,True,True,True,True
test/COLD/7255958576286803-COLD.v17.npz,data/local/citizen100_v17/raw/test/COLD/7255958576286803-COLD.mp4,test,COLD,landscape,640,480,61,39,0.7962812919999891,0.5737704918032787,0.8974358974358975,0.80859375,0.84375,0.0,0.0,palm_length,31,35,0,True,True,True,True,True
test/COLD/8267310129123884-COLD.v17.npz,data/local/citizen100_v17/raw/test/COLD/8267310129123884-COLD.mp4,test,COLD,landscape,640,480,34,18,0.37972987499999533,0.4117647058823529,0.7777777777777778,0.6162109375,0.5,0.265625,0.05555555555555555,shoulder_width,12,12,0,True,True,True,True,True
test/COLD/9555650488531451-COLD.v17.npz,data/local/citizen100_v17/raw/test/COLD/9555650488531451-COLD.mp4,test,COLD,landscape,640,480,53,34,0.716205833999993,0.5660377358490566,0.8823529411764706,0.74755859375,0.71875,0.6640625,0.7352941176470589,shoulder_width,22,29,0,True,True,True,True,True
test/COME/21374230308157083-COME.v17.npz,data/local/citizen100_v17/raw/test/COME/21374230308157083-COME.mp4,test,COME,landscape,640,480,89,42,0.9495519580000007,0.42696629213483145,0.9047619047619048,0.4189453125,0.78125,0.78125,0.7857142857142857,shoulder_width,0,38,0,True,True,True,True,True
test/COME/34581625896023915-COME.v17.npz,data/local/citizen100_v17/raw/test/COME/34581625896023915-COME.mp4,test,COME,landscape,640,480,42,27,0.4482492909999962,0.47619047619047616,0.7407407407407407,0.337158203125,0.9375,0.1875,0.3333333333333333,shoulder_width,20,0,0,True,True,True,True,True
test/COME/43531964221110075-COME.v17.npz,data/local/citizen100_v17/raw/test/COME/43531964221110075-COME.mp4,test,COME,landscape,960,540,62,25,0.7146555000000063,0.3064516129032258,0.76,0.3623046875,0.6875,0.359375,0.68,shoulder_width,0,19,0,True,True,True,True,True
test/COME/5170125336404756-COME.v17.npz,data/local/citizen100_v17/raw/test/COME/5170125336404756-COME.mp4,test,COME,landscape,640,480,55,26,0.5785259580000002,0.4,0.8461538461538461,0.41455078125,0.65625,0.4921875,0.6538461538461539,shoulder_width,0,22,0,True,True,True,True,True
test/COME/5358275641298946-COME.v17.npz,data/local/citizen100_v17/raw/test/COME/5358275641298946-COME.mp4,test,COME,landscape,640,480,43,16,0.4394149999999968,0.27906976744186046,0.75,0.364501953125,0.5625,0.296875,0.5625,shoulder_width,12,0,0,True,True,True,True,True
test/COME/5556821084355537-COME.v17.npz,data/local/citizen100_v17/raw/test/COME/5556821084355537-COME.mp4,test,COME,landscape,640,480,67,18,0.7957010420000046,0.208955223880597,0.7777777777777778,0.358642578125,0.96875,0.140625,0.05555555555555555,shoulder_width,0,14,0,True,True,True,True,True
test/COME/5602506471677693-COME.v17.npz,data/local/citizen100_v17/raw/test/COME/5602506471677693-COME.mp4,test,COME,landscape,640,480,56,40,0.7567915839999984,0.625,0.875,0.39892578125,0.84375,0.0,0.0,palm_length,0,35,0,True,True,True,True,True
test/COME/7366178620686341-COME.v17.npz,data/local/citizen100_v17/raw/test/COME/7366178620686341-COME.mp4,test,COME,landscape,640,480,96,70,0.9771190419999982,0.4895833333333333,0.6714285714285714,0.333984375,0.90625,0.90625,0.9285714285714286,shoulder_width,0,47,0,True,True,True,True,True
test/COME/7399984921358038-COME.v17.npz,data/local/citizen100_v17/raw/test/COME/7399984921358038-COME.mp4,test,COME,landscape,640,480,71,32,0.7061319580000003,0.352112676056338,0.78125,0.396484375,0.78125,0.2734375,0.53125,shoulder_width,0,25,0,True,True,True,True,True
test/COME/7403167170909308-COME.v17.npz,data/local/citizen100_v17/raw/test/COME/7403167170909308-COME.mp4,test,COME,landscape,640,480,49,35,0.5240522910000038,0.6122448979591837,0.8571428571428571,0.411376953125,0.9375,0.828125,0.9428571428571428,shoulder_width,30,0,0,True,True,True,True,True
test/COME/7589467495928648-COME.v17.npz,data/local/citizen100_v17/raw/test/COME/7589467495928648-COME.mp4,test,COME,landscape,640,480,94,39,0.9053853329999981,0.3404255319148936,0.8205128205128205,0.391357421875,0.84375,0.640625,0.8461538461538461,shoulder_width,0,32,0,True,True,True,True,True
test/COME/7634160961141707-COME.v17.npz,data/local/citizen100_v17/raw/test/COME/7634160961141707-COME.mp4,test,COME,landscape,640,480,18,16,0.21080420899998842,0.6666666666666666,0.75,0.400390625,0.5625,0.03125,0.0625,shoulder_width,1,11,0,True,True,True,True,True
test/DAY/041933377714813425-DAY.v17.npz,data/local/citizen100_v17/raw/test/DAY/041933377714813425-DAY.mp4,test,DAY,landscape,640,480,85,42,0.9619185420000065,0.4235294117647059,0.8571428571428571,0.42919921875,0.78125,0.4453125,0.23809523809523808,shoulder_width,0,36,0,True,True,True,True,True
test/DAY/10969487082310203-DAY.v17.npz,data/local/citizen100_v17/raw/test/DAY/10969487082310203-DAY.mp4,test,DAY,landscape,640,480,78,42,0.9147489170000114,0.48717948717948717,0.9047619047619048,0.64892578125,0.78125,0.78125,0.7857142857142857,shoulder_width,20,37,0,True,True,True,True,True
test/DAY/16550862659826127-DAY.v17.npz,data/local/citizen100_v17/raw/test/DAY/16550862659826127-DAY.mp4,test,DAY,landscape,640,480,45,23,0.4685653749999972,0.4222222222222222,0.8260869565217391,0.51953125,0.75,0.3046875,0.391304347826087,shoulder_width,8,14,0,True,True,True,True,True
test/DAY/28152902399199187-DAY.v17.npz,data/local/citizen100_v17/raw/test/DAY/28152902399199187-DAY.mp4,test,DAY,landscape,640,480,96,65,1.1501630000000063,0.65625,0.9692307692307692,0.6552734375,1.0,0.0625,0.015384615384615385,shoulder_width,62,28,0,True,True,True,True,True
test/DAY/5251528190332904-DAY.v17.npz,data/local/citizen100_v17/raw/test/DAY/5251528190332904-DAY.mp4,test,DAY,landscape,640,480,76,38,0.8723422079999921,0.4473684210526316,0.8947368421052632,0.63037109375,0.875,0.6171875,0.2631578947368421,shoulder_width,34,20,0,True,True,True,True,True
test/DAY/565670988607345-DAY.v17.npz,data/local/citizen100_v17/raw/test/DAY/565670988607345-DAY.mp4,test,DAY,landscape,960,540,76,30,0.9409726250000006,0.34210526315789475,0.8666666666666667,0.64453125,0.84375,0.7734375,0.8333333333333334,shoulder_width,16,24,0,True,True,True,True,True
test/DAY/5736244660261602-DAY.v17.npz,data/local/citizen100_v17/raw/test/DAY/5736244660261602-DAY.mp4,test,DAY,landscape,640,480,61,30,0.658489583000005,0.4098360655737705,0.8333333333333334,0.55517578125,0.59375,0.375,0.5666666666666667,shoulder_width,17,14,0,True,True,True,True,True
test/DAY/5760183838475188-DAY.v17.npz,data/local/citizen100_v17/raw/test/DAY/5760183838475188-DAY.mp4,test,DAY,landscape,640,480,96,41,0.9919626249999993,0.3854166666666667,0.9024390243902439,0.490234375,0.78125,0.59375,0.8048780487804879,shoulder_width,7,36,0,True,True,True,True,True
test/DAY/5936998846934827-DAY.v17.npz,data/local/citizen100_v17/raw/test/DAY/5936998846934827-DAY.mp4,test,DAY,landscape,640,480,58,37,0.6177719169999989,0.5689655172413793,0.8918918918918919,0.4091796875,0.875,0.765625,0.8918918918918919,shoulder_width,0,33,0,True,True,True,True,True
test/DAY/895764952106674-DAY.v17.npz,data/local/citizen100_v17/raw/test/DAY/895764952106674-DAY.mp4,test,DAY,landscape,640,480,47,31,0.5303449169999936,0.5531914893617021,0.8387096774193549,0.494140625,0.8125,0.3515625,0.2903225806451613,shoulder_width,24,6,0,True,True,True,True,True
test/DIFFERENT/11916824602064668-DIFFERENT.v17.npz,data/local/citizen100_v17/raw/test/DIFFERENT/11916824602064668-DIFFERENT.mp4,test,DIFFERENT,landscape,640,480,36,23,0.47512545800000794,0.5277777777777778,0.8260869565217391,0.73876953125,0.75,0.75,0.7391304347826086,shoulder_width,18,17,0,True,True,True,True,True
test/DIFFERENT/1396132881023835-DIFFERENT.v17.npz,data/local/citizen100_v17/raw/test/DIFFERENT/1396132881023835-DIFFERENT.mp4,test,DIFFERENT,landscape,640,480,79,33,0.8759921249999962,0.3670886075949367,0.8787878787878788,0.77734375,0.75,0.0234375,0.030303030303030304,shoulder_width,29,27,0,True,True,True,True,True
test/DIFFERENT/1424232561171448-DIFFERENT.v17.npz,data/local/citizen100_v17/raw/test/DIFFERENT/1424232561171448-DIFFERENT.mp4,test,DIFFERENT,landscape,640,480,62,33,0.9140722920000002,0.46774193548387094,0.8787878787878788,0.8154296875,0.75,0.015625,0.030303030303030304,shoulder_width,27,29,0,True,True,True,True,True
test/DIFFERENT/2965096700398744-DIFFERENT.v17.npz,data/local/citizen100_v17/raw/test/DIFFERENT/2965096700398744-DIFFERENT.mp4,test,DIFFERENT,landscape,640,480,89,42,1.1647940829999897,0.42696629213483145,0.9047619047619048,0.78369140625,0.78125,0.78125,0.7857142857142857,shoulder_width,35,34,0,True,True,True,True,True
test/DIFFERENT/33257025326569134-DIFFERENT.v17.npz,data/local/citizen100_v17/raw/test/DIFFERENT/33257025326569134-DIFFERENT.mp4,test,DIFFERENT,landscape,640,480,54,31,0.654175292000005,0.5,0.8709677419354839,0.80712890625,0.8125,0.015625,0.03225806451612903,shoulder_width,24,27,0,True,True,True,True,True
test/DIFFERENT/3353564914863467-DIFFERENT.v17.npz,data/local/citizen100_v17/raw/test/DIFFERENT/3353564914863467-DIFFERENT.mp4,test,DIFFERENT,landscape,640,480,91,43,1.122696542,0.42857142857142855,0.9069767441860465,0.8125,0.78125,0.59375,0.7674418604651163,shoulder_width,35,39,0,True,True,True,True,True
test/DIFFERENT/33923386922379106-DIFFERENT.v17.npz,data/local/citizen100_v17/raw/test/DIFFERENT/33923386922379106-DIFFERENT.mp4,test,DIFFERENT,landscape,640,480,36,25,0.4520277499999992,0.5833333333333334,0.84,0.74267578125,0.6875,0.0234375,0.04,shoulder_width,18,21,0,True,True,True,True,True
test/DIFFERENT/45095520114131094-DIFFERENT.v17.npz,data/local/citizen100_v17/raw/test/DIFFERENT/45095520114131094-DIFFERENT.mp4,test,DIFFERENT,landscape,960,540,75,31,0.8996491669999926,0.36,0.8709677419354839,0.7158203125,0.8125,0.6171875,0.8064516129032258,shoulder_width,23,25,0,True,True,True,True,True
test/DIFFERENT/5796670933717409-DIFFERENT.v17.npz,data/local/citizen100_v17/raw/test/DIFFERENT/5796670933717409-DIFFERENT.mp4,test,DIFFERENT,landscape,640,480,68,27,0.8971925839999955,0.3235294117647059,0.8148148148148148,0.7626953125,0.9375,0.0,0.0,palm_length,21,19,0,True,True,True,True,True
test/DIFFERENT/6678254143999267-DIFFERENT.v17.npz,data/local/citizen100_v17/raw/test/DIFFERENT/6678254143999267-DIFFERENT.mp4,test,DIFFERENT,landscape,640,480,36,22,0.42224241699999254,0.5,0.8181818181818182,0.734375,0.78125,0.5,0.7727272727272727,shoulder_width,18,15,0,True,True,True,True,True
test/DIFFERENT/964555656949428-DIFFERENT.v17.npz,data/local/citizen100_v17/raw/test/DIFFERENT/964555656949428-DIFFERENT.mp4,test,DIFFERENT,landscape,640,480,92,39,0.989396584000005,0.3804347826086957,0.8974358974358975,0.76953125,0.84375,0.6953125,0.8461538461538461,shoulder_width,31,34,0,True,True,True,True,True
test/DIFFERENT/9980976822183554-DIFFERENT.v17.npz,data/local/citizen100_v17/raw/test/DIFFERENT/9980976822183554-DIFFERENT.mp4,test,DIFFERENT,landscape,640,480,96,63,1.126270125000005,0.4583333333333333,0.6984126984126984,0.6494140625,0.90625,0.8203125,0.9047619047619048,shoulder_width,41,44,0,True,True,True,True,True
test/DOCTOR/10235419238080246-DOCTOR.v17.npz,data/local/citizen100_v17/raw/test/DOCTOR/10235419238080246-DOCTOR.mp4,test,DOCTOR,landscape,640,480,96,67,1.1061627919999921,0.4791666666666667,0.6865671641791045,0.61474609375,0.8125,0.7578125,0.8507462686567164,shoulder_width,40,47,0,True,True,True,True,True
test/DOCTOR/24148489161621667-DOCTOR.v17.npz,data/local/citizen100_v17/raw/test/DOCTOR/24148489161621667-DOCTOR.mp4,test,DOCTOR,landscape,640,480,96,56,1.252726249999995,0.5416666666666666,0.9285714285714286,0.7626953125,0.875,0.875,0.875,shoulder_width,52,50,0,True,True,True,True,True
test/DOCTOR/4562410324561714-DOCTOR.v17.npz,data/local/citizen100_v17/raw/test/DOCTOR/4562410324561714-DOCTOR.mp4,test,DOCTOR,landscape,640,480,96,61,1.2064382079999945,0.5729166666666666,0.9016393442622951,0.7744140625,0.78125,0.65625,0.8032786885245902,shoulder_width,43,55,0,True,True,True,True,True
test/DOCTOR/47499935380223457-DOCTOR.v17.npz,data/local/citizen100_v17/raw/test/DOCTOR/47499935380223457-DOCTOR.mp4,test,DOCTOR,landscape,640,480,74,65,1.0671298329999956,0.8108108108108109,0.9230769230769231,0.7431640625,0.84375,0.6328125,0.8769230769230769,shoulder_width,49,56,0,True,True,True,True,True
test/DOCTOR/5581232316752696-DOCTOR.v17.npz,data/local/citizen100_v17/raw/test/DOCTOR/5581232316752696-DOCTOR.mp4,test,DOCTOR,landscape,960,540,40,29,0.6341297910000065,0.6,0.8275862068965517,0.7412109375,0.875,0.046875,0.06896551724137931,shoulder_width,23,20,0,True,True,True,True,True
test/DOCTOR/6317981219856195-DOCTOR.v17.npz,data/local/citizen100_v17/raw/test/DOCTOR/6317981219856195-DOCTOR.mp4,test,DOCTOR,landscape,640,480,96,46,1.165346458000002,0.4375,0.9130434782608695,0.78662109375,0.875,0.578125,0.5434782608695652,shoulder_width,39,41,0,True,True,True,True,True
test/DOCTOR/7445793484729137-DOCTOR.v17.npz,data/local/citizen100_v17/raw/test/DOCTOR/7445793484729137-DOCTOR.mp4,test,DOCTOR,landscape,640,480,96,49,1.1163820829999906,0.46875,0.9183673469387755,0.86669921875,0.8125,0.65625,0.8367346938775511,shoulder_width,43,43,0,True,True,True,True,True
test/DOCTOR/7521886156148518-DOCTOR.v17.npz,data/local/citizen100_v17/raw/test/DOCTOR/7521886156148518-DOCTOR.mp4,test,DOCTOR,landscape,640,480,51,26,0.5872470829999941,0.4117647058823529,0.8076923076923077,0.7275390625,0.65625,0.3359375,0.6538461538461539,shoulder_width,19,20,0,True,True,True,True,True
test/DOCTOR/8190675496752149-DOCTOR.v17.npz,data/local/citizen100_v17/raw/test/DOCTOR/8190675496752149-DOCTOR.mp4,test,DOCTOR,landscape,640,480,70,46,0.8656057500000003,0.6,0.9130434782608695,0.8662109375,0.71875,0.0,0.0,palm_length,40,42,0,True,True,True,True,True
test/DOCTOR/8602629471905943-DOCTOR.v17.npz,data/local/citizen100_v17/raw/test/DOCTOR/8602629471905943-DOCTOR.mp4,test,DOCTOR,landscape,640,480,43,43,0.6077747499999901,1.0,1.0,0.76416015625,0.9375,0.7578125,0.9534883720930233,shoulder_width,22,43,0,True,True,True,True,True
test/DOCTOR/9118339081222133-DOCTOR.v17.npz,data/local/citizen100_v17/raw/test/DOCTOR/9118339081222133-DOCTOR.mp4,test,DOCTOR,landscape,640,480,51,31,0.6042427499999974,0.5294117647058824,0.8709677419354839,0.76123046875,0.8125,0.8125,0.8064516129032258,shoulder_width,18,28,0,True,True,True,True,True
test/DOCTOR/9146418667919027-DOCTOR.v17.npz,data/local/citizen100_v17/raw/test/DOCTOR/9146418667919027-DOCTOR.mp4,test,DOCTOR,landscape,640,480,78,35,0.9138990000000007,0.3974358974358974,0.8857142857142857,0.79443359375,0.9375,0.6484375,0.9428571428571428,shoulder_width,29,30,0,True,True,True,True,True
test/DOCTOR/9878802442857508-DOCTOR.v17.npz,data/local/citizen100_v17/raw/test/DOCTOR/9878802442857508-DOCTOR.mp4,test,DOCTOR,landscape,960,540,78,34,1.0079745829999922,0.3333333333333333,0.7647058823529411,0.64306640625,0.96875,0.7421875,0.9705882352941176,shoulder_width,23,24,0,True,True,True,True,True
test/DRINK/06473784191201326-DRINK.v17.npz,data/local/citizen100_v17/raw/test/DRINK/06473784191201326-DRINK.mp4,test,DRINK,landscape,640,480,93,77,1.0750311249999953,0.7204301075268817,0.8701298701298701,0.421875,0.9375,0.671875,0.8441558441558441,shoulder_width,39,31,0,True,True,True,True,True
test/DRINK/09371248383875841-DRINK.v17.npz,data/local/citizen100_v17/raw/test/DRINK/09371248383875841-DRINK.mp4,test,DRINK,landscape,640,480,96,42,0.9727387080000085,0.3958333333333333,0.9047619047619048,0.4375,0.78125,0.734375,0.7857142857142857,shoulder_width,0,38,0,True,True,True,True,True
test/DRINK/1184248496668674-DRINK.v17.npz,data/local/citizen100_v17/raw/test/DRINK/1184248496668674-DRINK.mp4,test,DRINK,landscape,640,480,45,29,0.499528208000001,0.5555555555555556,0.8620689655172413,0.4345703125,0.875,0.0,0.0,palm_length,25,0,0,True,True,True,True,True
test/DRINK/21698877434119446-DRINK.v17.npz,data/local/citizen100_v17/raw/test/DRINK/21698877434119446-DRINK.mp4,test,DRINK,landscape,640,480,49,31,0.5289129169999995,0.5510204081632653,0.8709677419354839,0.4248046875,0.8125,0.484375,0.03225806451612903,shoulder_width,0,27,0,True,True,True,True,True
test/DRINK/2505702369833467-DRINK.v17.npz,data/local/citizen100_v17/raw/test/DRINK/2505702369833467-DRINK.mp4,test,DRINK,landscape,640,480,41,26,0.4522542079999994,0.5121951219512195,0.8076923076923077,0.40185546875,0.65625,0.015625,0.038461538461538464,shoulder_width,21,0,0,True,True,True,True,True
test/DRINK/40358209943047574-DRINK.v17.npz,data/local/citizen100_v17/raw/test/DRINK/40358209943047574-DRINK.mp4,test,DRINK,landscape,640,480,96,41,0.9498462920000037,0.375,0.8780487804878049,0.41455078125,1.0,0.5234375,0.24390243902439024,shoulder_width,0,36,0,True,True,True,True,True
test/DRINK/4266956774131161-DRINK.v17.npz,data/local/citizen100_v17/raw/test/DRINK/4266956774131161-DRINK.mp4,test,DRINK,landscape,640,480,23,15,0.241174541999996,0.4782608695652174,0.7333333333333333,0.331787109375,0.625,0.0,0.0,palm_length,11,0,0,True,True,True,True,True
test/DRINK/6657698379837473-DRINK.v17.npz,data/local/citizen100_v17/raw/test/DRINK/6657698379837473-DRINK.mp4,test,DRINK,landscape,640,480,68,31,0.6826045410000035,0.38235294117647056,0.8387096774193549,0.39501953125,0.5625,0.25,0.2903225806451613,shoulder_width,0,26,0,True,True,True,True,True
test/DRINK/6863272868161578-DRINK.v17.npz,data/local/citizen100_v17/raw/test/DRINK/6863272868161578-DRINK.mp4,test,DRINK,landscape,640,480,73,24,0.708077000000003,0.273972602739726,0.8333333333333334,0.402587890625,0.71875,0.046875,0.041666666666666664,shoulder_width,0,20,0,True,True,True,True,True
test/DRINK/7536887152060914-DRINK.v17.npz,data/local/citizen100_v17/raw/test/DRINK/7536887152060914-DRINK.mp4,test,DRINK,landscape,640,480,69,39,0.872864167000003,0.5072463768115942,0.8974358974358975,0.427734375,0.84375,0.2734375,0.4358974358974359,shoulder_width,0,35,0,True,True,True,True,True
test/DRINK/9000152796377254-DRINK.v17.npz,data/local/citizen100_v17/raw/test/DRINK/9000152796377254-DRINK.mp4,test,DRINK,landscape,960,540,50,32,0.645194165999996,0.58,0.90625,0.44873046875,0.53125,0.3984375,0.53125,shoulder_width,0,29,0,True,True,True,True,True
test/DRINK/9563854183405713-DRINK.v17.npz,data/local/citizen100_v17/raw/test/DRINK/9563854183405713-DRINK.mp4,test,DRINK,landscape,640,480,37,22,0.40171270800000514,0.4864864864864865,0.8181818181818182,0.395751953125,0.78125,0.4921875,0.7727272727272727,shoulder_width,18,0,0,True,True,True,True,True
test/DRINK/9812515328553977-DRINK.v17.npz,data/local/citizen100_v17/raw/test/DRINK/9812515328553977-DRINK.mp4,test,DRINK,landscape,640,480,89,37,0.9425243330000086,0.3707865168539326,0.8918918918918919,0.4248046875,0.875,0.34375,0.2702702702702703,shoulder_width,0,33,0,True,True,True,True,True
test/EASY/10175548037053983-EASY.v17.npz,data/local/citizen100_v17/raw/test/EASY/10175548037053983-EASY.mp4,test,EASY,landscape,640,480,68,48,0.8959263749999877,0.6470588235294118,0.9166666666666666,0.86083984375,0.875,0.171875,0.020833333333333332,shoulder_width,39,44,0,True,True,True,True,True
test/EASY/1298285956469971-EASY.v17.npz,data/local/citizen100_v17/raw/test/EASY/1298285956469971-EASY.mp4,test,EASY,landscape,640,480,67,32,0.8569059579999987,0.417910447761194,0.875,0.765625,0.78125,0.1015625,0.03125,shoulder_width,28,24,0,True,True,True,True,True
test/EASY/1646228087605357-EASY.v17.npz,data/local/citizen100_v17/raw/test/EASY/1646228087605357-EASY.mp4,test,EASY,landscape,640,480,48,32,0.6124894170000061,0.5625,0.84375,0.7333984375,0.78125,0.140625,0.28125,shoulder_width,25,23,0,True,True,True,True,True
test/EASY/25386259590605253-EASY.v17.npz,data/local/citizen100_v17/raw/test/EASY/25386259590605253-EASY.mp4,test,EASY,landscape,640,480,77,40,0.930730582999999,0.4675324675324675,0.9,0.83984375,0.84375,0.0234375,0.025,shoulder_width,36,32,0,True,True,True,True,True
test/EASY/3808932969060006-EASY.v17.npz,data/local/citizen100_v17/raw/test/EASY/3808932969060006-EASY.mp4,test,EASY,landscape,640,480,35,27,0.4819156249999992,0.6571428571428571,0.8518518518518519,0.71630859375,0.9375,0.0,0.0,palm_length,18,23,0,True,True,True,True,True
test/EASY/40529180847170077-EASY.v17.npz,data/local/citizen100_v17/raw/test/EASY/40529180847170077-EASY.mp4,test,EASY,landscape,640,480,96,44,1.1126694579999992,0.4166666666666667,0.9090909090909091,0.87353515625,0.90625,0.5,0.22727272727272727,shoulder_width,40,40,0,True,True,True,True,True
test/EASY/42129990648972826-EASY.v17.npz,data/local/citizen100_v17/raw/test/EASY/42129990648972826-EASY.mp4,test,EASY,landscape,640,480,63,31,0.7347705419999926,0.42857142857142855,0.8709677419354839,0.82958984375,0.8125,0.6796875,0.8064516129032258,shoulder_width,27,26,0,True,True,True,True,True
test/EASY/5183545451162979-EASY.v17.npz,data/local/citizen100_v17/raw/test/EASY/5183545451162979-EASY.mp4,test,EASY,landscape,640,480,80,41,0.9053484999999881,0.4625,0.9024390243902439,0.86669921875,1.0,1.0,1.0,shoulder_width,36,37,0,True,True,True,True,True
test/EASY/5848387902515144-EASY.v17.npz,data/local/citizen100_v17/raw/test/EASY/5848387902515144-EASY.mp4,test,EASY,landscape,960,540,73,34,1.0495307919999988,0.410958904109589,0.8823529411764706,0.78564453125,0.71875,0.4921875,0.7352941176470589,shoulder_width,30,26,0,True,True,True,True,True
test/EASY/6894015576519184-EASY.v17.npz,data/local/citizen100_v17/raw/test/EASY/6894015576519184-EASY.mp4,test,EASY,landscape,640,480,96,51,1.2246808330000079,0.4895833333333333,0.9215686274509803,0.83203125,0.78125,0.625,0.803921568627451,shoulder_width,46,43,0,True,True,True,True,True
test/EASY/8524004759358377-EASY.v17.npz,data/local/citizen100_v17/raw/test/EASY/8524004759358377-EASY.mp4,test,EASY,landscape,640,480,96,49,1.2561585830000013,0.46875,0.9183673469387755,0.91064453125,0.84375,0.2890625,0.5102040816326531,shoulder_width,45,45,0,True,True,True,True,True
test/EAT/008533489727754251-EAT.v17.npz,data/local/citizen100_v17/raw/test/EAT/008533489727754251-EAT.mp4,test,EAT,landscape,640,480,96,55,1.1171311669999966,0.5104166666666666,0.8909090909090909,0.45458984375,0.875,0.65625,0.8909090909090909,shoulder_width,1,49,0,True,True,True,True,True
test/EAT/13884914336494525-EAT.v17.npz,data/local/citizen100_v17/raw/test/EAT/13884914336494525-EAT.mp4,test,EAT,landscape,640,480,54,34,0.600136708000008,0.5555555555555556,0.8823529411764706,0.433837890625,0.71875,0.71875,0.7352941176470589,shoulder_width,0,30,0,True,True,True,True,True
test/EAT/25398273569443774-EAT.v17.npz,data/local/citizen100_v17/raw/test/EAT/25398273569443774-EAT.mp4,test,EAT,landscape,640,480,96,42,0.9766811660000201,0.3854166666666667,0.8809523809523809,0.433837890625,0.78125,0.78125,0.7857142857142857,shoulder_width,0,37,0,True,True,True,True,True
test/EAT/40193405478785693-EAT.v17.npz,data/local/citizen100_v17/raw/test/EAT/40193405478785693-EAT.mp4,test,EAT,landscape,640,480,70,34,0.6675714170000049,0.4,0.8235294117647058,0.34375,0.71875,0.0,0.0,palm_length,0,28,0,True,True,True,True,True
test/EAT/41461171624603455-EAT.v17.npz,data/local/citizen100_v17/raw/test/EAT/41461171624603455-EAT.mp4,test,EAT,landscape,640,480,42,31,0.44426912499997684,0.6428571428571429,0.8709677419354839,0.4189453125,0.5625,0.2890625,0.5483870967741935,shoulder_width,27,0,0,True,True,True,True,True
test/EAT/4524158338314277-EAT.v17.npz,data/local/citizen100_v17/raw/test/EAT/4524158338314277-EAT.mp4,test,EAT,landscape,640,480,49,31,0.5846628750000207,0.5510204081632653,0.8709677419354839,0.433837890625,0.8125,0.5546875,0.8064516129032258,shoulder_width,0,27,0,True,True,True,True,True
test/EAT/4641646458517976-EAT.v17.npz,data/local/citizen100_v17/raw/test/EAT/4641646458517976-EAT.mp4,test,EAT,landscape,960,540,69,25,0.8582076250000057,0.2898550724637681,0.8,0.40771484375,0.6875,0.6875,0.68,shoulder_width,0,20,0,True,True,True,True,True
test/EAT/5035301373430681-EAT.v17.npz,data/local/citizen100_v17/raw/test/EAT/5035301373430681-EAT.mp4,test,EAT,landscape,640,480,35,21,0.40555891700000757,0.45714285714285713,0.7619047619047619,0.37939453125,0.8125,0.0,0.0,palm_length,16,0,0,True,True,True,True,True
test/EAT/550827298682977-EAT.v17.npz,data/local/citizen100_v17/raw/test/EAT/550827298682977-EAT.mp4,test,EAT,landscape,640,480,26,22,0.39324429200001987,0.7692307692307693,0.9090909090909091,0.453125,0.78125,0.6015625,0.7727272727272727,shoulder_width,20,0,0,True,True,True,True,True
test/EAT/5672396093022622-EAT.v17.npz,data/local/citizen100_v17/raw/test/EAT/5672396093022622-EAT.mp4,test,EAT,landscape,640,480,34,22,0.37380941700001813,0.5294117647058824,0.8181818181818182,0.40185546875,0.78125,0.3984375,0.7727272727272727,shoulder_width,18,0,0,True,True,True,True,True
test/EAT/5882347360908131-EAT.v17.npz,data/local/citizen100_v17/raw/test/EAT/5882347360908131-EAT.mp4,test,EAT,landscape,960,540,35,18,0.4475779999999929,0.4,0.7777777777777778,0.40185546875,0.5,0.375,0.5,shoulder_width,0,14,0,True,True,True,True,True
test/EAT/6239284754747361-EAT.v17.npz,data/local/citizen100_v17/raw/test/EAT/6239284754747361-EAT.mp4,test,EAT,landscape,640,480,69,31,0.7149081670000044,0.37681159420289856,0.8387096774193549,0.42333984375,0.8125,0.234375,0.2903225806451613,shoulder_width,0,26,0,True,True,True,True,True
test/EAT/7291224290785421-EAT.v17.npz,data/local/citizen100_v17/raw/test/EAT/7291224290785421-EAT.mp4,test,EAT,landscape,640,480,80,46,0.8730089590000034,0.5125,0.8913043478260869,0.42919921875,0.875,0.546875,0.717391304347826,shoulder_width,0,41,0,True,True,True,True,True
test/EAT/7640667133656183-EAT.v17.npz,data/local/citizen100_v17/raw/test/EAT/7640667133656183-EAT.mp4,test,EAT,landscape,640,480,39,28,0.6074305829999957,0.5897435897435898,0.8214285714285714,0.397216796875,0.90625,0.484375,0.6071428571428571,shoulder_width,23,0,0,True,True,True,True,True
test/EAT/7769434916738955-EAT.v17.npz,data/local/citizen100_v17/raw/test/EAT/7769434916738955-EAT.mp4,test,EAT,landscape,640,480,60,36,0.699318790999996,0.5333333333333333,0.8888888888888888,0.43017578125,0.90625,0.0,0.0,palm_length,32,0,0,True,True,True,True,True
test/EAT/7910128481289247-EAT.v17.npz,data/local/citizen100_v17/raw/test/EAT/7910128481289247-EAT.mp4,test,EAT,landscape,960,540,73,32,0.9147982080000077,0.3698630136986301,0.84375,0.380126953125,0.78125,0.78125,0.78125,shoulder_width,0,27,0,True,True,True,True,True
test/EAT/8917441625336839-EAT.v17.npz,data/local/citizen100_v17/raw/test/EAT/8917441625336839-EAT.mp4,test,EAT,landscape,640,480,96,62,1.0701569580000125,0.4166666666666667,0.6451612903225806,0.322265625,0.78125,0.65625,0.7903225806451613,shoulder_width,0,40,0,True,True,True,True,True
test/EXCITED/1728137508720451-EXCITED.v17.npz,data/local/citizen100_v17/raw/test/EXCITED/1728137508720451-EXCITED.mp4,test,EXCITED,landscape,640,480,76,50,1.0892032090000043,0.5789473684210527,0.88,0.7685546875,0.8125,0.578125,0.66,shoulder_width,41,42,0,True,True,True,True,True
test/EXCITED/2623737600134508-EXCITED.v17.npz,data/local/citizen100_v17/raw/test/EXCITED/2623737600134508-EXCITED.mp4,test,EXCITED,landscape,640,480,82,43,1.0683021250000024,0.47560975609756095,0.9069767441860465,0.79296875,0.75,0.125,0.046511627906976744,shoulder_width,38,34,0,True,True,True,True,True
test/EXCITED/40861068965375336-EXCITED.v17.npz,data/local/citizen100_v17/raw/test/EXCITED/40861068965375336-EXCITED.mp4,test,EXCITED,landscape,640,480,65,45,1.0168121249999729,0.6307692307692307,0.9111111111111111,0.833984375,0.90625,0.6328125,0.9111111111111111,shoulder_width,38,41,0,True,True,True,True,True
test/EXCITED/5141198107304679-EXCITED.v17.npz,data/local/citizen100_v17/raw/test/EXCITED/5141198107304679-EXCITED.mp4,test,EXCITED,landscape,640,480,43,26,0.622983583000007,0.5116279069767442,0.8461538461538461,0.74462890625,0.96875,0.0234375,0.038461538461538464,shoulder_width,18,21,0,True,True,True,True,True
test/EXCITED/5177668979117112-EXCITED.v17.npz,data/local/citizen100_v17/raw/test/EXCITED/5177668979117112-EXCITED.mp4,test,EXCITED,landscape,640,480,63,46,0.9822326249999946,0.6666666666666666,0.9130434782608695,0.83544921875,0.875,0.703125,0.8913043478260869,shoulder_width,40,42,0,True,True,True,True,True
test/EXCITED/6231314249396942-EXCITED.v17.npz,data/local/citizen100_v17/raw/test/EXCITED/6231314249396942-EXCITED.mp4,test,EXCITED,landscape,640,480,66,34,1.1938528340000119,0.45454545454545453,0.8823529411764706,0.8291015625,0.71875,0.4375,0.058823529411764705,shoulder_width,29,29,0,True,True,True,True,True
test/EXCITED/7058214922054642-EXCITED.v17.npz,data/local/citizen100_v17/raw/test/EXCITED/7058214922054642-EXCITED.mp4,test,EXCITED,landscape,640,480,95,43,1.5234879170000113,0.4105263157894737,0.9069767441860465,0.81494140625,0.78125,0.734375,0.7674418604651163,shoulder_width,35,38,0,True,True,True,True,True
test/EXCITED/8115153515710538-EXCITED.v17.npz,data/local/citizen100_v17/raw/test/EXCITED/8115153515710538-EXCITED.mp4,test,EXCITED,landscape,960,540,42,32,0.8235716249999996,0.6666666666666666,0.875,0.72998046875,0.78125,0.6015625,0.78125,shoulder_width,23,24,0,True,True,True,True,True
test/EXCITED/8154134681991625-EXCITED.v17.npz,data/local/citizen100_v17/raw/test/EXCITED/8154134681991625-EXCITED.mp4,test,EXCITED,landscape,640,480,85,45,1.5249997079999957,0.4823529411764706,0.9111111111111111,0.7998046875,0.90625,0.0,0.0,palm_length,41,33,0,True,True,True,True,True
test/EXCITED/9134169706244761-EXCITED.v17.npz,data/local/citizen100_v17/raw/test/EXCITED/9134169706244761-EXCITED.mp4,test,EXCITED,landscape,640,480,85,47,1.5240368329999967,0.5058823529411764,0.9148936170212766,0.81640625,0.875,0.703125,0.8723404255319149,shoulder_width,36,43,0,True,True,True,True,True
test/EXCITED/9439168798514366-EXCITED.v17.npz,data/local/citizen100_v17/raw/test/EXCITED/9439168798514366-EXCITED.mp4,test,EXCITED,landscape,640,480,96,41,1.7182361669999864,0.3854166666666667,0.9024390243902439,0.79833984375,0.8125,0.609375,0.8048780487804879,shoulder_width,30,37,0,True,True,True,True,True
test/FAMILY/014105352996913512-FAMILY.v17.npz,data/local/citizen100_v17/raw/test/FAMILY/014105352996913512-FAMILY.mp4,test,FAMILY,landscape,640,480,96,48,1.7729695419999985,0.4583333333333333,0.9166666666666666,0.8134765625,0.875,0.0078125,0.0,palm_length,44,38,0,True,True,True,True,True
test/FAMILY/06358416185616833-FAMILY.v17.npz,data/local/citizen100_v17/raw/test/FAMILY/06358416185616833-FAMILY.mp4,test,FAMILY,landscape,640,480,90,44,1.8008863330000224,0.4444444444444444,0.9090909090909091,0.85791015625,0.90625,0.5546875,0.4090909090909091,shoulder_width,40,38,0,True,True,True,True,True
test/FAMILY/09796240195112227-FAMILY.v17.npz,data/local/citizen100_v17/raw/test/FAMILY/09796240195112227-FAMILY.mp4,test,FAMILY,landscape,640,480,48,26,0.930693084000012,0.4583333333333333,0.8461538461538461,0.76416015625,0.65625,0.4921875,0.6538461538461539,shoulder_width,21,21,0,True,True,True,True,True
test/FAMILY/1154667507880407-FAMILY.v17.npz,data/local/citizen100_v17/raw/test/FAMILY/1154667507880407-FAMILY.mp4,test,FAMILY,landscape,640,480,35,35,0.8697494999999833,0.9428571428571428,0.9428571428571428,0.73193359375,0.9375,0.2109375,0.2857142857142857,shoulder_width,23,31,0,True,True,True,True,True
test/FAMILY/37261957146756175-FAMILY.v17.npz,data/local/citizen100_v17/raw/test/FAMILY/37261957146756175-FAMILY.mp4,test,FAMILY,landscape,640,480,87,48,1.7409404160000008,0.5057471264367817,0.9166666666666666,0.8720703125,0.84375,0.140625,0.20833333333333334,shoulder_width,42,43,0,True,True,True,True,True
test/FAMILY/4266230245702338-FAMILY.v17.npz,data/local/citizen100_v17/raw/test/FAMILY/4266230245702338-FAMILY.mp4,test,FAMILY,landscape,640,480,71,32,1.2918940840000062,0.39436619718309857,0.875,0.77734375,0.78125,0.1171875,0.0625,shoulder_width,28,24,0,True,True,True,True,True
test/FAMILY/452008504354493-FAMILY.v17.npz,data/local/citizen100_v17/raw/test/FAMILY/452008504354493-FAMILY.mp4,test,FAMILY,landscape,960,540,67,33,1.4828550410000219,0.43283582089552236,0.8787878787878788,0.8095703125,0.75,0.4453125,0.5151515151515151,shoulder_width,28,27,0,True,True,True,True,True
test/FAMILY/7036678767451288-FAMILY.v17.npz,data/local/citizen100_v17/raw/test/FAMILY/7036678767451288-FAMILY.mp4,test,FAMILY,landscape,640,480,58,41,1.510035791000007,0.6379310344827587,0.9024390243902439,0.86328125,0.8125,0.46875,0.8048780487804879,shoulder_width,36,37,0,True,True,True,True,True
test/FAMILY/8060450596200075-FAMILY.v17.npz,data/local/citizen100_v17/raw/test/FAMILY/8060450596200075-FAMILY.mp4,test,FAMILY,landscape,640,480,67,44,1.5790939999999978,0.5970149253731343,0.9090909090909091,0.8466796875,0.90625,0.0,0.0,palm_length,37,40,0,True,True,True,True,True
test/FAMILY/8706204980493519-FAMILY.v17.npz,data/local/citizen100_v17/raw/test/FAMILY/8706204980493519-FAMILY.mp4,test,FAMILY,landscape,640,480,61,47,1.7232866669999964,0.7049180327868853,0.9148936170212766,0.86181640625,0.875,0.75,0.8723404255319149,shoulder_width,42,42,0,True,True,True,True,True
test/FAMILY/8931379850242065-FAMILY.v17.npz,data/local/citizen100_v17/raw/test/FAMILY/8931379850242065-FAMILY.mp4,test,FAMILY,landscape,640,480,57,33,1.219401333999997,0.5087719298245614,0.8787878787878788,0.80712890625,0.75,0.2109375,0.2727272727272727,shoulder_width,28,28,0,True,True,True,True,True
test/FAMILY/9323754076872379-FAMILY.v17.npz,data/local/citizen100_v17/raw/test/FAMILY/9323754076872379-FAMILY.mp4,test,FAMILY,landscape,640,480,79,40,1.710263542000007,0.4177215189873418,0.825,0.72705078125,0.84375,0.7890625,0.825,shoulder_width,30,31,0,True,True,True,True,True
test/FATHER/0031311305138936874-FATHER.v17.npz,data/local/citizen100_v17/raw/test/FATHER/0031311305138936874-FATHER.mp4,test,FATHER,landscape,640,480,74,56,1.507377125000005,0.7027027027027027,0.9285714285714286,0.455322265625,0.875,0.015625,0.017857142857142856,shoulder_width,51,1,0,True,True,True,True,True
test/FATHER/12317669745773419-FATHER.v17.npz,data/local/citizen100_v17/raw/test/FATHER/12317669745773419-FATHER.mp4,test,FATHER,landscape,640,480,39,28,0.8131352080000056,0.6153846153846154,0.8571428571428571,0.427001953125,0.59375,0.0234375,0.03571428571428571,shoulder_width,24,0,0,True,True,True,True,True
test/FATHER/1529301460300041-FATHER.v17.npz,data/local/citizen100_v17/raw/test/FATHER/1529301460300041-FATHER.mp4,test,FATHER,landscape,640,480,66,33,1.2339725840000142,0.42424242424242425,0.8484848484848485,0.431640625,0.75,0.3125,0.5151515151515151,shoulder_width,0,28,0,True,True,True,True,True
test/FATHER/18379040774402422-FATHER.v17.npz,data/local/citizen100_v17/raw/test/FATHER/18379040774402422-FATHER.mp4,test,FATHER,landscape,640,480,42,26,1.1005647089999968,0.5238095238095238,0.8461538461538461,0.418212890625,0.65625,0.03125,0.038461538461538464,shoulder_width,22,0,0,True,True,True,True,True
test/FATHER/24398038663875887-FATHER.v17.npz,data/local/citizen100_v17/raw/test/FATHER/24398038663875887-FATHER.mp4,test,FATHER,landscape,640,480,56,42,1.1704529160000163,0.6785714285714286,0.9047619047619048,0.432373046875,0.78125,0.59375,0.40476190476190477,shoulder_width,1,37,0,True,True,True,True,True
test/FATHER/27588243231893617-FATHER.v17.npz,data/local/citizen100_v17/raw/test/FATHER/27588243231893617-FATHER.mp4,test,FATHER,landscape,640,480,96,45,2.134895416000006,0.40625,0.8666666666666667,0.381591796875,0.71875,0.234375,0.2,shoulder_width,39,0,0,True,True,True,True,True
test/FATHER/31548572863375557-FATHER.v17.npz,data/local/citizen100_v17/raw/test/FATHER/31548572863375557-FATHER.mp4,test,FATHER,landscape,640,480,61,45,1.3067557920000183,0.6721311475409836,0.9111111111111111,0.431640625,0.90625,0.46875,0.4,shoulder_width,0,41,0,True,True,True,True,True
test/FATHER/45250815650161336-FATHER.v17.npz,data/local/citizen100_v17/raw/test/FATHER/45250815650161336-FATHER.mp4,test,FATHER,landscape,640,480,79,45,1.728391749999986,0.5063291139240507,0.8888888888888888,0.42626953125,0.71875,0.6796875,0.7333333333333333,shoulder_width,0,40,0,True,True,True,True,True
test/FATHER/5897060584047606-FATHER.v17.npz,data/local/citizen100_v17/raw/test/FATHER/5897060584047606-FATHER.mp4,test,FATHER,landscape,640,480,43,33,0.9633874160000175,0.6744186046511628,0.8787878787878788,0.427001953125,0.75,0.6875,0.7575757575757576,shoulder_width,29,0,0,True,True,True,True,True
test/FATHER/6392848823531765-FATHER.v17.npz,data/local/citizen100_v17/raw/test/FATHER/6392848823531765-FATHER.mp4,test,FATHER,landscape,640,480,56,47,1.3909720420000156,0.75,0.8936170212765957,0.409912109375,0.6875,0.6875,0.7021276595744681,shoulder_width,42,0,0,True,True,True,True,True
test/FATHER/8291769061447769-FATHER.v17.npz,data/local/citizen100_v17/raw/test/FATHER/8291769061447769-FATHER.mp4,test,FATHER,landscape,960,540,82,39,1.9078498749999824,0.4146341463414634,0.8717948717948718,0.395751953125,0.84375,0.796875,0.8461538461538461,shoulder_width,0,34,0,True,True,True,True,True
test/FATHER/9384391083765347-FATHER.v17.npz,data/local/citizen100_v17/raw/test/FATHER/9384391083765347-FATHER.mp4,test,FATHER,landscape,640,480,79,33,1.5692317500000001,0.3670886075949367,0.8787878787878788,0.42626953125,0.75,0.625,0.7575757575757576,shoulder_width,0,29,0,True,True,True,True,True
test/FEEL/0466545375793288-FEEL.v17.npz,data/local/citizen100_v17/raw/test/FEEL/0466545375793288-FEEL.mp4,test,FEEL,landscape,640,480,63,41,1.4940699590000008,0.5873015873015873,0.9024390243902439,0.436767578125,0.78125,0.0390625,0.04878048780487805,shoulder_width,37,0,0,True,True,True,True,True
test/FEEL/10980788660970164-FEEL.v17.npz,data/local/citizen100_v17/raw/test/FEEL/10980788660970164-FEEL.mp4,test,FEEL,landscape,640,480,37,25,0.7619454169999926,0.5675675675675675,0.84,0.427001953125,0.6875,0.359375,0.68,shoulder_width,21,0,0,True,True,True,True,True
test/FEEL/14193672097299737-FEEL.v17.npz,data/local/citizen100_v17/raw/test/FEEL/14193672097299737-FEEL.mp4,test,FEEL,landscape,640,480,60,35,1.5108678750000024,0.5166666666666667,0.8857142857142857,0.3720703125,0.6875,0.6328125,0.7142857142857143,shoulder_width,0,31,0,True,True,True,True,True
test/FEEL/4236893192275313-FEEL.v17.npz,data/local/citizen100_v17/raw/test/FEEL/4236893192275313-FEEL.mp4,test,FEEL,landscape,640,480,96,79,2.820806042000015,0.59375,0.7215189873417721,0.5908203125,0.90625,0.3359375,0.21518987341772153,shoulder_width,54,45,0,True,True,True,True,True
test/FEEL/5460681181752922-FEEL.v17.npz,data/local/citizen100_v17/raw/test/FEEL/5460681181752922-FEEL.mp4,test,FEEL,landscape,640,480,52,21,1.0809965420000083,0.3269230769230769,0.8095238095238095,0.41455078125,0.8125,0.0,0.0,palm_length,1,17,0,True,True,True,True,True
test/FEEL/5795388545263267-FEEL.v17.npz,data/local/citizen100_v17/raw/test/FEEL/5795388545263267-FEEL.mp4,test,FEEL,landscape,640,480,64,47,1.433447000000001,0.671875,0.9148936170212766,0.436767578125,0.84375,0.5625,0.7021276595744681,shoulder_width,0,43,0,True,True,True,True,True
test/FEEL/5998766824939581-FEEL.v17.npz,data/local/citizen100_v17/raw/test/FEEL/5998766824939581-FEEL.mp4,test,FEEL,landscape,960,540,71,30,1.5081994999999893,0.36619718309859156,0.8666666666666667,0.42626953125,0.59375,0.4453125,0.5666666666666667,shoulder_width,0,26,0,True,True,True,True,True
test/FEEL/6566691952647601-FEEL.v17.npz,data/local/citizen100_v17/raw/test/FEEL/6566691952647601-FEEL.mp4,test,FEEL,landscape,640,480,96,43,2.9037865829999987,0.40625,0.9069767441860465,0.436767578125,0.9375,0.9375,0.9534883720930233,shoulder_width,0,39,0,True,True,True,True,True
test/FEEL/712750581815788-FEEL.v17.npz,data/local/citizen100_v17/raw/test/FEEL/712750581815788-FEEL.mp4,test,FEEL,landscape,640,480,80,37,1.9235317920000057,0.4125,0.8918918918918919,0.415283203125,0.875,0.1640625,0.24324324324324326,shoulder_width,1,32,0,True,True,True,True,True
test/FEEL/9024176327181919-FEEL.v17.npz,data/local/citizen100_v17/raw/test/FEEL/9024176327181919-FEEL.mp4,test,FEEL,landscape,640,480,45,35,1.1118191660000036,0.6888888888888889,0.8857142857142857,0.424072265625,0.6875,0.4609375,0.7142857142857143,shoulder_width,31,0,0,True,True,True,True,True
test/FEEL/9438115951798742-FEEL.v17.npz,data/local/citizen100_v17/raw/test/FEEL/9438115951798742-FEEL.mp4,test,FEEL,landscape,640,480,69,35,1.3985425419999729,0.4492753623188406,0.8857142857142857,0.42041015625,0.6875,0.6875,0.7142857142857143,shoulder_width,0,31,0,True,True,True,True,True
test/FEEL/9762833368727852-FEEL.v17.npz,data/local/citizen100_v17/raw/test/FEEL/9762833368727852-FEEL.mp4,test,FEEL,landscape,640,480,96,39,1.866934083000018,0.3645833333333333,0.8974358974358975,0.41748046875,0.84375,0.84375,0.8461538461538461,shoulder_width,0,35,0,True,True,True,True,True
test/FIND/1484186619960186-FIND.v17.npz,data/local/citizen100_v17/raw/test/FIND/1484186619960186-FIND.mp4,test,FIND,landscape,960,540,48,22,1.1900616249999985,0.375,0.8181818181818182,0.3935546875,0.78125,0.78125,0.7727272727272727,shoulder_width,0,18,0,True,True,True,True,True
test/FIND/16081685800591838-FIND.v17.npz,data/local/citizen100_v17/raw/test/FIND/16081685800591838-FIND.mp4,test,FIND,landscape,640,480,94,42,2.3631660839999995,0.3829787234042553,0.8571428571428571,0.416015625,0.96875,0.8359375,0.42857142857142855,shoulder_width,0,36,0,True,True,True,True,True
test/FIND/2450624847020626-FIND.v17.npz,data/local/citizen100_v17/raw/test/FIND/2450624847020626-FIND.mp4,test,FIND,landscape,640,480,58,44,1.3943219589999956,0.6896551724137931,0.9090909090909091,0.43017578125,0.9375,0.453125,0.045454545454545456,shoulder_width,0,40,0,True,True,True,True,True
test/FIND/30338660692795494-FIND.v17.npz,data/local/citizen100_v17/raw/test/FIND/30338660692795494-FIND.mp4,test,FIND,landscape,640,480,39,21,0.7934387500000071,0.41025641025641024,0.7619047619047619,0.337158203125,0.8125,0.8125,0.8095238095238095,shoulder_width,16,0,0,True,True,True,True,True
test/FIND/3481637699143123-FIND.v17.npz,data/local/citizen100_v17/raw/test/FIND/3481637699143123-FIND.mp4,test,FIND,landscape,640,480,49,34,1.0845547499999952,0.6122448979591837,0.8823529411764706,0.42626953125,0.71875,0.421875,0.2647058823529412,shoulder_width,0,30,0,True,True,True,True,True
test/FIND/44029086901589953-FIND.v17.npz,data/local/citizen100_v17/raw/test/FIND/44029086901589953-FIND.mp4,test,FIND,landscape,640,480,91,42,1.9343248339999946,0.4065934065934066,0.8809523809523809,0.421142578125,0.78125,0.0,0.0,palm_length,0,37,0,True,True,True,True,True
test/FIND/48170822654446366-FIND.v17.npz,data/local/citizen100_v17/raw/test/FIND/48170822654446366-FIND.mp4,test,FIND,landscape,640,480,95,37,1.9923444169999982,0.3473684210526316,0.8918918918918919,0.77001953125,0.6875,0.3515625,0.24324324324324326,shoulder_width,30,28,0,True,True,True,True,True
test/FIND/5983459406831033-FIND.v17.npz,data/local/citizen100_v17/raw/test/FIND/5983459406831033-FIND.mp4,test,FIND,landscape,640,480,49,32,1.0598448329999997,0.5714285714285714,0.875,0.41064453125,0.78125,0.0078125,0.0,palm_length,28,0,0,True,True,True,True,True
test/FIND/7636741302290102-FIND.v17.npz,data/local/citizen100_v17/raw/test/FIND/7636741302290102-FIND.mp4,test,FIND,landscape,640,480,25,19,0.5781167500000208,0.6,0.7894736842105263,0.3779296875,0.46875,0.0234375,0.05263157894736842,shoulder_width,15,0,0,True,True,True,True,True
test/FIND/7809584186980043-FIND.v17.npz,data/local/citizen100_v17/raw/test/FIND/7809584186980043-FIND.mp4,test,FIND,landscape,640,480,43,19,1.0194187920000104,0.3488372093023256,0.7894736842105263,0.38330078125,0.90625,0.4609375,0.8947368421052632,shoulder_width,15,0,0,True,True,True,True,True
test/FIND/8127260527741236-FIND.v17.npz,data/local/citizen100_v17/raw/test/FIND/8127260527741236-FIND.mp4,test,FIND,landscape,640,480,63,23,1.242361040999981,0.30158730158730157,0.8260869565217391,0.388427734375,0.75,0.015625,0.043478260869565216,shoulder_width,0,19,0,True,True,True,True,True
test/FIND/8303185695739115-FIND.v17.npz,data/local/citizen100_v17/raw/test/FIND/8303185695739115-FIND.mp4,test,FIND,landscape,640,480,75,33,1.43077491599999,0.38666666666666666,0.8787878787878788,0.4375,0.75,0.578125,0.7575757575757576,shoulder_width,0,29,0,True,True,True,True,True
test/FIND/8489945786773696-FIND.v17.npz,data/local/citizen100_v17/raw/test/FIND/8489945786773696-FIND.mp4,test,FIND,landscape,640,480,63,28,1.3136608330000001,0.38095238095238093,0.8571428571428571,0.41748046875,0.59375,0.015625,0.03571428571428571,shoulder_width,0,24,0,True,True,True,True,True
test/FRIEND/004781946295929318-FRIEND.v17.npz,data/local/citizen100_v17/raw/test/FRIEND/004781946295929318-FRIEND.mp4,test,FRIEND,landscape,640,480,37,22,0.9053570420000199,0.4864864864864865,0.8181818181818182,0.79541015625,0.78125,0.0,0.0,palm_length,18,18,0,True,True,True,True,True
test/FRIEND/04442046013887868-FRIEND.v17.npz,data/local/citizen100_v17/raw/test/FRIEND/04442046013887868-FRIEND.mp4,test,FRIEND,landscape,640,480,48,29,1.4090290000000039,0.5208333333333334,0.8620689655172413,0.775390625,0.875,0.0390625,0.06896551724137931,shoulder_width,20,25,0,True,True,True,True,True
test/FRIEND/1897299706213358-FRIEND.v17.npz,data/local/citizen100_v17/raw/test/FRIEND/1897299706213358-FRIEND.mp4,test,FRIEND,landscape,640,480,78,36,1.714645791999999,0.41025641025641024,0.8888888888888888,0.85546875,0.90625,0.421875,0.4722222222222222,shoulder_width,32,31,0,True,True,True,True,True
test/FRIEND/23400385185193318-FRIEND.v17.npz,data/local/citizen100_v17/raw/test/FRIEND/23400385185193318-FRIEND.mp4,test,FRIEND,landscape,960,540,72,35,1.7185125000000028,0.4305555555555556,0.8857142857142857,0.7490234375,0.6875,0.578125,0.7142857142857143,shoulder_width,29,28,0,True,True,True,True,True
test/FRIEND/3624441269846441-FRIEND.v17.npz,data/local/citizen100_v17/raw/test/FRIEND/3624441269846441-FRIEND.mp4,test,FRIEND,landscape,640,480,74,44,1.7266697919999956,0.5405405405405406,0.9090909090909091,0.80517578125,0.90625,0.7734375,0.9318181818181818,shoulder_width,37,36,0,True,True,True,True,True
test/FRIEND/5316301306146496-FRIEND.v17.npz,data/local/citizen100_v17/raw/test/FRIEND/5316301306146496-FRIEND.mp4,test,FRIEND,landscape,640,480,91,61,2.1857222499999978,0.6263736263736264,0.9344262295081968,0.79443359375,0.90625,0.84375,0.9344262295081968,shoulder_width,55,45,0,True,True,True,True,True
test/FRIEND/5364099632888073-FRIEND.v17.npz,data/local/citizen100_v17/raw/test/FRIEND/5364099632888073-FRIEND.mp4,test,FRIEND,landscape,640,480,96,45,2.0152061670000023,0.4270833333333333,0.9111111111111111,0.84228515625,0.71875,0.71875,0.7333333333333333,shoulder_width,38,40,0,True,True,True,True,True
test/FRIEND/7322282217688298-FRIEND.v17.npz,data/local/citizen100_v17/raw/test/FRIEND/7322282217688298-FRIEND.mp4,test,FRIEND,landscape,640,480,83,46,1.8594219170000201,0.5060240963855421,0.9130434782608695,0.85400390625,0.875,0.875,0.8913043478260869,shoulder_width,42,41,0,True,True,True,True,True
test/FRIEND/7407266243277497-FRIEND.v17.npz,data/local/citizen100_v17/raw/test/FRIEND/7407266243277497-FRIEND.mp4,test,FRIEND,landscape,640,480,70,34,1.536901792000009,0.42857142857142855,0.8823529411764706,0.7841796875,0.96875,0.25,0.5,shoulder_width,28,29,0,True,True,True,True,True
test/FRIEND/7638661852180526-FRIEND.v17.npz,data/local/citizen100_v17/raw/test/FRIEND/7638661852180526-FRIEND.mp4,test,FRIEND,landscape,640,480,76,34,1.5761768330000052,0.39473684210526316,0.8823529411764706,0.80078125,0.71875,0.0234375,0.029411764705882353,shoulder_width,30,29,0,True,True,True,True,True
test/FRIEND/9702039770863702-FRIEND.v17.npz,data/local/citizen100_v17/raw/test/FRIEND/9702039770863702-FRIEND.mp4,test,FRIEND,landscape,640,480,85,38,1.786635457999978,0.4,0.8947368421052632,0.8466796875,0.65625,0.65625,0.6578947368421053,shoulder_width,33,34,0,True,True,True,True,True
test/GIVE/004276593413738317-GIVE.v17.npz,data/local/citizen100_v17/raw/test/GIVE/004276593413738317-GIVE.mp4,test,GIVE,landscape,960,540,36,21,0.7132576659999472,0.4722222222222222,0.8095238095238095,0.377197265625,0.8125,0.53125,0.8095238095238095,shoulder_width,0,17,0,True,True,True,True,True
test/GIVE/11864475877230674-GIVE.v17.npz,data/local/citizen100_v17/raw/test/GIVE/11864475877230674-GIVE.mp4,test,GIVE,landscape,640,480,64,43,1.2393757920000326,0.609375,0.9069767441860465,0.418212890625,0.9375,0.3984375,0.7674418604651163,shoulder_width,0,39,0,True,True,True,True,True
test/GIVE/17698818900198532-GIVE.v17.npz,data/local/citizen100_v17/raw/test/GIVE/17698818900198532-GIVE.mp4,test,GIVE,landscape,640,480,35,28,0.6697241669999698,0.5714285714285714,0.7142857142857143,0.41748046875,0.59375,0.59375,0.6071428571428571,shoulder_width,20,0,0,True,True,True,True,True
test/GIVE/35350442250763336-GIVE.v17.npz,data/local/citizen100_v17/raw/test/GIVE/35350442250763336-GIVE.mp4,test,GIVE,landscape,640,480,96,39,1.7451470830000062,0.3645833333333333,0.8974358974358975,0.43017578125,0.84375,0.6953125,0.8461538461538461,shoulder_width,0,35,0,True,True,True,True,True
test/GIVE/505879976336022-GIVE.v17.npz,data/local/citizen100_v17/raw/test/GIVE/505879976336022-GIVE.mp4,test,GIVE,landscape,640,480,96,69,1.8826142909999817,0.5,0.6956521739130435,0.34814453125,0.9375,0.90625,0.9420289855072463,shoulder_width,0,48,0,True,True,True,True,True
test/GIVE/5178237631667904-GIVE.v17.npz,data/local/citizen100_v17/raw/test/GIVE/5178237631667904-GIVE.mp4,test,GIVE,landscape,640,480,39,30,0.8026469580000253,0.6666666666666666,0.8666666666666667,0.408447265625,0.84375,0.1640625,0.03333333333333333,shoulder_width,26,0,0,True,True,True,True,True
test/GIVE/5414347966687401-GIVE.v17.npz,data/local/citizen100_v17/raw/test/GIVE/5414347966687401-GIVE.mp4,test,GIVE,landscape,640,480,45,45,1.181380708000006,0.9555555555555556,0.9555555555555556,0.421142578125,0.90625,0.1015625,0.2,shoulder_width,0,43,0,True,True,True,True,True
test/GIVE/6602084562023567-GIVE.v17.npz,data/local/citizen100_v17/raw/test/GIVE/6602084562023567-GIVE.mp4,test,GIVE,landscape,640,480,66,33,1.4309259580000457,0.4393939393939394,0.8787878787878788,0.399658203125,0.75,0.25,0.5151515151515151,shoulder_width,0,29,0,True,True,True,True,True
test/GIVE/7530496807705915-GIVE.v17.npz,data/local/citizen100_v17/raw/test/GIVE/7530496807705915-GIVE.mp4,test,GIVE,landscape,640,480,53,41,1.4467289589999837,0.6981132075471698,0.9024390243902439,0.401123046875,0.8125,0.3203125,0.6097560975609756,shoulder_width,37,0,0,True,True,True,True,True
test/GIVE/7744826220635872-GIVE.v17.npz,data/local/citizen100_v17/raw/test/GIVE/7744826220635872-GIVE.mp4,test,GIVE,landscape,640,480,55,33,0.9418904580000458,0.5272727272727272,0.8787878787878788,0.411376953125,0.75,0.3828125,0.7575757575757576,shoulder_width,29,0,0,True,True,True,True,True
test/GIVE/8007949813466602-GIVE.v17.npz,data/local/citizen100_v17/raw/test/GIVE/8007949813466602-GIVE.mp4,test,GIVE,landscape,640,480,96,42,1.6905259579999665,0.3958333333333333,0.9047619047619048,0.39208984375,0.96875,0.8359375,0.9761904761904762,shoulder_width,0,38,0,True,True,True,True,True
test/GO/032373382598848366-GO.v17.npz,data/local/citizen100_v17/raw/test/GO/032373382598848366-GO.mp4,test,GO,landscape,640,480,58,27,1.2482871249999903,0.39655172413793105,0.8518518518518519,0.6884765625,0.65625,0.171875,0.0,palm_length,23,16,0,True,True,True,True,True
test/GO/16923876012285466-GO.v17.npz,data/local/citizen100_v17/raw/test/GO/16923876012285466-GO.mp4,test,GO,landscape,640,480,33,19,0.785473292000006,0.45454545454545453,0.7894736842105263,0.6875,0.46875,0.359375,0.05263157894736842,shoulder_width,14,14,0,True,True,True,True,True
test/GO/19195912453679753-GO.v17.npz,data/local/citizen100_v17/raw/test/GO/19195912453679753-GO.mp4,test,GO,landscape,640,480,53,18,0.8750913339999897,0.2641509433962264,0.7777777777777778,0.73974609375,0.96875,0.0,0.0,palm_length,13,14,0,True,True,True,True,True
test/GO/22762374635521176-GO.v17.npz,data/local/citizen100_v17/raw/test/GO/22762374635521176-GO.mp4,test,GO,landscape,640,480,82,33,1.7534318749999898,0.34146341463414637,0.8484848484848485,0.7802734375,0.75,0.0234375,0.030303030303030304,shoulder_width,28,26,0,True,True,True,True,True
test/GO/26737390960725627-GO.v17.npz,data/local/citizen100_v17/raw/test/GO/26737390960725627-GO.mp4,test,GO,landscape,640,480,59,26,1.0052917500000262,0.3728813559322034,0.8461538461538461,0.72705078125,0.65625,0.3359375,0.6538461538461539,shoulder_width,22,15,0,True,True,True,True,True
test/GO/2791819246477536-GO.v17.npz,data/local/citizen100_v17/raw/test/GO/2791819246477536-GO.mp4,test,GO,landscape,640,480,73,53,1.5873170410000057,0.6575342465753424,0.9056603773584906,0.72998046875,0.75,0.6015625,0.7735849056603774,shoulder_width,36,43,0,True,True,True,True,True
test/GO/3904115149763827-GO.v17.npz,data/local/citizen100_v17/raw/test/GO/3904115149763827-GO.mp4,test,GO,landscape,960,540,40,25,0.8857257089999848,0.525,0.84,0.76025390625,0.6875,0.5234375,0.68,shoulder_width,18,20,0,True,True,True,True,True
test/GO/4795164850135014-GO.v17.npz,data/local/citizen100_v17/raw/test/GO/4795164850135014-GO.mp4,test,GO,landscape,640,480,96,54,1.8798481669999774,0.5104166666666666,0.9074074074074074,0.7744140625,0.875,0.6953125,0.9074074074074074,shoulder_width,40,49,0,True,True,True,True,True
test/GO/5446297670875129-GO.v17.npz,data/local/citizen100_v17/raw/test/GO/5446297670875129-GO.mp4,test,GO,landscape,640,480,81,43,1.5177487500000097,0.48148148148148145,0.9069767441860465,0.8466796875,0.75,0.75,0.7674418604651163,shoulder_width,37,39,0,True,True,True,True,True
test/GO/6413893522655711-GO.v17.npz,data/local/citizen100_v17/raw/test/GO/6413893522655711-GO.mp4,test,GO,landscape,640,480,88,31,1.3921995829999787,0.2840909090909091,0.8064516129032258,0.73193359375,0.8125,0.0,0.0,palm_length,24,19,0,True,True,True,True,True
test/GO/7100160952925088-GO.v17.npz,data/local/citizen100_v17/raw/test/GO/7100160952925088-GO.mp4,test,GO,landscape,640,480,38,21,0.6846192080000151,0.4473684210526316,0.8095238095238095,0.72412109375,0.4375,0.0,0.0,palm_length,15,16,0,True,True,True,True,True
test/GO/8187982746646938-GO.v17.npz,data/local/citizen100_v17/raw/test/GO/8187982746646938-GO.mp4,test,GO,landscape,640,480,74,32,1.2791318339999975,0.3783783783783784,0.875,0.79150390625,0.78125,0.0859375,0.03125,shoulder_width,28,25,0,True,True,True,True,True
test/GO/8834363279772663-GO.v17.npz,data/local/citizen100_v17/raw/test/GO/8834363279772663-GO.mp4,test,GO,landscape,640,480,89,43,1.6893414590000475,0.43820224719101125,0.9069767441860465,0.7978515625,0.78125,0.6484375,0.7674418604651163,shoulder_width,36,37,0,True,True,True,True,True
test/GOOD/008087702450223277-GOOD.v17.npz,data/local/citizen100_v17/raw/test/GOOD/008087702450223277-GOOD.mp4,test,GOOD,landscape,640,480,52,29,0.806897666999987,0.4807692307692308,0.8620689655172413,0.404052734375,0.875,0.65625,0.8620689655172413,shoulder_width,0,25,0,True,True,True,True,True
test/GOOD/04311614622944249-GOOD.v17.npz,data/local/citizen100_v17/raw/test/GOOD/04311614622944249-GOOD.mp4,test,GOOD,landscape,640,480,96,41,1.5817599580000206,0.3854166666666667,0.9024390243902439,0.428466796875,1.0,0.0,0.0,palm_length,0,37,0,True,True,True,True,True
test/GOOD/1636907769941489-GOOD.v17.npz,data/local/citizen100_v17/raw/test/GOOD/1636907769941489-GOOD.mp4,test,GOOD,landscape,640,480,66,41,1.1001095839999948,0.5606060606060606,0.9024390243902439,0.418212890625,0.8125,0.46875,0.8048780487804879,shoulder_width,0,37,0,True,True,True,True,True
test/GOOD/22413626372355933-GOOD.v17.npz,data/local/citizen100_v17/raw/test/GOOD/22413626372355933-GOOD.mp4,test,GOOD,landscape,640,480,96,44,1.8022407079999994,0.40625,0.8863636363636364,0.6552734375,0.75,0.4921875,0.75,shoulder_width,21,39,0,True,True,True,True,True
test/GOOD/5817237493367622-GOOD.v17.npz,data/local/citizen100_v17/raw/test/GOOD/5817237493367622-GOOD.mp4,test,GOOD,landscape,640,480,47,18,0.6875201249999918,0.2978723404255319,0.7777777777777778,0.38232421875,0.96875,0.484375,0.0,palm_length,0,14,0,True,True,True,True,True
test/GOOD/6449139793505076-GOOD.v17.npz,data/local/citizen100_v17/raw/test/GOOD/6449139793505076-GOOD.mp4,test,GOOD,landscape,640,480,96,39,1.4830271669999888,0.3645833333333333,0.8974358974358975,0.43603515625,0.625,0.625,0.6410256410256411,shoulder_width,0,35,0,True,True,True,True,True
test/GOOD/6813680247909-GOOD.v17.npz,data/local/citizen100_v17/raw/test/GOOD/6813680247909-GOOD.mp4,test,GOOD,landscape,640,480,30,20,0.506249333000028,0.5333333333333333,0.8,0.3466796875,0.46875,0.0,0.0,palm_length,16,0,0,True,True,True,True,True
test/GOOD/6983847344301657-GOOD.v17.npz,data/local/citizen100_v17/raw/test/GOOD/6983847344301657-GOOD.mp4,test,GOOD,landscape,960,540,73,25,1.170259582999961,0.273972602739726,0.8,0.394287109375,0.6875,0.515625,0.68,shoulder_width,0,20,0,True,True,True,True,True
test/GOOD/7699430066397663-GOOD.v17.npz,data/local/citizen100_v17/raw/test/GOOD/7699430066397663-GOOD.mp4,test,GOOD,landscape,640,480,50,22,0.9199655829999642,0.36,0.8181818181818182,0.6396484375,0.40625,0.3203125,0.4090909090909091,shoulder_width,18,11,0,True,True,True,True,True
test/GOOD/9338005039430839-GOOD.v17.npz,data/local/citizen100_v17/raw/test/GOOD/9338005039430839-GOOD.mp4,test,GOOD,landscape,640,480,56,28,0.8542011249999746,0.42857142857142855,0.8571428571428571,0.422607421875,0.90625,0.0,0.0,palm_length,24,0,0,True,True,True,True,True
test/GOOD/9687874710872124-GOOD.v17.npz,data/local/citizen100_v17/raw/test/GOOD/9687874710872124-GOOD.mp4,test,GOOD,landscape,640,480,34,32,0.610741374999975,0.7647058823529411,0.8125,0.386962890625,0.78125,0.78125,0.78125,shoulder_width,26,0,0,True,True,True,True,True
test/GOOD/971622461215417-GOOD.v17.npz,data/local/citizen100_v17/raw/test/GOOD/971622461215417-GOOD.mp4,test,GOOD,landscape,640,480,78,31,1.2804013749999967,0.34615384615384615,0.8709677419354839,0.433837890625,0.8125,0.0390625,0.06451612903225806,shoulder_width,0,27,0,True,True,True,True,True
test/GOODBYE/17487361670794144-BYE.v17.npz,data/local/citizen100_v17/raw/test/GOODBYE/17487361670794144-BYE.mp4,test,GOODBYE,landscape,640,480,47,32,0.8367931660000067,0.5957446808510638,0.875,0.419677734375,0.78125,0.0,0.0,palm_length,27,1,0,True,True,True,True,True
test/GOODBYE/2223181186410932-BYE.v17.npz,data/local/citizen100_v17/raw/test/GOODBYE/2223181186410932-BYE.mp4,test,GOODBYE,landscape,640,480,25,19,0.48056466699995326,0.6,0.7894736842105263,0.392822265625,0.5,0.265625,0.05263157894736842,shoulder_width,15,0,0,True,True,True,True,True
test/GOODBYE/31198466578073125-BYE.v17.npz,data/local/citizen100_v17/raw/test/GOODBYE/31198466578073125-BYE.mp4,test,GOODBYE,landscape,640,480,55,28,0.8528672499999743,0.43636363636363634,0.8571428571428571,0.433837890625,0.90625,0.0,0.0,palm_length,0,24,0,True,True,True,True,True
test/GOODBYE/32542343160867326-BYE.v17.npz,data/local/citizen100_v17/raw/test/GOODBYE/32542343160867326-BYE.mp4,test,GOODBYE,landscape,640,480,29,17,0.5863867909999954,0.5172413793103449,0.8823529411764706,0.427001953125,0.5625,0.0,0.0,palm_length,0,15,0,True,True,True,True,True
test/GOODBYE/36995928249155363-BYE.v17.npz,data/local/citizen100_v17/raw/test/GOODBYE/36995928249155363-BYE.mp4,test,GOODBYE,landscape,960,540,71,25,1.2948406250000062,0.29577464788732394,0.84,0.42333984375,0.6875,0.03125,0.04,shoulder_width,0,21,0,True,True,True,True,True
test/GOODBYE/38351738059429663-BYE.v17.npz,data/local/citizen100_v17/raw/test/GOODBYE/38351738059429663-BYE.mp4,test,GOODBYE,landscape,640,480,37,23,0.6641632079999908,0.5135135135135135,0.8260869565217391,0.391357421875,0.75,0.015625,0.043478260869565216,shoulder_width,19,0,0,True,True,True,True,True
test/GOODBYE/4578901677582461-BYE.v17.npz,data/local/citizen100_v17/raw/test/GOODBYE/4578901677582461-BYE.mp4,test,GOODBYE,landscape,640,480,79,65,1.6553279579999867,0.6708860759493671,0.8153846153846154,0.477783203125,1.0,0.734375,0.6461538461538462,shoulder_width,43,43,0,True,True,True,True,True
test/GOODBYE/5023793115629094-BYE.v17.npz,data/local/citizen100_v17/raw/test/GOODBYE/5023793115629094-BYE.mp4,test,GOODBYE,landscape,640,480,54,35,0.8729731660000084,0.5740740740740741,0.8857142857142857,0.4189453125,0.71875,0.375,0.05714285714285714,shoulder_width,0,31,0,True,True,True,True,True
test/GOODBYE/5631016440125773-BYE.v17.npz,data/local/citizen100_v17/raw/test/GOODBYE/5631016440125773-BYE.mp4,test,GOODBYE,landscape,640,480,56,30,0.8445029590000104,0.4642857142857143,0.8666666666666667,0.43603515625,0.84375,0.2890625,0.03333333333333333,shoulder_width,26,0,0,True,True,True,True,True
test/GOODBYE/6225526845167895-BYE.v17.npz,data/local/citizen100_v17/raw/test/GOODBYE/6225526845167895-BYE.mp4,test,GOODBYE,landscape,640,480,74,32,1.07478691700004,0.3783783783783784,0.875,0.432373046875,0.78125,0.40625,0.78125,shoulder_width,0,28,0,True,True,True,True,True
test/GOODBYE/6825474983576931-BYE.v17.npz,data/local/citizen100_v17/raw/test/GOODBYE/6825474983576931-BYE.mp4,test,GOODBYE,landscape,640,480,62,33,0.8625394590000042,0.46774193548387094,0.8787878787878788,0.432373046875,0.75,0.453125,0.7575757575757576,shoulder_width,29,0,0,True,True,True,True,True
test/GOODBYE/9133589855079114-BYE.v17.npz,data/local/citizen100_v17/raw/test/GOODBYE/9133589855079114-BYE.mp4,test,GOODBYE,landscape,640,480,87,47,1.372394374999999,0.4942528735632184,0.9148936170212766,0.433837890625,0.84375,0.234375,0.0425531914893617,shoulder_width,0,43,0,True,True,True,True,True
test/HAPPY/2216376211975324-HAPPY.v17.npz,data/local/citizen100_v17/raw/test/HAPPY/2216376211975324-HAPPY.mp4,test,HAPPY,landscape,640,480,72,30,1.130821334000018,0.3611111111111111,0.8666666666666667,0.432373046875,0.59375,0.375,0.3,shoulder_width,0,26,0,True,True,True,True,True
test/HAPPY/44668850153355644-HAPPY.v17.npz,data/local/citizen100_v17/raw/test/HAPPY/44668850153355644-HAPPY.mp4,test,HAPPY,landscape,640,480,57,38,0.9624731250000309,0.5964912280701754,0.8947368421052632,0.427734375,0.875,0.21875,0.4473684210526316,shoulder_width,34,0,0,True,True,True,True,True
test/HAPPY/45071669451713814-HAPPY.v17.npz,data/local/citizen100_v17/raw/test/HAPPY/45071669451713814-HAPPY.mp4,test,HAPPY,landscape,640,480,42,28,0.7010926670000117,0.5714285714285714,0.8571428571428571,0.42626953125,0.59375,0.0,0.0,palm_length,24,0,0,True,True,True,True,True
test/HAPPY/5034275121580125-HAPPY.v17.npz,data/local/citizen100_v17/raw/test/HAPPY/5034275121580125-HAPPY.mp4,test,HAPPY,landscape,640,480,96,41,1.6177626250000117,0.3854166666666667,0.9024390243902439,0.4375,0.8125,0.8125,0.8048780487804879,shoulder_width,0,37,0,True,True,True,True,True
test/HAPPY/5442330055496771-HAPPY.v17.npz,data/local/citizen100_v17/raw/test/HAPPY/5442330055496771-HAPPY.mp4,test,HAPPY,landscape,640,480,96,59,2.4265419159999624,0.5520833333333334,0.8983050847457628,0.436767578125,0.96875,0.6875,0.576271186440678,shoulder_width,0,53,0,True,True,True,True,True
test/HAPPY/6657321679744261-HAPPY.v17.npz,data/local/citizen100_v17/raw/test/HAPPY/6657321679744261-HAPPY.mp4,test,HAPPY,landscape,640,480,55,37,1.1604974589999983,0.6,0.8918918918918919,0.77587890625,0.875,0.7265625,0.8918918918918919,shoulder_width,29,33,0,True,True,True,True,True
test/HAPPY/7496878770460367-HAPPY.v17.npz,data/local/citizen100_v17/raw/test/HAPPY/7496878770460367-HAPPY.mp4,test,HAPPY,landscape,960,540,39,24,0.6593619589999662,0.5128205128205128,0.8333333333333334,0.392822265625,0.6875,0.515625,0.7083333333333334,shoulder_width,0,20,0,True,True,True,True,True
test/HAPPY/7935982603169873-HAPPY.v17.npz,data/local/citizen100_v17/raw/test/HAPPY/7935982603169873-HAPPY.mp4,test,HAPPY,landscape,640,480,41,33,0.5814187090000473,0.7073170731707317,0.8787878787878788,0.4345703125,0.75,0.375,0.5151515151515151,shoulder_width,29,0,0,True,True,True,True,True
test/HAPPY/8705278781240162-HAPPY.v17.npz,data/local/citizen100_v17/raw/test/HAPPY/8705278781240162-HAPPY.mp4,test,HAPPY,landscape,960,540,74,29,1.1250229589999776,0.32432432432432434,0.8275862068965517,0.40771484375,0.875,0.1640625,0.3103448275862069,shoulder_width,0,24,0,True,True,True,True,True
test/HAPPY/9291022098288835-HAPPY.v17.npz,data/local/citizen100_v17/raw/test/HAPPY/9291022098288835-HAPPY.mp4,test,HAPPY,landscape,640,480,77,29,1.2620395419999682,0.3116883116883117,0.8275862068965517,0.4248046875,0.875,0.4453125,0.8620689655172413,shoulder_width,0,24,0,True,True,True,True,True
test/HAPPY/9350853025929522-HAPPY.v17.npz,data/local/citizen100_v17/raw/test/HAPPY/9350853025929522-HAPPY.mp4,test,HAPPY,landscape,640,480,96,64,1.3449703339999814,0.4270833333333333,0.640625,0.334716796875,0.875,0.703125,0.890625,shoulder_width,0,41,0,True,True,True,True,True
test/HAPPY/9606353592578751-HAPPY.v17.npz,data/local/citizen100_v17/raw/test/HAPPY/9606353592578751-HAPPY.mp4,test,HAPPY,landscape,640,480,30,22,0.4470362079999859,0.6,0.8181818181818182,0.397216796875,0.78125,0.78125,0.7727272727272727,shoulder_width,18,0,0,True,True,True,True,True
test/HAVE/09849926479408055-HAVE.v17.npz,data/local/citizen100_v17/raw/test/HAVE/09849926479408055-HAVE.mp4,test,HAVE,landscape,640,480,92,35,1.2387781659999746,0.33695652173913043,0.8857142857142857,0.84814453125,0.71875,0.484375,0.7142857142857143,shoulder_width,31,30,0,True,True,True,True,True
test/HAVE/20620677050827374-HAVE.v17.npz,data/local/citizen100_v17/raw/test/HAVE/20620677050827374-HAVE.mp4,test,HAVE,landscape,640,480,95,43,1.3725116670000261,0.3894736842105263,0.8604651162790697,0.81005859375,0.75,0.625,0.7674418604651163,shoulder_width,36,36,0,True,True,True,True,True
test/HAVE/36657817307864926-HAVE.v17.npz,data/local/citizen100_v17/raw/test/HAVE/36657817307864926-HAVE.mp4,test,HAVE,landscape,640,480,96,68,2.3720233749999693,0.6666666666666666,0.9411764705882353,0.802734375,0.9375,0.6875,0.9558823529411765,shoulder_width,63,50,0,True,True,True,True,True
test/HAVE/45349501605586506-HAVE.v17.npz,data/local/citizen100_v17/raw/test/HAVE/45349501605586506-HAVE.mp4,test,HAVE,landscape,640,480,46,20,0.6873556659999736,0.34782608695652173,0.8,0.78125,0.84375,0.328125,0.45,shoulder_width,16,16,0,True,True,True,True,True
test/HAVE/5499151016968098-HAVE.v17.npz,data/local/citizen100_v17/raw/test/HAVE/5499151016968098-HAVE.mp4,test,HAVE,landscape,640,480,66,29,0.9238042499999892,0.3787878787878788,0.8620689655172413,0.8125,0.875,0.0390625,0.06896551724137931,shoulder_width,25,22,0,True,True,True,True,True
test/HAVE/666200057851841-HAVE.v17.npz,data/local/citizen100_v17/raw/test/HAVE/666200057851841-HAVE.mp4,test,HAVE,landscape,640,480,52,33,0.8216230829999631,0.5384615384615384,0.8484848484848485,0.72119140625,0.75,0.5625,0.7575757575757576,shoulder_width,22,28,0,True,True,True,True,True
test/HAVE/6873392845099671-HAVE.v17.npz,data/local/citizen100_v17/raw/test/HAVE/6873392845099671-HAVE.mp4,test,HAVE,landscape,960,540,66,27,1.0240007909999918,0.3484848484848485,0.8518518518518519,0.77880859375,0.9375,0.71875,0.9259259259259259,shoulder_width,22,22,0,True,True,True,True,True
test/HAVE/7720796120109821-HAVE.v17.npz,data/local/citizen100_v17/raw/test/HAVE/7720796120109821-HAVE.mp4,test,HAVE,landscape,640,480,82,36,1.1777114170000118,0.3902439024390244,0.8888888888888888,0.79541015625,0.71875,0.0,0.0,palm_length,29,31,0,True,True,True,True,True
test/HAVE/8839827251547725-HAVE.v17.npz,data/local/citizen100_v17/raw/test/HAVE/8839827251547725-HAVE.mp4,test,HAVE,landscape,640,480,92,34,1.2234934580000072,0.32608695652173914,0.8823529411764706,0.8212890625,0.96875,0.796875,0.9705882352941176,shoulder_width,29,29,0,True,True,True,True,True
test/HAVE/913200910487086-HAVE.v17.npz,data/local/citizen100_v17/raw/test/HAVE/913200910487086-HAVE.mp4,test,HAVE,landscape,640,480,44,44,0.6686642909999705,1.0,1.0,0.71435546875,0.9375,0.328125,0.4090909090909091,shoulder_width,20,44,0,True,True,True,True,True
test/HAVE/9401487196258995-HAVE.v17.npz,data/local/citizen100_v17/raw/test/HAVE/9401487196258995-HAVE.mp4,test,HAVE,landscape,640,480,61,28,0.7221655409999812,0.39344262295081966,0.8571428571428571,0.8193359375,0.90625,0.4140625,0.03571428571428571,shoulder_width,24,22,0,True,True,True,True,True
test/HAVE/9885737187804373-HAVE.v17.npz,data/local/citizen100_v17/raw/test/HAVE/9885737187804373-HAVE.mp4,test,HAVE,landscape,640,480,37,18,0.5512762909999651,0.35135135135135137,0.7222222222222222,0.63232421875,0.53125,0.1796875,0.05555555555555555,shoulder_width,13,11,0,True,True,True,True,True
test/HE/45411013228111785-HE.v17.npz,data/local/citizen100_v17/raw/test/HE/45411013228111785-HE.mp4,test,HE,landscape,640,480,42,40,0.5425806669999815,0.8809523809523809,0.925,0.43017578125,0.8125,0.0,0.0,palm_length,37,0,0,True,True,True,True,True
test/HE/5089428059114771-HE.v17.npz,data/local/citizen100_v17/raw/test/HE/5089428059114771-HE.mp4,test,HE,landscape,640,480,68,25,0.779946917000018,0.3088235294117647,0.84,0.4345703125,0.6875,0.015625,0.04,shoulder_width,0,21,0,True,True,True,True,True
test/HE/5795584267719232-HE.v17.npz,data/local/citizen100_v17/raw/test/HE/5795584267719232-HE.mp4,test,HE,landscape,640,480,44,28,0.7055900409999936,0.5454545454545454,0.8571428571428571,0.416015625,0.90625,0.6953125,0.8928571428571429,shoulder_width,24,0,0,True,True,True,True,True
test/HE/5908049038731553-HE.v17.npz,data/local/citizen100_v17/raw/test/HE/5908049038731553-HE.mp4,test,HE,landscape,640,480,96,64,1.1632345409999516,0.4166666666666667,0.625,0.307373046875,0.875,0.5703125,0.765625,shoulder_width,0,40,0,True,True,True,True,True
test/HE/6224825679560193-HE.v17.npz,data/local/citizen100_v17/raw/test/HE/6224825679560193-HE.mp4,test,HE,landscape,960,540,89,32,0.8801496250000014,0.3146067415730337,0.875,0.415283203125,0.78125,0.0,0.0,palm_length,0,28,0,True,True,True,True,True
test/HE/6229434050013396-HE.v17.npz,data/local/citizen100_v17/raw/test/HE/6229434050013396-HE.mp4,test,HE,landscape,640,480,63,39,0.5547378750000007,0.5555555555555556,0.8974358974358975,0.42919921875,0.84375,0.578125,0.8461538461538461,shoulder_width,1,34,0,True,True,True,True,True
test/HE/6518105091553832-HE.v17.npz,data/local/citizen100_v17/raw/test/HE/6518105091553832-HE.mp4,test,HE,landscape,640,480,58,32,0.47581950000000006,0.4827586206896552,0.875,0.40771484375,0.78125,0.0,0.0,palm_length,28,0,0,True,True,True,True,True
test/HE/6614065577350312-HE.v17.npz,data/local/citizen100_v17/raw/test/HE/6614065577350312-HE.mp4,test,HE,landscape,640,480,76,25,0.6247627910000233,0.27631578947368424,0.84,0.41357421875,0.6875,0.0234375,0.04,shoulder_width,21,0,0,True,True,True,True,True
test/HE/8571583073150497-HE.v17.npz,data/local/citizen100_v17/raw/test/HE/8571583073150497-HE.mp4,test,HE,landscape,640,480,96,41,0.8032411249999996,0.3854166666666667,0.9024390243902439,0.424072265625,1.0,0.8125,1.0,shoulder_width,0,37,0,True,True,True,True,True
test/HE/911299602076816-HE.v17.npz,data/local/citizen100_v17/raw/test/HE/911299602076816-HE.mp4,test,HE,landscape,640,480,58,28,0.545143166999992,0.41379310344827586,0.8571428571428571,0.39208984375,0.59375,0.0,0.0,palm_length,0,24,0,True,True,True,True,True
test/HE/9985170878370957-HE.v17.npz,data/local/citizen100_v17/raw/test/HE/9985170878370957-HE.mp4,test,HE,landscape,640,480,96,42,0.7573527910000166,0.3958333333333333,0.9047619047619048,0.412841796875,0.78125,0.5859375,0.7857142857142857,shoulder_width,0,38,0,True,True,True,True,True
test/HEAR/12116265244052316-HEAR 2.v17.npz,data/local/citizen100_v17/raw/test/HEAR/12116265244052316-HEAR 2.mp4,test,HEAR,landscape,640,480,79,36,0.631363083999986,0.4050632911392405,0.8888888888888888,0.433837890625,0.90625,0.0390625,0.05555555555555555,shoulder_width,0,32,0,True,True,True,True,True
test/HEAR/26384319177085724-HEAR 2.v17.npz,data/local/citizen100_v17/raw/test/HEAR/26384319177085724-HEAR 2.mp4,test,HEAR,landscape,640,480,87,36,0.6987342910000507,0.367816091954023,0.8888888888888888,0.428466796875,0.90625,0.90625,0.9166666666666666,shoulder_width,0,32,0,True,True,True,True,True
test/HEAR/3398710779786851-HEAR 2.v17.npz,data/local/citizen100_v17/raw/test/HEAR/3398710779786851-HEAR 2.mp4,test,HEAR,landscape,640,480,85,54,0.7516464999999926,0.5882352941176471,0.9259259259259259,0.4560546875,0.90625,0.015625,0.0,palm_length,0,50,0,True,True,True,True,True
test/HEAR/38059420600986527-HEAR 2.v17.npz,data/local/citizen100_v17/raw/test/HEAR/38059420600986527-HEAR 2.mp4,test,HEAR,landscape,640,480,96,53,0.852528292000045,0.3854166666666667,0.6981132075471698,0.359375,0.9375,0.625,0.9245283018867925,shoulder_width,0,37,0,True,True,True,True,True
test/HEAR/4576902932035074-HEAR 2.v17.npz,data/local/citizen100_v17/raw/test/HEAR/4576902932035074-HEAR 2.mp4,test,HEAR,landscape,960,540,43,25,0.4728947500000231,0.4418604651162791,0.76,0.431640625,0.6875,0.6015625,0.68,shoulder_width,0,19,0,True,True,True,True,True
test/HEAR/5479640825447081-HEAR 2.v17.npz,data/local/citizen100_v17/raw/test/HEAR/5479640825447081-HEAR 2.mp4,test,HEAR,landscape,640,480,37,22,0.3160980830000426,0.4864864864864865,0.8181818181818182,0.40478515625,0.40625,0.03125,0.045454545454545456,shoulder_width,18,0,0,True,True,True,True,True
test/HEAR/6209176893818835-HEAR 2.v17.npz,data/local/citizen100_v17/raw/test/HEAR/6209176893818835-HEAR 2.mp4,test,HEAR,landscape,640,480,34,26,0.3144957079999813,0.6176470588235294,0.8076923076923077,0.40478515625,0.65625,0.171875,0.038461538461538464,shoulder_width,21,0,0,True,True,True,True,True
test/HEAR/6346768380599668-HEAR 2.v17.npz,data/local/citizen100_v17/raw/test/HEAR/6346768380599668-HEAR 2.mp4,test,HEAR,landscape,640,480,96,42,0.7944653749999588,0.3958333333333333,0.9047619047619048,0.4375,0.96875,0.96875,0.9761904761904762,shoulder_width,0,38,0,True,True,True,True,True
test/HEAR/8233451677144414-HEAR 2.v17.npz,data/local/citizen100_v17/raw/test/HEAR/8233451677144414-HEAR 2.mp4,test,HEAR,landscape,640,480,71,28,0.5473842079999827,0.3380281690140845,0.8571428571428571,0.432373046875,0.59375,0.3828125,0.32142857142857145,shoulder_width,0,24,0,True,True,True,True,True
test/HEAR/8311722835873323-HEAR 2.v17.npz,data/local/citizen100_v17/raw/test/HEAR/8311722835873323-HEAR 2.mp4,test,HEAR,landscape,640,480,65,47,0.6799685830000044,0.6615384615384615,0.9148936170212766,0.42626953125,0.875,0.453125,0.0425531914893617,shoulder_width,0,43,0,True,True,True,True,True
test/HEAR/8770730013168986-HEAR 2.v17.npz,data/local/citizen100_v17/raw/test/HEAR/8770730013168986-HEAR 2.mp4,test,HEAR,landscape,640,480,36,31,0.4388988329999961,0.8055555555555556,0.9354838709677419,0.459716796875,0.8125,0.6171875,0.03225806451612903,shoulder_width,29,0,0,True,True,True,True,True
test/HEAR/9602965376964985-HEAR 2.v17.npz,data/local/citizen100_v17/raw/test/HEAR/9602965376964985-HEAR 2.mp4,test,HEAR,landscape,640,480,44,30,0.48292258399999355,0.5909090909090909,0.8666666666666667,0.43310546875,0.84375,0.6328125,0.8333333333333334,shoulder_width,26,0,0,True,True,True,True,True
test/HELLO/16501735528077632-HELLO.v17.npz,data/local/citizen100_v17/raw/test/HELLO/16501735528077632-HELLO.mp4,test,HELLO,landscape,640,480,43,18,0.4359300419999954,0.32558139534883723,0.7777777777777778,0.392822265625,0.5,0.0,0.0,palm_length,0,14,0,True,True,True,True,True
test/HELLO/1789715889624135-HELLO.v17.npz,data/local/citizen100_v17/raw/test/HELLO/1789715889624135-HELLO.mp4,test,HELLO,landscape,640,480,38,30,0.42309224999996786,0.6578947368421053,0.8333333333333334,0.431640625,0.84375,0.0,0.0,palm_length,25,0,0,True,True,True,True,True
test/HELLO/3283413810240037-HELLO.v17.npz,data/local/citizen100_v17/raw/test/HELLO/3283413810240037-HELLO.mp4,test,HELLO,landscape,640,480,47,43,0.5057097499999941,0.7872340425531915,0.8604651162790697,0.37939453125,0.9375,0.9375,0.9534883720930233,shoulder_width,36,1,0,True,True,True,True,True
test/HELLO/5018242902938022-HELLO.v17.npz,data/local/citizen100_v17/raw/test/HELLO/5018242902938022-HELLO.mp4,test,HELLO,landscape,640,480,83,42,1.2338798330000031,0.42168674698795183,0.8333333333333334,0.409912109375,0.78125,0.59375,0.7857142857142857,shoulder_width,0,35,0,True,True,True,True,True
test/HELLO/5339916560192981-HELLO.v17.npz,data/local/citizen100_v17/raw/test/HELLO/5339916560192981-HELLO.mp4,test,HELLO,landscape,640,480,53,32,0.6750494579999895,0.5283018867924528,0.875,0.419677734375,0.78125,0.3984375,0.78125,shoulder_width,28,0,0,True,True,True,True,True
test/HELLO/5911924789322505-HELLO.v17.npz,data/local/citizen100_v17/raw/test/HELLO/5911924789322505-HELLO.mp4,test,HELLO,landscape,640,480,39,25,0.43927212500000223,0.5384615384615384,0.84,0.428466796875,0.6875,0.03125,0.04,shoulder_width,21,0,0,True,True,True,True,True
test/HELLO/7027473793210652-HELLO.v17.npz,data/local/citizen100_v17/raw/test/HELLO/7027473793210652-HELLO.mp4,test,HELLO,landscape,640,480,83,39,0.8825735419999887,0.40963855421686746,0.8717948717948718,0.425537109375,0.625,0.625,0.6410256410256411,shoulder_width,0,34,0,True,True,True,True,True
test/HELLO/7076961883712545-HELLO.v17.npz,data/local/citizen100_v17/raw/test/HELLO/7076961883712545-HELLO.mp4,test,HELLO,landscape,640,480,54,29,0.6462274159999879,0.46296296296296297,0.8620689655172413,0.43603515625,0.875,0.015625,0.034482758620689655,shoulder_width,0,25,0,True,True,True,True,True
test/HELLO/7472491282176557-HELLO.v17.npz,data/local/citizen100_v17/raw/test/HELLO/7472491282176557-HELLO.mp4,test,HELLO,landscape,640,480,96,47,0.9928410420000091,0.4479166666666667,0.9148936170212766,0.428466796875,0.84375,0.34375,0.02127659574468085,shoulder_width,0,43,0,True,True,True,True,True
test/HELLO/7648996670040624-HELLO.v17.npz,data/local/citizen100_v17/raw/test/HELLO/7648996670040624-HELLO.mp4,test,HELLO,landscape,640,480,81,38,0.9286703749999674,0.41975308641975306,0.8947368421052632,0.42919921875,0.84375,0.6328125,0.868421052631579,shoulder_width,0,34,0,True,True,True,True,True
test/HELLO/8364377695946923-HELLO.v17.npz,data/local/citizen100_v17/raw/test/HELLO/8364377695946923-HELLO.mp4,test,HELLO,landscape,640,480,78,31,0.7717232499999795,0.34615384615384615,0.8709677419354839,0.4375,0.8125,0.8125,0.8064516129032258,shoulder_width,0,27,0,True,True,True,True,True
test/HELLO/9042145214602195-HELLO.v17.npz,data/local/citizen100_v17/raw/test/HELLO/9042145214602195-HELLO.mp4,test,HELLO,landscape,640,480,41,30,0.401582875000031,0.5365853658536586,0.7333333333333333,0.378662109375,0.84375,0.703125,0.5666666666666667,shoulder_width,22,0,0,True,True,True,True,True
test/HELLO/9203138462369036-HELLO.v17.npz,data/local/citizen100_v17/raw/test/HELLO/9203138462369036-HELLO.mp4,test,HELLO,landscape,640,480,68,38,0.7828384999999685,0.5,0.8947368421052632,0.422607421875,0.875,0.296875,0.4473684210526316,shoulder_width,0,34,0,True,True,True,True,True
test/HELLO/9441415075906014-HELLO.v17.npz,data/local/citizen100_v17/raw/test/HELLO/9441415075906014-HELLO.mp4,test,HELLO,landscape,960,540,41,20,0.5199375409999902,0.3902439024390244,0.8,0.40625,0.875,0.0,0.0,palm_length,0,16,0,True,True,True,True,True
test/HELP/032534532433647456-HELP.v17.npz,data/local/citizen100_v17/raw/test/HELP/032534532433647456-HELP.mp4,test,HELP,landscape,640,480,59,36,0.7780742919999852,0.5423728813559322,0.8888888888888888,0.83251953125,0.71875,0.125,0.027777777777777776,shoulder_width,32,30,0,True,True,True,True,True
test/HELP/23773456898680978-HELP.v17.npz,data/local/citizen100_v17/raw/test/HELP/23773456898680978-HELP.mp4,test,HELP,landscape,960,540,67,24,0.7859141250000334,0.26865671641791045,0.75,0.572265625,0.6875,0.6875,0.7083333333333334,shoulder_width,9,17,0,True,True,True,True,True
test/HELP/3000270038189985-HELP.v17.npz,data/local/citizen100_v17/raw/test/HELP/3000270038189985-HELP.mp4,test,HELP,landscape,640,480,71,38,0.7998758749999979,0.4788732394366197,0.8947368421052632,0.7900390625,0.84375,0.6328125,0.868421052631579,shoulder_width,30,31,0,True,True,True,True,True
test/HELP/3347819641252294-HELP.v17.npz,data/local/citizen100_v17/raw/test/HELP/3347819641252294-HELP.mp4,test,HELP,landscape,640,480,96,65,1.206597458000033,0.4479166666666667,0.6615384615384615,0.52001953125,0.84375,0.6953125,0.8769230769230769,shoulder_width,44,26,0,True,True,True,True,True
test/HELP/3982436455452034-HELP.v17.npz,data/local/citizen100_v17/raw/test/HELP/3982436455452034-HELP.mp4,test,HELP,landscape,640,480,47,36,0.7857497090000152,0.723404255319149,0.9444444444444444,0.7822265625,0.90625,0.0,0.0,palm_length,27,32,0,True,True,True,True,True
test/HELP/5043430847938863-HELP.v17.npz,data/local/citizen100_v17/raw/test/HELP/5043430847938863-HELP.mp4,test,HELP,landscape,640,480,94,53,1.01445149999995,0.5106382978723404,0.9056603773584906,0.8193359375,0.78125,0.703125,0.7735849056603774,shoulder_width,40,47,0,True,True,True,True,True
test/HELP/531487732428322-HELP.v17.npz,data/local/citizen100_v17/raw/test/HELP/531487732428322-HELP.mp4,test,HELP,landscape,640,480,80,36,0.7879797500000336,0.4,0.8888888888888888,0.7255859375,0.71875,0.3671875,0.4722222222222222,shoulder_width,20,34,0,True,True,True,True,True
test/HELP/5726113697968809-HELP.v17.npz,data/local/citizen100_v17/raw/test/HELP/5726113697968809-HELP.mp4,test,HELP,landscape,640,480,63,46,0.7126532919999704,0.6666666666666666,0.9130434782608695,0.8291015625,0.875,0.703125,0.8913043478260869,shoulder_width,40,40,0,True,True,True,True,True
test/HELP/7353034835882497-HELP.v17.npz,data/local/citizen100_v17/raw/test/HELP/7353034835882497-HELP.mp4,test,HELP,landscape,640,480,82,41,0.758624291999979,0.45121951219512196,0.9024390243902439,0.75830078125,0.78125,0.0234375,0.024390243902439025,shoulder_width,29,37,0,True,True,True,True,True
test/HELP/7816987530892228-HELP.v17.npz,data/local/citizen100_v17/raw/test/HELP/7816987530892228-HELP.mp4,test,HELP,landscape,960,540,39,23,0.4129746250000039,0.48717948717948717,0.8260869565217391,0.71875,0.75,0.75,0.7391304347826086,shoulder_width,16,18,0,True,True,True,True,True
test/HELP/9165653074606479-HELP.v17.npz,data/local/citizen100_v17/raw/test/HELP/9165653074606479-HELP.mp4,test,HELP,landscape,640,480,96,48,1.016033458000038,0.4583333333333333,0.9166666666666666,0.86669921875,0.84375,0.84375,0.8541666666666666,shoulder_width,39,44,0,True,True,True,True,True
test/HELP/9203747770494983-HELP.v17.npz,data/local/citizen100_v17/raw/test/HELP/9203747770494983-HELP.mp4,test,HELP,landscape,640,480,92,45,0.8817854580000244,0.44565217391304346,0.9111111111111111,0.8310546875,0.90625,0.6796875,0.9111111111111111,shoulder_width,37,41,0,True,True,True,True,True
test/HELP/9702910950898831-HELP.v17.npz,data/local/citizen100_v17/raw/test/HELP/9702910950898831-HELP.mp4,test,HELP,landscape,640,480,52,35,0.5113965840000105,0.5769230769230769,0.8571428571428571,0.6943359375,0.6875,0.5234375,0.7142857142857143,shoulder_width,20,29,0,True,True,True,True,True
test/HOME/0462475122803383-HOME.v17.npz,data/local/citizen100_v17/raw/test/HOME/0462475122803383-HOME.mp4,test,HOME,landscape,640,480,84,47,0.7211972499999888,0.4523809523809524,0.8085106382978723,0.380859375,0.875,0.875,0.8723404255319149,shoulder_width,0,38,0,True,True,True,True,True
test/HOME/07893945056302032-HOME.v17.npz,data/local/citizen100_v17/raw/test/HOME/07893945056302032-HOME.mp4,test,HOME,landscape,640,480,51,35,0.4477786250000122,0.6078431372549019,0.8857142857142857,0.42333984375,0.6875,0.359375,0.05714285714285714,shoulder_width,0,31,0,True,True,True,True,True
test/HOME/12817656792505772-HOME.v17.npz,data/local/citizen100_v17/raw/test/HOME/12817656792505772-HOME.mp4,test,HOME,landscape,640,480,40,30,0.36418987499996547,0.65,0.8666666666666667,0.42041015625,0.84375,0.15625,0.3,shoulder_width,25,1,0,True,True,True,True,True
test/HOME/15614531692180766-HOME.v17.npz,data/local/citizen100_v17/raw/test/HOME/15614531692180766-HOME.mp4,test,HOME,landscape,640,480,83,40,0.7297004580000248,0.43373493975903615,0.9,0.436767578125,0.8125,0.671875,0.625,shoulder_width,0,36,0,True,True,True,True,True
test/HOME/19580126719501179-HOME.v17.npz,data/local/citizen100_v17/raw/test/HOME/19580126719501179-HOME.mp4,test,HOME,landscape,640,480,63,31,0.5012107500000411,0.3968253968253968,0.8064516129032258,0.380859375,0.8125,0.0078125,0.0,palm_length,0,25,0,True,True,True,True,True
test/HOME/2819168857196481-HOME.v17.npz,data/local/citizen100_v17/raw/test/HOME/2819168857196481-HOME.mp4,test,HOME,landscape,640,480,24,20,0.23869741699996894,0.6666666666666666,0.8,0.39208984375,0.46875,0.25,0.05,shoulder_width,16,0,0,True,True,True,True,True
test/HOME/582214002886773-HOME.v17.npz,data/local/citizen100_v17/raw/test/HOME/582214002886773-HOME.mp4,test,HOME,landscape,960,540,68,37,0.9150857920000135,0.4852941176470588,0.8918918918918919,0.427001953125,0.875,0.71875,0.8918918918918919,shoulder_width,0,33,0,True,True,True,True,True
test/HOME/5902741029270153-HOME.v17.npz,data/local/citizen100_v17/raw/test/HOME/5902741029270153-HOME.mp4,test,HOME,landscape,640,480,33,23,0.4047159999999508,0.5757575757575758,0.8260869565217391,0.386962890625,0.75,0.5625,0.7391304347826086,shoulder_width,19,0,0,True,True,True,True,True
test/HOME/6756007750530766-HOME.v17.npz,data/local/citizen100_v17/raw/test/HOME/6756007750530766-HOME.mp4,test,HOME,landscape,640,480,67,29,0.6715963749999787,0.3582089552238806,0.8275862068965517,0.412109375,0.875,0.234375,0.3103448275862069,shoulder_width,0,24,0,True,True,True,True,True
test/HOME/676739603328083-HOME.v17.npz,data/local/citizen100_v17/raw/test/HOME/676739603328083-HOME.mp4,test,HOME,landscape,640,480,54,38,0.5956437920000326,0.6296296296296297,0.8947368421052632,0.43603515625,0.875,0.0390625,0.05263157894736842,shoulder_width,0,34,0,True,True,True,True,True
test/HOME/6867078000301718-HOME.v17.npz,data/local/citizen100_v17/raw/test/HOME/6867078000301718-HOME.mp4,test,HOME,landscape,640,480,85,44,0.8913838750000309,0.47058823529411764,0.9090909090909091,0.43603515625,0.90625,0.78125,0.9318181818181818,shoulder_width,0,40,0,True,True,True,True,True
test/HOME/8251121237297434-HOME.v17.npz,data/local/citizen100_v17/raw/test/HOME/8251121237297434-HOME.mp4,test,HOME,landscape,640,480,53,34,0.5117126670000403,0.5660377358490566,0.8823529411764706,0.411376953125,0.71875,0.015625,0.029411764705882353,shoulder_width,30,0,0,True,True,True,True,True
test/HOME/9398884140712938-HOME.v17.npz,data/local/citizen100_v17/raw/test/HOME/9398884140712938-HOME.mp4,test,HOME,landscape,640,480,96,52,0.8111000840000315,0.5,0.9230769230769231,0.431640625,0.9375,0.5546875,0.9423076923076923,shoulder_width,1,47,0,True,True,True,True,True
test/HOSPITAL/0391236078587216-HOSPITAL.v17.npz,data/local/citizen100_v17/raw/test/HOSPITAL/0391236078587216-HOSPITAL.mp4,test,HOSPITAL,landscape,640,480,95,45,0.9895522499999743,0.42105263157894735,0.8888888888888888,0.43310546875,0.75,0.75,0.7333333333333333,shoulder_width,0,40,0,True,True,True,True,True
test/HOSPITAL/08795608187591553-HOSPITAL.v17.npz,data/local/citizen100_v17/raw/test/HOSPITAL/08795608187591553-HOSPITAL.mp4,test,HOSPITAL,landscape,640,480,36,23,0.5467949160000103,0.4722222222222222,0.7391304347826086,0.386962890625,0.75,0.75,0.7391304347826086,shoulder_width,18,0,0,True,True,True,True,True
test/HOSPITAL/13051783303937703-HOSPITAL.v17.npz,data/local/citizen100_v17/raw/test/HOSPITAL/13051783303937703-HOSPITAL.mp4,test,HOSPITAL,landscape,640,480,62,36,0.9478249579999556,0.4838709677419355,0.8333333333333334,0.39892578125,0.90625,0.0,0.0,palm_length,29,1,0,True,True,True,True,True
test/HOSPITAL/16499691175444786-HOSPITAL.v17.npz,data/local/citizen100_v17/raw/test/HOSPITAL/16499691175444786-HOSPITAL.mp4,test,HOSPITAL,landscape,640,480,92,44,1.424477042000035,0.43478260869565216,0.9090909090909091,0.4345703125,0.75,0.75,0.75,shoulder_width,0,40,0,True,True,True,True,True
test/HOSPITAL/29975883523571745-HOSPITAL.v17.npz,data/local/citizen100_v17/raw/test/HOSPITAL/29975883523571745-HOSPITAL.mp4,test,HOSPITAL,landscape,640,480,66,34,0.7753260829999817,0.45454545454545453,0.8823529411764706,0.41064453125,0.71875,0.015625,0.029411764705882353,shoulder_width,0,30,0,True,True,True,True,True
test/HOSPITAL/35176220038590755-HOSPITAL.v17.npz,data/local/citizen100_v17/raw/test/HOSPITAL/35176220038590755-HOSPITAL.mp4,test,HOSPITAL,landscape,960,540,64,29,0.8208074169999691,0.390625,0.8620689655172413,0.436767578125,0.875,0.875,0.8620689655172413,shoulder_width,0,25,0,True,True,True,True,True
test/HOSPITAL/36805542769003496-HOSPITAL.v17.npz,data/local/citizen100_v17/raw/test/HOSPITAL/36805542769003496-HOSPITAL.mp4,test,HOSPITAL,landscape,640,480,96,96,2.046326625000006,0.8645833333333334,0.8645833333333334,0.422607421875,0.90625,0.75,0.9270833333333334,shoulder_width,83,0,0,True,True,True,True,True
test/HOSPITAL/3759922548209751-HOSPITAL.v17.npz,data/local/citizen100_v17/raw/test/HOSPITAL/3759922548209751-HOSPITAL.mp4,test,HOSPITAL,landscape,640,480,46,31,0.6039061660000016,0.5652173913043478,0.8387096774193549,0.384033203125,0.8125,0.0234375,0.03225806451612903,shoulder_width,22,4,0,True,True,True,True,True
test/HOSPITAL/43142287081368647-HOSPITAL.v17.npz,data/local/citizen100_v17/raw/test/HOSPITAL/43142287081368647-HOSPITAL.mp4,test,HOSPITAL,landscape,640,480,48,42,0.6309548339999651,0.625,0.7142857142857143,0.37060546875,0.96875,0.5390625,0.9761904761904762,shoulder_width,24,8,0,True,True,True,True,True
test/HOSPITAL/4315957172962892-HOSPITAL.v17.npz,data/local/citizen100_v17/raw/test/HOSPITAL/4315957172962892-HOSPITAL.mp4,test,HOSPITAL,landscape,640,480,65,32,0.6824668749999887,0.4307692307692308,0.875,0.428466796875,0.78125,0.2109375,0.28125,shoulder_width,0,28,0,True,True,True,True,True
test/HOSPITAL/513048409174413-HOSPITAL.v17.npz,data/local/citizen100_v17/raw/test/HOSPITAL/513048409174413-HOSPITAL.mp4,test,HOSPITAL,landscape,640,480,86,47,0.8621998749999875,0.47674418604651164,0.8723404255319149,0.422607421875,0.84375,0.6015625,0.8723404255319149,shoulder_width,0,41,0,True,True,True,True,True
test/HOSPITAL/6078879576003486-HOSPITAL.v17.npz,data/local/citizen100_v17/raw/test/HOSPITAL/6078879576003486-HOSPITAL.mp4,test,HOSPITAL,landscape,960,540,48,34,0.561841333000018,0.5833333333333334,0.8235294117647058,0.40185546875,0.71875,0.3203125,0.5,shoulder_width,0,28,0,True,True,True,True,True
test/HOSPITAL/7174661485702265-HOSPITAL.v17.npz,data/local/citizen100_v17/raw/test/HOSPITAL/7174661485702265-HOSPITAL.mp4,test,HOSPITAL,landscape,640,480,60,35,0.6103815000000168,0.5,0.8571428571428571,0.415283203125,0.6875,0.1875,0.05714285714285714,shoulder_width,30,0,0,True,True,True,True,True
test/HOSPITAL/7768078843171742-HOSPITAL.v17.npz,data/local/citizen100_v17/raw/test/HOSPITAL/7768078843171742-HOSPITAL.mp4,test,HOSPITAL,landscape,640,480,84,62,0.8579609999999889,0.6904761904761905,0.9354838709677419,0.444091796875,0.78125,0.4453125,0.2903225806451613,shoulder_width,0,58,0,True,True,True,True,True
test/HOSPITAL/7921373203371331-HOSPITAL.v17.npz,data/local/citizen100_v17/raw/test/HOSPITAL/7921373203371331-HOSPITAL.mp4,test,HOSPITAL,landscape,640,480,80,47,0.9441540000000259,0.5375,0.9148936170212766,0.46142578125,0.84375,0.6015625,0.8723404255319149,shoulder_width,3,43,0,True,True,True,True,True
test/HOSPITAL/8311298382278862-HOSPITAL.v17.npz,data/local/citizen100_v17/raw/test/HOSPITAL/8311298382278862-HOSPITAL.mp4,test,HOSPITAL,landscape,640,480,90,50,1.093330332999983,0.4888888888888889,0.88,0.446533203125,0.96875,0.96875,0.98,shoulder_width,4,40,0,True,True,True,True,True
test/HOSPITAL/997878459075781-HOSPITAL.v17.npz,data/local/citizen100_v17/raw/test/HOSPITAL/997878459075781-HOSPITAL.mp4,test,HOSPITAL,landscape,640,480,41,27,0.4423514169999976,0.5609756097560976,0.8518518518518519,0.412841796875,0.625,0.3125,0.3333333333333333,shoulder_width,23,0,0,True,True,True,True,True
test/HOT/07764420978703401-HOT.v17.npz,data/local/citizen100_v17/raw/test/HOT/07764420978703401-HOT.mp4,test,HOT,landscape,640,480,50,30,0.5496263750000026,0.54,0.9,0.438232421875,0.84375,0.359375,0.5666666666666667,shoulder_width,27,0,0,True,True,True,True,True
test/HOT/10331183924598131-HOT.v17.npz,data/local/citizen100_v17/raw/test/HOT/10331183924598131-HOT.mp4,test,HOT,landscape,640,480,51,38,0.6762679999999932,0.6666666666666666,0.8947368421052632,0.435302734375,0.875,0.0234375,0.02631578947368421,shoulder_width,34,1,0,True,True,True,True,True
test/HOT/155075391321839-HOT.v17.npz,data/local/citizen100_v17/raw/test/HOT/155075391321839-HOT.mp4,test,HOT,landscape,640,480,24,19,0.2604729579999798,0.625,0.7894736842105263,0.36376953125,0.46875,0.46875,0.47368421052631576,shoulder_width,15,0,0,True,True,True,True,True
test/HOT/23737096674333502-HOT.v17.npz,data/local/citizen100_v17/raw/test/HOT/23737096674333502-HOT.mp4,test,HOT,landscape,640,480,86,43,0.9437005409999983,0.45348837209302323,0.9069767441860465,0.416748046875,0.75,0.3046875,0.3953488372093023,shoulder_width,0,39,0,True,True,True,True,True
test/HOT/2826317160543619-HOT.v17.npz,data/local/citizen100_v17/raw/test/HOT/2826317160543619-HOT.mp4,test,HOT,landscape,640,480,62,28,0.6681614589999754,0.3870967741935484,0.8571428571428571,0.4248046875,0.59375,0.0,0.0,palm_length,24,0,0,True,True,True,True,True
test/HOT/3226049524969481-HOT.v17.npz,data/local/citizen100_v17/raw/test/HOT/3226049524969481-HOT.mp4,test,HOT,landscape,960,540,56,25,0.6743001669999558,0.375,0.84,0.42041015625,0.6875,0.609375,0.68,shoulder_width,0,21,0,True,True,True,True,True
test/HOT/41152841117803685-HOT.v17.npz,data/local/citizen100_v17/raw/test/HOT/41152841117803685-HOT.mp4,test,HOT,landscape,640,480,61,28,0.6337424580000288,0.39344262295081966,0.8571428571428571,0.422607421875,0.59375,0.15625,0.0,palm_length,0,24,0,True,True,True,True,True
test/HOT/44853785617317854-HOT.v17.npz,data/local/citizen100_v17/raw/test/HOT/44853785617317854-HOT.mp4,test,HOT,landscape,640,480,91,42,0.954426500000011,0.4065934065934066,0.8809523809523809,0.4375,0.96875,0.96875,0.9761904761904762,shoulder_width,0,37,0,True,True,True,True,True
test/HOT/6956239348425071-HOT.v17.npz,data/local/citizen100_v17/raw/test/HOT/6956239348425071-HOT.mp4,test,HOT,landscape,640,480,34,18,0.3904750419999914,0.35294117647058826,0.6666666666666666,0.344482421875,0.5,0.0234375,0.05555555555555555,shoulder_width,12,0,0,True,True,True,True,True
test/HOT/7372312746506302-HOT.v17.npz,data/local/citizen100_v17/raw/test/HOT/7372312746506302-HOT.mp4,test,HOT,landscape,640,480,96,72,1.1573682079999799,0.5104166666666666,0.6805555555555556,0.347412109375,0.90625,0.90625,0.9027777777777778,shoulder_width,0,49,0,True,True,True,True,True
test/HOT/9098726585421435-HOT.v17.npz,data/local/citizen100_v17/raw/test/HOT/9098726585421435-HOT.mp4,test,HOT,landscape,640,480,47,25,0.6072776670000053,0.44680851063829785,0.84,0.416748046875,0.6875,0.515625,0.68,shoulder_width,0,21,0,True,True,True,True,True
test/HOW/028264130143242472-HOW.v17.npz,data/local/citizen100_v17/raw/test/HOW/028264130143242472-HOW.mp4,test,HOW,landscape,960,540,79,33,1.0400929169999813,0.3670886075949367,0.8787878787878788,0.78955078125,0.75,0.6875,0.7575757575757576,shoulder_width,28,28,0,True,True,True,True,True
test/HOW/06437354909692172-HOW.v17.npz,data/local/citizen100_v17/raw/test/HOW/06437354909692172-HOW.mp4,test,HOW,landscape,640,480,86,44,0.9849089170000411,0.46511627906976744,0.9090909090909091,0.87109375,0.75,0.6640625,0.75,shoulder_width,40,39,0,True,True,True,True,True
test/HOW/12045635816655964-HOW.v17.npz,data/local/citizen100_v17/raw/test/HOW/12045635816655964-HOW.mp4,test,HOW,landscape,640,480,34,21,0.4539927080000439,0.5,0.8095238095238095,0.7314453125,0.4375,0.34375,0.42857142857142855,shoulder_width,17,15,0,True,True,True,True,True
test/HOW/25388875174562653-HOW.v17.npz,data/local/citizen100_v17/raw/test/HOW/25388875174562653-HOW.mp4,test,HOW,landscape,640,480,58,39,0.8063388329999839,0.603448275862069,0.8974358974358975,0.7880859375,0.8125,0.609375,0.8461538461538461,shoulder_width,31,35,0,True,True,True,True,True
test/HOW/3976156540390696-HOW.v17.npz,data/local/citizen100_v17/raw/test/HOW/3976156540390696-HOW.mp4,test,HOW,landscape,640,480,54,27,0.6381649169999832,0.42592592592592593,0.8518518518518519,0.82958984375,0.9375,0.7890625,0.9259259259259259,shoulder_width,22,23,0,True,True,True,True,True
test/HOW/5979307187574394-HOW.v17.npz,data/local/citizen100_v17/raw/test/HOW/5979307187574394-HOW.mp4,test,HOW,landscape,640,480,72,46,0.9904690000000187,0.5694444444444444,0.8913043478260869,0.79443359375,0.875,0.875,0.8913043478260869,shoulder_width,39,39,0,True,True,True,True,True
test/HOW/6119825081396184-HOW.v17.npz,data/local/citizen100_v17/raw/test/HOW/6119825081396184-HOW.mp4,test,HOW,landscape,640,480,86,45,1.1056261670000254,0.47674418604651164,0.9111111111111111,0.85546875,0.90625,0.78125,0.9111111111111111,shoulder_width,40,41,0,True,True,True,True,True
test/HOW/670019265660998-HOW.v17.npz,data/local/citizen100_v17/raw/test/HOW/670019265660998-HOW.mp4,test,HOW,landscape,640,480,96,68,1.1961324170000012,0.4479166666666667,0.6323529411764706,0.5712890625,0.8125,0.734375,0.8382352941176471,shoulder_width,40,38,0,True,True,True,True,True
test/HOW/8032623168123776-HOW.v17.npz,data/local/citizen100_v17/raw/test/HOW/8032623168123776-HOW.mp4,test,HOW,landscape,640,480,71,37,0.792219541999998,0.4507042253521127,0.8648648648648649,0.79296875,0.875,0.125,0.24324324324324326,shoulder_width,31,31,0,True,True,True,True,True
test/HOW/8436415241829844-HOW.v17.npz,data/local/citizen100_v17/raw/test/HOW/8436415241829844-HOW.mp4,test,HOW,landscape,640,480,85,35,0.9026003749999632,0.35294117647058826,0.8571428571428571,0.77880859375,0.9375,0.046875,0.05714285714285714,shoulder_width,28,30,0,True,True,True,True,True
test/HOW/9935032342175718-HOW.v17.npz,data/local/citizen100_v17/raw/test/HOW/9935032342175718-HOW.mp4,test,HOW,landscape,640,480,55,33,0.7250470839999821,0.5272727272727272,0.8787878787878788,0.822265625,1.0,0.140625,0.030303030303030304,shoulder_width,29,27,0,True,True,True,True,True
test/HUNGRY/002348350992488646-HUNGRY.v17.npz,data/local/citizen100_v17/raw/test/HUNGRY/002348350992488646-HUNGRY.mp4,test,HUNGRY,landscape,640,480,70,31,0.7238852919999772,0.38571428571428573,0.8709677419354839,0.428466796875,0.8125,0.609375,0.8064516129032258,shoulder_width,0,27,0,True,True,True,True,True
test/HUNGRY/09596583119145707-HUNGRY.v17.npz,data/local/citizen100_v17/raw/test/HUNGRY/09596583119145707-HUNGRY.mp4,test,HUNGRY,landscape,960,540,81,34,0.9816914580000002,0.2839506172839506,0.6764705882352942,0.30517578125,0.71875,0.71875,0.7352941176470589,shoulder_width,0,23,0,True,True,True,True,True
test/HUNGRY/10194449491019375-HUNGRY.v17.npz,data/local/citizen100_v17/raw/test/HUNGRY/10194449491019375-HUNGRY.mp4,test,HUNGRY,landscape,640,480,64,34,0.6479693750000024,0.453125,0.8529411764705882,0.43017578125,0.71875,0.6640625,0.7352941176470589,shoulder_width,0,29,0,True,True,True,True,True
test/HUNGRY/129693242467106-HUNGRY.v17.npz,data/local/citizen100_v17/raw/test/HUNGRY/129693242467106-HUNGRY.mp4,test,HUNGRY,landscape,640,480,45,28,0.47208041700002923,0.4888888888888889,0.7857142857142857,0.399658203125,0.59375,0.453125,0.6071428571428571,shoulder_width,22,0,0,True,True,True,True,True
test/HUNGRY/140859354753039-HUNGRY.v17.npz,data/local/citizen100_v17/raw/test/HUNGRY/140859354753039-HUNGRY.mp4,test,HUNGRY,landscape,640,480,53,20,0.4897232089999761,0.3018867924528302,0.8,0.37353515625,0.84375,0.640625,0.85,shoulder_width,0,16,0,True,True,True,True,True
test/HUNGRY/2394165119190521-HUNGRY.v17.npz,data/local/citizen100_v17/raw/test/HUNGRY/2394165119190521-HUNGRY.mp4,test,HUNGRY,landscape,640,480,33,23,0.35325537500000337,0.5757575757575758,0.8260869565217391,0.338623046875,0.75,0.0078125,0.0,palm_length,19,0,0,True,True,True,True,True
test/HUNGRY/3274086349316525-HUNGRY.v17.npz,data/local/citizen100_v17/raw/test/HUNGRY/3274086349316525-HUNGRY.mp4,test,HUNGRY,landscape,640,480,96,43,1.0752622499999802,0.40625,0.9069767441860465,0.4375,0.75,0.7109375,0.7674418604651163,shoulder_width,0,39,0,True,True,True,True,True
test/HUNGRY/5745630297695972-HUNGRY.v17.npz,data/local/citizen100_v17/raw/test/HUNGRY/5745630297695972-HUNGRY.mp4,test,HUNGRY,landscape,640,480,96,63,1.1377886249999847,0.5625,0.8571428571428571,0.48291015625,0.90625,0.5546875,0.9047619047619048,shoulder_width,13,52,0,True,True,True,True,True
test/HUNGRY/5801976577083523-HUNGRY.v17.npz,data/local/citizen100_v17/raw/test/HUNGRY/5801976577083523-HUNGRY.mp4,test,HUNGRY,landscape,640,480,60,37,0.6017322919999515,0.25,0.40540540540540543,0.185302734375,0.875,0.0,0.0,palm_length,0,15,0,True,True,True,True,True
test/HUNGRY/5953063052308991-HUNGRY.v17.npz,data/local/citizen100_v17/raw/test/HUNGRY/5953063052308991-HUNGRY.mp4,test,HUNGRY,landscape,640,480,49,29,0.5574223330000336,0.5102040816326531,0.8620689655172413,0.42041015625,0.875,0.875,0.8620689655172413,shoulder_width,25,0,0,True,True,True,True,True
test/HUNGRY/6826458140252678-HUNGRY.v17.npz,data/local/citizen100_v17/raw/test/HUNGRY/6826458140252678-HUNGRY.mp4,test,HUNGRY,landscape,640,480,70,32,0.6832594589999985,0.4,0.875,0.433837890625,0.78125,0.0234375,0.03125,shoulder_width,0,28,0,True,True,True,True,True
test/HUNGRY/8268071690304826-HUNGRY.v17.npz,data/local/citizen100_v17/raw/test/HUNGRY/8268071690304826-HUNGRY.mp4,test,HUNGRY,landscape,640,480,96,39,1.009499083000037,0.3645833333333333,0.8974358974358975,0.422607421875,0.84375,0.640625,0.8461538461538461,shoulder_width,0,35,0,True,True,True,True,True
test/I/059398641585320267-ME.v17.npz,data/local/citizen100_v17/raw/test/I/059398641585320267-ME.mp4,test,I,landscape,640,480,84,37,0.8042069159999983,0.39285714285714285,0.8918918918918919,0.415283203125,0.875,0.875,0.8918918918918919,shoulder_width,0,33,0,True,True,True,True,True
test/I/08622704664772152-ME.v17.npz,data/local/citizen100_v17/raw/test/I/08622704664772152-ME.mp4,test,I,landscape,960,540,36,22,0.4159443330000272,0.5,0.8181818181818182,0.394287109375,0.78125,0.6875,0.7727272727272727,shoulder_width,18,0,0,True,True,True,True,True
test/I/11091344459201657-ME.v17.npz,data/local/citizen100_v17/raw/test/I/11091344459201657-ME.mp4,test,I,landscape,640,480,96,47,1.053935541000044,0.4375,0.8936170212765957,0.397216796875,0.6875,0.6875,0.7021276595744681,shoulder_width,0,42,0,True,True,True,True,True
test/I/1506254664622797-ME.v17.npz,data/local/citizen100_v17/raw/test/I/1506254664622797-ME.mp4,test,I,landscape,960,540,70,23,0.8175466249999772,0.2714285714285714,0.8260869565217391,0.395751953125,0.75,0.65625,0.7391304347826086,shoulder_width,0,19,0,True,True,True,True,True
test/I/16214681742267878-ME.v17.npz,data/local/citizen100_v17/raw/test/I/16214681742267878-ME.mp4,test,I,landscape,640,480,96,58,1.1628297080000038,0.3229166666666667,0.5344827586206896,0.266357421875,0.84375,0.84375,0.8448275862068966,shoulder_width,0,31,0,True,True,True,True,True
test/I/31080382328753453-ME.v17.npz,data/local/citizen100_v17/raw/test/I/31080382328753453-ME.mp4,test,I,landscape,640,480,55,32,0.6936967909999794,0.509090909090909,0.875,0.427001953125,0.78125,0.5234375,0.78125,shoulder_width,0,28,0,True,True,True,True,True
test/I/4318620777117368-ME.v17.npz,data/local/citizen100_v17/raw/test/I/4318620777117368-ME.mp4,test,I,landscape,640,480,52,52,0.6918689590000326,0.8269230769230769,0.8269230769230769,0.36083984375,0.9375,0.0,0.0,palm_length,22,24,0,True,True,True,True,True
test/I/5289028229164205-ME.v17.npz,data/local/citizen100_v17/raw/test/I/5289028229164205-ME.mp4,test,I,landscape,640,480,69,36,0.6897572080000032,0.463768115942029,0.8888888888888888,0.424072265625,0.90625,0.90625,0.9166666666666666,shoulder_width,0,32,0,True,True,True,True,True
test/I/5400816124395869-ME.v17.npz,data/local/citizen100_v17/raw/test/I/5400816124395869-ME.mp4,test,I,landscape,640,480,49,35,0.5110404170000038,0.6122448979591837,0.8571428571428571,0.409912109375,0.6875,0.515625,0.7142857142857143,shoulder_width,29,1,0,True,True,True,True,True
test/I/5834482146577376-ME.v17.npz,data/local/citizen100_v17/raw/test/I/5834482146577376-ME.mp4,test,I,landscape,640,480,50,28,0.5455173340000101,0.44,0.7857142857142857,0.392822265625,0.90625,0.90625,0.8928571428571429,shoulder_width,22,0,0,True,True,True,True,True
test/I/5968816675394137-ME.v17.npz,data/local/citizen100_v17/raw/test/I/5968816675394137-ME.mp4,test,I,landscape,640,480,63,27,0.6372405839999828,0.36507936507936506,0.8518518518518519,0.4248046875,0.9375,0.40625,0.6296296296296297,shoulder_width,2,21,0,True,True,True,True,True
test/I/8941049731507169-ME.v17.npz,data/local/citizen100_v17/raw/test/I/8941049731507169-ME.mp4,test,I,landscape,640,480,50,31,0.5391246249999995,0.54,0.8709677419354839,0.412109375,0.5625,0.421875,0.5483870967741935,shoulder_width,27,0,0,True,True,True,True,True
test/I/9101168111350384-ME.v17.npz,data/local/citizen100_v17/raw/test/I/9101168111350384-ME.mp4,test,I,landscape,640,480,75,29,0.7378140829999893,0.3333333333333333,0.8620689655172413,0.41357421875,0.59375,0.0,0.0,palm_length,25,0,0,True,True,True,True,True
test/IMPORTANT/12308384116454874-IMPORTANT.v17.npz,data/local/citizen100_v17/raw/test/IMPORTANT/12308384116454874-IMPORTANT.mp4,test,IMPORTANT,landscape,640,480,74,35,0.8273526249999463,0.4189189189189189,0.8857142857142857,0.85498046875,0.9375,0.03125,0.02857142857142857,shoulder_width,30,31,0,True,True,True,True,True
test/IMPORTANT/20268530510209049-IMPORTANT.v17.npz,data/local/citizen100_v17/raw/test/IMPORTANT/20268530510209049-IMPORTANT.mp4,test,IMPORTANT,landscape,640,480,82,36,0.9047788329999662,0.35365853658536583,0.8055555555555556,0.64208984375,0.90625,0.2265625,0.2777777777777778,shoulder_width,26,24,0,True,True,True,True,True
test/IMPORTANT/23184664744539596-IMPORTANT.v17.npz,data/local/citizen100_v17/raw/test/IMPORTANT/23184664744539596-IMPORTANT.mp4,test,IMPORTANT,landscape,640,480,64,33,0.7474940839999817,0.421875,0.8181818181818182,0.66796875,0.75,0.4453125,0.7575757575757576,shoulder_width,20,26,0,True,True,True,True,True
test/IMPORTANT/31033447604053244-IMPORTANT.v17.npz,data/local/citizen100_v17/raw/test/IMPORTANT/31033447604053244-IMPORTANT.mp4,test,IMPORTANT,landscape,640,480,61,42,0.7504214159999947,0.6229508196721312,0.9047619047619048,0.76806640625,0.96875,0.7265625,0.9761904761904762,shoulder_width,37,32,0,True,True,True,True,True
test/IMPORTANT/3177202412344484-IMPORTANT.v17.npz,data/local/citizen100_v17/raw/test/IMPORTANT/3177202412344484-IMPORTANT.mp4,test,IMPORTANT,landscape,640,480,96,32,1.1864340419999735,0.2916666666666667,0.875,0.80078125,0.78125,0.0,0.0,palm_length,27,25,0,True,True,True,True,True
test/IMPORTANT/35592661539763526-IMPORTANT.v17.npz,data/local/citizen100_v17/raw/test/IMPORTANT/35592661539763526-IMPORTANT.mp4,test,IMPORTANT,landscape,960,540,88,38,1.1036134999999945,0.38636363636363635,0.8947368421052632,0.81005859375,0.4375,0.546875,0.4473684210526316,shoulder_width,31,34,0,True,True,True,True,True
test/IMPORTANT/48060248368554337-IMPORTANT.v17.npz,data/local/citizen100_v17/raw/test/IMPORTANT/48060248368554337-IMPORTANT.mp4,test,IMPORTANT,landscape,640,480,86,46,1.021225916999981,0.4883720930232558,0.9130434782608695,0.84912109375,0.71875,0.71875,0.717391304347826,shoulder_width,40,40,0,True,True,True,True,True
test/IMPORTANT/5887711870998498-IMPORTANT.v17.npz,data/local/citizen100_v17/raw/test/IMPORTANT/5887711870998498-IMPORTANT.mp4,test,IMPORTANT,landscape,640,480,68,38,0.7685096250000356,0.5,0.8947368421052632,0.8134765625,0.65625,0.0078125,0.0,palm_length,32,30,0,True,True,True,True,True
test/IMPORTANT/6792376551714419-IMPORTANT.v17.npz,data/local/citizen100_v17/raw/test/IMPORTANT/6792376551714419-IMPORTANT.mp4,test,IMPORTANT,landscape,640,480,96,48,1.1042133340000078,0.4583333333333333,0.9166666666666666,0.91015625,0.875,0.359375,0.375,shoulder_width,43,43,0,True,True,True,True,True
test/IMPORTANT/6916653579488994-IMPORTANT.v17.npz,data/local/citizen100_v17/raw/test/IMPORTANT/6916653579488994-IMPORTANT.mp4,test,IMPORTANT,landscape,640,480,67,42,0.8516544580000414,0.5671641791044776,0.9047619047619048,0.85546875,0.78125,0.3515625,0.40476190476190477,shoulder_width,38,36,0,True,True,True,True,True
test/IMPORTANT/7669261669377805-IMPORTANT.v17.npz,data/local/citizen100_v17/raw/test/IMPORTANT/7669261669377805-IMPORTANT.mp4,test,IMPORTANT,landscape,640,480,96,49,1.1938877499999876,0.46875,0.9183673469387755,0.8876953125,0.8125,0.65625,0.3673469387755102,shoulder_width,41,45,0,True,True,True,True,True
test/IMPORTANT/7700667502937311-IMPORTANT.v17.npz,data/local/citizen100_v17/raw/test/IMPORTANT/7700667502937311-IMPORTANT.mp4,test,IMPORTANT,landscape,640,480,95,46,1.1691807500000095,0.43157894736842106,0.8913043478260869,0.84521484375,0.875,0.3671875,0.391304347826087,shoulder_width,40,40,0,True,True,True,True,True
test/IMPORTANT/799854337187943-IMPORTANT.v17.npz,data/local/citizen100_v17/raw/test/IMPORTANT/799854337187943-IMPORTANT.mp4,test,IMPORTANT,landscape,640,480,42,32,0.549039166,0.6666666666666666,0.875,0.80517578125,0.78125,0.390625,0.78125,shoulder_width,27,26,0,True,True,True,True,True
test/IMPORTANT/9540283603904613-IMPORTANT.v17.npz,data/local/citizen100_v17/raw/test/IMPORTANT/9540283603904613-IMPORTANT.mp4,test,IMPORTANT,landscape,640,480,59,38,0.7539068749999842,0.576271186440678,0.8947368421052632,0.82275390625,0.84375,0.1171875,0.23684210526315788,shoulder_width,32,32,0,True,True,True,True,True
test/IMPORTANT/9875723928918112-IMPORTANT.v17.npz,data/local/citizen100_v17/raw/test/IMPORTANT/9875723928918112-IMPORTANT.mp4,test,IMPORTANT,landscape,640,480,52,33,0.5914077499999735,0.40384615384615385,0.6363636363636364,0.479248046875,0.75,0.515625,0.7575757575757576,shoulder_width,12,21,0,True,True,True,True,True
test/KNOW/08948222222557001-KNOW.v17.npz,data/local/citizen100_v17/raw/test/KNOW/08948222222557001-KNOW.mp4,test,KNOW,landscape,640,480,25,22,0.284509082999989,0.76,0.8636363636363636,0.42041015625,0.78125,0.0234375,0.045454545454545456,shoulder_width,19,0,0,True,True,True,True,True
test/KNOW/14003138099067614-KNOW.v17.npz,data/local/citizen100_v17/raw/test/KNOW/14003138099067614-KNOW.mp4,test,KNOW,landscape,640,480,88,53,0.8843367499999886,0.5568181818181818,0.9245283018867925,0.4375,0.78125,0.0234375,0.018867924528301886,shoulder_width,0,49,0,True,True,True,True,True
test/KNOW/3814009077656757-KNOW.v17.npz,data/local/citizen100_v17/raw/test/KNOW/3814009077656757-KNOW.mp4,test,KNOW,landscape,640,480,64,29,0.6012700420000101,0.390625,0.8620689655172413,0.41357421875,0.875,0.0,0.0,palm_length,0,25,0,True,True,True,True,True
test/KNOW/5055945545044311-KNOW.v17.npz,data/local/citizen100_v17/raw/test/KNOW/5055945545044311-KNOW.mp4,test,KNOW,landscape,640,480,38,28,0.405648957999972,0.631578947368421,0.8571428571428571,0.43017578125,0.59375,0.0078125,0.0,palm_length,24,0,0,True,True,True,True,True
test/KNOW/5444162139741568-KNOW.v17.npz,data/local/citizen100_v17/raw/test/KNOW/5444162139741568-KNOW.mp4,test,KNOW,landscape,960,540,54,33,0.6344209160000105,0.5,0.8181818181818182,0.402587890625,1.0,1.0,1.0,shoulder_width,0,27,0,True,True,True,True,True
test/KNOW/6568595279283049-KNOW.v17.npz,data/local/citizen100_v17/raw/test/KNOW/6568595279283049-KNOW.mp4,test,KNOW,landscape,640,480,32,23,0.3414856669999722,0.5625,0.782608695652174,0.38232421875,0.75,0.2109375,0.043478260869565216,shoulder_width,18,0,0,True,True,True,True,True
test/KNOW/6635155508761357-KNOW.v17.npz,data/local/citizen100_v17/raw/test/KNOW/6635155508761357-KNOW.mp4,test,KNOW,landscape,640,480,77,38,0.7402608749999899,0.42857142857142855,0.868421052631579,0.42333984375,0.875,0.875,0.868421052631579,shoulder_width,0,33,0,True,True,True,True,True
test/KNOW/6688223256394381-KNOW.v17.npz,data/local/citizen100_v17/raw/test/KNOW/6688223256394381-KNOW.mp4,test,KNOW,landscape,640,480,89,47,0.881006583000044,0.48314606741573035,0.9148936170212766,0.4375,0.875,0.78125,0.7021276595744681,shoulder_width,0,43,0,True,True,True,True,True
test/KNOW/683902846076992-KNOW.v17.npz,data/local/citizen100_v17/raw/test/KNOW/683902846076992-KNOW.mp4,test,KNOW,landscape,640,480,70,30,0.673042708999958,0.37142857142857144,0.8666666666666667,0.427001953125,0.84375,0.4296875,0.8333333333333334,shoulder_width,0,26,0,True,True,True,True,True
test/KNOW/8067021692292493-KNOW.v17.npz,data/local/citizen100_v17/raw/test/KNOW/8067021692292493-KNOW.mp4,test,KNOW,landscape,640,480,45,35,0.49387274999998,0.6666666666666666,0.8571428571428571,0.4033203125,0.6875,0.515625,0.7142857142857143,shoulder_width,0,30,0,True,True,True,True,True
test/KNOW/8443975795179439-KNOW.v17.npz,data/local/citizen100_v17/raw/test/KNOW/8443975795179439-KNOW.mp4,test,KNOW,landscape,640,480,72,42,0.7875173749999931,0.5277777777777778,0.9047619047619048,0.427734375,0.78125,0.3203125,0.047619047619047616,shoulder_width,0,38,0,True,True,True,True,True
test/KNOW/9660722441175273-KNOW.v17.npz,data/local/citizen100_v17/raw/test/KNOW/9660722441175273-KNOW.mp4,test,KNOW,landscape,640,480,47,36,0.4910144579999951,0.6808510638297872,0.8888888888888888,0.43310546875,0.90625,0.0,0.0,palm_length,32,0,0,True,True,True,True,True
test/KNOW/9903896454591405-KNOW.v17.npz,data/local/citizen100_v17/raw/test/KNOW/9903896454591405-KNOW.mp4,test,KNOW,landscape,640,480,90,53,0.9592702090000103,0.5333333333333333,0.9056603773584906,0.416748046875,0.78125,0.7421875,0.6226415094339622,shoulder_width,0,48,0,True,True,True,True,True
test/LANGUAGE/12808797423117713-LANGUAGE.v17.npz,data/local/citizen100_v17/raw/test/LANGUAGE/12808797423117713-LANGUAGE.mp4,test,LANGUAGE,landscape,640,480,57,36,0.7165144589999954,0.5614035087719298,0.8888888888888888,0.69921875,0.90625,0.3515625,0.4722222222222222,shoulder_width,30,27,0,True,True,True,True,True
test/LANGUAGE/19104479266222563-LANGUAGE.v17.npz,data/local/citizen100_v17/raw/test/LANGUAGE/19104479266222563-LANGUAGE.mp4,test,LANGUAGE,landscape,640,480,37,23,0.4897095409999679,0.5135135135135135,0.8260869565217391,0.77880859375,0.75,0.0,0.0,palm_length,19,18,0,True,True,True,True,True
test/LANGUAGE/28741917289351715-LANGUAGE.v17.npz,data/local/citizen100_v17/raw/test/LANGUAGE/28741917289351715-LANGUAGE.mp4,test,LANGUAGE,landscape,640,480,77,36,0.8845627080000327,0.4155844155844156,0.8888888888888888,0.8193359375,0.90625,0.90625,0.9166666666666666,shoulder_width,31,31,0,True,True,True,True,True
test/LANGUAGE/3035648828488777-LANGUAGE.v17.npz,data/local/citizen100_v17/raw/test/LANGUAGE/3035648828488777-LANGUAGE.mp4,test,LANGUAGE,landscape,960,540,90,32,1.0887102500000196,0.3111111111111111,0.875,0.7685546875,0.78125,0.6015625,0.78125,shoulder_width,28,26,0,True,True,True,True,True
test/LANGUAGE/3302617670400969-LANGUAGE.v17.npz,data/local/citizen100_v17/raw/test/LANGUAGE/3302617670400969-LANGUAGE.mp4,test,LANGUAGE,landscape,640,480,36,24,0.4498415839999552,0.5555555555555556,0.8333333333333334,0.7666015625,0.71875,0.71875,0.7083333333333334,shoulder_width,20,19,0,True,True,True,True,True
test/LANGUAGE/3741367212639053-LANGUAGE.v17.npz,data/local/citizen100_v17/raw/test/LANGUAGE/3741367212639053-LANGUAGE.mp4,test,LANGUAGE,landscape,640,480,71,38,0.7918464589999985,0.4788732394366197,0.8947368421052632,0.78564453125,0.875,0.234375,0.23684210526315788,shoulder_width,34,29,0,True,True,True,True,True
test/LANGUAGE/43327972758808064-LANGUAGE.v17.npz,data/local/citizen100_v17/raw/test/LANGUAGE/43327972758808064-LANGUAGE.mp4,test,LANGUAGE,landscape,640,480,79,43,0.9299071660000209,0.4936708860759494,0.9069767441860465,0.8525390625,0.9375,0.8046875,0.9534883720930233,shoulder_width,39,38,0,True,True,True,True,True
test/LANGUAGE/48907651900925697-LANGUAGE.v17.npz,data/local/citizen100_v17/raw/test/LANGUAGE/48907651900925697-LANGUAGE.mp4,test,LANGUAGE,landscape,640,480,76,30,0.8015753749999703,0.34210526315789475,0.8666666666666667,0.79541015625,0.84375,0.1484375,0.3,shoulder_width,26,24,0,True,True,True,True,True
test/LANGUAGE/5178995117561007-LANGUAGE.v17.npz,data/local/citizen100_v17/raw/test/LANGUAGE/5178995117561007-LANGUAGE.mp4,test,LANGUAGE,landscape,640,480,87,51,0.9925267499999677,0.5402298850574713,0.9215686274509803,0.77734375,0.78125,0.078125,0.0196078431372549,shoulder_width,38,46,0,True,True,True,True,True
test/LANGUAGE/7350972658833945-LANGUAGE.v17.npz,data/local/citizen100_v17/raw/test/LANGUAGE/7350972658833945-LANGUAGE.mp4,test,LANGUAGE,landscape,640,480,63,46,0.8333022500000311,0.6666666666666666,0.9130434782608695,0.76025390625,0.875,0.6875,0.717391304347826,shoulder_width,32,41,0,True,True,True,True,True
test/LANGUAGE/8921010083167416-LANGUAGE.v17.npz,data/local/citizen100_v17/raw/test/LANGUAGE/8921010083167416-LANGUAGE.mp4,test,LANGUAGE,landscape,640,480,57,33,0.6445163750000233,0.5087719298245614,0.8787878787878788,0.8154296875,0.75,0.5078125,0.7575757575757576,shoulder_width,28,28,0,True,True,True,True,True
test/LEARN/051881466201948445-LEARN.v17.npz,data/local/citizen100_v17/raw/test/LEARN/051881466201948445-LEARN.mp4,test,LEARN,landscape,640,480,74,45,0.8462974160000272,0.5540540540540541,0.9111111111111111,0.7314453125,0.71875,0.078125,0.044444444444444446,shoulder_width,34,36,0,True,True,True,True,True
test/LEARN/12197065576307575-LEARN.v17.npz,data/local/citizen100_v17/raw/test/LEARN/12197065576307575-LEARN.mp4,test,LEARN,landscape,640,480,43,30,0.6129977919999874,0.6046511627906976,0.8666666666666667,0.67578125,0.84375,0.015625,0.03333333333333333,shoulder_width,17,26,0,True,True,True,True,True
test/LEARN/16786202092656866-LEARN.v17.npz,data/local/citizen100_v17/raw/test/LEARN/16786202092656866-LEARN.mp4,test,LEARN,landscape,640,480,49,30,0.5464169999999626,0.5306122448979592,0.8666666666666667,0.55859375,0.84375,0.703125,0.8333333333333334,shoulder_width,22,13,0,True,True,True,True,True
test/LEARN/21972136101865503-LEARN.v17.npz,data/local/citizen100_v17/raw/test/LEARN/21972136101865503-LEARN.mp4,test,LEARN,landscape,640,480,96,39,0.8827622090000204,0.34375,0.8461538461538461,0.44580078125,0.84375,0.7421875,0.8461538461538461,shoulder_width,3,33,0,True,True,True,True,True
test/LEARN/2940604270213145-LEARN.v17.npz,data/local/citizen100_v17/raw/test/LEARN/2940604270213145-LEARN.mp4,test,LEARN,landscape,640,480,68,53,0.8654153749999978,0.7205882352941176,0.9245283018867925,0.8310546875,0.90625,0.8359375,0.9245283018867925,shoulder_width,44,47,0,True,True,True,True,True
test/LEARN/2999644167275095-LEARN.v17.npz,data/local/citizen100_v17/raw/test/LEARN/2999644167275095-LEARN.mp4,test,LEARN,landscape,960,540,66,30,0.7537154999999984,0.3787878787878788,0.8333333333333334,0.61669921875,0.5625,0.703125,0.5666666666666667,shoulder_width,16,25,0,True,True,True,True,True
test/LEARN/4444322995832739-LEARN.v17.npz,data/local/citizen100_v17/raw/test/LEARN/4444322995832739-LEARN.mp4,test,LEARN,landscape,640,480,94,43,1.0116350830000442,0.4148936170212766,0.9069767441860465,0.83349609375,0.9375,0.890625,0.9534883720930233,shoulder_width,39,35,0,True,True,True,True,True
test/LEARN/6102529420840566-LEARN.v17.npz,data/local/citizen100_v17/raw/test/LEARN/6102529420840566-LEARN.mp4,test,LEARN,landscape,640,480,65,31,0.7016723749999869,0.4153846153846154,0.8709677419354839,0.7119140625,0.8125,0.3046875,0.2903225806451613,shoulder_width,23,21,0,True,True,True,True,True
test/LEARN/8354334844320983-LEARN.v17.npz,data/local/citizen100_v17/raw/test/LEARN/8354334844320983-LEARN.mp4,test,LEARN,landscape,640,480,69,39,0.8438659579999808,0.5072463768115942,0.8974358974358975,0.81689453125,0.84375,0.6484375,0.8461538461538461,shoulder_width,34,34,0,True,True,True,True,True
test/LEARN/8926064053121483-LEARN.v17.npz,data/local/citizen100_v17/raw/test/LEARN/8926064053121483-LEARN.mp4,test,LEARN,landscape,640,480,82,35,0.8581607500000246,0.35365853658536583,0.8285714285714286,0.6435546875,0.9375,0.0234375,0.02857142857142857,shoulder_width,21,28,0,True,True,True,True,True
test/LEARN/90115254687291-LEARN.v17.npz,data/local/citizen100_v17/raw/test/LEARN/90115254687291-LEARN.mp4,test,LEARN,landscape,640,480,96,55,1.078131084000006,0.5208333333333334,0.9090909090909091,0.771484375,0.875,0.3203125,0.03636363636363636,shoulder_width,47,41,0,True,True,True,True,True
test/LEARN/9964669701367461-LEARN.v17.npz,data/local/citizen100_v17/raw/test/LEARN/9964669701367461-LEARN.mp4,test,LEARN,landscape,640,480,60,41,0.6497346660000289,0.6166666666666667,0.9024390243902439,0.58349609375,0.8125,0.6171875,0.8048780487804879,shoulder_width,14,35,0,True,True,True,True,True
test/LESS/12975955861028488-LESS.v17.npz,data/local/citizen100_v17/raw/test/LESS/12975955861028488-LESS.mp4,test,LESS,landscape,640,480,83,55,1.040876792000006,0.6144578313253012,0.9272727272727272,0.70751953125,0.875,0.734375,0.8909090909090909,shoulder_width,33,50,0,True,True,True,True,True
test/LESS/17812491887762083-LESS.v17.npz,data/local/citizen100_v17/raw/test/LESS/17812491887762083-LESS.mp4,test,LESS,landscape,640,480,84,31,0.8516318339999884,0.32142857142857145,0.8709677419354839,0.81787109375,0.8125,0.421875,0.5483870967741935,shoulder_width,24,27,0,True,True,True,True,True
test/LESS/2110666143402815-LESS.v17.npz,data/local/citizen100_v17/raw/test/LESS/2110666143402815-LESS.mp4,test,LESS,landscape,640,480,90,41,0.9473243329999832,0.4111111111111111,0.9024390243902439,0.77587890625,0.8125,0.7578125,0.8048780487804879,shoulder_width,31,37,0,True,True,True,True,True
test/LESS/2286569439935593-LESS.v17.npz,data/local/citizen100_v17/raw/test/LESS/2286569439935593-LESS.mp4,test,LESS,landscape,640,480,60,34,0.6781564589999789,0.5,0.8823529411764706,0.79931640625,0.71875,0.1875,0.2647058823529412,shoulder_width,28,28,0,True,True,True,True,True
test/LESS/3092158568977723-LESS.v17.npz,data/local/citizen100_v17/raw/test/LESS/3092158568977723-LESS.mp4,test,LESS,landscape,640,480,83,74,1.0107595409999703,0.6867469879518072,0.7702702702702703,0.63330078125,0.875,0.109375,0.22972972972972974,shoulder_width,42,57,0,True,True,True,True,True
test/LESS/3766044578749139-LESS.v17.npz,data/local/citizen100_v17/raw/test/LESS/3766044578749139-LESS.mp4,test,LESS,landscape,640,480,78,46,0.9137903330000086,0.5384615384615384,0.9130434782608695,0.76806640625,0.875,0.0,0.0,palm_length,42,33,0,True,True,True,True,True
test/LESS/3974339076715794-LESS.v17.npz,data/local/citizen100_v17/raw/test/LESS/3974339076715794-LESS.mp4,test,LESS,landscape,640,480,71,35,0.7900009999999611,0.43661971830985913,0.8857142857142857,0.76953125,0.6875,0.4140625,0.7142857142857143,shoulder_width,29,28,0,True,True,True,True,True
test/LESS/5149052830997158-LESS.v17.npz,data/local/citizen100_v17/raw/test/LESS/5149052830997158-LESS.mp4,test,LESS,landscape,640,480,40,29,0.5213811250000049,0.625,0.8620689655172413,0.78271484375,0.59375,0.0,0.0,palm_length,22,25,0,True,True,True,True,True
test/LESS/6075820262664089-LESS.v17.npz,data/local/citizen100_v17/raw/test/LESS/6075820262664089-LESS.mp4,test,LESS,landscape,960,540,43,25,0.5875476669999671,0.4883720930232558,0.84,0.66748046875,0.6875,0.0,0.0,palm_length,15,19,0,True,True,True,True,True
test/LESS/7575553737702381-LESS.v17.npz,data/local/citizen100_v17/raw/test/LESS/7575553737702381-LESS.mp4,test,LESS,landscape,640,480,86,39,1.1932196249999834,0.4069767441860465,0.8974358974358975,0.8466796875,0.625,0.4765625,0.6410256410256411,shoulder_width,34,35,0,True,True,True,True,True
test/LESS/9690000210347673-LESS.v17.npz,data/local/citizen100_v17/raw/test/LESS/9690000210347673-LESS.mp4,test,LESS,landscape,640,480,87,54,1.3616120840000008,0.5747126436781609,0.9259259259259259,0.7685546875,0.90625,0.8671875,0.9074074074074074,shoulder_width,39,50,0,True,True,True,True,True
test/LIKE/06793339114876251-LIKE.v17.npz,data/local/citizen100_v17/raw/test/LIKE/06793339114876251-LIKE.mp4,test,LIKE,landscape,640,480,43,29,0.5577506669999934,0.5813953488372093,0.8620689655172413,0.432373046875,0.875,0.0,0.0,palm_length,24,1,0,True,True,True,True,True
test/LIKE/07790071532440357-LIKE.v17.npz,data/local/citizen100_v17/raw/test/LIKE/07790071532440357-LIKE.mp4,test,LIKE,landscape,640,480,63,30,0.6121721659999935,0.3968253968253968,0.8333333333333334,0.389892578125,0.84375,0.140625,0.0,palm_length,0,25,0,True,True,True,True,True
test/LIKE/14992936899376108-LIKE.v17.npz,data/local/citizen100_v17/raw/test/LIKE/14992936899376108-LIKE.mp4,test,LIKE,landscape,640,480,96,44,0.9454582910000227,0.40625,0.8863636363636364,0.42626953125,0.75,0.5625,0.75,shoulder_width,0,39,0,True,True,True,True,True
test/LIKE/5534005644089397-LIKE.v17.npz,data/local/citizen100_v17/raw/test/LIKE/5534005644089397-LIKE.mp4,test,LIKE,landscape,640,480,60,36,0.5961091670000087,0.5166666666666667,0.8611111111111112,0.405517578125,0.90625,0.578125,0.9166666666666666,shoulder_width,31,0,0,True,True,True,True,True
test/LIKE/5814218831348728-LIKE.v17.npz,data/local/citizen100_v17/raw/test/LIKE/5814218831348728-LIKE.mp4,test,LIKE,landscape,640,480,20,17,0.20754858300000478,0.65,0.7647058823529411,0.361572265625,0.5625,0.421875,0.5294117647058824,shoulder_width,13,0,0,True,True,True,True,True
test/LIKE/618705132779968-LIKE.v17.npz,data/local/citizen100_v17/raw/test/LIKE/618705132779968-LIKE.mp4,test,LIKE,landscape,960,540,44,23,0.5269671670000093,0.4318181818181818,0.8260869565217391,0.388427734375,0.75,0.03125,0.043478260869565216,shoulder_width,0,19,0,True,True,True,True,True
test/LIKE/7341162668077774-LIKE.v17.npz,data/local/citizen100_v17/raw/test/LIKE/7341162668077774-LIKE.mp4,test,LIKE,landscape,640,480,33,20,0.3624619999999936,0.48484848484848486,0.8,0.35791015625,0.46875,0.3671875,0.45,shoulder_width,16,0,0,True,True,True,True,True
test/LIKE/754822541664977-LIKE.v17.npz,data/local/citizen100_v17/raw/test/LIKE/754822541664977-LIKE.mp4,test,LIKE,landscape,640,480,96,39,0.9041641659999868,0.3645833333333333,0.8974358974358975,0.421875,0.84375,0.7890625,0.8461538461538461,shoulder_width,0,35,0,True,True,True,True,True
test/LIKE/8311673208101575-LIKE.v17.npz,data/local/citizen100_v17/raw/test/LIKE/8311673208101575-LIKE.mp4,test,LIKE,landscape,640,480,52,34,0.5757798749999665,0.5769230769230769,0.8823529411764706,0.4091796875,0.71875,0.6640625,0.7352941176470589,shoulder_width,0,30,0,True,True,True,True,True
test/LIKE/8940965995167087-LIKE.v17.npz,data/local/citizen100_v17/raw/test/LIKE/8940965995167087-LIKE.mp4,test,LIKE,landscape,640,480,96,31,0.850844708000011,0.28125,0.8709677419354839,0.3876953125,0.8125,0.546875,0.5483870967741935,shoulder_width,27,0,0,True,True,True,True,True
test/LIKE/9359906689689883-LIKE.v17.npz,data/local/citizen100_v17/raw/test/LIKE/9359906689689883-LIKE.mp4,test,LIKE,landscape,640,480,36,24,0.370273042000008,0.5555555555555556,0.8333333333333334,0.34814453125,0.71875,0.0,0.0,palm_length,20,0,0,True,True,True,True,True
test/LIKE/9890231765881607-LIKE.v17.npz,data/local/citizen100_v17/raw/test/LIKE/9890231765881607-LIKE.mp4,test,LIKE,landscape,640,480,47,31,0.5233810419999827,0.574468085106383,0.8709677419354839,0.421875,0.8125,0.0,0.0,palm_length,27,0,0,True,True,True,True,True
test/LISTEN/0904437231533417-LISTEN.v17.npz,data/local/citizen100_v17/raw/test/LISTEN/0904437231533417-LISTEN.mp4,test,LISTEN,landscape,640,480,31,21,0.4486494999999877,0.5483870967741935,0.8095238095238095,0.399658203125,0.4375,0.0,0.0,palm_length,17,0,0,True,True,True,True,True
test/LISTEN/09277703558910022-LISTEN.v17.npz,data/local/citizen100_v17/raw/test/LISTEN/09277703558910022-LISTEN.mp4,test,LISTEN,landscape,640,480,90,62,1.0223731659999657,0.6444444444444445,0.9354838709677419,0.4658203125,0.90625,0.3359375,0.016129032258064516,shoulder_width,0,58,0,True,True,True,True,True
test/LISTEN/20384437998668337-LISTEN.v17.npz,data/local/citizen100_v17/raw/test/LISTEN/20384437998668337-LISTEN.mp4,test,LISTEN,landscape,640,480,96,72,1.1328134589999763,0.5520833333333334,0.7361111111111112,0.357177734375,0.90625,0.90625,0.9027777777777778,shoulder_width,0,53,0,True,True,True,True,True
test/LISTEN/3162982972600652-LISTEN.v17.npz,data/local/citizen100_v17/raw/test/LISTEN/3162982972600652-LISTEN.mp4,test,LISTEN,landscape,640,480,76,56,0.8545074580000573,0.6710526315789473,0.9107142857142857,0.450927734375,0.875,0.0234375,0.017857142857142856,shoulder_width,50,1,0,True,True,True,True,True
test/LISTEN/4575829320829845-LISTEN.v17.npz,data/local/citizen100_v17/raw/test/LISTEN/4575829320829845-LISTEN.mp4,test,LISTEN,landscape,640,480,63,37,0.5942697080000698,0.5238095238095238,0.8918918918918919,0.43603515625,0.875,0.0,0.0,palm_length,0,33,0,True,True,True,True,True
test/LISTEN/5964669905828157-LISTEN.v17.npz,data/local/citizen100_v17/raw/test/LISTEN/5964669905828157-LISTEN.mp4,test,LISTEN,landscape,640,480,31,23,0.31333316699999614,0.5483870967741935,0.7391304347826086,0.357177734375,0.75,0.5625,0.7391304347826086,shoulder_width,17,0,0,True,True,True,True,True
test/LISTEN/6472577880281998-LISTEN.v17.npz,data/local/citizen100_v17/raw/test/LISTEN/6472577880281998-LISTEN.mp4,test,LISTEN,landscape,960,540,45,26,0.4995152079999343,0.4888888888888889,0.8461538461538461,0.421142578125,0.65625,0.1796875,0.34615384615384615,shoulder_width,0,22,0,True,True,True,True,True
test/LISTEN/6889720299798965-LISTEN.v17.npz,data/local/citizen100_v17/raw/test/LISTEN/6889720299798965-LISTEN.mp4,test,LISTEN,landscape,960,540,59,26,0.7158946670000432,0.3728813559322034,0.8461538461538461,0.409912109375,0.96875,0.96875,0.9615384615384616,shoulder_width,0,22,0,True,True,True,True,True
test/LISTEN/6976005769773519-LISTEN.v17.npz,data/local/citizen100_v17/raw/test/LISTEN/6976005769773519-LISTEN.mp4,test,LISTEN,landscape,640,480,83,33,0.8101598749999539,0.3493975903614458,0.8787878787878788,0.42919921875,0.75,0.0,0.0,palm_length,0,29,0,True,True,True,True,True
test/LISTEN/7700911110419981-LISTEN.v17.npz,data/local/citizen100_v17/raw/test/LISTEN/7700911110419981-LISTEN.mp4,test,LISTEN,landscape,640,480,40,27,0.41582216699998753,0.575,0.8518518518518519,0.42919921875,0.9375,0.015625,0.037037037037037035,shoulder_width,23,0,0,True,True,True,True,True
test/LISTEN/8150453838807292-LISTEN.v17.npz,data/local/citizen100_v17/raw/test/LISTEN/8150453838807292-LISTEN.mp4,test,LISTEN,landscape,640,480,96,47,0.9186142919999156,0.4479166666666667,0.9148936170212766,0.4375,0.84375,0.4375,0.7021276595744681,shoulder_width,0,43,0,True,True,True,True,True
test/LISTEN/8927117504647817-LISTEN.v17.npz,data/local/citizen100_v17/raw/test/LISTEN/8927117504647817-LISTEN.mp4,test,LISTEN,landscape,640,480,75,58,0.8191363340000635,0.72,0.9310344827586207,0.458251953125,0.84375,0.6015625,0.7068965517241379,shoulder_width,0,54,0,True,True,True,True,True
test/LOVE/0430014058082695-LOVE.v17.npz,data/local/citizen100_v17/raw/test/LOVE/0430014058082695-LOVE.mp4,test,LOVE,landscape,640,480,52,28,0.6137478749999445,0.46153846153846156,0.8571428571428571,0.73828125,0.59375,0.453125,0.6071428571428571,shoulder_width,16,25,0,True,True,True,True,True
test/LOVE/06306461164504529-LOVE.v17.npz,data/local/citizen100_v17/raw/test/LOVE/06306461164504529-LOVE.mp4,test,LOVE,landscape,640,480,79,42,0.922620959000028,0.4810126582278481,0.9047619047619048,0.728515625,0.78125,0.4453125,0.7857142857142857,shoulder_width,27,38,0,True,True,True,True,True
test/LOVE/30016965472947743-LOVE.v17.npz,data/local/citizen100_v17/raw/test/LOVE/30016965472947743-LOVE.mp4,test,LOVE,landscape,640,480,96,47,1.040004541999906,0.4479166666666667,0.9148936170212766,0.78369140625,0.875,0.671875,0.8723404255319149,shoulder_width,35,43,0,True,True,True,True,True
test/LOVE/4243347380620037-LOVE.v17.npz,data/local/citizen100_v17/raw/test/LOVE/4243347380620037-LOVE.mp4,test,LOVE,landscape,640,480,96,60,0.9960651669999834,0.375,0.6,0.521484375,0.8125,0.140625,0.3,shoulder_width,28,36,0,True,True,True,True,True
test/LOVE/44419065960377635-LOVE.v17.npz,data/local/citizen100_v17/raw/test/LOVE/44419065960377635-LOVE.mp4,test,LOVE,landscape,640,480,74,34,0.7837657080000326,0.40540540540540543,0.8823529411764706,0.8134765625,0.71875,0.375,0.5,shoulder_width,25,28,0,True,True,True,True,True
test/LOVE/44744498444419367-LOVE.v17.npz,data/local/citizen100_v17/raw/test/LOVE/44744498444419367-LOVE.mp4,test,LOVE,landscape,960,540,47,31,0.6276663329999792,0.574468085106383,0.8709677419354839,0.75146484375,0.8125,0.6875,0.8064516129032258,shoulder_width,20,27,0,True,True,True,True,True
test/LOVE/499380155781485-LOVE.v17.npz,data/local/citizen100_v17/raw/test/LOVE/499380155781485-LOVE.mp4,test,LOVE,landscape,640,480,89,32,0.9395890829999871,0.3146067415730337,0.875,0.79296875,0.78125,0.78125,0.78125,shoulder_width,22,29,0,True,True,True,True,True
test/LOVE/5578116007946967-LOVE.v17.npz,data/local/citizen100_v17/raw/test/LOVE/5578116007946967-LOVE.mp4,test,LOVE,landscape,640,480,96,44,1.0123641249999764,0.40625,0.8863636363636364,0.73046875,0.75,0.3828125,0.20454545454545456,shoulder_width,29,39,0,True,True,True,True,True
test/LOVE/8416155976192394-LOVE.v17.npz,data/local/citizen100_v17/raw/test/LOVE/8416155976192394-LOVE.mp4,test,LOVE,landscape,640,480,82,40,0.9346269170000596,0.43902439024390244,0.9,0.77392578125,0.8125,0.8125,0.825,shoulder_width,28,36,0,True,True,True,True,True
test/LOVE/915582300749342-LOVE.v17.npz,data/local/citizen100_v17/raw/test/LOVE/915582300749342-LOVE.mp4,test,LOVE,landscape,640,480,74,52,0.8778715839999904,0.5135135135135135,0.7307692307692307,0.5498046875,0.78125,0.75,0.7884615384615384,shoulder_width,24,38,0,True,True,True,True,True
test/LOVE/9425795001825019-LOVE.v17.npz,data/local/citizen100_v17/raw/test/LOVE/9425795001825019-LOVE.mp4,test,LOVE,landscape,640,480,96,96,1.1930253330000369,1.0,1.0,0.541015625,0.90625,0.0,0.0,palm_length,28,75,0,True,True,True,True,True
test/LOVE/9533808785286948-LOVE.v17.npz,data/local/citizen100_v17/raw/test/LOVE/9533808785286948-LOVE.mp4,test,LOVE,landscape,640,480,88,41,0.9362742079999862,0.4090909090909091,0.8780487804878049,0.81640625,0.78125,0.3984375,0.8048780487804879,shoulder_width,32,36,0,True,True,True,True,True
test/MAKE/13169238580393783-MAKE.v17.npz,data/local/citizen100_v17/raw/test/MAKE/13169238580393783-MAKE.mp4,test,MAKE,landscape,640,480,96,48,1.1742194580000387,0.4479166666666667,0.8958333333333334,0.84814453125,0.875,0.546875,0.8541666666666666,shoulder_width,43,41,0,True,True,True,True,True
test/MAKE/17501981980725656-MAKE.v17.npz,data/local/citizen100_v17/raw/test/MAKE/17501981980725656-MAKE.mp4,test,MAKE,landscape,960,540,74,34,1.1962417909999203,0.40540540540540543,0.8823529411764706,0.72412109375,0.71875,0.71875,0.7352941176470589,shoulder_width,23,28,0,True,True,True,True,True
test/MAKE/20003215375757932-MAKE.v17.npz,data/local/citizen100_v17/raw/test/MAKE/20003215375757932-MAKE.mp4,test,MAKE,landscape,640,480,58,36,0.7302490839999791,0.5517241379310345,0.8888888888888888,0.75390625,0.90625,0.6953125,0.9166666666666666,shoulder_width,24,32,0,True,True,True,True,True
test/MAKE/46445591302051503-MAKE.v17.npz,data/local/citizen100_v17/raw/test/MAKE/46445591302051503-MAKE.mp4,test,MAKE,landscape,640,480,55,30,0.62380645799999,0.4727272727272727,0.8666666666666667,0.78955078125,0.84375,0.0234375,0.03333333333333333,shoulder_width,21,25,0,True,True,True,True,True
test/MAKE/49105647878456105-MAKE.v17.npz,data/local/citizen100_v17/raw/test/MAKE/49105647878456105-MAKE.mp4,test,MAKE,landscape,640,480,43,29,0.5317015839999613,0.5581395348837209,0.8275862068965517,0.69140625,0.875,0.3125,0.5862068965517241,shoulder_width,21,22,0,True,True,True,True,True
test/MAKE/49594822580076303-MAKE.v17.npz,data/local/citizen100_v17/raw/test/MAKE/49594822580076303-MAKE.mp4,test,MAKE,landscape,640,480,75,41,0.8470335839999734,0.49333333333333335,0.9024390243902439,0.78271484375,0.78125,0.78125,0.8048780487804879,shoulder_width,29,36,0,True,True,True,True,True
test/MAKE/5583246381385951-MAKE.v17.npz,data/local/citizen100_v17/raw/test/MAKE/5583246381385951-MAKE.mp4,test,MAKE,landscape,640,480,51,25,0.6108123749999095,0.4117647058823529,0.84,0.77294921875,0.6875,0.0234375,0.04,shoulder_width,19,21,0,True,True,True,True,True
test/MAKE/6386315113243826-MAKE.v17.npz,data/local/citizen100_v17/raw/test/MAKE/6386315113243826-MAKE.mp4,test,MAKE,landscape,640,480,76,40,0.9121349580000242,0.4605263157894737,0.875,0.8056640625,0.8125,0.421875,0.825,shoulder_width,31,36,0,True,True,True,True,True
test/MAKE/7416958011863415-MAKE.v17.npz,data/local/citizen100_v17/raw/test/MAKE/7416958011863415-MAKE.mp4,test,MAKE,landscape,640,480,34,19,0.40740437499994187,0.4411764705882353,0.7894736842105263,0.71484375,0.46875,0.140625,0.05263157894736842,shoulder_width,15,14,0,True,True,True,True,True
test/MAKE/7631427136670896-MAKE.v17.npz,data/local/citizen100_v17/raw/test/MAKE/7631427136670896-MAKE.mp4,test,MAKE,landscape,640,480,59,31,0.7275025830000459,0.4576271186440678,0.8709677419354839,0.806640625,0.8125,0.015625,0.0,palm_length,24,27,0,True,True,True,True,True
test/MAKE/7874327126099574-MAKE.v17.npz,data/local/citizen100_v17/raw/test/MAKE/7874327126099574-MAKE.mp4,test,MAKE,landscape,640,480,93,42,1.281636290999927,0.40860215053763443,0.9047619047619048,0.802734375,0.78125,0.734375,0.7857142857142857,shoulder_width,33,37,0,True,True,True,True,True
test/MAKE/8323379614148649-MAKE.v17.npz,data/local/citizen100_v17/raw/test/MAKE/8323379614148649-MAKE.mp4,test,MAKE,landscape,640,480,96,52,1.2165523329999814,0.5,0.9230769230769231,0.86669921875,0.78125,0.78125,0.7884615384615384,shoulder_width,44,48,0,True,True,True,True,True
test/MAKE/8979367992517029-MAKE.v17.npz,data/local/citizen100_v17/raw/test/MAKE/8979367992517029-MAKE.mp4,test,MAKE,landscape,640,480,89,46,1.0963431669999864,0.43820224719101125,0.8478260869565217,0.6962890625,0.875,0.875,0.8913043478260869,shoulder_width,32,35,0,True,True,True,True,True
test/MAN/025346934779223673-MAN.v17.npz,data/local/citizen100_v17/raw/test/MAN/025346934779223673-MAN.mp4,test,MAN,landscape,640,480,50,39,0.5853119580000339,0.7,0.8974358974358975,0.411376953125,0.84375,0.2265625,0.4358974358974359,shoulder_width,35,0,0,True,True,True,True,True
test/MAN/19315534692992387-MAN.v17.npz,data/local/citizen100_v17/raw/test/MAN/19315534692992387-MAN.mp4,test,MAN,landscape,960,540,73,37,0.8325173749999522,0.4383561643835616,0.8648648648648649,0.421142578125,0.6875,0.6875,0.6756756756756757,shoulder_width,0,32,0,True,True,True,True,True
test/MAN/19920387220298008-MAN.v17.npz,data/local/citizen100_v17/raw/test/MAN/19920387220298008-MAN.mp4,test,MAN,landscape,640,480,53,39,0.540762291999954,0.660377358490566,0.8974358974358975,0.43017578125,0.84375,0.84375,0.8461538461538461,shoulder_width,35,0,0,True,True,True,True,True
test/MAN/36267470650488587-MAN.v17.npz,data/local/citizen100_v17/raw/test/MAN/36267470650488587-MAN.mp4,test,MAN,landscape,640,480,93,46,0.8647753749999083,0.45161290322580644,0.9130434782608695,0.4375,0.875,0.875,0.8913043478260869,shoulder_width,0,42,0,True,True,True,True,True
test/MAN/5467979056207073-MAN.v17.npz,data/local/citizen100_v17/raw/test/MAN/5467979056207073-MAN.mp4,test,MAN,landscape,640,480,86,40,0.8035944999999174,0.4069767441860465,0.875,0.425537109375,0.84375,0.7890625,0.825,shoulder_width,0,35,0,True,True,True,True,True
test/MAN/5507484645756615-MAN.v17.npz,data/local/citizen100_v17/raw/test/MAN/5507484645756615-MAN.mp4,test,MAN,landscape,640,480,53,37,0.6593404579999742,0.6226415094339622,0.8918918918918919,0.433837890625,0.875,0.6796875,0.6756756756756757,shoulder_width,0,33,0,True,True,True,True,True
test/MAN/7220672872802028-MAN.v17.npz,data/local/citizen100_v17/raw/test/MAN/7220672872802028-MAN.mp4,test,MAN,landscape,640,480,59,45,0.6499391659999674,0.5254237288135594,0.6888888888888889,0.344482421875,0.71875,0.5078125,0.37777777777777777,shoulder_width,0,31,0,True,True,True,True,True
test/MAN/7352370783302591-MAN.v17.npz,data/local/citizen100_v17/raw/test/MAN/7352370783302591-MAN.mp4,test,MAN,landscape,640,480,96,41,0.8923517919999995,0.3854166666666667,0.9024390243902439,0.43603515625,1.0,0.4609375,0.4146341463414634,shoulder_width,0,37,0,True,True,True,True,True
test/MAN/752125213687646-MAN.v17.npz,data/local/citizen100_v17/raw/test/MAN/752125213687646-MAN.mp4,test,MAN,landscape,640,480,80,31,0.7521853749999536,0.325,0.8387096774193549,0.402587890625,0.8125,0.421875,0.5483870967741935,shoulder_width,0,26,0,True,True,True,True,True
test/MAN/8768559258640949-MAN.v17.npz,data/local/citizen100_v17/raw/test/MAN/8768559258640949-MAN.mp4,test,MAN,landscape,640,480,41,32,0.4680867079999871,0.6341463414634146,0.8125,0.42041015625,0.78125,0.71875,0.78125,shoulder_width,26,0,0,True,True,True,True,True
test/MAN/8957894249802862-MAN.v17.npz,data/local/citizen100_v17/raw/test/MAN/8957894249802862-MAN.mp4,test,MAN,landscape,640,480,42,25,0.4227958330000092,0.5,0.84,0.435302734375,0.6875,0.03125,0.04,shoulder_width,21,0,0,True,True,True,True,True
test/MAN/9944246879207452-MAN.v17.npz,data/local/citizen100_v17/raw/test/MAN/9944246879207452-MAN.mp4,test,MAN,landscape,640,480,42,23,0.41472399999997833,0.42857142857142855,0.782608695652174,0.3720703125,0.75,0.109375,0.043478260869565216,shoulder_width,0,18,0,True,True,True,True,True
test/MAYBE/1413393321574652-MAYBE.v17.npz,data/local/citizen100_v17/raw/test/MAYBE/1413393321574652-MAYBE.mp4,test,MAYBE,landscape,640,480,96,70,1.4172618750000083,0.7083333333333334,0.9714285714285714,0.7529296875,0.90625,0.828125,0.9285714285714286,shoulder_width,65,50,0,True,True,True,True,True
test/MAYBE/16633074023048966-MAYBE.v17.npz,data/local/citizen100_v17/raw/test/MAYBE/16633074023048966-MAYBE.mp4,test,MAYBE,landscape,640,480,48,27,0.8958877079999183,0.4791666666666667,0.8518518518518519,0.7216796875,0.65625,0.0078125,0.0,palm_length,23,17,0,True,True,True,True,True
test/MAYBE/22552670076999082-MAYBE.v17.npz,data/local/citizen100_v17/raw/test/MAYBE/22552670076999082-MAYBE.mp4,test,MAYBE,landscape,640,480,84,54,1.0478172919999906,0.5714285714285714,0.8888888888888888,0.74853515625,0.90625,0.6953125,0.9074074074074074,shoulder_width,41,48,0,True,True,True,True,True
test/MAYBE/2761342174326724-MAYBE.v17.npz,data/local/citizen100_v17/raw/test/MAYBE/2761342174326724-MAYBE.mp4,test,MAYBE,landscape,640,480,43,30,0.5397354169999744,0.5581395348837209,0.8,0.6884765625,0.59375,0.4453125,0.5666666666666667,shoulder_width,24,18,0,True,True,True,True,True
test/MAYBE/3296315798584968-MAYBE.v17.npz,data/local/citizen100_v17/raw/test/MAYBE/3296315798584968-MAYBE.mp4,test,MAYBE,landscape,640,480,93,50,1.1007258749999664,0.4946236559139785,0.92,0.83984375,0.96875,0.6328125,0.98,shoulder_width,42,43,0,True,True,True,True,True
test/MAYBE/3420041356888386-MAYBE.v17.npz,data/local/citizen100_v17/raw/test/MAYBE/3420041356888386-MAYBE.mp4,test,MAYBE,landscape,640,480,69,36,0.8481437919999735,0.463768115942029,0.8888888888888888,0.8154296875,0.90625,0.1796875,0.0,palm_length,32,31,0,True,True,True,True,True
test/MAYBE/5566063839582813-MAYBE.v17.npz,data/local/citizen100_v17/raw/test/MAYBE/5566063839582813-MAYBE.mp4,test,MAYBE,landscape,640,480,66,31,0.732120000000009,0.4090909090909091,0.8709677419354839,0.78662109375,0.8125,0.0234375,0.03225806451612903,shoulder_width,27,24,0,True,True,True,True,True
test/MAYBE/5686825705132519-MAYBE.v17.npz,data/local/citizen100_v17/raw/test/MAYBE/5686825705132519-MAYBE.mp4,test,MAYBE,landscape,640,480,89,44,1.0957849589999569,0.449438202247191,0.9090909090909091,0.86767578125,0.75,0.703125,0.75,shoulder_width,40,39,0,True,True,True,True,True
test/MAYBE/5923738977892192-MAYBE.v17.npz,data/local/citizen100_v17/raw/test/MAYBE/5923738977892192-MAYBE.mp4,test,MAYBE,landscape,640,480,93,36,0.9633303749999413,0.34408602150537637,0.8888888888888888,0.80419921875,0.90625,0.90625,0.9166666666666666,shoulder_width,31,30,0,True,True,True,True,True
test/MAYBE/5990074663508898-MAYBE.v17.npz,data/local/citizen100_v17/raw/test/MAYBE/5990074663508898-MAYBE.mp4,test,MAYBE,landscape,640,480,59,43,0.7581893330000185,0.6610169491525424,0.9069767441860465,0.7666015625,0.78125,0.46875,0.7674418604651163,shoulder_width,30,38,0,True,True,True,True,True
test/MAYBE/6329023526245501-MAYBE.v17.npz,data/local/citizen100_v17/raw/test/MAYBE/6329023526245501-MAYBE.mp4,test,MAYBE,landscape,640,480,58,35,0.6969325410000238,0.5344827586206896,0.8857142857142857,0.71337890625,0.71875,0.0,0.0,palm_length,27,26,0,True,True,True,True,True
test/MAYBE/6487027798614984-MAYBE.v17.npz,data/local/citizen100_v17/raw/test/MAYBE/6487027798614984-MAYBE.mp4,test,MAYBE,landscape,960,540,39,30,0.5630094159999999,0.6153846153846154,0.8,0.73828125,0.59375,0.3828125,0.3,shoulder_width,22,23,0,True,True,True,True,True
test/MAYBE/8516637778077238-MAYBE.v17.npz,data/local/citizen100_v17/raw/test/MAYBE/8516637778077238-MAYBE.mp4,test,MAYBE,landscape,640,480,66,36,0.765922082999964,0.48484848484848486,0.8888888888888888,0.81982421875,0.6875,0.359375,0.4722222222222222,shoulder_width,29,32,0,True,True,True,True,True
test/MAYBE/929280650737947-MAYBE.v17.npz,data/local/citizen100_v17/raw/test/MAYBE/929280650737947-MAYBE.mp4,test,MAYBE,landscape,640,480,96,46,1.0653503329999694,0.4270833333333333,0.8913043478260869,0.74755859375,0.875,0.875,0.8913043478260869,shoulder_width,31,40,0,True,True,True,True,True
test/MORE/010465663034460171-MORE.v17.npz,data/local/citizen100_v17/raw/test/MORE/010465663034460171-MORE.mp4,test,MORE,landscape,640,480,82,43,0.919799874999967,0.4634146341463415,0.8837209302325582,0.80859375,0.75,0.75,0.7674418604651163,shoulder_width,37,35,0,True,True,True,True,True
test/MORE/15807643698153884-MORE.v17.npz,data/local/citizen100_v17/raw/test/MORE/15807643698153884-MORE.mp4,test,MORE,landscape,640,480,90,61,1.2347872919999645,0.6333333333333333,0.9344262295081968,0.8662109375,0.78125,0.40625,0.8032786885245902,shoulder_width,57,51,0,True,True,True,True,True
test/MORE/23625275644196408-MORE.v17.npz,data/local/citizen100_v17/raw/test/MORE/23625275644196408-MORE.mp4,test,MORE,landscape,640,480,96,46,1.0658636659999274,0.4375,0.9130434782608695,0.86669921875,0.71875,0.3828125,0.717391304347826,shoulder_width,41,42,0,True,True,True,True,True
test/MORE/35438732511009685-MORE.v17.npz,data/local/citizen100_v17/raw/test/MORE/35438732511009685-MORE.mp4,test,MORE,landscape,960,540,44,31,0.6221267090000993,0.6136363636363636,0.8709677419354839,0.8251953125,0.8125,0.8125,0.8064516129032258,shoulder_width,27,26,0,True,True,True,True,True
test/MORE/597060949237564-MORE.v17.npz,data/local/citizen100_v17/raw/test/MORE/597060949237564-MORE.mp4,test,MORE,landscape,640,480,61,38,0.8056320000000596,0.5573770491803278,0.8947368421052632,0.8212890625,0.875,0.0390625,0.05263157894736842,shoulder_width,33,32,0,True,True,True,True,True
test/MORE/6030819884347467-MORE.v17.npz,data/local/citizen100_v17/raw/test/MORE/6030819884347467-MORE.mp4,test,MORE,landscape,640,480,39,29,0.48295916699999,0.6410256410256411,0.8620689655172413,0.74755859375,0.59375,0.0234375,0.034482758620689655,shoulder_width,25,20,0,True,True,True,True,True
test/MORE/6785155090626982-MORE.v17.npz,data/local/citizen100_v17/raw/test/MORE/6785155090626982-MORE.mp4,test,MORE,landscape,640,480,46,27,0.6042653330000576,0.5,0.8518518518518519,0.73046875,0.625,0.3203125,0.6296296296296297,shoulder_width,20,20,0,True,True,True,True,True
test/MORE/7235081979386058-MORE.v17.npz,data/local/citizen100_v17/raw/test/MORE/7235081979386058-MORE.mp4,test,MORE,landscape,640,480,36,15,0.4212752079999973,0.3055555555555556,0.7333333333333333,0.66943359375,0.625,0.34375,0.6,shoulder_width,11,9,0,True,True,True,True,True
test/MORE/813443212118808-MORE.v17.npz,data/local/citizen100_v17/raw/test/MORE/813443212118808-MORE.mp4,test,MORE,landscape,640,480,78,31,0.8556341249999377,0.34615384615384615,0.8709677419354839,0.8505859375,0.8125,0.2890625,0.5483870967741935,shoulder_width,27,26,0,True,True,True,True,True
test/MORE/8473421461490096-MORE.v17.npz,data/local/citizen100_v17/raw/test/MORE/8473421461490096-MORE.mp4,test,MORE,landscape,640,480,82,44,0.9215714580000167,0.4268292682926829,0.7954545454545454,0.712890625,0.90625,0.90625,0.9318181818181818,shoulder_width,29,35,0,True,True,True,True,True
test/MORE/9340539684203915-MORE.v17.npz,data/local/citizen100_v17/raw/test/MORE/9340539684203915-MORE.mp4,test,MORE,landscape,640,480,61,29,0.7484151249999513,0.4098360655737705,0.8620689655172413,0.81005859375,0.875,0.015625,0.0,palm_length,25,22,0,True,True,True,True,True
test/MORE/9421448198356972-MORE.v17.npz,data/local/citizen100_v17/raw/test/MORE/9421448198356972-MORE.mp4,test,MORE,landscape,640,480,67,41,0.8259469160000208,0.5522388059701493,0.9024390243902439,0.8447265625,0.8125,0.7109375,0.8048780487804879,shoulder_width,34,37,0,True,True,True,True,True
test/MORNING/020754426270337634-MORNING.v17.npz,data/local/citizen100_v17/raw/test/MORNING/020754426270337634-MORNING.mp4,test,MORNING,landscape,640,480,53,40,0.6636640839999473,0.6415094339622641,0.85,0.6259765625,0.8125,0.46875,0.25,shoulder_width,25,25,0,True,True,True,True,True
test/MORNING/07339819377444345-MORNING.v17.npz,data/local/citizen100_v17/raw/test/MORNING/07339819377444345-MORNING.mp4,test,MORNING,landscape,640,480,72,37,0.7412739159999546,0.4583333333333333,0.8918918918918919,0.47705078125,0.6875,0.25,0.4594594594594595,shoulder_width,26,15,0,True,True,True,True,True
test/MORNING/09635620025138936-MORNING.v17.npz,data/local/citizen100_v17/raw/test/MORNING/09635620025138936-MORNING.mp4,test,MORNING,landscape,640,480,85,38,0.8469738329999927,0.3764705882352941,0.8421052631578947,0.6845703125,0.84375,0.84375,0.868421052631579,shoulder_width,28,23,0,True,True,True,True,True
test/MORNING/15013912476924496-MORNING.v17.npz,data/local/citizen100_v17/raw/test/MORNING/15013912476924496-MORNING.mp4,test,MORNING,landscape,640,480,64,30,0.6089626659999112,0.40625,0.8666666666666667,0.84228515625,0.59375,0.4609375,0.5666666666666667,shoulder_width,26,24,0,True,True,True,True,True
test/MORNING/267358645199798-MORNING.v17.npz,data/local/citizen100_v17/raw/test/MORNING/267358645199798-MORNING.mp4,test,MORNING,landscape,640,480,46,38,0.5289123339999833,0.5869565217391305,0.7105263157894737,0.6025390625,0.65625,0.28125,0.4473684210526316,shoulder_width,24,26,0,True,True,True,True,True
test/MORNING/2701359392458662-MORNING.v17.npz,data/local/citizen100_v17/raw/test/MORNING/2701359392458662-MORNING.mp4,test,MORNING,landscape,640,480,96,96,1.2627479580000909,1.0,1.0,0.6806640625,0.90625,0.328125,0.17708333333333334,shoulder_width,99,39,0,True,True,True,True,True
test/MORNING/2728176580341968-MORNING.v17.npz,data/local/citizen100_v17/raw/test/MORNING/2728176580341968-MORNING.mp4,test,MORNING,landscape,640,480,67,35,0.7786654999999882,0.4626865671641791,0.8857142857142857,0.677734375,0.9375,0.375,0.4857142857142857,shoulder_width,31,19,0,True,True,True,True,True
test/MORNING/4533515035859772-MORNING.v17.npz,data/local/citizen100_v17/raw/test/MORNING/4533515035859772-MORNING.mp4,test,MORNING,landscape,640,480,94,57,1.1066834999999173,0.5638297872340425,0.9298245614035088,0.71337890625,0.84375,0.671875,0.8596491228070176,shoulder_width,46,43,0,True,True,True,True,True
test/MORNING/4539849613848985-MORNING.v17.npz,data/local/citizen100_v17/raw/test/MORNING/4539849613848985-MORNING.mp4,test,MORNING,landscape,960,540,64,30,0.7611722080000618,0.40625,0.8666666666666667,0.6259765625,0.84375,0.7109375,0.8333333333333334,shoulder_width,26,13,0,True,True,True,True,True
test/MORNING/6037357738912783-MORNING.v17.npz,data/local/citizen100_v17/raw/test/MORNING/6037357738912783-MORNING.mp4,test,MORNING,landscape,640,480,88,38,0.8659739170000194,0.38636363636363635,0.8947368421052632,0.51123046875,0.875,0.4609375,0.05263157894736842,shoulder_width,9,33,0,True,True,True,True,True
test/MORNING/6387702504516601-MORNING.v17.npz,data/local/citizen100_v17/raw/test/MORNING/6387702504516601-MORNING.mp4,test,MORNING,landscape,640,480,84,43,0.9553773749998982,0.4642857142857143,0.9069767441860465,0.8564453125,0.78125,0.640625,0.7674418604651163,shoulder_width,38,39,0,True,True,True,True,True
test/MORNING/7222193594965898-MORNING.v17.npz,data/local/citizen100_v17/raw/test/MORNING/7222193594965898-MORNING.mp4,test,MORNING,landscape,640,480,71,38,0.8081462080000392,0.4788732394366197,0.8947368421052632,0.7529296875,0.65625,0.015625,0.02631578947368421,shoulder_width,32,26,0,True,True,True,True,True
test/MORNING/732802596992111-MORNING.v17.npz,data/local/citizen100_v17/raw/test/MORNING/732802596992111-MORNING.mp4,test,MORNING,landscape,640,480,49,27,0.5598652500000298,0.4489795918367347,0.8148148148148148,0.630859375,0.625,0.3125,0.6296296296296297,shoulder_width,15,18,0,True,True,True,True,True
test/MORNING/749913725128877-MORNING.v17.npz,data/local/citizen100_v17/raw/test/MORNING/749913725128877-MORNING.mp4,test,MORNING,landscape,640,480,80,46,0.8408642499999814,0.525,0.9130434782608695,0.43896484375,0.875,0.1953125,0.021739130434782608,shoulder_width,23,21,0,True,True,True,True,True
test/MOTHER/056051276819172546-MOTHER.v17.npz,data/local/citizen100_v17/raw/test/MOTHER/056051276819172546-MOTHER.mp4,test,MOTHER,landscape,640,480,39,27,0.39544595799998206,0.5897435897435898,0.8518518518518519,0.422607421875,0.9375,0.4765625,0.9259259259259259,shoulder_width,23,0,0,True,True,True,True,True
test/MOTHER/08810573270861677-MOTHER.v17.npz,data/local/citizen100_v17/raw/test/MOTHER/08810573270861677-MOTHER.mp4,test,MOTHER,landscape,640,480,78,31,0.7243798330000573,0.32051282051282054,0.8064516129032258,0.388427734375,0.8125,0.0,0.0,palm_length,25,0,0,True,True,True,True,True
test/MOTHER/14661507159729847-MOTHER.v17.npz,data/local/citizen100_v17/raw/test/MOTHER/14661507159729847-MOTHER.mp4,test,MOTHER,landscape,640,480,59,41,0.700525999999968,0.6271186440677966,0.9024390243902439,0.4375,0.8125,0.515625,0.8048780487804879,shoulder_width,0,37,0,True,True,True,True,True
test/MOTHER/2815788565679065-MOTHER.v17.npz,data/local/citizen100_v17/raw/test/MOTHER/2815788565679065-MOTHER.mp4,test,MOTHER,landscape,640,480,30,29,0.33828587499999685,0.8333333333333334,0.8620689655172413,0.4248046875,0.59375,0.4453125,0.5862068965517241,shoulder_width,25,0,0,True,True,True,True,True
test/MOTHER/4194600384314444-MOTHER.v17.npz,data/local/citizen100_v17/raw/test/MOTHER/4194600384314444-MOTHER.mp4,test,MOTHER,landscape,640,480,50,39,0.5364496250000457,0.7,0.8974358974358975,0.422607421875,0.84375,0.65625,0.2564102564102564,shoulder_width,0,35,0,True,True,True,True,True
test/MOTHER/513364294341683-MOTHER.v17.npz,data/local/citizen100_v17/raw/test/MOTHER/513364294341683-MOTHER.mp4,test,MOTHER,landscape,960,540,80,31,1.1906894999999622,0.2875,0.7419354838709677,0.33251953125,0.8125,0.8125,0.8064516129032258,shoulder_width,0,23,0,True,True,True,True,True
test/MOTHER/5512725423274552-MOTHER.v17.npz,data/local/citizen100_v17/raw/test/MOTHER/5512725423274552-MOTHER.mp4,test,MOTHER,landscape,640,480,96,42,0.9603159170000026,0.3958333333333333,0.9047619047619048,0.4375,0.78125,0.0234375,0.023809523809523808,shoulder_width,0,38,0,True,True,True,True,True
test/MOTHER/6448721666124038-MOTHER.v17.npz,data/local/citizen100_v17/raw/test/MOTHER/6448721666124038-MOTHER.mp4,test,MOTHER,landscape,640,480,33,25,0.37197837500002606,0.6363636363636364,0.84,0.427734375,0.6875,0.015625,0.04,shoulder_width,21,0,0,True,True,True,True,True
test/MOTHER/733944694272519-MOTHER.v17.npz,data/local/citizen100_v17/raw/test/MOTHER/733944694272519-MOTHER.mp4,test,MOTHER,landscape,640,480,71,30,0.6809704580000471,0.36619718309859156,0.8666666666666667,0.427001953125,0.84375,0.0,0.0,palm_length,0,26,0,True,True,True,True,True
test/MOTHER/7756454968574309-MOTHER.v17.npz,data/local/citizen100_v17/raw/test/MOTHER/7756454968574309-MOTHER.mp4,test,MOTHER,landscape,640,480,50,31,0.49974937499996486,0.54,0.8709677419354839,0.416015625,0.5625,0.2265625,0.03225806451612903,shoulder_width,27,0,0,True,True,True,True,True
test/MOTHER/834993915476457-MOTHER.v17.npz,data/local/citizen100_v17/raw/test/MOTHER/834993915476457-MOTHER.mp4,test,MOTHER,landscape,640,480,88,43,1.0405241249999335,0.4431818181818182,0.9069767441860465,0.4375,0.78125,0.546875,0.5813953488372093,shoulder_width,0,39,0,True,True,True,True,True
test/MOTHER/839986126568294-MOTHER.v17.npz,data/local/citizen100_v17/raw/test/MOTHER/839986126568294-MOTHER.mp4,test,MOTHER,landscape,640,480,72,22,0.8814445840000644,0.25,0.8181818181818182,0.40625,0.78125,0.0,0.0,palm_length,0,18,0,True,True,True,True,True
test/MOTHER/9402319659205312-MOTHER.v17.npz,data/local/citizen100_v17/raw/test/MOTHER/9402319659205312-MOTHER.mp4,test,MOTHER,landscape,640,480,31,28,0.45582245800005694,0.7419354838709677,0.8214285714285714,0.389892578125,0.59375,0.3828125,0.6071428571428571,shoulder_width,23,0,0,True,True,True,True,True
test/MOTHER/961721877875569-MOTHER.v17.npz,data/local/citizen100_v17/raw/test/MOTHER/961721877875569-MOTHER.mp4,test,MOTHER,landscape,640,480,91,44,0.973446666999962,0.43956043956043955,0.9090909090909091,0.428466796875,0.75,0.703125,0.75,shoulder_width,0,40,0,True,True,True,True,True
test/MOTHER/9976001720896484-MOTHER.v17.npz,data/local/citizen100_v17/raw/test/MOTHER/9976001720896484-MOTHER.mp4,test,MOTHER,landscape,640,480,96,58,0.939970709000022,0.5520833333333334,0.9137931034482759,0.397216796875,0.96875,0.0,0.0,palm_length,0,53,0,True,True,True,True,True
test/MY/02119015136147895-MY.v17.npz,data/local/citizen100_v17/raw/test/MY/02119015136147895-MY.mp4,test,MY,landscape,640,480,79,42,0.8110882910000328,0.4810126582278481,0.9047619047619048,0.4345703125,0.96875,0.4453125,0.5952380952380952,shoulder_width,38,0,0,True,True,True,True,True
test/MY/03885630772501347-MY.v17.npz,data/local/citizen100_v17/raw/test/MY/03885630772501347-MY.mp4,test,MY,landscape,640,480,68,32,0.6557477089999111,0.38235294117647056,0.8125,0.37646484375,0.78125,0.28125,0.28125,shoulder_width,3,23,0,True,True,True,True,True
test/MY/07910668623626793-MY.v17.npz,data/local/citizen100_v17/raw/test/MY/07910668623626793-MY.mp4,test,MY,landscape,640,480,60,38,0.7198304170000256,0.5666666666666667,0.8947368421052632,0.425537109375,0.875,0.875,0.868421052631579,shoulder_width,0,34,0,True,True,True,True,True
test/MY/08450103948651932-MY.v17.npz,data/local/citizen100_v17/raw/test/MY/08450103948651932-MY.mp4,test,MY,landscape,640,480,43,31,0.45514350000007653,0.627906976744186,0.8709677419354839,0.416748046875,0.8125,0.546875,0.8064516129032258,shoulder_width,27,0,0,True,True,True,True,True
test/MY/2112724100165273-MY.v17.npz,data/local/citizen100_v17/raw/test/MY/2112724100165273-MY.mp4,test,MY,landscape,640,480,39,37,0.4486582920000046,0.8974358974358975,0.9459459459459459,0.447265625,0.6875,0.6875,0.6756756756756757,shoulder_width,0,35,0,True,True,True,True,True
test/MY/21749297295764602-MY.v17.npz,data/local/citizen100_v17/raw/test/MY/21749297295764602-MY.mp4,test,MY,landscape,960,540,69,33,0.7603043750000325,0.30434782608695654,0.6363636363636364,0.296142578125,0.75,0.75,0.7575757575757576,shoulder_width,0,21,0,True,True,True,True,True
test/MY/23735640555872206-MY.v17.npz,data/local/citizen100_v17/raw/test/MY/23735640555872206-MY.mp4,test,MY,landscape,640,480,52,33,0.5464426249999406,0.5576923076923077,0.8787878787878788,0.4345703125,0.75,0.6875,0.7575757575757576,shoulder_width,29,0,0,True,True,True,True,True
test/MY/2686466615750194-MY.v17.npz,data/local/citizen100_v17/raw/test/MY/2686466615750194-MY.mp4,test,MY,landscape,640,480,57,31,0.5655007090000481,0.47368421052631576,0.8709677419354839,0.427001953125,0.8125,0.484375,0.8064516129032258,shoulder_width,27,0,0,True,True,True,True,True
test/MY/2750035175797547-MY.v17.npz,data/local/citizen100_v17/raw/test/MY/2750035175797547-MY.mp4,test,MY,landscape,640,480,90,40,0.8959292499999947,0.4,0.9,0.436767578125,0.8125,0.5625,0.625,shoulder_width,0,36,0,True,True,True,True,True
test/MY/37616747596569344-MY.v17.npz,data/local/citizen100_v17/raw/test/MY/37616747596569344-MY.mp4,test,MY,landscape,640,480,93,51,0.9391594580000628,0.5053763440860215,0.9215686274509803,0.44482421875,0.9375,0.9375,0.9607843137254902,shoulder_width,0,47,0,True,True,True,True,True
test/MY/38480378502997437-MY.v17.npz,data/local/citizen100_v17/raw/test/MY/38480378502997437-MY.mp4,test,MY,landscape,960,540,44,22,0.4579606249999415,0.38636363636363635,0.7727272727272727,0.380859375,0.78125,0.5859375,0.7727272727272727,shoulder_width,0,17,0,True,True,True,True,True
test/MY/639566277780208-MY.v17.npz,data/local/citizen100_v17/raw/test/MY/639566277780208-MY.mp4,test,MY,landscape,640,480,96,30,0.8961172499999748,0.2708333333333333,0.8666666666666667,0.421142578125,0.84375,0.84375,0.8333333333333334,shoulder_width,0,26,0,True,True,True,True,True
test/MY/8226750960617843-MY.v17.npz,data/local/citizen100_v17/raw/test/MY/8226750960617843-MY.mp4,test,MY,landscape,640,480,91,38,0.8430884590000005,0.37362637362637363,0.8947368421052632,0.432373046875,0.65625,0.65625,0.6578947368421053,shoulder_width,0,34,0,True,True,True,True,True
test/NAME/13831972157907857-NAME.v17.npz,data/local/citizen100_v17/raw/test/NAME/13831972157907857-NAME.mp4,test,NAME,landscape,640,480,74,31,0.8628520419999859,0.35135135135135137,0.8387096774193549,0.8193359375,0.8125,0.15625,0.0,palm_length,26,24,0,True,True,True,True,True
test/NAME/243956265655763-NAME.v17.npz,data/local/citizen100_v17/raw/test/NAME/243956265655763-NAME.mp4,test,NAME,landscape,960,540,40,21,0.5004429589999972,0.4,0.7619047619047619,0.72314453125,0.84375,0.03125,0.047619047619047616,shoulder_width,16,15,0,True,True,True,True,True
test/NAME/2650581877009257-NAME.v17.npz,data/local/citizen100_v17/raw/test/NAME/2650581877009257-NAME.mp4,test,NAME,landscape,640,480,62,32,0.7145017920000782,0.45161290322580644,0.875,0.76416015625,0.78125,0.15625,0.28125,shoulder_width,24,28,0,True,True,True,True,True
test/NAME/3644933452013184-NAME.v17.npz,data/local/citizen100_v17/raw/test/NAME/3644933452013184-NAME.mp4,test,NAME,landscape,640,480,96,48,1.024193332999971,0.4583333333333333,0.9166666666666666,0.85693359375,0.84375,0.8046875,0.8541666666666666,shoulder_width,38,44,0,True,True,True,True,True
test/NAME/38747687874121217-NAME.v17.npz,data/local/citizen100_v17/raw/test/NAME/38747687874121217-NAME.mp4,test,NAME,landscape,640,480,96,62,1.1381867089999105,0.59375,0.9193548387096774,0.85546875,0.90625,0.6875,0.9193548387096774,shoulder_width,51,57,0,True,True,True,True,True
test/NAME/418905208580302-NAME.v17.npz,data/local/citizen100_v17/raw/test/NAME/418905208580302-NAME.mp4,test,NAME,landscape,640,480,94,44,1.0154529170000615,0.425531914893617,0.9090909090909091,0.84521484375,0.9375,0.765625,0.9318181818181818,shoulder_width,38,40,0,True,True,True,True,True
test/NAME/5222576863044399-NAME.v17.npz,data/local/citizen100_v17/raw/test/NAME/5222576863044399-NAME.mp4,test,NAME,landscape,640,480,90,52,1.021845333999977,0.5,0.8653846153846154,0.80224609375,0.78125,0.7421875,0.7884615384615384,shoulder_width,40,44,0,True,True,True,True,True
test/NAME/5230881244500567-NAME.v17.npz,data/local/citizen100_v17/raw/test/NAME/5230881244500567-NAME.mp4,test,NAME,landscape,640,480,95,49,1.0395707090000315,0.47368421052631576,0.9183673469387755,0.84228515625,0.8125,0.7734375,0.8367346938775511,shoulder_width,39,45,0,True,True,True,True,True
test/NAME/5806721734598892-NAME.v17.npz,data/local/citizen100_v17/raw/test/NAME/5806721734598892-NAME.mp4,test,NAME,landscape,640,480,45,23,0.5005354580000585,0.4222222222222222,0.8260869565217391,0.76025390625,0.75,0.4921875,0.7391304347826086,shoulder_width,19,17,0,True,True,True,True,True
test/NAME/6398020473925876-NAME.v17.npz,data/local/citizen100_v17/raw/test/NAME/6398020473925876-NAME.mp4,test,NAME,landscape,640,480,39,25,0.42226095900002747,0.5384615384615384,0.84,0.7783203125,0.6875,0.453125,0.68,shoulder_width,21,19,0,True,True,True,True,True
test/NAME/7157719195212653-NAME.v17.npz,data/local/citizen100_v17/raw/test/NAME/7157719195212653-NAME.mp4,test,NAME,landscape,640,480,37,23,0.4014057500000945,0.5135135135135135,0.8260869565217391,0.7685546875,0.75,0.75,0.7391304347826086,shoulder_width,18,19,0,True,True,True,True,True
test/NAME/721473614329061-NAME.v17.npz,data/local/citizen100_v17/raw/test/NAME/721473614329061-NAME.mp4,test,NAME,landscape,640,480,65,41,0.7564685419999932,0.5538461538461539,0.8780487804878049,0.77099609375,1.0,0.265625,0.4146341463414634,shoulder_width,31,34,0,True,True,True,True,True
test/NAME/7459516150734173-NAME.v17.npz,data/local/citizen100_v17/raw/test/NAME/7459516150734173-NAME.mp4,test,NAME,landscape,640,480,76,30,0.7768866249999746,0.34210526315789475,0.8666666666666667,0.83251953125,0.84375,0.2109375,0.3,shoulder_width,26,26,0,True,True,True,True,True
test/NAME/9200587270292702-NAME.v17.npz,data/local/citizen100_v17/raw/test/NAME/9200587270292702-NAME.mp4,test,NAME,landscape,640,480,62,44,0.6533750830000145,0.6451612903225806,0.9090909090909091,0.81103515625,0.9375,0.9375,0.9318181818181818,shoulder_width,35,40,0,True,True,True,True,True
test/NEED/024661755952086084-NEED.v17.npz,data/local/citizen100_v17/raw/test/NEED/024661755952086084-NEED.mp4,test,NEED,landscape,640,480,32,18,0.2950528750000103,0.40625,0.7222222222222222,0.34814453125,0.96875,0.0,0.0,palm_length,13,0,0,True,True,True,True,True
test/NEED/08573458832549319-NEED.v17.npz,data/local/citizen100_v17/raw/test/NEED/08573458832549319-NEED.mp4,test,NEED,landscape,640,480,68,38,0.6428852499999493,0.5,0.8947368421052632,0.425537109375,0.875,0.875,0.868421052631579,shoulder_width,0,34,0,True,True,True,True,True
test/NEED/09656289044816302-NEED.v17.npz,data/local/citizen100_v17/raw/test/NEED/09656289044816302-NEED.mp4,test,NEED,landscape,640,480,36,24,0.29511745800004974,0.5555555555555556,0.8333333333333334,0.381591796875,0.71875,0.3671875,0.7083333333333334,shoulder_width,20,0,0,True,True,True,True,True
test/NEED/3304178516222478-NEED.v17.npz,data/local/citizen100_v17/raw/test/NEED/3304178516222478-NEED.mp4,test,NEED,landscape,640,480,96,53,0.8168216660000098,0.4375,0.7924528301886793,0.3720703125,0.90625,0.8671875,0.9245283018867925,shoulder_width,0,42,0,True,True,True,True,True
test/NEED/37372322284413917-NEED.v17.npz,data/local/citizen100_v17/raw/test/NEED/37372322284413917-NEED.mp4,test,NEED,landscape,640,480,68,26,0.5440285419999782,0.3235294117647059,0.8461538461538461,0.428466796875,0.65625,0.046875,0.038461538461538464,shoulder_width,0,22,0,True,True,True,True,True
test/NEED/5297728342745216-NEED.v17.npz,data/local/citizen100_v17/raw/test/NEED/5297728342745216-NEED.mp4,test,NEED,landscape,640,480,35,32,0.33535329200003616,0.8571428571428571,0.9375,0.449462890625,0.78125,0.6015625,0.78125,shoulder_width,30,0,0,True,True,True,True,True
test/NEED/6280360769360449-NEED.v17.npz,data/local/citizen100_v17/raw/test/NEED/6280360769360449-NEED.mp4,test,NEED,landscape,640,480,84,44,0.6843574160000117,0.47619047619047616,0.9090909090909091,0.4375,0.9375,0.7109375,0.9318181818181818,shoulder_width,0,40,0,True,True,True,True,True
test/NEED/6635655797958437-NEED.v17.npz,data/local/citizen100_v17/raw/test/NEED/6635655797958437-NEED.mp4,test,NEED,landscape,640,480,52,40,0.47990662500001235,0.6923076923076923,0.9,0.4375,0.8125,0.375,0.425,shoulder_width,36,0,0,True,True,True,True,True
test/NEED/6892111735827193-NEED.v17.npz,data/local/citizen100_v17/raw/test/NEED/6892111735827193-NEED.mp4,test,NEED,landscape,640,480,83,38,0.6750786249999692,0.40963855421686746,0.8947368421052632,0.43603515625,0.84375,0.84375,0.868421052631579,shoulder_width,0,34,0,True,True,True,True,True
test/NEED/7542100183321416-NEED.v17.npz,data/local/citizen100_v17/raw/test/NEED/7542100183321416-NEED.mp4,test,NEED,landscape,640,480,61,45,0.5481277499999351,0.6721311475409836,0.9111111111111111,0.43310546875,0.90625,0.5625,0.4,shoulder_width,0,41,0,True,True,True,True,True
test/NEED/8022209797799162-NEED.v17.npz,data/local/citizen100_v17/raw/test/NEED/8022209797799162-NEED.mp4,test,NEED,landscape,960,540,63,29,0.665015750000066,0.3968253968253968,0.8620689655172413,0.411376953125,0.59375,0.453125,0.5862068965517241,shoulder_width,0,25,0,True,True,True,True,True
test/NEED/9788744210187619-NEED.v17.npz,data/local/citizen100_v17/raw/test/NEED/9788744210187619-NEED.mp4,test,NEED,landscape,640,480,47,33,0.4644107909999775,0.5957446808510638,0.8484848484848485,0.401123046875,0.75,0.015625,0.030303030303030304,shoulder_width,28,0,0,True,True,True,True,True
test/NIGHT/06377321204834696-NIGHT.v17.npz,data/local/citizen100_v17/raw/test/NIGHT/06377321204834696-NIGHT.mp4,test,NIGHT,landscape,640,480,96,61,1.0877660830000195,0.59375,0.9344262295081968,0.80712890625,0.9375,0.78125,0.9344262295081968,shoulder_width,47,57,0,True,True,True,True,True
test/NIGHT/136565516481288-NIGHT.v17.npz,data/local/citizen100_v17/raw/test/NIGHT/136565516481288-NIGHT.mp4,test,NIGHT,landscape,640,480,90,40,0.8808634999999185,0.3888888888888889,0.875,0.6552734375,0.8125,0.0,0.025,shoulder_width,23,35,0,True,True,True,True,True
test/NIGHT/15326340724323484-NIGHT.v17.npz,data/local/citizen100_v17/raw/test/NIGHT/15326340724323484-NIGHT.mp4,test,NIGHT,landscape,960,540,51,30,0.6704258749999781,0.49019607843137253,0.8333333333333334,0.72265625,0.59375,0.59375,0.5666666666666667,shoulder_width,19,25,0,True,True,True,True,True
test/NIGHT/18863006945238636-NIGHT.v17.npz,data/local/citizen100_v17/raw/test/NIGHT/18863006945238636-NIGHT.mp4,test,NIGHT,landscape,640,480,60,34,0.6569531669999833,0.48333333333333334,0.8529411764705882,0.740234375,0.71875,0.4921875,0.7352941176470589,shoulder_width,28,27,0,True,True,True,True,True
test/NIGHT/21366113819079557-NIGHT.v17.npz,data/local/citizen100_v17/raw/test/NIGHT/21366113819079557-NIGHT.mp4,test,NIGHT,landscape,960,540,95,32,1.0641260000001012,0.28421052631578947,0.84375,0.71435546875,0.78125,0.78125,0.78125,shoulder_width,21,27,0,True,True,True,True,True
test/NIGHT/24347054664714518-NIGHT.v17.npz,data/local/citizen100_v17/raw/test/NIGHT/24347054664714518-NIGHT.mp4,test,NIGHT,landscape,640,480,71,39,0.6487505000000056,0.49295774647887325,0.8974358974358975,0.51123046875,0.84375,0.296875,0.05128205128205128,shoulder_width,13,28,0,True,True,True,True,True
test/NIGHT/4003384084181907-NIGHT.v17.npz,data/local/citizen100_v17/raw/test/NIGHT/4003384084181907-NIGHT.mp4,test,NIGHT,landscape,640,480,48,41,0.542558750000012,0.4791666666666667,0.5609756097560976,0.43310546875,0.8125,0.421875,0.8048780487804879,shoulder_width,20,15,0,True,True,True,True,True
test/NIGHT/41626131546341005-NIGHT.v17.npz,data/local/citizen100_v17/raw/test/NIGHT/41626131546341005-NIGHT.mp4,test,NIGHT,landscape,640,480,96,67,1.3650648330000195,0.4791666666666667,0.6865671641791045,0.61328125,0.96875,0.8828125,0.9701492537313433,shoulder_width,42,45,0,True,True,True,True,True
test/NIGHT/45595523266789084-NIGHT.v17.npz,data/local/citizen100_v17/raw/test/NIGHT/45595523266789084-NIGHT.mp4,test,NIGHT,landscape,640,480,35,21,0.6666736670000546,0.45714285714285713,0.7619047619047619,0.72607421875,0.4375,0.21875,0.0,palm_length,12,16,0,True,True,True,True,True
test/NIGHT/6080948754683995-NIGHT.v17.npz,data/local/citizen100_v17/raw/test/NIGHT/6080948754683995-NIGHT.mp4,test,NIGHT,landscape,640,480,58,40,0.9966153330000225,0.6206896551724138,0.9,0.8505859375,0.8125,0.6171875,0.825,shoulder_width,33,36,0,True,True,True,True,True
test/NIGHT/6209221579381299-NIGHT.v17.npz,data/local/citizen100_v17/raw/test/NIGHT/6209221579381299-NIGHT.mp4,test,NIGHT,landscape,640,480,76,36,0.9455264999999144,0.3815789473684211,0.8055555555555556,0.66748046875,0.6875,0.515625,0.6944444444444444,shoulder_width,20,29,0,True,True,True,True,True
test/NIGHT/6219254008492208-NIGHT.v17.npz,data/local/citizen100_v17/raw/test/NIGHT/6219254008492208-NIGHT.mp4,test,NIGHT,landscape,640,480,96,53,1.2712993339999912,0.5104166666666666,0.9245283018867925,0.81103515625,0.9375,0.8984375,0.9245283018867925,shoulder_width,48,42,0,True,True,True,True,True
test/NIGHT/7324165972958658-NIGHT.v17.npz,data/local/citizen100_v17/raw/test/NIGHT/7324165972958658-NIGHT.mp4,test,NIGHT,landscape,640,480,48,26,0.6722724580000659,0.4583333333333333,0.8461538461538461,0.6630859375,0.65625,0.0078125,0.0,palm_length,22,15,0,True,True,True,True,True
test/NIGHT/8081489976247649-NIGHT.v17.npz,data/local/citizen100_v17/raw/test/NIGHT/8081489976247649-NIGHT.mp4,test,NIGHT,landscape,640,480,91,48,1.2894407090000186,0.4835164835164835,0.9166666666666666,0.8662109375,0.875,0.875,0.8541666666666666,shoulder_width,41,43,0,True,True,True,True,True
test/NIGHT/912103927697592-NIGHT.v17.npz,data/local/citizen100_v17/raw/test/NIGHT/912103927697592-NIGHT.mp4,test,NIGHT,landscape,640,480,53,26,0.7745766670000194,0.39622641509433965,0.8076923076923077,0.7099609375,0.65625,0.578125,0.6538461538461539,shoulder_width,19,15,0,True,True,True,True,True
test/NIGHT/9167995001489133-NIGHT.v17.npz,data/local/citizen100_v17/raw/test/NIGHT/9167995001489133-NIGHT.mp4,test,NIGHT,landscape,640,480,96,60,1.3122392079999372,0.5833333333333334,0.9333333333333333,0.74755859375,0.9375,0.9375,0.95,shoulder_width,39,56,0,True,True,True,True,True
test/NIGHT/9495196886045365-NIGHT.v17.npz,data/local/citizen100_v17/raw/test/NIGHT/9495196886045365-NIGHT.mp4,test,NIGHT,landscape,640,480,47,26,0.5056557089999387,0.40425531914893614,0.7307692307692307,0.75537109375,0.65625,0.5078125,0.6538461538461539,shoulder_width,18,18,0,True,True,True,True,True
test/NO/08228267952066615-NO.v17.npz,data/local/citizen100_v17/raw/test/NO/08228267952066615-NO.mp4,test,NO,landscape,640,480,73,34,0.7266245409999783,0.3698630136986301,0.7941176470588235,0.38232421875,0.71875,0.0,0.0,palm_length,0,27,0,True,True,True,True,True
test/NO/2732741727030885-NO.v17.npz,data/local/citizen100_v17/raw/test/NO/2732741727030885-NO.mp4,test,NO,landscape,640,480,44,38,0.4604684160000261,0.7727272727272727,0.8947368421052632,0.421142578125,0.875,0.7265625,0.2631578947368421,shoulder_width,34,0,0,True,True,True,True,True
test/NO/3247833356457248-NO.v17.npz,data/local/citizen100_v17/raw/test/NO/3247833356457248-NO.mp4,test,NO,landscape,640,480,42,31,0.45367237499999646,0.6428571428571429,0.8709677419354839,0.421875,0.8125,0.421875,0.8064516129032258,shoulder_width,27,0,0,True,True,True,True,True
test/NO/46074251080029494-NO.v17.npz,data/local/citizen100_v17/raw/test/NO/46074251080029494-NO.mp4,test,NO,landscape,960,540,69,25,0.6606481249999661,0.30434782608695654,0.84,0.416748046875,0.6875,0.515625,0.68,shoulder_width,0,21,0,True,True,True,True,True
test/NO/5278795760893484-NO.v17.npz,data/local/citizen100_v17/raw/test/NO/5278795760893484-NO.mp4,test,NO,landscape,640,480,69,34,0.5651187920000211,0.43478260869565216,0.8823529411764706,0.4248046875,0.96875,0.625,0.29411764705882354,shoulder_width,0,30,0,True,True,True,True,True
test/NO/5328649685588343-NO.v17.npz,data/local/citizen100_v17/raw/test/NO/5328649685588343-NO.mp4,test,NO,landscape,640,480,93,47,0.7891544579999845,0.45161290322580644,0.8936170212765957,0.42041015625,0.875,0.828125,0.8723404255319149,shoulder_width,0,42,0,True,True,True,True,True
test/NO/6645554412949413-NO.v17.npz,data/local/citizen100_v17/raw/test/NO/6645554412949413-NO.mp4,test,NO,landscape,640,480,33,22,0.420660708000014,0.48484848484848486,0.7272727272727273,0.354248046875,0.40625,0.0,0.0,palm_length,16,0,0,True,True,True,True,True
test/NO/7525332129995586-NO.v17.npz,data/local/citizen100_v17/raw/test/NO/7525332129995586-NO.mp4,test,NO,landscape,640,480,90,40,0.8802320420001024,0.4,0.9,0.4375,0.8125,0.609375,0.825,shoulder_width,0,36,0,True,True,True,True,True
test/NO/7931075492698656-NO.v17.npz,data/local/citizen100_v17/raw/test/NO/7931075492698656-NO.mp4,test,NO,landscape,640,480,57,40,0.5473173330000236,0.631578947368421,0.9,0.4375,0.84375,0.0,0.0,palm_length,36,0,0,True,True,True,True,True
test/NO/8920807082520505-NO.v17.npz,data/local/citizen100_v17/raw/test/NO/8920807082520505-NO.mp4,test,NO,landscape,640,480,68,42,0.6789825409999821,0.5588235294117647,0.9047619047619048,0.435302734375,0.78125,0.40625,0.023809523809523808,shoulder_width,0,38,0,True,True,True,True,True
test/NO/9542027365188674-NO.v17.npz,data/local/citizen100_v17/raw/test/NO/9542027365188674-NO.mp4,test,NO,landscape,640,480,71,28,0.652914375000023,0.323943661971831,0.8214285714285714,0.40478515625,0.90625,0.0,0.0,palm_length,0,23,0,True,True,True,True,True
test/NOW/3186686241379755-NOW.v17.npz,data/local/citizen100_v17/raw/test/NOW/3186686241379755-NOW.mp4,test,NOW,landscape,640,480,79,33,0.7668707499999527,0.3670886075949367,0.8787878787878788,0.80078125,0.75,0.6328125,0.7575757575757576,shoulder_width,27,29,0,True,True,True,True,True
test/NOW/32936308705065365-NOW.v17.npz,data/local/citizen100_v17/raw/test/NOW/32936308705065365-NOW.mp4,test,NOW,landscape,640,480,72,30,0.729303208000033,0.3472222222222222,0.8333333333333334,0.79541015625,0.84375,0.0,0.0,palm_length,25,23,0,True,True,True,True,True
test/NOW/4719729088867264-NOW.v17.npz,data/local/citizen100_v17/raw/test/NOW/4719729088867264-NOW.mp4,test,NOW,landscape,640,480,46,25,0.4458105420000038,0.45652173913043476,0.84,0.708984375,0.6875,0.3671875,0.68,shoulder_width,17,20,0,True,True,True,True,True
test/NOW/5484965265051842-NOW.v17.npz,data/local/citizen100_v17/raw/test/NOW/5484965265051842-NOW.mp4,test,NOW,landscape,640,480,96,55,1.0353119170000582,0.4895833333333333,0.8545454545454545,0.7646484375,0.75,0.3828125,0.6,shoulder_width,45,45,0,True,True,True,True,True
test/NOW/5533098415698983-NOW.v17.npz,data/local/citizen100_v17/raw/test/NOW/5533098415698983-NOW.mp4,test,NOW,landscape,640,480,80,37,0.7784611250000353,0.4125,0.8918918918918919,0.84765625,0.875,0.1015625,0.05405405405405406,shoulder_width,33,33,0,True,True,True,True,True
test/NOW/6254864635409909-NOW.v17.npz,data/local/citizen100_v17/raw/test/NOW/6254864635409909-NOW.mp4,test,NOW,landscape,960,540,66,33,0.7302514169999768,0.4393939393939394,0.8787878787878788,0.7041015625,1.0,0.5859375,1.0,shoulder_width,26,24,0,True,True,True,True,True
test/NOW/6338605557798189-NOW.v17.npz,data/local/citizen100_v17/raw/test/NOW/6338605557798189-NOW.mp4,test,NOW,landscape,640,480,75,43,0.7673717079999278,0.52,0.9069767441860465,0.87353515625,0.75,0.75,0.7674418604651163,shoulder_width,39,38,0,True,True,True,True,True
test/NOW/8237538118192598-NOW.v17.npz,data/local/citizen100_v17/raw/test/NOW/8237538118192598-NOW.mp4,test,NOW,landscape,640,480,56,33,0.5406702919999589,0.5178571428571429,0.8787878787878788,0.8134765625,0.75,0.0,0.0,palm_length,29,27,0,True,True,True,True,True
test/NOW/8484693843266342-NOW.v17.npz,data/local/citizen100_v17/raw/test/NOW/8484693843266342-NOW.mp4,test,NOW,landscape,640,480,60,31,0.5785284580000507,0.45,0.8709677419354839,0.81494140625,0.8125,0.1484375,0.2903225806451613,shoulder_width,27,25,0,True,True,True,True,True
test/NOW/8699210337284036-NOW.v17.npz,data/local/citizen100_v17/raw/test/NOW/8699210337284036-NOW.mp4,test,NOW,landscape,640,480,41,27,0.4637703330000704,0.5365853658536586,0.8148148148148148,0.70751953125,0.625,0.0,0.0,palm_length,21,16,0,True,True,True,True,True
test/NOW/8807506945426973-NOW.v17.npz,data/local/citizen100_v17/raw/test/NOW/8807506945426973-NOW.mp4,test,NOW,landscape,640,480,62,35,0.6242302909998898,0.5,0.8857142857142857,0.79931640625,0.71875,0.5390625,0.7142857142857143,shoulder_width,28,31,0,True,True,True,True,True
test/NOW/919998346581087-NOW.v17.npz,data/local/citizen100_v17/raw/test/NOW/919998346581087-NOW.mp4,test,NOW,landscape,640,480,63,32,0.6159914580000532,0.42857142857142855,0.84375,0.74267578125,0.78125,0.78125,0.78125,shoulder_width,25,25,0,True,True,True,True,True
test/OUR/016243545795799896-OUR.v17.npz,data/local/citizen100_v17/raw/test/OUR/016243545795799896-OUR.mp4,test,OUR,landscape,640,480,66,34,0.5800874999999905,0.4393939393939394,0.8529411764705882,0.41064453125,0.71875,0.015625,0.029411764705882353,shoulder_width,3,26,0,True,True,True,True,True
test/OUR/16704128081511316-OUR.v17.npz,data/local/citizen100_v17/raw/test/OUR/16704128081511316-OUR.mp4,test,OUR,landscape,640,480,76,39,0.7108513749999474,0.4605263157894737,0.8974358974358975,0.41748046875,0.84375,0.7890625,0.8461538461538461,shoulder_width,0,35,0,True,True,True,True,True
test/OUR/24891935719685665-OUR.v17.npz,data/local/citizen100_v17/raw/test/OUR/24891935719685665-OUR.mp4,test,OUR,landscape,640,480,56,41,0.5170887909999919,0.6428571428571429,0.8780487804878049,0.41455078125,0.8125,0.6171875,0.8048780487804879,shoulder_width,0,36,0,True,True,True,True,True
test/OUR/44048256055488677-OUR.v17.npz,data/local/citizen100_v17/raw/test/OUR/44048256055488677-OUR.mp4,test,OUR,landscape,960,540,53,27,0.6035638749999634,0.41509433962264153,0.8148148148148148,0.42333984375,0.9375,0.9375,0.9259259259259259,shoulder_width,0,22,0,True,True,True,True,True
test/OUR/4798205515294247-OUR.v17.npz,data/local/citizen100_v17/raw/test/OUR/4798205515294247-OUR.mp4,test,OUR,landscape,640,480,43,42,0.41563920800001597,0.6976744186046512,0.7142857142857143,0.408447265625,0.78125,0.0,0.0,palm_length,22,9,0,True,True,True,True,True
test/OUR/5095688074960942-OUR.v17.npz,data/local/citizen100_v17/raw/test/OUR/5095688074960942-OUR.mp4,test,OUR,landscape,640,480,37,26,0.3339743340000041,0.4864864864864865,0.6923076923076923,0.359375,0.65625,0.4921875,0.6538461538461539,shoulder_width,18,0,0,True,True,True,True,True
test/OUR/5139135174342471-OUR.v17.npz,data/local/citizen100_v17/raw/test/OUR/5139135174342471-OUR.mp4,test,OUR,landscape,640,480,28,24,0.2745953339999687,0.7142857142857143,0.8333333333333334,0.39892578125,0.6875,0.6875,0.7083333333333334,shoulder_width,20,0,0,True,True,True,True,True
test/OUR/566703299946792-OUR.v17.npz,data/local/citizen100_v17/raw/test/OUR/566703299946792-OUR.mp4,test,OUR,landscape,640,480,96,44,0.7727921250000236,0.40625,0.8863636363636364,0.4375,0.9375,0.9375,0.9318181818181818,shoulder_width,0,39,0,True,True,True,True,True
test/OUR/7053188475882142-OUR.v17.npz,data/local/citizen100_v17/raw/test/OUR/7053188475882142-OUR.mp4,test,OUR,landscape,640,480,51,40,0.46878254099999594,0.7058823529411765,0.9,0.463623046875,0.84375,0.734375,0.825,shoulder_width,27,9,0,True,True,True,True,True
test/OUR/8264157328008421-OUR.v17.npz,data/local/citizen100_v17/raw/test/OUR/8264157328008421-OUR.mp4,test,OUR,landscape,640,480,96,33,0.7503662079999458,0.3020833333333333,0.8787878787878788,0.462890625,1.0,1.0,1.0,shoulder_width,3,27,0,True,True,True,True,True
test/OUR/9471965009322212-OUR.v17.npz,data/local/citizen100_v17/raw/test/OUR/9471965009322212-OUR.mp4,test,OUR,landscape,640,480,56,41,0.5778681250000091,0.6607142857142857,0.9024390243902439,0.431640625,0.78125,0.2578125,0.4146341463414634,shoulder_width,36,1,0,True,True,True,True,True
test/OUR/9667755911035811-OUR.v17.npz,data/local/citizen100_v17/raw/test/OUR/9667755911035811-OUR.mp4,test,OUR,landscape,640,480,96,49,0.8911454159999721,0.46875,0.9183673469387755,0.455322265625,0.84375,0.84375,0.8367346938775511,shoulder_width,0,45,0,True,True,True,True,True
test/PLEASE/11854818371036102-PLEASE.v17.npz,data/local/citizen100_v17/raw/test/PLEASE/11854818371036102-PLEASE.mp4,test,PLEASE,landscape,640,480,65,36,0.5592736670000704,0.49230769230769234,0.8888888888888888,0.4248046875,0.90625,0.1875,0.25,shoulder_width,0,32,0,True,True,True,True,True
test/PLEASE/3584447878251358-PLEASE.v17.npz,data/local/citizen100_v17/raw/test/PLEASE/3584447878251358-PLEASE.mp4,test,PLEASE,landscape,640,480,34,32,0.4523591249999299,0.8529411764705882,0.90625,0.44580078125,0.78125,0.5859375,0.78125,shoulder_width,29,0,0,True,True,True,True,True
test/PLEASE/49277089703101806-PLEASE.v17.npz,data/local/citizen100_v17/raw/test/PLEASE/49277089703101806-PLEASE.mp4,test,PLEASE,landscape,640,480,59,45,0.5533973330000208,0.6949152542372882,0.9111111111111111,0.430908203125,0.90625,0.7734375,0.9111111111111111,shoulder_width,0,41,0,True,True,True,True,True
test/PLEASE/5042323343464843-PLEASE.v17.npz,data/local/citizen100_v17/raw/test/PLEASE/5042323343464843-PLEASE.mp4,test,PLEASE,landscape,640,480,22,17,0.20579541699999027,0.5909090909090909,0.7647058823529411,0.363037109375,0.5625,0.28125,0.5294117647058824,shoulder_width,13,0,0,True,True,True,True,True
test/PLEASE/583219774394824-PLEASE.v17.npz,data/local/citizen100_v17/raw/test/PLEASE/583219774394824-PLEASE.mp4,test,PLEASE,landscape,640,480,96,43,0.7862795419999884,0.40625,0.9069767441860465,0.412109375,0.9375,0.9375,0.9534883720930233,shoulder_width,0,39,0,True,True,True,True,True
test/PLEASE/6936039479099299-PLEASE.v17.npz,data/local/citizen100_v17/raw/test/PLEASE/6936039479099299-PLEASE.mp4,test,PLEASE,landscape,640,480,91,39,0.7845872080000618,0.38461538461538464,0.8974358974358975,0.430908203125,0.84375,0.7890625,0.8461538461538461,shoulder_width,0,35,0,True,True,True,True,True
test/PLEASE/7315727436787696-PLEASE.v17.npz,data/local/citizen100_v17/raw/test/PLEASE/7315727436787696-PLEASE.mp4,test,PLEASE,landscape,640,480,74,30,0.597045707999996,0.35135135135135137,0.8666666666666667,0.4248046875,0.84375,0.4375,0.8333333333333334,shoulder_width,0,26,0,True,True,True,True,True
test/PLEASE/7328260605453549-PLEASE.v17.npz,data/local/citizen100_v17/raw/test/PLEASE/7328260605453549-PLEASE.mp4,test,PLEASE,landscape,640,480,45,28,0.4308585830000311,0.5333333333333333,0.8571428571428571,0.494140625,0.59375,0.375,0.6071428571428571,shoulder_width,24,4,0,True,True,True,True,True
test/PLEASE/8166852609962443-PLEASE.v17.npz,data/local/citizen100_v17/raw/test/PLEASE/8166852609962443-PLEASE.mp4,test,PLEASE,landscape,640,480,96,61,0.86604145900003,0.59375,0.9344262295081968,0.465087890625,0.78125,0.78125,0.8032786885245902,shoulder_width,3,55,0,True,True,True,True,True
test/PLEASE/8449958018804076-PLEASE.v17.npz,data/local/citizen100_v17/raw/test/PLEASE/8449958018804076-PLEASE.mp4,test,PLEASE,landscape,640,480,96,40,0.7479973749999544,0.375,0.9,0.4375,0.8125,0.765625,0.825,shoulder_width,0,36,0,True,True,True,True,True
test/PLEASE/8835822739071177-PLEASE.v17.npz,data/local/citizen100_v17/raw/test/PLEASE/8835822739071177-PLEASE.mp4,test,PLEASE,landscape,640,480,79,53,0.6888765420000027,0.620253164556962,0.9245283018867925,0.459716796875,0.90625,0.90625,0.9245283018867925,shoulder_width,0,49,0,True,True,True,True,True
test/PLEASE/9004431867747704-PLEASE.v17.npz,data/local/citizen100_v17/raw/test/PLEASE/9004431867747704-PLEASE.mp4,test,PLEASE,landscape,640,480,58,36,0.5028684590000694,0.5517241379310345,0.8888888888888888,0.4189453125,0.71875,0.0,0.0,palm_length,32,0,0,True,True,True,True,True
test/PLEASE/9697873113607589-PLEASE.v17.npz,data/local/citizen100_v17/raw/test/PLEASE/9697873113607589-PLEASE.mp4,test,PLEASE,landscape,960,540,85,42,0.9678934159999244,0.4470588235294118,0.9047619047619048,0.43017578125,0.96875,0.921875,0.9761904761904762,shoulder_width,0,38,0,True,True,True,True,True
test/READ/06836612476374282-READ.v17.npz,data/local/citizen100_v17/raw/test/READ/06836612476374282-READ.mp4,test,READ,landscape,640,480,96,55,1.186909415999935,0.53125,0.9272727272727272,0.775390625,0.875,0.875,0.8909090909090909,shoulder_width,37,51,0,True,True,True,True,True
test/READ/10439418782525745-READ.v17.npz,data/local/citizen100_v17/raw/test/READ/10439418782525745-READ.mp4,test,READ,landscape,640,480,58,32,1.5612845829999742,0.4827586206896552,0.875,0.8291015625,0.78125,0.3984375,0.53125,shoulder_width,26,28,0,True,True,True,True,True
test/READ/11695712459013086-READ.v17.npz,data/local/citizen100_v17/raw/test/READ/11695712459013086-READ.mp4,test,READ,landscape,640,480,67,49,1.324840915999971,0.6716417910447762,0.9183673469387755,0.7998046875,0.84375,0.0,0.0,palm_length,37,45,0,True,True,True,True,True
test/READ/3363898293845027-READ.v17.npz,data/local/citizen100_v17/raw/test/READ/3363898293845027-READ.mp4,test,READ,landscape,640,480,37,23,0.702367707999997,0.5135135135135135,0.8260869565217391,0.76708984375,0.03125,0.1875,0.0,palm_length,19,17,0,True,True,True,True,True
test/READ/3372554058959365-READ.v17.npz,data/local/citizen100_v17/raw/test/READ/3372554058959365-READ.mp4,test,READ,landscape,640,480,81,44,1.316152791000036,0.4691358024691358,0.8636363636363636,0.80224609375,0.90625,0.90625,0.9318181818181818,shoulder_width,38,35,0,True,True,True,True,True
test/READ/44835657742775226-READ.v17.npz,data/local/citizen100_v17/raw/test/READ/44835657742775226-READ.mp4,test,READ,landscape,960,540,81,37,1.4536709580000888,0.4074074074074074,0.8918918918918919,0.8095703125,0.6875,0.515625,0.6756756756756757,shoulder_width,30,34,0,True,True,True,True,True
test/READ/6024023486827315-READ.v17.npz,data/local/citizen100_v17/raw/test/READ/6024023486827315-READ.mp4,test,READ,landscape,640,480,96,51,1.3539494579999882,0.4895833333333333,0.9215686274509803,0.7412109375,0.78125,0.2421875,0.35294117647058826,shoulder_width,34,47,0,True,True,True,True,True
test/READ/6264899046227357-READ.v17.npz,data/local/citizen100_v17/raw/test/READ/6264899046227357-READ.mp4,test,READ,landscape,640,480,55,28,0.7112122919999138,0.43636363636363634,0.8571428571428571,0.7900390625,0.59375,0.0,0.0,palm_length,24,22,0,True,True,True,True,True
test/READ/7179257483743249-READ.v17.npz,data/local/citizen100_v17/raw/test/READ/7179257483743249-READ.mp4,test,READ,landscape,640,480,70,36,0.9979676250000011,0.45714285714285713,0.8888888888888888,0.77294921875,0.6875,0.015625,0.027777777777777776,shoulder_width,32,26,0,True,True,True,True,True
test/READ/8679847374335452-READ.v17.npz,data/local/citizen100_v17/raw/test/READ/8679847374335452-READ.mp4,test,READ,landscape,640,480,83,51,1.1747942499999908,0.5662650602409639,0.9215686274509803,0.8349609375,0.96875,0.484375,0.35294117647058826,shoulder_width,46,43,0,True,True,True,True,True
test/READ/8703954060284524-READ.v17.npz,data/local/citizen100_v17/raw/test/READ/8703954060284524-READ.mp4,test,READ,landscape,640,480,62,34,0.8735951249999516,0.45161290322580644,0.8235294117647058,0.75537109375,0.71875,0.125,0.0,palm_length,26,27,0,True,True,True,True,True
test/READ/920002573608864-READ.v17.npz,data/local/citizen100_v17/raw/test/READ/920002573608864-READ.mp4,test,READ,landscape,640,480,78,36,1.151136332999954,0.41025641025641024,0.8888888888888888,0.7626953125,0.90625,0.0,0.0,palm_length,32,26,0,True,True,True,True,True
test/READ/9985068116144047-READ.v17.npz,data/local/citizen100_v17/raw/test/READ/9985068116144047-READ.mp4,test,READ,landscape,640,480,96,69,1.4937949999999773,0.5,0.6956521739130435,0.63525390625,0.9375,0.375,0.2753623188405797,shoulder_width,45,45,0,True,True,True,True,True
test/READY/010895819346707025-READY.v17.npz,data/local/citizen100_v17/raw/test/READY/010895819346707025-READY.mp4,test,READY,landscape,640,480,76,40,1.2919388749999143,0.47368421052631576,0.9,0.81103515625,0.8125,0.515625,0.425,shoulder_width,31,33,0,True,True,True,True,True
test/READY/04309409667596498-READY.v17.npz,data/local/citizen100_v17/raw/test/READY/04309409667596498-READY.mp4,test,READY,landscape,640,480,68,40,1.01013341700002,0.5294117647058824,0.9,0.77392578125,0.8125,0.8125,0.825,shoulder_width,28,36,0,True,True,True,True,True
test/READY/20222645323462118-READY.v17.npz,data/local/citizen100_v17/raw/test/READY/20222645323462118-READY.mp4,test,READY,landscape,640,480,80,33,0.9427967500000705,0.3625,0.8787878787878788,0.81103515625,0.75,0.0,0.0,palm_length,29,28,0,True,True,True,True,True
test/READY/22614895592536977-READY.v17.npz,data/local/citizen100_v17/raw/test/READY/22614895592536977-READY.mp4,test,READY,landscape,640,480,47,30,0.5949323340000774,0.46808510638297873,0.7333333333333333,0.681640625,0.59375,0.5234375,0.5666666666666667,shoulder_width,17,21,0,True,True,True,True,True
test/READY/2361568647138188-READY.v17.npz,data/local/citizen100_v17/raw/test/READY/2361568647138188-READY.mp4,test,READY,landscape,640,480,83,35,1.1582784169999059,0.37349397590361444,0.8857142857142857,0.76171875,0.9375,0.8828125,0.9428571428571428,shoulder_width,28,25,0,True,True,True,True,True
test/READY/25619545044922476-READY.v17.npz,data/local/citizen100_v17/raw/test/READY/25619545044922476-READY.mp4,test,READY,landscape,640,480,89,47,1.2825811249999788,0.47191011235955055,0.8936170212765957,0.75146484375,0.84375,0.4375,0.02127659574468085,shoulder_width,32,42,0,True,True,True,True,True
test/READY/282896028238373-READY.v17.npz,data/local/citizen100_v17/raw/test/READY/282896028238373-READY.mp4,test,READY,landscape,640,480,53,26,0.598449917000039,0.37735849056603776,0.7692307692307693,0.62744140625,0.65625,0.046875,0.038461538461538464,shoulder_width,13,19,0,True,True,True,True,True
test/READY/377947175754511-READY.v17.npz,data/local/citizen100_v17/raw/test/READY/377947175754511-READY.mp4,test,READY,landscape,640,480,96,58,1.2393111669999826,0.3854166666666667,0.6379310344827587,0.60498046875,0.96875,0.4296875,0.5862068965517241,shoulder_width,34,36,0,True,True,True,True,True
test/READY/6195372474533076-READY.v17.npz,data/local/citizen100_v17/raw/test/READY/6195372474533076-READY.mp4,test,READY,landscape,960,540,36,24,0.5568449169999212,0.5277777777777778,0.7916666666666666,0.71484375,0.71875,0.71875,0.7083333333333334,shoulder_width,17,18,0,True,True,True,True,True
test/READY/637114701974759-READY.v17.npz,data/local/citizen100_v17/raw/test/READY/637114701974759-READY.mp4,test,READY,landscape,640,480,86,35,1.1576147089999722,0.36046511627906974,0.8857142857142857,0.77685546875,0.71875,0.71875,0.7142857142857143,shoulder_width,27,31,0,True,True,True,True,True
test/READY/7376924705331811-READY.v17.npz,data/local/citizen100_v17/raw/test/READY/7376924705331811-READY.mp4,test,READY,landscape,640,480,96,36,1.1077233329999672,0.3333333333333333,0.8888888888888888,0.8115234375,0.6875,0.5234375,0.6944444444444444,shoulder_width,27,31,0,True,True,True,True,True
test/READY/8091425965432621-READY.v17.npz,data/local/citizen100_v17/raw/test/READY/8091425965432621-READY.mp4,test,READY,landscape,640,480,90,38,1.038323417000015,0.37777777777777777,0.8947368421052632,0.6884765625,0.875,0.515625,0.868421052631579,shoulder_width,23,32,0,True,True,True,True,True
test/SAD/0320912589498219-SAD.v17.npz,data/local/citizen100_v17/raw/test/SAD/0320912589498219-SAD.mp4,test,SAD,landscape,640,480,95,53,1.289994084,0.5052631578947369,0.9056603773584906,0.81005859375,0.78125,0.703125,0.7735849056603774,shoulder_width,42,46,0,True,True,True,True,True
test/SAD/06695172262113935-SAD.v17.npz,data/local/citizen100_v17/raw/test/SAD/06695172262113935-SAD.mp4,test,SAD,landscape,960,540,60,39,1.0588564170000154,0.5833333333333334,0.8974358974358975,0.72900390625,0.84375,0.4921875,0.8461538461538461,shoulder_width,35,27,0,True,True,True,True,True
test/SAD/11544910408718656-SAD.v17.npz,data/local/citizen100_v17/raw/test/SAD/11544910408718656-SAD.mp4,test,SAD,landscape,640,480,57,42,0.9288792090000015,0.6666666666666666,0.9047619047619048,0.79833984375,0.78125,0.78125,0.7857142857142857,shoulder_width,33,38,0,True,True,True,True,True
test/SAD/2613508295176463-SAD.v17.npz,data/local/citizen100_v17/raw/test/SAD/2613508295176463-SAD.mp4,test,SAD,landscape,640,480,50,27,0.7950719589999835,0.46,0.8518518518518519,0.78125,0.9375,0.0546875,0.07407407407407407,shoulder_width,23,20,0,True,True,True,True,True
test/SAD/33761177892734606-SAD.v17.npz,data/local/citizen100_v17/raw/test/SAD/33761177892734606-SAD.mp4,test,SAD,landscape,640,480,96,57,1.6168914580000546,0.5520833333333334,0.9298245614035088,0.86181640625,0.84375,0.125,0.03508771929824561,shoulder_width,53,50,0,True,True,True,True,True
test/SAD/41880774623715866-SAD.v17.npz,data/local/citizen100_v17/raw/test/SAD/41880774623715866-SAD.mp4,test,SAD,landscape,640,480,96,45,1.5321548749999465,0.4270833333333333,0.9111111111111111,0.83935546875,0.90625,0.40625,0.4,shoulder_width,38,40,0,True,True,True,True,True
test/SAD/647128079267353-SAD.v17.npz,data/local/citizen100_v17/raw/test/SAD/647128079267353-SAD.mp4,test,SAD,landscape,640,480,61,34,0.9695152079999616,0.4918032786885246,0.8823529411764706,0.7431640625,0.96875,0.0078125,0.0,palm_length,30,23,0,True,True,True,True,True
test/SAD/7209250305663026-SAD.v17.npz,data/local/citizen100_v17/raw/test/SAD/7209250305663026-SAD.mp4,test,SAD,landscape,640,480,43,23,0.6505150000000413,0.4418604651162791,0.8260869565217391,0.75146484375,0.75,0.1171875,0.043478260869565216,shoulder_width,19,17,0,True,True,True,True,True
test/SAD/8691035104852791-SAD.v17.npz,data/local/citizen100_v17/raw/test/SAD/8691035104852791-SAD.mp4,test,SAD,landscape,640,480,96,41,1.396185459000094,0.3854166666666667,0.9024390243902439,0.83203125,0.8125,0.71875,0.8048780487804879,shoulder_width,35,35,0,True,True,True,True,True
test/SAD/8840211270769178-SAD.v17.npz,data/local/citizen100_v17/raw/test/SAD/8840211270769178-SAD.mp4,test,SAD,landscape,640,480,66,30,0.9396884169999566,0.3939393939393939,0.8666666666666667,0.787109375,0.84375,0.0,0.0,palm_length,26,21,0,True,True,True,True,True
test/SAD/8959116998657448-SAD.v17.npz,data/local/citizen100_v17/raw/test/SAD/8959116998657448-SAD.mp4,test,SAD,landscape,640,480,43,21,0.6354048750000629,0.3953488372093023,0.8095238095238095,0.72265625,0.8125,0.6171875,0.8095238095238095,shoulder_width,17,14,0,True,True,True,True,True
test/SAD/9272659447119582-SAD.v17.npz,data/local/citizen100_v17/raw/test/SAD/9272659447119582-SAD.mp4,test,SAD,landscape,640,480,50,39,0.8689629579999973,0.66,0.8461538461538461,0.79833984375,0.84375,0.046875,0.05128205128205128,shoulder_width,33,30,0,True,True,True,True,True
test/SAME/10206388814491452-SAME.v17.npz,data/local/citizen100_v17/raw/test/SAME/10206388814491452-SAME.mp4,test,SAME,landscape,640,480,43,43,0.723136457999999,1.0,1.0,0.4970703125,0.9375,0.7109375,0.9534883720930233,shoulder_width,0,43,0,True,True,True,True,True
test/SAME/1928939192359651-SAME.v17.npz,data/local/citizen100_v17/raw/test/SAME/1928939192359651-SAME.mp4,test,SAME,landscape,640,480,74,36,0.9639150410000639,0.43243243243243246,0.8888888888888888,0.427001953125,0.6875,0.515625,0.6944444444444444,shoulder_width,0,32,0,True,True,True,True,True
test/SAME/21118948844330143-SAME.v17.npz,data/local/citizen100_v17/raw/test/SAME/21118948844330143-SAME.mp4,test,SAME,landscape,640,480,94,48,1.0326665830000366,0.46808510638297873,0.9166666666666666,0.462890625,0.84375,0.8046875,0.8541666666666666,shoulder_width,0,44,0,True,True,True,True,True
test/SAME/21442411132356543-SAME.v17.npz,data/local/citizen100_v17/raw/test/SAME/21442411132356543-SAME.mp4,test,SAME,landscape,640,480,71,33,0.8828729170000997,0.4084507042253521,0.8787878787878788,0.41455078125,0.75,0.0,0.0,palm_length,0,29,0,True,True,True,True,True
test/SAME/2286830253160148-SAME.v17.npz,data/local/citizen100_v17/raw/test/SAME/2286830253160148-SAME.mp4,test,SAME,landscape,640,480,60,46,0.854641249999986,0.7,0.9130434782608695,0.42041015625,0.875,0.75,0.717391304347826,shoulder_width,0,42,0,True,True,True,True,True
test/SAME/287283640617259-SAME.v17.npz,data/local/citizen100_v17/raw/test/SAME/287283640617259-SAME.mp4,test,SAME,landscape,640,480,57,33,0.6583679169999641,0.5087719298245614,0.8787878787878788,0.425537109375,0.75,0.4453125,0.7575757575757576,shoulder_width,29,0,0,True,True,True,True,True
test/SAME/33270734054951157-SAME.v17.npz,data/local/citizen100_v17/raw/test/SAME/33270734054951157-SAME.mp4,test,SAME,landscape,960,540,45,25,0.630076291000023,0.4666666666666667,0.84,0.42041015625,1.0,0.671875,1.0,shoulder_width,0,21,0,True,True,True,True,True
test/SAME/3881929460258873-SAME.v17.npz,data/local/citizen100_v17/raw/test/SAME/3881929460258873-SAME.mp4,test,SAME,landscape,640,480,96,62,1.2361865000000307,0.4479166666666667,0.6935483870967742,0.34375,0.90625,0.8125,0.6612903225806451,shoulder_width,0,43,0,True,True,True,True,True
test/SAME/3934350555198727-SAME.v17.npz,data/local/citizen100_v17/raw/test/SAME/3934350555198727-SAME.mp4,test,SAME,landscape,640,480,61,49,0.6898689160000231,0.7377049180327869,0.9183673469387755,0.44873046875,0.8125,0.0,0.0,palm_length,44,1,0,True,True,True,True,True
test/SAME/542885616848779-SAME.v17.npz,data/local/citizen100_v17/raw/test/SAME/542885616848779-SAME.mp4,test,SAME,landscape,960,540,74,26,1.1030690420000155,0.2972972972972973,0.8461538461538461,0.42919921875,0.65625,0.578125,0.6538461538461539,shoulder_width,0,22,0,True,True,True,True,True
test/SAME/8176588398499571-SAME.v17.npz,data/local/citizen100_v17/raw/test/SAME/8176588398499571-SAME.mp4,test,SAME,landscape,640,480,24,21,0.28740975000005164,0.7083333333333334,0.8095238095238095,0.377197265625,0.4375,0.25,0.42857142857142855,shoulder_width,17,0,0,True,True,True,True,True
test/SAME/8267857887532666-SAME.v17.npz,data/local/citizen100_v17/raw/test/SAME/8267857887532666-SAME.mp4,test,SAME,landscape,640,480,38,30,0.48849825000002056,0.6578947368421053,0.8333333333333334,0.412109375,0.84375,0.6328125,0.8333333333333334,shoulder_width,24,1,0,True,True,True,True,True
test/SAME/9372950595203138-SAME.v17.npz,data/local/citizen100_v17/raw/test/SAME/9372950595203138-SAME.mp4,test,SAME,landscape,640,480,95,55,1.2943524579999348,0.5263157894736842,0.9090909090909091,0.44580078125,0.875,0.40625,0.6,shoulder_width,1,49,0,True,True,True,True,True
test/SCHOOL/22884594515032175-SCHOOL.v17.npz,data/local/citizen100_v17/raw/test/SCHOOL/22884594515032175-SCHOOL.mp4,test,SCHOOL,landscape,640,480,71,37,0.9662898749999158,0.43661971830985913,0.8378378378378378,0.452392578125,0.875,0.328125,0.6756756756756757,shoulder_width,8,30,0,True,True,True,True,True
test/SCHOOL/3017143646154159-SCHOOL.v17.npz,data/local/citizen100_v17/raw/test/SCHOOL/3017143646154159-SCHOOL.mp4,test,SCHOOL,landscape,640,480,36,29,0.6004702500000576,0.6944444444444444,0.8620689655172413,0.7197265625,0.5625,0.0,0.0,palm_length,15,28,0,True,True,True,True,True
test/SCHOOL/35908970574329513-SCHOOL.v17.npz,data/local/citizen100_v17/raw/test/SCHOOL/35908970574329513-SCHOOL.mp4,test,SCHOOL,landscape,640,480,85,41,0.982240250000018,0.4235294117647059,0.8780487804878049,0.81103515625,1.0,1.0,1.0,shoulder_width,30,33,0,True,True,True,True,True
test/SCHOOL/4046304802500862-SCHOOL.v17.npz,data/local/citizen100_v17/raw/test/SCHOOL/4046304802500862-SCHOOL.mp4,test,SCHOOL,landscape,640,480,45,25,0.7038832499999899,0.4666666666666667,0.84,0.83349609375,0.6875,0.03125,0.04,shoulder_width,19,21,0,True,True,True,True,True
test/SCHOOL/4173145279866881-SCHOOL.v17.npz,data/local/citizen100_v17/raw/test/SCHOOL/4173145279866881-SCHOOL.mp4,test,SCHOOL,landscape,960,540,77,32,1.218478166000068,0.35064935064935066,0.84375,0.73583984375,0.78125,0.71875,0.78125,shoulder_width,20,24,0,True,True,True,True,True
test/SCHOOL/4838074686766505-SCHOOL.v17.npz,data/local/citizen100_v17/raw/test/SCHOOL/4838074686766505-SCHOOL.mp4,test,SCHOOL,landscape,640,480,96,55,1.309765791000018,0.5104166666666666,0.8909090909090909,0.75244140625,0.875,0.84375,0.8909090909090909,shoulder_width,34,47,0,True,True,True,True,True
test/SCHOOL/7827802094256076-SCHOOL.v17.npz,data/local/citizen100_v17/raw/test/SCHOOL/7827802094256076-SCHOOL.mp4,test,SCHOOL,landscape,640,480,69,32,0.962085041000023,0.391304347826087,0.84375,0.62353515625,0.78125,0.0234375,0.03125,shoulder_width,12,26,0,True,True,True,True,True
test/SCHOOL/7977130285572864-SCHOOL.v17.npz,data/local/citizen100_v17/raw/test/SCHOOL/7977130285572864-SCHOOL.mp4,test,SCHOOL,landscape,640,480,81,38,1.1815176249999695,0.41975308641975306,0.8947368421052632,0.7431640625,0.65625,0.6015625,0.6578947368421053,shoulder_width,24,32,0,True,True,True,True,True
test/SCHOOL/8188942667223229-SCHOOL.v17.npz,data/local/citizen100_v17/raw/test/SCHOOL/8188942667223229-SCHOOL.mp4,test,SCHOOL,landscape,640,480,62,45,0.9923488750000615,0.6612903225806451,0.9111111111111111,0.8154296875,0.71875,0.640625,0.5555555555555556,shoulder_width,35,39,0,True,True,True,True,True
test/SCHOOL/8641790015591071-SCHOOL.v17.npz,data/local/citizen100_v17/raw/test/SCHOOL/8641790015591071-SCHOOL.mp4,test,SCHOOL,landscape,640,480,86,48,1.2788584580000588,0.5,0.8958333333333334,0.72900390625,0.84375,0.6875,0.8541666666666666,shoulder_width,23,40,0,True,True,True,True,True
test/SCHOOL/8965119525543042-SCHOOL.v17.npz,data/local/citizen100_v17/raw/test/SCHOOL/8965119525543042-SCHOOL.mp4,test,SCHOOL,landscape,640,480,64,43,1.0560875420000002,0.609375,0.9069767441860465,0.77734375,0.78125,0.1171875,0.20930232558139536,shoulder_width,31,32,0,True,True,True,True,True
test/SEE/06806917144544555-SEE.v17.npz,data/local/citizen100_v17/raw/test/SEE/06806917144544555-SEE.mp4,test,SEE,landscape,640,480,93,55,1.3616386670000793,0.4838709677419355,0.8181818181818182,0.415283203125,0.875,0.65625,0.8909090909090909,shoulder_width,1,44,0,True,True,True,True,True
test/SEE/10523671017836955-SEE.v17.npz,data/local/citizen100_v17/raw/test/SEE/10523671017836955-SEE.mp4,test,SEE,landscape,640,480,45,34,0.6657156250000753,0.6666666666666666,0.8823529411764706,0.4248046875,0.71875,0.546875,0.7352941176470589,shoulder_width,30,0,0,True,True,True,True,True
test/SEE/12116769146342343-SEE.v17.npz,data/local/citizen100_v17/raw/test/SEE/12116769146342343-SEE.mp4,test,SEE,landscape,640,480,47,26,0.8250212079999528,0.46808510638297873,0.8461538461538461,0.41748046875,0.65625,0.4375,0.6538461538461539,shoulder_width,22,0,0,True,True,True,True,True
test/SEE/2322814887877973-SEE.v17.npz,data/local/citizen100_v17/raw/test/SEE/2322814887877973-SEE.mp4,test,SEE,landscape,640,480,48,38,0.7717675830000417,0.7083333333333334,0.8947368421052632,0.431640625,0.875,0.0,0.0,palm_length,34,0,0,True,True,True,True,True
test/SEE/24400211790159076-SEE.v17.npz,data/local/citizen100_v17/raw/test/SEE/24400211790159076-SEE.mp4,test,SEE,landscape,640,480,50,35,0.7281152909999946,0.62,0.8857142857142857,0.421142578125,0.9375,0.7109375,0.9428571428571428,shoulder_width,0,31,0,True,True,True,True,True
test/SEE/27829246360194815-SEE.v17.npz,data/local/citizen100_v17/raw/test/SEE/27829246360194815-SEE.mp4,test,SEE,landscape,640,480,96,65,1.1070436669999708,0.4791666666666667,0.7076923076923077,0.328857421875,0.875,0.875,0.8769230769230769,shoulder_width,8,38,0,True,True,True,True,True
test/SEE/6255356009761448-SEE.v17.npz,data/local/citizen100_v17/raw/test/SEE/6255356009761448-SEE.mp4,test,SEE,landscape,640,480,21,17,0.24245520900001338,0.6190476190476191,0.7647058823529411,0.394287109375,1.0,0.03125,0.058823529411764705,shoulder_width,0,13,0,True,True,True,True,True
test/SEE/7388949176785318-SEE.v17.npz,data/local/citizen100_v17/raw/test/SEE/7388949176785318-SEE.mp4,test,SEE,landscape,960,540,75,34,0.93879533300003,0.4,0.8823529411764706,0.406982421875,0.71875,0.4296875,0.7352941176470589,shoulder_width,0,30,0,True,True,True,True,True
test/SEE/7933932035972608-SEE.v17.npz,data/local/citizen100_v17/raw/test/SEE/7933932035972608-SEE.mp4,test,SEE,landscape,640,480,58,27,0.580130166999993,0.39655172413793105,0.8518518518518519,0.424072265625,0.9375,0.4921875,0.6296296296296297,shoulder_width,0,23,0,True,True,True,True,True
test/SEE/8224527695408073-SEE.v17.npz,data/local/citizen100_v17/raw/test/SEE/8224527695408073-SEE.mp4,test,SEE,landscape,640,480,31,19,0.27541312500000004,0.4838709677419355,0.7894736842105263,0.400390625,0.5,0.0,0.0,palm_length,15,0,0,True,True,True,True,True
test/SEE/8596007602362212-SEE.v17.npz,data/local/citizen100_v17/raw/test/SEE/8596007602362212-SEE.mp4,test,SEE,landscape,640,480,95,47,0.8346598330000461,0.45263157894736844,0.9148936170212766,0.43017578125,0.84375,0.84375,0.8723404255319149,shoulder_width,0,43,0,True,True,True,True,True
test/SEE/9479587882463862-SEE.v17.npz,data/local/citizen100_v17/raw/test/SEE/9479587882463862-SEE.mp4,test,SEE,landscape,640,480,75,36,0.7272517499999367,0.4266666666666667,0.8888888888888888,0.411376953125,0.90625,0.90625,0.9166666666666666,shoulder_width,32,0,0,True,True,True,True,True
test/SEE/9908740266244704-SEE.v17.npz,data/local/citizen100_v17/raw/test/SEE/9908740266244704-SEE.mp4,test,SEE,landscape,640,480,46,42,0.4507530419999739,0.8695652173913043,0.9523809523809523,0.463623046875,0.78125,0.78125,0.7857142857142857,shoulder_width,40,0,0,True,True,True,True,True
test/SICK/00961775886447791-SICK.v17.npz,data/local/citizen100_v17/raw/test/SICK/00961775886447791-SICK.mp4,test,SICK,landscape,640,480,64,28,0.7842071249999663,0.375,0.8571428571428571,0.77587890625,0.59375,0.3046875,0.6071428571428571,shoulder_width,23,22,0,True,True,True,True,True
test/SICK/13944307146406487-SICK.v17.npz,data/local/citizen100_v17/raw/test/SICK/13944307146406487-SICK.mp4,test,SICK,landscape,640,480,55,36,0.8259757079999872,0.5272727272727272,0.8055555555555556,0.65625,0.90625,0.796875,0.9166666666666666,shoulder_width,19,29,0,True,True,True,True,True
test/SICK/15552261128903067-SICK.v17.npz,data/local/citizen100_v17/raw/test/SICK/15552261128903067-SICK.mp4,test,SICK,landscape,640,480,77,39,0.8667675839999447,0.44155844155844154,0.8717948717948718,0.75390625,0.84375,0.84375,0.8461538461538461,shoulder_width,27,34,0,True,True,True,True,True
test/SICK/23601871909315686-SICK.v17.npz,data/local/citizen100_v17/raw/test/SICK/23601871909315686-SICK.mp4,test,SICK,landscape,960,540,50,34,0.6780266669999264,0.58,0.8529411764705882,0.69775390625,0.71875,0.6640625,0.7352941176470589,shoulder_width,21,29,0,True,True,True,True,True
test/SICK/3280234496255292-SICK.v17.npz,data/local/citizen100_v17/raw/test/SICK/3280234496255292-SICK.mp4,test,SICK,landscape,640,480,95,38,0.9158735830000069,0.35789473684210527,0.8947368421052632,0.7744140625,0.875,0.6015625,0.6578947368421053,shoulder_width,28,34,0,True,True,True,True,True
test/SICK/3438291198863894-SICK.v17.npz,data/local/citizen100_v17/raw/test/SICK/3438291198863894-SICK.mp4,test,SICK,landscape,640,480,50,26,0.42354145800004517,0.42,0.8076923076923077,0.443359375,0.65625,0.203125,0.038461538461538464,shoulder_width,21,3,0,True,True,True,True,True
test/SICK/37419038878511945-SICK.v17.npz,data/local/citizen100_v17/raw/test/SICK/37419038878511945-SICK.mp4,test,SICK,landscape,640,480,51,37,0.5682888329999969,0.6274509803921569,0.8648648648648649,0.72607421875,0.6875,0.6328125,0.6756756756756757,shoulder_width,26,32,0,True,True,True,True,True
test/SICK/40883500861073974-SICK.v17.npz,data/local/citizen100_v17/raw/test/SICK/40883500861073974-SICK.mp4,test,SICK,landscape,640,480,49,29,0.5735852909999721,0.5102040816326531,0.8620689655172413,0.84521484375,0.875,0.4375,0.8620689655172413,shoulder_width,24,25,0,True,True,True,True,True
test/SICK/4446871579256513-SICK.v17.npz,data/local/citizen100_v17/raw/test/SICK/4446871579256513-SICK.mp4,test,SICK,landscape,640,480,63,29,0.5971307089999982,0.3968253968253968,0.8620689655172413,0.802734375,0.59375,0.453125,0.5862068965517241,shoulder_width,24,24,0,True,True,True,True,True
test/SICK/46526275710038-SICK.v17.npz,data/local/citizen100_v17/raw/test/SICK/46526275710038-SICK.mp4,test,SICK,landscape,640,480,29,19,0.34150595899996006,0.5172413793103449,0.7894736842105263,0.66015625,0.5,0.375,0.47368421052631576,shoulder_width,15,13,0,True,True,True,True,True
test/SICK/5515681081506727-SICK.v17.npz,data/local/citizen100_v17/raw/test/SICK/5515681081506727-SICK.mp4,test,SICK,landscape,640,480,94,44,0.9845609999999851,0.4148936170212766,0.8863636363636364,0.73193359375,0.9375,0.9375,0.9318181818181818,shoulder_width,31,38,0,True,True,True,True,True
test/SICK/6885382807632885-SICK.v17.npz,data/local/citizen100_v17/raw/test/SICK/6885382807632885-SICK.mp4,test,SICK,landscape,640,480,78,44,0.866812374999995,0.5128205128205128,0.9090909090909091,0.60107421875,0.75,0.0,0.0,palm_length,40,23,0,True,True,True,True,True
test/SICK/7932494857931853-SICK.v17.npz,data/local/citizen100_v17/raw/test/SICK/7932494857931853-SICK.mp4,test,SICK,landscape,640,480,96,49,1.091703124999981,0.46875,0.9183673469387755,0.84814453125,1.0,0.5625,1.0,shoulder_width,41,45,0,True,True,True,True,True
test/SIGN/01970799737038642-SIGN.v17.npz,data/local/citizen100_v17/raw/test/SIGN/01970799737038642-SIGN.mp4,test,SIGN,landscape,960,540,71,30,0.8663060839999162,0.36619718309859156,0.8666666666666667,0.7509765625,0.84375,0.84375,0.8333333333333334,shoulder_width,21,25,0,True,True,True,True,True
test/SIGN/0328053814877749-SIGN.v17.npz,data/local/citizen100_v17/raw/test/SIGN/0328053814877749-SIGN.mp4,test,SIGN,landscape,640,480,82,40,0.9197718750000377,0.43902439024390244,0.9,0.8193359375,0.8125,0.8125,0.825,shoulder_width,35,32,0,True,True,True,True,True
test/SIGN/2386452559431056-SIGN.v17.npz,data/local/citizen100_v17/raw/test/SIGN/2386452559431056-SIGN.mp4,test,SIGN,landscape,640,480,39,28,0.48016262499993445,0.6153846153846154,0.8571428571428571,0.75830078125,0.90625,0.171875,0.32142857142857145,shoulder_width,23,22,0,True,True,True,True,True
test/SIGN/24023419615255004-SIGN.v17.npz,data/local/citizen100_v17/raw/test/SIGN/24023419615255004-SIGN.mp4,test,SIGN,landscape,640,480,96,47,1.0016789580000705,0.4375,0.8936170212765957,0.80419921875,0.6875,0.1640625,0.0425531914893617,shoulder_width,37,42,0,True,True,True,True,True
test/SIGN/2915003707924726-SIGN.v17.npz,data/local/citizen100_v17/raw/test/SIGN/2915003707924726-SIGN.mp4,test,SIGN,landscape,640,480,93,51,1.0401831249999987,0.5053763440860215,0.9215686274509803,0.880859375,0.78125,0.75,0.803921568627451,shoulder_width,46,46,0,True,True,True,True,True
test/SIGN/3088357363430003-SIGN.v17.npz,data/local/citizen100_v17/raw/test/SIGN/3088357363430003-SIGN.mp4,test,SIGN,landscape,640,480,90,43,0.8839080000000195,0.43333333333333335,0.9069767441860465,0.81494140625,0.9375,0.21875,0.4186046511627907,shoulder_width,38,35,0,True,True,True,True,True
test/SIGN/3839299659641129-SIGN.v17.npz,data/local/citizen100_v17/raw/test/SIGN/3839299659641129-SIGN.mp4,test,SIGN,landscape,640,480,88,56,0.9162650829999848,0.5795454545454546,0.9107142857142857,0.8427734375,0.875,0.1328125,0.16071428571428573,shoulder_width,46,50,0,True,True,True,True,True
test/SIGN/48210177619225436-SIGN.v17.npz,data/local/citizen100_v17/raw/test/SIGN/48210177619225436-SIGN.mp4,test,SIGN,landscape,640,480,96,45,0.9044789170000058,0.40625,0.8666666666666667,0.7998046875,0.90625,0.90625,0.9111111111111111,shoulder_width,36,33,0,True,True,True,True,True
test/SIGN/4847160098743586-SIGN.v17.npz,data/local/citizen100_v17/raw/test/SIGN/4847160098743586-SIGN.mp4,test,SIGN,landscape,640,480,68,38,0.7129742910000232,0.5,0.8947368421052632,0.8310546875,0.84375,0.4453125,0.4473684210526316,shoulder_width,32,33,0,True,True,True,True,True
test/SIGN/49076408258980875-SIGN.v17.npz,data/local/citizen100_v17/raw/test/SIGN/49076408258980875-SIGN.mp4,test,SIGN,landscape,640,480,90,54,1.0187570829999686,0.5555555555555556,0.9259259259259259,0.85205078125,0.875,0.84375,0.9074074074074074,shoulder_width,47,49,0,True,True,True,True,True
test/SIGN/6196751357683004-SIGN.v17.npz,data/local/citizen100_v17/raw/test/SIGN/6196751357683004-SIGN.mp4,test,SIGN,landscape,640,480,66,44,0.7531642500000544,0.6060606060606061,0.9090909090909091,0.79443359375,0.9375,0.46875,0.75,shoulder_width,40,32,0,True,True,True,True,True
test/SIGN/9430816472530015-SIGN.v17.npz,data/local/citizen100_v17/raw/test/SIGN/9430816472530015-SIGN.mp4,test,SIGN,landscape,640,480,56,34,0.565712541000039,0.5357142857142857,0.8823529411764706,0.76025390625,0.71875,0.25,0.5,shoulder_width,24,29,0,True,True,True,True,True
test/SLEEP/00792407895198255-SLEEP.v17.npz,data/local/citizen100_v17/raw/test/SLEEP/00792407895198255-SLEEP.mp4,test,SLEEP,landscape,640,480,63,35,0.5798899170000595,0.47619047619047616,0.8571428571428571,0.419677734375,0.9375,0.03125,0.05714285714285714,shoulder_width,30,0,0,True,True,True,True,True
test/SLEEP/08177526594355822-SLEEP.v17.npz,data/local/citizen100_v17/raw/test/SLEEP/08177526594355822-SLEEP.mp4,test,SLEEP,landscape,960,540,42,22,0.4847497079999812,0.42857142857142855,0.8181818181818182,0.394287109375,0.78125,0.015625,0.045454545454545456,shoulder_width,0,18,0,True,True,True,True,True
test/SLEEP/2139029309275231-SLEEP.v17.npz,data/local/citizen100_v17/raw/test/SLEEP/2139029309275231-SLEEP.mp4,test,SLEEP,landscape,640,480,94,43,0.8955836669999826,0.4148936170212766,0.9069767441860465,0.4375,0.9375,0.671875,0.4186046511627907,shoulder_width,0,39,0,True,True,True,True,True
test/SLEEP/2281067908916985-SLEEP.v17.npz,data/local/citizen100_v17/raw/test/SLEEP/2281067908916985-SLEEP.mp4,test,SLEEP,landscape,960,540,72,26,0.7876586250000628,0.3055555555555556,0.8461538461538461,0.424072265625,0.65625,0.4921875,0.6538461538461539,shoulder_width,0,22,0,True,True,True,True,True
test/SLEEP/4723150678110435-SLEEP.v17.npz,data/local/citizen100_v17/raw/test/SLEEP/4723150678110435-SLEEP.mp4,test,SLEEP,landscape,640,480,75,34,0.7664363330000015,0.4,0.8823529411764706,0.425537109375,0.71875,0.3828125,0.058823529411764705,shoulder_width,0,30,0,True,True,True,True,True
test/SLEEP/4923077555439661-SLEEP.v17.npz,data/local/citizen100_v17/raw/test/SLEEP/4923077555439661-SLEEP.mp4,test,SLEEP,landscape,640,480,96,59,0.9424095409999609,0.3854166666666667,0.6271186440677966,0.299072265625,0.84375,0.640625,0.8305084745762712,shoulder_width,0,37,0,True,True,True,True,True
test/SLEEP/6537841190153333-SLEEP.v17.npz,data/local/citizen100_v17/raw/test/SLEEP/6537841190153333-SLEEP.mp4,test,SLEEP,landscape,640,480,35,25,0.42753462500002115,0.6,0.84,0.412109375,0.6875,0.0,0.0,palm_length,21,0,0,True,True,True,True,True
test/SLEEP/7096733878911947-SLEEP.v17.npz,data/local/citizen100_v17/raw/test/SLEEP/7096733878911947-SLEEP.mp4,test,SLEEP,landscape,640,480,70,29,0.6694474160000254,0.32857142857142857,0.7931034482758621,0.412841796875,0.875,0.015625,0.034482758620689655,shoulder_width,0,23,0,True,True,True,True,True
test/SLEEP/8198688477414202-SLEEP.v17.npz,data/local/citizen100_v17/raw/test/SLEEP/8198688477414202-SLEEP.mp4,test,SLEEP,landscape,640,480,30,18,0.2831259580000278,0.4666666666666667,0.7777777777777778,0.392822265625,0.5,0.390625,0.05555555555555555,shoulder_width,14,0,0,True,True,True,True,True
test/SLEEP/8841729385815713-SLEEP.v17.npz,data/local/citizen100_v17/raw/test/SLEEP/8841729385815713-SLEEP.mp4,test,SLEEP,landscape,640,480,94,50,0.831604834000018,0.46808510638297873,0.88,0.43017578125,0.8125,0.2578125,0.36,shoulder_width,0,44,0,True,True,True,True,True
test/SLEEP/8909948723540735-SLEEP.v17.npz,data/local/citizen100_v17/raw/test/SLEEP/8909948723540735-SLEEP.mp4,test,SLEEP,landscape,640,480,51,37,0.462270999999987,0.6274509803921569,0.8648648648648649,0.42041015625,0.875,0.015625,0.0,palm_length,30,2,0,True,True,True,True,True
test/SLEEP/983844511939516-SLEEP.v17.npz,data/local/citizen100_v17/raw/test/SLEEP/983844511939516-SLEEP.mp4,test,SLEEP,landscape,640,480,78,39,0.7520693330000086,0.4358974358974359,0.8717948717948718,0.427001953125,0.8125,0.609375,0.8461538461538461,shoulder_width,0,34,0,True,True,True,True,True
test/SMALL/09078322149673279-SMALL.v17.npz,data/local/citizen100_v17/raw/test/SMALL/09078322149673279-SMALL.mp4,test,SMALL,landscape,960,540,73,33,0.7668739999999161,0.3835616438356164,0.8484848484848485,0.71728515625,0.75,0.3828125,0.7575757575757576,shoulder_width,27,23,0,True,True,True,True,True
test/SMALL/16530438799900593-SMALL.v17.npz,data/local/citizen100_v17/raw/test/SMALL/16530438799900593-SMALL.mp4,test,SMALL,landscape,640,480,73,35,0.5870827090000148,0.4246575342465753,0.8857142857142857,0.7744140625,0.6875,0.015625,0.02857142857142857,shoulder_width,28,30,0,True,True,True,True,True
test/SMALL/264956268697103-SMALL.v17.npz,data/local/citizen100_v17/raw/test/SMALL/264956268697103-SMALL.mp4,test,SMALL,landscape,640,480,84,45,0.7213529579998976,0.4880952380952381,0.9111111111111111,0.84375,0.90625,0.90625,0.9111111111111111,shoulder_width,40,41,0,True,True,True,True,True
test/SMALL/40229877453598006-SMALL.v17.npz,data/local/citizen100_v17/raw/test/SMALL/40229877453598006-SMALL.mp4,test,SMALL,landscape,640,480,34,34,0.3319164170000022,1.0,1.0,0.78515625,0.96875,0.5,0.9705882352941176,shoulder_width,20,34,0,True,True,True,True,True
test/SMALL/546045102054808-SMALL.v17.npz,data/local/citizen100_v17/raw/test/SMALL/546045102054808-SMALL.mp4,test,SMALL,landscape,640,480,96,69,0.7481930000000148,0.5416666666666666,0.7536231884057971,0.68359375,0.9375,0.9375,0.9420289855072463,shoulder_width,50,51,0,True,True,True,True,True
test/SMALL/7541924892936593-SMALL.v17.npz,data/local/citizen100_v17/raw/test/SMALL/7541924892936593-SMALL.mp4,test,SMALL,landscape,640,480,67,47,0.522293040999898,0.6417910447761194,0.9148936170212766,0.81494140625,0.84375,0.6328125,0.8723404255319149,shoulder_width,39,43,0,True,True,True,True,True
test/SMALL/8094645891918644-SMALL.v17.npz,data/local/citizen100_v17/raw/test/SMALL/8094645891918644-SMALL.mp4,test,SMALL,landscape,640,480,56,37,0.4110425839999152,0.5892857142857143,0.8918918918918919,0.72900390625,0.6875,0.515625,0.6756756756756757,shoulder_width,24,33,0,True,True,True,True,True
test/SMALL/829688179712341-SMALL.v17.npz,data/local/citizen100_v17/raw/test/SMALL/829688179712341-SMALL.mp4,test,SMALL,landscape,640,480,95,50,0.6345490830000244,0.4842105263157895,0.92,0.87353515625,0.8125,0.6953125,0.82,shoulder_width,45,44,0,True,True,True,True,True
test/SMALL/8840554456240215-SMALL.v17.npz,data/local/citizen100_v17/raw/test/SMALL/8840554456240215-SMALL.mp4,test,SMALL,landscape,640,480,93,56,0.6230851249999887,0.5161290322580645,0.8571428571428571,0.8291015625,0.875,0.6640625,0.875,shoulder_width,46,46,0,True,True,True,True,True
test/SMALL/9100330154615108-SMALL.v17.npz,data/local/citizen100_v17/raw/test/SMALL/9100330154615108-SMALL.mp4,test,SMALL,landscape,640,480,64,34,0.47066462500004036,0.46875,0.8823529411764706,0.8349609375,0.71875,0.2578125,0.5,shoulder_width,30,29,0,True,True,True,True,True
test/SMALL/9292023440580952-SMALL.v17.npz,data/local/citizen100_v17/raw/test/SMALL/9292023440580952-SMALL.mp4,test,SMALL,landscape,640,480,75,42,0.5845031249999693,0.5066666666666667,0.9047619047619048,0.86181640625,0.96875,0.96875,0.9761904761904762,shoulder_width,37,38,0,True,True,True,True,True
test/SMALL/9399480572843995-SMALL.v17.npz,data/local/citizen100_v17/raw/test/SMALL/9399480572843995-SMALL.mp4,test,SMALL,landscape,640,480,69,36,0.4911285419999558,0.463768115942029,0.8888888888888888,0.79248046875,0.90625,0.0078125,0.0,palm_length,30,29,0,True,True,True,True,True
test/SORRY/010369524824967558-SORRY.v17.npz,data/local/citizen100_v17/raw/test/SORRY/010369524824967558-SORRY.mp4,test,SORRY,landscape,640,480,42,30,0.2812408330000835,0.6190476190476191,0.8666666666666667,0.433837890625,0.59375,0.4453125,0.5666666666666667,shoulder_width,26,0,0,True,True,True,True,True
test/SORRY/14951164356135682-SORRY.v17.npz,data/local/citizen100_v17/raw/test/SORRY/14951164356135682-SORRY.mp4,test,SORRY,landscape,640,480,41,24,0.25246741599994493,0.4878048780487805,0.8333333333333334,0.38330078125,0.6875,0.515625,0.7083333333333334,shoulder_width,0,20,0,True,True,True,True,True
test/SORRY/1812960858393966-SORRY.v17.npz,data/local/citizen100_v17/raw/test/SORRY/1812960858393966-SORRY.mp4,test,SORRY,landscape,640,480,73,55,0.4903671659999418,0.6986301369863014,0.9272727272727272,0.44580078125,0.875,0.65625,0.8909090909090909,shoulder_width,0,51,0,True,True,True,True,True
test/SORRY/258135021561094-SORRY.v17.npz,data/local/citizen100_v17/raw/test/SORRY/258135021561094-SORRY.mp4,test,SORRY,landscape,640,480,94,52,0.5657610839999734,0.5106382978723404,0.9230769230769231,0.450927734375,0.9375,0.828125,0.9423076923076923,shoulder_width,0,48,0,True,True,True,True,True
test/SORRY/5157432639091493-SORRY.v17.npz,data/local/citizen100_v17/raw/test/SORRY/5157432639091493-SORRY.mp4,test,SORRY,landscape,640,480,41,33,0.2819513330000518,0.7073170731707317,0.8787878787878788,0.422607421875,0.75,0.5625,0.7575757575757576,shoulder_width,29,0,0,True,True,True,True,True
test/SORRY/5199425437483545-SORRY.v17.npz,data/local/citizen100_v17/raw/test/SORRY/5199425437483545-SORRY.mp4,test,SORRY,landscape,640,480,54,47,0.3521774579999146,0.7962962962962963,0.9148936170212766,0.43603515625,0.84375,0.6484375,0.8723404255319149,shoulder_width,43,0,0,True,True,True,True,True
test/SORRY/6724466474942836-SORRY.v17.npz,data/local/citizen100_v17/raw/test/SORRY/6724466474942836-SORRY.mp4,test,SORRY,landscape,960,540,69,43,0.5112562919999846,0.5652173913043478,0.9069767441860465,0.4345703125,0.78125,0.6875,0.7674418604651163,shoulder_width,0,39,0,True,True,True,True,True
test/SORRY/7585555932220547-SORRY.v17.npz,data/local/citizen100_v17/raw/test/SORRY/7585555932220547-SORRY.mp4,test,SORRY,landscape,640,480,96,60,0.6082860840000421,0.5833333333333334,0.9333333333333333,0.45166015625,0.9375,0.0,0.0,palm_length,56,0,0,True,True,True,True,True
test/SORRY/7965960158855614-SORRY.v17.npz,data/local/citizen100_v17/raw/test/SORRY/7965960158855614-SORRY.mp4,test,SORRY,landscape,640,480,41,36,0.288802042000043,0.7804878048780488,0.8888888888888888,0.402587890625,0.6875,0.6875,0.6944444444444444,shoulder_width,32,0,0,True,True,True,True,True
test/SORRY/8284103400294454-SORRY.v17.npz,data/local/citizen100_v17/raw/test/SORRY/8284103400294454-SORRY.mp4,test,SORRY,landscape,640,480,66,46,0.42551691699998173,0.6363636363636364,0.9130434782608695,0.430908203125,0.875,0.75,0.8913043478260869,shoulder_width,0,42,0,True,True,True,True,True
test/SORRY/8594289353554898-SORRY.v17.npz,data/local/citizen100_v17/raw/test/SORRY/8594289353554898-SORRY.mp4,test,SORRY,landscape,640,480,61,50,0.3925306250000631,0.7540983606557377,0.92,0.4560546875,0.8125,0.0234375,0.02,shoulder_width,46,0,0,True,True,True,True,True
test/SORRY/9645970507449169-SORRY.v17.npz,data/local/citizen100_v17/raw/test/SORRY/9645970507449169-SORRY.mp4,test,SORRY,landscape,640,480,92,41,0.521258290999981,0.40217391304347827,0.9024390243902439,0.435302734375,0.8125,0.4140625,0.8048780487804879,shoulder_width,0,37,0,True,True,True,True,True
test/STOP/10938335699122836-STOP.v17.npz,data/local/citizen100_v17/raw/test/STOP/10938335699122836-STOP.mp4,test,STOP,landscape,640,480,57,57,0.45287354100003085,1.0,1.0,0.59228515625,1.0,0.75,1.0,shoulder_width,16,57,0,True,True,True,True,True
test/STOP/19109474570600948-STOP.v17.npz,data/local/citizen100_v17/raw/test/STOP/19109474570600948-STOP.mp4,test,STOP,landscape,640,480,87,30,0.55230291700002,0.2988505747126437,0.8666666666666667,0.7353515625,0.59375,0.0234375,0.03333333333333333,shoulder_width,20,26,0,True,True,True,True,True
test/STOP/21416838482074008-STOP.v17.npz,data/local/citizen100_v17/raw/test/STOP/21416838482074008-STOP.mp4,test,STOP,landscape,640,480,57,44,0.5274182499999824,0.6842105263157895,0.8863636363636364,0.74755859375,0.9375,0.765625,0.9318181818181818,shoulder_width,35,35,0,True,True,True,True,True
test/STOP/31921160795841863-STOP.v17.npz,data/local/citizen100_v17/raw/test/STOP/31921160795841863-STOP.mp4,test,STOP,landscape,640,480,96,69,0.7591623749999599,0.46875,0.6521739130434783,0.5751953125,0.8125,0.8125,0.8260869565217391,shoulder_width,40,40,0,True,True,True,True,True
test/STOP/38330302294288865-STOP.v17.npz,data/local/citizen100_v17/raw/test/STOP/38330302294288865-STOP.mp4,test,STOP,landscape,640,480,70,31,0.4420131249999031,0.34285714285714286,0.7741935483870968,0.58349609375,0.8125,0.421875,0.06451612903225806,shoulder_width,20,19,0,True,True,True,True,True
test/STOP/5241068902608812-STOP.v17.npz,data/local/citizen100_v17/raw/test/STOP/5241068902608812-STOP.mp4,test,STOP,landscape,640,480,87,43,0.5893820840000217,0.39080459770114945,0.7906976744186046,0.74609375,0.9375,0.40625,0.23255813953488372,shoulder_width,30,32,0,True,True,True,True,True
test/STOP/5495256812953944-STOP.v17.npz,data/local/citizen100_v17/raw/test/STOP/5495256812953944-STOP.mp4,test,STOP,landscape,640,480,60,35,0.4139545000000453,0.5166666666666667,0.8857142857142857,0.60400390625,0.71875,0.5390625,0.7142857142857143,shoulder_width,25,19,0,True,True,True,True,True
test/STOP/564285386999722-STOP.v17.npz,data/local/citizen100_v17/raw/test/STOP/564285386999722-STOP.mp4,test,STOP,landscape,640,480,35,26,0.2566579169999841,0.6285714285714286,0.8461538461538461,0.72705078125,0.65625,0.578125,0.6538461538461539,shoulder_width,15,22,0,True,True,True,True,True
test/STOP/680707762189654-STOP.v17.npz,data/local/citizen100_v17/raw/test/STOP/680707762189654-STOP.mp4,test,STOP,landscape,960,540,79,29,0.5778762499999175,0.3037974683544304,0.8275862068965517,0.54931640625,0.875,0.8046875,0.8620689655172413,shoulder_width,9,24,0,True,True,True,True,True
test/STOP/6864058804402533-STOP.v17.npz,data/local/citizen100_v17/raw/test/STOP/6864058804402533-STOP.mp4,test,STOP,landscape,640,480,68,38,0.4874602499999128,0.5,0.8947368421052632,0.8056640625,0.84375,0.796875,0.868421052631579,shoulder_width,30,34,0,True,True,True,True,True
test/STOP/692674622436245-STOP.v17.npz,data/local/citizen100_v17/raw/test/STOP/692674622436245-STOP.mp4,test,STOP,landscape,640,480,89,50,0.6469473750000816,0.5056179775280899,0.9,0.81005859375,0.8125,0.8125,0.82,shoulder_width,44,39,0,True,True,True,True,True
test/STOP/975560309489212-STOP.v17.npz,data/local/citizen100_v17/raw/test/STOP/975560309489212-STOP.mp4,test,STOP,landscape,640,480,50,31,0.36569637499997043,0.54,0.8709677419354839,0.765625,0.8125,0.6171875,0.8064516129032258,shoulder_width,21,26,0,True,True,True,True,True
test/TAKE/35777208522732096-TAKE.v17.npz,data/local/citizen100_v17/raw/test/TAKE/35777208522732096-TAKE.mp4,test,TAKE,landscape,640,480,66,29,0.3767163329999903,0.3787878787878788,0.8620689655172413,0.384033203125,0.59375,0.15625,0.3103448275862069,shoulder_width,0,25,0,True,True,True,True,True
test/TAKE/3863873468220538-TAKE.v17.npz,data/local/citizen100_v17/raw/test/TAKE/3863873468220538-TAKE.mp4,test,TAKE,landscape,640,480,47,44,0.31510004199992636,0.8723404255319149,0.9318181818181818,0.449462890625,0.75,0.421875,0.20454545454545456,shoulder_width,41,0,0,True,True,True,True,True
test/TAKE/4194556507610132-TAKE.v17.npz,data/local/citizen100_v17/raw/test/TAKE/4194556507610132-TAKE.mp4,test,TAKE,landscape,640,480,89,42,0.5109187079999629,0.4044943820224719,0.8571428571428571,0.404052734375,0.78125,0.6875,0.7857142857142857,shoulder_width,0,36,0,True,True,True,True,True
test/TAKE/4733713256209504-TAKE.v17.npz,data/local/citizen100_v17/raw/test/TAKE/4733713256209504-TAKE.mp4,test,TAKE,landscape,640,480,36,26,0.22378491699998904,0.5833333333333334,0.8076923076923077,0.404052734375,0.65625,0.421875,0.6538461538461539,shoulder_width,21,0,0,True,True,True,True,True
test/TAKE/5432804607364146-TAKE.v17.npz,data/local/citizen100_v17/raw/test/TAKE/5432804607364146-TAKE.mp4,test,TAKE,landscape,640,480,41,32,0.26999033300000974,0.7073170731707317,0.90625,0.44580078125,0.78125,0.2734375,0.53125,shoulder_width,29,0,0,True,True,True,True,True
test/TAKE/5617280048659572-TAKE.v17.npz,data/local/citizen100_v17/raw/test/TAKE/5617280048659572-TAKE.mp4,test,TAKE,landscape,640,480,45,45,0.3267283339999949,1.0,1.0,0.5,0.90625,0.7265625,0.9111111111111111,shoulder_width,0,45,0,True,True,True,True,True
test/TAKE/6131249808179218-TAKE.v17.npz,data/local/citizen100_v17/raw/test/TAKE/6131249808179218-TAKE.mp4,test,TAKE,landscape,640,480,96,64,0.6687810000000809,0.4583333333333333,0.6875,0.337890625,0.875,0.75,0.640625,shoulder_width,0,44,0,True,True,True,True,True
test/TAKE/6908254835180958-TAKE.v17.npz,data/local/citizen100_v17/raw/test/TAKE/6908254835180958-TAKE.mp4,test,TAKE,landscape,640,480,51,41,0.4048158330000433,0.7254901960784313,0.9024390243902439,0.433837890625,0.8125,0.40625,0.8048780487804879,shoulder_width,37,0,0,True,True,True,True,True
test/TAKE/7990752827994236-TAKE.v17.npz,data/local/citizen100_v17/raw/test/TAKE/7990752827994236-TAKE.mp4,test,TAKE,landscape,640,480,67,46,0.4745933750000404,0.6268656716417911,0.9130434782608695,0.4375,0.875,0.09375,0.021739130434782608,shoulder_width,0,42,0,True,True,True,True,True
test/TAKE/9119549170580481-TAKE.v17.npz,data/local/citizen100_v17/raw/test/TAKE/9119549170580481-TAKE.mp4,test,TAKE,landscape,640,480,96,39,0.5978747499999599,0.3541666666666667,0.8717948717948718,0.422607421875,0.84375,0.6875,0.8461538461538461,shoulder_width,0,34,0,True,True,True,True,True
test/TAKE/938121928998171-TAKE.v17.npz,data/local/citizen100_v17/raw/test/TAKE/938121928998171-TAKE.mp4,test,TAKE,landscape,960,540,37,18,0.3249980410000717,0.3783783783783784,0.7777777777777778,0.385498046875,0.5,0.5,0.5,shoulder_width,0,14,0,True,True,True,True,True
test/TALK/09884440955953999-TALK.v17.npz,data/local/citizen100_v17/raw/test/TALK/09884440955953999-TALK.mp4,test,TALK,landscape,640,480,33,24,0.23916266599997016,0.6060606060606061,0.8333333333333334,0.392822265625,0.71875,0.1953125,0.375,shoulder_width,20,0,0,True,True,True,True,True
test/TALK/19204130312234513-TALK.v17.npz,data/local/citizen100_v17/raw/test/TALK/19204130312234513-TALK.mp4,test,TALK,landscape,640,480,61,23,0.3588568339999938,0.3114754098360656,0.8260869565217391,0.39892578125,0.75,0.015625,0.043478260869565216,shoulder_width,0,19,0,True,True,True,True,True
test/TALK/20022571140088807-TALK.v17.npz,data/local/citizen100_v17/raw/test/TALK/20022571140088807-TALK.mp4,test,TALK,landscape,640,480,47,34,0.3389638329999798,0.6382978723404256,0.8823529411764706,0.430908203125,0.71875,0.546875,0.7352941176470589,shoulder_width,0,30,0,True,True,True,True,True
test/TALK/24117064463804905-TALK.v17.npz,data/local/citizen100_v17/raw/test/TALK/24117064463804905-TALK.mp4,test,TALK,landscape,960,540,72,27,0.5471757919999618,0.3194444444444444,0.8518518518518519,0.41064453125,0.9375,0.7109375,0.9259259259259259,shoulder_width,0,23,0,True,True,True,True,True
test/TALK/29204473692320576-TALK.v17.npz,data/local/citizen100_v17/raw/test/TALK/29204473692320576-TALK.mp4,test,TALK,landscape,640,480,87,38,0.5810551669999313,0.39080459770114945,0.8947368421052632,0.435302734375,0.84375,0.84375,0.868421052631579,shoulder_width,0,34,0,True,True,True,True,True
test/TALK/3539307587055758-TALK.v17.npz,data/local/citizen100_v17/raw/test/TALK/3539307587055758-TALK.mp4,test,TALK,landscape,640,480,89,49,0.6013050839999323,0.4943820224719101,0.8979591836734694,0.449462890625,0.84375,0.6484375,0.8367346938775511,shoulder_width,1,43,0,True,True,True,True,True
test/TALK/5291061789133198-TALK.v17.npz,data/local/citizen100_v17/raw/test/TALK/5291061789133198-TALK.mp4,test,TALK,landscape,640,480,54,42,0.36972962499999085,0.7037037037037037,0.9047619047619048,0.428466796875,0.78125,0.734375,0.7857142857142857,shoulder_width,0,38,0,True,True,True,True,True
test/TALK/5491362491271357-TALK.v17.npz,data/local/citizen100_v17/raw/test/TALK/5491362491271357-TALK.mp4,test,TALK,landscape,640,480,96,42,0.5778804589999709,0.3958333333333333,0.9047619047619048,0.4375,0.78125,0.734375,0.7857142857142857,shoulder_width,0,38,0,True,True,True,True,True
test/TALK/6297418641690293-TALK.v17.npz,data/local/citizen100_v17/raw/test/TALK/6297418641690293-TALK.mp4,test,TALK,landscape,640,480,38,26,0.25087316700000883,0.5526315789473685,0.8076923076923077,0.40625,0.65625,0.4921875,0.6538461538461539,shoulder_width,21,0,0,True,True,True,True,True
test/TALK/7239292697268376-TALK.v17.npz,data/local/citizen100_v17/raw/test/TALK/7239292697268376-TALK.mp4,test,TALK,landscape,640,480,96,51,0.5905491670000629,0.4895833333333333,0.9215686274509803,0.435302734375,0.96875,0.609375,0.803921568627451,shoulder_width,0,47,0,True,True,True,True,True
test/TALK/8880859281633195-TALK.v17.npz,data/local/citizen100_v17/raw/test/TALK/8880859281633195-TALK.mp4,test,TALK,landscape,640,480,52,32,0.3399146250000058,0.5384615384615384,0.875,0.436767578125,0.78125,0.0,0.0,palm_length,28,0,0,True,True,True,True,True
test/TALK/9456646092653287-TALK.v17.npz,data/local/citizen100_v17/raw/test/TALK/9456646092653287-TALK.mp4,test,TALK,landscape,640,480,64,28,0.44222687500007396,0.375,0.8571428571428571,0.40771484375,0.90625,0.09375,0.0,palm_length,0,24,0,True,True,True,True,True
test/TALK/9796761237113067-TALK.v17.npz,data/local/citizen100_v17/raw/test/TALK/9796761237113067-TALK.mp4,test,TALK,landscape,640,480,38,27,0.25964920799992797,0.6052631578947368,0.8518518518518519,0.4345703125,0.9375,0.4765625,0.9259259259259259,shoulder_width,23,0,0,True,True,True,True,True
test/TELL/1173534189335208-TELL.v17.npz,data/local/citizen100_v17/raw/test/TELL/1173534189335208-TELL.mp4,test,TELL,landscape,640,480,43,30,0.30581199999994624,0.6046511627906976,0.8666666666666667,0.415283203125,0.59375,0.3125,0.5666666666666667,shoulder_width,26,0,0,True,True,True,True,True
test/TELL/22448269867455983-TELL.v17.npz,data/local/citizen100_v17/raw/test/TELL/22448269867455983-TELL.mp4,test,TELL,landscape,640,480,40,26,0.3082870420000745,0.525,0.8076923076923077,0.380859375,0.65625,0.4921875,0.6538461538461539,shoulder_width,21,0,0,True,True,True,True,True
test/TELL/2251508961669051-TELL.v17.npz,data/local/citizen100_v17/raw/test/TELL/2251508961669051-TELL.mp4,test,TELL,landscape,640,480,55,29,0.3802294580000307,0.45454545454545453,0.8620689655172413,0.41357421875,0.875,0.875,0.8620689655172413,shoulder_width,25,0,0,True,True,True,True,True
test/TELL/22517045161179094-TELL.v17.npz,data/local/citizen100_v17/raw/test/TELL/22517045161179094-TELL.mp4,test,TELL,landscape,640,480,89,36,0.6242287920000535,0.3595505617977528,0.8888888888888888,0.428466796875,0.6875,0.5234375,0.6944444444444444,shoulder_width,0,32,0,True,True,True,True,True
test/TELL/3823509508410865-TELL.v17.npz,data/local/citizen100_v17/raw/test/TELL/3823509508410865-TELL.mp4,test,TELL,landscape,640,480,96,48,0.5920720839999376,0.4270833333333333,0.8541666666666666,0.415283203125,0.84375,0.765625,0.8541666666666666,shoulder_width,2,39,0,True,True,True,True,True
test/TELL/41922372703553545-TELL.v17.npz,data/local/citizen100_v17/raw/test/TELL/41922372703553545-TELL.mp4,test,TELL,landscape,640,480,67,30,0.39189249999992626,0.3880597014925373,0.8666666666666667,0.425537109375,0.59375,0.15625,0.3,shoulder_width,0,26,0,True,True,True,True,True
test/TELL/5118902560831018-TELL.v17.npz,data/local/citizen100_v17/raw/test/TELL/5118902560831018-TELL.mp4,test,TELL,landscape,960,540,74,30,0.5363164999999981,0.35135135135135137,0.8666666666666667,0.419677734375,0.84375,0.6328125,0.8333333333333334,shoulder_width,0,26,0,True,True,True,True,True
test/TELL/587281120326582-TELL.v17.npz,data/local/citizen100_v17/raw/test/TELL/587281120326582-TELL.mp4,test,TELL,landscape,640,480,72,37,0.4873558749999347,0.4444444444444444,0.8648648648648649,0.435302734375,0.6875,0.6875,0.6756756756756757,shoulder_width,0,32,0,True,True,True,True,True
test/TELL/5949109292240677-TELL.v17.npz,data/local/citizen100_v17/raw/test/TELL/5949109292240677-TELL.mp4,test,TELL,landscape,640,480,82,36,0.5215293330001032,0.3902439024390244,0.8888888888888888,0.418212890625,0.6875,0.6328125,0.6944444444444444,shoulder_width,0,32,0,True,True,True,True,True
test/TELL/6813710286182664-TELL.v17.npz,data/local/citizen100_v17/raw/test/TELL/6813710286182664-TELL.mp4,test,TELL,landscape,640,480,38,33,0.2775752500000408,0.7631578947368421,0.8787878787878788,0.427001953125,0.75,0.75,0.7575757575757576,shoulder_width,29,0,0,True,True,True,True,True
test/TELL/6954996399612601-TELL.v17.npz,data/local/citizen100_v17/raw/test/TELL/6954996399612601-TELL.mp4,test,TELL,landscape,640,480,25,22,0.17889145900005587,0.68,0.7727272727272727,0.355712890625,0.40625,0.0,0.0,palm_length,0,17,0,True,True,True,True,True
test/TELL/9885883612306223-TELL.v17.npz,data/local/citizen100_v17/raw/test/TELL/9885883612306223-TELL.mp4,test,TELL,landscape,640,480,67,29,0.4051630000000159,0.373134328358209,0.8620689655172413,0.411376953125,0.875,0.515625,0.8620689655172413,shoulder_width,0,25,0,True,True,True,True,True
test/THANKYOU/08583141071601874-THANK YOU.v17.npz,data/local/citizen100_v17/raw/test/THANKYOU/08583141071601874-THANK YOU.mp4,test,THANKYOU,landscape,640,480,87,42,0.5245772079999824,0.4367816091954023,0.9047619047619048,0.421142578125,0.78125,0.78125,0.7857142857142857,shoulder_width,0,38,0,True,True,True,True,True
test/THANKYOU/09460259361998125-THANK YOU.v17.npz,data/local/citizen100_v17/raw/test/THANKYOU/09460259361998125-THANK YOU.mp4,test,THANKYOU,landscape,640,480,91,36,0.541401124999993,0.34065934065934067,0.8611111111111112,0.418212890625,0.6875,0.4140625,0.4722222222222222,shoulder_width,0,31,0,True,True,True,True,True
test/THANKYOU/16270426237316316-THANK YOU.v17.npz,data/local/citizen100_v17/raw/test/THANKYOU/16270426237316316-THANK YOU.mp4,test,THANKYOU,landscape,640,480,34,18,0.2060969159999786,0.4117647058823529,0.7777777777777778,0.39208984375,0.5,0.0,0.0,palm_length,14,0,0,True,True,True,True,True
test/THANKYOU/25130175957831113-THANK YOU.v17.npz,data/local/citizen100_v17/raw/test/THANKYOU/25130175957831113-THANK YOU.mp4,test,THANKYOU,landscape,640,480,39,22,0.23925220899991473,0.46153846153846156,0.8181818181818182,0.39892578125,0.78125,0.5078125,0.7727272727272727,shoulder_width,18,0,0,True,True,True,True,True
test/THANKYOU/35156313213734314-THANK YOU.v17.npz,data/local/citizen100_v17/raw/test/THANKYOU/35156313213734314-THANK YOU.mp4,test,THANKYOU,landscape,640,480,44,39,0.29531454200002827,0.8409090909090909,0.9487179487179487,0.446533203125,0.8125,0.8125,0.8461538461538461,shoulder_width,37,0,0,True,True,True,True,True
test/THANKYOU/4624064779710624-THANK YOU.v17.npz,data/local/citizen100_v17/raw/test/THANKYOU/4624064779710624-THANK YOU.mp4,test,THANKYOU,landscape,640,480,61,39,0.40954549999992196,0.5737704918032787,0.8974358974358975,0.416015625,0.625,0.375,0.6410256410256411,shoulder_width,35,0,0,True,True,True,True,True
test/THANKYOU/6788237257016723-THANK YOU.v17.npz,data/local/citizen100_v17/raw/test/THANKYOU/6788237257016723-THANK YOU.mp4,test,THANKYOU,landscape,640,480,88,41,0.5684742500000084,0.42045454545454547,0.9024390243902439,0.4375,1.0,0.703125,0.4146341463414634,shoulder_width,37,0,0,True,True,True,True,True
test/THANKYOU/6936836055005255-THANK YOU.v17.npz,data/local/citizen100_v17/raw/test/THANKYOU/6936836055005255-THANK YOU.mp4,test,THANKYOU,landscape,640,480,73,36,0.45885054199993647,0.4383561643835616,0.8888888888888888,0.421142578125,0.71875,0.421875,0.6944444444444444,shoulder_width,0,32,0,True,True,True,True,True
test/THANKYOU/7057474129672285-THANK YOU.v17.npz,data/local/citizen100_v17/raw/test/THANKYOU/7057474129672285-THANK YOU.mp4,test,THANKYOU,landscape,640,480,55,32,0.34289620800007015,0.509090909090909,0.875,0.418212890625,0.78125,0.15625,0.28125,shoulder_width,28,0,0,True,True,True,True,True
test/THANKYOU/936211950052861-THANK YOU.v17.npz,data/local/citizen100_v17/raw/test/THANKYOU/936211950052861-THANK YOU.mp4,test,THANKYOU,landscape,640,480,70,34,0.4091028330000199,0.42857142857142855,0.8823529411764706,0.436767578125,0.71875,0.71875,0.7352941176470589,shoulder_width,0,30,0,True,True,True,True,True
test/THANKYOU/9701695309294336-THANK YOU.v17.npz,data/local/citizen100_v17/raw/test/THANKYOU/9701695309294336-THANK YOU.mp4,test,THANKYOU,landscape,960,540,78,32,0.527865166999959,0.3076923076923077,0.75,0.344482421875,0.78125,0.6015625,0.78125,shoulder_width,0,24,0,True,True,True,True,True
test/THANKYOU/9962081495357855-THANK YOU.v17.npz,data/local/citizen100_v17/raw/test/THANKYOU/9962081495357855-THANK YOU.mp4,test,THANKYOU,landscape,640,480,59,25,0.3229592079999293,0.3559322033898305,0.84,0.42333984375,1.0,0.015625,0.04,shoulder_width,0,21,0,True,True,True,True,True
test/THEY/2008258349616816-THEY.v17.npz,data/local/citizen100_v17/raw/test/THEY/2008258349616816-THEY.mp4,test,THEY,landscape,640,480,28,21,0.16852287500000784,0.6071428571428571,0.8095238095238095,0.395751953125,0.4375,0.34375,0.42857142857142855,shoulder_width,17,0,0,True,True,True,True,True
test/THEY/27954487382286475-THEY.v17.npz,data/local/citizen100_v17/raw/test/THEY/27954487382286475-THEY.mp4,test,THEY,landscape,640,480,96,40,0.5338528339999584,0.375,0.9,0.4375,0.8125,0.671875,0.825,shoulder_width,0,36,0,True,True,True,True,True
test/THEY/31909691969588727-THEY.v17.npz,data/local/citizen100_v17/raw/test/THEY/31909691969588727-THEY.mp4,test,THEY,landscape,640,480,43,34,0.2797355420000258,0.6744186046511628,0.8529411764705882,0.421142578125,0.96875,0.0,0.0,palm_length,29,0,0,True,True,True,True,True
test/THEY/37410330681116033-THEY.v17.npz,data/local/citizen100_v17/raw/test/THEY/37410330681116033-THEY.mp4,test,THEY,landscape,640,480,69,38,0.4372376249999661,0.4927536231884058,0.8947368421052632,0.422607421875,0.875,0.7109375,0.868421052631579,shoulder_width,0,34,0,True,True,True,True,True
test/THEY/4843002553575395-THEY.v17.npz,data/local/citizen100_v17/raw/test/THEY/4843002553575395-THEY.mp4,test,THEY,landscape,640,480,63,31,0.37622991700004604,0.4126984126984127,0.8387096774193549,0.40771484375,0.5625,0.0,0.0,palm_length,26,0,0,True,True,True,True,True
test/THEY/4877518027558987-THEY.v17.npz,data/local/citizen100_v17/raw/test/THEY/4877518027558987-THEY.mp4,test,THEY,landscape,640,480,96,51,0.6443039160000126,0.4895833333333333,0.9215686274509803,0.438232421875,0.78125,0.2734375,0.49019607843137253,shoulder_width,0,47,0,True,True,True,True,True
test/THEY/5713986054090463-THEY.v17.npz,data/local/citizen100_v17/raw/test/THEY/5713986054090463-THEY.mp4,test,THEY,landscape,640,480,61,37,0.620072499999992,0.5409836065573771,0.8918918918918919,0.435302734375,0.6875,0.359375,0.6756756756756757,shoulder_width,33,0,0,True,True,True,True,True
test/THEY/6294547374725679-THEY.v17.npz,data/local/citizen100_v17/raw/test/THEY/6294547374725679-THEY.mp4,test,THEY,landscape,640,480,61,36,0.5137007920000087,0.5081967213114754,0.8611111111111112,0.425537109375,0.90625,0.0,0.0,palm_length,31,0,0,True,True,True,True,True
test/THEY/6351385061595975-THEY.v17.npz,data/local/citizen100_v17/raw/test/THEY/6351385061595975-THEY.mp4,test,THEY,landscape,960,540,53,28,0.5060396670000955,0.4528301886792453,0.8571428571428571,0.406982421875,0.59375,0.3046875,0.6071428571428571,shoulder_width,0,24,0,True,True,True,True,True
test/THEY/6926060462809167-THEY.v17.npz,data/local/citizen100_v17/raw/test/THEY/6926060462809167-THEY.mp4,test,THEY,landscape,640,480,33,22,0.2676182499999413,0.5454545454545454,0.8181818181818182,0.394287109375,0.78125,0.78125,0.7727272727272727,shoulder_width,18,0,0,True,True,True,True,True
test/THEY/8161529489147155-THEY.v17.npz,data/local/citizen100_v17/raw/test/THEY/8161529489147155-THEY.mp4,test,THEY,landscape,640,480,86,37,0.6421054999999569,0.38372093023255816,0.8918918918918919,0.431640625,0.875,0.671875,0.8918918918918919,shoulder_width,0,33,0,True,True,True,True,True
test/THEY/8208473879770646-THEY.v17.npz,data/local/citizen100_v17/raw/test/THEY/8208473879770646-THEY.mp4,test,THEY,landscape,640,480,92,41,0.6908354580000378,0.391304347826087,0.8780487804878049,0.41357421875,0.78125,0.640625,0.8048780487804879,shoulder_width,36,0,0,True,True,True,True,True
test/THEY/9506371438753063-THEY.v17.npz,data/local/citizen100_v17/raw/test/THEY/9506371438753063-THEY.mp4,test,THEY,landscape,960,540,45,31,0.3865461670000059,0.5777777777777777,0.8387096774193549,0.402587890625,0.8125,0.75,0.8064516129032258,shoulder_width,0,26,0,True,True,True,True,True
test/THEY/9819306186128587-THEY.v17.npz,data/local/citizen100_v17/raw/test/THEY/9819306186128587-THEY.mp4,test,THEY,landscape,640,480,43,29,0.29724095799997485,0.5813953488372093,0.8620689655172413,0.40478515625,0.875,0.0,0.0,palm_length,25,0,0,True,True,True,True,True
test/THEY/9977320420800786-THEY.v17.npz,data/local/citizen100_v17/raw/test/THEY/9977320420800786-THEY.mp4,test,THEY,landscape,640,480,39,17,0.23805737500003943,0.3333333333333333,0.7647058823529411,0.389892578125,0.5625,0.03125,0.0,palm_length,0,13,0,True,True,True,True,True
test/THINK/06170286063004182-THINK.v17.npz,data/local/citizen100_v17/raw/test/THINK/06170286063004182-THINK.mp4,test,THINK,landscape,640,480,40,32,0.25369820799994613,0.625,0.78125,0.39794921875,0.78125,0.78125,0.78125,shoulder_width,25,0,0,True,True,True,True,True
test/THINK/08518084784288305-THINK.v17.npz,data/local/citizen100_v17/raw/test/THINK/08518084784288305-THINK.mp4,test,THINK,landscape,960,540,73,31,0.5321857909999608,0.3698630136986301,0.8709677419354839,0.416748046875,0.8125,0.6875,0.8064516129032258,shoulder_width,0,27,0,True,True,True,True,True
test/THINK/4478704526203494-THINK.v17.npz,data/local/citizen100_v17/raw/test/THINK/4478704526203494-THINK.mp4,test,THINK,landscape,640,480,95,56,0.5544454999999289,0.4631578947368421,0.7857142857142857,0.375732421875,0.875,0.8359375,0.875,shoulder_width,2,42,0,True,True,True,True,True
test/THINK/5556596744977407-THINK.v17.npz,data/local/citizen100_v17/raw/test/THINK/5556596744977407-THINK.mp4,test,THINK,landscape,640,480,96,73,0.5779259589999128,0.5416666666666666,0.7123287671232876,0.33935546875,1.0,1.0,1.0,shoulder_width,0,52,0,True,True,True,True,True
test/THINK/5965960580596394-THINK.v17.npz,data/local/citizen100_v17/raw/test/THINK/5965960580596394-THINK.mp4,test,THINK,landscape,640,480,55,31,0.34291749999999865,0.45454545454545453,0.8064516129032258,0.430908203125,0.8125,0.0234375,0.03225806451612903,shoulder_width,25,0,0,True,True,True,True,True
test/THINK/7763349468767458-THINK.v17.npz,data/local/citizen100_v17/raw/test/THINK/7763349468767458-THINK.mp4,test,THINK,landscape,640,480,62,26,0.35480995800003257,0.3548387096774194,0.8461538461538461,0.4375,0.65625,0.1796875,0.34615384615384615,shoulder_width,0,22,0,True,True,True,True,True
test/THINK/7815332110154865-THINK.v17.npz,data/local/citizen100_v17/raw/test/THINK/7815332110154865-THINK.mp4,test,THINK,landscape,640,480,58,38,0.3746437079998941,0.5862068965517241,0.8947368421052632,0.4345703125,0.875,0.8203125,0.868421052631579,shoulder_width,0,34,0,True,True,True,True,True
test/THINK/8178850636707293-THINK.v17.npz,data/local/citizen100_v17/raw/test/THINK/8178850636707293-THINK.mp4,test,THINK,landscape,640,480,41,41,0.29265395800007354,1.0,1.0,0.48876953125,1.0,0.765625,1.0,shoulder_width,0,41,0,True,True,True,True,True
test/THINK/8410803588889355-THINK.v17.npz,data/local/citizen100_v17/raw/test/THINK/8410803588889355-THINK.mp4,test,THINK,landscape,640,480,49,44,0.33558929200000875,0.8571428571428571,0.9545454545454546,0.46435546875,0.9375,0.9375,0.9318181818181818,shoulder_width,42,1,0,True,True,True,True,True
test/THINK/8569232579936605-THINK.v17.npz,data/local/citizen100_v17/raw/test/THINK/8569232579936605-THINK.mp4,test,THINK,landscape,640,480,48,35,0.3292257499999778,0.6458333333333334,0.8857142857142857,0.435302734375,0.71875,0.0,0.0,palm_length,31,0,0,True,True,True,True,True
test/THINK/9182418417855749-THINK.v17.npz,data/local/citizen100_v17/raw/test/THINK/9182418417855749-THINK.mp4,test,THINK,landscape,640,480,67,34,0.3859842499999786,0.44776119402985076,0.8823529411764706,0.431640625,0.96875,0.96875,0.9705882352941176,shoulder_width,0,30,0,True,True,True,True,True
test/THINK/9516214129149208-THINK.v17.npz,data/local/citizen100_v17/raw/test/THINK/9516214129149208-THINK.mp4,test,THINK,landscape,640,480,21,19,0.1390722090000054,0.8095238095238095,0.8947368421052632,0.402587890625,0.46875,0.25,0.0,palm_length,17,0,0,True,True,True,True,True
test/TIME/020186094005305577-TIME.v17.npz,data/local/citizen100_v17/raw/test/TIME/020186094005305577-TIME.mp4,test,TIME,landscape,640,480,96,51,0.6390720420000662,0.4895833333333333,0.9215686274509803,0.78369140625,0.78125,0.6328125,0.19607843137254902,shoulder_width,40,47,0,True,True,True,True,True
test/TIME/07866629616489296-TIME.v17.npz,data/local/citizen100_v17/raw/test/TIME/07866629616489296-TIME.mp4,test,TIME,landscape,640,480,65,30,0.4487312080000265,0.4,0.8666666666666667,0.73828125,0.84375,0.3046875,0.06666666666666667,shoulder_width,19,27,0,True,True,True,True,True
test/TIME/2584206156199014-TIME.v17.npz,data/local/citizen100_v17/raw/test/TIME/2584206156199014-TIME.mp4,test,TIME,landscape,640,480,33,20,0.2506384580000258,0.48484848484848486,0.8,0.69580078125,0.46875,0.3671875,0.45,shoulder_width,14,15,0,True,True,True,True,True
test/TIME/26594724732987984-TIME.v17.npz,data/local/citizen100_v17/raw/test/TIME/26594724732987984-TIME.mp4,test,TIME,landscape,640,480,96,55,0.6926461670000208,0.53125,0.9272727272727272,0.828125,0.75,0.671875,0.7454545454545455,shoulder_width,44,51,0,True,True,True,True,True
test/TIME/45010766131461977-TIME.v17.npz,data/local/citizen100_v17/raw/test/TIME/45010766131461977-TIME.mp4,test,TIME,landscape,640,480,37,24,0.2644806669999298,0.5405405405405406,0.8333333333333334,0.71142578125,0.71875,0.546875,0.7083333333333334,shoulder_width,18,19,0,True,True,True,True,True
test/TIME/45243241024032677-TIME.v17.npz,data/local/citizen100_v17/raw/test/TIME/45243241024032677-TIME.mp4,test,TIME,landscape,960,540,40,26,0.3225369580000006,0.55,0.8461538461538461,0.65869140625,0.65625,0.65625,0.6538461538461539,shoulder_width,20,17,0,True,True,True,True,True
test/TIME/5584195573295798-TIME.v17.npz,data/local/citizen100_v17/raw/test/TIME/5584195573295798-TIME.mp4,test,TIME,landscape,640,480,92,50,0.6946102910000036,0.4891304347826087,0.9,0.51171875,0.8125,0.8125,0.82,shoulder_width,14,45,0,True,True,True,True,True
test/TIME/6051890385219476-TIME.v17.npz,data/local/citizen100_v17/raw/test/TIME/6051890385219476-TIME.mp4,test,TIME,landscape,640,480,96,44,0.6757277920000888,0.4166666666666667,0.9090909090909091,0.8408203125,0.75,0.703125,0.75,shoulder_width,37,40,0,True,True,True,True,True
test/TIME/6200195762703264-TIME.v17.npz,data/local/citizen100_v17/raw/test/TIME/6200195762703264-TIME.mp4,test,TIME,landscape,640,480,90,43,0.8026511250000112,0.43333333333333335,0.9069767441860465,0.84228515625,0.75,0.75,0.7674418604651163,shoulder_width,39,37,0,True,True,True,True,True
test/TIME/7198559443004575-TIME.v17.npz,data/local/citizen100_v17/raw/test/TIME/7198559443004575-TIME.mp4,test,TIME,landscape,640,480,44,20,0.3279054999999289,0.36363636363636365,0.8,0.68994140625,0.875,0.671875,0.85,shoulder_width,15,14,0,True,True,True,True,True
test/TIME/8113518542897038-TIME.v17.npz,data/local/citizen100_v17/raw/test/TIME/8113518542897038-TIME.mp4,test,TIME,landscape,640,480,71,38,0.5397215830000732,0.4788732394366197,0.8947368421052632,0.828125,0.875,0.0,0.0,palm_length,33,34,0,True,True,True,True,True
test/TIME/9469686354354079-TIME.v17.npz,data/local/citizen100_v17/raw/test/TIME/9469686354354079-TIME.mp4,test,TIME,landscape,640,480,77,26,0.47105658299994957,0.2857142857142857,0.8461538461538461,0.69287109375,0.65625,0.2578125,0.34615384615384615,shoulder_width,15,22,0,True,True,True,True,True
test/TIRED/021082697826027008-TIRED.v17.npz,data/local/citizen100_v17/raw/test/TIRED/021082697826027008-TIRED.mp4,test,TIRED,landscape,640,480,76,43,0.5195217919999777,0.5131578947368421,0.9069767441860465,0.85791015625,0.78125,0.40625,0.5813953488372093,shoulder_width,39,37,0,True,True,True,True,True
test/TIRED/12765322193107487-TIRED.v17.npz,data/local/citizen100_v17/raw/test/TIRED/12765322193107487-TIRED.mp4,test,TIRED,landscape,640,480,69,46,0.4705117500000142,0.5797101449275363,0.8695652173913043,0.5771484375,0.875,0.015625,0.021739130434782608,shoulder_width,26,36,0,True,True,True,True,True
test/TIRED/2212788384918858-TIRED.v17.npz,data/local/citizen100_v17/raw/test/TIRED/2212788384918858-TIRED.mp4,test,TIRED,landscape,960,540,86,70,0.6939663750000591,0.5116279069767442,0.6285714285714286,0.55126953125,0.90625,0.6640625,0.9285714285714286,shoulder_width,43,32,0,True,True,True,True,True
test/TIRED/4564640182785744-TIRED.v17.npz,data/local/citizen100_v17/raw/test/TIRED/4564640182785744-TIRED.mp4,test,TIRED,landscape,960,540,48,29,0.39342104199999994,0.5208333333333334,0.8620689655172413,0.796875,0.59375,0.5234375,0.5862068965517241,shoulder_width,25,22,0,True,True,True,True,True
test/TIRED/48434007472145746-TIRED.v17.npz,data/local/citizen100_v17/raw/test/TIRED/48434007472145746-TIRED.mp4,test,TIRED,landscape,640,480,58,41,0.5174509999999373,0.6379310344827587,0.9024390243902439,0.82373046875,0.78125,0.78125,0.8048780487804879,shoulder_width,35,35,0,True,True,True,True,True
test/TIRED/5512637778281371-TIRED.v17.npz,data/local/citizen100_v17/raw/test/TIRED/5512637778281371-TIRED.mp4,test,TIRED,landscape,640,480,34,28,0.2711829999999509,0.6764705882352942,0.8214285714285714,0.71044921875,0.59375,0.0234375,0.03571428571428571,shoulder_width,21,21,0,True,True,True,True,True
test/TIRED/5590114591050288-TIRED.v17.npz,data/local/citizen100_v17/raw/test/TIRED/5590114591050288-TIRED.mp4,test,TIRED,landscape,640,480,52,28,0.39742487499995605,0.46153846153846156,0.8571428571428571,0.77099609375,0.59375,0.2265625,0.0,palm_length,21,24,0,True,True,True,True,True
test/TIRED/6581168309162115-TIRED.v17.npz,data/local/citizen100_v17/raw/test/TIRED/6581168309162115-TIRED.mp4,test,TIRED,landscape,640,480,78,38,0.5246407090000957,0.4230769230769231,0.868421052631579,0.84814453125,0.875,0.765625,0.868421052631579,shoulder_width,33,31,0,True,True,True,True,True
test/TIRED/7577237850149992-TIRED.v17.npz,data/local/citizen100_v17/raw/test/TIRED/7577237850149992-TIRED.mp4,test,TIRED,landscape,640,480,96,43,0.6402597500000411,0.40625,0.9069767441860465,0.85400390625,0.9375,0.8046875,0.9534883720930233,shoulder_width,38,38,0,True,True,True,True,True
test/TIRED/8569646505950688-TIRED.v17.npz,data/local/citizen100_v17/raw/test/TIRED/8569646505950688-TIRED.mp4,test,TIRED,landscape,640,480,62,42,0.4488516249999748,0.6129032258064516,0.9047619047619048,0.81494140625,0.78125,0.734375,0.7857142857142857,shoulder_width,33,38,0,True,True,True,True,True
test/TIRED/8805016836799904-TIRED.v17.npz,data/local/citizen100_v17/raw/test/TIRED/8805016836799904-TIRED.mp4,test,TIRED,landscape,640,480,38,26,0.2782309169999735,0.5789473684210527,0.8461538461538461,0.81787109375,0.65625,0.4140625,0.34615384615384615,shoulder_width,22,21,0,True,True,True,True,True
test/TIRED/9364107739010858-TIRED.v17.npz,data/local/citizen100_v17/raw/test/TIRED/9364107739010858-TIRED.mp4,test,TIRED,landscape,640,480,96,62,0.6460104999999885,0.4895833333333333,0.7580645161290323,0.6845703125,0.78125,0.3671875,0.6612903225806451,shoulder_width,46,43,0,True,True,True,True,True
test/TIRED/9393485979639316-TIRED.v17.npz,data/local/citizen100_v17/raw/test/TIRED/9393485979639316-TIRED.mp4,test,TIRED,landscape,640,480,62,31,0.4323823339999535,0.43548387096774194,0.8709677419354839,0.787109375,0.8125,0.4140625,0.8064516129032258,shoulder_width,27,24,0,True,True,True,True,True
test/TOMORROW/00954311482656367-TOMORROW.v17.npz,data/local/citizen100_v17/raw/test/TOMORROW/00954311482656367-TOMORROW.mp4,test,TOMORROW,landscape,640,480,31,30,0.22650691599994843,0.8387096774193549,0.8666666666666667,0.416015625,0.59375,0.4453125,0.5666666666666667,shoulder_width,26,0,0,True,True,True,True,True
test/TOMORROW/17146907031431446-TOMORROW.v17.npz,data/local/citizen100_v17/raw/test/TOMORROW/17146907031431446-TOMORROW.mp4,test,TOMORROW,landscape,640,480,48,31,0.3229247919999807,0.5625,0.8709677419354839,0.427734375,0.5625,0.0234375,0.03225806451612903,shoulder_width,27,0,0,True,True,True,True,True
test/TOMORROW/20613001181771762-TOMORROW.v17.npz,data/local/citizen100_v17/raw/test/TOMORROW/20613001181771762-TOMORROW.mp4,test,TOMORROW,landscape,640,480,79,29,0.4459601249999423,0.31645569620253167,0.8620689655172413,0.42919921875,0.875,0.09375,0.034482758620689655,shoulder_width,0,25,0,True,True,True,True,True
test/TOMORROW/217274752867896-TOMORROW.v17.npz,data/local/citizen100_v17/raw/test/TOMORROW/217274752867896-TOMORROW.mp4,test,TOMORROW,landscape,640,480,61,22,0.33493925000004765,0.29508196721311475,0.8181818181818182,0.40185546875,0.78125,0.78125,0.7727272727272727,shoulder_width,18,0,0,True,True,True,True,True
test/TOMORROW/2180976995279913-TOMORROW.v17.npz,data/local/citizen100_v17/raw/test/TOMORROW/2180976995279913-TOMORROW.mp4,test,TOMORROW,landscape,640,480,85,44,0.5154505839999501,0.47058823529411764,0.9090909090909091,0.416748046875,0.75,0.5625,0.75,shoulder_width,0,40,0,True,True,True,True,True
test/TOMORROW/2651891012212624-TOMORROW.v17.npz,data/local/citizen100_v17/raw/test/TOMORROW/2651891012212624-TOMORROW.mp4,test,TOMORROW,landscape,640,480,29,20,0.186076541000034,0.5517241379310345,0.8,0.365966796875,0.46875,0.3515625,0.45,shoulder_width,16,0,0,True,True,True,True,True
test/TOMORROW/6760301363332382-TOMORROW.v17.npz,data/local/citizen100_v17/raw/test/TOMORROW/6760301363332382-TOMORROW.mp4,test,TOMORROW,landscape,640,480,77,39,0.43956854199996087,0.45454545454545453,0.8974358974358975,0.431640625,0.84375,0.4296875,0.4358974358974359,shoulder_width,0,35,0,True,True,True,True,True
test/TOMORROW/7888206684117145-TOMORROW.v17.npz,data/local/citizen100_v17/raw/test/TOMORROW/7888206684117145-TOMORROW.mp4,test,TOMORROW,landscape,640,480,96,61,0.532594124999946,0.3645833333333333,0.5737704918032787,0.287841796875,0.78125,0.328125,0.6721311475409836,shoulder_width,0,35,0,True,True,True,True,True
test/TOMORROW/7894459854982301-TOMORROW.v17.npz,data/local/citizen100_v17/raw/test/TOMORROW/7894459854982301-TOMORROW.mp4,test,TOMORROW,landscape,640,480,70,26,0.397247458000038,0.3142857142857143,0.8461538461538461,0.412109375,0.65625,0.578125,0.6538461538461539,shoulder_width,0,22,0,True,True,True,True,True
test/TOMORROW/9807986685399508-TOMORROW.v17.npz,data/local/citizen100_v17/raw/test/TOMORROW/9807986685399508-TOMORROW.mp4,test,TOMORROW,landscape,640,480,96,38,0.570677041999943,0.3541666666666667,0.8947368421052632,0.42919921875,0.65625,0.6015625,0.6578947368421053,shoulder_width,0,34,0,True,True,True,True,True
test/TRY/10806254674625393-TRY.v17.npz,data/local/citizen100_v17/raw/test/TRY/10806254674625393-TRY.mp4,test,TRY,landscape,640,480,37,21,0.28080462500008707,0.4594594594594595,0.8095238095238095,0.76123046875,0.84375,0.0234375,0.047619047619047616,shoulder_width,17,15,0,True,True,True,True,True
test/TRY/21810730805363776-TRY.v17.npz,data/local/citizen100_v17/raw/test/TRY/21810730805363776-TRY.mp4,test,TRY,landscape,640,480,96,35,0.6009729999999536,0.3229166666666667,0.8857142857142857,0.806640625,0.9375,0.1640625,0.05714285714285714,shoulder_width,29,31,0,True,True,True,True,True
test/TRY/23984315047004157-TRY.v17.npz,data/local/citizen100_v17/raw/test/TRY/23984315047004157-TRY.mp4,test,TRY,landscape,960,540,75,31,0.585639207999975,0.3466666666666667,0.8387096774193549,0.76123046875,0.8125,0.421875,0.8064516129032258,shoulder_width,25,24,0,True,True,True,True,True
test/TRY/4912905894222428-TRY.v17.npz,data/local/citizen100_v17/raw/test/TRY/4912905894222428-TRY.mp4,test,TRY,landscape,640,480,54,32,0.37683112500008065,0.5185185185185185,0.875,0.796875,0.78125,0.40625,0.78125,shoulder_width,25,27,0,True,True,True,True,True
test/TRY/5027752578012823-TRY.v17.npz,data/local/citizen100_v17/raw/test/TRY/5027752578012823-TRY.mp4,test,TRY,landscape,640,480,60,44,0.45463549999999486,0.6666666666666666,0.9090909090909091,0.82666015625,0.75,0.4765625,0.75,shoulder_width,38,39,0,True,True,True,True,True
test/TRY/6262923592222667-TRY.v17.npz,data/local/citizen100_v17/raw/test/TRY/6262923592222667-TRY.mp4,test,TRY,landscape,640,480,29,24,0.2204362919999312,0.6896551724137931,0.8333333333333334,0.67431640625,0.71875,0.0234375,0.041666666666666664,shoulder_width,16,19,0,True,True,True,True,True
test/TRY/6956692319299509-TRY.v17.npz,data/local/citizen100_v17/raw/test/TRY/6956692319299509-TRY.mp4,test,TRY,landscape,640,480,69,32,0.45882225000002563,0.4057971014492754,0.875,0.76708984375,0.78125,0.53125,0.53125,shoulder_width,23,28,0,True,True,True,True,True
test/TRY/8137097957489099-TRY.v17.npz,data/local/citizen100_v17/raw/test/TRY/8137097957489099-TRY.mp4,test,TRY,landscape,640,480,65,33,0.5078983749999679,0.4461538461538462,0.8787878787878788,0.77685546875,0.75,0.0234375,0.030303030303030304,shoulder_width,28,26,0,True,True,True,True,True
test/TRY/8657143223007211-TRY.v17.npz,data/local/citizen100_v17/raw/test/TRY/8657143223007211-TRY.mp4,test,TRY,landscape,640,480,54,37,0.43541466699991815,0.5925925925925926,0.8648648648648649,0.79833984375,0.875,0.3203125,0.2702702702702703,shoulder_width,30,32,0,True,True,True,True,True
test/TRY/902402413182124-TRY.v17.npz,data/local/citizen100_v17/raw/test/TRY/902402413182124-TRY.mp4,test,TRY,landscape,640,480,74,35,0.5642386670000406,0.4189189189189189,0.8857142857142857,0.84619140625,0.9375,0.5546875,0.9428571428571428,shoulder_width,31,31,0,True,True,True,True,True
test/TRY/9390556121643447-TRY.v17.npz,data/local/citizen100_v17/raw/test/TRY/9390556121643447-TRY.mp4,test,TRY,landscape,640,480,78,39,0.6400441670000419,0.44871794871794873,0.8974358974358975,0.83349609375,0.625,0.1171875,0.23076923076923078,shoulder_width,33,35,0,True,True,True,True,True
test/TRY/9756142048713576-TRY.v17.npz,data/local/citizen100_v17/raw/test/TRY/9756142048713576-TRY.mp4,test,TRY,landscape,640,480,96,38,0.6793529169999601,0.3541666666666667,0.8947368421052632,0.83056640625,0.84375,0.6953125,0.868421052631579,shoulder_width,34,31,0,True,True,True,True,True
test/UNDERSTAND/1376861841044581-UNDERSTAND.v17.npz,data/local/citizen100_v17/raw/test/UNDERSTAND/1376861841044581-UNDERSTAND.mp4,test,UNDERSTAND,landscape,640,480,81,44,0.5136050000000978,0.4567901234567901,0.8409090909090909,0.412109375,0.90625,0.78125,0.9318181818181818,shoulder_width,0,37,0,True,True,True,True,True
test/UNDERSTAND/2374155228317818-UNDERSTAND.v17.npz,data/local/citizen100_v17/raw/test/UNDERSTAND/2374155228317818-UNDERSTAND.mp4,test,UNDERSTAND,landscape,640,480,51,34,0.3499024590000772,0.5490196078431373,0.8235294117647058,0.395751953125,0.71875,0.3125,0.2647058823529412,shoulder_width,28,0,0,True,True,True,True,True
test/UNDERSTAND/27832701315476815-UNDERSTAND.v17.npz,data/local/citizen100_v17/raw/test/UNDERSTAND/27832701315476815-UNDERSTAND.mp4,test,UNDERSTAND,landscape,640,480,43,24,0.3005286250000836,0.46511627906976744,0.8333333333333334,0.392822265625,0.71875,0.0,0.0,palm_length,20,0,0,True,True,True,True,True
test/UNDERSTAND/3018334807491294-UNDERSTAND.v17.npz,data/local/citizen100_v17/raw/test/UNDERSTAND/3018334807491294-UNDERSTAND.mp4,test,UNDERSTAND,landscape,640,480,88,40,0.5510165839999672,0.3977272727272727,0.875,0.430908203125,0.84375,0.6484375,0.825,shoulder_width,0,35,0,True,True,True,True,True
test/UNDERSTAND/40156343723600907-UNDERSTAND.v17.npz,data/local/citizen100_v17/raw/test/UNDERSTAND/40156343723600907-UNDERSTAND.mp4,test,UNDERSTAND,landscape,640,480,34,34,0.25651412500008064,0.9117647058823529,0.9117647058823529,0.4091796875,0.96875,0.96875,0.9705882352941176,shoulder_width,31,0,0,True,True,True,True,True
test/UNDERSTAND/40550375821025386-UNDERSTAND.v17.npz,data/local/citizen100_v17/raw/test/UNDERSTAND/40550375821025386-UNDERSTAND.mp4,test,UNDERSTAND,landscape,960,540,40,20,0.2994826669998929,0.4,0.8,0.40625,0.84375,0.84375,0.85,shoulder_width,0,16,0,True,True,True,True,True
test/UNDERSTAND/5169212541197368-UNDERSTAND.v17.npz,data/local/citizen100_v17/raw/test/UNDERSTAND/5169212541197368-UNDERSTAND.mp4,test,UNDERSTAND,landscape,640,480,90,48,0.5614649159999772,0.4777777777777778,0.8958333333333334,0.427734375,0.84375,0.2265625,0.3541666666666667,shoulder_width,0,43,0,True,True,True,True,True
test/UNDERSTAND/6191415507296982-UNDERSTAND.v17.npz,data/local/citizen100_v17/raw/test/UNDERSTAND/6191415507296982-UNDERSTAND.mp4,test,UNDERSTAND,landscape,640,480,36,23,0.2260265840000102,0.5277777777777778,0.8260869565217391,0.390625,0.75,0.3203125,0.043478260869565216,shoulder_width,19,0,0,True,True,True,True,True
test/UNDERSTAND/6508787541133374-UNDERSTAND.v17.npz,data/local/citizen100_v17/raw/test/UNDERSTAND/6508787541133374-UNDERSTAND.mp4,test,UNDERSTAND,landscape,640,480,61,32,0.3765563750000638,0.45901639344262296,0.875,0.43310546875,0.78125,0.0078125,0.0,palm_length,0,28,0,True,True,True,True,True
test/UNDERSTAND/6605969835390502-UNDERSTAND.v17.npz,data/local/citizen100_v17/raw/test/UNDERSTAND/6605969835390502-UNDERSTAND.mp4,test,UNDERSTAND,landscape,640,480,49,32,0.3081185830000095,0.5714285714285714,0.875,0.416015625,0.78125,0.0,0.0,palm_length,28,0,0,True,True,True,True,True
test/UNDERSTAND/6762437534373142-UNDERSTAND.v17.npz,data/local/citizen100_v17/raw/test/UNDERSTAND/6762437534373142-UNDERSTAND.mp4,test,UNDERSTAND,landscape,640,480,63,31,0.35372758400001203,0.42857142857142855,0.8709677419354839,0.430908203125,0.8125,0.0,0.0,palm_length,0,27,0,True,True,True,True,True
test/UNDERSTAND/941475953685674-UNDERSTAND.v17.npz,data/local/citizen100_v17/raw/test/UNDERSTAND/941475953685674-UNDERSTAND.mp4,test,UNDERSTAND,landscape,640,480,77,32,0.4269622919999847,0.36363636363636365,0.875,0.422607421875,0.78125,0.71875,0.78125,shoulder_width,0,28,0,True,True,True,True,True
test/UNDERSTAND/9618610602589022-UNDERSTAND.v17.npz,data/local/citizen100_v17/raw/test/UNDERSTAND/9618610602589022-UNDERSTAND.mp4,test,UNDERSTAND,landscape,640,480,58,34,0.38416941599996335,0.5172413793103449,0.8823529411764706,0.418212890625,0.71875,0.2578125,0.0,palm_length,0,30,0,True,True,True,True,True
test/UNDERSTAND/9663239092789866-UNDERSTAND.v17.npz,data/local/citizen100_v17/raw/test/UNDERSTAND/9663239092789866-UNDERSTAND.mp4,test,UNDERSTAND,landscape,640,480,76,36,0.46390324999993027,0.42105263157894735,0.8888888888888888,0.425537109375,0.90625,0.7421875,0.9166666666666666,shoulder_width,0,32,0,True,True,True,True,True
test/USE/21550267818799917-USE.v17.npz,data/local/citizen100_v17/raw/test/USE/21550267818799917-USE.mp4,test,USE,landscape,640,480,96,41,0.6238758329999428,0.3854166666666667,0.9024390243902439,0.77001953125,0.78125,0.0,0.0,palm_length,36,29,0,True,True,True,True,True
test/USE/27660434267678635-USE.v17.npz,data/local/citizen100_v17/raw/test/USE/27660434267678635-USE.mp4,test,USE,landscape,640,480,71,45,0.517659209000044,0.5633802816901409,0.8888888888888888,0.80419921875,0.875,0.5390625,0.4,shoulder_width,33,39,0,True,True,True,True,True
test/USE/32465299263225966-USE.v17.npz,data/local/citizen100_v17/raw/test/USE/32465299263225966-USE.mp4,test,USE,landscape,640,480,94,45,0.6396180830000731,0.425531914893617,0.8888888888888888,0.775390625,0.90625,0.4375,0.7333333333333333,shoulder_width,33,40,0,True,True,True,True,True
test/USE/3691575208171871-USE.v17.npz,data/local/citizen100_v17/raw/test/USE/3691575208171871-USE.mp4,test,USE,landscape,640,480,78,57,0.5951608749999195,0.6794871794871795,0.9298245614035088,0.85400390625,0.84375,0.640625,0.8596491228070176,shoulder_width,49,52,0,True,True,True,True,True
test/USE/44840054365929793-USE.v17.npz,data/local/citizen100_v17/raw/test/USE/44840054365929793-USE.mp4,test,USE,landscape,640,480,42,33,0.30979712499993184,0.6904761904761905,0.8787878787878788,0.70166015625,0.75,0.015625,0.030303030303030304,shoulder_width,20,29,0,True,True,True,True,True
test/USE/46577616318112836-USE.v17.npz,data/local/citizen100_v17/raw/test/USE/46577616318112836-USE.mp4,test,USE,landscape,640,480,80,44,0.5923219579999568,0.5,0.9090909090909091,0.76416015625,0.75,0.75,0.75,shoulder_width,36,34,0,True,True,True,True,True
test/USE/5289694969695404-USE.v17.npz,data/local/citizen100_v17/raw/test/USE/5289694969695404-USE.mp4,test,USE,landscape,640,480,67,32,0.499451874999977,0.417910447761194,0.875,0.81396484375,0.78125,0.40625,0.03125,shoulder_width,28,26,0,True,True,True,True,True
test/USE/6254864848028587-USE.v17.npz,data/local/citizen100_v17/raw/test/USE/6254864848028587-USE.mp4,test,USE,landscape,640,480,95,45,0.656340749999913,0.43157894736842106,0.9111111111111111,0.84912109375,0.71875,0.71875,0.7333333333333333,shoulder_width,39,41,0,True,True,True,True,True
test/USE/6636078192055421-USE.v17.npz,data/local/citizen100_v17/raw/test/USE/6636078192055421-USE.mp4,test,USE,landscape,640,480,96,57,0.6671941250000373,0.5416666666666666,0.9122807017543859,0.83984375,0.875,0.3203125,0.17543859649122806,shoulder_width,50,49,0,True,True,True,True,True
test/USE/7425502941886895-USE.v17.npz,data/local/citizen100_v17/raw/test/USE/7425502941886895-USE.mp4,test,USE,landscape,960,540,49,28,0.39059454200003074,0.4897959183673469,0.8571428571428571,0.6875,0.90625,0.234375,0.32142857142857145,shoulder_width,16,24,0,True,True,True,True,True
test/USE/7546600558021599-USE.v17.npz,data/local/citizen100_v17/raw/test/USE/7546600558021599-USE.mp4,test,USE,landscape,640,480,96,51,0.6432758749999721,0.4895833333333333,0.9215686274509803,0.86962890625,0.78125,0.6640625,0.803921568627451,shoulder_width,43,47,0,True,True,True,True,True
test/WAIT/3372774069388451-WAIT.v17.npz,data/local/citizen100_v17/raw/test/WAIT/3372774069388451-WAIT.mp4,test,WAIT,landscape,640,480,30,20,0.20598337499995978,0.5333333333333333,0.8,0.7099609375,0.46875,0.0234375,0.05,shoulder_width,13,16,0,True,True,True,True,True
test/WAIT/384440946378765-WAIT.v17.npz,data/local/citizen100_v17/raw/test/WAIT/384440946378765-WAIT.mp4,test,WAIT,landscape,640,480,62,34,0.4395670000000109,0.4838709677419355,0.8823529411764706,0.8271484375,0.96875,0.0,0.0,palm_length,30,29,0,True,True,True,True,True
test/WAIT/4219284432732393-WAIT.v17.npz,data/local/citizen100_v17/raw/test/WAIT/4219284432732393-WAIT.mp4,test,WAIT,landscape,640,480,66,40,0.5036777080000547,0.5454545454545454,0.9,0.83642578125,0.84375,0.59375,0.825,shoulder_width,32,36,0,True,True,True,True,True
test/WAIT/431834858238225-WAIT.v17.npz,data/local/citizen100_v17/raw/test/WAIT/431834858238225-WAIT.mp4,test,WAIT,landscape,640,480,70,31,0.4777932920000012,0.38571428571428573,0.8709677419354839,0.84375,0.8125,0.421875,0.8064516129032258,shoulder_width,26,27,0,True,True,True,True,True
test/WAIT/5185122660022305-WAIT.v17.npz,data/local/citizen100_v17/raw/test/WAIT/5185122660022305-WAIT.mp4,test,WAIT,landscape,640,480,83,43,0.5486049580000554,0.46987951807228917,0.9069767441860465,0.84130859375,0.75,0.578125,0.7674418604651163,shoulder_width,37,38,0,True,True,True,True,True
test/WAIT/624921199330932-WAIT.v17.npz,data/local/citizen100_v17/raw/test/WAIT/624921199330932-WAIT.mp4,test,WAIT,landscape,640,480,50,26,0.33155837499998597,0.42,0.8076923076923077,0.71337890625,0.65625,0.34375,0.6538461538461539,shoulder_width,20,19,0,True,True,True,True,True
test/WAIT/6363494051663907-WAIT.v17.npz,data/local/citizen100_v17/raw/test/WAIT/6363494051663907-WAIT.mp4,test,WAIT,landscape,960,540,82,28,0.61136149999993,0.2926829268292683,0.8571428571428571,0.75390625,0.59375,0.375,0.32142857142857145,shoulder_width,22,22,0,True,True,True,True,True
test/WAIT/6462406278843633-WAIT.v17.npz,data/local/citizen100_v17/raw/test/WAIT/6462406278843633-WAIT.mp4,test,WAIT,landscape,640,480,96,50,0.6356167080000432,0.4583333333333333,0.88,0.81396484375,0.8125,0.03125,0.04,shoulder_width,41,43,0,True,True,True,True,True
test/WAIT/6692766688263203-WAIT.v17.npz,data/local/citizen100_v17/raw/test/WAIT/6692766688263203-WAIT.mp4,test,WAIT,landscape,640,480,59,37,0.44187266599999475,0.559322033898305,0.8918918918918919,0.78662109375,0.6875,0.46875,0.4594594594594595,shoulder_width,30,33,0,True,True,True,True,True
test/WAIT/7613568684951131-WAIT.v17.npz,data/local/citizen100_v17/raw/test/WAIT/7613568684951131-WAIT.mp4,test,WAIT,landscape,640,480,39,22,0.30562845800000105,0.46153846153846156,0.8181818181818182,0.79443359375,0.40625,0.125,0.045454545454545456,shoulder_width,18,17,0,True,True,True,True,True
test/WAIT/7918796234967189-WAIT.v17.npz,data/local/citizen100_v17/raw/test/WAIT/7918796234967189-WAIT.mp4,test,WAIT,landscape,640,480,78,29,0.529119458000082,0.32051282051282054,0.8620689655172413,0.7685546875,0.5625,0.015625,0.034482758620689655,shoulder_width,25,20,0,True,True,True,True,True
test/WAIT/8220736980572507-WAIT.v17.npz,data/local/citizen100_v17/raw/test/WAIT/8220736980572507-WAIT.mp4,test,WAIT,landscape,960,540,34,18,0.3244790420000072,0.4117647058823529,0.7777777777777778,0.74560546875,0.5,0.265625,0.5,shoulder_width,13,13,0,True,True,True,True,True
test/WAIT/8607947465067156-WAIT.v17.npz,data/local/citizen100_v17/raw/test/WAIT/8607947465067156-WAIT.mp4,test,WAIT,landscape,640,480,96,58,0.6661286249999421,0.4270833333333333,0.7068965517241379,0.66064453125,0.84375,0.6328125,0.8448275862068966,shoulder_width,36,41,0,True,True,True,True,True
test/WANT/03439441385308273-WANT 2.v17.npz,data/local/citizen100_v17/raw/test/WANT/03439441385308273-WANT 2.mp4,test,WANT,landscape,640,480,82,39,0.5491489590000356,0.4268292682926829,0.8974358974358975,0.828125,0.84375,0.6484375,0.8461538461538461,shoulder_width,35,32,0,True,True,True,True,True
test/WANT/1567731206602907-WANT 2.v17.npz,data/local/citizen100_v17/raw/test/WANT/1567731206602907-WANT 2.mp4,test,WANT,landscape,640,480,64,36,0.4648043750000852,0.5,0.8888888888888888,0.80712890625,0.71875,0.3046875,0.25,shoulder_width,32,30,0,True,True,True,True,True
test/WANT/27618561187311874-WANT 2.v17.npz,data/local/citizen100_v17/raw/test/WANT/27618561187311874-WANT 2.mp4,test,WANT,landscape,640,480,96,34,0.5768290419999857,0.3125,0.8823529411764706,0.8408203125,0.71875,0.546875,0.7352941176470589,shoulder_width,29,30,0,True,True,True,True,True
test/WANT/38957579013047017-WANT 2.v17.npz,data/local/citizen100_v17/raw/test/WANT/38957579013047017-WANT 2.mp4,test,WANT,landscape,640,480,61,30,0.41835008299995025,0.4262295081967213,0.8666666666666667,0.8193359375,0.84375,0.4296875,0.03333333333333333,shoulder_width,26,24,0,True,True,True,True,True
test/WANT/41055086064167545-WANT 2.v17.npz,data/local/citizen100_v17/raw/test/WANT/41055086064167545-WANT 2.mp4,test,WANT,landscape,640,480,68,29,0.4742714579999756,0.36764705882352944,0.8620689655172413,0.775390625,0.875,0.171875,0.034482758620689655,shoulder_width,22,25,0,True,True,True,True,True
test/WANT/4592926945829485-WANT 2.v17.npz,data/local/citizen100_v17/raw/test/WANT/4592926945829485-WANT 2.mp4,test,WANT,landscape,640,480,60,40,0.47438966699996854,0.6,0.9,0.81494140625,0.8125,0.4609375,0.25,shoulder_width,31,36,0,True,True,True,True,True
test/WANT/48432220527537195-WANT 2.v17.npz,data/local/citizen100_v17/raw/test/WANT/48432220527537195-WANT 2.mp4,test,WANT,landscape,960,540,38,18,0.3007883340000035,0.3684210526315789,0.7777777777777778,0.72021484375,0.53125,0.0,0.0,palm_length,12,14,0,True,True,True,True,True
test/WANT/6070369210988702-WANT 2.v17.npz,data/local/citizen100_v17/raw/test/WANT/6070369210988702-WANT 2.mp4,test,WANT,landscape,640,480,75,35,0.4885515830000031,0.38666666666666666,0.8285714285714286,0.75390625,0.71875,0.015625,0.02857142857142857,shoulder_width,29,26,0,True,True,True,True,True
test/WANT/6565779108044556-WANT 2.v17.npz,data/local/citizen100_v17/raw/test/WANT/6565779108044556-WANT 2.mp4,test,WANT,landscape,640,480,90,49,0.6034804590000249,0.5,0.9183673469387755,0.81787109375,0.84375,0.171875,0.0,palm_length,36,45,0,True,True,True,True,True
test/WANT/6718261856672789-WANT 2.v17.npz,data/local/citizen100_v17/raw/test/WANT/6718261856672789-WANT 2.mp4,test,WANT,landscape,640,480,37,30,0.2785128340000256,0.6486486486486487,0.8,0.70703125,0.84375,0.0,0.0,palm_length,22,22,0,True,True,True,True,True
test/WANT/8411284507702201-WANT 2.v17.npz,data/local/citizen100_v17/raw/test/WANT/8411284507702201-WANT 2.mp4,test,WANT,landscape,640,480,86,37,0.5357952090000708,0.38372093023255816,0.8918918918918919,0.8134765625,0.875,0.25,0.2702702702702703,shoulder_width,33,30,0,True,True,True,True,True
test/WANT/8801114874556712-WANT 2.v17.npz,data/local/citizen100_v17/raw/test/WANT/8801114874556712-WANT 2.mp4,test,WANT,landscape,640,480,46,21,0.2898688330000141,0.3695652173913043,0.8095238095238095,0.759765625,0.84375,0.234375,0.42857142857142855,shoulder_width,17,16,0,True,True,True,True,True
test/WATER/0032949557328998402-WATER.v17.npz,data/local/citizen100_v17/raw/test/WATER/0032949557328998402-WATER.mp4,test,WATER,landscape,640,480,68,44,0.4367896249999603,0.5882352941176471,0.9090909090909091,0.432373046875,0.75,0.515625,0.75,shoulder_width,0,40,0,True,True,True,True,True
test/WATER/25669396550888335-WATER.v17.npz,data/local/citizen100_v17/raw/test/WATER/25669396550888335-WATER.mp4,test,WATER,landscape,960,540,69,26,0.5154659580000498,0.30434782608695654,0.8076923076923077,0.427734375,0.65625,0.65625,0.6538461538461539,shoulder_width,0,21,0,True,True,True,True,True
test/WATER/28568822555970064-WATER.v17.npz,data/local/citizen100_v17/raw/test/WATER/28568822555970064-WATER.mp4,test,WATER,landscape,640,480,64,37,0.40179208399990785,0.515625,0.8918918918918919,0.415283203125,0.875,0.6640625,0.8918918918918919,shoulder_width,33,0,0,True,True,True,True,True
test/WATER/41194332281860335-WATER.v17.npz,data/local/citizen100_v17/raw/test/WATER/41194332281860335-WATER.mp4,test,WATER,landscape,640,480,47,28,0.27884325000002264,0.5106382978723404,0.8571428571428571,0.418212890625,0.59375,0.4453125,0.6071428571428571,shoulder_width,24,0,0,True,True,True,True,True
test/WATER/4408911106822304-WATER.v17.npz,data/local/citizen100_v17/raw/test/WATER/4408911106822304-WATER.mp4,test,WATER,landscape,640,480,96,45,0.6793102909999789,0.4270833333333333,0.9111111111111111,0.43603515625,0.71875,0.71875,0.7333333333333333,shoulder_width,0,41,0,True,True,True,True,True
test/WATER/5521352697044284-WATER.v17.npz,data/local/citizen100_v17/raw/test/WATER/5521352697044284-WATER.mp4,test,WATER,landscape,640,480,96,48,0.8114737500000047,0.4479166666666667,0.8958333333333334,0.44580078125,0.84375,0.765625,0.8541666666666666,shoulder_width,0,43,0,True,True,True,True,True
test/WATER/6252432727581858-WATER.v17.npz,data/local/citizen100_v17/raw/test/WATER/6252432727581858-WATER.mp4,test,WATER,landscape,640,480,40,24,0.2932184999999663,0.5,0.8333333333333334,0.3935546875,0.71875,0.0,0.0,palm_length,20,0,0,True,True,True,True,True
test/WATER/6604106363350253-WATER.v17.npz,data/local/citizen100_v17/raw/test/WATER/6604106363350253-WATER.mp4,test,WATER,landscape,640,480,56,38,0.4325623340000675,0.5892857142857143,0.868421052631579,0.39794921875,0.875,0.0,0.0,palm_length,31,2,0,True,True,True,True,True
test/WATER/7006268761752481-WATER.v17.npz,data/local/citizen100_v17/raw/test/WATER/7006268761752481-WATER.mp4,test,WATER,landscape,640,480,70,32,0.4959057500000199,0.4,0.875,0.412841796875,0.78125,0.015625,0.03125,shoulder_width,0,28,0,True,True,True,True,True
test/WATER/7705639151800205-WATER.v17.npz,data/local/citizen100_v17/raw/test/WATER/7705639151800205-WATER.mp4,test,WATER,landscape,640,480,96,71,0.7011728749999975,0.5104166666666666,0.6901408450704225,0.334716796875,0.90625,0.6796875,0.9154929577464789,shoulder_width,0,49,0,True,True,True,True,True
test/WATER/8633906244621417-WATER.v17.npz,data/local/citizen100_v17/raw/test/WATER/8633906244621417-WATER.mp4,test,WATER,landscape,640,480,84,36,0.5154930000001059,0.36904761904761907,0.8611111111111112,0.416748046875,0.90625,0.234375,0.4722222222222222,shoulder_width,0,31,0,True,True,True,True,True
test/WATER/9541613491243199-WATER.v17.npz,data/local/citizen100_v17/raw/test/WATER/9541613491243199-WATER.mp4,test,WATER,landscape,960,540,37,21,0.28604941699995834,0.4594594594594595,0.8095238095238095,0.4033203125,0.4375,0.2421875,0.42857142857142855,shoulder_width,0,17,0,True,True,True,True,True
test/WE/08935802292404782-WE.v17.npz,data/local/citizen100_v17/raw/test/WE/08935802292404782-WE.mp4,test,WE,landscape,640,480,37,22,0.23366924999993444,0.4594594594594595,0.7727272727272727,0.39208984375,0.78125,0.0,0.0,palm_length,17,0,0,True,True,True,True,True
test/WE/11313336559383713-WE.v17.npz,data/local/citizen100_v17/raw/test/WE/11313336559383713-WE.mp4,test,WE,landscape,640,480,89,48,0.6009074170000304,0.4943820224719101,0.9166666666666666,0.46044921875,0.84375,0.8046875,0.8541666666666666,shoulder_width,0,44,0,True,True,True,True,True
test/WE/16945345648483068-WE.v17.npz,data/local/citizen100_v17/raw/test/WE/16945345648483068-WE.mp4,test,WE,landscape,960,540,71,47,0.5478670410000177,0.5774647887323944,0.8723404255319149,0.41064453125,0.84375,0.71875,0.8723404255319149,shoulder_width,0,41,0,True,True,True,True,True
test/WE/17534725959416075-WE.v17.npz,data/local/citizen100_v17/raw/test/WE/17534725959416075-WE.mp4,test,WE,landscape,640,480,96,44,0.5764515839999831,0.4166666666666667,0.9090909090909091,0.431640625,0.75,0.09375,0.0,palm_length,1,40,0,True,True,True,True,True
test/WE/20125165654570076-WE.v17.npz,data/local/citizen100_v17/raw/test/WE/20125165654570076-WE.mp4,test,WE,landscape,640,480,46,42,0.3211343330000318,0.8260869565217391,0.9047619047619048,0.43310546875,0.78125,0.78125,0.7857142857142857,shoulder_width,38,0,0,True,True,True,True,True
test/WE/4810638311866906-WE.v17.npz,data/local/citizen100_v17/raw/test/WE/4810638311866906-WE.mp4,test,WE,landscape,640,480,66,38,0.43160675000001447,0.5151515151515151,0.8947368421052632,0.43017578125,0.875,0.1328125,0.23684210526315788,shoulder_width,34,0,0,True,True,True,True,True
test/WE/5516631277912989-WE.v17.npz,data/local/citizen100_v17/raw/test/WE/5516631277912989-WE.mp4,test,WE,landscape,640,480,83,39,0.48417800000004263,0.40963855421686746,0.8717948717948718,0.433837890625,0.84375,0.796875,0.8461538461538461,shoulder_width,0,34,0,True,True,True,True,True
test/WE/6062829066450051-WE.v17.npz,data/local/citizen100_v17/raw/test/WE/6062829066450051-WE.mp4,test,WE,landscape,640,480,38,25,0.2334465829999317,0.5,0.76,0.409912109375,0.6875,0.109375,0.04,shoulder_width,19,0,0,True,True,True,True,True
test/WE/6356514187581743-WE.v17.npz,data/local/citizen100_v17/raw/test/WE/6356514187581743-WE.mp4,test,WE,landscape,640,480,93,59,0.6119473749999997,0.5913978494623656,0.9322033898305084,0.449462890625,0.9375,0.03125,0.01694915254237288,shoulder_width,0,55,0,True,True,True,True,True
test/WE/6478160544982563-WE.v17.npz,data/local/citizen100_v17/raw/test/WE/6478160544982563-WE.mp4,test,WE,landscape,640,480,49,35,0.3199563750000607,0.5714285714285714,0.8,0.418212890625,0.6875,0.0078125,0.0,palm_length,26,2,0,True,True,True,True,True
test/WE/6913451457780051-WE.v17.npz,data/local/citizen100_v17/raw/test/WE/6913451457780051-WE.mp4,test,WE,landscape,640,480,63,26,0.3624472500000593,0.3492063492063492,0.8461538461538461,0.412109375,0.65625,0.015625,0.0,palm_length,0,22,0,True,True,True,True,True
test/WE/9125917375808354-WE.v17.npz,data/local/citizen100_v17/raw/test/WE/9125917375808354-WE.mp4,test,WE,landscape,640,480,81,38,0.4712669169999799,0.4074074074074074,0.868421052631579,0.427734375,0.65625,0.5546875,0.6578947368421053,shoulder_width,0,33,0,True,True,True,True,True
test/WEEK/18368595006271948-WEEK.v17.npz,data/local/citizen100_v17/raw/test/WEEK/18368595006271948-WEEK.mp4,test,WEEK,landscape,640,480,48,35,0.3773382089999586,0.6458333333333334,0.8857142857142857,0.759765625,0.6875,0.578125,0.7142857142857143,shoulder_width,31,28,0,True,True,True,True,True
test/WEEK/1971506530184275-WEEK.v17.npz,data/local/citizen100_v17/raw/test/WEEK/1971506530184275-WEEK.mp4,test,WEEK,landscape,640,480,68,43,0.5388277080000989,0.5735294117647058,0.9069767441860465,0.791015625,0.75,0.75,0.7674418604651163,shoulder_width,39,35,0,True,True,True,True,True
test/WEEK/30007543768298084-WEEK.v17.npz,data/local/citizen100_v17/raw/test/WEEK/30007543768298084-WEEK.mp4,test,WEEK,landscape,640,480,75,32,0.49569495799994456,0.37333333333333335,0.875,0.7958984375,0.78125,0.0390625,0.0625,shoulder_width,25,22,0,True,True,True,True,True
test/WEEK/3241920352709835-WEEK.v17.npz,data/local/citizen100_v17/raw/test/WEEK/3241920352709835-WEEK.mp4,test,WEEK,landscape,640,480,71,43,0.4984335830000646,0.5492957746478874,0.9069767441860465,0.85791015625,0.75,0.0,0.0,palm_length,33,40,0,True,True,True,True,True
test/WEEK/36411152769215316-WEEK.v17.npz,data/local/citizen100_v17/raw/test/WEEK/36411152769215316-WEEK.mp4,test,WEEK,landscape,640,480,96,91,0.8010271670000293,0.9166666666666666,0.967032967032967,0.6591796875,0.875,0.1484375,0.10989010989010989,shoulder_width,85,44,0,True,True,True,True,True
test/WEEK/4037873610638971-WEEK.v17.npz,data/local/citizen100_v17/raw/test/WEEK/4037873610638971-WEEK.mp4,test,WEEK,landscape,640,480,96,38,0.623242624999989,0.3541666666666667,0.8947368421052632,0.8623046875,0.875,0.875,0.868421052631579,shoulder_width,34,34,0,True,True,True,True,True
test/WEEK/43318386955532273-WEEK.v17.npz,data/local/citizen100_v17/raw/test/WEEK/43318386955532273-WEEK.mp4,test,WEEK,landscape,640,480,63,36,0.4322717500000408,0.5079365079365079,0.8888888888888888,0.787109375,0.90625,0.8515625,0.9166666666666666,shoulder_width,31,29,0,True,True,True,True,True
test/WEEK/44831797327412004-WEEK.v17.npz,data/local/citizen100_v17/raw/test/WEEK/44831797327412004-WEEK.mp4,test,WEEK,landscape,640,480,40,24,0.3034541660000514,0.5,0.8333333333333334,0.6728515625,0.6875,0.0,0.0,palm_length,14,18,0,True,True,True,True,True
test/WEEK/7290718464963901-WEEK.v17.npz,data/local/citizen100_v17/raw/test/WEEK/7290718464963901-WEEK.mp4,test,WEEK,landscape,960,540,96,35,0.7588463329999513,0.3020833333333333,0.8285714285714286,0.7353515625,0.71875,0.375,0.4857142857142857,shoulder_width,27,24,0,True,True,True,True,True
test/WEEK/871249121007492-WEEK.v17.npz,data/local/citizen100_v17/raw/test/WEEK/871249121007492-WEEK.mp4,test,WEEK,landscape,640,480,51,29,0.36157012499995744,0.49019607843137253,0.8620689655172413,0.6962890625,0.875,0.1640625,0.3103448275862069,shoulder_width,18,22,0,True,True,True,True,True
test/WEEK/9623138303455094-WEEK.v17.npz,data/local/citizen100_v17/raw/test/WEEK/9623138303455094-WEEK.mp4,test,WEEK,landscape,640,480,71,35,0.4721309999999903,0.43661971830985913,0.8857142857142857,0.67041015625,0.9375,0.4296875,0.4857142857142857,shoulder_width,23,29,0,True,True,True,True,True
test/WEEK/9753025897733882-WEEK.v17.npz,data/local/citizen100_v17/raw/test/WEEK/9753025897733882-WEEK.mp4,test,WEEK,landscape,640,480,96,40,0.6522602080000297,0.375,0.9,0.8251953125,0.8125,0.7109375,0.825,shoulder_width,31,35,0,True,True,True,True,True
test/WEEK/9847763152917779-WEEK.v17.npz,data/local/citizen100_v17/raw/test/WEEK/9847763152917779-WEEK.mp4,test,WEEK,landscape,640,480,47,42,0.3450318330000073,0.6170212765957447,0.6904761904761905,0.46044921875,0.78125,0.109375,0.23809523809523808,shoulder_width,18,23,0,True,True,True,True,True
test/WHAT/0902884729181257-WHAT 2.v17.npz,data/local/citizen100_v17/raw/test/WHAT/0902884729181257-WHAT 2.mp4,test,WHAT,landscape,640,480,30,20,0.22972549999997227,0.5333333333333333,0.8,0.7470703125,0.46875,0.1484375,0.0,palm_length,16,15,0,True,True,True,True,True
test/WHAT/16203881271680576-WHAT 2.v17.npz,data/local/citizen100_v17/raw/test/WHAT/16203881271680576-WHAT 2.mp4,test,WHAT,landscape,640,480,96,42,0.5960541250000233,0.3958333333333333,0.9047619047619048,0.66748046875,0.78125,0.59375,0.7857142857142857,shoulder_width,20,38,0,True,True,True,True,True
test/WHAT/30590478365410667-WHAT 2.v17.npz,data/local/citizen100_v17/raw/test/WHAT/30590478365410667-WHAT 2.mp4,test,WHAT,landscape,640,480,55,37,0.5366032499999847,0.6,0.8918918918918919,0.79833984375,0.875,0.4453125,0.8918918918918919,shoulder_width,32,32,0,True,True,True,True,True
test/WHAT/404671863993352-WHAT 2.v17.npz,data/local/citizen100_v17/raw/test/WHAT/404671863993352-WHAT 2.mp4,test,WHAT,landscape,640,480,29,24,0.2615698339999426,0.6896551724137931,0.8333333333333334,0.728515625,0.71875,0.4609375,0.7083333333333334,shoulder_width,16,16,0,True,True,True,True,True
test/WHAT/46005351531190786-WHAT 2.v17.npz,data/local/citizen100_v17/raw/test/WHAT/46005351531190786-WHAT 2.mp4,test,WHAT,landscape,640,480,57,34,0.48359549999997853,0.47368421052631576,0.7941176470588235,0.57275390625,0.71875,0.03125,0.029411764705882353,shoulder_width,18,27,0,True,True,True,True,True
test/WHAT/48553283978859585-WHAT 2.v17.npz,data/local/citizen100_v17/raw/test/WHAT/48553283978859585-WHAT 2.mp4,test,WHAT,landscape,640,480,94,49,0.6605263339999965,0.46808510638297873,0.8979591836734694,0.8291015625,0.84375,0.640625,0.8367346938775511,shoulder_width,44,39,0,True,True,True,True,True
test/WHAT/6451705780589494-WHAT 2.v17.npz,data/local/citizen100_v17/raw/test/WHAT/6451705780589494-WHAT 2.mp4,test,WHAT,landscape,960,540,71,30,0.6175252080000746,0.352112676056338,0.8333333333333334,0.693359375,0.84375,0.4453125,0.8333333333333334,shoulder_width,22,21,0,True,True,True,True,True
test/WHAT/6718223980213671-WHAT 2.v17.npz,data/local/citizen100_v17/raw/test/WHAT/6718223980213671-WHAT 2.mp4,test,WHAT,landscape,640,480,29,16,0.21153387500010012,0.41379310344827586,0.75,0.5537109375,0.5625,0.0,0.0,palm_length,11,8,0,True,True,True,True,True
test/WHAT/7084601978683813-WHAT 2.v17.npz,data/local/citizen100_v17/raw/test/WHAT/7084601978683813-WHAT 2.mp4,test,WHAT,landscape,640,480,71,30,0.45261108400006833,0.323943661971831,0.7666666666666667,0.615234375,0.84375,0.015625,0.03333333333333333,shoulder_width,23,13,0,True,True,True,True,True
test/WHAT/8745067191819265-WHAT 2.v17.npz,data/local/citizen100_v17/raw/test/WHAT/8745067191819265-WHAT 2.mp4,test,WHAT,landscape,640,480,96,71,0.6772682910000185,0.5416666666666666,0.7323943661971831,0.7099609375,0.875,0.875,0.9154929577464789,shoulder_width,51,48,0,True,True,True,True,True
test/WHAT/8880006166221515-WHAT 2.v17.npz,data/local/citizen100_v17/raw/test/WHAT/8880006166221515-WHAT 2.mp4,test,WHAT,landscape,640,480,64,33,0.4685817910000196,0.453125,0.8787878787878788,0.787109375,0.75,0.140625,0.030303030303030304,shoulder_width,28,26,0,True,True,True,True,True
test/WHAT/9031186843157322-WHAT 2.v17.npz,data/local/citizen100_v17/raw/test/WHAT/9031186843157322-WHAT 2.mp4,test,WHAT,landscape,640,480,47,21,0.3156065829999761,0.3617021276595745,0.8095238095238095,0.703125,0.84375,0.421875,0.8095238095238095,shoulder_width,12,17,0,True,True,True,True,True
test/WHAT/9155674205578053-WHAT 2.v17.npz,data/local/citizen100_v17/raw/test/WHAT/9155674205578053-WHAT 2.mp4,test,WHAT,landscape,640,480,65,40,0.4896934580000334,0.5538461538461539,0.9,0.79931640625,0.84375,0.7421875,0.825,shoulder_width,32,35,0,True,True,True,True,True
test/WHEN/05635557714446593-WHEN.v17.npz,data/local/citizen100_v17/raw/test/WHEN/05635557714446593-WHEN.mp4,test,WHEN,landscape,640,480,96,43,0.6030116670000325,0.3958333333333333,0.8837209302325582,0.8291015625,0.75,0.609375,0.7674418604651163,shoulder_width,37,37,0,True,True,True,True,True
test/WHEN/06593189811311206-WHEN.v17.npz,data/local/citizen100_v17/raw/test/WHEN/06593189811311206-WHEN.mp4,test,WHEN,landscape,640,480,69,36,0.4572819590000563,0.463768115942029,0.8888888888888888,0.79443359375,0.90625,0.125,0.0,palm_length,28,31,0,True,True,True,True,True
test/WHEN/09534265160807731-WHEN.v17.npz,data/local/citizen100_v17/raw/test/WHEN/09534265160807731-WHEN.mp4,test,WHEN,landscape,640,480,54,23,0.3346937499999285,0.35185185185185186,0.8260869565217391,0.68310546875,0.75,0.1953125,0.391304347826087,shoulder_width,16,17,0,True,True,True,True,True
test/WHEN/15106441828646178-WHEN.v17.npz,data/local/citizen100_v17/raw/test/WHEN/15106441828646178-WHEN.mp4,test,WHEN,landscape,640,480,62,37,0.4276195419998885,0.532258064516129,0.8918918918918919,0.7685546875,0.6875,0.6875,0.6756756756756757,shoulder_width,30,31,0,True,True,True,True,True
test/WHEN/3058784544642419-WHEN.v17.npz,data/local/citizen100_v17/raw/test/WHEN/3058784544642419-WHEN.mp4,test,WHEN,landscape,960,540,42,26,0.3372428750000154,0.5238095238095238,0.8461538461538461,0.61474609375,0.65625,0.015625,0.038461538461538464,shoulder_width,16,18,0,True,True,True,True,True
test/WHEN/30761677377292984-WHEN.v17.npz,data/local/citizen100_v17/raw/test/WHEN/30761677377292984-WHEN.mp4,test,WHEN,landscape,640,480,95,49,0.6762423330000047,0.47368421052631576,0.9183673469387755,0.87890625,0.8125,0.7734375,0.8367346938775511,shoulder_width,43,45,0,True,True,True,True,True
test/WHEN/4261844758894282-WHEN.v17.npz,data/local/citizen100_v17/raw/test/WHEN/4261844758894282-WHEN.mp4,test,WHEN,landscape,640,480,61,34,0.4686263329999747,0.4918032786885246,0.8823529411764706,0.80859375,0.96875,0.25,0.0,palm_length,30,30,0,True,True,True,True,True
test/WHEN/4541594924072119-WHEN.v17.npz,data/local/citizen100_v17/raw/test/WHEN/4541594924072119-WHEN.mp4,test,WHEN,landscape,640,480,61,45,0.5119822920000843,0.6721311475409836,0.9111111111111111,0.7998046875,0.875,0.75,0.9111111111111111,shoulder_width,35,41,0,True,True,True,True,True
test/WHEN/48576039738055954-WHEN.v17.npz,data/local/citizen100_v17/raw/test/WHEN/48576039738055954-WHEN.mp4,test,WHEN,landscape,640,480,83,42,0.5556686669999635,0.4578313253012048,0.9047619047619048,0.81787109375,0.78125,0.0390625,0.047619047619047616,shoulder_width,37,33,0,True,True,True,True,True
test/WHEN/6225121332593893-WHEN.v17.npz,data/local/citizen100_v17/raw/test/WHEN/6225121332593893-WHEN.mp4,test,WHEN,landscape,640,480,96,71,0.7171505839999099,0.71875,0.971830985915493,0.79541015625,0.90625,0.484375,0.4647887323943662,shoulder_width,69,49,0,True,True,True,True,True
test/WHEN/6328147846440941-WHEN.v17.npz,data/local/citizen100_v17/raw/test/WHEN/6328147846440941-WHEN.mp4,test,WHEN,landscape,640,480,73,34,0.4967636249999714,0.410958904109589,0.8823529411764706,0.77099609375,0.71875,0.015625,0.029411764705882353,shoulder_width,29,26,0,True,True,True,True,True
test/WHEN/8687294124175742-WHEN.v17.npz,data/local/citizen100_v17/raw/test/WHEN/8687294124175742-WHEN.mp4,test,WHEN,landscape,640,480,40,29,0.2861153329999979,0.625,0.8620689655172413,0.7470703125,0.59375,0.1640625,0.3103448275862069,shoulder_width,24,20,0,True,True,True,True,True
test/WHEN/9388978622277493-WHEN.v17.npz,data/local/citizen100_v17/raw/test/WHEN/9388978622277493-WHEN.mp4,test,WHEN,landscape,640,480,88,43,0.6693907909999552,0.4431818181818182,0.9069767441860465,0.84619140625,0.9375,0.890625,0.9534883720930233,shoulder_width,37,38,0,True,True,True,True,True
test/WHERE/03717365663139738-WHERE.v17.npz,data/local/citizen100_v17/raw/test/WHERE/03717365663139738-WHERE.mp4,test,WHERE,landscape,640,480,58,40,0.4098357920000808,0.6206896551724138,0.9,0.428466796875,0.8125,0.0,0.0,palm_length,36,0,0,True,True,True,True,True
test/WHERE/12174913678763644-WHERE.v17.npz,data/local/citizen100_v17/raw/test/WHERE/12174913678763644-WHERE.mp4,test,WHERE,landscape,640,480,88,44,0.5661686250000457,0.45454545454545453,0.9090909090909091,0.428466796875,0.9375,0.84375,0.9318181818181818,shoulder_width,0,40,0,True,True,True,True,True
test/WHERE/2868358953291379-WHERE.v17.npz,data/local/citizen100_v17/raw/test/WHERE/2868358953291379-WHERE.mp4,test,WHERE,landscape,640,480,24,19,0.16285824999999932,0.625,0.7894736842105263,0.395751953125,0.46875,0.0,0.0,palm_length,15,0,0,True,True,True,True,True
test/WHERE/3227845753007452-WHERE.v17.npz,data/local/citizen100_v17/raw/test/WHERE/3227845753007452-WHERE.mp4,test,WHERE,landscape,640,480,56,35,0.3824096670000472,0.5535714285714286,0.8857142857142857,0.41064453125,0.9375,0.703125,0.9428571428571428,shoulder_width,0,31,0,True,True,True,True,True
test/WHERE/3614350392614152-WHERE.v17.npz,data/local/citizen100_v17/raw/test/WHERE/3614350392614152-WHERE.mp4,test,WHERE,landscape,960,540,71,30,0.5766731669999672,0.36619718309859156,0.8666666666666667,0.416748046875,0.59375,0.4453125,0.5666666666666667,shoulder_width,0,26,0,True,True,True,True,True
test/WHERE/37275461912744046-WHERE.v17.npz,data/local/citizen100_v17/raw/test/WHERE/37275461912744046-WHERE.mp4,test,WHERE,landscape,640,480,96,42,0.6404404579999436,0.3854166666666667,0.8809523809523809,0.430908203125,0.78125,0.6328125,0.7857142857142857,shoulder_width,0,37,0,True,True,True,True,True
test/WHERE/41673665309194896-WHERE.v17.npz,data/local/citizen100_v17/raw/test/WHERE/41673665309194896-WHERE.mp4,test,WHERE,landscape,640,480,36,22,0.2461095829999067,0.5,0.8181818181818182,0.394287109375,0.40625,0.0,0.0,palm_length,18,0,0,True,True,True,True,True
test/WHERE/4223618248504115-WHERE.v17.npz,data/local/citizen100_v17/raw/test/WHERE/4223618248504115-WHERE.mp4,test,WHERE,landscape,640,480,89,37,0.5759531249999554,0.3707865168539326,0.8918918918918919,0.416748046875,0.875,0.6640625,0.8918918918918919,shoulder_width,0,33,0,True,True,True,True,True
test/WHERE/5194308575650113-WHERE.v17.npz,data/local/citizen100_v17/raw/test/WHERE/5194308575650113-WHERE.mp4,test,WHERE,landscape,640,480,88,48,0.5690615839999964,0.48863636363636365,0.8958333333333334,0.439697265625,0.84375,0.1953125,0.375,shoulder_width,0,43,0,True,True,True,True,True
test/WHERE/6471203705029369-WHERE.v17.npz,data/local/citizen100_v17/raw/test/WHERE/6471203705029369-WHERE.mp4,test,WHERE,landscape,640,480,74,30,0.4500673339999821,0.35135135135135137,0.8666666666666667,0.41357421875,0.84375,0.0390625,0.06666666666666667,shoulder_width,0,26,0,True,True,True,True,True
test/WHERE/8728839222341029-WHERE.v17.npz,data/local/citizen100_v17/raw/test/WHERE/8728839222341029-WHERE.mp4,test,WHERE,landscape,640,480,40,31,0.26253191699993295,0.675,0.8709677419354839,0.428466796875,0.8125,0.015625,0.03225806451612903,shoulder_width,27,0,0,True,True,True,True,True
test/WHERE/9084539059220444-WHERE.v17.npz,data/local/citizen100_v17/raw/test/WHERE/9084539059220444-WHERE.mp4,test,WHERE,landscape,640,480,46,31,0.29168520799998987,0.5869565217391305,0.8709677419354839,0.380859375,0.8125,0.609375,0.8064516129032258,shoulder_width,0,27,0,True,True,True,True,True
test/WHERE/9957868929062672-WHERE.v17.npz,data/local/citizen100_v17/raw/test/WHERE/9957868929062672-WHERE.mp4,test,WHERE,landscape,640,480,61,27,0.36749566600008166,0.3770491803278688,0.8518518518518519,0.384765625,0.65625,0.4140625,0.3333333333333333,shoulder_width,0,23,0,True,True,True,True,True
test/WHO/042301515237099796-WHO.v17.npz,data/local/citizen100_v17/raw/test/WHO/042301515237099796-WHO.mp4,test,WHO,landscape,640,480,56,28,0.32134716600000957,0.42857142857142855,0.8571428571428571,0.430908203125,0.90625,0.09375,0.0,palm_length,0,24,0,True,True,True,True,True
test/WHO/06061818404678454-WHO.v17.npz,data/local/citizen100_v17/raw/test/WHO/06061818404678454-WHO.mp4,test,WHO,landscape,640,480,45,45,0.4189442079999708,1.0,1.0,0.6240234375,0.90625,0.59375,0.9111111111111111,shoulder_width,22,45,0,True,True,True,True,True
test/WHO/10251163827204302-WHO.v17.npz,data/local/citizen100_v17/raw/test/WHO/10251163827204302-WHO.mp4,test,WHO,landscape,640,480,56,25,0.32240649999994275,0.375,0.84,0.39794921875,0.6875,0.0234375,0.04,shoulder_width,0,21,0,True,True,True,True,True
test/WHO/16927688445154376-WHO.v17.npz,data/local/citizen100_v17/raw/test/WHO/16927688445154376-WHO.mp4,test,WHO,landscape,640,480,71,19,0.457498416999897,0.2112676056338028,0.7894736842105263,0.391357421875,0.90625,0.0,0.0,palm_length,15,0,0,True,True,True,True,True
test/WHO/1788921553709799-WHO.v17.npz,data/local/citizen100_v17/raw/test/WHO/1788921553709799-WHO.mp4,test,WHO,landscape,640,480,90,40,0.5750115419999702,0.4,0.9,0.435302734375,0.8125,0.8125,0.825,shoulder_width,0,36,0,True,True,True,True,True
test/WHO/1830009936727366-WHO.v17.npz,data/local/citizen100_v17/raw/test/WHO/1830009936727366-WHO.mp4,test,WHO,landscape,640,480,77,37,0.4812853340000629,0.42857142857142855,0.8918918918918919,0.421875,0.875,0.875,0.8918918918918919,shoulder_width,0,33,0,True,True,True,True,True
test/WHO/2590814753491968-WHO.v17.npz,data/local/citizen100_v17/raw/test/WHO/2590814753491968-WHO.mp4,test,WHO,landscape,960,540,48,21,0.32789550000006784,0.3541666666666667,0.8095238095238095,0.397216796875,0.4375,0.4375,0.42857142857142855,shoulder_width,0,17,0,True,True,True,True,True
test/WHO/60520933432529-WHO.v17.npz,data/local/citizen100_v17/raw/test/WHO/60520933432529-WHO.mp4,test,WHO,landscape,640,480,50,31,0.32424937499990847,0.54,0.8709677419354839,0.427734375,0.8125,0.75,0.8064516129032258,shoulder_width,0,27,0,True,True,True,True,True
test/WHO/6257839200605431-WHO.v17.npz,data/local/citizen100_v17/raw/test/WHO/6257839200605431-WHO.mp4,test,WHO,landscape,640,480,31,21,0.29579200000000583,0.5483870967741935,0.8095238095238095,0.380859375,0.8125,0.8125,0.8095238095238095,shoulder_width,17,0,0,True,True,True,True,True
test/WHO/6339230507709075-WHO.v17.npz,data/local/citizen100_v17/raw/test/WHO/6339230507709075-WHO.mp4,test,WHO,landscape,640,480,88,50,0.5904209159999709,0.5227272727272727,0.92,0.438232421875,0.8125,0.703125,0.82,shoulder_width,2,44,0,True,True,True,True,True
test/WHO/803567742919048-WHO.v17.npz,data/local/citizen100_v17/raw/test/WHO/803567742919048-WHO.mp4,test,WHO,landscape,640,480,96,96,0.7844674579999946,0.84375,0.84375,0.444091796875,0.90625,0.453125,0.010416666666666666,shoulder_width,37,49,0,True,True,True,True,True
test/WHO/8795571081681577-WHO.v17.npz,data/local/citizen100_v17/raw/test/WHO/8795571081681577-WHO.mp4,test,WHO,landscape,640,480,77,33,0.5029719170000817,0.37662337662337664,0.8787878787878788,0.421875,0.75,0.6875,0.7575757575757576,shoulder_width,0,29,0,True,True,True,True,True
test/WHO/9738453337311435-WHO.v17.npz,data/local/citizen100_v17/raw/test/WHO/9738453337311435-WHO.mp4,test,WHO,landscape,640,480,23,23,0.18583441700002368,0.8695652173913043,0.8695652173913043,0.405517578125,0.75,0.75,0.7391304347826086,shoulder_width,20,0,0,True,True,True,True,True
test/WHO/9790302153060182-WHO.v17.npz,data/local/citizen100_v17/raw/test/WHO/9790302153060182-WHO.mp4,test,WHO,landscape,640,480,44,29,0.32117187500000455,0.5681818181818182,0.8620689655172413,0.412841796875,0.875,0.0,0.0,palm_length,25,0,0,True,True,True,True,True
test/WHY/015395985479345287-WHY.v17.npz,data/local/citizen100_v17/raw/test/WHY/015395985479345287-WHY.mp4,test,WHY,landscape,640,480,38,38,0.3301308750000089,0.9473684210526315,0.9473684210526315,0.63671875,0.875,0.5625,0.868421052631579,shoulder_width,22,29,0,True,True,True,True,True
test/WHY/09164331443344143-WHY.v17.npz,data/local/citizen100_v17/raw/test/WHY/09164331443344143-WHY.mp4,test,WHY,landscape,640,480,28,22,0.19035762499993325,0.6428571428571429,0.8181818181818182,0.396484375,0.78125,0.78125,0.7727272727272727,shoulder_width,18,0,0,True,True,True,True,True
test/WHY/15735328773357837-WHY.v17.npz,data/local/citizen100_v17/raw/test/WHY/15735328773357837-WHY.mp4,test,WHY,landscape,640,480,86,35,0.5000577080000994,0.36046511627906974,0.8857142857142857,0.42333984375,0.71875,0.0,0.0,palm_length,31,0,0,True,True,True,True,True
test/WHY/1861131167759893-WHY.v17.npz,data/local/citizen100_v17/raw/test/WHY/1861131167759893-WHY.mp4,test,WHY,landscape,640,480,83,44,0.5208111660000441,0.4457831325301205,0.8409090909090909,0.41748046875,0.75,0.53125,0.20454545454545456,shoulder_width,0,37,0,True,True,True,True,True
test/WHY/2952311704357522-WHY.v17.npz,data/local/citizen100_v17/raw/test/WHY/2952311704357522-WHY.mp4,test,WHY,landscape,640,480,60,29,0.366742375000058,0.4166666666666667,0.8620689655172413,0.406982421875,0.875,0.0,0.0,palm_length,0,25,0,True,True,True,True,True
test/WHY/30163868001403205-WHY.v17.npz,data/local/citizen100_v17/raw/test/WHY/30163868001403205-WHY.mp4,test,WHY,landscape,640,480,96,36,0.6130472500000224,0.3333333333333333,0.8888888888888888,0.424072265625,0.6875,0.515625,0.6944444444444444,shoulder_width,0,32,0,True,True,True,True,True
test/WHY/32965084799922706-WHY.v17.npz,data/local/citizen100_v17/raw/test/WHY/32965084799922706-WHY.mp4,test,WHY,landscape,640,480,60,22,0.36920116700002836,0.2833333333333333,0.7727272727272727,0.40625,0.78125,0.015625,0.0,palm_length,0,17,0,True,True,True,True,True
test/WHY/36979047566586587-WHY.v17.npz,data/local/citizen100_v17/raw/test/WHY/36979047566586587-WHY.mp4,test,WHY,landscape,640,480,38,21,0.2582260839999435,0.4473684210526316,0.8095238095238095,0.397216796875,0.8125,0.421875,0.047619047619047616,shoulder_width,17,0,0,True,True,True,True,True
test/WHY/5584013314005547-WHY.v17.npz,data/local/citizen100_v17/raw/test/WHY/5584013314005547-WHY.mp4,test,WHY,landscape,640,480,96,51,0.6139334580000195,0.4791666666666667,0.9019607843137255,0.45458984375,0.78125,0.3515625,0.0196078431372549,shoulder_width,0,46,0,True,True,True,True,True
test/WHY/576863051440268-WHY.v17.npz,data/local/citizen100_v17/raw/test/WHY/576863051440268-WHY.mp4,test,WHY,landscape,640,480,86,49,0.545119375000013,0.5,0.8775510204081632,0.42041015625,0.84375,0.40625,0.20408163265306123,shoulder_width,0,43,0,True,True,True,True,True
test/WHY/6217493782065597-WHY.v17.npz,data/local/citizen100_v17/raw/test/WHY/6217493782065597-WHY.mp4,test,WHY,landscape,640,480,65,36,0.4045042090000379,0.46153846153846156,0.8333333333333334,0.40625,0.71875,0.25,0.4722222222222222,shoulder_width,30,0,0,True,True,True,True,True
test/WHY/6392085873567048-WHY.v17.npz,data/local/citizen100_v17/raw/test/WHY/6392085873567048-WHY.mp4,test,WHY,landscape,960,540,62,26,0.49475137500007804,0.3225806451612903,0.7692307692307693,0.37646484375,0.96875,0.5,0.9615384615384616,shoulder_width,0,20,0,True,True,True,True,True
test/WHY/7308465390923164-WHY.v17.npz,data/local/citizen100_v17/raw/test/WHY/7308465390923164-WHY.mp4,test,WHY,landscape,640,480,96,37,0.5784234579999747,0.34375,0.8918918918918919,0.422607421875,0.6875,0.40625,0.6756756756756757,shoulder_width,0,33,0,True,True,True,True,True
test/WHY/9178007741963472-WHY.v17.npz,data/local/citizen100_v17/raw/test/WHY/9178007741963472-WHY.mp4,test,WHY,landscape,640,480,75,40,0.4554588749999766,0.48,0.9,0.4375,0.8125,0.765625,0.825,shoulder_width,0,36,0,True,True,True,True,True
test/WOMAN/07128613198470624-WOMAN.v17.npz,data/local/citizen100_v17/raw/test/WOMAN/07128613198470624-WOMAN.mp4,test,WOMAN,landscape,640,480,58,30,0.3570847500000127,0.43103448275862066,0.8333333333333334,0.415283203125,0.59375,0.015625,0.0,palm_length,0,25,0,True,True,True,True,True
test/WOMAN/09194534501318863-WOMAN.v17.npz,data/local/citizen100_v17/raw/test/WOMAN/09194534501318863-WOMAN.mp4,test,WOMAN,landscape,960,540,43,25,0.376374415999976,0.4883720930232558,0.84,0.431640625,0.6875,0.6875,0.68,shoulder_width,0,21,0,True,True,True,True,True
test/WOMAN/0937584694001583-WOMAN.v17.npz,data/local/citizen100_v17/raw/test/WOMAN/0937584694001583-WOMAN.mp4,test,WOMAN,landscape,640,480,42,29,0.3013396249999687,0.5714285714285714,0.8275862068965517,0.425537109375,0.875,0.515625,0.8620689655172413,shoulder_width,24,0,0,True,True,True,True,True
test/WOMAN/11485804269368782-WOMAN.v17.npz,data/local/citizen100_v17/raw/test/WOMAN/11485804269368782-WOMAN.mp4,test,WOMAN,landscape,640,480,39,26,0.25606054200000017,0.5641025641025641,0.8461538461538461,0.416748046875,0.65625,0.0,0.0,palm_length,22,0,0,True,True,True,True,True
test/WOMAN/12356962844957975-WOMAN.v17.npz,data/local/citizen100_v17/raw/test/WOMAN/12356962844957975-WOMAN.mp4,test,WOMAN,landscape,640,480,49,31,0.32544033399994987,0.5510204081632653,0.8709677419354839,0.421142578125,0.8125,0.296875,0.5483870967741935,shoulder_width,27,0,0,True,True,True,True,True
test/WOMAN/15475602014471002-WOMAN.v17.npz,data/local/citizen100_v17/raw/test/WOMAN/15475602014471002-WOMAN.mp4,test,WOMAN,landscape,640,480,63,30,0.37245245799999793,0.4126984126984127,0.8666666666666667,0.4248046875,0.59375,0.0,0.0,palm_length,0,26,0,True,True,True,True,True
test/WOMAN/2308071060871244-WOMAN.v17.npz,data/local/citizen100_v17/raw/test/WOMAN/2308071060871244-WOMAN.mp4,test,WOMAN,landscape,640,480,94,47,0.6051005420000592,0.44680851063829785,0.8936170212765957,0.422607421875,0.875,0.875,0.8723404255319149,shoulder_width,0,42,0,True,True,True,True,True
test/WOMAN/41751768001215694-WOMAN.v17.npz,data/local/citizen100_v17/raw/test/WOMAN/41751768001215694-WOMAN.mp4,test,WOMAN,landscape,640,480,33,18,0.22663812500002223,0.42424242424242425,0.7777777777777778,0.40625,0.96875,0.609375,0.9444444444444444,shoulder_width,14,0,0,True,True,True,True,True
test/WOMAN/452054853359549-WOMAN.v17.npz,data/local/citizen100_v17/raw/test/WOMAN/452054853359549-WOMAN.mp4,test,WOMAN,landscape,640,480,92,92,0.7896965410000121,1.0,1.0,0.640625,0.96875,0.546875,0.18478260869565216,shoulder_width,92,50,0,True,True,True,True,True
test/WOMAN/5874584211477107-WOMAN.v17.npz,data/local/citizen100_v17/raw/test/WOMAN/5874584211477107-WOMAN.mp4,test,WOMAN,landscape,640,480,84,44,0.5084796249999499,0.47619047619047616,0.9090909090909091,0.4375,0.75,0.75,0.75,shoulder_width,0,40,0,True,True,True,True,True
test/WOMAN/5955809588514023-WOMAN.v17.npz,data/local/citizen100_v17/raw/test/WOMAN/5955809588514023-WOMAN.mp4,test,WOMAN,landscape,640,480,84,37,0.5231352089999746,0.39285714285714285,0.8918918918918919,0.428466796875,0.6875,0.6875,0.6756756756756757,shoulder_width,0,33,0,True,True,True,True,True
test/WOMAN/6425925223370912-WOMAN.v17.npz,data/local/citizen100_v17/raw/test/WOMAN/6425925223370912-WOMAN.mp4,test,WOMAN,landscape,640,480,65,39,0.43394850000004226,0.5384615384615384,0.8974358974358975,0.4375,0.84375,0.6015625,0.8461538461538461,shoulder_width,0,35,0,True,True,True,True,True
test/WOMAN/6855019384418222-WOMAN.v17.npz,data/local/citizen100_v17/raw/test/WOMAN/6855019384418222-WOMAN.mp4,test,WOMAN,landscape,640,480,20,18,0.15062570800000685,0.8,0.8888888888888888,0.442626953125,0.5,0.5,0.5,shoulder_width,16,0,0,True,True,True,True,True
test/WOMAN/9414769082542918-WOMAN.v17.npz,data/local/citizen100_v17/raw/test/WOMAN/9414769082542918-WOMAN.mp4,test,WOMAN,landscape,640,480,96,41,0.5439584160000095,0.3854166666666667,0.9024390243902439,0.4375,0.78125,0.640625,0.8048780487804879,shoulder_width,0,37,0,True,True,True,True,True
test/WORK/07008493867456478-WORK.v17.npz,data/local/citizen100_v17/raw/test/WORK/07008493867456478-WORK.mp4,test,WORK,landscape,640,480,55,32,0.3688342499999635,0.509090909090909,0.875,0.73583984375,0.78125,0.3515625,0.53125,shoulder_width,23,23,0,True,True,True,True,True
test/WORK/11428282499097397-WORK.v17.npz,data/local/citizen100_v17/raw/test/WORK/11428282499097397-WORK.mp4,test,WORK,landscape,640,480,67,33,0.434033750000026,0.43283582089552236,0.8787878787878788,0.7021484375,0.75,0.6875,0.7575757575757576,shoulder_width,20,30,0,True,True,True,True,True
test/WORK/16430646158155082-WORK.v17.npz,data/local/citizen100_v17/raw/test/WORK/16430646158155082-WORK.mp4,test,WORK,landscape,640,480,65,42,0.4944987079999237,0.5846153846153846,0.9047619047619048,0.81103515625,0.78125,0.0078125,0.0,palm_length,38,32,0,True,True,True,True,True
test/WORK/23456147121981585-WORK.v17.npz,data/local/citizen100_v17/raw/test/WORK/23456147121981585-WORK.mp4,test,WORK,landscape,640,480,96,50,0.6497332919999508,0.4791666666666667,0.92,0.8583984375,0.96875,0.9296875,0.98,shoulder_width,42,47,0,True,True,True,True,True
test/WORK/2795477323099316-WORK.v17.npz,data/local/citizen100_v17/raw/test/WORK/2795477323099316-WORK.mp4,test,WORK,landscape,640,480,74,44,0.5705055420000917,0.5405405405405406,0.9090909090909091,0.85400390625,0.90625,0.734375,0.9318181818181818,shoulder_width,38,41,0,True,True,True,True,True
test/WORK/4499555412349274-WORK.v17.npz,data/local/citizen100_v17/raw/test/WORK/4499555412349274-WORK.mp4,test,WORK,landscape,640,480,70,29,0.463150292000023,0.35714285714285715,0.8620689655172413,0.7119140625,0.875,0.3125,0.5862068965517241,shoulder_width,16,25,0,True,True,True,True,True
test/WORK/4770356774327982-WORK.v17.npz,data/local/citizen100_v17/raw/test/WORK/4770356774327982-WORK.mp4,test,WORK,landscape,640,480,95,46,0.7007467500000075,0.4421052631578947,0.9130434782608695,0.7880859375,0.875,0.75,0.8913043478260869,shoulder_width,37,40,0,True,True,True,True,True
test/WORK/5227254616703516-WORK.v17.npz,data/local/citizen100_v17/raw/test/WORK/5227254616703516-WORK.mp4,test,WORK,landscape,640,480,68,52,0.6025277090000145,0.7058823529411765,0.9230769230769231,0.78271484375,0.78125,0.59375,0.7884615384615384,shoulder_width,37,48,0,True,True,True,True,True
test/WORK/6027629299585064-WORK.v17.npz,data/local/citizen100_v17/raw/test/WORK/6027629299585064-WORK.mp4,test,WORK,landscape,640,480,69,32,0.4839630409999245,0.4057971014492754,0.875,0.69775390625,0.78125,0.0,0.0,palm_length,19,28,0,True,True,True,True,True
test/WORK/6339527606075348-WORK.v17.npz,data/local/citizen100_v17/raw/test/WORK/6339527606075348-WORK.mp4,test,WORK,landscape,640,480,50,35,0.39541333300007864,0.62,0.8857142857142857,0.69580078125,0.71875,0.6640625,0.7142857142857143,shoulder_width,19,32,0,True,True,True,True,True
test/WORK/6483212787619266-WORK.v17.npz,data/local/citizen100_v17/raw/test/WORK/6483212787619266-WORK.mp4,test,WORK,landscape,640,480,32,25,0.2578248329999724,0.65625,0.84,0.70458984375,0.6875,0.515625,0.68,shoulder_width,16,21,0,True,True,True,True,True
test/WORK/7179499364614612-WORK.v17.npz,data/local/citizen100_v17/raw/test/WORK/7179499364614612-WORK.mp4,test,WORK,landscape,640,480,96,44,0.7105762079999067,0.4166666666666667,0.9090909090909091,0.83984375,0.75,0.65625,0.75,shoulder_width,37,39,0,True,True,True,True,True
test/WORK/8036096309211829-WORK.v17.npz,data/local/citizen100_v17/raw/test/WORK/8036096309211829-WORK.mp4,test,WORK,landscape,960,540,70,30,0.5822652090000702,0.35714285714285715,0.8333333333333334,0.67724609375,0.84375,0.84375,0.8333333333333334,shoulder_width,17,25,0,True,True,True,True,True
test/WORK/8170092529568016-WORK.v17.npz,data/local/citizen100_v17/raw/test/WORK/8170092529568016-WORK.mp4,test,WORK,landscape,640,480,96,43,0.6607118339999261,0.40625,0.9069767441860465,0.7470703125,0.75,0.0,0.023255813953488372,shoulder_width,39,30,0,True,True,True,True,True
test/WORK/8701253074811803-WORK.v17.npz,data/local/citizen100_v17/raw/test/WORK/8701253074811803-WORK.mp4,test,WORK,landscape,640,480,47,25,0.3353887079999822,0.425531914893617,0.8,0.79443359375,0.6875,0.5234375,0.68,shoulder_width,19,19,0,True,True,True,True,True
test/WRITE/038974698230258786-WRITE.v17.npz,data/local/citizen100_v17/raw/test/WRITE/038974698230258786-WRITE.mp4,test,WRITE,landscape,640,480,75,40,0.5317312079999965,0.48,0.9,0.81787109375,0.8125,0.46875,0.825,shoulder_width,35,30,0,True,True,True,True,True
test/WRITE/0999990986760626-WRITE.v17.npz,data/local/citizen100_v17/raw/test/WRITE/0999990986760626-WRITE.mp4,test,WRITE,landscape,640,480,66,39,0.4692462499999692,0.5303030303030303,0.8974358974358975,0.73974609375,0.84375,0.140625,0.02564102564102564,shoulder_width,33,29,0,True,True,True,True,True
test/WRITE/17177027793632993-WRITE.v17.npz,data/local/citizen100_v17/raw/test/WRITE/17177027793632993-WRITE.mp4,test,WRITE,landscape,640,480,70,50,0.5183655829999907,0.6285714285714286,0.88,0.83349609375,0.8125,0.65625,0.82,shoulder_width,41,41,0,True,True,True,True,True
test/WRITE/28644332710493026-WRITE.v17.npz,data/local/citizen100_v17/raw/test/WRITE/28644332710493026-WRITE.mp4,test,WRITE,landscape,640,480,68,68,0.5937065409999605,1.0,1.0,0.73291015625,0.9375,0.0,0.0,palm_length,35,68,0,True,True,True,True,True
test/WRITE/32579010273379394-WRITE.v17.npz,data/local/citizen100_v17/raw/test/WRITE/32579010273379394-WRITE.mp4,test,WRITE,landscape,640,480,96,80,0.743930459000012,0.5833333333333334,0.7,0.650390625,0.90625,0.90625,0.9125,shoulder_width,54,51,0,True,True,True,True,True
test/WRITE/3482678416066407-WRITE.v17.npz,data/local/citizen100_v17/raw/test/WRITE/3482678416066407-WRITE.mp4,test,WRITE,landscape,640,480,61,37,0.4429858329999661,0.5245901639344263,0.8648648648648649,0.79248046875,0.875,0.609375,0.8918918918918919,shoulder_width,27,32,0,True,True,True,True,True
test/WRITE/35097013272968836-WRITE.v17.npz,data/local/citizen100_v17/raw/test/WRITE/35097013272968836-WRITE.mp4,test,WRITE,landscape,960,540,72,34,0.5800500829999464,0.3888888888888889,0.8235294117647058,0.677734375,0.71875,0.5546875,0.7352941176470589,shoulder_width,27,21,0,True,True,True,True,True
test/WRITE/618543700116903-WRITE.v17.npz,data/local/citizen100_v17/raw/test/WRITE/618543700116903-WRITE.mp4,test,WRITE,landscape,640,480,96,61,0.6917239169999903,0.5416666666666666,0.8524590163934426,0.69775390625,0.90625,0.875,0.9344262295081968,shoulder_width,37,51,0,True,True,True,True,True
test/WRITE/8695896404892567-WRITE.v17.npz,data/local/citizen100_v17/raw/test/WRITE/8695896404892567-WRITE.mp4,test,WRITE,landscape,640,480,96,59,0.6812740840000515,0.5729166666666666,0.9322033898305084,0.84521484375,0.9375,0.8046875,0.9661016949152542,shoulder_width,54,47,0,True,True,True,True,True
test/WRITE/8903054743444117-WRITE.v17.npz,data/local/citizen100_v17/raw/test/WRITE/8903054743444117-WRITE.mp4,test,WRITE,landscape,640,480,75,48,0.5803899170000477,0.5733333333333334,0.8958333333333334,0.69775390625,0.84375,0.6328125,0.8541666666666666,shoulder_width,24,40,0,True,True,True,True,True
test/WRITE/8940834130363486-WRITE.v17.npz,data/local/citizen100_v17/raw/test/WRITE/8940834130363486-WRITE.mp4,test,WRITE,landscape,640,480,27,21,0.23069187499993404,0.6296296296296297,0.8095238095238095,0.6728515625,0.8125,0.0,0.0,palm_length,14,15,0,True,True,True,True,True
test/WRITE/9173898440387622-WRITE.v17.npz,data/local/citizen100_v17/raw/test/WRITE/9173898440387622-WRITE.mp4,test,WRITE,landscape,640,480,69,46,0.5476718749999918,0.6086956521739131,0.9130434782608695,0.8310546875,0.71875,0.6328125,0.717391304347826,shoulder_width,40,41,0,True,True,True,True,True
test/YEAR/013886274329008907-YEAR.v17.npz,data/local/citizen100_v17/raw/test/YEAR/013886274329008907-YEAR.mp4,test,YEAR,landscape,640,480,86,48,0.6610089999999218,0.5116279069767442,0.9166666666666666,0.81689453125,0.84375,0.84375,0.8541666666666666,shoulder_width,36,43,0,True,True,True,True,True
test/YEAR/08090451600558746-YEAR.v17.npz,data/local/citizen100_v17/raw/test/YEAR/08090451600558746-YEAR.mp4,test,YEAR,landscape,640,480,92,44,0.6624171250000472,0.3804347826086957,0.7954545454545454,0.68017578125,0.9375,0.9375,0.9318181818181818,shoulder_width,27,31,0,True,True,True,True,True
test/YEAR/2330293199408191-YEAR.v17.npz,data/local/citizen100_v17/raw/test/YEAR/2330293199408191-YEAR.mp4,test,YEAR,landscape,640,480,69,37,0.4780383329999722,0.463768115942029,0.8648648648648649,0.57568359375,0.875,0.0,0.0,palm_length,17,27,0,True,True,True,True,True
test/YEAR/2724933845029811-YEAR.v17.npz,data/local/citizen100_v17/raw/test/YEAR/2724933845029811-YEAR.mp4,test,YEAR,landscape,640,480,73,45,0.537640250000095,0.5616438356164384,0.9111111111111111,0.75830078125,0.875,0.875,0.9111111111111111,shoulder_width,29,41,0,True,True,True,True,True
test/YEAR/3413515011784971-YEAR.v17.npz,data/local/citizen100_v17/raw/test/YEAR/3413515011784971-YEAR.mp4,test,YEAR,landscape,640,480,71,39,0.5317643329999555,0.49295774647887325,0.8974358974358975,0.84521484375,0.84375,0.015625,0.05128205128205128,shoulder_width,29,34,0,True,True,True,True,True
test/YEAR/5420082138524283-YEAR.v17.npz,data/local/citizen100_v17/raw/test/YEAR/5420082138524283-YEAR.mp4,test,YEAR,landscape,640,480,95,80,0.8303807499999039,0.8,0.95,0.7685546875,0.90625,0.78125,0.9125,shoulder_width,71,62,0,True,True,True,True,True
test/YEAR/578321221600814-YEAR.v17.npz,data/local/citizen100_v17/raw/test/YEAR/578321221600814-YEAR.mp4,test,YEAR,landscape,640,480,32,18,0.21494016700000884,0.4375,0.7777777777777778,0.58203125,0.53125,0.4140625,0.5,shoulder_width,13,8,0,True,True,True,True,True
test/YEAR/5991757826723607-YEAR.v17.npz,data/local/citizen100_v17/raw/test/YEAR/5991757826723607-YEAR.mp4,test,YEAR,landscape,640,480,79,36,0.5447528329999614,0.3924050632911392,0.8611111111111112,0.787109375,0.6875,0.2421875,0.4722222222222222,shoulder_width,28,28,0,True,True,True,True,True
test/YEAR/756097656914722-YEAR.v17.npz,data/local/citizen100_v17/raw/test/YEAR/756097656914722-YEAR.mp4,test,YEAR,landscape,960,540,50,31,0.4283067090000259,0.5,0.8064516129032258,0.76123046875,0.8125,0.8125,0.8064516129032258,shoulder_width,21,22,0,True,True,True,True,True
test/YEAR/7701956517148509-YEAR.v17.npz,data/local/citizen100_v17/raw/test/YEAR/7701956517148509-YEAR.mp4,test,YEAR,landscape,640,480,82,41,0.5511132500000713,0.43902439024390244,0.8780487804878049,0.74609375,0.78125,0.6015625,0.8048780487804879,shoulder_width,31,26,0,True,True,True,True,True
test/YEAR/9294205798192716-YEAR.v17.npz,data/local/citizen100_v17/raw/test/YEAR/9294205798192716-YEAR.mp4,test,YEAR,landscape,640,480,37,32,0.30794254199997795,0.8108108108108109,0.9375,0.7822265625,0.78125,0.5234375,0.78125,shoulder_width,22,28,0,True,True,True,True,True
test/YEAR/9400684698102117-YEAR.v17.npz,data/local/citizen100_v17/raw/test/YEAR/9400684698102117-YEAR.mp4,test,YEAR,landscape,640,480,44,21,0.2966971249999233,0.38636363636363635,0.8095238095238095,0.7373046875,0.8125,0.71875,0.8095238095238095,shoulder_width,17,15,0,True,True,True,True,True
test/YES/029563612799205163-YES.v17.npz,data/local/citizen100_v17/raw/test/YES/029563612799205163-YES.mp4,test,YES,landscape,640,480,75,42,0.5920766250000042,0.5066666666666667,0.9047619047619048,0.433837890625,0.96875,0.4453125,0.5952380952380952,shoulder_width,0,38,0,True,True,True,True,True
test/YES/05574938180658928-YES.v17.npz,data/local/citizen100_v17/raw/test/YES/05574938180658928-YES.mp4,test,YES,landscape,640,480,32,24,0.23744808300000386,0.65625,0.875,0.397216796875,0.71875,0.0,0.0,palm_length,21,0,0,True,True,True,True,True
test/YES/09905526235759088-YES.v17.npz,data/local/citizen100_v17/raw/test/YES/09905526235759088-YES.mp4,test,YES,landscape,640,480,35,30,0.2795414999999366,0.7428571428571429,0.8666666666666667,0.439697265625,0.84375,0.5625,0.8333333333333334,shoulder_width,26,0,0,True,True,True,True,True
test/YES/41279108584600577-YES.v17.npz,data/local/citizen100_v17/raw/test/YES/41279108584600577-YES.mp4,test,YES,landscape,640,480,92,42,0.6873951669999769,0.41304347826086957,0.9047619047619048,0.427001953125,0.78125,0.59375,0.7857142857142857,shoulder_width,0,38,0,True,True,True,True,True
test/YES/5327840336837257-YES.v17.npz,data/local/citizen100_v17/raw/test/YES/5327840336837257-YES.mp4,test,YES,landscape,640,480,17,16,0.1373063330000832,0.7058823529411765,0.75,0.33642578125,0.5625,0.421875,0.5625,shoulder_width,12,0,0,True,True,True,True,True
test/YES/541403296602635-YES.v17.npz,data/local/citizen100_v17/raw/test/YES/541403296602635-YES.mp4,test,YES,landscape,640,480,74,31,0.4933690419999266,0.36486486486486486,0.8709677419354839,0.416748046875,0.8125,0.546875,0.8064516129032258,shoulder_width,0,27,0,True,True,True,True,True
test/YES/7199652013477922-YES.v17.npz,data/local/citizen100_v17/raw/test/YES/7199652013477922-YES.mp4,test,YES,landscape,640,480,91,53,0.5999665000000505,0.5384615384615384,0.9245283018867925,0.447265625,0.90625,0.6796875,0.9245283018867925,shoulder_width,0,49,0,True,True,True,True,True
test/YES/7442618628569746-YES.v17.npz,data/local/citizen100_v17/raw/test/YES/7442618628569746-YES.mp4,test,YES,landscape,640,480,93,33,0.5374055829998952,0.3118279569892473,0.8787878787878788,0.421142578125,0.75,0.0,0.0,palm_length,0,29,0,True,True,True,True,True
test/YES/9605571410103191-YES.v17.npz,data/local/citizen100_v17/raw/test/YES/9605571410103191-YES.mp4,test,YES,landscape,640,480,96,64,0.6000789170000189,0.4479166666666667,0.671875,0.32373046875,0.875,0.0,0.015625,shoulder_width,0,43,0,True,True,True,True,True
test/YES/9782863224987515-YES.v17.npz,data/local/citizen100_v17/raw/test/YES/9782863224987515-YES.mp4,test,YES,landscape,640,480,40,32,0.27347170899997764,0.7,0.875,0.424072265625,0.78125,0.2109375,0.28125,shoulder_width,28,0,0,True,True,True,True,True
test/YESTERDAY/000884691765486556-YESTERDAY.v17.npz,data/local/citizen100_v17/raw/test/YESTERDAY/000884691765486556-YESTERDAY.mp4,test,YESTERDAY,landscape,640,480,91,41,0.6492005000000063,0.4065934065934066,0.9024390243902439,0.436767578125,0.8125,0.5234375,0.24390243902439024,shoulder_width,0,37,0,True,True,True,True,True
test/YESTERDAY/027291208517367993-YESTERDAY.v17.npz,data/local/citizen100_v17/raw/test/YESTERDAY/027291208517367993-YESTERDAY.mp4,test,YESTERDAY,landscape,640,480,81,39,0.493648500000063,0.43209876543209874,0.8974358974358975,0.433837890625,0.84375,0.7421875,0.8461538461538461,shoulder_width,0,35,0,True,True,True,True,True
test/YESTERDAY/11933967548667712-YESTERDAY.v17.npz,data/local/citizen100_v17/raw/test/YESTERDAY/11933967548667712-YESTERDAY.mp4,test,YESTERDAY,landscape,960,540,69,36,0.526809041999968,0.463768115942029,0.8888888888888888,0.4345703125,0.6875,0.578125,0.6944444444444444,shoulder_width,0,32,0,True,True,True,True,True
test/YESTERDAY/1289596772932744-YESTERDAY.v17.npz,data/local/citizen100_v17/raw/test/YESTERDAY/1289596772932744-YESTERDAY.mp4,test,YESTERDAY,landscape,640,480,67,38,0.4136428330000399,0.5074626865671642,0.8947368421052632,0.42041015625,0.875,0.65625,0.868421052631579,shoulder_width,0,34,0,True,True,True,True,True
test/YESTERDAY/13747281140128242-YESTERDAY.v17.npz,data/local/citizen100_v17/raw/test/YESTERDAY/13747281140128242-YESTERDAY.mp4,test,YESTERDAY,landscape,640,480,96,50,0.5674920420000262,0.4791666666666667,0.92,0.4560546875,0.96875,0.890625,0.98,shoulder_width,0,46,0,True,True,True,True,True
test/YESTERDAY/43139871301294774-YESTERDAY.v17.npz,data/local/citizen100_v17/raw/test/YESTERDAY/43139871301294774-YESTERDAY.mp4,test,YESTERDAY,landscape,640,480,27,23,0.1933790420000605,0.7777777777777778,0.9130434782608695,0.449462890625,0.75,0.0,0.0,palm_length,0,21,0,True,True,True,True,True
test/YESTERDAY/46290986255523303-YESTERDAY.v17.npz,data/local/citizen100_v17/raw/test/YESTERDAY/46290986255523303-YESTERDAY.mp4,test,YESTERDAY,landscape,640,480,79,40,0.4990825830000176,0.45569620253164556,0.9,0.43017578125,0.84375,0.0234375,0.025,shoulder_width,0,36,0,True,True,True,True,True
test/YESTERDAY/6410841738338511-YESTERDAY.v17.npz,data/local/citizen100_v17/raw/test/YESTERDAY/6410841738338511-YESTERDAY.mp4,test,YESTERDAY,landscape,640,480,52,38,0.34680800000001,0.6538461538461539,0.8947368421052632,0.416015625,0.65625,0.0625,0.02631578947368421,shoulder_width,33,1,0,True,True,True,True,True
test/YESTERDAY/6494908330153699-YESTERDAY.v17.npz,data/local/citizen100_v17/raw/test/YESTERDAY/6494908330153699-YESTERDAY.mp4,test,YESTERDAY,landscape,640,480,69,33,0.4255270410000094,0.42028985507246375,0.8787878787878788,0.421875,0.75,0.078125,0.030303030303030304,shoulder_width,0,29,0,True,True,True,True,True
test/YESTERDAY/7373342341096676-YESTERDAY.v17.npz,data/local/citizen100_v17/raw/test/YESTERDAY/7373342341096676-YESTERDAY.mp4,test,YESTERDAY,landscape,640,480,42,38,0.3004042090000212,0.8571428571428571,0.9473684210526315,0.46728515625,0.875,0.6171875,0.05263157894736842,shoulder_width,36,0,0,True,True,True,True,True
test/YESTERDAY/7911341127275311-YESTERDAY.v17.npz,data/local/citizen100_v17/raw/test/YESTERDAY/7911341127275311-YESTERDAY.mp4,test,YESTERDAY,landscape,640,480,45,33,0.29792425000005096,0.6444444444444445,0.8787878787878788,0.415283203125,0.75,0.2109375,0.2727272727272727,shoulder_width,29,0,0,True,True,True,True,True
test/YOU/01653635897919692-YOU.v17.npz,data/local/citizen100_v17/raw/test/YOU/01653635897919692-YOU.mp4,test,YOU,landscape,640,480,96,39,0.573189124999999,0.3645833333333333,0.8974358974358975,0.428466796875,0.84375,0.84375,0.8461538461538461,shoulder_width,0,35,0,True,True,True,True,True
test/YOU/03323585576449206-YOU.v17.npz,data/local/citizen100_v17/raw/test/YOU/03323585576449206-YOU.mp4,test,YOU,landscape,640,480,40,30,0.26886595799999213,0.65,0.8666666666666667,0.427001953125,0.84375,0.0,0.0,palm_length,26,0,0,True,True,True,True,True
test/YOU/2585581282288061-YOU.v17.npz,data/local/citizen100_v17/raw/test/YOU/2585581282288061-YOU.mp4,test,YOU,landscape,640,480,66,24,0.3846547079999709,0.30303030303030304,0.8333333333333334,0.380126953125,0.6875,0.0,0.0,palm_length,0,20,0,True,True,True,True,True
test/YOU/39734251970462897-YOU.v17.npz,data/local/citizen100_v17/raw/test/YOU/39734251970462897-YOU.mp4,test,YOU,landscape,960,540,35,20,0.26572670900009143,0.4,0.7,0.34375,0.875,0.265625,0.45,shoulder_width,0,14,0,True,True,True,True,True
test/YOU/4091388061019394-YOU.v17.npz,data/local/citizen100_v17/raw/test/YOU/4091388061019394-YOU.mp4,test,YOU,landscape,640,480,76,35,0.50802945800001,0.40789473684210525,0.8857142857142857,0.41357421875,0.9375,0.7734375,0.9428571428571428,shoulder_width,0,31,0,True,True,True,True,True
test/YOU/4615046990058205-YOU.v17.npz,data/local/citizen100_v17/raw/test/YOU/4615046990058205-YOU.mp4,test,YOU,landscape,640,480,71,39,0.5269471249999924,0.49295774647887325,0.8974358974358975,0.412109375,0.84375,0.7890625,0.8461538461538461,shoulder_width,0,35,0,True,True,True,True,True
test/YOU/548210838440605-YOU.v17.npz,data/local/citizen100_v17/raw/test/YOU/548210838440605-YOU.mp4,test,YOU,landscape,640,480,94,44,0.7249579159999939,0.4148936170212766,0.8863636363636364,0.42626953125,0.9375,0.46875,0.0,palm_length,0,39,0,True,True,True,True,True
test/YOU/5521129539800975-YOU.v17.npz,data/local/citizen100_v17/raw/test/YOU/5521129539800975-YOU.mp4,test,YOU,landscape,640,480,96,24,0.5776278749999619,0.20833333333333334,0.8333333333333334,0.38623046875,0.71875,0.1953125,0.041666666666666664,shoulder_width,0,20,0,True,True,True,True,True
test/YOU/6198968659630029-YOU.v17.npz,data/local/citizen100_v17/raw/test/YOU/6198968659630029-YOU.mp4,test,YOU,landscape,640,480,96,34,0.6093187910000779,0.3125,0.8823529411764706,0.43310546875,0.71875,0.6640625,0.7352941176470589,shoulder_width,0,30,0,True,True,True,True,True
test/YOU/6436088371555648-YOU.v17.npz,data/local/citizen100_v17/raw/test/YOU/6436088371555648-YOU.mp4,test,YOU,landscape,640,480,21,21,0.16440383400004066,0.7619047619047619,0.7619047619047619,0.375,0.8125,0.8125,0.8095238095238095,shoulder_width,16,0,0,True,True,True,True,True
test/YOU/7900211756909432-YOU.v17.npz,data/local/citizen100_v17/raw/test/YOU/7900211756909432-YOU.mp4,test,YOU,landscape,640,480,31,21,0.21414049999998497,0.5483870967741935,0.8095238095238095,0.38232421875,0.84375,0.03125,0.047619047619047616,shoulder_width,17,0,0,True,True,True,True,True
test/YOU/9902995590504236-YOU.v17.npz,data/local/citizen100_v17/raw/test/YOU/9902995590504236-YOU.mp4,test,YOU,landscape,640,480,32,23,0.22539575000007517,0.59375,0.8260869565217391,0.381591796875,0.75,0.5625,0.7391304347826086,shoulder_width,19,0,0,True,True,True,True,True
test/YOUR/217732808571379-YOUR.v17.npz,data/local/citizen100_v17/raw/test/YOUR/217732808571379-YOUR.mp4,test,YOUR,landscape,640,480,37,23,0.2402065420000099,0.5135135135135135,0.8260869565217391,0.390625,0.75,0.0,0.0,palm_length,19,0,0,True,True,True,True,True
test/YOUR/22369668985632774-YOUR.v17.npz,data/local/citizen100_v17/raw/test/YOUR/22369668985632774-YOUR.mp4,test,YOUR,landscape,640,480,90,36,0.5615359590000253,0.35555555555555557,0.8888888888888888,0.421875,0.90625,0.90625,0.9166666666666666,shoulder_width,0,32,0,True,True,True,True,True
test/YOUR/23930496479405083-YOUR.v17.npz,data/local/citizen100_v17/raw/test/YOUR/23930496479405083-YOUR.mp4,test,YOUR,landscape,640,480,47,32,0.31043575000001056,0.5957446808510638,0.875,0.416748046875,0.78125,0.1484375,0.03125,shoulder_width,28,0,0,True,True,True,True,True
test/YOUR/32521170014807677-YOUR.v17.npz,data/local/citizen100_v17/raw/test/YOUR/32521170014807677-YOUR.mp4,test,YOUR,landscape,640,480,26,19,0.1830872080000745,0.5769230769230769,0.7894736842105263,0.385498046875,0.5,0.375,0.47368421052631576,shoulder_width,15,0,0,True,True,True,True,True
test/YOUR/32919672988377324-YOUR.v17.npz,data/local/citizen100_v17/raw/test/YOUR/32919672988377324-YOUR.mp4,test,YOUR,landscape,960,540,62,36,0.4760908749999544,0.3064516129032258,0.5277777777777778,0.256591796875,0.71875,0.6015625,0.6944444444444444,shoulder_width,0,19,0,True,True,True,True,True
test/YOUR/4629799276503057-YOUR.v17.npz,data/local/citizen100_v17/raw/test/YOUR/4629799276503057-YOUR.mp4,test,YOUR,landscape,640,480,61,28,0.3605565000000297,0.39344262295081966,0.8571428571428571,0.422607421875,0.90625,0.546875,0.8928571428571429,shoulder_width,0,24,0,True,True,True,True,True
test/YOUR/6305839235811999-YOUR.v17.npz,data/local/citizen100_v17/raw/test/YOUR/6305839235811999-YOUR.mp4,test,YOUR,landscape,640,480,49,29,0.31711554200001046,0.5102040816326531,0.8620689655172413,0.412841796875,0.875,0.0,0.0,palm_length,25,0,0,True,True,True,True,True
test/YOUR/6342542561480597-YOUR.v17.npz,data/local/citizen100_v17/raw/test/YOUR/6342542561480597-YOUR.mp4,test,YOUR,landscape,640,480,66,30,0.4058729170000106,0.3939393939393939,0.8666666666666667,0.424072265625,0.59375,0.1640625,0.03333333333333333,shoulder_width,0,26,0,True,True,True,True,True
test/YOUR/755833870854435-YOUR.v17.npz,data/local/citizen100_v17/raw/test/YOUR/755833870854435-YOUR.mp4,test,YOUR,landscape,640,480,96,35,0.5996916249999913,0.3229166666666667,0.8857142857142857,0.4248046875,0.6875,0.6875,0.7142857142857143,shoulder_width,0,31,0,True,True,True,True,True
test/YOUR/8184724937356351-YOUR.v17.npz,data/local/citizen100_v17/raw/test/YOUR/8184724937356351-YOUR.mp4,test,YOUR,landscape,640,480,72,28,0.42488491699998576,0.3194444444444444,0.8214285714285714,0.406982421875,0.59375,0.015625,0.03571428571428571,shoulder_width,0,23,0,True,True,True,True,True
test/YOUR/8911716236979184-YOUR.v17.npz,data/local/citizen100_v17/raw/test/YOUR/8911716236979184-YOUR.mp4,test,YOUR,landscape,640,480,96,63,0.6070836249999729,0.40625,0.6190476190476191,0.310302734375,0.875,0.875,0.9047619047619048,shoulder_width,0,39,0,True,True,True,True,True
train/ANGRY/031021396234431675-ANGRY.v17.npz,data/local/citizen100_v17/raw/train/ANGRY/031021396234431675-ANGRY.mp4,train,ANGRY,landscape,640,480,45,28,1.1770065840000001,0.5111111111111111,0.8214285714285714,0.74169921875,0.90625,0.015625,0.03571428571428571,shoulder_width,15,22,0,True,True,True,True,True
train/ANGRY/10882043871893354-ANGRY.v17.npz,data/local/citizen100_v17/raw/train/ANGRY/10882043871893354-ANGRY.mp4,train,ANGRY,landscape,640,480,93,45,1.438267583,0.44086021505376344,0.9111111111111111,0.80517578125,0.90625,0.140625,0.2222222222222222,shoulder_width,39,37,0,True,True,True,True,True
train/ANGRY/10940148878980427-seedANGRY.v17.npz,data/local/citizen100_v17/raw/train/ANGRY/10940148878980427-seedANGRY.mp4,train,ANGRY,landscape,640,480,96,26,0.9390142920000004,0.22916666666666666,0.8461538461538461,0.7978515625,0.65625,0.65625,0.6538461538461539,shoulder_width,21,22,0,True,True,True,True,True
train/ANGRY/10954121875598655-ANGRY.v17.npz,data/local/citizen100_v17/raw/train/ANGRY/10954121875598655-ANGRY.mp4,train,ANGRY,landscape,640,480,82,42,0.9115379170000004,0.4634146341463415,0.9047619047619048,0.802734375,0.78125,0.296875,0.5952380952380952,shoulder_width,32,38,0,True,True,True,True,True
train/ANGRY/1490020062593329-ANGRY.v17.npz,data/local/citizen100_v17/raw/train/ANGRY/1490020062593329-ANGRY.mp4,train,ANGRY,landscape,640,480,70,34,0.9673198329999995,0.42857142857142855,0.8823529411764706,0.85107421875,0.96875,0.734375,0.9705882352941176,shoulder_width,29,30,0,True,True,True,True,True
train/ANGRY/15471453286217618-ANGRY.v17.npz,data/local/citizen100_v17/raw/train/ANGRY/15471453286217618-ANGRY.mp4,train,ANGRY,landscape,640,480,77,38,0.7992355840000007,0.42857142857142855,0.868421052631579,0.69775390625,0.875,0.5625,0.868421052631579,shoulder_width,24,33,0,True,True,True,True,True
train/ANGRY/20697031230645102-ANGRY.v17.npz,data/local/citizen100_v17/raw/train/ANGRY/20697031230645102-ANGRY.mp4,train,ANGRY,landscape,640,480,67,38,0.9558352079999999,0.4925373134328358,0.868421052631579,0.8134765625,0.875,0.46875,0.868421052631579,shoulder_width,31,33,0,True,True,True,True,True
train/ANGRY/3709997507310303-ANGRY.v17.npz,data/local/citizen100_v17/raw/train/ANGRY/3709997507310303-ANGRY.mp4,train,ANGRY,landscape,640,480,95,48,2.048447791000001,0.45263157894736844,0.8958333333333334,0.8427734375,0.84375,0.6875,0.8541666666666666,shoulder_width,41,42,0,True,True,True,True,True
train/ANGRY/4989883733959082-ANGRY.v17.npz,data/local/citizen100_v17/raw/train/ANGRY/4989883733959082-ANGRY.mp4,train,ANGRY,landscape,640,480,74,39,1.7854207080000002,0.47297297297297297,0.8974358974358975,0.6962890625,0.84375,0.3359375,0.6410256410256411,shoulder_width,24,35,0,True,True,True,True,True
train/ANGRY/5083164294431413-ANGRY.v17.npz,data/local/citizen100_v17/raw/train/ANGRY/5083164294431413-ANGRY.mp4,train,ANGRY,landscape,640,480,38,28,0.7254202920000008,0.5789473684210527,0.7857142857142857,0.6748046875,0.90625,0.90625,0.8928571428571429,shoulder_width,19,20,0,True,True,True,True,True
train/ANGRY/6566938551150332-ANGRY.v17.npz,data/local/citizen100_v17/raw/train/ANGRY/6566938551150332-ANGRY.mp4,train,ANGRY,landscape,640,480,72,42,0.9385844999999993,0.5277777777777778,0.9047619047619048,0.77734375,0.78125,0.3125,0.23809523809523808,shoulder_width,31,37,0,True,True,True,True,True
train/ANGRY/759118073893563-ANGRY.v17.npz,data/local/citizen100_v17/raw/train/ANGRY/759118073893563-ANGRY.mp4,train,ANGRY,landscape,640,480,47,19,0.4414383330000007,0.3191489361702128,0.7894736842105263,0.693359375,0.46875,0.46875,0.47368421052631576,shoulder_width,12,15,0,True,True,True,True,True
train/ANGRY/8760933146179861-ANGRY.v17.npz,data/local/citizen100_v17/raw/train/ANGRY/8760933146179861-ANGRY.mp4,train,ANGRY,landscape,640,480,96,54,0.9497086250000013,0.5208333333333334,0.9259259259259259,0.83642578125,0.875,0.765625,0.9074074074074074,shoulder_width,47,49,0,True,True,True,True,True
train/ANGRY/9181226657270911-ANGRY.v17.npz,data/local/citizen100_v17/raw/train/ANGRY/9181226657270911-ANGRY.mp4,train,ANGRY,landscape,640,480,51,24,0.5635956249999978,0.39215686274509803,0.8333333333333334,0.7666015625,0.71875,0.6328125,0.7083333333333334,shoulder_width,19,19,0,True,True,True,True,True
train/ANSWER/005579742365455331-ANSWER.v17.npz,data/local/citizen100_v17/raw/train/ANSWER/005579742365455331-ANSWER.mp4,train,ANSWER,landscape,640,480,92,54,0.9221814160000008,0.5434782608695652,0.9259259259259259,0.85400390625,0.90625,0.8046875,0.9074074074074074,shoulder_width,47,47,0,True,True,True,True,True
train/ANSWER/013172617492703598-ANSWER.v17.npz,data/local/citizen100_v17/raw/train/ANSWER/013172617492703598-ANSWER.mp4,train,ANSWER,landscape,640,480,57,39,0.6455464579999983,0.6140350877192983,0.8974358974358975,0.80126953125,0.8125,0.765625,0.8461538461538461,shoulder_width,31,33,0,True,True,True,True,True
train/ANSWER/04815473598941056-ANSWER.v17.npz,data/local/citizen100_v17/raw/train/ANSWER/04815473598941056-ANSWER.mp4,train,ANSWER,landscape,640,480,45,23,0.45154587500000076,0.4222222222222222,0.8260869565217391,0.70166015625,0.75,0.75,0.7391304347826086,shoulder_width,18,15,0,True,True,True,True,True
train/ANSWER/05952151597804578-ANSWER.v17.npz,data/local/citizen100_v17/raw/train/ANSWER/05952151597804578-ANSWER.mp4,train,ANSWER,landscape,640,480,56,35,0.5649475419999987,0.5535714285714286,0.8857142857142857,0.75439453125,0.6875,0.6875,0.7142857142857143,shoulder_width,23,31,0,True,True,True,True,True
train/ANSWER/08105598822367299-ANSWER.v17.npz,data/local/citizen100_v17/raw/train/ANSWER/08105598822367299-ANSWER.mp4,train,ANSWER,landscape,640,480,91,75,1.9373691659999999,0.8021978021978022,0.9733333333333334,0.60205078125,0.96875,0.8984375,0.9733333333333334,shoulder_width,73,36,0,True,True,True,True,True
train/ANSWER/1313083161632871-ANSWER.v17.npz,data/local/citizen100_v17/raw/train/ANSWER/1313083161632871-ANSWER.mp4,train,ANSWER,landscape,640,480,49,27,1.1436621249999988,0.46938775510204084,0.8518518518518519,0.79931640625,0.9375,0.703125,0.9259259259259259,shoulder_width,21,23,0,True,True,True,True,True
train/ANSWER/19241432942777004-ANSWER.v17.npz,data/local/citizen100_v17/raw/train/ANSWER/19241432942777004-ANSWER.mp4,train,ANSWER,landscape,640,480,56,33,0.7959970419999998,0.5178571428571429,0.8787878787878788,0.63916015625,0.75,0.390625,0.7575757575757576,shoulder_width,20,28,0,True,True,True,True,True
train/ANSWER/25219438634060487-ANSWER.v17.npz,data/local/citizen100_v17/raw/train/ANSWER/25219438634060487-ANSWER.mp4,train,ANSWER,landscape,640,480,70,26,0.8650327910000009,0.2571428571428571,0.6923076923076923,0.59130859375,0.65625,0.65625,0.6538461538461539,shoulder_width,16,13,0,True,True,True,True,True
train/ANSWER/3854742008436718-ANSWER.v17.npz,data/local/citizen100_v17/raw/train/ANSWER/3854742008436718-ANSWER.mp4,train,ANSWER,landscape,640,480,86,41,1.0606068330000014,0.43023255813953487,0.9024390243902439,0.72021484375,0.8125,0.0,0.0,palm_length,23,37,0,True,True,True,True,True
train/ANSWER/45912047707286807-ANSWER.v17.npz,data/local/citizen100_v17/raw/train/ANSWER/45912047707286807-ANSWER.mp4,train,ANSWER,landscape,640,480,60,35,0.5222604590000017,0.5166666666666667,0.8857142857142857,0.7666015625,0.6875,0.3515625,0.7142857142857143,shoulder_width,27,29,0,True,True,True,True,True
train/ANSWER/7197750542965466-ANSWER.v17.npz,data/local/citizen100_v17/raw/train/ANSWER/7197750542965466-ANSWER.mp4,train,ANSWER,landscape,640,480,96,36,0.7438303329999982,0.3333333333333333,0.8888888888888888,0.8251953125,0.71875,0.546875,0.6944444444444444,shoulder_width,31,32,0,True,True,True,True,True
train/ANSWER/7858853502569851-ANSWER.v17.npz,data/local/citizen100_v17/raw/train/ANSWER/7858853502569851-ANSWER.mp4,train,ANSWER,landscape,640,480,65,44,0.5086569169999997,0.6153846153846154,0.9090909090909091,0.74267578125,0.9375,0.2890625,0.5681818181818182,shoulder_width,28,40,0,True,True,True,True,True
train/ANSWER/8669225425641554-seedANSWER.v17.npz,data/local/citizen100_v17/raw/train/ANSWER/8669225425641554-seedANSWER.mp4,train,ANSWER,landscape,640,480,96,38,0.7770576249999976,0.3541666666666667,0.8947368421052632,0.8037109375,0.875,0.875,0.868421052631579,shoulder_width,30,34,0,True,True,True,True,True
train/ANSWER/9097292443262588-ANSWER.v17.npz,data/local/citizen100_v17/raw/train/ANSWER/9097292443262588-ANSWER.mp4,train,ANSWER,landscape,640,480,55,30,0.4052654579999988,0.4727272727272727,0.8666666666666667,0.73974609375,0.84375,0.7109375,0.8333333333333334,shoulder_width,23,26,0,True,True,True,True,True
train/ANSWER/9541483765592456-ANSWER.v17.npz,data/local/citizen100_v17/raw/train/ANSWER/9541483765592456-ANSWER.mp4,train,ANSWER,landscape,640,480,75,44,0.6644767499999986,0.5333333333333333,0.9090909090909091,0.82275390625,0.9375,0.890625,0.9318181818181818,shoulder_width,36,39,0,True,True,True,True,True
train/ANSWER/9701285835763032-ANSWER.v17.npz,data/local/citizen100_v17/raw/train/ANSWER/9701285835763032-ANSWER.mp4,train,ANSWER,landscape,640,480,52,18,0.3230411669999995,0.2692307692307692,0.7777777777777778,0.47705078125,0.5,0.5,0.5,shoulder_width,3,14,0,True,True,True,True,True
train/ASK/07578464379765082-ASK.v17.npz,data/local/citizen100_v17/raw/train/ASK/07578464379765082-ASK.mp4,train,ASK,landscape,640,480,96,34,0.5734054579999999,0.3125,0.8823529411764706,0.424072265625,0.71875,0.546875,0.7352941176470589,shoulder_width,30,0,0,True,True,True,True,True
train/ASK/2295384916053822-ASK.v17.npz,data/local/citizen100_v17/raw/train/ASK/2295384916053822-ASK.mp4,train,ASK,landscape,640,480,39,25,0.2604682500000024,0.5641025641025641,0.88,0.409912109375,1.0,0.921875,1.0,shoulder_width,0,22,0,True,True,True,True,True
train/ASK/2629108059091052-ASK.v17.npz,data/local/citizen100_v17/raw/train/ASK/2629108059091052-ASK.mp4,train,ASK,landscape,640,480,53,31,0.6173474580000011,0.49056603773584906,0.8387096774193549,0.412841796875,0.8125,0.546875,0.8064516129032258,shoulder_width,26,0,0,True,True,True,True,True
train/ASK/4350117815065837-ASK.v17.npz,data/local/citizen100_v17/raw/train/ASK/4350117815065837-ASK.mp4,train,ASK,landscape,640,480,74,40,0.8160184170000022,0.4864864864864865,0.9,0.43603515625,0.84375,0.84375,0.825,shoulder_width,0,36,0,True,True,True,True,True
train/ASK/5662653500807588-ASK.v17.npz,data/local/citizen100_v17/raw/train/ASK/5662653500807588-ASK.mp4,train,ASK,landscape,640,480,68,35,1.3370650829999988,0.4411764705882353,0.8571428571428571,0.47314453125,0.71875,0.375,0.7142857142857143,shoulder_width,5,30,0,True,True,True,True,True
train/ASK/656039289068084-ASK.v17.npz,data/local/citizen100_v17/raw/train/ASK/656039289068084-ASK.mp4,train,ASK,landscape,640,480,44,22,0.36110970800000075,0.36363636363636365,0.7272727272727273,0.352783203125,0.78125,0.78125,0.7727272727272727,shoulder_width,0,16,0,True,True,True,True,True
train/ASK/6706457733210773-ASK.v17.npz,data/local/citizen100_v17/raw/train/ASK/6706457733210773-ASK.mp4,train,ASK,landscape,640,480,77,46,0.6339493750000003,0.5454545454545454,0.9130434782608695,0.4345703125,0.875,0.75,0.8913043478260869,shoulder_width,42,0,0,True,True,True,True,True
train/ASK/6763157955886321-ASK.v17.npz,data/local/citizen100_v17/raw/train/ASK/6763157955886321-ASK.mp4,train,ASK,landscape,640,480,46,22,0.38962691700000107,0.391304347826087,0.8181818181818182,0.38330078125,0.78125,0.5859375,0.7727272727272727,shoulder_width,0,18,0,True,True,True,True,True
train/ASK/7072821167111014-ASK.v17.npz,data/local/citizen100_v17/raw/train/ASK/7072821167111014-ASK.mp4,train,ASK,landscape,640,480,55,27,0.4436502080000011,0.41818181818181815,0.8518518518518519,0.400390625,0.9375,0.703125,0.9259259259259259,shoulder_width,0,23,0,True,True,True,True,True
train/ASK/7414475346730574-ASK.v17.npz,data/local/citizen100_v17/raw/train/ASK/7414475346730574-ASK.mp4,train,ASK,landscape,640,480,53,25,0.41987533300000024,0.39622641509433965,0.84,0.42041015625,0.6875,0.6875,0.68,shoulder_width,0,21,0,True,True,True,True,True
train/ASK/8888684132386102-ASK.v17.npz,data/local/citizen100_v17/raw/train/ASK/8888684132386102-ASK.mp4,train,ASK,landscape,640,480,96,17,0.6106968329999987,0.13541666666666666,0.7647058823529411,0.386962890625,0.5625,0.0,0.0,palm_length,0,13,0,True,True,True,True,True
train/ASK/9468049272199688-ASK.v17.npz,data/local/citizen100_v17/raw/train/ASK/9468049272199688-ASK.mp4,train,ASK,landscape,640,480,96,36,0.6305002500000043,0.3333333333333333,0.8888888888888888,0.425537109375,0.6875,0.6875,0.6944444444444444,shoulder_width,0,32,0,True,True,True,True,True
train/ASK/9643840474305965-seedASK.v17.npz,data/local/citizen100_v17/raw/train/ASK/9643840474305965-seedASK.mp4,train,ASK,landscape,640,480,96,27,0.5900434580000038,0.23958333333333334,0.8518518518518519,0.42626953125,0.625,0.625,0.6296296296296297,shoulder_width,0,23,0,True,True,True,True,True
train/ASK/9984673314288812-ASK.v17.npz,data/local/citizen100_v17/raw/train/ASK/9984673314288812-ASK.mp4,train,ASK,landscape,640,480,55,21,0.3970617080000025,0.3090909090909091,0.8095238095238095,0.386962890625,0.84375,0.7421875,0.8095238095238095,shoulder_width,0,17,0,True,True,True,True,True
train/BAD/008134541577476506-BAD.v17.npz,data/local/citizen100_v17/raw/train/BAD/008134541577476506-BAD.mp4,train,BAD,landscape,640,480,67,15,0.46402037499999693,0.13432835820895522,0.6,0.3154296875,0.0625,0.046875,0.06666666666666667,shoulder_width,9,0,0,True,True,True,True,True
train/BAD/026903804811550636-BAD.v17.npz,data/local/citizen100_v17/raw/train/BAD/026903804811550636-BAD.mp4,train,BAD,landscape,640,480,89,47,0.669449874999998,0.4606741573033708,0.8723404255319149,0.412841796875,0.875,0.7109375,0.2127659574468085,shoulder_width,1,40,0,True,True,True,True,True
train/BAD/06213765949527894-BAD.v17.npz,data/local/citizen100_v17/raw/train/BAD/06213765949527894-BAD.mp4,train,BAD,landscape,640,480,51,29,0.4998054580000044,0.49019607843137253,0.8620689655172413,0.4375,0.5625,0.015625,0.034482758620689655,shoulder_width,0,25,0,True,True,True,True,True
train/BAD/16659435197682293-BAD.v17.npz,data/local/citizen100_v17/raw/train/BAD/16659435197682293-BAD.mp4,train,BAD,landscape,640,480,59,36,0.5750881250000006,0.4915254237288136,0.8055555555555556,0.456787109375,0.71875,0.0234375,0.027777777777777776,shoulder_width,4,29,0,True,True,True,True,True
train/BAD/2507302256262631-BAD.v17.npz,data/local/citizen100_v17/raw/train/BAD/2507302256262631-BAD.mp4,train,BAD,landscape,640,480,46,23,0.37744166599999573,0.41304347826086957,0.8260869565217391,0.40625,0.75,0.578125,0.391304347826087,shoulder_width,0,19,0,True,True,True,True,True
train/BAD/26378912740269156-BAD.v17.npz,data/local/citizen100_v17/raw/train/BAD/26378912740269156-BAD.mp4,train,BAD,landscape,640,480,38,15,0.29748408399999704,0.2894736842105263,0.7333333333333333,0.34814453125,0.625,0.484375,0.6,shoulder_width,0,11,0,True,True,True,True,True
train/BAD/27067652476321635-BAD.v17.npz,data/local/citizen100_v17/raw/train/BAD/27067652476321635-BAD.mp4,train,BAD,landscape,640,480,66,27,0.47352612499999935,0.30303030303030304,0.7407407407407407,0.3623046875,0.65625,0.5078125,0.6296296296296297,shoulder_width,0,20,0,True,True,True,True,True
train/BAD/41399470555461226-BAD.v17.npz,data/local/citizen100_v17/raw/train/BAD/41399470555461226-BAD.mp4,train,BAD,landscape,640,480,49,27,0.38826424999999887,0.46938775510204084,0.8518518518518519,0.42626953125,0.65625,0.65625,0.6296296296296297,shoulder_width,0,23,0,True,True,True,True,True
train/BAD/5312089456577771-BAD.v17.npz,data/local/citizen100_v17/raw/train/BAD/5312089456577771-BAD.mp4,train,BAD,landscape,640,480,34,18,0.24217358300000313,0.38235294117647056,0.7222222222222222,0.34814453125,0.5,0.0,0.0,palm_length,0,13,0,True,True,True,True,True
train/BAD/5971513744254144-BAD.v17.npz,data/local/citizen100_v17/raw/train/BAD/5971513744254144-BAD.mp4,train,BAD,landscape,640,480,72,31,0.7163313749999958,0.375,0.8709677419354839,0.421875,0.5625,0.2890625,0.5483870967741935,shoulder_width,0,27,0,True,True,True,True,True
train/BAD/6558607659620332-BAD.v17.npz,data/local/citizen100_v17/raw/train/BAD/6558607659620332-BAD.mp4,train,BAD,landscape,640,480,96,48,0.9917919589999968,0.22916666666666666,0.4583333333333333,0.219482421875,0.875,0.6171875,0.8541666666666666,shoulder_width,0,22,0,True,True,True,True,True
train/BAD/7715727494452564-seedBAD.v17.npz,data/local/citizen100_v17/raw/train/BAD/7715727494452564-seedBAD.mp4,train,BAD,landscape,640,480,96,24,1.0084214169999939,0.20833333333333334,0.8333333333333334,0.388427734375,0.71875,0.71875,0.7083333333333334,shoulder_width,0,20,0,True,True,True,True,True
train/BAD/8500068040222597-BAD.v17.npz,data/local/citizen100_v17/raw/train/BAD/8500068040222597-BAD.mp4,train,BAD,landscape,640,480,78,45,1.0110276669999934,0.5256410256410257,0.9111111111111111,0.43310546875,0.90625,0.375,0.4,shoulder_width,41,0,0,True,True,True,True,True
train/BIG/0010547472856581308-BIG.v17.npz,data/local/citizen100_v17/raw/train/BIG/0010547472856581308-BIG.mp4,train,BIG,landscape,640,480,81,47,1.0381957920000033,0.5308641975308642,0.9148936170212766,0.84814453125,0.875,0.78125,0.8723404255319149,shoulder_width,43,42,0,True,True,True,True,True
train/BIG/02604937104585603-BIG.v17.npz,data/local/citizen100_v17/raw/train/BIG/02604937104585603-BIG.mp4,train,BIG,landscape,640,480,43,22,0.7432570839999997,0.4186046511627907,0.8181818181818182,0.724609375,0.78125,0.6875,0.7727272727272727,shoulder_width,18,15,0,True,True,True,True,True
train/BIG/03884623593153802-BIG.v17.npz,data/local/citizen100_v17/raw/train/BIG/03884623593153802-BIG.mp4,train,BIG,landscape,640,480,50,30,0.7242930419999993,0.5,0.8333333333333334,0.77294921875,0.84375,0.015625,0.03333333333333333,shoulder_width,21,24,0,True,True,True,True,True
train/BIG/08906569344299342-seedBIG.v17.npz,data/local/citizen100_v17/raw/train/BIG/08906569344299342-seedBIG.mp4,train,BIG,landscape,640,480,96,23,1.1451542499999974,0.19791666666666666,0.8260869565217391,0.771484375,0.75,0.75,0.7391304347826086,shoulder_width,19,18,0,True,True,True,True,True
train/BIG/11499358307656138-BIG.v17.npz,data/local/citizen100_v17/raw/train/BIG/11499358307656138-BIG.mp4,train,BIG,landscape,640,480,96,38,1.1820318749999998,0.3541666666666667,0.8947368421052632,0.82958984375,0.65625,0.4453125,0.6578947368421053,shoulder_width,33,34,0,True,True,True,True,True
train/BIG/30572430340937906-BIG.v17.npz,data/local/citizen100_v17/raw/train/BIG/30572430340937906-BIG.mp4,train,BIG,landscape,640,480,51,39,0.551372666000006,0.5882352941176471,0.7692307692307693,0.6123046875,0.84375,0.5390625,0.8461538461538461,shoulder_width,28,23,0,True,True,True,True,True
train/BIG/3622847632586421-BIG.v17.npz,data/local/citizen100_v17/raw/train/BIG/3622847632586421-BIG.mp4,train,BIG,landscape,640,480,91,53,0.855913582999996,0.3076923076923077,0.5283018867924528,0.412109375,0.90625,0.3984375,0.7735849056603774,shoulder_width,22,28,0,True,True,True,True,True
train/BIG/3717896319825944-BIG.v17.npz,data/local/citizen100_v17/raw/train/BIG/3717896319825944-BIG.mp4,train,BIG,landscape,640,480,77,49,0.8581210830000003,0.5844155844155844,0.9183673469387755,0.79296875,0.8125,0.34375,0.1836734693877551,shoulder_width,35,45,0,True,True,True,True,True
train/BIG/46877398582210783-BIG.v17.npz,data/local/citizen100_v17/raw/train/BIG/46877398582210783-BIG.mp4,train,BIG,landscape,640,480,50,28,0.5520084999999995,0.48,0.8571428571428571,0.7626953125,0.59375,0.0078125,0.0,palm_length,20,24,0,True,True,True,True,True
train/BIG/4804674718153057-BIG.v17.npz,data/local/citizen100_v17/raw/train/BIG/4804674718153057-BIG.mp4,train,BIG,landscape,640,480,65,31,0.6741647090000029,0.4,0.8387096774193549,0.76806640625,0.8125,0.8125,0.8064516129032258,shoulder_width,23,25,0,True,True,True,True,True
train/BIG/5984958993020424-BIG.v17.npz,data/local/citizen100_v17/raw/train/BIG/5984958993020424-BIG.mp4,train,BIG,landscape,640,480,46,28,0.49713700000000216,0.5217391304347826,0.8571428571428571,0.81103515625,0.59375,0.0078125,0.0,palm_length,22,24,0,True,True,True,True,True
train/BIG/62983148818386-BIG.v17.npz,data/local/citizen100_v17/raw/train/BIG/62983148818386-BIG.mp4,train,BIG,landscape,640,480,52,30,0.7060644170000003,0.5,0.8666666666666667,0.81982421875,0.84375,0.0625,0.06666666666666667,shoulder_width,26,25,0,True,True,True,True,True
train/BIG/7266634930515181-BIG.v17.npz,data/local/citizen100_v17/raw/train/BIG/7266634930515181-BIG.mp4,train,BIG,landscape,640,480,51,40,0.6267853339999974,0.6470588235294118,0.825,0.70703125,0.8125,0.125,0.025,shoulder_width,27,31,0,True,True,True,True,True
train/BIG/7436952444697802-BIG.v17.npz,data/local/citizen100_v17/raw/train/BIG/7436952444697802-BIG.mp4,train,BIG,landscape,640,480,68,35,0.8024686670000065,0.45588235294117646,0.8857142857142857,0.76123046875,0.71875,0.3671875,0.7142857142857143,shoulder_width,25,31,0,True,True,True,True,True
train/BIG/9354080358924928-BIG.v17.npz,data/local/citizen100_v17/raw/train/BIG/9354080358924928-BIG.mp4,train,BIG,landscape,640,480,46,24,0.7437599580000054,0.41304347826086957,0.7916666666666666,0.69873046875,0.71875,0.71875,0.7083333333333334,shoulder_width,18,17,0,True,True,True,True,True
train/CHILD/051129576627691575-CHILD.v17.npz,data/local/citizen100_v17/raw/train/CHILD/051129576627691575-CHILD.mp4,train,CHILD,landscape,640,480,96,21,0.7924963329999954,0.16666666666666666,0.7619047619047619,0.39501953125,0.84375,0.7421875,0.8095238095238095,shoulder_width,0,16,0,True,True,True,True,True
train/CHILD/06754700554069304-CHILD.v17.npz,data/local/citizen100_v17/raw/train/CHILD/06754700554069304-CHILD.mp4,train,CHILD,landscape,640,480,86,44,0.761694833,0.45348837209302323,0.8863636363636364,0.411376953125,0.75,0.015625,0.045454545454545456,shoulder_width,0,39,0,True,True,True,True,True
train/CHILD/255672019328512-CHILD.v17.npz,data/local/citizen100_v17/raw/train/CHILD/255672019328512-CHILD.mp4,train,CHILD,landscape,640,480,50,31,0.4722056660000007,0.54,0.8709677419354839,0.42626953125,0.8125,0.015625,0.03225806451612903,shoulder_width,0,27,0,True,True,True,True,True
train/CHILD/2976678151413328-CHILD.v17.npz,data/local/citizen100_v17/raw/train/CHILD/2976678151413328-CHILD.mp4,train,CHILD,landscape,640,480,96,66,0.8170409579999927,0.3541666666666667,0.5151515151515151,0.274658203125,0.96875,0.90625,0.9848484848484849,shoulder_width,0,34,0,True,True,True,True,True
train/CHILD/3386580429363426-CHILD.v17.npz,data/local/citizen100_v17/raw/train/CHILD/3386580429363426-CHILD.mp4,train,CHILD,landscape,640,480,48,23,0.4398643749999991,0.3541666666666667,0.7391304347826086,0.397216796875,0.75,0.75,0.7391304347826086,shoulder_width,0,17,0,True,True,True,True,True
train/CHILD/3790665114648748-CHILD.v17.npz,data/local/citizen100_v17/raw/train/CHILD/3790665114648748-CHILD.mp4,train,CHILD,landscape,640,480,83,38,0.8425145409999999,0.40963855421686746,0.8947368421052632,0.412841796875,0.84375,0.421875,0.868421052631579,shoulder_width,0,34,0,True,True,True,True,True
train/CHILD/4858472789695838-CHILD.v17.npz,data/local/citizen100_v17/raw/train/CHILD/4858472789695838-CHILD.mp4,train,CHILD,landscape,640,480,71,43,0.6240504999999956,0.5492957746478874,0.9069767441860465,0.431640625,0.75,0.109375,0.23255813953488372,shoulder_width,0,39,0,True,True,True,True,True
train/CHILD/6234298185670768-CHILD.v17.npz,data/local/citizen100_v17/raw/train/CHILD/6234298185670768-CHILD.mp4,train,CHILD,landscape,640,480,63,29,0.8053545420000034,0.3968253968253968,0.8620689655172413,0.412841796875,0.59375,0.375,0.5862068965517241,shoulder_width,25,0,0,True,True,True,True,True
train/CHILD/6481545727928246-CHILD.v17.npz,data/local/citizen100_v17/raw/train/CHILD/6481545727928246-CHILD.mp4,train,CHILD,landscape,640,480,71,50,0.9366725000000002,0.5633802816901409,0.8,0.4033203125,0.96875,0.859375,0.98,shoulder_width,0,40,0,True,True,True,True,True
train/CHILD/6537920676433713-CHILD.v17.npz,data/local/citizen100_v17/raw/train/CHILD/6537920676433713-CHILD.mp4,train,CHILD,landscape,640,480,93,57,0.9455188339999978,0.5698924731182796,0.9298245614035088,0.458251953125,0.84375,0.84375,0.8596491228070176,shoulder_width,0,53,0,True,True,True,True,True
train/CHILD/7135716445345803-seedCHILD.v17.npz,data/local/citizen100_v17/raw/train/CHILD/7135716445345803-seedCHILD.mp4,train,CHILD,landscape,640,480,96,38,0.6926872920000022,0.3541666666666667,0.8947368421052632,0.427001953125,0.875,0.875,0.868421052631579,shoulder_width,0,34,0,True,True,True,True,True
train/CHILD/7310198714610268-CHILD.v17.npz,data/local/citizen100_v17/raw/train/CHILD/7310198714610268-CHILD.mp4,train,CHILD,landscape,640,480,87,58,0.6092101249999899,0.6206896551724138,0.9310344827586207,0.45751953125,0.96875,0.96875,0.9827586206896551,shoulder_width,54,0,0,True,True,True,True,True
train/CHILD/7594303316212625-CHILD.v17.npz,data/local/citizen100_v17/raw/train/CHILD/7594303316212625-CHILD.mp4,train,CHILD,landscape,640,480,47,25,0.2689523749999978,0.3829787234042553,0.72,0.381591796875,0.6875,0.6875,0.68,shoulder_width,0,18,0,True,True,True,True,True
train/CHILD/8652391037919274-CHILD.v17.npz,data/local/citizen100_v17/raw/train/CHILD/8652391037919274-CHILD.mp4,train,CHILD,landscape,640,480,76,37,0.46701570800000525,0.4342105263157895,0.8918918918918919,0.4248046875,0.875,0.7109375,0.8918918918918919,shoulder_width,0,33,0,True,True,True,True,True
train/CHILD/8750457609054456-CHILD.v17.npz,data/local/citizen100_v17/raw/train/CHILD/8750457609054456-CHILD.mp4,train,CHILD,landscape,640,480,69,40,0.422799334000004,0.5217391304347826,0.9,0.4345703125,0.8125,0.5625,0.825,shoulder_width,0,36,0,True,True,True,True,True
train/CHILD/9135734547445884-CHILD.v17.npz,data/local/citizen100_v17/raw/train/CHILD/9135734547445884-CHILD.mp4,train,CHILD,landscape,640,480,96,38,0.5170256669999986,0.3541666666666667,0.8947368421052632,0.42333984375,0.875,0.765625,0.868421052631579,shoulder_width,34,0,0,True,True,True,True,True
train/COLD/11466999035726255-COLD.v17.npz,data/local/citizen100_v17/raw/train/COLD/11466999035726255-COLD.mp4,train,COLD,landscape,640,480,67,34,0.5022392910000093,0.43283582089552236,0.8529411764705882,0.76318359375,0.96875,0.046875,0.058823529411764705,shoulder_width,29,27,0,True,True,True,True,True
train/COLD/17656377523560773-COLD.v17.npz,data/local/citizen100_v17/raw/train/COLD/17656377523560773-COLD.mp4,train,COLD,landscape,640,480,59,37,0.46807375000000206,0.559322033898305,0.8918918918918919,0.771484375,0.875,0.6640625,0.8918918918918919,shoulder_width,29,33,0,True,True,True,True,True
train/COLD/27259190630226193-COLD.v17.npz,data/local/citizen100_v17/raw/train/COLD/27259190630226193-COLD.mp4,train,COLD,landscape,640,480,50,37,0.3835217499999999,0.66,0.8918918918918919,0.70556640625,0.6875,0.3515625,0.6756756756756757,shoulder_width,24,33,0,True,True,True,True,True
train/COLD/39992598966476045-COLD.v17.npz,data/local/citizen100_v17/raw/train/COLD/39992598966476045-COLD.mp4,train,COLD,landscape,640,480,50,33,0.39066550000001143,0.58,0.8787878787878788,0.77978515625,0.75,0.015625,0.030303030303030304,shoulder_width,25,28,0,True,True,True,True,True
train/COLD/40997457816037786-COLD.v17.npz,data/local/citizen100_v17/raw/train/COLD/40997457816037786-COLD.mp4,train,COLD,landscape,640,480,56,30,0.4060175409999971,0.4642857142857143,0.8666666666666667,0.82080078125,0.84375,0.84375,0.8333333333333334,shoulder_width,25,25,0,True,True,True,True,True
train/COLD/5391135538624647-COLD.v17.npz,data/local/citizen100_v17/raw/train/COLD/5391135538624647-COLD.mp4,train,COLD,landscape,640,480,71,37,0.5264907499999936,0.4507042253521127,0.8648648648648649,0.79296875,0.875,0.875,0.8918918918918919,shoulder_width,31,32,0,True,True,True,True,True
train/COLD/5765213045805393-COLD.v17.npz,data/local/citizen100_v17/raw/train/COLD/5765213045805393-COLD.mp4,train,COLD,landscape,640,480,96,43,0.7047152079999961,0.3958333333333333,0.8837209302325582,0.7822265625,0.9375,0.7109375,0.9534883720930233,shoulder_width,31,38,0,True,True,True,True,True
train/COLD/6077539816507953-COLD.v17.npz,data/local/citizen100_v17/raw/train/COLD/6077539816507953-COLD.mp4,train,COLD,landscape,640,480,89,61,0.704259499999992,0.651685393258427,0.9508196721311475,0.79833984375,0.9375,0.8125,0.9344262295081968,shoulder_width,55,50,0,True,True,True,True,True
train/COLD/6113894949381462-seedCOLD.v17.npz,data/local/citizen100_v17/raw/train/COLD/6113894949381462-seedCOLD.mp4,train,COLD,landscape,640,480,96,26,0.6626328749999999,0.22916666666666666,0.8461538461538461,0.78857421875,0.96875,0.7421875,0.9615384615384616,shoulder_width,21,22,0,True,True,True,True,True
train/COLD/6256497117761755-COLD.v17.npz,data/local/citizen100_v17/raw/train/COLD/6256497117761755-COLD.mp4,train,COLD,landscape,640,480,55,30,0.491081125000008,0.45454545454545453,0.8333333333333334,0.7822265625,0.84375,0.7109375,0.8333333333333334,shoulder_width,23,25,0,True,True,True,True,True
train/COLD/6864880477398156-COLD.v17.npz,data/local/citizen100_v17/raw/train/COLD/6864880477398156-COLD.mp4,train,COLD,landscape,640,480,96,40,0.6990951249999995,0.375,0.9,0.8603515625,0.8125,0.0078125,0.0,palm_length,34,35,0,True,True,True,True,True
train/COLD/8543628437567765-COLD.v17.npz,data/local/citizen100_v17/raw/train/COLD/8543628437567765-COLD.mp4,train,COLD,landscape,640,480,96,75,0.6495137080000006,0.4375,0.56,0.494873046875,0.96875,0.625,0.9733333333333334,shoulder_width,37,40,0,True,True,True,True,True
train/COLD/8701465924878977-COLD.v17.npz,data/local/citizen100_v17/raw/train/COLD/8701465924878977-COLD.mp4,train,COLD,landscape,640,480,95,50,0.7097880830000065,0.4842105263157895,0.92,0.865234375,0.8125,0.4921875,0.82,shoulder_width,45,44,0,True,True,True,True,True
train/COLD/9157460455592226-COLD.v17.npz,data/local/citizen100_v17/raw/train/COLD/9157460455592226-COLD.mp4,train,COLD,landscape,640,480,55,21,0.3616396660000021,0.3090909090909091,0.8095238095238095,0.671875,0.4375,0.234375,0.42857142857142855,shoulder_width,17,13,0,True,True,True,True,True
train/COLD/9912276588256546-COLD.v17.npz,data/local/citizen100_v17/raw/train/COLD/9912276588256546-COLD.mp4,train,COLD,landscape,640,480,96,49,0.6940054580000066,0.46875,0.9183673469387755,0.80712890625,1.0,1.0,1.0,shoulder_width,37,45,0,True,True,True,True,True
train/COME/010997145882042814-seedCOME.v17.npz,data/local/citizen100_v17/raw/train/COME/010997145882042814-seedCOME.mp4,train,COME,landscape,640,480,96,39,0.6270090839999938,0.3645833333333333,0.8974358974358975,0.428466796875,0.84375,0.84375,0.8461538461538461,shoulder_width,0,35,0,True,True,True,True,True
train/COME/0165763043403353-COME.v17.npz,data/local/citizen100_v17/raw/train/COME/0165763043403353-COME.mp4,train,COME,landscape,640,480,53,31,0.3497555419999969,0.49056603773584906,0.8387096774193549,0.395751953125,0.8125,0.0,0.0,palm_length,0,26,0,True,True,True,True,True
train/COME/055732368427704904-COME.v17.npz,data/local/citizen100_v17/raw/train/COME/055732368427704904-COME.mp4,train,COME,landscape,640,480,96,27,0.5311686249999923,0.23958333333333334,0.8518518518518519,0.40771484375,0.34375,0.625,0.6296296296296297,shoulder_width,23,0,0,True,True,True,True,True
train/COME/27472288337812434-COME.v17.npz,data/local/citizen100_v17/raw/train/COME/27472288337812434-COME.mp4,train,COME,landscape,640,480,61,24,0.36296337500000675,0.32786885245901637,0.8333333333333334,0.384765625,0.71875,0.0,0.0,palm_length,0,20,0,True,True,True,True,True
train/COME/3537345851274545-COME.v17.npz,data/local/citizen100_v17/raw/train/COME/3537345851274545-COME.mp4,train,COME,landscape,640,480,56,29,0.3406342499999937,0.44642857142857145,0.8620689655172413,0.416748046875,0.59375,0.03125,0.034482758620689655,shoulder_width,0,25,0,True,True,True,True,True
train/COME/39081440676355306-COME.v17.npz,data/local/citizen100_v17/raw/train/COME/39081440676355306-COME.mp4,train,COME,landscape,640,480,52,28,0.38044849999999997,0.4423076923076923,0.8214285714285714,0.4345703125,0.59375,0.15625,0.03571428571428571,shoulder_width,0,23,0,True,True,True,True,True
train/COME/3921320702075002-COME.v17.npz,data/local/citizen100_v17/raw/train/COME/3921320702075002-COME.mp4,train,COME,landscape,640,480,71,35,0.5022524999999973,0.39436619718309857,0.8,0.359375,0.6875,0.0,0.0,palm_length,0,28,0,True,True,True,True,True
train/COME/42561609545136014-COME.v17.npz,data/local/citizen100_v17/raw/train/COME/42561609545136014-COME.mp4,train,COME,landscape,640,480,40,22,0.2857146670000077,0.375,0.6818181818181818,0.31982421875,0.78125,0.78125,0.7727272727272727,shoulder_width,0,15,0,True,True,True,True,True
train/COME/45473820037956725-COME.v17.npz,data/local/citizen100_v17/raw/train/COME/45473820037956725-COME.mp4,train,COME,landscape,640,480,83,83,0.7075295420000032,0.9879518072289156,0.9879518072289156,0.458251953125,0.96875,0.90625,0.9759036144578314,shoulder_width,77,24,0,True,True,True,True,True
train/COME/5245211280359048-COME.v17.npz,data/local/citizen100_v17/raw/train/COME/5245211280359048-COME.mp4,train,COME,landscape,640,480,60,18,0.385769499999995,0.18333333333333332,0.6111111111111112,0.27001953125,0.96875,0.03125,0.05555555555555555,shoulder_width,1,10,0,True,True,True,True,True
train/COME/5774324878258876-COME.v17.npz,data/local/citizen100_v17/raw/train/COME/5774324878258876-COME.mp4,train,COME,landscape,640,480,52,25,0.3581387079999985,0.38461538461538464,0.8,0.400390625,0.6875,0.0234375,0.04,shoulder_width,20,0,0,True,True,True,True,True
train/COME/7764581525163443-COME.v17.npz,data/local/citizen100_v17/raw/train/COME/7764581525163443-COME.mp4,train,COME,landscape,640,480,40,20,0.23159737500000688,0.35,0.7,0.380859375,0.46875,0.46875,0.45,shoulder_width,0,14,0,True,True,True,True,True
train/COME/826349513489413-COME.v17.npz,data/local/citizen100_v17/raw/train/COME/826349513489413-COME.mp4,train,COME,landscape,640,480,58,17,0.38730937500000095,0.20689655172413793,0.7058823529411765,0.33642578125,0.5625,0.5625,0.5294117647058824,shoulder_width,0,12,0,True,True,True,True,True
train/COME/8761272343943907-COME.v17.npz,data/local/citizen100_v17/raw/train/COME/8761272343943907-COME.mp4,train,COME,landscape,640,480,89,37,0.5987516670000019,0.3707865168539326,0.8918918918918919,0.41064453125,0.875,0.6640625,0.8918918918918919,shoulder_width,33,0,0,True,True,True,True,True
train/COME/9733473831041732-COME.v17.npz,data/local/citizen100_v17/raw/train/COME/9733473831041732-COME.mp4,train,COME,landscape,640,480,67,41,0.4373866249999878,0.5522388059701493,0.9024390243902439,0.399658203125,0.8125,0.0390625,0.04878048780487805,shoulder_width,37,0,0,True,True,True,True,True
train/DAY/1526741914242873-DAY.v17.npz,data/local/citizen100_v17/raw/train/DAY/1526741914242873-DAY.mp4,train,DAY,landscape,640,480,94,44,0.6206379169999963,0.425531914893617,0.9090909090909091,0.80078125,0.75,0.75,0.75,shoulder_width,34,37,0,True,True,True,True,True
train/DAY/18566632058805044-seedDAY.v17.npz,data/local/citizen100_v17/raw/train/DAY/18566632058805044-seedDAY.mp4,train,DAY,landscape,640,480,96,24,0.5518994159999977,0.20833333333333334,0.8333333333333334,0.61181640625,0.6875,0.6875,0.7083333333333334,shoulder_width,11,20,0,True,True,True,True,True
train/DAY/2127361825953915-DAY.v17.npz,data/local/citizen100_v17/raw/train/DAY/2127361825953915-DAY.mp4,train,DAY,landscape,640,480,67,33,0.3761134999999882,0.2835820895522388,0.5757575757575758,0.253662109375,0.75,0.1484375,0.2727272727272727,shoulder_width,0,19,0,True,True,True,True,True
train/DAY/22177855833836602-DAY.v17.npz,data/local/citizen100_v17/raw/train/DAY/22177855833836602-DAY.mp4,train,DAY,landscape,640,480,63,41,0.4629532499999982,0.5555555555555556,0.8536585365853658,0.53515625,0.8125,0.5234375,0.8048780487804879,shoulder_width,10,35,0,True,True,True,True,True
train/DAY/22682052489427296-DAY.v17.npz,data/local/citizen100_v17/raw/train/DAY/22682052489427296-DAY.mp4,train,DAY,landscape,640,480,96,52,0.7308621250000016,0.5,0.9230769230769231,0.83349609375,0.78125,0.703125,0.7884615384615384,shoulder_width,46,43,0,True,True,True,True,True
train/DAY/33248134847065836-DAY.v17.npz,data/local/citizen100_v17/raw/train/DAY/33248134847065836-DAY.mp4,train,DAY,landscape,640,480,52,33,0.37404820899999436,0.5,0.7878787878787878,0.603515625,0.75,0.5625,0.7575757575757576,shoulder_width,24,13,0,True,True,True,True,True
train/DAY/38496706091783506-DAY.v17.npz,data/local/citizen100_v17/raw/train/DAY/38496706091783506-DAY.mp4,train,DAY,landscape,640,480,96,45,0.6515889999999871,0.4270833333333333,0.9111111111111111,0.67333984375,0.71875,0.71875,0.7333333333333333,shoulder_width,21,41,0,True,True,True,True,True
train/DAY/45882506624568764-DAY.v17.npz,data/local/citizen100_v17/raw/train/DAY/45882506624568764-DAY.mp4,train,DAY,landscape,640,480,75,40,0.5693454170000081,0.48,0.9,0.55224609375,0.8125,0.7109375,0.825,shoulder_width,11,34,0,True,True,True,True,True
train/DAY/5240267173967887-DAY.v17.npz,data/local/citizen100_v17/raw/train/DAY/5240267173967887-DAY.mp4,train,DAY,landscape,640,480,59,36,0.43010237499998993,0.5254237288135594,0.8611111111111112,0.521484375,0.71875,0.6015625,0.6944444444444444,shoulder_width,11,31,0,True,True,True,True,True
train/DAY/596424111873483-DAY.v17.npz,data/local/citizen100_v17/raw/train/DAY/596424111873483-DAY.mp4,train,DAY,landscape,640,480,51,26,0.35835508400001004,0.43137254901960786,0.8461538461538461,0.72998046875,0.65625,0.65625,0.6538461538461539,shoulder_width,16,22,0,True,True,True,True,True
train/DAY/6369569351542994-DAY.v17.npz,data/local/citizen100_v17/raw/train/DAY/6369569351542994-DAY.mp4,train,DAY,landscape,640,480,77,41,0.49323920799999144,0.4805194805194805,0.9024390243902439,0.5126953125,0.78125,0.5078125,0.8048780487804879,shoulder_width,37,12,0,True,True,True,True,True
train/DAY/6849916550986419-DAY.v17.npz,data/local/citizen100_v17/raw/train/DAY/6849916550986419-DAY.mp4,train,DAY,landscape,640,480,96,43,0.576978290999989,0.3958333333333333,0.8837209302325582,0.49169921875,0.75,0.703125,0.7674418604651163,shoulder_width,6,38,0,True,True,True,True,True
train/DAY/8036762359057699-DAY.v17.npz,data/local/citizen100_v17/raw/train/DAY/8036762359057699-DAY.mp4,train,DAY,landscape,640,480,59,33,0.350088791999994,0.4745762711864407,0.8484848484848485,0.4248046875,0.75,0.0859375,0.030303030303030304,shoulder_width,0,28,0,True,True,True,True,True
train/DAY/8604919873971555-DAY.v17.npz,data/local/citizen100_v17/raw/train/DAY/8604919873971555-DAY.mp4,train,DAY,landscape,640,480,70,36,0.3973804169999937,0.42857142857142855,0.8333333333333334,0.432373046875,0.6875,0.46875,0.6944444444444444,shoulder_width,13,20,0,True,True,True,True,True
train/DAY/9458795780850124-DAY.v17.npz,data/local/citizen100_v17/raw/train/DAY/9458795780850124-DAY.mp4,train,DAY,landscape,640,480,76,39,0.5226132920000026,0.4473684210526316,0.8717948717948718,0.6337890625,0.625,0.21875,0.02564102564102564,shoulder_width,17,34,0,True,True,True,True,True
train/DAY/9507779782999788-DAY.v17.npz,data/local/citizen100_v17/raw/train/DAY/9507779782999788-DAY.mp4,train,DAY,landscape,640,480,75,44,0.534482292000007,0.5333333333333333,0.9090909090909091,0.65869140625,0.90625,0.8203125,0.9318181818181818,shoulder_width,21,38,0,True,True,True,True,True
train/DIFFERENT/09035665410984017-DIFFERENT.v17.npz,data/local/citizen100_v17/raw/train/DIFFERENT/09035665410984017-DIFFERENT.mp4,train,DIFFERENT,landscape,640,480,46,27,0.32369820799999616,0.5,0.8518518518518519,0.740234375,0.65625,0.578125,0.6296296296296297,shoulder_width,22,19,0,True,True,True,True,True
train/DIFFERENT/23278500386568868-DIFFERENT.v17.npz,data/local/citizen100_v17/raw/train/DIFFERENT/23278500386568868-DIFFERENT.mp4,train,DIFFERENT,landscape,640,480,44,20,0.31037862499999846,0.36363636363636365,0.8,0.75,0.46875,0.359375,0.45,shoulder_width,16,14,0,True,True,True,True,True
train/DIFFERENT/2647850986169875-seedDIFFERENT.v17.npz,data/local/citizen100_v17/raw/train/DIFFERENT/2647850986169875-seedDIFFERENT.mp4,train,DIFFERENT,landscape,640,480,96,26,0.5750321670000034,0.22916666666666666,0.8461538461538461,0.765625,0.96875,0.96875,0.9615384615384616,shoulder_width,21,21,0,True,True,True,True,True
train/DIFFERENT/28473039465033767-DIFFERENT.v17.npz,data/local/citizen100_v17/raw/train/DIFFERENT/28473039465033767-DIFFERENT.mp4,train,DIFFERENT,landscape,640,480,88,39,0.5972339159999933,0.3977272727272727,0.8974358974358975,0.796875,0.625,0.1328125,0.23076923076923078,shoulder_width,31,35,0,True,True,True,True,True
train/DIFFERENT/3450925010970334-DIFFERENT.v17.npz,data/local/citizen100_v17/raw/train/DIFFERENT/3450925010970334-DIFFERENT.mp4,train,DIFFERENT,landscape,640,480,94,61,0.7210150420000048,0.5851063829787234,0.9016393442622951,0.83251953125,0.78125,0.015625,0.03278688524590164,shoulder_width,54,48,0,True,True,True,True,True
train/DIFFERENT/3671264522753308-DIFFERENT.v17.npz,data/local/citizen100_v17/raw/train/DIFFERENT/3671264522753308-DIFFERENT.mp4,train,DIFFERENT,landscape,640,480,53,33,0.39267366699999684,0.5471698113207547,0.8787878787878788,0.81982421875,0.75,0.5703125,0.7575757575757576,shoulder_width,28,28,0,True,True,True,True,True
train/DIFFERENT/3979542273376353-DIFFERENT.v17.npz,data/local/citizen100_v17/raw/train/DIFFERENT/3979542273376353-DIFFERENT.mp4,train,DIFFERENT,landscape,640,480,96,39,0.6658919579999889,0.3645833333333333,0.8974358974358975,0.8447265625,0.84375,0.7421875,0.8461538461538461,shoulder_width,34,35,0,True,True,True,True,True
train/DIFFERENT/40476184301049223-DIFFERENT.v17.npz,data/local/citizen100_v17/raw/train/DIFFERENT/40476184301049223-DIFFERENT.mp4,train,DIFFERENT,landscape,640,480,46,25,0.3384354579999922,0.45652173913043476,0.84,0.6708984375,0.6875,0.515625,0.68,shoulder_width,14,21,0,True,True,True,True,True
train/DIFFERENT/519798886156041-DIFFERENT.v17.npz,data/local/citizen100_v17/raw/train/DIFFERENT/519798886156041-DIFFERENT.mp4,train,DIFFERENT,landscape,640,480,50,32,0.39733929199999807,0.56,0.875,0.7900390625,0.78125,0.5234375,0.78125,shoulder_width,26,27,0,True,True,True,True,True
train/DIFFERENT/5538288174206061-DIFFERENT.v17.npz,data/local/citizen100_v17/raw/train/DIFFERENT/5538288174206061-DIFFERENT.mp4,train,DIFFERENT,landscape,960,540,78,43,0.7015279999999962,0.5,0.9069767441860465,0.85498046875,0.75,0.09375,0.20930232558139536,shoulder_width,39,37,0,True,True,True,True,True
train/DIFFERENT/5558132949950849-DIFFERENT.v17.npz,data/local/citizen100_v17/raw/train/DIFFERENT/5558132949950849-DIFFERENT.mp4,train,DIFFERENT,landscape,640,480,96,72,0.6667985420000093,0.375,0.5,0.465087890625,0.90625,0.7109375,0.9027777777777778,shoulder_width,34,36,0,True,True,True,True,True
train/DIFFERENT/690883161151304-DIFFERENT.v17.npz,data/local/citizen100_v17/raw/train/DIFFERENT/690883161151304-DIFFERENT.mp4,train,DIFFERENT,landscape,640,480,56,29,0.4312016249999999,0.44642857142857145,0.8620689655172413,0.79541015625,0.5625,0.015625,0.034482758620689655,shoulder_width,23,24,0,True,True,True,True,True
train/DIFFERENT/714657544656933-DIFFERENT.v17.npz,data/local/citizen100_v17/raw/train/DIFFERENT/714657544656933-DIFFERENT.mp4,train,DIFFERENT,landscape,640,480,70,42,0.5123929579999924,0.5428571428571428,0.9047619047619048,0.759765625,0.78125,0.453125,0.23809523809523808,shoulder_width,32,37,0,True,True,True,True,True
train/DIFFERENT/7644545089589412-DIFFERENT.v17.npz,data/local/citizen100_v17/raw/train/DIFFERENT/7644545089589412-DIFFERENT.mp4,train,DIFFERENT,landscape,640,480,70,36,0.5233038329999999,0.45714285714285713,0.8888888888888888,0.77978515625,0.90625,0.5703125,0.4722222222222222,shoulder_width,29,31,0,True,True,True,True,True
train/DIFFERENT/9055897783856317-DIFFERENT.v17.npz,data/local/citizen100_v17/raw/train/DIFFERENT/9055897783856317-DIFFERENT.mp4,train,DIFFERENT,landscape,640,480,83,39,0.6099582500000054,0.42168674698795183,0.8974358974358975,0.8212890625,0.84375,0.0,0.0,palm_length,32,35,0,True,True,True,True,True
train/DOCTOR/048346276036581814-DOCTOR.v17.npz,data/local/citizen100_v17/raw/train/DOCTOR/048346276036581814-DOCTOR.mp4,train,DOCTOR,landscape,640,480,96,68,0.7484411669999957,0.4583333333333333,0.6470588235294118,0.5498046875,0.8125,0.734375,0.8382352941176471,shoulder_width,35,44,0,True,True,True,True,True
train/DOCTOR/1792184090128197-DOCTOR.v17.npz,data/local/citizen100_v17/raw/train/DOCTOR/1792184090128197-DOCTOR.mp4,train,DOCTOR,landscape,640,480,38,22,0.2886547499999921,0.47368421052631576,0.8181818181818182,0.703125,0.40625,0.40625,0.4090909090909091,shoulder_width,18,16,0,True,True,True,True,True
train/DOCTOR/2007543242521641-DOCTOR.v17.npz,data/local/citizen100_v17/raw/train/DOCTOR/2007543242521641-DOCTOR.mp4,train,DOCTOR,landscape,640,480,65,30,0.46734499999999457,0.4,0.8666666666666667,0.7900390625,0.84375,0.703125,0.8333333333333334,shoulder_width,26,24,0,True,True,True,True,True
train/DOCTOR/2634628546208524-DOCTOR.v17.npz,data/local/citizen100_v17/raw/train/DOCTOR/2634628546208524-DOCTOR.mp4,train,DOCTOR,landscape,640,480,46,38,0.3433448329999891,0.6304347826086957,0.7631578947368421,0.6318359375,0.84375,0.0,0.0,palm_length,28,25,0,True,True,True,True,True
train/DOCTOR/28178289250012867-DOCTOR.v17.npz,data/local/citizen100_v17/raw/train/DOCTOR/28178289250012867-DOCTOR.mp4,train,DOCTOR,landscape,640,480,69,39,0.5112433339999995,0.5072463768115942,0.8974358974358975,0.8154296875,0.84375,0.2265625,0.02564102564102564,shoulder_width,35,31,0,True,True,True,True,True
train/DOCTOR/2977445528211726-DOCTOR.v17.npz,data/local/citizen100_v17/raw/train/DOCTOR/2977445528211726-DOCTOR.mp4,train,DOCTOR,landscape,640,480,94,50,0.6662544580000116,0.48936170212765956,0.92,0.91357421875,0.96875,0.421875,0.52,shoulder_width,45,46,0,True,True,True,True,True
train/DOCTOR/4205225902717711-DOCTOR.v17.npz,data/local/citizen100_v17/raw/train/DOCTOR/4205225902717711-DOCTOR.mp4,train,DOCTOR,landscape,640,480,61,34,0.4481934169999988,0.4918032786885246,0.8823529411764706,0.80126953125,0.96875,0.734375,0.9705882352941176,shoulder_width,28,28,0,True,True,True,True,True
train/DOCTOR/4458794912357702-DOCTOR.v17.npz,data/local/citizen100_v17/raw/train/DOCTOR/4458794912357702-DOCTOR.mp4,train,DOCTOR,landscape,640,480,60,42,0.49279591700000935,0.6166666666666667,0.8809523809523809,0.708984375,0.96875,0.234375,0.42857142857142855,shoulder_width,28,37,0,True,True,True,True,True
train/DOCTOR/45321610069134644-seedDOCTOR.v17.npz,data/local/citizen100_v17/raw/train/DOCTOR/45321610069134644-seedDOCTOR.mp4,train,DOCTOR,landscape,640,480,96,26,0.5896268340000006,0.22916666666666666,0.8461538461538461,0.7509765625,0.65625,0.5,0.6538461538461539,shoulder_width,15,26,0,True,True,True,True,True
train/DOCTOR/5718999524283179-DOCTOR.v17.npz,data/local/citizen100_v17/raw/train/DOCTOR/5718999524283179-DOCTOR.mp4,train,DOCTOR,landscape,640,480,54,33,0.4054447919999973,0.5370370370370371,0.8787878787878788,0.8115234375,0.75,0.6875,0.5151515151515151,shoulder_width,29,26,0,True,True,True,True,True
train/DOCTOR/6920767799112704-DOCTOR.v17.npz,data/local/citizen100_v17/raw/train/DOCTOR/6920767799112704-DOCTOR.mp4,train,DOCTOR,landscape,640,480,96,41,0.62496625,0.3854166666666667,0.9024390243902439,0.80712890625,0.78125,0.546875,0.8048780487804879,shoulder_width,36,32,0,True,True,True,True,True
train/DOCTOR/7434848636786409-DOCTOR.v17.npz,data/local/citizen100_v17/raw/train/DOCTOR/7434848636786409-DOCTOR.mp4,train,DOCTOR,landscape,640,480,57,36,0.45545354099999713,0.49122807017543857,0.7777777777777778,0.69580078125,0.6875,0.578125,0.6944444444444444,shoulder_width,20,24,0,True,True,True,True,True
train/DOCTOR/8705578061143806-DOCTOR.v17.npz,data/local/citizen100_v17/raw/train/DOCTOR/8705578061143806-DOCTOR.mp4,train,DOCTOR,landscape,640,480,47,32,0.3501482499999895,0.574468085106383,0.84375,0.77685546875,0.78125,0.4609375,0.78125,shoulder_width,26,24,0,True,True,True,True,True
train/DRINK/03800598663017607-DRINK.v17.npz,data/local/citizen100_v17/raw/train/DRINK/03800598663017607-DRINK.mp4,train,DRINK,landscape,640,480,69,36,0.4511985420000002,0.463768115942029,0.8888888888888888,0.428466796875,0.90625,0.4609375,0.4722222222222222,shoulder_width,0,32,0,True,True,True,True,True
train/DRINK/21577690984159714-DRINK.v17.npz,data/local/citizen100_v17/raw/train/DRINK/21577690984159714-DRINK.mp4,train,DRINK,landscape,640,480,96,36,0.5592026249999975,0.3229166666666667,0.8611111111111112,0.425537109375,0.6875,0.6875,0.6944444444444444,shoulder_width,0,31,0,True,True,True,True,True
train/DRINK/2597508467759426-DRINK.v17.npz,data/local/citizen100_v17/raw/train/DRINK/2597508467759426-DRINK.mp4,train,DRINK,landscape,640,480,56,34,0.355842999999993,0.5357142857142857,0.8823529411764706,0.424072265625,0.71875,0.2578125,0.5,shoulder_width,30,0,0,True,True,True,True,True
train/DRINK/3150362992415996-DRINK.v17.npz,data/local/citizen100_v17/raw/train/DRINK/3150362992415996-DRINK.mp4,train,DRINK,landscape,640,480,84,29,0.48390412499999513,0.2976190476190476,0.8620689655172413,0.418212890625,0.875,0.3828125,0.3103448275862069,shoulder_width,0,25,0,True,True,True,True,True
train/DRINK/5600935739224888-DRINK.v17.npz,data/local/citizen100_v17/raw/train/DRINK/5600935739224888-DRINK.mp4,train,DRINK,landscape,640,480,48,30,0.33736166699999615,0.5416666666666666,0.8666666666666667,0.421875,0.59375,0.3046875,0.5666666666666667,shoulder_width,0,26,0,True,True,True,True,True
train/DRINK/6196253651803971-DRINK.v17.npz,data/local/citizen100_v17/raw/train/DRINK/6196253651803971-DRINK.mp4,train,DRINK,landscape,640,480,59,33,0.4011551249999883,0.4915254237288136,0.8787878787878788,0.425537109375,0.75,0.75,0.7575757575757576,shoulder_width,0,29,0,True,True,True,True,True
train/DRINK/7985319657788752-seedDRINK.v17.npz,data/local/citizen100_v17/raw/train/DRINK/7985319657788752-seedDRINK.mp4,train,DRINK,landscape,640,480,96,25,0.5290891669999951,0.21875,0.84,0.431640625,0.6875,0.6875,0.68,shoulder_width,0,21,0,True,True,True,True,True
train/DRINK/8114625026876388-DRINK.v17.npz,data/local/citizen100_v17/raw/train/DRINK/8114625026876388-DRINK.mp4,train,DRINK,landscape,640,480,54,31,0.3417768340000009,0.5,0.8709677419354839,0.412109375,0.8125,0.2421875,0.06451612903225806,shoulder_width,0,27,0,True,True,True,True,True
train/DRINK/9140450917748142-DRINK.v17.npz,data/local/citizen100_v17/raw/train/DRINK/9140450917748142-DRINK.mp4,train,DRINK,landscape,640,480,73,36,0.42436337499999865,0.410958904109589,0.8333333333333334,0.41455078125,0.6875,0.6875,0.6944444444444444,shoulder_width,0,30,0,True,True,True,True,True
train/DRINK/9694895312894787-DRINK.v17.npz,data/local/citizen100_v17/raw/train/DRINK/9694895312894787-DRINK.mp4,train,DRINK,landscape,640,480,96,17,0.5011094590000056,0.13541666666666666,0.7647058823529411,0.40185546875,0.5625,0.0,0.0,palm_length,0,13,0,True,True,True,True,True
train/DRINK/9757502559319415-DRINK.v17.npz,data/local/citizen100_v17/raw/train/DRINK/9757502559319415-DRINK.mp4,train,DRINK,landscape,640,480,91,45,0.5768298750000014,0.42857142857142855,0.8666666666666667,0.4248046875,0.75,0.75,0.7333333333333333,shoulder_width,0,39,0,True,True,True,True,True
train/DRINK/980212048263337-DRINK.v17.npz,data/local/citizen100_v17/raw/train/DRINK/980212048263337-DRINK.mp4,train,DRINK,landscape,640,480,55,26,0.3659046660000058,0.4,0.8461538461538461,0.41357421875,0.65625,0.65625,0.6538461538461539,shoulder_width,0,22,0,True,True,True,True,True
train/DRINK/9841052916244253-DRINK.v17.npz,data/local/citizen100_v17/raw/train/DRINK/9841052916244253-DRINK.mp4,train,DRINK,landscape,640,480,72,46,0.5493677500000018,0.5694444444444444,0.8913043478260869,0.428466796875,0.875,0.75,0.391304347826087,shoulder_width,41,0,0,True,True,True,True,True
train/DRINK/9957580073891368-DRINK.v17.npz,data/local/citizen100_v17/raw/train/DRINK/9957580073891368-DRINK.mp4,train,DRINK,landscape,640,480,53,18,0.3601029579999988,0.24528301886792453,0.7222222222222222,0.385498046875,0.96875,0.96875,0.9444444444444444,shoulder_width,0,13,0,True,True,True,True,True
train/EASY/06055374831145932-EASY.v17.npz,data/local/citizen100_v17/raw/train/EASY/06055374831145932-EASY.mp4,train,EASY,landscape,640,480,61,40,0.5078396669999989,0.5081967213114754,0.775,0.6396484375,0.84375,0.640625,0.825,shoulder_width,29,25,0,True,True,True,True,True
train/EASY/08338951361487168-EASY.v17.npz,data/local/citizen100_v17/raw/train/EASY/08338951361487168-EASY.mp4,train,EASY,landscape,640,480,94,67,0.6904026670000007,0.5531914893617021,0.7761194029850746,0.708984375,0.96875,0.21875,0.3880597014925373,shoulder_width,50,45,0,True,True,True,True,True
train/EASY/09887530039630343-EASY.v17.npz,data/local/citizen100_v17/raw/train/EASY/09887530039630343-EASY.mp4,train,EASY,landscape,640,480,75,41,0.6251458330000048,0.48,0.8780487804878049,0.81494140625,1.0,1.0,1.0,shoulder_width,30,38,0,True,True,True,True,True
train/EASY/11371494843142349-EASY.v17.npz,data/local/citizen100_v17/raw/train/EASY/11371494843142349-EASY.mp4,train,EASY,landscape,640,480,49,34,0.38354420800000355,0.6122448979591837,0.8823529411764706,0.7587890625,0.71875,0.375,0.7352941176470589,shoulder_width,30,25,0,True,True,True,True,True
train/EASY/16884356585373195-EASY.v17.npz,data/local/citizen100_v17/raw/train/EASY/16884356585373195-EASY.mp4,train,EASY,landscape,640,480,96,96,0.7670587920000003,1.0,1.0,0.453125,0.90625,0.90625,0.9270833333333334,shoulder_width,96,30,0,True,True,True,True,True
train/EASY/2691234998843828-EASY.v17.npz,data/local/citizen100_v17/raw/train/EASY/2691234998843828-EASY.mp4,train,EASY,landscape,640,480,84,72,0.6391330409999938,0.8333333333333334,0.9722222222222222,0.8291015625,0.90625,0.046875,0.013888888888888888,shoulder_width,52,70,0,True,True,True,True,True
train/EASY/2873737968249803-EASY.v17.npz,data/local/citizen100_v17/raw/train/EASY/2873737968249803-EASY.mp4,train,EASY,landscape,640,480,61,44,0.44277416699999605,0.6557377049180327,0.9090909090909091,0.84765625,0.75,0.0,0.0,palm_length,40,37,0,True,True,True,True,True
train/EASY/30728714147348457-EASY.v17.npz,data/local/citizen100_v17/raw/train/EASY/30728714147348457-EASY.mp4,train,EASY,landscape,640,480,68,41,0.48114887500000236,0.5441176470588235,0.9024390243902439,0.8310546875,0.8125,0.2265625,0.04878048780487805,shoulder_width,35,35,0,True,True,True,True,True
train/EASY/3481069285509393-EASY.v17.npz,data/local/citizen100_v17/raw/train/EASY/3481069285509393-EASY.mp4,train,EASY,landscape,640,480,44,22,0.2818235840000085,0.4090909090909091,0.8181818181818182,0.72900390625,0.78125,0.78125,0.7727272727272727,shoulder_width,18,15,0,True,True,True,True,True
train/EASY/36885950287469704-EASY.v17.npz,data/local/citizen100_v17/raw/train/EASY/36885950287469704-EASY.mp4,train,EASY,landscape,640,480,96,96,0.7846949999999993,1.0,1.0,0.64892578125,0.90625,0.6328125,0.9270833333333334,shoulder_width,96,51,0,True,True,True,True,True
train/EASY/5790222875056432-EASY.v17.npz,data/local/citizen100_v17/raw/train/EASY/5790222875056432-EASY.mp4,train,EASY,landscape,640,480,96,51,0.6991222919999984,0.4895833333333333,0.9215686274509803,0.90869140625,0.8125,0.6171875,0.49019607843137253,shoulder_width,47,46,0,True,True,True,True,True
train/EASY/6115173784330921-EASY.v17.npz,data/local/citizen100_v17/raw/train/EASY/6115173784330921-EASY.mp4,train,EASY,landscape,640,480,62,42,0.44149545799999146,0.5483870967741935,0.8095238095238095,0.69140625,0.78125,0.59375,0.7857142857142857,shoulder_width,31,26,0,True,True,True,True,True
train/EASY/8364470069705872-seedEASY.v17.npz,data/local/citizen100_v17/raw/train/EASY/8364470069705872-seedEASY.mp4,train,EASY,landscape,640,480,96,40,0.5983442080000003,0.375,0.9,0.8623046875,0.8125,0.8125,0.825,shoulder_width,36,34,0,True,True,True,True,True
train/EASY/8676316241278772-EASY.v17.npz,data/local/citizen100_v17/raw/train/EASY/8676316241278772-EASY.mp4,train,EASY,landscape,640,480,91,50,0.6394154999999984,0.5054945054945055,0.92,0.88525390625,0.8125,0.421875,0.82,shoulder_width,44,45,0,True,True,True,True,True
train/EASY/8871645570624382-EASY.v17.npz,data/local/citizen100_v17/raw/train/EASY/8871645570624382-EASY.mp4,train,EASY,landscape,640,480,47,29,0.3480451670000093,0.5319148936170213,0.8620689655172413,0.81982421875,0.5625,0.09375,0.034482758620689655,shoulder_width,25,24,0,True,True,True,True,True
train/EASY/9412999738790802-EASY.v17.npz,data/local/citizen100_v17/raw/train/EASY/9412999738790802-EASY.mp4,train,EASY,landscape,640,480,68,45,0.5262958339999955,0.6029411764705882,0.9111111111111111,0.796875,0.71875,0.4921875,0.5555555555555556,shoulder_width,35,41,0,True,True,True,True,True
train/EASY/9771674478620125-EASY.v17.npz,data/local/citizen100_v17/raw/train/EASY/9771674478620125-EASY.mp4,train,EASY,landscape,640,480,65,34,0.4874853339999845,0.4461538461538462,0.8529411764705882,0.76171875,0.71875,0.6640625,0.7352941176470589,shoulder_width,27,26,0,True,True,True,True,True
train/EAT/1529448369800237-EAT.v17.npz,data/local/citizen100_v17/raw/train/EAT/1529448369800237-EAT.mp4,train,EAT,landscape,640,480,78,51,0.5475440000000162,0.6025641025641025,0.9215686274509803,0.436767578125,0.78125,0.4453125,0.803921568627451,shoulder_width,47,0,0,True,True,True,True,True
train/EAT/30148795754394175-EAT.v17.npz,data/local/citizen100_v17/raw/train/EAT/30148795754394175-EAT.mp4,train,EAT,landscape,640,480,46,29,0.32720137499998714,0.5434782608695652,0.8620689655172413,0.42041015625,0.875,0.6640625,0.8620689655172413,shoulder_width,1,24,0,True,True,True,True,True
train/EAT/31477726769914227-EAT.v17.npz,data/local/citizen100_v17/raw/train/EAT/31477726769914227-EAT.mp4,train,EAT,landscape,640,480,96,33,0.5955351249999978,0.3020833333333333,0.8787878787878788,0.411376953125,0.75,0.5,0.7575757575757576,shoulder_width,0,29,0,True,True,True,True,True
train/EAT/33555147348315106-EAT.v17.npz,data/local/citizen100_v17/raw/train/EAT/33555147348315106-EAT.mp4,train,EAT,landscape,640,480,81,54,0.5441928749999931,0.6049382716049383,0.9074074074074074,0.44189453125,0.75,0.75,0.7592592592592593,shoulder_width,49,0,0,True,True,True,True,True
train/EAT/3407129339550383-EAT.v17.npz,data/local/citizen100_v17/raw/train/EAT/3407129339550383-EAT.mp4,train,EAT,landscape,640,480,61,35,0.4002496669999971,0.5081967213114754,0.8857142857142857,0.42626953125,0.71875,0.0,0.0,palm_length,0,31,0,True,True,True,True,True
train/EAT/36220708618174635-seedEAT.v17.npz,data/local/citizen100_v17/raw/train/EAT/36220708618174635-seedEAT.mp4,train,EAT,landscape,640,480,96,24,0.5519609579999951,0.20833333333333334,0.8333333333333334,0.3935546875,0.6875,0.6875,0.7083333333333334,shoulder_width,0,20,0,True,True,True,True,True
train/EAT/3878260902223658-EAT.v17.npz,data/local/citizen100_v17/raw/train/EAT/3878260902223658-EAT.mp4,train,EAT,landscape,640,480,51,33,0.3796228749999955,0.5294117647058824,0.8181818181818182,0.39208984375,0.75,0.046875,0.06060606060606061,shoulder_width,0,27,0,True,True,True,True,True
train/EAT/43234510854275543-EAT.v17.npz,data/local/citizen100_v17/raw/train/EAT/43234510854275543-EAT.mp4,train,EAT,landscape,640,480,96,39,0.5953035419999821,0.3645833333333333,0.8974358974358975,0.428466796875,0.84375,0.640625,0.8461538461538461,shoulder_width,0,35,0,True,True,True,True,True
train/EAT/4589443576656864-EAT.v17.npz,data/local/citizen100_v17/raw/train/EAT/4589443576656864-EAT.mp4,train,EAT,landscape,640,480,41,23,0.27359108299998525,0.4634146341463415,0.8260869565217391,0.40478515625,0.75,0.1953125,0.043478260869565216,shoulder_width,0,19,0,True,True,True,True,True
train/EAT/5237431195885818-EAT.v17.npz,data/local/citizen100_v17/raw/train/EAT/5237431195885818-EAT.mp4,train,EAT,landscape,640,480,83,46,0.5280815419999954,0.4939759036144578,0.8913043478260869,0.42626953125,0.71875,0.71875,0.717391304347826,shoulder_width,41,0,0,True,True,True,True,True
train/EAT/5739215722518052-EAT.v17.npz,data/local/citizen100_v17/raw/train/EAT/5739215722518052-EAT.mp4,train,EAT,landscape,640,480,60,34,0.36633962499999484,0.45,0.7941176470588235,0.384033203125,0.71875,0.0,0.0,palm_length,1,26,0,True,True,True,True,True
train/EAT/5847293981432022-EAT.v17.npz,data/local/citizen100_v17/raw/train/EAT/5847293981432022-EAT.mp4,train,EAT,landscape,640,480,55,26,0.3080007920000014,0.4,0.8461538461538461,0.390625,0.65625,0.015625,0.038461538461538464,shoulder_width,0,22,0,True,True,True,True,True
train/EAT/6012215303497841-EAT.v17.npz,data/local/citizen100_v17/raw/train/EAT/6012215303497841-EAT.mp4,train,EAT,landscape,640,480,81,34,0.45041925000001015,0.35802469135802467,0.8529411764705882,0.415283203125,0.96875,0.734375,0.9705882352941176,shoulder_width,0,29,0,True,True,True,True,True
train/EAT/6460191084812579-EAT.v17.npz,data/local/citizen100_v17/raw/train/EAT/6460191084812579-EAT.mp4,train,EAT,landscape,640,480,79,36,0.48442358299999455,0.4050632911392405,0.8888888888888888,0.427001953125,0.71875,0.484375,0.6944444444444444,shoulder_width,0,32,0,True,True,True,True,True
train/EAT/7327271470470507-EAT.v17.npz,data/local/citizen100_v17/raw/train/EAT/7327271470470507-EAT.mp4,train,EAT,landscape,640,480,42,20,0.2500941670000145,0.38095238095238093,0.8,0.3876953125,0.46875,0.234375,0.45,shoulder_width,0,16,0,True,True,True,True,True
train/EAT/7468673870660452-EAT.v17.npz,data/local/citizen100_v17/raw/train/EAT/7468673870660452-EAT.mp4,train,EAT,landscape,640,480,66,35,0.413155708000005,0.4393939393939394,0.8285714285714286,0.416015625,0.9375,0.9375,0.9428571428571428,shoulder_width,0,29,0,True,True,True,True,True
train/EAT/8083635818179542-EAT.v17.npz,data/local/citizen100_v17/raw/train/EAT/8083635818179542-EAT.mp4,train,EAT,landscape,640,480,77,44,0.47024295899998947,0.5194805194805194,0.9090909090909091,0.436767578125,0.90625,0.0,0.0,palm_length,40,0,0,True,True,True,True,True
train/EAT/8267242257825924-EAT.v17.npz,data/local/citizen100_v17/raw/train/EAT/8267242257825924-EAT.mp4,train,EAT,landscape,640,480,47,24,0.28033545799999615,0.425531914893617,0.8333333333333334,0.3935546875,0.71875,0.71875,0.7083333333333334,shoulder_width,0,20,0,True,True,True,True,True
train/EXCITED/03311997257343724-EXCITED.v17.npz,data/local/citizen100_v17/raw/train/EXCITED/03311997257343724-EXCITED.mp4,train,EXCITED,landscape,640,480,91,54,0.6462786249999795,0.5494505494505495,0.9259259259259259,0.82958984375,0.875,0.65625,0.9074074074074074,shoulder_width,43,50,0,True,True,True,True,True
train/EXCITED/059522072351106736-EXCITED.v17.npz,data/local/citizen100_v17/raw/train/EXCITED/059522072351106736-EXCITED.mp4,train,EXCITED,landscape,640,480,67,42,0.4982244579999815,0.5671641791044776,0.9047619047619048,0.8056640625,0.78125,0.1171875,0.047619047619047616,shoulder_width,32,38,0,True,True,True,True,True
train/EXCITED/11931963343562568-EXCITED.v17.npz,data/local/citizen100_v17/raw/train/EXCITED/11931963343562568-EXCITED.mp4,train,EXCITED,landscape,640,480,43,31,0.3262540000000058,0.627906976744186,0.8709677419354839,0.72021484375,0.8125,0.546875,0.8064516129032258,shoulder_width,24,21,0,True,True,True,True,True
train/EXCITED/3778978686595724-EXCITED.v17.npz,data/local/citizen100_v17/raw/train/EXCITED/3778978686595724-EXCITED.mp4,train,EXCITED,landscape,640,480,49,31,0.3700171669999861,0.4897959183673469,0.7741935483870968,0.7021484375,0.5625,0.5625,0.5483870967741935,shoulder_width,23,22,0,True,True,True,True,True
train/EXCITED/37978087211349343-EXCITED.v17.npz,data/local/citizen100_v17/raw/train/EXCITED/37978087211349343-EXCITED.mp4,train,EXCITED,landscape,640,480,74,40,0.5460236250000037,0.47297297297297297,0.875,0.79443359375,0.8125,0.421875,0.825,shoulder_width,28,33,0,True,True,True,True,True
train/EXCITED/48335583942964977-seedEXCITED.v17.npz,data/local/citizen100_v17/raw/train/EXCITED/48335583942964977-seedEXCITED.mp4,train,EXCITED,landscape,640,480,96,37,0.6702974579999932,0.34375,0.8918918918918919,0.7724609375,0.875,0.8203125,0.8918918918918919,shoulder_width,27,33,0,True,True,True,True,True
train/EXCITED/4921984662423913-EXCITED.v17.npz,data/local/citizen100_v17/raw/train/EXCITED/4921984662423913-EXCITED.mp4,train,EXCITED,landscape,640,480,69,41,0.5210930829999825,0.5217391304347826,0.8780487804878049,0.802734375,0.78125,0.5,0.8048780487804879,shoulder_width,35,34,0,True,True,True,True,True
train/EXCITED/4967206015225847-EXCITED.v17.npz,data/local/citizen100_v17/raw/train/EXCITED/4967206015225847-EXCITED.mp4,train,EXCITED,landscape,640,480,51,37,0.4221700839999869,0.6470588235294118,0.8918918918918919,0.79541015625,0.6875,0.359375,0.6756756756756757,shoulder_width,32,30,0,True,True,True,True,True
train/EXCITED/5090546188010729-EXCITED.v17.npz,data/local/citizen100_v17/raw/train/EXCITED/5090546188010729-EXCITED.mp4,train,EXCITED,landscape,640,480,54,39,0.44050024999998527,0.6481481481481481,0.8974358974358975,0.7373046875,0.625,0.578125,0.6410256410256411,shoulder_width,26,35,0,True,True,True,True,True
train/EXCITED/5835364162677081-EXCITED.v17.npz,data/local/citizen100_v17/raw/train/EXCITED/5835364162677081-EXCITED.mp4,train,EXCITED,landscape,640,480,96,68,0.7384727499999997,0.6458333333333334,0.9117647058823529,0.693359375,0.9375,0.9375,0.9558823529411765,shoulder_width,37,62,0,True,True,True,True,True
train/EXCITED/8829522596940469-EXCITED.v17.npz,data/local/citizen100_v17/raw/train/EXCITED/8829522596940469-EXCITED.mp4,train,EXCITED,landscape,640,480,96,47,0.6689119170000026,0.4375,0.8936170212765957,0.81396484375,0.84375,0.765625,0.8723404255319149,shoulder_width,38,41,0,True,True,True,True,True
train/EXCITED/8917119128688213-EXCITED.v17.npz,data/local/citizen100_v17/raw/train/EXCITED/8917119128688213-EXCITED.mp4,train,EXCITED,landscape,640,480,63,37,0.4315415829999836,0.5238095238095238,0.8918918918918919,0.7958984375,0.875,0.46875,0.8918918918918919,shoulder_width,30,33,0,True,True,True,True,True
train/EXCITED/944735439541619-EXCITED.v17.npz,data/local/citizen100_v17/raw/train/EXCITED/944735439541619-EXCITED.mp4,train,EXCITED,landscape,960,540,90,65,0.960564292000015,0.6777777777777778,0.9384615384615385,0.83251953125,0.84375,0.390625,0.7538461538461538,shoulder_width,54,59,0,True,True,True,True,True
train/EXCITED/9703751131560399-EXCITED.v17.npz,data/local/citizen100_v17/raw/train/EXCITED/9703751131560399-EXCITED.mp4,train,EXCITED,landscape,640,480,96,47,0.6542217909999977,0.4479166666666667,0.9148936170212766,0.87353515625,0.84375,0.6796875,0.8723404255319149,shoulder_width,43,43,0,True,True,True,True,True
train/FAMILY/05708826093734798-FAMILY.v17.npz,data/local/citizen100_v17/raw/train/FAMILY/05708826093734798-FAMILY.mp4,train,FAMILY,landscape,640,480,69,54,0.5230944589999922,0.5362318840579711,0.6851851851851852,0.57958984375,0.90625,0.21875,0.3333333333333333,shoulder_width,35,33,0,True,True,True,True,True
train/FAMILY/1290362005086354-FAMILY.v17.npz,data/local/citizen100_v17/raw/train/FAMILY/1290362005086354-FAMILY.mp4,train,FAMILY,landscape,640,480,52,35,0.4130794169999774,0.6346153846153846,0.9428571428571428,0.72900390625,0.9375,0.7734375,0.9428571428571428,shoulder_width,33,20,0,True,True,True,True,True
train/FAMILY/1638014502482117-FAMILY.v17.npz,data/local/citizen100_v17/raw/train/FAMILY/1638014502482117-FAMILY.mp4,train,FAMILY,landscape,640,480,96,41,0.6644491250000044,0.3854166666666667,0.9024390243902439,0.78564453125,0.78125,0.78125,0.8048780487804879,shoulder_width,29,37,0,True,True,True,True,True
train/FAMILY/1654484908904772-FAMILY.v17.npz,data/local/citizen100_v17/raw/train/FAMILY/1654484908904772-FAMILY.mp4,train,FAMILY,landscape,640,480,53,32,0.4031669589999751,0.5283018867924528,0.875,0.8310546875,0.78125,0.28125,0.28125,shoulder_width,26,27,0,True,True,True,True,True
train/FAMILY/17688969691666112-FAMILY.v17.npz,data/local/citizen100_v17/raw/train/FAMILY/17688969691666112-FAMILY.mp4,train,FAMILY,landscape,640,480,66,49,0.5429730419999999,0.6666666666666666,0.8979591836734694,0.82080078125,0.84375,0.515625,0.673469387755102,shoulder_width,42,40,0,True,True,True,True,True
train/FAMILY/23627306204455656-FAMILY.v17.npz,data/local/citizen100_v17/raw/train/FAMILY/23627306204455656-FAMILY.mp4,train,FAMILY,landscape,640,480,96,64,0.7138206670000216,0.6145833333333334,0.921875,0.853515625,0.875,0.7890625,0.53125,shoulder_width,55,58,0,True,True,True,True,True
train/FAMILY/24482553688438768-FAMILY.v17.npz,data/local/citizen100_v17/raw/train/FAMILY/24482553688438768-FAMILY.mp4,train,FAMILY,landscape,640,480,96,42,0.6092849580000177,0.3958333333333333,0.9047619047619048,0.837890625,0.78125,0.734375,0.7857142857142857,shoulder_width,37,36,0,True,True,True,True,True
train/FAMILY/3923069450478833-FAMILY.v17.npz,data/local/citizen100_v17/raw/train/FAMILY/3923069450478833-FAMILY.mp4,train,FAMILY,landscape,640,480,63,53,0.510056708999997,0.7142857142857143,0.8490566037735849,0.70849609375,0.78125,0.625,0.6226415094339622,shoulder_width,40,36,0,True,True,True,True,True
train/FAMILY/45437698823796135-FAMILY.v17.npz,data/local/citizen100_v17/raw/train/FAMILY/45437698823796135-FAMILY.mp4,train,FAMILY,landscape,640,480,49,26,0.35795475000000465,0.4489795918367347,0.8461538461538461,0.77880859375,0.65625,0.65625,0.6538461538461539,shoulder_width,22,19,0,True,True,True,True,True
train/FAMILY/4628193900204982-FAMILY.v17.npz,data/local/citizen100_v17/raw/train/FAMILY/4628193900204982-FAMILY.mp4,train,FAMILY,landscape,640,480,83,49,0.6209057910000126,0.5421686746987951,0.9183673469387755,0.837890625,0.8125,0.65625,0.8367346938775511,shoulder_width,38,45,0,True,True,True,True,True
train/FAMILY/4672560255302298-seedFAMILY.v17.npz,data/local/citizen100_v17/raw/train/FAMILY/4672560255302298-seedFAMILY.mp4,train,FAMILY,landscape,640,480,96,24,0.658838290999995,0.20833333333333334,0.8333333333333334,0.79296875,0.71875,0.71875,0.7083333333333334,shoulder_width,20,20,0,True,True,True,True,True
train/FAMILY/5231117289015388-FAMILY.v17.npz,data/local/citizen100_v17/raw/train/FAMILY/5231117289015388-FAMILY.mp4,train,FAMILY,landscape,640,480,95,40,0.6849044580000054,0.35789473684210527,0.85,0.75,0.8125,0.0,0.025,shoulder_width,31,32,0,True,True,True,True,True
train/FAMILY/6333838161696508-FAMILY.v17.npz,data/local/citizen100_v17/raw/train/FAMILY/6333838161696508-FAMILY.mp4,train,FAMILY,landscape,640,480,52,30,0.37480920799998785,0.5,0.8666666666666667,0.7822265625,0.84375,0.7734375,0.8333333333333334,shoulder_width,22,26,0,True,True,True,True,True
train/FAMILY/801580215278554-FAMILY.v17.npz,data/local/citizen100_v17/raw/train/FAMILY/801580215278554-FAMILY.mp4,train,FAMILY,landscape,640,480,94,54,0.6726592500000095,0.5319148936170213,0.9259259259259259,0.89794921875,0.75,0.171875,0.16666666666666666,shoulder_width,50,48,0,True,True,True,True,True
train/FAMILY/845411153644452-FAMILY.v17.npz,data/local/citizen100_v17/raw/train/FAMILY/845411153644452-FAMILY.mp4,train,FAMILY,landscape,640,480,76,40,0.5016017089999991,0.47368421052631576,0.9,0.84814453125,0.84375,0.84375,0.825,shoulder_width,35,35,0,True,True,True,True,True
train/FATHER/01723835388117645-seedFATHER.v17.npz,data/local/citizen100_v17/raw/train/FATHER/01723835388117645-seedFATHER.mp4,train,FATHER,landscape,640,480,96,29,0.5471974170000067,0.25,0.8275862068965517,0.416015625,0.875,0.875,0.8620689655172413,shoulder_width,0,24,0,True,True,True,True,True
train/FATHER/023287006799920906-FATHER.v17.npz,data/local/citizen100_v17/raw/train/FATHER/023287006799920906-FATHER.mp4,train,FATHER,landscape,640,480,80,59,0.5106957090000037,0.675,0.9152542372881356,0.455322265625,0.9375,0.640625,0.9661016949152542,shoulder_width,0,54,0,True,True,True,True,True
train/FATHER/19495528192299982-FATHER.v17.npz,data/local/citizen100_v17/raw/train/FATHER/19495528192299982-FATHER.mp4,train,FATHER,landscape,640,480,70,44,0.44696416599998656,0.5285714285714286,0.8409090909090909,0.40625,0.75,0.515625,0.75,shoulder_width,1,36,0,True,True,True,True,True
train/FATHER/30674313805858255-FATHER.v17.npz,data/local/citizen100_v17/raw/train/FATHER/30674313805858255-FATHER.mp4,train,FATHER,landscape,640,480,76,42,0.46216804200000183,0.5,0.9047619047619048,0.4375,0.96875,0.7265625,0.9761904761904762,shoulder_width,38,0,0,True,True,True,True,True
train/FATHER/3512784023936262-FATHER.v17.npz,data/local/citizen100_v17/raw/train/FATHER/3512784023936262-FATHER.mp4,train,FATHER,landscape,640,480,55,34,0.3336457079999775,0.5454545454545454,0.8823529411764706,0.41748046875,0.71875,0.03125,0.058823529411764705,shoulder_width,0,30,0,True,True,True,True,True
train/FATHER/47857573015695154-FATHER.v17.npz,data/local/citizen100_v17/raw/train/FATHER/47857573015695154-FATHER.mp4,train,FATHER,landscape,640,480,56,31,0.34077462499999456,0.48214285714285715,0.8709677419354839,0.428466796875,0.8125,0.6171875,0.8064516129032258,shoulder_width,0,27,0,True,True,True,True,True
train/FATHER/5083805087745334-FATHER.v17.npz,data/local/citizen100_v17/raw/train/FATHER/5083805087745334-FATHER.mp4,train,FATHER,landscape,640,480,76,50,0.4691887920000113,0.5921052631578947,0.9,0.44873046875,0.8125,0.5,0.34,shoulder_width,0,45,0,True,True,True,True,True
train/FATHER/5683249939832291-FATHER.v17.npz,data/local/citizen100_v17/raw/train/FATHER/5683249939832291-FATHER.mp4,train,FATHER,landscape,640,480,67,35,0.4224205829999903,0.43283582089552236,0.8285714285714286,0.394287109375,0.9375,0.015625,0.02857142857142857,shoulder_width,0,29,0,True,True,True,True,True
train/FATHER/5795194739836211-FATHER.v17.npz,data/local/citizen100_v17/raw/train/FATHER/5795194739836211-FATHER.mp4,train,FATHER,landscape,640,480,94,39,0.5630708330000118,0.3723404255319149,0.8974358974358975,0.4375,0.625,0.625,0.6410256410256411,shoulder_width,0,35,0,True,True,True,True,True
train/FATHER/6080643843120164-FATHER.v17.npz,data/local/citizen100_v17/raw/train/FATHER/6080643843120164-FATHER.mp4,train,FATHER,landscape,640,480,49,33,0.39743229199999064,0.5918367346938775,0.8787878787878788,0.401123046875,1.0,0.390625,0.2727272727272727,shoulder_width,0,29,0,True,True,True,True,True
train/FATHER/8247913651486547-FATHER.v17.npz,data/local/citizen100_v17/raw/train/FATHER/8247913651486547-FATHER.mp4,train,FATHER,landscape,640,480,96,32,0.5859405000000208,0.28125,0.84375,0.42919921875,0.78125,0.59375,0.78125,shoulder_width,0,27,0,True,True,True,True,True
train/FATHER/8360801452399957-FATHER.v17.npz,data/local/citizen100_v17/raw/train/FATHER/8360801452399957-FATHER.mp4,train,FATHER,landscape,640,480,49,22,0.30673537499998815,0.3469387755102041,0.7727272727272727,0.374267578125,0.78125,0.78125,0.7727272727272727,shoulder_width,0,17,0,True,True,True,True,True
train/FATHER/8528744514122979-FATHER.v17.npz,data/local/citizen100_v17/raw/train/FATHER/8528744514122979-FATHER.mp4,train,FATHER,landscape,640,480,85,40,0.5197666660000095,0.4117647058823529,0.875,0.425537109375,0.84375,0.84375,0.825,shoulder_width,0,35,0,True,True,True,True,True
train/FATHER/9265869776877644-FATHER.v17.npz,data/local/citizen100_v17/raw/train/FATHER/9265869776877644-FATHER.mp4,train,FATHER,landscape,640,480,73,48,0.4845752920000166,0.589041095890411,0.8958333333333334,0.44580078125,0.84375,0.84375,0.8541666666666666,shoulder_width,43,0,0,True,True,True,True,True
train/FEEL/039311828107857494-FEEL.v17.npz,data/local/citizen100_v17/raw/train/FEEL/039311828107857494-FEEL.mp4,train,FEEL,landscape,640,480,95,47,0.6250868749999938,0.45263157894736844,0.9148936170212766,0.431640625,0.875,0.875,0.8723404255319149,shoulder_width,0,43,0,True,True,True,True,True
train/FEEL/09488702358853462-FEEL.v17.npz,data/local/citizen100_v17/raw/train/FEEL/09488702358853462-FEEL.mp4,train,FEEL,landscape,640,480,43,21,0.27842679199997633,0.3953488372093023,0.8095238095238095,0.39892578125,0.84375,0.7421875,0.8095238095238095,shoulder_width,0,17,0,True,True,True,True,True
train/FEEL/16441722629236466-FEEL.v17.npz,data/local/citizen100_v17/raw/train/FEEL/16441722629236466-FEEL.mp4,train,FEEL,landscape,640,480,76,51,0.5275279999999896,0.618421052631579,0.9215686274509803,0.4560546875,0.8125,0.8125,0.803921568627451,shoulder_width,47,0,0,True,True,True,True,True
train/FEEL/2818424396791055-FEEL.v17.npz,data/local/citizen100_v17/raw/train/FEEL/2818424396791055-FEEL.mp4,train,FEEL,landscape,640,480,48,25,0.31963212499999827,0.4375,0.84,0.421875,0.6875,0.015625,0.04,shoulder_width,0,21,0,True,True,True,True,True
train/FEEL/4195498717382553-FEEL.v17.npz,data/local/citizen100_v17/raw/train/FEEL/4195498717382553-FEEL.mp4,train,FEEL,landscape,640,480,38,23,0.24614224999999124,0.5,0.8260869565217391,0.40625,0.75,0.75,0.7391304347826086,shoulder_width,0,19,0,True,True,True,True,True
train/FEEL/4560608489469089-FEEL.v17.npz,data/local/citizen100_v17/raw/train/FEEL/4560608489469089-FEEL.mp4,train,FEEL,landscape,640,480,55,34,0.35463766699999155,0.5454545454545454,0.8823529411764706,0.4033203125,0.71875,0.3671875,0.7352941176470589,shoulder_width,0,30,0,True,True,True,True,True
train/FEEL/47007106825738343-FEEL.v17.npz,data/local/citizen100_v17/raw/train/FEEL/47007106825738343-FEEL.mp4,train,FEEL,landscape,640,480,67,48,0.44526529199998777,0.582089552238806,0.8125,0.427001953125,0.875,0.0,0.0,palm_length,0,39,0,True,True,True,True,True
train/FEEL/5377632284939944-FEEL.v17.npz,data/local/citizen100_v17/raw/train/FEEL/5377632284939944-FEEL.mp4,train,FEEL,landscape,640,480,55,36,0.3382089170000029,0.5636363636363636,0.8611111111111112,0.397216796875,0.6875,0.6328125,0.6944444444444444,shoulder_width,0,31,0,True,True,True,True,True
train/FEEL/5451782627570656-FEEL.v17.npz,data/local/citizen100_v17/raw/train/FEEL/5451782627570656-FEEL.mp4,train,FEEL,landscape,640,480,75,33,0.4755979580000087,0.38666666666666666,0.8787878787878788,0.42333984375,0.75,0.5625,0.7575757575757576,shoulder_width,0,29,0,True,True,True,True,True
train/FEEL/6635158577084479-FEEL.v17.npz,data/local/citizen100_v17/raw/train/FEEL/6635158577084479-FEEL.mp4,train,FEEL,landscape,640,480,96,35,0.5834692919999895,0.3229166666666667,0.8857142857142857,0.412841796875,0.6875,0.234375,0.4857142857142857,shoulder_width,0,31,0,True,True,True,True,True
train/FEEL/7243206978076484-FEEL.v17.npz,data/local/citizen100_v17/raw/train/FEEL/7243206978076484-FEEL.mp4,train,FEEL,landscape,640,480,87,51,0.5726934580000034,0.5402298850574713,0.9215686274509803,0.44873046875,0.96875,0.5078125,0.9607843137254902,shoulder_width,0,47,0,True,True,True,True,True
train/FEEL/7320835026313446-FEEL.v17.npz,data/local/citizen100_v17/raw/train/FEEL/7320835026313446-FEEL.mp4,train,FEEL,landscape,640,480,72,50,0.47060120800000504,0.6388888888888888,0.92,0.46142578125,0.8125,0.5703125,0.82,shoulder_width,46,0,0,True,True,True,True,True
train/FEEL/7325783143716607-seedFEEL.v17.npz,data/local/citizen100_v17/raw/train/FEEL/7325783143716607-seedFEEL.mp4,train,FEEL,landscape,640,480,96,26,0.5553182090000064,0.22916666666666666,0.8461538461538461,0.422607421875,0.65625,0.65625,0.6538461538461539,shoulder_width,0,22,0,True,True,True,True,True
train/FEEL/8554683389855848-FEEL.v17.npz,data/local/citizen100_v17/raw/train/FEEL/8554683389855848-FEEL.mp4,train,FEEL,landscape,640,480,53,23,0.3141945830000168,0.3584905660377358,0.8260869565217391,0.40185546875,0.75,0.75,0.7391304347826086,shoulder_width,0,19,0,True,True,True,True,True
train/FEEL/9371703021423372-FEEL.v17.npz,data/local/citizen100_v17/raw/train/FEEL/9371703021423372-FEEL.mp4,train,FEEL,landscape,640,480,96,47,0.5742811659999916,0.4479166666666667,0.9148936170212766,0.435302734375,0.875,0.875,0.8723404255319149,shoulder_width,0,43,0,True,True,True,True,True
train/FIND/07916829935948999-FIND.v17.npz,data/local/citizen100_v17/raw/train/FIND/07916829935948999-FIND.mp4,train,FIND,landscape,640,480,75,43,0.47492508300001646,0.5066666666666667,0.8837209302325582,0.427734375,0.75,0.65625,0.7674418604651163,shoulder_width,38,0,0,True,True,True,True,True
train/FIND/22359033331993605-seedFIND.v17.npz,data/local/citizen100_v17/raw/train/FIND/22359033331993605-seedFIND.mp4,train,FIND,landscape,640,480,96,25,0.5288052080000227,0.21875,0.84,0.401123046875,0.6875,0.6875,0.68,shoulder_width,0,21,0,True,True,True,True,True
train/FIND/28527056597748013-FIND.v17.npz,data/local/citizen100_v17/raw/train/FIND/28527056597748013-FIND.mp4,train,FIND,landscape,640,480,45,25,0.2695797910000124,0.4222222222222222,0.76,0.424072265625,0.6875,0.6875,0.68,shoulder_width,0,19,0,True,True,True,True,True
train/FIND/3204407663915092-FIND.v17.npz,data/local/citizen100_v17/raw/train/FIND/3204407663915092-FIND.mp4,train,FIND,landscape,640,480,90,34,0.5119399579999993,0.32222222222222224,0.8529411764705882,0.42626953125,0.96875,0.0234375,0.029411764705882353,shoulder_width,0,29,0,True,True,True,True,True
train/FIND/4072329706028195-FIND.v17.npz,data/local/citizen100_v17/raw/train/FIND/4072329706028195-FIND.mp4,train,FIND,landscape,640,480,96,38,0.6666829170000028,0.34375,0.868421052631579,0.42333984375,0.875,0.875,0.868421052631579,shoulder_width,0,33,0,True,True,True,True,True
train/FIND/5899516180769444-FIND.v17.npz,data/local/citizen100_v17/raw/train/FIND/5899516180769444-FIND.mp4,train,FIND,landscape,640,480,60,28,0.4315277089999938,0.4,0.8571428571428571,0.421142578125,0.59375,0.4453125,0.6071428571428571,shoulder_width,0,24,0,True,True,True,True,True
train/FIND/6087294130758363-FIND.v17.npz,data/local/citizen100_v17/raw/train/FIND/6087294130758363-FIND.mp4,train,FIND,landscape,640,480,96,60,0.6470767499999965,0.3958333333333333,0.6333333333333333,0.313232421875,0.8125,0.7421875,0.55,shoulder_width,0,38,0,True,True,True,True,True
train/FIND/610712221951559-FIND.v17.npz,data/local/citizen100_v17/raw/train/FIND/610712221951559-FIND.mp4,train,FIND,landscape,640,480,96,46,0.6002468750000105,0.4375,0.9130434782608695,0.427734375,0.875,0.5390625,0.391304347826087,shoulder_width,42,0,0,True,True,True,True,True
train/FIND/6517293791661136-FIND.v17.npz,data/local/citizen100_v17/raw/train/FIND/6517293791661136-FIND.mp4,train,FIND,landscape,640,480,70,26,0.42066758400000026,0.3,0.8076923076923077,0.359375,0.96875,0.015625,0.038461538461538464,shoulder_width,0,21,0,True,True,True,True,True
train/FIND/6600524013477269-FIND.v17.npz,data/local/citizen100_v17/raw/train/FIND/6600524013477269-FIND.mp4,train,FIND,landscape,640,480,41,26,0.2925525419999815,0.5121951219512195,0.8076923076923077,0.3935546875,0.96875,0.4921875,0.6538461538461539,shoulder_width,0,21,0,True,True,True,True,True
train/FIND/8618961603650133-FIND.v17.npz,data/local/citizen100_v17/raw/train/FIND/8618961603650133-FIND.mp4,train,FIND,landscape,640,480,44,30,0.3005386250000015,0.5909090909090909,0.8666666666666667,0.399658203125,0.84375,0.6328125,0.8333333333333334,shoulder_width,0,26,0,True,True,True,True,True
train/FIND/864714217171799-FIND.v17.npz,data/local/citizen100_v17/raw/train/FIND/864714217171799-FIND.mp4,train,FIND,landscape,640,480,47,20,0.27933312499999374,0.3191489361702128,0.75,0.384033203125,0.875,0.875,0.85,shoulder_width,0,15,0,True,True,True,True,True
train/FIND/9083197141290018-FIND.v17.npz,data/local/citizen100_v17/raw/train/FIND/9083197141290018-FIND.mp4,train,FIND,landscape,640,480,57,33,0.34645058399999584,0.5087719298245614,0.8787878787878788,0.432373046875,0.75,0.5625,0.7575757575757576,shoulder_width,29,0,0,True,True,True,True,True
train/FIND/9785239951245142-FIND.v17.npz,data/local/citizen100_v17/raw/train/FIND/9785239951245142-FIND.mp4,train,FIND,landscape,640,480,67,24,0.3983194999999853,0.29850746268656714,0.8333333333333334,0.404052734375,0.6875,0.6875,0.7083333333333334,shoulder_width,0,20,0,True,True,True,True,True
train/FRIEND/002814626086696137-FRIEND.v17.npz,data/local/citizen100_v17/raw/train/FRIEND/002814626086696137-FRIEND.mp4,train,FRIEND,landscape,640,480,86,55,0.6402302500000019,0.6046511627906976,0.9454545454545454,0.8603515625,0.875,0.765625,0.8909090909090909,shoulder_width,50,47,0,True,True,True,True,True
train/FRIEND/011107081071308533-FRIEND.v17.npz,data/local/citizen100_v17/raw/train/FRIEND/011107081071308533-FRIEND.mp4,train,FRIEND,landscape,640,480,75,38,0.49308608300000856,0.4533333333333333,0.8947368421052632,0.81787109375,0.84375,0.640625,0.868421052631579,shoulder_width,32,32,0,True,True,True,True,True
train/FRIEND/04656481067971696-seedFRIEND.v17.npz,data/local/citizen100_v17/raw/train/FRIEND/04656481067971696-seedFRIEND.mp4,train,FRIEND,landscape,640,480,96,41,0.6630075420000026,0.3854166666666667,0.9024390243902439,0.875,0.8125,0.8125,0.8048780487804879,shoulder_width,37,37,0,True,True,True,True,True
train/FRIEND/06432011024096629-FRIEND.v17.npz,data/local/citizen100_v17/raw/train/FRIEND/06432011024096629-FRIEND.mp4,train,FRIEND,landscape,640,480,53,29,0.39144037500000195,0.4716981132075472,0.8620689655172413,0.712890625,0.875,0.8046875,0.8620689655172413,shoulder_width,19,25,0,True,True,True,True,True
train/FRIEND/11272869599260926-FRIEND.v17.npz,data/local/citizen100_v17/raw/train/FRIEND/11272869599260926-FRIEND.mp4,train,FRIEND,landscape,640,480,61,28,0.43772229199998947,0.39344262295081966,0.8571428571428571,0.818359375,0.90625,0.8359375,0.8928571428571429,shoulder_width,23,23,0,True,True,True,True,True
train/FRIEND/11392442549712078-FRIEND.v17.npz,data/local/citizen100_v17/raw/train/FRIEND/11392442549712078-FRIEND.mp4,train,FRIEND,landscape,640,480,67,36,0.5122209159999898,0.47761194029850745,0.8888888888888888,0.802734375,0.90625,0.90625,0.9166666666666666,shoulder_width,28,32,0,True,True,True,True,True
train/FRIEND/18156591507416464-FRIEND.v17.npz,data/local/citizen100_v17/raw/train/FRIEND/18156591507416464-FRIEND.mp4,train,FRIEND,landscape,640,480,96,50,0.7135944999999992,0.4791666666666667,0.92,0.8427734375,0.8125,0.6328125,0.5,shoulder_width,41,46,0,True,True,True,True,True
train/FRIEND/3115705696578963-FRIEND.v17.npz,data/local/citizen100_v17/raw/train/FRIEND/3115705696578963-FRIEND.mp4,train,FRIEND,landscape,640,480,91,60,0.8036259159999872,0.6153846153846154,0.9333333333333333,0.89208984375,0.9375,0.1015625,0.16666666666666666,shoulder_width,56,54,0,True,True,True,True,True
train/FRIEND/31292634392838026-FRIEND.v17.npz,data/local/citizen100_v17/raw/train/FRIEND/31292634392838026-FRIEND.mp4,train,FRIEND,landscape,640,480,76,41,0.5377616250000017,0.4868421052631579,0.9024390243902439,0.81982421875,1.0,0.7578125,1.0,shoulder_width,34,36,0,True,True,True,True,True
train/FRIEND/3845231217942484-FRIEND.v17.npz,data/local/citizen100_v17/raw/train/FRIEND/3845231217942484-FRIEND.mp4,train,FRIEND,landscape,640,480,79,79,0.6406697500000007,1.0,1.0,0.60498046875,0.90625,0.90625,0.9240506329113924,shoulder_width,79,35,0,True,True,True,True,True
train/FRIEND/38529566276462957-FRIEND.v17.npz,data/local/citizen100_v17/raw/train/FRIEND/38529566276462957-FRIEND.mp4,train,FRIEND,landscape,640,480,89,43,0.6778895000000205,0.43820224719101125,0.9069767441860465,0.8369140625,0.9375,0.84375,0.9534883720930233,shoulder_width,36,39,0,True,True,True,True,True
train/FRIEND/3883569869285113-FRIEND.v17.npz,data/local/citizen100_v17/raw/train/FRIEND/3883569869285113-FRIEND.mp4,train,FRIEND,landscape,640,480,83,49,0.5922450829999946,0.5421686746987951,0.9183673469387755,0.81787109375,0.8125,0.5390625,0.673469387755102,shoulder_width,40,42,0,True,True,True,True,True
train/FRIEND/49578083878868284-FRIEND.v17.npz,data/local/citizen100_v17/raw/train/FRIEND/49578083878868284-FRIEND.mp4,train,FRIEND,landscape,640,480,60,37,0.4396862080000119,0.5333333333333333,0.8648648648648649,0.7783203125,0.6875,0.6875,0.6756756756756757,shoulder_width,32,28,0,True,True,True,True,True
train/FRIEND/5227323060671167-FRIEND.v17.npz,data/local/citizen100_v17/raw/train/FRIEND/5227323060671167-FRIEND.mp4,train,FRIEND,landscape,640,480,75,35,0.5161832919999938,0.37333333333333335,0.8,0.6875,0.6875,0.6875,0.7142857142857143,shoulder_width,28,23,0,True,True,True,True,True
train/FRIEND/9999305556908715-FRIEND.v17.npz,data/local/citizen100_v17/raw/train/FRIEND/9999305556908715-FRIEND.mp4,train,FRIEND,landscape,640,480,85,72,0.6166150000000243,0.4588235294117647,0.5416666666666666,0.479248046875,0.875,0.7109375,0.9027777777777778,shoulder_width,37,35,0,True,True,True,True,True
train/GIVE/0756193896626629-GIVE.v17.npz,data/local/citizen100_v17/raw/train/GIVE/0756193896626629-GIVE.mp4,train,GIVE,landscape,640,480,44,25,0.262675999999999,0.4772727272727273,0.84,0.40771484375,0.6875,0.0,0.0,palm_length,0,21,0,True,True,True,True,True
train/GIVE/1823075331771542-GIVE.v17.npz,data/local/citizen100_v17/raw/train/GIVE/1823075331771542-GIVE.mp4,train,GIVE,landscape,640,480,51,23,0.2969304579999914,0.35294117647058826,0.782608695652174,0.369140625,0.75,0.75,0.7391304347826086,shoulder_width,0,18,0,True,True,True,True,True
train/GIVE/24298622199216324-GIVE.v17.npz,data/local/citizen100_v17/raw/train/GIVE/24298622199216324-GIVE.mp4,train,GIVE,landscape,640,480,60,54,0.36208583300000896,0.5833333333333334,0.6481481481481481,0.347412109375,0.90625,0.90625,0.9074074074074074,shoulder_width,0,35,0,True,True,True,True,True
train/GIVE/2495443890240825-GIVE.v17.npz,data/local/citizen100_v17/raw/train/GIVE/2495443890240825-GIVE.mp4,train,GIVE,landscape,640,480,57,33,0.3845349590000069,0.5087719298245614,0.8787878787878788,0.400390625,1.0,0.5625,1.0,shoulder_width,0,29,0,True,True,True,True,True
train/GIVE/3730777319546914-seedGIVE.v17.npz,data/local/citizen100_v17/raw/train/GIVE/3730777319546914-seedGIVE.mp4,train,GIVE,landscape,640,480,96,41,0.5849816250000117,0.3854166666666667,0.9024390243902439,0.43310546875,0.8125,0.8125,0.8048780487804879,shoulder_width,0,37,0,True,True,True,True,True
train/GIVE/39549485976085896-GIVE.v17.npz,data/local/citizen100_v17/raw/train/GIVE/39549485976085896-GIVE.mp4,train,GIVE,landscape,640,480,57,36,0.35562429199998746,0.543859649122807,0.8611111111111112,0.41064453125,0.90625,0.453125,0.9166666666666666,shoulder_width,3,28,0,True,True,True,True,True
train/GIVE/44123846585091897-GIVE.v17.npz,data/local/citizen100_v17/raw/train/GIVE/44123846585091897-GIVE.mp4,train,GIVE,landscape,640,480,79,39,0.5296417920000067,0.4430379746835443,0.8974358974358975,0.432373046875,0.625,0.375,0.6410256410256411,shoulder_width,0,35,0,True,True,True,True,True
train/GIVE/5657005340369723-GIVE.v17.npz,data/local/citizen100_v17/raw/train/GIVE/5657005340369723-GIVE.mp4,train,GIVE,landscape,640,480,75,45,0.5849010000000021,0.49333333333333335,0.8222222222222222,0.360107421875,0.875,0.09375,0.2,shoulder_width,1,36,0,True,True,True,True,True
train/GIVE/6525872000407231-GIVE.v17.npz,data/local/citizen100_v17/raw/train/GIVE/6525872000407231-GIVE.mp4,train,GIVE,landscape,640,480,72,35,0.6806145420000007,0.4305555555555556,0.8857142857142857,0.478515625,0.71875,0.546875,0.7142857142857143,shoulder_width,7,31,0,True,True,True,True,True
train/GIVE/6761534511903275-GIVE.v17.npz,data/local/citizen100_v17/raw/train/GIVE/6761534511903275-GIVE.mp4,train,GIVE,landscape,640,480,84,44,0.6540735419999919,0.47619047619047616,0.9090909090909091,0.42333984375,0.90625,0.90625,0.9318181818181818,shoulder_width,40,0,0,True,True,True,True,True
train/GIVE/7602780259740458-GIVE.v17.npz,data/local/citizen100_v17/raw/train/GIVE/7602780259740458-GIVE.mp4,train,GIVE,landscape,640,480,45,23,0.3543019999999899,0.4222222222222222,0.8260869565217391,0.40478515625,0.75,0.0,0.0,palm_length,19,0,0,True,True,True,True,True
train/GIVE/8691068748116906-GIVE.v17.npz,data/local/citizen100_v17/raw/train/GIVE/8691068748116906-GIVE.mp4,train,GIVE,landscape,640,480,96,42,0.6622809579999966,0.3854166666666667,0.8809523809523809,0.428466796875,0.78125,0.78125,0.7857142857142857,shoulder_width,0,37,0,True,True,True,True,True
train/GIVE/8799499585540838-GIVE.v17.npz,data/local/citizen100_v17/raw/train/GIVE/8799499585540838-GIVE.mp4,train,GIVE,landscape,640,480,55,31,0.3657230839999954,0.4909090909090909,0.8709677419354839,0.4189453125,0.8125,0.6171875,0.8064516129032258,shoulder_width,3,24,0,True,True,True,True,True
train/GIVE/8894885784668014-GIVE.v17.npz,data/local/citizen100_v17/raw/train/GIVE/8894885784668014-GIVE.mp4,train,GIVE,landscape,640,480,65,27,0.4249026669999978,0.3384615384615385,0.8148148148148148,0.394287109375,0.65625,0.3515625,0.6296296296296297,shoulder_width,0,22,0,True,True,True,True,True
train/GIVE/9174915733024191-GIVE.v17.npz,data/local/citizen100_v17/raw/train/GIVE/9174915733024191-GIVE.mp4,train,GIVE,landscape,640,480,57,21,0.3616456670000048,0.2982456140350877,0.8095238095238095,0.390625,0.4375,0.4375,0.42857142857142855,shoulder_width,0,17,0,True,True,True,True,True
train/GO/10496700688928162-GO.v17.npz,data/local/citizen100_v17/raw/train/GO/10496700688928162-GO.mp4,train,GO,landscape,640,480,76,76,0.5976672500000006,0.7763157894736842,0.7763157894736842,0.441162109375,0.9375,0.8828125,0.9605263157894737,shoulder_width,55,33,0,True,True,True,True,True
train/GO/19142855644010948-GO.v17.npz,data/local/citizen100_v17/raw/train/GO/19142855644010948-GO.mp4,train,GO,landscape,640,480,49,26,0.3438492090000125,0.4489795918367347,0.8461538461538461,0.79931640625,0.65625,0.0,0.0,palm_length,22,21,0,True,True,True,True,True
train/GO/1917265918954878-GO.v17.npz,data/local/citizen100_v17/raw/train/GO/1917265918954878-GO.mp4,train,GO,landscape,640,480,43,23,0.32455837499998097,0.4418604651162791,0.8260869565217391,0.6650390625,0.75,0.75,0.7391304347826086,shoulder_width,18,14,0,True,True,True,True,True
train/GO/20492226110701672-GO.v17.npz,data/local/citizen100_v17/raw/train/GO/20492226110701672-GO.mp4,train,GO,landscape,640,480,66,28,0.4557079159999944,0.36363636363636365,0.8571428571428571,0.78125,0.59375,0.4453125,0.6071428571428571,shoulder_width,23,24,0,True,True,True,True,True
train/GO/2290456408074184-GO.v17.npz,data/local/citizen100_v17/raw/train/GO/2290456408074184-GO.mp4,train,GO,landscape,640,480,56,35,0.417644958000011,0.5535714285714286,0.8857142857142857,0.72265625,0.9375,0.1328125,0.2571428571428571,shoulder_width,23,31,0,True,True,True,True,True
train/GO/30544213991231106-GO.v17.npz,data/local/citizen100_v17/raw/train/GO/30544213991231106-GO.mp4,train,GO,landscape,640,480,67,31,0.4495515419999947,0.40298507462686567,0.8709677419354839,0.75390625,0.8125,0.8125,0.8064516129032258,shoulder_width,25,23,0,True,True,True,True,True
train/GO/41579421019094553-GO.v17.npz,data/local/citizen100_v17/raw/train/GO/41579421019094553-GO.mp4,train,GO,landscape,640,480,63,27,0.4086546670000075,0.36507936507936506,0.8518518518518519,0.80126953125,0.625,0.625,0.6296296296296297,shoulder_width,23,21,0,True,True,True,True,True
train/GO/47175728440552755-GO.v17.npz,data/local/citizen100_v17/raw/train/GO/47175728440552755-GO.mp4,train,GO,landscape,640,480,87,50,0.637304625000013,0.5287356321839081,0.92,0.66650390625,0.8125,0.0234375,0.04,shoulder_width,24,46,0,True,True,True,True,True
train/GO/5363852654946244-GO.v17.npz,data/local/citizen100_v17/raw/train/GO/5363852654946244-GO.mp4,train,GO,landscape,640,480,83,34,0.5953386669999929,0.3614457831325301,0.8823529411764706,0.791015625,0.96875,0.5,0.9705882352941176,shoulder_width,30,27,0,True,True,True,True,True
train/GO/7642911134092343-seedGO.v17.npz,data/local/citizen100_v17/raw/train/GO/7642911134092343-seedGO.mp4,train,GO,landscape,640,480,96,35,0.6682579170000054,0.3229166666666667,0.8857142857142857,0.8427734375,0.6875,0.6328125,0.7142857142857143,shoulder_width,31,30,0,True,True,True,True,True
train/GO/7701619196687932-GO.v17.npz,data/local/citizen100_v17/raw/train/GO/7701619196687932-GO.mp4,train,GO,landscape,640,480,86,42,0.6410699169999816,0.4418604651162791,0.9047619047619048,0.80126953125,0.78125,0.359375,0.5952380952380952,shoulder_width,36,36,0,True,True,True,True,True
train/GO/7813105619399183-GO.v17.npz,data/local/citizen100_v17/raw/train/GO/7813105619399183-GO.mp4,train,GO,landscape,640,480,96,31,0.5821318330000054,0.28125,0.8709677419354839,0.8427734375,0.8125,0.8125,0.8064516129032258,shoulder_width,26,27,0,True,True,True,True,True
train/GO/7819362494402429-GO.v17.npz,data/local/citizen100_v17/raw/train/GO/7819362494402429-GO.mp4,train,GO,landscape,640,480,73,35,0.5295111669999812,0.4246575342465753,0.8857142857142857,0.76025390625,0.71875,0.71875,0.7142857142857143,shoulder_width,30,26,0,True,True,True,True,True
train/GO/8354410716389704-GO.v17.npz,data/local/citizen100_v17/raw/train/GO/8354410716389704-GO.mp4,train,GO,landscape,640,480,36,20,0.3185736249999991,0.4444444444444444,0.8,0.671875,0.46875,0.3671875,0.45,shoulder_width,16,10,0,True,True,True,True,True
train/GO/9981647509356435-GO.v17.npz,data/local/citizen100_v17/raw/train/GO/9981647509356435-GO.mp4,train,GO,landscape,640,480,46,31,0.3684479580000186,0.5869565217391305,0.8709677419354839,0.77587890625,0.8125,0.015625,0.03225806451612903,shoulder_width,22,27,0,True,True,True,True,True
train/GOOD/04439224802145447-GOOD.v17.npz,data/local/citizen100_v17/raw/train/GOOD/04439224802145447-GOOD.mp4,train,GOOD,landscape,640,480,96,37,0.6114946659999987,0.34375,0.8918918918918919,0.42626953125,0.6875,0.6875,0.6756756756756757,shoulder_width,33,0,0,True,True,True,True,True
train/GOOD/06635586886652112-seedGOOD.v17.npz,data/local/citizen100_v17/raw/train/GOOD/06635586886652112-seedGOOD.mp4,train,GOOD,landscape,640,480,96,24,0.568976125000006,0.20833333333333334,0.8333333333333334,0.385498046875,0.71875,0.71875,0.7083333333333334,shoulder_width,0,20,0,True,True,True,True,True
train/GOOD/18340714145664716-GOOD.v17.npz,data/local/citizen100_v17/raw/train/GOOD/18340714145664716-GOOD.mp4,train,GOOD,landscape,640,480,73,30,0.46159474999998906,0.3561643835616438,0.8666666666666667,0.43017578125,0.84375,0.6328125,0.8333333333333334,shoulder_width,0,26,0,True,True,True,True,True
train/GOOD/27179636245697747-GOOD.v17.npz,data/local/citizen100_v17/raw/train/GOOD/27179636245697747-GOOD.mp4,train,GOOD,landscape,640,480,96,38,0.5888857909999956,0.3541666666666667,0.8947368421052632,0.430908203125,0.875,0.65625,0.868421052631579,shoulder_width,1,33,0,True,True,True,True,True
train/GOOD/5088051624336825-GOOD.v17.npz,data/local/citizen100_v17/raw/train/GOOD/5088051624336825-GOOD.mp4,train,GOOD,landscape,640,480,82,48,0.5631749590000084,0.5,0.8541666666666666,0.441162109375,0.84375,0.7578125,0.8541666666666666,shoulder_width,0,42,0,True,True,True,True,True
train/GOOD/5199177562877719-GOOD.v17.npz,data/local/citizen100_v17/raw/train/GOOD/5199177562877719-GOOD.mp4,train,GOOD,landscape,640,480,85,49,0.5357062080000219,0.5294117647058824,0.9183673469387755,0.456787109375,0.8125,0.8125,0.8367346938775511,shoulder_width,45,0,0,True,True,True,True,True
train/GOOD/5586839450092025-GOOD.v17.npz,data/local/citizen100_v17/raw/train/GOOD/5586839450092025-GOOD.mp4,train,GOOD,landscape,640,480,73,30,0.5014541250000093,0.3561643835616438,0.8666666666666667,0.6279296875,0.84375,0.84375,0.8333333333333334,shoulder_width,14,26,0,True,True,True,True,True
train/GOOD/5948912677856568-GOOD.v17.npz,data/local/citizen100_v17/raw/train/GOOD/5948912677856568-GOOD.mp4,train,GOOD,landscape,640,480,58,32,0.3602290830000072,0.3448275862068966,0.625,0.302001953125,0.78125,0.0,0.0,palm_length,0,20,0,True,True,True,True,True
train/GOOD/7085041042230886-GOOD.v17.npz,data/local/citizen100_v17/raw/train/GOOD/7085041042230886-GOOD.mp4,train,GOOD,landscape,640,480,46,28,0.29060329200001433,0.5217391304347826,0.8571428571428571,0.399658203125,0.59375,0.3046875,0.6071428571428571,shoulder_width,0,24,0,True,True,True,True,True
train/GOOD/7633870830493861-GOOD.v17.npz,data/local/citizen100_v17/raw/train/GOOD/7633870830493861-GOOD.mp4,train,GOOD,landscape,640,480,96,44,0.590718417000005,0.4166666666666667,0.9090909090909091,0.430908203125,0.75,0.75,0.75,shoulder_width,0,40,0,True,True,True,True,True
train/GOOD/7988103105967095-GOOD.v17.npz,data/local/citizen100_v17/raw/train/GOOD/7988103105967095-GOOD.mp4,train,GOOD,landscape,640,480,61,37,0.3952259579999975,0.5409836065573771,0.8918918918918919,0.411376953125,0.875,0.453125,0.8918918918918919,shoulder_width,33,0,0,True,True,True,True,True
train/GOOD/8259197203871462-GOOD.v17.npz,data/local/citizen100_v17/raw/train/GOOD/8259197203871462-GOOD.mp4,train,GOOD,landscape,640,480,54,28,0.3492914159999998,0.42592592592592593,0.8214285714285714,0.468017578125,0.59375,0.59375,0.6071428571428571,shoulder_width,3,23,0,True,True,True,True,True
train/GOOD/9521412407799632-GOOD.v17.npz,data/local/citizen100_v17/raw/train/GOOD/9521412407799632-GOOD.mp4,train,GOOD,landscape,640,480,54,21,0.3084991670000079,0.3148148148148148,0.8095238095238095,0.395751953125,0.8125,0.8125,0.8095238095238095,shoulder_width,0,17,0,True,True,True,True,True
train/GOOD/9756165063743225-GOOD.v17.npz,data/local/citizen100_v17/raw/train/GOOD/9756165063743225-GOOD.mp4,train,GOOD,landscape,640,480,51,27,0.29516854100000955,0.45098039215686275,0.8518518518518519,0.40625,0.9375,0.8671875,0.9259259259259259,shoulder_width,0,23,0,True,True,True,True,True
train/GOOD/9875735466160431-GOOD.v17.npz,data/local/citizen100_v17/raw/train/GOOD/9875735466160431-GOOD.mp4,train,GOOD,landscape,640,480,47,23,0.29383162500002413,0.40425531914893614,0.8260869565217391,0.72021484375,0.75,0.75,0.7391304347826086,shoulder_width,17,17,0,True,True,True,True,True
train/GOODBYE/011053589241707185-BYE.v17.npz,data/local/citizen100_v17/raw/train/GOODBYE/011053589241707185-BYE.mp4,train,GOODBYE,landscape,640,480,53,32,0.332070041999998,0.5283018867924528,0.875,0.412841796875,0.78125,0.0,0.0,palm_length,0,28,0,True,True,True,True,True
train/GOODBYE/048776623388550044-BYE.v17.npz,data/local/citizen100_v17/raw/train/GOODBYE/048776623388550044-BYE.mp4,train,GOODBYE,landscape,640,480,49,38,0.37273137500000075,0.6530612244897959,0.8421052631578947,0.412841796875,0.875,0.671875,0.868421052631579,shoulder_width,31,1,0,True,True,True,True,True
train/GOODBYE/21550036390436733-BYE.v17.npz,data/local/citizen100_v17/raw/train/GOODBYE/21550036390436733-BYE.mp4,train,GOODBYE,landscape,640,480,66,34,0.44104849999999374,0.45454545454545453,0.8823529411764706,0.431640625,0.71875,0.484375,0.7352941176470589,shoulder_width,0,30,0,True,True,True,True,True
train/GOODBYE/374824970052654-BYE.v17.npz,data/local/citizen100_v17/raw/train/GOODBYE/374824970052654-BYE.mp4,train,GOODBYE,landscape,640,480,96,62,0.6269998340000029,0.3541666666666667,0.5483870967741935,0.265625,0.78125,0.59375,0.16129032258064516,shoulder_width,0,34,0,True,True,True,True,True
train/GOODBYE/4327026387490418-BYE.v17.npz,data/local/citizen100_v17/raw/train/GOODBYE/4327026387490418-BYE.mp4,train,GOODBYE,landscape,640,480,96,52,0.5988669589999915,0.4895833333333333,0.9038461538461539,0.46142578125,0.9375,0.9375,0.9423076923076923,shoulder_width,0,47,0,True,True,True,True,True
train/GOODBYE/4567979691425712-seedBYE.v17.npz,data/local/citizen100_v17/raw/train/GOODBYE/4567979691425712-seedBYE.mp4,train,GOODBYE,landscape,640,480,96,32,0.5454501250000021,0.2916666666666667,0.875,0.435302734375,0.78125,0.78125,0.78125,shoulder_width,0,28,0,True,True,True,True,True
train/GOODBYE/516342335411355-BYE.v17.npz,data/local/citizen100_v17/raw/train/GOODBYE/516342335411355-BYE.mp4,train,GOODBYE,landscape,640,480,66,34,0.3919349579999789,0.45454545454545453,0.8823529411764706,0.422607421875,0.71875,0.3828125,0.5,shoulder_width,0,30,0,True,True,True,True,True
train/GOODBYE/5723102083146778-BYE.v17.npz,data/local/citizen100_v17/raw/train/GOODBYE/5723102083146778-BYE.mp4,train,GOODBYE,landscape,640,480,54,26,0.33963779100000124,0.4074074074074074,0.8461538461538461,0.415283203125,0.96875,0.5,0.07692307692307693,shoulder_width,0,22,0,True,True,True,True,True
train/GOODBYE/5974251648548923-BYE.v17.npz,data/local/citizen100_v17/raw/train/GOODBYE/5974251648548923-BYE.mp4,train,GOODBYE,landscape,640,480,59,37,0.391417792000027,0.559322033898305,0.8918918918918919,0.42919921875,0.6875,0.0,0.0,palm_length,33,0,0,True,True,True,True,True
train/GOODBYE/6785992819227267-BYE.v17.npz,data/local/citizen100_v17/raw/train/GOODBYE/6785992819227267-BYE.mp4,train,GOODBYE,landscape,640,480,49,24,0.3196842919999767,0.40816326530612246,0.8333333333333334,0.404052734375,0.71875,0.1953125,0.375,shoulder_width,0,20,0,True,True,True,True,True
train/GOODBYE/7072634397394595-BYE.v17.npz,data/local/citizen100_v17/raw/train/GOODBYE/7072634397394595-BYE.mp4,train,GOODBYE,landscape,640,480,52,31,0.3513965839999855,0.5192307692307693,0.8709677419354839,0.427001953125,0.8125,0.6171875,0.8064516129032258,shoulder_width,0,27,0,True,True,True,True,True
train/GOODBYE/8852825102646966-BYE.v17.npz,data/local/citizen100_v17/raw/train/GOODBYE/8852825102646966-BYE.mp4,train,GOODBYE,landscape,640,480,93,34,0.5581895419999796,0.3225806451612903,0.8823529411764706,0.406982421875,0.96875,0.0,0.0,palm_length,30,0,0,True,True,True,True,True
train/GOODBYE/9404479880375034-BYE.v17.npz,data/local/citizen100_v17/raw/train/GOODBYE/9404479880375034-BYE.mp4,train,GOODBYE,landscape,640,480,96,37,0.639024667000001,0.34375,0.8918918918918919,0.428466796875,0.875,0.6640625,0.8918918918918919,shoulder_width,0,33,0,True,True,True,True,True
train/GOODBYE/9682333715513665-BYE.v17.npz,data/local/citizen100_v17/raw/train/GOODBYE/9682333715513665-BYE.mp4,train,GOODBYE,landscape,640,480,46,32,0.3367820830000028,0.6086956521739131,0.875,0.42626953125,0.78125,0.4609375,0.28125,shoulder_width,0,28,0,True,True,True,True,True
train/GOODBYE/9729998715398667-BYE.v17.npz,data/local/citizen100_v17/raw/train/GOODBYE/9729998715398667-BYE.mp4,train,GOODBYE,landscape,640,480,96,34,0.5829708750000009,0.3125,0.8823529411764706,0.43603515625,0.71875,0.328125,0.5,shoulder_width,0,30,0,True,True,True,True,True
train/HAPPY/05300176493024167-HAPPY.v17.npz,data/local/citizen100_v17/raw/train/HAPPY/05300176493024167-HAPPY.mp4,train,HAPPY,landscape,640,480,50,34,0.33285291699999675,0.6,0.8823529411764706,0.425537109375,0.71875,0.546875,0.7352941176470589,shoulder_width,0,30,0,True,True,True,True,True
train/HAPPY/09872039306873526-seedHAPPY.v17.npz,data/local/citizen100_v17/raw/train/HAPPY/09872039306873526-seedHAPPY.mp4,train,HAPPY,landscape,640,480,96,21,0.5327835409999864,0.17708333333333334,0.8095238095238095,0.396484375,0.4375,0.4375,0.42857142857142855,shoulder_width,0,17,0,True,True,True,True,True
train/HAPPY/09937285850055066-HAPPY.v17.npz,data/local/citizen100_v17/raw/train/HAPPY/09937285850055066-HAPPY.mp4,train,HAPPY,landscape,640,480,96,30,0.5496282080000015,0.2708333333333333,0.8666666666666667,0.419677734375,0.84375,0.7734375,0.8333333333333334,shoulder_width,26,0,0,True,True,True,True,True
train/HAPPY/214143352672429-HAPPY.v17.npz,data/local/citizen100_v17/raw/train/HAPPY/214143352672429-HAPPY.mp4,train,HAPPY,landscape,640,480,96,67,0.6072251250000136,0.3958333333333333,0.5671641791044776,0.281982421875,0.84375,0.84375,0.8507462686567164,shoulder_width,0,38,0,True,True,True,True,True
train/HAPPY/3025077004187282-HAPPY.v17.npz,data/local/citizen100_v17/raw/train/HAPPY/3025077004187282-HAPPY.mp4,train,HAPPY,landscape,640,480,63,32,0.4028725839999936,0.4444444444444444,0.875,0.4375,0.78125,0.3359375,0.53125,shoulder_width,0,28,0,True,True,True,True,True
train/HAPPY/4311917411154673-HAPPY.v17.npz,data/local/citizen100_v17/raw/train/HAPPY/4311917411154673-HAPPY.mp4,train,HAPPY,landscape,640,480,94,52,0.6094734999999787,0.5106382978723404,0.9230769230769231,0.441162109375,0.78125,0.59375,0.7884615384615384,shoulder_width,48,0,0,True,True,True,True,True
train/HAPPY/5407375828723797-HAPPY.v17.npz,data/local/citizen100_v17/raw/train/HAPPY/5407375828723797-HAPPY.mp4,train,HAPPY,landscape,640,480,64,33,0.4377971670000136,0.4375,0.8484848484848485,0.412109375,1.0,1.0,1.0,shoulder_width,0,28,0,True,True,True,True,True
train/HAPPY/546204032322096-HAPPY.v17.npz,data/local/citizen100_v17/raw/train/HAPPY/546204032322096-HAPPY.mp4,train,HAPPY,landscape,640,480,84,33,0.5659723749999728,0.34523809523809523,0.8787878787878788,0.425537109375,0.75,0.6875,0.7575757575757576,shoulder_width,0,29,0,True,True,True,True,True
train/HAPPY/6249242465723734-HAPPY.v17.npz,data/local/citizen100_v17/raw/train/HAPPY/6249242465723734-HAPPY.mp4,train,HAPPY,landscape,640,480,49,26,0.31637975000001006,0.4489795918367347,0.8461538461538461,0.415283203125,0.65625,0.65625,0.6538461538461539,shoulder_width,0,22,0,True,True,True,True,True
train/HAPPY/6970697622023043-HAPPY.v17.npz,data/local/citizen100_v17/raw/train/HAPPY/6970697622023043-HAPPY.mp4,train,HAPPY,landscape,640,480,38,25,0.2999515420000023,0.5526315789473685,0.84,0.75244140625,0.6875,0.6875,0.68,shoulder_width,21,18,0,True,True,True,True,True
train/HAPPY/7183808471728259-HAPPY.v17.npz,data/local/citizen100_v17/raw/train/HAPPY/7183808471728259-HAPPY.mp4,train,HAPPY,landscape,640,480,76,41,0.541482459000008,0.4868421052631579,0.9024390243902439,0.4375,0.78125,0.59375,0.8048780487804879,shoulder_width,0,37,0,True,True,True,True,True
train/HAPPY/8822793673438183-HAPPY.v17.npz,data/local/citizen100_v17/raw/train/HAPPY/8822793673438183-HAPPY.mp4,train,HAPPY,landscape,640,480,78,47,0.5455544580000264,0.5384615384615384,0.8936170212765957,0.428466796875,0.6875,0.4765625,0.5319148936170213,shoulder_width,42,0,0,True,True,True,True,True
train/HAPPY/9607097492455248-HAPPY.v17.npz,data/local/citizen100_v17/raw/train/HAPPY/9607097492455248-HAPPY.mp4,train,HAPPY,landscape,640,480,96,44,0.7585567499999968,0.40625,0.8863636363636364,0.41357421875,0.9375,0.7109375,0.9318181818181818,shoulder_width,0,39,0,True,True,True,True,True
train/HAPPY/9745449040953389-HAPPY.v17.npz,data/local/citizen100_v17/raw/train/HAPPY/9745449040953389-HAPPY.mp4,train,HAPPY,landscape,640,480,64,34,0.4972272500000088,0.46875,0.8823529411764706,0.41455078125,0.71875,0.71875,0.7352941176470589,shoulder_width,0,30,0,True,True,True,True,True
train/HAPPY/9858325161708861-HAPPY.v17.npz,data/local/citizen100_v17/raw/train/HAPPY/9858325161708861-HAPPY.mp4,train,HAPPY,landscape,640,480,74,34,0.5137549160000106,0.40540540540540543,0.8823529411764706,0.4091796875,0.71875,0.546875,0.7352941176470589,shoulder_width,0,30,0,True,True,True,True,True
train/HAVE/017661498365253214-HAVE.v17.npz,data/local/citizen100_v17/raw/train/HAVE/017661498365253214-HAVE.mp4,train,HAVE,landscape,640,480,75,39,0.5384359579999796,0.4,0.7692307692307693,0.63818359375,0.8125,0.0,0.0,palm_length,27,27,0,True,True,True,True,True
train/HAVE/03993441233922734-HAVE.v17.npz,data/local/citizen100_v17/raw/train/HAVE/03993441233922734-HAVE.mp4,train,HAVE,landscape,640,480,34,20,0.244881625000005,0.47058823529411764,0.8,0.6708984375,0.46875,0.46875,0.45,shoulder_width,12,16,0,True,True,True,True,True
train/HAVE/07925466246458779-HAVE.v17.npz,data/local/citizen100_v17/raw/train/HAVE/07925466246458779-HAVE.mp4,train,HAVE,landscape,640,480,96,39,0.618889041999978,0.3541666666666667,0.8717948717948718,0.81640625,0.84375,0.7890625,0.8461538461538461,shoulder_width,31,34,0,True,True,True,True,True
train/HAVE/22733514464849502-HAVE.v17.npz,data/local/citizen100_v17/raw/train/HAVE/22733514464849502-HAVE.mp4,train,HAVE,landscape,640,480,58,33,0.41604774999998995,0.5,0.8787878787878788,0.79150390625,0.75,0.6328125,0.7575757575757576,shoulder_width,29,24,0,True,True,True,True,True
train/HAVE/24626162714112465-HAVE.v17.npz,data/local/citizen100_v17/raw/train/HAVE/24626162714112465-HAVE.mp4,train,HAVE,landscape,640,480,80,46,0.5088317090000203,0.325,0.5652173913043478,0.49267578125,0.875,0.2890625,0.391304347826087,shoulder_width,24,24,0,True,True,True,True,True
train/HAVE/3064521963954243-seedHAVE.v17.npz,data/local/citizen100_v17/raw/train/HAVE/3064521963954243-seedHAVE.mp4,train,HAVE,landscape,640,480,96,25,0.5675919580000084,0.21875,0.84,0.7822265625,0.6875,0.6015625,0.68,shoulder_width,20,19,0,True,True,True,True,True
train/HAVE/41458666491716034-HAVE.v17.npz,data/local/citizen100_v17/raw/train/HAVE/41458666491716034-HAVE.mp4,train,HAVE,landscape,640,480,96,33,0.6069572920000041,0.3020833333333333,0.8787878787878788,0.78271484375,0.75,0.75,0.7575757575757576,shoulder_width,25,29,0,True,True,True,True,True
train/HAVE/454662254622324-HAVE.v17.npz,data/local/citizen100_v17/raw/train/HAVE/454662254622324-HAVE.mp4,train,HAVE,landscape,640,480,61,35,0.44519758300000944,0.5081967213114754,0.8857142857142857,0.7666015625,0.9375,0.3203125,0.2857142857142857,shoulder_width,27,30,0,True,True,True,True,True
train/HAVE/5451239257795701-HAVE.v17.npz,data/local/citizen100_v17/raw/train/HAVE/5451239257795701-HAVE.mp4,train,HAVE,landscape,640,480,45,20,0.2947843750000061,0.35555555555555557,0.8,0.73046875,0.875,0.7734375,0.85,shoulder_width,15,15,0,True,True,True,True,True
train/HAVE/6176616285163985-HAVE.v17.npz,data/local/citizen100_v17/raw/train/HAVE/6176616285163985-HAVE.mp4,train,HAVE,landscape,640,480,43,26,0.3462506660000031,0.5116279069767442,0.8461538461538461,0.6728515625,0.65625,0.4140625,0.6538461538461539,shoulder_width,15,22,0,True,True,True,True,True
train/HAVE/6282495181069199-HAVE.v17.npz,data/local/citizen100_v17/raw/train/HAVE/6282495181069199-HAVE.mp4,train,HAVE,landscape,640,480,45,22,0.3329580830000225,0.4,0.8181818181818182,0.75732421875,0.78125,0.6953125,0.7727272727272727,shoulder_width,18,17,0,True,True,True,True,True
train/HAVE/7513104867958282-HAVE.v17.npz,data/local/citizen100_v17/raw/train/HAVE/7513104867958282-HAVE.mp4,train,HAVE,landscape,640,480,89,46,0.7443074580000086,0.449438202247191,0.8695652173913043,0.8095703125,0.875,0.7890625,0.8913043478260869,shoulder_width,39,37,0,True,True,True,True,True
train/HAVE/933847098991408-HAVE.v17.npz,data/local/citizen100_v17/raw/train/HAVE/933847098991408-HAVE.mp4,train,HAVE,landscape,640,480,71,45,0.5897104999999954,0.5774647887323944,0.9111111111111111,0.83203125,0.90625,0.1953125,0.37777777777777777,shoulder_width,39,40,0,True,True,True,True,True
train/HAVE/9470368146172135-HAVE.v17.npz,data/local/citizen100_v17/raw/train/HAVE/9470368146172135-HAVE.mp4,train,HAVE,landscape,640,480,48,25,0.3692263330000003,0.4166666666666667,0.8,0.7021484375,0.6875,0.359375,0.68,shoulder_width,16,19,0,True,True,True,True,True
train/HE/053732365300724894-HE.v17.npz,data/local/citizen100_v17/raw/train/HE/053732365300724894-HE.mp4,train,HE,landscape,640,480,55,34,0.438378833999991,0.5272727272727272,0.8529411764705882,0.419677734375,0.71875,0.015625,0.029411764705882353,shoulder_width,0,29,0,True,True,True,True,True
train/HE/1724846081232847-HE.v17.npz,data/local/citizen100_v17/raw/train/HE/1724846081232847-HE.mp4,train,HE,landscape,640,480,65,31,0.43263904200000525,0.4153846153846154,0.8709677419354839,0.425537109375,0.8125,0.75,0.8064516129032258,shoulder_width,0,27,0,True,True,True,True,True
train/HE/20013893804599103-HE.v17.npz,data/local/citizen100_v17/raw/train/HE/20013893804599103-HE.mp4,train,HE,landscape,640,480,40,21,0.25951308300000164,0.4,0.7619047619047619,0.380859375,0.4375,0.4375,0.42857142857142855,shoulder_width,0,16,0,True,True,True,True,True
train/HE/2147980308534052-HE.v17.npz,data/local/citizen100_v17/raw/train/HE/2147980308534052-HE.mp4,train,HE,landscape,640,480,53,27,0.34707904199999007,0.4339622641509434,0.8518518518518519,0.412109375,0.625,0.015625,0.037037037037037035,shoulder_width,23,0,0,True,True,True,True,True
train/HE/335915499727792-HE.v17.npz,data/local/citizen100_v17/raw/train/HE/335915499727792-HE.mp4,train,HE,landscape,640,480,71,36,0.5088459170000021,0.4507042253521127,0.8888888888888888,0.435302734375,0.6875,0.578125,0.6944444444444444,shoulder_width,32,0,0,True,True,True,True,True
train/HE/33789633569338906-HE.v17.npz,data/local/citizen100_v17/raw/train/HE/33789633569338906-HE.mp4,train,HE,landscape,640,480,73,37,0.4411636670000121,0.3835616438356164,0.7567567567567568,0.415283203125,0.875,0.875,0.8918918918918919,shoulder_width,0,28,0,True,True,True,True,True
train/HE/3997168861475149-HE.v17.npz,data/local/citizen100_v17/raw/train/HE/3997168861475149-HE.mp4,train,HE,landscape,640,480,96,79,0.6406225830000096,0.4583333333333333,0.5569620253164557,0.2685546875,0.90625,0.078125,0.12658227848101267,shoulder_width,8,36,0,True,True,True,True,True
train/HE/48540972876704047-HE.v17.npz,data/local/citizen100_v17/raw/train/HE/48540972876704047-HE.mp4,train,HE,landscape,640,480,56,31,0.3597583749999842,0.48214285714285715,0.8709677419354839,0.41357421875,0.5625,0.359375,0.2903225806451613,shoulder_width,0,27,0,True,True,True,True,True
train/HE/5251028200471013-HE.v17.npz,data/local/citizen100_v17/raw/train/HE/5251028200471013-HE.mp4,train,HE,landscape,640,480,64,23,0.3998088330000087,0.296875,0.8260869565217391,0.400390625,0.75,0.0,0.0,palm_length,19,0,0,True,True,True,True,True
train/HE/5477484945014501-HE.v17.npz,data/local/citizen100_v17/raw/train/HE/5477484945014501-HE.mp4,train,HE,landscape,640,480,44,15,0.274754999999999,0.25,0.7333333333333333,0.3466796875,0.625,0.484375,0.6,shoulder_width,0,11,0,True,True,True,True,True
train/HE/634315397642317-HE.v17.npz,data/local/citizen100_v17/raw/train/HE/634315397642317-HE.mp4,train,HE,landscape,640,480,51,28,0.3253776669999979,0.45098039215686275,0.8214285714285714,0.386962890625,0.59375,0.296875,0.6071428571428571,shoulder_width,0,23,0,True,True,True,True,True
train/HE/71363394216049-HE.v17.npz,data/local/citizen100_v17/raw/train/HE/71363394216049-HE.mp4,train,HE,landscape,640,480,96,31,0.552894957999996,0.28125,0.8709677419354839,0.428466796875,0.8125,0.421875,0.8064516129032258,shoulder_width,0,27,0,True,True,True,True,True
train/HE/9540803227058581-HE.v17.npz,data/local/citizen100_v17/raw/train/HE/9540803227058581-HE.mp4,train,HE,landscape,640,480,57,31,0.3607229170000039,0.47368421052631576,0.8709677419354839,0.40185546875,0.8125,0.015625,0.03225806451612903,shoulder_width,0,27,0,True,True,True,True,True
train/HE/9892417590385312-seedHE.v17.npz,data/local/citizen100_v17/raw/train/HE/9892417590385312-seedHE.mp4,train,HE,landscape,640,480,96,24,0.5162015839999867,0.20833333333333334,0.8333333333333334,0.372802734375,0.71875,0.71875,0.7083333333333334,shoulder_width,0,20,0,True,True,True,True,True
train/HEAR/007817191326879414-HEAR 2.v17.npz,data/local/citizen100_v17/raw/train/HEAR/007817191326879414-HEAR 2.mp4,train,HEAR,landscape,640,480,45,22,0.26550975000000676,0.4,0.8181818181818182,0.399658203125,0.78125,0.78125,0.7727272727272727,shoulder_width,0,18,0,True,True,True,True,True
train/HEAR/09379253312644442-HEAR 2.v17.npz,data/local/citizen100_v17/raw/train/HEAR/09379253312644442-HEAR 2.mp4,train,HEAR,landscape,640,480,44,23,0.2771077079999884,0.4090909090909091,0.782608695652174,0.402587890625,0.75,0.75,0.7391304347826086,shoulder_width,0,18,0,True,True,True,True,True
train/HEAR/20910643157904762-HEAR 2.v17.npz,data/local/citizen100_v17/raw/train/HEAR/20910643157904762-HEAR 2.mp4,train,HEAR,landscape,640,480,86,38,0.5799947919999795,0.3953488372093023,0.8947368421052632,0.4248046875,0.875,0.21875,0.4473684210526316,shoulder_width,0,34,0,True,True,True,True,True
train/HEAR/23481839806379456-HEAR 2.v17.npz,data/local/citizen100_v17/raw/train/HEAR/23481839806379456-HEAR 2.mp4,train,HEAR,landscape,640,480,63,40,0.47335283300000697,0.5714285714285714,0.9,0.43017578125,0.8125,0.265625,0.05,shoulder_width,36,0,0,True,True,True,True,True
train/HEAR/26590410598868597-HEAR 2.v17.npz,data/local/citizen100_v17/raw/train/HEAR/26590410598868597-HEAR 2.mp4,train,HEAR,landscape,640,480,72,43,0.5733697500000119,0.5416666666666666,0.9069767441860465,0.436767578125,0.9375,0.4765625,0.9534883720930233,shoulder_width,0,39,0,True,True,True,True,True
train/HEAR/2677616732303967-HEAR 2.v17.npz,data/local/citizen100_v17/raw/train/HEAR/2677616732303967-HEAR 2.mp4,train,HEAR,landscape,640,480,80,44,0.5640046670000061,0.5,0.9090909090909091,0.430908203125,0.75,0.5625,0.75,shoulder_width,0,40,0,True,True,True,True,True
train/HEAR/33973508233400795-HEAR 2.v17.npz,data/local/citizen100_v17/raw/train/HEAR/33973508233400795-HEAR 2.mp4,train,HEAR,landscape,640,480,80,45,0.5854371249999986,0.5125,0.9111111111111111,0.4345703125,0.90625,0.515625,0.2222222222222222,shoulder_width,41,0,0,True,True,True,True,True
train/HEAR/3767477626817557-HEAR 2.v17.npz,data/local/citizen100_v17/raw/train/HEAR/3767477626817557-HEAR 2.mp4,train,HEAR,landscape,640,480,70,37,0.4691312500000038,0.44285714285714284,0.8378378378378378,0.41064453125,0.6875,0.515625,0.6756756756756757,shoulder_width,0,31,0,True,True,True,True,True
train/HEAR/5593061852952874-HEAR 2.v17.npz,data/local/citizen100_v17/raw/train/HEAR/5593061852952874-HEAR 2.mp4,train,HEAR,landscape,640,480,45,20,0.27718495900001017,0.35555555555555557,0.8,0.384033203125,0.84375,0.84375,0.85,shoulder_width,0,16,0,True,True,True,True,True
train/HEAR/6200599912746265-HEAR 2.v17.npz,data/local/citizen100_v17/raw/train/HEAR/6200599912746265-HEAR 2.mp4,train,HEAR,landscape,640,480,66,43,0.43816741599999887,0.5909090909090909,0.9069767441860465,0.436767578125,0.78125,0.640625,0.7674418604651163,shoulder_width,39,0,0,True,True,True,True,True
train/HEAR/7815210671274675-HEAR 2.v17.npz,data/local/citizen100_v17/raw/train/HEAR/7815210671274675-HEAR 2.mp4,train,HEAR,landscape,640,480,55,37,0.3571069580000028,0.6,0.8918918918918919,0.431640625,0.6875,0.2890625,0.0,palm_length,33,0,0,True,True,True,True,True
train/HEAR/8257819899330097-HEAR 2.v17.npz,data/local/citizen100_v17/raw/train/HEAR/8257819899330097-HEAR 2.mp4,train,HEAR,landscape,640,480,85,37,0.47719841699998256,0.38823529411764707,0.8918918918918919,0.42919921875,0.875,0.65625,0.8918918918918919,shoulder_width,0,33,0,True,True,True,True,True
train/HEAR/9217931281266674-seedHEAR 2.v17.npz,data/local/citizen100_v17/raw/train/HEAR/9217931281266674-seedHEAR 2.mp4,train,HEAR,landscape,640,480,96,33,0.5392497910000031,0.3020833333333333,0.8787878787878788,0.42919921875,0.75,0.75,0.7575757575757576,shoulder_width,0,29,0,True,True,True,True,True
train/HEAR/9323264704731735-HEAR 2.v17.npz,data/local/citizen100_v17/raw/train/HEAR/9323264704731735-HEAR 2.mp4,train,HEAR,landscape,640,480,96,30,0.52700408299998,0.2708333333333333,0.8666666666666667,0.428466796875,0.84375,0.7109375,0.8333333333333334,shoulder_width,0,26,0,True,True,True,True,True
train/HEAR/9905499086281422-HEAR 2.v17.npz,data/local/citizen100_v17/raw/train/HEAR/9905499086281422-HEAR 2.mp4,train,HEAR,landscape,640,480,57,38,0.36344462499999963,0.5789473684210527,0.868421052631579,0.421875,0.875,0.0234375,0.02631578947368421,shoulder_width,0,33,0,True,True,True,True,True
train/HELLO/0022932153577568393-HELLO.v17.npz,data/local/citizen100_v17/raw/train/HELLO/0022932153577568393-HELLO.mp4,train,HELLO,landscape,640,480,92,55,0.5675156249999986,0.5543478260869565,0.9272727272727272,0.45458984375,0.875,0.875,0.8909090909090909,shoulder_width,51,0,0,True,True,True,True,True
train/HELLO/0755679379568106-HELLO.v17.npz,data/local/citizen100_v17/raw/train/HELLO/0755679379568106-HELLO.mp4,train,HELLO,landscape,640,480,55,31,0.34182250000000636,0.4909090909090909,0.8709677419354839,0.43017578125,0.8125,0.421875,0.5483870967741935,shoulder_width,27,0,0,True,True,True,True,True
train/HELLO/081380748015633-HELLO.v17.npz,data/local/citizen100_v17/raw/train/HELLO/081380748015633-HELLO.mp4,train,HELLO,landscape,640,480,66,28,0.39600883299999623,0.36363636363636365,0.8571428571428571,0.41357421875,0.59375,0.59375,0.6071428571428571,shoulder_width,0,24,0,True,True,True,True,True
train/HELLO/11225598264242453-HELLO.v17.npz,data/local/citizen100_v17/raw/train/HELLO/11225598264242453-HELLO.mp4,train,HELLO,landscape,640,480,69,45,0.47705445900001564,0.5797101449275363,0.8888888888888888,0.4345703125,0.875,0.421875,0.5555555555555556,shoulder_width,0,40,0,True,True,True,True,True
train/HELLO/1340650432799635-HELLO.v17.npz,data/local/citizen100_v17/raw/train/HELLO/1340650432799635-HELLO.mp4,train,HELLO,landscape,640,480,38,26,0.24609195800002226,0.5,0.7307692307692307,0.363037109375,0.65625,0.65625,0.6538461538461539,shoulder_width,0,19,0,True,True,True,True,True
train/HELLO/180739946524912-seedHELLO.v17.npz,data/local/citizen100_v17/raw/train/HELLO/180739946524912-seedHELLO.mp4,train,HELLO,landscape,640,480,96,31,0.6521024170000089,0.28125,0.8709677419354839,0.4248046875,0.8125,0.8125,0.8064516129032258,shoulder_width,0,27,0,True,True,True,True,True
train/HELLO/25802117645943423-HELLO.v17.npz,data/local/citizen100_v17/raw/train/HELLO/25802117645943423-HELLO.mp4,train,HELLO,landscape,640,480,96,26,0.606729625000014,0.22916666666666666,0.8461538461538461,0.4375,0.65625,0.0,0.0,palm_length,22,0,0,True,True,True,True,True
train/HELLO/5254351100197965-HELLO.v17.npz,data/local/citizen100_v17/raw/train/HELLO/5254351100197965-HELLO.mp4,train,HELLO,landscape,640,480,45,28,0.3184721669999817,0.5555555555555556,0.8928571428571429,0.428466796875,0.90625,0.171875,0.32142857142857145,shoulder_width,0,25,0,True,True,True,True,True
train/HELLO/6448349493816601-HELLO.v17.npz,data/local/citizen100_v17/raw/train/HELLO/6448349493816601-HELLO.mp4,train,HELLO,landscape,640,480,45,21,0.3155780840000091,0.37777777777777777,0.8095238095238095,0.39501953125,0.8125,0.8125,0.8095238095238095,shoulder_width,0,17,0,True,True,True,True,True
train/HELLO/7597723277213178-HELLO.v17.npz,data/local/citizen100_v17/raw/train/HELLO/7597723277213178-HELLO.mp4,train,HELLO,landscape,640,480,96,37,0.5895753750000097,0.21875,0.5675675675675675,0.272216796875,0.875,0.875,0.8918918918918919,shoulder_width,0,21,0,True,True,True,True,True
train/HELLO/7613696736100914-HELLO.v17.npz,data/local/citizen100_v17/raw/train/HELLO/7613696736100914-HELLO.mp4,train,HELLO,landscape,640,480,76,46,0.5202593329999843,0.5526315789473685,0.9130434782608695,0.4345703125,0.875,0.015625,0.021739130434782608,shoulder_width,0,42,0,True,True,True,True,True
train/HELLO/8486809407942575-HELLO.v17.npz,data/local/citizen100_v17/raw/train/HELLO/8486809407942575-HELLO.mp4,train,HELLO,landscape,640,480,66,30,0.3998224579999885,0.3939393939393939,0.8666666666666667,0.4248046875,0.84375,0.5703125,0.5666666666666667,shoulder_width,0,26,0,True,True,True,True,True
train/HELLO/8841964348021558-HELLO.v17.npz,data/local/citizen100_v17/raw/train/HELLO/8841964348021558-HELLO.mp4,train,HELLO,landscape,640,480,96,61,0.5833426250000002,0.28125,0.4426229508196721,0.21875,0.8125,0.7109375,0.8032786885245902,shoulder_width,2,25,0,True,True,True,True,True
train/HELLO/9008261925178431-HELLO.v17.npz,data/local/citizen100_v17/raw/train/HELLO/9008261925178431-HELLO.mp4,train,HELLO,landscape,640,480,65,55,0.49901112500000977,0.4461538461538462,0.5272727272727272,0.333984375,0.75,0.453125,0.6,shoulder_width,8,27,0,True,True,True,True,True
train/HELP/07603691172028904-HELP.v17.npz,data/local/citizen100_v17/raw/train/HELP/07603691172028904-HELP.mp4,train,HELP,landscape,640,480,79,41,0.6533530830000132,0.46835443037974683,0.9024390243902439,0.77685546875,1.0,0.5625,0.8048780487804879,shoulder_width,30,38,0,True,True,True,True,True
train/HELP/09953879192572268-seedHELP.v17.npz,data/local/citizen100_v17/raw/train/HELP/09953879192572268-seedHELP.mp4,train,HELP,landscape,640,480,96,28,0.6571406249999825,0.25,0.8571428571428571,0.77685546875,0.59375,0.59375,0.6071428571428571,shoulder_width,19,27,0,True,True,True,True,True
train/HELP/12979829347320937-HELP.v17.npz,data/local/citizen100_v17/raw/train/HELP/12979829347320937-HELP.mp4,train,HELP,landscape,640,480,89,44,0.6780416670000022,0.449438202247191,0.9090909090909091,0.8564453125,0.90625,0.8671875,0.9318181818181818,shoulder_width,39,39,0,True,True,True,True,True
train/HELP/15046472702938374-HELP.v17.npz,data/local/citizen100_v17/raw/train/HELP/15046472702938374-HELP.mp4,train,HELP,landscape,640,480,96,72,0.6937756250000007,0.5,0.6666666666666666,0.57373046875,0.90625,0.7109375,0.9027777777777778,shoulder_width,40,48,0,True,True,True,True,True
train/HELP/1512241224851143-HELP.v17.npz,data/local/citizen100_v17/raw/train/HELP/1512241224851143-HELP.mp4,train,HELP,landscape,640,480,94,55,0.7200432079999928,0.5319148936170213,0.9090909090909091,0.849609375,0.875,0.6640625,0.8909090909090909,shoulder_width,49,48,0,True,True,True,True,True
train/HELP/3557945550706938-HELP.v17.npz,data/local/citizen100_v17/raw/train/HELP/3557945550706938-HELP.mp4,train,HELP,landscape,640,480,66,49,0.581327291999969,0.4696969696969697,0.6326530612244898,0.5556640625,0.84375,0.84375,0.8367346938775511,shoulder_width,26,30,0,True,True,True,True,True
train/HELP/4206186890939383-HELP.v17.npz,data/local/citizen100_v17/raw/train/HELP/4206186890939383-HELP.mp4,train,HELP,landscape,640,480,65,32,0.6897772500000201,0.4307692307692308,0.875,0.8369140625,0.78125,0.3359375,0.28125,shoulder_width,28,27,0,True,True,True,True,True
train/HELP/5574926687456125-HELP.v17.npz,data/local/citizen100_v17/raw/train/HELP/5574926687456125-HELP.mp4,train,HELP,landscape,640,480,76,39,0.6892705829999954,0.4473684210526316,0.8717948717948718,0.7685546875,0.625,0.625,0.6410256410256411,shoulder_width,28,31,0,True,True,True,True,True
train/HELP/6967335705063062-HELP.v17.npz,data/local/citizen100_v17/raw/train/HELP/6967335705063062-HELP.mp4,train,HELP,landscape,640,480,90,45,0.7397037910000108,0.45555555555555555,0.9111111111111111,0.80859375,0.71875,0.234375,0.37777777777777777,shoulder_width,37,35,0,True,True,True,True,True
train/HELP/7616988400005291-HELP.v17.npz,data/local/citizen100_v17/raw/train/HELP/7616988400005291-HELP.mp4,train,HELP,landscape,640,480,96,40,0.6778092920000063,0.3541666666666667,0.85,0.76708984375,0.8125,0.765625,0.825,shoulder_width,28,35,0,True,True,True,True,True
train/HELP/8646796456836814-HELP.v17.npz,data/local/citizen100_v17/raw/train/HELP/8646796456836814-HELP.mp4,train,HELP,landscape,640,480,43,25,0.33551016600000594,0.4883720930232558,0.84,0.7880859375,0.6875,0.609375,0.68,shoulder_width,19,22,0,True,True,True,True,True
train/HELP/9437772948180145-HELP.v17.npz,data/local/citizen100_v17/raw/train/HELP/9437772948180145-HELP.mp4,train,HELP,landscape,640,480,54,35,0.44532254199998533,0.5740740740740741,0.8857142857142857,0.7060546875,0.6875,0.6328125,0.7142857142857143,shoulder_width,22,31,0,True,True,True,True,True
train/HELP/9483688560737478-HELP.v17.npz,data/local/citizen100_v17/raw/train/HELP/9483688560737478-HELP.mp4,train,HELP,landscape,640,480,51,27,0.38267150000001493,0.45098039215686275,0.8518518518518519,0.79833984375,0.625,0.625,0.6296296296296297,shoulder_width,22,21,0,True,True,True,True,True
train/HOME/34171081267318204-HOME.v17.npz,data/local/citizen100_v17/raw/train/HOME/34171081267318204-HOME.mp4,train,HOME,landscape,640,480,96,54,0.6168494579999901,0.3333333333333333,0.5925925925925926,0.2783203125,0.75,0.75,0.7592592592592593,shoulder_width,0,32,0,True,True,True,True,True
train/HOME/37332866889587546-HOME.v17.npz,data/local/citizen100_v17/raw/train/HOME/37332866889587546-HOME.mp4,train,HOME,landscape,640,480,59,39,0.42179912499995,0.5423728813559322,0.8205128205128205,0.412841796875,0.84375,0.4921875,0.8461538461538461,shoulder_width,32,0,0,True,True,True,True,True
train/HOME/3758646722492833-HOME.v17.npz,data/local/citizen100_v17/raw/train/HOME/3758646722492833-HOME.mp4,train,HOME,landscape,640,480,79,47,0.6155554999999708,0.5443037974683544,0.9148936170212766,0.427001953125,0.84375,0.84375,0.8723404255319149,shoulder_width,43,0,0,True,True,True,True,True
train/HOME/4506537239301789-HOME.v17.npz,data/local/citizen100_v17/raw/train/HOME/4506537239301789-HOME.mp4,train,HOME,landscape,640,480,96,41,0.657342916999994,0.3854166666666667,0.9024390243902439,0.422607421875,0.78125,0.640625,0.24390243902439024,shoulder_width,0,37,0,True,True,True,True,True
train/HOME/4586501986373326-HOME.v17.npz,data/local/citizen100_v17/raw/train/HOME/4586501986373326-HOME.mp4,train,HOME,landscape,640,480,60,26,0.4129201669999816,0.36666666666666664,0.8461538461538461,0.43017578125,0.65625,0.65625,0.6538461538461539,shoulder_width,0,22,0,True,True,True,True,True
train/HOME/4691017505162802-seedHOME.v17.npz,data/local/citizen100_v17/raw/train/HOME/4691017505162802-seedHOME.mp4,train,HOME,landscape,640,480,96,30,0.5676387920000252,0.2708333333333333,0.8666666666666667,0.424072265625,0.84375,0.84375,0.8333333333333334,shoulder_width,0,26,0,True,True,True,True,True
train/HOME/4911600925607411-HOME.v17.npz,data/local/citizen100_v17/raw/train/HOME/4911600925607411-HOME.mp4,train,HOME,landscape,640,480,96,18,0.5211167919999866,0.14583333333333334,0.7777777777777778,0.40478515625,0.96875,0.0,0.0,palm_length,0,14,0,True,True,True,True,True
train/HOME/5752718369643628-HOME.v17.npz,data/local/citizen100_v17/raw/train/HOME/5752718369643628-HOME.mp4,train,HOME,landscape,640,480,47,26,0.2897426250000308,0.3617021276595745,0.6538461538461539,0.37646484375,0.65625,0.65625,0.6538461538461539,shoulder_width,0,17,0,True,True,True,True,True
train/HOME/6393982664215556-HOME.v17.npz,data/local/citizen100_v17/raw/train/HOME/6393982664215556-HOME.mp4,train,HOME,landscape,640,480,96,44,0.5807762919999959,0.4166666666666667,0.9090909090909091,0.4345703125,0.90625,0.6875,0.9318181818181818,shoulder_width,40,0,0,True,True,True,True,True
train/HOME/7655672501344968-HOME.v17.npz,data/local/citizen100_v17/raw/train/HOME/7655672501344968-HOME.mp4,train,HOME,landscape,640,480,63,52,0.40727958299999045,0.5238095238095238,0.6346153846153846,0.296875,0.9375,0.4453125,0.5,shoulder_width,4,29,0,True,True,True,True,True
train/HOME/9096601565421467-HOME.v17.npz,data/local/citizen100_v17/raw/train/HOME/9096601565421467-HOME.mp4,train,HOME,landscape,640,480,66,36,0.3995251670000357,0.48484848484848486,0.8888888888888888,0.436767578125,0.90625,0.90625,0.9166666666666666,shoulder_width,0,32,0,True,True,True,True,True
train/HOME/9146916136466876-HOME.v17.npz,data/local/citizen100_v17/raw/train/HOME/9146916136466876-HOME.mp4,train,HOME,landscape,640,480,72,54,0.4724734580000245,0.6944444444444444,0.9259259259259259,0.453125,0.75,0.3125,0.6111111111111112,shoulder_width,0,50,0,True,True,True,True,True
train/HOME/9434996660694719-HOME.v17.npz,data/local/citizen100_v17/raw/train/HOME/9434996660694719-HOME.mp4,train,HOME,landscape,640,480,54,31,0.3351908749999666,0.5,0.8709677419354839,0.421875,0.8125,0.421875,0.8064516129032258,shoulder_width,0,27,0,True,True,True,True,True
train/HOME/9565332233790493-HOME.v17.npz,data/local/citizen100_v17/raw/train/HOME/9565332233790493-HOME.mp4,train,HOME,landscape,640,480,54,32,0.3535502499999552,0.5185185185185185,0.875,0.412841796875,0.78125,0.40625,0.53125,shoulder_width,0,28,0,True,True,True,True,True
train/HOSPITAL/2305871847828358-HOSPITAL.v17.npz,data/local/citizen100_v17/raw/train/HOSPITAL/2305871847828358-HOSPITAL.mp4,train,HOSPITAL,landscape,640,480,96,43,0.6355206669999802,0.3958333333333333,0.8837209302325582,0.421875,0.75,0.75,0.7674418604651163,shoulder_width,0,38,0,True,True,True,True,True
train/HOSPITAL/2657292811841865-HOSPITAL.v17.npz,data/local/citizen100_v17/raw/train/HOSPITAL/2657292811841865-HOSPITAL.mp4,train,HOSPITAL,landscape,640,480,67,35,0.48128508299998884,0.4626865671641791,0.8857142857142857,0.424072265625,0.6875,0.6875,0.7142857142857143,shoulder_width,0,31,0,True,True,True,True,True
train/HOSPITAL/2816314098780288-HOSPITAL.v17.npz,data/local/citizen100_v17/raw/train/HOSPITAL/2816314098780288-HOSPITAL.mp4,train,HOSPITAL,landscape,640,480,67,30,0.436737375000007,0.3880597014925373,0.8666666666666667,0.422607421875,0.59375,0.59375,0.5666666666666667,shoulder_width,0,26,0,True,True,True,True,True
train/HOSPITAL/3047646844363199-seedHOSPITAL.v17.npz,data/local/citizen100_v17/raw/train/HOSPITAL/3047646844363199-seedHOSPITAL.mp4,train,HOSPITAL,landscape,640,480,96,31,0.6231049170000347,0.28125,0.8709677419354839,0.425537109375,0.8125,0.75,0.8064516129032258,shoulder_width,0,27,0,True,True,True,True,True
train/HOSPITAL/3284942530084891-HOSPITAL.v17.npz,data/local/citizen100_v17/raw/train/HOSPITAL/3284942530084891-HOSPITAL.mp4,train,HOSPITAL,landscape,640,480,96,49,0.6256881669999643,0.46875,0.9183673469387755,0.46142578125,1.0,1.0,1.0,shoulder_width,44,1,0,True,True,True,True,True
train/HOSPITAL/5892698339580624-HOSPITAL.v17.npz,data/local/citizen100_v17/raw/train/HOSPITAL/5892698339580624-HOSPITAL.mp4,train,HOSPITAL,landscape,640,480,78,50,0.5065758329999994,0.5,0.78,0.42041015625,0.8125,0.0,0.02,shoulder_width,1,38,0,True,True,True,True,True
train/HOSPITAL/5903218158401913-HOSPITAL.v17.npz,data/local/citizen100_v17/raw/train/HOSPITAL/5903218158401913-HOSPITAL.mp4,train,HOSPITAL,landscape,640,480,55,27,0.34284437500002696,0.4,0.8148148148148148,0.424072265625,0.65625,0.65625,0.6296296296296297,shoulder_width,0,22,0,True,True,True,True,True
train/HOSPITAL/5986181755240401-HOSPITAL.v17.npz,data/local/citizen100_v17/raw/train/HOSPITAL/5986181755240401-HOSPITAL.mp4,train,HOSPITAL,landscape,640,480,68,41,0.4566325419999657,0.5441176470588235,0.9024390243902439,0.45166015625,0.8125,0.609375,0.8048780487804879,shoulder_width,36,1,0,True,True,True,True,True
train/HOSPITAL/6865453372883275-HOSPITAL.v17.npz,data/local/citizen100_v17/raw/train/HOSPITAL/6865453372883275-HOSPITAL.mp4,train,HOSPITAL,landscape,640,480,57,42,0.4032372080000073,0.6666666666666666,0.9047619047619048,0.4375,0.78125,0.0,0.023809523809523808,shoulder_width,0,38,0,True,True,True,True,True
train/HOSPITAL/6939178350263646-HOSPITAL.v17.npz,data/local/citizen100_v17/raw/train/HOSPITAL/6939178350263646-HOSPITAL.mp4,train,HOSPITAL,landscape,640,480,59,35,0.3887033330000236,0.5254237288135594,0.8857142857142857,0.43310546875,0.6875,0.1953125,0.05714285714285714,shoulder_width,0,31,0,True,True,True,True,True
train/HOSPITAL/7710150320331248-HOSPITAL.v17.npz,data/local/citizen100_v17/raw/train/HOSPITAL/7710150320331248-HOSPITAL.mp4,train,HOSPITAL,landscape,640,480,52,37,0.35118929200001503,0.6346153846153846,0.8918918918918919,0.422607421875,0.875,0.4609375,0.8918918918918919,shoulder_width,0,33,0,True,True,True,True,True
train/HOSPITAL/7900722949705501-HOSPITAL.v17.npz,data/local/citizen100_v17/raw/train/HOSPITAL/7900722949705501-HOSPITAL.mp4,train,HOSPITAL,landscape,640,480,90,41,0.5592400410000096,0.4111111111111111,0.9024390243902439,0.4375,0.8125,0.8125,0.8048780487804879,shoulder_width,0,37,0,True,True,True,True,True
train/HOSPITAL/8512749353267319-HOSPITAL.v17.npz,data/local/citizen100_v17/raw/train/HOSPITAL/8512749353267319-HOSPITAL.mp4,train,HOSPITAL,landscape,640,480,80,39,0.5082641660000036,0.425,0.8717948717948718,0.425537109375,0.84375,0.15625,0.2564102564102564,shoulder_width,1,33,0,True,True,True,True,True
train/HOSPITAL/8842873768781858-HOSPITAL.v17.npz,data/local/citizen100_v17/raw/train/HOSPITAL/8842873768781858-HOSPITAL.mp4,train,HOSPITAL,landscape,640,480,82,49,0.5653837499999668,0.5365853658536586,0.8979591836734694,0.51708984375,0.84375,0.59375,0.8367346938775511,shoulder_width,11,43,0,True,True,True,True,True
train/HOSPITAL/8903687797420998-HOSPITAL.v17.npz,data/local/citizen100_v17/raw/train/HOSPITAL/8903687797420998-HOSPITAL.mp4,train,HOSPITAL,landscape,640,480,70,36,0.4932632920000515,0.45714285714285713,0.8888888888888888,0.468017578125,0.6875,0.515625,0.6944444444444444,shoulder_width,2,32,0,True,True,True,True,True
train/HOSPITAL/9208583735199847-HOSPITAL.v17.npz,data/local/citizen100_v17/raw/train/HOSPITAL/9208583735199847-HOSPITAL.mp4,train,HOSPITAL,landscape,640,480,82,45,0.5462873330000093,0.5,0.9111111111111111,0.435302734375,0.90625,0.5546875,0.4,shoulder_width,0,41,0,True,True,True,True,True
train/HOSPITAL/9543121609158431-HOSPITAL.v17.npz,data/local/citizen100_v17/raw/train/HOSPITAL/9543121609158431-HOSPITAL.mp4,train,HOSPITAL,landscape,640,480,63,31,0.38960045799996124,0.42857142857142855,0.8709677419354839,0.40185546875,0.8125,0.546875,0.8064516129032258,shoulder_width,0,27,0,True,True,True,True,True
train/HOSPITAL/9571221473356939-HOSPITAL.v17.npz,data/local/citizen100_v17/raw/train/HOSPITAL/9571221473356939-HOSPITAL.mp4,train,HOSPITAL,landscape,640,480,96,65,0.6703561659999764,0.59375,0.8769230769230769,0.46142578125,0.84375,0.84375,0.8769230769230769,shoulder_width,53,9,0,True,True,True,True,True
train/HOT/11707369231650211-HOT.v17.npz,data/local/citizen100_v17/raw/train/HOT/11707369231650211-HOT.mp4,train,HOT,landscape,640,480,44,20,0.27390454200002523,0.36363636363636365,0.8,0.4033203125,0.46875,0.46875,0.45,shoulder_width,0,16,0,True,True,True,True,True
train/HOT/13316006185127205-HOT.v17.npz,data/local/citizen100_v17/raw/train/HOT/13316006185127205-HOT.mp4,train,HOT,landscape,640,480,63,39,0.42129716699997743,0.5555555555555556,0.8974358974358975,0.421875,0.84375,0.640625,0.8461538461538461,shoulder_width,35,0,0,True,True,True,True,True
train/HOT/1444025710176855-HOT.v17.npz,data/local/citizen100_v17/raw/train/HOT/1444025710176855-HOT.mp4,train,HOT,landscape,640,480,65,36,0.4132923750000259,0.47692307692307695,0.8611111111111112,0.397216796875,0.6875,0.1875,0.05555555555555555,shoulder_width,0,31,0,True,True,True,True,True
train/HOT/18539733816419912-HOT.v17.npz,data/local/citizen100_v17/raw/train/HOT/18539733816419912-HOT.mp4,train,HOT,landscape,640,480,73,27,0.43635033399999656,0.3150684931506849,0.8518518518518519,0.421142578125,0.625,0.015625,0.037037037037037035,shoulder_width,0,23,0,True,True,True,True,True
train/HOT/23047642101573373-HOT.v17.npz,data/local/citizen100_v17/raw/train/HOT/23047642101573373-HOT.mp4,train,HOT,landscape,640,480,48,30,0.3370333750000327,0.5416666666666666,0.8666666666666667,0.421142578125,0.84375,0.0234375,0.03333333333333333,shoulder_width,0,26,0,True,True,True,True,True
train/HOT/23819147505993477-HOT.v17.npz,data/local/citizen100_v17/raw/train/HOT/23819147505993477-HOT.mp4,train,HOT,landscape,640,480,52,27,0.36358475000002954,0.4423076923076923,0.8518518518518519,0.418212890625,0.625,0.3203125,0.037037037037037035,shoulder_width,0,23,0,True,True,True,True,True
train/HOT/241335509121118-HOT.v17.npz,data/local/citizen100_v17/raw/train/HOT/241335509121118-HOT.mp4,train,HOT,landscape,640,480,79,46,0.5353175839999835,0.5316455696202531,0.9130434782608695,0.43603515625,0.875,0.875,0.8913043478260869,shoulder_width,42,0,0,True,True,True,True,True
train/HOT/4455329487942934-HOT.v17.npz,data/local/citizen100_v17/raw/train/HOT/4455329487942934-HOT.mp4,train,HOT,landscape,640,480,39,17,0.24932404099996575,0.3333333333333333,0.7647058823529411,0.365966796875,0.5625,0.5625,0.5294117647058824,shoulder_width,0,13,0,True,True,True,True,True
train/HOT/5217798939791332-seedHOT.v17.npz,data/local/citizen100_v17/raw/train/HOT/5217798939791332-seedHOT.mp4,train,HOT,landscape,640,480,96,34,0.6331968750000101,0.3125,0.8823529411764706,0.427001953125,0.71875,0.71875,0.7352941176470589,shoulder_width,0,30,0,True,True,True,True,True
train/HOT/7060265642402466-HOT.v17.npz,data/local/citizen100_v17/raw/train/HOT/7060265642402466-HOT.mp4,train,HOT,landscape,640,480,51,33,0.4094797920000133,0.5098039215686274,0.7878787878787878,0.378662109375,1.0,0.59375,1.0,shoulder_width,0,26,0,True,True,True,True,True
train/HOT/7370287966523523-HOT.v17.npz,data/local/citizen100_v17/raw/train/HOT/7370287966523523-HOT.mp4,train,HOT,landscape,640,480,43,26,0.3168400410000345,0.5116279069767442,0.8461538461538461,0.394287109375,0.65625,0.65625,0.6538461538461539,shoulder_width,0,22,0,True,True,True,True,True
train/HOT/7416561706981699-HOT.v17.npz,data/local/citizen100_v17/raw/train/HOT/7416561706981699-HOT.mp4,train,HOT,landscape,640,480,53,29,0.380124416000001,0.4716981132075472,0.8620689655172413,0.43603515625,0.875,0.4609375,0.8620689655172413,shoulder_width,0,25,0,True,True,True,True,True
train/HOT/8421220383934189-HOT.v17.npz,data/local/citizen100_v17/raw/train/HOT/8421220383934189-HOT.mp4,train,HOT,landscape,640,480,52,34,0.385614750000002,0.5192307692307693,0.7941176470588235,0.397216796875,0.71875,0.546875,0.7352941176470589,shoulder_width,0,27,0,True,True,True,True,True
train/HOT/9174976347516473-HOT.v17.npz,data/local/citizen100_v17/raw/train/HOT/9174976347516473-HOT.mp4,train,HOT,landscape,640,480,55,33,0.36929016700003103,0.5272727272727272,0.8787878787878788,0.424072265625,0.75,0.015625,0.0,palm_length,29,0,0,True,True,True,True,True
train/HOT/9629943991422294-HOT.v17.npz,data/local/citizen100_v17/raw/train/HOT/9629943991422294-HOT.mp4,train,HOT,landscape,640,480,96,29,0.5641381670000101,0.2604166666666667,0.8620689655172413,0.416015625,0.875,0.65625,0.8620689655172413,shoulder_width,0,25,0,True,True,True,True,True
train/HOT/9735032443497869-HOT.v17.npz,data/local/citizen100_v17/raw/train/HOT/9735032443497869-HOT.mp4,train,HOT,landscape,640,480,76,36,0.48344925000003514,0.40789473684210525,0.8611111111111112,0.39892578125,0.6875,0.515625,0.6944444444444444,shoulder_width,0,31,0,True,True,True,True,True
train/HOW/021939327153324584-HOW.v17.npz,data/local/citizen100_v17/raw/train/HOW/021939327153324584-HOW.mp4,train,HOW,landscape,640,480,89,33,0.6003738750000025,0.3258426966292135,0.8787878787878788,0.8291015625,0.75,0.5078125,0.7575757575757576,shoulder_width,29,28,0,True,True,True,True,True
train/HOW/03376426509046859-HOW.v17.npz,data/local/citizen100_v17/raw/train/HOW/03376426509046859-HOW.mp4,train,HOW,landscape,640,480,64,39,0.5236918749999973,0.578125,0.9487179487179487,0.8447265625,0.84375,0.7890625,0.8461538461538461,shoulder_width,32,37,0,True,True,True,True,True
train/HOW/1334132333742275-HOW.v17.npz,data/local/citizen100_v17/raw/train/HOW/1334132333742275-HOW.mp4,train,HOW,landscape,640,480,76,40,0.6369783330000001,0.4473684210526316,0.85,0.76318359375,0.8125,0.8125,0.825,shoulder_width,33,32,0,True,True,True,True,True
train/HOW/21283972047425892-HOW.v17.npz,data/local/citizen100_v17/raw/train/HOW/21283972047425892-HOW.mp4,train,HOW,landscape,640,480,54,33,0.307087208,0.5185185185185185,0.8484848484848485,0.77294921875,0.75,0.75,0.7575757575757576,shoulder_width,27,26,0,True,True,True,True,True
train/HOW/22306165813631562-HOW.v17.npz,data/local/citizen100_v17/raw/train/HOW/22306165813631562-HOW.mp4,train,HOW,landscape,640,480,48,24,0.24644279199999986,0.4166666666666667,0.8333333333333334,0.75146484375,0.71875,0.546875,0.7083333333333334,shoulder_width,18,20,0,True,True,True,True,True
train/HOW/2861187051971712-HOW.v17.npz,data/local/citizen100_v17/raw/train/HOW/2861187051971712-HOW.mp4,train,HOW,landscape,640,480,71,33,0.356660958,0.4084507042253521,0.8787878787878788,0.77685546875,1.0,1.0,1.0,shoulder_width,26,27,0,True,True,True,True,True
train/HOW/3119997663932217-HOW.v17.npz,data/local/citizen100_v17/raw/train/HOW/3119997663932217-HOW.mp4,train,HOW,landscape,640,480,67,31,0.34513300000000013,0.40298507462686567,0.8709677419354839,0.8154296875,0.8125,0.6171875,0.8064516129032258,shoulder_width,25,27,0,True,True,True,True,True
train/HOW/4657020083869885-HOW.v17.npz,data/local/citizen100_v17/raw/train/HOW/4657020083869885-HOW.mp4,train,HOW,landscape,640,480,42,25,0.21793441699999994,0.47619047619047616,0.8,0.7412109375,0.6875,0.609375,0.68,shoulder_width,19,18,0,True,True,True,True,True
train/HOW/6445699135022072-HOW.v17.npz,data/local/citizen100_v17/raw/train/HOW/6445699135022072-HOW.mp4,train,HOW,landscape,640,480,96,42,0.47159808299999995,0.3958333333333333,0.9047619047619048,0.82666015625,0.78125,0.78125,0.7857142857142857,shoulder_width,38,34,0,True,True,True,True,True
train/HOW/7666802297995068-HOW.v17.npz,data/local/citizen100_v17/raw/train/HOW/7666802297995068-HOW.mp4,train,HOW,landscape,640,480,77,41,0.4047395420000002,0.4675324675324675,0.8780487804878049,0.7900390625,0.8125,0.6171875,0.8048780487804879,shoulder_width,35,33,0,True,True,True,True,True
train/HOW/8190663704033752-HOW.v17.npz,data/local/citizen100_v17/raw/train/HOW/8190663704033752-HOW.mp4,train,HOW,landscape,640,480,47,36,0.2666489170000004,0.6595744680851063,0.8611111111111112,0.79150390625,0.6875,0.296875,0.4722222222222222,shoulder_width,26,31,0,True,True,True,True,True
train/HOW/8268472142479768-HOW.v17.npz,data/local/citizen100_v17/raw/train/HOW/8268472142479768-HOW.mp4,train,HOW,landscape,640,480,74,45,0.41145054100000067,0.5540540540540541,0.9111111111111111,0.828125,0.71875,0.546875,0.7333333333333333,shoulder_width,39,40,0,True,True,True,True,True
train/HOW/8370733641565598-HOW.v17.npz,data/local/citizen100_v17/raw/train/HOW/8370733641565598-HOW.mp4,train,HOW,landscape,960,540,78,41,0.47801745800000006,0.46153846153846156,0.8780487804878049,0.849609375,0.8125,0.0234375,0.024390243902439025,shoulder_width,35,35,0,True,True,True,True,True
train/HOW/8835516863640922-seedHOW.v17.npz,data/local/citizen100_v17/raw/train/HOW/8835516863640922-seedHOW.mp4,train,HOW,landscape,640,480,96,37,0.4701415830000002,0.34375,0.8918918918918919,0.8349609375,0.875,0.875,0.8918918918918919,shoulder_width,32,32,0,True,True,True,True,True
train/HOW/9117355925466168-HOW.v17.npz,data/local/citizen100_v17/raw/train/HOW/9117355925466168-HOW.mp4,train,HOW,landscape,640,480,62,36,0.34966945800000016,0.5161290322580645,0.8888888888888888,0.787109375,0.6875,0.1328125,0.25,shoulder_width,28,31,0,True,True,True,True,True
train/HOW/948548155363955-HOW.v17.npz,data/local/citizen100_v17/raw/train/HOW/948548155363955-HOW.mp4,train,HOW,landscape,640,480,79,52,0.437595333,0.6075949367088608,0.9230769230769231,0.81787109375,0.9375,0.0,0.0,palm_length,36,43,0,True,True,True,True,True
train/HOW/9811460119529283-HOW.v17.npz,data/local/citizen100_v17/raw/train/HOW/9811460119529283-HOW.mp4,train,HOW,landscape,640,480,83,44,0.43628912500000006,0.4819277108433735,0.9090909090909091,0.82275390625,0.75,0.5703125,0.75,shoulder_width,37,38,0,True,True,True,True,True
train/HUNGRY/0036168932795541675-HUNGRY.v17.npz,data/local/citizen100_v17/raw/train/HUNGRY/0036168932795541675-HUNGRY.mp4,train,HUNGRY,landscape,640,480,66,66,0.4128332920000002,1.0,1.0,0.671875,0.96875,0.7578125,0.9848484848484849,shoulder_width,26,65,0,True,True,True,True,True
train/HUNGRY/01552866889314064-HUNGRY.v17.npz,data/local/citizen100_v17/raw/train/HUNGRY/01552866889314064-HUNGRY.mp4,train,HUNGRY,landscape,640,480,82,43,0.38258304200000026,0.45121951219512196,0.8604651162790697,0.446533203125,0.75,0.75,0.7674418604651163,shoulder_width,2,37,0,True,True,True,True,True
train/HUNGRY/08524949524247205-HUNGRY.v17.npz,data/local/citizen100_v17/raw/train/HUNGRY/08524949524247205-HUNGRY.mp4,train,HUNGRY,landscape,640,480,93,60,0.4509098749999998,0.6021505376344086,0.9333333333333333,0.44873046875,0.9375,0.9375,0.95,shoulder_width,55,1,0,True,True,True,True,True
train/HUNGRY/08855148657093093-HUNGRY.v17.npz,data/local/citizen100_v17/raw/train/HUNGRY/08855148657093093-HUNGRY.mp4,train,HUNGRY,landscape,640,480,76,41,0.35854795799999906,0.4605263157894737,0.8536585365853658,0.421142578125,0.8125,0.8125,0.8048780487804879,shoulder_width,0,35,0,True,True,True,True,True
train/HUNGRY/25239341433776796-HUNGRY.v17.npz,data/local/citizen100_v17/raw/train/HUNGRY/25239341433776796-HUNGRY.mp4,train,HUNGRY,landscape,640,480,96,40,0.4219849169999996,0.375,0.9,0.436767578125,0.8125,0.8125,0.825,shoulder_width,36,0,0,True,True,True,True,True
train/HUNGRY/3031010038877062-HUNGRY.v17.npz,data/local/citizen100_v17/raw/train/HUNGRY/3031010038877062-HUNGRY.mp4,train,HUNGRY,landscape,640,480,61,30,0.26613841600000043,0.26229508196721313,0.5333333333333333,0.2440185546875,0.84375,0.015625,0.03333333333333333,shoulder_width,0,16,0,True,True,True,True,True
train/HUNGRY/30359172301114734-HUNGRY.v17.npz,data/local/citizen100_v17/raw/train/HUNGRY/30359172301114734-HUNGRY.mp4,train,HUNGRY,landscape,640,480,49,25,0.22049983399999995,0.42857142857142855,0.84,0.43603515625,0.6875,0.6875,0.68,shoulder_width,0,21,0,True,True,True,True,True
train/HUNGRY/3622473804574782-HUNGRY.v17.npz,data/local/citizen100_v17/raw/train/HUNGRY/3622473804574782-HUNGRY.mp4,train,HUNGRY,landscape,640,480,77,39,0.3406188330000006,0.44155844155844154,0.8717948717948718,0.431640625,0.84375,0.84375,0.8461538461538461,shoulder_width,0,34,0,True,True,True,True,True
train/HUNGRY/3850535672895874-HUNGRY.v17.npz,data/local/citizen100_v17/raw/train/HUNGRY/3850535672895874-HUNGRY.mp4,train,HUNGRY,landscape,640,480,96,40,0.42905541600000063,0.375,0.9,0.394287109375,0.8125,0.8125,0.825,shoulder_width,0,36,0,True,True,True,True,True
train/HUNGRY/43016432877599997-HUNGRY.v17.npz,data/local/citizen100_v17/raw/train/HUNGRY/43016432877599997-HUNGRY.mp4,train,HUNGRY,landscape,640,480,68,33,0.3366186659999997,0.4264705882352941,0.8787878787878788,0.43017578125,1.0,0.75,1.0,shoulder_width,0,29,0,True,True,True,True,True
train/HUNGRY/47262000245136493-HUNGRY.v17.npz,data/local/citizen100_v17/raw/train/HUNGRY/47262000245136493-HUNGRY.mp4,train,HUNGRY,landscape,640,480,72,38,0.33028591599999935,0.4722222222222222,0.8947368421052632,0.455322265625,0.65625,0.5,0.6578947368421053,shoulder_width,2,35,0,True,True,True,True,True
train/HUNGRY/48783810292836627-HUNGRY.v17.npz,data/local/citizen100_v17/raw/train/HUNGRY/48783810292836627-HUNGRY.mp4,train,HUNGRY,landscape,640,480,63,36,0.29304616699999997,0.4444444444444444,0.7777777777777778,0.340087890625,0.6875,0.6328125,0.6944444444444444,shoulder_width,0,28,0,True,True,True,True,True
train/HUNGRY/7117735182398317-seedHUNGRY.v17.npz,data/local/citizen100_v17/raw/train/HUNGRY/7117735182398317-seedHUNGRY.mp4,train,HUNGRY,landscape,640,480,96,24,0.39258225000000024,0.20833333333333334,0.8333333333333334,0.396484375,0.71875,0.71875,0.7083333333333334,shoulder_width,0,20,0,True,True,True,True,True
train/HUNGRY/7518611049674775-HUNGRY.v17.npz,data/local/citizen100_v17/raw/train/HUNGRY/7518611049674775-HUNGRY.mp4,train,HUNGRY,landscape,640,480,65,37,0.3084447499999996,0.49230769230769234,0.8648648648648649,0.39208984375,0.875,0.65625,0.8918918918918919,shoulder_width,2,31,0,True,True,True,True,True
train/HUNGRY/761313788407632-HUNGRY.v17.npz,data/local/citizen100_v17/raw/train/HUNGRY/761313788407632-HUNGRY.mp4,train,HUNGRY,landscape,640,480,44,22,0.2154303750000004,0.4090909090909091,0.8181818181818182,0.40478515625,0.40625,0.40625,0.4090909090909091,shoulder_width,0,18,0,True,True,True,True,True
train/I/0035172227152260316-ME.v17.npz,data/local/citizen100_v17/raw/train/I/0035172227152260316-ME.mp4,train,I,landscape,640,480,56,34,0.26140054100000043,0.48214285714285715,0.7941176470588235,0.405517578125,0.71875,0.609375,0.7352941176470589,shoulder_width,0,27,0,True,True,True,True,True
train/I/22192344699736766-ME.v17.npz,data/local/citizen100_v17/raw/train/I/22192344699736766-ME.mp4,train,I,landscape,640,480,39,26,0.1933696669999989,0.5897435897435898,0.8846153846153846,0.316162109375,0.96875,0.4140625,0.6538461538461539,shoulder_width,15,8,0,True,True,True,True,True
train/I/2576140497310784-ME.v17.npz,data/local/citizen100_v17/raw/train/I/2576140497310784-ME.mp4,train,I,landscape,640,480,38,16,0.16701754199999996,0.3157894736842105,0.75,0.369140625,0.5625,0.421875,0.5625,shoulder_width,0,12,0,True,True,True,True,True
train/I/4545746926162382-ME.v17.npz,data/local/citizen100_v17/raw/train/I/4545746926162382-ME.mp4,train,I,landscape,640,480,96,29,0.40223720800000073,0.2604166666666667,0.8620689655172413,0.436767578125,0.875,0.875,0.8620689655172413,shoulder_width,25,0,0,True,True,True,True,True
train/I/5691724461344478-ME.v17.npz,data/local/citizen100_v17/raw/train/I/5691724461344478-ME.mp4,train,I,landscape,640,480,89,37,0.39766266699999875,0.3707865168539326,0.8918918918918919,0.422607421875,0.875,0.6015625,0.8918918918918919,shoulder_width,33,0,0,True,True,True,True,True
train/I/5706413352425115-ME.v17.npz,data/local/citizen100_v17/raw/train/I/5706413352425115-ME.mp4,train,I,landscape,640,480,50,22,0.23639008299999986,0.36,0.8181818181818182,0.396484375,0.78125,0.6953125,0.7727272727272727,shoulder_width,0,18,0,True,True,True,True,True
train/I/6366246076484883-ME.v17.npz,data/local/citizen100_v17/raw/train/I/6366246076484883-ME.mp4,train,I,landscape,640,480,82,46,0.3805911250000005,0.5121951219512195,0.9130434782608695,0.430908203125,0.875,0.75,0.8913043478260869,shoulder_width,0,42,0,True,True,True,True,True
train/I/6411588958209695-ME.v17.npz,data/local/citizen100_v17/raw/train/I/6411588958209695-ME.mp4,train,I,landscape,640,480,44,30,0.20948679199999987,0.5909090909090909,0.8666666666666667,0.43017578125,0.84375,0.4375,0.8333333333333334,shoulder_width,0,26,0,True,True,True,True,True
train/I/6421087005073287-ME.v17.npz,data/local/citizen100_v17/raw/train/I/6421087005073287-ME.mp4,train,I,landscape,640,480,73,43,0.37945554200000053,0.4520547945205479,0.7674418604651163,0.347412109375,0.9375,0.703125,0.9534883720930233,shoulder_width,5,31,0,True,True,True,True,True
train/I/6882259554153813-seedME.v17.npz,data/local/citizen100_v17/raw/train/I/6882259554153813-seedME.mp4,train,I,landscape,640,480,96,20,0.3936694999999997,0.16666666666666666,0.8,0.40625,0.46875,0.3671875,0.45,shoulder_width,0,16,0,True,True,True,True,True
train/I/7227128162421703-ME.v17.npz,data/local/citizen100_v17/raw/train/I/7227128162421703-ME.mp4,train,I,landscape,640,480,47,29,0.21640062499999857,0.5319148936170213,0.8620689655172413,0.418212890625,0.59375,0.4453125,0.5862068965517241,shoulder_width,0,25,0,True,True,True,True,True
train/I/7378759651365803-ME.v17.npz,data/local/citizen100_v17/raw/train/I/7378759651365803-ME.mp4,train,I,landscape,640,480,72,29,0.315599541000001,0.3472222222222222,0.8620689655172413,0.421875,0.59375,0.4453125,0.5862068965517241,shoulder_width,0,25,0,True,True,True,True,True
train/I/8334054758517455-ME.v17.npz,data/local/citizen100_v17/raw/train/I/8334054758517455-ME.mp4,train,I,landscape,640,480,96,31,0.4249419159999981,0.28125,0.8709677419354839,0.425537109375,0.8125,0.6171875,0.8064516129032258,shoulder_width,0,27,0,True,True,True,True,True
train/IMPORTANT/06954713165326609-IMPORTANT.v17.npz,data/local/citizen100_v17/raw/train/IMPORTANT/06954713165326609-IMPORTANT.mp4,train,IMPORTANT,landscape,640,480,44,30,0.2682217499999986,0.5227272727272727,0.7666666666666667,0.7021484375,0.59375,0.5234375,0.5666666666666667,shoulder_width,23,20,0,True,True,True,True,True
train/IMPORTANT/07554515093125014-IMPORTANT.v17.npz,data/local/citizen100_v17/raw/train/IMPORTANT/07554515093125014-IMPORTANT.mp4,train,IMPORTANT,landscape,640,480,78,43,0.4423794999999977,0.5,0.9069767441860465,0.8623046875,0.75,0.0234375,0.023255813953488372,shoulder_width,39,38,0,True,True,True,True,True
train/IMPORTANT/08878239758122808-seedIMPORTANT.v17.npz,data/local/citizen100_v17/raw/train/IMPORTANT/08878239758122808-seedIMPORTANT.mp4,train,IMPORTANT,landscape,640,480,96,27,0.4685772500000027,0.23958333333333334,0.8518518518518519,0.86962890625,0.625,0.625,0.6296296296296297,shoulder_width,23,23,0,True,True,True,True,True
train/IMPORTANT/17086913974766027-IMPORTANT.v17.npz,data/local/citizen100_v17/raw/train/IMPORTANT/17086913974766027-IMPORTANT.mp4,train,IMPORTANT,landscape,640,480,60,26,0.30841854100000177,0.36666666666666664,0.8461538461538461,0.77685546875,0.65625,0.65625,0.6538461538461539,shoulder_width,21,18,0,True,True,True,True,True
train/IMPORTANT/370610299522377-IMPORTANT.v17.npz,data/local/citizen100_v17/raw/train/IMPORTANT/370610299522377-IMPORTANT.mp4,train,IMPORTANT,landscape,640,480,96,39,0.48828879199999875,0.3645833333333333,0.8974358974358975,0.7880859375,0.84375,0.84375,0.8461538461538461,shoulder_width,30,32,0,True,True,True,True,True
train/IMPORTANT/4082734517724067-IMPORTANT.v17.npz,data/local/citizen100_v17/raw/train/IMPORTANT/4082734517724067-IMPORTANT.mp4,train,IMPORTANT,landscape,640,480,96,42,0.491214958999997,0.3958333333333333,0.9047619047619048,0.8125,0.4375,0.296875,0.23809523809523808,shoulder_width,33,38,0,True,True,True,True,True
train/IMPORTANT/4118375680000119-IMPORTANT.v17.npz,data/local/citizen100_v17/raw/train/IMPORTANT/4118375680000119-IMPORTANT.mp4,train,IMPORTANT,landscape,640,480,57,35,0.32874862499999935,0.543859649122807,0.8857142857142857,0.759765625,0.71875,0.296875,0.4857142857142857,shoulder_width,25,31,0,True,True,True,True,True
train/IMPORTANT/4210148333270056-IMPORTANT.v17.npz,data/local/citizen100_v17/raw/train/IMPORTANT/4210148333270056-IMPORTANT.mp4,train,IMPORTANT,landscape,640,480,96,48,0.5217664589999984,0.4583333333333333,0.9166666666666666,0.8759765625,0.84375,0.84375,0.8541666666666666,shoulder_width,43,42,0,True,True,True,True,True
train/IMPORTANT/6967212276629662-IMPORTANT.v17.npz,data/local/citizen100_v17/raw/train/IMPORTANT/6967212276629662-IMPORTANT.mp4,train,IMPORTANT,landscape,640,480,92,61,0.5691330420000007,0.6195652173913043,0.9344262295081968,0.83935546875,0.78125,0.5234375,0.8032786885245902,shoulder_width,53,54,0,True,True,True,True,True
train/IMPORTANT/7155317465236861-IMPORTANT.v17.npz,data/local/citizen100_v17/raw/train/IMPORTANT/7155317465236861-IMPORTANT.mp4,train,IMPORTANT,landscape,640,480,56,35,0.30944758400000083,0.5535714285714286,0.8857142857142857,0.79541015625,0.71875,0.078125,0.02857142857142857,shoulder_width,28,31,0,True,True,True,True,True
train/IMPORTANT/8843181311421591-IMPORTANT.v17.npz,data/local/citizen100_v17/raw/train/IMPORTANT/8843181311421591-IMPORTANT.mp4,train,IMPORTANT,landscape,640,480,68,37,0.36944316599999993,0.4852941176470588,0.8918918918918919,0.818359375,0.6875,0.140625,0.24324324324324326,shoulder_width,32,33,0,True,True,True,True,True
train/IMPORTANT/8955353773075074-IMPORTANT.v17.npz,data/local/citizen100_v17/raw/train/IMPORTANT/8955353773075074-IMPORTANT.mp4,train,IMPORTANT,landscape,640,480,68,45,0.38503545800000083,0.5882352941176471,0.8888888888888888,0.81787109375,0.90625,0.3359375,0.044444444444444446,shoulder_width,38,39,0,True,True,True,True,True
train/IMPORTANT/937747453721459-IMPORTANT.v17.npz,data/local/citizen100_v17/raw/train/IMPORTANT/937747453721459-IMPORTANT.mp4,train,IMPORTANT,landscape,640,480,71,53,0.3655240000000006,0.43661971830985913,0.5849056603773585,0.50830078125,0.90625,0.0390625,0.03773584905660377,shoulder_width,30,26,0,True,True,True,True,True
train/IMPORTANT/9832217016265519-IMPORTANT.v17.npz,data/local/citizen100_v17/raw/train/IMPORTANT/9832217016265519-IMPORTANT.mp4,train,IMPORTANT,landscape,640,480,71,45,0.38790454200000113,0.5774647887323944,0.9111111111111111,0.869140625,0.90625,0.78125,0.9111111111111111,shoulder_width,39,39,0,True,True,True,True,True
train/KNOW/025800900162109563-KNOW.v17.npz,data/local/citizen100_v17/raw/train/KNOW/025800900162109563-KNOW.mp4,train,KNOW,landscape,640,480,96,54,0.41533104100000173,0.3125,0.5555555555555556,0.265625,0.75,0.75,0.7592592592592593,shoulder_width,0,30,0,True,True,True,True,True
train/KNOW/0932553475843072-KNOW.v17.npz,data/local/citizen100_v17/raw/train/KNOW/0932553475843072-KNOW.mp4,train,KNOW,landscape,640,480,80,44,0.37337175000000045,0.5,0.9090909090909091,0.4375,0.90625,0.90625,0.9318181818181818,shoulder_width,40,0,0,True,True,True,True,True
train/KNOW/11994695058883398-KNOW.v17.npz,data/local/citizen100_v17/raw/train/KNOW/11994695058883398-KNOW.mp4,train,KNOW,landscape,640,480,88,51,0.4501250419999998,0.5113636363636364,0.8823529411764706,0.447998046875,0.9375,0.9375,0.9607843137254902,shoulder_width,45,0,0,True,True,True,True,True
train/KNOW/1431969749910329-KNOW.v17.npz,data/local/citizen100_v17/raw/train/KNOW/1431969749910329-KNOW.mp4,train,KNOW,landscape,640,480,84,44,0.3897366249999976,0.4642857142857143,0.8863636363636364,0.427734375,0.90625,0.1953125,0.022727272727272728,shoulder_width,0,39,0,True,True,True,True,True
train/KNOW/2503930490736366-KNOW.v17.npz,data/local/citizen100_v17/raw/train/KNOW/2503930490736366-KNOW.mp4,train,KNOW,landscape,640,480,96,65,0.4385825409999988,0.375,0.5538461538461539,0.266357421875,1.0,1.0,1.0,shoulder_width,0,36,0,True,True,True,True,True
train/KNOW/28781278008680844-KNOW.v17.npz,data/local/citizen100_v17/raw/train/KNOW/28781278008680844-KNOW.mp4,train,KNOW,landscape,640,480,43,30,0.21582895799999946,0.5813953488372093,0.8333333333333334,0.402587890625,0.84375,0.6484375,0.8333333333333334,shoulder_width,0,25,0,True,True,True,True,True
train/KNOW/35480630391441204-KNOW.v17.npz,data/local/citizen100_v17/raw/train/KNOW/35480630391441204-KNOW.mp4,train,KNOW,landscape,640,480,65,38,0.32420604200000014,0.5076923076923077,0.868421052631579,0.419677734375,0.875,0.875,0.868421052631579,shoulder_width,0,33,0,True,True,True,True,True
train/KNOW/44287895160245094-KNOW.v17.npz,data/local/citizen100_v17/raw/train/KNOW/44287895160245094-KNOW.mp4,train,KNOW,landscape,640,480,60,29,0.28487329100000025,0.4,0.8275862068965517,0.433837890625,0.875,0.015625,0.034482758620689655,shoulder_width,0,24,0,True,True,True,True,True
train/KNOW/5769834749413745-KNOW.v17.npz,data/local/citizen100_v17/raw/train/KNOW/5769834749413745-KNOW.mp4,train,KNOW,landscape,640,480,57,24,0.2624479579999992,0.3508771929824561,0.8333333333333334,0.390625,0.71875,0.71875,0.7083333333333334,shoulder_width,0,20,0,True,True,True,True,True
train/KNOW/6589842343221302-seedKNOW.v17.npz,data/local/citizen100_v17/raw/train/KNOW/6589842343221302-seedKNOW.mp4,train,KNOW,landscape,640,480,96,59,0.40097620799999945,0.23958333333333334,0.3898305084745763,0.1904296875,0.8125,0.8125,0.8305084745762712,shoulder_width,1,22,0,True,True,True,True,True
train/KNOW/6724485649936158-KNOW.v17.npz,data/local/citizen100_v17/raw/train/KNOW/6724485649936158-KNOW.mp4,train,KNOW,landscape,640,480,60,32,0.27727870900000084,0.4666666666666667,0.875,0.41455078125,0.78125,0.4609375,0.53125,shoulder_width,0,28,0,True,True,True,True,True
train/KNOW/7801346725394491-KNOW.v17.npz,data/local/citizen100_v17/raw/train/KNOW/7801346725394491-KNOW.mp4,train,KNOW,landscape,640,480,62,38,0.30532329200000063,0.5483870967741935,0.8947368421052632,0.424072265625,0.65625,0.4921875,0.6578947368421053,shoulder_width,34,0,0,True,True,True,True,True
train/KNOW/8305026742098571-KNOW.v17.npz,data/local/citizen100_v17/raw/train/KNOW/8305026742098571-KNOW.mp4,train,KNOW,landscape,640,480,54,19,0.25503425000000135,0.2777777777777778,0.7894736842105263,0.397216796875,0.5,0.5,0.47368421052631576,shoulder_width,0,15,0,True,True,True,True,True
train/KNOW/8723506669377621-KNOW.v17.npz,data/local/citizen100_v17/raw/train/KNOW/8723506669377621-KNOW.mp4,train,KNOW,landscape,640,480,53,34,0.2745747499999993,0.5283018867924528,0.8235294117647058,0.389892578125,0.71875,0.484375,0.5,shoulder_width,0,28,0,True,True,True,True,True
train/LANGUAGE/2471707461204955-LANGUAGE.v17.npz,data/local/citizen100_v17/raw/train/LANGUAGE/2471707461204955-LANGUAGE.mp4,train,LANGUAGE,landscape,640,480,61,35,0.3673403749999977,0.5081967213114754,0.8857142857142857,0.7587890625,0.9375,0.6640625,0.9428571428571428,shoulder_width,27,31,0,True,True,True,True,True
train/LANGUAGE/32857613945090347-LANGUAGE.v17.npz,data/local/citizen100_v17/raw/train/LANGUAGE/32857613945090347-LANGUAGE.mp4,train,LANGUAGE,landscape,640,480,62,34,0.32956412499999743,0.4838709677419355,0.8823529411764706,0.69287109375,0.96875,0.046875,0.058823529411764705,shoulder_width,26,30,0,True,True,True,True,True
train/LANGUAGE/4297528325102056-seedLANGUAGE.v17.npz,data/local/citizen100_v17/raw/train/LANGUAGE/4297528325102056-seedLANGUAGE.mp4,train,LANGUAGE,landscape,640,480,96,26,0.4193102499999988,0.22916666666666666,0.8461538461538461,0.83203125,0.65625,0.65625,0.6538461538461539,shoulder_width,22,22,0,True,True,True,True,True
train/LANGUAGE/43564942059450074-LANGUAGE.v17.npz,data/local/citizen100_v17/raw/train/LANGUAGE/43564942059450074-LANGUAGE.mp4,train,LANGUAGE,landscape,640,480,77,77,0.4764331249999998,0.987012987012987,0.987012987012987,0.68505859375,0.9375,0.0234375,0.012987012987012988,shoulder_width,69,41,0,True,True,True,True,True
train/LANGUAGE/4466295828365876-LANGUAGE.v17.npz,data/local/citizen100_v17/raw/train/LANGUAGE/4466295828365876-LANGUAGE.mp4,train,LANGUAGE,landscape,640,480,78,52,0.43345670800000136,0.6153846153846154,0.9230769230769231,0.853515625,0.9375,0.3671875,0.34615384615384615,shoulder_width,45,47,0,True,True,True,True,True
train/LANGUAGE/5231280042414825-LANGUAGE.v17.npz,data/local/citizen100_v17/raw/train/LANGUAGE/5231280042414825-LANGUAGE.mp4,train,LANGUAGE,landscape,640,480,45,21,0.22985837499999917,0.37777777777777777,0.8095238095238095,0.71142578125,0.8125,0.8125,0.8095238095238095,shoulder_width,17,14,0,True,True,True,True,True
train/LANGUAGE/5276054380612889-LANGUAGE.v17.npz,data/local/citizen100_v17/raw/train/LANGUAGE/5276054380612889-LANGUAGE.mp4,train,LANGUAGE,landscape,640,480,44,25,0.23618749999999977,0.4772727272727273,0.84,0.74267578125,0.6875,0.5234375,0.68,shoulder_width,18,20,0,True,True,True,True,True
train/LANGUAGE/738726624534245-LANGUAGE.v17.npz,data/local/citizen100_v17/raw/train/LANGUAGE/738726624534245-LANGUAGE.mp4,train,LANGUAGE,landscape,640,480,96,36,0.4548592919999983,0.3333333333333333,0.8888888888888888,0.80126953125,0.90625,0.796875,0.9166666666666666,shoulder_width,32,28,0,True,True,True,True,True
train/LANGUAGE/7540291860771398-LANGUAGE.v17.npz,data/local/citizen100_v17/raw/train/LANGUAGE/7540291860771398-LANGUAGE.mp4,train,LANGUAGE,landscape,640,480,75,48,0.40996095900000284,0.5733333333333334,0.8958333333333334,0.84912109375,0.84375,0.84375,0.8541666666666666,shoulder_width,40,43,0,True,True,True,True,True
train/LANGUAGE/7692389896758218-LANGUAGE.v17.npz,data/local/citizen100_v17/raw/train/LANGUAGE/7692389896758218-LANGUAGE.mp4,train,LANGUAGE,landscape,640,480,68,43,0.371798333000001,0.5735294117647058,0.9069767441860465,0.81494140625,0.75,0.5234375,0.7674418604651163,shoulder_width,38,34,0,True,True,True,True,True
train/LANGUAGE/7821431843677003-LANGUAGE.v17.npz,data/local/citizen100_v17/raw/train/LANGUAGE/7821431843677003-LANGUAGE.mp4,train,LANGUAGE,landscape,640,480,64,40,0.3462772909999998,0.515625,0.825,0.74267578125,0.8125,0.6171875,0.825,shoulder_width,33,28,0,True,True,True,True,True
train/LANGUAGE/7874516908978064-LANGUAGE.v17.npz,data/local/citizen100_v17/raw/train/LANGUAGE/7874516908978064-LANGUAGE.mp4,train,LANGUAGE,landscape,640,480,43,27,0.2330980840000052,0.5348837209302325,0.8518518518518519,0.77978515625,0.625,0.015625,0.037037037037037035,shoulder_width,22,22,0,True,True,True,True,True
train/LANGUAGE/8397034314321841-LANGUAGE.v17.npz,data/local/citizen100_v17/raw/train/LANGUAGE/8397034314321841-LANGUAGE.mp4,train,LANGUAGE,landscape,640,480,96,33,0.451776584000001,0.3020833333333333,0.8787878787878788,0.81103515625,0.75,0.6875,0.7575757575757576,shoulder_width,29,28,0,True,True,True,True,True
train/LANGUAGE/9558797383398827-LANGUAGE.v17.npz,data/local/citizen100_v17/raw/train/LANGUAGE/9558797383398827-LANGUAGE.mp4,train,LANGUAGE,landscape,640,480,72,72,0.4245421250000021,0.75,0.75,0.5185546875,0.90625,0.90625,0.9027777777777778,shoulder_width,30,53,0,True,True,True,True,True
train/LANGUAGE/9764117165063466-LANGUAGE.v17.npz,data/local/citizen100_v17/raw/train/LANGUAGE/9764117165063466-LANGUAGE.mp4,train,LANGUAGE,landscape,640,480,52,32,0.2807320419999968,0.5384615384615384,0.875,0.7841796875,0.78125,0.5234375,0.78125,shoulder_width,23,28,0,True,True,True,True,True
train/LEARN/003104967374903289-LEARN.v17.npz,data/local/citizen100_v17/raw/train/LEARN/003104967374903289-LEARN.mp4,train,LEARN,landscape,640,480,62,33,0.30206975000000114,0.46774193548387094,0.8787878787878788,0.51318359375,0.75,0.1328125,0.2727272727272727,shoulder_width,7,29,0,True,True,True,True,True
train/LEARN/02289895371863082-LEARN.v17.npz,data/local/citizen100_v17/raw/train/LEARN/02289895371863082-LEARN.mp4,train,LEARN,landscape,640,480,85,36,0.3814284169999951,0.36470588235294116,0.8611111111111112,0.4248046875,0.90625,0.75,0.9166666666666666,shoulder_width,3,31,0,True,True,True,True,True
train/LEARN/16584929726965836-LEARN.v17.npz,data/local/citizen100_v17/raw/train/LEARN/16584929726965836-LEARN.mp4,train,LEARN,landscape,640,480,37,20,0.19254804199999853,0.43243243243243246,0.8,0.66796875,0.875,0.875,0.85,shoulder_width,14,13,0,True,True,True,True,True
train/LEARN/20965467088651524-LEARN.v17.npz,data/local/citizen100_v17/raw/train/LEARN/20965467088651524-LEARN.mp4,train,LEARN,landscape,640,480,96,44,0.42255325,0.4166666666666667,0.9090909090909091,0.41748046875,0.9375,0.015625,0.022727272727272728,shoulder_width,0,40,0,True,True,True,True,True
train/LEARN/22509831535531588-LEARN.v17.npz,data/local/citizen100_v17/raw/train/LEARN/22509831535531588-LEARN.mp4,train,LEARN,landscape,640,480,70,45,0.3852129579999968,0.5714285714285714,0.8888888888888888,0.61328125,0.71875,0.671875,0.7333333333333333,shoulder_width,24,37,0,True,True,True,True,True
train/LEARN/2918614747304418-LEARN.v17.npz,data/local/citizen100_v17/raw/train/LEARN/2918614747304418-LEARN.mp4,train,LEARN,landscape,640,480,73,46,0.34210545899999545,0.4520547945205479,0.717391304347826,0.36083984375,0.875,0.5234375,0.717391304347826,shoulder_width,1,33,0,True,True,True,True,True
train/LEARN/30110588558485074-LEARN.v17.npz,data/local/citizen100_v17/raw/train/LEARN/30110588558485074-LEARN.mp4,train,LEARN,landscape,640,480,96,51,0.4928406659999993,0.4791666666666667,0.9019607843137255,0.8154296875,0.78125,0.703125,0.803921568627451,shoulder_width,37,45,0,True,True,True,True,True
train/LEARN/42853167798970104-LEARN.v17.npz,data/local/citizen100_v17/raw/train/LEARN/42853167798970104-LEARN.mp4,train,LEARN,landscape,640,480,48,24,0.27671804199999883,0.375,0.75,0.681640625,0.71875,0.71875,0.7083333333333334,shoulder_width,18,17,0,True,True,True,True,True
train/LEARN/5457979445491012-LEARN.v17.npz,data/local/citizen100_v17/raw/train/LEARN/5457979445491012-LEARN.mp4,train,LEARN,landscape,640,480,46,27,0.23495766599999968,0.45652173913043476,0.7777777777777778,0.66064453125,0.625,0.625,0.6296296296296297,shoulder_width,16,19,0,True,True,True,True,True
train/LEARN/6126553469796956-LEARN.v17.npz,data/local/citizen100_v17/raw/train/LEARN/6126553469796956-LEARN.mp4,train,LEARN,landscape,640,480,96,56,0.5101904580000038,0.53125,0.9107142857142857,0.76708984375,0.84375,0.84375,0.875,shoulder_width,37,50,0,True,True,True,True,True
train/LEARN/6433677117622094-LEARN.v17.npz,data/local/citizen100_v17/raw/train/LEARN/6433677117622094-LEARN.mp4,train,LEARN,landscape,640,480,95,55,0.5235894160000001,0.5368421052631579,0.9272727272727272,0.7880859375,0.875,0.875,0.8909090909090909,shoulder_width,40,48,0,True,True,True,True,True
train/LEARN/6871798036853238-seedLEARN.v17.npz,data/local/citizen100_v17/raw/train/LEARN/6871798036853238-seedLEARN.mp4,train,LEARN,landscape,640,480,96,30,0.43893445900000216,0.2604166666666667,0.8333333333333334,0.7509765625,0.84375,0.84375,0.8333333333333334,shoulder_width,21,24,0,True,True,True,True,True
train/LEARN/6919715917732598-LEARN.v17.npz,data/local/citizen100_v17/raw/train/LEARN/6919715917732598-LEARN.mp4,train,LEARN,landscape,640,480,68,31,0.3393999170000015,0.39705882352941174,0.8709677419354839,0.77685546875,0.8125,0.6171875,0.8064516129032258,shoulder_width,21,27,0,True,True,True,True,True
train/LEARN/7373699847035962-LEARN.v17.npz,data/local/citizen100_v17/raw/train/LEARN/7373699847035962-LEARN.mp4,train,LEARN,landscape,640,480,54,43,0.49920858400000157,0.5555555555555556,0.6976744186046512,0.54833984375,0.75,0.75,0.7674418604651163,shoulder_width,21,29,0,True,True,True,True,True
train/LEARN/8356772257248806-LEARN.v17.npz,data/local/citizen100_v17/raw/train/LEARN/8356772257248806-LEARN.mp4,train,LEARN,landscape,640,480,86,44,0.49291554199999865,0.46511627906976744,0.9090909090909091,0.8408203125,0.90625,0.6796875,0.9318181818181818,shoulder_width,40,37,0,True,True,True,True,True
train/LESS/025934577509988177-LESS.v17.npz,data/local/citizen100_v17/raw/train/LESS/025934577509988177-LESS.mp4,train,LESS,landscape,640,480,46,25,0.2603964169999955,0.45652173913043476,0.84,0.75,0.6875,0.6875,0.68,shoulder_width,18,19,0,True,True,True,True,True
train/LESS/06835081820948452-LESS.v17.npz,data/local/citizen100_v17/raw/train/LESS/06835081820948452-LESS.mp4,train,LESS,landscape,640,480,96,48,0.5824884580000003,0.4583333333333333,0.9166666666666666,0.84619140625,0.84375,0.71875,0.8541666666666666,shoulder_width,38,44,0,True,True,True,True,True
train/LESS/12360128682291482-LESS.v17.npz,data/local/citizen100_v17/raw/train/LESS/12360128682291482-LESS.mp4,train,LESS,landscape,640,480,73,32,0.41707449999999824,0.3698630136986301,0.84375,0.6728515625,0.78125,0.78125,0.78125,shoulder_width,22,27,0,True,True,True,True,True
train/LESS/42298974601594974-LESS.v17.npz,data/local/citizen100_v17/raw/train/LESS/42298974601594974-LESS.mp4,train,LESS,landscape,640,480,93,51,0.5559452909999933,0.4838709677419355,0.8823529411764706,0.82275390625,0.78125,0.703125,0.803921568627451,shoulder_width,42,45,0,True,True,True,True,True
train/LESS/44924622999479924-LESS.v17.npz,data/local/citizen100_v17/raw/train/LESS/44924622999479924-LESS.mp4,train,LESS,landscape,640,480,55,32,0.3127925830000038,0.509090909090909,0.875,0.6396484375,0.78125,0.03125,0.03125,shoulder_width,14,28,0,True,True,True,True,True
train/LESS/5517947193894646-LESS.v17.npz,data/local/citizen100_v17/raw/train/LESS/5517947193894646-LESS.mp4,train,LESS,landscape,640,480,58,46,0.40856099999999884,0.7068965517241379,0.8913043478260869,0.7958984375,0.71875,0.4609375,0.021739130434782608,shoulder_width,38,40,0,True,True,True,True,True
train/LESS/5607471755343187-LESS.v17.npz,data/local/citizen100_v17/raw/train/LESS/5607471755343187-LESS.mp4,train,LESS,landscape,640,480,48,23,0.2639861250000024,0.3958333333333333,0.8260869565217391,0.57275390625,0.75,0.03125,0.043478260869565216,shoulder_width,9,19,0,True,True,True,True,True
train/LESS/7172635775819549-LESS.v17.npz,data/local/citizen100_v17/raw/train/LESS/7172635775819549-LESS.mp4,train,LESS,landscape,640,480,53,18,0.29165570899999693,0.2641509433962264,0.7777777777777778,0.71044921875,0.96875,0.859375,0.9444444444444444,shoulder_width,12,13,0,True,True,True,True,True
train/LESS/7473791011085458-LESS.v17.npz,data/local/citizen100_v17/raw/train/LESS/7473791011085458-LESS.mp4,train,LESS,landscape,640,480,69,43,0.4580933339999973,0.5652173913043478,0.9069767441860465,0.84130859375,0.9375,0.7578125,0.9534883720930233,shoulder_width,38,37,0,True,True,True,True,True
train/LESS/7640687420997381-LESS.v17.npz,data/local/citizen100_v17/raw/train/LESS/7640687420997381-LESS.mp4,train,LESS,landscape,640,480,53,34,0.3145557499999967,0.5471698113207547,0.8529411764705882,0.70166015625,0.71875,0.0,0.0,palm_length,22,29,0,True,True,True,True,True
train/LESS/775934637445302-LESS.v17.npz,data/local/citizen100_v17/raw/train/LESS/775934637445302-LESS.mp4,train,LESS,landscape,640,480,76,44,0.48837050000000204,0.5131578947368421,0.8863636363636364,0.79150390625,0.9375,0.890625,0.9318181818181818,shoulder_width,37,38,0,True,True,True,True,True
train/LESS/7958050019646907-seedLESS.v17.npz,data/local/citizen100_v17/raw/train/LESS/7958050019646907-seedLESS.mp4,train,LESS,landscape,640,480,96,41,0.5234803750000054,0.3854166666666667,0.9024390243902439,0.7939453125,0.78125,0.78125,0.8048780487804879,shoulder_width,34,33,0,True,True,True,True,True
train/LESS/818702114612541-LESS.v17.npz,data/local/citizen100_v17/raw/train/LESS/818702114612541-LESS.mp4,train,LESS,landscape,640,480,77,54,0.5322397499999951,0.6753246753246753,0.9629629629629629,0.8759765625,0.90625,0.90625,0.9074074074074074,shoulder_width,49,46,0,True,True,True,True,True
train/LESS/8308388879493478-LESS.v17.npz,data/local/citizen100_v17/raw/train/LESS/8308388879493478-LESS.mp4,train,LESS,landscape,640,480,57,47,0.3644402919999976,0.6842105263157895,0.8297872340425532,0.45166015625,0.84375,0.5078125,0.8723404255319149,shoulder_width,15,32,0,True,True,True,True,True
train/LIKE/030195387372940363-LIKE.v17.npz,data/local/citizen100_v17/raw/train/LIKE/030195387372940363-LIKE.mp4,train,LIKE,landscape,640,480,66,24,0.3280854160000004,0.2878787878787879,0.7916666666666666,0.39501953125,0.71875,0.71875,0.7083333333333334,shoulder_width,0,19,0,True,True,True,True,True
train/LIKE/05351672702445809-LIKE.v17.npz,data/local/citizen100_v17/raw/train/LIKE/05351672702445809-LIKE.mp4,train,LIKE,landscape,640,480,48,18,0.2279677500000048,0.2916666666666667,0.7777777777777778,0.40478515625,0.5,0.390625,0.5,shoulder_width,0,14,0,True,True,True,True,True
train/LIKE/23961420213829476-LIKE.v17.npz,data/local/citizen100_v17/raw/train/LIKE/23961420213829476-LIKE.mp4,train,LIKE,landscape,640,480,71,38,0.36105533399999956,0.4507042253521127,0.8421052631578947,0.4375,0.875,0.21875,0.4473684210526316,shoulder_width,0,32,0,True,True,True,True,True
train/LIKE/2935343968735329-LIKE.v17.npz,data/local/citizen100_v17/raw/train/LIKE/2935343968735329-LIKE.mp4,train,LIKE,landscape,640,480,62,36,0.3615886669999995,0.5161290322580645,0.8888888888888888,0.43017578125,0.6875,0.0,0.0,palm_length,32,0,0,True,True,True,True,True
train/LIKE/30651763223309914-LIKE.v17.npz,data/local/citizen100_v17/raw/train/LIKE/30651763223309914-LIKE.mp4,train,LIKE,landscape,640,480,44,32,0.254445834000002,0.5909090909090909,0.8125,0.396484375,0.78125,0.78125,0.78125,shoulder_width,0,26,0,True,True,True,True,True
train/LIKE/3221250728567113-LIKE.v17.npz,data/local/citizen100_v17/raw/train/LIKE/3221250728567113-LIKE.mp4,train,LIKE,landscape,640,480,96,53,0.5938277500000027,0.4583333333333333,0.8301886792452831,0.375,0.9375,0.9375,0.9245283018867925,shoulder_width,1,43,0,True,True,True,True,True
train/LIKE/4726973530309644-LIKE.v17.npz,data/local/citizen100_v17/raw/train/LIKE/4726973530309644-LIKE.mp4,train,LIKE,landscape,640,480,96,36,0.5062531660000005,0.3333333333333333,0.8888888888888888,0.427734375,0.90625,0.90625,0.9166666666666666,shoulder_width,0,32,0,True,True,True,True,True
train/LIKE/48852938778695965-LIKE.v17.npz,data/local/citizen100_v17/raw/train/LIKE/48852938778695965-LIKE.mp4,train,LIKE,landscape,640,480,71,71,0.5736176249999971,1.0,1.0,0.48876953125,0.90625,0.90625,0.9154929577464789,shoulder_width,71,29,0,True,True,True,True,True
train/LIKE/6108042704274992-LIKE.v17.npz,data/local/citizen100_v17/raw/train/LIKE/6108042704274992-LIKE.mp4,train,LIKE,landscape,640,480,39,25,0.2557384159999998,0.5384615384615384,0.84,0.397216796875,1.0,0.1953125,0.36,shoulder_width,0,21,0,True,True,True,True,True
train/LIKE/6263439546385057-seedLIKE.v17.npz,data/local/citizen100_v17/raw/train/LIKE/6263439546385057-seedLIKE.mp4,train,LIKE,landscape,640,480,96,34,0.632568040999999,0.3125,0.8823529411764706,0.416748046875,0.71875,0.71875,0.7352941176470589,shoulder_width,0,30,0,True,True,True,True,True
train/LIKE/6408927707140595-LIKE.v17.npz,data/local/citizen100_v17/raw/train/LIKE/6408927707140595-LIKE.mp4,train,LIKE,landscape,640,480,56,28,0.3600939999999966,0.42857142857142855,0.8571428571428571,0.40625,0.90625,0.8359375,0.8928571428571429,shoulder_width,0,24,0,True,True,True,True,True
train/LIKE/6630595446275149-LIKE.v17.npz,data/local/citizen100_v17/raw/train/LIKE/6630595446275149-LIKE.mp4,train,LIKE,landscape,640,480,96,36,0.588256874999999,0.3333333333333333,0.8888888888888888,0.41748046875,0.71875,0.5546875,0.6944444444444444,shoulder_width,0,32,0,True,True,True,True,True
train/LIKE/7707078264255762-LIKE.v17.npz,data/local/citizen100_v17/raw/train/LIKE/7707078264255762-LIKE.mp4,train,LIKE,landscape,640,480,56,27,0.35365112499999896,0.4107142857142857,0.8518518518518519,0.43017578125,0.625,0.625,0.6296296296296297,shoulder_width,0,23,0,True,True,True,True,True
train/LIKE/7921297303573938-LIKE.v17.npz,data/local/citizen100_v17/raw/train/LIKE/7921297303573938-LIKE.mp4,train,LIKE,landscape,640,480,57,24,0.3225630829999986,0.3508771929824561,0.8333333333333334,0.40625,0.71875,0.546875,0.7083333333333334,shoulder_width,0,20,0,True,True,True,True,True
train/LIKE/8273164081850686-LIKE.v17.npz,data/local/citizen100_v17/raw/train/LIKE/8273164081850686-LIKE.mp4,train,LIKE,landscape,640,480,67,39,0.4253464170000001,0.5223880597014925,0.8974358974358975,0.4248046875,0.84375,0.6328125,0.8461538461538461,shoulder_width,35,0,0,True,True,True,True,True
train/LISTEN/025204171933608244-LISTEN.v17.npz,data/local/citizen100_v17/raw/train/LISTEN/025204171933608244-LISTEN.mp4,train,LISTEN,landscape,640,480,96,43,0.5747164590000011,0.40625,0.9069767441860465,0.435302734375,0.78125,0.3125,0.3953488372093023,shoulder_width,0,39,0,True,True,True,True,True
train/LISTEN/042692844819531395-LISTEN.v17.npz,data/local/citizen100_v17/raw/train/LISTEN/042692844819531395-LISTEN.mp4,train,LISTEN,landscape,640,480,74,49,0.4677085000000005,0.6081081081081081,0.9183673469387755,0.438232421875,0.84375,0.7578125,0.8367346938775511,shoulder_width,45,0,0,True,True,True,True,True
train/LISTEN/15025494439377618-LISTEN.v17.npz,data/local/citizen100_v17/raw/train/LISTEN/15025494439377618-LISTEN.mp4,train,LISTEN,landscape,640,480,47,27,0.29374750000000205,0.48936170212765956,0.8518518518518519,0.42626953125,0.625,0.625,0.6296296296296297,shoulder_width,0,23,0,True,True,True,True,True
train/LISTEN/1615641107602217-LISTEN.v17.npz,data/local/citizen100_v17/raw/train/LISTEN/1615641107602217-LISTEN.mp4,train,LISTEN,landscape,640,480,89,89,0.7336038330000036,0.9775280898876404,0.9775280898876404,0.63232421875,1.0,1.0,1.0,shoulder_width,87,42,0,True,True,True,True,True
train/LISTEN/3020669935390441-seedLISTEN.v17.npz,data/local/citizen100_v17/raw/train/LISTEN/3020669935390441-seedLISTEN.mp4,train,LISTEN,landscape,640,480,96,47,0.5954295420000051,0.4479166666666667,0.9148936170212766,0.4375,0.6875,0.6875,0.7021276595744681,shoulder_width,0,43,0,True,True,True,True,True
train/LISTEN/30216552906832983-LISTEN.v17.npz,data/local/citizen100_v17/raw/train/LISTEN/30216552906832983-LISTEN.mp4,train,LISTEN,landscape,640,480,74,28,0.45051166700000067,0.3108108108108108,0.8214285714285714,0.427734375,0.90625,0.1640625,0.32142857142857145,shoulder_width,0,23,0,True,True,True,True,True
train/LISTEN/5919257882722226-LISTEN.v17.npz,data/local/citizen100_v17/raw/train/LISTEN/5919257882722226-LISTEN.mp4,train,LISTEN,landscape,640,480,54,32,0.3430851659999945,0.5185185185185185,0.875,0.432373046875,0.78125,0.015625,0.03125,shoulder_width,0,28,0,True,True,True,True,True
train/LISTEN/6734665206220465-LISTEN.v17.npz,data/local/citizen100_v17/raw/train/LISTEN/6734665206220465-LISTEN.mp4,train,LISTEN,landscape,640,480,50,25,0.32475562500000166,0.42,0.84,0.395751953125,0.6875,0.6875,0.68,shoulder_width,0,21,0,True,True,True,True,True
train/LISTEN/6855595996582029-LISTEN.v17.npz,data/local/citizen100_v17/raw/train/LISTEN/6855595996582029-LISTEN.mp4,train,LISTEN,landscape,640,480,56,38,0.3786650839999979,0.6071428571428571,0.8947368421052632,0.425537109375,0.65625,0.4375,0.6578947368421053,shoulder_width,0,34,0,True,True,True,True,True
train/LISTEN/8821978918389293-LISTEN.v17.npz,data/local/citizen100_v17/raw/train/LISTEN/8821978918389293-LISTEN.mp4,train,LISTEN,landscape,640,480,48,31,0.3117879160000001,0.5416666666666666,0.8387096774193549,0.418212890625,0.8125,0.8125,0.8064516129032258,shoulder_width,0,26,0,True,True,True,True,True
train/LISTEN/9274530293728671-LISTEN.v17.npz,data/local/citizen100_v17/raw/train/LISTEN/9274530293728671-LISTEN.mp4,train,LISTEN,landscape,960,540,79,45,0.6378217500000005,0.5189873417721519,0.9111111111111111,0.4345703125,0.90625,0.4921875,0.7333333333333333,shoulder_width,0,41,0,True,True,True,True,True
train/LISTEN/937803544366357-LISTEN.v17.npz,data/local/citizen100_v17/raw/train/LISTEN/937803544366357-LISTEN.mp4,train,LISTEN,landscape,640,480,65,41,0.4589814579999967,0.5692307692307692,0.9024390243902439,0.428466796875,0.78125,0.6875,0.6097560975609756,shoulder_width,0,37,0,True,True,True,True,True
train/LOVE/0018378274808692474-LOVE.v17.npz,data/local/citizen100_v17/raw/train/LOVE/0018378274808692474-LOVE.mp4,train,LOVE,landscape,640,480,62,33,0.4460215829999967,0.45161290322580644,0.8484848484848485,0.75146484375,1.0,1.0,1.0,shoulder_width,28,24,0,True,True,True,True,True
train/LOVE/13717057044445125-LOVE.v17.npz,data/local/citizen100_v17/raw/train/LOVE/13717057044445125-LOVE.mp4,train,LOVE,landscape,640,480,50,34,0.3692151670000001,0.56,0.8235294117647058,0.67333984375,0.71875,0.2578125,0.5,shoulder_width,18,29,0,True,True,True,True,True
train/LOVE/285782838453037-LOVE.v17.npz,data/local/citizen100_v17/raw/train/LOVE/285782838453037-LOVE.mp4,train,LOVE,landscape,640,480,60,34,0.4428139999999985,0.5,0.8823529411764706,0.7470703125,0.71875,0.2578125,0.5,shoulder_width,22,30,0,True,True,True,True,True
train/LOVE/3516860036460976-LOVE.v17.npz,data/local/citizen100_v17/raw/train/LOVE/3516860036460976-LOVE.mp4,train,LOVE,landscape,640,480,83,51,0.6519342080000001,0.5662650602409639,0.9215686274509803,0.76416015625,0.78125,0.7421875,0.803921568627451,shoulder_width,34,47,0,True,True,True,True,True
train/LOVE/3826611907286055-LOVE.v17.npz,data/local/citizen100_v17/raw/train/LOVE/3826611907286055-LOVE.mp4,train,LOVE,landscape,640,480,76,40,0.5713037920000019,0.4605263157894737,0.875,0.69287109375,0.8125,0.5703125,0.825,shoulder_width,21,35,0,True,True,True,True,True
train/LOVE/4194471454302029-LOVE.v17.npz,data/local/citizen100_v17/raw/train/LOVE/4194471454302029-LOVE.mp4,train,LOVE,landscape,640,480,96,42,0.7068782499999955,0.3958333333333333,0.9047619047619048,0.74853515625,0.78125,0.4609375,0.7857142857142857,shoulder_width,29,38,0,True,True,True,True,True
train/LOVE/4841662498241295-LOVE.v17.npz,data/local/citizen100_v17/raw/train/LOVE/4841662498241295-LOVE.mp4,train,LOVE,landscape,640,480,42,25,0.32596158300000155,0.42857142857142855,0.72,0.65478515625,0.6875,0.6875,0.68,shoulder_width,17,13,0,True,True,True,True,True
train/LOVE/5046064121660587-LOVE.v17.npz,data/local/citizen100_v17/raw/train/LOVE/5046064121660587-LOVE.mp4,train,LOVE,landscape,640,480,96,22,0.6010810410000005,0.1875,0.8181818181818182,0.693359375,0.78125,0.3125,0.4090909090909091,shoulder_width,15,17,0,True,True,True,True,True
train/LOVE/544773713165329-LOVE.v17.npz,data/local/citizen100_v17/raw/train/LOVE/544773713165329-LOVE.mp4,train,LOVE,landscape,640,480,71,39,0.508531082999994,0.49295774647887325,0.8974358974358975,0.6591796875,0.625,0.1171875,0.23076923076923078,shoulder_width,19,35,0,True,True,True,True,True
train/LOVE/6414476924051264-LOVE.v17.npz,data/local/citizen100_v17/raw/train/LOVE/6414476924051264-LOVE.mp4,train,LOVE,landscape,640,480,68,41,0.5104027499999972,0.5441176470588235,0.9024390243902439,0.7529296875,0.78125,0.59375,0.8048780487804879,shoulder_width,37,28,0,True,True,True,True,True
train/LOVE/8108861250431312-seedLOVE.v17.npz,data/local/citizen100_v17/raw/train/LOVE/8108861250431312-seedLOVE.mp4,train,LOVE,landscape,640,480,96,35,0.6590857909999954,0.3229166666666667,0.8857142857142857,0.7939453125,0.9375,0.9375,0.9428571428571428,shoulder_width,28,31,0,True,True,True,True,True
train/LOVE/8291491506273367-LOVE.v17.npz,data/local/citizen100_v17/raw/train/LOVE/8291491506273367-LOVE.mp4,train,LOVE,landscape,640,480,89,55,0.8194457090000071,0.5730337078651685,0.9272727272727272,0.82666015625,0.875,0.7734375,0.8909090909090909,shoulder_width,43,51,0,True,True,True,True,True
train/LOVE/9377899064716586-LOVE.v17.npz,data/local/citizen100_v17/raw/train/LOVE/9377899064716586-LOVE.mp4,train,LOVE,landscape,640,480,96,35,0.6903829590000043,0.3125,0.8571428571428571,0.70458984375,0.6875,0.5234375,0.7142857142857143,shoulder_width,27,25,0,True,True,True,True,True
train/MAKE/06915498305351697-MAKE.v17.npz,data/local/citizen100_v17/raw/train/MAKE/06915498305351697-MAKE.mp4,train,MAKE,landscape,640,480,44,27,0.352403209000002,0.5227272727272727,0.8518518518518519,0.7568359375,0.625,0.40625,0.6296296296296297,shoulder_width,18,22,0,True,True,True,True,True
train/MAKE/10010774201312977-MAKE.v17.npz,data/local/citizen100_v17/raw/train/MAKE/10010774201312977-MAKE.mp4,train,MAKE,landscape,640,480,96,42,0.7264415420000034,0.3958333333333333,0.9047619047619048,0.7568359375,0.96875,0.6015625,0.9761904761904762,shoulder_width,28,38,0,True,True,True,True,True
train/MAKE/12398889502337007-seedMAKE.v17.npz,data/local/citizen100_v17/raw/train/MAKE/12398889502337007-seedMAKE.mp4,train,MAKE,landscape,640,480,96,25,0.6395528749999926,0.21875,0.84,0.740234375,1.0,1.0,1.0,shoulder_width,16,21,0,True,True,True,True,True
train/MAKE/18229683151860843-MAKE.v17.npz,data/local/citizen100_v17/raw/train/MAKE/18229683151860843-MAKE.mp4,train,MAKE,landscape,640,480,74,32,0.5796825829999932,0.3783783783783784,0.875,0.7978515625,0.78125,0.78125,0.78125,shoulder_width,27,26,0,True,True,True,True,True
train/MAKE/21765240452364454-MAKE.v17.npz,data/local/citizen100_v17/raw/train/MAKE/21765240452364454-MAKE.mp4,train,MAKE,landscape,640,480,53,31,0.40000920800000017,0.5094339622641509,0.8709677419354839,0.64501953125,0.5625,0.421875,0.5483870967741935,shoulder_width,14,28,0,True,True,True,True,True
train/MAKE/2656237341874321-MAKE.v17.npz,data/local/citizen100_v17/raw/train/MAKE/2656237341874321-MAKE.mp4,train,MAKE,landscape,640,480,80,38,0.6250497079999917,0.425,0.8947368421052632,0.81982421875,0.84375,0.484375,0.2631578947368421,shoulder_width,31,34,0,True,True,True,True,True
train/MAKE/2953819571296197-MAKE.v17.npz,data/local/citizen100_v17/raw/train/MAKE/2953819571296197-MAKE.mp4,train,MAKE,landscape,640,480,51,32,0.38614349999998865,0.47058823529411764,0.75,0.40625,0.78125,0.0,0.0,palm_length,3,24,0,True,True,True,True,True
train/MAKE/35685665490030827-MAKE.v17.npz,data/local/citizen100_v17/raw/train/MAKE/35685665490030827-MAKE.mp4,train,MAKE,landscape,640,480,96,53,0.7008758750000084,0.3125,0.5660377358490566,0.489501953125,0.90625,0.90625,0.9245283018867925,shoulder_width,24,30,0,True,True,True,True,True
train/MAKE/42608318827919933-MAKE.v17.npz,data/local/citizen100_v17/raw/train/MAKE/42608318827919933-MAKE.mp4,train,MAKE,landscape,640,480,67,40,0.5168822499999948,0.47761194029850745,0.8,0.6435546875,0.8125,0.71875,0.825,shoulder_width,23,29,0,True,True,True,True,True
train/MAKE/46006083289905075-MAKE.v17.npz,data/local/citizen100_v17/raw/train/MAKE/46006083289905075-MAKE.mp4,train,MAKE,landscape,640,480,96,32,0.6777938749999919,0.2916666666666667,0.875,0.759765625,0.78125,0.71875,0.78125,shoulder_width,23,28,0,True,True,True,True,True
train/MAKE/48360219801328896-MAKE.v17.npz,data/local/citizen100_v17/raw/train/MAKE/48360219801328896-MAKE.mp4,train,MAKE,landscape,640,480,52,26,0.47352550000000804,0.4230769230769231,0.8461538461538461,0.7724609375,0.65625,0.65625,0.6538461538461539,shoulder_width,18,22,0,True,True,True,True,True
train/MAKE/5844672679220855-MAKE.v17.npz,data/local/citizen100_v17/raw/train/MAKE/5844672679220855-MAKE.mp4,train,MAKE,landscape,640,480,72,39,0.580719375000001,0.4722222222222222,0.8717948717948718,0.7568359375,0.84375,0.53125,0.8461538461538461,shoulder_width,34,28,0,True,True,True,True,True
train/MAKE/7576174422043422-MAKE.v17.npz,data/local/citizen100_v17/raw/train/MAKE/7576174422043422-MAKE.mp4,train,MAKE,landscape,640,480,46,19,0.3395343749999995,0.32608695652173914,0.7894736842105263,0.79931640625,0.46875,0.46875,0.47368421052631576,shoulder_width,15,15,0,True,True,True,True,True
train/MAKE/9583259576552383-MAKE.v17.npz,data/local/citizen100_v17/raw/train/MAKE/9583259576552383-MAKE.mp4,train,MAKE,landscape,640,480,85,47,0.7622023750000011,0.5058823529411764,0.9148936170212766,0.76416015625,0.84375,0.8046875,0.8723404255319149,shoulder_width,34,43,0,True,True,True,True,True
train/MAN/07906567248016683-MAN.v17.npz,data/local/citizen100_v17/raw/train/MAN/07906567248016683-MAN.mp4,train,MAN,landscape,640,480,61,34,0.5183521659999997,0.47540983606557374,0.8529411764705882,0.427734375,0.96875,0.7421875,0.9705882352941176,shoulder_width,0,29,0,True,True,True,True,True
train/MAN/10385058399783764-MAN.v17.npz,data/local/citizen100_v17/raw/train/MAN/10385058399783764-MAN.mp4,train,MAN,landscape,640,480,49,22,0.37630279200000416,0.3469387755102041,0.7727272727272727,0.40625,0.78125,0.78125,0.7727272727272727,shoulder_width,0,17,0,True,True,True,True,True
train/MAN/1300301228681695-MAN.v17.npz,data/local/citizen100_v17/raw/train/MAN/1300301228681695-MAN.mp4,train,MAN,landscape,640,480,61,39,0.4886736250000041,0.5409836065573771,0.8461538461538461,0.400390625,0.84375,0.0234375,0.05128205128205128,shoulder_width,0,33,0,True,True,True,True,True
train/MAN/1570087424496478-MAN.v17.npz,data/local/citizen100_v17/raw/train/MAN/1570087424496478-MAN.mp4,train,MAN,landscape,640,480,91,34,0.836198084000003,0.26373626373626374,0.7058823529411765,0.34375,0.96875,0.0,0.0,palm_length,0,24,0,True,True,True,True,True
train/MAN/20688738499250947-MAN.v17.npz,data/local/citizen100_v17/raw/train/MAN/20688738499250947-MAN.mp4,train,MAN,landscape,640,480,69,43,0.6712879580000077,0.5652173913043478,0.9069767441860465,0.439697265625,0.78125,0.4921875,0.7674418604651163,shoulder_width,39,1,0,True,True,True,True,True
train/MAN/2305277448085148-MAN.v17.npz,data/local/citizen100_v17/raw/train/MAN/2305277448085148-MAN.mp4,train,MAN,landscape,640,480,80,42,0.7216417500000034,0.45,0.8571428571428571,0.436767578125,0.78125,0.15625,0.023809523809523808,shoulder_width,1,36,0,True,True,True,True,True
train/MAN/3934957835832569-seedMAN.v17.npz,data/local/citizen100_v17/raw/train/MAN/3934957835832569-seedMAN.mp4,train,MAN,landscape,640,480,96,22,0.7814532080000021,0.1875,0.8181818181818182,0.40625,0.40625,0.40625,0.4090909090909091,shoulder_width,0,18,0,True,True,True,True,True
train/MAN/4036426039691503-MAN.v17.npz,data/local/citizen100_v17/raw/train/MAN/4036426039691503-MAN.mp4,train,MAN,landscape,640,480,83,34,0.6935431670000014,0.3253012048192771,0.7941176470588235,0.416748046875,0.71875,0.1328125,0.2647058823529412,shoulder_width,1,26,0,True,True,True,True,True
train/MAN/46577961099474163-MAN.v17.npz,data/local/citizen100_v17/raw/train/MAN/46577961099474163-MAN.mp4,train,MAN,landscape,640,480,92,50,0.8437044169999979,0.4891304347826087,0.9,0.459716796875,0.8125,0.8125,0.82,shoulder_width,45,0,0,True,True,True,True,True
train/MAN/5368393292246536-MAN.v17.npz,data/local/citizen100_v17/raw/train/MAN/5368393292246536-MAN.mp4,train,MAN,landscape,640,480,82,34,0.7171762920000049,0.34146341463414637,0.8235294117647058,0.42041015625,0.96875,0.2109375,0.29411764705882354,shoulder_width,0,28,0,True,True,True,True,True
train/MAN/5803263321986141-MAN.v17.npz,data/local/citizen100_v17/raw/train/MAN/5803263321986141-MAN.mp4,train,MAN,landscape,640,480,61,34,0.5367276669999939,0.4262295081967213,0.7647058823529411,0.385498046875,0.71875,0.6015625,0.7352941176470589,shoulder_width,0,26,0,True,True,True,True,True
train/MAN/6147678260624159-MAN.v17.npz,data/local/citizen100_v17/raw/train/MAN/6147678260624159-MAN.mp4,train,MAN,landscape,640,480,58,29,0.5123645000000039,0.41379310344827586,0.8275862068965517,0.412841796875,0.875,0.8046875,0.8620689655172413,shoulder_width,0,24,0,True,True,True,True,True
train/MAN/6359966945985864-MAN.v17.npz,data/local/citizen100_v17/raw/train/MAN/6359966945985864-MAN.mp4,train,MAN,landscape,640,480,96,50,0.9056925000000007,0.46875,0.9,0.436767578125,0.96875,0.96875,0.98,shoulder_width,0,45,0,True,True,True,True,True
train/MAN/8606245351023674-MAN.v17.npz,data/local/citizen100_v17/raw/train/MAN/8606245351023674-MAN.mp4,train,MAN,landscape,640,480,45,21,0.3933457499999946,0.3333333333333333,0.7142857142857143,0.397216796875,0.8125,0.8125,0.8095238095238095,shoulder_width,0,15,0,True,True,True,True,True
train/MAN/9106045059190033-MAN.v17.npz,data/local/citizen100_v17/raw/train/MAN/9106045059190033-MAN.mp4,train,MAN,landscape,640,480,96,40,0.9667471249999977,0.34375,0.825,0.422607421875,0.8125,0.71875,0.825,shoulder_width,0,33,0,True,True,True,True,True
train/MAYBE/07634524313415914-MAYBE.v17.npz,data/local/citizen100_v17/raw/train/MAYBE/07634524313415914-MAYBE.mp4,train,MAYBE,landscape,640,480,79,47,0.8583497500000021,0.5063291139240507,0.851063829787234,0.5478515625,0.875,0.0,0.0,palm_length,25,30,0,True,True,True,True,True
train/MAYBE/290396871959852-MAYBE.v17.npz,data/local/citizen100_v17/raw/train/MAYBE/290396871959852-MAYBE.mp4,train,MAYBE,landscape,640,480,96,53,0.9231940829999985,0.2916666666666667,0.5283018867924528,0.470947265625,0.78125,0.78125,0.7735849056603774,shoulder_width,24,27,0,True,True,True,True,True
train/MAYBE/30759668963891773-MAYBE.v17.npz,data/local/citizen100_v17/raw/train/MAYBE/30759668963891773-MAYBE.mp4,train,MAYBE,landscape,640,480,79,41,0.8216456250000022,0.46835443037974683,0.9024390243902439,0.77685546875,0.78125,0.5859375,0.8048780487804879,shoulder_width,31,35,0,True,True,True,True,True
train/MAYBE/35346895720914806-MAYBE.v17.npz,data/local/citizen100_v17/raw/train/MAYBE/35346895720914806-MAYBE.mp4,train,MAYBE,landscape,640,480,96,42,0.9576270000000022,0.3958333333333333,0.9047619047619048,0.85400390625,0.78125,0.359375,0.40476190476190477,shoulder_width,38,36,0,True,True,True,True,True
train/MAYBE/41374941112749775-MAYBE.v17.npz,data/local/citizen100_v17/raw/train/MAYBE/41374941112749775-MAYBE.mp4,train,MAYBE,landscape,640,480,83,51,0.9419177089999948,0.5662650602409639,0.9215686274509803,0.87353515625,0.96875,0.96875,0.9607843137254902,shoulder_width,45,46,0,True,True,True,True,True
train/MAYBE/5362769992680791-MAYBE.v17.npz,data/local/citizen100_v17/raw/train/MAYBE/5362769992680791-MAYBE.mp4,train,MAYBE,landscape,640,480,54,34,0.5632941249999988,0.5185185185185185,0.8235294117647058,0.73046875,0.71875,0.375,0.7352941176470589,shoulder_width,23,28,0,True,True,True,True,True
train/MAYBE/7008751078684894-MAYBE.v17.npz,data/local/citizen100_v17/raw/train/MAYBE/7008751078684894-MAYBE.mp4,train,MAYBE,landscape,640,480,74,39,0.807898250000008,0.47297297297297297,0.8974358974358975,0.6865234375,0.84375,0.6015625,0.8461538461538461,shoulder_width,21,35,0,True,True,True,True,True
train/MAYBE/7214939757364489-MAYBE.v17.npz,data/local/citizen100_v17/raw/train/MAYBE/7214939757364489-MAYBE.mp4,train,MAYBE,landscape,640,480,47,31,0.5217510420000053,0.574468085106383,0.8709677419354839,0.74755859375,0.8125,0.0234375,0.03225806451612903,shoulder_width,23,24,0,True,True,True,True,True
train/MAYBE/7636836654101908-MAYBE.v17.npz,data/local/citizen100_v17/raw/train/MAYBE/7636836654101908-MAYBE.mp4,train,MAYBE,landscape,640,480,48,27,0.5084802079999946,0.4791666666666667,0.8518518518518519,0.6787109375,0.625,0.625,0.6296296296296297,shoulder_width,18,19,0,True,True,True,True,True
train/MAYBE/8056429568724497-MAYBE.v17.npz,data/local/citizen100_v17/raw/train/MAYBE/8056429568724497-MAYBE.mp4,train,MAYBE,landscape,640,480,64,38,0.6526675830000102,0.5,0.8421052631578947,0.69580078125,0.875,0.875,0.868421052631579,shoulder_width,24,31,0,True,True,True,True,True
train/MAYBE/8618010888532455-seedMAYBE.v17.npz,data/local/citizen100_v17/raw/train/MAYBE/8618010888532455-seedMAYBE.mp4,train,MAYBE,landscape,640,480,96,25,0.8632129579999912,0.21875,0.84,0.80224609375,0.6875,0.6875,0.68,shoulder_width,20,21,0,True,True,True,True,True
train/MAYBE/8747461687045561-MAYBE.v17.npz,data/local/citizen100_v17/raw/train/MAYBE/8747461687045561-MAYBE.mp4,train,MAYBE,landscape,640,480,56,36,0.6685369590000079,0.5714285714285714,0.8888888888888888,0.74609375,0.71875,0.2578125,0.05555555555555555,shoulder_width,31,26,0,True,True,True,True,True
train/MAYBE/9412306887603408-MAYBE.v17.npz,data/local/citizen100_v17/raw/train/MAYBE/9412306887603408-MAYBE.mp4,train,MAYBE,landscape,640,480,48,29,0.5004327079999911,0.5,0.8275862068965517,0.74267578125,0.875,0.875,0.8620689655172413,shoulder_width,21,19,0,True,True,True,True,True
train/MAYBE/9675060825507151-MAYBE.v17.npz,data/local/citizen100_v17/raw/train/MAYBE/9675060825507151-MAYBE.mp4,train,MAYBE,landscape,640,480,66,59,0.7609089580000017,0.6060606060606061,0.6779661016949152,0.59130859375,0.84375,0.4609375,0.8305084745762712,shoulder_width,35,38,0,True,True,True,True,True
train/MORE/013724247293201763-MORE.v17.npz,data/local/citizen100_v17/raw/train/MORE/013724247293201763-MORE.mp4,train,MORE,landscape,640,480,43,30,0.4947187080000077,0.627906976744186,0.9,0.76806640625,0.84375,0.2265625,0.3,shoulder_width,21,27,0,True,True,True,True,True
train/MORE/033095312435714064-MORE.v17.npz,data/local/citizen100_v17/raw/train/MORE/033095312435714064-MORE.mp4,train,MORE,landscape,640,480,61,41,0.7141384170000009,0.6065573770491803,0.9024390243902439,0.8037109375,0.8125,0.4140625,0.8048780487804879,shoulder_width,35,33,0,True,True,True,True,True
train/MORE/05959007956304285-MORE.v17.npz,data/local/citizen100_v17/raw/train/MORE/05959007956304285-MORE.mp4,train,MORE,landscape,640,480,54,24,0.5833440420000073,0.37037037037037035,0.8333333333333334,0.7177734375,0.71875,0.6328125,0.7083333333333334,shoulder_width,20,18,0,True,True,True,True,True
train/MORE/19756865098292908-MORE.v17.npz,data/local/citizen100_v17/raw/train/MORE/19756865098292908-MORE.mp4,train,MORE,landscape,640,480,83,53,0.9954839170000014,0.6024096385542169,0.9433962264150944,0.83544921875,0.90625,0.0,0.0,palm_length,43,40,0,True,True,True,True,True
train/MORE/48891811825038345-MORE.v17.npz,data/local/citizen100_v17/raw/train/MORE/48891811825038345-MORE.mp4,train,MORE,landscape,640,480,64,38,0.6618806660000018,0.46875,0.7894736842105263,0.68310546875,0.875,0.46875,0.868421052631579,shoulder_width,28,26,0,True,True,True,True,True
train/MORE/6684303463308252-MORE.v17.npz,data/local/citizen100_v17/raw/train/MORE/6684303463308252-MORE.mp4,train,MORE,landscape,640,480,86,44,0.902063584000004,0.46511627906976744,0.9090909090909091,0.81689453125,0.90625,0.90625,0.9318181818181818,shoulder_width,36,38,0,True,True,True,True,True
train/MORE/7168321371853796-MORE.v17.npz,data/local/citizen100_v17/raw/train/MORE/7168321371853796-MORE.mp4,train,MORE,landscape,640,480,55,32,0.5629244579999977,0.4909090909090909,0.84375,0.6748046875,0.78125,0.015625,0.03125,shoulder_width,19,27,0,True,True,True,True,True
train/MORE/7213248453404937-MORE.v17.npz,data/local/citizen100_v17/raw/train/MORE/7213248453404937-MORE.mp4,train,MORE,landscape,640,480,96,48,1.0404462910000092,0.4583333333333333,0.9166666666666666,0.88330078125,0.84375,0.59375,0.8541666666666666,shoulder_width,43,41,0,True,True,True,True,True
train/MORE/7267227999834953-MORE.v17.npz,data/local/citizen100_v17/raw/train/MORE/7267227999834953-MORE.mp4,train,MORE,landscape,640,480,73,35,0.8010957080000054,0.410958904109589,0.8571428571428571,0.77880859375,0.9375,0.9375,0.9428571428571428,shoulder_width,27,30,0,True,True,True,True,True
train/MORE/7455948118093856-MORE.v17.npz,data/local/citizen100_v17/raw/train/MORE/7455948118093856-MORE.mp4,train,MORE,landscape,640,480,96,36,0.9726552079999919,0.3229166666666667,0.8611111111111112,0.81787109375,0.6875,0.6328125,0.6944444444444444,shoulder_width,29,30,0,True,True,True,True,True
train/MORE/7570971556194199-seedMORE.v17.npz,data/local/citizen100_v17/raw/train/MORE/7570971556194199-seedMORE.mp4,train,MORE,landscape,640,480,96,30,0.8953543750000108,0.2604166666666667,0.8333333333333334,0.79248046875,0.84375,0.84375,0.8333333333333334,shoulder_width,23,25,0,True,True,True,True,True
train/MORE/8116309886717166-MORE.v17.npz,data/local/citizen100_v17/raw/train/MORE/8116309886717166-MORE.mp4,train,MORE,landscape,640,480,43,19,0.4212744579999992,0.3488372093023256,0.7894736842105263,0.72900390625,0.90625,0.90625,0.8947368421052632,shoulder_width,15,13,0,True,True,True,True,True
train/MORE/8385294089384643-MORE.v17.npz,data/local/citizen100_v17/raw/train/MORE/8385294089384643-MORE.mp4,train,MORE,landscape,640,480,81,51,0.9304101670000051,0.5555555555555556,0.8823529411764706,0.86376953125,0.96875,0.96875,0.9607843137254902,shoulder_width,43,45,0,True,True,True,True,True
train/MORE/8398312100057683-MORE.v17.npz,data/local/citizen100_v17/raw/train/MORE/8398312100057683-MORE.mp4,train,MORE,landscape,640,480,79,44,0.9989501249999932,0.5063291139240507,0.9090909090909091,0.8564453125,0.90625,0.0,0.0,palm_length,39,40,0,True,True,True,True,True
train/MORE/9858229995286099-MORE.v17.npz,data/local/citizen100_v17/raw/train/MORE/9858229995286099-MORE.mp4,train,MORE,landscape,640,480,92,41,1.0264889580000016,0.40217391304347827,0.9024390243902439,0.7744140625,1.0,0.8125,1.0,shoulder_width,29,36,0,True,True,True,True,True
train/MORNING/13300534546969667-MORNING.v17.npz,data/local/citizen100_v17/raw/train/MORNING/13300534546969667-MORNING.mp4,train,MORNING,landscape,640,480,57,27,0.6926516249999963,0.40350877192982454,0.8518518518518519,0.73193359375,0.9375,0.9375,0.9259259259259259,shoulder_width,23,18,0,True,True,True,True,True
train/MORNING/18720913292106833-MORNING.v17.npz,data/local/citizen100_v17/raw/train/MORNING/18720913292106833-MORNING.mp4,train,MORNING,landscape,640,480,60,33,0.6668714999999992,0.4666666666666667,0.8484848484848485,0.73974609375,0.75,0.5625,0.7575757575757576,shoulder_width,26,24,0,True,True,True,True,True
train/MORNING/20644643394772144-MORNING.v17.npz,data/local/citizen100_v17/raw/train/MORNING/20644643394772144-MORNING.mp4,train,MORNING,landscape,640,480,96,44,1.0353095409999895,0.40625,0.8863636363636364,0.70849609375,0.9375,0.765625,0.9318181818181818,shoulder_width,39,26,0,True,True,True,True,True
train/MORNING/26793005953024407-MORNING.v17.npz,data/local/citizen100_v17/raw/train/MORNING/26793005953024407-MORNING.mp4,train,MORNING,landscape,640,480,96,45,0.9455906250000083,0.3645833333333333,0.7777777777777778,0.3564453125,0.71875,0.0,0.0,palm_length,7,28,0,True,True,True,True,True
train/MORNING/3069443217473251-MORNING.v17.npz,data/local/citizen100_v17/raw/train/MORNING/3069443217473251-MORNING.mp4,train,MORNING,landscape,640,480,75,61,0.7946427920000048,0.49333333333333335,0.6065573770491803,0.395751953125,0.90625,0.6015625,0.5573770491803278,shoulder_width,25,20,0,True,True,True,True,True
train/MORNING/34639776933279465-MORNING.v17.npz,data/local/citizen100_v17/raw/train/MORNING/34639776933279465-MORNING.mp4,train,MORNING,landscape,640,480,96,55,1.0268053329999987,0.3541666666666667,0.6181818181818182,0.32373046875,0.75,0.7109375,0.7454545454545455,shoulder_width,7,30,0,True,True,True,True,True
train/MORNING/38402181354833864-MORNING.v17.npz,data/local/citizen100_v17/raw/train/MORNING/38402181354833864-MORNING.mp4,train,MORNING,landscape,640,480,53,23,0.5525409579999945,0.33962264150943394,0.782608695652174,0.62890625,0.375,0.28125,0.391304347826087,shoulder_width,18,10,0,True,True,True,True,True
train/MORNING/410755409280005-MORNING.v17.npz,data/local/citizen100_v17/raw/train/MORNING/410755409280005-MORNING.mp4,train,MORNING,landscape,640,480,65,38,0.8369675000000001,0.5230769230769231,0.8947368421052632,0.78515625,0.84375,0.6953125,0.868421052631579,shoulder_width,32,28,0,True,True,True,True,True
train/MORNING/4500546033048234-MORNING.v17.npz,data/local/citizen100_v17/raw/train/MORNING/4500546033048234-MORNING.mp4,train,MORNING,landscape,640,480,48,26,0.6002695829999993,0.4583333333333333,0.8461538461538461,0.76318359375,0.65625,0.0,0.0,palm_length,21,20,0,True,True,True,True,True
train/MORNING/5674449625615106-MORNING.v17.npz,data/local/citizen100_v17/raw/train/MORNING/5674449625615106-MORNING.mp4,train,MORNING,landscape,640,480,89,59,1.1187470419999954,0.5842696629213483,0.8813559322033898,0.80224609375,0.8125,0.8125,0.8305084745762712,shoulder_width,46,52,0,True,True,True,True,True
train/MORNING/6261974594387636-seedMORNING.v17.npz,data/local/citizen100_v17/raw/train/MORNING/6261974594387636-seedMORNING.mp4,train,MORNING,landscape,640,480,96,27,0.9172084169999977,0.22916666666666666,0.8148148148148148,0.69873046875,0.65625,0.65625,0.6296296296296297,shoulder_width,20,17,0,True,True,True,True,True
train/MORNING/7444758043561372-MORNING.v17.npz,data/local/citizen100_v17/raw/train/MORNING/7444758043561372-MORNING.mp4,train,MORNING,landscape,640,480,57,29,0.6494606669999996,0.43859649122807015,0.8620689655172413,0.7001953125,0.875,0.65625,0.8620689655172413,shoulder_width,21,22,0,True,True,True,True,True
train/MORNING/8012725754075023-MORNING.v17.npz,data/local/citizen100_v17/raw/train/MORNING/8012725754075023-MORNING.mp4,train,MORNING,landscape,640,480,64,39,0.7162704160000004,0.53125,0.8717948717948718,0.64306640625,0.84375,0.4296875,0.6410256410256411,shoulder_width,20,33,0,True,True,True,True,True
train/MORNING/8177275884769319-MORNING.v17.npz,data/local/citizen100_v17/raw/train/MORNING/8177275884769319-MORNING.mp4,train,MORNING,landscape,640,480,96,45,0.9794880419999998,0.4270833333333333,0.9111111111111111,0.61181640625,0.90625,0.78125,0.4,shoulder_width,41,22,0,True,True,True,True,True
train/MOTHER/012877022575290109-MOTHER.v17.npz,data/local/citizen100_v17/raw/train/MOTHER/012877022575290109-MOTHER.mp4,train,MOTHER,landscape,640,480,74,36,0.7857966250000032,0.43243243243243246,0.8888888888888888,0.425537109375,0.71875,0.3671875,0.6944444444444444,shoulder_width,0,32,0,True,True,True,True,True
train/MOTHER/10278942340284503-MOTHER.v17.npz,data/local/citizen100_v17/raw/train/MOTHER/10278942340284503-MOTHER.mp4,train,MOTHER,landscape,640,480,53,32,0.5383656249999973,0.5283018867924528,0.875,0.41357421875,0.78125,0.78125,0.78125,shoulder_width,0,28,0,True,True,True,True,True
train/MOTHER/1825200902929398-MOTHER.v17.npz,data/local/citizen100_v17/raw/train/MOTHER/1825200902929398-MOTHER.mp4,train,MOTHER,landscape,640,480,40,18,0.39571258400000886,0.35,0.7777777777777778,0.388427734375,0.5,0.5,0.5,shoulder_width,0,14,0,True,True,True,True,True
train/MOTHER/21362573588805733-MOTHER.v17.npz,data/local/citizen100_v17/raw/train/MOTHER/21362573588805733-MOTHER.mp4,train,MOTHER,landscape,640,480,46,26,0.4539820840000033,0.4782608695652174,0.8461538461538461,0.412109375,0.65625,0.0,0.0,palm_length,0,22,0,True,True,True,True,True
train/MOTHER/3594639642396176-MOTHER.v17.npz,data/local/citizen100_v17/raw/train/MOTHER/3594639642396176-MOTHER.mp4,train,MOTHER,landscape,640,480,76,37,0.8223728340000065,0.4342105263157895,0.8918918918918919,0.424072265625,0.875,0.25,0.02702702702702703,shoulder_width,0,33,0,True,True,True,True,True
train/MOTHER/3624106996012926-MOTHER.v17.npz,data/local/citizen100_v17/raw/train/MOTHER/3624106996012926-MOTHER.mp4,train,MOTHER,landscape,640,480,78,49,0.7656000420000026,0.5512820512820513,0.8775510204081632,0.432373046875,0.8125,0.5390625,0.20408163265306123,shoulder_width,43,0,0,True,True,True,True,True
train/MOTHER/4465911028936387-MOTHER.v17.npz,data/local/citizen100_v17/raw/train/MOTHER/4465911028936387-MOTHER.mp4,train,MOTHER,landscape,640,480,68,45,0.7276221249999963,0.5882352941176471,0.8888888888888888,0.427001953125,0.90625,0.6796875,0.9111111111111111,shoulder_width,40,0,0,True,True,True,True,True
train/MOTHER/5016352016219428-MOTHER.v17.npz,data/local/citizen100_v17/raw/train/MOTHER/5016352016219428-MOTHER.mp4,train,MOTHER,landscape,640,480,53,27,0.5546585419999985,0.4339622641509434,0.8518518518518519,0.425537109375,0.625,0.5546875,0.6296296296296297,shoulder_width,0,23,0,True,True,True,True,True
train/MOTHER/5651079602343521-seedMOTHER.v17.npz,data/local/citizen100_v17/raw/train/MOTHER/5651079602343521-seedMOTHER.mp4,train,MOTHER,landscape,640,480,96,21,0.9368192500000134,0.17708333333333334,0.8095238095238095,0.395751953125,0.4375,0.4375,0.42857142857142855,shoulder_width,0,17,0,True,True,True,True,True
train/MOTHER/594799660772781-MOTHER.v17.npz,data/local/citizen100_v17/raw/train/MOTHER/594799660772781-MOTHER.mp4,train,MOTHER,landscape,640,480,68,43,0.7484167499999899,0.5588235294117647,0.8837209302325582,0.416748046875,0.78125,0.1171875,0.20930232558139536,shoulder_width,0,38,0,True,True,True,True,True
train/MOTHER/6976573288663246-MOTHER.v17.npz,data/local/citizen100_v17/raw/train/MOTHER/6976573288663246-MOTHER.mp4,train,MOTHER,landscape,640,480,73,45,0.8165730839999981,0.5616438356164384,0.9111111111111111,0.43310546875,0.90625,0.015625,0.044444444444444446,shoulder_width,0,41,0,True,True,True,True,True
train/MOTHER/7542254268771809-MOTHER.v17.npz,data/local/citizen100_v17/raw/train/MOTHER/7542254268771809-MOTHER.mp4,train,MOTHER,landscape,640,480,55,31,0.6538097919999757,0.45454545454545453,0.8064516129032258,0.44873046875,0.8125,0.421875,0.5483870967741935,shoulder_width,2,24,0,True,True,True,True,True
train/MOTHER/8849980218955149-MOTHER.v17.npz,data/local/citizen100_v17/raw/train/MOTHER/8849980218955149-MOTHER.mp4,train,MOTHER,landscape,640,480,96,48,0.9367092089999858,0.4479166666666667,0.8958333333333334,0.456787109375,0.84375,0.84375,0.8541666666666666,shoulder_width,0,43,0,True,True,True,True,True
train/MOTHER/9303557889829679-MOTHER.v17.npz,data/local/citizen100_v17/raw/train/MOTHER/9303557889829679-MOTHER.mp4,train,MOTHER,landscape,640,480,49,29,0.6185286669999925,0.5102040816326531,0.8620689655172413,0.42041015625,0.59375,0.0,0.0,palm_length,0,25,0,True,True,True,True,True
train/MY/016094158151485072-MY.v17.npz,data/local/citizen100_v17/raw/train/MY/016094158151485072-MY.mp4,train,MY,landscape,640,480,39,19,0.42971191699999167,0.38461538461538464,0.7894736842105263,0.392822265625,0.46875,0.46875,0.47368421052631576,shoulder_width,0,15,0,True,True,True,True,True
train/MY/019419810771881707-MY.v17.npz,data/local/citizen100_v17/raw/train/MY/019419810771881707-MY.mp4,train,MY,landscape,640,480,61,36,0.6576089579999973,0.5245901639344263,0.8888888888888888,0.431640625,0.71875,0.71875,0.6944444444444444,shoulder_width,0,32,0,True,True,True,True,True
train/MY/15876391998161066-MY.v17.npz,data/local/citizen100_v17/raw/train/MY/15876391998161066-MY.mp4,train,MY,landscape,640,480,59,31,0.7213460410000039,0.4576271186440678,0.8709677419354839,0.4189453125,0.8125,0.0,0.0,palm_length,0,27,0,True,True,True,True,True
train/MY/1967585753703054-MY.v17.npz,data/local/citizen100_v17/raw/train/MY/1967585753703054-MY.mp4,train,MY,landscape,640,480,56,30,0.5860920000000078,0.4642857142857143,0.8666666666666667,0.422607421875,0.59375,0.3828125,0.5666666666666667,shoulder_width,0,26,0,True,True,True,True,True
train/MY/26402390265466935-MY.v17.npz,data/local/citizen100_v17/raw/train/MY/26402390265466935-MY.mp4,train,MY,landscape,640,480,96,33,0.9119867920000218,0.3020833333333333,0.8787878787878788,0.430908203125,0.75,0.3828125,0.5151515151515151,shoulder_width,29,0,0,True,True,True,True,True
train/MY/45496556401826393-MY.v17.npz,data/local/citizen100_v17/raw/train/MY/45496556401826393-MY.mp4,train,MY,landscape,640,480,96,44,0.9435698750000086,0.4166666666666667,0.9090909090909091,0.435302734375,0.90625,0.546875,0.9318181818181818,shoulder_width,0,40,0,True,True,True,True,True
train/MY/4806377586588719-MY.v17.npz,data/local/citizen100_v17/raw/train/MY/4806377586588719-MY.mp4,train,MY,landscape,640,480,50,23,0.5538178330000108,0.36,0.782608695652174,0.381591796875,0.75,0.21875,0.391304347826087,shoulder_width,18,0,0,True,True,True,True,True
train/MY/5095314542128282-seedMY.v17.npz,data/local/citizen100_v17/raw/train/MY/5095314542128282-seedMY.mp4,train,MY,landscape,640,480,96,21,0.8456535410000185,0.17708333333333334,0.8095238095238095,0.405517578125,0.8125,0.8125,0.8095238095238095,shoulder_width,0,17,0,True,True,True,True,True
train/MY/5567962318004358-MY.v17.npz,data/local/citizen100_v17/raw/train/MY/5567962318004358-MY.mp4,train,MY,landscape,640,480,42,21,0.40158429100000603,0.40476190476190477,0.8095238095238095,0.402587890625,0.4375,0.4375,0.42857142857142855,shoulder_width,0,17,0,True,True,True,True,True
train/MY/5701892416175667-MY.v17.npz,data/local/citizen100_v17/raw/train/MY/5701892416175667-MY.mp4,train,MY,landscape,640,480,74,40,0.7577592499999923,0.47297297297297297,0.875,0.416015625,0.8125,0.71875,0.825,shoulder_width,0,35,0,True,True,True,True,True
train/MY/763533172470803-MY.v17.npz,data/local/citizen100_v17/raw/train/MY/763533172470803-MY.mp4,train,MY,landscape,640,480,74,72,0.8901398750000169,0.6216216216216216,0.6388888888888888,0.319091796875,0.90625,0.796875,0.9027777777777778,shoulder_width,12,39,0,True,True,True,True,True
train/MY/9101190053850159-MY.v17.npz,data/local/citizen100_v17/raw/train/MY/9101190053850159-MY.mp4,train,MY,landscape,640,480,62,27,0.6058574999999848,0.3709677419354839,0.8518518518518519,0.430908203125,0.9375,0.328125,0.6296296296296297,shoulder_width,0,23,0,True,True,True,True,True
train/MY/9567263704149651-MY.v17.npz,data/local/citizen100_v17/raw/train/MY/9567263704149651-MY.mp4,train,MY,landscape,640,480,43,32,0.4661617499999977,0.6511627906976745,0.875,0.430908203125,0.78125,0.5859375,0.78125,shoulder_width,28,0,0,True,True,True,True,True
train/NAME/03294491784477094-seedNAME.v17.npz,data/local/citizen100_v17/raw/train/NAME/03294491784477094-seedNAME.mp4,train,NAME,landscape,640,480,96,25,0.9308910830000059,0.21875,0.84,0.7490234375,0.6875,0.6875,0.68,shoulder_width,19,20,0,True,True,True,True,True
train/NAME/07550237967516482-NAME.v17.npz,data/local/citizen100_v17/raw/train/NAME/07550237967516482-NAME.mp4,train,NAME,landscape,640,480,60,40,0.7743919170000026,0.6,0.9,0.7314453125,0.84375,0.84375,0.825,shoulder_width,25,36,0,True,True,True,True,True
train/NAME/20739960328931106-NAME.v17.npz,data/local/citizen100_v17/raw/train/NAME/20739960328931106-NAME.mp4,train,NAME,landscape,640,480,63,41,0.8849881669999888,0.5714285714285714,0.8780487804878049,0.7744140625,0.78125,0.2578125,0.4146341463414634,shoulder_width,31,32,0,True,True,True,True,True
train/NAME/4290157295522645-NAME.v17.npz,data/local/citizen100_v17/raw/train/NAME/4290157295522645-NAME.mp4,train,NAME,landscape,640,480,51,24,0.6058563750000019,0.39215686274509803,0.8333333333333334,0.77587890625,0.6875,0.6875,0.7083333333333334,shoulder_width,20,19,0,True,True,True,True,True
train/NAME/44454593042241-NAME.v17.npz,data/local/citizen100_v17/raw/train/NAME/44454593042241-NAME.mp4,train,NAME,landscape,640,480,58,31,0.7292783340000142,0.46551724137931033,0.8709677419354839,0.80517578125,0.8125,0.421875,0.8064516129032258,shoulder_width,25,27,0,True,True,True,True,True
train/NAME/45143019985078214-NAME.v17.npz,data/local/citizen100_v17/raw/train/NAME/45143019985078214-NAME.mp4,train,NAME,landscape,640,480,58,36,0.7426918749999913,0.5517241379310345,0.8888888888888888,0.80810546875,0.71875,0.2421875,0.25,shoulder_width,30,31,0,True,True,True,True,True
train/NAME/45850991964011034-NAME.v17.npz,data/local/citizen100_v17/raw/train/NAME/45850991964011034-NAME.mp4,train,NAME,landscape,640,480,96,48,1.363638457999997,0.4583333333333333,0.9166666666666666,0.853515625,0.875,0.875,0.8541666666666666,shoulder_width,40,44,0,True,True,True,True,True
train/NAME/5949494391929417-NAME.v17.npz,data/local/citizen100_v17/raw/train/NAME/5949494391929417-NAME.mp4,train,NAME,landscape,640,480,50,27,0.6857887090000077,0.4,0.7407407407407407,0.66796875,0.9375,0.9375,0.9259259259259259,shoulder_width,20,16,0,True,True,True,True,True
train/NAME/68008701658875-NAME.v17.npz,data/local/citizen100_v17/raw/train/NAME/68008701658875-NAME.mp4,train,NAME,landscape,640,480,96,43,1.1021904170000028,0.40625,0.9069767441860465,0.80712890625,0.9375,0.9375,0.9534883720930233,shoulder_width,33,39,0,True,True,True,True,True
train/NAME/7680995774148371-NAME.v17.npz,data/local/citizen100_v17/raw/train/NAME/7680995774148371-NAME.mp4,train,NAME,landscape,640,480,67,42,0.7896740000000193,0.5074626865671642,0.8095238095238095,0.74267578125,0.78125,0.78125,0.7857142857142857,shoulder_width,29,33,0,True,True,True,True,True
train/NAME/7743830371689544-NAME.v17.npz,data/local/citizen100_v17/raw/train/NAME/7743830371689544-NAME.mp4,train,NAME,landscape,640,480,80,47,0.9816176249999842,0.525,0.8936170212765957,0.79541015625,0.875,0.7109375,0.8723404255319149,shoulder_width,37,40,0,True,True,True,True,True
train/NAME/8850902951414901-NAME.v17.npz,data/local/citizen100_v17/raw/train/NAME/8850902951414901-NAME.mp4,train,NAME,landscape,640,480,72,43,0.8380049159999885,0.5138888888888888,0.8604651162790697,0.76953125,0.75,0.75,0.7674418604651163,shoulder_width,31,37,0,True,True,True,True,True
train/NAME/9125300798453833-NAME.v17.npz,data/local/citizen100_v17/raw/train/NAME/9125300798453833-NAME.mp4,train,NAME,landscape,640,480,50,33,0.5972728749999874,0.54,0.8181818181818182,0.6474609375,0.75,0.5078125,0.7575757575757576,shoulder_width,19,27,0,True,True,True,True,True
train/NAME/9851992475740963-NAME.v17.npz,data/local/citizen100_v17/raw/train/NAME/9851992475740963-NAME.mp4,train,NAME,landscape,640,480,91,38,1.0336845829999959,0.3956043956043956,0.9473684210526315,0.7666015625,0.875,0.0,0.0,palm_length,25,36,0,True,True,True,True,True
train/NEED/0505419163931653-NEED.v17.npz,data/local/citizen100_v17/raw/train/NEED/0505419163931653-NEED.mp4,train,NEED,landscape,640,480,54,30,0.5596960000000024,0.48148148148148145,0.8666666666666667,0.421875,0.84375,0.015625,0.03333333333333333,shoulder_width,0,26,0,True,True,True,True,True
train/NEED/23302415519785113-NEED.v17.npz,data/local/citizen100_v17/raw/train/NEED/23302415519785113-NEED.mp4,train,NEED,landscape,640,480,69,33,0.700941083999993,0.4057971014492754,0.8484848484848485,0.411376953125,0.75,0.015625,0.030303030303030304,shoulder_width,0,28,0,True,True,True,True,True
train/NEED/25388069654637513-NEED.v17.npz,data/local/citizen100_v17/raw/train/NEED/25388069654637513-NEED.mp4,train,NEED,landscape,640,480,64,28,0.6488722910000035,0.3125,0.7142857142857143,0.338623046875,0.90625,0.90625,0.8928571428571429,shoulder_width,0,20,0,True,True,True,True,True
train/NEED/28071486967073533-NEED.v17.npz,data/local/citizen100_v17/raw/train/NEED/28071486967073533-NEED.mp4,train,NEED,landscape,640,480,45,21,0.4541467079999961,0.37777777777777777,0.8095238095238095,0.394287109375,0.84375,0.4375,0.047619047619047616,shoulder_width,0,17,0,True,True,True,True,True
train/NEED/2957896307414234-NEED.v17.npz,data/local/citizen100_v17/raw/train/NEED/2957896307414234-NEED.mp4,train,NEED,landscape,640,480,86,47,0.9058144589999984,0.4883720930232558,0.8936170212765957,0.419677734375,0.84375,0.1953125,0.3617021276595745,shoulder_width,42,0,0,True,True,True,True,True
train/NEED/3092044477927096-NEED.v17.npz,data/local/citizen100_v17/raw/train/NEED/3092044477927096-NEED.mp4,train,NEED,landscape,640,480,58,37,0.6785974999999951,0.5689655172413793,0.8918918918918919,0.432373046875,0.6875,0.0625,0.0,palm_length,33,0,0,True,True,True,True,True
train/NEED/5597756711675372-NEED.v17.npz,data/local/citizen100_v17/raw/train/NEED/5597756711675372-NEED.mp4,train,NEED,landscape,640,480,63,29,0.6330727499999966,0.3968253968253968,0.8620689655172413,0.433837890625,0.875,0.4453125,0.8620689655172413,shoulder_width,0,25,0,True,True,True,True,True
train/NEED/5754719885013022-NEED.v17.npz,data/local/citizen100_v17/raw/train/NEED/5754719885013022-NEED.mp4,train,NEED,landscape,640,480,51,18,0.4705027919999907,0.27450980392156865,0.7777777777777778,0.396484375,0.96875,0.8515625,0.9444444444444444,shoulder_width,0,14,0,True,True,True,True,True
train/NEED/6613716577421236-NEED.v17.npz,data/local/citizen100_v17/raw/train/NEED/6613716577421236-NEED.mp4,train,NEED,landscape,640,480,74,35,0.754184916999975,0.3783783783783784,0.8,0.416748046875,0.6875,0.6875,0.7142857142857143,shoulder_width,0,28,0,True,True,True,True,True
train/NEED/7657802804409537-NEED.v17.npz,data/local/citizen100_v17/raw/train/NEED/7657802804409537-NEED.mp4,train,NEED,landscape,640,480,96,43,0.9481819169999994,0.40625,0.9069767441860465,0.42041015625,0.78125,0.546875,0.7674418604651163,shoulder_width,0,39,0,True,True,True,True,True
train/NEED/8172430267718573-seedNEED.v17.npz,data/local/citizen100_v17/raw/train/NEED/8172430267718573-seedNEED.mp4,train,NEED,landscape,640,480,96,45,0.9491858749999835,0.4270833333333333,0.9111111111111111,0.4375,0.90625,0.90625,0.9111111111111111,shoulder_width,0,41,0,True,True,True,True,True
train/NEED/8848744369087989-NEED.v17.npz,data/local/citizen100_v17/raw/train/NEED/8848744369087989-NEED.mp4,train,NEED,landscape,640,480,76,76,1.2224103749999813,0.9736842105263158,0.9736842105263158,0.38916015625,0.9375,0.9375,0.9605263157894737,shoulder_width,71,27,0,True,True,True,True,True
train/NEED/8882151630852417-NEED.v17.npz,data/local/citizen100_v17/raw/train/NEED/8882151630852417-NEED.mp4,train,NEED,landscape,640,480,56,44,0.6657726249999882,0.7142857142857143,0.9090909090909091,0.4345703125,0.75,0.421875,0.5681818181818182,shoulder_width,0,40,0,True,True,True,True,True
train/NEED/951965116580737-NEED.v17.npz,data/local/citizen100_v17/raw/train/NEED/951965116580737-NEED.mp4,train,NEED,landscape,640,480,61,34,0.6559827080000105,0.4918032786885246,0.8823529411764706,0.422607421875,0.96875,0.0234375,0.029411764705882353,shoulder_width,0,30,0,True,True,True,True,True
train/NEED/9701223233159699-NEED.v17.npz,data/local/citizen100_v17/raw/train/NEED/9701223233159699-NEED.mp4,train,NEED,landscape,640,480,49,31,0.5780210419999889,0.5102040816326531,0.8064516129032258,0.39794921875,0.5625,0.421875,0.5483870967741935,shoulder_width,0,25,0,True,True,True,True,True
train/NIGHT/06071790828062662-NIGHT.v17.npz,data/local/citizen100_v17/raw/train/NIGHT/06071790828062662-NIGHT.mp4,train,NIGHT,landscape,640,480,78,77,1.020814999999999,0.7051282051282052,0.7142857142857143,0.365234375,0.9375,0.9375,0.948051948051948,shoulder_width,17,55,0,True,True,True,True,True
train/NIGHT/09421450639596118-NIGHT.v17.npz,data/local/citizen100_v17/raw/train/NIGHT/09421450639596118-NIGHT.mp4,train,NIGHT,landscape,640,480,94,54,1.1518883330000165,0.5319148936170213,0.9259259259259259,0.6162109375,0.75,0.3515625,0.46296296296296297,shoulder_width,25,50,0,True,True,True,True,True
train/NIGHT/09459364825922179-NIGHT.v17.npz,data/local/citizen100_v17/raw/train/NIGHT/09459364825922179-NIGHT.mp4,train,NIGHT,landscape,640,480,84,41,1.0604165410000235,0.44047619047619047,0.9024390243902439,0.76123046875,0.78125,0.78125,0.8048780487804879,shoulder_width,28,38,0,True,True,True,True,True
train/NIGHT/23364729653954308-NIGHT.v17.npz,data/local/citizen100_v17/raw/train/NIGHT/23364729653954308-NIGHT.mp4,train,NIGHT,landscape,640,480,89,50,0.9995240410000008,0.5056179775280899,0.9,0.70751953125,0.8125,0.8125,0.82,shoulder_width,30,45,0,True,True,True,True,True
train/NIGHT/23780488148592638-NIGHT.v17.npz,data/local/citizen100_v17/raw/train/NIGHT/23780488148592638-NIGHT.mp4,train,NIGHT,landscape,640,480,93,60,1.1762591250000014,0.5913978494623656,0.9166666666666666,0.82275390625,0.8125,0.6484375,0.8166666666666667,shoulder_width,49,54,0,True,True,True,True,True
train/NIGHT/3008181888945094-NIGHT.v17.npz,data/local/citizen100_v17/raw/train/NIGHT/3008181888945094-NIGHT.mp4,train,NIGHT,landscape,640,480,51,27,0.5541700839999919,0.45098039215686275,0.8518518518518519,0.76416015625,0.625,0.625,0.6296296296296297,shoulder_width,15,21,0,True,True,True,True,True
train/NIGHT/31514063915992985-NIGHT.v17.npz,data/local/citizen100_v17/raw/train/NIGHT/31514063915992985-NIGHT.mp4,train,NIGHT,landscape,640,480,89,52,1.0972608749999893,0.5393258426966292,0.9230769230769231,0.8525390625,0.9375,0.59375,0.9423076923076923,shoulder_width,46,48,0,True,True,True,True,True
train/NIGHT/36127965984007426-NIGHT.v17.npz,data/local/citizen100_v17/raw/train/NIGHT/36127965984007426-NIGHT.mp4,train,NIGHT,landscape,640,480,54,34,0.7403397499999755,0.5370370370370371,0.8529411764705882,0.703125,0.71875,0.0234375,0.029411764705882353,shoulder_width,19,29,0,True,True,True,True,True
train/NIGHT/394147254494269-NIGHT.v17.npz,data/local/citizen100_v17/raw/train/NIGHT/394147254494269-NIGHT.mp4,train,NIGHT,landscape,640,480,96,65,1.0041042919999938,0.3958333333333333,0.5846153846153846,0.479248046875,0.84375,0.4140625,0.5076923076923077,shoulder_width,18,37,0,True,True,True,True,True
train/NIGHT/40156789147077165-NIGHT.v17.npz,data/local/citizen100_v17/raw/train/NIGHT/40156789147077165-NIGHT.mp4,train,NIGHT,landscape,640,480,39,21,0.4526894999999911,0.4358974358974359,0.8095238095238095,0.7333984375,0.4375,0.4375,0.42857142857142855,shoulder_width,16,16,0,True,True,True,True,True
train/NIGHT/5240684251499979-NIGHT.v17.npz,data/local/citizen100_v17/raw/train/NIGHT/5240684251499979-NIGHT.mp4,train,NIGHT,landscape,640,480,96,44,1.1729742079999994,0.4166666666666667,0.9090909090909091,0.8056640625,0.75,0.703125,0.75,shoulder_width,34,40,0,True,True,True,True,True
train/NIGHT/6280906175309462-NIGHT.v17.npz,data/local/citizen100_v17/raw/train/NIGHT/6280906175309462-NIGHT.mp4,train,NIGHT,landscape,640,480,75,38,0.9064629579999917,0.4533333333333333,0.8947368421052632,0.70166015625,0.875,0.609375,0.868421052631579,shoulder_width,23,34,0,True,True,True,True,True
train/NIGHT/7278705413828479-NIGHT.v17.npz,data/local/citizen100_v17/raw/train/NIGHT/7278705413828479-NIGHT.mp4,train,NIGHT,landscape,640,480,86,48,0.9903521659999797,0.5116279069767442,0.9166666666666666,0.7119140625,0.875,0.46875,0.6875,shoulder_width,28,40,0,True,True,True,True,True
train/NIGHT/8416382602074572-NIGHT.v17.npz,data/local/citizen100_v17/raw/train/NIGHT/8416382602074572-NIGHT.mp4,train,NIGHT,landscape,640,480,48,32,0.590401208000003,0.5833333333333334,0.875,0.71630859375,0.78125,0.265625,0.53125,shoulder_width,19,28,0,True,True,True,True,True
train/NIGHT/864908228939657-NIGHT.v17.npz,data/local/citizen100_v17/raw/train/NIGHT/864908228939657-NIGHT.mp4,train,NIGHT,landscape,640,480,81,47,0.9969482079999921,0.5308641975308642,0.9148936170212766,0.81787109375,0.875,0.875,0.8723404255319149,shoulder_width,39,42,0,True,True,True,True,True
train/NIGHT/9789286217696351-NIGHT.v17.npz,data/local/citizen100_v17/raw/train/NIGHT/9789286217696351-NIGHT.mp4,train,NIGHT,landscape,640,480,58,30,0.6622167090000062,0.4482758620689655,0.8666666666666667,0.70458984375,0.84375,0.359375,0.5666666666666667,shoulder_width,19,26,0,True,True,True,True,True
train/NIGHT/9866531023861207-seedNIGHT.v17.npz,data/local/citizen100_v17/raw/train/NIGHT/9866531023861207-seedNIGHT.mp4,train,NIGHT,landscape,640,480,96,29,0.9374009160000014,0.2604166666666667,0.8620689655172413,0.7373046875,0.875,0.875,0.8620689655172413,shoulder_width,20,25,0,True,True,True,True,True
train/NO/01379619951634381-NO.v17.npz,data/local/citizen100_v17/raw/train/NO/01379619951634381-NO.mp4,train,NO,landscape,640,480,86,39,0.8737110829999892,0.3953488372093023,0.8717948717948718,0.4248046875,0.84375,0.7421875,0.8461538461538461,shoulder_width,0,34,0,True,True,True,True,True
train/NO/09714329486323847-NO.v17.npz,data/local/citizen100_v17/raw/train/NO/09714329486323847-NO.mp4,train,NO,landscape,640,480,40,23,0.46935354199999324,0.45,0.782608695652174,0.375732421875,0.75,0.28125,0.391304347826087,shoulder_width,0,18,0,True,True,True,True,True
train/NO/2140134632834978-NO.v17.npz,data/local/citizen100_v17/raw/train/NO/2140134632834978-NO.mp4,train,NO,landscape,640,480,73,50,0.8410219170000062,0.6301369863013698,0.92,0.4560546875,0.8125,0.0390625,0.0,palm_length,46,1,0,True,True,True,True,True
train/NO/2688720555507844-seedNO.v17.npz,data/local/citizen100_v17/raw/train/NO/2688720555507844-seedNO.mp4,train,NO,landscape,640,480,96,38,0.933762999999999,0.3541666666666667,0.8947368421052632,0.432373046875,0.65625,0.65625,0.6578947368421053,shoulder_width,0,34,0,True,True,True,True,True
train/NO/370678413428154-NO.v17.npz,data/local/citizen100_v17/raw/train/NO/370678413428154-NO.mp4,train,NO,landscape,640,480,53,33,0.5715473330000123,0.5094339622641509,0.8181818181818182,0.421142578125,0.75,0.578125,0.7575757575757576,shoulder_width,0,27,0,True,True,True,True,True
train/NO/3919396171653571-NO.v17.npz,data/local/citizen100_v17/raw/train/NO/3919396171653571-NO.mp4,train,NO,landscape,640,480,46,33,0.49838654200001997,0.5434782608695652,0.7575757575757576,0.36376953125,0.75,0.390625,0.06060606060606061,shoulder_width,1,24,0,True,True,True,True,True
train/NO/5082858473744953-NO.v17.npz,data/local/citizen100_v17/raw/train/NO/5082858473744953-NO.mp4,train,NO,landscape,640,480,95,55,0.947353832999994,0.4,0.6909090909090909,0.319091796875,0.875,0.875,0.8909090909090909,shoulder_width,5,33,0,True,True,True,True,True
train/NO/5309657970849855-NO.v17.npz,data/local/citizen100_v17/raw/train/NO/5309657970849855-NO.mp4,train,NO,landscape,640,480,95,95,1.3585706669999809,1.0,1.0,0.50830078125,0.9375,0.6484375,0.9368421052631579,shoulder_width,90,56,0,True,True,True,True,True
train/NO/5372668319999747-NO.v17.npz,data/local/citizen100_v17/raw/train/NO/5372668319999747-NO.mp4,train,NO,landscape,640,480,55,32,0.5744602919999977,0.509090909090909,0.875,0.430908203125,0.78125,0.0234375,0.03125,shoulder_width,28,0,0,True,True,True,True,True
train/NO/6137110171725737-NO.v17.npz,data/local/citizen100_v17/raw/train/NO/6137110171725737-NO.mp4,train,NO,landscape,640,480,72,37,0.7114817920000007,0.4583333333333333,0.8918918918918919,0.421875,0.6875,0.515625,0.6756756756756757,shoulder_width,0,33,0,True,True,True,True,True
train/NO/6901051427765104-NO.v17.npz,data/local/citizen100_v17/raw/train/NO/6901051427765104-NO.mp4,train,NO,landscape,640,480,46,16,0.460834540999997,0.2608695652173913,0.75,0.3720703125,0.5625,0.4375,0.5625,shoulder_width,0,12,0,True,True,True,True,True
train/NO/7932042062420475-NO.v17.npz,data/local/citizen100_v17/raw/train/NO/7932042062420475-NO.mp4,train,NO,landscape,640,480,96,38,1.0706002080000019,0.34375,0.868421052631579,0.42919921875,0.84375,0.546875,0.6578947368421053,shoulder_width,0,33,0,True,True,True,True,True
train/NO/7973429116215278-NO.v17.npz,data/local/citizen100_v17/raw/train/NO/7973429116215278-NO.mp4,train,NO,landscape,640,480,88,36,0.9051735829999927,0.36363636363636365,0.8888888888888888,0.42919921875,0.90625,0.015625,0.027777777777777776,shoulder_width,0,32,0,True,True,True,True,True
train/NO/9616432008129339-NO.v17.npz,data/local/citizen100_v17/raw/train/NO/9616432008129339-NO.mp4,train,NO,landscape,640,480,75,40,0.7892343749999782,0.41333333333333333,0.775,0.38330078125,0.84375,0.84375,0.825,shoulder_width,0,31,0,True,True,True,True,True
train/NO/9644130188424822-NO.v17.npz,data/local/citizen100_v17/raw/train/NO/9644130188424822-NO.mp4,train,NO,landscape,640,480,60,33,0.6209974170000123,0.48333333333333334,0.8787878787878788,0.412109375,0.75,0.5625,0.7575757575757576,shoulder_width,0,29,0,True,True,True,True,True
train/NO/9979731168048327-NO.v17.npz,data/local/citizen100_v17/raw/train/NO/9979731168048327-NO.mp4,train,NO,landscape,640,480,58,26,0.6347449159999883,0.3620689655172414,0.8076923076923077,0.4033203125,0.65625,0.65625,0.6538461538461539,shoulder_width,0,21,0,True,True,True,True,True
train/NOW/26472856106608966-NOW.v17.npz,data/local/citizen100_v17/raw/train/NOW/26472856106608966-NOW.mp4,train,NOW,landscape,640,480,47,27,0.6323364999999797,0.425531914893617,0.7407407407407407,0.765625,0.9375,0.703125,0.9259259259259259,shoulder_width,19,19,0,True,True,True,True,True
train/NOW/404670456586959-NOW.v17.npz,data/local/citizen100_v17/raw/train/NOW/404670456586959-NOW.mp4,train,NOW,landscape,640,480,53,29,0.6599599589999912,0.4716981132075472,0.8620689655172413,0.82666015625,0.875,0.453125,0.8620689655172413,shoulder_width,23,25,0,True,True,True,True,True
train/NOW/4614534315577101-NOW.v17.npz,data/local/citizen100_v17/raw/train/NOW/4614534315577101-NOW.mp4,train,NOW,landscape,640,480,96,53,1.2365075419999982,0.5104166666666666,0.9245283018867925,0.775390625,0.90625,0.90625,0.9245283018867925,shoulder_width,48,39,0,True,True,True,True,True
train/NOW/4720430361532839-NOW.v17.npz,data/local/citizen100_v17/raw/train/NOW/4720430361532839-NOW.mp4,train,NOW,landscape,640,480,68,26,0.7275588330000176,0.3235294117647059,0.8461538461538461,0.7626953125,0.96875,0.890625,0.9615384615384616,shoulder_width,22,19,0,True,True,True,True,True
train/NOW/5295273734383446-NOW.v17.npz,data/local/citizen100_v17/raw/train/NOW/5295273734383446-NOW.mp4,train,NOW,landscape,640,480,96,41,1.0391587910000055,0.3854166666666667,0.9024390243902439,0.8583984375,0.8125,0.7578125,0.8048780487804879,shoulder_width,37,36,0,True,True,True,True,True
train/NOW/6447196084149984-NOW.v17.npz,data/local/citizen100_v17/raw/train/NOW/6447196084149984-NOW.mp4,train,NOW,landscape,640,480,57,36,0.7265910409999776,0.5789473684210527,0.9166666666666666,0.78515625,0.90625,0.6328125,0.9166666666666666,shoulder_width,30,30,0,True,True,True,True,True
train/NOW/674030928817341-NOW.v17.npz,data/local/citizen100_v17/raw/train/NOW/674030928817341-NOW.mp4,train,NOW,landscape,640,480,52,23,0.6696249999999964,0.36538461538461536,0.8260869565217391,0.74462890625,0.75,0.6640625,0.7391304347826086,shoulder_width,18,17,0,True,True,True,True,True
train/NOW/720220390455963-seedNOW.v17.npz,data/local/citizen100_v17/raw/train/NOW/720220390455963-seedNOW.mp4,train,NOW,landscape,640,480,96,38,1.0455654999999808,0.3541666666666667,0.8947368421052632,0.83935546875,0.65625,0.546875,0.6578947368421053,shoulder_width,34,32,0,True,True,True,True,True
train/NOW/7347421058535237-NOW.v17.npz,data/local/citizen100_v17/raw/train/NOW/7347421058535237-NOW.mp4,train,NOW,landscape,640,480,68,31,0.820006707999994,0.36764705882352944,0.8064516129032258,0.77099609375,0.8125,0.4296875,0.8064516129032258,shoulder_width,23,24,0,True,True,True,True,True
train/NOW/7793308929136242-NOW.v17.npz,data/local/citizen100_v17/raw/train/NOW/7793308929136242-NOW.mp4,train,NOW,landscape,640,480,45,34,0.625201833999995,0.6222222222222222,0.8235294117647058,0.69873046875,0.71875,0.484375,0.7352941176470589,shoulder_width,21,27,0,True,True,True,True,True
train/NOW/8445754712023406-NOW.v17.npz,data/local/citizen100_v17/raw/train/NOW/8445754712023406-NOW.mp4,train,NOW,landscape,640,480,87,39,0.9730878749999761,0.40229885057471265,0.8974358974358975,0.759765625,0.84375,0.0,0.0,palm_length,34,29,0,True,True,True,True,True
train/NOW/8822549298208633-NOW.v17.npz,data/local/citizen100_v17/raw/train/NOW/8822549298208633-NOW.mp4,train,NOW,landscape,640,480,67,31,0.8841449169999862,0.40298507462686567,0.8709677419354839,0.802734375,0.8125,0.8125,0.8064516129032258,shoulder_width,24,26,0,True,True,True,True,True
train/NOW/9046369726997978-NOW.v17.npz,data/local/citizen100_v17/raw/train/NOW/9046369726997978-NOW.mp4,train,NOW,landscape,640,480,67,49,0.8762933339999961,0.582089552238806,0.7959183673469388,0.75439453125,0.84375,0.21875,0.3469387755102041,shoulder_width,35,39,0,True,True,True,True,True
train/NOW/945060415448846-NOW.v17.npz,data/local/citizen100_v17/raw/train/NOW/945060415448846-NOW.mp4,train,NOW,landscape,640,480,92,52,1.1029864999999859,0.5217391304347826,0.9230769230769231,0.8427734375,0.9375,0.09375,0.038461538461538464,shoulder_width,48,43,0,True,True,True,True,True
train/NOW/9903010368188014-NOW.v17.npz,data/local/citizen100_v17/raw/train/NOW/9903010368188014-NOW.mp4,train,NOW,landscape,640,480,79,44,0.9454292499999895,0.5063291139240507,0.9090909090909091,0.78662109375,0.9375,0.3984375,0.75,shoulder_width,33,40,0,True,True,True,True,True
train/OUR/1140810919385793-OUR.v17.npz,data/local/citizen100_v17/raw/train/OUR/1140810919385793-OUR.mp4,train,OUR,landscape,640,480,50,32,0.6419315830000016,0.56,0.875,0.433837890625,0.78125,0.0390625,0.03125,shoulder_width,0,28,0,True,True,True,True,True
train/OUR/1250874653735894-seedOUR.v17.npz,data/local/citizen100_v17/raw/train/OUR/1250874653735894-seedOUR.mp4,train,OUR,landscape,640,480,96,28,0.9585445419999985,0.25,0.8571428571428571,0.43310546875,0.59375,0.5234375,0.6071428571428571,shoulder_width,0,24,0,True,True,True,True,True
train/OUR/17676404632160048-OUR.v17.npz,data/local/citizen100_v17/raw/train/OUR/17676404632160048-OUR.mp4,train,OUR,landscape,640,480,83,44,0.9127575420000085,0.4819277108433735,0.9090909090909091,0.433837890625,0.90625,0.2890625,0.5681818181818182,shoulder_width,39,1,0,True,True,True,True,True
train/OUR/3921416525659833-OUR.v17.npz,data/local/citizen100_v17/raw/train/OUR/3921416525659833-OUR.mp4,train,OUR,landscape,640,480,91,57,1.0817689159999873,0.5824175824175825,0.9298245614035088,0.453857421875,0.84375,0.71875,0.8596491228070176,shoulder_width,0,53,0,True,True,True,True,True
train/OUR/3930752895836436-OUR.v17.npz,data/local/citizen100_v17/raw/train/OUR/3930752895836436-OUR.mp4,train,OUR,landscape,640,480,71,35,0.6978574999999978,0.43661971830985913,0.8857142857142857,0.433837890625,0.6875,0.6875,0.7142857142857143,shoulder_width,0,31,0,True,True,True,True,True
train/OUR/40789532802368833-OUR.v17.npz,data/local/citizen100_v17/raw/train/OUR/40789532802368833-OUR.mp4,train,OUR,landscape,640,480,59,36,0.8391079170000069,0.5254237288135594,0.8611111111111112,0.419677734375,0.71875,0.5390625,0.6944444444444444,shoulder_width,0,31,0,True,True,True,True,True
train/OUR/4622631870868583-OUR.v17.npz,data/local/citizen100_v17/raw/train/OUR/4622631870868583-OUR.mp4,train,OUR,landscape,640,480,50,27,0.5849490409999873,0.46,0.8518518518518519,0.42041015625,0.625,0.625,0.6296296296296297,shoulder_width,0,23,0,True,True,True,True,True
train/OUR/5019998183770455-OUR.v17.npz,data/local/citizen100_v17/raw/train/OUR/5019998183770455-OUR.mp4,train,OUR,landscape,640,480,68,52,0.8536823329999947,0.5735294117647058,0.75,0.4091796875,0.78125,0.7109375,0.7884615384615384,shoulder_width,8,34,0,True,True,True,True,True
train/OUR/642747642076875-OUR.v17.npz,data/local/citizen100_v17/raw/train/OUR/642747642076875-OUR.mp4,train,OUR,landscape,640,480,55,32,0.6334622079999974,0.509090909090909,0.875,0.412841796875,0.78125,0.46875,0.78125,shoulder_width,0,28,0,True,True,True,True,True
train/OUR/7163309260574133-OUR.v17.npz,data/local/citizen100_v17/raw/train/OUR/7163309260574133-OUR.mp4,train,OUR,landscape,640,480,50,35,0.6152694999999824,0.54,0.7714285714285715,0.3876953125,0.9375,0.9375,0.9428571428571428,shoulder_width,26,1,0,True,True,True,True,True
train/OUR/799628866128629-OUR.v17.npz,data/local/citizen100_v17/raw/train/OUR/799628866128629-OUR.mp4,train,OUR,landscape,640,480,52,25,0.567586375000019,0.40384615384615385,0.84,0.4375,0.6875,0.4453125,0.68,shoulder_width,0,21,0,True,True,True,True,True
train/OUR/8037009281954064-OUR.v17.npz,data/local/citizen100_v17/raw/train/OUR/8037009281954064-OUR.mp4,train,OUR,landscape,640,480,83,40,0.92371108399999,0.43373493975903615,0.9,0.42626953125,0.8125,0.015625,0.025,shoulder_width,0,36,0,True,True,True,True,True
train/OUR/8190388557778636-OUR.v17.npz,data/local/citizen100_v17/raw/train/OUR/8190388557778636-OUR.mp4,train,OUR,landscape,640,480,96,39,1.0647177909999925,0.3541666666666667,0.8717948717948718,0.421142578125,0.84375,0.84375,0.8461538461538461,shoulder_width,0,34,0,True,True,True,True,True
train/OUR/8722565902421502-OUR.v17.npz,data/local/citizen100_v17/raw/train/OUR/8722565902421502-OUR.mp4,train,OUR,landscape,640,480,73,49,0.9447244999999782,0.6027397260273972,0.8979591836734694,0.4404296875,0.84375,0.84375,0.8367346938775511,shoulder_width,44,0,0,True,True,True,True,True
train/OUR/8773281544903357-OUR.v17.npz,data/local/citizen100_v17/raw/train/OUR/8773281544903357-OUR.mp4,train,OUR,landscape,640,480,75,40,0.8961863339999923,0.48,0.9,0.4345703125,0.84375,0.3125,0.625,shoulder_width,0,36,0,True,True,True,True,True
train/PLEASE/04515307711600891-PLEASE.v17.npz,data/local/citizen100_v17/raw/train/PLEASE/04515307711600891-PLEASE.mp4,train,PLEASE,landscape,640,480,60,34,0.9400932089999969,0.5,0.8823529411764706,0.43017578125,0.71875,0.546875,0.7352941176470589,shoulder_width,0,30,0,True,True,True,True,True
train/PLEASE/18053723532999788-PLEASE.v17.npz,data/local/citizen100_v17/raw/train/PLEASE/18053723532999788-PLEASE.mp4,train,PLEASE,landscape,640,480,96,53,1.3784231250000119,0.5104166666666666,0.9245283018867925,0.46875,0.90625,0.90625,0.9245283018867925,shoulder_width,0,49,0,True,True,True,True,True
train/PLEASE/31545854783740124-PLEASE.v17.npz,data/local/citizen100_v17/raw/train/PLEASE/31545854783740124-PLEASE.mp4,train,PLEASE,landscape,640,480,75,44,1.1147072079999987,0.5333333333333333,0.9090909090909091,0.431640625,0.9375,0.28125,0.38636363636363635,shoulder_width,0,40,0,True,True,True,True,True
train/PLEASE/43778843855311433-PLEASE.v17.npz,data/local/citizen100_v17/raw/train/PLEASE/43778843855311433-PLEASE.mp4,train,PLEASE,landscape,640,480,96,22,1.2352781250000078,0.1875,0.8181818181818182,0.392822265625,0.78125,0.78125,0.7727272727272727,shoulder_width,0,18,0,True,True,True,True,True
train/PLEASE/44272136216354463-PLEASE.v17.npz,data/local/citizen100_v17/raw/train/PLEASE/44272136216354463-PLEASE.mp4,train,PLEASE,landscape,640,480,96,43,1.394986541999998,0.40625,0.9069767441860465,0.43603515625,0.9375,0.9375,0.9534883720930233,shoulder_width,0,39,0,True,True,True,True,True
train/PLEASE/47017724784893633-seedPLEASE.v17.npz,data/local/citizen100_v17/raw/train/PLEASE/47017724784893633-seedPLEASE.mp4,train,PLEASE,landscape,640,480,96,26,1.557980791999995,0.22916666666666666,0.8461538461538461,0.4375,0.65625,0.65625,0.6538461538461539,shoulder_width,0,22,0,True,True,True,True,True
train/PLEASE/4782730717831809-PLEASE.v17.npz,data/local/citizen100_v17/raw/train/PLEASE/4782730717831809-PLEASE.mp4,train,PLEASE,landscape,640,480,87,50,1.3976397499999962,0.5287356321839081,0.92,0.449462890625,0.8125,0.8125,0.82,shoulder_width,46,0,0,True,True,True,True,True
train/PLEASE/5305284657006966-PLEASE.v17.npz,data/local/citizen100_v17/raw/train/PLEASE/5305284657006966-PLEASE.mp4,train,PLEASE,landscape,640,480,67,56,1.189258792000004,0.5074626865671642,0.6071428571428571,0.287841796875,0.875,0.5625,0.875,shoulder_width,2,32,0,True,True,True,True,True
train/PLEASE/5956139983741693-PLEASE.v17.npz,data/local/citizen100_v17/raw/train/PLEASE/5956139983741693-PLEASE.mp4,train,PLEASE,landscape,640,480,72,43,1.1505620000000079,0.5277777777777778,0.8837209302325582,0.428466796875,0.9375,0.9375,0.9534883720930233,shoulder_width,0,38,0,True,True,True,True,True
train/PLEASE/6400788027798874-PLEASE.v17.npz,data/local/citizen100_v17/raw/train/PLEASE/6400788027798874-PLEASE.mp4,train,PLEASE,landscape,640,480,82,43,1.574397542000014,0.47560975609756095,0.9069767441860465,0.4375,0.78125,0.78125,0.7674418604651163,shoulder_width,0,39,0,True,True,True,True,True
train/PLEASE/8801721942460268-PLEASE.v17.npz,data/local/citizen100_v17/raw/train/PLEASE/8801721942460268-PLEASE.mp4,train,PLEASE,landscape,640,480,96,47,1.580479749999995,0.4479166666666667,0.9148936170212766,0.4375,0.6875,0.6875,0.7021276595744681,shoulder_width,0,43,0,True,True,True,True,True
train/PLEASE/9117047483562963-PLEASE.v17.npz,data/local/citizen100_v17/raw/train/PLEASE/9117047483562963-PLEASE.mp4,train,PLEASE,landscape,640,480,77,46,1.3356990000000053,0.5454545454545454,0.9130434782608695,0.441162109375,0.875,0.359375,0.5434782608695652,shoulder_width,2,41,0,True,True,True,True,True
train/PLEASE/95072139344285-PLEASE.v17.npz,data/local/citizen100_v17/raw/train/PLEASE/95072139344285-PLEASE.mp4,train,PLEASE,landscape,640,480,68,45,1.257191917,0.6029411764705882,0.9111111111111111,0.439697265625,0.71875,0.5390625,0.7333333333333333,shoulder_width,41,1,0,True,True,True,True,True
train/PLEASE/9960146118001314-PLEASE.v17.npz,data/local/citizen100_v17/raw/train/PLEASE/9960146118001314-PLEASE.mp4,train,PLEASE,landscape,640,480,56,40,1.094180750000021,0.6607142857142857,0.925,0.441162109375,0.8125,0.671875,0.825,shoulder_width,0,37,0,True,True,True,True,True
train/READ/05214904253811725-READ.v17.npz,data/local/citizen100_v17/raw/train/READ/05214904253811725-READ.mp4,train,READ,landscape,640,480,96,51,2.052745750000014,0.4895833333333333,0.9215686274509803,0.88671875,0.9375,0.9375,0.9607843137254902,shoulder_width,44,47,0,True,True,True,True,True
train/READ/07495102384627716-READ.v17.npz,data/local/citizen100_v17/raw/train/READ/07495102384627716-READ.mp4,train,READ,landscape,640,480,96,54,2.357834083,0.5104166666666666,0.9074074074074074,0.8583984375,0.90625,0.453125,0.9074074074074074,shoulder_width,46,49,0,True,True,True,True,True
train/READ/07700895767889127-READ.v17.npz,data/local/citizen100_v17/raw/train/READ/07700895767889127-READ.mp4,train,READ,landscape,640,480,77,37,1.6495632080000178,0.42857142857142855,0.8918918918918919,0.82958984375,0.875,0.3671875,0.6756756756756757,shoulder_width,33,32,0,True,True,True,True,True
train/READ/25413373086933655-READ.v17.npz,data/local/citizen100_v17/raw/train/READ/25413373086933655-READ.mp4,train,READ,landscape,640,480,85,85,2.088846541999999,0.7764705882352941,0.7764705882352941,0.488037109375,0.9375,0.9375,0.9529411764705882,shoulder_width,32,64,0,True,True,True,True,True
train/READ/4103900407521166-READ.v17.npz,data/local/citizen100_v17/raw/train/READ/4103900407521166-READ.mp4,train,READ,landscape,640,480,96,45,2.1644632079999724,0.4270833333333333,0.9111111111111111,0.8583984375,0.71875,0.546875,0.7333333333333333,shoulder_width,41,39,0,True,True,True,True,True
train/READ/4124339150496943-READ.v17.npz,data/local/citizen100_v17/raw/train/READ/4124339150496943-READ.mp4,train,READ,landscape,640,480,48,26,0.9855323749999911,0.4583333333333333,0.8461538461538461,0.7822265625,0.65625,0.578125,0.6538461538461539,shoulder_width,22,16,0,True,True,True,True,True
train/READ/486521679239563-READ.v17.npz,data/local/citizen100_v17/raw/train/READ/486521679239563-READ.mp4,train,READ,landscape,640,480,63,37,1.5807860419999997,0.5238095238095238,0.8918918918918919,0.81396484375,0.6875,0.4140625,0.6756756756756757,shoulder_width,33,31,0,True,True,True,True,True
train/READ/49657630896098426-READ.v17.npz,data/local/citizen100_v17/raw/train/READ/49657630896098426-READ.mp4,train,READ,landscape,640,480,46,24,1.0961502920000044,0.43478260869565216,0.8333333333333334,0.7119140625,0.71875,0.46875,0.7083333333333334,shoulder_width,20,16,0,True,True,True,True,True
train/READ/5471170729843933-READ.v17.npz,data/local/citizen100_v17/raw/train/READ/5471170729843933-READ.mp4,train,READ,landscape,640,480,69,48,1.8214101249999999,0.6376811594202898,0.9166666666666666,0.82568359375,0.84375,0.3046875,0.375,shoulder_width,44,36,0,True,True,True,True,True
train/READ/6013462323405956-READ.v17.npz,data/local/citizen100_v17/raw/train/READ/6013462323405956-READ.mp4,train,READ,landscape,640,480,90,48,2.257707875000051,0.4777777777777778,0.8958333333333334,0.7021484375,0.84375,0.171875,0.3541666666666667,shoulder_width,33,42,0,True,True,True,True,True
train/READ/8063690131862289-seedREAD.v17.npz,data/local/citizen100_v17/raw/train/READ/8063690131862289-seedREAD.mp4,train,READ,landscape,640,480,96,34,1.9815314169999851,0.3125,0.8823529411764706,0.80517578125,0.96875,0.96875,0.9705882352941176,shoulder_width,29,28,0,True,True,True,True,True
train/READ/825397870603666-READ.v17.npz,data/local/citizen100_v17/raw/train/READ/825397870603666-READ.mp4,train,READ,landscape,640,480,72,44,1.9723391670000296,0.5555555555555556,0.9090909090909091,0.83984375,0.75,0.0,0.0,palm_length,39,37,0,True,True,True,True,True
train/READ/9480580549313959-READ.v17.npz,data/local/citizen100_v17/raw/train/READ/9480580549313959-READ.mp4,train,READ,landscape,640,480,66,42,1.5763439169999742,0.5757575757575758,0.9047619047619048,0.80078125,0.78125,0.5,0.5952380952380952,shoulder_width,37,30,0,True,True,True,True,True
train/READ/9962526929135627-READ.v17.npz,data/local/citizen100_v17/raw/train/READ/9962526929135627-READ.mp4,train,READ,landscape,640,480,50,33,1.2858907910000426,0.58,0.8787878787878788,0.77392578125,0.75,0.046875,0.06060606060606061,shoulder_width,28,25,0,True,True,True,True,True
train/READY/006797297377982181-READY.v17.npz,data/local/citizen100_v17/raw/train/READY/006797297377982181-READY.mp4,train,READY,landscape,640,480,77,40,1.9100972499999784,0.4675324675324675,0.9,0.82568359375,0.8125,0.03125,0.025,shoulder_width,33,36,0,True,True,True,True,True
train/READY/1218437158397816-READY.v17.npz,data/local/citizen100_v17/raw/train/READY/1218437158397816-READY.mp4,train,READY,landscape,640,480,67,46,2.0311894169999505,0.6268656716417911,0.9130434782608695,0.72607421875,0.875,0.0234375,0.021739130434782608,shoulder_width,42,31,0,True,True,True,True,True
train/READY/22184082671771677-READY.v17.npz,data/local/citizen100_v17/raw/train/READY/22184082671771677-READY.mp4,train,READY,landscape,640,480,44,23,1.1816148750000366,0.4318181818181818,0.8260869565217391,0.6650390625,0.75,0.75,0.7391304347826086,shoulder_width,18,14,0,True,True,True,True,True
train/READY/2576035692307135-READY.v17.npz,data/local/citizen100_v17/raw/train/READY/2576035692307135-READY.mp4,train,READY,landscape,640,480,76,22,1.5669304580000016,0.23684210526315788,0.8181818181818182,0.63818359375,0.40625,0.0,0.0,palm_length,13,18,0,True,True,True,True,True
train/READY/31309364382409033-READY.v17.npz,data/local/citizen100_v17/raw/train/READY/31309364382409033-READY.mp4,train,READY,landscape,640,480,60,32,1.412803624999981,0.4666666666666667,0.875,0.72412109375,0.78125,0.0625,0.0625,shoulder_width,20,28,0,True,True,True,True,True
train/READY/32425004743799657-READY.v17.npz,data/local/citizen100_v17/raw/train/READY/32425004743799657-READY.mp4,train,READY,landscape,640,480,82,34,1.8111199159999956,0.36585365853658536,0.8823529411764706,0.8427734375,0.71875,0.1328125,0.2647058823529412,shoulder_width,27,29,0,True,True,True,True,True
train/READY/4483601328778779-READY.v17.npz,data/local/citizen100_v17/raw/train/READY/4483601328778779-READY.mp4,train,READY,landscape,640,480,66,39,1.6421221669999682,0.5303030303030303,0.8974358974358975,0.7568359375,0.84375,0.1875,0.02564102564102564,shoulder_width,32,31,0,True,True,True,True,True
train/READY/5024114977669767-READY.v17.npz,data/local/citizen100_v17/raw/train/READY/5024114977669767-READY.mp4,train,READY,landscape,640,480,58,35,2.6161865409999905,0.5344827586206896,0.8857142857142857,0.78125,0.71875,0.71875,0.7142857142857143,shoulder_width,27,31,0,True,True,True,True,True
train/READY/5071771946794466-seedREADY.v17.npz,data/local/citizen100_v17/raw/train/READY/5071771946794466-seedREADY.mp4,train,READY,landscape,640,480,96,38,2.386868542000002,0.3541666666666667,0.8947368421052632,0.833984375,0.875,0.671875,0.868421052631579,shoulder_width,32,34,0,True,True,True,True,True
train/READY/6646735600797595-READY.v17.npz,data/local/citizen100_v17/raw/train/READY/6646735600797595-READY.mp4,train,READY,landscape,640,480,60,36,1.4761068750000277,0.5333333333333333,0.8888888888888888,0.7822265625,0.71875,0.1328125,0.25,shoulder_width,30,28,0,True,True,True,True,True
train/READY/6761847106685626-READY.v17.npz,data/local/citizen100_v17/raw/train/READY/6761847106685626-READY.mp4,train,READY,landscape,640,480,96,34,2.1371959169999855,0.3020833333333333,0.8529411764705882,0.7900390625,0.96875,0.28125,0.29411764705882354,shoulder_width,29,27,0,True,True,True,True,True
train/READY/8026033272716828-READY.v17.npz,data/local/citizen100_v17/raw/train/READY/8026033272716828-READY.mp4,train,READY,landscape,640,480,56,28,1.397135416000026,0.375,0.75,0.66064453125,0.90625,0.703125,0.8928571428571429,shoulder_width,20,17,0,True,True,True,True,True
train/READY/825356537839588-READY.v17.npz,data/local/citizen100_v17/raw/train/READY/825356537839588-READY.mp4,train,READY,landscape,640,480,47,29,1.140953374999981,0.5319148936170213,0.8620689655172413,0.7060546875,0.5625,0.015625,0.034482758620689655,shoulder_width,17,25,0,True,True,True,True,True
train/READY/9778472524530533-READY.v17.npz,data/local/citizen100_v17/raw/train/READY/9778472524530533-READY.mp4,train,READY,landscape,640,480,40,22,1.317627458000004,0.45,0.8181818181818182,0.74853515625,0.78125,0.78125,0.7727272727272727,shoulder_width,18,15,0,True,True,True,True,True
train/SAD/0100581049977424-SAD.v17.npz,data/local/citizen100_v17/raw/train/SAD/0100581049977424-SAD.mp4,train,SAD,landscape,640,480,44,30,1.2074006670000017,0.5909090909090909,0.8666666666666667,0.77001953125,0.84375,0.25,0.06666666666666667,shoulder_width,22,26,0,True,True,True,True,True
train/SAD/07426159684377254-SAD.v17.npz,data/local/citizen100_v17/raw/train/SAD/07426159684377254-SAD.mp4,train,SAD,landscape,640,480,96,55,2.366754374999971,0.53125,0.9272727272727272,0.8740234375,0.875,0.671875,0.4727272727272727,shoulder_width,47,51,0,True,True,True,True,True
train/SAD/19468908305966748-seedSAD.v17.npz,data/local/citizen100_v17/raw/train/SAD/19468908305966748-seedSAD.mp4,train,SAD,landscape,640,480,96,29,2.102009291999991,0.2604166666666667,0.8620689655172413,0.84228515625,0.875,0.875,0.8620689655172413,shoulder_width,24,25,0,True,True,True,True,True
train/SAD/2734240294538983-SAD.v17.npz,data/local/citizen100_v17/raw/train/SAD/2734240294538983-SAD.mp4,train,SAD,landscape,640,480,56,30,1.3540228749999983,0.4642857142857143,0.8666666666666667,0.79150390625,0.84375,0.0546875,0.06666666666666667,shoulder_width,22,26,0,True,True,True,True,True
train/SAD/3097381663406975-SAD.v17.npz,data/local/citizen100_v17/raw/train/SAD/3097381663406975-SAD.mp4,train,SAD,landscape,640,480,73,42,1.8268079580000176,0.5205479452054794,0.9047619047619048,0.78369140625,0.96875,0.78125,0.9761904761904762,shoulder_width,31,38,0,True,True,True,True,True
train/SAD/33126820955882796-SAD.v17.npz,data/local/citizen100_v17/raw/train/SAD/33126820955882796-SAD.mp4,train,SAD,landscape,640,480,55,37,1.6848849579999978,0.5818181818181818,0.8648648648648649,0.7646484375,0.6875,0.0,0.0,palm_length,29,30,0,True,True,True,True,True
train/SAD/3604372155194455-SAD.v17.npz,data/local/citizen100_v17/raw/train/SAD/3604372155194455-SAD.mp4,train,SAD,landscape,640,480,96,50,2.188359332999994,0.46875,0.9,0.853515625,0.96875,0.859375,0.98,shoulder_width,45,41,0,True,True,True,True,True
train/SAD/3808492263674854-SAD.v17.npz,data/local/citizen100_v17/raw/train/SAD/3808492263674854-SAD.mp4,train,SAD,landscape,640,480,95,50,2.171649000000002,0.4842105263157895,0.92,0.86328125,0.8125,0.8125,0.82,shoulder_width,41,46,0,True,True,True,True,True
train/SAD/43734074730672057-SAD.v17.npz,data/local/citizen100_v17/raw/train/SAD/43734074730672057-SAD.mp4,train,SAD,landscape,640,480,96,20,2.030588790999957,0.16666666666666666,0.8,0.7783203125,0.46875,0.0,0.0,palm_length,16,15,0,True,True,True,True,True
train/SAD/496259098773171-SAD.v17.npz,data/local/citizen100_v17/raw/train/SAD/496259098773171-SAD.mp4,train,SAD,landscape,640,480,63,33,1.5537939999999821,0.4444444444444444,0.8484848484848485,0.78662109375,0.75,0.75,0.7575757575757576,shoulder_width,25,27,0,True,True,True,True,True
train/SAD/5986607687971939-SAD.v17.npz,data/local/citizen100_v17/raw/train/SAD/5986607687971939-SAD.mp4,train,SAD,landscape,640,480,96,39,1.9934461249999913,0.3645833333333333,0.8974358974358975,0.818359375,0.625,0.0234375,0.02564102564102564,shoulder_width,34,33,0,True,True,True,True,True
train/SAD/8548989414271908-SAD.v17.npz,data/local/citizen100_v17/raw/train/SAD/8548989414271908-SAD.mp4,train,SAD,landscape,640,480,47,23,1.0427161250000268,0.40425531914893614,0.8260869565217391,0.78369140625,0.75,0.75,0.7391304347826086,shoulder_width,19,17,0,True,True,True,True,True
train/SAD/9346193415975794-SAD.v17.npz,data/local/citizen100_v17/raw/train/SAD/9346193415975794-SAD.mp4,train,SAD,landscape,640,480,71,34,1.5308416670000042,0.4225352112676056,0.8823529411764706,0.7900390625,0.71875,0.0234375,0.029411764705882353,shoulder_width,27,30,0,True,True,True,True,True
train/SAD/979165000254969-SAD.v17.npz,data/local/citizen100_v17/raw/train/SAD/979165000254969-SAD.mp4,train,SAD,landscape,640,480,51,29,1.2254846249999787,0.49019607843137253,0.8620689655172413,0.74609375,0.875,0.875,0.8620689655172413,shoulder_width,25,20,0,True,True,True,True,True
train/SAME/005079295154089003-SAME.v17.npz,data/local/citizen100_v17/raw/train/SAME/005079295154089003-SAME.mp4,train,SAME,landscape,640,480,49,25,0.9672486249999679,0.42857142857142855,0.84,0.39208984375,0.6875,0.53125,0.68,shoulder_width,0,21,0,True,True,True,True,True
train/SAME/0077151888593323115-SAME.v17.npz,data/local/citizen100_v17/raw/train/SAME/0077151888593323115-SAME.mp4,train,SAME,landscape,640,480,80,51,1.512858209000001,0.5875,0.9215686274509803,0.46435546875,0.78125,0.1171875,0.19607843137254902,shoulder_width,47,0,0,True,True,True,True,True
train/SAME/02439415548797319-SAME.v17.npz,data/local/citizen100_v17/raw/train/SAME/02439415548797319-SAME.mp4,train,SAME,landscape,640,480,85,36,1.6359957499999496,0.3764705882352941,0.8888888888888888,0.419677734375,0.90625,0.0234375,0.027777777777777776,shoulder_width,0,32,0,True,True,True,True,True
train/SAME/21942777516475864-SAME.v17.npz,data/local/citizen100_v17/raw/train/SAME/21942777516475864-SAME.mp4,train,SAME,landscape,640,480,96,32,1.5880304169999704,0.28125,0.84375,0.418212890625,0.78125,0.65625,0.78125,shoulder_width,0,27,0,True,True,True,True,True
train/SAME/285027381058337-SAME.v17.npz,data/local/citizen100_v17/raw/train/SAME/285027381058337-SAME.mp4,train,SAME,landscape,640,480,44,33,1.018802874999949,0.6136363636363636,0.8181818181818182,0.5927734375,1.0,0.125,0.2727272727272727,shoulder_width,13,25,0,True,True,True,True,True
train/SAME/36367968602282663-SAME.v17.npz,data/local/citizen100_v17/raw/train/SAME/36367968602282663-SAME.mp4,train,SAME,landscape,640,480,58,31,1.1223844170000348,0.41379310344827586,0.7741935483870968,0.35498046875,0.8125,0.2890625,0.5483870967741935,shoulder_width,24,0,0,True,True,True,True,True
train/SAME/39420423979907193-SAME.v17.npz,data/local/citizen100_v17/raw/train/SAME/39420423979907193-SAME.mp4,train,SAME,landscape,640,480,50,28,0.9342662910000286,0.48,0.8571428571428571,0.5126953125,0.59375,0.59375,0.6071428571428571,shoulder_width,3,25,0,True,True,True,True,True
train/SAME/471236123701132-SAME.v17.npz,data/local/citizen100_v17/raw/train/SAME/471236123701132-SAME.mp4,train,SAME,landscape,640,480,55,33,0.9751582090000284,0.5272727272727272,0.8787878787878788,0.421142578125,0.75,0.0,0.0,palm_length,0,29,0,True,True,True,True,True
train/SAME/48922889867293806-SAME.v17.npz,data/local/citizen100_v17/raw/train/SAME/48922889867293806-SAME.mp4,train,SAME,landscape,640,480,56,31,1.0716010830000187,0.48214285714285715,0.8709677419354839,0.427734375,0.8125,0.6171875,0.8064516129032258,shoulder_width,0,27,0,True,True,True,True,True
train/SAME/5890477453234004-SAME.v17.npz,data/local/citizen100_v17/raw/train/SAME/5890477453234004-SAME.mp4,train,SAME,landscape,640,480,52,18,0.9083586659999696,0.2692307692307692,0.7777777777777778,0.40478515625,0.5,0.5,0.5,shoulder_width,0,14,0,True,True,True,True,True
train/SAME/5900201495186967-SAME.v17.npz,data/local/citizen100_v17/raw/train/SAME/5900201495186967-SAME.mp4,train,SAME,landscape,640,480,46,27,0.8931066659999942,0.5,0.8518518518518519,0.430908203125,0.65625,0.0,0.0,palm_length,0,23,0,True,True,True,True,True
train/SAME/7497772531863296-SAME.v17.npz,data/local/citizen100_v17/raw/train/SAME/7497772531863296-SAME.mp4,train,SAME,landscape,640,480,87,50,1.71674595799999,0.5287356321839081,0.92,0.452392578125,0.8125,0.625,0.36,shoulder_width,0,46,0,True,True,True,True,True
train/SAME/8490823098987097-seedSAME.v17.npz,data/local/citizen100_v17/raw/train/SAME/8490823098987097-seedSAME.mp4,train,SAME,landscape,640,480,96,26,1.806664875000024,0.22916666666666666,0.8461538461538461,0.4091796875,0.65625,0.5,0.6538461538461539,shoulder_width,0,22,0,True,True,True,True,True
train/SCHOOL/06483601782154702-SCHOOL.v17.npz,data/local/citizen100_v17/raw/train/SCHOOL/06483601782154702-SCHOOL.mp4,train,SCHOOL,landscape,640,480,65,33,1.548803290999956,0.4461538461538462,0.8787878787878788,0.76416015625,0.75,0.0390625,0.06060606060606061,shoulder_width,21,27,0,True,True,True,True,True
train/SCHOOL/09891286692753609-SCHOOL.v17.npz,data/local/citizen100_v17/raw/train/SCHOOL/09891286692753609-SCHOOL.mp4,train,SCHOOL,landscape,640,480,74,48,2.0351921250000373,0.5945945945945946,0.9166666666666666,0.7998046875,0.875,0.53125,0.8541666666666666,shoulder_width,30,42,0,True,True,True,True,True
train/SCHOOL/16180206221904592-SCHOOL.v17.npz,data/local/citizen100_v17/raw/train/SCHOOL/16180206221904592-SCHOOL.mp4,train,SCHOOL,landscape,640,480,71,36,1.3997866249999902,0.4507042253521127,0.8888888888888888,0.796875,0.90625,0.8515625,0.9166666666666666,shoulder_width,23,26,0,True,True,True,True,True
train/SCHOOL/24588896302009067-SCHOOL.v17.npz,data/local/citizen100_v17/raw/train/SCHOOL/24588896302009067-SCHOOL.mp4,train,SCHOOL,landscape,640,480,73,36,1.6049266669999724,0.4383561643835616,0.8888888888888888,0.72607421875,0.71875,0.71875,0.6944444444444444,shoulder_width,20,32,0,True,True,True,True,True
train/SCHOOL/2814564048387007-SCHOOL.v17.npz,data/local/citizen100_v17/raw/train/SCHOOL/2814564048387007-SCHOOL.mp4,train,SCHOOL,landscape,640,480,96,45,1.9232073329999935,0.4270833333333333,0.9111111111111111,0.85205078125,0.90625,0.71875,0.7333333333333333,shoulder_width,39,39,0,True,True,True,True,True
train/SCHOOL/31124426927980275-seedSCHOOL.v17.npz,data/local/citizen100_v17/raw/train/SCHOOL/31124426927980275-seedSCHOOL.mp4,train,SCHOOL,landscape,640,480,96,33,1.9674310829999513,0.3020833333333333,0.8787878787878788,0.81103515625,0.75,0.75,0.7575757575757576,shoulder_width,27,29,0,True,True,True,True,True
train/SCHOOL/3380520143388104-SCHOOL.v17.npz,data/local/citizen100_v17/raw/train/SCHOOL/3380520143388104-SCHOOL.mp4,train,SCHOOL,landscape,640,480,95,95,1.9576019169999768,1.0,1.0,0.48583984375,0.9375,0.9375,0.9368421052631579,shoulder_width,93,28,0,True,True,True,True,True
train/SCHOOL/44410022847934516-SCHOOL.v17.npz,data/local/citizen100_v17/raw/train/SCHOOL/44410022847934516-SCHOOL.mp4,train,SCHOOL,landscape,640,480,74,37,1.417475209000031,0.44594594594594594,0.8918918918918919,0.6494140625,0.6875,0.578125,0.4594594594594595,shoulder_width,15,33,0,True,True,True,True,True
train/SCHOOL/45776844159035135-SCHOOL.v17.npz,data/local/citizen100_v17/raw/train/SCHOOL/45776844159035135-SCHOOL.mp4,train,SCHOOL,landscape,640,480,57,35,1.0435450420000052,0.49122807017543857,0.8,0.6337890625,0.6875,0.6328125,0.7142857142857143,shoulder_width,17,27,0,True,True,True,True,True
train/SCHOOL/4910072855291485-SCHOOL.v17.npz,data/local/citizen100_v17/raw/train/SCHOOL/4910072855291485-SCHOOL.mp4,train,SCHOOL,landscape,640,480,77,57,1.5936942499999986,0.6753246753246753,0.9122807017543859,0.85693359375,0.84375,0.5390625,0.7192982456140351,shoulder_width,44,50,0,True,True,True,True,True
train/SCHOOL/5088472744264194-SCHOOL.v17.npz,data/local/citizen100_v17/raw/train/SCHOOL/5088472744264194-SCHOOL.mp4,train,SCHOOL,landscape,640,480,87,47,1.608746042000007,0.4942528735632184,0.9148936170212766,0.83544921875,0.84375,0.59375,0.8723404255319149,shoulder_width,26,46,0,True,True,True,True,True
train/SCHOOL/5739505297385641-SCHOOL.v17.npz,data/local/citizen100_v17/raw/train/SCHOOL/5739505297385641-SCHOOL.mp4,train,SCHOOL,landscape,640,480,55,26,0.9190798750000226,0.4,0.8461538461538461,0.82275390625,0.65625,0.65625,0.6538461538461539,shoulder_width,14,21,0,True,True,True,True,True
train/SCHOOL/8496754012096677-SCHOOL.v17.npz,data/local/citizen100_v17/raw/train/SCHOOL/8496754012096677-SCHOOL.mp4,train,SCHOOL,landscape,640,480,83,56,1.6107629159999988,0.6144578313253012,0.9107142857142857,0.79248046875,0.875,0.875,0.875,shoulder_width,34,50,0,True,True,True,True,True
train/SCHOOL/8638262994392436-SCHOOL.v17.npz,data/local/citizen100_v17/raw/train/SCHOOL/8638262994392436-SCHOOL.mp4,train,SCHOOL,landscape,640,480,96,24,1.5561643749999803,0.20833333333333334,0.8333333333333334,0.69482421875,0.71875,0.2109375,0.041666666666666664,shoulder_width,15,19,0,True,True,True,True,True
train/SCHOOL/9134558322318354-SCHOOL.v17.npz,data/local/citizen100_v17/raw/train/SCHOOL/9134558322318354-SCHOOL.mp4,train,SCHOOL,landscape,640,480,67,39,1.1851067499999886,0.5223880597014925,0.8974358974358975,0.72021484375,0.84375,0.84375,0.8461538461538461,shoulder_width,32,17,0,True,True,True,True,True
train/SCHOOL/9528626762979313-SCHOOL.v17.npz,data/local/citizen100_v17/raw/train/SCHOOL/9528626762979313-SCHOOL.mp4,train,SCHOOL,landscape,640,480,78,40,1.4966841669999553,0.46153846153846156,0.9,0.84814453125,0.84375,0.734375,0.825,shoulder_width,32,32,0,True,True,True,True,True
train/SEE/01973467612046309-SEE.v17.npz,data/local/citizen100_v17/raw/train/SEE/01973467612046309-SEE.mp4,train,SEE,landscape,640,480,68,29,1.105100875000005,0.36764705882352944,0.8620689655172413,0.428466796875,0.875,0.0234375,0.034482758620689655,shoulder_width,0,25,0,True,True,True,True,True
train/SEE/05469295194551127-SEE.v17.npz,data/local/citizen100_v17/raw/train/SEE/05469295194551127-SEE.mp4,train,SEE,landscape,640,480,77,34,1.481375249999985,0.38961038961038963,0.8823529411764706,0.428466796875,0.71875,0.3671875,0.7352941176470589,shoulder_width,0,30,0,True,True,True,True,True
train/SEE/24962171644696074-SEE.v17.npz,data/local/citizen100_v17/raw/train/SEE/24962171644696074-SEE.mp4,train,SEE,landscape,640,480,50,29,0.8114645829999745,0.5,0.8620689655172413,0.433837890625,0.59375,0.0,0.0,palm_length,0,25,0,True,True,True,True,True
train/SEE/2739015087815422-SEE.v17.npz,data/local/citizen100_v17/raw/train/SEE/2739015087815422-SEE.mp4,train,SEE,landscape,640,480,55,29,0.8423087499999724,0.45454545454545453,0.8620689655172413,0.41357421875,0.875,0.0,0.0,palm_length,0,25,0,True,True,True,True,True
train/SEE/42464010618997516-SEE.v17.npz,data/local/citizen100_v17/raw/train/SEE/42464010618997516-SEE.mp4,train,SEE,landscape,640,480,96,45,1.6264580829999886,0.4270833333333333,0.9111111111111111,0.4375,0.75,0.75,0.7333333333333333,shoulder_width,0,41,0,True,True,True,True,True
train/SEE/427530694463526-SEE.v17.npz,data/local/citizen100_v17/raw/train/SEE/427530694463526-SEE.mp4,train,SEE,landscape,640,480,82,45,1.2759244999999737,0.5,0.9111111111111111,0.436767578125,0.71875,0.5,0.5555555555555556,shoulder_width,41,0,0,True,True,True,True,True
train/SEE/4342737241901915-SEE.v17.npz,data/local/citizen100_v17/raw/train/SEE/4342737241901915-SEE.mp4,train,SEE,landscape,640,480,78,50,1.2475326249999625,0.5897435897435898,0.92,0.44873046875,0.96875,0.734375,0.98,shoulder_width,46,0,0,True,True,True,True,True
train/SEE/5211790905432687-SEE.v17.npz,data/local/citizen100_v17/raw/train/SEE/5211790905432687-SEE.mp4,train,SEE,landscape,640,480,77,69,1.3343865419999474,0.5714285714285714,0.6376811594202898,0.30810546875,0.9375,0.4375,0.4927536231884058,shoulder_width,1,43,0,True,True,True,True,True
train/SEE/6126331658791906-SEE.v17.npz,data/local/citizen100_v17/raw/train/SEE/6126331658791906-SEE.mp4,train,SEE,landscape,640,480,52,30,0.9521503340000095,0.5,0.8666666666666667,0.419677734375,0.84375,0.0,0.0,palm_length,0,26,0,True,True,True,True,True
train/SEE/6589458102490988-SEE.v17.npz,data/local/citizen100_v17/raw/train/SEE/6589458102490988-SEE.mp4,train,SEE,landscape,640,480,96,72,1.6262512079999851,0.4479166666666667,0.5972222222222222,0.281982421875,0.875,0.875,0.9027777777777778,shoulder_width,0,43,0,True,True,True,True,True
train/SEE/682277049268821-SEE.v17.npz,data/local/citizen100_v17/raw/train/SEE/682277049268821-SEE.mp4,train,SEE,landscape,640,480,60,34,1.159965040999964,0.5,0.8823529411764706,0.42041015625,0.71875,0.015625,0.029411764705882353,shoulder_width,30,0,0,True,True,True,True,True
train/SEE/7610787111957336-SEE.v17.npz,data/local/citizen100_v17/raw/train/SEE/7610787111957336-SEE.mp4,train,SEE,landscape,640,480,56,20,0.8992195419999689,0.2857142857142857,0.8,0.386962890625,0.84375,0.84375,0.85,shoulder_width,0,16,0,True,True,True,True,True
train/SEE/7869034994705406-SEE.v17.npz,data/local/citizen100_v17/raw/train/SEE/7869034994705406-SEE.mp4,train,SEE,landscape,640,480,78,43,1.3273833330000002,0.5,0.9069767441860465,0.4375,0.9375,0.7109375,0.9534883720930233,shoulder_width,0,39,0,True,True,True,True,True
train/SEE/8530152644522973-seedSEE.v17.npz,data/local/citizen100_v17/raw/train/SEE/8530152644522973-seedSEE.mp4,train,SEE,landscape,640,480,96,40,1.3362560840000128,0.375,0.9,0.43603515625,0.8125,0.8125,0.825,shoulder_width,0,36,0,True,True,True,True,True
train/SEE/9386805628062223-SEE.v17.npz,data/local/citizen100_v17/raw/train/SEE/9386805628062223-SEE.mp4,train,SEE,landscape,640,480,62,28,0.9360416669999836,0.3870967741935484,0.8571428571428571,0.419677734375,0.59375,0.234375,0.32142857142857145,shoulder_width,0,24,0,True,True,True,True,True
train/SICK/06509213312274453-SICK.v17.npz,data/local/citizen100_v17/raw/train/SICK/06509213312274453-SICK.mp4,train,SICK,landscape,640,480,47,35,0.815452500000049,0.574468085106383,0.7714285714285715,0.6240234375,0.9375,0.9375,0.9428571428571428,shoulder_width,24,22,0,True,True,True,True,True
train/SICK/10206502257817629-SICK.v17.npz,data/local/citizen100_v17/raw/train/SICK/10206502257817629-SICK.mp4,train,SICK,landscape,640,480,96,44,1.5209787499999834,0.4166666666666667,0.9090909090909091,0.5,0.90625,0.90625,0.9318181818181818,shoulder_width,40,11,0,True,True,True,True,True
train/SICK/2393498289810021-SICK.v17.npz,data/local/citizen100_v17/raw/train/SICK/2393498289810021-SICK.mp4,train,SICK,landscape,640,480,70,34,1.2849697500000161,0.42857142857142855,0.8823529411764706,0.77587890625,0.96875,0.9140625,0.9705882352941176,shoulder_width,27,28,0,True,True,True,True,True
train/SICK/239829373517368-SICK.v17.npz,data/local/citizen100_v17/raw/train/SICK/239829373517368-SICK.mp4,train,SICK,landscape,640,480,92,53,1.6105970419999949,0.5217391304347826,0.9056603773584906,0.6083984375,0.90625,0.5859375,0.6226415094339622,shoulder_width,21,46,0,True,True,True,True,True
train/SICK/346347810799994-SICK.v17.npz,data/local/citizen100_v17/raw/train/SICK/346347810799994-SICK.mp4,train,SICK,landscape,640,480,96,47,1.5839540410000268,0.3020833333333333,0.6170212765957447,0.53857421875,0.875,0.875,0.8723404255319149,shoulder_width,24,28,0,True,True,True,True,True
train/SICK/48675740621516783-SICK.v17.npz,data/local/citizen100_v17/raw/train/SICK/48675740621516783-SICK.mp4,train,SICK,landscape,640,480,63,28,1.0964068750000138,0.36507936507936506,0.8214285714285714,0.6240234375,0.59375,0.59375,0.6071428571428571,shoulder_width,14,23,0,True,True,True,True,True
train/SICK/5954902678633454-SICK.v17.npz,data/local/citizen100_v17/raw/train/SICK/5954902678633454-SICK.mp4,train,SICK,landscape,640,480,58,36,1.7283297089999792,0.5517241379310345,0.8888888888888888,0.537109375,0.71875,0.484375,0.4722222222222222,shoulder_width,32,11,0,True,True,True,True,True
train/SICK/5994541369927644-SICK.v17.npz,data/local/citizen100_v17/raw/train/SICK/5994541369927644-SICK.mp4,train,SICK,landscape,640,480,43,29,1.0650874579999936,0.5581395348837209,0.8275862068965517,0.697265625,0.875,0.671875,0.8620689655172413,shoulder_width,18,24,0,True,True,True,True,True
train/SICK/6022729155127093-SICK.v17.npz,data/local/citizen100_v17/raw/train/SICK/6022729155127093-SICK.mp4,train,SICK,landscape,640,480,96,75,1.8049055839999824,0.40625,0.52,0.4560546875,0.84375,0.7421875,0.8666666666666667,shoulder_width,38,34,0,True,True,True,True,True
train/SICK/6714893583747881-SICK.v17.npz,data/local/citizen100_v17/raw/train/SICK/6714893583747881-SICK.mp4,train,SICK,landscape,640,480,53,22,0.7135552500000131,0.33962264150943394,0.8181818181818182,0.6943359375,0.78125,0.78125,0.7727272727272727,shoulder_width,17,14,0,True,True,True,True,True
train/SICK/689651243355925-SICK.v17.npz,data/local/citizen100_v17/raw/train/SICK/689651243355925-SICK.mp4,train,SICK,landscape,640,480,47,36,0.730690165999988,0.6382978723404256,0.8333333333333334,0.68896484375,0.71875,0.484375,0.4722222222222222,shoulder_width,20,30,0,True,True,True,True,True
train/SICK/7468545549250416-SICK.v17.npz,data/local/citizen100_v17/raw/train/SICK/7468545549250416-SICK.mp4,train,SICK,landscape,640,480,74,44,1.3032463330000041,0.5405405405405406,0.9090909090909091,0.625,0.75,0.015625,0.022727272727272728,shoulder_width,20,40,0,True,True,True,True,True
train/SICK/7809273250779392-seedSICK.v17.npz,data/local/citizen100_v17/raw/train/SICK/7809273250779392-seedSICK.mp4,train,SICK,landscape,640,480,96,28,1.3386292499999968,0.25,0.8571428571428571,0.6533203125,0.59375,0.59375,0.6071428571428571,shoulder_width,14,24,0,True,True,True,True,True
train/SICK/9005893183984361-SICK.v17.npz,data/local/citizen100_v17/raw/train/SICK/9005893183984361-SICK.mp4,train,SICK,landscape,640,480,92,53,1.461054458000035,0.532608695652174,0.9245283018867925,0.79931640625,0.75,0.7109375,0.7735849056603774,shoulder_width,46,47,0,True,True,True,True,True
train/SIGN/05227033977936646-SIGN.v17.npz,data/local/citizen100_v17/raw/train/SIGN/05227033977936646-SIGN.mp4,train,SIGN,landscape,640,480,82,49,1.2349124170000323,0.5487804878048781,0.9183673469387755,0.8408203125,0.84375,0.0390625,0.04081632653061224,shoulder_width,41,45,0,True,True,True,True,True
train/SIGN/06057478837138319-SIGN.v17.npz,data/local/citizen100_v17/raw/train/SIGN/06057478837138319-SIGN.mp4,train,SIGN,landscape,640,480,64,41,1.1883251250000058,0.5625,0.8780487804878049,0.83837890625,1.0,0.5234375,1.0,shoulder_width,35,34,0,True,True,True,True,True
train/SIGN/10154165727018061-SIGN.v17.npz,data/local/citizen100_v17/raw/train/SIGN/10154165727018061-SIGN.mp4,train,SIGN,landscape,640,480,64,46,1.5665543329999991,0.65625,0.9130434782608695,0.82373046875,0.875,0.203125,0.3695652173913043,shoulder_width,38,41,0,True,True,True,True,True
train/SIGN/1656110224741969-SIGN.v17.npz,data/local/citizen100_v17/raw/train/SIGN/1656110224741969-SIGN.mp4,train,SIGN,landscape,640,480,81,36,1.3858109999999897,0.3950617283950617,0.8888888888888888,0.78271484375,0.71875,0.046875,0.05555555555555555,shoulder_width,27,32,0,True,True,True,True,True
train/SIGN/22883455904103656-SIGN.v17.npz,data/local/citizen100_v17/raw/train/SIGN/22883455904103656-SIGN.mp4,train,SIGN,landscape,640,480,91,49,1.3733270419999712,0.4945054945054945,0.9183673469387755,0.890625,0.84375,0.6875,0.8367346938775511,shoulder_width,43,44,0,True,True,True,True,True
train/SIGN/23118704675352353-SIGN.v17.npz,data/local/citizen100_v17/raw/train/SIGN/23118704675352353-SIGN.mp4,train,SIGN,landscape,640,480,41,22,0.5831271249999759,0.43902439024390244,0.8181818181818182,0.63525390625,0.78125,0.78125,0.7727272727272727,shoulder_width,15,15,0,True,True,True,True,True
train/SIGN/2522962355824774-SIGN.v17.npz,data/local/citizen100_v17/raw/train/SIGN/2522962355824774-SIGN.mp4,train,SIGN,landscape,640,480,72,51,1.1118686249999996,0.6388888888888888,0.9019607843137255,0.7880859375,0.78125,0.5234375,0.803921568627451,shoulder_width,35,45,0,True,True,True,True,True
train/SIGN/3925269953820827-SIGN.v17.npz,data/local/citizen100_v17/raw/train/SIGN/3925269953820827-SIGN.mp4,train,SIGN,landscape,640,480,96,41,1.4156585000000064,0.3854166666666667,0.9024390243902439,0.85107421875,0.78125,0.6875,0.8048780487804879,shoulder_width,36,35,0,True,True,True,True,True
train/SIGN/4696967344578724-SIGN.v17.npz,data/local/citizen100_v17/raw/train/SIGN/4696967344578724-SIGN.mp4,train,SIGN,landscape,640,480,49,32,0.6626173750000248,0.5714285714285714,0.875,0.78369140625,0.78125,0.0234375,0.03125,shoulder_width,24,26,0,True,True,True,True,True
train/SIGN/5691074786328454-seedSIGN.v17.npz,data/local/citizen100_v17/raw/train/SIGN/5691074786328454-seedSIGN.mp4,train,SIGN,landscape,640,480,96,33,1.0335266669999896,0.3020833333333333,0.8787878787878788,0.81689453125,0.75,0.75,0.7575757575757576,shoulder_width,27,28,0,True,True,True,True,True
train/SIGN/742342157322158-SIGN.v17.npz,data/local/citizen100_v17/raw/train/SIGN/742342157322158-SIGN.mp4,train,SIGN,landscape,640,480,81,50,1.191849832999992,0.5679012345679012,0.92,0.87646484375,0.8125,0.7734375,0.82,shoulder_width,41,46,0,True,True,True,True,True
train/SIGN/8877340171713295-SIGN.v17.npz,data/local/citizen100_v17/raw/train/SIGN/8877340171713295-SIGN.mp4,train,SIGN,landscape,640,480,84,49,1.2631775830000151,0.5238095238095238,0.8979591836734694,0.88330078125,1.0,0.3984375,0.061224489795918366,shoulder_width,42,43,0,True,True,True,True,True
train/SIGN/8936148680464566-SIGN.v17.npz,data/local/citizen100_v17/raw/train/SIGN/8936148680464566-SIGN.mp4,train,SIGN,landscape,640,480,60,37,0.9987924580000254,0.55,0.8918918918918919,0.69189453125,0.875,0.65625,0.8918918918918919,shoulder_width,23,33,0,True,True,True,True,True
train/SIGN/9039030666503207-SIGN.v17.npz,data/local/citizen100_v17/raw/train/SIGN/9039030666503207-SIGN.mp4,train,SIGN,landscape,640,480,96,56,1.2548677920000273,0.5416666666666666,0.9285714285714286,0.88671875,0.875,0.875,0.875,shoulder_width,50,52,0,True,True,True,True,True
train/SIGN/9082211785363523-SIGN.v17.npz,data/local/citizen100_v17/raw/train/SIGN/9082211785363523-SIGN.mp4,train,SIGN,landscape,640,480,75,34,0.6909786670000244,0.4,0.8823529411764706,0.7978515625,0.71875,0.71875,0.7352941176470589,shoulder_width,28,27,0,True,True,True,True,True
train/SLEEP/016569277193326126-SLEEP.v17.npz,data/local/citizen100_v17/raw/train/SLEEP/016569277193326126-SLEEP.mp4,train,SLEEP,landscape,640,480,96,24,0.6907859579999922,0.20833333333333334,0.8333333333333334,0.39208984375,0.71875,0.0234375,0.041666666666666664,shoulder_width,20,0,0,True,True,True,True,True
train/SLEEP/10667360637258794-SLEEP.v17.npz,data/local/citizen100_v17/raw/train/SLEEP/10667360637258794-SLEEP.mp4,train,SLEEP,landscape,640,480,96,8,0.6651302500000043,0.041666666666666664,0.5,0.2261962890625,0.15625,0.1171875,0.125,shoulder_width,0,4,0,True,True,True,True,True
train/SLEEP/2117342026115856-SLEEP.v17.npz,data/local/citizen100_v17/raw/train/SLEEP/2117342026115856-SLEEP.mp4,train,SLEEP,landscape,640,480,92,43,0.7970813750000048,0.42391304347826086,0.9069767441860465,0.4375,0.78125,0.59375,0.7674418604651163,shoulder_width,0,39,0,True,True,True,True,True
train/SLEEP/24289224539723375-SLEEP.v17.npz,data/local/citizen100_v17/raw/train/SLEEP/24289224539723375-SLEEP.mp4,train,SLEEP,landscape,640,480,56,35,0.5475046669999983,0.5535714285714286,0.8857142857142857,0.42919921875,0.6875,0.4609375,0.7142857142857143,shoulder_width,0,31,0,True,True,True,True,True
train/SLEEP/24375109516725524-SLEEP.v17.npz,data/local/citizen100_v17/raw/train/SLEEP/24375109516725524-SLEEP.mp4,train,SLEEP,landscape,640,480,46,43,0.3728047920000108,0.41304347826086957,0.4418604651162791,0.202392578125,0.75,0.75,0.7674418604651163,shoulder_width,0,19,0,True,True,True,True,True
train/SLEEP/28568795533708613-seedSLEEP.v17.npz,data/local/citizen100_v17/raw/train/SLEEP/28568795533708613-seedSLEEP.mp4,train,SLEEP,landscape,640,480,96,25,0.7057964999999626,0.21875,0.84,0.432373046875,1.0,1.0,1.0,shoulder_width,0,21,0,True,True,True,True,True
train/SLEEP/35188429123944-SLEEP.v17.npz,data/local/citizen100_v17/raw/train/SLEEP/35188429123944-SLEEP.mp4,train,SLEEP,landscape,640,480,67,35,0.5645613749999825,0.417910447761194,0.8,0.3935546875,0.6875,0.015625,0.02857142857142857,shoulder_width,0,28,0,True,True,True,True,True
train/SLEEP/6811391071349302-SLEEP.v17.npz,data/local/citizen100_v17/raw/train/SLEEP/6811391071349302-SLEEP.mp4,train,SLEEP,landscape,640,480,48,35,0.43862300000000687,0.6041666666666666,0.8285714285714286,0.425537109375,0.9375,0.8203125,0.9428571428571428,shoulder_width,29,0,0,True,True,True,True,True
train/SLEEP/7642314470248142-SLEEP.v17.npz,data/local/citizen100_v17/raw/train/SLEEP/7642314470248142-SLEEP.mp4,train,SLEEP,landscape,640,480,96,32,0.776585166000018,0.2916666666666667,0.875,0.43310546875,0.53125,0.28125,0.53125,shoulder_width,0,28,0,True,True,True,True,True
train/SLEEP/7971194940709927-SLEEP.v17.npz,data/local/citizen100_v17/raw/train/SLEEP/7971194940709927-SLEEP.mp4,train,SLEEP,landscape,640,480,90,36,0.7847492500000044,0.35555555555555557,0.8888888888888888,0.431640625,0.90625,0.3671875,0.2777777777777778,shoulder_width,0,32,0,True,True,True,True,True
train/SLEEP/8262299304164866-SLEEP.v17.npz,data/local/citizen100_v17/raw/train/SLEEP/8262299304164866-SLEEP.mp4,train,SLEEP,landscape,640,480,96,30,0.7433940409999877,0.2604166666666667,0.8333333333333334,0.412841796875,0.84375,0.046875,0.06666666666666667,shoulder_width,25,0,0,True,True,True,True,True
train/SLEEP/82979631907834-SLEEP.v17.npz,data/local/citizen100_v17/raw/train/SLEEP/82979631907834-SLEEP.mp4,train,SLEEP,landscape,640,480,49,24,0.4185344169999894,0.40816326530612246,0.8333333333333334,0.3876953125,0.71875,0.375,0.7083333333333334,shoulder_width,0,20,0,True,True,True,True,True
train/SLEEP/9202711012693181-SLEEP.v17.npz,data/local/citizen100_v17/raw/train/SLEEP/9202711012693181-SLEEP.mp4,train,SLEEP,landscape,640,480,81,30,0.6507747910000035,0.32098765432098764,0.8666666666666667,0.449462890625,0.84375,0.6328125,0.8333333333333334,shoulder_width,2,26,0,True,True,True,True,True
train/SMALL/08785252118795328-SMALL.v17.npz,data/local/citizen100_v17/raw/train/SMALL/08785252118795328-SMALL.mp4,train,SMALL,landscape,640,480,88,64,0.9662656250000055,0.6590909090909091,0.90625,0.853515625,0.875,0.84375,0.890625,shoulder_width,53,58,0,True,True,True,True,True
train/SMALL/12263814955166064-SMALL.v17.npz,data/local/citizen100_v17/raw/train/SMALL/12263814955166064-SMALL.mp4,train,SMALL,landscape,640,480,50,36,0.6544143749999876,0.58,0.8055555555555556,0.74853515625,0.90625,0.0,0.0,palm_length,24,29,0,True,True,True,True,True
train/SMALL/17606509610897247-SMALL.v17.npz,data/local/citizen100_v17/raw/train/SMALL/17606509610897247-SMALL.mp4,train,SMALL,landscape,640,480,96,87,1.2624799579999717,0.5520833333333334,0.6091954022988506,0.494873046875,0.8125,0.3515625,0.3793103448275862,shoulder_width,53,42,0,True,True,True,True,True
train/SMALL/297683528773413-SMALL.v17.npz,data/local/citizen100_v17/raw/train/SMALL/297683528773413-SMALL.mp4,train,SMALL,landscape,640,480,77,47,0.9802595410000094,0.5584415584415584,0.9148936170212766,0.80126953125,0.875,0.7578125,0.8723404255319149,shoulder_width,35,43,0,True,True,True,True,True
train/SMALL/3161548976113897-SMALL.v17.npz,data/local/citizen100_v17/raw/train/SMALL/3161548976113897-SMALL.mp4,train,SMALL,landscape,640,480,47,29,0.8114782079999827,0.5319148936170213,0.8620689655172413,0.82568359375,0.59375,0.3828125,0.5862068965517241,shoulder_width,24,24,0,True,True,True,True,True
train/SMALL/43505759423144474-SMALL.v17.npz,data/local/citizen100_v17/raw/train/SMALL/43505759423144474-SMALL.mp4,train,SMALL,landscape,640,480,74,74,1.199136249999981,1.0,1.0,0.72900390625,0.96875,0.625,0.9864864864864865,shoulder_width,74,36,0,True,True,True,True,True
train/SMALL/4730005203157246-seedSMALL.v17.npz,data/local/citizen100_v17/raw/train/SMALL/4730005203157246-seedSMALL.mp4,train,SMALL,landscape,640,480,96,41,1.0858544999999822,0.3854166666666667,0.9024390243902439,0.8740234375,0.8125,0.8125,0.8048780487804879,shoulder_width,37,36,0,True,True,True,True,True
train/SMALL/49787709398675717-SMALL.v17.npz,data/local/citizen100_v17/raw/train/SMALL/49787709398675717-SMALL.mp4,train,SMALL,landscape,640,480,96,45,1.1477935000000343,0.4270833333333333,0.9111111111111111,0.85205078125,0.90625,0.6875,0.9111111111111111,shoulder_width,40,39,0,True,True,True,True,True
train/SMALL/5278443932118966-SMALL.v17.npz,data/local/citizen100_v17/raw/train/SMALL/5278443932118966-SMALL.mp4,train,SMALL,landscape,640,480,82,43,1.1382475419999878,0.47560975609756095,0.9069767441860465,0.80517578125,0.75,0.015625,0.046511627906976744,shoulder_width,37,37,0,True,True,True,True,True
train/SMALL/5322570103859836-SMALL.v17.npz,data/local/citizen100_v17/raw/train/SMALL/5322570103859836-SMALL.mp4,train,SMALL,landscape,640,480,61,35,0.7375360830000091,0.47540983606557374,0.8285714285714286,0.724609375,0.9375,0.0,0.0,palm_length,28,27,0,True,True,True,True,True
train/SMALL/5364358287706597-SMALL.v17.npz,data/local/citizen100_v17/raw/train/SMALL/5364358287706597-SMALL.mp4,train,SMALL,landscape,640,480,56,36,0.6483869159999927,0.5714285714285714,0.8888888888888888,0.806640625,0.71875,0.1875,0.25,shoulder_width,31,29,0,True,True,True,True,True
train/SMALL/5446958870984302-SMALL.v17.npz,data/local/citizen100_v17/raw/train/SMALL/5446958870984302-SMALL.mp4,train,SMALL,landscape,640,480,74,43,0.9620043750000491,0.527027027027027,0.9069767441860465,0.84375,0.78125,0.6015625,0.7674418604651163,shoulder_width,37,38,0,True,True,True,True,True
train/SMALL/7388125968431167-SMALL.v17.npz,data/local/citizen100_v17/raw/train/SMALL/7388125968431167-SMALL.mp4,train,SMALL,landscape,640,480,35,23,0.45920029199999135,0.5428571428571428,0.8260869565217391,0.76416015625,0.75,0.75,0.7391304347826086,shoulder_width,18,17,0,True,True,True,True,True
train/SMALL/7773877074443272-SMALL.v17.npz,data/local/citizen100_v17/raw/train/SMALL/7773877074443272-SMALL.mp4,train,SMALL,landscape,640,480,64,40,0.8214990419999708,0.515625,0.825,0.7470703125,0.8125,0.203125,0.425,shoulder_width,32,31,0,True,True,True,True,True
train/SMALL/823557454867716-SMALL.v17.npz,data/local/citizen100_v17/raw/train/SMALL/823557454867716-SMALL.mp4,train,SMALL,landscape,640,480,39,19,0.41357891600000585,0.38461538461538464,0.7894736842105263,0.7333984375,0.5,0.5,0.47368421052631576,shoulder_width,15,13,0,True,True,True,True,True
train/SMALL/9278234566473478-SMALL.v17.npz,data/local/citizen100_v17/raw/train/SMALL/9278234566473478-SMALL.mp4,train,SMALL,landscape,640,480,45,23,0.4920792500000175,0.4222222222222222,0.8260869565217391,0.76318359375,0.75,0.75,0.7391304347826086,shoulder_width,18,18,0,True,True,True,True,True
train/SORRY/09933901999031058-SORRY.v17.npz,data/local/citizen100_v17/raw/train/SORRY/09933901999031058-SORRY.mp4,train,SORRY,landscape,640,480,85,43,0.8328185830000052,0.4588235294117647,0.9069767441860465,0.4375,0.9375,0.9375,0.9534883720930233,shoulder_width,0,39,0,True,True,True,True,True
train/SORRY/1636390875008531-SORRY.v17.npz,data/local/citizen100_v17/raw/train/SORRY/1636390875008531-SORRY.mp4,train,SORRY,landscape,640,480,44,27,0.47469787500000393,0.5,0.8148148148148148,0.41748046875,0.625,0.625,0.6296296296296297,shoulder_width,0,22,0,True,True,True,True,True
train/SORRY/2413023602974027-SORRY.v17.npz,data/local/citizen100_v17/raw/train/SORRY/2413023602974027-SORRY.mp4,train,SORRY,landscape,640,480,88,62,1.2097575000000234,0.625,0.8870967741935484,0.447998046875,0.90625,0.65625,0.9193548387096774,shoulder_width,0,55,0,True,True,True,True,True
train/SORRY/29761682879368934-SORRY.v17.npz,data/local/citizen100_v17/raw/train/SORRY/29761682879368934-SORRY.mp4,train,SORRY,landscape,640,480,62,41,0.6232734590000177,0.5967741935483871,0.9024390243902439,0.4375,0.78125,0.1640625,0.21951219512195122,shoulder_width,0,37,0,True,True,True,True,True
train/SORRY/46389552341659956-SORRY.v17.npz,data/local/citizen100_v17/raw/train/SORRY/46389552341659956-SORRY.mp4,train,SORRY,landscape,640,480,84,60,0.7420197080000435,0.6547619047619048,0.9166666666666666,0.44580078125,0.8125,0.609375,0.8166666666666667,shoulder_width,55,0,0,True,True,True,True,True
train/SORRY/5865603235099206-SORRY.v17.npz,data/local/citizen100_v17/raw/train/SORRY/5865603235099206-SORRY.mp4,train,SORRY,landscape,640,480,53,38,0.5756143750000433,0.6415094339622641,0.8947368421052632,0.435302734375,0.875,0.65625,0.868421052631579,shoulder_width,0,34,0,True,True,True,True,True
train/SORRY/589235585874496-SORRY.v17.npz,data/local/citizen100_v17/raw/train/SORRY/589235585874496-SORRY.mp4,train,SORRY,landscape,640,480,78,71,0.6816318749999937,0.5128205128205128,0.5633802816901409,0.291015625,0.875,0.796875,0.9154929577464789,shoulder_width,5,38,0,True,True,True,True,True
train/SORRY/62778761952392-SORRY.v17.npz,data/local/citizen100_v17/raw/train/SORRY/62778761952392-SORRY.mp4,train,SORRY,landscape,640,480,75,45,0.633742084000005,0.5333333333333333,0.8888888888888888,0.4189453125,0.90625,0.0,0.0,palm_length,0,40,0,True,True,True,True,True
train/SORRY/6284344362350516-SORRY.v17.npz,data/local/citizen100_v17/raw/train/SORRY/6284344362350516-SORRY.mp4,train,SORRY,landscape,640,480,61,31,0.5205604160000235,0.4426229508196721,0.8709677419354839,0.432373046875,0.8125,0.8125,0.8064516129032258,shoulder_width,0,27,0,True,True,True,True,True
train/SORRY/675487631009581-SORRY.v17.npz,data/local/citizen100_v17/raw/train/SORRY/675487631009581-SORRY.mp4,train,SORRY,landscape,640,480,96,62,0.8895157500000437,0.5833333333333334,0.9032258064516129,0.449462890625,0.78125,0.78125,0.7903225806451613,shoulder_width,0,56,0,True,True,True,True,True
train/SORRY/7256673521593155-SORRY.v17.npz,data/local/citizen100_v17/raw/train/SORRY/7256673521593155-SORRY.mp4,train,SORRY,landscape,640,480,82,57,0.7232567500000187,0.6341463414634146,0.9122807017543859,0.462158203125,1.0,1.0,1.0,shoulder_width,52,0,0,True,True,True,True,True
train/SORRY/7662883760067802-SORRY.v17.npz,data/local/citizen100_v17/raw/train/SORRY/7662883760067802-SORRY.mp4,train,SORRY,landscape,640,480,96,51,0.7922835409999607,0.4895833333333333,0.9215686274509803,0.447998046875,0.78125,0.7421875,0.803921568627451,shoulder_width,0,47,0,True,True,True,True,True
train/SORRY/8989337086309281-SORRY.v17.npz,data/local/citizen100_v17/raw/train/SORRY/8989337086309281-SORRY.mp4,train,SORRY,landscape,640,480,60,35,0.5048374169999761,0.5166666666666667,0.8857142857142857,0.401123046875,0.6875,0.46875,0.7142857142857143,shoulder_width,0,31,0,True,True,True,True,True
train/SORRY/9287154847825414-SORRY.v17.npz,data/local/citizen100_v17/raw/train/SORRY/9287154847825414-SORRY.mp4,train,SORRY,landscape,640,480,96,51,0.787220375000004,0.4895833333333333,0.9215686274509803,0.4345703125,0.78125,0.78125,0.803921568627451,shoulder_width,0,47,0,True,True,True,True,True
train/SORRY/9992716034642337-seedSORRY.v17.npz,data/local/citizen100_v17/raw/train/SORRY/9992716034642337-seedSORRY.mp4,train,SORRY,landscape,640,480,96,31,0.7626960410000265,0.28125,0.8709677419354839,0.421142578125,0.8125,0.8125,0.8064516129032258,shoulder_width,0,27,0,True,True,True,True,True
train/STOP/07893366237759558-STOP.v17.npz,data/local/citizen100_v17/raw/train/STOP/07893366237759558-STOP.mp4,train,STOP,landscape,640,480,74,45,0.7793523750000304,0.5540540540540541,0.9111111111111111,0.8251953125,0.71875,0.59375,0.7333333333333333,shoulder_width,38,40,0,True,True,True,True,True
train/STOP/08870380386555654-STOP.v17.npz,data/local/citizen100_v17/raw/train/STOP/08870380386555654-STOP.mp4,train,STOP,landscape,640,480,53,33,0.755711209000026,0.5471698113207547,0.8787878787878788,0.740234375,0.75,0.5703125,0.7575757575757576,shoulder_width,20,28,0,True,True,True,True,True
train/STOP/12188061798454708-STOP.v17.npz,data/local/citizen100_v17/raw/train/STOP/12188061798454708-STOP.mp4,train,STOP,landscape,640,480,40,26,0.4987704999999778,0.525,0.8076923076923077,0.72998046875,0.65625,0.65625,0.6538461538461539,shoulder_width,20,19,0,True,True,True,True,True
train/STOP/1461467422069449-STOP.v17.npz,data/local/citizen100_v17/raw/train/STOP/1461467422069449-STOP.mp4,train,STOP,landscape,640,480,91,47,1.11634516700002,0.42857142857142855,0.8297872340425532,0.66943359375,0.84375,0.2421875,0.3829787234042553,shoulder_width,37,35,0,True,True,True,True,True
train/STOP/16617331553945736-STOP.v17.npz,data/local/citizen100_v17/raw/train/STOP/16617331553945736-STOP.mp4,train,STOP,landscape,640,480,84,48,1.0358880839999642,0.5238095238095238,0.9166666666666666,0.73583984375,0.875,0.5546875,0.8541666666666666,shoulder_width,32,43,0,True,True,True,True,True
train/STOP/21963390619756917-STOP.v17.npz,data/local/citizen100_v17/raw/train/STOP/21963390619756917-STOP.mp4,train,STOP,landscape,640,480,45,23,0.44820470799999157,0.4222222222222222,0.8260869565217391,0.74267578125,0.375,0.375,0.391304347826087,shoulder_width,17,17,0,True,True,True,True,True
train/STOP/35024304836544506-STOP.v17.npz,data/local/citizen100_v17/raw/train/STOP/35024304836544506-STOP.mp4,train,STOP,landscape,640,480,69,33,0.6705372079999847,0.4057971014492754,0.8484848484848485,0.634765625,0.75,0.2734375,0.2727272727272727,shoulder_width,17,25,0,True,True,True,True,True
train/STOP/6529230226346452-STOP.v17.npz,data/local/citizen100_v17/raw/train/STOP/6529230226346452-STOP.mp4,train,STOP,landscape,640,480,57,37,0.5299911660000021,0.5614035087719298,0.8648648648648649,0.442626953125,0.6875,0.1875,0.24324324324324326,shoulder_width,4,31,0,True,True,True,True,True
train/STOP/6679488064816475-STOP.v17.npz,data/local/citizen100_v17/raw/train/STOP/6679488064816475-STOP.mp4,train,STOP,landscape,640,480,59,33,0.6963643329999627,0.4745762711864407,0.8484848484848485,0.6337890625,1.0,0.0,0.0,palm_length,19,23,0,True,True,True,True,True
train/STOP/6922819981617203-STOP.v17.npz,data/local/citizen100_v17/raw/train/STOP/6922819981617203-STOP.mp4,train,STOP,landscape,640,480,96,48,1.5339323750000062,0.4479166666666667,0.8958333333333334,0.572265625,0.84375,0.5625,0.8541666666666666,shoulder_width,33,28,0,True,True,True,True,True
train/STOP/7606933944529259-STOP.v17.npz,data/local/citizen100_v17/raw/train/STOP/7606933944529259-STOP.mp4,train,STOP,landscape,640,480,71,34,1.2242109169999935,0.4225352112676056,0.8823529411764706,0.67041015625,0.96875,0.015625,0.029411764705882353,shoulder_width,14,30,0,True,True,True,True,True
train/STOP/787967286498557-STOP.v17.npz,data/local/citizen100_v17/raw/train/STOP/787967286498557-STOP.mp4,train,STOP,landscape,640,480,38,20,0.5500744999999938,0.42105263157894735,0.8,0.70458984375,0.46875,0.46875,0.45,shoulder_width,15,14,0,True,True,True,True,True
train/STOP/815577675920792-STOP.v17.npz,data/local/citizen100_v17/raw/train/STOP/815577675920792-STOP.mp4,train,STOP,landscape,640,480,73,44,1.0233039589999748,0.547945205479452,0.9090909090909091,0.8427734375,0.75,0.6171875,0.75,shoulder_width,37,39,0,True,True,True,True,True
train/STOP/8893256597213444-STOP.v17.npz,data/local/citizen100_v17/raw/train/STOP/8893256597213444-STOP.mp4,train,STOP,landscape,640,480,86,43,1.8067051670000183,0.45348837209302323,0.9069767441860465,0.74560546875,0.75,0.46875,0.5813953488372093,shoulder_width,29,37,0,True,True,True,True,True
train/STOP/9191814085149543-seedSTOP.v17.npz,data/local/citizen100_v17/raw/train/STOP/9191814085149543-seedSTOP.mp4,train,STOP,landscape,640,480,96,38,1.2683097909999788,0.3541666666666667,0.8947368421052632,0.755859375,0.65625,0.65625,0.6578947368421053,shoulder_width,27,33,0,True,True,True,True,True
train/STOP/9586306157625994-STOP.v17.npz,data/local/citizen100_v17/raw/train/STOP/9586306157625994-STOP.mp4,train,STOP,landscape,640,480,56,35,0.744222332999982,0.5535714285714286,0.8857142857142857,0.63623046875,0.6875,0.0,0.0,palm_length,29,17,0,True,True,True,True,True
train/TAKE/011246893774733424-TAKE.v17.npz,data/local/citizen100_v17/raw/train/TAKE/011246893774733424-TAKE.mp4,train,TAKE,landscape,640,480,47,28,0.4952104170000098,0.5106382978723404,0.8571428571428571,0.432373046875,0.59375,0.3828125,0.6071428571428571,shoulder_width,0,24,0,True,True,True,True,True
train/TAKE/011504158671063802-TAKE.v17.npz,data/local/citizen100_v17/raw/train/TAKE/011504158671063802-TAKE.mp4,train,TAKE,landscape,640,480,56,32,0.5642816250000351,0.5,0.875,0.435302734375,0.78125,0.78125,0.78125,shoulder_width,0,28,0,True,True,True,True,True
train/TAKE/1072225635555093-TAKE.v17.npz,data/local/citizen100_v17/raw/train/TAKE/1072225635555093-TAKE.mp4,train,TAKE,landscape,640,480,57,32,0.5673276250000185,0.49122807017543857,0.875,0.428466796875,0.78125,0.5234375,0.78125,shoulder_width,0,28,0,True,True,True,True,True
train/TAKE/18586165627230766-TAKE.v17.npz,data/local/citizen100_v17/raw/train/TAKE/18586165627230766-TAKE.mp4,train,TAKE,landscape,640,480,80,29,0.7240206669999907,0.3125,0.8620689655172413,0.422607421875,0.875,0.4453125,0.8620689655172413,shoulder_width,0,25,0,True,True,True,True,True
train/TAKE/29695580191852833-TAKE.v17.npz,data/local/citizen100_v17/raw/train/TAKE/29695580191852833-TAKE.mp4,train,TAKE,landscape,640,480,81,37,0.7905466249999904,0.4074074074074074,0.8918918918918919,0.436767578125,0.875,0.6015625,0.8918918918918919,shoulder_width,0,33,0,True,True,True,True,True
train/TAKE/38797732173583244-TAKE.v17.npz,data/local/citizen100_v17/raw/train/TAKE/38797732173583244-TAKE.mp4,train,TAKE,landscape,640,480,79,33,0.7895936249999522,0.3670886075949367,0.8787878787878788,0.427001953125,0.75,0.3828125,0.5151515151515151,shoulder_width,0,29,0,True,True,True,True,True
train/TAKE/42788073545628125-TAKE.v17.npz,data/local/citizen100_v17/raw/train/TAKE/42788073545628125-TAKE.mp4,train,TAKE,landscape,640,480,53,25,0.6019416670000055,0.39622641509433965,0.84,0.4033203125,0.6875,0.5234375,0.68,shoulder_width,0,21,0,True,True,True,True,True
train/TAKE/5069200658283002-TAKE.v17.npz,data/local/citizen100_v17/raw/train/TAKE/5069200658283002-TAKE.mp4,train,TAKE,landscape,640,480,62,32,0.7494782500000383,0.45161290322580644,0.875,0.43017578125,0.78125,0.4609375,0.78125,shoulder_width,28,0,0,True,True,True,True,True
train/TAKE/515981894493013-TAKE.v17.npz,data/local/citizen100_v17/raw/train/TAKE/515981894493013-TAKE.mp4,train,TAKE,landscape,640,480,85,48,0.905313499999977,0.5176470588235295,0.9166666666666666,0.456787109375,0.84375,0.5546875,0.20833333333333334,shoulder_width,44,0,0,True,True,True,True,True
train/TAKE/5610991690723652-TAKE.v17.npz,data/local/citizen100_v17/raw/train/TAKE/5610991690723652-TAKE.mp4,train,TAKE,landscape,640,480,96,34,1.027831249999963,0.3125,0.8823529411764706,0.435302734375,0.71875,0.4921875,0.7352941176470589,shoulder_width,1,30,0,True,True,True,True,True
train/TAKE/6127967104764245-TAKE.v17.npz,data/local/citizen100_v17/raw/train/TAKE/6127967104764245-TAKE.mp4,train,TAKE,landscape,640,480,57,35,0.6312094580000007,0.543859649122807,0.8857142857142857,0.418212890625,0.6875,0.2421875,0.4857142857142857,shoulder_width,0,31,0,True,True,True,True,True
train/TAKE/8143899247512181-seedTAKE.v17.npz,data/local/citizen100_v17/raw/train/TAKE/8143899247512181-seedTAKE.mp4,train,TAKE,landscape,640,480,93,42,1.0148037090000344,0.40860215053763443,0.9047619047619048,0.4375,0.78125,0.78125,0.7857142857142857,shoulder_width,0,38,0,True,True,True,True,True
train/TAKE/8285963105812504-TAKE.v17.npz,data/local/citizen100_v17/raw/train/TAKE/8285963105812504-TAKE.mp4,train,TAKE,landscape,640,480,46,25,0.5137740000000122,0.43478260869565216,0.8,0.412841796875,0.375,0.6875,0.68,shoulder_width,0,20,0,True,True,True,True,True
train/TAKE/8562967503282453-TAKE.v17.npz,data/local/citizen100_v17/raw/train/TAKE/8562967503282453-TAKE.mp4,train,TAKE,landscape,640,480,52,30,0.5374728339999706,0.4423076923076923,0.7666666666666667,0.411376953125,0.84375,0.84375,0.8333333333333334,shoulder_width,0,23,0,True,True,True,True,True
train/TAKE/9368256240098554-TAKE.v17.npz,data/local/citizen100_v17/raw/train/TAKE/9368256240098554-TAKE.mp4,train,TAKE,landscape,640,480,77,43,0.8244441659999779,0.4935064935064935,0.8837209302325582,0.42626953125,0.75,0.0,0.023255813953488372,shoulder_width,0,38,0,True,True,True,True,True
train/TAKE/978089590876015-TAKE.v17.npz,data/local/citizen100_v17/raw/train/TAKE/978089590876015-TAKE.mp4,train,TAKE,landscape,640,480,43,23,0.4347350419999998,0.3953488372093023,0.7391304347826086,0.37939453125,0.75,0.75,0.7391304347826086,shoulder_width,0,17,0,True,True,True,True,True
train/TALK/009620660695883743-TALK.v17.npz,data/local/citizen100_v17/raw/train/TALK/009620660695883743-TALK.mp4,train,TALK,landscape,640,480,96,20,1.0015839999999798,0.16666666666666666,0.8,0.5380859375,0.84375,0.015625,0.05,shoulder_width,7,14,0,True,True,True,True,True
train/TALK/07753671674949336-TALK.v17.npz,data/local/citizen100_v17/raw/train/TALK/07753671674949336-TALK.mp4,train,TALK,landscape,640,480,68,26,0.830910834000008,0.3235294117647059,0.8461538461538461,0.7939453125,0.65625,0.65625,0.6538461538461539,shoulder_width,21,21,0,True,True,True,True,True
train/TALK/10264652763095716-TALK.v17.npz,data/local/citizen100_v17/raw/train/TALK/10264652763095716-TALK.mp4,train,TALK,landscape,640,480,96,30,1.028299416999971,0.2708333333333333,0.8666666666666667,0.43017578125,0.59375,0.4609375,0.5666666666666667,shoulder_width,26,0,0,True,True,True,True,True
train/TALK/10630700309977081-TALK.v17.npz,data/local/citizen100_v17/raw/train/TALK/10630700309977081-TALK.mp4,train,TALK,landscape,640,480,63,32,0.6255998750000344,0.4444444444444444,0.875,0.421875,0.78125,0.5859375,0.78125,shoulder_width,0,28,0,True,True,True,True,True
train/TALK/1295792231278221-TALK.v17.npz,data/local/citizen100_v17/raw/train/TALK/1295792231278221-TALK.mp4,train,TALK,landscape,640,480,59,38,0.6046259999999961,0.559322033898305,0.868421052631579,0.421875,0.875,0.4921875,0.6578947368421053,shoulder_width,33,0,0,True,True,True,True,True
train/TALK/2338364534722246-TALK.v17.npz,data/local/citizen100_v17/raw/train/TALK/2338364534722246-TALK.mp4,train,TALK,landscape,640,480,82,46,0.8965519170000107,0.4878048780487805,0.8695652173913043,0.402587890625,0.71875,0.5390625,0.717391304347826,shoulder_width,1,39,0,True,True,True,True,True
train/TALK/24337817985881172-seedTALK.v17.npz,data/local/citizen100_v17/raw/train/TALK/24337817985881172-seedTALK.mp4,train,TALK,landscape,640,480,96,25,0.8860400000000368,0.21875,0.84,0.406982421875,0.6875,0.6875,0.68,shoulder_width,0,21,0,True,True,True,True,True
train/TALK/4442947602488383-TALK.v17.npz,data/local/citizen100_v17/raw/train/TALK/4442947602488383-TALK.mp4,train,TALK,landscape,640,480,47,32,0.5522050419999687,0.5957446808510638,0.875,0.431640625,0.78125,0.59375,0.78125,shoulder_width,0,28,0,True,True,True,True,True
train/TALK/5126326471463687-TALK.v17.npz,data/local/citizen100_v17/raw/train/TALK/5126326471463687-TALK.mp4,train,TALK,landscape,640,480,60,36,0.706535625000015,0.5166666666666667,0.8611111111111112,0.421142578125,0.90625,0.90625,0.9166666666666666,shoulder_width,0,31,0,True,True,True,True,True
train/TALK/5447600938697417-TALK.v17.npz,data/local/citizen100_v17/raw/train/TALK/5447600938697417-TALK.mp4,train,TALK,landscape,640,480,96,37,0.9689901670000154,0.34375,0.8918918918918919,0.43603515625,0.875,0.875,0.8918918918918919,shoulder_width,0,33,0,True,True,True,True,True
train/TALK/7840179711124966-TALK.v17.npz,data/local/citizen100_v17/raw/train/TALK/7840179711124966-TALK.mp4,train,TALK,landscape,640,480,96,57,1.0133283750000146,0.3333333333333333,0.5614035087719298,0.27685546875,0.84375,0.84375,0.8596491228070176,shoulder_width,0,32,0,True,True,True,True,True
train/TALK/7918140338288151-TALK.v17.npz,data/local/citizen100_v17/raw/train/TALK/7918140338288151-TALK.mp4,train,TALK,landscape,640,480,42,21,0.4088225829999601,0.40476190476190477,0.8095238095238095,0.40625,0.84375,0.84375,0.8095238095238095,shoulder_width,0,17,0,True,True,True,True,True
train/TALK/9364838497176455-TALK.v17.npz,data/local/citizen100_v17/raw/train/TALK/9364838497176455-TALK.mp4,train,TALK,landscape,640,480,50,29,0.49185870899998463,0.5,0.8620689655172413,0.41455078125,0.875,0.65625,0.8620689655172413,shoulder_width,0,25,0,True,True,True,True,True
train/TALK/9830485175329975-TALK.v17.npz,data/local/citizen100_v17/raw/train/TALK/9830485175329975-TALK.mp4,train,TALK,landscape,640,480,89,53,0.9032314170000291,0.550561797752809,0.9245283018867925,0.456787109375,0.78125,0.78125,0.7735849056603774,shoulder_width,49,0,0,True,True,True,True,True
train/TELL/02205485916234662-TELL.v17.npz,data/local/citizen100_v17/raw/train/TELL/02205485916234662-TELL.mp4,train,TELL,landscape,640,480,67,34,0.6660453329999996,0.44776119402985076,0.8823529411764706,0.425537109375,0.96875,0.4921875,0.9705882352941176,shoulder_width,0,30,0,True,True,True,True,True
train/TELL/03799834629318344-TELL.v17.npz,data/local/citizen100_v17/raw/train/TELL/03799834629318344-TELL.mp4,train,TELL,landscape,640,480,75,41,0.8388312920000089,0.48,0.8780487804878049,0.431640625,0.8125,0.0,0.0,palm_length,0,36,0,True,True,True,True,True
train/TELL/051465824178710706-TELL.v17.npz,data/local/citizen100_v17/raw/train/TELL/051465824178710706-TELL.mp4,train,TELL,landscape,640,480,94,41,0.9958555420000152,0.39361702127659576,0.9024390243902439,0.418212890625,0.78125,0.78125,0.8048780487804879,shoulder_width,0,37,0,True,True,True,True,True
train/TELL/1784447552931374-TELL.v17.npz,data/local/citizen100_v17/raw/train/TELL/1784447552931374-TELL.mp4,train,TELL,landscape,640,480,52,32,0.5574829999999906,0.5384615384615384,0.875,0.415283203125,0.78125,0.71875,0.78125,shoulder_width,0,28,0,True,True,True,True,True
train/TELL/22047412457689952-TELL.v17.npz,data/local/citizen100_v17/raw/train/TELL/22047412457689952-TELL.mp4,train,TELL,landscape,640,480,96,40,0.9382523330000367,0.3645833333333333,0.875,0.4248046875,0.84375,0.625,0.625,shoulder_width,0,35,0,True,True,True,True,True
train/TELL/33746486664369946-TELL.v17.npz,data/local/citizen100_v17/raw/train/TELL/33746486664369946-TELL.mp4,train,TELL,landscape,640,480,45,18,0.4037057079999613,0.3111111111111111,0.7777777777777778,0.391357421875,0.5,0.390625,0.5,shoulder_width,0,14,0,True,True,True,True,True
train/TELL/3377761068886662-TELL.v17.npz,data/local/citizen100_v17/raw/train/TELL/3377761068886662-TELL.mp4,train,TELL,landscape,640,480,73,69,0.9123760840000159,0.4520547945205479,0.4782608695652174,0.2396240234375,0.9375,0.421875,0.2608695652173913,shoulder_width,23,10,0,True,True,True,True,True
train/TELL/43522383341418003-TELL.v17.npz,data/local/citizen100_v17/raw/train/TELL/43522383341418003-TELL.mp4,train,TELL,landscape,640,480,61,27,0.5839577079999572,0.3114754098360656,0.7037037037037037,0.337158203125,0.9375,0.8671875,0.9259259259259259,shoulder_width,0,19,0,True,True,True,True,True
train/TELL/446997652979815-seedTELL.v17.npz,data/local/citizen100_v17/raw/train/TELL/446997652979815-seedTELL.mp4,train,TELL,landscape,640,480,96,30,0.8618207920000032,0.2708333333333333,0.8666666666666667,0.4189453125,0.84375,0.84375,0.8333333333333334,shoulder_width,0,26,0,True,True,True,True,True
train/TELL/682290148919185-TELL.v17.npz,data/local/citizen100_v17/raw/train/TELL/682290148919185-TELL.mp4,train,TELL,landscape,640,480,65,47,0.7773966249999944,0.676923076923077,0.9361702127659575,0.449462890625,0.875,0.1640625,0.2127659574468085,shoulder_width,44,0,0,True,True,True,True,True
train/TELL/6851460951757296-TELL.v17.npz,data/local/citizen100_v17/raw/train/TELL/6851460951757296-TELL.mp4,train,TELL,landscape,640,480,68,37,0.7292264170000635,0.45588235294117646,0.8378378378378378,0.401123046875,0.6875,0.3515625,0.6756756756756757,shoulder_width,0,31,0,True,True,True,True,True
train/TELL/9517356256695517-TELL.v17.npz,data/local/citizen100_v17/raw/train/TELL/9517356256695517-TELL.mp4,train,TELL,landscape,640,480,57,43,0.755153082999982,0.5614035087719298,0.7441860465116279,0.352783203125,0.75,0.75,0.7674418604651163,shoulder_width,13,22,0,True,True,True,True,True
train/TELL/9546720188783062-TELL.v17.npz,data/local/citizen100_v17/raw/train/TELL/9546720188783062-TELL.mp4,train,TELL,landscape,640,480,51,28,0.5397327910000058,0.47058823529411764,0.8571428571428571,0.4189453125,0.90625,0.8359375,0.8928571428571429,shoulder_width,0,24,0,True,True,True,True,True
train/TELL/9622466467630577-TELL.v17.npz,data/local/citizen100_v17/raw/train/TELL/9622466467630577-TELL.mp4,train,TELL,landscape,640,480,96,39,0.8995151660000147,0.3541666666666667,0.8717948717948718,0.474609375,0.84375,0.6328125,0.8461538461538461,shoulder_width,5,34,0,True,True,True,True,True
train/TELL/9662843888411099-TELL.v17.npz,data/local/citizen100_v17/raw/train/TELL/9662843888411099-TELL.mp4,train,TELL,landscape,640,480,68,29,0.6427770420000343,0.36764705882352944,0.8620689655172413,0.428466796875,0.59375,0.59375,0.5862068965517241,shoulder_width,0,25,0,True,True,True,True,True
train/THANKYOU/014439537236845323-THANK YOU.v17.npz,data/local/citizen100_v17/raw/train/THANKYOU/014439537236845323-THANK YOU.mp4,train,THANKYOU,landscape,640,480,89,40,1.025643291999927,0.38202247191011235,0.85,0.4189453125,0.8125,0.4140625,0.05,shoulder_width,33,1,0,True,True,True,True,True
train/THANKYOU/021145910536055412-THANK YOU.v17.npz,data/local/citizen100_v17/raw/train/THANKYOU/021145910536055412-THANK YOU.mp4,train,THANKYOU,landscape,640,480,88,40,1.0574355830000286,0.4090909090909091,0.9,0.433837890625,0.8125,0.0,0.0,palm_length,0,36,0,True,True,True,True,True
train/THANKYOU/031705941185190545-THANK YOU.v17.npz,data/local/citizen100_v17/raw/train/THANKYOU/031705941185190545-THANK YOU.mp4,train,THANKYOU,landscape,640,480,52,38,0.7284168749999935,0.5192307692307693,0.7105263157894737,0.431640625,0.875,0.1875,0.23684210526315788,shoulder_width,26,8,0,True,True,True,True,True
train/THANKYOU/034197610787212396-THANK YOU.v17.npz,data/local/citizen100_v17/raw/train/THANKYOU/034197610787212396-THANK YOU.mp4,train,THANKYOU,landscape,640,480,41,17,0.46065037500000017,0.3170731707317073,0.7647058823529411,0.391357421875,0.5625,0.4375,0.5294117647058824,shoulder_width,0,13,0,True,True,True,True,True
train/THANKYOU/06476990357042611-THANK YOU.v17.npz,data/local/citizen100_v17/raw/train/THANKYOU/06476990357042611-THANK YOU.mp4,train,THANKYOU,landscape,640,480,60,26,0.6593797079999604,0.36666666666666664,0.8461538461538461,0.41748046875,0.65625,0.65625,0.6538461538461539,shoulder_width,1,22,0,True,True,True,True,True
train/THANKYOU/0912245735671211-THANK YOU.v17.npz,data/local/citizen100_v17/raw/train/THANKYOU/0912245735671211-THANK YOU.mp4,train,THANKYOU,landscape,640,480,86,37,0.8047820829999637,0.38372093023255816,0.8918918918918919,0.412841796875,0.875,0.453125,0.8918918918918919,shoulder_width,0,33,0,True,True,True,True,True
train/THANKYOU/15769775934939156-THANK YOU.v17.npz,data/local/citizen100_v17/raw/train/THANKYOU/15769775934939156-THANK YOU.mp4,train,THANKYOU,landscape,640,480,51,27,0.504210583000031,0.45098039215686275,0.8518518518518519,0.424072265625,0.625,0.625,0.6296296296296297,shoulder_width,0,23,0,True,True,True,True,True
train/THANKYOU/274897834577152-THANK YOU.v17.npz,data/local/citizen100_v17/raw/train/THANKYOU/274897834577152-THANK YOU.mp4,train,THANKYOU,landscape,640,480,74,49,0.7872534580000092,0.5540540540540541,0.8367346938775511,0.40185546875,0.8125,0.53125,0.673469387755102,shoulder_width,0,41,0,True,True,True,True,True
train/THANKYOU/3790733585897841-seedTHANK YOU.v17.npz,data/local/citizen100_v17/raw/train/THANKYOU/3790733585897841-seedTHANK YOU.mp4,train,THANKYOU,landscape,640,480,96,29,0.8558824590000995,0.2604166666666667,0.8620689655172413,0.430908203125,0.875,0.875,0.8620689655172413,shoulder_width,0,25,0,True,True,True,True,True
train/THANKYOU/39425766670939555-THANK YOU.v17.npz,data/local/citizen100_v17/raw/train/THANKYOU/39425766670939555-THANK YOU.mp4,train,THANKYOU,landscape,640,480,96,37,0.9535975420000113,0.34375,0.8918918918918919,0.418212890625,0.6875,0.6875,0.6756756756756757,shoulder_width,0,33,0,True,True,True,True,True
train/THANKYOU/5932207271660643-THANK YOU.v17.npz,data/local/citizen100_v17/raw/train/THANKYOU/5932207271660643-THANK YOU.mp4,train,THANKYOU,landscape,640,480,96,55,0.9426442500000576,0.4375,0.7636363636363637,0.36083984375,0.875,0.875,0.8909090909090909,shoulder_width,0,42,0,True,True,True,True,True
train/THANKYOU/6508465822424006-THANK YOU.v17.npz,data/local/citizen100_v17/raw/train/THANKYOU/6508465822424006-THANK YOU.mp4,train,THANKYOU,landscape,640,480,77,26,0.7237442919999921,0.2857142857142857,0.8461538461538461,0.424072265625,0.65625,0.015625,0.038461538461538464,shoulder_width,0,22,0,True,True,True,True,True
train/THANKYOU/6528064521146906-THANK YOU.v17.npz,data/local/citizen100_v17/raw/train/THANKYOU/6528064521146906-THANK YOU.mp4,train,THANKYOU,landscape,640,480,73,33,0.7496552500000462,0.3972602739726027,0.8787878787878788,0.418212890625,0.75,0.5625,0.7575757575757576,shoulder_width,0,29,0,True,True,True,True,True
train/THANKYOU/6912280773625425-THANK YOU.v17.npz,data/local/citizen100_v17/raw/train/THANKYOU/6912280773625425-THANK YOU.mp4,train,THANKYOU,landscape,640,480,62,37,0.6084579999999278,0.5,0.8378378378378378,0.395751953125,0.875,0.875,0.8918918918918919,shoulder_width,0,31,0,True,True,True,True,True
train/THANKYOU/7535449770372906-THANK YOU.v17.npz,data/local/citizen100_v17/raw/train/THANKYOU/7535449770372906-THANK YOU.mp4,train,THANKYOU,landscape,640,480,92,57,1.187979458999962,0.45652173913043476,0.7368421052631579,0.314697265625,0.84375,0.84375,0.8596491228070176,shoulder_width,8,34,0,True,True,True,True,True
train/THANKYOU/8487114823108493-THANK YOU.v17.npz,data/local/citizen100_v17/raw/train/THANKYOU/8487114823108493-THANK YOU.mp4,train,THANKYOU,landscape,640,480,96,36,0.9641335840000238,0.3333333333333333,0.8888888888888888,0.41748046875,0.6875,0.234375,0.4722222222222222,shoulder_width,0,32,0,True,True,True,True,True
train/THEY/043586308791437656-seedTHEY.v17.npz,data/local/citizen100_v17/raw/train/THEY/043586308791437656-seedTHEY.mp4,train,THEY,landscape,640,480,96,37,0.8917573749999974,0.34375,0.8918918918918919,0.42041015625,0.875,0.875,0.8918918918918919,shoulder_width,0,33,0,True,True,True,True,True
train/THEY/09925483539097146-THEY.v17.npz,data/local/citizen100_v17/raw/train/THEY/09925483539097146-THEY.mp4,train,THEY,landscape,640,480,85,35,0.7884026250000034,0.36470588235294116,0.8857142857142857,0.427001953125,0.6875,0.515625,0.7142857142857143,shoulder_width,0,31,0,True,True,True,True,True
train/THEY/2595760307657029-THEY.v17.npz,data/local/citizen100_v17/raw/train/THEY/2595760307657029-THEY.mp4,train,THEY,landscape,640,480,81,47,0.9454814160000069,0.49382716049382713,0.851063829787234,0.38916015625,0.875,0.875,0.8723404255319149,shoulder_width,1,39,0,True,True,True,True,True
train/THEY/26657946023294365-THEY.v17.npz,data/local/citizen100_v17/raw/train/THEY/26657946023294365-THEY.mp4,train,THEY,landscape,640,480,75,37,0.7397085000000061,0.44,0.8918918918918919,0.428466796875,0.875,0.0,0.0,palm_length,0,33,0,True,True,True,True,True
train/THEY/39433246279112355-THEY.v17.npz,data/local/citizen100_v17/raw/train/THEY/39433246279112355-THEY.mp4,train,THEY,landscape,640,480,58,29,0.552544375000025,0.43103448275862066,0.8620689655172413,0.40771484375,0.875,0.875,0.8620689655172413,shoulder_width,0,25,0,True,True,True,True,True
train/THEY/4163876725261626-THEY.v17.npz,data/local/citizen100_v17/raw/train/THEY/4163876725261626-THEY.mp4,train,THEY,landscape,640,480,45,29,0.5092118329999948,0.5555555555555556,0.8620689655172413,0.422607421875,0.875,0.0234375,0.034482758620689655,shoulder_width,0,25,0,True,True,True,True,True
train/THEY/5247185728423776-THEY.v17.npz,data/local/citizen100_v17/raw/train/THEY/5247185728423776-THEY.mp4,train,THEY,landscape,640,480,44,17,0.44280416699996294,0.29545454545454547,0.7647058823529411,0.397216796875,0.5625,0.4375,0.5294117647058824,shoulder_width,0,13,0,True,True,True,True,True
train/THEY/5781985412875206-THEY.v17.npz,data/local/citizen100_v17/raw/train/THEY/5781985412875206-THEY.mp4,train,THEY,landscape,640,480,64,36,0.7072220000000016,0.484375,0.8611111111111112,0.41064453125,0.90625,0.03125,0.05555555555555555,shoulder_width,0,31,0,True,True,True,True,True
train/THEY/6030593909711668-THEY.v17.npz,data/local/citizen100_v17/raw/train/THEY/6030593909711668-THEY.mp4,train,THEY,landscape,640,480,70,32,0.7431057909999481,0.34285714285714286,0.75,0.354248046875,0.78125,0.78125,0.78125,shoulder_width,0,24,0,True,True,True,True,True
train/THEY/6172830148886315-THEY.v17.npz,data/local/citizen100_v17/raw/train/THEY/6172830148886315-THEY.mp4,train,THEY,landscape,640,480,96,34,0.8763417919999483,0.3125,0.8823529411764706,0.427734375,0.96875,0.96875,0.9705882352941176,shoulder_width,0,30,0,True,True,True,True,True
train/THEY/7717057217254395-THEY.v17.npz,data/local/citizen100_v17/raw/train/THEY/7717057217254395-THEY.mp4,train,THEY,landscape,640,480,87,41,0.8618282920000411,0.42528735632183906,0.9024390243902439,0.432373046875,0.78125,0.59375,0.8048780487804879,shoulder_width,0,37,0,True,True,True,True,True
train/THEY/8679293440719862-THEY.v17.npz,data/local/citizen100_v17/raw/train/THEY/8679293440719862-THEY.mp4,train,THEY,landscape,640,480,61,34,0.6117808750000222,0.4918032786885246,0.8823529411764706,0.4091796875,0.71875,0.609375,0.7352941176470589,shoulder_width,0,30,0,True,True,True,True,True
train/THEY/8902733237714864-THEY.v17.npz,data/local/citizen100_v17/raw/train/THEY/8902733237714864-THEY.mp4,train,THEY,landscape,640,480,62,35,0.6069737500000656,0.5,0.8857142857142857,0.42041015625,0.6875,0.4609375,0.7142857142857143,shoulder_width,31,0,0,True,True,True,True,True
train/THEY/8999403469318679-THEY.v17.npz,data/local/citizen100_v17/raw/train/THEY/8999403469318679-THEY.mp4,train,THEY,landscape,640,480,51,29,0.5165399999999636,0.49019607843137253,0.8620689655172413,0.432373046875,0.875,0.6640625,0.8620689655172413,shoulder_width,0,25,0,True,True,True,True,True
train/THEY/9450633955249712-THEY.v17.npz,data/local/citizen100_v17/raw/train/THEY/9450633955249712-THEY.mp4,train,THEY,landscape,640,480,96,36,0.8979581670000698,0.3333333333333333,0.8888888888888888,0.416015625,0.90625,0.1953125,0.027777777777777776,shoulder_width,0,32,0,True,True,True,True,True
train/THEY/9566049112694803-THEY.v17.npz,data/local/citizen100_v17/raw/train/THEY/9566049112694803-THEY.mp4,train,THEY,landscape,640,480,65,40,0.6718923330000734,0.5538461538461539,0.9,0.436767578125,0.8125,0.0,0.0,palm_length,0,36,0,True,True,True,True,True
train/THEY/9802753357268721-THEY.v17.npz,data/local/citizen100_v17/raw/train/THEY/9802753357268721-THEY.mp4,train,THEY,landscape,640,480,47,29,0.4572828750000326,0.5319148936170213,0.8620689655172413,0.404052734375,0.5625,0.3671875,0.5862068965517241,shoulder_width,0,25,0,True,True,True,True,True
train/THEY/9975042171428656-THEY.v17.npz,data/local/citizen100_v17/raw/train/THEY/9975042171428656-THEY.mp4,train,THEY,landscape,640,480,96,40,0.8964051670000117,0.375,0.9,0.43017578125,0.8125,0.8125,0.825,shoulder_width,0,36,0,True,True,True,True,True
train/THINK/16629744901108845-THINK.v17.npz,data/local/citizen100_v17/raw/train/THINK/16629744901108845-THINK.mp4,train,THINK,landscape,640,480,96,37,0.9138527910000676,0.34375,0.8918918918918919,0.43017578125,0.6875,0.34375,0.0,palm_length,0,33,0,True,True,True,True,True
train/THINK/1900191486784637-THINK.v17.npz,data/local/citizen100_v17/raw/train/THINK/1900191486784637-THINK.mp4,train,THINK,landscape,640,480,45,24,0.4401041250000617,0.4,0.75,0.358642578125,0.71875,0.71875,0.7083333333333334,shoulder_width,0,18,0,True,True,True,True,True
train/THINK/1931829449490161-THINK.v17.npz,data/local/citizen100_v17/raw/train/THINK/1931829449490161-THINK.mp4,train,THINK,landscape,640,480,66,32,0.6959052920000204,0.42424242424242425,0.875,0.430908203125,0.78125,0.0703125,0.0,palm_length,0,28,0,True,True,True,True,True
train/THINK/26212242869528013-THINK.v17.npz,data/local/citizen100_v17/raw/train/THINK/26212242869528013-THINK.mp4,train,THINK,landscape,640,480,91,55,0.9521807920000356,0.5164835164835165,0.8545454545454545,0.402587890625,0.875,0.46875,0.32727272727272727,shoulder_width,1,46,0,True,True,True,True,True
train/THINK/2736869319842712-THINK.v17.npz,data/local/citizen100_v17/raw/train/THINK/2736869319842712-THINK.mp4,train,THINK,landscape,640,480,49,24,0.4881909580000183,0.40816326530612246,0.8333333333333334,0.396484375,0.71875,0.03125,0.041666666666666664,shoulder_width,0,20,0,True,True,True,True,True
train/THINK/2903285066765289-THINK.v17.npz,data/local/citizen100_v17/raw/train/THINK/2903285066765289-THINK.mp4,train,THINK,landscape,640,480,87,40,0.9554905829999143,0.41379310344827586,0.9,0.4375,0.8125,0.6640625,0.825,shoulder_width,0,36,0,True,True,True,True,True
train/THINK/31962282125568064-THINK.v17.npz,data/local/citizen100_v17/raw/train/THINK/31962282125568064-THINK.mp4,train,THINK,landscape,640,480,49,21,0.5102598749999743,0.3469387755102041,0.8095238095238095,0.397216796875,0.84375,0.84375,0.8095238095238095,shoulder_width,0,17,0,True,True,True,True,True
train/THINK/32286789380855874-THINK.v17.npz,data/local/citizen100_v17/raw/train/THINK/32286789380855874-THINK.mp4,train,THINK,landscape,640,480,63,63,0.8752203749999126,1.0,1.0,0.75732421875,0.90625,0.234375,0.2857142857142857,shoulder_width,63,34,0,True,True,True,True,True
train/THINK/46593950586469-THINK.v17.npz,data/local/citizen100_v17/raw/train/THINK/46593950586469-THINK.mp4,train,THINK,landscape,640,480,87,56,0.9276504590000059,0.5977011494252874,0.9285714285714286,0.4501953125,0.875,0.7421875,0.875,shoulder_width,0,52,0,True,True,True,True,True
train/THINK/4958280251317906-THINK.v17.npz,data/local/citizen100_v17/raw/train/THINK/4958280251317906-THINK.mp4,train,THINK,landscape,640,480,50,23,0.4869709589999047,0.38,0.8260869565217391,0.401123046875,0.75,0.75,0.7391304347826086,shoulder_width,0,19,0,True,True,True,True,True
train/THINK/5338341147221657-THINK.v17.npz,data/local/citizen100_v17/raw/train/THINK/5338341147221657-THINK.mp4,train,THINK,landscape,640,480,49,28,0.4961868750000349,0.4897959183673469,0.8571428571428571,0.427001953125,0.59375,0.0234375,0.03571428571428571,shoulder_width,0,24,0,True,True,True,True,True
train/THINK/5942910381149817-THINK.v17.npz,data/local/citizen100_v17/raw/train/THINK/5942910381149817-THINK.mp4,train,THINK,landscape,640,480,84,44,0.8214287910000166,0.47619047619047616,0.9090909090909091,0.435302734375,0.9375,0.453125,0.22727272727272727,shoulder_width,40,0,0,True,True,True,True,True
train/THINK/5977762842020984-THINK.v17.npz,data/local/citizen100_v17/raw/train/THINK/5977762842020984-THINK.mp4,train,THINK,landscape,640,480,70,47,0.7241087909999351,0.6,0.8936170212765957,0.416748046875,0.84375,0.6015625,0.8723404255319149,shoulder_width,42,0,0,True,True,True,True,True
train/THINK/7219677772800852-THINK.v17.npz,data/local/citizen100_v17/raw/train/THINK/7219677772800852-THINK.mp4,train,THINK,landscape,640,480,55,30,0.5642376669999294,0.45454545454545453,0.8333333333333334,0.42041015625,0.84375,0.140625,0.3,shoulder_width,0,25,0,True,True,True,True,True
train/THINK/7309761535441566-seedTHINK.v17.npz,data/local/citizen100_v17/raw/train/THINK/7309761535441566-seedTHINK.mp4,train,THINK,landscape,640,480,92,43,0.8540090420000297,0.42391304347826086,0.9069767441860465,0.436767578125,0.75,0.75,0.7674418604651163,shoulder_width,0,39,0,True,True,True,True,True
train/THINK/8981918903910342-THINK.v17.npz,data/local/citizen100_v17/raw/train/THINK/8981918903910342-THINK.mp4,train,THINK,landscape,640,480,60,35,0.6079132080000136,0.5166666666666667,0.8857142857142857,0.431640625,0.9375,0.03125,0.05714285714285714,shoulder_width,31,0,0,True,True,True,True,True
train/TIME/043686703964957996-TIME.v17.npz,data/local/citizen100_v17/raw/train/TIME/043686703964957996-TIME.mp4,train,TIME,landscape,640,480,96,38,0.9745144580000442,0.3541666666666667,0.8947368421052632,0.74560546875,0.875,0.875,0.868421052631579,shoulder_width,27,34,0,True,True,True,True,True
train/TIME/052979060600704786-TIME.v17.npz,data/local/citizen100_v17/raw/train/TIME/052979060600704786-TIME.mp4,train,TIME,landscape,640,480,96,38,1.0564622910000026,0.3541666666666667,0.8947368421052632,0.75732421875,0.875,0.6640625,0.868421052631579,shoulder_width,28,34,0,True,True,True,True,True
train/TIME/09798493578297407-TIME.v17.npz,data/local/citizen100_v17/raw/train/TIME/09798493578297407-TIME.mp4,train,TIME,landscape,640,480,66,51,0.7382054999999355,0.48484848484848486,0.6274509803921569,0.5029296875,0.78125,0.5625,0.803921568627451,shoulder_width,24,30,0,True,True,True,True,True
train/TIME/13296834273169988-TIME.v17.npz,data/local/citizen100_v17/raw/train/TIME/13296834273169988-TIME.mp4,train,TIME,landscape,640,480,50,33,0.5800493750000442,0.56,0.8484848484848485,0.58251953125,0.75,0.5703125,0.7575757575757576,shoulder_width,17,28,0,True,True,True,True,True
train/TIME/33232019825309056-TIME.v17.npz,data/local/citizen100_v17/raw/train/TIME/33232019825309056-TIME.mp4,train,TIME,landscape,640,480,62,35,0.7353017499999623,0.5,0.8857142857142857,0.83349609375,0.6875,0.6875,0.7142857142857143,shoulder_width,30,30,0,True,True,True,True,True
train/TIME/3521379034117642-TIME.v17.npz,data/local/citizen100_v17/raw/train/TIME/3521379034117642-TIME.mp4,train,TIME,landscape,640,480,43,24,0.4631809999999632,0.46511627906976744,0.8333333333333334,0.69580078125,0.71875,0.71875,0.7083333333333334,shoulder_width,19,18,0,True,True,True,True,True
train/TIME/566327103640174-TIME.v17.npz,data/local/citizen100_v17/raw/train/TIME/566327103640174-TIME.mp4,train,TIME,landscape,640,480,81,43,0.9021754169999667,0.48148148148148145,0.9069767441860465,0.73681640625,0.75,0.40625,0.5813953488372093,shoulder_width,30,38,0,True,True,True,True,True
train/TIME/6017424580561013-TIME.v17.npz,data/local/citizen100_v17/raw/train/TIME/6017424580561013-TIME.mp4,train,TIME,landscape,640,480,87,41,0.9302127089999885,0.40229885057471265,0.8536585365853658,0.787109375,0.8125,0.8125,0.8048780487804879,shoulder_width,31,34,0,True,True,True,True,True
train/TIME/603452666892295-TIME.v17.npz,data/local/citizen100_v17/raw/train/TIME/603452666892295-TIME.mp4,train,TIME,landscape,640,480,78,43,0.8992307920000258,0.48717948717948717,0.8837209302325582,0.7998046875,0.75,0.7109375,0.7674418604651163,shoulder_width,36,38,0,True,True,True,True,True
train/TIME/6568502454895795-TIME.v17.npz,data/local/citizen100_v17/raw/train/TIME/6568502454895795-TIME.mp4,train,TIME,landscape,640,480,80,41,0.9255721669999275,0.4625,0.9024390243902439,0.7216796875,0.78125,0.015625,0.024390243902439025,shoulder_width,25,37,0,True,True,True,True,True
train/TIME/6967706324190324-TIME.v17.npz,data/local/citizen100_v17/raw/train/TIME/6967706324190324-TIME.mp4,train,TIME,landscape,640,480,55,39,0.6629007920000731,0.6727272727272727,0.9487179487179487,0.79931640625,0.84375,0.6328125,0.8461538461538461,shoulder_width,31,37,0,True,True,True,True,True
train/TIME/7396831048598065-TIME.v17.npz,data/local/citizen100_v17/raw/train/TIME/7396831048598065-TIME.mp4,train,TIME,landscape,640,480,51,26,0.5626986250000527,0.43137254901960786,0.8461538461538461,0.72314453125,0.65625,0.65625,0.6538461538461539,shoulder_width,21,19,0,True,True,True,True,True
train/TIME/8056235018969913-TIME.v17.npz,data/local/citizen100_v17/raw/train/TIME/8056235018969913-TIME.mp4,train,TIME,landscape,640,480,48,27,0.533409916000096,0.4791666666666667,0.8518518518518519,0.52978515625,0.625,0.46875,0.6296296296296297,shoulder_width,16,23,0,True,True,True,True,True
train/TIME/945208701210648-TIME.v17.npz,data/local/citizen100_v17/raw/train/TIME/945208701210648-TIME.mp4,train,TIME,landscape,640,480,75,38,0.8529654579999715,0.4533333333333333,0.8947368421052632,0.71435546875,0.875,0.6640625,0.868421052631579,shoulder_width,24,34,0,True,True,True,True,True
train/TIME/9956589338184496-seedTIME.v17.npz,data/local/citizen100_v17/raw/train/TIME/9956589338184496-seedTIME.mp4,train,TIME,landscape,640,480,96,63,0.9758246669999835,0.2604166666666667,0.3968253968253968,0.290283203125,0.875,0.875,0.9047619047619048,shoulder_width,20,24,0,True,True,True,True,True
train/TIRED/13028722721040342-TIRED.v17.npz,data/local/citizen100_v17/raw/train/TIRED/13028722721040342-TIRED.mp4,train,TIRED,landscape,640,480,56,34,0.6227097909999202,0.5357142857142857,0.8823529411764706,0.80517578125,0.71875,0.3125,0.5,shoulder_width,27,29,0,True,True,True,True,True
train/TIRED/1542018459581047-TIRED.v17.npz,data/local/citizen100_v17/raw/train/TIRED/1542018459581047-TIRED.mp4,train,TIRED,landscape,640,480,74,37,0.8221076250000579,0.44594594594594594,0.8918918918918919,0.818359375,0.875,0.359375,0.4594594594594595,shoulder_width,31,33,0,True,True,True,True,True
train/TIRED/2572306090941583-TIRED.v17.npz,data/local/citizen100_v17/raw/train/TIRED/2572306090941583-TIRED.mp4,train,TIRED,landscape,640,480,96,59,1.0876787500000091,0.5729166666666666,0.9322033898305084,0.8154296875,0.84375,0.390625,0.3050847457627119,shoulder_width,45,55,0,True,True,True,True,True
train/TIRED/2929541435372467-TIRED.v17.npz,data/local/citizen100_v17/raw/train/TIRED/2929541435372467-TIRED.mp4,train,TIRED,landscape,640,480,96,57,1.0918771660000175,0.5520833333333334,0.9298245614035088,0.83349609375,0.84375,0.84375,0.8596491228070176,shoulder_width,46,53,0,True,True,True,True,True
train/TIRED/30872695257963656-TIRED.v17.npz,data/local/citizen100_v17/raw/train/TIRED/30872695257963656-TIRED.mp4,train,TIRED,landscape,640,480,65,39,0.8077708340000527,0.5384615384615384,0.8974358974358975,0.80224609375,0.84375,0.2109375,0.2564102564102564,shoulder_width,32,35,0,True,True,True,True,True
train/TIRED/3377658876876861-TIRED.v17.npz,data/local/citizen100_v17/raw/train/TIRED/3377658876876861-TIRED.mp4,train,TIRED,landscape,640,480,55,31,0.6588777089999667,0.4909090909090909,0.8709677419354839,0.82373046875,0.8125,0.75,0.8064516129032258,shoulder_width,27,25,0,True,True,True,True,True
train/TIRED/4509547091032866-TIRED.v17.npz,data/local/citizen100_v17/raw/train/TIRED/4509547091032866-TIRED.mp4,train,TIRED,landscape,640,480,96,49,1.1395417500000349,0.46875,0.9183673469387755,0.8623046875,0.84375,0.84375,0.8367346938775511,shoulder_width,43,44,0,True,True,True,True,True
train/TIRED/475127353077462-seedTIRED.v17.npz,data/local/citizen100_v17/raw/train/TIRED/475127353077462-seedTIRED.mp4,train,TIRED,landscape,640,480,96,26,1.2037388330001022,0.22916666666666666,0.8461538461538461,0.80078125,0.65625,0.65625,0.6538461538461539,shoulder_width,22,21,0,True,True,True,True,True
train/TIRED/5389522809985581-TIRED.v17.npz,data/local/citizen100_v17/raw/train/TIRED/5389522809985581-TIRED.mp4,train,TIRED,landscape,640,480,58,23,0.8539193750000322,0.3275862068965517,0.8260869565217391,0.75830078125,0.75,0.65625,0.7391304347826086,shoulder_width,19,17,0,True,True,True,True,True
train/TIRED/5844816745369699-TIRED.v17.npz,data/local/citizen100_v17/raw/train/TIRED/5844816745369699-TIRED.mp4,train,TIRED,landscape,640,480,96,86,1.452683916000069,0.6979166666666666,0.7790697674418605,0.57275390625,0.9375,0.9375,0.9418604651162791,shoulder_width,44,67,0,True,True,True,True,True
train/TIRED/6064203764964768-TIRED.v17.npz,data/local/citizen100_v17/raw/train/TIRED/6064203764964768-TIRED.mp4,train,TIRED,landscape,640,480,38,27,0.46586212499994417,0.5,0.7037037037037037,0.7255859375,0.625,0.34375,0.3333333333333333,shoulder_width,15,19,0,True,True,True,True,True
train/TIRED/8186237678554815-TIRED.v17.npz,data/local/citizen100_v17/raw/train/TIRED/8186237678554815-TIRED.mp4,train,TIRED,landscape,640,480,72,44,0.8502483329999677,0.5416666666666666,0.8863636363636364,0.7587890625,0.75,0.703125,0.75,shoulder_width,30,39,0,True,True,True,True,True
train/TIRED/9280283055714456-TIRED.v17.npz,data/local/citizen100_v17/raw/train/TIRED/9280283055714456-TIRED.mp4,train,TIRED,landscape,640,480,88,47,0.9840138749999596,0.48863636363636365,0.9148936170212766,0.8291015625,0.875,0.2109375,0.2127659574468085,shoulder_width,41,41,0,True,True,True,True,True
train/TOMORROW/09163677816779625-TOMORROW.v17.npz,data/local/citizen100_v17/raw/train/TOMORROW/09163677816779625-TOMORROW.mp4,train,TOMORROW,landscape,640,480,50,29,0.5249575000000277,0.46,0.7931034482758621,0.41064453125,0.875,0.875,0.8620689655172413,shoulder_width,0,23,0,True,True,True,True,True
train/TOMORROW/11902173661620474-TOMORROW.v17.npz,data/local/citizen100_v17/raw/train/TOMORROW/11902173661620474-TOMORROW.mp4,train,TOMORROW,landscape,640,480,73,34,0.7248851659999218,0.410958904109589,0.8823529411764706,0.419677734375,0.71875,0.2578125,0.5,shoulder_width,0,30,0,True,True,True,True,True
train/TOMORROW/19770410991779142-TOMORROW.v17.npz,data/local/citizen100_v17/raw/train/TOMORROW/19770410991779142-TOMORROW.mp4,train,TOMORROW,landscape,640,480,54,31,0.5535282079999888,0.48148148148148145,0.8387096774193549,0.404052734375,0.8125,0.234375,0.06451612903225806,shoulder_width,0,26,0,True,True,True,True,True
train/TOMORROW/22231383812312244-TOMORROW.v17.npz,data/local/citizen100_v17/raw/train/TOMORROW/22231383812312244-TOMORROW.mp4,train,TOMORROW,landscape,640,480,82,45,0.8464677910000091,0.4878048780487805,0.8888888888888888,0.4189453125,0.75,0.4453125,0.044444444444444446,shoulder_width,40,0,0,True,True,True,True,True
train/TOMORROW/4172907858857664-seedTOMORROW.v17.npz,data/local/citizen100_v17/raw/train/TOMORROW/4172907858857664-seedTOMORROW.mp4,train,TOMORROW,landscape,640,480,96,41,0.9282194579999441,0.3854166666666667,0.9024390243902439,0.43603515625,0.78125,0.78125,0.8048780487804879,shoulder_width,0,37,0,True,True,True,True,True
train/TOMORROW/4343241095939201-TOMORROW.v17.npz,data/local/citizen100_v17/raw/train/TOMORROW/4343241095939201-TOMORROW.mp4,train,TOMORROW,landscape,640,480,96,27,1.0228045000000066,0.23958333333333334,0.8518518518518519,0.39501953125,0.9375,0.4765625,0.9259259259259259,shoulder_width,0,23,0,True,True,True,True,True
train/TOMORROW/4362793797127771-TOMORROW.v17.npz,data/local/citizen100_v17/raw/train/TOMORROW/4362793797127771-TOMORROW.mp4,train,TOMORROW,landscape,640,480,57,34,0.6442403329999706,0.5263157894736842,0.8823529411764706,0.416015625,0.71875,0.4296875,0.7352941176470589,shoulder_width,0,30,0,True,True,True,True,True
train/TOMORROW/49914475306883-TOMORROW.v17.npz,data/local/citizen100_v17/raw/train/TOMORROW/49914475306883-TOMORROW.mp4,train,TOMORROW,landscape,640,480,96,60,1.0734674999999925,0.3645833333333333,0.5833333333333334,0.2841796875,0.9375,0.875,0.95,shoulder_width,0,35,0,True,True,True,True,True
train/TOMORROW/5055891945777851-TOMORROW.v17.npz,data/local/citizen100_v17/raw/train/TOMORROW/5055891945777851-TOMORROW.mp4,train,TOMORROW,landscape,640,480,83,47,0.8425903749999861,0.5180722891566265,0.9148936170212766,0.431640625,0.875,0.328125,0.19148936170212766,shoulder_width,0,43,0,True,True,True,True,True
train/TOMORROW/52182646297618-TOMORROW.v17.npz,data/local/citizen100_v17/raw/train/TOMORROW/52182646297618-TOMORROW.mp4,train,TOMORROW,landscape,640,480,62,18,0.5323162079999975,0.22580645161290322,0.7777777777777778,0.365966796875,0.5,0.375,0.5,shoulder_width,0,14,0,True,True,True,True,True
train/TOMORROW/6091965583018604-TOMORROW.v17.npz,data/local/citizen100_v17/raw/train/TOMORROW/6091965583018604-TOMORROW.mp4,train,TOMORROW,landscape,640,480,39,21,0.355990625000004,0.358974358974359,0.6666666666666666,0.33544921875,0.4375,0.4375,0.42857142857142855,shoulder_width,0,14,0,True,True,True,True,True
train/TOMORROW/710447421608613-TOMORROW.v17.npz,data/local/citizen100_v17/raw/train/TOMORROW/710447421608613-TOMORROW.mp4,train,TOMORROW,landscape,640,480,65,34,0.6560649169999806,0.4461538461538462,0.8529411764705882,0.3935546875,0.96875,0.96875,0.9705882352941176,shoulder_width,0,29,0,True,True,True,True,True
train/TOMORROW/7814665342660105-TOMORROW.v17.npz,data/local/citizen100_v17/raw/train/TOMORROW/7814665342660105-TOMORROW.mp4,train,TOMORROW,landscape,640,480,49,22,0.48152370899993,0.3673469387755102,0.8181818181818182,0.396484375,0.78125,0.78125,0.7727272727272727,shoulder_width,0,18,0,True,True,True,True,True
train/TOMORROW/8749149490186505-TOMORROW.v17.npz,data/local/citizen100_v17/raw/train/TOMORROW/8749149490186505-TOMORROW.mp4,train,TOMORROW,landscape,640,480,78,43,0.8242903749999186,0.5,0.9069767441860465,0.412841796875,0.78125,0.0078125,0.0,palm_length,0,39,0,True,True,True,True,True
train/TOMORROW/9076139907774032-TOMORROW.v17.npz,data/local/citizen100_v17/raw/train/TOMORROW/9076139907774032-TOMORROW.mp4,train,TOMORROW,landscape,640,480,51,26,0.5539297909999732,0.43137254901960786,0.8461538461538461,0.418212890625,0.65625,0.015625,0.038461538461538464,shoulder_width,0,22,0,True,True,True,True,True
train/TOMORROW/9924885587671943-TOMORROW.v17.npz,data/local/citizen100_v17/raw/train/TOMORROW/9924885587671943-TOMORROW.mp4,train,TOMORROW,landscape,640,480,48,30,0.48415658400006123,0.5416666666666666,0.8666666666666667,0.428466796875,0.84375,0.7109375,0.8333333333333334,shoulder_width,0,26,0,True,True,True,True,True
train/TRY/06018469668284587-TRY.v17.npz,data/local/citizen100_v17/raw/train/TRY/06018469668284587-TRY.mp4,train,TRY,landscape,640,480,40,18,0.4183888750000051,0.35,0.7777777777777778,0.7470703125,0.53125,0.53125,0.5,shoulder_width,13,13,0,True,True,True,True,True
train/TRY/1576044099226599-TRY.v17.npz,data/local/citizen100_v17/raw/train/TRY/1576044099226599-TRY.mp4,train,TRY,landscape,640,480,48,22,0.49919166699999096,0.375,0.8181818181818182,0.67041015625,0.78125,0.59375,0.7727272727272727,shoulder_width,18,12,0,True,True,True,True,True
train/TRY/19863987386755166-TRY.v17.npz,data/local/citizen100_v17/raw/train/TRY/19863987386755166-TRY.mp4,train,TRY,landscape,640,480,58,34,0.7225776249999853,0.5172413793103449,0.8823529411764706,0.759765625,0.71875,0.6640625,0.7352941176470589,shoulder_width,29,25,0,True,True,True,True,True
train/TRY/21482100381740965-seedTRY.v17.npz,data/local/citizen100_v17/raw/train/TRY/21482100381740965-seedTRY.mp4,train,TRY,landscape,640,480,96,66,1.0197350000000824,0.2708333333333333,0.3939393939393939,0.364501953125,0.96875,0.96875,0.9848484848484849,shoulder_width,25,25,0,True,True,True,True,True
train/TRY/23697660734036052-TRY.v17.npz,data/local/citizen100_v17/raw/train/TRY/23697660734036052-TRY.mp4,train,TRY,landscape,640,480,56,39,0.6551898750000191,0.625,0.8974358974358975,0.7666015625,0.84375,0.234375,0.05128205128205128,shoulder_width,31,32,0,True,True,True,True,True
train/TRY/305530143416596-TRY.v17.npz,data/local/citizen100_v17/raw/train/TRY/305530143416596-TRY.mp4,train,TRY,landscape,640,480,49,25,0.5758090000000493,0.42857142857142855,0.84,0.740234375,0.6875,0.0234375,0.04,shoulder_width,19,20,0,True,True,True,True,True
train/TRY/30906851369541566-TRY.v17.npz,data/local/citizen100_v17/raw/train/TRY/30906851369541566-TRY.mp4,train,TRY,landscape,640,480,85,44,0.9707595000000993,0.47058823529411764,0.9090909090909091,0.86474609375,0.90625,0.609375,0.9318181818181818,shoulder_width,40,39,0,True,True,True,True,True
train/TRY/3277603629889736-TRY.v17.npz,data/local/citizen100_v17/raw/train/TRY/3277603629889736-TRY.mp4,train,TRY,landscape,640,480,63,34,0.7160252500000297,0.42857142857142855,0.7941176470588235,0.6806640625,0.71875,0.0234375,0.029411764705882353,shoulder_width,25,24,0,True,True,True,True,True
train/TRY/3971876140589188-TRY.v17.npz,data/local/citizen100_v17/raw/train/TRY/3971876140589188-TRY.mp4,train,TRY,landscape,640,480,96,33,0.9674447080000164,0.3020833333333333,0.8787878787878788,0.78564453125,0.75,0.6875,0.7575757575757576,shoulder_width,28,26,0,True,True,True,True,True
train/TRY/430288279521718-TRY.v17.npz,data/local/citizen100_v17/raw/train/TRY/430288279521718-TRY.mp4,train,TRY,landscape,640,480,70,36,0.8282480420000411,0.45714285714285713,0.8888888888888888,0.85205078125,0.90625,0.1640625,0.2777777777777778,shoulder_width,32,32,0,True,True,True,True,True
train/TRY/531793515969192-TRY.v17.npz,data/local/citizen100_v17/raw/train/TRY/531793515969192-TRY.mp4,train,TRY,landscape,640,480,94,40,0.9930140000000165,0.3723404255319149,0.875,0.82421875,0.8125,0.8125,0.825,shoulder_width,34,34,0,True,True,True,True,True
train/TRY/592161517549789-TRY.v17.npz,data/local/citizen100_v17/raw/train/TRY/592161517549789-TRY.mp4,train,TRY,landscape,640,480,61,22,0.6339111249999405,0.29508196721311475,0.8181818181818182,0.73974609375,0.78125,0.78125,0.7727272727272727,shoulder_width,17,16,0,True,True,True,True,True
train/TRY/657920072816389-TRY.v17.npz,data/local/citizen100_v17/raw/train/TRY/657920072816389-TRY.mp4,train,TRY,landscape,640,480,36,25,0.43435520800005634,0.5833333333333334,0.84,0.744140625,1.0,0.53125,0.08,shoulder_width,19,19,0,True,True,True,True,True
train/TRY/7643104872516984-TRY.v17.npz,data/local/citizen100_v17/raw/train/TRY/7643104872516984-TRY.mp4,train,TRY,landscape,640,480,69,35,0.7888066669999034,0.4492753623188406,0.8857142857142857,0.7744140625,0.9375,0.265625,0.4857142857142857,shoulder_width,26,31,0,True,True,True,True,True
train/UNDERSTAND/030959011181703078-UNDERSTAND.v17.npz,data/local/citizen100_v17/raw/train/UNDERSTAND/030959011181703078-UNDERSTAND.mp4,train,UNDERSTAND,landscape,640,480,51,27,0.4996630410000762,0.45098039215686275,0.8518518518518519,0.415283203125,0.65625,0.0,0.0,palm_length,0,23,0,True,True,True,True,True
train/UNDERSTAND/0497069696398067-UNDERSTAND.v17.npz,data/local/citizen100_v17/raw/train/UNDERSTAND/0497069696398067-UNDERSTAND.mp4,train,UNDERSTAND,landscape,640,480,76,36,0.7730751660000124,0.40789473684210525,0.8611111111111112,0.419677734375,0.71875,0.4296875,0.4722222222222222,shoulder_width,0,31,0,True,True,True,True,True
train/UNDERSTAND/2621288608804102-UNDERSTAND.v17.npz,data/local/citizen100_v17/raw/train/UNDERSTAND/2621288608804102-UNDERSTAND.mp4,train,UNDERSTAND,landscape,640,480,50,23,0.46595491700009006,0.38,0.8260869565217391,0.404052734375,0.75,0.75,0.7391304347826086,shoulder_width,0,19,0,True,True,True,True,True
train/UNDERSTAND/2999107393441156-UNDERSTAND.v17.npz,data/local/citizen100_v17/raw/train/UNDERSTAND/2999107393441156-UNDERSTAND.mp4,train,UNDERSTAND,landscape,640,480,58,32,0.5884787920000463,0.4827586206896552,0.875,0.3935546875,0.78125,0.3984375,0.78125,shoulder_width,0,28,0,True,True,True,True,True
train/UNDERSTAND/31049412762325446-UNDERSTAND.v17.npz,data/local/citizen100_v17/raw/train/UNDERSTAND/31049412762325446-UNDERSTAND.mp4,train,UNDERSTAND,landscape,640,480,61,31,0.6100035000000616,0.39344262295081966,0.7741935483870968,0.427734375,0.8125,0.8125,0.8064516129032258,shoulder_width,0,24,0,True,True,True,True,True
train/UNDERSTAND/4268222409175071-UNDERSTAND.v17.npz,data/local/citizen100_v17/raw/train/UNDERSTAND/4268222409175071-UNDERSTAND.mp4,train,UNDERSTAND,landscape,640,480,61,32,0.8292534170000181,0.4262295081967213,0.8125,0.38916015625,0.78125,0.21875,0.0625,shoulder_width,1,25,0,True,True,True,True,True
train/UNDERSTAND/4687993210650012-UNDERSTAND.v17.npz,data/local/citizen100_v17/raw/train/UNDERSTAND/4687993210650012-UNDERSTAND.mp4,train,UNDERSTAND,landscape,640,480,79,53,0.951413584000079,0.620253164556962,0.9245283018867925,0.444091796875,0.78125,0.78125,0.7735849056603774,shoulder_width,49,0,0,True,True,True,True,True
train/UNDERSTAND/5190569218964376-UNDERSTAND.v17.npz,data/local/citizen100_v17/raw/train/UNDERSTAND/5190569218964376-UNDERSTAND.mp4,train,UNDERSTAND,landscape,640,480,96,47,0.9208715830000074,0.4375,0.8936170212765957,0.42626953125,0.875,0.875,0.8723404255319149,shoulder_width,0,42,0,True,True,True,True,True
train/UNDERSTAND/6424637597161564-UNDERSTAND.v17.npz,data/local/citizen100_v17/raw/train/UNDERSTAND/6424637597161564-UNDERSTAND.mp4,train,UNDERSTAND,landscape,640,480,45,24,0.4347096660000034,0.4,0.75,0.364501953125,0.71875,0.71875,0.7083333333333334,shoulder_width,0,18,0,True,True,True,True,True
train/UNDERSTAND/6593382490905721-UNDERSTAND.v17.npz,data/local/citizen100_v17/raw/train/UNDERSTAND/6593382490905721-UNDERSTAND.mp4,train,UNDERSTAND,landscape,640,480,85,67,0.8342764999999872,0.4588235294117647,0.582089552238806,0.291015625,0.96875,0.0,0.0,palm_length,0,39,0,True,True,True,True,True
train/UNDERSTAND/6745834273988278-UNDERSTAND.v17.npz,data/local/citizen100_v17/raw/train/UNDERSTAND/6745834273988278-UNDERSTAND.mp4,train,UNDERSTAND,landscape,640,480,55,46,0.6213093329999992,0.7454545454545455,0.8913043478260869,0.433837890625,0.875,0.703125,0.5434782608695652,shoulder_width,13,28,0,True,True,True,True,True
train/UNDERSTAND/6810397598953175-UNDERSTAND.v17.npz,data/local/citizen100_v17/raw/train/UNDERSTAND/6810397598953175-UNDERSTAND.mp4,train,UNDERSTAND,landscape,640,480,54,29,0.5364103329999352,0.46296296296296297,0.8620689655172413,0.42333984375,0.875,0.046875,0.06896551724137931,shoulder_width,25,0,0,True,True,True,True,True
train/UNDERSTAND/8604241021179426-UNDERSTAND.v17.npz,data/local/citizen100_v17/raw/train/UNDERSTAND/8604241021179426-UNDERSTAND.mp4,train,UNDERSTAND,landscape,640,480,96,42,0.9450506669999186,0.3958333333333333,0.9047619047619048,0.435302734375,0.78125,0.3984375,0.047619047619047616,shoulder_width,0,38,0,True,True,True,True,True
train/UNDERSTAND/9807956157005397-seedUNDERSTAND.v17.npz,data/local/citizen100_v17/raw/train/UNDERSTAND/9807956157005397-seedUNDERSTAND.mp4,train,UNDERSTAND,landscape,640,480,96,28,0.9003118330000461,0.25,0.8571428571428571,0.416748046875,0.59375,0.59375,0.6071428571428571,shoulder_width,0,24,0,True,True,True,True,True
train/USE/056929659277419775-USE.v17.npz,data/local/citizen100_v17/raw/train/USE/056929659277419775-USE.mp4,train,USE,landscape,640,480,83,44,1.2282768340000985,0.4578313253012048,0.8636363636363636,0.81982421875,0.90625,0.90625,0.9318181818181818,shoulder_width,37,35,0,True,True,True,True,True
train/USE/10002601108075515-USE.v17.npz,data/local/citizen100_v17/raw/train/USE/10002601108075515-USE.mp4,train,USE,landscape,640,480,96,47,1.147274207999999,0.4479166666666667,0.9148936170212766,0.8291015625,0.875,0.828125,0.8723404255319149,shoulder_width,38,42,0,True,True,True,True,True
train/USE/20814778930087607-USE.v17.npz,data/local/citizen100_v17/raw/train/USE/20814778930087607-USE.mp4,train,USE,landscape,640,480,80,37,0.8730057499999475,0.4125,0.8918918918918919,0.7431640625,0.6875,0.578125,0.6756756756756757,shoulder_width,26,33,0,True,True,True,True,True
train/USE/24588321216834763-seedUSE.v17.npz,data/local/citizen100_v17/raw/train/USE/24588321216834763-seedUSE.mp4,train,USE,landscape,640,480,96,36,0.9872087500000362,0.3333333333333333,0.8888888888888888,0.7900390625,0.90625,0.796875,0.9166666666666666,shoulder_width,27,32,0,True,True,True,True,True
train/USE/38257366140064475-USE.v17.npz,data/local/citizen100_v17/raw/train/USE/38257366140064475-USE.mp4,train,USE,landscape,640,480,86,51,1.0089584160000413,0.5465116279069767,0.9215686274509803,0.82958984375,0.78125,0.7109375,0.6470588235294118,shoulder_width,45,46,0,True,True,True,True,True
train/USE/3993897588980455-USE.v17.npz,data/local/citizen100_v17/raw/train/USE/3993897588980455-USE.mp4,train,USE,landscape,640,480,52,26,0.5295071250000092,0.40384615384615385,0.8076923076923077,0.54931640625,0.96875,0.03125,0.038461538461538464,shoulder_width,8,21,0,True,True,True,True,True
train/USE/4910010904715989-USE.v17.npz,data/local/citizen100_v17/raw/train/USE/4910010904715989-USE.mp4,train,USE,landscape,640,480,45,23,0.47228216700000303,0.4,0.782608695652174,0.666015625,0.75,0.5703125,0.7391304347826086,shoulder_width,14,18,0,True,True,True,True,True
train/USE/5044184391977649-USE.v17.npz,data/local/citizen100_v17/raw/train/USE/5044184391977649-USE.mp4,train,USE,landscape,640,480,63,36,0.6828677089999928,0.5079365079365079,0.8888888888888888,0.70703125,0.90625,0.46875,0.9166666666666666,shoulder_width,21,32,0,True,True,True,True,True
train/USE/5105678600345553-USE.v17.npz,data/local/citizen100_v17/raw/train/USE/5105678600345553-USE.mp4,train,USE,landscape,640,480,80,51,1.0206139580000126,0.575,0.9019607843137255,0.85107421875,0.78125,0.0,0.0,palm_length,40,34,0,True,True,True,True,True
train/USE/592667137178787-USE.v17.npz,data/local/citizen100_v17/raw/train/USE/592667137178787-USE.mp4,train,USE,landscape,640,480,67,39,0.806640874999971,0.5223880597014925,0.8974358974358975,0.81640625,0.84375,0.6875,0.8461538461538461,shoulder_width,33,34,0,True,True,True,True,True
train/USE/8472965180345502-USE.v17.npz,data/local/citizen100_v17/raw/train/USE/8472965180345502-USE.mp4,train,USE,landscape,640,480,46,24,0.5503480830000171,0.43478260869565216,0.8333333333333334,0.76416015625,0.71875,0.71875,0.7083333333333334,shoulder_width,19,18,0,True,True,True,True,True
train/USE/9267756174185333-USE.v17.npz,data/local/citizen100_v17/raw/train/USE/9267756174185333-USE.mp4,train,USE,landscape,640,480,93,93,1.3045458340000096,1.0,1.0,0.68359375,0.9375,0.7890625,0.956989247311828,shoulder_width,91,50,0,True,True,True,True,True
train/USE/9420991279307549-USE.v17.npz,data/local/citizen100_v17/raw/train/USE/9420991279307549-USE.mp4,train,USE,landscape,640,480,96,47,1.0626835419999452,0.4479166666666667,0.9148936170212766,0.7177734375,0.875,0.53125,0.8723404255319149,shoulder_width,28,43,0,True,True,True,True,True
train/USE/960937537484494-USE.v17.npz,data/local/citizen100_v17/raw/train/USE/960937537484494-USE.mp4,train,USE,landscape,640,480,61,34,0.7843370419999474,0.4918032786885246,0.8823529411764706,0.6943359375,0.71875,0.609375,0.7352941176470589,shoulder_width,23,30,0,True,True,True,True,True
train/USE/9645564112866789-USE.v17.npz,data/local/citizen100_v17/raw/train/USE/9645564112866789-USE.mp4,train,USE,landscape,640,480,58,39,1.1049622499999714,0.603448275862069,0.8974358974358975,0.72705078125,0.84375,0.0,0.0,palm_length,23,35,0,True,True,True,True,True
train/WAIT/031074918450269218-WAIT.v17.npz,data/local/citizen100_v17/raw/train/WAIT/031074918450269218-WAIT.mp4,train,WAIT,landscape,640,480,46,31,0.5558966669999563,0.5869565217391305,0.8709677419354839,0.79443359375,0.5625,0.2890625,0.5483870967741935,shoulder_width,25,26,0,True,True,True,True,True
train/WAIT/0863524332460317-WAIT.v17.npz,data/local/citizen100_v17/raw/train/WAIT/0863524332460317-WAIT.mp4,train,WAIT,landscape,640,480,57,31,0.7049963750000643,0.47368421052631576,0.8709677419354839,0.79931640625,0.8125,0.484375,0.8064516129032258,shoulder_width,24,27,0,True,True,True,True,True
train/WAIT/15263395462454632-WAIT.v17.npz,data/local/citizen100_v17/raw/train/WAIT/15263395462454632-WAIT.mp4,train,WAIT,landscape,640,480,83,37,0.9419460000000299,0.39759036144578314,0.8918918918918919,0.81787109375,0.875,0.1484375,0.2702702702702703,shoulder_width,30,33,0,True,True,True,True,True
train/WAIT/25762006967045403-WAIT.v17.npz,data/local/citizen100_v17/raw/train/WAIT/25762006967045403-WAIT.mp4,train,WAIT,landscape,640,480,96,37,1.0875768750000816,0.34375,0.8918918918918919,0.81494140625,0.6875,0.359375,0.6756756756756757,shoulder_width,32,31,0,True,True,True,True,True
train/WAIT/524881037999334-WAIT.v17.npz,data/local/citizen100_v17/raw/train/WAIT/524881037999334-WAIT.mp4,train,WAIT,landscape,640,480,45,27,0.5215340830000059,0.5111111111111111,0.8518518518518519,0.7841796875,0.625,0.3125,0.6296296296296297,shoulder_width,19,23,0,True,True,True,True,True
train/WAIT/6530795087181671-WAIT.v17.npz,data/local/citizen100_v17/raw/train/WAIT/6530795087181671-WAIT.mp4,train,WAIT,landscape,640,480,80,44,0.9330886249999821,0.5,0.9090909090909091,0.78662109375,0.75,0.65625,0.75,shoulder_width,35,40,0,True,True,True,True,True
train/WAIT/6807479789190645-WAIT.v17.npz,data/local/citizen100_v17/raw/train/WAIT/6807479789190645-WAIT.mp4,train,WAIT,landscape,640,480,84,84,1.2685272500000337,0.9166666666666666,0.9166666666666666,0.60498046875,0.96875,0.96875,0.9642857142857143,shoulder_width,65,64,0,True,True,True,True,True
train/WAIT/72369024028368-WAIT.v17.npz,data/local/citizen100_v17/raw/train/WAIT/72369024028368-WAIT.mp4,train,WAIT,landscape,640,480,71,41,0.835283000000004,0.5211267605633803,0.9024390243902439,0.865234375,0.8125,0.765625,0.8048780487804879,shoulder_width,36,37,0,True,True,True,True,True
train/WAIT/7743737332850424-WAIT.v17.npz,data/local/citizen100_v17/raw/train/WAIT/7743737332850424-WAIT.mp4,train,WAIT,landscape,640,480,52,31,0.6105829580000091,0.4807692307692308,0.8064516129032258,0.73974609375,0.8125,0.4296875,0.8064516129032258,shoulder_width,23,23,0,True,True,True,True,True
train/WAIT/8068498353201266-WAIT.v17.npz,data/local/citizen100_v17/raw/train/WAIT/8068498353201266-WAIT.mp4,train,WAIT,landscape,640,480,96,49,1.1349026670000057,0.46875,0.9183673469387755,0.87744140625,0.84375,0.328125,0.0,palm_length,42,45,0,True,True,True,True,True
train/WAIT/8270409786931296-WAIT.v17.npz,data/local/citizen100_v17/raw/train/WAIT/8270409786931296-WAIT.mp4,train,WAIT,landscape,640,480,41,21,0.45887070899993887,0.4146341463414634,0.8095238095238095,0.7373046875,0.8125,0.6171875,0.8095238095238095,shoulder_width,17,15,0,True,True,True,True,True
train/WAIT/9595840152815802-seedWAIT.v17.npz,data/local/citizen100_v17/raw/train/WAIT/9595840152815802-seedWAIT.mp4,train,WAIT,landscape,640,480,96,23,0.9099137089999658,0.19791666666666666,0.8260869565217391,0.76318359375,0.75,0.75,0.7391304347826086,shoulder_width,18,18,0,True,True,True,True,True
train/WAIT/9783535742177485-WAIT.v17.npz,data/local/citizen100_v17/raw/train/WAIT/9783535742177485-WAIT.mp4,train,WAIT,landscape,640,480,96,33,0.9605563329999995,0.3020833333333333,0.8787878787878788,0.787109375,1.0,1.0,1.0,shoulder_width,25,29,0,True,True,True,True,True
train/WANT/08375958886756041-WANT 2.v17.npz,data/local/citizen100_v17/raw/train/WANT/08375958886756041-WANT 2.mp4,train,WANT,landscape,640,480,62,60,0.8163194579999526,0.8225806451612904,0.85,0.66748046875,0.9375,0.328125,0.43333333333333335,shoulder_width,30,51,0,True,True,True,True,True
train/WANT/08859845078833506-WANT 2.v17.npz,data/local/citizen100_v17/raw/train/WANT/08859845078833506-WANT 2.mp4,train,WANT,landscape,640,480,70,47,0.9030263750000813,0.6142857142857143,0.9148936170212766,0.81103515625,0.84375,0.5234375,0.8723404255319149,shoulder_width,41,40,0,True,True,True,True,True
train/WANT/14991994807763365-WANT 2.v17.npz,data/local/citizen100_v17/raw/train/WANT/14991994807763365-WANT 2.mp4,train,WANT,landscape,640,480,78,33,0.8322644170000331,0.3717948717948718,0.8787878787878788,0.80712890625,0.75,0.0,0.0,palm_length,29,26,0,True,True,True,True,True
train/WANT/1783184424273636-WANT 2.v17.npz,data/local/citizen100_v17/raw/train/WANT/1783184424273636-WANT 2.mp4,train,WANT,landscape,640,480,63,21,0.6048329580000882,0.2698412698412698,0.8095238095238095,0.68212890625,0.4375,0.328125,0.42857142857142855,shoulder_width,14,15,0,True,True,True,True,True
train/WANT/19958109281644143-WANT 2.v17.npz,data/local/citizen100_v17/raw/train/WANT/19958109281644143-WANT 2.mp4,train,WANT,landscape,640,480,96,54,1.156849667000074,0.5208333333333334,0.9259259259259259,0.89208984375,0.75,0.6796875,0.7592592592592593,shoulder_width,50,48,0,True,True,True,True,True
train/WANT/3076721990283171-WANT 2.v17.npz,data/local/citizen100_v17/raw/train/WANT/3076721990283171-WANT 2.mp4,train,WANT,landscape,640,480,76,38,0.952664249999998,0.4473684210526316,0.8947368421052632,0.8212890625,0.84375,0.796875,0.868421052631579,shoulder_width,31,34,0,True,True,True,True,True
train/WANT/39269779031539565-WANT 2.v17.npz,data/local/citizen100_v17/raw/train/WANT/39269779031539565-WANT 2.mp4,train,WANT,landscape,640,480,96,25,0.9473897499999566,0.21875,0.84,0.79443359375,0.6875,0.6875,0.68,shoulder_width,19,21,0,True,True,True,True,True
train/WANT/47159683708396893-WANT 2.v17.npz,data/local/citizen100_v17/raw/train/WANT/47159683708396893-WANT 2.mp4,train,WANT,landscape,640,480,69,31,0.7231457500000715,0.37681159420289856,0.8387096774193549,0.7724609375,0.8125,0.8125,0.8064516129032258,shoulder_width,22,26,0,True,True,True,True,True
train/WANT/5148839477289167-WANT 2.v17.npz,data/local/citizen100_v17/raw/train/WANT/5148839477289167-WANT 2.mp4,train,WANT,landscape,640,480,47,30,0.563309166999943,0.5531914893617021,0.8666666666666667,0.77685546875,0.59375,0.0,0.0,palm_length,25,24,0,True,True,True,True,True
train/WANT/6046104101537046-WANT 2.v17.npz,data/local/citizen100_v17/raw/train/WANT/6046104101537046-WANT 2.mp4,train,WANT,landscape,640,480,83,36,0.9728218340000012,0.3855421686746988,0.8888888888888888,0.7685546875,0.6875,0.015625,0.05555555555555555,shoulder_width,29,30,0,True,True,True,True,True
train/WANT/6475011403601416-WANT 2.v17.npz,data/local/citizen100_v17/raw/train/WANT/6475011403601416-WANT 2.mp4,train,WANT,landscape,640,480,70,45,0.9240766670000085,0.5857142857142857,0.9111111111111111,0.833984375,0.71875,0.1484375,0.022222222222222223,shoulder_width,39,39,0,True,True,True,True,True
train/WANT/7637262020700946-WANT 2.v17.npz,data/local/citizen100_v17/raw/train/WANT/7637262020700946-WANT 2.mp4,train,WANT,landscape,640,480,73,35,0.7859355419999474,0.3972602739726027,0.8285714285714286,0.7412109375,0.71875,0.0,0.0,palm_length,25,29,0,True,True,True,True,True
train/WANT/8336503418129162-WANT 2.v17.npz,data/local/citizen100_v17/raw/train/WANT/8336503418129162-WANT 2.mp4,train,WANT,landscape,640,480,96,85,1.141081541999938,0.8645833333333334,0.9764705882352941,0.6396484375,0.84375,0.84375,0.8588235294117647,shoulder_width,80,49,0,True,True,True,True,True
train/WANT/8485035331460282-WANT 2.v17.npz,data/local/citizen100_v17/raw/train/WANT/8485035331460282-WANT 2.mp4,train,WANT,landscape,640,480,69,34,0.6990695419999611,0.42028985507246375,0.8529411764705882,0.724609375,0.71875,0.3671875,0.7352941176470589,shoulder_width,26,29,0,True,True,True,True,True
train/WANT/8635216593391397-WANT 2.v17.npz,data/local/citizen100_v17/raw/train/WANT/8635216593391397-WANT 2.mp4,train,WANT,landscape,640,480,52,32,0.5967197920000444,0.5192307692307693,0.84375,0.708984375,0.78125,0.4765625,0.78125,shoulder_width,20,27,0,True,True,True,True,True
train/WANT/9691488194951674-seedWANT 2.v17.npz,data/local/citizen100_v17/raw/train/WANT/9691488194951674-seedWANT 2.mp4,train,WANT,landscape,640,480,96,25,0.947589040999901,0.21875,0.84,0.78662109375,0.6875,0.609375,0.68,shoulder_width,20,20,0,True,True,True,True,True
train/WATER/0020247732352038916-WATER.v17.npz,data/local/citizen100_v17/raw/train/WATER/0020247732352038916-WATER.mp4,train,WATER,landscape,640,480,96,41,0.8880768340000031,0.3854166666666667,0.9024390243902439,0.416748046875,0.8125,0.5625,0.8048780487804879,shoulder_width,0,37,0,True,True,True,True,True
train/WATER/03892908647294191-WATER.v17.npz,data/local/citizen100_v17/raw/train/WATER/03892908647294191-WATER.mp4,train,WATER,landscape,640,480,57,31,0.5674576249999745,0.47368421052631576,0.8709677419354839,0.422607421875,0.8125,0.6796875,0.8064516129032258,shoulder_width,0,27,0,True,True,True,True,True
train/WATER/057571220614212715-WATER.v17.npz,data/local/citizen100_v17/raw/train/WATER/057571220614212715-WATER.mp4,train,WATER,landscape,640,480,67,32,0.6588146249999909,0.417910447761194,0.875,0.45458984375,0.78125,0.59375,0.78125,shoulder_width,2,28,0,True,True,True,True,True
train/WATER/19062537109661482-WATER.v17.npz,data/local/citizen100_v17/raw/train/WATER/19062537109661482-WATER.mp4,train,WATER,landscape,640,480,96,45,0.8855103750000808,0.4270833333333333,0.9111111111111111,0.432373046875,0.90625,0.6875,0.9111111111111111,shoulder_width,0,41,0,True,True,True,True,True
train/WATER/29650119146688847-WATER.v17.npz,data/local/citizen100_v17/raw/train/WATER/29650119146688847-WATER.mp4,train,WATER,landscape,640,480,90,34,0.8685034160000669,0.3333333333333333,0.8823529411764706,0.43310546875,0.71875,0.25,0.5,shoulder_width,30,0,0,True,True,True,True,True
train/WATER/40723216723050504-WATER.v17.npz,data/local/citizen100_v17/raw/train/WATER/40723216723050504-WATER.mp4,train,WATER,landscape,640,480,38,19,0.3738198750000947,0.39473684210526316,0.7894736842105263,0.40625,0.46875,0.015625,0.05263157894736842,shoulder_width,0,15,0,True,True,True,True,True
train/WATER/4617924298797549-seedWATER.v17.npz,data/local/citizen100_v17/raw/train/WATER/4617924298797549-seedWATER.mp4,train,WATER,landscape,640,480,96,22,0.8087516250000135,0.1875,0.8181818181818182,0.39892578125,0.78125,0.78125,0.7727272727272727,shoulder_width,0,18,0,True,True,True,True,True
train/WATER/47911865396339715-WATER.v17.npz,data/local/citizen100_v17/raw/train/WATER/47911865396339715-WATER.mp4,train,WATER,landscape,640,480,60,28,0.5806061250000312,0.38333333333333336,0.8214285714285714,0.395751953125,0.59375,0.4453125,0.6071428571428571,shoulder_width,0,23,0,True,True,True,True,True
train/WATER/6099837370552477-WATER.v17.npz,data/local/citizen100_v17/raw/train/WATER/6099837370552477-WATER.mp4,train,WATER,landscape,640,480,44,25,0.44824145799998405,0.4318181818181818,0.76,0.394287109375,0.6875,0.6875,0.68,shoulder_width,0,19,0,True,True,True,True,True
train/WATER/6216809763132565-WATER.v17.npz,data/local/citizen100_v17/raw/train/WATER/6216809763132565-WATER.mp4,train,WATER,landscape,640,480,45,30,0.4613515000000916,0.5777777777777777,0.8666666666666667,0.42333984375,0.59375,0.453125,0.5666666666666667,shoulder_width,0,26,0,True,True,True,True,True
train/WATER/6842760193004458-WATER.v17.npz,data/local/citizen100_v17/raw/train/WATER/6842760193004458-WATER.mp4,train,WATER,landscape,640,480,65,37,0.6514317500000288,0.5076923076923077,0.8918918918918919,0.411376953125,0.6875,0.46875,0.6756756756756757,shoulder_width,0,33,0,True,True,True,True,True
train/WATER/7176990560462237-WATER.v17.npz,data/local/citizen100_v17/raw/train/WATER/7176990560462237-WATER.mp4,train,WATER,landscape,640,480,68,38,0.6740517920000002,0.5,0.8947368421052632,0.4248046875,0.65625,0.28125,0.4473684210526316,shoulder_width,34,0,0,True,True,True,True,True
train/WATER/7276443456531434-WATER.v17.npz,data/local/citizen100_v17/raw/train/WATER/7276443456531434-WATER.mp4,train,WATER,landscape,640,480,96,66,0.9059709580000117,0.40625,0.5909090909090909,0.259765625,0.84375,0.84375,0.8636363636363636,shoulder_width,0,39,0,True,True,True,True,True
train/WATER/7449721965435019-WATER.v17.npz,data/local/citizen100_v17/raw/train/WATER/7449721965435019-WATER.mp4,train,WATER,landscape,640,480,65,35,0.9024247920000334,0.46153846153846156,0.8571428571428571,0.425537109375,0.6875,0.0,0.0,palm_length,0,30,0,True,True,True,True,True
train/WE/16994877911771145-WE.v17.npz,data/local/citizen100_v17/raw/train/WE/16994877911771145-WE.mp4,train,WE,landscape,640,480,84,35,0.9137633330000199,0.34523809523809523,0.8285714285714286,0.419677734375,0.6875,0.3515625,0.7142857142857143,shoulder_width,0,29,0,True,True,True,True,True
train/WE/193766215011427-WE.v17.npz,data/local/citizen100_v17/raw/train/WE/193766215011427-WE.mp4,train,WE,landscape,640,480,95,47,0.9384498340000391,0.45263157894736844,0.9148936170212766,0.427734375,0.875,0.5390625,0.8723404255319149,shoulder_width,43,0,0,True,True,True,True,True
train/WE/2541378389097124-WE.v17.npz,data/local/citizen100_v17/raw/train/WE/2541378389097124-WE.mp4,train,WE,landscape,640,480,46,30,0.46886095900003966,0.5652173913043478,0.8666666666666667,0.432373046875,0.84375,0.359375,0.5666666666666667,shoulder_width,0,26,0,True,True,True,True,True
train/WE/274934874875824-WE.v17.npz,data/local/citizen100_v17/raw/train/WE/274934874875824-WE.mp4,train,WE,landscape,640,480,58,36,0.5921623749999299,0.5344827586206896,0.8611111111111112,0.40771484375,0.71875,0.0234375,0.027777777777777776,shoulder_width,0,31,0,True,True,True,True,True
train/WE/2803881528625629-seedWE.v17.npz,data/local/citizen100_v17/raw/train/WE/2803881528625629-seedWE.mp4,train,WE,landscape,640,480,96,27,1.062763249999989,0.23958333333333334,0.8518518518518519,0.43310546875,0.9375,0.9375,0.9259259259259259,shoulder_width,0,23,0,True,True,True,True,True
train/WE/3468501303620588-WE.v17.npz,data/local/citizen100_v17/raw/train/WE/3468501303620588-WE.mp4,train,WE,landscape,640,480,45,22,0.5686835839999276,0.4,0.8181818181818182,0.3876953125,0.78125,0.5859375,0.7727272727272727,shoulder_width,0,18,0,True,True,True,True,True
train/WE/36753258402615074-WE.v17.npz,data/local/citizen100_v17/raw/train/WE/36753258402615074-WE.mp4,train,WE,landscape,640,480,96,32,1.135127250000096,0.2604166666666667,0.78125,0.39794921875,0.78125,0.015625,0.03125,shoulder_width,0,25,0,True,True,True,True,True
train/WE/4544218531641271-WE.v17.npz,data/local/citizen100_v17/raw/train/WE/4544218531641271-WE.mp4,train,WE,landscape,640,480,92,92,1.22896712499994,0.8260869565217391,0.8260869565217391,0.38916015625,0.96875,0.859375,0.967391304347826,shoulder_width,38,47,0,True,True,True,True,True
train/WE/5346957049353451-WE.v17.npz,data/local/citizen100_v17/raw/train/WE/5346957049353451-WE.mp4,train,WE,landscape,640,480,96,96,1.2683429579999483,1.0,1.0,0.458984375,0.90625,0.90625,0.9270833333333334,shoulder_width,95,38,0,True,True,True,True,True
train/WE/5641210498834153-WE.v17.npz,data/local/citizen100_v17/raw/train/WE/5641210498834153-WE.mp4,train,WE,landscape,640,480,96,31,0.9030959159999838,0.28125,0.8709677419354839,0.42626953125,0.8125,0.75,0.8064516129032258,shoulder_width,0,27,0,True,True,True,True,True
train/WE/6257769266405475-WE.v17.npz,data/local/citizen100_v17/raw/train/WE/6257769266405475-WE.mp4,train,WE,landscape,640,480,93,51,0.9761429999999791,0.4838709677419355,0.8823529411764706,0.4658203125,0.96875,0.7265625,0.9607843137254902,shoulder_width,0,45,0,True,True,True,True,True
train/WE/7484839279145117-WE.v17.npz,data/local/citizen100_v17/raw/train/WE/7484839279145117-WE.mp4,train,WE,landscape,640,480,74,37,0.7441712500000222,0.44594594594594594,0.8918918918918919,0.430908203125,0.875,0.5546875,0.8918918918918919,shoulder_width,33,0,0,True,True,True,True,True
train/WE/8279377520732154-WE.v17.npz,data/local/citizen100_v17/raw/train/WE/8279377520732154-WE.mp4,train,WE,landscape,640,480,87,40,0.8066258750000088,0.41379310344827586,0.9,0.427734375,0.84375,0.6328125,0.825,shoulder_width,0,36,0,True,True,True,True,True
train/WE/8865858542977822-WE.v17.npz,data/local/citizen100_v17/raw/train/WE/8865858542977822-WE.mp4,train,WE,landscape,640,480,96,43,0.9200570829999606,0.40625,0.9069767441860465,0.427001953125,0.78125,0.78125,0.7674418604651163,shoulder_width,0,39,0,True,True,True,True,True
train/WE/8906582989498535-WE.v17.npz,data/local/citizen100_v17/raw/train/WE/8906582989498535-WE.mp4,train,WE,landscape,640,480,58,39,0.5911133330000666,0.5689655172413793,0.8461538461538461,0.406982421875,0.84375,0.640625,0.8461538461538461,shoulder_width,1,32,0,True,True,True,True,True
train/WE/9375717470846778-WE.v17.npz,data/local/citizen100_v17/raw/train/WE/9375717470846778-WE.mp4,train,WE,landscape,640,480,81,39,0.7938617080000085,0.4074074074074074,0.8461538461538461,0.432373046875,0.8125,0.8125,0.8461538461538461,shoulder_width,0,33,0,True,True,True,True,True
train/WEEK/00899296980950326-WEEK.v17.npz,data/local/citizen100_v17/raw/train/WEEK/00899296980950326-WEEK.mp4,train,WEEK,landscape,640,480,78,45,0.949911416999953,0.5256410256410257,0.9111111111111111,0.85791015625,0.90625,0.5703125,0.9111111111111111,shoulder_width,39,38,0,True,True,True,True,True
train/WEEK/06524477833422293-WEEK.v17.npz,data/local/citizen100_v17/raw/train/WEEK/06524477833422293-WEEK.mp4,train,WEEK,landscape,640,480,96,54,1.080959875000076,0.5208333333333334,0.9259259259259259,0.8759765625,0.75,0.75,0.7592592592592593,shoulder_width,43,49,0,True,True,True,True,True
train/WEEK/08927917820114639-WEEK.v17.npz,data/local/citizen100_v17/raw/train/WEEK/08927917820114639-WEEK.mp4,train,WEEK,landscape,640,480,45,27,0.519390000000044,0.4666666666666667,0.7777777777777778,0.65234375,0.625,0.4765625,0.6296296296296297,shoulder_width,17,18,0,True,True,True,True,True
train/WEEK/09350242180785906-WEEK.v17.npz,data/local/citizen100_v17/raw/train/WEEK/09350242180785906-WEEK.mp4,train,WEEK,landscape,640,480,53,33,0.6850816249999525,0.5471698113207547,0.8787878787878788,0.791015625,0.75,0.3828125,0.5151515151515151,shoulder_width,25,27,0,True,True,True,True,True
train/WEEK/19736756947592426-WEEK.v17.npz,data/local/citizen100_v17/raw/train/WEEK/19736756947592426-WEEK.mp4,train,WEEK,landscape,640,480,48,37,0.6108536250000043,0.6458333333333334,0.8378378378378378,0.771484375,0.875,0.875,0.8918918918918919,shoulder_width,28,30,0,True,True,True,True,True
train/WEEK/3569496056797583-WEEK.v17.npz,data/local/citizen100_v17/raw/train/WEEK/3569496056797583-WEEK.mp4,train,WEEK,landscape,640,480,49,26,0.5495915419999164,0.4489795918367347,0.8461538461538461,0.7431640625,0.65625,0.65625,0.6538461538461539,shoulder_width,20,17,0,True,True,True,True,True
train/WEEK/4038103568275968-WEEK.v17.npz,data/local/citizen100_v17/raw/train/WEEK/4038103568275968-WEEK.mp4,train,WEEK,landscape,640,480,78,37,0.849526792000006,0.41025641025641024,0.8648648648648649,0.7216796875,0.6875,0.6875,0.6756756756756757,shoulder_width,25,29,0,True,True,True,True,True
train/WEEK/47443054401660745-WEEK.v17.npz,data/local/citizen100_v17/raw/train/WEEK/47443054401660745-WEEK.mp4,train,WEEK,landscape,640,480,69,45,0.7349724580000156,0.5797101449275363,0.8888888888888888,0.599609375,0.875,0.53125,0.9111111111111111,shoulder_width,21,38,0,True,True,True,True,True
train/WEEK/49562544308444734-WEEK.v17.npz,data/local/citizen100_v17/raw/train/WEEK/49562544308444734-WEEK.mp4,train,WEEK,landscape,640,480,55,34,0.6150286670000469,0.5454545454545454,0.8823529411764706,0.77734375,0.96875,0.0,0.0,palm_length,22,25,0,True,True,True,True,True
train/WEEK/503193272978758-WEEK.v17.npz,data/local/citizen100_v17/raw/train/WEEK/503193272978758-WEEK.mp4,train,WEEK,landscape,640,480,59,43,0.6829693330000737,0.6440677966101694,0.8837209302325582,0.68994140625,0.75,0.703125,0.7674418604651163,shoulder_width,28,35,0,True,True,True,True,True
train/WEEK/5369002649936094-seedWEEK.v17.npz,data/local/citizen100_v17/raw/train/WEEK/5369002649936094-seedWEEK.mp4,train,WEEK,landscape,640,480,96,29,0.9031673749999527,0.2604166666666667,0.8620689655172413,0.81640625,0.59375,0.59375,0.5862068965517241,shoulder_width,19,28,0,True,True,True,True,True
train/WEEK/6615680623563793-WEEK.v17.npz,data/local/citizen100_v17/raw/train/WEEK/6615680623563793-WEEK.mp4,train,WEEK,landscape,640,480,96,42,1.0256949160000204,0.3958333333333333,0.9047619047619048,0.84619140625,0.78125,0.6875,0.7857142857142857,shoulder_width,38,37,0,True,True,True,True,True
train/WEEK/6886999711677044-WEEK.v17.npz,data/local/citizen100_v17/raw/train/WEEK/6886999711677044-WEEK.mp4,train,WEEK,landscape,640,480,54,34,0.6396200409999437,0.5555555555555556,0.8823529411764706,0.7470703125,0.71875,0.546875,0.7352941176470589,shoulder_width,24,30,0,True,True,True,True,True
train/WEEK/778236056100299-WEEK.v17.npz,data/local/citizen100_v17/raw/train/WEEK/778236056100299-WEEK.mp4,train,WEEK,landscape,640,480,96,59,1.035021375000042,0.5729166666666666,0.9322033898305084,0.7197265625,0.8125,0.6171875,0.8305084745762712,shoulder_width,36,55,0,True,True,True,True,True
train/WHAT/011439809438488657-WHAT 2.v17.npz,data/local/citizen100_v17/raw/train/WHAT/011439809438488657-WHAT 2.mp4,train,WHAT,landscape,640,480,79,41,0.8668405409999878,0.46835443037974683,0.9024390243902439,0.69580078125,0.8125,0.6171875,0.8048780487804879,shoulder_width,35,31,0,True,True,True,True,True
train/WHAT/027816838285841916-WHAT 2.v17.npz,data/local/citizen100_v17/raw/train/WHAT/027816838285841916-WHAT 2.mp4,train,WHAT,landscape,640,480,80,45,0.9225344999999834,0.5125,0.9111111111111111,0.84619140625,0.71875,0.171875,0.2222222222222222,shoulder_width,41,39,0,True,True,True,True,True
train/WHAT/0628291186114378-WHAT 2.v17.npz,data/local/citizen100_v17/raw/train/WHAT/0628291186114378-WHAT 2.mp4,train,WHAT,landscape,640,480,53,46,0.5519764590000023,0.660377358490566,0.7608695652173914,0.568359375,0.875,0.265625,0.5434782608695652,shoulder_width,25,30,0,True,True,True,True,True
train/WHAT/1532464203763655-WHAT 2.v17.npz,data/local/citizen100_v17/raw/train/WHAT/1532464203763655-WHAT 2.mp4,train,WHAT,landscape,640,480,48,29,0.5465371669999968,0.5208333333333334,0.8620689655172413,0.75,0.5625,0.171875,0.034482758620689655,shoulder_width,24,21,0,True,True,True,True,True
train/WHAT/18362037497753203-WHAT 2.v17.npz,data/local/citizen100_v17/raw/train/WHAT/18362037497753203-WHAT 2.mp4,train,WHAT,landscape,640,480,90,90,1.0753990419999582,1.0,1.0,0.6240234375,0.96875,0.609375,0.7333333333333333,shoulder_width,90,39,0,True,True,True,True,True
train/WHAT/21224944864749995-WHAT 2.v17.npz,data/local/citizen100_v17/raw/train/WHAT/21224944864749995-WHAT 2.mp4,train,WHAT,landscape,640,480,46,42,0.4808821670000043,0.6304347826086957,0.6904761904761905,0.56005859375,0.78125,0.40625,0.5952380952380952,shoulder_width,21,29,0,True,True,True,True,True
train/WHAT/23051551564122996-WHAT 2.v17.npz,data/local/citizen100_v17/raw/train/WHAT/23051551564122996-WHAT 2.mp4,train,WHAT,landscape,640,480,51,21,0.47611574999996265,0.3333333333333333,0.8095238095238095,0.7470703125,0.8125,0.8125,0.8095238095238095,shoulder_width,17,14,0,True,True,True,True,True
train/WHAT/2833503746558905-WHAT 2.v17.npz,data/local/citizen100_v17/raw/train/WHAT/2833503746558905-WHAT 2.mp4,train,WHAT,landscape,640,480,54,35,0.5311818330000051,0.5740740740740741,0.8857142857142857,0.68212890625,0.71875,0.015625,0.02857142857142857,shoulder_width,27,25,0,True,True,True,True,True
train/WHAT/43147199471175535-seedWHAT 2.v17.npz,data/local/citizen100_v17/raw/train/WHAT/43147199471175535-seedWHAT 2.mp4,train,WHAT,landscape,640,480,96,43,0.8692590839999639,0.40625,0.9069767441860465,0.853515625,0.9375,0.9375,0.9534883720930233,shoulder_width,39,37,0,True,True,True,True,True
train/WHAT/531692335723785-WHAT 2.v17.npz,data/local/citizen100_v17/raw/train/WHAT/531692335723785-WHAT 2.mp4,train,WHAT,landscape,640,480,82,43,0.772537457999988,0.47560975609756095,0.9069767441860465,0.791015625,0.75,0.609375,0.7674418604651163,shoulder_width,38,34,0,True,True,True,True,True
train/WHAT/5384324732130294-WHAT 2.v17.npz,data/local/citizen100_v17/raw/train/WHAT/5384324732130294-WHAT 2.mp4,train,WHAT,landscape,640,480,43,18,0.34686983299991425,0.32558139534883723,0.7777777777777778,0.388427734375,0.5,0.5,0.5,shoulder_width,0,14,0,True,True,True,True,True
train/WHAT/5907336185978251-WHAT 2.v17.npz,data/local/citizen100_v17/raw/train/WHAT/5907336185978251-WHAT 2.mp4,train,WHAT,landscape,640,480,64,29,0.6089494159999731,0.390625,0.8620689655172413,0.79541015625,0.875,0.0,0.0,palm_length,24,22,0,True,True,True,True,True
train/WHAT/600407709572452-WHAT 2.v17.npz,data/local/citizen100_v17/raw/train/WHAT/600407709572452-WHAT 2.mp4,train,WHAT,landscape,640,480,96,48,1.0191610419999506,0.4583333333333333,0.9166666666666666,0.8408203125,0.84375,0.5625,0.8541666666666666,shoulder_width,44,38,0,True,True,True,True,True
train/WHAT/8017117058905951-WHAT 2.v17.npz,data/local/citizen100_v17/raw/train/WHAT/8017117058905951-WHAT 2.mp4,train,WHAT,landscape,640,480,47,22,0.4335561660000167,0.3829787234042553,0.8181818181818182,0.404052734375,0.78125,0.78125,0.7727272727272727,shoulder_width,0,18,0,True,True,True,True,True
train/WHAT/8405493387581946-WHAT 2.v17.npz,data/local/citizen100_v17/raw/train/WHAT/8405493387581946-WHAT 2.mp4,train,WHAT,landscape,640,480,83,43,0.8505681660000164,0.46987951807228917,0.9069767441860465,0.7001953125,0.9375,0.0234375,0.046511627906976744,shoulder_width,37,26,0,True,True,True,True,True
train/WHAT/8907945228853642-WHAT 2.v17.npz,data/local/citizen100_v17/raw/train/WHAT/8907945228853642-WHAT 2.mp4,train,WHAT,landscape,640,480,96,31,0.8983927500000846,0.28125,0.8709677419354839,0.8271484375,0.8125,0.8125,0.8064516129032258,shoulder_width,27,25,0,True,True,True,True,True
train/WHEN/01798723214383169-WHEN.v17.npz,data/local/citizen100_v17/raw/train/WHEN/01798723214383169-WHEN.mp4,train,WHEN,landscape,640,480,54,32,0.5799811249999038,0.5185185185185185,0.875,0.7490234375,0.78125,0.40625,0.78125,shoulder_width,23,28,0,True,True,True,True,True
train/WHEN/16115032785858263-WHEN.v17.npz,data/local/citizen100_v17/raw/train/WHEN/16115032785858263-WHEN.mp4,train,WHEN,landscape,640,480,70,34,0.7615103330000466,0.42857142857142855,0.8823529411764706,0.79931640625,0.71875,0.375,0.7352941176470589,shoulder_width,28,30,0,True,True,True,True,True
train/WHEN/1633964553032412-seedWHEN.v17.npz,data/local/citizen100_v17/raw/train/WHEN/1633964553032412-seedWHEN.mp4,train,WHEN,landscape,640,480,96,21,0.8137280419999797,0.17708333333333334,0.8095238095238095,0.744140625,0.4375,0.4375,0.42857142857142855,shoulder_width,15,17,0,True,True,True,True,True
train/WHEN/21722735480722832-WHEN.v17.npz,data/local/citizen100_v17/raw/train/WHEN/21722735480722832-WHEN.mp4,train,WHEN,landscape,640,480,42,32,0.4479657499999803,0.6666666666666666,0.875,0.7783203125,0.78125,0.5234375,0.78125,shoulder_width,24,26,0,True,True,True,True,True
train/WHEN/35815086162921017-WHEN.v17.npz,data/local/citizen100_v17/raw/train/WHEN/35815086162921017-WHEN.mp4,train,WHEN,landscape,640,480,49,25,0.5544152090000125,0.42857142857142855,0.84,0.7724609375,0.6875,0.609375,0.68,shoulder_width,20,19,0,True,True,True,True,True
train/WHEN/41444382165121185-WHEN.v17.npz,data/local/citizen100_v17/raw/train/WHEN/41444382165121185-WHEN.mp4,train,WHEN,landscape,640,480,92,45,1.191458374999911,0.44565217391304346,0.9111111111111111,0.83203125,0.71875,0.71875,0.7333333333333333,shoulder_width,38,39,0,True,True,True,True,True
train/WHEN/4307738435108923-WHEN.v17.npz,data/local/citizen100_v17/raw/train/WHEN/4307738435108923-WHEN.mp4,train,WHEN,landscape,640,480,58,37,1.0616500419999966,0.5689655172413793,0.8918918918918919,0.712890625,0.6875,0.40625,0.6756756756756757,shoulder_width,32,24,0,True,True,True,True,True
train/WHEN/5215592040153327-WHEN.v17.npz,data/local/citizen100_v17/raw/train/WHEN/5215592040153327-WHEN.mp4,train,WHEN,landscape,640,480,96,27,1.222855750000008,0.23958333333333334,0.8518518518518519,0.79248046875,0.9375,0.9375,0.9259259259259259,shoulder_width,22,20,0,True,True,True,True,True
train/WHEN/5795834263184414-WHEN.v17.npz,data/local/citizen100_v17/raw/train/WHEN/5795834263184414-WHEN.mp4,train,WHEN,landscape,640,480,92,57,1.2099758750000547,0.5760869565217391,0.9298245614035088,0.849609375,1.0,1.0,1.0,shoulder_width,49,51,0,True,True,True,True,True
train/WHEN/5845121089874201-WHEN.v17.npz,data/local/citizen100_v17/raw/train/WHEN/5845121089874201-WHEN.mp4,train,WHEN,landscape,640,480,96,41,1.2704157499999837,0.3854166666666667,0.9024390243902439,0.86181640625,0.78125,0.734375,0.8048780487804879,shoulder_width,36,36,0,True,True,True,True,True
train/WHEN/6191553425770482-WHEN.v17.npz,data/local/citizen100_v17/raw/train/WHEN/6191553425770482-WHEN.mp4,train,WHEN,landscape,640,480,70,41,1.0018535829999564,0.5285714285714286,0.9024390243902439,0.78857421875,0.8125,0.71875,0.8048780487804879,shoulder_width,30,37,0,True,True,True,True,True
train/WHEN/7219560821026212-WHEN.v17.npz,data/local/citizen100_v17/raw/train/WHEN/7219560821026212-WHEN.mp4,train,WHEN,landscape,640,480,38,21,0.5583429590000151,0.4473684210526316,0.8095238095238095,0.79248046875,0.8125,0.8125,0.8095238095238095,shoulder_width,17,17,0,True,True,True,True,True
train/WHEN/7524645430552388-WHEN.v17.npz,data/local/citizen100_v17/raw/train/WHEN/7524645430552388-WHEN.mp4,train,WHEN,landscape,640,480,96,42,1.2587837500000205,0.3854166666666667,0.8809523809523809,0.7275390625,0.78125,0.0,0.0,palm_length,30,32,0,True,True,True,True,True
train/WHEN/782941320203238-WHEN.v17.npz,data/local/citizen100_v17/raw/train/WHEN/782941320203238-WHEN.mp4,train,WHEN,landscape,640,480,76,48,0.888606708999987,0.5657894736842105,0.8958333333333334,0.81494140625,0.875,0.0,0.0,palm_length,42,34,0,True,True,True,True,True
train/WHERE/09379414966671162-WHERE.v17.npz,data/local/citizen100_v17/raw/train/WHERE/09379414966671162-WHERE.mp4,train,WHERE,landscape,640,480,77,43,0.7986044589999892,0.4675324675324675,0.8372093023255814,0.40185546875,0.9375,0.9375,0.9534883720930233,shoulder_width,0,36,0,True,True,True,True,True
train/WHERE/17354191997018575-WHERE.v17.npz,data/local/citizen100_v17/raw/train/WHERE/17354191997018575-WHERE.mp4,train,WHERE,landscape,640,480,68,61,0.6681943330000877,0.4852941176470588,0.5409836065573771,0.256591796875,0.9375,0.578125,0.9344262295081968,shoulder_width,6,31,0,True,True,True,True,True
train/WHERE/32552115561898876-WHERE.v17.npz,data/local/citizen100_v17/raw/train/WHERE/32552115561898876-WHERE.mp4,train,WHERE,landscape,640,480,96,36,0.8627432499999941,0.3333333333333333,0.8888888888888888,0.416748046875,0.90625,0.90625,0.9166666666666666,shoulder_width,0,32,0,True,True,True,True,True
train/WHERE/35445730348954285-seedWHERE.v17.npz,data/local/citizen100_v17/raw/train/WHERE/35445730348954285-seedWHERE.mp4,train,WHERE,landscape,640,480,96,23,0.7296918330000608,0.19791666666666666,0.8260869565217391,0.404052734375,0.75,0.5703125,0.7391304347826086,shoulder_width,0,19,0,True,True,True,True,True
train/WHERE/37418457822538387-WHERE.v17.npz,data/local/citizen100_v17/raw/train/WHERE/37418457822538387-WHERE.mp4,train,WHERE,landscape,640,480,54,23,0.437495207999973,0.35185185185185186,0.8260869565217391,0.40478515625,0.75,0.6640625,0.7391304347826086,shoulder_width,0,19,0,True,True,True,True,True
train/WHERE/5589002661440625-WHERE.v17.npz,data/local/citizen100_v17/raw/train/WHERE/5589002661440625-WHERE.mp4,train,WHERE,landscape,640,480,96,35,0.8666155419999768,0.3229166666666667,0.8857142857142857,0.424072265625,0.71875,0.6640625,0.7142857142857143,shoulder_width,0,31,0,True,True,True,True,True
train/WHERE/5985508360496106-WHERE.v17.npz,data/local/citizen100_v17/raw/train/WHERE/5985508360496106-WHERE.mp4,train,WHERE,landscape,640,480,41,16,0.4408866250000756,0.2926829268292683,0.75,0.36767578125,0.5625,0.4375,0.5625,shoulder_width,0,12,0,True,True,True,True,True
train/WHERE/6999394901611251-WHERE.v17.npz,data/local/citizen100_v17/raw/train/WHERE/6999394901611251-WHERE.mp4,train,WHERE,landscape,640,480,57,25,0.5035022499999968,0.3508771929824561,0.8,0.430908203125,0.6875,0.6875,0.68,shoulder_width,0,20,0,True,True,True,True,True
train/WHERE/7750734997528588-WHERE.v17.npz,data/local/citizen100_v17/raw/train/WHERE/7750734997528588-WHERE.mp4,train,WHERE,landscape,640,480,60,43,0.5704382090000308,0.6,0.8372093023255814,0.385498046875,0.75,0.5625,0.7674418604651163,shoulder_width,33,3,0,True,True,True,True,True
train/WHERE/7968041209479837-WHERE.v17.npz,data/local/citizen100_v17/raw/train/WHERE/7968041209479837-WHERE.mp4,train,WHERE,landscape,640,480,96,19,0.8181692079999721,0.15625,0.7894736842105263,0.364501953125,0.90625,0.0,0.0,palm_length,0,15,0,True,True,True,True,True
train/WHERE/8969965061622676-WHERE.v17.npz,data/local/citizen100_v17/raw/train/WHERE/8969965061622676-WHERE.mp4,train,WHERE,landscape,640,480,43,30,0.4301908329999833,0.6046511627906976,0.8666666666666667,0.42333984375,0.84375,0.5625,0.8333333333333334,shoulder_width,0,26,0,True,True,True,True,True
train/WHERE/9317687529080529-WHERE.v17.npz,data/local/citizen100_v17/raw/train/WHERE/9317687529080529-WHERE.mp4,train,WHERE,landscape,640,480,74,38,0.6711838339999758,0.4594594594594595,0.8947368421052632,0.422607421875,0.84375,0.4765625,0.868421052631579,shoulder_width,0,34,0,True,True,True,True,True
train/WHERE/9574229853297838-WHERE.v17.npz,data/local/citizen100_v17/raw/train/WHERE/9574229853297838-WHERE.mp4,train,WHERE,landscape,640,480,86,49,0.7965646249999736,0.5232558139534884,0.9183673469387755,0.453857421875,0.84375,0.84375,0.8367346938775511,shoulder_width,45,0,0,True,True,True,True,True
train/WHERE/9824526442836845-WHERE.v17.npz,data/local/citizen100_v17/raw/train/WHERE/9824526442836845-WHERE.mp4,train,WHERE,landscape,640,480,60,26,0.5562830420000182,0.36666666666666664,0.8461538461538461,0.37939453125,0.65625,0.4921875,0.6538461538461539,shoulder_width,0,22,0,True,True,True,True,True
train/WHO/0015092814988848513-WHO.v17.npz,data/local/citizen100_v17/raw/train/WHO/0015092814988848513-WHO.mp4,train,WHO,landscape,640,480,42,21,0.3672316250000449,0.40476190476190477,0.8095238095238095,0.37646484375,0.4375,0.3359375,0.42857142857142855,shoulder_width,0,17,0,True,True,True,True,True
train/WHO/044977332478077336-WHO.v17.npz,data/local/citizen100_v17/raw/train/WHO/044977332478077336-WHO.mp4,train,WHO,landscape,640,480,80,40,0.7188879999999926,0.45,0.9,0.43603515625,0.8125,0.0,0.0,palm_length,0,36,0,True,True,True,True,True
train/WHO/05073186101305538-WHO.v17.npz,data/local/citizen100_v17/raw/train/WHO/05073186101305538-WHO.mp4,train,WHO,landscape,640,480,96,41,0.8376519580000377,0.3854166666666667,0.9024390243902439,0.4345703125,0.78125,0.59375,0.8048780487804879,shoulder_width,0,37,0,True,True,True,True,True
train/WHO/14452193915198386-WHO.v17.npz,data/local/citizen100_v17/raw/train/WHO/14452193915198386-WHO.mp4,train,WHO,landscape,640,480,64,34,0.5564413329999525,0.453125,0.8529411764705882,0.428466796875,0.71875,0.71875,0.7352941176470589,shoulder_width,0,29,0,True,True,True,True,True
train/WHO/17383536861491344-WHO.v17.npz,data/local/citizen100_v17/raw/train/WHO/17383536861491344-WHO.mp4,train,WHO,landscape,640,480,82,53,0.7051046660000111,0.5853658536585366,0.9056603773584906,0.44580078125,0.78125,0.78125,0.7735849056603774,shoulder_width,48,0,0,True,True,True,True,True
train/WHO/18521627111046346-WHO.v17.npz,data/local/citizen100_v17/raw/train/WHO/18521627111046346-WHO.mp4,train,WHO,landscape,640,480,68,35,0.5551820830000906,0.4411764705882353,0.8571428571428571,0.40625,0.71875,0.6015625,0.7142857142857143,shoulder_width,0,30,0,True,True,True,True,True
train/WHO/21560081346679438-WHO.v17.npz,data/local/citizen100_v17/raw/train/WHO/21560081346679438-WHO.mp4,train,WHO,landscape,640,480,42,26,0.35498904200005654,0.47619047619047616,0.7692307692307693,0.399658203125,0.65625,0.5,0.6538461538461539,shoulder_width,0,20,0,True,True,True,True,True
train/WHO/22349971035391758-WHO.v17.npz,data/local/citizen100_v17/raw/train/WHO/22349971035391758-WHO.mp4,train,WHO,landscape,640,480,48,30,0.45083770800010825,0.5208333333333334,0.8333333333333334,0.402587890625,0.84375,0.4296875,0.8333333333333334,shoulder_width,1,24,0,True,True,True,True,True
train/WHO/5344192765643432-WHO.v17.npz,data/local/citizen100_v17/raw/train/WHO/5344192765643432-WHO.mp4,train,WHO,landscape,640,480,62,35,0.5395374159999164,0.5,0.8857142857142857,0.42041015625,0.9375,0.5546875,0.9428571428571428,shoulder_width,0,31,0,True,True,True,True,True
train/WHO/6013608694688473-WHO.v17.npz,data/local/citizen100_v17/raw/train/WHO/6013608694688473-WHO.mp4,train,WHO,landscape,640,480,46,23,0.38762645899998915,0.41304347826086957,0.8260869565217391,0.402587890625,0.75,0.75,0.7391304347826086,shoulder_width,0,19,0,True,True,True,True,True
train/WHO/6723858714545425-seedWHO.v17.npz,data/local/citizen100_v17/raw/train/WHO/6723858714545425-seedWHO.mp4,train,WHO,landscape,640,480,96,23,0.7252154579999797,0.19791666666666666,0.8260869565217391,0.384765625,0.75,0.75,0.7391304347826086,shoulder_width,0,19,0,True,True,True,True,True
train/WHO/8661268196723311-WHO.v17.npz,data/local/citizen100_v17/raw/train/WHO/8661268196723311-WHO.mp4,train,WHO,landscape,640,480,71,37,0.6746353749999798,0.4647887323943662,0.8918918918918919,0.401123046875,0.875,0.828125,0.8918918918918919,shoulder_width,1,32,0,True,True,True,True,True
train/WHO/9311041997261886-WHO.v17.npz,data/local/citizen100_v17/raw/train/WHO/9311041997261886-WHO.mp4,train,WHO,landscape,640,480,84,40,0.717735542000014,0.40476190476190477,0.85,0.416748046875,0.84375,0.84375,0.825,shoulder_width,0,34,0,True,True,True,True,True
train/WHO/9816718901577759-WHO.v17.npz,data/local/citizen100_v17/raw/train/WHO/9816718901577759-WHO.mp4,train,WHO,landscape,640,480,57,32,0.5720140420000916,0.49122807017543857,0.875,0.424072265625,0.78125,0.5859375,0.78125,shoulder_width,28,0,0,True,True,True,True,True
train/WHY/009620790877519658-seedWHY.v17.npz,data/local/citizen100_v17/raw/train/WHY/009620790877519658-seedWHY.mp4,train,WHY,landscape,640,480,96,55,0.7688017500000797,0.28125,0.4909090909090909,0.23291015625,0.875,0.875,0.8909090909090909,shoulder_width,0,27,0,True,True,True,True,True
train/WHY/10953401131792706-WHY.v17.npz,data/local/citizen100_v17/raw/train/WHY/10953401131792706-WHY.mp4,train,WHY,landscape,640,480,72,44,0.6446122500000229,0.5555555555555556,0.9090909090909091,0.4375,0.9375,0.578125,0.9318181818181818,shoulder_width,0,40,0,True,True,True,True,True
train/WHY/17485211510665932-WHY.v17.npz,data/local/citizen100_v17/raw/train/WHY/17485211510665932-WHY.mp4,train,WHY,landscape,640,480,84,50,0.7101502089999485,0.5357142857142857,0.9,0.453125,0.8125,0.8125,0.82,shoulder_width,0,45,0,True,True,True,True,True
train/WHY/20564555475489255-WHY.v17.npz,data/local/citizen100_v17/raw/train/WHY/20564555475489255-WHY.mp4,train,WHY,landscape,640,480,53,25,0.425767833000009,0.39622641509433965,0.84,0.389892578125,0.6875,0.5234375,0.68,shoulder_width,0,21,0,True,True,True,True,True
train/WHY/2565336440424879-WHY.v17.npz,data/local/citizen100_v17/raw/train/WHY/2565336440424879-WHY.mp4,train,WHY,landscape,640,480,48,26,0.3872679999999491,0.3958333333333333,0.7307692307692307,0.37353515625,0.65625,0.65625,0.6538461538461539,shoulder_width,0,19,0,True,True,True,True,True
train/WHY/28913897920899023-WHY.v17.npz,data/local/citizen100_v17/raw/train/WHY/28913897920899023-WHY.mp4,train,WHY,landscape,640,480,96,50,0.8795258330000024,0.46875,0.9,0.443359375,0.8125,0.625,0.36,shoulder_width,0,45,0,True,True,True,True,True
train/WHY/3866568461228612-WHY.v17.npz,data/local/citizen100_v17/raw/train/WHY/3866568461228612-WHY.mp4,train,WHY,landscape,640,480,79,33,0.7005271250000078,0.35443037974683544,0.8484848484848485,0.40771484375,0.75,0.75,0.7575757575757576,shoulder_width,0,28,0,True,True,True,True,True
train/WHY/41986547104124017-WHY.v17.npz,data/local/citizen100_v17/raw/train/WHY/41986547104124017-WHY.mp4,train,WHY,landscape,640,480,76,46,0.6772934169999871,0.5263157894736842,0.8695652173913043,0.39892578125,0.875,0.0,0.0,palm_length,0,40,0,True,True,True,True,True
train/WHY/48459131285186974-WHY.v17.npz,data/local/citizen100_v17/raw/train/WHY/48459131285186974-WHY.mp4,train,WHY,landscape,640,480,60,49,0.6454487080000035,0.5666666666666667,0.6938775510204082,0.333984375,0.8125,0.4921875,0.3673469387755102,shoulder_width,8,26,0,True,True,True,True,True
train/WHY/5236898172561582-WHY.v17.npz,data/local/citizen100_v17/raw/train/WHY/5236898172561582-WHY.mp4,train,WHY,landscape,640,480,72,51,0.6266021249999767,0.625,0.8823529411764706,0.458251953125,0.8125,0.0,0.0,palm_length,0,45,0,True,True,True,True,True
train/WHY/7317136659517625-WHY.v17.npz,data/local/citizen100_v17/raw/train/WHY/7317136659517625-WHY.mp4,train,WHY,landscape,640,480,55,29,0.4633501669999305,0.45454545454545453,0.8620689655172413,0.427734375,0.875,0.5859375,0.8620689655172413,shoulder_width,25,0,0,True,True,True,True,True
train/WHY/7885296477376487-WHY.v17.npz,data/local/citizen100_v17/raw/train/WHY/7885296477376487-WHY.mp4,train,WHY,landscape,640,480,69,45,0.6101679580000337,0.5797101449275363,0.8888888888888888,0.427001953125,0.90625,0.90625,0.9111111111111111,shoulder_width,40,0,0,True,True,True,True,True
train/WHY/8351529407222296-WHY.v17.npz,data/local/citizen100_v17/raw/train/WHY/8351529407222296-WHY.mp4,train,WHY,landscape,640,480,57,37,0.5334947080000347,0.543859649122807,0.8378378378378378,0.404052734375,0.875,0.453125,0.8918918918918919,shoulder_width,0,31,0,True,True,True,True,True
train/WHY/9579391541087037-WHY.v17.npz,data/local/citizen100_v17/raw/train/WHY/9579391541087037-WHY.mp4,train,WHY,landscape,640,480,45,29,0.3826924999999619,0.5555555555555556,0.8620689655172413,0.418212890625,0.875,0.3046875,0.5862068965517241,shoulder_width,0,25,0,True,True,True,True,True
train/WOMAN/020744311307733465-WOMAN.v17.npz,data/local/citizen100_v17/raw/train/WOMAN/020744311307733465-WOMAN.mp4,train,WOMAN,landscape,640,480,75,29,0.6431777079999392,0.3333333333333333,0.8620689655172413,0.431640625,0.875,0.875,0.8620689655172413,shoulder_width,0,25,0,True,True,True,True,True
train/WOMAN/0638032411056142-WOMAN.v17.npz,data/local/citizen100_v17/raw/train/WOMAN/0638032411056142-WOMAN.mp4,train,WOMAN,landscape,640,480,74,24,0.5898998750000146,0.1891891891891892,0.5833333333333334,0.28857421875,0.71875,0.0,0.0,palm_length,1,13,0,True,True,True,True,True
train/WOMAN/2667614119527071-WOMAN.v17.npz,data/local/citizen100_v17/raw/train/WOMAN/2667614119527071-WOMAN.mp4,train,WOMAN,landscape,640,480,43,23,0.3556239170000026,0.3953488372093023,0.7391304347826086,0.386962890625,0.75,0.75,0.7391304347826086,shoulder_width,0,17,0,True,True,True,True,True
train/WOMAN/4461487552265522-WOMAN.v17.npz,data/local/citizen100_v17/raw/train/WOMAN/4461487552265522-WOMAN.mp4,train,WOMAN,landscape,640,480,78,44,0.6486273749999327,0.48717948717948717,0.8636363636363636,0.415283203125,0.75,0.6640625,0.75,shoulder_width,38,0,0,True,True,True,True,True
train/WOMAN/4850200936266942-WOMAN.v17.npz,data/local/citizen100_v17/raw/train/WOMAN/4850200936266942-WOMAN.mp4,train,WOMAN,landscape,640,480,87,47,0.7083548329999303,0.4942528735632184,0.9148936170212766,0.42919921875,0.84375,0.84375,0.8723404255319149,shoulder_width,0,43,0,True,True,True,True,True
train/WOMAN/49774203842232456-WOMAN.v17.npz,data/local/citizen100_v17/raw/train/WOMAN/49774203842232456-WOMAN.mp4,train,WOMAN,landscape,640,480,64,35,0.5351242500000808,0.4375,0.8,0.402587890625,0.9375,0.46875,0.4857142857142857,shoulder_width,1,27,0,True,True,True,True,True
train/WOMAN/5103197530403352-WOMAN.v17.npz,data/local/citizen100_v17/raw/train/WOMAN/5103197530403352-WOMAN.mp4,train,WOMAN,landscape,640,480,50,28,0.5031847079999352,0.48,0.8571428571428571,0.425537109375,0.59375,0.4453125,0.6071428571428571,shoulder_width,0,24,0,True,True,True,True,True
train/WOMAN/5717207497905181-WOMAN.v17.npz,data/local/citizen100_v17/raw/train/WOMAN/5717207497905181-WOMAN.mp4,train,WOMAN,landscape,640,480,83,33,0.7839472500000966,0.3493975903614458,0.8787878787878788,0.42626953125,0.75,0.2109375,0.2727272727272727,shoulder_width,29,0,0,True,True,True,True,True
train/WOMAN/6746849097856722-seedWOMAN.v17.npz,data/local/citizen100_v17/raw/train/WOMAN/6746849097856722-seedWOMAN.mp4,train,WOMAN,landscape,640,480,96,27,1.0631508750000194,0.23958333333333334,0.8518518518518519,0.418212890625,0.65625,0.65625,0.6296296296296297,shoulder_width,0,23,0,True,True,True,True,True
train/WOMAN/7949225599155112-WOMAN.v17.npz,data/local/citizen100_v17/raw/train/WOMAN/7949225599155112-WOMAN.mp4,train,WOMAN,landscape,640,480,46,29,1.1681740000000218,0.5652173913043478,0.896551724137931,0.43017578125,0.875,0.6640625,0.8620689655172413,shoulder_width,0,26,0,True,True,True,True,True
train/WOMAN/9124827144973455-WOMAN.v17.npz,data/local/citizen100_v17/raw/train/WOMAN/9124827144973455-WOMAN.mp4,train,WOMAN,landscape,640,480,96,40,1.4817543750000368,0.3645833333333333,0.875,0.432373046875,0.8125,0.765625,0.825,shoulder_width,1,35,0,True,True,True,True,True
train/WOMAN/9445390940586698-WOMAN.v17.npz,data/local/citizen100_v17/raw/train/WOMAN/9445390940586698-WOMAN.mp4,train,WOMAN,landscape,640,480,66,36,0.9708865420000166,0.48484848484848486,0.8888888888888888,0.4345703125,0.6875,0.34375,0.6944444444444444,shoulder_width,0,32,0,True,True,True,True,True
train/WOMAN/9487367814629044-WOMAN.v17.npz,data/local/citizen100_v17/raw/train/WOMAN/9487367814629044-WOMAN.mp4,train,WOMAN,landscape,640,480,69,30,0.9462467079999897,0.36231884057971014,0.8333333333333334,0.396484375,0.84375,0.84375,0.8333333333333334,shoulder_width,0,25,0,True,True,True,True,True
train/WOMAN/9506820483257186-WOMAN.v17.npz,data/local/citizen100_v17/raw/train/WOMAN/9506820483257186-WOMAN.mp4,train,WOMAN,landscape,640,480,47,25,0.7486206669999547,0.44680851063829785,0.84,0.401123046875,0.6875,0.609375,0.68,shoulder_width,0,21,0,True,True,True,True,True
train/WORK/03669973155553041-WORK.v17.npz,data/local/citizen100_v17/raw/train/WORK/03669973155553041-WORK.mp4,train,WORK,landscape,640,480,96,52,1.415849334000086,0.5,0.9230769230769231,0.84228515625,0.78125,0.703125,0.7884615384615384,shoulder_width,31,59,0,True,True,True,True,True
train/WORK/0566177886642838-WORK.v17.npz,data/local/citizen100_v17/raw/train/WORK/0566177886642838-WORK.mp4,train,WORK,landscape,640,480,38,20,0.49039974999993774,0.42105263157894735,0.8,0.72265625,0.46875,0.46875,0.45,shoulder_width,14,16,0,True,True,True,True,True
train/WORK/05870571522457291-WORK.v17.npz,data/local/citizen100_v17/raw/train/WORK/05870571522457291-WORK.mp4,train,WORK,landscape,640,480,75,44,1.1162529999999151,0.5333333333333333,0.9090909090909091,0.7587890625,0.9375,0.5703125,0.75,shoulder_width,40,32,0,True,True,True,True,True
train/WORK/06132878384310203-WORK.v17.npz,data/local/citizen100_v17/raw/train/WORK/06132878384310203-WORK.mp4,train,WORK,landscape,640,480,90,60,1.273617624999929,0.6222222222222222,0.9333333333333333,0.75732421875,0.8125,0.7109375,0.8166666666666667,shoulder_width,39,56,0,True,True,True,True,True
train/WORK/06423831579431782-WORK.v17.npz,data/local/citizen100_v17/raw/train/WORK/06423831579431782-WORK.mp4,train,WORK,landscape,640,480,77,48,1.059260375000008,0.5714285714285714,0.9166666666666666,0.85107421875,0.84375,0.8046875,0.8541666666666666,shoulder_width,38,43,0,True,True,True,True,True
train/WORK/19579370378442884-WORK.v17.npz,data/local/citizen100_v17/raw/train/WORK/19579370378442884-WORK.mp4,train,WORK,landscape,640,480,86,46,1.3087463749999415,0.4883720930232558,0.9130434782608695,0.83056640625,0.875,0.875,0.8913043478260869,shoulder_width,39,42,0,True,True,True,True,True
train/WORK/27424831505579994-WORK.v17.npz,data/local/citizen100_v17/raw/train/WORK/27424831505579994-WORK.mp4,train,WORK,landscape,640,480,49,24,0.7494838750000099,0.40816326530612246,0.8333333333333334,0.72021484375,0.71875,0.6328125,0.7083333333333334,shoulder_width,17,18,0,True,True,True,True,True
train/WORK/30686159780357336-WORK.v17.npz,data/local/citizen100_v17/raw/train/WORK/30686159780357336-WORK.mp4,train,WORK,landscape,640,480,50,33,0.8664118749999261,0.58,0.8787878787878788,0.78369140625,0.75,0.75,0.7575757575757576,shoulder_width,25,29,0,True,True,True,True,True
train/WORK/3835017675141623-WORK.v17.npz,data/local/citizen100_v17/raw/train/WORK/3835017675141623-WORK.mp4,train,WORK,landscape,640,480,51,37,0.8212427089999892,0.6470588235294118,0.8918918918918919,0.60107421875,0.875,0.4140625,0.6756756756756757,shoulder_width,17,33,0,True,True,True,True,True
train/WORK/40443988565760036-seedWORK.v17.npz,data/local/citizen100_v17/raw/train/WORK/40443988565760036-seedWORK.mp4,train,WORK,landscape,640,480,96,27,1.2391837919999489,0.23958333333333334,0.8518518518518519,0.7197265625,0.65625,0.65625,0.6296296296296297,shoulder_width,17,23,0,True,True,True,True,True
train/WORK/4444176110924285-WORK.v17.npz,data/local/citizen100_v17/raw/train/WORK/4444176110924285-WORK.mp4,train,WORK,landscape,640,480,56,36,0.8761348330000374,0.5535714285714286,0.8611111111111112,0.57373046875,0.71875,0.6015625,0.6944444444444444,shoulder_width,14,31,0,True,True,True,True,True
train/WORK/6276749691211894-WORK.v17.npz,data/local/citizen100_v17/raw/train/WORK/6276749691211894-WORK.mp4,train,WORK,landscape,640,480,75,38,0.9306921670000747,0.4533333333333333,0.8947368421052632,0.77001953125,0.875,0.609375,0.868421052631579,shoulder_width,27,34,0,True,True,True,True,True
train/WORK/6287775786430216-WORK.v17.npz,data/local/citizen100_v17/raw/train/WORK/6287775786430216-WORK.mp4,train,WORK,landscape,640,480,74,41,0.9864233329999479,0.5,0.9024390243902439,0.72607421875,0.8125,0.609375,0.8048780487804879,shoulder_width,25,37,0,True,True,True,True,True
train/WORK/6581185847498976-WORK.v17.npz,data/local/citizen100_v17/raw/train/WORK/6581185847498976-WORK.mp4,train,WORK,landscape,640,480,80,46,1.2108786669999745,0.525,0.9130434782608695,0.71875,0.875,0.875,0.8913043478260869,shoulder_width,36,42,0,True,True,True,True,True
train/WRITE/0940927928215547-WRITE.v17.npz,data/local/citizen100_v17/raw/train/WRITE/0940927928215547-WRITE.mp4,train,WRITE,landscape,640,480,80,80,1.3213358749999315,0.975,0.975,0.62353515625,0.90625,0.5078125,0.525,shoulder_width,77,35,0,True,True,True,True,True
train/WRITE/1508156580679143-WRITE.v17.npz,data/local/citizen100_v17/raw/train/WRITE/1508156580679143-WRITE.mp4,train,WRITE,landscape,640,480,61,56,1.0148117089999005,0.8032786885245902,0.875,0.7685546875,0.875,0.671875,0.875,shoulder_width,49,41,0,True,True,True,True,True
train/WRITE/16452616343668436-WRITE.v17.npz,data/local/citizen100_v17/raw/train/WRITE/16452616343668436-WRITE.mp4,train,WRITE,landscape,640,480,60,42,0.9977879170000961,0.6166666666666667,0.8809523809523809,0.8056640625,0.96875,0.0,0.0,palm_length,36,34,0,True,True,True,True,True
train/WRITE/19978233231036002-WRITE.v17.npz,data/local/citizen100_v17/raw/train/WRITE/19978233231036002-WRITE.mp4,train,WRITE,landscape,640,480,93,53,1.4142359579999493,0.5161290322580645,0.9056603773584906,0.84130859375,0.90625,0.90625,0.9245283018867925,shoulder_width,46,46,0,True,True,True,True,True
train/WRITE/2570647676865354-WRITE.v17.npz,data/local/citizen100_v17/raw/train/WRITE/2570647676865354-WRITE.mp4,train,WRITE,landscape,640,480,80,50,1.0766717499999459,0.5625,0.9,0.82666015625,0.8125,0.625,0.66,shoulder_width,43,43,0,True,True,True,True,True
train/WRITE/39100553497986446-WRITE.v17.npz,data/local/citizen100_v17/raw/train/WRITE/39100553497986446-WRITE.mp4,train,WRITE,landscape,640,480,96,56,1.3437203330000784,0.5416666666666666,0.9285714285714286,0.83056640625,0.84375,0.5703125,0.875,shoulder_width,49,49,0,True,True,True,True,True
train/WRITE/41981255125221795-WRITE.v17.npz,data/local/citizen100_v17/raw/train/WRITE/41981255125221795-WRITE.mp4,train,WRITE,landscape,640,480,45,21,0.5596412090000058,0.37777777777777777,0.8095238095238095,0.7099609375,0.4375,0.4375,0.42857142857142855,shoulder_width,16,14,0,True,True,True,True,True
train/WRITE/4390289106690757-WRITE.v17.npz,data/local/citizen100_v17/raw/train/WRITE/4390289106690757-WRITE.mp4,train,WRITE,landscape,640,480,48,29,0.6691987499999641,0.5208333333333334,0.8620689655172413,0.72412109375,0.59375,0.59375,0.5862068965517241,shoulder_width,25,17,0,True,True,True,True,True
train/WRITE/49076375253453164-WRITE.v17.npz,data/local/citizen100_v17/raw/train/WRITE/49076375253453164-WRITE.mp4,train,WRITE,landscape,640,480,64,42,1.0083400409999967,0.59375,0.9047619047619048,0.818359375,0.78125,0.2109375,0.40476190476190477,shoulder_width,35,37,0,True,True,True,True,True
train/WRITE/5450162845815001-seedWRITE.v17.npz,data/local/citizen100_v17/raw/train/WRITE/5450162845815001-seedWRITE.mp4,train,WRITE,landscape,640,480,96,49,1.4949032920000036,0.46875,0.9183673469387755,0.87646484375,1.0,1.0,1.0,shoulder_width,45,43,0,True,True,True,True,True
train/WRITE/582860551991583-WRITE.v17.npz,data/local/citizen100_v17/raw/train/WRITE/582860551991583-WRITE.mp4,train,WRITE,landscape,640,480,66,43,1.0505457920000936,0.5757575757575758,0.8837209302325582,0.81494140625,0.78125,0.40625,0.7674418604651163,shoulder_width,34,38,0,True,True,True,True,True
train/WRITE/6080391494064927-WRITE.v17.npz,data/local/citizen100_v17/raw/train/WRITE/6080391494064927-WRITE.mp4,train,WRITE,landscape,640,480,61,30,0.9645052079999914,0.4098360655737705,0.8333333333333334,0.7626953125,0.59375,0.59375,0.5666666666666667,shoulder_width,24,20,0,True,True,True,True,True
train/WRITE/7241712002802467-WRITE.v17.npz,data/local/citizen100_v17/raw/train/WRITE/7241712002802467-WRITE.mp4,train,WRITE,landscape,640,480,64,41,0.9287095829999998,0.578125,0.9024390243902439,0.7900390625,0.78125,0.3984375,0.6097560975609756,shoulder_width,33,35,0,True,True,True,True,True
train/WRITE/7326855771738956-WRITE.v17.npz,data/local/citizen100_v17/raw/train/WRITE/7326855771738956-WRITE.mp4,train,WRITE,landscape,640,480,64,45,1.1749469159999535,0.640625,0.9111111111111111,0.8115234375,0.71875,0.359375,0.7333333333333333,shoulder_width,37,37,0,True,True,True,True,True
train/WRITE/7389026313346527-WRITE.v17.npz,data/local/citizen100_v17/raw/train/WRITE/7389026313346527-WRITE.mp4,train,WRITE,landscape,640,480,73,46,1.2269481659999428,0.5753424657534246,0.9130434782608695,0.79931640625,0.875,0.796875,0.8913043478260869,shoulder_width,42,36,0,True,True,True,True,True
train/WRITE/9959384247496594-WRITE.v17.npz,data/local/citizen100_v17/raw/train/WRITE/9959384247496594-WRITE.mp4,train,WRITE,landscape,640,480,57,35,0.907902292000017,0.543859649122807,0.8857142857142857,0.78955078125,0.9375,0.2109375,0.05714285714285714,shoulder_width,31,28,0,True,True,True,True,True
train/YEAR/028806526364878682-YEAR.v17.npz,data/local/citizen100_v17/raw/train/YEAR/028806526364878682-YEAR.mp4,train,YEAR,landscape,640,480,82,46,1.2172637080000186,0.4878048780487805,0.8695652173913043,0.7958984375,0.875,0.5390625,0.8913043478260869,shoulder_width,35,35,0,True,True,True,True,True
train/YEAR/07206160521140825-YEAR.v17.npz,data/local/citizen100_v17/raw/train/YEAR/07206160521140825-YEAR.mp4,train,YEAR,landscape,640,480,59,39,0.9513059160000239,0.5932203389830508,0.8974358974358975,0.7744140625,0.84375,0.734375,0.8461538461538461,shoulder_width,34,27,0,True,True,True,True,True
train/YEAR/0867127865649342-YEAR.v17.npz,data/local/citizen100_v17/raw/train/YEAR/0867127865649342-YEAR.mp4,train,YEAR,landscape,640,480,96,41,1.3933377089999794,0.3854166666666667,0.9024390243902439,0.85791015625,0.8125,0.8125,0.8048780487804879,shoulder_width,34,34,0,True,True,True,True,True
train/YEAR/2027477584552939-YEAR.v17.npz,data/local/citizen100_v17/raw/train/YEAR/2027477584552939-YEAR.mp4,train,YEAR,landscape,640,480,96,52,1.2543610000000172,0.5,0.9230769230769231,0.828125,0.9375,0.9375,0.9423076923076923,shoulder_width,40,44,0,True,True,True,True,True
train/YEAR/250579426738303-YEAR.v17.npz,data/local/citizen100_v17/raw/train/YEAR/250579426738303-YEAR.mp4,train,YEAR,landscape,640,480,78,44,1.062265416999935,0.5128205128205128,0.9090909090909091,0.7060546875,0.9375,0.7109375,0.9318181818181818,shoulder_width,27,37,0,True,True,True,True,True
train/YEAR/3515165483430771-YEAR.v17.npz,data/local/citizen100_v17/raw/train/YEAR/3515165483430771-YEAR.mp4,train,YEAR,landscape,640,480,67,56,0.9016391670000985,0.4925373134328358,0.5892857142857143,0.4873046875,0.875,0.734375,0.875,shoulder_width,27,26,0,True,True,True,True,True
train/YEAR/504864922087114-seedYEAR.v17.npz,data/local/citizen100_v17/raw/train/YEAR/504864922087114-seedYEAR.mp4,train,YEAR,landscape,640,480,96,32,1.1951922920000015,0.2916666666666667,0.875,0.7529296875,0.78125,0.78125,0.78125,shoulder_width,22,27,0,True,True,True,True,True
train/YEAR/5140062329277526-YEAR.v17.npz,data/local/citizen100_v17/raw/train/YEAR/5140062329277526-YEAR.mp4,train,YEAR,landscape,640,480,72,39,1.0476016249999702,0.4722222222222222,0.8717948717948718,0.82080078125,0.84375,0.84375,0.8461538461538461,shoulder_width,29,33,0,True,True,True,True,True
train/YEAR/6542147977884243-YEAR.v17.npz,data/local/citizen100_v17/raw/train/YEAR/6542147977884243-YEAR.mp4,train,YEAR,landscape,640,480,56,33,0.6516536249999945,0.5178571428571429,0.8787878787878788,0.75439453125,0.75,0.6875,0.7575757575757576,shoulder_width,22,29,0,True,True,True,True,True
train/YEAR/6963469295518416-YEAR.v17.npz,data/local/citizen100_v17/raw/train/YEAR/6963469295518416-YEAR.mp4,train,YEAR,landscape,640,480,62,42,0.9036929580000788,0.4838709677419355,0.7142857142857143,0.4189453125,0.78125,0.0,0.0,palm_length,16,18,0,True,True,True,True,True
train/YEAR/7945948304503736-YEAR.v17.npz,data/local/citizen100_v17/raw/train/YEAR/7945948304503736-YEAR.mp4,train,YEAR,landscape,640,480,58,32,0.6963634169999295,0.4827586206896552,0.875,0.73974609375,0.78125,0.78125,0.78125,shoulder_width,21,26,0,True,True,True,True,True
train/YEAR/8410349218008399-YEAR.v17.npz,data/local/citizen100_v17/raw/train/YEAR/8410349218008399-YEAR.mp4,train,YEAR,landscape,640,480,51,34,0.8185275419999698,0.5882352941176471,0.8823529411764706,0.640625,0.71875,0.5546875,0.7352941176470589,shoulder_width,17,29,0,True,True,True,True,True
train/YEAR/9034293336756236-YEAR.v17.npz,data/local/citizen100_v17/raw/train/YEAR/9034293336756236-YEAR.mp4,train,YEAR,landscape,640,480,96,51,1.5083289579999928,0.4895833333333333,0.9215686274509803,0.802734375,0.78125,0.5625,0.803921568627451,shoulder_width,36,47,0,True,True,True,True,True
train/YEAR/9417609246035323-YEAR.v17.npz,data/local/citizen100_v17/raw/train/YEAR/9417609246035323-YEAR.mp4,train,YEAR,landscape,640,480,44,31,0.6418120829999907,0.4090909090909091,0.5806451612903226,0.5947265625,0.8125,0.8125,0.8064516129032258,shoulder_width,16,16,0,True,True,True,True,True
train/YEAR/9770599529725736-YEAR.v17.npz,data/local/citizen100_v17/raw/train/YEAR/9770599529725736-YEAR.mp4,train,YEAR,landscape,640,480,96,64,1.2514120409999805,0.59375,0.890625,0.8212890625,0.875,0.875,0.890625,shoulder_width,47,56,0,True,True,True,True,True
train/YES/050364485120873326-YES.v17.npz,data/local/citizen100_v17/raw/train/YES/050364485120873326-YES.mp4,train,YES,landscape,640,480,96,26,1.0686186660000203,0.22916666666666666,0.8461538461538461,0.41357421875,0.65625,0.5,0.6538461538461539,shoulder_width,22,0,0,True,True,True,True,True
train/YES/15498675309554577-YES.v17.npz,data/local/citizen100_v17/raw/train/YES/15498675309554577-YES.mp4,train,YES,landscape,640,480,47,18,0.5744264579999481,0.2978723404255319,0.7777777777777778,0.375,0.5,0.5,0.5,shoulder_width,0,14,0,True,True,True,True,True
train/YES/1555998439795525-YES.v17.npz,data/local/citizen100_v17/raw/train/YES/1555998439795525-YES.mp4,train,YES,landscape,640,480,81,49,1.0348574590000226,0.5555555555555556,0.9183673469387755,0.446533203125,0.8125,0.8125,0.8367346938775511,shoulder_width,45,0,0,True,True,True,True,True
train/YES/15689453699180178-YES.v17.npz,data/local/citizen100_v17/raw/train/YES/15689453699180178-YES.mp4,train,YES,landscape,640,480,47,28,0.48465020800006187,0.48936170212765956,0.8214285714285714,0.400390625,0.59375,0.5234375,0.6071428571428571,shoulder_width,0,23,0,True,True,True,True,True
train/YES/16728596536749274-YES.v17.npz,data/local/citizen100_v17/raw/train/YES/16728596536749274-YES.mp4,train,YES,landscape,640,480,73,36,1.0082384580000507,0.4383561643835616,0.8888888888888888,0.421875,0.71875,0.015625,0.027777777777777776,shoulder_width,0,32,0,True,True,True,True,True
train/YES/32941176670637984-YES.v17.npz,data/local/citizen100_v17/raw/train/YES/32941176670637984-YES.mp4,train,YES,landscape,640,480,46,29,0.5936439589999054,0.5434782608695652,0.8620689655172413,0.422607421875,0.59375,0.1796875,0.034482758620689655,shoulder_width,0,25,0,True,True,True,True,True
train/YES/38970444942928073-YES.v17.npz,data/local/citizen100_v17/raw/train/YES/38970444942928073-YES.mp4,train,YES,landscape,640,480,56,49,0.8715610000000424,0.5892857142857143,0.673469387755102,0.330322265625,0.84375,0.5625,0.8367346938775511,shoulder_width,0,33,0,True,True,True,True,True
train/YES/44146024789241256-YES.v17.npz,data/local/citizen100_v17/raw/train/YES/44146024789241256-YES.mp4,train,YES,landscape,640,480,56,34,0.6921837920000371,0.5357142857142857,0.8823529411764706,0.422607421875,0.71875,0.3671875,0.7352941176470589,shoulder_width,0,30,0,True,True,True,True,True
train/YES/6358167662084229-seedYES.v17.npz,data/local/citizen100_v17/raw/train/YES/6358167662084229-seedYES.mp4,train,YES,landscape,640,480,88,40,1.1155437920000395,0.4090909090909091,0.9,0.4375,0.84375,0.84375,0.825,shoulder_width,0,36,0,True,True,True,True,True
train/YES/709429051156695-YES.v17.npz,data/local/citizen100_v17/raw/train/YES/709429051156695-YES.mp4,train,YES,landscape,640,480,93,45,1.250699041999951,0.44086021505376344,0.9111111111111111,0.43603515625,0.90625,0.859375,0.9111111111111111,shoulder_width,0,41,0,True,True,True,True,True
train/YES/7199140986089654-YES.v17.npz,data/local/citizen100_v17/raw/train/YES/7199140986089654-YES.mp4,train,YES,landscape,640,480,79,36,1.1148696669999936,0.4050632911392405,0.8888888888888888,0.422607421875,0.90625,0.6875,0.9166666666666666,shoulder_width,0,32,0,True,True,True,True,True
train/YES/8699610978899361-YES.v17.npz,data/local/citizen100_v17/raw/train/YES/8699610978899361-YES.mp4,train,YES,landscape,640,480,57,30,0.7906275000000278,0.45614035087719296,0.8666666666666667,0.416748046875,0.84375,0.3671875,0.06666666666666667,shoulder_width,0,26,0,True,True,True,True,True
train/YES/9009854854743657-YES.v17.npz,data/local/citizen100_v17/raw/train/YES/9009854854743657-YES.mp4,train,YES,landscape,640,480,66,34,1.1049040000000332,0.45454545454545453,0.8823529411764706,0.42919921875,0.71875,0.4921875,0.7352941176470589,shoulder_width,0,30,0,True,True,True,True,True
train/YES/9092689562509508-YES.v17.npz,data/local/citizen100_v17/raw/train/YES/9092689562509508-YES.mp4,train,YES,landscape,640,480,48,26,0.6058941249999634,0.4375,0.8076923076923077,0.39794921875,0.65625,0.65625,0.6538461538461539,shoulder_width,0,21,0,True,True,True,True,True
train/YES/9953610281521326-YES.v17.npz,data/local/citizen100_v17/raw/train/YES/9953610281521326-YES.mp4,train,YES,landscape,640,480,96,82,1.1238115419999986,0.53125,0.6219512195121951,0.318359375,0.96875,0.8203125,0.7073170731707317,shoulder_width,0,51,0,True,True,True,True,True
train/YESTERDAY/007361233568424552-YESTERDAY.v17.npz,data/local/citizen100_v17/raw/train/YESTERDAY/007361233568424552-YESTERDAY.mp4,train,YESTERDAY,landscape,640,480,44,34,0.4827300420000711,0.6590909090909091,0.8529411764705882,0.402587890625,0.71875,0.546875,0.7352941176470589,shoulder_width,0,29,0,True,True,True,True,True
train/YESTERDAY/04762206287810322-YESTERDAY.v17.npz,data/local/citizen100_v17/raw/train/YESTERDAY/04762206287810322-YESTERDAY.mp4,train,YESTERDAY,landscape,640,480,75,35,0.8183063330000095,0.41333333333333333,0.8857142857142857,0.418212890625,0.9375,0.9375,0.9428571428571428,shoulder_width,0,31,0,True,True,True,True,True
train/YESTERDAY/22994787272783634-YESTERDAY.v17.npz,data/local/citizen100_v17/raw/train/YESTERDAY/22994787272783634-YESTERDAY.mp4,train,YESTERDAY,landscape,640,480,48,23,0.42517799999995987,0.3958333333333333,0.8260869565217391,0.394287109375,0.75,0.6640625,0.7391304347826086,shoulder_width,0,19,0,True,True,True,True,True
train/YESTERDAY/24193734646812537-YESTERDAY.v17.npz,data/local/citizen100_v17/raw/train/YESTERDAY/24193734646812537-YESTERDAY.mp4,train,YESTERDAY,landscape,640,480,61,43,0.5711297909999757,0.6721311475409836,0.9534883720930233,0.46875,0.75,0.3046875,0.3953488372093023,shoulder_width,41,0,0,True,True,True,True,True
train/YESTERDAY/3147681618714515-YESTERDAY.v17.npz,data/local/citizen100_v17/raw/train/YESTERDAY/3147681618714515-YESTERDAY.mp4,train,YESTERDAY,landscape,640,480,69,37,0.6407882500000142,0.4782608695652174,0.8918918918918919,0.4375,0.875,0.5,0.8918918918918919,shoulder_width,0,33,0,True,True,True,True,True
train/YESTERDAY/32422661024484234-seedYESTERDAY.v17.npz,data/local/citizen100_v17/raw/train/YESTERDAY/32422661024484234-seedYESTERDAY.mp4,train,YESTERDAY,landscape,640,480,96,45,0.8875524579999592,0.4270833333333333,0.9111111111111111,0.433837890625,0.71875,0.71875,0.7333333333333333,shoulder_width,0,41,0,True,True,True,True,True
train/YESTERDAY/3726273899955248-YESTERDAY.v17.npz,data/local/citizen100_v17/raw/train/YESTERDAY/3726273899955248-YESTERDAY.mp4,train,YESTERDAY,landscape,640,480,96,40,1.0119207910000796,0.375,0.9,0.428466796875,0.8125,0.765625,0.825,shoulder_width,0,36,0,True,True,True,True,True
train/YESTERDAY/48759619499196427-YESTERDAY.v17.npz,data/local/citizen100_v17/raw/train/YESTERDAY/48759619499196427-YESTERDAY.mp4,train,YESTERDAY,landscape,640,480,74,34,0.8571985419999919,0.40540540540540543,0.8823529411764706,0.436767578125,0.71875,0.3671875,0.7352941176470589,shoulder_width,0,30,0,True,True,True,True,True
train/YESTERDAY/5250104606145489-YESTERDAY.v17.npz,data/local/citizen100_v17/raw/train/YESTERDAY/5250104606145489-YESTERDAY.mp4,train,YESTERDAY,landscape,640,480,49,29,0.5100490419999915,0.5102040816326531,0.8620689655172413,0.415283203125,0.875,0.234375,0.06896551724137931,shoulder_width,0,25,0,True,True,True,True,True
train/YESTERDAY/5622664159943058-YESTERDAY.v17.npz,data/local/citizen100_v17/raw/train/YESTERDAY/5622664159943058-YESTERDAY.mp4,train,YESTERDAY,landscape,640,480,62,41,0.6592046669999263,0.5967741935483871,0.9024390243902439,0.436767578125,0.8125,0.15625,0.0,palm_length,37,0,0,True,True,True,True,True
train/YESTERDAY/6798966757937068-YESTERDAY.v17.npz,data/local/citizen100_v17/raw/train/YESTERDAY/6798966757937068-YESTERDAY.mp4,train,YESTERDAY,landscape,640,480,92,92,1.0267571250000174,0.8804347826086957,0.8804347826086957,0.3251953125,0.96875,0.7265625,0.967391304347826,shoulder_width,27,58,0,True,True,True,True,True
train/YESTERDAY/7815897175027569-YESTERDAY.v17.npz,data/local/citizen100_v17/raw/train/YESTERDAY/7815897175027569-YESTERDAY.mp4,train,YESTERDAY,landscape,640,480,95,47,0.8263527080000586,0.4421052631578947,0.8936170212765957,0.421875,0.84375,0.84375,0.8723404255319149,shoulder_width,0,42,0,True,True,True,True,True
train/YESTERDAY/8671480886168847-YESTERDAY.v17.npz,data/local/citizen100_v17/raw/train/YESTERDAY/8671480886168847-YESTERDAY.mp4,train,YESTERDAY,landscape,640,480,67,51,0.6580685829999311,0.47761194029850745,0.6274509803921569,0.3125,0.96875,0.96875,0.9607843137254902,shoulder_width,0,32,0,True,True,True,True,True
train/YESTERDAY/8990314041333538-YESTERDAY.v17.npz,data/local/citizen100_v17/raw/train/YESTERDAY/8990314041333538-YESTERDAY.mp4,train,YESTERDAY,landscape,640,480,85,35,0.7066928330000337,0.36470588235294116,0.8857142857142857,0.408447265625,0.6875,0.6328125,0.7142857142857143,shoulder_width,0,31,0,True,True,True,True,True
train/YESTERDAY/9746509820351381-YESTERDAY.v17.npz,data/local/citizen100_v17/raw/train/YESTERDAY/9746509820351381-YESTERDAY.mp4,train,YESTERDAY,landscape,640,480,81,40,0.7790341250000665,0.41975308641975306,0.85,0.424072265625,0.8125,0.015625,0.05,shoulder_width,0,34,0,True,True,True,True,True
train/YESTERDAY/9862201336212995-YESTERDAY.v17.npz,data/local/citizen100_v17/raw/train/YESTERDAY/9862201336212995-YESTERDAY.mp4,train,YESTERDAY,landscape,640,480,67,50,0.6944355420000647,0.6865671641791045,0.92,0.459716796875,0.8125,0.6953125,0.66,shoulder_width,0,46,0,True,True,True,True,True
train/YOU/08882787638193945-YOU.v17.npz,data/local/citizen100_v17/raw/train/YOU/08882787638193945-YOU.mp4,train,YOU,landscape,640,480,69,22,0.5981932910000296,0.2608695652173913,0.8181818181818182,0.363037109375,0.78125,0.78125,0.7727272727272727,shoulder_width,0,18,0,True,True,True,True,True
train/YOU/14637905185166056-YOU.v17.npz,data/local/citizen100_v17/raw/train/YOU/14637905185166056-YOU.mp4,train,YOU,landscape,640,480,89,42,0.8018426249999493,0.4157303370786517,0.8809523809523809,0.415283203125,0.78125,0.59375,0.7857142857142857,shoulder_width,0,37,0,True,True,True,True,True
train/YOU/15737752814991346-YOU.v17.npz,data/local/citizen100_v17/raw/train/YOU/15737752814991346-YOU.mp4,train,YOU,landscape,640,480,61,36,0.7389335410000513,0.45901639344262296,0.7777777777777778,0.354248046875,0.90625,0.421875,0.6944444444444444,shoulder_width,8,23,0,True,True,True,True,True
train/YOU/17987836792170242-YOU.v17.npz,data/local/citizen100_v17/raw/train/YOU/17987836792170242-YOU.mp4,train,YOU,landscape,640,480,39,19,0.35964575000002696,0.358974358974359,0.7368421052631579,0.355712890625,0.9375,0.9375,0.8947368421052632,shoulder_width,0,14,0,True,True,True,True,True
train/YOU/24903533651693976-seedYOU.v17.npz,data/local/citizen100_v17/raw/train/YOU/24903533651693976-seedYOU.mp4,train,YOU,landscape,640,480,96,19,0.7654733340000348,0.15625,0.7894736842105263,0.397216796875,0.46875,0.46875,0.47368421052631576,shoulder_width,0,15,0,True,True,True,True,True
train/YOU/2775935043696396-YOU.v17.npz,data/local/citizen100_v17/raw/train/YOU/2775935043696396-YOU.mp4,train,YOU,landscape,640,480,59,31,0.6271020000000362,0.4576271186440678,0.8709677419354839,0.416748046875,0.8125,0.6171875,0.8064516129032258,shoulder_width,0,27,0,True,True,True,True,True
train/YOU/3273120364218567-YOU.v17.npz,data/local/citizen100_v17/raw/train/YOU/3273120364218567-YOU.mp4,train,YOU,landscape,640,480,42,25,0.43570437500000025,0.5,0.84,0.369873046875,1.0,0.046875,0.08,shoulder_width,0,21,0,True,True,True,True,True
train/YOU/5547769757240029-YOU.v17.npz,data/local/citizen100_v17/raw/train/YOU/5547769757240029-YOU.mp4,train,YOU,landscape,640,480,68,45,0.6453124580000349,0.5735294117647058,0.8666666666666667,0.408447265625,0.90625,0.0,0.0,palm_length,0,39,0,True,True,True,True,True
train/YOU/6298308396800849-YOU.v17.npz,data/local/citizen100_v17/raw/train/YOU/6298308396800849-YOU.mp4,train,YOU,landscape,640,480,43,18,0.4003670829999919,0.32558139534883723,0.7777777777777778,0.392822265625,0.5,0.3828125,0.5,shoulder_width,0,14,0,True,True,True,True,True
train/YOU/6515372118413638-YOU.v17.npz,data/local/citizen100_v17/raw/train/YOU/6515372118413638-YOU.mp4,train,YOU,landscape,640,480,59,34,0.5766032919999589,0.5084745762711864,0.8823529411764706,0.42919921875,0.71875,0.125,0.2647058823529412,shoulder_width,30,0,0,True,True,True,True,True
train/YOU/677386009297865-YOU.v17.npz,data/local/citizen100_v17/raw/train/YOU/677386009297865-YOU.mp4,train,YOU,landscape,640,480,71,41,0.6245391249999557,0.49295774647887325,0.8536585365853658,0.4091796875,0.8125,0.5625,0.8048780487804879,shoulder_width,0,35,0,True,True,True,True,True
train/YOU/7590157290604365-YOU.v17.npz,data/local/citizen100_v17/raw/train/YOU/7590157290604365-YOU.mp4,train,YOU,landscape,640,480,78,46,0.6979575000000295,0.5384615384615384,0.9130434782608695,0.427734375,0.875,0.875,0.8913043478260869,shoulder_width,42,0,0,True,True,True,True,True
train/YOU/7807683495721192-YOU.v17.npz,data/local/citizen100_v17/raw/train/YOU/7807683495721192-YOU.mp4,train,YOU,landscape,640,480,87,29,0.697876167000004,0.28735632183908044,0.8620689655172413,0.427001953125,0.5625,0.5625,0.5862068965517241,shoulder_width,0,25,0,True,True,True,True,True
train/YOU/7924736335453846-YOU.v17.npz,data/local/citizen100_v17/raw/train/YOU/7924736335453846-YOU.mp4,train,YOU,landscape,640,480,96,55,0.7803324170000678,0.34375,0.6,0.300537109375,0.875,0.875,0.8909090909090909,shoulder_width,0,33,0,True,True,True,True,True
train/YOU/9739021665350334-YOU.v17.npz,data/local/citizen100_v17/raw/train/YOU/9739021665350334-YOU.mp4,train,YOU,landscape,640,480,96,61,0.8005719169999566,0.2916666666666667,0.45901639344262296,0.220947265625,0.9375,0.78125,0.9344262295081968,shoulder_width,0,28,0,True,True,True,True,True
train/YOUR/1178260244339504-YOUR.v17.npz,data/local/citizen100_v17/raw/train/YOUR/1178260244339504-YOUR.mp4,train,YOUR,landscape,640,480,42,25,0.4069079999999303,0.5,0.84,0.41064453125,1.0,0.75,1.0,shoulder_width,0,21,0,True,True,True,True,True
train/YOUR/19561663745070268-YOUR.v17.npz,data/local/citizen100_v17/raw/train/YOUR/19561663745070268-YOUR.mp4,train,YOUR,landscape,640,480,53,28,0.4856015830000615,0.4528301886792453,0.8571428571428571,0.43310546875,0.59375,0.5234375,0.6071428571428571,shoulder_width,0,24,0,True,True,True,True,True
train/YOUR/19741660770603775-YOUR.v17.npz,data/local/citizen100_v17/raw/train/YOUR/19741660770603775-YOUR.mp4,train,YOUR,landscape,960,540,62,39,0.6691127090000464,0.5483870967741935,0.8717948717948718,0.394287109375,0.84375,0.4296875,0.8461538461538461,shoulder_width,34,0,0,True,True,True,True,True
train/YOUR/3028554929015699-YOUR.v17.npz,data/local/citizen100_v17/raw/train/YOUR/3028554929015699-YOUR.mp4,train,YOUR,landscape,640,480,87,40,0.7470241660000738,0.41379310344827586,0.9,0.4345703125,0.8125,0.5078125,0.825,shoulder_width,36,0,0,True,True,True,True,True
train/YOUR/37150818596578294-YOUR.v17.npz,data/local/citizen100_v17/raw/train/YOUR/37150818596578294-YOUR.mp4,train,YOUR,landscape,640,480,80,26,0.6831272500000978,0.275,0.8461538461538461,0.415283203125,0.65625,0.265625,0.34615384615384615,shoulder_width,0,22,0,True,True,True,True,True
train/YOUR/3909320209952225-YOUR.v17.npz,data/local/citizen100_v17/raw/train/YOUR/3909320209952225-YOUR.mp4,train,YOUR,landscape,640,480,96,35,0.857740208999985,0.3229166666666667,0.8857142857142857,0.4189453125,0.6875,0.2421875,0.4857142857142857,shoulder_width,0,31,0,True,True,True,True,True
train/YOUR/4175719914055973-YOUR.v17.npz,data/local/citizen100_v17/raw/train/YOUR/4175719914055973-YOUR.mp4,train,YOUR,landscape,640,480,76,42,0.7710079159999168,0.5,0.9047619047619048,0.433837890625,0.96875,0.3515625,0.5952380952380952,shoulder_width,38,0,0,True,True,True,True,True
train/YOUR/6252762428426335-YOUR.v17.npz,data/local/citizen100_v17/raw/train/YOUR/6252762428426335-YOUR.mp4,train,YOUR,landscape,640,480,68,33,0.7103158329999815,0.4264705882352941,0.8787878787878788,0.41357421875,0.75,0.6875,0.7575757575757576,shoulder_width,0,29,0,True,True,True,True,True
train/YOUR/69094637897625-YOUR.v17.npz,data/local/citizen100_v17/raw/train/YOUR/69094637897625-YOUR.mp4,train,YOUR,landscape,640,480,74,38,0.7941967080000722,0.4594594594594595,0.8947368421052632,0.4248046875,0.875,0.453125,0.05263157894736842,shoulder_width,1,33,0,True,True,True,True,True
train/YOUR/7290227249431431-YOUR.v17.npz,data/local/citizen100_v17/raw/train/YOUR/7290227249431431-YOUR.mp4,train,YOUR,landscape,640,480,96,32,0.9311742909999339,0.2916666666666667,0.875,0.42333984375,0.78125,0.3984375,0.53125,shoulder_width,0,28,0,True,True,True,True,True
train/YOUR/7652691083354926-YOUR.v17.npz,data/local/citizen100_v17/raw/train/YOUR/7652691083354926-YOUR.mp4,train,YOUR,landscape,640,480,96,33,0.8583634999999958,0.3020833333333333,0.8787878787878788,0.430908203125,0.75,0.75,0.7575757575757576,shoulder_width,0,29,0,True,True,True,True,True
train/YOUR/7663640970446304-seedYOUR.v17.npz,data/local/citizen100_v17/raw/train/YOUR/7663640970446304-seedYOUR.mp4,train,YOUR,landscape,640,480,96,26,0.7771997080000119,0.22916666666666666,0.8461538461538461,0.421142578125,0.65625,0.65625,0.6538461538461539,shoulder_width,0,22,0,True,True,True,True,True
train/YOUR/8007476360665744-YOUR.v17.npz,data/local/citizen100_v17/raw/train/YOUR/8007476360665744-YOUR.mp4,train,YOUR,landscape,640,480,45,16,0.3729393329999766,0.26666666666666666,0.75,0.355712890625,0.5625,0.421875,0.5625,shoulder_width,0,12,0,True,True,True,True,True
train/YOUR/8082218522582074-YOUR.v17.npz,data/local/citizen100_v17/raw/train/YOUR/8082218522582074-YOUR.mp4,train,YOUR,landscape,640,480,40,20,0.33548645899998064,0.4,0.8,0.40478515625,0.46875,0.46875,0.45,shoulder_width,0,16,0,True,True,True,True,True
train/YOUR/8911482652584646-YOUR.v17.npz,data/local/citizen100_v17/raw/train/YOUR/8911482652584646-YOUR.mp4,train,YOUR,landscape,640,480,60,28,0.5374418750000132,0.38333333333333336,0.8214285714285714,0.40771484375,0.90625,0.828125,0.8928571428571429,shoulder_width,0,23,0,True,True,True,True,True
train/YOUR/9151466310951184-YOUR.v17.npz,data/local/citizen100_v17/raw/train/YOUR/9151466310951184-YOUR.mp4,train,YOUR,landscape,640,480,43,27,0.473878333000016,0.5348837209302325,0.8518518518518519,0.421142578125,0.65625,0.34375,0.6296296296296297,shoulder_width,0,23,0,True,True,True,True,True
val/ANGRY/48220722485733747-ANGRY.v17.npz,data/local/citizen100_v17/raw/val/ANGRY/48220722485733747-ANGRY.mp4,val,ANGRY,landscape,640,480,96,40,0.8238463339999998,0.375,0.9,0.87060546875,0.84375,0.0,0.0,palm_length,36,36,0,True,True,True,True,True
val/ANGRY/776837683707674-ANGRY.v17.npz,data/local/citizen100_v17/raw/val/ANGRY/776837683707674-ANGRY.mp4,val,ANGRY,landscape,640,480,49,28,0.29428512500000004,0.46938775510204084,0.8214285714285714,0.73583984375,0.59375,0.59375,0.6071428571428571,shoulder_width,19,23,0,True,True,True,True,True
val/ANGRY/9167479595954919-ANGRY.v17.npz,data/local/citizen100_v17/raw/val/ANGRY/9167479595954919-ANGRY.mp4,val,ANGRY,landscape,640,480,96,35,0.5263104579999998,0.3229166666666667,0.8857142857142857,0.796875,0.6875,0.5234375,0.7142857142857143,shoulder_width,28,31,0,True,True,True,True,True
val/ANSWER/17262273091142677-ANSWER.v17.npz,data/local/citizen100_v17/raw/val/ANSWER/17262273091142677-ANSWER.mp4,val,ANSWER,landscape,640,480,96,43,0.5135753329999999,0.40625,0.9069767441860465,0.7724609375,0.9375,0.9375,0.9534883720930233,shoulder_width,31,39,0,True,True,True,True,True
val/ANSWER/3079689898404949-ANSWER.v17.npz,data/local/citizen100_v17/raw/val/ANSWER/3079689898404949-ANSWER.mp4,val,ANSWER,landscape,640,480,53,34,0.32647504100000013,0.5471698113207547,0.8529411764705882,0.70166015625,0.71875,0.3671875,0.7352941176470589,shoulder_width,21,29,0,True,True,True,True,True
val/ANSWER/7920606155423167-ANSWER.v17.npz,data/local/citizen100_v17/raw/val/ANSWER/7920606155423167-ANSWER.mp4,val,ANSWER,landscape,640,480,51,29,0.309293625,0.49019607843137253,0.8620689655172413,0.83203125,0.5625,0.359375,0.5862068965517241,shoulder_width,25,25,0,True,True,True,True,True
val/ASK/0773952609683628-ASK.v17.npz,data/local/citizen100_v17/raw/val/ASK/0773952609683628-ASK.mp4,val,ASK,landscape,640,480,96,54,0.46012999999999993,0.22916666666666666,0.4074074074074074,0.1978759765625,0.90625,0.4609375,0.9074074074074074,shoulder_width,1,21,0,True,True,True,True,True
val/ASK/2490150449515618-ASK.v17.npz,data/local/citizen100_v17/raw/val/ASK/2490150449515618-ASK.mp4,val,ASK,landscape,640,480,47,42,0.27153012499999996,0.7446808510638298,0.8333333333333334,0.375,0.78125,0.640625,0.7857142857142857,shoulder_width,25,10,0,True,True,True,True,True
val/ASK/6370702900476413-ASK.v17.npz,data/local/citizen100_v17/raw/val/ASK/6370702900476413-ASK.mp4,val,ASK,landscape,640,480,47,31,0.27071829199999975,0.574468085106383,0.8709677419354839,0.411376953125,0.8125,0.6171875,0.8064516129032258,shoulder_width,27,0,0,True,True,True,True,True
val/ASK/7016774114845865-ASK.v17.npz,data/local/citizen100_v17/raw/val/ASK/7016774114845865-ASK.mp4,val,ASK,landscape,640,480,51,49,0.3024007090000005,0.9019607843137255,0.9387755102040817,0.409912109375,0.84375,0.109375,0.20408163265306123,shoulder_width,22,24,0,True,True,True,True,True
val/BAD/019466731254031755-BAD.v17.npz,data/local/citizen100_v17/raw/val/BAD/019466731254031755-BAD.mp4,val,BAD,landscape,640,480,49,31,0.27970920899999996,0.5510204081632653,0.8709677419354839,0.4189453125,0.5625,0.2890625,0.5483870967741935,shoulder_width,27,0,0,True,True,True,True,True
val/BAD/06939945586940688-BAD.v17.npz,data/local/citizen100_v17/raw/val/BAD/06939945586940688-BAD.mp4,val,BAD,landscape,640,480,96,37,0.4704186669999997,0.3229166666666667,0.8378378378378378,0.40185546875,0.6875,0.578125,0.6756756756756757,shoulder_width,0,31,0,True,True,True,True,True
val/BAD/25163871214803346-BAD.v17.npz,data/local/citizen100_v17/raw/val/BAD/25163871214803346-BAD.mp4,val,BAD,landscape,640,480,96,35,0.471057375,0.3229166666666667,0.8857142857142857,0.42626953125,0.71875,0.65625,0.4857142857142857,shoulder_width,30,1,0,True,True,True,True,True
val/BAD/7628262965013866-BAD.v17.npz,data/local/citizen100_v17/raw/val/BAD/7628262965013866-BAD.mp4,val,BAD,landscape,640,480,68,28,0.36053116599999946,0.3382352941176471,0.8214285714285714,0.396484375,0.59375,0.0,0.0,palm_length,0,23,0,True,True,True,True,True
val/BIG/06196342319478165-BIG.v17.npz,data/local/citizen100_v17/raw/val/BIG/06196342319478165-BIG.mp4,val,BIG,landscape,640,480,96,38,0.5196530419999998,0.34375,0.868421052631579,0.791015625,0.875,0.875,0.868421052631579,shoulder_width,28,33,0,True,True,True,True,True
val/BIG/38002628149786877-BIG.v17.npz,data/local/citizen100_v17/raw/val/BIG/38002628149786877-BIG.mp4,val,BIG,landscape,640,480,61,37,0.3835779169999993,0.5409836065573771,0.8918918918918919,0.7998046875,0.6875,0.0,0.0,palm_length,33,31,0,True,True,True,True,True
val/BIG/4225579791217846-BIG.v17.npz,data/local/citizen100_v17/raw/val/BIG/4225579791217846-BIG.mp4,val,BIG,landscape,640,480,51,31,0.31515237500000026,0.5294117647058824,0.8709677419354839,0.79248046875,0.5625,0.03125,0.03225806451612903,shoulder_width,26,24,0,True,True,True,True,True
val/BIG/5329041608568317-BIG.v17.npz,data/local/citizen100_v17/raw/val/BIG/5329041608568317-BIG.mp4,val,BIG,landscape,640,480,57,35,0.38522266699999985,0.543859649122807,0.8857142857142857,0.80859375,0.6875,0.0,0.0,palm_length,28,30,0,True,True,True,True,True
val/CHILD/08822684142689163-CHILD.v17.npz,data/local/citizen100_v17/raw/val/CHILD/08822684142689163-CHILD.mp4,val,CHILD,landscape,640,480,96,49,0.5204956249999988,0.375,0.7346938775510204,0.345947265625,0.84375,0.1171875,0.20408163265306123,shoulder_width,1,35,0,True,True,True,True,True
val/CHILD/10387412267108864-CHILD.v17.npz,data/local/citizen100_v17/raw/val/CHILD/10387412267108864-CHILD.mp4,val,CHILD,landscape,640,480,83,48,0.4580991670000003,0.5180722891566265,0.8958333333333334,0.458251953125,0.875,0.015625,0.020833333333333332,shoulder_width,0,43,0,True,True,True,True,True
val/CHILD/3255004854514185-CHILD.v17.npz,data/local/citizen100_v17/raw/val/CHILD/3255004854514185-CHILD.mp4,val,CHILD,landscape,640,480,96,50,0.5497366670000012,0.4791666666666667,0.92,0.442626953125,0.8125,0.4140625,0.82,shoulder_width,0,46,0,True,True,True,True,True
val/CHILD/5204755360986577-CHILD.v17.npz,data/local/citizen100_v17/raw/val/CHILD/5204755360986577-CHILD.mp4,val,CHILD,landscape,640,480,50,41,0.3348848750000002,0.72,0.8780487804878049,0.4345703125,0.78125,0.5859375,0.8048780487804879,shoulder_width,36,0,0,True,True,True,True,True
val/CHILD/6777361164611742-CHILD.v17.npz,data/local/citizen100_v17/raw/val/CHILD/6777361164611742-CHILD.mp4,val,CHILD,landscape,640,480,63,41,0.4162194159999988,0.5873015873015873,0.9024390243902439,0.42919921875,0.8125,0.0234375,0.024390243902439025,shoulder_width,0,37,0,True,True,True,True,True
val/COLD/01776429634261567-COLD.v17.npz,data/local/citizen100_v17/raw/val/COLD/01776429634261567-COLD.mp4,val,COLD,landscape,640,480,55,48,0.5051437080000003,0.6545454545454545,0.75,0.66015625,0.84375,0.59375,0.8541666666666666,shoulder_width,33,31,0,True,True,True,True,True
val/COLD/39072948576699607-COLD.v17.npz,data/local/citizen100_v17/raw/val/COLD/39072948576699607-COLD.mp4,val,COLD,landscape,640,480,96,83,0.6683634999999999,0.3125,0.3614457831325301,0.302734375,0.96875,0.5,0.8795180722891566,shoulder_width,21,30,0,True,True,True,True,True
val/COLD/40129207099438835-COLD.v17.npz,data/local/citizen100_v17/raw/val/COLD/40129207099438835-COLD.mp4,val,COLD,landscape,640,480,96,46,0.6214215000000003,0.3020833333333333,0.6304347826086957,0.47021484375,0.71875,0.546875,0.717391304347826,shoulder_width,22,26,0,True,True,True,True,True
val/COLD/9548473001181963-COLD.v17.npz,data/local/citizen100_v17/raw/val/COLD/9548473001181963-COLD.mp4,val,COLD,landscape,640,480,62,42,0.45718204199999946,0.6129032258064516,0.9047619047619048,0.712890625,0.78125,0.3515625,0.5952380952380952,shoulder_width,26,38,0,True,True,True,True,True
val/COME/2294900578606751-COME.v17.npz,data/local/citizen100_v17/raw/val/COME/2294900578606751-COME.mp4,val,COME,landscape,640,480,54,31,0.336007167,0.5,0.8709677419354839,0.424072265625,0.8125,0.0234375,0.03225806451612903,shoulder_width,0,27,0,True,True,True,True,True
val/COME/24064885357062593-COME.v17.npz,data/local/citizen100_v17/raw/val/COME/24064885357062593-COME.mp4,val,COME,landscape,640,480,66,24,0.3885406660000008,0.2727272727272727,0.75,0.397216796875,0.6875,0.09375,0.0,palm_length,0,18,0,True,True,True,True,True
val/COME/6809556328325521-COME.v17.npz,data/local/citizen100_v17/raw/val/COME/6809556328325521-COME.mp4,val,COME,landscape,640,480,96,41,0.5661336670000008,0.375,0.8780487804878049,0.402587890625,0.78125,0.640625,0.8048780487804879,shoulder_width,0,36,0,True,True,True,True,True
val/DAY/5403047656647011-DAY.v17.npz,data/local/citizen100_v17/raw/val/DAY/5403047656647011-DAY.mp4,val,DAY,landscape,640,480,81,48,0.5164234580000002,0.5432098765432098,0.9166666666666666,0.472412109375,0.875,0.015625,0.020833333333333332,shoulder_width,3,44,0,True,True,True,True,True
val/DAY/5574672951229453-DAY.v17.npz,data/local/citizen100_v17/raw/val/DAY/5574672951229453-DAY.mp4,val,DAY,landscape,640,480,66,38,0.44538020800000133,0.5,0.868421052631579,0.60498046875,0.84375,0.1640625,0.23684210526315788,shoulder_width,15,31,0,True,True,True,True,True
val/DAY/5659674619021058-DAY.v17.npz,data/local/citizen100_v17/raw/val/DAY/5659674619021058-DAY.mp4,val,DAY,landscape,640,480,96,40,0.5600546670000011,0.3645833333333333,0.875,0.51025390625,0.8125,0.765625,0.825,shoulder_width,9,32,0,True,True,True,True,True
val/DIFFERENT/29362372732601183-DIFFERENT.v17.npz,data/local/citizen100_v17/raw/val/DIFFERENT/29362372732601183-DIFFERENT.mp4,val,DIFFERENT,landscape,640,480,96,43,0.6744487919999997,0.40625,0.9069767441860465,0.74267578125,0.9375,0.890625,0.9534883720930233,shoulder_width,28,39,0,True,True,True,True,True
val/DIFFERENT/30003131123863214-DIFFERENT.v17.npz,data/local/citizen100_v17/raw/val/DIFFERENT/30003131123863214-DIFFERENT.mp4,val,DIFFERENT,landscape,640,480,58,34,0.4276220410000029,0.5172413793103449,0.8823529411764706,0.73291015625,0.71875,0.1953125,0.029411764705882353,shoulder_width,27,27,0,True,True,True,True,True
val/DIFFERENT/5393449489540558-DIFFERENT.v17.npz,data/local/citizen100_v17/raw/val/DIFFERENT/5393449489540558-DIFFERENT.mp4,val,DIFFERENT,landscape,640,480,57,39,0.4599004579999999,0.6140350877192983,0.8974358974358975,0.81982421875,0.625,0.5234375,0.6410256410256411,shoulder_width,33,34,0,True,True,True,True,True
val/DIFFERENT/93903419165998-DIFFERENT.v17.npz,data/local/citizen100_v17/raw/val/DIFFERENT/93903419165998-DIFFERENT.mp4,val,DIFFERENT,landscape,640,480,47,32,0.3667654579999997,0.574468085106383,0.84375,0.73974609375,0.78125,0.6015625,0.78125,shoulder_width,25,22,0,True,True,True,True,True
val/DOCTOR/06221413057811631-DOCTOR.v17.npz,data/local/citizen100_v17/raw/val/DOCTOR/06221413057811631-DOCTOR.mp4,val,DOCTOR,landscape,640,480,96,38,0.7218282500000015,0.3541666666666667,0.8947368421052632,0.7490234375,0.875,0.875,0.868421052631579,shoulder_width,27,34,0,True,True,True,True,True
val/DOCTOR/5829570199823455-DOCTOR.v17.npz,data/local/citizen100_v17/raw/val/DOCTOR/5829570199823455-DOCTOR.mp4,val,DOCTOR,landscape,640,480,54,36,0.4570532909999976,0.5925925925925926,0.8888888888888888,0.78515625,0.6875,0.0234375,0.027777777777777776,shoulder_width,29,30,0,True,True,True,True,True
val/DOCTOR/6906126485234503-DOCTOR.v17.npz,data/local/citizen100_v17/raw/val/DOCTOR/6906126485234503-DOCTOR.mp4,val,DOCTOR,landscape,640,480,68,36,0.4942510829999982,0.45588235294117646,0.8611111111111112,0.72900390625,0.71875,0.015625,0.027777777777777776,shoulder_width,24,31,0,True,True,True,True,True
val/DOCTOR/830706580516783-DOCTOR.v17.npz,data/local/citizen100_v17/raw/val/DOCTOR/830706580516783-DOCTOR.mp4,val,DOCTOR,landscape,640,480,96,40,0.628333167000001,0.375,0.9,0.82666015625,0.8125,0.671875,0.825,shoulder_width,34,36,0,True,True,True,True,True
val/DRINK/37918472044314444-DRINK.v17.npz,data/local/citizen100_v17/raw/val/DRINK/37918472044314444-DRINK.mp4,val,DRINK,landscape,640,480,51,26,0.3175580420000017,0.43137254901960786,0.8461538461538461,0.411376953125,0.65625,0.171875,0.34615384615384615,shoulder_width,0,22,0,True,True,True,True,True
val/DRINK/7071450710791192-DRINK.v17.npz,data/local/citizen100_v17/raw/val/DRINK/7071450710791192-DRINK.mp4,val,DRINK,landscape,640,480,47,29,0.30026687500000193,0.5106382978723404,0.8275862068965517,0.436767578125,0.875,0.5234375,0.3103448275862069,shoulder_width,24,0,0,True,True,True,True,True
val/DRINK/7313509467149351-DRINK.v17.npz,data/local/citizen100_v17/raw/val/DRINK/7313509467149351-DRINK.mp4,val,DRINK,landscape,640,480,96,40,0.6078212910000005,0.375,0.9,0.43310546875,0.8125,0.1640625,0.225,shoulder_width,0,36,0,True,True,True,True,True
val/DRINK/8038145060553852-DRINK.v17.npz,data/local/citizen100_v17/raw/val/DRINK/8038145060553852-DRINK.mp4,val,DRINK,landscape,640,480,45,34,0.36100312499999987,0.6666666666666666,0.8823529411764706,0.412109375,0.71875,0.71875,0.7352941176470589,shoulder_width,30,0,0,True,True,True,True,True
val/EASY/38489622716415495-EASY.v17.npz,data/local/citizen100_v17/raw/val/EASY/38489622716415495-EASY.mp4,val,EASY,landscape,640,480,96,43,0.7152804580000023,0.40625,0.9069767441860465,0.78662109375,0.75,0.75,0.7674418604651163,shoulder_width,39,34,0,True,True,True,True,True
val/EASY/5784034175717614-EASY.v17.npz,data/local/citizen100_v17/raw/val/EASY/5784034175717614-EASY.mp4,val,EASY,landscape,640,480,58,38,0.4995188329999998,0.5862068965517241,0.8947368421052632,0.822265625,0.65625,0.5,0.6578947368421053,shoulder_width,34,31,0,True,True,True,True,True
val/EASY/6277946208350784-EASY.v17.npz,data/local/citizen100_v17/raw/val/EASY/6277946208350784-EASY.mp4,val,EASY,landscape,640,480,76,48,0.6073183749999984,0.5657894736842105,0.8958333333333334,0.83203125,0.84375,0.359375,0.5208333333333334,shoulder_width,40,42,0,True,True,True,True,True
val/EAT/009883456113471967-EAT.v17.npz,data/local/citizen100_v17/raw/val/EAT/009883456113471967-EAT.mp4,val,EAT,landscape,640,480,96,54,0.5652082079999978,0.25,0.4444444444444444,0.23291015625,0.75,0.234375,0.3148148148148148,shoulder_width,0,24,0,True,True,True,True,True
val/EAT/0392835216734122-EAT.v17.npz,data/local/citizen100_v17/raw/val/EAT/0392835216734122-EAT.mp4,val,EAT,landscape,640,480,53,48,0.3571490829999995,0.5094339622641509,0.5625,0.2841796875,0.84375,0.4765625,0.8541666666666666,shoulder_width,26,1,0,True,True,True,True,True
val/EAT/744008724339543-EAT.v17.npz,data/local/citizen100_v17/raw/val/EAT/744008724339543-EAT.mp4,val,EAT,landscape,640,480,75,40,0.5357781670000001,0.48,0.9,0.43603515625,0.8125,0.609375,0.825,shoulder_width,36,0,0,True,True,True,True,True
val/EAT/8779902440064791-EAT.v17.npz,data/local/citizen100_v17/raw/val/EAT/8779902440064791-EAT.mp4,val,EAT,landscape,640,480,71,37,0.5079034160000013,0.4507042253521127,0.8648648648648649,0.40478515625,0.875,0.0,0.02702702702702703,shoulder_width,0,32,0,True,True,True,True,True
val/EXCITED/007173821718143403-EXCITED.v17.npz,data/local/citizen100_v17/raw/val/EXCITED/007173821718143403-EXCITED.mp4,val,EXCITED,landscape,640,480,80,61,0.7143340830000007,0.675,0.8852459016393442,0.6650390625,0.8125,0.1953125,0.2786885245901639,shoulder_width,44,40,0,True,True,True,True,True
val/EXCITED/02778780757941446-EXCITED.v17.npz,data/local/citizen100_v17/raw/val/EXCITED/02778780757941446-EXCITED.mp4,val,EXCITED,landscape,640,480,66,43,0.5550388329999976,0.5909090909090909,0.9069767441860465,0.80126953125,0.75,0.28125,0.3953488372093023,shoulder_width,34,38,0,True,True,True,True,True
val/EXCITED/06119477404825924-EXCITED.v17.npz,data/local/citizen100_v17/raw/val/EXCITED/06119477404825924-EXCITED.mp4,val,EXCITED,landscape,640,480,96,29,0.6832590829999994,0.2604166666666667,0.8620689655172413,0.8125,0.59375,0.3828125,0.5862068965517241,shoulder_width,23,25,0,True,True,True,True,True
val/EXCITED/5624544493951695-EXCITED.v17.npz,data/local/citizen100_v17/raw/val/EXCITED/5624544493951695-EXCITED.mp4,val,EXCITED,landscape,640,480,80,38,0.6330379159999993,0.4125,0.868421052631579,0.80859375,0.65625,0.4375,0.6578947368421053,shoulder_width,33,29,0,True,True,True,True,True
val/EXCITED/649470740341924-EXCITED.v17.npz,data/local/citizen100_v17/raw/val/EXCITED/649470740341924-EXCITED.mp4,val,EXCITED,landscape,640,480,84,53,0.7465770410000019,0.6071428571428571,0.9622641509433962,0.859375,0.90625,0.0546875,0.018867924528301886,shoulder_width,50,42,0,True,True,True,True,True
val/FAMILY/16004917375203398-FAMILY.v17.npz,data/local/citizen100_v17/raw/val/FAMILY/16004917375203398-FAMILY.mp4,val,FAMILY,landscape,640,480,63,45,0.5473284169999992,0.6349206349206349,0.8888888888888888,0.8271484375,0.75,0.4765625,0.7333333333333333,shoulder_width,38,39,0,True,True,True,True,True
val/FAMILY/7397889710801269-FAMILY.v17.npz,data/local/citizen100_v17/raw/val/FAMILY/7397889710801269-FAMILY.mp4,val,FAMILY,landscape,640,480,83,45,0.6744719169999982,0.4939759036144578,0.9111111111111111,0.8466796875,0.90625,0.0234375,0.022222222222222223,shoulder_width,39,41,0,True,True,True,True,True
val/FAMILY/9733795834896177-FAMILY.v17.npz,data/local/citizen100_v17/raw/val/FAMILY/9733795834896177-FAMILY.mp4,val,FAMILY,landscape,640,480,96,41,0.7479754579999991,0.3854166666666667,0.9024390243902439,0.771484375,0.78125,0.640625,0.8048780487804879,shoulder_width,31,37,0,True,True,True,True,True
val/FATHER/7154896998335438-FATHER.v17.npz,data/local/citizen100_v17/raw/val/FATHER/7154896998335438-FATHER.mp4,val,FATHER,landscape,640,480,96,40,0.6394675419999984,0.375,0.9,0.433837890625,0.8125,0.71875,0.825,shoulder_width,0,36,0,True,True,True,True,True
val/FATHER/9035254231738448-FATHER.v17.npz,data/local/citizen100_v17/raw/val/FATHER/9035254231738448-FATHER.mp4,val,FATHER,landscape,640,480,53,37,0.3899097919999974,0.5849056603773585,0.8378378378378378,0.431640625,0.6875,0.359375,0.6756756756756757,shoulder_width,31,0,0,True,True,True,True,True
val/FATHER/9713909110606633-FATHER.v17.npz,data/local/citizen100_v17/raw/val/FATHER/9713909110606633-FATHER.mp4,val,FATHER,landscape,640,480,83,32,0.6140064579999986,0.3253012048192771,0.84375,0.428466796875,0.78125,0.0,0.0,palm_length,0,27,0,True,True,True,True,True
val/FEEL/21149948102918104-FEEL.v17.npz,data/local/citizen100_v17/raw/val/FEEL/21149948102918104-FEEL.mp4,val,FEEL,landscape,640,480,71,42,0.5257459580000017,0.5352112676056338,0.9047619047619048,0.43603515625,0.78125,0.734375,0.7857142857142857,shoulder_width,38,0,0,True,True,True,True,True
val/FEEL/5585892672610979-FEEL.v17.npz,data/local/citizen100_v17/raw/val/FEEL/5585892672610979-FEEL.mp4,val,FEEL,landscape,640,480,76,43,0.5486924160000015,0.5,0.8837209302325582,0.42333984375,0.75,0.328125,0.5813953488372093,shoulder_width,0,38,0,True,True,True,True,True
val/FEEL/7477453605531588-FEEL.v17.npz,data/local/citizen100_v17/raw/val/FEEL/7477453605531588-FEEL.mp4,val,FEEL,landscape,640,480,52,38,0.41560641699999934,0.6538461538461539,0.8947368421052632,0.424072265625,0.875,0.875,0.868421052631579,shoulder_width,34,0,0,True,True,True,True,True
val/FEEL/9861411419156798-FEEL.v17.npz,data/local/citizen100_v17/raw/val/FEEL/9861411419156798-FEEL.mp4,val,FEEL,landscape,640,480,96,41,0.7256361659999939,0.3854166666666667,0.9024390243902439,0.3935546875,0.78125,0.78125,0.8048780487804879,shoulder_width,2,35,0,True,True,True,True,True
val/FIND/5240887216596288-FIND.v17.npz,data/local/citizen100_v17/raw/val/FIND/5240887216596288-FIND.mp4,val,FIND,landscape,640,480,56,30,0.4365281250000024,0.4642857142857143,0.8666666666666667,0.421875,0.84375,0.5,0.3,shoulder_width,25,1,0,True,True,True,True,True
val/FIND/7686495998498704-FIND.v17.npz,data/local/citizen100_v17/raw/val/FIND/7686495998498704-FIND.mp4,val,FIND,landscape,640,480,96,36,0.7997937089999994,0.3333333333333333,0.8888888888888888,0.431640625,0.90625,0.1796875,0.027777777777777776,shoulder_width,0,32,0,True,True,True,True,True
val/FIND/8852468091800154-FIND.v17.npz,data/local/citizen100_v17/raw/val/FIND/8852468091800154-FIND.mp4,val,FIND,landscape,640,480,52,25,0.5025398749999965,0.40384615384615385,0.84,0.43017578125,1.0,0.5078125,1.0,shoulder_width,0,21,0,True,True,True,True,True
val/FIND/9952746480983969-FIND.v17.npz,data/local/citizen100_v17/raw/val/FIND/9952746480983969-FIND.mp4,val,FIND,landscape,640,480,46,36,0.4553512080000033,0.6956521739130435,0.8888888888888888,0.412109375,0.90625,0.2578125,0.05555555555555555,shoulder_width,32,0,0,True,True,True,True,True
val/FRIEND/05163066213189427-FRIEND.v17.npz,data/local/citizen100_v17/raw/val/FRIEND/05163066213189427-FRIEND.mp4,val,FRIEND,landscape,640,480,77,43,0.8214066250000016,0.4935064935064935,0.8837209302325582,0.78369140625,0.9375,0.3828125,0.7674418604651163,shoulder_width,33,37,0,True,True,True,True,True
val/FRIEND/29341979023390885-FRIEND.v17.npz,data/local/citizen100_v17/raw/val/FRIEND/29341979023390885-FRIEND.mp4,val,FRIEND,landscape,640,480,96,47,1.01314,0.4479166666666667,0.9148936170212766,0.79150390625,0.875,0.875,0.8723404255319149,shoulder_width,39,42,0,True,True,True,True,True
val/FRIEND/6298947790810541-FRIEND.v17.npz,data/local/citizen100_v17/raw/val/FRIEND/6298947790810541-FRIEND.mp4,val,FRIEND,landscape,640,480,74,43,0.8002559589999976,0.527027027027027,0.9069767441860465,0.833984375,0.9375,0.0,0.023255813953488372,shoulder_width,37,38,0,True,True,True,True,True
val/GIVE/2867662506233086-GIVE.v17.npz,data/local/citizen100_v17/raw/val/GIVE/2867662506233086-GIVE.mp4,val,GIVE,landscape,640,480,79,36,0.6780528749999988,0.4050632911392405,0.8888888888888888,0.431640625,0.6875,0.0,0.027777777777777776,shoulder_width,0,32,0,True,True,True,True,True
val/GIVE/8255103409999225-GIVE.v17.npz,data/local/citizen100_v17/raw/val/GIVE/8255103409999225-GIVE.mp4,val,GIVE,landscape,640,480,58,29,0.5166174170000062,0.3620689655172414,0.7241379310344828,0.41455078125,0.875,0.15625,0.0,palm_length,0,21,0,True,True,True,True,True
val/GIVE/8287819563463323-GIVE.v17.npz,data/local/citizen100_v17/raw/val/GIVE/8287819563463323-GIVE.mp4,val,GIVE,landscape,640,480,96,38,0.8292745409999966,0.3541666666666667,0.8947368421052632,0.399658203125,0.875,0.5,0.868421052631579,shoulder_width,0,34,0,True,True,True,True,True
val/GIVE/8308912697239315-GIVE.v17.npz,data/local/citizen100_v17/raw/val/GIVE/8308912697239315-GIVE.mp4,val,GIVE,landscape,640,480,49,38,0.525030375,0.673469387755102,0.868421052631579,0.421142578125,0.875,0.671875,0.868421052631579,shoulder_width,33,0,0,True,True,True,True,True
val/GO/3702604002311216-GO.v17.npz,data/local/citizen100_v17/raw/val/GO/3702604002311216-GO.mp4,val,GO,landscape,640,480,96,48,0.978712458000004,0.4583333333333333,0.9166666666666666,0.7197265625,0.84375,0.84375,0.8541666666666666,shoulder_width,30,44,0,True,True,True,True,True
val/GO/5587884729767747-GO.v17.npz,data/local/citizen100_v17/raw/val/GO/5587884729767747-GO.mp4,val,GO,landscape,640,480,60,36,0.7494673750000018,0.5333333333333333,0.8888888888888888,0.568359375,0.6875,0.0,0.0,palm_length,12,32,0,True,True,True,True,True
val/GO/6721385997956766-GO.v17.npz,data/local/citizen100_v17/raw/val/GO/6721385997956766-GO.mp4,val,GO,landscape,640,480,47,30,0.5703212079999957,0.5531914893617021,0.8666666666666667,0.7744140625,0.59375,0.015625,0.0,palm_length,25,24,0,True,True,True,True,True
val/GOOD/25290749191933815-GOOD.v17.npz,data/local/citizen100_v17/raw/val/GOOD/25290749191933815-GOOD.mp4,val,GOOD,landscape,640,480,58,29,0.5449672920000026,0.43103448275862066,0.8620689655172413,0.4248046875,0.59375,0.0,0.0,palm_length,0,25,0,True,True,True,True,True
val/GOOD/4843579408025589-GOOD.v17.npz,data/local/citizen100_v17/raw/val/GOOD/4843579408025589-GOOD.mp4,val,GOOD,landscape,640,480,96,37,0.8907567079999978,0.34375,0.8918918918918919,0.415283203125,0.6875,0.6875,0.6756756756756757,shoulder_width,0,33,0,True,True,True,True,True
val/GOOD/7791424980867376-GOOD.v17.npz,data/local/citizen100_v17/raw/val/GOOD/7791424980867376-GOOD.mp4,val,GOOD,landscape,640,480,53,34,0.5211521670000039,0.5660377358490566,0.8823529411764706,0.416015625,0.96875,0.96875,0.9705882352941176,shoulder_width,30,0,0,True,True,True,True,True
val/GOOD/8618976665727696-GOOD.v17.npz,data/local/citizen100_v17/raw/val/GOOD/8618976665727696-GOOD.mp4,val,GOOD,landscape,640,480,64,27,0.5831074170000008,0.359375,0.8518518518518519,0.433837890625,0.9375,0.7890625,0.9259259259259259,shoulder_width,23,0,0,True,True,True,True,True
val/GOODBYE/2889010159260097-BYE.v17.npz,data/local/citizen100_v17/raw/val/GOODBYE/2889010159260097-BYE.mp4,val,GOODBYE,landscape,640,480,46,23,0.4144572089999983,0.41304347826086957,0.8260869565217391,0.39501953125,0.75,0.0,0.0,palm_length,0,19,0,True,True,True,True,True
val/GOODBYE/8779944008396092-BYE.v17.npz,data/local/citizen100_v17/raw/val/GOODBYE/8779944008396092-BYE.mp4,val,GOODBYE,landscape,640,480,45,25,0.4023314169999992,0.4666666666666667,0.84,0.400390625,0.6875,0.359375,0.04,shoulder_width,21,0,0,True,True,True,True,True
val/GOODBYE/9710569622157019-BYE.v17.npz,data/local/citizen100_v17/raw/val/GOODBYE/9710569622157019-BYE.mp4,val,GOODBYE,landscape,640,480,96,40,0.8381389580000018,0.3645833333333333,0.875,0.39501953125,0.8125,0.8125,0.825,shoulder_width,1,34,0,True,True,True,True,True
val/HAPPY/07732970042675213-HAPPY.v17.npz,data/local/citizen100_v17/raw/val/HAPPY/07732970042675213-HAPPY.mp4,val,HAPPY,landscape,640,480,46,36,0.43439700000000414,0.6956521739130435,0.8888888888888888,0.415283203125,0.6875,0.4609375,0.6944444444444444,shoulder_width,32,0,0,True,True,True,True,True
val/HAPPY/09691552256972735-HAPPY.v17.npz,data/local/citizen100_v17/raw/val/HAPPY/09691552256972735-HAPPY.mp4,val,HAPPY,landscape,640,480,96,47,0.8911357080000002,0.4479166666666667,0.9148936170212766,0.435302734375,0.84375,0.640625,0.8723404255319149,shoulder_width,43,0,0,True,True,True,True,True
val/HAPPY/3698632660671215-HAPPY.v17.npz,data/local/citizen100_v17/raw/val/HAPPY/3698632660671215-HAPPY.mp4,val,HAPPY,landscape,640,480,96,55,0.8454382919999972,0.2916666666666667,0.509090909090909,0.2470703125,0.875,0.5546875,0.8909090909090909,shoulder_width,0,28,0,True,True,True,True,True
val/HAPPY/6098755056170255-HAPPY.v17.npz,data/local/citizen100_v17/raw/val/HAPPY/6098755056170255-HAPPY.mp4,val,HAPPY,landscape,640,480,84,44,0.751820041000002,0.47619047619047616,0.9090909090909091,0.435302734375,0.75,0.0,0.0,palm_length,0,40,0,True,True,True,True,True
val/HAVE/24752713514497837-HAVE.v17.npz,data/local/citizen100_v17/raw/val/HAVE/24752713514497837-HAVE.mp4,val,HAVE,landscape,640,480,54,30,0.5618226249999978,0.48148148148148145,0.8666666666666667,0.78857421875,0.84375,0.4375,0.8333333333333334,shoulder_width,26,21,0,True,True,True,True,True
val/HAVE/34434859291457975-HAVE.v17.npz,data/local/citizen100_v17/raw/val/HAVE/34434859291457975-HAVE.mp4,val,HAVE,landscape,640,480,57,36,0.6805904579999975,0.543859649122807,0.8611111111111112,0.7802734375,0.6875,0.34375,0.6944444444444444,shoulder_width,29,27,0,True,True,True,True,True
val/HAVE/3970565843655667-HAVE.v17.npz,data/local/citizen100_v17/raw/val/HAVE/3970565843655667-HAVE.mp4,val,HAVE,landscape,640,480,96,35,0.904137458000001,0.3020833333333333,0.8285714285714286,0.7275390625,0.6875,0.6328125,0.7142857142857143,shoulder_width,23,29,0,True,True,True,True,True
val/HAVE/8252872177970572-HAVE.v17.npz,data/local/citizen100_v17/raw/val/HAVE/8252872177970572-HAVE.mp4,val,HAVE,landscape,640,480,71,44,0.7782737499999968,0.5352112676056338,0.8636363636363636,0.8134765625,0.9375,0.171875,0.22727272727272727,shoulder_width,36,36,0,True,True,True,True,True
val/HE/17613118695524577-HE.v17.npz,data/local/citizen100_v17/raw/val/HE/17613118695524577-HE.mp4,val,HE,landscape,640,480,63,37,0.6052390420000009,0.5079365079365079,0.8648648648648649,0.41357421875,0.875,0.5546875,0.8918918918918919,shoulder_width,32,0,0,True,True,True,True,True
val/HE/22086175500593086-HE.v17.npz,data/local/citizen100_v17/raw/val/HE/22086175500593086-HE.mp4,val,HE,landscape,640,480,49,30,0.4793597500000004,0.5102040816326531,0.8333333333333334,0.41357421875,0.59375,0.4453125,0.5666666666666667,shoulder_width,0,25,0,True,True,True,True,True
val/HE/7519698831619495-HE.v17.npz,data/local/citizen100_v17/raw/val/HE/7519698831619495-HE.mp4,val,HE,landscape,640,480,96,32,0.8841898330000006,0.2916666666666667,0.875,0.416015625,0.78125,0.5390625,0.78125,shoulder_width,0,28,0,True,True,True,True,True
val/HE/8401770910399973-HE.v17.npz,data/local/citizen100_v17/raw/val/HE/8401770910399973-HE.mp4,val,HE,landscape,640,480,58,32,0.515511833000005,0.4827586206896552,0.875,0.412841796875,0.78125,0.0,0.0,palm_length,0,28,0,True,True,True,True,True
val/HEAR/39452534330124855-HEAR 2.v17.npz,data/local/citizen100_v17/raw/val/HEAR/39452534330124855-HEAR 2.mp4,val,HEAR,landscape,640,480,96,43,0.8453613329999996,0.3958333333333333,0.8837209302325582,0.433837890625,0.9375,0.625,0.9534883720930233,shoulder_width,0,38,0,True,True,True,True,True
val/HEAR/5113055241755604-HEAR 2.v17.npz,data/local/citizen100_v17/raw/val/HEAR/5113055241755604-HEAR 2.mp4,val,HEAR,landscape,640,480,71,45,0.6543339580000023,0.4507042253521127,0.7111111111111111,0.427001953125,0.75,0.0234375,0.022222222222222223,shoulder_width,0,32,0,True,True,True,True,True
val/HEAR/6238919375722007-HEAR 2.v17.npz,data/local/citizen100_v17/raw/val/HEAR/6238919375722007-HEAR 2.mp4,val,HEAR,landscape,640,480,96,42,0.843799666999999,0.3958333333333333,0.9047619047619048,0.436767578125,0.78125,0.640625,0.7857142857142857,shoulder_width,0,38,0,True,True,True,True,True
val/HEAR/7514958791255617-HEAR 2.v17.npz,data/local/citizen100_v17/raw/val/HEAR/7514958791255617-HEAR 2.mp4,val,HEAR,landscape,640,480,69,43,0.6822374999999994,0.5652173913043478,0.9069767441860465,0.432373046875,0.78125,0.5390625,0.7674418604651163,shoulder_width,0,39,0,True,True,True,True,True
val/HELLO/020030442376253177-HELLO.v17.npz,data/local/citizen100_v17/raw/val/HELLO/020030442376253177-HELLO.mp4,val,HELLO,landscape,640,480,49,27,0.47535854199999505,0.46938775510204084,0.8518518518518519,0.43017578125,0.625,0.0,0.0,palm_length,0,23,0,True,True,True,True,True
val/HELLO/05614933522741539-HELLO.v17.npz,data/local/citizen100_v17/raw/val/HELLO/05614933522741539-HELLO.mp4,val,HELLO,landscape,640,480,54,40,0.5474954170000075,0.6481481481481481,0.875,0.431640625,0.84375,0.328125,0.225,shoulder_width,35,0,0,True,True,True,True,True
val/HELLO/16493550450776628-HELLO.v17.npz,data/local/citizen100_v17/raw/val/HELLO/16493550450776628-HELLO.mp4,val,HELLO,landscape,640,480,96,38,0.8610181250000011,0.34375,0.868421052631579,0.41455078125,0.65625,0.1328125,0.23684210526315788,shoulder_width,0,33,0,True,True,True,True,True
val/HELLO/20675411351630046-HELLO.v17.npz,data/local/citizen100_v17/raw/val/HELLO/20675411351630046-HELLO.mp4,val,HELLO,landscape,640,480,52,36,0.5532521250000002,0.5192307692307693,0.75,0.337890625,0.90625,0.6796875,0.9166666666666666,shoulder_width,0,27,0,True,True,True,True,True
val/HELP/4382571867616978-HELP.v17.npz,data/local/citizen100_v17/raw/val/HELP/4382571867616978-HELP.mp4,val,HELP,landscape,640,480,63,37,0.6811864579999991,0.5238095238095238,0.8918918918918919,0.8310546875,0.875,0.4609375,0.6756756756756757,shoulder_width,30,32,0,True,True,True,True,True
val/HELP/44817736125778374-HELP.v17.npz,data/local/citizen100_v17/raw/val/HELP/44817736125778374-HELP.mp4,val,HELP,landscape,640,480,96,40,0.9555945829999928,0.375,0.9,0.81494140625,0.8125,0.671875,0.825,shoulder_width,32,36,0,True,True,True,True,True
val/HELP/6037747479203328-HELP.v17.npz,data/local/citizen100_v17/raw/val/HELP/6037747479203328-HELP.mp4,val,HELP,landscape,640,480,58,40,0.6868544169999922,0.5862068965517241,0.85,0.74462890625,0.8125,0.5703125,0.625,shoulder_width,28,34,0,True,True,True,True,True
val/HELP/8218136220855874-HELP.v17.npz,data/local/citizen100_v17/raw/val/HELP/8218136220855874-HELP.mp4,val,HELP,landscape,640,480,66,42,0.8726489579999992,0.5606060606060606,0.8809523809523809,0.7587890625,0.78125,0.0078125,0.0,palm_length,28,37,0,True,True,True,True,True
val/HELP/8534077485600235-HELP.v17.npz,data/local/citizen100_v17/raw/val/HELP/8534077485600235-HELP.mp4,val,HELP,landscape,640,480,89,48,1.0567969169999998,0.48314606741573035,0.8958333333333334,0.84228515625,0.84375,0.84375,0.8541666666666666,shoulder_width,38,38,0,True,True,True,True,True
val/HOME/049094629596487804-HOME.v17.npz,data/local/citizen100_v17/raw/val/HOME/049094629596487804-HOME.mp4,val,HOME,landscape,640,480,96,80,0.8999219580000073,0.3020833333333333,0.3625,0.1666259765625,0.90625,0.765625,0.9125,shoulder_width,0,29,0,True,True,True,True,True
val/HOME/4111158323472113-HOME.v17.npz,data/local/citizen100_v17/raw/val/HOME/4111158323472113-HOME.mp4,val,HOME,landscape,640,480,41,36,0.4934372499999995,0.8292682926829268,0.9444444444444444,0.46142578125,0.90625,0.578125,0.9166666666666666,shoulder_width,34,0,0,True,True,True,True,True
val/HOME/5358205730570242-HOME.v17.npz,data/local/citizen100_v17/raw/val/HOME/5358205730570242-HOME.mp4,val,HOME,landscape,640,480,59,31,0.5991519170000004,0.4576271186440678,0.8709677419354839,0.412109375,0.8125,0.28125,0.5483870967741935,shoulder_width,0,27,0,True,True,True,True,True
val/HOME/5938307461368451-HOME.v17.npz,data/local/citizen100_v17/raw/val/HOME/5938307461368451-HOME.mp4,val,HOME,landscape,640,480,51,37,0.5571962089999971,0.6078431372549019,0.8378378378378378,0.42041015625,0.875,0.5,0.2702702702702703,shoulder_width,31,0,0,True,True,True,True,True
val/HOSPITAL/03617049378353854-HOSPITAL.v17.npz,data/local/citizen100_v17/raw/val/HOSPITAL/03617049378353854-HOSPITAL.mp4,val,HOSPITAL,landscape,640,480,78,41,0.777640207999994,0.46153846153846156,0.8780487804878049,0.447998046875,0.8125,0.2734375,0.024390243902439025,shoulder_width,36,1,0,True,True,True,True,True
val/HOSPITAL/28791918942913153-HOSPITAL.v17.npz,data/local/citizen100_v17/raw/val/HOSPITAL/28791918942913153-HOSPITAL.mp4,val,HOSPITAL,landscape,640,480,49,49,0.6554818339999997,0.9591836734693877,0.9591836734693877,0.6650390625,1.0,0.0,0.0,palm_length,35,29,0,True,True,True,True,True
val/HOSPITAL/5851960225980641-HOSPITAL.v17.npz,data/local/citizen100_v17/raw/val/HOSPITAL/5851960225980641-HOSPITAL.mp4,val,HOSPITAL,landscape,640,480,96,41,1.0386161670000007,0.3541666666666667,0.8292682926829268,0.402587890625,0.78125,0.5859375,0.8048780487804879,shoulder_width,1,33,0,True,True,True,True,True
val/HOSPITAL/8877316023603796-HOSPITAL.v17.npz,data/local/citizen100_v17/raw/val/HOSPITAL/8877316023603796-HOSPITAL.mp4,val,HOSPITAL,landscape,640,480,46,41,0.5277716669999961,0.782608695652174,0.8780487804878049,0.421142578125,0.78125,0.1640625,0.21951219512195122,shoulder_width,35,1,0,True,True,True,True,True
val/HOT/18049350165719025-HOT.v17.npz,data/local/citizen100_v17/raw/val/HOT/18049350165719025-HOT.mp4,val,HOT,landscape,640,480,71,35,0.7525059999999968,0.43661971830985913,0.8857142857142857,0.40771484375,0.6875,0.234375,0.2571428571428571,shoulder_width,0,31,0,True,True,True,True,True
val/HOT/20951385475100537-HOT.v17.npz,data/local/citizen100_v17/raw/val/HOT/20951385475100537-HOT.mp4,val,HOT,landscape,640,480,96,45,0.9712534999999889,0.4270833333333333,0.9111111111111111,0.427001953125,0.90625,0.90625,0.9111111111111111,shoulder_width,0,41,0,True,True,True,True,True
val/HOT/3200787903337785-HOT.v17.npz,data/local/citizen100_v17/raw/val/HOT/3200787903337785-HOT.mp4,val,HOT,landscape,640,480,52,28,0.5252492910000086,0.4423076923076923,0.8214285714285714,0.421142578125,0.59375,0.0,0.0,palm_length,0,23,0,True,True,True,True,True
val/HOT/8895105417637403-HOT.v17.npz,data/local/citizen100_v17/raw/val/HOT/8895105417637403-HOT.mp4,val,HOT,landscape,640,480,52,31,0.5370193339999929,0.5192307692307693,0.8709677419354839,0.427734375,0.8125,0.4765625,0.8064516129032258,shoulder_width,0,27,0,True,True,True,True,True
val/HOW/10542513580735968-HOW.v17.npz,data/local/citizen100_v17/raw/val/HOW/10542513580735968-HOW.mp4,val,HOW,landscape,640,480,66,30,0.7258805829999915,0.3939393939393939,0.8666666666666667,0.8115234375,0.84375,0.5,0.5666666666666667,shoulder_width,24,26,0,True,True,True,True,True
val/HOW/6271713081961889-HOW.v17.npz,data/local/citizen100_v17/raw/val/HOW/6271713081961889-HOW.mp4,val,HOW,landscape,640,480,96,41,0.9956320839999933,0.3645833333333333,0.8536585365853658,0.74462890625,0.78125,0.78125,0.8048780487804879,shoulder_width,30,35,0,True,True,True,True,True
val/HOW/971003020665846-HOW.v17.npz,data/local/citizen100_v17/raw/val/HOW/971003020665846-HOW.mp4,val,HOW,landscape,640,480,71,37,0.792155875000006,0.4647887323943662,0.8918918918918919,0.82421875,0.6875,0.0,0.0,palm_length,32,31,0,True,True,True,True,True
val/HUNGRY/306250682526525-HUNGRY.v17.npz,data/local/citizen100_v17/raw/val/HUNGRY/306250682526525-HUNGRY.mp4,val,HUNGRY,landscape,640,480,75,38,0.7544065840000087,0.44,0.868421052631579,0.436767578125,0.875,0.875,0.868421052631579,shoulder_width,33,0,0,True,True,True,True,True
val/HUNGRY/8525529504952978-HUNGRY.v17.npz,data/local/citizen100_v17/raw/val/HUNGRY/8525529504952978-HUNGRY.mp4,val,HUNGRY,landscape,640,480,96,33,0.9085954159999972,0.3020833333333333,0.8787878787878788,0.392822265625,0.75,0.75,0.7575757575757576,shoulder_width,1,28,0,True,True,True,True,True
val/HUNGRY/8724961433813252-HUNGRY.v17.npz,data/local/citizen100_v17/raw/val/HUNGRY/8724961433813252-HUNGRY.mp4,val,HUNGRY,landscape,640,480,62,38,0.6587859999999921,0.532258064516129,0.868421052631579,0.43603515625,0.875,0.65625,0.868421052631579,shoulder_width,33,0,0,True,True,True,True,True
val/HUNGRY/8727936955185542-HUNGRY.v17.npz,data/local/citizen100_v17/raw/val/HUNGRY/8727936955185542-HUNGRY.mp4,val,HUNGRY,landscape,640,480,75,39,0.8470783339999883,0.4666666666666667,0.8974358974358975,0.42626953125,0.84375,0.109375,0.23076923076923078,shoulder_width,0,35,0,True,True,True,True,True
val/I/03554605558492718-ME.v17.npz,data/local/citizen100_v17/raw/val/I/03554605558492718-ME.mp4,val,I,landscape,640,480,55,30,0.5233576659999954,0.45454545454545453,0.8333333333333334,0.416015625,0.84375,0.0,0.0,palm_length,0,25,0,True,True,True,True,True
val/I/34076966817997323-ME.v17.npz,data/local/citizen100_v17/raw/val/I/34076966817997323-ME.mp4,val,I,landscape,640,480,70,40,0.7010273750000096,0.5142857142857142,0.9,0.44873046875,0.8125,0.2109375,0.425,shoulder_width,1,35,0,True,True,True,True,True
val/I/35429744496101856-ME.v17.npz,data/local/citizen100_v17/raw/val/I/35429744496101856-ME.mp4,val,I,landscape,640,480,52,35,0.5993376670000004,0.5961538461538461,0.8857142857142857,0.4345703125,0.6875,0.515625,0.7142857142857143,shoulder_width,31,0,0,True,True,True,True,True
val/I/4372505087382914-ME.v17.npz,data/local/citizen100_v17/raw/val/I/4372505087382914-ME.mp4,val,I,landscape,640,480,88,39,0.8971227090000014,0.3977272727272727,0.8974358974358975,0.428466796875,0.84375,0.84375,0.8461538461538461,shoulder_width,35,0,0,True,True,True,True,True
val/I/5724078705072562-ME.v17.npz,data/local/citizen100_v17/raw/val/I/5724078705072562-ME.mp4,val,I,landscape,640,480,96,33,0.9717514999999963,0.3020833333333333,0.8787878787878788,0.43017578125,0.75,0.5625,0.7575757575757576,shoulder_width,0,29,0,True,True,True,True,True
val/IMPORTANT/1203991654675527-IMPORTANT.v17.npz,data/local/citizen100_v17/raw/val/IMPORTANT/1203991654675527-IMPORTANT.mp4,val,IMPORTANT,landscape,640,480,60,42,0.7726889580000034,0.6333333333333333,0.9047619047619048,0.83642578125,0.78125,0.203125,0.40476190476190477,shoulder_width,35,35,0,True,True,True,True,True
val/IMPORTANT/3510284242642503-IMPORTANT.v17.npz,data/local/citizen100_v17/raw/val/IMPORTANT/3510284242642503-IMPORTANT.mp4,val,IMPORTANT,landscape,640,480,96,33,1.1235935410000053,0.3020833333333333,0.8787878787878788,0.85546875,0.75,0.5703125,0.7575757575757576,shoulder_width,28,29,0,True,True,True,True,True
val/IMPORTANT/8209051388860689-IMPORTANT.v17.npz,data/local/citizen100_v17/raw/val/IMPORTANT/8209051388860689-IMPORTANT.mp4,val,IMPORTANT,landscape,640,480,85,40,1.0263232500000044,0.4235294117647059,0.9,0.8662109375,0.84375,0.0,0.0,palm_length,36,36,0,True,True,True,True,True
val/KNOW/23597714310638485-KNOW.v17.npz,data/local/citizen100_v17/raw/val/KNOW/23597714310638485-KNOW.mp4,val,KNOW,landscape,640,480,48,33,0.5752807909999973,0.5833333333333334,0.8484848484848485,0.412109375,0.75,0.3828125,0.030303030303030304,shoulder_width,28,0,0,True,True,True,True,True
val/KNOW/5459703474168827-KNOW.v17.npz,data/local/citizen100_v17/raw/val/KNOW/5459703474168827-KNOW.mp4,val,KNOW,landscape,640,480,78,33,0.7961713330000038,0.3717948717948718,0.8787878787878788,0.40185546875,0.75,0.03125,0.06060606060606061,shoulder_width,0,29,0,True,True,True,True,True
val/KNOW/5806315363119019-KNOW.v17.npz,data/local/citizen100_v17/raw/val/KNOW/5806315363119019-KNOW.mp4,val,KNOW,landscape,640,480,96,36,1.0809222919999968,0.3333333333333333,0.8888888888888888,0.4345703125,0.90625,0.3515625,0.6944444444444444,shoulder_width,0,32,0,True,True,True,True,True
val/KNOW/8084325176169471-KNOW.v17.npz,data/local/citizen100_v17/raw/val/KNOW/8084325176169471-KNOW.mp4,val,KNOW,landscape,640,480,36,29,0.42901062500000364,0.75,0.9310344827586207,0.462890625,0.875,0.25,0.06896551724137931,shoulder_width,27,0,0,True,True,True,True,True
val/LANGUAGE/26971171953753537-LANGUAGE.v17.npz,data/local/citizen100_v17/raw/val/LANGUAGE/26971171953753537-LANGUAGE.mp4,val,LANGUAGE,landscape,640,480,55,33,0.6620538339999911,0.5272727272727272,0.8787878787878788,0.80859375,0.75,0.265625,0.5151515151515151,shoulder_width,29,27,0,True,True,True,True,True
val/LANGUAGE/49420812468309605-LANGUAGE.v17.npz,data/local/citizen100_v17/raw/val/LANGUAGE/49420812468309605-LANGUAGE.mp4,val,LANGUAGE,landscape,640,480,90,42,1.0502193749999975,0.4222222222222222,0.9047619047619048,0.85791015625,0.78125,0.0234375,0.023809523809523808,shoulder_width,38,37,0,True,True,True,True,True
val/LANGUAGE/8054077229465761-LANGUAGE.v17.npz,data/local/citizen100_v17/raw/val/LANGUAGE/8054077229465761-LANGUAGE.mp4,val,LANGUAGE,landscape,640,480,96,38,1.0897525419999994,0.3541666666666667,0.8947368421052632,0.787109375,0.65625,0.5546875,0.6578947368421053,shoulder_width,30,34,0,True,True,True,True,True
val/LANGUAGE/9816583964493073-LANGUAGE.v17.npz,data/local/citizen100_v17/raw/val/LANGUAGE/9816583964493073-LANGUAGE.mp4,val,LANGUAGE,landscape,640,480,60,37,0.7336184170000024,0.55,0.8918918918918919,0.7998046875,0.875,0.7109375,0.8918918918918919,shoulder_width,33,28,0,True,True,True,True,True
val/LEARN/35455702192899774-LEARN.v17.npz,data/local/citizen100_v17/raw/val/LEARN/35455702192899774-LEARN.mp4,val,LEARN,landscape,640,480,64,33,0.7190535419999975,0.453125,0.8787878787878788,0.64453125,1.0,0.8125,0.7575757575757576,shoulder_width,26,16,0,True,True,True,True,True
val/LEARN/3587550824558683-LEARN.v17.npz,data/local/citizen100_v17/raw/val/LEARN/3587550824558683-LEARN.mp4,val,LEARN,landscape,640,480,79,41,0.9107310830000017,0.46835443037974683,0.9024390243902439,0.86474609375,0.8125,0.1640625,0.024390243902439025,shoulder_width,36,37,0,True,True,True,True,True
val/LEARN/6755549258971778-LEARN.v17.npz,data/local/citizen100_v17/raw/val/LEARN/6755549258971778-LEARN.mp4,val,LEARN,landscape,640,480,72,42,0.8391171660000083,0.5277777777777778,0.9047619047619048,0.8193359375,0.78125,0.0,0.0,palm_length,35,35,0,True,True,True,True,True
val/LEARN/9349267580836926-LEARN.v17.npz,data/local/citizen100_v17/raw/val/LEARN/9349267580836926-LEARN.mp4,val,LEARN,landscape,640,480,96,39,0.9953793340000061,0.3541666666666667,0.8717948717948718,0.7314453125,0.84375,0.84375,0.8461538461538461,shoulder_width,31,31,0,True,True,True,True,True
val/LESS/054512253332980265-LESS.v17.npz,data/local/citizen100_v17/raw/val/LESS/054512253332980265-LESS.mp4,val,LESS,landscape,640,480,59,38,0.7451305419999983,0.5423728813559322,0.8421052631578947,0.72607421875,0.875,0.2734375,0.4473684210526316,shoulder_width,25,31,0,True,True,True,True,True
val/LESS/08571801652268163-LESS.v17.npz,data/local/citizen100_v17/raw/val/LESS/08571801652268163-LESS.mp4,val,LESS,landscape,640,480,77,49,1.026711750000004,0.5844155844155844,0.9183673469387755,0.73193359375,0.84375,0.015625,0.02040816326530612,shoulder_width,29,45,0,True,True,True,True,True
val/LESS/2913694485470084-LESS.v17.npz,data/local/citizen100_v17/raw/val/LESS/2913694485470084-LESS.mp4,val,LESS,landscape,640,480,96,49,1.0879344169999996,0.46875,0.9183673469387755,0.6962890625,0.8125,0.0,0.0,palm_length,25,45,0,True,True,True,True,True
val/LESS/5786434095293957-LESS.v17.npz,data/local/citizen100_v17/raw/val/LESS/5786434095293957-LESS.mp4,val,LESS,landscape,640,480,96,45,1.1061427909999964,0.4270833333333333,0.9111111111111111,0.8134765625,0.90625,0.7265625,0.9111111111111111,shoulder_width,36,41,0,True,True,True,True,True
val/LIKE/11163894424136789-LIKE.v17.npz,data/local/citizen100_v17/raw/val/LIKE/11163894424136789-LIKE.mp4,val,LIKE,landscape,640,480,57,33,0.6936013329999895,0.49122807017543857,0.8484848484848485,0.41748046875,0.75,0.0,0.0,palm_length,0,28,0,True,True,True,True,True
val/LIKE/16373316542801275-LIKE.v17.npz,data/local/citizen100_v17/raw/val/LIKE/16373316542801275-LIKE.mp4,val,LIKE,landscape,640,480,96,43,1.1132732920000024,0.40625,0.9069767441860465,0.42041015625,0.9375,0.890625,0.9534883720930233,shoulder_width,0,39,0,True,True,True,True,True
val/LIKE/8042345903835753-LIKE.v17.npz,data/local/citizen100_v17/raw/val/LIKE/8042345903835753-LIKE.mp4,val,LIKE,landscape,640,480,49,24,0.5723867920000032,0.40816326530612246,0.8333333333333334,0.39794921875,0.6875,0.6875,0.7083333333333334,shoulder_width,0,20,0,True,True,True,True,True
val/LISTEN/0958329946193539-LISTEN.v17.npz,data/local/citizen100_v17/raw/val/LISTEN/0958329946193539-LISTEN.mp4,val,LISTEN,landscape,640,480,57,34,0.571607874999998,0.5263157894736842,0.8823529411764706,0.421875,0.71875,0.609375,0.7352941176470589,shoulder_width,0,30,0,True,True,True,True,True
val/LISTEN/09690524293915481-LISTEN.v17.npz,data/local/citizen100_v17/raw/val/LISTEN/09690524293915481-LISTEN.mp4,val,LISTEN,landscape,640,480,54,37,0.5571617500000059,0.6111111111111112,0.8918918918918919,0.428466796875,0.6875,0.0,0.0,palm_length,0,33,0,True,True,True,True,True
val/LISTEN/1493429103533752-LISTEN.v17.npz,data/local/citizen100_v17/raw/val/LISTEN/1493429103533752-LISTEN.mp4,val,LISTEN,landscape,640,480,96,81,0.911329207999998,0.2916666666666667,0.345679012345679,0.15478515625,0.875,0.4921875,0.9012345679012346,shoulder_width,0,28,0,True,True,True,True,True
val/LISTEN/6604264517646619-LISTEN.v17.npz,data/local/citizen100_v17/raw/val/LISTEN/6604264517646619-LISTEN.mp4,val,LISTEN,landscape,640,480,96,45,0.9281308749999937,0.4270833333333333,0.9111111111111111,0.4345703125,0.75,0.09375,0.0,palm_length,41,0,0,True,True,True,True,True
val/LISTEN/7218118759840897-LISTEN.v17.npz,data/local/citizen100_v17/raw/val/LISTEN/7218118759840897-LISTEN.mp4,val,LISTEN,landscape,640,480,60,37,0.6310253340000003,0.55,0.8918918918918919,0.43017578125,0.875,0.6171875,0.8918918918918919,shoulder_width,33,0,0,True,True,True,True,True
val/LISTEN/7814797814030179-LISTEN.v17.npz,data/local/citizen100_v17/raw/val/LISTEN/7814797814030179-LISTEN.mp4,val,LISTEN,landscape,640,480,96,49,1.0362447499999945,0.4583333333333333,0.8979591836734694,0.4345703125,0.84375,0.421875,0.673469387755102,shoulder_width,0,44,0,True,True,True,True,True
val/LOVE/20482432773002457-LOVE.v17.npz,data/local/citizen100_v17/raw/val/LOVE/20482432773002457-LOVE.mp4,val,LOVE,landscape,640,480,96,45,1.0505645829999963,0.4166666666666667,0.8888888888888888,0.68212890625,0.875,0.796875,0.9111111111111111,shoulder_width,26,38,0,True,True,True,True,True
val/LOVE/23909248218883028-LOVE.v17.npz,data/local/citizen100_v17/raw/val/LOVE/23909248218883028-LOVE.mp4,val,LOVE,landscape,640,480,90,46,1.0397864159999983,0.4666666666666667,0.9130434782608695,0.73828125,0.71875,0.546875,0.717391304347826,shoulder_width,28,40,0,True,True,True,True,True
val/LOVE/25439044778685105-LOVE.v17.npz,data/local/citizen100_v17/raw/val/LOVE/25439044778685105-LOVE.mp4,val,LOVE,landscape,640,480,93,63,1.167403292000003,0.6344086021505376,0.9365079365079365,0.62353515625,0.75,0.0,0.0,palm_length,31,57,0,True,True,True,True,True
val/LOVE/2631901034056372-LOVE.v17.npz,data/local/citizen100_v17/raw/val/LOVE/2631901034056372-LOVE.mp4,val,LOVE,landscape,640,480,96,44,1.1039659170000107,0.4166666666666667,0.9090909090909091,0.72900390625,0.75,0.65625,0.75,shoulder_width,27,40,0,True,True,True,True,True
val/LOVE/7300348171338833-LOVE.v17.npz,data/local/citizen100_v17/raw/val/LOVE/7300348171338833-LOVE.mp4,val,LOVE,landscape,640,480,66,39,0.7957370000000026,0.5303030303030303,0.8974358974358975,0.74609375,0.84375,0.796875,0.8461538461538461,shoulder_width,26,35,0,True,True,True,True,True
val/MAKE/16526106983233912-MAKE.v17.npz,data/local/citizen100_v17/raw/val/MAKE/16526106983233912-MAKE.mp4,val,MAKE,landscape,640,480,96,51,1.0090583329999987,0.25,0.47058823529411764,0.430908203125,0.9375,0.625,0.9607843137254902,shoulder_width,22,23,0,True,True,True,True,True
val/MAKE/564947980586459-MAKE.v17.npz,data/local/citizen100_v17/raw/val/MAKE/564947980586459-MAKE.mp4,val,MAKE,landscape,640,480,48,28,0.5629453749999982,0.4791666666666667,0.8214285714285714,0.7333984375,0.90625,0.5390625,0.8928571428571429,shoulder_width,20,23,0,True,True,True,True,True
val/MAKE/659969610986546-MAKE.v17.npz,data/local/citizen100_v17/raw/val/MAKE/659969610986546-MAKE.mp4,val,MAKE,landscape,640,480,52,35,0.6604958749999952,0.5769230769230769,0.8571428571428571,0.71630859375,0.9375,0.7734375,0.9428571428571428,shoulder_width,28,24,0,True,True,True,True,True
val/MAKE/932244226778085-MAKE.v17.npz,data/local/citizen100_v17/raw/val/MAKE/932244226778085-MAKE.mp4,val,MAKE,landscape,640,480,60,60,0.9363769590000004,1.0,1.0,0.67578125,0.9375,0.03125,0.03333333333333333,shoulder_width,60,23,0,True,True,True,True,True
val/MAN/14961111596310195-MAN.v17.npz,data/local/citizen100_v17/raw/val/MAN/14961111596310195-MAN.mp4,val,MAN,landscape,640,480,74,39,0.9023266250000006,0.3918918918918919,0.7435897435897436,0.358642578125,0.84375,0.640625,0.8461538461538461,shoulder_width,29,0,0,True,True,True,True,True
val/MAN/7050652796921024-MAN.v17.npz,data/local/citizen100_v17/raw/val/MAN/7050652796921024-MAN.mp4,val,MAN,landscape,640,480,69,38,0.7491220840000068,0.463768115942029,0.8421052631578947,0.432373046875,0.875,0.015625,0.0,palm_length,0,32,0,True,True,True,True,True
val/MAN/7254166313904942-MAN.v17.npz,data/local/citizen100_v17/raw/val/MAN/7254166313904942-MAN.mp4,val,MAN,landscape,640,480,96,37,0.9844234999999912,0.34375,0.8918918918918919,0.416748046875,0.6875,0.6328125,0.6756756756756757,shoulder_width,2,31,0,True,True,True,True,True
val/MAN/973653586698978-MAN.v17.npz,data/local/citizen100_v17/raw/val/MAN/973653586698978-MAN.mp4,val,MAN,landscape,640,480,78,36,0.7711314999999956,0.38461538461538464,0.8333333333333334,0.427734375,0.6875,0.46875,0.6944444444444444,shoulder_width,0,30,0,True,True,True,True,True
val/MAYBE/03356585888825525-MAYBE.v17.npz,data/local/citizen100_v17/raw/val/MAYBE/03356585888825525-MAYBE.mp4,val,MAYBE,landscape,640,480,96,43,1.0986032499999965,0.40625,0.9069767441860465,0.76171875,0.9375,0.65625,0.9534883720930233,shoulder_width,30,39,0,True,True,True,True,True
val/MAYBE/05875908360733573-MAYBE.v17.npz,data/local/citizen100_v17/raw/val/MAYBE/05875908360733573-MAYBE.mp4,val,MAYBE,landscape,640,480,53,34,0.8252058749999946,0.5660377358490566,0.8823529411764706,0.7333984375,0.71875,0.375,0.7352941176470589,shoulder_width,24,28,0,True,True,True,True,True
val/MAYBE/48671198103734725-MAYBE.v17.npz,data/local/citizen100_v17/raw/val/MAYBE/48671198103734725-MAYBE.mp4,val,MAYBE,landscape,640,480,47,36,0.6092704170000047,0.6808510638297872,0.8888888888888888,0.79296875,0.71875,0.25,0.25,shoulder_width,28,30,0,True,True,True,True,True
val/MAYBE/4990578621719526-MAYBE.v17.npz,data/local/citizen100_v17/raw/val/MAYBE/4990578621719526-MAYBE.mp4,val,MAYBE,landscape,640,480,55,37,0.6319144999999935,0.5818181818181818,0.8648648648648649,0.72607421875,0.6875,0.0,0.0,palm_length,28,26,0,True,True,True,True,True
val/MORE/009299695590603507-MORE.v17.npz,data/local/citizen100_v17/raw/val/MORE/009299695590603507-MORE.mp4,val,MORE,landscape,640,480,57,30,0.6646371249999845,0.45614035087719296,0.8666666666666667,0.79248046875,0.84375,0.0546875,0.06666666666666667,shoulder_width,22,26,0,True,True,True,True,True
val/MORE/17984011488050022-MORE.v17.npz,data/local/citizen100_v17/raw/val/MORE/17984011488050022-MORE.mp4,val,MORE,landscape,640,480,59,36,0.7158539169999756,0.5423728813559322,0.8888888888888888,0.79931640625,0.71875,0.0,0.0,palm_length,31,28,0,True,True,True,True,True
val/MORE/8341336597329694-MORE.v17.npz,data/local/citizen100_v17/raw/val/MORE/8341336597329694-MORE.mp4,val,MORE,landscape,640,480,58,39,0.7467457500000023,0.603448275862069,0.8974358974358975,0.8271484375,0.84375,0.4375,0.8461538461538461,shoulder_width,33,35,0,True,True,True,True,True
val/MORE/9000660794636397-MORE.v17.npz,data/local/citizen100_v17/raw/val/MORE/9000660794636397-MORE.mp4,val,MORE,landscape,640,480,96,37,0.9984741659999941,0.3333333333333333,0.8648648648648649,0.75146484375,0.875,0.7734375,0.8918918918918919,shoulder_width,25,31,0,True,True,True,True,True
val/MORNING/1838221296870719-MORNING.v17.npz,data/local/citizen100_v17/raw/val/MORNING/1838221296870719-MORNING.mp4,val,MORNING,landscape,640,480,61,34,0.7051727920000133,0.4426229508196721,0.7941176470588235,0.38232421875,0.71875,0.0,0.0,palm_length,9,19,0,True,True,True,True,True
val/MORNING/33958708655307857-MORNING.v17.npz,data/local/citizen100_v17/raw/val/MORNING/33958708655307857-MORNING.mp4,val,MORNING,landscape,640,480,55,39,0.6717025410000019,0.6363636363636364,0.8974358974358975,0.6689453125,0.8125,0.1640625,0.23076923076923078,shoulder_width,34,20,0,True,True,True,True,True
val/MORNING/505746853598358-MORNING.v17.npz,data/local/citizen100_v17/raw/val/MORNING/505746853598358-MORNING.mp4,val,MORNING,landscape,640,480,46,37,0.6187620000000038,0.6739130434782609,0.8378378378378378,0.671875,0.875,0.234375,0.4594594594594595,shoulder_width,21,29,0,True,True,True,True,True
val/MORNING/5178361322749898-MORNING.v17.npz,data/local/citizen100_v17/raw/val/MORNING/5178361322749898-MORNING.mp4,val,MORNING,landscape,640,480,96,33,1.0101120829999957,0.28125,0.8181818181818182,0.76708984375,0.75,0.75,0.7575757575757576,shoulder_width,24,26,0,True,True,True,True,True
val/MOTHER/2401781217873089-MOTHER.v17.npz,data/local/citizen100_v17/raw/val/MOTHER/2401781217873089-MOTHER.mp4,val,MOTHER,landscape,640,480,96,36,0.9401731669999833,0.3333333333333333,0.8888888888888888,0.41357421875,0.90625,0.0,0.0,palm_length,0,32,0,True,True,True,True,True
val/MOTHER/29045877663385156-MOTHER.v17.npz,data/local/citizen100_v17/raw/val/MOTHER/29045877663385156-MOTHER.mp4,val,MOTHER,landscape,640,480,96,40,0.9655415000000005,0.3645833333333333,0.875,0.427001953125,0.8125,0.8125,0.825,shoulder_width,0,35,0,True,True,True,True,True
val/MOTHER/7266802248917938-MOTHER.v17.npz,data/local/citizen100_v17/raw/val/MOTHER/7266802248917938-MOTHER.mp4,val,MOTHER,landscape,640,480,45,36,0.5190167499999916,0.7111111111111111,0.8888888888888888,0.425537109375,0.90625,0.46875,0.9166666666666666,shoulder_width,32,0,0,True,True,True,True,True
val/MY/14107936727280213-MY.v17.npz,data/local/citizen100_v17/raw/val/MY/14107936727280213-MY.mp4,val,MY,landscape,640,480,96,35,0.9252837079999949,0.3125,0.8571428571428571,0.3876953125,0.9375,0.8828125,0.9428571428571428,shoulder_width,1,29,0,True,True,True,True,True
val/MY/3211415289488089-MY.v17.npz,data/local/citizen100_v17/raw/val/MY/3211415289488089-MY.mp4,val,MY,landscape,640,480,51,35,0.5648294160000091,0.6078431372549019,0.8857142857142857,0.42626953125,0.71875,0.5390625,0.7142857142857143,shoulder_width,31,0,0,True,True,True,True,True
val/MY/6682245340769342-MY.v17.npz,data/local/citizen100_v17/raw/val/MY/6682245340769342-MY.mp4,val,MY,landscape,640,480,56,31,0.544280791999995,0.48214285714285715,0.8709677419354839,0.422607421875,0.8125,0.0,0.0,palm_length,0,27,0,True,True,True,True,True
val/MY/895022317746502-MY.v17.npz,data/local/citizen100_v17/raw/val/MY/895022317746502-MY.mp4,val,MY,landscape,640,480,80,34,0.7533341669999913,0.375,0.8823529411764706,0.424072265625,0.96875,0.96875,0.9705882352941176,shoulder_width,30,0,0,True,True,True,True,True
val/NAME/1420689770801613-NAME.v17.npz,data/local/citizen100_v17/raw/val/NAME/1420689770801613-NAME.mp4,val,NAME,landscape,640,480,58,30,0.6724182500000211,0.4482758620689655,0.8666666666666667,0.7978515625,0.84375,0.0,0.0,palm_length,22,26,0,True,True,True,True,True
val/NAME/5439490417710435-NAME.v17.npz,data/local/citizen100_v17/raw/val/NAME/5439490417710435-NAME.mp4,val,NAME,landscape,640,480,57,33,0.7678378749999979,0.5087719298245614,0.8787878787878788,0.7998046875,0.75,0.015625,0.030303030303030304,shoulder_width,29,25,0,True,True,True,True,True
val/NAME/6442814975743945-NAME.v17.npz,data/local/citizen100_v17/raw/val/NAME/6442814975743945-NAME.mp4,val,NAME,landscape,640,480,52,29,0.6003730839999832,0.46153846153846156,0.8275862068965517,0.81494140625,0.875,0.1640625,0.034482758620689655,shoulder_width,22,24,0,True,True,True,True,True
val/NAME/9031073980623976-NAME.v17.npz,data/local/citizen100_v17/raw/val/NAME/9031073980623976-NAME.mp4,val,NAME,landscape,640,480,96,34,1.006249041000018,0.3020833333333333,0.8529411764705882,0.73046875,0.71875,0.0,0.0,palm_length,23,29,0,True,True,True,True,True
val/NEED/04669408879006931-NEED.v17.npz,data/local/citizen100_v17/raw/val/NEED/04669408879006931-NEED.mp4,val,NEED,landscape,640,480,52,28,0.5474060839999879,0.46153846153846156,0.8571428571428571,0.422607421875,0.59375,0.4453125,0.6071428571428571,shoulder_width,0,24,0,True,True,True,True,True
val/NEED/30879418056454777-NEED.v17.npz,data/local/citizen100_v17/raw/val/NEED/30879418056454777-NEED.mp4,val,NEED,landscape,640,480,96,35,0.9261704589999908,0.3229166666666667,0.8857142857142857,0.39794921875,0.9375,0.703125,0.9428571428571428,shoulder_width,0,31,0,True,True,True,True,True
val/NEED/6330153558265055-NEED.v17.npz,data/local/citizen100_v17/raw/val/NEED/6330153558265055-NEED.mp4,val,NEED,landscape,640,480,68,38,0.7286858340000038,0.5,0.8947368421052632,0.42333984375,0.875,0.0,0.0,palm_length,0,34,0,True,True,True,True,True
val/NIGHT/08017581684003039-NIGHT.v17.npz,data/local/citizen100_v17/raw/val/NIGHT/08017581684003039-NIGHT.mp4,val,NIGHT,landscape,640,480,53,31,0.6351843750000228,0.5094339622641509,0.8709677419354839,0.7431640625,0.8125,0.4375,0.8064516129032258,shoulder_width,26,20,0,True,True,True,True,True
val/NIGHT/08433061936933717-NIGHT.v17.npz,data/local/citizen100_v17/raw/val/NIGHT/08433061936933717-NIGHT.mp4,val,NIGHT,landscape,640,480,96,43,1.074721041999993,0.3958333333333333,0.8837209302325582,0.7587890625,0.9375,0.9375,0.9534883720930233,shoulder_width,38,30,0,True,True,True,True,True
val/NIGHT/21645197130695215-NIGHT.v17.npz,data/local/citizen100_v17/raw/val/NIGHT/21645197130695215-NIGHT.mp4,val,NIGHT,landscape,640,480,62,34,0.6851009169999998,0.4838709677419355,0.8823529411764706,0.5751953125,0.71875,0.2421875,0.0,palm_length,3,38,0,True,True,True,True,True
val/NIGHT/4973489684078234-NIGHT.v17.npz,data/local/citizen100_v17/raw/val/NIGHT/4973489684078234-NIGHT.mp4,val,NIGHT,landscape,640,480,51,30,0.6797148750000019,0.5098039215686274,0.8666666666666667,0.697265625,0.84375,0.5625,0.8333333333333334,shoulder_width,17,25,0,True,True,True,True,True
val/NIGHT/8175976377678535-NIGHT.v17.npz,data/local/citizen100_v17/raw/val/NIGHT/8175976377678535-NIGHT.mp4,val,NIGHT,landscape,640,480,96,47,1.2546715420000112,0.4375,0.8936170212765957,0.7333984375,0.6875,0.484375,0.7021276595744681,shoulder_width,32,42,0,True,True,True,True,True
val/NO/4656606080155459-NO.v17.npz,data/local/citizen100_v17/raw/val/NO/4656606080155459-NO.mp4,val,NO,landscape,640,480,96,36,0.9832324579999749,0.3333333333333333,0.8888888888888888,0.421142578125,0.90625,0.796875,0.9166666666666666,shoulder_width,0,32,0,True,True,True,True,True
val/NO/8079226457278508-NO.v17.npz,data/local/citizen100_v17/raw/val/NO/8079226457278508-NO.mp4,val,NO,landscape,640,480,68,37,0.7236969999999872,0.47058823529411764,0.8648648648648649,0.40478515625,0.875,0.1328125,0.24324324324324326,shoulder_width,0,32,0,True,True,True,True,True
val/NO/8323715285073319-NO.v17.npz,data/local/citizen100_v17/raw/val/NO/8323715285073319-NO.mp4,val,NO,landscape,640,480,59,46,0.6707278330000008,0.711864406779661,0.9130434782608695,0.436767578125,0.875,0.6640625,0.8913043478260869,shoulder_width,42,0,0,True,True,True,True,True
val/NOW/10928494959813584-NOW.v17.npz,data/local/citizen100_v17/raw/val/NOW/10928494959813584-NOW.mp4,val,NOW,landscape,640,480,65,36,0.8641149160000055,0.49230769230769234,0.8888888888888888,0.791015625,0.71875,0.0,0.0,palm_length,28,33,0,True,True,True,True,True
val/NOW/6012173826569807-NOW.v17.npz,data/local/citizen100_v17/raw/val/NOW/6012173826569807-NOW.mp4,val,NOW,landscape,640,480,49,26,0.5890142080000089,0.42857142857142855,0.8076923076923077,0.76318359375,0.65625,0.34375,0.34615384615384615,shoulder_width,20,19,0,True,True,True,True,True
val/NOW/8203203237125376-NOW.v17.npz,data/local/citizen100_v17/raw/val/NOW/8203203237125376-NOW.mp4,val,NOW,landscape,640,480,96,37,1.0304781659999946,0.34375,0.8918918918918919,0.76708984375,0.875,0.6640625,0.8918918918918919,shoulder_width,27,33,0,True,True,True,True,True
val/OUR/4356662653732781-OUR.v17.npz,data/local/citizen100_v17/raw/val/OUR/4356662653732781-OUR.mp4,val,OUR,landscape,640,480,61,38,0.6679157920000023,0.5573770491803278,0.8947368421052632,0.42333984375,0.65625,0.0,0.0,palm_length,0,34,0,True,True,True,True,True
val/OUR/6876871652257572-OUR.v17.npz,data/local/citizen100_v17/raw/val/OUR/6876871652257572-OUR.mp4,val,OUR,landscape,640,480,96,45,0.9429230419999897,0.4270833333333333,0.9111111111111111,0.43603515625,0.71875,0.6796875,0.7333333333333333,shoulder_width,0,41,0,True,True,True,True,True
val/OUR/7695516410684258-OUR.v17.npz,data/local/citizen100_v17/raw/val/OUR/7695516410684258-OUR.mp4,val,OUR,landscape,640,480,51,37,0.562130499999995,0.6078431372549019,0.8378378378378378,0.408447265625,0.6875,0.296875,0.4594594594594595,shoulder_width,31,0,0,True,True,True,True,True
val/OUR/913215253010699-OUR.v17.npz,data/local/citizen100_v17/raw/val/OUR/913215253010699-OUR.mp4,val,OUR,landscape,640,480,40,31,0.42663562499998875,0.675,0.8709677419354839,0.43310546875,0.8125,0.6796875,0.8064516129032258,shoulder_width,27,0,0,True,True,True,True,True
val/PLEASE/05859480723249688-PLEASE.v17.npz,data/local/citizen100_v17/raw/val/PLEASE/05859480723249688-PLEASE.mp4,val,PLEASE,landscape,640,480,53,49,0.665188583999992,0.7735849056603774,0.8367346938775511,0.4033203125,0.8125,0.40625,0.8367346938775511,shoulder_width,4,37,0,True,True,True,True,True
val/PLEASE/4096147054343935-PLEASE.v17.npz,data/local/citizen100_v17/raw/val/PLEASE/4096147054343935-PLEASE.mp4,val,PLEASE,landscape,640,480,56,42,0.6909834589999946,0.6785714285714286,0.9047619047619048,0.43017578125,0.78125,0.78125,0.7857142857142857,shoulder_width,38,0,0,True,True,True,True,True
val/PLEASE/42961246858695024-PLEASE.v17.npz,data/local/citizen100_v17/raw/val/PLEASE/42961246858695024-PLEASE.mp4,val,PLEASE,landscape,640,480,69,36,0.7163947079999957,0.463768115942029,0.8888888888888888,0.428466796875,0.90625,0.203125,0.2777777777777778,shoulder_width,32,0,0,True,True,True,True,True
val/PLEASE/6330094542104612-PLEASE.v17.npz,data/local/citizen100_v17/raw/val/PLEASE/6330094542104612-PLEASE.mp4,val,PLEASE,landscape,640,480,96,41,1.117747874999992,0.3854166666666667,0.9024390243902439,0.4345703125,1.0,0.859375,1.0,shoulder_width,0,37,0,True,True,True,True,True
val/READ/039314365088337855-READ.v17.npz,data/local/citizen100_v17/raw/val/READ/039314365088337855-READ.mp4,val,READ,landscape,640,480,96,41,1.0904770000000212,0.3854166666666667,0.9024390243902439,0.8134765625,0.8125,0.8125,0.8048780487804879,shoulder_width,32,37,0,True,True,True,True,True
val/READ/21828575560875674-READ.v17.npz,data/local/citizen100_v17/raw/val/READ/21828575560875674-READ.mp4,val,READ,landscape,640,480,62,38,0.8951174999999978,0.5483870967741935,0.8947368421052632,0.82373046875,0.65625,0.3828125,0.6578947368421053,shoulder_width,32,32,0,True,True,True,True,True
val/READ/8156740964285663-READ.v17.npz,data/local/citizen100_v17/raw/val/READ/8156740964285663-READ.mp4,val,READ,landscape,640,480,55,37,0.7509535829999834,0.6,0.8918918918918919,0.80078125,0.6875,0.0,0.0,palm_length,32,30,0,True,True,True,True,True
val/READ/9629079342867501-READ.v17.npz,data/local/citizen100_v17/raw/val/READ/9629079342867501-READ.mp4,val,READ,landscape,640,480,96,88,1.2613822909999897,0.8229166666666666,0.8977272727272727,0.59130859375,0.90625,0.0,0.011363636363636364,shoulder_width,78,38,0,True,True,True,True,True
val/READY/3071997680999152-READY.v17.npz,data/local/citizen100_v17/raw/val/READY/3071997680999152-READY.mp4,val,READY,landscape,640,480,96,32,0.9862079999999764,0.2916666666666667,0.875,0.7900390625,0.78125,0.78125,0.78125,shoulder_width,25,28,0,True,True,True,True,True
val/READY/6284636189150188-READY.v17.npz,data/local/citizen100_v17/raw/val/READY/6284636189150188-READY.mp4,val,READY,landscape,640,480,53,31,0.7316944160000105,0.5094339622641509,0.8709677419354839,0.7001953125,0.8125,0.6796875,0.8064516129032258,shoulder_width,23,20,0,True,True,True,True,True
val/READY/7493897769973501-READY.v17.npz,data/local/citizen100_v17/raw/val/READY/7493897769973501-READY.mp4,val,READY,landscape,640,480,60,36,0.779462790999986,0.5333333333333333,0.8888888888888888,0.77880859375,0.90625,0.0,0.0,palm_length,26,32,0,True,True,True,True,True
val/READY/9471270123442896-READY.v17.npz,data/local/citizen100_v17/raw/val/READY/9471270123442896-READY.mp4,val,READY,landscape,640,480,96,32,1.049240874999981,0.2916666666666667,0.875,0.759765625,0.78125,0.78125,0.78125,shoulder_width,22,28,0,True,True,True,True,True
val/SAD/04551864995837951-SAD.v17.npz,data/local/citizen100_v17/raw/val/SAD/04551864995837951-SAD.mp4,val,SAD,landscape,640,480,96,50,1.0525904579999974,0.20833333333333334,0.4,0.35107421875,0.8125,0.4140625,0.66,shoulder_width,18,19,0,True,True,True,True,True
val/SAD/29913355059297864-SAD.v17.npz,data/local/citizen100_v17/raw/val/SAD/29913355059297864-SAD.mp4,val,SAD,landscape,640,480,55,33,0.6724657499999864,0.5272727272727272,0.8787878787878788,0.80517578125,0.75,0.1484375,0.2727272727272727,shoulder_width,27,29,0,True,True,True,True,True
val/SAD/3043245354055728-SAD.v17.npz,data/local/citizen100_v17/raw/val/SAD/3043245354055728-SAD.mp4,val,SAD,landscape,640,480,45,34,0.8271589999999946,0.6666666666666666,0.8823529411764706,0.8125,0.71875,0.0234375,0.0,palm_length,29,28,0,True,True,True,True,True
val/SAD/9009874398583952-SAD.v17.npz,data/local/citizen100_v17/raw/val/SAD/9009874398583952-SAD.mp4,val,SAD,landscape,640,480,60,35,0.8129595830000085,0.5166666666666667,0.8857142857142857,0.7802734375,0.9375,0.015625,0.02857142857142857,shoulder_width,31,24,0,True,True,True,True,True
val/SAME/5726907163441306-SAME.v17.npz,data/local/citizen100_v17/raw/val/SAME/5726907163441306-SAME.mp4,val,SAME,landscape,640,480,61,37,0.7325313750000078,0.5409836065573771,0.8918918918918919,0.432373046875,0.875,0.0234375,0.02702702702702703,shoulder_width,33,0,0,True,True,True,True,True
val/SAME/829641577719348-SAME.v17.npz,data/local/citizen100_v17/raw/val/SAME/829641577719348-SAME.mp4,val,SAME,landscape,640,480,85,45,0.9626986250000016,0.4823529411764706,0.9111111111111111,0.4375,0.90625,0.78125,0.9111111111111111,shoulder_width,41,0,0,True,True,True,True,True
val/SAME/9342208987709832-SAME.v17.npz,data/local/citizen100_v17/raw/val/SAME/9342208987709832-SAME.mp4,val,SAME,landscape,640,480,69,35,0.7677092090000031,0.43478260869565216,0.8571428571428571,0.4189453125,0.6875,0.0,0.0,palm_length,0,30,0,True,True,True,True,True
val/SAME/961216896966425-SAME.v17.npz,data/local/citizen100_v17/raw/val/SAME/961216896966425-SAME.mp4,val,SAME,landscape,640,480,96,41,1.0288087090000033,0.375,0.8780487804878049,0.427734375,0.8125,0.609375,0.8048780487804879,shoulder_width,0,36,0,True,True,True,True,True
val/SCHOOL/02185976473813267-SCHOOL.v17.npz,data/local/citizen100_v17/raw/val/SCHOOL/02185976473813267-SCHOOL.mp4,val,SCHOOL,landscape,640,480,77,51,1.0138789580000207,0.5844155844155844,0.8823529411764706,0.5615234375,0.8125,0.0,0.0,palm_length,15,44,0,True,True,True,True,True
val/SCHOOL/24442962392359258-SCHOOL.v17.npz,data/local/citizen100_v17/raw/val/SCHOOL/24442962392359258-SCHOOL.mp4,val,SCHOOL,landscape,640,480,96,43,1.2351281249999886,0.375,0.8372093023255814,0.78271484375,0.9375,0.9375,0.9534883720930233,shoulder_width,31,36,0,True,True,True,True,True
val/SCHOOL/7861062216231951-SCHOOL.v17.npz,data/local/citizen100_v17/raw/val/SCHOOL/7861062216231951-SCHOOL.mp4,val,SCHOOL,landscape,640,480,81,39,1.0308020000000226,0.43209876543209874,0.8974358974358975,0.69921875,0.84375,0.6015625,0.8461538461538461,shoulder_width,15,34,0,True,True,True,True,True
val/SEE/6449291006787454-SEE.v17.npz,data/local/citizen100_v17/raw/val/SEE/6449291006787454-SEE.mp4,val,SEE,landscape,640,480,59,29,0.8312997080000173,0.423728813559322,0.8620689655172413,0.4375,0.59375,0.0,0.0,palm_length,0,25,0,True,True,True,True,True
val/SEE/680337953755801-SEE.v17.npz,data/local/citizen100_v17/raw/val/SEE/680337953755801-SEE.mp4,val,SEE,landscape,640,480,51,30,0.7556443750000028,0.49019607843137253,0.8333333333333334,0.409912109375,0.59375,0.171875,0.03333333333333333,shoulder_width,1,25,0,True,True,True,True,True
val/SEE/9233469754453538-SEE.v17.npz,data/local/citizen100_v17/raw/val/SEE/9233469754453538-SEE.mp4,val,SEE,landscape,640,480,96,42,1.3449523339999985,0.3958333333333333,0.9047619047619048,0.4345703125,0.96875,0.8359375,0.9761904761904762,shoulder_width,0,38,0,True,True,True,True,True
val/SICK/08956501268165051-SICK.v17.npz,data/local/citizen100_v17/raw/val/SICK/08956501268165051-SICK.mp4,val,SICK,landscape,640,480,51,35,0.9220603329999904,0.6078431372549019,0.8857142857142857,0.67919921875,0.6875,0.34375,0.0,palm_length,30,22,0,True,True,True,True,True
val/SICK/3176950945974586-SICK.v17.npz,data/local/citizen100_v17/raw/val/SICK/3176950945974586-SICK.mp4,val,SICK,landscape,640,480,54,37,0.9735842499999876,0.5740740740740741,0.8378378378378378,0.447265625,0.6875,0.1328125,0.02702702702702703,shoulder_width,30,4,0,True,True,True,True,True
val/SICK/45273738498753846-SICK.v17.npz,data/local/citizen100_v17/raw/val/SICK/45273738498753846-SICK.mp4,val,SICK,landscape,640,480,96,32,1.4812223750000157,0.2916666666666667,0.875,0.71875,0.78125,0.65625,0.78125,shoulder_width,20,28,0,True,True,True,True,True
val/SICK/47832051707828005-SICK.v17.npz,data/local/citizen100_v17/raw/val/SICK/47832051707828005-SICK.mp4,val,SICK,landscape,640,480,62,36,1.248939833999998,0.5161290322580645,0.8888888888888888,0.791015625,0.6875,0.3515625,0.4722222222222222,shoulder_width,29,32,0,True,True,True,True,True
val/SIGN/21403791953028373-SIGN.v17.npz,data/local/citizen100_v17/raw/val/SIGN/21403791953028373-SIGN.mp4,val,SIGN,landscape,640,480,96,45,1.6270698339999967,0.4270833333333333,0.9111111111111111,0.77099609375,0.90625,0.8125,0.9111111111111111,shoulder_width,32,41,0,True,True,True,True,True
val/SIGN/9303259452994823-SIGN.v17.npz,data/local/citizen100_v17/raw/val/SIGN/9303259452994823-SIGN.mp4,val,SIGN,landscape,640,480,96,47,1.7010665409999888,0.4479166666666667,0.9148936170212766,0.8095703125,0.875,0.015625,0.02127659574468085,shoulder_width,41,41,0,True,True,True,True,True
val/SIGN/9392506529887468-SIGN.v17.npz,data/local/citizen100_v17/raw/val/SIGN/9392506529887468-SIGN.mp4,val,SIGN,landscape,640,480,56,32,1.2746537079999882,0.5,0.875,0.81494140625,0.78125,0.0234375,0.03125,shoulder_width,26,28,0,True,True,True,True,True
val/SIGN/9456480662629465-SIGN.v17.npz,data/local/citizen100_v17/raw/val/SIGN/9456480662629465-SIGN.mp4,val,SIGN,landscape,640,480,64,49,1.3486849159999963,0.703125,0.9183673469387755,0.80126953125,0.8125,0.0,0.0,palm_length,43,34,0,True,True,True,True,True
val/SLEEP/32838564647007873-SLEEP.v17.npz,data/local/citizen100_v17/raw/val/SLEEP/32838564647007873-SLEEP.mp4,val,SLEEP,landscape,640,480,96,30,1.46477225000001,0.2708333333333333,0.8666666666666667,0.419677734375,0.84375,0.578125,0.5666666666666667,shoulder_width,26,0,0,True,True,True,True,True
val/SLEEP/4876077931735432-SLEEP.v17.npz,data/local/citizen100_v17/raw/val/SLEEP/4876077931735432-SLEEP.mp4,val,SLEEP,landscape,640,480,62,35,1.0437497919999998,0.5,0.8857142857142857,0.422607421875,0.6875,0.296875,0.4857142857142857,shoulder_width,31,0,0,True,True,True,True,True
val/SLEEP/5103688507862052-SLEEP.v17.npz,data/local/citizen100_v17/raw/val/SLEEP/5103688507862052-SLEEP.mp4,val,SLEEP,landscape,640,480,96,84,1.5459559999999897,0.2604166666666667,0.2976190476190476,0.1295166015625,0.84375,0.6328125,0.8690476190476191,shoulder_width,1,24,0,True,True,True,True,True
val/SLEEP/8541893071831477-SLEEP.v17.npz,data/local/citizen100_v17/raw/val/SLEEP/8541893071831477-SLEEP.mp4,val,SLEEP,landscape,640,480,52,32,1.0780183329999886,0.5384615384615384,0.875,0.4248046875,0.78125,0.5390625,0.53125,shoulder_width,28,0,0,True,True,True,True,True
val/SLEEP/9036471590989446-SLEEP.v17.npz,data/local/citizen100_v17/raw/val/SLEEP/9036471590989446-SLEEP.mp4,val,SLEEP,landscape,640,480,83,40,1.4186217499999998,0.40963855421686746,0.85,0.431640625,0.8125,0.0,0.0,palm_length,0,34,0,True,True,True,True,True
val/SMALL/1586194739868847-SMALL.v17.npz,data/local/citizen100_v17/raw/val/SMALL/1586194739868847-SMALL.mp4,val,SMALL,landscape,640,480,60,39,1.5709761660000083,0.5833333333333334,0.8974358974358975,0.818359375,0.84375,0.0234375,0.02564102564102564,shoulder_width,34,32,0,True,True,True,True,True
val/SMALL/5307142627482293-SMALL.v17.npz,data/local/citizen100_v17/raw/val/SMALL/5307142627482293-SMALL.mp4,val,SMALL,landscape,640,480,44,30,1.1687251670000194,0.5909090909090909,0.8666666666666667,0.83349609375,0.84375,0.359375,0.3,shoulder_width,24,26,0,True,True,True,True,True
val/SMALL/8815573731027433-SMALL.v17.npz,data/local/citizen100_v17/raw/val/SMALL/8815573731027433-SMALL.mp4,val,SMALL,landscape,640,480,96,45,2.0315048329999854,0.4270833333333333,0.9111111111111111,0.8095703125,0.90625,0.859375,0.9111111111111111,shoulder_width,35,41,0,True,True,True,True,True
val/SORRY/15179467641851585-SORRY.v17.npz,data/local/citizen100_v17/raw/val/SORRY/15179467641851585-SORRY.mp4,val,SORRY,landscape,640,480,55,34,1.0491252089999819,0.5454545454545454,0.8823529411764706,0.422607421875,0.96875,0.796875,0.9705882352941176,shoulder_width,30,0,0,True,True,True,True,True
val/SORRY/6387762756061144-SORRY.v17.npz,data/local/citizen100_v17/raw/val/SORRY/6387762756061144-SORRY.mp4,val,SORRY,landscape,640,480,96,44,1.879847208000001,0.4166666666666667,0.9090909090909091,0.43603515625,0.9375,0.890625,0.9318181818181818,shoulder_width,0,40,0,True,True,True,True,True
val/SORRY/9220637121525757-SORRY.v17.npz,data/local/citizen100_v17/raw/val/SORRY/9220637121525757-SORRY.mp4,val,SORRY,landscape,640,480,79,52,1.5489431249999939,0.5949367088607594,0.9038461538461539,0.436767578125,0.78125,0.0,0.0,palm_length,0,47,0,True,True,True,True,True
val/STOP/4382853991304725-STOP.v17.npz,data/local/citizen100_v17/raw/val/STOP/4382853991304725-STOP.mp4,val,STOP,landscape,640,480,49,31,1.2260983750000207,0.5510204081632653,0.8709677419354839,0.70068359375,0.5625,0.2890625,0.03225806451612903,shoulder_width,18,22,0,True,True,True,True,True
val/STOP/49400025068696496-STOP.v17.npz,data/local/citizen100_v17/raw/val/STOP/49400025068696496-STOP.mp4,val,STOP,landscape,640,480,96,43,2.185361291000021,0.40625,0.9069767441860465,0.72705078125,0.9375,0.8046875,0.9534883720930233,shoulder_width,27,39,0,True,True,True,True,True
val/STOP/7757946316597986-STOP.v17.npz,data/local/citizen100_v17/raw/val/STOP/7757946316597986-STOP.mp4,val,STOP,landscape,640,480,59,33,1.43078837500002,0.4915254237288136,0.8787878787878788,0.6162109375,0.75,0.078125,0.030303030303030304,shoulder_width,21,22,0,True,True,True,True,True
val/TAKE/09372722526789401-TAKE.v17.npz,data/local/citizen100_v17/raw/val/TAKE/09372722526789401-TAKE.mp4,val,TAKE,landscape,640,480,55,25,1.3005874590000133,0.38181818181818183,0.84,0.4091796875,0.6875,0.4375,0.68,shoulder_width,0,21,0,True,True,True,True,True
val/TAKE/4805934647756538-TAKE.v17.npz,data/local/citizen100_v17/raw/val/TAKE/4805934647756538-TAKE.mp4,val,TAKE,landscape,640,480,96,42,1.9242355410000016,0.3958333333333333,0.9047619047619048,0.4375,0.96875,0.921875,0.9761904761904762,shoulder_width,0,38,0,True,True,True,True,True
val/TAKE/6968328028731545-TAKE.v17.npz,data/local/citizen100_v17/raw/val/TAKE/6968328028731545-TAKE.mp4,val,TAKE,landscape,640,480,52,28,1.1609271250000006,0.46153846153846156,0.8571428571428571,0.41455078125,0.90625,0.0859375,0.0,palm_length,0,24,0,True,True,True,True,True
val/TALK/3247908414583549-TALK.v17.npz,data/local/citizen100_v17/raw/val/TALK/3247908414583549-TALK.mp4,val,TALK,landscape,640,480,60,30,1.2683910420000188,0.43333333333333335,0.8666666666666667,0.42333984375,0.84375,0.2890625,0.3,shoulder_width,0,26,0,True,True,True,True,True
val/TALK/5400379655254408-TALK.v17.npz,data/local/citizen100_v17/raw/val/TALK/5400379655254408-TALK.mp4,val,TALK,landscape,640,480,44,30,0.9145029999999963,0.5909090909090909,0.8666666666666667,0.432373046875,0.59375,0.453125,0.5666666666666667,shoulder_width,26,0,0,True,True,True,True,True
val/TALK/6877385827972768-TALK.v17.npz,data/local/citizen100_v17/raw/val/TALK/6877385827972768-TALK.mp4,val,TALK,landscape,640,480,45,31,0.9844020840000098,0.6,0.8709677419354839,0.42333984375,0.8125,0.6875,0.8064516129032258,shoulder_width,27,0,0,True,True,True,True,True
val/TALK/873026373390853-TALK.v17.npz,data/local/citizen100_v17/raw/val/TALK/873026373390853-TALK.mp4,val,TALK,landscape,640,480,96,53,1.9195101669999985,0.21875,0.39622641509433965,0.188232421875,0.90625,0.6875,0.9245283018867925,shoulder_width,0,21,0,True,True,True,True,True
val/TELL/030859863529683285-TELL.v17.npz,data/local/citizen100_v17/raw/val/TELL/030859863529683285-TELL.mp4,val,TELL,landscape,640,480,96,40,1.7664625840000099,0.375,0.9,0.4375,0.8125,0.8125,0.825,shoulder_width,0,36,0,True,True,True,True,True
val/TELL/39911303417002464-TELL.v17.npz,data/local/citizen100_v17/raw/val/TELL/39911303417002464-TELL.mp4,val,TELL,landscape,640,480,38,24,0.8467829999999879,0.5263157894736842,0.8333333333333334,0.405517578125,0.71875,0.6328125,0.7083333333333334,shoulder_width,20,0,0,True,True,True,True,True
val/TELL/7980791622967522-TELL.v17.npz,data/local/citizen100_v17/raw/val/TELL/7980791622967522-TELL.mp4,val,TELL,landscape,640,480,69,39,1.4707466249999754,0.5072463768115942,0.8974358974358975,0.422607421875,0.84375,0.0,0.0,palm_length,0,35,0,True,True,True,True,True
val/THANKYOU/0006320057552187119-THANK YOU.v17.npz,data/local/citizen100_v17/raw/val/THANKYOU/0006320057552187119-THANK YOU.mp4,val,THANKYOU,landscape,640,480,46,32,0.9815654159999951,0.6086956521739131,0.875,0.408447265625,0.78125,0.78125,0.78125,shoulder_width,28,0,0,True,True,True,True,True
val/THANKYOU/16870669316247833-THANK YOU.v17.npz,data/local/citizen100_v17/raw/val/THANKYOU/16870669316247833-THANK YOU.mp4,val,THANKYOU,landscape,640,480,96,39,1.9352568340000005,0.3541666666666667,0.8717948717948718,0.41357421875,0.84375,0.84375,0.8461538461538461,shoulder_width,0,34,0,True,True,True,True,True
val/THANKYOU/7976564165646398-THANK YOU.v17.npz,data/local/citizen100_v17/raw/val/THANKYOU/7976564165646398-THANK YOU.mp4,val,THANKYOU,landscape,640,480,96,35,1.797768375000004,0.3229166666666667,0.8857142857142857,0.41064453125,0.9375,0.7109375,0.9428571428571428,shoulder_width,0,31,0,True,True,True,True,True
val/THEY/2151941336300882-THEY.v17.npz,data/local/citizen100_v17/raw/val/THEY/2151941336300882-THEY.mp4,val,THEY,landscape,640,480,71,34,1.4889354999999966,0.4084507042253521,0.8529411764705882,0.40625,0.71875,0.015625,0.029411764705882353,shoulder_width,0,29,0,True,True,True,True,True
val/THEY/38731487247930807-THEY.v17.npz,data/local/citizen100_v17/raw/val/THEY/38731487247930807-THEY.mp4,val,THEY,landscape,640,480,96,49,2.4861461659999975,0.46875,0.9183673469387755,0.427001953125,0.84375,0.84375,0.8367346938775511,shoulder_width,0,45,0,True,True,True,True,True
val/THEY/9598803772091737-THEY.v17.npz,data/local/citizen100_v17/raw/val/THEY/9598803772091737-THEY.mp4,val,THEY,landscape,640,480,59,32,1.4258232919999898,0.4745762711864407,0.875,0.42626953125,0.78125,0.0546875,0.0625,shoulder_width,0,28,0,True,True,True,True,True
val/THINK/5342802354346374-THINK.v17.npz,data/local/citizen100_v17/raw/val/THINK/5342802354346374-THINK.mp4,val,THINK,landscape,640,480,54,26,0.9812512499999855,0.4074074074074074,0.8461538461538461,0.4248046875,0.65625,0.0,0.0,palm_length,0,22,0,True,True,True,True,True
val/THINK/6318484937161617-THINK.v17.npz,data/local/citizen100_v17/raw/val/THINK/6318484937161617-THINK.mp4,val,THINK,landscape,640,480,96,43,1.894993833000001,0.40625,0.9069767441860465,0.435302734375,0.75,0.75,0.7674418604651163,shoulder_width,0,39,0,True,True,True,True,True
val/THINK/954911942661782-THINK.v17.npz,data/local/citizen100_v17/raw/val/THINK/954911942661782-THINK.mp4,val,THINK,landscape,640,480,52,31,1.187208417000022,0.5192307692307693,0.8709677419354839,0.428466796875,0.8125,0.609375,0.8064516129032258,shoulder_width,0,27,0,True,True,True,True,True
val/TIME/5390288806667989-TIME.v17.npz,data/local/citizen100_v17/raw/val/TIME/5390288806667989-TIME.mp4,val,TIME,landscape,640,480,75,35,1.9848702499999717,0.41333333333333333,0.8857142857142857,0.71728515625,0.71875,0.0078125,0.0,palm_length,22,31,0,True,True,True,True,True
val/TIME/649842211970002-TIME.v17.npz,data/local/citizen100_v17/raw/val/TIME/649842211970002-TIME.mp4,val,TIME,landscape,640,480,46,28,1.4235198750000109,0.5217391304347826,0.8571428571428571,0.7041015625,0.59375,0.1640625,0.32142857142857145,shoulder_width,18,23,0,True,True,True,True,True
val/TIME/6677797392644389-TIME.v17.npz,data/local/citizen100_v17/raw/val/TIME/6677797392644389-TIME.mp4,val,TIME,landscape,640,480,96,34,1.9761972080000305,0.3125,0.8823529411764706,0.74853515625,0.71875,0.6640625,0.7352941176470589,shoulder_width,23,30,0,True,True,True,True,True
val/TIME/7374511884446076-TIME.v17.npz,data/local/citizen100_v17/raw/val/TIME/7374511884446076-TIME.mp4,val,TIME,landscape,640,480,56,31,1.3187626249999767,0.48214285714285715,0.8709677419354839,0.68212890625,0.8125,0.015625,0.03225806451612903,shoulder_width,27,18,0,True,True,True,True,True
val/TIRED/13289073725295975-TIRED.v17.npz,data/local/citizen100_v17/raw/val/TIRED/13289073725295975-TIRED.mp4,val,TIRED,landscape,640,480,60,37,1.5523095839999996,0.55,0.8918918918918919,0.7724609375,0.6875,0.140625,0.24324324324324326,shoulder_width,26,33,0,True,True,True,True,True
val/TIRED/3766457519527884-TIRED.v17.npz,data/local/citizen100_v17/raw/val/TIRED/3766457519527884-TIRED.mp4,val,TIRED,landscape,640,480,96,56,2.3622066670000095,0.5416666666666666,0.9285714285714286,0.89599609375,0.875,0.7734375,0.875,shoulder_width,49,50,0,True,True,True,True,True
val/TIRED/46893704717360163-TIRED.v17.npz,data/local/citizen100_v17/raw/val/TIRED/46893704717360163-TIRED.mp4,val,TIRED,landscape,640,480,96,41,2.45218275000002,0.3854166666666667,0.9024390243902439,0.8056640625,0.78125,0.78125,0.8048780487804879,shoulder_width,32,37,0,True,True,True,True,True
val/TIRED/9868994197861312-TIRED.v17.npz,data/local/citizen100_v17/raw/val/TIRED/9868994197861312-TIRED.mp4,val,TIRED,landscape,640,480,65,36,1.4911940829999821,0.49230769230769234,0.8888888888888888,0.7822265625,0.90625,0.6875,0.9166666666666666,shoulder_width,29,29,0,True,True,True,True,True
val/TOMORROW/052047780303462465-TOMORROW.v17.npz,data/local/citizen100_v17/raw/val/TOMORROW/052047780303462465-TOMORROW.mp4,val,TOMORROW,landscape,640,480,48,31,1.0111966670000356,0.5625,0.8709677419354839,0.4091796875,0.5625,0.421875,0.5483870967741935,shoulder_width,0,27,0,True,True,True,True,True
val/TOMORROW/28541392437861024-TOMORROW.v17.npz,data/local/citizen100_v17/raw/val/TOMORROW/28541392437861024-TOMORROW.mp4,val,TOMORROW,landscape,640,480,57,34,1.2089827500000183,0.5263157894736842,0.8823529411764706,0.42626953125,0.71875,0.4296875,0.7352941176470589,shoulder_width,0,30,0,True,True,True,True,True
val/TOMORROW/3488393161458545-TOMORROW.v17.npz,data/local/citizen100_v17/raw/val/TOMORROW/3488393161458545-TOMORROW.mp4,val,TOMORROW,landscape,640,480,96,36,2.111811166999985,0.3333333333333333,0.8888888888888888,0.40185546875,0.71875,0.1328125,0.25,shoulder_width,0,32,0,True,True,True,True,True
val/TOMORROW/577183601855066-TOMORROW.v17.npz,data/local/citizen100_v17/raw/val/TOMORROW/577183601855066-TOMORROW.mp4,val,TOMORROW,landscape,640,480,53,32,0.9835792920000017,0.49056603773584906,0.8125,0.42041015625,0.78125,0.015625,0.0,palm_length,0,26,0,True,True,True,True,True
val/TRY/37104021449951063-TRY.v17.npz,data/local/citizen100_v17/raw/val/TRY/37104021449951063-TRY.mp4,val,TRY,landscape,640,480,50,34,1.4082057919999897,0.6,0.8823529411764706,0.8193359375,0.96875,0.5078125,0.9705882352941176,shoulder_width,29,29,0,True,True,True,True,True
val/TRY/5485151185334087-TRY.v17.npz,data/local/citizen100_v17/raw/val/TRY/5485151185334087-TRY.mp4,val,TRY,landscape,640,480,96,36,1.883468124999979,0.3229166666666667,0.8611111111111112,0.78955078125,0.6875,0.3046875,0.4722222222222222,shoulder_width,28,31,0,True,True,True,True,True
val/TRY/9529591246592137-TRY.v17.npz,data/local/citizen100_v17/raw/val/TRY/9529591246592137-TRY.mp4,val,TRY,landscape,640,480,59,32,1.3909987499999943,0.4745762711864407,0.875,0.8251953125,0.78125,0.0,0.0,palm_length,27,26,0,True,True,True,True,True
val/TRY/976267105576786-TRY.v17.npz,data/local/citizen100_v17/raw/val/TRY/976267105576786-TRY.mp4,val,TRY,landscape,640,480,57,34,1.2372068340000055,0.5263157894736842,0.8823529411764706,0.75,0.96875,0.6171875,0.9705882352941176,shoulder_width,28,26,0,True,True,True,True,True
val/UNDERSTAND/6504234134902995-UNDERSTAND.v17.npz,data/local/citizen100_v17/raw/val/UNDERSTAND/6504234134902995-UNDERSTAND.mp4,val,UNDERSTAND,landscape,640,480,54,28,1.1586309590000496,0.42592592592592593,0.8214285714285714,0.40625,0.59375,0.0,0.0,palm_length,0,23,0,True,True,True,True,True
val/UNDERSTAND/7903893233633115-UNDERSTAND.v17.npz,data/local/citizen100_v17/raw/val/UNDERSTAND/7903893233633115-UNDERSTAND.mp4,val,UNDERSTAND,landscape,640,480,96,40,1.8310011250000002,0.3645833333333333,0.875,0.42919921875,0.8125,0.3671875,0.25,shoulder_width,0,35,0,True,True,True,True,True
val/UNDERSTAND/8071758688201891-UNDERSTAND.v17.npz,data/local/citizen100_v17/raw/val/UNDERSTAND/8071758688201891-UNDERSTAND.mp4,val,UNDERSTAND,landscape,640,480,52,29,0.9005097080000155,0.46153846153846156,0.8275862068965517,0.416748046875,0.875,0.5234375,0.8620689655172413,shoulder_width,0,24,0,True,True,True,True,True
val/UNDERSTAND/9717361996927067-UNDERSTAND.v17.npz,data/local/citizen100_v17/raw/val/UNDERSTAND/9717361996927067-UNDERSTAND.mp4,val,UNDERSTAND,landscape,640,480,68,34,1.391125417000012,0.4411764705882353,0.8823529411764706,0.428466796875,0.71875,0.0,0.0,palm_length,30,0,0,True,True,True,True,True
val/USE/40566688920405136-USE.v17.npz,data/local/citizen100_v17/raw/val/USE/40566688920405136-USE.mp4,val,USE,landscape,640,480,89,48,1.8418512920000012,0.4943820224719101,0.9166666666666666,0.77587890625,0.84375,0.0,0.0,palm_length,29,47,0,True,True,True,True,True
val/USE/48272868300094873-USE.v17.npz,data/local/citizen100_v17/raw/val/USE/48272868300094873-USE.mp4,val,USE,landscape,640,480,55,35,1.3763507920000393,0.5454545454545454,0.8571428571428571,0.81689453125,0.6875,0.46875,0.7142857142857143,shoulder_width,30,28,0,True,True,True,True,True
val/USE/4873719527704967-USE.v17.npz,data/local/citizen100_v17/raw/val/USE/4873719527704967-USE.mp4,val,USE,landscape,640,480,96,47,1.9048621669999761,0.4375,0.8936170212765957,0.7802734375,0.6875,0.6484375,0.7021276595744681,shoulder_width,36,42,0,True,True,True,True,True
val/USE/8580759575418431-USE.v17.npz,data/local/citizen100_v17/raw/val/USE/8580759575418431-USE.mp4,val,USE,landscape,640,480,78,47,1.6498730420000243,0.5384615384615384,0.8936170212765957,0.7216796875,0.84375,0.3515625,0.7021276595744681,shoulder_width,31,42,0,True,True,True,True,True
val/WAIT/19418271966399425-WAIT.v17.npz,data/local/citizen100_v17/raw/val/WAIT/19418271966399425-WAIT.mp4,val,WAIT,landscape,640,480,88,45,1.9256771659999572,0.4659090909090909,0.9111111111111111,0.80517578125,0.71875,0.328125,0.2222222222222222,shoulder_width,37,37,0,True,True,True,True,True
val/WAIT/5205785031120291-WAIT.v17.npz,data/local/citizen100_v17/raw/val/WAIT/5205785031120291-WAIT.mp4,val,WAIT,landscape,640,480,96,40,1.9239526660000479,0.375,0.9,0.8134765625,0.8125,0.8125,0.825,shoulder_width,31,36,0,True,True,True,True,True
val/WAIT/5419469718181713-WAIT.v17.npz,data/local/citizen100_v17/raw/val/WAIT/5419469718181713-WAIT.mp4,val,WAIT,landscape,640,480,53,29,1.3441127079999546,0.4716981132075472,0.8620689655172413,0.828125,0.59375,0.0078125,0.0,palm_length,25,24,0,True,True,True,True,True
val/WAIT/6368510219023522-WAIT.v17.npz,data/local/citizen100_v17/raw/val/WAIT/6368510219023522-WAIT.mp4,val,WAIT,landscape,640,480,76,35,1.6915456659999677,0.40789473684210525,0.8857142857142857,0.775390625,0.9375,0.03125,0.02857142857142857,shoulder_width,26,30,0,True,True,True,True,True
val/WANT/3964716837264739-WANT 2.v17.npz,data/local/citizen100_v17/raw/val/WANT/3964716837264739-WANT 2.mp4,val,WANT,landscape,640,480,63,43,1.795732791999967,0.6190476190476191,0.9069767441860465,0.80419921875,0.78125,0.0234375,0.023255813953488372,shoulder_width,35,37,0,True,True,True,True,True
val/WANT/8782648080433364-WANT 2.v17.npz,data/local/citizen100_v17/raw/val/WANT/8782648080433364-WANT 2.mp4,val,WANT,landscape,640,480,96,50,1.8506118329999595,0.46875,0.9,0.7412109375,0.8125,0.8125,0.82,shoulder_width,45,33,0,True,True,True,True,True
val/WANT/9085692028177397-WANT 2.v17.npz,data/local/citizen100_v17/raw/val/WANT/9085692028177397-WANT 2.mp4,val,WANT,landscape,640,480,47,31,1.0562422499999684,0.574468085106383,0.8709677419354839,0.78955078125,0.8125,0.03125,0.03225806451612903,shoulder_width,27,23,0,True,True,True,True,True
val/WANT/9659002140360071-WANT 2.v17.npz,data/local/citizen100_v17/raw/val/WANT/9659002140360071-WANT 2.mp4,val,WANT,landscape,640,480,60,32,1.2862026669999977,0.4666666666666667,0.875,0.76806640625,0.78125,0.46875,0.78125,shoulder_width,26,27,0,True,True,True,True,True
val/WATER/03174577769237463-WATER.v17.npz,data/local/citizen100_v17/raw/val/WATER/03174577769237463-WATER.mp4,val,WATER,landscape,640,480,96,50,1.5052496249999763,0.21875,0.42,0.1920166015625,0.8125,0.578125,0.82,shoulder_width,1,20,0,True,True,True,True,True
val/WATER/414141284745577-WATER.v17.npz,data/local/citizen100_v17/raw/val/WATER/414141284745577-WATER.mp4,val,WATER,landscape,640,480,51,28,1.0501702079999973,0.47058823529411764,0.8571428571428571,0.4248046875,0.90625,0.03125,0.07142857142857142,shoulder_width,0,24,0,True,True,True,True,True
val/WATER/7530258985595248-WATER.v17.npz,data/local/citizen100_v17/raw/val/WATER/7530258985595248-WATER.mp4,val,WATER,landscape,640,480,96,39,1.4359949999999913,0.3541666666666667,0.8717948717948718,0.421142578125,0.84375,0.84375,0.8461538461538461,shoulder_width,34,0,0,True,True,True,True,True
val/WATER/9850177164607337-WATER.v17.npz,data/local/citizen100_v17/raw/val/WATER/9850177164607337-WATER.mp4,val,WATER,landscape,640,480,61,37,1.1624029170000085,0.5409836065573771,0.8918918918918919,0.41748046875,0.875,0.453125,0.8918918918918919,shoulder_width,0,33,0,True,True,True,True,True
val/WE/11801482805093366-WE.v17.npz,data/local/citizen100_v17/raw/val/WE/11801482805093366-WE.mp4,val,WE,landscape,640,480,96,43,1.5127519170000028,0.3958333333333333,0.8837209302325582,0.4375,0.75,0.484375,0.7674418604651163,shoulder_width,2,36,0,True,True,True,True,True
val/WE/14563849425095032-WE.v17.npz,data/local/citizen100_v17/raw/val/WE/14563849425095032-WE.mp4,val,WE,landscape,640,480,39,30,0.7005737080000358,0.6410256410256411,0.8333333333333334,0.446533203125,0.59375,0.5234375,0.5666666666666667,shoulder_width,26,0,0,True,True,True,True,True
val/WE/6868122993341472-WE.v17.npz,data/local/citizen100_v17/raw/val/WE/6868122993341472-WE.mp4,val,WE,landscape,640,480,61,34,1.0394524999999817,0.4918032786885246,0.8823529411764706,0.428466796875,0.71875,0.0,0.0,palm_length,1,29,0,True,True,True,True,True
val/WEEK/20202226330566098-WEEK.v17.npz,data/local/citizen100_v17/raw/val/WEEK/20202226330566098-WEEK.mp4,val,WEEK,landscape,640,480,65,37,1.2274442499999623,0.5076923076923077,0.8918918918918919,0.77099609375,0.6875,0.5234375,0.6756756756756757,shoulder_width,27,33,0,True,True,True,True,True
val/WEEK/5803280917903741-WEEK.v17.npz,data/local/citizen100_v17/raw/val/WEEK/5803280917903741-WEEK.mp4,val,WEEK,landscape,640,480,54,34,0.983595041000001,0.5185185185185185,0.8235294117647058,0.6650390625,0.71875,0.609375,0.7352941176470589,shoulder_width,23,23,0,True,True,True,True,True
val/WEEK/611662781142956-WEEK.v17.npz,data/local/citizen100_v17/raw/val/WEEK/611662781142956-WEEK.mp4,val,WEEK,landscape,640,480,96,64,1.7829344579999997,0.6458333333333334,0.96875,0.63330078125,0.875,0.875,0.890625,shoulder_width,48,42,0,True,True,True,True,True
val/WEEK/740137620983075-WEEK.v17.npz,data/local/citizen100_v17/raw/val/WEEK/740137620983075-WEEK.mp4,val,WEEK,landscape,640,480,67,41,1.316113290999965,0.5522388059701493,0.9024390243902439,0.74169921875,0.8125,0.0,0.0,palm_length,36,28,0,True,True,True,True,True
val/WHAT/24519151833954478-WHAT 2.v17.npz,data/local/citizen100_v17/raw/val/WHAT/24519151833954478-WHAT 2.mp4,val,WHAT,landscape,640,480,88,32,1.4310010419999912,0.3181818181818182,0.875,0.80419921875,0.78125,0.0234375,0.03125,shoulder_width,27,25,0,True,True,True,True,True
val/WHAT/873539016146136-WHAT 2.v17.npz,data/local/citizen100_v17/raw/val/WHAT/873539016146136-WHAT 2.mp4,val,WHAT,landscape,640,480,96,41,1.8138923330000125,0.3854166666666667,0.9024390243902439,0.833984375,0.8125,0.765625,0.8048780487804879,shoulder_width,34,37,0,True,True,True,True,True
val/WHAT/9106828060005678-WHAT 2.v17.npz,data/local/citizen100_v17/raw/val/WHAT/9106828060005678-WHAT 2.mp4,val,WHAT,landscape,640,480,53,31,1.0157189170000152,0.49056603773584906,0.8387096774193549,0.69775390625,0.8125,0.2890625,0.5483870967741935,shoulder_width,21,24,0,True,True,True,True,True
val/WHEN/08729017928642491-WHEN.v17.npz,data/local/citizen100_v17/raw/val/WHEN/08729017928642491-WHEN.mp4,val,WHEN,landscape,640,480,47,33,0.949540958,0.574468085106383,0.8181818181818182,0.734375,0.75,0.3203125,0.2727272727272727,shoulder_width,25,26,0,True,True,True,True,True
val/WHEN/19039558672419843-WHEN.v17.npz,data/local/citizen100_v17/raw/val/WHEN/19039558672419843-WHEN.mp4,val,WHEN,landscape,640,480,51,38,1.2933529160000035,0.6078431372549019,0.8157894736842105,0.7470703125,0.84375,0.453125,0.6578947368421053,shoulder_width,30,28,0,True,True,True,True,True
val/WHEN/38702561454738094-WHEN.v17.npz,data/local/citizen100_v17/raw/val/WHEN/38702561454738094-WHEN.mp4,val,WHEN,landscape,640,480,96,39,1.643955665999954,0.3645833333333333,0.8974358974358975,0.80859375,0.84375,0.0234375,0.02564102564102564,shoulder_width,33,33,0,True,True,True,True,True
val/WHEN/5407096343613205-WHEN.v17.npz,data/local/citizen100_v17/raw/val/WHEN/5407096343613205-WHEN.mp4,val,WHEN,landscape,640,480,96,51,1.6711532500000317,0.375,0.7058823529411765,0.6474609375,0.96875,0.703125,0.9607843137254902,shoulder_width,30,35,0,True,True,True,True,True
val/WHERE/19532533865671398-WHERE.v17.npz,data/local/citizen100_v17/raw/val/WHERE/19532533865671398-WHERE.mp4,val,WHERE,landscape,640,480,43,31,0.7357027090000088,0.627906976744186,0.8709677419354839,0.42919921875,0.8125,0.28125,0.5483870967741935,shoulder_width,0,27,0,True,True,True,True,True
val/WHERE/34697989347891944-WHERE.v17.npz,data/local/citizen100_v17/raw/val/WHERE/34697989347891944-WHERE.mp4,val,WHERE,landscape,640,480,49,26,0.7920187080000005,0.4489795918367347,0.8461538461538461,0.421142578125,0.65625,0.328125,0.6538461538461539,shoulder_width,22,0,0,True,True,True,True,True
val/WHERE/6997365376367899-WHERE.v17.npz,data/local/citizen100_v17/raw/val/WHERE/6997365376367899-WHERE.mp4,val,WHERE,landscape,640,480,96,36,1.3833430829999998,0.3333333333333333,0.8888888888888888,0.41064453125,0.90625,0.5859375,0.9166666666666666,shoulder_width,0,32,0,True,True,True,True,True
val/WHERE/7404223141679687-WHERE.v17.npz,data/local/citizen100_v17/raw/val/WHERE/7404223141679687-WHERE.mp4,val,WHERE,landscape,640,480,59,36,1.0364738330000023,0.5423728813559322,0.8888888888888888,0.430908203125,0.90625,0.8515625,0.9166666666666666,shoulder_width,32,0,0,True,True,True,True,True
val/WHO/24758144482774802-WHO.v17.npz,data/local/citizen100_v17/raw/val/WHO/24758144482774802-WHO.mp4,val,WHO,landscape,640,480,50,29,0.9042200830000411,0.5,0.8620689655172413,0.415283203125,0.59375,0.0,0.0,palm_length,25,0,0,True,True,True,True,True
val/WHO/5788460385097332-WHO.v17.npz,data/local/citizen100_v17/raw/val/WHO/5788460385097332-WHO.mp4,val,WHO,landscape,640,480,96,37,1.5161550839999904,0.34375,0.8918918918918919,0.428466796875,0.6875,0.3515625,0.6756756756756757,shoulder_width,0,33,0,True,True,True,True,True
val/WHO/6506737411983545-WHO.v17.npz,data/local/citizen100_v17/raw/val/WHO/6506737411983545-WHO.mp4,val,WHO,landscape,640,480,44,30,0.8914654169999494,0.5909090909090909,0.8666666666666667,0.43310546875,0.84375,0.84375,0.8333333333333334,shoulder_width,26,1,0,True,True,True,True,True
val/WHO/8040413047655517-WHO.v17.npz,data/local/citizen100_v17/raw/val/WHO/8040413047655517-WHO.mp4,val,WHO,landscape,640,480,61,27,0.9874806669999998,0.3770491803278688,0.8518518518518519,0.42626953125,0.625,0.015625,0.037037037037037035,shoulder_width,0,23,0,True,True,True,True,True
val/WHY/38099175964004983-WHY.v17.npz,data/local/citizen100_v17/raw/val/WHY/38099175964004983-WHY.mp4,val,WHY,landscape,640,480,67,35,1.22518820800002,0.4925373134328358,0.9428571428571428,0.8134765625,0.9375,0.0,0.0,palm_length,33,26,0,True,True,True,True,True
val/WHY/5132756077874947-WHY.v17.npz,data/local/citizen100_v17/raw/val/WHY/5132756077874947-WHY.mp4,val,WHY,landscape,640,480,96,35,1.373028125000019,0.3125,0.8571428571428571,0.4091796875,0.6875,0.234375,0.4857142857142857,shoulder_width,0,30,0,True,True,True,True,True
val/WHY/6220173213417262-WHY.v17.npz,data/local/citizen100_v17/raw/val/WHY/6220173213417262-WHY.mp4,val,WHY,landscape,640,480,53,34,0.8205138750000174,0.5283018867924528,0.8235294117647058,0.412841796875,0.71875,0.0,0.0,palm_length,28,0,0,True,True,True,True,True
val/WHY/7508574803030745-WHY.v17.npz,data/local/citizen100_v17/raw/val/WHY/7508574803030745-WHY.mp4,val,WHY,landscape,640,480,37,31,0.6113638329999844,0.7837837837837838,0.9354838709677419,0.455322265625,0.8125,0.5546875,0.5483870967741935,shoulder_width,29,0,0,True,True,True,True,True
val/WOMAN/08142431351693213-WOMAN.v17.npz,data/local/citizen100_v17/raw/val/WOMAN/08142431351693213-WOMAN.mp4,val,WOMAN,landscape,640,480,96,43,1.372249208000028,0.3958333333333333,0.8837209302325582,0.432373046875,0.9375,0.6640625,0.9534883720930233,shoulder_width,0,38,0,True,True,True,True,True
val/WOMAN/44158453065592296-WOMAN.v17.npz,data/local/citizen100_v17/raw/val/WOMAN/44158453065592296-WOMAN.mp4,val,WOMAN,landscape,640,480,55,25,0.7567297919999874,0.36363636363636365,0.8,0.405517578125,0.6875,0.0,0.0,palm_length,0,20,0,True,True,True,True,True
val/WOMAN/8838233578450281-WOMAN.v17.npz,data/local/citizen100_v17/raw/val/WOMAN/8838233578450281-WOMAN.mp4,val,WOMAN,landscape,640,480,56,31,0.8486151249999807,0.4642857142857143,0.8387096774193549,0.42626953125,0.8125,0.0,0.0,palm_length,26,0,0,True,True,True,True,True
val/WOMAN/9406861876656205-WOMAN.v17.npz,data/local/citizen100_v17/raw/val/WOMAN/9406861876656205-WOMAN.mp4,val,WOMAN,landscape,640,480,57,30,0.9096901249999974,0.45614035087719296,0.8666666666666667,0.436767578125,0.84375,0.7734375,0.8333333333333334,shoulder_width,26,0,0,True,True,True,True,True
val/WORK/4328643376522927-WORK.v17.npz,data/local/citizen100_v17/raw/val/WORK/4328643376522927-WORK.mp4,val,WORK,landscape,640,480,96,35,1.5989270829999782,0.3229166666666667,0.8857142857142857,0.728515625,0.71875,0.71875,0.7142857142857143,shoulder_width,21,31,0,True,True,True,True,True
val/WORK/6072418103340411-WORK.v17.npz,data/local/citizen100_v17/raw/val/WORK/6072418103340411-WORK.mp4,val,WORK,landscape,640,480,79,52,1.6529337499999883,0.6075949367088608,0.9230769230769231,0.818359375,0.9375,0.0,0.0,palm_length,38,48,0,True,True,True,True,True
val/WORK/8290350631082379-WORK.v17.npz,data/local/citizen100_v17/raw/val/WORK/8290350631082379-WORK.mp4,val,WORK,landscape,640,480,56,37,1.6785244579999699,0.5714285714285714,0.8648648648648649,0.734375,0.6875,0.3046875,0.4594594594594595,shoulder_width,25,32,0,True,True,True,True,True
val/WRITE/4950540994948227-WRITE.v17.npz,data/local/citizen100_v17/raw/val/WRITE/4950540994948227-WRITE.mp4,val,WRITE,landscape,640,480,96,48,1.9262378749999698,0.4479166666666667,0.8958333333333334,0.8037109375,0.84375,0.84375,0.8541666666666666,shoulder_width,37,43,0,True,True,True,True,True
val/WRITE/8379501891533077-WRITE.v17.npz,data/local/citizen100_v17/raw/val/WRITE/8379501891533077-WRITE.mp4,val,WRITE,landscape,640,480,67,42,1.126937708000014,0.5671641791044776,0.9047619047619048,0.84912109375,0.78125,0.5859375,0.7857142857142857,shoulder_width,35,34,0,True,True,True,True,True
val/WRITE/9207650208931104-WRITE.v17.npz,data/local/citizen100_v17/raw/val/WRITE/9207650208931104-WRITE.mp4,val,WRITE,landscape,640,480,61,36,0.8797483339999985,0.5245901639344263,0.8888888888888888,0.787109375,0.71875,0.0703125,0.0,palm_length,27,32,0,True,True,True,True,True
val/YEAR/15494923443405972-YEAR.v17.npz,data/local/citizen100_v17/raw/val/YEAR/15494923443405972-YEAR.mp4,val,YEAR,landscape,640,480,41,31,0.745992082999976,0.6585365853658537,0.8709677419354839,0.7822265625,0.8125,0.0,0.0,palm_length,23,27,0,True,True,True,True,True
val/YEAR/17164656138899548-YEAR.v17.npz,data/local/citizen100_v17/raw/val/YEAR/17164656138899548-YEAR.mp4,val,YEAR,landscape,640,480,96,36,1.627729166999984,0.3333333333333333,0.8888888888888888,0.740234375,0.71875,0.234375,0.4722222222222222,shoulder_width,22,29,0,True,True,True,True,True
val/YEAR/6405197733008756-YEAR.v17.npz,data/local/citizen100_v17/raw/val/YEAR/6405197733008756-YEAR.mp4,val,YEAR,landscape,640,480,57,42,0.9815703749999898,0.6666666666666666,0.9047619047619048,0.771484375,0.78125,0.359375,0.5952380952380952,shoulder_width,34,28,0,True,True,True,True,True
val/YEAR/8484341141711933-YEAR.v17.npz,data/local/citizen100_v17/raw/val/YEAR/8484341141711933-YEAR.mp4,val,YEAR,landscape,640,480,56,37,0.8647726659999648,0.5892857142857143,0.8918918918918919,0.7841796875,0.6875,0.4609375,0.6756756756756757,shoulder_width,24,31,0,True,True,True,True,True
val/YES/26056519285644875-YES.v17.npz,data/local/citizen100_v17/raw/val/YES/26056519285644875-YES.mp4,val,YES,landscape,640,480,96,39,1.10130187499999,0.3645833333333333,0.8974358974358975,0.421875,0.84375,0.53125,0.8461538461538461,shoulder_width,0,35,0,True,True,True,True,True
val/YES/42327270691916885-YES.v17.npz,data/local/citizen100_v17/raw/val/YES/42327270691916885-YES.mp4,val,YES,landscape,640,480,96,41,1.5561775000000466,0.3541666666666667,0.8292682926829268,0.369140625,0.78125,0.4453125,0.6097560975609756,shoulder_width,0,34,0,True,True,True,True,True
val/YES/8977694836593926-YES.v17.npz,data/local/citizen100_v17/raw/val/YES/8977694836593926-YES.mp4,val,YES,landscape,640,480,64,36,1.0562377919999903,0.5,0.8888888888888888,0.425537109375,0.71875,0.0,0.0,palm_length,0,32,0,True,True,True,True,True
val/YES/9161842981344352-YES.v17.npz,data/local/citizen100_v17/raw/val/YES/9161842981344352-YES.mp4,val,YES,landscape,640,480,57,35,0.9496791249999887,0.543859649122807,0.8857142857142857,0.42919921875,0.71875,0.0,0.0,palm_length,31,0,0,True,True,True,True,True
val/YES/9715589334909431-YES.v17.npz,data/local/citizen100_v17/raw/val/YES/9715589334909431-YES.mp4,val,YES,landscape,640,480,47,33,0.5996051669999929,0.6170212765957447,0.8787878787878788,0.430908203125,0.75,0.5,0.5151515151515151,shoulder_width,29,0,0,True,True,True,True,True
val/YESTERDAY/004997545233198508-YESTERDAY.v17.npz,data/local/citizen100_v17/raw/val/YESTERDAY/004997545233198508-YESTERDAY.mp4,val,YESTERDAY,landscape,640,480,96,33,1.1438843750000274,0.3020833333333333,0.8787878787878788,0.40771484375,0.75,0.5703125,0.7575757575757576,shoulder_width,1,28,0,True,True,True,True,True
val/YESTERDAY/8919777181724133-YESTERDAY.v17.npz,data/local/citizen100_v17/raw/val/YESTERDAY/8919777181724133-YESTERDAY.mp4,val,YESTERDAY,landscape,640,480,83,39,1.0358274999999821,0.42168674698795183,0.8974358974358975,0.42041015625,0.84375,0.0234375,0.05128205128205128,shoulder_width,0,35,0,True,True,True,True,True
val/YESTERDAY/9929552869204215-YESTERDAY.v17.npz,data/local/citizen100_v17/raw/val/YESTERDAY/9929552869204215-YESTERDAY.mp4,val,YESTERDAY,landscape,640,480,64,40,0.8272026669999946,0.5625,0.9,0.421875,0.84375,0.0,0.0,palm_length,0,36,0,True,True,True,True,True
val/YOU/19643383002170656-YOU.v17.npz,data/local/citizen100_v17/raw/val/YOU/19643383002170656-YOU.mp4,val,YOU,landscape,640,480,42,28,0.6148314590000155,0.5714285714285714,0.8571428571428571,0.408447265625,0.90625,0.46875,0.6071428571428571,shoulder_width,24,0,0,True,True,True,True,True
val/YOU/298155207775465-YOU.v17.npz,data/local/citizen100_v17/raw/val/YOU/298155207775465-YOU.mp4,val,YOU,landscape,640,480,59,32,0.7373824590000027,0.4745762711864407,0.875,0.421142578125,0.78125,0.0,0.0,palm_length,0,28,0,True,True,True,True,True
val/YOU/35038040842137197-YOU.v17.npz,data/local/citizen100_v17/raw/val/YOU/35038040842137197-YOU.mp4,val,YOU,landscape,640,480,96,33,0.9613695829999642,0.2708333333333333,0.7878787878787878,0.406982421875,0.75,0.5625,0.7575757575757576,shoulder_width,0,26,0,True,True,True,True,True
val/YOU/6229294436435182-YOU.v17.npz,data/local/citizen100_v17/raw/val/YOU/6229294436435182-YOU.mp4,val,YOU,landscape,640,480,56,32,0.6289817499999799,0.4642857142857143,0.8125,0.394287109375,0.78125,0.140625,0.03125,shoulder_width,26,0,0,True,True,True,True,True
val/YOUR/15592377033295812-YOUR.v17.npz,data/local/citizen100_v17/raw/val/YOUR/15592377033295812-YOUR.mp4,val,YOUR,landscape,640,480,66,31,0.8097878749999836,0.4090909090909091,0.8709677419354839,0.416015625,0.8125,0.296875,0.06451612903225806,shoulder_width,0,27,0,True,True,True,True,True
val/YOUR/16110924695348516-YOUR.v17.npz,data/local/citizen100_v17/raw/val/YOUR/16110924695348516-YOUR.mp4,val,YOUR,landscape,640,480,94,60,1.0542092079999748,0.3829787234042553,0.6,0.2841796875,0.8125,0.6484375,0.8166666666666667,shoulder_width,34,2,0,True,True,True,True,True
val/YOUR/2596986287783567-YOUR.v17.npz,data/local/citizen100_v17/raw/val/YOUR/2596986287783567-YOUR.mp4,val,YOUR,landscape,640,480,57,32,0.8474671660000013,0.49122807017543857,0.875,0.422607421875,0.78125,0.3984375,0.78125,shoulder_width,0,28,0,True,True,True,True,True
val/YOUR/7464906167030079-YOUR.v17.npz,data/local/citizen100_v17/raw/val/YOUR/7464906167030079-YOUR.mp4,val,YOUR,landscape,640,480,96,53,1.0562378329999547,0.23958333333333334,0.4339622641509434,0.20166015625,0.90625,0.5625,0.7735849056603774,shoulder_width,0,23,0,True,True,True,True,True
