feature_path,raw_path,true_label,citizen_raw_gloss,citizen_asl_lex_code,lexical_tier,source_kind,quality_score,predicted_label,top5_labels,top1_hit,top5_hit,true_probability,training_approved
data/local/local_citizen100_quality_audit_q82_cap7/landmarks/ANGRY/20281937.v17.npz,data/raw_videos/ASL VIDEOS/ANGRY/20281937.mp4,ANGRY,ANGRY,B_01_070,canonical_and_pinned_raw_text_equal,local_hex_unknown_session,0.9118728185150787,EXCITED,EXCITED|TIRED|LIKE|SIGN|FEEL,False,False,0.025469394400715828,False
data/local/local_citizen100_quality_audit_q82_cap7/landmarks/ANGRY/57b93b85.v17.npz,data/raw_videos/ASL VIDEOS/ANGRY/57b93b85.mp4,ANGRY,ANGRY,B_01_070,canonical_and_pinned_raw_text_equal,local_hex_unknown_session,0.8530952788051313,LIKE,LIKE|SEE|WHEN|WANT|EXCITED,False,False,0.03714500740170479,False
data/local/local_citizen100_quality_audit_q82_cap7/landmarks/ANGRY/766ebe9e.v17.npz,data/raw_videos/ASL VIDEOS/ANGRY/766ebe9e.mp4,ANGRY,ANGRY,B_01_070,canonical_and_pinned_raw_text_equal,local_hex_unknown_session,0.8651218761221093,ANGRY,ANGRY|EXCITED|HAPPY|EASY|SIGN,True,True,0.9530770778656006,False
data/local/local_citizen100_quality_audit_q82_cap7/landmarks/ANGRY/8b3d2736.v17.npz,data/raw_videos/ASL VIDEOS/ANGRY/8b3d2736.mp4,ANGRY,ANGRY,B_01_070,canonical_and_pinned_raw_text_equal,local_hex_unknown_session,0.9441566395928603,ANGRY,ANGRY|HAVE|EASY|SIGN|HAPPY,True,True,0.7423802018165588,False
data/local/local_citizen100_quality_audit_q82_cap7/landmarks/ANGRY/ANGRY_10.v17.npz,data/raw_videos/ASL VIDEOS/ANGRY/ANGRY_10.mp4,ANGRY,ANGRY,B_01_070,canonical_and_pinned_raw_text_equal,local_numbered_single_session,0.9998411428569298,ANGRY,ANGRY|HAPPY|EASY|HAVE|EXCITED,True,True,0.8393535614013672,False
data/local/local_citizen100_quality_audit_q82_cap7/landmarks/ANGRY/ae38897b.v17.npz,data/raw_videos/ASL VIDEOS/ANGRY/ae38897b.mp4,ANGRY,ANGRY,B_01_070,canonical_and_pinned_raw_text_equal,local_hex_unknown_session,0.8960129553978473,LIKE,LIKE|EXCITED|ANGRY|SIGN|EASY,False,True,0.06410622596740723,False
data/local/local_citizen100_quality_audit_q82_cap7/landmarks/ANGRY/afd85bf7.v17.npz,data/raw_videos/ASL VIDEOS/ANGRY/afd85bf7.mp4,ANGRY,ANGRY,B_01_070,canonical_and_pinned_raw_text_equal,local_hex_unknown_session,0.8946167200052062,WHEN,WHEN|HOW|TIRED|EXCITED|WAIT,False,False,0.0516650415956974,False
data/local/local_citizen100_quality_audit_q82_cap7/landmarks/ANSWER/0c235bab.v17.npz,data/raw_videos/ASL VIDEOS/ANSWER/0c235bab.mp4,ANSWER,ANSWER,E_03_065,canonical_and_pinned_raw_text_equal,local_hex_unknown_session,0.9252692915902043,DIFFERENT,DIFFERENT|LANGUAGE|WHEN|GO|BIG,False,False,0.008591771125793457,False
data/local/local_citizen100_quality_audit_q82_cap7/landmarks/ANSWER/3348d5f1.v17.npz,data/raw_videos/ASL VIDEOS/ANSWER/3348d5f1.mp4,ANSWER,ANSWER,E_03_065,canonical_and_pinned_raw_text_equal,local_hex_unknown_session,0.9083069889119042,WHEN,WHEN|WEEK|ANSWER|SEE|FAMILY,False,True,0.04337149113416672,False
data/local/local_citizen100_quality_audit_q82_cap7/landmarks/ANSWER/8a965e49.v17.npz,data/raw_videos/ASL VIDEOS/ANSWER/8a965e49.mp4,ANSWER,ANSWER,E_03_065,canonical_and_pinned_raw_text_equal,local_hex_unknown_session,0.9089193767673975,GO,GO|ANSWER|WHEN|FAMILY|DIFFERENT,False,True,0.25163453817367554,False
data/local/local_citizen100_quality_audit_q82_cap7/landmarks/ANSWER/ANSWER_12.v17.npz,data/raw_videos/ASL VIDEOS/ANSWER/ANSWER_12.mp4,ANSWER,ANSWER,E_03_065,canonical_and_pinned_raw_text_equal,local_numbered_single_session,0.993234977108659,ANSWER,ANSWER|GO|WHEN|SIGN|FRIEND,True,True,0.6648557782173157,False
data/local/local_citizen100_quality_audit_q82_cap7/landmarks/ANSWER/cb0377be.v17.npz,data/raw_videos/ASL VIDEOS/ANSWER/cb0377be.mp4,ANSWER,ANSWER,E_03_065,canonical_and_pinned_raw_text_equal,local_hex_unknown_session,0.8621098253597632,ANSWER,ANSWER|GO|FAMILY|READ|DIFFERENT,True,True,0.4535384476184845,False
data/local/local_citizen100_quality_audit_q82_cap7/landmarks/ANSWER/df4bcc27.v17.npz,data/raw_videos/ASL VIDEOS/ANSWER/df4bcc27.mp4,ANSWER,ANSWER,E_03_065,canonical_and_pinned_raw_text_equal,local_hex_unknown_session,0.9729744810006118,WEEK,WEEK|WHEN|ANSWER|FRIEND|FAMILY,False,True,0.04367496818304062,False
data/local/local_citizen100_quality_audit_q82_cap7/landmarks/ANSWER/f82d23cc.v17.npz,data/raw_videos/ASL VIDEOS/ANSWER/f82d23cc.mp4,ANSWER,ANSWER,E_03_065,canonical_and_pinned_raw_text_equal,local_hex_unknown_session,0.9554372849774955,WHAT,WHAT|GO|ANSWER|SEE|LANGUAGE,False,True,0.06399441510438919,False
data/local/local_citizen100_quality_audit_q82_cap7/landmarks/ASK/427ef099.v17.npz,data/raw_videos/ASL VIDEOS/ASK/427ef099.mp4,ASK,ASK,B_02_023,canonical_and_pinned_raw_text_equal,local_hex_unknown_session,0.9046507847671834,NEED,NEED|YOU|HE|WHERE|ASK,False,True,0.009269574657082558,False
data/local/local_citizen100_quality_audit_q82_cap7/landmarks/ASK/655e9d8d.v17.npz,data/raw_videos/ASL VIDEOS/ASK/655e9d8d.mp4,ASK,ASK,B_02_023,canonical_and_pinned_raw_text_equal,local_hex_unknown_session,0.9198217360964551,ASK,ASK|YOU|THEY|NEED|ANSWER,True,True,0.6564342379570007,False
data/local/local_citizen100_quality_audit_q82_cap7/landmarks/ASK/8bac65fc.v17.npz,data/raw_videos/ASL VIDEOS/ASK/8bac65fc.mp4,ASK,ASK,B_02_023,canonical_and_pinned_raw_text_equal,local_hex_unknown_session,0.820837841529893,NEED,NEED|WHERE|ASK|GO|HE,False,True,0.09014479070901871,False
data/local/local_citizen100_quality_audit_q82_cap7/landmarks/ASK/986fbf9b.v17.npz,data/raw_videos/ASL VIDEOS/ASK/986fbf9b.mp4,ASK,ASK,B_02_023,canonical_and_pinned_raw_text_equal,local_hex_unknown_session,0.8250904786782394,WHERE,WHERE|ASK|GO|NEED|HE,False,True,0.278085321187973,False
data/local/local_citizen100_quality_audit_q82_cap7/landmarks/ASK/ASK_7.v17.npz,data/raw_videos/ASL VIDEOS/ASK/ASK_7.mp4,ASK,ASK,B_02_023,canonical_and_pinned_raw_text_equal,local_numbered_single_session,0.9875379637754687,NEED,NEED|WHERE|HE|ASK|YOU,False,True,0.01550204586237669,False
data/local/local_citizen100_quality_audit_q82_cap7/landmarks/ASK/b248cd56.v17.npz,data/raw_videos/ASL VIDEOS/ASK/b248cd56.mp4,ASK,ASK,B_02_023,canonical_and_pinned_raw_text_equal,local_hex_unknown_session,0.9626698350907016,NEED,NEED|YOU|THINK|TELL|I,False,False,0.016724716871976852,False
data/local/local_citizen100_quality_audit_q82_cap7/landmarks/ASK/bbc3f389.v17.npz,data/raw_videos/ASL VIDEOS/ASK/bbc3f389.mp4,ASK,ASK,B_02_023,canonical_and_pinned_raw_text_equal,local_hex_unknown_session,0.8840063380188635,WHERE,WHERE|HE|NEED|YOU|I,False,False,0.0034646308049559593,False
data/local/local_citizen100_quality_audit_q82_cap7/landmarks/BAD/419cf875.v17.npz,data/raw_videos/ASL VIDEOS/BAD/419cf875.mp4,BAD,BAD,B_02_082,canonical_and_pinned_raw_text_equal,local_hex_unknown_session,0.9298739746495899,BAD,BAD|THANKYOU|GIVE|WHY|HELLO,True,True,0.6467961072921753,False
data/local/local_citizen100_quality_audit_q82_cap7/landmarks/BAD/56153e3d.v17.npz,data/raw_videos/ASL VIDEOS/BAD/56153e3d.mp4,BAD,BAD,B_02_082,canonical_and_pinned_raw_text_equal,local_hex_unknown_session,0.8246381718028993,BAD,BAD|HOT|THANKYOU|GOOD|GIVE,True,True,0.5453997850418091,False
data/local/local_citizen100_quality_audit_q82_cap7/landmarks/BAD/625b8bf5.v17.npz,data/raw_videos/ASL VIDEOS/BAD/625b8bf5.mp4,BAD,BAD,B_02_082,canonical_and_pinned_raw_text_equal,local_hex_unknown_session,0.8734707953006615,THANKYOU,THANKYOU|BAD|GOOD|HOT|HAPPY,False,True,0.24557125568389893,False
data/local/local_citizen100_quality_audit_q82_cap7/landmarks/BAD/7e4e25c1.v17.npz,data/raw_videos/ASL VIDEOS/BAD/7e4e25c1.mp4,BAD,BAD,B_02_082,canonical_and_pinned_raw_text_equal,local_hex_unknown_session,0.9261169323828972,BAD,BAD|LESS|HOME|DRINK|GOODBYE,True,True,0.38381510972976685,False
data/local/local_citizen100_quality_audit_q82_cap7/landmarks/BAD/9e855da3.v17.npz,data/raw_videos/ASL VIDEOS/BAD/9e855da3.mp4,BAD,BAD,B_02_082,canonical_and_pinned_raw_text_equal,local_hex_unknown_session,0.9242597646753037,BAD,BAD|LESS|COME|GOODBYE|GIVE,True,True,0.9545692801475525,False
data/local/local_citizen100_quality_audit_q82_cap7/landmarks/BAD/BAD_3.v17.npz,data/raw_videos/ASL VIDEOS/BAD/BAD_3.mp4,BAD,BAD,B_02_082,canonical_and_pinned_raw_text_equal,local_numbered_single_session,0.9817596780122748,THANKYOU,THANKYOU|BAD|GOOD|WHY|EAT,False,True,0.3244231939315796,False
data/local/local_citizen100_quality_audit_q82_cap7/landmarks/BAD/a1b7f671.v17.npz,data/raw_videos/ASL VIDEOS/BAD/a1b7f671.mp4,BAD,BAD,B_02_082,canonical_and_pinned_raw_text_equal,local_hex_unknown_session,0.9281382941327893,LESS,LESS|BAD|HOME|GOODBYE|WOMAN,False,True,0.05905458703637123,False
data/local/local_citizen100_quality_audit_q82_cap7/landmarks/BIG/05d22988.v17.npz,data/raw_videos/ASL VIDEOS/BIG/05d22988.mp4,BIG,BIG,F_02_054,canonical_and_pinned_raw_text_equal,local_hex_unknown_session,0.8681528489204264,LANGUAGE,LANGUAGE|TRY|WRITE|SAME|BIG,False,True,0.0615997314453125,False
data/local/local_citizen100_quality_audit_q82_cap7/landmarks/BIG/541aa662.v17.npz,data/raw_videos/ASL VIDEOS/BIG/541aa662.mp4,BIG,BIG,F_02_054,canonical_and_pinned_raw_text_equal,local_hex_unknown_session,0.9256728429529744,SMALL,SMALL|HELLO|WANT|TALK|YOUR,False,False,0.002377580851316452,False
data/local/local_citizen100_quality_audit_q82_cap7/landmarks/BIG/BIG_17.v17.npz,data/raw_videos/ASL VIDEOS/BIG/BIG_17.mp4,BIG,BIG,F_02_054,canonical_and_pinned_raw_text_equal,local_numbered_single_session,0.9568685223907152,LANGUAGE,LANGUAGE|BIG|HELLO|IMPORTANT|TRY,False,True,0.14282910525798798,False
data/local/local_citizen100_quality_audit_q82_cap7/landmarks/BIG/b838f128.v17.npz,data/raw_videos/ASL VIDEOS/BIG/b838f128.mp4,BIG,BIG,F_02_054,canonical_and_pinned_raw_text_equal,local_hex_unknown_session,0.9714278439574844,LANGUAGE,LANGUAGE|BIG|DIFFERENT|WHEN|OUR,False,True,0.17169448733329773,False
data/local/local_citizen100_quality_audit_q82_cap7/landmarks/BIG/d868afd3.v17.npz,data/raw_videos/ASL VIDEOS/BIG/d868afd3.mp4,BIG,BIG,F_02_054,canonical_and_pinned_raw_text_equal,local_hex_unknown_session,0.8927970753457519,DOCTOR,DOCTOR|SMALL|MAYBE|BAD|EASY,False,False,0.000816471641883254,False
data/local/local_citizen100_quality_audit_q82_cap7/landmarks/BIG/dae4325c.v17.npz,data/raw_videos/ASL VIDEOS/BIG/dae4325c.mp4,BIG,BIG,F_02_054,canonical_and_pinned_raw_text_equal,local_hex_unknown_session,0.848987954010594,LANGUAGE,LANGUAGE|READY|IMPORTANT|WHAT|BIG,False,True,0.01952197216451168,False
data/local/local_citizen100_quality_audit_q82_cap7/landmarks/BIG/ecb0b1fa.v17.npz,data/raw_videos/ASL VIDEOS/BIG/ecb0b1fa.mp4,BIG,BIG,F_02_054,canonical_and_pinned_raw_text_equal,local_hex_unknown_session,0.9864761602449401,BIG,BIG|LANGUAGE|TRY|GO|DIFFERENT,True,True,0.8504573106765747,False
data/local/local_citizen100_quality_audit_q82_cap7/landmarks/CHILD/0cf98949.v17.npz,data/raw_videos/ASL VIDEOS/CHILD/0cf98949.mp4,CHILD,CHILD,F_03_101,canonical_and_pinned_raw_text_equal,local_hex_unknown_session,0.9993830929221674,HAPPY,HAPPY|MY|PLEASE|LIKE|BAD,False,False,0.009023617953062057,False
data/local/local_citizen100_quality_audit_q82_cap7/landmarks/CHILD/1e96e6bf.v17.npz,data/raw_videos/ASL VIDEOS/CHILD/1e96e6bf.mp4,CHILD,CHILD,F_03_101,canonical_and_pinned_raw_text_equal,local_hex_unknown_session,0.8786106416798294,CHILD,CHILD|GOODBYE|WHY|BAD|LESS,True,True,0.9036803245544434,False
data/local/local_citizen100_quality_audit_q82_cap7/landmarks/CHILD/79b5732f.v17.npz,data/raw_videos/ASL VIDEOS/CHILD/79b5732f.mp4,CHILD,CHILD,F_03_101,canonical_and_pinned_raw_text_equal,local_hex_unknown_session,0.8737508362513241,FIND,FIND|HELLO|DRINK|HEAR|GOODBYE,False,False,0.001233902177773416,False
data/local/local_citizen100_quality_audit_q82_cap7/landmarks/CHILD/82b33256.v17.npz,data/raw_videos/ASL VIDEOS/CHILD/82b33256.mp4,CHILD,CHILD,F_03_101,canonical_and_pinned_raw_text_equal,local_hex_unknown_session,0.8441195334130788,CHILD,CHILD|YES|WHY|COME|GIVE,True,True,0.8875049352645874,False
data/local/local_citizen100_quality_audit_q82_cap7/landmarks/CHILD/8b99626e.v17.npz,data/raw_videos/ASL VIDEOS/CHILD/8b99626e.mp4,CHILD,CHILD,F_03_101,canonical_and_pinned_raw_text_equal,local_hex_unknown_session,0.9519537548463712,CHILD,CHILD|GOODBYE|MAYBE|BAD|WHY,True,True,0.6095760464668274,False
data/local/local_citizen100_quality_audit_q82_cap7/landmarks/CHILD/90c944c7.v17.npz,data/raw_videos/ASL VIDEOS/CHILD/90c944c7.mp4,CHILD,CHILD,F_03_101,canonical_and_pinned_raw_text_equal,local_hex_unknown_session,0.8457929721614201,CHILD,CHILD|YES|GOODBYE|NEED|WHY,True,True,0.9240577220916748,False
data/local/local_citizen100_quality_audit_q82_cap7/landmarks/CHILD/dd82cd4b.v17.npz,data/raw_videos/ASL VIDEOS/CHILD/dd82cd4b.mp4,CHILD,CHILD,F_03_101,canonical_and_pinned_raw_text_equal,local_hex_unknown_session,0.9304551251882176,FIND,FIND|YES|CHILD|GIVE|NEED,False,True,0.0616595521569252,False
data/local/local_citizen100_quality_audit_q82_cap7/landmarks/COLD/08ba23fd.v17.npz,data/raw_videos/ASL VIDEOS/COLD/08ba23fd.mp4,COLD,COLD,C_02_068,canonical_and_pinned_raw_text_equal,local_hex_unknown_session,0.9578337188879845,COLD,COLD|TIRED|HOW|TRY|FRIEND,True,True,0.34183269739151,False
data/local/local_citizen100_quality_audit_q82_cap7/landmarks/COLD/373f88c2.v17.npz,data/raw_videos/ASL VIDEOS/COLD/373f88c2.mp4,COLD,COLD,C_02_068,canonical_and_pinned_raw_text_equal,local_hex_unknown_session,0.916704142773521,HAVE,HAVE|COLD|TRY|SIGN|BIG,False,True,0.17206735908985138,False
data/local/local_citizen100_quality_audit_q82_cap7/landmarks/COLD/67974f89.v17.npz,data/raw_videos/ASL VIDEOS/COLD/67974f89.mp4,COLD,COLD,C_02_068,canonical_and_pinned_raw_text_equal,local_hex_unknown_session,0.8357546272942393,MAKE,MAKE|TIRED|HAVE|TRY|I,False,False,0.03416174650192261,False
data/local/local_citizen100_quality_audit_q82_cap7/landmarks/COLD/69616c2e.v17.npz,data/raw_videos/ASL VIDEOS/COLD/69616c2e.mp4,COLD,COLD,C_02_068,canonical_and_pinned_raw_text_equal,local_hex_unknown_session,0.9771997839360775,COLD,COLD|HOW|TRY|UNDERSTAND|SMALL,True,True,0.34971553087234497,False
data/local/local_citizen100_quality_audit_q82_cap7/landmarks/COLD/6a7a8c2d.v17.npz,data/raw_videos/ASL VIDEOS/COLD/6a7a8c2d.mp4,COLD,COLD,C_02_068,canonical_and_pinned_raw_text_equal,local_hex_unknown_session,0.8758642167062323,COLD,COLD|BIG|TRY|SIGN|GO,True,True,0.8769056797027588,False
data/local/local_citizen100_quality_audit_q82_cap7/landmarks/COLD/COLD_5.v17.npz,data/raw_videos/ASL VIDEOS/COLD/COLD_5.mp4,COLD,COLD,C_02_068,canonical_and_pinned_raw_text_equal,local_numbered_single_session,0.994555587262844,COLD,COLD|CHILD|TRY|GO|NOW,True,True,0.6287088394165039,False
data/local/local_citizen100_quality_audit_q82_cap7/landmarks/COLD/f67c76d0.v17.npz,data/raw_videos/ASL VIDEOS/COLD/f67c76d0.mp4,COLD,COLD,C_02_068,canonical_and_pinned_raw_text_equal,local_hex_unknown_session,0.8976376787908568,COLD,COLD|HAVE|MAKE|TIRED|TRY,True,True,0.5320907831192017,False
data/local/local_citizen100_quality_audit_q82_cap7/landmarks/COME/1f8fe617.v17.npz,data/raw_videos/ASL VIDEOS/COME/1f8fe617.mp4,COME,COME,C_03_074,canonical_and_pinned_raw_text_equal,local_hex_unknown_session,0.9401529221266445,WHAT,WHAT|UNDERSTAND|WHEN|GO|SEE,False,False,0.002959136851131916,False
data/local/local_citizen100_quality_audit_q82_cap7/landmarks/COME/448df122.v17.npz,data/raw_videos/ASL VIDEOS/COME/448df122.mp4,COME,COME,C_03_074,canonical_and_pinned_raw_text_equal,local_hex_unknown_session,0.9298668341773835,NEED,NEED|ASK|THINK|WE|DAY,False,False,0.004853257443755865,False
data/local/local_citizen100_quality_audit_q82_cap7/landmarks/COME/483111a8.v17.npz,data/raw_videos/ASL VIDEOS/COME/483111a8.mp4,COME,COME,C_03_074,canonical_and_pinned_raw_text_equal,local_hex_unknown_session,0.931091145609849,NEED,NEED|WE|I|WHERE|YOU,False,False,0.001087250537239015,False
data/local/local_citizen100_quality_audit_q82_cap7/landmarks/COME/59977557.v17.npz,data/raw_videos/ASL VIDEOS/COME/59977557.mp4,COME,COME,C_03_074,canonical_and_pinned_raw_text_equal,local_hex_unknown_session,0.8428818120493465,HAVE,HAVE|HOW|NOW|TIRED|MAKE,False,False,0.0023679938167333603,False
data/local/local_citizen100_quality_audit_q82_cap7/landmarks/COME/70652b57.v17.npz,data/raw_videos/ASL VIDEOS/COME/70652b57.mp4,COME,COME,C_03_074,canonical_and_pinned_raw_text_equal,local_hex_unknown_session,0.905194579673642,TELL,TELL|TIRED|I|UNDERSTAND|SIGN,False,False,0.0013809684896841645,False
data/local/local_citizen100_quality_audit_q82_cap7/landmarks/COME/987df0fa.v17.npz,data/raw_videos/ASL VIDEOS/COME/987df0fa.mp4,COME,COME,C_03_074,canonical_and_pinned_raw_text_equal,local_hex_unknown_session,0.8227223428206107,WE,WE|YES|NEED|TAKE|COME,False,True,0.04449839890003204,False
data/local/local_citizen100_quality_audit_q82_cap7/landmarks/COME/COME_21.v17.npz,data/raw_videos/ASL VIDEOS/COME/COME_21.mp4,COME,COME,C_03_074,canonical_and_pinned_raw_text_equal,local_numbered_single_session,0.9867456513081225,HE,HE|WHERE|NEED|I|TELL,False,False,0.00048766235704533756,False
data/local/local_citizen100_quality_audit_q82_cap7/landmarks/DAY/0bc64a63.v17.npz,data/raw_videos/ASL VIDEOS/DAY/0bc64a63.mp4,DAY,DAY,C_01_044,canonical_and_pinned_raw_text_equal,local_hex_unknown_session,0.8641313029739293,DAY,DAY|MORNING|USE|THINK|YEAR,True,True,0.8668546676635742,False
data/local/local_citizen100_quality_audit_q82_cap7/landmarks/DAY/37c6ea78.v17.npz,data/raw_videos/ASL VIDEOS/DAY/37c6ea78.mp4,DAY,DAY,C_01_044,canonical_and_pinned_raw_text_equal,local_hex_unknown_session,0.9633568582957042,DAY,DAY|HOSPITAL|USE|MORNING|WEEK,True,True,0.5397496223449707,False
data/local/local_citizen100_quality_audit_q82_cap7/landmarks/DAY/43c37bcb.v17.npz,data/raw_videos/ASL VIDEOS/DAY/43c37bcb.mp4,DAY,DAY,C_01_044,canonical_and_pinned_raw_text_equal,local_hex_unknown_session,0.8262195275823484,DAY,DAY|MAN|THINK|ASK|FRIEND,True,True,0.9668280482292175,False
data/local/local_citizen100_quality_audit_q82_cap7/landmarks/DAY/7314a8e3.v17.npz,data/raw_videos/ASL VIDEOS/DAY/7314a8e3.mp4,DAY,DAY,C_01_044,canonical_and_pinned_raw_text_equal,local_hex_unknown_session,0.8974173770753409,DAY,DAY|MORNING|MAN|USE|HOSPITAL,True,True,0.9507386088371277,False
data/local/local_citizen100_quality_audit_q82_cap7/landmarks/DAY/DAY_15.v17.npz,data/raw_videos/ASL VIDEOS/DAY/DAY_15.mp4,DAY,DAY,C_01_044,canonical_and_pinned_raw_text_equal,local_numbered_single_session,0.9051842664356087,DAY,DAY|MORNING|LOVE|USE|YEAR,True,True,0.9200571179389954,False
data/local/local_citizen100_quality_audit_q82_cap7/landmarks/DAY/abe26bfb.v17.npz,data/raw_videos/ASL VIDEOS/DAY/abe26bfb.mp4,DAY,DAY,C_01_044,canonical_and_pinned_raw_text_equal,local_hex_unknown_session,0.9837044301211676,HOSPITAL,HOSPITAL|DAY|LOVE|USE|WE,False,True,0.06832747906446457,False
data/local/local_citizen100_quality_audit_q82_cap7/landmarks/DAY/d5c08cc6.v17.npz,data/raw_videos/ASL VIDEOS/DAY/d5c08cc6.mp4,DAY,DAY,C_01_044,canonical_and_pinned_raw_text_equal,local_hex_unknown_session,0.9761683416219882,DAY,DAY|MAN|MORNING|USE|HOSPITAL,True,True,0.9211022257804871,False
data/local/local_citizen100_quality_audit_q82_cap7/landmarks/DIFFERENT/770ba5db.v17.npz,data/raw_videos/ASL VIDEOS/DIFFERENT/770ba5db.mp4,DIFFERENT,DIFFERENT,E_03_095,canonical_and_pinned_raw_text_equal,local_hex_unknown_session,0.8733239205702652,DIFFERENT,DIFFERENT|WHEN|GO|WHERE|LANGUAGE,True,True,0.6292109489440918,False
data/local/local_citizen100_quality_audit_q82_cap7/landmarks/DIFFERENT/8b411fdb.v17.npz,data/raw_videos/ASL VIDEOS/DIFFERENT/8b411fdb.mp4,DIFFERENT,DIFFERENT,E_03_095,canonical_and_pinned_raw_text_equal,local_hex_unknown_session,0.9020101790617219,DIFFERENT,DIFFERENT|GO|WHEN|LANGUAGE|WHERE,True,True,0.895409107208252,False
data/local/local_citizen100_quality_audit_q82_cap7/landmarks/DIFFERENT/9380f745.v17.npz,data/raw_videos/ASL VIDEOS/DIFFERENT/9380f745.mp4,DIFFERENT,DIFFERENT,E_03_095,canonical_and_pinned_raw_text_equal,local_hex_unknown_session,0.886545525924842,DIFFERENT,DIFFERENT|LANGUAGE|WHEN|HE|THEY,True,True,0.702346682548523,False
data/local/local_citizen100_quality_audit_q82_cap7/landmarks/DIFFERENT/DIFFERENT_14.v17.npz,data/raw_videos/ASL VIDEOS/DIFFERENT/DIFFERENT_14.mp4,DIFFERENT,DIFFERENT,E_03_095,canonical_and_pinned_raw_text_equal,local_numbered_single_session,0.9987268707483408,DIFFERENT,DIFFERENT|WHEN|LANGUAGE|SIGN|GO,True,True,0.9414418935775757,False
data/local/local_citizen100_quality_audit_q82_cap7/landmarks/DIFFERENT/c14621ee.v17.npz,data/raw_videos/ASL VIDEOS/DIFFERENT/c14621ee.mp4,DIFFERENT,DIFFERENT,E_03_095,canonical_and_pinned_raw_text_equal,local_hex_unknown_session,0.8506225607420917,DIFFERENT,DIFFERENT|WHEN|HE|LANGUAGE|THEY,True,True,0.47055017948150635,False
data/local/local_citizen100_quality_audit_q82_cap7/landmarks/DIFFERENT/d8944599.v17.npz,data/raw_videos/ASL VIDEOS/DIFFERENT/d8944599.mp4,DIFFERENT,DIFFERENT,E_03_095,canonical_and_pinned_raw_text_equal,local_hex_unknown_session,0.9244454704686083,DIFFERENT,DIFFERENT|WHEN|LANGUAGE|WEEK|HE,True,True,0.8790806531906128,False
data/local/local_citizen100_quality_audit_q82_cap7/landmarks/DIFFERENT/e074a8d8.v17.npz,data/raw_videos/ASL VIDEOS/DIFFERENT/e074a8d8.mp4,DIFFERENT,DIFFERENT,E_03_095,canonical_and_pinned_raw_text_equal,local_hex_unknown_session,0.8882696087908128,DIFFERENT,DIFFERENT|LANGUAGE|WHEN|THEY|WEEK,True,True,0.5674142241477966,False
data/local/local_citizen100_quality_audit_q82_cap7/landmarks/DOCTOR/37d4d27d.v17.npz,data/raw_videos/ASL VIDEOS/DOCTOR/37d4d27d.mp4,DOCTOR,DOCTOR1,A_03_020,canonical_only_variant_review_required,local_hex_unknown_session,0.9223709403576277,DOCTOR,DOCTOR|TIME|TIRED|MAKE|YEAR,True,True,0.7533010840415955,False
data/local/local_citizen100_quality_audit_q82_cap7/landmarks/DOCTOR/438fd164.v17.npz,data/raw_videos/ASL VIDEOS/DOCTOR/438fd164.mp4,DOCTOR,DOCTOR1,A_03_020,canonical_only_variant_review_required,local_hex_unknown_session,0.946592189756864,NIGHT,NIGHT|DOCTOR|LEARN|LESS|YEAR,False,True,0.15694335103034973,False
data/local/local_citizen100_quality_audit_q82_cap7/landmarks/DOCTOR/7d5deda1.v17.npz,data/raw_videos/ASL VIDEOS/DOCTOR/7d5deda1.mp4,DOCTOR,DOCTOR1,A_03_020,canonical_only_variant_review_required,local_hex_unknown_session,0.8234892204346518,DOCTOR,DOCTOR|WRITE|PLEASE|SAME|TIRED,True,True,0.8717954754829407,False
data/local/local_citizen100_quality_audit_q82_cap7/landmarks/DOCTOR/89fe23a4.v17.npz,data/raw_videos/ASL VIDEOS/DOCTOR/89fe23a4.mp4,DOCTOR,DOCTOR1,A_03_020,canonical_only_variant_review_required,local_hex_unknown_session,0.9484482431218568,NIGHT,NIGHT|USE|HOSPITAL|SCHOOL|GOODBYE,False,False,0.0028108921833336353,False
data/local/local_citizen100_quality_audit_q82_cap7/landmarks/DOCTOR/b5c88701.v17.npz,data/raw_videos/ASL VIDEOS/DOCTOR/b5c88701.mp4,DOCTOR,DOCTOR1,A_03_020,canonical_only_variant_review_required,local_hex_unknown_session,0.9164807230996286,NIGHT,NIGHT|SCHOOL|OUR|DOCTOR|USE,False,True,0.046872422099113464,False
data/local/local_citizen100_quality_audit_q82_cap7/landmarks/DOCTOR/bea32059.v17.npz,data/raw_videos/ASL VIDEOS/DOCTOR/bea32059.mp4,DOCTOR,DOCTOR1,A_03_020,canonical_only_variant_review_required,local_hex_unknown_session,0.9091092620505423,DOCTOR,DOCTOR|LESS|SMALL|STOP|MORNING,True,True,0.8110858798027039,False
data/local/local_citizen100_quality_audit_q82_cap7/landmarks/DOCTOR/d800f49a.v17.npz,data/raw_videos/ASL VIDEOS/DOCTOR/d800f49a.mp4,DOCTOR,DOCTOR1,A_03_020,canonical_only_variant_review_required,local_hex_unknown_session,0.8910154557272825,SCHOOL,SCHOOL|MY|STOP|OUR|NIGHT,False,False,0.014072656631469727,False
data/local/local_citizen100_quality_audit_q82_cap7/landmarks/DRINK/1c517779.v17.npz,data/raw_videos/ASL VIDEOS/DRINK/1c517779.mp4,DRINK,DRINK1,B_02_012,canonical_only_variant_review_required,local_hex_unknown_session,0.8659062710836162,DRINK,DRINK|LEARN|HOME|FIND|MAN,True,True,0.4301644563674927,False
data/local/local_citizen100_quality_audit_q82_cap7/landmarks/DRINK/3b0ec1ea.v17.npz,data/raw_videos/ASL VIDEOS/DRINK/3b0ec1ea.mp4,DRINK,DRINK1,B_02_012,canonical_only_variant_review_required,local_hex_unknown_session,0.8285405939456637,MAN,MAN|HOSPITAL|FATHER|DRINK|LEARN,False,True,0.06638595461845398,False
data/local/local_citizen100_quality_audit_q82_cap7/landmarks/DRINK/50af0659.v17.npz,data/raw_videos/ASL VIDEOS/DRINK/50af0659.mp4,DRINK,DRINK1,B_02_012,canonical_only_variant_review_required,local_hex_unknown_session,0.9761105213962726,HEAR,HEAR|GOODBYE|YESTERDAY|HELLO|DRINK,False,True,0.010377052240073681,False
data/local/local_citizen100_quality_audit_q82_cap7/landmarks/DRINK/8eddb191.v17.npz,data/raw_videos/ASL VIDEOS/DRINK/8eddb191.mp4,DRINK,DRINK1,B_02_012,canonical_only_variant_review_required,local_hex_unknown_session,0.9301423338863746,DRINK,DRINK|YESTERDAY|HEAR|HOME|HELLO,True,True,0.26012733578681946,False
data/local/local_citizen100_quality_audit_q82_cap7/landmarks/DRINK/8f13b6d9.v17.npz,data/raw_videos/ASL VIDEOS/DRINK/8f13b6d9.mp4,DRINK,DRINK1,B_02_012,canonical_only_variant_review_required,local_hex_unknown_session,0.9353397652535811,DRINK,DRINK|HOME|HELLO|HEAR|YESTERDAY,True,True,0.5314322710037231,False
data/local/local_citizen100_quality_audit_q82_cap7/landmarks/DRINK/90f1906c.v17.npz,data/raw_videos/ASL VIDEOS/DRINK/90f1906c.mp4,DRINK,DRINK1,B_02_012,canonical_only_variant_review_required,local_hex_unknown_session,0.9365521541375244,DRINK,DRINK|HOME|HEAR|YESTERDAY|HELLO,True,True,0.3415924608707428,False
data/local/local_citizen100_quality_audit_q82_cap7/landmarks/DRINK/DRINK_1.v17.npz,data/raw_videos/ASL VIDEOS/DRINK/DRINK_1.mp4,DRINK,DRINK1,B_02_012,canonical_only_variant_review_required,local_numbered_single_session,0.9993327926013864,DRINK,DRINK|HOME|BAD|MOTHER|WOMAN,True,True,0.9017764925956726,False
data/local/local_citizen100_quality_audit_q82_cap7/landmarks/EASY/06947210.v17.npz,data/raw_videos/ASL VIDEOS/EASY/06947210.mp4,EASY,EASY,D_01_070,canonical_and_pinned_raw_text_equal,local_hex_unknown_session,0.8858297125162613,EASY,EASY|WAIT|GOOD|STOP|MAYBE,True,True,0.9543655514717102,False
data/local/local_citizen100_quality_audit_q82_cap7/landmarks/EASY/39b1cfb4.v17.npz,data/raw_videos/ASL VIDEOS/EASY/39b1cfb4.mp4,EASY,EASY,D_01_070,canonical_and_pinned_raw_text_equal,local_hex_unknown_session,0.9218946034593649,EASY,EASY|DOCTOR|STOP|WAIT|MAYBE,True,True,0.6972545385360718,False
data/local/local_citizen100_quality_audit_q82_cap7/landmarks/EASY/6d9163ca.v17.npz,data/raw_videos/ASL VIDEOS/EASY/6d9163ca.mp4,EASY,EASY,D_01_070,canonical_and_pinned_raw_text_equal,local_hex_unknown_session,0.9921100451783709,EASY,EASY|HAPPY|EXCITED|WRITE|PLEASE,True,True,0.5424703359603882,False
data/local/local_citizen100_quality_audit_q82_cap7/landmarks/EASY/9b233c01.v17.npz,data/raw_videos/ASL VIDEOS/EASY/9b233c01.mp4,EASY,EASY,D_01_070,canonical_and_pinned_raw_text_equal,local_hex_unknown_session,0.8602576783485878,EASY,EASY|HAPPY|WRITE|EXCITED|SAD,True,True,0.7505244016647339,False
data/local/local_citizen100_quality_audit_q82_cap7/landmarks/EASY/EASY_1.v17.npz,data/raw_videos/ASL VIDEOS/EASY/EASY_1.mp4,EASY,EASY,D_01_070,canonical_and_pinned_raw_text_equal,local_numbered_single_session,0.8227455028345916,EASY,EASY|DOCTOR|STOP|WAIT|PLEASE,True,True,0.9580873847007751,False
data/local/local_citizen100_quality_audit_q82_cap7/landmarks/EASY/e9e96647.v17.npz,data/raw_videos/ASL VIDEOS/EASY/e9e96647.mp4,EASY,EASY,D_01_070,canonical_and_pinned_raw_text_equal,local_hex_unknown_session,0.9822593042638027,HAPPY,HAPPY|EASY|EXCITED|BAD|LEARN,False,True,0.14535728096961975,False
data/local/local_citizen100_quality_audit_q82_cap7/landmarks/EASY/f04c92a6.v17.npz,data/raw_videos/ASL VIDEOS/EASY/f04c92a6.mp4,EASY,EASY,D_01_070,canonical_and_pinned_raw_text_equal,local_hex_unknown_session,0.8480998051616896,EASY,EASY|MORNING|STOP|WAIT|DOCTOR,True,True,0.927665650844574,False
data/local/local_citizen100_quality_audit_q82_cap7/landmarks/EAT/398a774f.v17.npz,data/raw_videos/ASL VIDEOS/EAT/398a774f.mp4,EAT,EAT1,B_02_002,canonical_only_variant_review_required,local_hex_unknown_session,0.8805663918156043,HOME,HOME|GIVE|EAT|COME|KNOW,False,True,0.10480090975761414,False
data/local/local_citizen100_quality_audit_q82_cap7/landmarks/EAT/3b652a37.v17.npz,data/raw_videos/ASL VIDEOS/EAT/3b652a37.mp4,EAT,EAT1,B_02_002,canonical_only_variant_review_required,local_hex_unknown_session,0.8584214105737076,GIVE,GIVE|HOME|EAT|COME|MORNING,False,True,0.09587137401103973,False
data/local/local_citizen100_quality_audit_q82_cap7/landmarks/EAT/906eb8d6.v17.npz,data/raw_videos/ASL VIDEOS/EAT/906eb8d6.mp4,EAT,EAT1,B_02_002,canonical_only_variant_review_required,local_hex_unknown_session,0.8434274384947754,EAT,EAT|HOME|KNOW|GIVE|SLEEP,True,True,0.7725306749343872,False
data/local/local_citizen100_quality_audit_q82_cap7/landmarks/EAT/EAT_13.v17.npz,data/raw_videos/ASL VIDEOS/EAT/EAT_13.mp4,EAT,EAT1,B_02_002,canonical_only_variant_review_required,local_numbered_single_session,0.9998543608507853,EAT,EAT|HOME|GIVE|THANKYOU|WHY,True,True,0.5235908627510071,False
data/local/local_citizen100_quality_audit_q82_cap7/landmarks/EAT/b2979fc2.v17.npz,data/raw_videos/ASL VIDEOS/EAT/b2979fc2.mp4,EAT,EAT1,B_02_002,canonical_only_variant_review_required,local_hex_unknown_session,0.9325238915951839,EAT,EAT|HOME|GIVE|WHY|MORNING,True,True,0.2920926511287689,False
data/local/local_citizen100_quality_audit_q82_cap7/landmarks/EAT/d2145889.v17.npz,data/raw_videos/ASL VIDEOS/EAT/d2145889.mp4,EAT,EAT1,B_02_002,canonical_only_variant_review_required,local_hex_unknown_session,0.9365118872729926,EAT,EAT|HOME|SLEEP|GIVE|MORNING,True,True,0.5258218050003052,False
data/local/local_citizen100_quality_audit_q82_cap7/landmarks/EAT/e5dc3eef.v17.npz,data/raw_videos/ASL VIDEOS/EAT/e5dc3eef.mp4,EAT,EAT1,B_02_002,canonical_only_variant_review_required,local_hex_unknown_session,0.9356671818779014,HOME,HOME|GIVE|EAT|COME|BAD,False,True,0.05839937925338745,False
data/local/local_citizen100_quality_audit_q82_cap7/landmarks/EXCITED/20277f24.v17.npz,data/raw_videos/ASL VIDEOS/EXCITED/20277f24.mp4,EXCITED,EXCITED,H_01_102,canonical_and_pinned_raw_text_equal,local_hex_unknown_session,0.9726992188576478,EXCITED,EXCITED|WHAT|READ|LIKE|WANT,True,True,0.7103474736213684,False
data/local/local_citizen100_quality_audit_q82_cap7/landmarks/EXCITED/38e7404e.v17.npz,data/raw_videos/ASL VIDEOS/EXCITED/38e7404e.mp4,EXCITED,EXCITED,H_01_102,canonical_and_pinned_raw_text_equal,local_hex_unknown_session,0.9646956712671131,EXCITED,EXCITED|WHAT|WAIT|READ|WHEN,True,True,0.7427264451980591,False
data/local/local_citizen100_quality_audit_q82_cap7/landmarks/EXCITED/5f995760.v17.npz,data/raw_videos/ASL VIDEOS/EXCITED/5f995760.mp4,EXCITED,EXCITED,H_01_102,canonical_and_pinned_raw_text_equal,local_hex_unknown_session,0.9297494563593062,EXCITED,EXCITED|WHAT|WAIT|WANT|LIKE,True,True,0.6068755984306335,False
data/local/local_citizen100_quality_audit_q82_cap7/landmarks/EXCITED/6717093d.v17.npz,data/raw_videos/ASL VIDEOS/EXCITED/6717093d.mp4,EXCITED,EXCITED,H_01_102,canonical_and_pinned_raw_text_equal,local_hex_unknown_session,0.8745370443136754,EXCITED,EXCITED|WHAT|LANGUAGE|READ|BIG,True,True,0.29103219509124756,False
data/local/local_citizen100_quality_audit_q82_cap7/landmarks/EXCITED/7c38fbff.v17.npz,data/raw_videos/ASL VIDEOS/EXCITED/7c38fbff.mp4,EXCITED,EXCITED,H_01_102,canonical_and_pinned_raw_text_equal,local_hex_unknown_session,0.9201823201018464,EXCITED,EXCITED|WHAT|READ|WAIT|MAYBE,True,True,0.6907281875610352,False
data/local/local_citizen100_quality_audit_q82_cap7/landmarks/EXCITED/9d5bc2ca.v17.npz,data/raw_videos/ASL VIDEOS/EXCITED/9d5bc2ca.mp4,EXCITED,EXCITED,H_01_102,canonical_and_pinned_raw_text_equal,local_hex_unknown_session,0.8740537237914581,EXCITED,EXCITED|SICK|SIGN|ANGRY|FEEL,True,True,0.49843156337738037,False
data/local/local_citizen100_quality_audit_q82_cap7/landmarks/EXCITED/EXCITED_25.v17.npz,data/raw_videos/ASL VIDEOS/EXCITED/EXCITED_25.mp4,EXCITED,EXCITED,H_01_102,canonical_and_pinned_raw_text_equal,local_numbered_single_session,0.9926809647400789,EXCITED,EXCITED|WAIT|LANGUAGE|MAYBE|BIG,True,True,0.8241252899169922,False
data/local/local_citizen100_quality_audit_q82_cap7/landmarks/FAMILY/2dd686d5.v17.npz,data/raw_videos/ASL VIDEOS/FAMILY/2dd686d5.mp4,FAMILY,FAMILY,C_01_025,canonical_and_pinned_raw_text_equal,local_hex_unknown_session,0.8719857127408148,FAMILY,FAMILY|WANT|MAYBE|IMPORTANT|SMALL,True,True,0.8782913088798523,False
data/local/local_citizen100_quality_audit_q82_cap7/landmarks/FAMILY/3f00140b.v17.npz,data/raw_videos/ASL VIDEOS/FAMILY/3f00140b.mp4,FAMILY,FAMILY,C_01_025,canonical_and_pinned_raw_text_equal,local_hex_unknown_session,0.9450270193244364,FAMILY,FAMILY|WANT|SAD|SMALL|READ,True,True,0.9293325543403625,False
data/local/local_citizen100_quality_audit_q82_cap7/landmarks/FAMILY/FAMILY_1.v17.npz,data/raw_videos/ASL VIDEOS/FAMILY/FAMILY_1.mp4,FAMILY,FAMILY,C_01_025,canonical_and_pinned_raw_text_equal,local_numbered_single_session,0.9013587106780633,FAMILY,FAMILY|FIND|ANSWER|WHEN|IMPORTANT,True,True,0.9126964807510376,False
data/local/local_citizen100_quality_audit_q82_cap7/landmarks/FAMILY/b3eb7cf2.v17.npz,data/raw_videos/ASL VIDEOS/FAMILY/b3eb7cf2.mp4,FAMILY,FAMILY,C_01_025,canonical_and_pinned_raw_text_equal,local_hex_unknown_session,0.9843290570930238,FAMILY,FAMILY|WANT|IMPORTANT|YOUR|FIND,True,True,0.9195603132247925,False
data/local/local_citizen100_quality_audit_q82_cap7/landmarks/FAMILY/cc28268f.v17.npz,data/raw_videos/ASL VIDEOS/FAMILY/cc28268f.mp4,FAMILY,FAMILY,C_01_025,canonical_and_pinned_raw_text_equal,local_hex_unknown_session,0.9094883697646827,FAMILY,FAMILY|STOP|SCHOOL|WAIT|GIVE,True,True,0.355140745639801,False
data/local/local_citizen100_quality_audit_q82_cap7/landmarks/FAMILY/cfc5ba04.v17.npz,data/raw_videos/ASL VIDEOS/FAMILY/cfc5ba04.mp4,FAMILY,FAMILY,C_01_025,canonical_and_pinned_raw_text_equal,local_hex_unknown_session,0.9929007286128074,FAMILY,FAMILY|IMPORTANT|FIND|STOP|WANT,True,True,0.9191931486129761,False
data/local/local_citizen100_quality_audit_q82_cap7/landmarks/FAMILY/e0bae73b.v17.npz,data/raw_videos/ASL VIDEOS/FAMILY/e0bae73b.mp4,FAMILY,FAMILY,C_01_025,canonical_and_pinned_raw_text_equal,local_hex_unknown_session,0.8382792622774594,FAMILY,FAMILY|WANT|FATHER|IMPORTANT|SMALL,True,True,0.8614465594291687,False
data/local/local_citizen100_quality_audit_q82_cap7/landmarks/FATHER/15c4318a.v17.npz,data/raw_videos/ASL VIDEOS/FATHER/15c4318a.mp4,FATHER,FATHER,B_01_077,canonical_and_pinned_raw_text_equal,local_hex_unknown_session,0.9286327047349661,FATHER,FATHER|KNOW|HEAR|HELLO|HOSPITAL,True,True,0.9034589529037476,False
data/local/local_citizen100_quality_audit_q82_cap7/landmarks/FATHER/7d91602c.v17.npz,data/raw_videos/ASL VIDEOS/FATHER/7d91602c.mp4,FATHER,FATHER,B_01_077,canonical_and_pinned_raw_text_equal,local_hex_unknown_session,0.8512894607032525,HEAR,HEAR|FATHER|HELLO|WHY|LISTEN,False,True,0.1799982488155365,False
data/local/local_citizen100_quality_audit_q82_cap7/landmarks/FATHER/9a888450.v17.npz,data/raw_videos/ASL VIDEOS/FATHER/9a888450.mp4,FATHER,FATHER,B_01_077,canonical_and_pinned_raw_text_equal,local_hex_unknown_session,0.8326959594891021,FATHER,FATHER|HEAR|KNOW|LISTEN|THINK,True,True,0.9118050932884216,False
data/local/local_citizen100_quality_audit_q82_cap7/landmarks/FATHER/9d0b7a51.v17.npz,data/raw_videos/ASL VIDEOS/FATHER/9d0b7a51.mp4,FATHER,FATHER,B_01_077,canonical_and_pinned_raw_text_equal,local_hex_unknown_session,0.8458941560347285,FATHER,FATHER|HEAR|HELLO|KNOW|WHY,True,True,0.3947739899158478,False
data/local/local_citizen100_quality_audit_q82_cap7/landmarks/FATHER/bf504bcf.v17.npz,data/raw_videos/ASL VIDEOS/FATHER/bf504bcf.mp4,FATHER,FATHER,B_01_077,canonical_and_pinned_raw_text_equal,local_hex_unknown_session,0.9067505098544691,FATHER,FATHER|SICK|HELLO|HEAR|HOSPITAL,True,True,0.9335977435112,False
data/local/local_citizen100_quality_audit_q82_cap7/landmarks/FATHER/bfb910eb.v17.npz,data/raw_videos/ASL VIDEOS/FATHER/bfb910eb.mp4,FATHER,FATHER,B_01_077,canonical_and_pinned_raw_text_equal,local_hex_unknown_session,0.9117720679130774,FATHER,FATHER|HEAR|HELLO|HOSPITAL|KNOW,True,True,0.874441921710968,False
data/local/local_citizen100_quality_audit_q82_cap7/landmarks/FATHER/e6b7fb57.v17.npz,data/raw_videos/ASL VIDEOS/FATHER/e6b7fb57.mp4,FATHER,FATHER,B_01_077,canonical_and_pinned_raw_text_equal,local_hex_unknown_session,0.8477201796573521,FATHER,FATHER|SICK|HOSPITAL|LEARN|MAN,True,True,0.9368115663528442,False
data/local/local_citizen100_quality_audit_q82_cap7/landmarks/FEEL/0e1a8612.v17.npz,data/raw_videos/ASL VIDEOS/FEEL/0e1a8612.mp4,FEEL,FEEL,C_02_001,canonical_and_pinned_raw_text_equal,local_hex_unknown_session,0.8494981001291626,FEEL,FEEL|HUNGRY|GOOD|HELP|GIVE,True,True,0.6504014134407043,False
data/local/local_citizen100_quality_audit_q82_cap7/landmarks/FEEL/22368f5e.v17.npz,data/raw_videos/ASL VIDEOS/FEEL/22368f5e.mp4,FEEL,FEEL,C_02_001,canonical_and_pinned_raw_text_equal,local_hex_unknown_session,0.8653651276296497,FEEL,FEEL|LIKE|PLEASE|HUNGRY|TELL,True,True,0.4594782888889313,False
data/local/local_citizen100_quality_audit_q82_cap7/landmarks/FEEL/76d25aed.v17.npz,data/raw_videos/ASL VIDEOS/FEEL/76d25aed.mp4,FEEL,FEEL,C_02_001,canonical_and_pinned_raw_text_equal,local_hex_unknown_session,0.9540878698344342,FEEL,FEEL|HAPPY|LIKE|COME|PLEASE,True,True,0.6428244113922119,False
data/local/local_citizen100_quality_audit_q82_cap7/landmarks/FEEL/7821174d.v17.npz,data/raw_videos/ASL VIDEOS/FEEL/7821174d.mp4,FEEL,FEEL,C_02_001,canonical_and_pinned_raw_text_equal,local_hex_unknown_session,0.8284339064380678,FEEL,FEEL|THEY|GIVE|HAPPY|TELL,True,True,0.6119544506072998,False
data/local/local_citizen100_quality_audit_q82_cap7/landmarks/FEEL/8b13d750.v17.npz,data/raw_videos/ASL VIDEOS/FEEL/8b13d750.mp4,FEEL,FEEL,C_02_001,canonical_and_pinned_raw_text_equal,local_hex_unknown_session,0.9577623424331014,FEEL,FEEL|LIKE|THEY|PLEASE|WHO,True,True,0.6969630718231201,False
data/local/local_citizen100_quality_audit_q82_cap7/landmarks/FEEL/FEEL_1.v17.npz,data/raw_videos/ASL VIDEOS/FEEL/FEEL_1.mp4,FEEL,FEEL,C_02_001,canonical_and_pinned_raw_text_equal,local_numbered_single_session,0.9977437766387187,FEEL,FEEL|EXCITED|TELL|GIVE|WHAT,True,True,0.3259632885456085,False
data/local/local_citizen100_quality_audit_q82_cap7/landmarks/FEEL/a6cc6d83.v17.npz,data/raw_videos/ASL VIDEOS/FEEL/a6cc6d83.mp4,FEEL,FEEL,C_02_001,canonical_and_pinned_raw_text_equal,local_hex_unknown_session,0.8946173822627039,MY,MY|HOSPITAL|WOMAN|LIKE|PLEASE,False,False,0.0017644030740484595,False
data/local/local_citizen100_quality_audit_q82_cap7/landmarks/FRIEND/0cc2c8b3.v17.npz,data/raw_videos/ASL VIDEOS/FRIEND/0cc2c8b3.mp4,FRIEND,FRIEND,D_03_010,canonical_and_pinned_raw_text_equal,local_hex_unknown_session,0.9707164409955328,GO,GO|NEED|WHEN|ASK|UNDERSTAND,False,False,0.0035447163973003626,False
data/local/local_citizen100_quality_audit_q82_cap7/landmarks/FRIEND/26b51918.v17.npz,data/raw_videos/ASL VIDEOS/FRIEND/26b51918.mp4,FRIEND,FRIEND,D_03_010,canonical_and_pinned_raw_text_equal,local_hex_unknown_session,0.9888086229314097,SIGN,SIGN|THINK|BIG|GO|UNDERSTAND,False,False,0.005559063516557217,False
data/local/local_citizen100_quality_audit_q82_cap7/landmarks/FRIEND/3e8be475.v17.npz,data/raw_videos/ASL VIDEOS/FRIEND/3e8be475.mp4,FRIEND,FRIEND,D_03_010,canonical_and_pinned_raw_text_equal,local_hex_unknown_session,0.8709958635292954,FRIEND,FRIEND|SIGN|DAY|TIME|ANSWER,True,True,0.9170987606048584,False
data/local/local_citizen100_quality_audit_q82_cap7/landmarks/FRIEND/6aa97372.v17.npz,data/raw_videos/ASL VIDEOS/FRIEND/6aa97372.mp4,FRIEND,FRIEND,D_03_010,canonical_and_pinned_raw_text_equal,local_hex_unknown_session,0.8611271930170458,FRIEND,FRIEND|WHEN|UNDERSTAND|WEEK|SMALL,True,True,0.3056051731109619,False
data/local/local_citizen100_quality_audit_q82_cap7/landmarks/FRIEND/FRIEND_18.v17.npz,data/raw_videos/ASL VIDEOS/FRIEND/FRIEND_18.mp4,FRIEND,FRIEND,D_03_010,canonical_and_pinned_raw_text_equal,local_numbered_single_session,0.9320537150276998,FRIEND,FRIEND|SIGN|WHEN|TIME|TALK,True,True,0.7512794137001038,False
data/local/local_citizen100_quality_audit_q82_cap7/landmarks/FRIEND/c45f8383.v17.npz,data/raw_videos/ASL VIDEOS/FRIEND/c45f8383.mp4,FRIEND,FRIEND,D_03_010,canonical_and_pinned_raw_text_equal,local_hex_unknown_session,0.9615509295047304,FRIEND,FRIEND|SIGN|WHEN|UNDERSTAND|DAY,True,True,0.7517073154449463,False
data/local/local_citizen100_quality_audit_q82_cap7/landmarks/FRIEND/e9441a43.v17.npz,data/raw_videos/ASL VIDEOS/FRIEND/e9441a43.mp4,FRIEND,FRIEND,D_03_010,canonical_and_pinned_raw_text_equal,local_hex_unknown_session,0.9262188971503282,DIFFERENT,DIFFERENT|THINK|SIGN|WHEN|GO,False,False,0.027126707136631012,False
data/local/local_citizen100_quality_audit_q82_cap7/landmarks/GIVE/0af0f57d.v17.npz,data/raw_videos/ASL VIDEOS/GIVE/0af0f57d.mp4,GIVE,GIVE,F_01_023,canonical_and_pinned_raw_text_equal,local_hex_unknown_session,0.8277542585611535,MORNING,MORNING|KNOW|SICK|FATHER|WHY,False,False,0.000900012266356498,False
data/local/local_citizen100_quality_audit_q82_cap7/landmarks/GIVE/34ef8e27.v17.npz,data/raw_videos/ASL VIDEOS/GIVE/34ef8e27.mp4,GIVE,GIVE,F_01_023,canonical_and_pinned_raw_text_equal,local_hex_unknown_session,0.8396054679733356,COME,COME|GIVE|BAD|OUR|MORNING,False,True,0.18270468711853027,False
data/local/local_citizen100_quality_audit_q82_cap7/landmarks/GIVE/63fc0ab7.v17.npz,data/raw_videos/ASL VIDEOS/GIVE/63fc0ab7.mp4,GIVE,GIVE,F_01_023,canonical_and_pinned_raw_text_equal,local_hex_unknown_session,0.9603129587253966,LIKE,LIKE|GIVE|HUNGRY|YOU|WATER,False,True,0.15892991423606873,False
data/local/local_citizen100_quality_audit_q82_cap7/landmarks/GIVE/76ffe842.v17.npz,data/raw_videos/ASL VIDEOS/GIVE/76ffe842.mp4,GIVE,GIVE,F_01_023,canonical_and_pinned_raw_text_equal,local_hex_unknown_session,0.8322571437158994,GIVE,GIVE|THEY|LIKE|FIND|YES,True,True,0.7192408442497253,False
data/local/local_citizen100_quality_audit_q82_cap7/landmarks/GIVE/9489c156.v17.npz,data/raw_videos/ASL VIDEOS/GIVE/9489c156.mp4,GIVE,GIVE,F_01_023,canonical_and_pinned_raw_text_equal,local_hex_unknown_session,0.8443421493379273,GIVE,GIVE|WHY|MORNING|WHAT|LIKE,True,True,0.8930361270904541,False
data/local/local_citizen100_quality_audit_q82_cap7/landmarks/GIVE/GIVE_10.v17.npz,data/raw_videos/ASL VIDEOS/GIVE/GIVE_10.mp4,GIVE,GIVE,F_01_023,canonical_and_pinned_raw_text_equal,local_numbered_single_session,0.9725505712929297,GIVE,GIVE|EAT|TELL|MORNING|LIKE,True,True,0.4596156179904938,False
data/local/local_citizen100_quality_audit_q82_cap7/landmarks/GIVE/cecbd9cd.v17.npz,data/raw_videos/ASL VIDEOS/GIVE/cecbd9cd.mp4,GIVE,GIVE,F_01_023,canonical_and_pinned_raw_text_equal,local_hex_unknown_session,0.83154929684868,OUR,OUR|TALK|MY|THANKYOU|EAT,False,False,0.0017063870327547193,False
data/local/local_citizen100_quality_audit_q82_cap7/landmarks/GO/16b9209a.v17.npz,data/raw_videos/ASL VIDEOS/GO/16b9209a.mp4,GO,GO,C_03_056,canonical_and_pinned_raw_text_equal,local_hex_unknown_session,0.8442173546428694,GO,GO|ANSWER|LANGUAGE|WHEN|ASK,True,True,0.5744670033454895,False
data/local/local_citizen100_quality_audit_q82_cap7/landmarks/GO/4e99f91f.v17.npz,data/raw_videos/ASL VIDEOS/GO/4e99f91f.mp4,GO,GO,C_03_056,canonical_and_pinned_raw_text_equal,local_hex_unknown_session,0.9539928117857932,GO,GO|BIG|DIFFERENT|LANGUAGE|HE,True,True,0.6730901598930359,False
data/local/local_citizen100_quality_audit_q82_cap7/landmarks/GO/GO_16.v17.npz,data/raw_videos/ASL VIDEOS/GO/GO_16.mp4,GO,GO,C_03_056,canonical_and_pinned_raw_text_equal,local_numbered_single_session,0.9933742036022,DIFFERENT,DIFFERENT|GO|WHEN|SIGN|ANSWER,False,True,0.25361379981040955,False
data/local/local_citizen100_quality_audit_q82_cap7/landmarks/GO/b2626d6d.v17.npz,data/raw_videos/ASL VIDEOS/GO/b2626d6d.mp4,GO,GO,C_03_056,canonical_and_pinned_raw_text_equal,local_hex_unknown_session,0.9296276237349623,WHEN,WHEN|DIFFERENT|LANGUAGE|GO|SEE,False,True,0.06598642468452454,False
data/local/local_citizen100_quality_audit_q82_cap7/landmarks/GO/b769fe8c.v17.npz,data/raw_videos/ASL VIDEOS/GO/b769fe8c.mp4,GO,GO,C_03_056,canonical_and_pinned_raw_text_equal,local_hex_unknown_session,0.9498781321015631,GO,GO|LANGUAGE|HE|BIG|NEED,True,True,0.5067978501319885,False
data/local/local_citizen100_quality_audit_q82_cap7/landmarks/GO/c2c34780.v17.npz,data/raw_videos/ASL VIDEOS/GO/c2c34780.mp4,GO,GO,C_03_056,canonical_and_pinned_raw_text_equal,local_hex_unknown_session,0.9690731372878825,GO,GO|BIG|ANSWER|DIFFERENT|ASK,True,True,0.811832845211029,False
data/local/local_citizen100_quality_audit_q82_cap7/landmarks/GO/e1be8c5c.v17.npz,data/raw_videos/ASL VIDEOS/GO/e1be8c5c.mp4,GO,GO,C_03_056,canonical_and_pinned_raw_text_equal,local_hex_unknown_session,0.8626517629370085,GO,GO|ANSWER|DIFFERENT|SIGN|BIG,True,True,0.8729684352874756,False
data/local/local_citizen100_quality_audit_q82_cap7/landmarks/GOOD/0c55869a.v17.npz,data/raw_videos/ASL VIDEOS/GOOD/0c55869a.mp4,GOOD,GOOD,B_01_052,canonical_and_pinned_raw_text_equal,local_hex_unknown_session,0.916190246835156,MAYBE,MAYBE|EASY|WAIT|MORNING|STOP,False,False,0.0035248524509370327,False
data/local/local_citizen100_quality_audit_q82_cap7/landmarks/GOOD/2777363b.v17.npz,data/raw_videos/ASL VIDEOS/GOOD/2777363b.mp4,GOOD,GOOD,B_01_052,canonical_and_pinned_raw_text_equal,local_hex_unknown_session,0.838549820436262,THANKYOU,THANKYOU|GOOD|COME|WHY|EAT,False,True,0.14044508337974548,False
data/local/local_citizen100_quality_audit_q82_cap7/landmarks/GOOD/2a5b6f72.v17.npz,data/raw_videos/ASL VIDEOS/GOOD/2a5b6f72.mp4,GOOD,GOOD,B_01_052,canonical_and_pinned_raw_text_equal,local_hex_unknown_session,0.8863544769660799,STOP,STOP|SCHOOL|EASY|MY|MORE,False,False,0.01017344743013382,False
data/local/local_citizen100_quality_audit_q82_cap7/landmarks/GOOD/7bfae277.v17.npz,data/raw_videos/ASL VIDEOS/GOOD/7bfae277.mp4,GOOD,GOOD,B_01_052,canonical_and_pinned_raw_text_equal,local_hex_unknown_session,0.9255327927706625,MORNING,MORNING|DAY|USE|SCHOOL|LOVE,False,False,0.0012976928846910596,False
data/local/local_citizen100_quality_audit_q82_cap7/landmarks/GOOD/GOOD_14.v17.npz,data/raw_videos/ASL VIDEOS/GOOD/GOOD_14.mp4,GOOD,GOOD,B_01_052,canonical_and_pinned_raw_text_equal,local_numbered_single_session,0.9841541784611202,THANKYOU,THANKYOU|EAT|GOOD|MY|TALK,False,True,0.10187172889709473,False
data/local/local_citizen100_quality_audit_q82_cap7/landmarks/GOOD/eef19ff2.v17.npz,data/raw_videos/ASL VIDEOS/GOOD/eef19ff2.mp4,GOOD,GOOD,B_01_052,canonical_and_pinned_raw_text_equal,local_hex_unknown_session,0.8699570530157578,BAD,BAD|GOOD|STOP|TALK|SCHOOL,False,True,0.228445366024971,False
data/local/local_citizen100_quality_audit_q82_cap7/landmarks/GOOD/f7c56736.v17.npz,data/raw_videos/ASL VIDEOS/GOOD/f7c56736.mp4,GOOD,GOOD,B_01_052,canonical_and_pinned_raw_text_equal,local_hex_unknown_session,0.8247691757517712,STOP,STOP|GOOD|EASY|THANKYOU|GIVE,False,True,0.22796517610549927,False
data/local/local_citizen100_quality_audit_q82_cap7/landmarks/GOODBYE/3cdef6c5.v17.npz,data/raw_videos/ASL VIDEOS/GOODBYE/3cdef6c5.mp4,GOODBYE,BYE,E_01_058,canonical_only_variant_review_required,local_hex_unknown_session,0.8907291569469437,YOUR,YOUR|MOTHER|TALK|DRINK|BAD,False,False,0.0029143732972443104,False
data/local/local_citizen100_quality_audit_q82_cap7/landmarks/GOODBYE/564eefaa.v17.npz,data/raw_videos/ASL VIDEOS/GOODBYE/564eefaa.mp4,GOODBYE,BYE,E_01_058,canonical_only_variant_review_required,local_hex_unknown_session,0.8611789814907569,DRINK,DRINK|FIND|BAD|HELLO|STOP,False,False,0.0019545203540474176,False
data/local/local_citizen100_quality_audit_q82_cap7/landmarks/GOODBYE/68ed9512.v17.npz,data/raw_videos/ASL VIDEOS/GOODBYE/68ed9512.mp4,GOODBYE,BYE,E_01_058,canonical_only_variant_review_required,local_hex_unknown_session,0.8280726810823986,HOT,HOT|YOUR|MOTHER|THANKYOU|HELLO,False,False,0.008538823574781418,False
data/local/local_citizen100_quality_audit_q82_cap7/landmarks/GOODBYE/755f86a3.v17.npz,data/raw_videos/ASL VIDEOS/GOODBYE/755f86a3.mp4,GOODBYE,BYE,E_01_058,canonical_only_variant_review_required,local_hex_unknown_session,0.9144530320027167,OUR,OUR|STOP|BAD|COME|YOUR,False,False,0.009308404289186,False
data/local/local_citizen100_quality_audit_q82_cap7/landmarks/GOODBYE/ba18d23f.v17.npz,data/raw_videos/ASL VIDEOS/GOODBYE/ba18d23f.mp4,GOODBYE,BYE,E_01_058,canonical_only_variant_review_required,local_hex_unknown_session,0.8643258031842127,DRINK,DRINK|WHAT|OUR|BAD|HELLO,False,False,0.004236208274960518,False
data/local/local_citizen100_quality_audit_q82_cap7/landmarks/GOODBYE/ba847479.v17.npz,data/raw_videos/ASL VIDEOS/GOODBYE/ba847479.mp4,GOODBYE,BYE,E_01_058,canonical_only_variant_review_required,local_hex_unknown_session,0.9443654079045676,THANKYOU,THANKYOU|GOOD|BAD|EAT|HOT,False,False,0.0010653077624738216,False
data/local/local_citizen100_quality_audit_q82_cap7/landmarks/GOODBYE/feed677b.v17.npz,data/raw_videos/ASL VIDEOS/GOODBYE/feed677b.mp4,GOODBYE,BYE,E_01_058,canonical_only_variant_review_required,local_hex_unknown_session,0.9286410243238923,THANKYOU,THANKYOU|BAD|GOOD|EAT|GIVE,False,False,0.0010894876904785633,False
data/local/local_citizen100_quality_audit_q82_cap7/landmarks/HAPPY/04b9bbfb.v17.npz,data/raw_videos/ASL VIDEOS/HAPPY/04b9bbfb.mp4,HAPPY,HAPPY,C_03_078,canonical_and_pinned_raw_text_equal,local_hex_unknown_session,0.8639891934847362,HAPPY,HAPPY|EXCITED|EASY|ANGRY|WHY,True,True,0.6102661490440369,False
data/local/local_citizen100_quality_audit_q82_cap7/landmarks/HAPPY/07a3a0c9.v17.npz,data/raw_videos/ASL VIDEOS/HAPPY/07a3a0c9.mp4,HAPPY,HAPPY,C_03_078,canonical_and_pinned_raw_text_equal,local_hex_unknown_session,0.8788757369988074,WHY,WHY|MAYBE|CHILD|GIVE|EXCITED,False,False,0.02027205191552639,False
data/local/local_citizen100_quality_audit_q82_cap7/landmarks/HAPPY/34a08bb2.v17.npz,data/raw_videos/ASL VIDEOS/HAPPY/34a08bb2.mp4,HAPPY,HAPPY,C_03_078,canonical_and_pinned_raw_text_equal,local_hex_unknown_session,0.8529717952320259,HAPPY,HAPPY|BAD|GIVE|FEEL|MAYBE,True,True,0.35248661041259766,False
data/local/local_citizen100_quality_audit_q82_cap7/landmarks/HAPPY/3b99f2b3.v17.npz,data/raw_videos/ASL VIDEOS/HAPPY/3b99f2b3.mp4,HAPPY,HAPPY,C_03_078,canonical_and_pinned_raw_text_equal,local_hex_unknown_session,0.8625347900802982,LIKE,LIKE|YOUR|EXCITED|FEEL|GIVE,False,False,0.020566603168845177,False
data/local/local_citizen100_quality_audit_q82_cap7/landmarks/HAPPY/72199624.v17.npz,data/raw_videos/ASL VIDEOS/HAPPY/72199624.mp4,HAPPY,HAPPY,C_03_078,canonical_and_pinned_raw_text_equal,local_hex_unknown_session,0.8515659965163791,HAPPY,HAPPY|FEEL|PLEASE|BAD|EASY,True,True,0.9204092621803284,False
data/local/local_citizen100_quality_audit_q82_cap7/landmarks/HAPPY/HAPPY_15.v17.npz,data/raw_videos/ASL VIDEOS/HAPPY/HAPPY_15.mp4,HAPPY,HAPPY,C_03_078,canonical_and_pinned_raw_text_equal,local_numbered_single_session,0.9804033778018602,HAPPY,HAPPY|EASY|PLEASE|BAD|GOOD,True,True,0.5691254734992981,False
data/local/local_citizen100_quality_audit_q82_cap7/landmarks/HAPPY/f4b9020f.v17.npz,data/raw_videos/ASL VIDEOS/HAPPY/f4b9020f.mp4,HAPPY,HAPPY,C_03_078,canonical_and_pinned_raw_text_equal,local_hex_unknown_session,0.9046172299850445,HAPPY,HAPPY|EASY|WRITE|BAD|PLEASE,True,True,0.6313301920890808,False
data/local/local_citizen100_quality_audit_q82_cap7/landmarks/HEAR/417ea871.v17.npz,data/raw_videos/ASL VIDEOS/HEAR/417ea871.mp4,HEAR,HEAR2,J_02_006,canonical_only_variant_review_required,local_hex_unknown_session,0.9523994742529766,LISTEN,LISTEN|FIND|USE|WHY|READY,False,False,0.004755882080644369,False
data/local/local_citizen100_quality_audit_q82_cap7/landmarks/HEAR/68d6e3f8.v17.npz,data/raw_videos/ASL VIDEOS/HEAR/68d6e3f8.mp4,HEAR,HEAR2,J_02_006,canonical_only_variant_review_required,local_hex_unknown_session,0.9908414900442745,YOU,YOU|WHO|ASK|THINK|TELL,False,False,0.0014808180276304483,False
data/local/local_citizen100_quality_audit_q82_cap7/landmarks/HEAR/803dd7f0.v17.npz,data/raw_videos/ASL VIDEOS/HEAR/803dd7f0.mp4,HEAR,HEAR2,J_02_006,canonical_only_variant_review_required,local_hex_unknown_session,0.8877314163281377,LISTEN,LISTEN|FATHER|HEAR|GO|WHY,False,True,0.03610031679272652,False
data/local/local_citizen100_quality_audit_q82_cap7/landmarks/HEAR/974b06e2.v17.npz,data/raw_videos/ASL VIDEOS/HEAR/974b06e2.mp4,HEAR,HEAR2,J_02_006,canonical_only_variant_review_required,local_hex_unknown_session,0.8700148693269436,LISTEN,LISTEN|FATHER|NO|SEE|USE,False,False,0.0076776123605668545,False
data/local/local_citizen100_quality_audit_q82_cap7/landmarks/HEAR/HEAR_21.v17.npz,data/raw_videos/ASL VIDEOS/HEAR/HEAR_21.mp4,HEAR,HEAR2,J_02_006,canonical_only_variant_review_required,local_numbered_single_session,0.982280667532899,LISTEN,LISTEN|NO|HEAR|SEE|WHERE,False,True,0.009515578858554363,False
data/local/local_citizen100_quality_audit_q82_cap7/landmarks/HEAR/c5a24407.v17.npz,data/raw_videos/ASL VIDEOS/HEAR/c5a24407.mp4,HEAR,HEAR2,J_02_006,canonical_only_variant_review_required,local_hex_unknown_session,0.9306789421888425,LISTEN,LISTEN|THINK|HEAR|FATHER|WHY,False,True,0.049332037568092346,False
data/local/local_citizen100_quality_audit_q82_cap7/landmarks/HEAR/d17ea4eb.v17.npz,data/raw_videos/ASL VIDEOS/HEAR/d17ea4eb.mp4,HEAR,HEAR2,J_02_006,canonical_only_variant_review_required,local_hex_unknown_session,0.8444819479538072,LISTEN,LISTEN|WHERE|HEAR|NO|WHY,False,True,0.006072487216442823,False
data/local/local_citizen100_quality_audit_q82_cap7/landmarks/HELLO/22cbebc8.v17.npz,data/raw_videos/ASL VIDEOS/HELLO/22cbebc8.mp4,HELLO,HELLO,D_02_055,canonical_and_pinned_raw_text_equal,local_hex_unknown_session,0.855310446941846,HELLO,HELLO|WHY|HEAR|MOTHER|KNOW,True,True,0.8311682343482971,False
data/local/local_citizen100_quality_audit_q82_cap7/landmarks/HELLO/31719383.v17.npz,data/raw_videos/ASL VIDEOS/HELLO/31719383.mp4,HELLO,HELLO,D_02_055,canonical_and_pinned_raw_text_equal,local_hex_unknown_session,0.8925474454825054,FIND,FIND|HELLO|MORNING|WHY|LESS,False,True,0.09820333123207092,False
data/local/local_citizen100_quality_audit_q82_cap7/landmarks/HELLO/3b7c0905.v17.npz,data/raw_videos/ASL VIDEOS/HELLO/3b7c0905.mp4,HELLO,HELLO,D_02_055,canonical_and_pinned_raw_text_equal,local_hex_unknown_session,0.8544125747881045,HELLO,HELLO|CHILD|HE|GOODBYE|MOTHER,True,True,0.20299598574638367,False
data/local/local_citizen100_quality_audit_q82_cap7/landmarks/HELLO/3f54b470.v17.npz,data/raw_videos/ASL VIDEOS/HELLO/3f54b470.mp4,HELLO,HELLO,D_02_055,canonical_and_pinned_raw_text_equal,local_hex_unknown_session,0.9082355768764926,HELLO,HELLO|WHY|THEY|WHAT|HOT,True,True,0.49252140522003174,False
data/local/local_citizen100_quality_audit_q82_cap7/landmarks/HELLO/48018880.v17.npz,data/raw_videos/ASL VIDEOS/HELLO/48018880.mp4,HELLO,HELLO,D_02_055,canonical_and_pinned_raw_text_equal,local_hex_unknown_session,0.8632661956402707,HELLO,HELLO|WHY|MOTHER|HOT|WHAT,True,True,0.9081135392189026,False
data/local/local_citizen100_quality_audit_q82_cap7/landmarks/HELLO/667f2790.v17.npz,data/raw_videos/ASL VIDEOS/HELLO/667f2790.mp4,HELLO,HELLO,D_02_055,canonical_and_pinned_raw_text_equal,local_hex_unknown_session,0.8921759694973951,HEAR,HEAR|GOODBYE|MOTHER|HELLO|YOUR,False,True,0.08257610350847244,False
data/local/local_citizen100_quality_audit_q82_cap7/landmarks/HELLO/6abcb97f.v17.npz,data/raw_videos/ASL VIDEOS/HELLO/6abcb97f.mp4,HELLO,HELLO,D_02_055,canonical_and_pinned_raw_text_equal,local_hex_unknown_session,0.8217782478268955,HELLO,HELLO|WHY|HEAR|CHILD|GOODBYE,True,True,0.8981117606163025,False
data/local/local_citizen100_quality_audit_q82_cap7/landmarks/HELP/24611cae.v17.npz,data/raw_videos/ASL VIDEOS/HELP/24611cae.mp4,HELP,HELP,D_01_042,canonical_and_pinned_raw_text_equal,local_hex_unknown_session,0.8365768909906851,LEARN,LEARN|SICK|BAD|HAPPY|HOT,False,False,0.04511747881770134,False
data/local/local_citizen100_quality_audit_q82_cap7/landmarks/HELP/276970e3.v17.npz,data/raw_videos/ASL VIDEOS/HELP/276970e3.mp4,HELP,HELP,D_01_042,canonical_and_pinned_raw_text_equal,local_hex_unknown_session,0.9845479037886486,SCHOOL,SCHOOL|STOP|HELP|NIGHT|YEAR,False,True,0.09319435060024261,False
data/local/local_citizen100_quality_audit_q82_cap7/landmarks/HELP/50bf577a.v17.npz,data/raw_videos/ASL VIDEOS/HELP/50bf577a.mp4,HELP,HELP,D_01_042,canonical_and_pinned_raw_text_equal,local_hex_unknown_session,0.898849613402245,HELP,HELP|YEAR|COME|DAY|HUNGRY,True,True,0.2804524898529053,False
data/local/local_citizen100_quality_audit_q82_cap7/landmarks/HELP/5f97a288.v17.npz,data/raw_videos/ASL VIDEOS/HELP/5f97a288.mp4,HELP,HELP,D_01_042,canonical_and_pinned_raw_text_equal,local_hex_unknown_session,0.9658665216949482,HELP,HELP|SCHOOL|WEEK|MAKE|WRITE,True,True,0.18318898975849152,False
data/local/local_citizen100_quality_audit_q82_cap7/landmarks/HELP/HELP_15.v17.npz,data/raw_videos/ASL VIDEOS/HELP/HELP_15.mp4,HELP,HELP,D_01_042,canonical_and_pinned_raw_text_equal,local_numbered_single_session,0.9672126266283438,HELP,HELP|EASY|LEARN|STOP|SICK,True,True,0.28796330094337463,False
data/local/local_citizen100_quality_audit_q82_cap7/landmarks/HELP/bdf2d0d0.v17.npz,data/raw_videos/ASL VIDEOS/HELP/bdf2d0d0.mp4,HELP,HELP,D_01_042,canonical_and_pinned_raw_text_equal,local_hex_unknown_session,0.9392588598040887,FEEL,FEEL|LEARN|HELP|YEAR|HOT,False,True,0.10730872303247452,False
data/local/local_citizen100_quality_audit_q82_cap7/landmarks/HELP/ee094570.v17.npz,data/raw_videos/ASL VIDEOS/HELP/ee094570.mp4,HELP,HELP,D_01_042,canonical_and_pinned_raw_text_equal,local_hex_unknown_session,0.9259970292524009,STOP,STOP|HELP|LEARN|GOOD|HAPPY,False,True,0.24627430737018585,False
data/local/local_citizen100_quality_audit_q82_cap7/landmarks/HOSPITAL/12703a4e.v17.npz,data/raw_videos/ASL VIDEOS/HOSPITAL/12703a4e.mp4,HOSPITAL,HOSPITAL1,B_02_026,canonical_only_variant_review_required,local_hex_unknown_session,0.8320190031155779,HOSPITAL,HOSPITAL|WOMAN|ASK|USE|WE,True,True,0.6772804260253906,False
data/local/local_citizen100_quality_audit_q82_cap7/landmarks/HOSPITAL/1cfa8d1c.v17.npz,data/raw_videos/ASL VIDEOS/HOSPITAL/1cfa8d1c.mp4,HOSPITAL,HOSPITAL1,B_02_026,canonical_only_variant_review_required,local_hex_unknown_session,0.8812842376313241,USE,USE|LOVE|HOSPITAL|DAY|HE,False,True,0.06394481658935547,False
data/local/local_citizen100_quality_audit_q82_cap7/landmarks/HOSPITAL/315cd747.v17.npz,data/raw_videos/ASL VIDEOS/HOSPITAL/315cd747.mp4,HOSPITAL,HOSPITAL1,B_02_026,canonical_only_variant_review_required,local_hex_unknown_session,0.9042637270299524,HOSPITAL,HOSPITAL|WOMAN|HUNGRY|DAY|ASK,True,True,0.8758248090744019,False
data/local/local_citizen100_quality_audit_q82_cap7/landmarks/HOSPITAL/3cb82b56.v17.npz,data/raw_videos/ASL VIDEOS/HOSPITAL/3cb82b56.mp4,HOSPITAL,HOSPITAL1,B_02_026,canonical_only_variant_review_required,local_hex_unknown_session,0.9197361713144531,HOSPITAL,HOSPITAL|WOMAN|WE|TAKE|DAY,True,True,0.9580000042915344,False
data/local/local_citizen100_quality_audit_q82_cap7/landmarks/HOSPITAL/3fb4bffb.v17.npz,data/raw_videos/ASL VIDEOS/HOSPITAL/3fb4bffb.mp4,HOSPITAL,HOSPITAL1,B_02_026,canonical_only_variant_review_required,local_hex_unknown_session,0.8779667084636944,LIKE,LIKE|HOSPITAL|THEY|HUNGRY|PLEASE,False,True,0.15797817707061768,False
data/local/local_citizen100_quality_audit_q82_cap7/landmarks/HOSPITAL/41468387.v17.npz,data/raw_videos/ASL VIDEOS/HOSPITAL/41468387.mp4,HOSPITAL,HOSPITAL1,B_02_026,canonical_only_variant_review_required,local_hex_unknown_session,0.9689671316633377,HOSPITAL,HOSPITAL|DAY|WE|LOVE|MY,True,True,0.9535277485847473,False
data/local/local_citizen100_quality_audit_q82_cap7/landmarks/HOSPITAL/9b34b25b.v17.npz,data/raw_videos/ASL VIDEOS/HOSPITAL/9b34b25b.mp4,HOSPITAL,HOSPITAL1,B_02_026,canonical_only_variant_review_required,local_hex_unknown_session,0.8945041427603688,HOSPITAL,HOSPITAL|WE|DAY|WOMAN|TAKE,True,True,0.6608996987342834,False
data/local/local_citizen100_quality_audit_q82_cap7/landmarks/HOT/0470cc84.v17.npz,data/raw_videos/ASL VIDEOS/HOT/0470cc84.mp4,HOT,HOT,F_02_093,canonical_and_pinned_raw_text_equal,local_hex_unknown_session,0.9027206395501324,HOT,HOT|THANKYOU|GOOD|MOTHER|EAT,True,True,0.6703711152076721,False
data/local/local_citizen100_quality_audit_q82_cap7/landmarks/HOT/42f15bb6.v17.npz,data/raw_videos/ASL VIDEOS/HOT/42f15bb6.mp4,HOT,HOT,F_02_093,canonical_and_pinned_raw_text_equal,local_hex_unknown_session,0.8907616372293331,GIVE,GIVE|OUR|STOP|HOME|EAT,False,False,0.0015948113286867738,False
data/local/local_citizen100_quality_audit_q82_cap7/landmarks/HOT/4d378371.v17.npz,data/raw_videos/ASL VIDEOS/HOT/4d378371.mp4,HOT,HOT,F_02_093,canonical_and_pinned_raw_text_equal,local_hex_unknown_session,0.848751614498638,HOT,HOT|BAD|WOMAN|MOTHER|COME,True,True,0.3400683104991913,False
data/local/local_citizen100_quality_audit_q82_cap7/landmarks/HOT/79d39652.v17.npz,data/raw_videos/ASL VIDEOS/HOT/79d39652.mp4,HOT,HOT,F_02_093,canonical_and_pinned_raw_text_equal,local_hex_unknown_session,0.8802888906854087,HOT,HOT|COME|BAD|THANKYOU|TOMORROW,True,True,0.8347590565681458,False
data/local/local_citizen100_quality_audit_q82_cap7/landmarks/HOT/HOT_1.v17.npz,data/raw_videos/ASL VIDEOS/HOT/HOT_1.mp4,HOT,HOT,F_02_093,canonical_and_pinned_raw_text_equal,local_numbered_single_session,0.9922074187880516,EAT,EAT|MOTHER|THANKYOU|HOT|SLEEP,False,True,0.10648064315319061,False
data/local/local_citizen100_quality_audit_q82_cap7/landmarks/HOT/b25fe1c7.v17.npz,data/raw_videos/ASL VIDEOS/HOT/b25fe1c7.mp4,HOT,HOT,F_02_093,canonical_and_pinned_raw_text_equal,local_hex_unknown_session,0.8710347323719412,HOT,HOT|MOTHER|BAD|DRINK|SEE,True,True,0.9433104395866394,False
data/local/local_citizen100_quality_audit_q82_cap7/landmarks/HOT/d9f7bdd6.v17.npz,data/raw_videos/ASL VIDEOS/HOT/d9f7bdd6.mp4,HOT,HOT,F_02_093,canonical_and_pinned_raw_text_equal,local_hex_unknown_session,0.8685770312686496,HOT,HOT|DRINK|MOTHER|BAD|YOUR,True,True,0.6299475431442261,False
data/local/local_citizen100_quality_audit_q82_cap7/landmarks/HOW/3f4cb432.v17.npz,data/raw_videos/ASL VIDEOS/HOW/3f4cb432.mp4,HOW,HOW1,D_02_082,canonical_only_variant_review_required,local_hex_unknown_session,0.9484198012235431,HOW,HOW|MAKE|NIGHT|YEAR|MORE,True,True,0.3897448182106018,False
data/local/local_citizen100_quality_audit_q82_cap7/landmarks/HOW/4987a41f.v17.npz,data/raw_videos/ASL VIDEOS/HOW/4987a41f.mp4,HOW,HOW1,D_02_082,canonical_only_variant_review_required,local_hex_unknown_session,0.9014319879200599,HELP,HELP|STOP|MAKE|HOW|SCHOOL,False,True,0.02468007616698742,False
data/local/local_citizen100_quality_audit_q82_cap7/landmarks/HOW/615e0ac0.v17.npz,data/raw_videos/ASL VIDEOS/HOW/615e0ac0.mp4,HOW,HOW1,D_02_082,canonical_only_variant_review_required,local_hex_unknown_session,0.9462507227950259,HOW,HOW|MAKE|COLD|WRITE|YEAR,True,True,0.6371999979019165,False
data/local/local_citizen100_quality_audit_q82_cap7/landmarks/HOW/HOW_2.v17.npz,data/raw_videos/ASL VIDEOS/HOW/HOW_2.mp4,HOW,HOW1,D_02_082,canonical_only_variant_review_required,local_numbered_single_session,0.9579668581580171,HOW,HOW|LOVE|MAKE|HAVE|SORRY,True,True,0.756125271320343,False
data/local/local_citizen100_quality_audit_q82_cap7/landmarks/HOW/a45f870e.v17.npz,data/raw_videos/ASL VIDEOS/HOW/a45f870e.mp4,HOW,HOW1,D_02_082,canonical_only_variant_review_required,local_hex_unknown_session,0.9434550019632202,HOW,HOW|COLD|MORE|WRITE|MAKE,True,True,0.4322720766067505,False
data/local/local_citizen100_quality_audit_q82_cap7/landmarks/HOW/bd5e36d7.v17.npz,data/raw_videos/ASL VIDEOS/HOW/bd5e36d7.mp4,HOW,HOW1,D_02_082,canonical_only_variant_review_required,local_hex_unknown_session,0.982219380429816,TOMORROW,TOMORROW|YESTERDAY|WHO|THINK|LEARN,False,False,0.023265890777111053,False
data/local/local_citizen100_quality_audit_q82_cap7/landmarks/HOW/ef2b7f23.v17.npz,data/raw_videos/ASL VIDEOS/HOW/ef2b7f23.mp4,HOW,HOW1,D_02_082,canonical_only_variant_review_required,local_hex_unknown_session,0.8845566609379019,WRITE,WRITE|HOW|HELP|LANGUAGE|FEEL,False,True,0.0747927576303482,False
data/local/local_citizen100_quality_audit_q82_cap7/landmarks/IMPORTANT/0c263fd0.v17.npz,data/raw_videos/ASL VIDEOS/IMPORTANT/0c263fd0.mp4,IMPORTANT,IMPORTANT,B_01_081,canonical_and_pinned_raw_text_equal,local_hex_unknown_session,0.8452775410644301,IMPORTANT,IMPORTANT|SAME|FIND|YOUR|LANGUAGE,True,True,0.7427480220794678,False
data/local/local_citizen100_quality_audit_q82_cap7/landmarks/IMPORTANT/1c184d77.v17.npz,data/raw_videos/ASL VIDEOS/IMPORTANT/1c184d77.mp4,IMPORTANT,IMPORTANT,B_01_081,canonical_and_pinned_raw_text_equal,local_hex_unknown_session,0.8815144158182752,IMPORTANT,IMPORTANT|FIND|FAMILY|TIME|YOUR,True,True,0.5093694925308228,False
data/local/local_citizen100_quality_audit_q82_cap7/landmarks/IMPORTANT/2b331b1a.v17.npz,data/raw_videos/ASL VIDEOS/IMPORTANT/2b331b1a.mp4,IMPORTANT,IMPORTANT,B_01_081,canonical_and_pinned_raw_text_equal,local_hex_unknown_session,0.9011446363319872,IMPORTANT,IMPORTANT|FIND|READY|FAMILY|LANGUAGE,True,True,0.8885204792022705,False
data/local/local_citizen100_quality_audit_q82_cap7/landmarks/IMPORTANT/2d585d5d.v17.npz,data/raw_videos/ASL VIDEOS/IMPORTANT/2d585d5d.mp4,IMPORTANT,IMPORTANT,B_01_081,canonical_and_pinned_raw_text_equal,local_hex_unknown_session,0.930135646541157,IMPORTANT,IMPORTANT|FIND|FAMILY|LANGUAGE|TIME,True,True,0.8663133978843689,False
data/local/local_citizen100_quality_audit_q82_cap7/landmarks/IMPORTANT/38353e84.v17.npz,data/raw_videos/ASL VIDEOS/IMPORTANT/38353e84.mp4,IMPORTANT,IMPORTANT,B_01_081,canonical_and_pinned_raw_text_equal,local_hex_unknown_session,0.888925046881005,FAMILY,FAMILY|IMPORTANT|FIND|ANSWER|LEARN,False,True,0.27881917357444763,False
data/local/local_citizen100_quality_audit_q82_cap7/landmarks/IMPORTANT/40a5a5bf.v17.npz,data/raw_videos/ASL VIDEOS/IMPORTANT/40a5a5bf.mp4,IMPORTANT,IMPORTANT,B_01_081,canonical_and_pinned_raw_text_equal,local_hex_unknown_session,0.8977939462735498,IMPORTANT,IMPORTANT|FIND|FAMILY|LANGUAGE|SAME,True,True,0.9062219262123108,False
data/local/local_citizen100_quality_audit_q82_cap7/landmarks/IMPORTANT/IMPORTANT_2.v17.npz,data/raw_videos/ASL VIDEOS/IMPORTANT/IMPORTANT_2.mp4,IMPORTANT,IMPORTANT,B_01_081,canonical_and_pinned_raw_text_equal,local_numbered_single_session,0.955651650914308,IMPORTANT,IMPORTANT|LANGUAGE|TRY|FAMILY|FIND,True,True,0.4610596001148224,False
data/local/local_citizen100_quality_audit_q82_cap7/landmarks/KNOW/0f86409e.v17.npz,data/raw_videos/ASL VIDEOS/KNOW/0f86409e.mp4,KNOW,KNOW,C_01_048,canonical_and_pinned_raw_text_equal,local_hex_unknown_session,0.9520903899336772,KNOW,KNOW|WHY|HOME|MORNING|HELLO,True,True,0.9276316165924072,False
data/local/local_citizen100_quality_audit_q82_cap7/landmarks/KNOW/5eeab450.v17.npz,data/raw_videos/ASL VIDEOS/KNOW/5eeab450.mp4,KNOW,KNOW,C_01_048,canonical_and_pinned_raw_text_equal,local_hex_unknown_session,0.8289825426070966,KNOW,KNOW|THINK|FATHER|WHY|COME,True,True,0.9010400176048279,False
data/local/local_citizen100_quality_audit_q82_cap7/landmarks/KNOW/7f4f5860.v17.npz,data/raw_videos/ASL VIDEOS/KNOW/7f4f5860.mp4,KNOW,KNOW,C_01_048,canonical_and_pinned_raw_text_equal,local_hex_unknown_session,0.8600395310300746,KNOW,KNOW|WHY|THINK|HOME|SICK,True,True,0.54964679479599,False
data/local/local_citizen100_quality_audit_q82_cap7/landmarks/KNOW/82b43a7f.v17.npz,data/raw_videos/ASL VIDEOS/KNOW/82b43a7f.mp4,KNOW,KNOW,C_01_048,canonical_and_pinned_raw_text_equal,local_hex_unknown_session,0.9371862270828629,KNOW,KNOW|HOME|WHY|HEAR|MORNING,True,True,0.9555357098579407,False
data/local/local_citizen100_quality_audit_q82_cap7/landmarks/KNOW/KNOW_14.v17.npz,data/raw_videos/ASL VIDEOS/KNOW/KNOW_14.mp4,KNOW,KNOW,C_01_048,canonical_and_pinned_raw_text_equal,local_numbered_single_session,0.9579582225594083,KNOW,KNOW|WHY|HOME|HEAR|HELLO,True,True,0.878938615322113,False
data/local/local_citizen100_quality_audit_q82_cap7/landmarks/KNOW/b5497a7a.v17.npz,data/raw_videos/ASL VIDEOS/KNOW/b5497a7a.mp4,KNOW,KNOW,C_01_048,canonical_and_pinned_raw_text_equal,local_hex_unknown_session,0.9362610551509168,KNOW,KNOW|FATHER|WHY|MORNING|HEAR,True,True,0.9107236266136169,False
data/local/local_citizen100_quality_audit_q82_cap7/landmarks/KNOW/dc9dc051.v17.npz,data/raw_videos/ASL VIDEOS/KNOW/dc9dc051.mp4,KNOW,KNOW,C_01_048,canonical_and_pinned_raw_text_equal,local_hex_unknown_session,0.9596183046089037,KNOW,KNOW|WHY|HELLO|HOME|HEAR,True,True,0.7227650284767151,False
data/local/local_citizen100_quality_audit_q82_cap7/landmarks/LANGUAGE/3c87c13d.v17.npz,data/raw_videos/ASL VIDEOS/LANGUAGE/3c87c13d.mp4,LANGUAGE,LANGUAGE,A_01_067,canonical_and_pinned_raw_text_equal,local_hex_unknown_session,0.8226092425169877,LANGUAGE,LANGUAGE|GO|ANSWER|SAME|IMPORTANT,True,True,0.4702572524547577,False
data/local/local_citizen100_quality_audit_q82_cap7/landmarks/LANGUAGE/408adee5.v17.npz,data/raw_videos/ASL VIDEOS/LANGUAGE/408adee5.mp4,LANGUAGE,LANGUAGE,A_01_067,canonical_and_pinned_raw_text_equal,local_hex_unknown_session,0.8742990230653058,READY,READY|DIFFERENT|LANGUAGE|GO|SEE,False,True,0.11854218691587448,False
data/local/local_citizen100_quality_audit_q82_cap7/landmarks/LANGUAGE/59406a55.v17.npz,data/raw_videos/ASL VIDEOS/LANGUAGE/59406a55.mp4,LANGUAGE,LANGUAGE,A_01_067,canonical_and_pinned_raw_text_equal,local_hex_unknown_session,0.9273771754008242,WHEN,WHEN|LANGUAGE|DIFFERENT|THEY|TIME,False,True,0.2918402850627899,False
data/local/local_citizen100_quality_audit_q82_cap7/landmarks/LANGUAGE/7c4591e1.v17.npz,data/raw_videos/ASL VIDEOS/LANGUAGE/7c4591e1.mp4,LANGUAGE,LANGUAGE,A_01_067,canonical_and_pinned_raw_text_equal,local_hex_unknown_session,0.9125807112816116,LANGUAGE,LANGUAGE|TRY|SAME|GO|IMPORTANT,True,True,0.8861283659934998,False
data/local/local_citizen100_quality_audit_q82_cap7/landmarks/LANGUAGE/LANGUAGE_2.v17.npz,data/raw_videos/ASL VIDEOS/LANGUAGE/LANGUAGE_2.mp4,LANGUAGE,LANGUAGE,A_01_067,canonical_and_pinned_raw_text_equal,local_numbered_single_session,0.915959037090918,LANGUAGE,LANGUAGE|DIFFERENT|GO|HE|YOUR,True,True,0.6664322018623352,False
data/local/local_citizen100_quality_audit_q82_cap7/landmarks/LANGUAGE/cd2b6376.v17.npz,data/raw_videos/ASL VIDEOS/LANGUAGE/cd2b6376.mp4,LANGUAGE,LANGUAGE,A_01_067,canonical_and_pinned_raw_text_equal,local_hex_unknown_session,0.9606175836838344,DIFFERENT,DIFFERENT|LANGUAGE|GO|TRY|SMALL,False,True,0.1474296748638153,False
data/local/local_citizen100_quality_audit_q82_cap7/landmarks/LANGUAGE/fc3542f4.v17.npz,data/raw_videos/ASL VIDEOS/LANGUAGE/fc3542f4.mp4,LANGUAGE,LANGUAGE,A_01_067,canonical_and_pinned_raw_text_equal,local_hex_unknown_session,0.9395537959137383,LANGUAGE,LANGUAGE|DIFFERENT|TRY|IMPORTANT|WHEN,True,True,0.9290125370025635,False
data/local/local_citizen100_quality_audit_q82_cap7/landmarks/LEARN/48db828c.v17.npz,data/raw_videos/ASL VIDEOS/LEARN/48db828c.mp4,LEARN,LEARN,B_01_042,canonical_and_pinned_raw_text_equal,local_hex_unknown_session,0.965747299923659,LEARN,LEARN|NIGHT|LESS|DAY|HOME,True,True,0.7650847434997559,False
data/local/local_citizen100_quality_audit_q82_cap7/landmarks/LEARN/6dfc00f0.v17.npz,data/raw_videos/ASL VIDEOS/LEARN/6dfc00f0.mp4,LEARN,LEARN,B_01_042,canonical_and_pinned_raw_text_equal,local_hex_unknown_session,0.8617251182390018,LEARN,LEARN|LESS|SICK|MORNING|MORE,True,True,0.848675549030304,False
data/local/local_citizen100_quality_audit_q82_cap7/landmarks/LEARN/8c2716c3.v17.npz,data/raw_videos/ASL VIDEOS/LEARN/8c2716c3.mp4,LEARN,LEARN,B_01_042,canonical_and_pinned_raw_text_equal,local_hex_unknown_session,0.9647684586283221,LEARN,LEARN|DAY|LESS|NIGHT|MORNING,True,True,0.7610542178153992,False
data/local/local_citizen100_quality_audit_q82_cap7/landmarks/LEARN/LEARN_25.v17.npz,data/raw_videos/ASL VIDEOS/LEARN/LEARN_25.mp4,LEARN,LEARN,B_01_042,canonical_and_pinned_raw_text_equal,local_numbered_single_session,0.8600977682428124,LEARN,LEARN|LESS|HOME|SICK|MORE,True,True,0.8399427533149719,False
data/local/local_citizen100_quality_audit_q82_cap7/landmarks/LEARN/e6634440.v17.npz,data/raw_videos/ASL VIDEOS/LEARN/e6634440.mp4,LEARN,LEARN,B_01_042,canonical_and_pinned_raw_text_equal,local_hex_unknown_session,0.9909318059651269,LEARN,LEARN|LESS|HAPPY|SICK|HOME,True,True,0.8355197906494141,False
data/local/local_citizen100_quality_audit_q82_cap7/landmarks/LEARN/e77ffa4e.v17.npz,data/raw_videos/ASL VIDEOS/LEARN/e77ffa4e.mp4,LEARN,LEARN,B_01_042,canonical_and_pinned_raw_text_equal,local_hex_unknown_session,0.9355058879717248,MAN,MAN|LEARN|HOME|YESTERDAY|DAY,False,True,0.07538960874080658,False
data/local/local_citizen100_quality_audit_q82_cap7/landmarks/LEARN/f17a160d.v17.npz,data/raw_videos/ASL VIDEOS/LEARN/f17a160d.mp4,LEARN,LEARN,B_01_042,canonical_and_pinned_raw_text_equal,local_hex_unknown_session,0.9555686532323178,LEARN,LEARN|NIGHT|LESS|MORNING|SICK,True,True,0.8976279497146606,False
data/local/local_citizen100_quality_audit_q82_cap7/landmarks/LESS/47f16fd8.v17.npz,data/raw_videos/ASL VIDEOS/LESS/47f16fd8.mp4,LESS,LESS,E_02_043,canonical_and_pinned_raw_text_equal,local_hex_unknown_session,0.8949776124313531,LESS,LESS|LEARN|DOCTOR|STOP|MORE,True,True,0.8828170299530029,False
data/local/local_citizen100_quality_audit_q82_cap7/landmarks/LESS/4addbb75.v17.npz,data/raw_videos/ASL VIDEOS/LESS/4addbb75.mp4,LESS,LESS,E_02_043,canonical_and_pinned_raw_text_equal,local_hex_unknown_session,0.9331358009628433,NIGHT,NIGHT|DOCTOR|SCHOOL|USE|TIME,False,False,0.007225171662867069,False
data/local/local_citizen100_quality_audit_q82_cap7/landmarks/LESS/6db34606.v17.npz,data/raw_videos/ASL VIDEOS/LESS/6db34606.mp4,LESS,LESS,E_02_043,canonical_and_pinned_raw_text_equal,local_hex_unknown_session,0.9459627401981152,LESS,LESS|LEARN|BAD|READ|HAPPY,True,True,0.7965561747550964,False
data/local/local_citizen100_quality_audit_q82_cap7/landmarks/LESS/834509ab.v17.npz,data/raw_videos/ASL VIDEOS/LESS/834509ab.mp4,LESS,LESS,E_02_043,canonical_and_pinned_raw_text_equal,local_hex_unknown_session,0.9198723839242863,LESS,LESS|LEARN|MAN|SICK|STOP,True,True,0.8505837917327881,False
data/local/local_citizen100_quality_audit_q82_cap7/landmarks/LESS/c35957fe.v17.npz,data/raw_videos/ASL VIDEOS/LESS/c35957fe.mp4,LESS,LESS,E_02_043,canonical_and_pinned_raw_text_equal,local_hex_unknown_session,0.9277295449525821,SCHOOL,SCHOOL|DOCTOR|USE|STOP|MORNING,False,False,0.016689641401171684,False
data/local/local_citizen100_quality_audit_q82_cap7/landmarks/LESS/e5cf4159.v17.npz,data/raw_videos/ASL VIDEOS/LESS/e5cf4159.mp4,LESS,LESS,E_02_043,canonical_and_pinned_raw_text_equal,local_hex_unknown_session,0.9035289377669575,LESS,LESS|LEARN|DOCTOR|STOP|BAD,True,True,0.8204222917556763,False
data/local/local_citizen100_quality_audit_q82_cap7/landmarks/LESS/f24383b3.v17.npz,data/raw_videos/ASL VIDEOS/LESS/f24383b3.mp4,LESS,LESS,E_02_043,canonical_and_pinned_raw_text_equal,local_hex_unknown_session,0.8523149569587807,MORE,MORE|SCHOOL|DOCTOR|LIKE|STOP,False,False,0.03878120332956314,False
data/local/local_citizen100_quality_audit_q82_cap7/landmarks/LIKE/0bf1c58e.v17.npz,data/raw_videos/ASL VIDEOS/LIKE/0bf1c58e.mp4,LIKE,LIKE,F_03_063,canonical_and_pinned_raw_text_equal,local_hex_unknown_session,0.8863859220204344,LIKE,LIKE|FEEL|PLEASE|MY|FATHER,True,True,0.8409776091575623,False
data/local/local_citizen100_quality_audit_q82_cap7/landmarks/LIKE/54711808.v17.npz,data/raw_videos/ASL VIDEOS/LIKE/54711808.mp4,LIKE,LIKE,F_03_063,canonical_and_pinned_raw_text_equal,local_hex_unknown_session,0.9450960707879963,TIME,TIME|USE|WEEK|THEY|LIKE,False,True,0.059869106858968735,False
data/local/local_citizen100_quality_audit_q82_cap7/landmarks/LIKE/6c54239f.v17.npz,data/raw_videos/ASL VIDEOS/LIKE/6c54239f.mp4,LIKE,LIKE,F_03_063,canonical_and_pinned_raw_text_equal,local_hex_unknown_session,0.9579224191539534,LIKE,LIKE|FEEL|I|THEY|TELL,True,True,0.8774852156639099,False
data/local/local_citizen100_quality_audit_q82_cap7/landmarks/LIKE/80c84b6c.v17.npz,data/raw_videos/ASL VIDEOS/LIKE/80c84b6c.mp4,LIKE,LIKE,F_03_063,canonical_and_pinned_raw_text_equal,local_hex_unknown_session,0.9298389674042937,LIKE,LIKE|FEEL|MY|THEY|WEEK,True,True,0.961061418056488,False
data/local/local_citizen100_quality_audit_q82_cap7/landmarks/LIKE/LIKE_3.v17.npz,data/raw_videos/ASL VIDEOS/LIKE/LIKE_3.mp4,LIKE,LIKE,F_03_063,canonical_and_pinned_raw_text_equal,local_numbered_single_session,0.9996804851393393,LIKE,LIKE|WEEK|NAME|MORNING|BAD,True,True,0.5803608298301697,False
data/local/local_citizen100_quality_audit_q82_cap7/landmarks/LIKE/b408be60.v17.npz,data/raw_videos/ASL VIDEOS/LIKE/b408be60.mp4,LIKE,LIKE,F_03_063,canonical_and_pinned_raw_text_equal,local_hex_unknown_session,0.9629654018737213,MY,MY|PLEASE|HUNGRY|FEEL|STOP,False,False,0.039883460849523544,False
data/local/local_citizen100_quality_audit_q82_cap7/landmarks/LIKE/ea951476.v17.npz,data/raw_videos/ASL VIDEOS/LIKE/ea951476.mp4,LIKE,LIKE,F_03_063,canonical_and_pinned_raw_text_equal,local_hex_unknown_session,0.8335535289331508,LIKE,LIKE|PLEASE|FEEL|WE|SCHOOL,True,True,0.7260125279426575,False
data/local/local_citizen100_quality_audit_q82_cap7/landmarks/LOVE/37b98737.v17.npz,data/raw_videos/ASL VIDEOS/LOVE/37b98737.mp4,LOVE,LOVE,G_01_068,canonical_and_pinned_raw_text_equal,local_hex_unknown_session,0.8584556024160594,LOVE,LOVE|MY|HE|HOSPITAL|MAKE,True,True,0.9407040476799011,False
data/local/local_citizen100_quality_audit_q82_cap7/landmarks/LOVE/45778722.v17.npz,data/raw_videos/ASL VIDEOS/LOVE/45778722.mp4,LOVE,LOVE,G_01_068,canonical_and_pinned_raw_text_equal,local_hex_unknown_session,0.9571851303398303,LOVE,LOVE|MAKE|HOSPITAL|MORNING|HE,True,True,0.9308362603187561,False
data/local/local_citizen100_quality_audit_q82_cap7/landmarks/LOVE/83195aa7.v17.npz,data/raw_videos/ASL VIDEOS/LOVE/83195aa7.mp4,LOVE,LOVE,G_01_068,canonical_and_pinned_raw_text_equal,local_hex_unknown_session,0.9601879102309667,LOVE,LOVE|MAKE|HOSPITAL|HE|MORNING,True,True,0.9281718134880066,False
data/local/local_citizen100_quality_audit_q82_cap7/landmarks/LOVE/LOVE_8.v17.npz,data/raw_videos/ASL VIDEOS/LOVE/LOVE_8.mp4,LOVE,LOVE,G_01_068,canonical_and_pinned_raw_text_equal,local_numbered_single_session,0.9723821172677918,LOVE,LOVE|MORNING|HOW|MAKE|EAT,True,True,0.6882913112640381,False
data/local/local_citizen100_quality_audit_q82_cap7/landmarks/LOVE/ca65135d.v17.npz,data/raw_videos/ASL VIDEOS/LOVE/ca65135d.mp4,LOVE,LOVE,G_01_068,canonical_and_pinned_raw_text_equal,local_hex_unknown_session,0.9525903554429659,LOVE,LOVE|HE|HOSPITAL|SORRY|THEY,True,True,0.6259358525276184,False
data/local/local_citizen100_quality_audit_q82_cap7/landmarks/LOVE/cf57962c.v17.npz,data/raw_videos/ASL VIDEOS/LOVE/cf57962c.mp4,LOVE,LOVE,G_01_068,canonical_and_pinned_raw_text_equal,local_hex_unknown_session,0.9526364855236132,LOVE,LOVE|MAKE|MORNING|HOSPITAL|EAT,True,True,0.9390265941619873,False
data/local/local_citizen100_quality_audit_q82_cap7/landmarks/LOVE/dd59f8de.v17.npz,data/raw_videos/ASL VIDEOS/LOVE/dd59f8de.mp4,LOVE,LOVE,G_01_068,canonical_and_pinned_raw_text_equal,local_hex_unknown_session,0.9473160329703235,LOVE,LOVE|HOSPITAL|HE|MAKE|MY,True,True,0.9192895293235779,False
data/local/local_citizen100_quality_audit_q82_cap7/landmarks/MAKE/33a65808.v17.npz,data/raw_videos/ASL VIDEOS/MAKE/33a65808.mp4,MAKE,MAKE,C_01_032,canonical_and_pinned_raw_text_equal,local_hex_unknown_session,0.9241266947510616,DAY,DAY|MORNING|YEAR|THINK|LOVE,False,False,0.012494876980781555,False
data/local/local_citizen100_quality_audit_q82_cap7/landmarks/MAKE/MAKE_25.v17.npz,data/raw_videos/ASL VIDEOS/MAKE/MAKE_25.mp4,MAKE,MAKE,C_01_032,canonical_and_pinned_raw_text_equal,local_numbered_single_session,0.9123124202330088,MAKE,MAKE|TELL|HELP|YEAR|HOW,True,True,0.3944740295410156,False
data/local/local_citizen100_quality_audit_q82_cap7/landmarks/MAKE/a1b2dc87.v17.npz,data/raw_videos/ASL VIDEOS/MAKE/a1b2dc87.mp4,MAKE,MAKE,C_01_032,canonical_and_pinned_raw_text_equal,local_hex_unknown_session,0.9119204460305919,MAKE,MAKE|YEAR|LOVE|SCHOOL|HELP,True,True,0.9195180535316467,False
data/local/local_citizen100_quality_audit_q82_cap7/landmarks/MAKE/adfcd4f3.v17.npz,data/raw_videos/ASL VIDEOS/MAKE/adfcd4f3.mp4,MAKE,MAKE,C_01_032,canonical_and_pinned_raw_text_equal,local_hex_unknown_session,0.9492897112494916,YEAR,YEAR|DAY|SCHOOL|HELP|NIGHT,False,False,0.010737941600382328,False
data/local/local_citizen100_quality_audit_q82_cap7/landmarks/MAKE/af42d6ff.v17.npz,data/raw_videos/ASL VIDEOS/MAKE/af42d6ff.mp4,MAKE,MAKE,C_01_032,canonical_and_pinned_raw_text_equal,local_hex_unknown_session,0.93014969598505,MAKE,MAKE|LOVE|YEAR|HOW|HELP,True,True,0.712821364402771,False
data/local/local_citizen100_quality_audit_q82_cap7/landmarks/MAKE/e17800b6.v17.npz,data/raw_videos/ASL VIDEOS/MAKE/e17800b6.mp4,MAKE,MAKE,C_01_032,canonical_and_pinned_raw_text_equal,local_hex_unknown_session,0.952243477295452,MAKE,MAKE|YEAR|USE|GIVE|LOVE,True,True,0.4590432643890381,False
data/local/local_citizen100_quality_audit_q82_cap7/landmarks/MAKE/e880ee91.v17.npz,data/raw_videos/ASL VIDEOS/MAKE/e880ee91.mp4,MAKE,MAKE,C_01_032,canonical_and_pinned_raw_text_equal,local_hex_unknown_session,0.9664638455344059,MAKE,MAKE|LOVE|HOW|HELP|YEAR,True,True,0.7360461950302124,False
data/local/local_citizen100_quality_audit_q82_cap7/landmarks/MAN/28376699.v17.npz,data/raw_videos/ASL VIDEOS/MAN/28376699.mp4,MAN,MAN,C_01_040,canonical_and_pinned_raw_text_equal,local_hex_unknown_session,0.8256166670309896,MAN,MAN|LESS|WOMAN|YESTERDAY|DAY,True,True,0.6383259892463684,False
data/local/local_citizen100_quality_audit_q82_cap7/landmarks/MAN/7cd419c8.v17.npz,data/raw_videos/ASL VIDEOS/MAN/7cd419c8.mp4,MAN,MAN,C_01_040,canonical_and_pinned_raw_text_equal,local_hex_unknown_session,0.9064697847775094,MAN,MAN|LEARN|DRINK|FATHER|LESS,True,True,0.8234484195709229,False
data/local/local_citizen100_quality_audit_q82_cap7/landmarks/MAN/8dca8c78.v17.npz,data/raw_videos/ASL VIDEOS/MAN/8dca8c78.mp4,MAN,MAN,C_01_040,canonical_and_pinned_raw_text_equal,local_hex_unknown_session,0.8971762106901326,MAN,MAN|LEARN|FATHER|LESS|SAD,True,True,0.6693593263626099,False
data/local/local_citizen100_quality_audit_q82_cap7/landmarks/MAN/99984b1c.v17.npz,data/raw_videos/ASL VIDEOS/MAN/99984b1c.mp4,MAN,MAN,C_01_040,canonical_and_pinned_raw_text_equal,local_hex_unknown_session,0.9171113848923478,MAN,MAN|FATHER|LESS|SAD|WOMAN,True,True,0.8882046341896057,False
data/local/local_citizen100_quality_audit_q82_cap7/landmarks/MAN/9bd0f908.v17.npz,data/raw_videos/ASL VIDEOS/MAN/9bd0f908.mp4,MAN,MAN,C_01_040,canonical_and_pinned_raw_text_equal,local_hex_unknown_session,0.9271419087749352,MAN,MAN|FATHER|TAKE|YESTERDAY|ASK,True,True,0.500745952129364,False
data/local/local_citizen100_quality_audit_q82_cap7/landmarks/MAN/bfc903df.v17.npz,data/raw_videos/ASL VIDEOS/MAN/bfc903df.mp4,MAN,MAN,C_01_040,canonical_and_pinned_raw_text_equal,local_hex_unknown_session,0.8212697937149747,MAN,MAN|YESTERDAY|FIND|LESS|WOMAN,True,True,0.24397659301757812,False
data/local/local_citizen100_quality_audit_q82_cap7/landmarks/MAN/dd8f55a4.v17.npz,data/raw_videos/ASL VIDEOS/MAN/dd8f55a4.mp4,MAN,MAN,C_01_040,canonical_and_pinned_raw_text_equal,local_hex_unknown_session,0.9200554032662752,MAN,MAN|LEARN|FATHER|FIND|DRINK,True,True,0.261758029460907,False
data/local/local_citizen100_quality_audit_q82_cap7/landmarks/MAYBE/02da4874.v17.npz,data/raw_videos/ASL VIDEOS/MAYBE/02da4874.mp4,MAYBE,MAYBE,B_03_022,canonical_and_pinned_raw_text_equal,local_hex_unknown_session,0.9231418146063111,MAYBE,MAYBE|WHY|WANT|GIVE|STOP,True,True,0.9063921570777893,False
data/local/local_citizen100_quality_audit_q82_cap7/landmarks/MAYBE/0416d58e.v17.npz,data/raw_videos/ASL VIDEOS/MAYBE/0416d58e.mp4,MAYBE,MAYBE,B_03_022,canonical_and_pinned_raw_text_equal,local_hex_unknown_session,0.8456421159396726,MAYBE,MAYBE|EXCITED|NOW|WHAT|BIG,True,True,0.7535988688468933,False
data/local/local_citizen100_quality_audit_q82_cap7/landmarks/MAYBE/0a4ebdb1.v17.npz,data/raw_videos/ASL VIDEOS/MAYBE/0a4ebdb1.mp4,MAYBE,MAYBE,B_03_022,canonical_and_pinned_raw_text_equal,local_hex_unknown_session,0.84445064581253,WAIT,WAIT|EASY|MAYBE|THANKYOU|EXCITED,False,True,0.10486353188753128,False
data/local/local_citizen100_quality_audit_q82_cap7/landmarks/MAYBE/30135481.v17.npz,data/raw_videos/ASL VIDEOS/MAYBE/30135481.mp4,MAYBE,MAYBE,B_03_022,canonical_and_pinned_raw_text_equal,local_hex_unknown_session,0.932162983260417,MAYBE,MAYBE|WHAT|EXCITED|WANT|CHILD,True,True,0.8859186768531799,False
data/local/local_citizen100_quality_audit_q82_cap7/landmarks/MAYBE/441b9898.v17.npz,data/raw_videos/ASL VIDEOS/MAYBE/441b9898.mp4,MAYBE,MAYBE,B_03_022,canonical_and_pinned_raw_text_equal,local_hex_unknown_session,0.929990232065641,WAIT,WAIT|MAYBE|WANT|EXCITED|GIVE,False,True,0.22853970527648926,False
data/local/local_citizen100_quality_audit_q82_cap7/landmarks/MAYBE/67fca880.v17.npz,data/raw_videos/ASL VIDEOS/MAYBE/67fca880.mp4,MAYBE,MAYBE,B_03_022,canonical_and_pinned_raw_text_equal,local_hex_unknown_session,0.8548511029878504,MAYBE,MAYBE|WHY|WANT|WHAT|EXCITED,True,True,0.7765235304832458,False
data/local/local_citizen100_quality_audit_q82_cap7/landmarks/MAYBE/b46eb625.v17.npz,data/raw_videos/ASL VIDEOS/MAYBE/b46eb625.mp4,MAYBE,MAYBE,B_03_022,canonical_and_pinned_raw_text_equal,local_hex_unknown_session,0.9243182168087472,WHAT,WHAT|SAME|MAYBE|IMPORTANT|READ,False,True,0.10677807033061981,False
data/local/local_citizen100_quality_audit_q82_cap7/landmarks/MORE/070bf803.v17.npz,data/raw_videos/ASL VIDEOS/MORE/070bf803.mp4,MORE,MORE,B_03_032,canonical_and_pinned_raw_text_equal,local_hex_unknown_session,0.9389690910559301,MORE,MORE|HOME|NIGHT|COLD|DOCTOR,True,True,0.9443696737289429,False
data/local/local_citizen100_quality_audit_q82_cap7/landmarks/MORE/2e3262ee.v17.npz,data/raw_videos/ASL VIDEOS/MORE/2e3262ee.mp4,MORE,MORE,B_03_032,canonical_and_pinned_raw_text_equal,local_hex_unknown_session,0.9863410249996649,MORE,MORE|HOME|COLD|LIKE|KNOW,True,True,0.9138535261154175,False
data/local/local_citizen100_quality_audit_q82_cap7/landmarks/MORE/5ef7d69f.v17.npz,data/raw_videos/ASL VIDEOS/MORE/5ef7d69f.mp4,MORE,MORE,B_03_032,canonical_and_pinned_raw_text_equal,local_hex_unknown_session,0.8545072644680478,MORE,MORE|DOCTOR|COLD|GIVE|LIKE,True,True,0.9146761298179626,False
data/local/local_citizen100_quality_audit_q82_cap7/landmarks/MORE/b8f257c8.v17.npz,data/raw_videos/ASL VIDEOS/MORE/b8f257c8.mp4,MORE,MORE,B_03_032,canonical_and_pinned_raw_text_equal,local_hex_unknown_session,0.8898127449829956,MORE,MORE|COLD|HOME|GIVE|MORNING,True,True,0.7292565107345581,False
data/local/local_citizen100_quality_audit_q82_cap7/landmarks/MORE/c2cf58aa.v17.npz,data/raw_videos/ASL VIDEOS/MORE/c2cf58aa.mp4,MORE,MORE,B_03_032,canonical_and_pinned_raw_text_equal,local_hex_unknown_session,0.9346332965079713,MORE,MORE|DOCTOR|NIGHT|HOME|LIKE,True,True,0.9248127341270447,False
data/local/local_citizen100_quality_audit_q82_cap7/landmarks/MORE/f5b742f3.v17.npz,data/raw_videos/ASL VIDEOS/MORE/f5b742f3.mp4,MORE,MORE,B_03_032,canonical_and_pinned_raw_text_equal,local_hex_unknown_session,0.8705306145892003,MORE,MORE|DOCTOR|MORNING|HOW|NIGHT,True,True,0.7105201482772827,False
data/local/local_citizen100_quality_audit_q82_cap7/landmarks/MORE/fe925fb7.v17.npz,data/raw_videos/ASL VIDEOS/MORE/fe925fb7.mp4,MORE,MORE,B_03_032,canonical_and_pinned_raw_text_equal,local_hex_unknown_session,0.941257994703143,MORE,MORE|HOME|MORNING|LIKE|DOCTOR,True,True,0.5706615447998047,False
data/local/local_citizen100_quality_audit_q82_cap7/landmarks/MORNING/17d784c5.v17.npz,data/raw_videos/ASL VIDEOS/MORNING/17d784c5.mp4,MORNING,MORNING,C_02_012,canonical_and_pinned_raw_text_equal,local_hex_unknown_session,0.9745085372425258,MORNING,MORNING|UNDERSTAND|YEAR|SICK|LEARN,True,True,0.9157187938690186,False
data/local/local_citizen100_quality_audit_q82_cap7/landmarks/MORNING/49083c25.v17.npz,data/raw_videos/ASL VIDEOS/MORNING/49083c25.mp4,MORNING,MORNING,C_02_012,canonical_and_pinned_raw_text_equal,local_hex_unknown_session,0.9319325597453447,SAD,SAD|LESS|MORNING|WHAT|SMALL,False,True,0.09747859835624695,False
data/local/local_citizen100_quality_audit_q82_cap7/landmarks/MORNING/54565e7c.v17.npz,data/raw_videos/ASL VIDEOS/MORNING/54565e7c.mp4,MORNING,MORNING,C_02_012,canonical_and_pinned_raw_text_equal,local_hex_unknown_session,0.9257690474652738,MORNING,MORNING|LEARN|STOP|DAY|SICK,True,True,0.8523633480072021,False
data/local/local_citizen100_quality_audit_q82_cap7/landmarks/MORNING/6bdad100.v17.npz,data/raw_videos/ASL VIDEOS/MORNING/6bdad100.mp4,MORNING,MORNING,C_02_012,canonical_and_pinned_raw_text_equal,local_hex_unknown_session,0.9492164843243741,MORNING,MORNING|SICK|LEARN|EASY|UNDERSTAND,True,True,0.8770684599876404,False
data/local/local_citizen100_quality_audit_q82_cap7/landmarks/MORNING/MORNING_16.v17.npz,data/raw_videos/ASL VIDEOS/MORNING/MORNING_16.mp4,MORNING,MORNING,C_02_012,canonical_and_pinned_raw_text_equal,local_numbered_single_session,0.907966226675258,MORNING,MORNING|EAT|STOP|SICK|LIKE,True,True,0.960910439491272,False
data/local/local_citizen100_quality_audit_q82_cap7/landmarks/MORNING/c2698524.v17.npz,data/raw_videos/ASL VIDEOS/MORNING/c2698524.mp4,MORNING,MORNING,C_02_012,canonical_and_pinned_raw_text_equal,local_hex_unknown_session,0.9541637977961976,MORNING,MORNING|SICK|EAT|DAY|YEAR,True,True,0.9578471779823303,False
data/local/local_citizen100_quality_audit_q82_cap7/landmarks/MORNING/d6b9ada8.v17.npz,data/raw_videos/ASL VIDEOS/MORNING/d6b9ada8.mp4,MORNING,MORNING,C_02_012,canonical_and_pinned_raw_text_equal,local_hex_unknown_session,0.9423070678891368,MORNING,MORNING|STOP|LOVE|DAY|USE,True,True,0.9497133493423462,False
data/local/local_citizen100_quality_audit_q82_cap7/landmarks/MOTHER/47637c15.v17.npz,data/raw_videos/ASL VIDEOS/MOTHER/47637c15.mp4,MOTHER,MOTHER,B_02_008,canonical_and_pinned_raw_text_equal,local_hex_unknown_session,0.8648698680754076,MOTHER,MOTHER|DRINK|TALK|YOUR|HELLO,True,True,0.8436835408210754,False
data/local/local_citizen100_quality_audit_q82_cap7/landmarks/MOTHER/9606e3e8.v17.npz,data/raw_videos/ASL VIDEOS/MOTHER/9606e3e8.mp4,MOTHER,MOTHER,B_02_008,canonical_and_pinned_raw_text_equal,local_hex_unknown_session,0.8695451665322904,MOTHER,MOTHER|HEAR|GOODBYE|TALK|YOUR,True,True,0.27056601643562317,False
data/local/local_citizen100_quality_audit_q82_cap7/landmarks/MOTHER/b0644df4.v17.npz,data/raw_videos/ASL VIDEOS/MOTHER/b0644df4.mp4,MOTHER,MOTHER,B_02_008,canonical_and_pinned_raw_text_equal,local_hex_unknown_session,0.9999952521998512,MOTHER,MOTHER|TALK|THANKYOU|WAIT|EAT,True,True,0.46930399537086487,False
data/local/local_citizen100_quality_audit_q82_cap7/landmarks/MOTHER/c41516e0.v17.npz,data/raw_videos/ASL VIDEOS/MOTHER/c41516e0.mp4,MOTHER,MOTHER,B_02_008,canonical_and_pinned_raw_text_equal,local_hex_unknown_session,0.9618135246470676,MOTHER,MOTHER|HEAR|TALK|GOODBYE|YOUR,True,True,0.8281551003456116,False
data/local/local_citizen100_quality_audit_q82_cap7/landmarks/MOTHER/da80928d.v17.npz,data/raw_videos/ASL VIDEOS/MOTHER/da80928d.mp4,MOTHER,MOTHER,B_02_008,canonical_and_pinned_raw_text_equal,local_hex_unknown_session,0.8447650581498551,HEAR,HEAR|MOTHER|HELLO|DRINK|GOODBYE,False,True,0.19365514814853668,False
data/local/local_citizen100_quality_audit_q82_cap7/landmarks/MOTHER/ec713660.v17.npz,data/raw_videos/ASL VIDEOS/MOTHER/ec713660.mp4,MOTHER,MOTHER,B_02_008,canonical_and_pinned_raw_text_equal,local_hex_unknown_session,0.8306326518057046,MOTHER,MOTHER|HEAR|YOUR|GOODBYE|HELLO,True,True,0.6056418418884277,False
data/local/local_citizen100_quality_audit_q82_cap7/landmarks/MOTHER/f8859389.v17.npz,data/raw_videos/ASL VIDEOS/MOTHER/f8859389.mp4,MOTHER,MOTHER,B_02_008,canonical_and_pinned_raw_text_equal,local_hex_unknown_session,0.9399767957588401,MOTHER,MOTHER|HEAR|HELLO|YOUR|DRINK,True,True,0.736322283744812,False
data/local/local_citizen100_quality_audit_q82_cap7/landmarks/MY/0a7dc0f7.v17.npz,data/raw_videos/ASL VIDEOS/MY/0a7dc0f7.mp4,MY,MY,C_01_060,canonical_and_pinned_raw_text_equal,local_hex_unknown_session,0.9627000181671691,COME,COME|GIVE|HUNGRY|LIKE|WE,False,False,0.018014438450336456,False
data/local/local_citizen100_quality_audit_q82_cap7/landmarks/MY/2127cb77.v17.npz,data/raw_videos/ASL VIDEOS/MY/2127cb77.mp4,MY,MY,C_01_060,canonical_and_pinned_raw_text_equal,local_hex_unknown_session,0.8888862368307012,PLEASE,PLEASE|MY|SORRY|LIKE|DOCTOR,False,True,0.06693239510059357,False
data/local/local_citizen100_quality_audit_q82_cap7/landmarks/MY/3415c765.v17.npz,data/raw_videos/ASL VIDEOS/MY/3415c765.mp4,MY,MY,C_01_060,canonical_and_pinned_raw_text_equal,local_hex_unknown_session,0.9441421468741101,MY,MY|PLEASE|LIKE|HAPPY|WOMAN,True,True,0.8945280909538269,False
data/local/local_citizen100_quality_audit_q82_cap7/landmarks/MY/5b617711.v17.npz,data/raw_videos/ASL VIDEOS/MY/5b617711.mp4,MY,MY,C_01_060,canonical_and_pinned_raw_text_equal,local_hex_unknown_session,0.8735298415233783,PLEASE,PLEASE|MY|LIKE|FEEL|HUNGRY,False,True,0.06767120212316513,False
data/local/local_citizen100_quality_audit_q82_cap7/landmarks/MY/MY_1.v17.npz,data/raw_videos/ASL VIDEOS/MY/MY_1.mp4,MY,MY,C_01_060,canonical_and_pinned_raw_text_equal,local_numbered_single_session,0.9859599204377063,PLEASE,PLEASE|MY|LIKE|HAPPY|HUNGRY,False,True,0.3671843409538269,False
data/local/local_citizen100_quality_audit_q82_cap7/landmarks/MY/e5346369.v17.npz,data/raw_videos/ASL VIDEOS/MY/e5346369.mp4,MY,MY,C_01_060,canonical_and_pinned_raw_text_equal,local_hex_unknown_session,0.8882988218864635,MY,MY|BAD|GOODBYE|EASY|THANKYOU,True,True,0.3302995264530182,False
data/local/local_citizen100_quality_audit_q82_cap7/landmarks/MY/fe87457e.v17.npz,data/raw_videos/ASL VIDEOS/MY/fe87457e.mp4,MY,MY,C_01_060,canonical_and_pinned_raw_text_equal,local_hex_unknown_session,0.9371746102391851,COME,COME|GIVE|WE|OUR|LIKE,False,False,0.005353190936148167,False
data/local/local_citizen100_quality_audit_q82_cap7/landmarks/NAME/03b53ad8.v17.npz,data/raw_videos/ASL VIDEOS/NAME/03b53ad8.mp4,NAME,NAME,D_01_021,canonical_and_pinned_raw_text_equal,local_hex_unknown_session,0.9405936475955357,NAME,NAME|USE|TIME|MAKE|READ,True,True,0.9451338052749634,False
data/local/local_citizen100_quality_audit_q82_cap7/landmarks/NAME/2f9cdf31.v17.npz,data/raw_videos/ASL VIDEOS/NAME/2f9cdf31.mp4,NAME,NAME,D_01_021,canonical_and_pinned_raw_text_equal,local_hex_unknown_session,0.9366790969366361,NAME,NAME|USE|READ|SEE|LIKE,True,True,0.860061764717102,False
data/local/local_citizen100_quality_audit_q82_cap7/landmarks/NAME/315d535c.v17.npz,data/raw_videos/ASL VIDEOS/NAME/315d535c.mp4,NAME,NAME,D_01_021,canonical_and_pinned_raw_text_equal,local_hex_unknown_session,0.9602687163517977,NAME,NAME|READ|USE|LIKE|ANGRY,True,True,0.8912218809127808,False
data/local/local_citizen100_quality_audit_q82_cap7/landmarks/NAME/4c30551e.v17.npz,data/raw_videos/ASL VIDEOS/NAME/4c30551e.mp4,NAME,NAME,D_01_021,canonical_and_pinned_raw_text_equal,local_hex_unknown_session,0.9123742560742156,NAME,NAME|USE|READ|TIME|MAKE,True,True,0.8948718309402466,False
data/local/local_citizen100_quality_audit_q82_cap7/landmarks/NAME/NAME_6.v17.npz,data/raw_videos/ASL VIDEOS/NAME/NAME_6.mp4,NAME,NAME,D_01_021,canonical_and_pinned_raw_text_equal,local_numbered_single_session,0.9491837117468773,NAME,NAME|ANGRY|READ|USE|LIKE,True,True,0.955248236656189,False
data/local/local_citizen100_quality_audit_q82_cap7/landmarks/NAME/db9a5e8a.v17.npz,data/raw_videos/ASL VIDEOS/NAME/db9a5e8a.mp4,NAME,NAME,D_01_021,canonical_and_pinned_raw_text_equal,local_hex_unknown_session,0.9271889357036874,USE,USE|NAME|THEY|SEE|HOSPITAL,False,True,0.15709729492664337,False
data/local/local_citizen100_quality_audit_q82_cap7/landmarks/NAME/e71e5c85.v17.npz,data/raw_videos/ASL VIDEOS/NAME/e71e5c85.mp4,NAME,NAME,D_01_021,canonical_and_pinned_raw_text_equal,local_hex_unknown_session,0.8485918520815889,NAME,NAME|USE|TIME|MAKE|READ,True,True,0.8795278668403625,False
data/local/local_citizen100_quality_audit_q82_cap7/landmarks/NEED/1812038d.v17.npz,data/raw_videos/ASL VIDEOS/NEED/1812038d.mp4,NEED,NEED,C_02_034,canonical_and_pinned_raw_text_equal,local_hex_unknown_session,0.8259228611977834,THINK,THINK|ASK|NEED|DAY|UNDERSTAND,False,True,0.08359652757644653,False
data/local/local_citizen100_quality_audit_q82_cap7/landmarks/NEED/2167582c.v17.npz,data/raw_videos/ASL VIDEOS/NEED/2167582c.mp4,NEED,NEED,C_02_034,canonical_and_pinned_raw_text_equal,local_hex_unknown_session,0.8756377214748616,NEED,NEED|SIGN|THINK|YES|TIME,True,True,0.9192969799041748,False
data/local/local_citizen100_quality_audit_q82_cap7/landmarks/NEED/24c441eb.v17.npz,data/raw_videos/ASL VIDEOS/NEED/24c441eb.mp4,NEED,NEED,C_02_034,canonical_and_pinned_raw_text_equal,local_hex_unknown_session,0.9602311815686183,YOU,YOU|NEED|THEY|ASK|WHERE,False,True,0.15081565082073212,False
data/local/local_citizen100_quality_audit_q82_cap7/landmarks/NEED/4d977590.v17.npz,data/raw_videos/ASL VIDEOS/NEED/4d977590.mp4,NEED,NEED,C_02_034,canonical_and_pinned_raw_text_equal,local_hex_unknown_session,0.9359017154539742,ASK,ASK|WHO|YOU|WORK|ANSWER,False,False,0.013371787965297699,False
data/local/local_citizen100_quality_audit_q82_cap7/landmarks/NEED/NEED_1.v17.npz,data/raw_videos/ASL VIDEOS/NEED/NEED_1.mp4,NEED,NEED,C_02_034,canonical_and_pinned_raw_text_equal,local_numbered_single_session,0.9950632920413647,NEED,NEED|ASK|GO|YOU|ANSWER,True,True,0.49363255500793457,False
data/local/local_citizen100_quality_audit_q82_cap7/landmarks/NEED/b9f67bb8.v17.npz,data/raw_videos/ASL VIDEOS/NEED/b9f67bb8.mp4,NEED,NEED,C_02_034,canonical_and_pinned_raw_text_equal,local_hex_unknown_session,0.9483090989865148,NEED,NEED|CHILD|YES|HE|WHERE,True,True,0.583651602268219,False
data/local/local_citizen100_quality_audit_q82_cap7/landmarks/NEED/ee316514.v17.npz,data/raw_videos/ASL VIDEOS/NEED/ee316514.mp4,NEED,NEED,C_02_034,canonical_and_pinned_raw_text_equal,local_hex_unknown_session,0.9224227153314093,HE,HE|WHERE|NEED|I|CHILD,False,True,0.030894873663783073,False
data/local/local_citizen100_quality_audit_q82_cap7/landmarks/NIGHT/2038c3ca.v17.npz,data/raw_videos/ASL VIDEOS/NIGHT/2038c3ca.mp4,NIGHT,NIGHT1,A_01_003,canonical_only_variant_review_required,local_hex_unknown_session,0.9240569417349958,SAME,SAME|PLEASE|DOCTOR|WE|SORRY,False,False,0.005662284325808287,False
data/local/local_citizen100_quality_audit_q82_cap7/landmarks/NIGHT/44bbc21d.v17.npz,data/raw_videos/ASL VIDEOS/NIGHT/44bbc21d.mp4,NIGHT,NIGHT1,A_01_003,canonical_only_variant_review_required,local_hex_unknown_session,0.9756361559011908,NIGHT,NIGHT|DOCTOR|YEAR|MAKE|TIME,True,True,0.5561743974685669,False
data/local/local_citizen100_quality_audit_q82_cap7/landmarks/NIGHT/62f12a2c.v17.npz,data/raw_videos/ASL VIDEOS/NIGHT/62f12a2c.mp4,NIGHT,NIGHT1,A_01_003,canonical_only_variant_review_required,local_hex_unknown_session,0.9570232541813641,NIGHT,NIGHT|DOCTOR|LESS|MORE|MY,True,True,0.9175192713737488,False
data/local/local_citizen100_quality_audit_q82_cap7/landmarks/NIGHT/7b1bff8c.v17.npz,data/raw_videos/ASL VIDEOS/NIGHT/7b1bff8c.mp4,NIGHT,NIGHT1,A_01_003,canonical_only_variant_review_required,local_hex_unknown_session,0.9515219216371424,NIGHT,NIGHT|SCHOOL|DOCTOR|LESS|USE,True,True,0.8171594142913818,False
data/local/local_citizen100_quality_audit_q82_cap7/landmarks/NIGHT/NIGHT_13.v17.npz,data/raw_videos/ASL VIDEOS/NIGHT/NIGHT_13.mp4,NIGHT,NIGHT1,A_01_003,canonical_only_variant_review_required,local_numbered_single_session,0.8885857838000855,NIGHT,NIGHT|LEARN|YEAR|DAY|ANSWER,True,True,0.35114458203315735,False
data/local/local_citizen100_quality_audit_q82_cap7/landmarks/NIGHT/dc33498c.v17.npz,data/raw_videos/ASL VIDEOS/NIGHT/dc33498c.mp4,NIGHT,NIGHT1,A_01_003,canonical_only_variant_review_required,local_hex_unknown_session,0.9536021343152399,NIGHT,NIGHT|MORE|LEARN|USE|NAME,True,True,0.8939555287361145,False
data/local/local_citizen100_quality_audit_q82_cap7/landmarks/NIGHT/fafe9920.v17.npz,data/raw_videos/ASL VIDEOS/NIGHT/fafe9920.mp4,NIGHT,NIGHT1,A_01_003,canonical_only_variant_review_required,local_hex_unknown_session,0.8954251391637074,NIGHT,NIGHT|LEARN|SCHOOL|DRINK|USE,True,True,0.8414030075073242,False
data/local/local_citizen100_quality_audit_q82_cap7/landmarks/NO/3792f0fe.v17.npz,data/raw_videos/ASL VIDEOS/NO/3792f0fe.mp4,NO,NO,C_03_041,canonical_and_pinned_raw_text_equal,local_hex_unknown_session,0.9101070481091738,NO,NO|GOODBYE|NEED|LISTEN|SLEEP,True,True,0.7287077903747559,False
data/local/local_citizen100_quality_audit_q82_cap7/landmarks/NO/5285fdba.v17.npz,data/raw_videos/ASL VIDEOS/NO/5285fdba.mp4,NO,NO,C_03_041,canonical_and_pinned_raw_text_equal,local_hex_unknown_session,0.9399199688491611,LISTEN,LISTEN|NO|SEE|READY|HEAR,False,True,0.09548266232013702,False
data/local/local_citizen100_quality_audit_q82_cap7/landmarks/NO/8b8d48f8.v17.npz,data/raw_videos/ASL VIDEOS/NO/8b8d48f8.mp4,NO,NO,C_03_041,canonical_and_pinned_raw_text_equal,local_hex_unknown_session,0.9522599029046589,NO,NO|LISTEN|GOODBYE|NEED|WHERE,True,True,0.6019453406333923,False
data/local/local_citizen100_quality_audit_q82_cap7/landmarks/NO/NO_7.v17.npz,data/raw_videos/ASL VIDEOS/NO/NO_7.mp4,NO,NO,C_03_041,canonical_and_pinned_raw_text_equal,local_numbered_single_session,0.996540686128615,NO,NO|LISTEN|GOODBYE|WHERE|READY,True,True,0.6507439613342285,False
data/local/local_citizen100_quality_audit_q82_cap7/landmarks/NO/afa4a312.v17.npz,data/raw_videos/ASL VIDEOS/NO/afa4a312.mp4,NO,NO,C_03_041,canonical_and_pinned_raw_text_equal,local_hex_unknown_session,0.822891990443715,NO,NO|WATER|READ|USE|READY,True,True,0.8607274293899536,False
data/local/local_citizen100_quality_audit_q82_cap7/landmarks/NO/eb074895.v17.npz,data/raw_videos/ASL VIDEOS/NO/eb074895.mp4,NO,NO,C_03_041,canonical_and_pinned_raw_text_equal,local_hex_unknown_session,0.9152651074530411,LISTEN,LISTEN|SEE|NO|USE|WHY,False,True,0.0613677091896534,False
data/local/local_citizen100_quality_audit_q82_cap7/landmarks/NO/f9d6d502.v17.npz,data/raw_videos/ASL VIDEOS/NO/f9d6d502.mp4,NO,NO,C_03_041,canonical_and_pinned_raw_text_equal,local_hex_unknown_session,0.988279949376097,LISTEN,LISTEN|THINK|WHY|NEED|HE,False,False,0.011555748991668224,False
data/local/local_citizen100_quality_audit_q82_cap7/landmarks/NOW/451467eb.v17.npz,data/raw_videos/ASL VIDEOS/NOW/451467eb.mp4,NOW,NOW,C_03_062,canonical_and_pinned_raw_text_equal,local_hex_unknown_session,0.9903011908007313,HAVE,HAVE|NOW|TIRED|HOW|HELP,False,True,0.21510642766952515,False
data/local/local_citizen100_quality_audit_q82_cap7/landmarks/NOW/7eaa0852.v17.npz,data/raw_videos/ASL VIDEOS/NOW/7eaa0852.mp4,NOW,NOW,C_03_062,canonical_and_pinned_raw_text_equal,local_hex_unknown_session,0.8958143159892736,NOW,NOW|BIG|HEAR|TOMORROW|THANKYOU,True,True,0.9570892453193665,False
data/local/local_citizen100_quality_audit_q82_cap7/landmarks/NOW/NOW_8.v17.npz,data/raw_videos/ASL VIDEOS/NOW/NOW_8.mp4,NOW,NOW,C_03_062,canonical_and_pinned_raw_text_equal,local_numbered_single_session,0.9119580196229387,NOW,NOW|WANT|TRY|BIG|EAT,True,True,0.8981994390487671,False
data/local/local_citizen100_quality_audit_q82_cap7/landmarks/NOW/b971e7ae.v17.npz,data/raw_videos/ASL VIDEOS/NOW/b971e7ae.mp4,NOW,NOW,C_03_062,canonical_and_pinned_raw_text_equal,local_hex_unknown_session,0.9396412050093603,MAYBE,MAYBE|WANT|WAIT|LANGUAGE|GIVE,False,False,0.016894126310944557,False
data/local/local_citizen100_quality_audit_q82_cap7/landmarks/NOW/cfa39b8f.v17.npz,data/raw_videos/ASL VIDEOS/NOW/cfa39b8f.mp4,NOW,NOW,C_03_062,canonical_and_pinned_raw_text_equal,local_hex_unknown_session,0.9313314896804314,NOW,NOW|TRY|MAYBE|SMALL|TIRED,True,True,0.40423619747161865,False
data/local/local_citizen100_quality_audit_q82_cap7/landmarks/NOW/d374d8ca.v17.npz,data/raw_videos/ASL VIDEOS/NOW/d374d8ca.mp4,NOW,NOW,C_03_062,canonical_and_pinned_raw_text_equal,local_hex_unknown_session,0.9382128282395376,NOW,NOW|MAYBE|WANT|WAIT|THANKYOU,True,True,0.552794337272644,False
data/local/local_citizen100_quality_audit_q82_cap7/landmarks/NOW/ee0c6eac.v17.npz,data/raw_videos/ASL VIDEOS/NOW/ee0c6eac.mp4,NOW,NOW,C_03_062,canonical_and_pinned_raw_text_equal,local_hex_unknown_session,0.9567149840628669,NOW,NOW|MAYBE|TOMORROW|UNDERSTAND|TRY,True,True,0.878447413444519,False
data/local/local_citizen100_quality_audit_q82_cap7/landmarks/OUR/0567ec81.v17.npz,data/raw_videos/ASL VIDEOS/OUR/0567ec81.mp4,OUR,OUR,G_02_067,canonical_and_pinned_raw_text_equal,local_hex_unknown_session,0.9299300509114704,OUR,OUR|WE|COME|DAY|WHERE,True,True,0.6867064237594604,False
data/local/local_citizen100_quality_audit_q82_cap7/landmarks/OUR/3141a11d.v17.npz,data/raw_videos/ASL VIDEOS/OUR/3141a11d.mp4,OUR,OUR,G_02_067,canonical_and_pinned_raw_text_equal,local_hex_unknown_session,0.948579287758864,OUR,OUR|COME|LESS|GOODBYE|SAME,True,True,0.7876167893409729,False
data/local/local_citizen100_quality_audit_q82_cap7/landmarks/OUR/3dc7518e.v17.npz,data/raw_videos/ASL VIDEOS/OUR/3dc7518e.mp4,OUR,OUR,G_02_067,canonical_and_pinned_raw_text_equal,local_hex_unknown_session,0.9684521277344522,OUR,OUR|SMALL|TALK|DOCTOR|YOUR,True,True,0.9083349108695984,False
data/local/local_citizen100_quality_audit_q82_cap7/landmarks/OUR/8681bdaf.v17.npz,data/raw_videos/ASL VIDEOS/OUR/8681bdaf.mp4,OUR,OUR,G_02_067,canonical_and_pinned_raw_text_equal,local_hex_unknown_session,0.9480063540161707,OUR,OUR|WE|DAY|COME|SAME,True,True,0.6104573011398315,False
data/local/local_citizen100_quality_audit_q82_cap7/landmarks/OUR/OUR_3.v17.npz,data/raw_videos/ASL VIDEOS/OUR/OUR_3.mp4,OUR,OUR,G_02_067,canonical_and_pinned_raw_text_equal,local_numbered_single_session,0.9664593618670351,OUR,OUR|SMALL|COME|GOODBYE|STOP,True,True,0.9039398431777954,False
data/local/local_citizen100_quality_audit_q82_cap7/landmarks/OUR/e5008330.v17.npz,data/raw_videos/ASL VIDEOS/OUR/e5008330.mp4,OUR,OUR,G_02_067,canonical_and_pinned_raw_text_equal,local_hex_unknown_session,0.8796024797157369,OUR,OUR|YOUR|WOMAN|SAME|WE,True,True,0.8871057033538818,False
data/local/local_citizen100_quality_audit_q82_cap7/landmarks/OUR/e9fcd683.v17.npz,data/raw_videos/ASL VIDEOS/OUR/e9fcd683.mp4,OUR,OUR,G_02_067,canonical_and_pinned_raw_text_equal,local_hex_unknown_session,0.8620707642675028,STOP,STOP|MORNING|GIVE|DOCTOR|LESS,False,False,0.013616012409329414,False
data/local/local_citizen100_quality_audit_q82_cap7/landmarks/PLEASE/2a4d9720.v17.npz,data/raw_videos/ASL VIDEOS/PLEASE/2a4d9720.mp4,PLEASE,PLEASE,B_02_007,canonical_and_pinned_raw_text_equal,local_hex_unknown_session,0.9027223190948599,PLEASE,PLEASE|HAPPY|DOCTOR|FEEL|SAME,True,True,0.9240073561668396,False
data/local/local_citizen100_quality_audit_q82_cap7/landmarks/PLEASE/79f23b5b.v17.npz,data/raw_videos/ASL VIDEOS/PLEASE/79f23b5b.mp4,PLEASE,PLEASE,B_02_007,canonical_and_pinned_raw_text_equal,local_hex_unknown_session,0.9196166863966582,PLEASE,PLEASE|SORRY|MY|LIKE|WRITE,True,True,0.9520978927612305,False
data/local/local_citizen100_quality_audit_q82_cap7/landmarks/PLEASE/83e982ca.v17.npz,data/raw_videos/ASL VIDEOS/PLEASE/83e982ca.mp4,PLEASE,PLEASE,B_02_007,canonical_and_pinned_raw_text_equal,local_hex_unknown_session,0.9306244261135319,PLEASE,PLEASE|HAPPY|FEEL|MY|WRITE,True,True,0.7932485938072205,False
data/local/local_citizen100_quality_audit_q82_cap7/landmarks/PLEASE/8de6f6e7.v17.npz,data/raw_videos/ASL VIDEOS/PLEASE/8de6f6e7.mp4,PLEASE,PLEASE,B_02_007,canonical_and_pinned_raw_text_equal,local_hex_unknown_session,0.825676659352072,PLEASE,PLEASE|DOCTOR|HAPPY|FEEL|SAME,True,True,0.8235664367675781,False
data/local/local_citizen100_quality_audit_q82_cap7/landmarks/PLEASE/9e96ca52.v17.npz,data/raw_videos/ASL VIDEOS/PLEASE/9e96ca52.mp4,PLEASE,PLEASE,B_02_007,canonical_and_pinned_raw_text_equal,local_hex_unknown_session,0.8303146715569981,PLEASE,PLEASE|LIKE|DOCTOR|MY|HAPPY,True,True,0.9546082019805908,False
data/local/local_citizen100_quality_audit_q82_cap7/landmarks/PLEASE/d7c0e303.v17.npz,data/raw_videos/ASL VIDEOS/PLEASE/d7c0e303.mp4,PLEASE,PLEASE,B_02_007,canonical_and_pinned_raw_text_equal,local_hex_unknown_session,0.9242457116798135,PLEASE,PLEASE|MY|DOCTOR|SORRY|TIRED,True,True,0.9538313150405884,False
data/local/local_citizen100_quality_audit_q82_cap7/landmarks/PLEASE/dac36d83.v17.npz,data/raw_videos/ASL VIDEOS/PLEASE/dac36d83.mp4,PLEASE,PLEASE,B_02_007,canonical_and_pinned_raw_text_equal,local_hex_unknown_session,0.8627261467351166,PLEASE,PLEASE|MY|DOCTOR|LIKE|SORRY,True,True,0.9621912240982056,False
data/local/local_citizen100_quality_audit_q82_cap7/landmarks/READ/22674dd4.v17.npz,data/raw_videos/ASL VIDEOS/READ/22674dd4.mp4,READ,READ,A_01_022,canonical_and_pinned_raw_text_equal,local_hex_unknown_session,0.8879880758898708,READ,READ|NAME|LEARN|LIKE|ANSWER,True,True,0.9273921847343445,False
data/local/local_citizen100_quality_audit_q82_cap7/landmarks/READ/5f3588d6.v17.npz,data/raw_videos/ASL VIDEOS/READ/5f3588d6.mp4,READ,READ,A_01_022,canonical_and_pinned_raw_text_equal,local_hex_unknown_session,0.957074229417638,READY,READY|HELLO|FATHER|BIG|GO,False,False,0.027592644095420837,False
data/local/local_citizen100_quality_audit_q82_cap7/landmarks/READ/6560d709.v17.npz,data/raw_videos/ASL VIDEOS/READ/6560d709.mp4,READ,READ,A_01_022,canonical_and_pinned_raw_text_equal,local_hex_unknown_session,0.9435817843819347,WEEK,WEEK|READ|NAME|WRITE|FEEL,False,True,0.1304524540901184,False
data/local/local_citizen100_quality_audit_q82_cap7/landmarks/READ/6b9ad097.v17.npz,data/raw_videos/ASL VIDEOS/READ/6b9ad097.mp4,READ,READ,A_01_022,canonical_and_pinned_raw_text_equal,local_hex_unknown_session,0.8385888386130094,READ,READ|NAME|WRITE|EXCITED|SAD,True,True,0.882665753364563,False
data/local/local_citizen100_quality_audit_q82_cap7/landmarks/READ/9213fd2c.v17.npz,data/raw_videos/ASL VIDEOS/READ/9213fd2c.mp4,READ,READ,A_01_022,canonical_and_pinned_raw_text_equal,local_hex_unknown_session,0.9285229237689974,READ,READ|NO|WHAT|GO|LIKE,True,True,0.958808958530426,False
data/local/local_citizen100_quality_audit_q82_cap7/landmarks/READ/READ_13.v17.npz,data/raw_videos/ASL VIDEOS/READ/READ_13.mp4,READ,READ,A_01_022,canonical_and_pinned_raw_text_equal,local_numbered_single_session,0.9031380177748246,READ,READ|NAME|WATER|WEEK|SAD,True,True,0.8101791739463806,False
data/local/local_citizen100_quality_audit_q82_cap7/landmarks/READ/d15c1609.v17.npz,data/raw_videos/ASL VIDEOS/READ/d15c1609.mp4,READ,READ,A_01_022,canonical_and_pinned_raw_text_equal,local_hex_unknown_session,0.865471149898692,WHAT,WHAT|READ|EXCITED|SICK|LIKE,False,True,0.2154250293970108,False
data/local/local_citizen100_quality_audit_q82_cap7/landmarks/READY/01db0a12.v17.npz,data/raw_videos/ASL VIDEOS/READY/01db0a12.mp4,READY,READY,F_03_042,canonical_and_pinned_raw_text_equal,local_hex_unknown_session,0.8890757050233378,READY,READY|LANGUAGE|DIFFERENT|READ|NO,True,True,0.7911099791526794,False
data/local/local_citizen100_quality_audit_q82_cap7/landmarks/READY/15cb7d89.v17.npz,data/raw_videos/ASL VIDEOS/READY/15cb7d89.mp4,READY,READY,F_03_042,canonical_and_pinned_raw_text_equal,local_hex_unknown_session,0.9099847595244864,READY,READY|DIFFERENT|USE|LANGUAGE|NAME,True,True,0.6940070986747742,False
data/local/local_citizen100_quality_audit_q82_cap7/landmarks/READY/43a4ff43.v17.npz,data/raw_videos/ASL VIDEOS/READY/43a4ff43.mp4,READY,READY,F_03_042,canonical_and_pinned_raw_text_equal,local_hex_unknown_session,0.8590710211963597,READY,READY|USE|DIFFERENT|HOSPITAL|LANGUAGE,True,True,0.7318964600563049,False
data/local/local_citizen100_quality_audit_q82_cap7/landmarks/READY/51b839f4.v17.npz,data/raw_videos/ASL VIDEOS/READY/51b839f4.mp4,READY,READY,F_03_042,canonical_and_pinned_raw_text_equal,local_hex_unknown_session,0.8912174161225461,READY,READY|NO|READ|LANGUAGE|DIFFERENT,True,True,0.7193000316619873,False
data/local/local_citizen100_quality_audit_q82_cap7/landmarks/READY/READY_6.v17.npz,data/raw_videos/ASL VIDEOS/READY/READY_6.mp4,READY,READY,F_03_042,canonical_and_pinned_raw_text_equal,local_numbered_single_session,0.9701991404185756,READY,READY|READ|ANSWER|GO|LANGUAGE,True,True,0.3408328592777252,False
data/local/local_citizen100_quality_audit_q82_cap7/landmarks/READY/ba08a4e0.v17.npz,data/raw_videos/ASL VIDEOS/READY/ba08a4e0.mp4,READY,READY,F_03_042,canonical_and_pinned_raw_text_equal,local_hex_unknown_session,0.9140741716220465,READY,READY|USE|LISTEN|NO|ANSWER,True,True,0.5861627459526062,False
data/local/local_citizen100_quality_audit_q82_cap7/landmarks/READY/dd50d186.v17.npz,data/raw_videos/ASL VIDEOS/READY/dd50d186.mp4,READY,READY,F_03_042,canonical_and_pinned_raw_text_equal,local_hex_unknown_session,0.8613817073952114,READY,READY|READ|USE|NAME|LISTEN,True,True,0.8640630841255188,False
data/local/local_citizen100_quality_audit_q82_cap7/landmarks/SAD/109cd38d.v17.npz,data/raw_videos/ASL VIDEOS/SAD/109cd38d.mp4,SAD,SAD,B_02_053,canonical_and_pinned_raw_text_equal,local_hex_unknown_session,0.8698480260114023,SAD,SAD|WAIT|EASY|WANT|SICK,True,True,0.8448668122291565,False
data/local/local_citizen100_quality_audit_q82_cap7/landmarks/SAD/384dc0a8.v17.npz,data/raw_videos/ASL VIDEOS/SAD/384dc0a8.mp4,SAD,SAD,B_02_053,canonical_and_pinned_raw_text_equal,local_hex_unknown_session,0.9352132906676316,SAD,SAD|KNOW|ANGRY|WAIT|WANT,True,True,0.8678760528564453,False
data/local/local_citizen100_quality_audit_q82_cap7/landmarks/SAD/3ad299ca.v17.npz,data/raw_videos/ASL VIDEOS/SAD/3ad299ca.mp4,SAD,SAD,B_02_053,canonical_and_pinned_raw_text_equal,local_hex_unknown_session,0.8596039912473797,SAD,SAD|WANT|WAIT|HELLO|READ,True,True,0.4271482825279236,False
data/local/local_citizen100_quality_audit_q82_cap7/landmarks/SAD/5252d5c3.v17.npz,data/raw_videos/ASL VIDEOS/SAD/5252d5c3.mp4,SAD,SAD,B_02_053,canonical_and_pinned_raw_text_equal,local_hex_unknown_session,0.8816380514583549,SAD,SAD|ANGRY|SICK|WAIT|WANT,True,True,0.9105008244514465,False
data/local/local_citizen100_quality_audit_q82_cap7/landmarks/SAD/SAD_22.v17.npz,data/raw_videos/ASL VIDEOS/SAD/SAD_22.mp4,SAD,SAD,B_02_053,canonical_and_pinned_raw_text_equal,local_numbered_single_session,0.9963035092347885,SAD,SAD|WANT|WAIT|FAMILY|ANGRY,True,True,0.9093734622001648,False
data/local/local_citizen100_quality_audit_q82_cap7/landmarks/SAD/e3cc9847.v17.npz,data/raw_videos/ASL VIDEOS/SAD/e3cc9847.mp4,SAD,SAD,B_02_053,canonical_and_pinned_raw_text_equal,local_hex_unknown_session,0.8573794548861677,SAD,SAD|EASY|BAD|READ|WAIT,True,True,0.6027882099151611,False
data/local/local_citizen100_quality_audit_q82_cap7/landmarks/SAD/e713c701.v17.npz,data/raw_videos/ASL VIDEOS/SAD/e713c701.mp4,SAD,SAD,B_02_053,canonical_and_pinned_raw_text_equal,local_hex_unknown_session,0.9117662759890498,SAD,SAD|KNOW|ANGRY|SICK|HELLO,True,True,0.9208106398582458,False
data/local/local_citizen100_quality_audit_q82_cap7/landmarks/SCHOOL/1d957a15.v17.npz,data/raw_videos/ASL VIDEOS/SCHOOL/1d957a15.mp4,SCHOOL,SCHOOL,C_03_089,canonical_and_pinned_raw_text_equal,local_hex_unknown_session,0.8433851470336571,STOP,STOP|DOCTOR|SCHOOL|SMALL|MAYBE,False,True,0.13014940917491913,False
data/local/local_citizen100_quality_audit_q82_cap7/landmarks/SCHOOL/4d29ad86.v17.npz,data/raw_videos/ASL VIDEOS/SCHOOL/4d29ad86.mp4,SCHOOL,SCHOOL,C_03_089,canonical_and_pinned_raw_text_equal,local_hex_unknown_session,0.8407677655317045,NIGHT,NIGHT|USE|SCHOOL|MORNING|WORK,False,True,0.06383025646209717,False
data/local/local_citizen100_quality_audit_q82_cap7/landmarks/SCHOOL/6374d3a4.v17.npz,data/raw_videos/ASL VIDEOS/SCHOOL/6374d3a4.mp4,SCHOOL,SCHOOL,C_03_089,canonical_and_pinned_raw_text_equal,local_hex_unknown_session,0.8707066362491551,BAD,BAD|HOT|DRINK|SCHOOL|COME,False,True,0.0569559782743454,False
data/local/local_citizen100_quality_audit_q82_cap7/landmarks/SCHOOL/74c7254b.v17.npz,data/raw_videos/ASL VIDEOS/SCHOOL/74c7254b.mp4,SCHOOL,SCHOOL,C_03_089,canonical_and_pinned_raw_text_equal,local_hex_unknown_session,0.9558438358674033,HELP,HELP|WEEK|SCHOOL|WRITE|STOP,False,True,0.11596080660820007,False
data/local/local_citizen100_quality_audit_q82_cap7/landmarks/SCHOOL/9de273c4.v17.npz,data/raw_videos/ASL VIDEOS/SCHOOL/9de273c4.mp4,SCHOOL,SCHOOL,C_03_089,canonical_and_pinned_raw_text_equal,local_hex_unknown_session,0.9136860257360908,SCHOOL,SCHOOL|STOP|DOCTOR|BAD|LESS,True,True,0.6222149133682251,False
data/local/local_citizen100_quality_audit_q82_cap7/landmarks/SCHOOL/SCHOOL_14.v17.npz,data/raw_videos/ASL VIDEOS/SCHOOL/SCHOOL_14.mp4,SCHOOL,SCHOOL,C_03_089,canonical_and_pinned_raw_text_equal,local_numbered_single_session,0.8290312825388805,SCHOOL,SCHOOL|EASY|STOP|WEEK|LEARN,True,True,0.47364696860313416,False
data/local/local_citizen100_quality_audit_q82_cap7/landmarks/SCHOOL/ef2333ee.v17.npz,data/raw_videos/ASL VIDEOS/SCHOOL/ef2333ee.mp4,SCHOOL,SCHOOL,C_03_089,canonical_and_pinned_raw_text_equal,local_hex_unknown_session,0.8297933875460262,IMPORTANT,IMPORTANT|FIND|FATHER|DRINK|SCHOOL,False,True,0.03476671874523163,False
data/local/local_citizen100_quality_audit_q82_cap7/landmarks/SEE/1321837e.v17.npz,data/raw_videos/ASL VIDEOS/SEE/1321837e.mp4,SEE,SEE,C_02_030,canonical_and_pinned_raw_text_equal,local_hex_unknown_session,0.857235674157951,SEE,SEE|UNDERSTAND|THINK|WHAT|WHY,True,True,0.7188577651977539,False
data/local/local_citizen100_quality_audit_q82_cap7/landmarks/SEE/1d7d2995.v17.npz,data/raw_videos/ASL VIDEOS/SEE/1d7d2995.mp4,SEE,SEE,C_02_030,canonical_and_pinned_raw_text_equal,local_hex_unknown_session,0.8420605194499933,SEE,SEE|UNDERSTAND|LISTEN|WHAT|HE,True,True,0.9125656485557556,False
data/local/local_citizen100_quality_audit_q82_cap7/landmarks/SEE/33d7e40a.v17.npz,data/raw_videos/ASL VIDEOS/SEE/33d7e40a.mp4,SEE,SEE,C_02_030,canonical_and_pinned_raw_text_equal,local_hex_unknown_session,0.8247979584694123,SEE,SEE|UNDERSTAND|TELL|WHAT|HE,True,True,0.8865121603012085,False
data/local/local_citizen100_quality_audit_q82_cap7/landmarks/SEE/5653eb74.v17.npz,data/raw_videos/ASL VIDEOS/SEE/5653eb74.mp4,SEE,SEE,C_02_030,canonical_and_pinned_raw_text_equal,local_hex_unknown_session,0.823757105113895,SEE,SEE|LISTEN|HE|NAME|USE,True,True,0.8681149482727051,False
data/local/local_citizen100_quality_audit_q82_cap7/landmarks/SEE/SEE_1.v17.npz,data/raw_videos/ASL VIDEOS/SEE/SEE_1.mp4,SEE,SEE,C_02_030,canonical_and_pinned_raw_text_equal,local_numbered_single_session,0.9956403872440982,SEE,SEE|LISTEN|WATER|USE|SLEEP,True,True,0.9447267055511475,False
data/local/local_citizen100_quality_audit_q82_cap7/landmarks/SEE/a6415e4d.v17.npz,data/raw_videos/ASL VIDEOS/SEE/a6415e4d.mp4,SEE,SEE,C_02_030,canonical_and_pinned_raw_text_equal,local_hex_unknown_session,0.9610610656277068,SEE,SEE|LISTEN|USE|SLEEP|WATER,True,True,0.9520643949508667,False
data/local/local_citizen100_quality_audit_q82_cap7/landmarks/SEE/bca10bb6.v17.npz,data/raw_videos/ASL VIDEOS/SEE/bca10bb6.mp4,SEE,SEE,C_02_030,canonical_and_pinned_raw_text_equal,local_hex_unknown_session,0.8489137449447124,SEE,SEE|WHERE|HE|USE|TELL,True,True,0.5992956757545471,False
data/local/local_citizen100_quality_audit_q82_cap7/landmarks/SIGN/3bdaa9db.v17.npz,data/raw_videos/ASL VIDEOS/SIGN/3bdaa9db.mp4,SIGN,SIGN,E_03_050,canonical_and_pinned_raw_text_equal,local_hex_unknown_session,0.8833270166120613,GO,GO|DIFFERENT|ANSWER|BIG|READY,False,False,0.0036938267294317484,False
data/local/local_citizen100_quality_audit_q82_cap7/landmarks/SIGN/459419b2.v17.npz,data/raw_videos/ASL VIDEOS/SIGN/459419b2.mp4,SIGN,SIGN,E_03_050,canonical_and_pinned_raw_text_equal,local_hex_unknown_session,0.9009721425705115,GO,GO|ANSWER|DIFFERENT|SIGN|SMALL,False,True,0.03037634678184986,False
data/local/local_citizen100_quality_audit_q82_cap7/landmarks/SIGN/55f64aad.v17.npz,data/raw_videos/ASL VIDEOS/SIGN/55f64aad.mp4,SIGN,SIGN,E_03_050,canonical_and_pinned_raw_text_equal,local_hex_unknown_session,0.8363559694649088,MAN,MAN|WOMAN|SLEEP|LESS|HEAR,False,False,0.0031145112589001656,False
data/local/local_citizen100_quality_audit_q82_cap7/landmarks/SIGN/65766782.v17.npz,data/raw_videos/ASL VIDEOS/SIGN/65766782.mp4,SIGN,SIGN,E_03_050,canonical_and_pinned_raw_text_equal,local_hex_unknown_session,0.9747725996175202,DIFFERENT,DIFFERENT|ASK|GO|ANSWER|HE,False,False,0.003136737272143364,False
data/local/local_citizen100_quality_audit_q82_cap7/landmarks/SIGN/7355babc.v17.npz,data/raw_videos/ASL VIDEOS/SIGN/7355babc.mp4,SIGN,SIGN,E_03_050,canonical_and_pinned_raw_text_equal,local_hex_unknown_session,0.8533478608049248,SIGN,SIGN|WHAT|NEED|TIME|WHEN,True,True,0.9558277130126953,False
data/local/local_citizen100_quality_audit_q82_cap7/landmarks/SIGN/9dc6d501.v17.npz,data/raw_videos/ASL VIDEOS/SIGN/9dc6d501.mp4,SIGN,SIGN,E_03_050,canonical_and_pinned_raw_text_equal,local_hex_unknown_session,0.9750647846773209,TRY,TRY|LANGUAGE|COLD|BIG|WRITE,False,False,0.005848033353686333,False
data/local/local_citizen100_quality_audit_q82_cap7/landmarks/SIGN/SIGN_12.v17.npz,data/raw_videos/ASL VIDEOS/SIGN/SIGN_12.mp4,SIGN,SIGN,E_03_050,canonical_and_pinned_raw_text_equal,local_numbered_single_session,0.9056567204859918,DIFFERENT,DIFFERENT|ANSWER|GO|WHEN|SIGN,False,True,0.01431329920887947,False
data/local/local_citizen100_quality_audit_q82_cap7/landmarks/SLEEP/693acaa6.v17.npz,data/raw_videos/ASL VIDEOS/SLEEP/693acaa6.mp4,SLEEP,SLEEP,B_03_037,canonical_and_pinned_raw_text_equal,local_hex_unknown_session,0.8319979909017963,MORNING,MORNING|FATHER|SICK|KNOW|HOSPITAL,False,False,0.019438982009887695,False
data/local/local_citizen100_quality_audit_q82_cap7/landmarks/SLEEP/8dc5182f.v17.npz,data/raw_videos/ASL VIDEOS/SLEEP/8dc5182f.mp4,SLEEP,SLEEP,B_03_037,canonical_and_pinned_raw_text_equal,local_hex_unknown_session,0.8264462682123755,SLEEP,SLEEP|MORNING|KNOW|FATHER|UNDERSTAND,True,True,0.22968442738056183,False
data/local/local_citizen100_quality_audit_q82_cap7/landmarks/SLEEP/SLEEP_1.v17.npz,data/raw_videos/ASL VIDEOS/SLEEP/SLEEP_1.mp4,SLEEP,SLEEP,B_03_037,canonical_and_pinned_raw_text_equal,local_numbered_single_session,0.999961628053212,SLEEP,SLEEP|SEE|SAD|EAT|UNDERSTAND,True,True,0.738487958908081,False
data/local/local_citizen100_quality_audit_q82_cap7/landmarks/SLEEP/a84a3f96.v17.npz,data/raw_videos/ASL VIDEOS/SLEEP/a84a3f96.mp4,SLEEP,SLEEP,B_03_037,canonical_and_pinned_raw_text_equal,local_hex_unknown_session,0.837519561992196,SLEEP,SLEEP|MAN|SAD|SEE|UNDERSTAND,True,True,0.9405115842819214,False
data/local/local_citizen100_quality_audit_q82_cap7/landmarks/SLEEP/b91d77e5.v17.npz,data/raw_videos/ASL VIDEOS/SLEEP/b91d77e5.mp4,SLEEP,SLEEP,B_03_037,canonical_and_pinned_raw_text_equal,local_hex_unknown_session,0.8230183611330139,SLEEP,SLEEP|MORNING|SAD|EAT|MAN,True,True,0.9254599809646606,False
data/local/local_citizen100_quality_audit_q82_cap7/landmarks/SLEEP/c0125a61.v17.npz,data/raw_videos/ASL VIDEOS/SLEEP/c0125a61.mp4,SLEEP,SLEEP,B_03_037,canonical_and_pinned_raw_text_equal,local_hex_unknown_session,0.9674793707293401,MORNING,MORNING|FATHER|SLEEP|MAN|LOVE,False,True,0.05233089253306389,False
data/local/local_citizen100_quality_audit_q82_cap7/landmarks/SLEEP/e356135d.v17.npz,data/raw_videos/ASL VIDEOS/SLEEP/e356135d.mp4,SLEEP,SLEEP,B_03_037,canonical_and_pinned_raw_text_equal,local_hex_unknown_session,0.8314036369996368,SLEEP,SLEEP|SAD|SEE|FATHER|MAN,True,True,0.4993024170398712,False
data/local/local_citizen100_quality_audit_q82_cap7/landmarks/SMALL/34127323.v17.npz,data/raw_videos/ASL VIDEOS/SMALL/34127323.mp4,SMALL,SMALL,D_01_030,canonical_and_pinned_raw_text_equal,local_hex_unknown_session,0.8812836467607279,DOCTOR,DOCTOR|SAME|WRITE|COLD|WHAT,False,False,0.009885331615805626,False
data/local/local_citizen100_quality_audit_q82_cap7/landmarks/SMALL/47610822.v17.npz,data/raw_videos/ASL VIDEOS/SMALL/47610822.mp4,SMALL,SMALL,D_01_030,canonical_and_pinned_raw_text_equal,local_hex_unknown_session,0.9100864901771136,SMALL,SMALL|DOCTOR|SCHOOL|EASY|WRITE,True,True,0.7139330506324768,False
data/local/local_citizen100_quality_audit_q82_cap7/landmarks/SMALL/5e1891a7.v17.npz,data/raw_videos/ASL VIDEOS/SMALL/5e1891a7.mp4,SMALL,SMALL,D_01_030,canonical_and_pinned_raw_text_equal,local_hex_unknown_session,0.8767189896323495,SMALL,SMALL|DOCTOR|OUR|LESS|MORE,True,True,0.928641676902771,False
data/local/local_citizen100_quality_audit_q82_cap7/landmarks/SMALL/7bc56866.v17.npz,data/raw_videos/ASL VIDEOS/SMALL/7bc56866.mp4,SMALL,SMALL,D_01_030,canonical_and_pinned_raw_text_equal,local_hex_unknown_session,0.8915523633560378,SMALL,SMALL|MORE|WANT|SAD|MORNING,True,True,0.9532886147499084,False
data/local/local_citizen100_quality_audit_q82_cap7/landmarks/SMALL/SMALL_25.v17.npz,data/raw_videos/ASL VIDEOS/SMALL/SMALL_25.mp4,SMALL,SMALL,D_01_030,canonical_and_pinned_raw_text_equal,local_numbered_single_session,0.9526209167651408,SMALL,SMALL|DOCTOR|COLD|TIRED|SAME,True,True,0.5145209431648254,False
data/local/local_citizen100_quality_audit_q82_cap7/landmarks/SMALL/db9fbf0b.v17.npz,data/raw_videos/ASL VIDEOS/SMALL/db9fbf0b.mp4,SMALL,SMALL,D_01_030,canonical_and_pinned_raw_text_equal,local_hex_unknown_session,0.9347451336114709,SMALL,SMALL|DOCTOR|SCHOOL|TALK|STOP,True,True,0.8756717443466187,False
data/local/local_citizen100_quality_audit_q82_cap7/landmarks/SMALL/ffe00b7f.v17.npz,data/raw_videos/ASL VIDEOS/SMALL/ffe00b7f.mp4,SMALL,SMALL,D_01_030,canonical_and_pinned_raw_text_equal,local_hex_unknown_session,0.8735422686310703,SMALL,SMALL|IMPORTANT|READY|LANGUAGE|SAME,True,True,0.14451000094413757,False
data/local/local_citizen100_quality_audit_q82_cap7/landmarks/SORRY/42b58cd0.v17.npz,data/raw_videos/ASL VIDEOS/SORRY/42b58cd0.mp4,SORRY,SORRY,C_01_020,canonical_and_pinned_raw_text_equal,local_hex_unknown_session,0.8667752538219629,SORRY,SORRY|TOMORROW|WORK|SAME|TAKE,True,True,0.878838300704956,False
data/local/local_citizen100_quality_audit_q82_cap7/landmarks/SORRY/ac8bc577.v17.npz,data/raw_videos/ASL VIDEOS/SORRY/ac8bc577.mp4,SORRY,SORRY,C_01_020,canonical_and_pinned_raw_text_equal,local_hex_unknown_session,0.826195840685135,SORRY,SORRY|TAKE|WORK|SAME|HUNGRY,True,True,0.9450637698173523,False
data/local/local_citizen100_quality_audit_q82_cap7/landmarks/SORRY/b549a171.v17.npz,data/raw_videos/ASL VIDEOS/SORRY/b549a171.mp4,SORRY,SORRY,C_01_020,canonical_and_pinned_raw_text_equal,local_hex_unknown_session,0.8258724581155791,SORRY,SORRY|I|PLEASE|HAVE|TRY,True,True,0.947003185749054,False
data/local/local_citizen100_quality_audit_q82_cap7/landmarks/SORRY/b95547da.v17.npz,data/raw_videos/ASL VIDEOS/SORRY/b95547da.mp4,SORRY,SORRY,C_01_020,canonical_and_pinned_raw_text_equal,local_hex_unknown_session,0.9109206074495462,SORRY,SORRY|HAVE|MAKE|YEAR|HELP,True,True,0.145299032330513,False
data/local/local_citizen100_quality_audit_q82_cap7/landmarks/SORRY/c01ace66.v17.npz,data/raw_videos/ASL VIDEOS/SORRY/c01ace66.mp4,SORRY,SORRY,C_01_020,canonical_and_pinned_raw_text_equal,local_hex_unknown_session,0.9372725713882636,SORRY,SORRY|WE|WORK|SAME|TAKE,True,True,0.6075924038887024,False
data/local/local_citizen100_quality_audit_q82_cap7/landmarks/SORRY/d60c0bee.v17.npz,data/raw_videos/ASL VIDEOS/SORRY/d60c0bee.mp4,SORRY,SORRY,C_01_020,canonical_and_pinned_raw_text_equal,local_hex_unknown_session,0.8839156506050936,SORRY,SORRY|I|PLEASE|MAKE|WORK,True,True,0.9476695656776428,False
data/local/local_citizen100_quality_audit_q82_cap7/landmarks/SORRY/f75da5ec.v17.npz,data/raw_videos/ASL VIDEOS/SORRY/f75da5ec.mp4,SORRY,SORRY,C_01_020,canonical_and_pinned_raw_text_equal,local_hex_unknown_session,0.8431299606909992,SORRY,SORRY|PLEASE|WORK|I|TAKE,True,True,0.9312687516212463,False
data/local/local_citizen100_quality_audit_q82_cap7/landmarks/STOP/02e90ff1.v17.npz,data/raw_videos/ASL VIDEOS/STOP/02e90ff1.mp4,STOP,STOP,D_01_010,canonical_and_pinned_raw_text_equal,local_hex_unknown_session,0.855260763745767,STOP,STOP|SCHOOL|LEARN|GOOD|HELP,True,True,0.3735930919647217,False
data/local/local_citizen100_quality_audit_q82_cap7/landmarks/STOP/4ea8cc7c.v17.npz,data/raw_videos/ASL VIDEOS/STOP/4ea8cc7c.mp4,STOP,STOP,D_01_010,canonical_and_pinned_raw_text_equal,local_hex_unknown_session,0.9361255590032519,LESS,LESS|BAD|DOCTOR|STOP|COME,False,True,0.012934016063809395,False
data/local/local_citizen100_quality_audit_q82_cap7/landmarks/STOP/7c56ae76.v17.npz,data/raw_videos/ASL VIDEOS/STOP/7c56ae76.mp4,STOP,STOP,D_01_010,canonical_and_pinned_raw_text_equal,local_hex_unknown_session,0.9847089055370575,EASY,EASY|WEEK|GOOD|HELP|HAPPY,False,False,0.004886516835540533,False
data/local/local_citizen100_quality_audit_q82_cap7/landmarks/STOP/86f8bee5.v17.npz,data/raw_videos/ASL VIDEOS/STOP/86f8bee5.mp4,STOP,STOP,D_01_010,canonical_and_pinned_raw_text_equal,local_hex_unknown_session,0.9412229407003254,STOP,STOP|DOCTOR|MORNING|SCHOOL|BAD,True,True,0.38969510793685913,False
data/local/local_citizen100_quality_audit_q82_cap7/landmarks/STOP/9008ad43.v17.npz,data/raw_videos/ASL VIDEOS/STOP/9008ad43.mp4,STOP,STOP,D_01_010,canonical_and_pinned_raw_text_equal,local_hex_unknown_session,0.9475973245925307,STOP,STOP|SCHOOL|LESS|BAD|DOCTOR,True,True,0.4721352756023407,False
data/local/local_citizen100_quality_audit_q82_cap7/landmarks/STOP/913e98e5.v17.npz,data/raw_videos/ASL VIDEOS/STOP/913e98e5.mp4,STOP,STOP,D_01_010,canonical_and_pinned_raw_text_equal,local_hex_unknown_session,0.9495775593873191,STOP,STOP|MORNING|LESS|COME|GOOD,True,True,0.6030031442642212,False
data/local/local_citizen100_quality_audit_q82_cap7/landmarks/STOP/STOP_3.v17.npz,data/raw_videos/ASL VIDEOS/STOP/STOP_3.mp4,STOP,STOP,D_01_010,canonical_and_pinned_raw_text_equal,local_numbered_single_session,0.8995641849543994,SICK,SICK|LEARN|EASY|MORNING|HELP,False,False,0.021473253145813942,False
data/local/local_citizen100_quality_audit_q82_cap7/landmarks/TAKE/145e56ab.v17.npz,data/raw_videos/ASL VIDEOS/TAKE/145e56ab.mp4,TAKE,TAKE,G_01_093,canonical_and_pinned_raw_text_equal,local_hex_unknown_session,0.8435351218393766,WORK,WORK|NIGHT|TAKE|TIME|YES,False,True,0.08639921247959137,False
data/local/local_citizen100_quality_audit_q82_cap7/landmarks/TAKE/1f6983cc.v17.npz,data/raw_videos/ASL VIDEOS/TAKE/1f6983cc.mp4,TAKE,TAKE,G_01_093,canonical_and_pinned_raw_text_equal,local_hex_unknown_session,0.8591306911846192,SAME,SAME|TAKE|YES|WE|SORRY,False,True,0.2761390209197998,False
data/local/local_citizen100_quality_audit_q82_cap7/landmarks/TAKE/58aed423.v17.npz,data/raw_videos/ASL VIDEOS/TAKE/58aed423.mp4,TAKE,TAKE,G_01_093,canonical_and_pinned_raw_text_equal,local_hex_unknown_session,0.9281420672770873,SAME,SAME|LIKE|IMPORTANT|NEED|TAKE,False,True,0.03434480354189873,False
data/local/local_citizen100_quality_audit_q82_cap7/landmarks/TAKE/63669b6b.v17.npz,data/raw_videos/ASL VIDEOS/TAKE/63669b6b.mp4,TAKE,TAKE,G_01_093,canonical_and_pinned_raw_text_equal,local_hex_unknown_session,0.8310989626078509,COME,COME|SAME|YES|NEED|WE,False,False,0.023880982771515846,False
data/local/local_citizen100_quality_audit_q82_cap7/landmarks/TAKE/TAKE_1.v17.npz,data/raw_videos/ASL VIDEOS/TAKE/TAKE_1.mp4,TAKE,TAKE,G_01_093,canonical_and_pinned_raw_text_equal,local_numbered_single_session,0.9942112761137962,TAKE,TAKE|SAME|GOODBYE|OUR|WE,True,True,0.6166653037071228,False
data/local/local_citizen100_quality_audit_q82_cap7/landmarks/TAKE/f908808f.v17.npz,data/raw_videos/ASL VIDEOS/TAKE/f908808f.mp4,TAKE,TAKE,G_01_093,canonical_and_pinned_raw_text_equal,local_hex_unknown_session,0.9522964886312373,THEY,THEY|SAME|FEEL|LIKE|LANGUAGE,False,False,0.00859171524643898,False
data/local/local_citizen100_quality_audit_q82_cap7/landmarks/TAKE/ff31c59b.v17.npz,data/raw_videos/ASL VIDEOS/TAKE/ff31c59b.mp4,TAKE,TAKE,G_01_093,canonical_and_pinned_raw_text_equal,local_hex_unknown_session,0.9558671137031218,GOODBYE,GOODBYE|SAME|YOUR|CHILD|TAKE,False,True,0.014213290065526962,False
data/local/local_citizen100_quality_audit_q82_cap7/landmarks/TELL/312a4049.v17.npz,data/raw_videos/ASL VIDEOS/TELL/312a4049.mp4,TELL,TELL,C_02_013,canonical_and_pinned_raw_text_equal,local_hex_unknown_session,0.8997067070676039,TELL,TELL|THEY|HE|WHO|SORRY,True,True,0.7009129524230957,False
data/local/local_citizen100_quality_audit_q82_cap7/landmarks/TELL/51624f93.v17.npz,data/raw_videos/ASL VIDEOS/TELL/51624f93.mp4,TELL,TELL,C_02_013,canonical_and_pinned_raw_text_equal,local_hex_unknown_session,0.9321239409270421,I,I|TELL|THEY|HE|WHEN,False,True,0.11484499275684357,False
data/local/local_citizen100_quality_audit_q82_cap7/landmarks/TELL/5223494b.v17.npz,data/raw_videos/ASL VIDEOS/TELL/5223494b.mp4,TELL,TELL,C_02_013,canonical_and_pinned_raw_text_equal,local_hex_unknown_session,0.9565726701021817,TELL,TELL|YOU|WHO|UNDERSTAND|I,True,True,0.9427200555801392,False
data/local/local_citizen100_quality_audit_q82_cap7/landmarks/TELL/88f73351.v17.npz,data/raw_videos/ASL VIDEOS/TELL/88f73351.mp4,TELL,TELL,C_02_013,canonical_and_pinned_raw_text_equal,local_hex_unknown_session,0.9344575908467141,TELL,TELL|UNDERSTAND|I|HE|WHEN,True,True,0.8851573467254639,False
data/local/local_citizen100_quality_audit_q82_cap7/landmarks/TELL/TELL_3.v17.npz,data/raw_videos/ASL VIDEOS/TELL/TELL_3.mp4,TELL,TELL,C_02_013,canonical_and_pinned_raw_text_equal,local_numbered_single_session,0.994718263803895,TELL,TELL|I|THEY|WHO|LIKE,True,True,0.8624581694602966,False
data/local/local_citizen100_quality_audit_q82_cap7/landmarks/TELL/c364df3f.v17.npz,data/raw_videos/ASL VIDEOS/TELL/c364df3f.mp4,TELL,TELL,C_02_013,canonical_and_pinned_raw_text_equal,local_hex_unknown_session,0.8326249108495016,TELL,TELL|WHO|YOU|HE|THEY,True,True,0.869205117225647,False
data/local/local_citizen100_quality_audit_q82_cap7/landmarks/TELL/f4db574a.v17.npz,data/raw_videos/ASL VIDEOS/TELL/f4db574a.mp4,TELL,TELL,C_02_013,canonical_and_pinned_raw_text_equal,local_hex_unknown_session,0.9532232333916233,TELL,TELL|THEY|YOU|I|WHO,True,True,0.8179370164871216,False
data/local/local_citizen100_quality_audit_q82_cap7/landmarks/THANKYOU/12cd9543.v17.npz,data/raw_videos/ASL VIDEOS/THANKYOU/12cd9543.mp4,THANKYOU,THANKYOU,H_02_053,canonical_and_pinned_raw_text_equal,local_hex_unknown_session,0.8516367208971989,THANKYOU,THANKYOU|WHY|GOOD|BAD|HOT,True,True,0.1696455478668213,False
data/local/local_citizen100_quality_audit_q82_cap7/landmarks/THANKYOU/194924c0.v17.npz,data/raw_videos/ASL VIDEOS/THANKYOU/194924c0.mp4,THANKYOU,THANKYOU,H_02_053,canonical_and_pinned_raw_text_equal,local_hex_unknown_session,0.8722917266881526,THANKYOU,THANKYOU|GOOD|MOTHER|EAT|MY,True,True,0.8354128003120422,False
data/local/local_citizen100_quality_audit_q82_cap7/landmarks/THANKYOU/311e5918.v17.npz,data/raw_videos/ASL VIDEOS/THANKYOU/311e5918.mp4,THANKYOU,THANKYOU,H_02_053,canonical_and_pinned_raw_text_equal,local_hex_unknown_session,0.8616173485875411,THANKYOU,THANKYOU|GOOD|EAT|GIVE|WAIT,True,True,0.6890782713890076,False
data/local/local_citizen100_quality_audit_q82_cap7/landmarks/THANKYOU/a9c96653.v17.npz,data/raw_videos/ASL VIDEOS/THANKYOU/a9c96653.mp4,THANKYOU,THANKYOU,H_02_053,canonical_and_pinned_raw_text_equal,local_hex_unknown_session,0.9205462490723894,GIVE,GIVE|THANKYOU|MAYBE|BAD|WHY,False,True,0.19789442420005798,False
data/local/local_citizen100_quality_audit_q82_cap7/landmarks/THANKYOU/bfef99b8.v17.npz,data/raw_videos/ASL VIDEOS/THANKYOU/bfef99b8.mp4,THANKYOU,THANKYOU,H_02_053,canonical_and_pinned_raw_text_equal,local_hex_unknown_session,0.8867197077242543,THANKYOU,THANKYOU|GOOD|WHY|HAPPY|BAD,True,True,0.8237519264221191,False
data/local/local_citizen100_quality_audit_q82_cap7/landmarks/THANKYOU/dafc6271.v17.npz,data/raw_videos/ASL VIDEOS/THANKYOU/dafc6271.mp4,THANKYOU,THANKYOU,H_02_053,canonical_and_pinned_raw_text_equal,local_hex_unknown_session,0.8861136148279007,THANKYOU,THANKYOU|GOOD|SAD|MOTHER|BAD,True,True,0.4451393187046051,False
data/local/local_citizen100_quality_audit_q82_cap7/landmarks/THANKYOU/f5e9102a.v17.npz,data/raw_videos/ASL VIDEOS/THANKYOU/f5e9102a.mp4,THANKYOU,THANKYOU,H_02_053,canonical_and_pinned_raw_text_equal,local_hex_unknown_session,0.9183393355546237,THANKYOU,THANKYOU|GOOD|EAT|BAD|COME,True,True,0.539607584476471,False
data/local/local_citizen100_quality_audit_q82_cap7/landmarks/THEY/0f7f065f.v17.npz,data/raw_videos/ASL VIDEOS/THEY/0f7f065f.mp4,THEY,THEY1,F_02_103,canonical_only_variant_review_required,local_hex_unknown_session,0.9042731142244453,THEY,THEY|TELL|NEED|HE|SIGN,True,True,0.5485469102859497,False
data/local/local_citizen100_quality_audit_q82_cap7/landmarks/THEY/60b3bc2e.v17.npz,data/raw_videos/ASL VIDEOS/THEY/60b3bc2e.mp4,THEY,THEY1,F_02_103,canonical_only_variant_review_required,local_hex_unknown_session,0.9599206517972554,NEED,NEED|YES|HE|WHERE|YOU,False,False,0.0005296524032019079,False
data/local/local_citizen100_quality_audit_q82_cap7/landmarks/THEY/7edad4d3.v17.npz,data/raw_videos/ASL VIDEOS/THEY/7edad4d3.mp4,THEY,THEY1,F_02_103,canonical_only_variant_review_required,local_hex_unknown_session,0.9821911825265659,THEY,THEY|HE|YES|LANGUAGE|NEED,True,True,0.7071060538291931,False
data/local/local_citizen100_quality_audit_q82_cap7/landmarks/THEY/THEY_14.v17.npz,data/raw_videos/ASL VIDEOS/THEY/THEY_14.mp4,THEY,THEY1,F_02_103,canonical_only_variant_review_required,local_numbered_single_session,0.9943331497373196,NEED,NEED|HE|WHERE|CHILD|THEY,False,True,0.02990080788731575,False
data/local/local_citizen100_quality_audit_q82_cap7/landmarks/THEY/a396301e.v17.npz,data/raw_videos/ASL VIDEOS/THEY/a396301e.mp4,THEY,THEY1,F_02_103,canonical_only_variant_review_required,local_hex_unknown_session,0.9041452147024641,TIME,TIME|SIGN|WE|NEED|THINK,False,False,0.012149935588240623,False
data/local/local_citizen100_quality_audit_q82_cap7/landmarks/THEY/b90f4a1c.v17.npz,data/raw_videos/ASL VIDEOS/THEY/b90f4a1c.mp4,THEY,THEY1,F_02_103,canonical_only_variant_review_required,local_hex_unknown_session,0.9116122810605966,DIFFERENT,DIFFERENT|GO|BIG|UNDERSTAND|WHEN,False,False,0.006646207999438047,False
data/local/local_citizen100_quality_audit_q82_cap7/landmarks/THEY/c0c57153.v17.npz,data/raw_videos/ASL VIDEOS/THEY/c0c57153.mp4,THEY,THEY1,F_02_103,canonical_only_variant_review_required,local_hex_unknown_session,0.8984454211302237,DIFFERENT,DIFFERENT|BIG|ASK|GO|WHEN,False,False,0.006850624457001686,False
data/local/local_citizen100_quality_audit_q82_cap7/landmarks/THINK/54363655.v17.npz,data/raw_videos/ASL VIDEOS/THINK/54363655.mp4,THINK,THINK,C_03_053,canonical_and_pinned_raw_text_equal,local_hex_unknown_session,0.8817573520273603,THINK,THINK|UNDERSTAND|SEE|EAT|WHY,True,True,0.7745992541313171,False
data/local/local_citizen100_quality_audit_q82_cap7/landmarks/THINK/5f9bc080.v17.npz,data/raw_videos/ASL VIDEOS/THINK/5f9bc080.mp4,THINK,THINK,C_03_053,canonical_and_pinned_raw_text_equal,local_hex_unknown_session,0.8477935955551693,THINK,THINK|NEED|UNDERSTAND|SIGN|WHO,True,True,0.8806086778640747,False
data/local/local_citizen100_quality_audit_q82_cap7/landmarks/THINK/70e625b5.v17.npz,data/raw_videos/ASL VIDEOS/THINK/70e625b5.mp4,THINK,THINK,C_03_053,canonical_and_pinned_raw_text_equal,local_hex_unknown_session,0.8742634378728804,THINK,THINK|UNDERSTAND|TELL|SEE|HE,True,True,0.5122169256210327,False
data/local/local_citizen100_quality_audit_q82_cap7/landmarks/THINK/THINK_1.v17.npz,data/raw_videos/ASL VIDEOS/THINK/THINK_1.mp4,THINK,THINK,C_03_053,canonical_and_pinned_raw_text_equal,local_numbered_single_session,0.9944701571010653,THINK,THINK|WHO|UNDERSTAND|NEED|WHERE,True,True,0.7635510563850403,False
data/local/local_citizen100_quality_audit_q82_cap7/landmarks/THINK/d1e762a3.v17.npz,data/raw_videos/ASL VIDEOS/THINK/d1e762a3.mp4,THINK,THINK,C_03_053,canonical_and_pinned_raw_text_equal,local_hex_unknown_session,0.9539467533346039,THINK,THINK|NEED|WHY|YEAR|TOMORROW,True,True,0.7021450400352478,False
data/local/local_citizen100_quality_audit_q82_cap7/landmarks/THINK/e4667c75.v17.npz,data/raw_videos/ASL VIDEOS/THINK/e4667c75.mp4,THINK,THINK,C_03_053,canonical_and_pinned_raw_text_equal,local_hex_unknown_session,0.8376988950930015,THINK,THINK|UNDERSTAND|HE|NEED|SEE,True,True,0.32789692282676697,False
data/local/local_citizen100_quality_audit_q82_cap7/landmarks/THINK/ea1fc3dc.v17.npz,data/raw_videos/ASL VIDEOS/THINK/ea1fc3dc.mp4,THINK,THINK,C_03_053,canonical_and_pinned_raw_text_equal,local_hex_unknown_session,0.8705253997175693,UNDERSTAND,UNDERSTAND|THINK|DAY|YOUR|FATHER,False,True,0.2638418972492218,False
data/local/local_citizen100_quality_audit_q82_cap7/landmarks/TIME/040e25b9.v17.npz,data/raw_videos/ASL VIDEOS/TIME/040e25b9.mp4,TIME,TIME,B_02_080,canonical_and_pinned_raw_text_equal,local_hex_unknown_session,0.9418903784181893,TIME,TIME|SIGN|FIND|NAME|WHEN,True,True,0.34244653582572937,False
data/local/local_citizen100_quality_audit_q82_cap7/landmarks/TIME/51f4755d.v17.npz,data/raw_videos/ASL VIDEOS/TIME/51f4755d.mp4,TIME,TIME,B_02_080,canonical_and_pinned_raw_text_equal,local_hex_unknown_session,0.981081419182397,TIME,TIME|FIND|WHEN|SIGN|LANGUAGE,True,True,0.6198865175247192,False
data/local/local_citizen100_quality_audit_q82_cap7/landmarks/TIME/95ab1c0c.v17.npz,data/raw_videos/ASL VIDEOS/TIME/95ab1c0c.mp4,TIME,TIME,B_02_080,canonical_and_pinned_raw_text_equal,local_hex_unknown_session,0.9869690604040624,SIGN,SIGN|GO|ANSWER|TIME|WHEN,False,True,0.05880006402730942,False
data/local/local_citizen100_quality_audit_q82_cap7/landmarks/TIME/TIME_7.v17.npz,data/raw_videos/ASL VIDEOS/TIME/TIME_7.mp4,TIME,TIME,B_02_080,canonical_and_pinned_raw_text_equal,local_numbered_single_session,0.856379542597335,TIME,TIME|SIGN|I|MAKE|NAME,True,True,0.793426513671875,False
data/local/local_citizen100_quality_audit_q82_cap7/landmarks/TIME/dcd4ae1c.v17.npz,data/raw_videos/ASL VIDEOS/TIME/dcd4ae1c.mp4,TIME,TIME,B_02_080,canonical_and_pinned_raw_text_equal,local_hex_unknown_session,0.8826081610608314,TIME,TIME|SIGN|NAME|USE|NEED,True,True,0.9334566593170166,False
data/local/local_citizen100_quality_audit_q82_cap7/landmarks/TIME/f5fe22a2.v17.npz,data/raw_videos/ASL VIDEOS/TIME/f5fe22a2.mp4,TIME,TIME,B_02_080,canonical_and_pinned_raw_text_equal,local_hex_unknown_session,0.8896811481582049,HOSPITAL,HOSPITAL|USE|DAY|LOVE|WORK,False,False,0.0075966487638652325,False
data/local/local_citizen100_quality_audit_q82_cap7/landmarks/TIME/f6603516.v17.npz,data/raw_videos/ASL VIDEOS/TIME/f6603516.mp4,TIME,TIME,B_02_080,canonical_and_pinned_raw_text_equal,local_hex_unknown_session,0.8822040751666451,TIME,TIME|SIGN|FIND|NEED|WE,True,True,0.9339953064918518,False
data/local/local_citizen100_quality_audit_q82_cap7/landmarks/TIRED/431d7511.v17.npz,data/raw_videos/ASL VIDEOS/TIRED/431d7511.mp4,TIRED,TIRED,D_02_050,canonical_and_pinned_raw_text_equal,local_hex_unknown_session,0.9738236084043801,TIRED,TIRED|COLD|NOW|HOW|SMALL,True,True,0.4755992293357849,False
data/local/local_citizen100_quality_audit_q82_cap7/landmarks/TIRED/54ff7ec7.v17.npz,data/raw_videos/ASL VIDEOS/TIRED/54ff7ec7.mp4,TIRED,TIRED,D_02_050,canonical_and_pinned_raw_text_equal,local_hex_unknown_session,0.9256314343989331,TIRED,TIRED|HOW|DOCTOR|HAVE|HUNGRY,True,True,0.9571214914321899,False
data/local/local_citizen100_quality_audit_q82_cap7/landmarks/TIRED/64f794d7.v17.npz,data/raw_videos/ASL VIDEOS/TIRED/64f794d7.mp4,TIRED,TIRED,D_02_050,canonical_and_pinned_raw_text_equal,local_hex_unknown_session,0.8944126457861489,TIRED,TIRED|DOCTOR|HOW|EASY|HUNGRY,True,True,0.9444603323936462,False
data/local/local_citizen100_quality_audit_q82_cap7/landmarks/TIRED/8a54637a.v17.npz,data/raw_videos/ASL VIDEOS/TIRED/8a54637a.mp4,TIRED,TIRED,D_02_050,canonical_and_pinned_raw_text_equal,local_hex_unknown_session,0.8438720255337493,TIRED,TIRED|DOCTOR|I|HUNGRY|COLD,True,True,0.8186944127082825,False
data/local/local_citizen100_quality_audit_q82_cap7/landmarks/TIRED/TIRED_24.v17.npz,data/raw_videos/ASL VIDEOS/TIRED/TIRED_24.mp4,TIRED,TIRED,D_02_050,canonical_and_pinned_raw_text_equal,local_numbered_single_session,0.993357704592464,HAVE,HAVE|THANKYOU|EAT|COME|NOW,False,False,0.009664813987910748,False
data/local/local_citizen100_quality_audit_q82_cap7/landmarks/TIRED/b2c30492.v17.npz,data/raw_videos/ASL VIDEOS/TIRED/b2c30492.mp4,TIRED,TIRED,D_02_050,canonical_and_pinned_raw_text_equal,local_hex_unknown_session,0.8877307341419423,THANKYOU,THANKYOU|EAT|HAVE|NOW|TIRED,False,True,0.040241342037916183,False
data/local/local_citizen100_quality_audit_q82_cap7/landmarks/TIRED/bec0730c.v17.npz,data/raw_videos/ASL VIDEOS/TIRED/bec0730c.mp4,TIRED,TIRED,D_02_050,canonical_and_pinned_raw_text_equal,local_hex_unknown_session,0.9187715008320119,TIRED,TIRED|HUNGRY|HOW|DOCTOR|HAVE,True,True,0.9455030560493469,False
data/local/local_citizen100_quality_audit_q82_cap7/landmarks/TOMORROW/025c5a9d.v17.npz,data/raw_videos/ASL VIDEOS/TOMORROW/025c5a9d.mp4,TOMORROW,TOMORROW,F_02_040,canonical_and_pinned_raw_text_equal,local_hex_unknown_session,0.9513890336453455,TOMORROW,TOMORROW|YESTERDAY|DRINK|MAN|HEAR,True,True,0.5696631669998169,False
data/local/local_citizen100_quality_audit_q82_cap7/landmarks/TOMORROW/718e6553.v17.npz,data/raw_videos/ASL VIDEOS/TOMORROW/718e6553.mp4,TOMORROW,TOMORROW,F_02_040,canonical_and_pinned_raw_text_equal,local_hex_unknown_session,0.93944999555523,TOMORROW,TOMORROW|COME|SORRY|HUNGRY|TELL,True,True,0.7941287755966187,False
data/local/local_citizen100_quality_audit_q82_cap7/landmarks/TOMORROW/867221fc.v17.npz,data/raw_videos/ASL VIDEOS/TOMORROW/867221fc.mp4,TOMORROW,TOMORROW,F_02_040,canonical_and_pinned_raw_text_equal,local_hex_unknown_session,0.8726262948963424,TOMORROW,TOMORROW|YESTERDAY|YES|DRINK|WHO,True,True,0.8196166157722473,False
data/local/local_citizen100_quality_audit_q82_cap7/landmarks/TOMORROW/9570e0e7.v17.npz,data/raw_videos/ASL VIDEOS/TOMORROW/9570e0e7.mp4,TOMORROW,TOMORROW,F_02_040,canonical_and_pinned_raw_text_equal,local_hex_unknown_session,0.9608474772384381,TOMORROW,TOMORROW|YESTERDAY|YES|YOU|WHO,True,True,0.9008232951164246,False
data/local/local_citizen100_quality_audit_q82_cap7/landmarks/TOMORROW/9f05e5da.v17.npz,data/raw_videos/ASL VIDEOS/TOMORROW/9f05e5da.mp4,TOMORROW,TOMORROW,F_02_040,canonical_and_pinned_raw_text_equal,local_hex_unknown_session,0.8869066385571315,YESTERDAY,YESTERDAY|TOMORROW|YES|HOME|TAKE,False,True,0.08839765936136246,False
data/local/local_citizen100_quality_audit_q82_cap7/landmarks/TOMORROW/TOMORROW_13.v17.npz,data/raw_videos/ASL VIDEOS/TOMORROW/TOMORROW_13.mp4,TOMORROW,TOMORROW,F_02_040,canonical_and_pinned_raw_text_equal,local_numbered_single_session,0.9912604384139209,TOMORROW,TOMORROW|COME|YES|YESTERDAY|HAVE,True,True,0.552868664264679,False
data/local/local_citizen100_quality_audit_q82_cap7/landmarks/TOMORROW/b8c83b79.v17.npz,data/raw_videos/ASL VIDEOS/TOMORROW/b8c83b79.mp4,TOMORROW,TOMORROW,F_02_040,canonical_and_pinned_raw_text_equal,local_hex_unknown_session,0.8543109531967975,TOMORROW,TOMORROW|SORRY|HOW|HAVE|WHO,True,True,0.874826967716217,False
data/local/local_citizen100_quality_audit_q82_cap7/landmarks/TRY/4c2cda12.v17.npz,data/raw_videos/ASL VIDEOS/TRY/4c2cda12.mp4,TRY,TRY,B_02_034,canonical_and_pinned_raw_text_equal,local_hex_unknown_session,0.8607568217721551,TRY,TRY|SAME|YES|WORK|COLD,True,True,0.8148667216300964,False
data/local/local_citizen100_quality_audit_q82_cap7/landmarks/TRY/55cdb9ca.v17.npz,data/raw_videos/ASL VIDEOS/TRY/55cdb9ca.mp4,TRY,TRY,B_02_034,canonical_and_pinned_raw_text_equal,local_hex_unknown_session,0.9334648046680327,TRY,TRY|YES|BIG|SAME|GO,True,True,0.9133135676383972,False
data/local/local_citizen100_quality_audit_q82_cap7/landmarks/TRY/806c82ad.v17.npz,data/raw_videos/ASL VIDEOS/TRY/806c82ad.mp4,TRY,TRY,B_02_034,canonical_and_pinned_raw_text_equal,local_hex_unknown_session,0.9569668656873477,TRY,TRY|SAME|HAVE|LANGUAGE|BIG,True,True,0.635083794593811,False
data/local/local_citizen100_quality_audit_q82_cap7/landmarks/TRY/99aa59c2.v17.npz,data/raw_videos/ASL VIDEOS/TRY/99aa59c2.mp4,TRY,TRY,B_02_034,canonical_and_pinned_raw_text_equal,local_hex_unknown_session,0.9839566338946708,NOW,NOW|UNDERSTAND|ANGRY|TRY|HAVE,False,True,0.09190883487462997,False
data/local/local_citizen100_quality_audit_q82_cap7/landmarks/TRY/9bec5856.v17.npz,data/raw_videos/ASL VIDEOS/TRY/9bec5856.mp4,TRY,TRY,B_02_034,canonical_and_pinned_raw_text_equal,local_hex_unknown_session,0.9555147034890523,TRY,TRY|YES|SAME|HAVE|GO,True,True,0.7941877245903015,False
data/local/local_citizen100_quality_audit_q82_cap7/landmarks/TRY/TRY_6.v17.npz,data/raw_videos/ASL VIDEOS/TRY/TRY_6.mp4,TRY,TRY,B_02_034,canonical_and_pinned_raw_text_equal,local_numbered_single_session,0.9167633946535406,TRY,TRY|SAME|LANGUAGE|GO|YES,True,True,0.8208196759223938,False
data/local/local_citizen100_quality_audit_q82_cap7/landmarks/TRY/dc53d1f0.v17.npz,data/raw_videos/ASL VIDEOS/TRY/dc53d1f0.mp4,TRY,TRY,B_02_034,canonical_and_pinned_raw_text_equal,local_hex_unknown_session,0.8264627061711127,TRY,TRY|LANGUAGE|SAME|GO|COLD,True,True,0.9084671139717102,False
data/local/local_citizen100_quality_audit_q82_cap7/landmarks/UNDERSTAND/3f373fcc.v17.npz,data/raw_videos/ASL VIDEOS/UNDERSTAND/3f373fcc.mp4,UNDERSTAND,UNDERSTAND,C_01_006,canonical_and_pinned_raw_text_equal,local_hex_unknown_session,0.8267888027262724,UNDERSTAND,UNDERSTAND|THINK|SLEEP|DAY|SEE,True,True,0.9491465091705322,False
data/local/local_citizen100_quality_audit_q82_cap7/landmarks/UNDERSTAND/638dd5c5.v17.npz,data/raw_videos/ASL VIDEOS/UNDERSTAND/638dd5c5.mp4,UNDERSTAND,UNDERSTAND,C_01_006,canonical_and_pinned_raw_text_equal,local_hex_unknown_session,0.8800979329561806,TELL,TELL|WHAT|HE|GIVE|UNDERSTAND,False,True,0.03398086503148079,False
data/local/local_citizen100_quality_audit_q82_cap7/landmarks/UNDERSTAND/7cf29ca6.v17.npz,data/raw_videos/ASL VIDEOS/UNDERSTAND/7cf29ca6.mp4,UNDERSTAND,UNDERSTAND,C_01_006,canonical_and_pinned_raw_text_equal,local_hex_unknown_session,0.8581361281324261,HOSPITAL,HOSPITAL|LOVE|HE|DAY|USE,False,False,0.0018907129997387528,False
data/local/local_citizen100_quality_audit_q82_cap7/landmarks/UNDERSTAND/8475e36a.v17.npz,data/raw_videos/ASL VIDEOS/UNDERSTAND/8475e36a.mp4,UNDERSTAND,UNDERSTAND,C_01_006,canonical_and_pinned_raw_text_equal,local_hex_unknown_session,0.8820710777121391,THINK,THINK|UNDERSTAND|WHY|FATHER|SICK,False,True,0.3669475018978119,False
data/local/local_citizen100_quality_audit_q82_cap7/landmarks/UNDERSTAND/UNDERSTAND_3.v17.npz,data/raw_videos/ASL VIDEOS/UNDERSTAND/UNDERSTAND_3.mp4,UNDERSTAND,UNDERSTAND,C_01_006,canonical_and_pinned_raw_text_equal,local_numbered_single_session,0.9871087605409565,UNDERSTAND,UNDERSTAND|THINK|WHY|SEE|SLEEP,True,True,0.9064213633537292,False
data/local/local_citizen100_quality_audit_q82_cap7/landmarks/UNDERSTAND/a53d97d0.v17.npz,data/raw_videos/ASL VIDEOS/UNDERSTAND/a53d97d0.mp4,UNDERSTAND,UNDERSTAND,C_01_006,canonical_and_pinned_raw_text_equal,local_hex_unknown_session,0.9463925591906743,UNDERSTAND,UNDERSTAND|THINK|WHAT|WHY|MORNING,True,True,0.943564236164093,False
data/local/local_citizen100_quality_audit_q82_cap7/landmarks/UNDERSTAND/e6a986e1.v17.npz,data/raw_videos/ASL VIDEOS/UNDERSTAND/e6a986e1.mp4,UNDERSTAND,UNDERSTAND,C_01_006,canonical_and_pinned_raw_text_equal,local_hex_unknown_session,0.9516510527777458,WHY,WHY|HELLO|KNOW|HEAR|CHILD,False,False,0.0005535756354220212,False
data/local/local_citizen100_quality_audit_q82_cap7/landmarks/USE/2d94b57c.v17.npz,data/raw_videos/ASL VIDEOS/USE/2d94b57c.mp4,USE,USE,D_03_043,canonical_and_pinned_raw_text_equal,local_hex_unknown_session,0.8646901981288957,NIGHT,NIGHT|USE|LEARN|READ|LESS,False,True,0.13934965431690216,False
data/local/local_citizen100_quality_audit_q82_cap7/landmarks/USE/3b502a7f.v17.npz,data/raw_videos/ASL VIDEOS/USE/3b502a7f.mp4,USE,USE,D_03_043,canonical_and_pinned_raw_text_equal,local_hex_unknown_session,0.9581870920218726,USE,USE|NIGHT|SCHOOL|HOSPITAL|WEEK,True,True,0.43540218472480774,False
data/local/local_citizen100_quality_audit_q82_cap7/landmarks/USE/803631e5.v17.npz,data/raw_videos/ASL VIDEOS/USE/803631e5.mp4,USE,USE,D_03_043,canonical_and_pinned_raw_text_equal,local_hex_unknown_session,0.9275777654397985,USE,USE|HOSPITAL|SCHOOL|DAY|WEEK,True,True,0.8715549111366272,False
data/local/local_citizen100_quality_audit_q82_cap7/landmarks/USE/USE_21.v17.npz,data/raw_videos/ASL VIDEOS/USE/USE_21.mp4,USE,USE,D_03_043,canonical_and_pinned_raw_text_equal,local_numbered_single_session,0.9611934863272212,USE,USE|NIGHT|HOSPITAL|SCHOOL|DAY,True,True,0.6828107833862305,False
data/local/local_citizen100_quality_audit_q82_cap7/landmarks/USE/ab2b8efd.v17.npz,data/raw_videos/ASL VIDEOS/USE/ab2b8efd.mp4,USE,USE,D_03_043,canonical_and_pinned_raw_text_equal,local_hex_unknown_session,0.8977303581131266,WHEN,WHEN|DIFFERENT|WEEK|SEE|UNDERSTAND,False,False,0.0014786692336201668,False
data/local/local_citizen100_quality_audit_q82_cap7/landmarks/USE/b379b4de.v17.npz,data/raw_videos/ASL VIDEOS/USE/b379b4de.mp4,USE,USE,D_03_043,canonical_and_pinned_raw_text_equal,local_hex_unknown_session,0.9496887032122775,USE,USE|NIGHT|LEARN|READ|LESS,True,True,0.318643182516098,False
data/local/local_citizen100_quality_audit_q82_cap7/landmarks/USE/fc41ed03.v17.npz,data/raw_videos/ASL VIDEOS/USE/fc41ed03.mp4,USE,USE,D_03_043,canonical_and_pinned_raw_text_equal,local_hex_unknown_session,0.97522040716576,USE,USE|HOSPITAL|LEARN|NAME|NIGHT,True,True,0.4281438887119293,False
data/local/local_citizen100_quality_audit_q82_cap7/landmarks/WAIT/0d435e37.v17.npz,data/raw_videos/ASL VIDEOS/WAIT/0d435e37.mp4,WAIT,WAIT,B_02_016,canonical_and_pinned_raw_text_equal,local_hex_unknown_session,0.9662800342596817,WHAT,WHAT|EXCITED|WANT|LIKE|READ,False,False,0.023204227909445763,False
data/local/local_citizen100_quality_audit_q82_cap7/landmarks/WAIT/1928f4d9.v17.npz,data/raw_videos/ASL VIDEOS/WAIT/1928f4d9.mp4,WAIT,WAIT,B_02_016,canonical_and_pinned_raw_text_equal,local_hex_unknown_session,0.9597423556744215,EXCITED,EXCITED|WANT|WHAT|LIKE|WAIT,False,True,0.09080144017934799,False
data/local/local_citizen100_quality_audit_q82_cap7/landmarks/WAIT/WAIT_25.v17.npz,data/raw_videos/ASL VIDEOS/WAIT/WAIT_25.mp4,WAIT,WAIT,B_02_016,canonical_and_pinned_raw_text_equal,local_numbered_single_session,0.9884629312890467,WAIT,WAIT|EAT|WANT|MOTHER|THANKYOU,True,True,0.40450021624565125,False
data/local/local_citizen100_quality_audit_q82_cap7/landmarks/WAIT/a43479b4.v17.npz,data/raw_videos/ASL VIDEOS/WAIT/a43479b4.mp4,WAIT,WAIT,B_02_016,canonical_and_pinned_raw_text_equal,local_hex_unknown_session,0.9619483179352584,MORNING,MORNING|SAD|HELP|STOP|WANT,False,False,0.011806678026914597,False
data/local/local_citizen100_quality_audit_q82_cap7/landmarks/WAIT/d065b8fe.v17.npz,data/raw_videos/ASL VIDEOS/WAIT/d065b8fe.mp4,WAIT,WAIT,B_02_016,canonical_and_pinned_raw_text_equal,local_hex_unknown_session,0.8921864218471707,WAIT,WAIT|THANKYOU|TALK|SAD|YOUR,True,True,0.9150230288505554,False
data/local/local_citizen100_quality_audit_q82_cap7/landmarks/WAIT/eff2e103.v17.npz,data/raw_videos/ASL VIDEOS/WAIT/eff2e103.mp4,WAIT,WAIT,B_02_016,canonical_and_pinned_raw_text_equal,local_hex_unknown_session,0.9432004574325533,WAIT,WAIT|WANT|MAYBE|TALK|THANKYOU,True,True,0.8931795954704285,False
data/local/local_citizen100_quality_audit_q82_cap7/landmarks/WAIT/f2008e38.v17.npz,data/raw_videos/ASL VIDEOS/WAIT/f2008e38.mp4,WAIT,WAIT,B_02_016,canonical_and_pinned_raw_text_equal,local_hex_unknown_session,0.9507778752544513,MAYBE,MAYBE|MORNING|WANT|WHAT|STOP,False,False,0.0013867560774087906,False
data/local/local_citizen100_quality_audit_q82_cap7/landmarks/WANT/214d8369.v17.npz,data/raw_videos/ASL VIDEOS/WANT/214d8369.mp4,WANT,WANT1,E_01_025,canonical_only_variant_review_required,local_hex_unknown_session,0.9594456844915276,MAYBE,MAYBE|NOW|WHAT|LANGUAGE|TOMORROW,False,False,0.01947401836514473,False
data/local/local_citizen100_quality_audit_q82_cap7/landmarks/WANT/78e6d85c.v17.npz,data/raw_videos/ASL VIDEOS/WANT/78e6d85c.mp4,WANT,WANT1,E_01_025,canonical_only_variant_review_required,local_hex_unknown_session,0.9005739013262264,WAIT,WAIT|MAYBE|GIVE|WANT|EASY,False,True,0.030347082763910294,False
data/local/local_citizen100_quality_audit_q82_cap7/landmarks/WANT/80058bbe.v17.npz,data/raw_videos/ASL VIDEOS/WANT/80058bbe.mp4,WANT,WANT1,E_01_025,canonical_only_variant_review_required,local_hex_unknown_session,0.9633251046262961,NOW,NOW|WANT|BIG|MAYBE|HE,False,True,0.02800181694328785,False
data/local/local_citizen100_quality_audit_q82_cap7/landmarks/WANT/WANT_25.v17.npz,data/raw_videos/ASL VIDEOS/WANT/WANT_25.mp4,WANT,WANT1,E_01_025,canonical_only_variant_review_required,local_numbered_single_session,0.9872961303049097,WANT,WANT|NOW|MAYBE|COLD|WAIT,True,True,0.6363072991371155,False
data/local/local_citizen100_quality_audit_q82_cap7/landmarks/WANT/e7bb28f9.v17.npz,data/raw_videos/ASL VIDEOS/WANT/e7bb28f9.mp4,WANT,WANT1,E_01_025,canonical_only_variant_review_required,local_hex_unknown_session,0.9270814604002797,FAMILY,FAMILY|IMPORTANT|FIND|WANT|LANGUAGE,False,True,0.01639053039252758,False
data/local/local_citizen100_quality_audit_q82_cap7/landmarks/WANT/f264a39e.v17.npz,data/raw_videos/ASL VIDEOS/WANT/f264a39e.mp4,WANT,WANT1,E_01_025,canonical_only_variant_review_required,local_hex_unknown_session,0.9495224594160999,NOW,NOW|HAVE|BIG|TRY|UNDERSTAND,False,False,0.009858733974397182,False
data/local/local_citizen100_quality_audit_q82_cap7/landmarks/WANT/fb3e9cac.v17.npz,data/raw_videos/ASL VIDEOS/WANT/fb3e9cac.mp4,WANT,WANT1,E_01_025,canonical_only_variant_review_required,local_hex_unknown_session,0.885318309098702,EASY,EASY|MAYBE|EXCITED|HAPPY|WAIT,False,False,0.004631488583981991,False
data/local/local_citizen100_quality_audit_q82_cap7/landmarks/WATER/7582ea1c.v17.npz,data/raw_videos/ASL VIDEOS/WATER/7582ea1c.mp4,WATER,WATER,A_02_031,canonical_and_pinned_raw_text_equal,local_hex_unknown_session,0.9462597956086334,TALK,TALK|WATER|MOTHER|LIKE|EAT,False,True,0.1779027283191681,False
data/local/local_citizen100_quality_audit_q82_cap7/landmarks/WATER/WATER_17.v17.npz,data/raw_videos/ASL VIDEOS/WATER/WATER_17.mp4,WATER,WATER,A_02_031,canonical_and_pinned_raw_text_equal,local_numbered_single_session,0.9967872040723318,WATER,WATER|LIKE|TALK|WOMAN|NO,True,True,0.924728512763977,False
data/local/local_citizen100_quality_audit_q82_cap7/landmarks/WATER/a2ce92f7.v17.npz,data/raw_videos/ASL VIDEOS/WATER/a2ce92f7.mp4,WATER,WATER,A_02_031,canonical_and_pinned_raw_text_equal,local_hex_unknown_session,0.9285675972700094,FATHER,FATHER|USE|HOSPITAL|READY|SEE,False,False,0.0018921538721770048,False
data/local/local_citizen100_quality_audit_q82_cap7/landmarks/WATER/aaa03230.v17.npz,data/raw_videos/ASL VIDEOS/WATER/aaa03230.mp4,WATER,WATER,A_02_031,canonical_and_pinned_raw_text_equal,local_hex_unknown_session,0.9364116696380208,WATER,WATER|USE|SEE|MOTHER|FATHER,True,True,0.21132899820804596,False
data/local/local_citizen100_quality_audit_q82_cap7/landmarks/WATER/c42905e5.v17.npz,data/raw_videos/ASL VIDEOS/WATER/c42905e5.mp4,WATER,WATER,A_02_031,canonical_and_pinned_raw_text_equal,local_hex_unknown_session,0.8661497677579832,WATER,WATER|TALK|MOTHER|NO|LIKE,True,True,0.7441730499267578,False
data/local/local_citizen100_quality_audit_q82_cap7/landmarks/WATER/f882b0aa.v17.npz,data/raw_videos/ASL VIDEOS/WATER/f882b0aa.mp4,WATER,WATER,A_02_031,canonical_and_pinned_raw_text_equal,local_hex_unknown_session,0.8592745281271381,LISTEN,LISTEN|SEE|MOTHER|HELLO|WHY,False,False,0.002789015881717205,False
data/local/local_citizen100_quality_audit_q82_cap7/landmarks/WATER/fb2dc943.v17.npz,data/raw_videos/ASL VIDEOS/WATER/fb2dc943.mp4,WATER,WATER,A_02_031,canonical_and_pinned_raw_text_equal,local_hex_unknown_session,0.9280406793536119,WATER,WATER|TALK|MOTHER|READ|NO,True,True,0.5346630811691284,False
data/local/local_citizen100_quality_audit_q82_cap7/landmarks/WEEK/2796c9d7.v17.npz,data/raw_videos/ASL VIDEOS/WEEK/2796c9d7.mp4,WEEK,WEEK,B_02_079,canonical_and_pinned_raw_text_equal,local_hex_unknown_session,0.9189494966378118,WEEK,WEEK|WRITE|LEARN|FRIEND|HELP,True,True,0.6336889266967773,False
data/local/local_citizen100_quality_audit_q82_cap7/landmarks/WEEK/383132c1.v17.npz,data/raw_videos/ASL VIDEOS/WEEK/383132c1.mp4,WEEK,WEEK,B_02_079,canonical_and_pinned_raw_text_equal,local_hex_unknown_session,0.9496546768641381,NAME,NAME|WEEK|MAKE|YEAR|FRIEND,False,True,0.11213180422782898,False
data/local/local_citizen100_quality_audit_q82_cap7/landmarks/WEEK/61145b69.v17.npz,data/raw_videos/ASL VIDEOS/WEEK/61145b69.mp4,WEEK,WEEK,B_02_079,canonical_and_pinned_raw_text_equal,local_hex_unknown_session,0.9360974319811405,DOCTOR,DOCTOR|WRITE|MORE|NAME|WEEK,False,True,0.058287493884563446,False
data/local/local_citizen100_quality_audit_q82_cap7/landmarks/WEEK/65e318ad.v17.npz,data/raw_videos/ASL VIDEOS/WEEK/65e318ad.mp4,WEEK,WEEK,B_02_079,canonical_and_pinned_raw_text_equal,local_hex_unknown_session,0.9474951382988095,WEEK,WEEK|HELP|LIKE|MORNING|EASY,True,True,0.8784877061843872,False
data/local/local_citizen100_quality_audit_q82_cap7/landmarks/WEEK/WEEK_16.v17.npz,data/raw_videos/ASL VIDEOS/WEEK/WEEK_16.mp4,WEEK,WEEK,B_02_079,canonical_and_pinned_raw_text_equal,local_numbered_single_session,0.963989665679251,MORNING,MORNING|USE|WEEK|DAY|LIKE,False,True,0.06754100322723389,False
data/local/local_citizen100_quality_audit_q82_cap7/landmarks/WEEK/bde73b2d.v17.npz,data/raw_videos/ASL VIDEOS/WEEK/bde73b2d.mp4,WEEK,WEEK,B_02_079,canonical_and_pinned_raw_text_equal,local_hex_unknown_session,0.8219083273048077,WEEK,WEEK|FRIEND|DAY|USE|SCHOOL,True,True,0.8366687297821045,False
data/local/local_citizen100_quality_audit_q82_cap7/landmarks/WEEK/c64f4c0b.v17.npz,data/raw_videos/ASL VIDEOS/WEEK/c64f4c0b.mp4,WEEK,WEEK,B_02_079,canonical_and_pinned_raw_text_equal,local_hex_unknown_session,0.8740233125449699,WEEK,WEEK|HELP|SCHOOL|WRITE|LEARN,True,True,0.6417081356048584,False
data/local/local_citizen100_quality_audit_q82_cap7/landmarks/WHAT/14e9048d.v17.npz,data/raw_videos/ASL VIDEOS/WHAT/14e9048d.mp4,WHAT,WHAT1,D_02_094,canonical_only_variant_review_required,local_hex_unknown_session,0.9253186629895491,MAYBE,MAYBE|EXCITED|TIRED|DOCTOR|WHAT,False,True,0.07870202511548996,False
data/local/local_citizen100_quality_audit_q82_cap7/landmarks/WHAT/3a7376c4.v17.npz,data/raw_videos/ASL VIDEOS/WHAT/3a7376c4.mp4,WHAT,WHAT1,D_02_094,canonical_only_variant_review_required,local_hex_unknown_session,0.9675521846126897,NOW,NOW|BIG|TRY|HAVE|ANGRY,False,False,0.008868079632520676,False
data/local/local_citizen100_quality_audit_q82_cap7/landmarks/WHAT/926f422a.v17.npz,data/raw_videos/ASL VIDEOS/WHAT/926f422a.mp4,WHAT,WHAT1,D_02_094,canonical_only_variant_review_required,local_hex_unknown_session,0.8446370966779158,MAYBE,MAYBE|EASY|CHILD|GIVE|WANT,False,False,0.0003081480972468853,False
data/local/local_citizen100_quality_audit_q82_cap7/landmarks/WHAT/WHAT_21.v17.npz,data/raw_videos/ASL VIDEOS/WHAT/WHAT_21.mp4,WHAT,WHAT1,D_02_094,canonical_only_variant_review_required,local_numbered_single_session,0.985473338019007,MAYBE,MAYBE|NOW|BIG|CHILD|WANT,False,False,0.004296078346669674,False
data/local/local_citizen100_quality_audit_q82_cap7/landmarks/WHAT/acf11af1.v17.npz,data/raw_videos/ASL VIDEOS/WHAT/acf11af1.mp4,WHAT,WHAT1,D_02_094,canonical_only_variant_review_required,local_hex_unknown_session,0.9353847335508071,TIRED,TIRED|DOCTOR|MAYBE|EXCITED|EASY,False,False,0.01781579852104187,False
data/local/local_citizen100_quality_audit_q82_cap7/landmarks/WHAT/ae55f895.v17.npz,data/raw_videos/ASL VIDEOS/WHAT/ae55f895.mp4,WHAT,WHAT1,D_02_094,canonical_only_variant_review_required,local_hex_unknown_session,0.9894451533001584,TRY,TRY|NOW|MAYBE|HAVE|LANGUAGE,False,False,0.009158102795481682,False
data/local/local_citizen100_quality_audit_q82_cap7/landmarks/WHAT/efd901c7.v17.npz,data/raw_videos/ASL VIDEOS/WHAT/efd901c7.mp4,WHAT,WHAT1,D_02_094,canonical_only_variant_review_required,local_hex_unknown_session,0.9664677713600086,COLD,COLD|SMALL|READY|WHAT|IMPORTANT,False,True,0.09853129833936691,False
data/local/local_citizen100_quality_audit_q82_cap7/landmarks/WHEN/47c62bf9.v17.npz,data/raw_videos/ASL VIDEOS/WHEN/47c62bf9.mp4,WHEN,WHEN,C_03_086,canonical_and_pinned_raw_text_equal,local_hex_unknown_session,0.8632994712277706,SIGN,SIGN|WHEN|THEY|NAME|I,False,True,0.3582713007926941,False
data/local/local_citizen100_quality_audit_q82_cap7/landmarks/WHEN/8432ebe9.v17.npz,data/raw_videos/ASL VIDEOS/WHEN/8432ebe9.mp4,WHEN,WHEN,C_03_086,canonical_and_pinned_raw_text_equal,local_hex_unknown_session,0.9417886740482397,WHEN,WHEN|SIGN|ANGRY|WHAT|NAME,True,True,0.5624858736991882,False
data/local/local_citizen100_quality_audit_q82_cap7/landmarks/WHEN/8773c424.v17.npz,data/raw_videos/ASL VIDEOS/WHEN/8773c424.mp4,WHEN,WHEN,C_03_086,canonical_and_pinned_raw_text_equal,local_hex_unknown_session,0.9910138404451998,SIGN,SIGN|WHEN|I|HAVE|ANGRY,False,True,0.059660911560058594,False
data/local/local_citizen100_quality_audit_q82_cap7/landmarks/WHEN/WHEN_7.v17.npz,data/raw_videos/ASL VIDEOS/WHEN/WHEN_7.mp4,WHEN,WHEN,C_03_086,canonical_and_pinned_raw_text_equal,local_numbered_single_session,0.9036634875490314,SIGN,SIGN|WHEN|I|TELL|UNDERSTAND,False,True,0.22431835532188416,False
data/local/local_citizen100_quality_audit_q82_cap7/landmarks/WHEN/b84d07a3.v17.npz,data/raw_videos/ASL VIDEOS/WHEN/b84d07a3.mp4,WHEN,WHEN,C_03_086,canonical_and_pinned_raw_text_equal,local_hex_unknown_session,0.9570200129885902,WHEN,WHEN|SIGN|DIFFERENT|NAME|WEEK,True,True,0.9541248083114624,False
data/local/local_citizen100_quality_audit_q82_cap7/landmarks/WHEN/bafcc0d5.v17.npz,data/raw_videos/ASL VIDEOS/WHEN/bafcc0d5.mp4,WHEN,WHEN,C_03_086,canonical_and_pinned_raw_text_equal,local_hex_unknown_session,0.9855278655456607,SIGN,SIGN|FRIEND|WHEN|HOW|UNDERSTAND,False,True,0.05612007901072502,False
data/local/local_citizen100_quality_audit_q82_cap7/landmarks/WHEN/d14168bc.v17.npz,data/raw_videos/ASL VIDEOS/WHEN/d14168bc.mp4,WHEN,WHEN,C_03_086,canonical_and_pinned_raw_text_equal,local_hex_unknown_session,0.9362017901735232,WHEN,WHEN|ASK|THEY|YOU|LANGUAGE,True,True,0.48519980907440186,False
data/local/local_citizen100_quality_audit_q82_cap7/landmarks/WHERE/1affb169.v17.npz,data/raw_videos/ASL VIDEOS/WHERE/1affb169.mp4,WHERE,WHERE,B_02_035,canonical_and_pinned_raw_text_equal,local_hex_unknown_session,0.9220483495496065,WEEK,WEEK|THEY|WHEN|ASK|DIFFERENT,False,False,0.002239831956103444,False
data/local/local_citizen100_quality_audit_q82_cap7/landmarks/WHERE/4ac61425.v17.npz,data/raw_videos/ASL VIDEOS/WHERE/4ac61425.mp4,WHERE,WHERE,B_02_035,canonical_and_pinned_raw_text_equal,local_hex_unknown_session,0.9522891529969896,WHERE,WHERE|HE|NEED|I|ASK,True,True,0.9111183285713196,False
data/local/local_citizen100_quality_audit_q82_cap7/landmarks/WHERE/562c51a3.v17.npz,data/raw_videos/ASL VIDEOS/WHERE/562c51a3.mp4,WHERE,WHERE,B_02_035,canonical_and_pinned_raw_text_equal,local_hex_unknown_session,0.8201051167122961,WHERE,WHERE|ASK|NEED|NO|WHO,True,True,0.959316074848175,False
data/local/local_citizen100_quality_audit_q82_cap7/landmarks/WHERE/63a4c577.v17.npz,data/raw_videos/ASL VIDEOS/WHERE/63a4c577.mp4,WHERE,WHERE,B_02_035,canonical_and_pinned_raw_text_equal,local_hex_unknown_session,0.8657146527778146,HE,HE|WHERE|NEED|I|CHILD,False,True,0.22422663867473602,False
data/local/local_citizen100_quality_audit_q82_cap7/landmarks/WHERE/6d5d5cde.v17.npz,data/raw_videos/ASL VIDEOS/WHERE/6d5d5cde.mp4,WHERE,WHERE,B_02_035,canonical_and_pinned_raw_text_equal,local_hex_unknown_session,0.9259154504249707,WHERE,WHERE|HE|YOU|WHO|ASK,True,True,0.296345591545105,False
data/local/local_citizen100_quality_audit_q82_cap7/landmarks/WHERE/WHERE_19.v17.npz,data/raw_videos/ASL VIDEOS/WHERE/WHERE_19.mp4,WHERE,WHERE,B_02_035,canonical_and_pinned_raw_text_equal,local_numbered_single_session,0.9992567535334254,WHERE,WHERE|DIFFERENT|ASK|GO|SIGN,True,True,0.6346919536590576,False
data/local/local_citizen100_quality_audit_q82_cap7/landmarks/WHERE/db259d27.v17.npz,data/raw_videos/ASL VIDEOS/WHERE/db259d27.mp4,WHERE,WHERE,B_02_035,canonical_and_pinned_raw_text_equal,local_hex_unknown_session,0.8524442386326223,YOU,YOU|WHEN|WHERE|THEY|LIKE,False,True,0.10779178142547607,False
data/local/local_citizen100_quality_audit_q82_cap7/landmarks/WHO/1384e620.v17.npz,data/raw_videos/ASL VIDEOS/WHO/1384e620.mp4,WHO,WHO,C_01_041,canonical_and_pinned_raw_text_equal,local_hex_unknown_session,0.8246878949817443,WHO,WHO|WHERE|YOU|ASK|HE,True,True,0.7416127920150757,False
data/local/local_citizen100_quality_audit_q82_cap7/landmarks/WHO/47b55943.v17.npz,data/raw_videos/ASL VIDEOS/WHO/47b55943.mp4,WHO,WHO,C_01_041,canonical_and_pinned_raw_text_equal,local_hex_unknown_session,0.8610994764528167,WHEN,WHEN|UNDERSTAND|SIGN|WHO|TELL,False,True,0.03377180173993111,False
data/local/local_citizen100_quality_audit_q82_cap7/landmarks/WHO/511fb8f9.v17.npz,data/raw_videos/ASL VIDEOS/WHO/511fb8f9.mp4,WHO,WHO,C_01_041,canonical_and_pinned_raw_text_equal,local_hex_unknown_session,0.8978671855396858,WHO,WHO|HE|THEY|HOSPITAL|MOTHER,True,True,0.5482708811759949,False
data/local/local_citizen100_quality_audit_q82_cap7/landmarks/WHO/5dd2e673.v17.npz,data/raw_videos/ASL VIDEOS/WHO/5dd2e673.mp4,WHO,WHO,C_01_041,canonical_and_pinned_raw_text_equal,local_hex_unknown_session,0.9902890520882415,YOU,YOU|WHO|ASK|WHERE|FEEL,False,True,0.37494784593582153,False
data/local/local_citizen100_quality_audit_q82_cap7/landmarks/WHO/955c68c7.v17.npz,data/raw_videos/ASL VIDEOS/WHO/955c68c7.mp4,WHO,WHO,C_01_041,canonical_and_pinned_raw_text_equal,local_hex_unknown_session,0.9594842758537423,WHO,WHO|WHERE|YOU|HE|ASK,True,True,0.4954218864440918,False
data/local/local_citizen100_quality_audit_q82_cap7/landmarks/WHO/9810f517.v17.npz,data/raw_videos/ASL VIDEOS/WHO/9810f517.mp4,WHO,WHO,C_01_041,canonical_and_pinned_raw_text_equal,local_hex_unknown_session,0.9288455855870235,WHERE,WHERE|WHO|ASK|YOU|NO,False,True,0.14385995268821716,False
data/local/local_citizen100_quality_audit_q82_cap7/landmarks/WHO/WHO_23.v17.npz,data/raw_videos/ASL VIDEOS/WHO/WHO_23.mp4,WHO,WHO,C_01_041,canonical_and_pinned_raw_text_equal,local_numbered_single_session,0.9988419486186824,WHO,WHO|YOU|WHERE|HOME|HOW,True,True,0.9012715220451355,False
data/local/local_citizen100_quality_audit_q82_cap7/landmarks/WHY/2d01fef8.v17.npz,data/raw_videos/ASL VIDEOS/WHY/2d01fef8.mp4,WHY,WHY,D_01_067,canonical_and_pinned_raw_text_equal,local_hex_unknown_session,0.8725896706309836,HEAR,HEAR|YESTERDAY|GOODBYE|LISTEN|FATHER,False,False,0.0053603388369083405,False
data/local/local_citizen100_quality_audit_q82_cap7/landmarks/WHY/50a14185.v17.npz,data/raw_videos/ASL VIDEOS/WHY/50a14185.mp4,WHY,WHY,D_01_067,canonical_and_pinned_raw_text_equal,local_hex_unknown_session,0.9498705646763776,GOODBYE,GOODBYE|FIND|SLEEP|LISTEN|WHY,False,True,0.007846365682780743,False
data/local/local_citizen100_quality_audit_q82_cap7/landmarks/WHY/57a442d0.v17.npz,data/raw_videos/ASL VIDEOS/WHY/57a442d0.mp4,WHY,WHY,D_01_067,canonical_and_pinned_raw_text_equal,local_hex_unknown_session,0.9468326772123224,KNOW,KNOW|WHY|THANKYOU|MAYBE|SAD,False,True,0.22107535600662231,False
data/local/local_citizen100_quality_audit_q82_cap7/landmarks/WHY/5e2587c7.v17.npz,data/raw_videos/ASL VIDEOS/WHY/5e2587c7.mp4,WHY,WHY,D_01_067,canonical_and_pinned_raw_text_equal,local_hex_unknown_session,0.9356333881468568,HELP,HELP|GOOD|COME|TOMORROW|THANKYOU,False,False,0.005436468869447708,False
data/local/local_citizen100_quality_audit_q82_cap7/landmarks/WHY/768580c0.v17.npz,data/raw_videos/ASL VIDEOS/WHY/768580c0.mp4,WHY,WHY,D_01_067,canonical_and_pinned_raw_text_equal,local_hex_unknown_session,0.934515387848535,THINK,THINK|UNDERSTAND|WHY|COME|DAY,False,True,0.040113259106874466,False
data/local/local_citizen100_quality_audit_q82_cap7/landmarks/WHY/WHY_2.v17.npz,data/raw_videos/ASL VIDEOS/WHY/WHY_2.mp4,WHY,WHY,D_01_067,canonical_and_pinned_raw_text_equal,local_numbered_single_session,0.9926055639510463,GOODBYE,GOODBYE|COME|WHY|SLEEP|CHILD,False,True,0.1284976303577423,False
data/local/local_citizen100_quality_audit_q82_cap7/landmarks/WHY/fe8ce85d.v17.npz,data/raw_videos/ASL VIDEOS/WHY/fe8ce85d.mp4,WHY,WHY,D_01_067,canonical_and_pinned_raw_text_equal,local_hex_unknown_session,0.8858919038584728,SEE,SEE|TELL|HE|WHAT|UNDERSTAND,False,False,0.020156895741820335,False
data/local/local_citizen100_quality_audit_q82_cap7/landmarks/WOMAN/377c6e2e.v17.npz,data/raw_videos/ASL VIDEOS/WOMAN/377c6e2e.mp4,WOMAN,WOMAN1,C_02_028,canonical_only_variant_review_required,local_hex_unknown_session,0.9012690467970557,DRINK,DRINK|BAD|HELLO|MOTHER|GOODBYE,False,False,0.036509934812784195,False
data/local/local_citizen100_quality_audit_q82_cap7/landmarks/WOMAN/533a05bf.v17.npz,data/raw_videos/ASL VIDEOS/WOMAN/533a05bf.mp4,WOMAN,WOMAN1,C_02_028,canonical_only_variant_review_required,local_hex_unknown_session,0.9239488796784728,DRINK,DRINK|LESS|WOMAN|BAD|MAN,False,True,0.10471616685390472,False
data/local/local_citizen100_quality_audit_q82_cap7/landmarks/WOMAN/7bc49c6d.v17.npz,data/raw_videos/ASL VIDEOS/WOMAN/7bc49c6d.mp4,WOMAN,WOMAN1,C_02_028,canonical_only_variant_review_required,local_hex_unknown_session,0.9170733317232513,DRINK,DRINK|BAD|WOMAN|MOTHER|HELLO,False,True,0.03785873204469681,False
data/local/local_citizen100_quality_audit_q82_cap7/landmarks/WOMAN/a5c697b7.v17.npz,data/raw_videos/ASL VIDEOS/WOMAN/a5c697b7.mp4,WOMAN,WOMAN1,C_02_028,canonical_only_variant_review_required,local_hex_unknown_session,0.8687678102768867,WOMAN,WOMAN|COME|ASK|DAY|WE,True,True,0.667872428894043,False
data/local/local_citizen100_quality_audit_q82_cap7/landmarks/WOMAN/b4105186.v17.npz,data/raw_videos/ASL VIDEOS/WOMAN/b4105186.mp4,WOMAN,WOMAN1,C_02_028,canonical_only_variant_review_required,local_hex_unknown_session,0.8208452316896576,WOMAN,WOMAN|TOMORROW|ASK|COME|LESS,True,True,0.30596962571144104,False
data/local/local_citizen100_quality_audit_q82_cap7/landmarks/WOMAN/b4ba5f33.v17.npz,data/raw_videos/ASL VIDEOS/WOMAN/b4ba5f33.mp4,WOMAN,WOMAN1,C_02_028,canonical_only_variant_review_required,local_hex_unknown_session,0.859701240171466,NEED,NEED|GIVE|WHAT|BAD|YOU,False,False,0.0010930981952697039,False
data/local/local_citizen100_quality_audit_q82_cap7/landmarks/WOMAN/d37c7060.v17.npz,data/raw_videos/ASL VIDEOS/WOMAN/d37c7060.mp4,WOMAN,WOMAN1,C_02_028,canonical_only_variant_review_required,local_hex_unknown_session,0.9270360863927303,WOMAN,WOMAN|DRINK|MOTHER|GOODBYE|YOUR,True,True,0.5001546144485474,False
data/local/local_citizen100_quality_audit_q82_cap7/landmarks/WORK/59d6f5f4.v17.npz,data/raw_videos/ASL VIDEOS/WORK/59d6f5f4.mp4,WORK,WORK,B_03_059,canonical_and_pinned_raw_text_equal,local_hex_unknown_session,0.9628123741556955,WORK,WORK|WE|TAKE|TIME|HOSPITAL,True,True,0.35172194242477417,False
data/local/local_citizen100_quality_audit_q82_cap7/landmarks/WORK/8a69f2a3.v17.npz,data/raw_videos/ASL VIDEOS/WORK/8a69f2a3.mp4,WORK,WORK,B_03_059,canonical_and_pinned_raw_text_equal,local_hex_unknown_session,0.9066157339162392,WORK,WORK|NIGHT|TAKE|TIME|MAKE,True,True,0.9371662735939026,False
data/local/local_citizen100_quality_audit_q82_cap7/landmarks/WORK/WORK_8.v17.npz,data/raw_videos/ASL VIDEOS/WORK/WORK_8.mp4,WORK,WORK,B_03_059,canonical_and_pinned_raw_text_equal,local_numbered_single_session,0.9246820278277919,WORK,WORK|NIGHT|TIME|MAKE|TAKE,True,True,0.9402183890342712,False
data/local/local_citizen100_quality_audit_q82_cap7/landmarks/WORK/aee26f01.v17.npz,data/raw_videos/ASL VIDEOS/WORK/aee26f01.mp4,WORK,WORK,B_03_059,canonical_and_pinned_raw_text_equal,local_hex_unknown_session,0.9473110166765321,WORK,WORK|MAKE|LOVE|NIGHT|HOSPITAL,True,True,0.8200082182884216,False
data/local/local_citizen100_quality_audit_q82_cap7/landmarks/WORK/b02819a3.v17.npz,data/raw_videos/ASL VIDEOS/WORK/b02819a3.mp4,WORK,WORK,B_03_059,canonical_and_pinned_raw_text_equal,local_hex_unknown_session,0.9061824503251348,WORK,WORK|NIGHT|TAKE|MAKE|TIME,True,True,0.9597925543785095,False
data/local/local_citizen100_quality_audit_q82_cap7/landmarks/WORK/b9e208ef.v17.npz,data/raw_videos/ASL VIDEOS/WORK/b9e208ef.mp4,WORK,WORK,B_03_059,canonical_and_pinned_raw_text_equal,local_hex_unknown_session,0.8443451513221562,WORK,WORK|NIGHT|YESTERDAY|TAKE|WAIT,True,True,0.8190715312957764,False
data/local/local_citizen100_quality_audit_q82_cap7/landmarks/WORK/c984ca09.v17.npz,data/raw_videos/ASL VIDEOS/WORK/c984ca09.mp4,WORK,WORK,B_03_059,canonical_and_pinned_raw_text_equal,local_hex_unknown_session,0.9663141272081537,WORK,WORK|YESTERDAY|NIGHT|HOSPITAL|LOVE,True,True,0.22521331906318665,False
data/local/local_citizen100_quality_audit_q82_cap7/landmarks/WRITE/24a1add5.v17.npz,data/raw_videos/ASL VIDEOS/WRITE/24a1add5.mp4,WRITE,WRITE,D_01_051,canonical_and_pinned_raw_text_equal,local_hex_unknown_session,0.925645128264403,DOCTOR,DOCTOR|NIGHT|READ|LEARN|WRITE,False,True,0.04228532314300537,False
data/local/local_citizen100_quality_audit_q82_cap7/landmarks/WRITE/58a8d4b8.v17.npz,data/raw_videos/ASL VIDEOS/WRITE/58a8d4b8.mp4,WRITE,WRITE,D_01_051,canonical_and_pinned_raw_text_equal,local_hex_unknown_session,0.8667271210026912,DOCTOR,DOCTOR|LIKE|PLEASE|WHAT|SAME,False,False,0.0058724042028188705,False
data/local/local_citizen100_quality_audit_q82_cap7/landmarks/WRITE/853e8221.v17.npz,data/raw_videos/ASL VIDEOS/WRITE/853e8221.mp4,WRITE,WRITE,D_01_051,canonical_and_pinned_raw_text_equal,local_hex_unknown_session,0.9321116200697694,NIGHT,NIGHT|DOCTOR|MAKE|TIME|SCHOOL,False,False,0.007399757392704487,False
data/local/local_citizen100_quality_audit_q82_cap7/landmarks/WRITE/WRITE_19.v17.npz,data/raw_videos/ASL VIDEOS/WRITE/WRITE_19.mp4,WRITE,WRITE,D_01_051,canonical_and_pinned_raw_text_equal,local_numbered_single_session,0.9065227146375149,HOW,HOW|MAKE|HAVE|WRITE|TIME,False,True,0.05496488884091377,False
data/local/local_citizen100_quality_audit_q82_cap7/landmarks/WRITE/da63554a.v17.npz,data/raw_videos/ASL VIDEOS/WRITE/da63554a.mp4,WRITE,WRITE,D_01_051,canonical_and_pinned_raw_text_equal,local_hex_unknown_session,0.8997318658534696,WRITE,WRITE|TIME|DOCTOR|READ|SAME,True,True,0.327808141708374,False
data/local/local_citizen100_quality_audit_q82_cap7/landmarks/WRITE/dc3b4e86.v17.npz,data/raw_videos/ASL VIDEOS/WRITE/dc3b4e86.mp4,WRITE,WRITE,D_01_051,canonical_and_pinned_raw_text_equal,local_hex_unknown_session,0.920861640480507,WRITE,WRITE|DOCTOR|TIME|READ|NIGHT,True,True,0.5668453574180603,False
data/local/local_citizen100_quality_audit_q82_cap7/landmarks/WRITE/f09ff5b8.v17.npz,data/raw_videos/ASL VIDEOS/WRITE/f09ff5b8.mp4,WRITE,WRITE,D_01_051,canonical_and_pinned_raw_text_equal,local_hex_unknown_session,0.870118092252353,YEAR,YEAR|WHAT|SIGN|MAKE|FRIEND,False,False,0.0045074461959302425,False
data/local/local_citizen100_quality_audit_q82_cap7/landmarks/YEAR/1eb3effe.v17.npz,data/raw_videos/ASL VIDEOS/YEAR/1eb3effe.mp4,YEAR,YEAR,B_02_015,canonical_and_pinned_raw_text_equal,local_hex_unknown_session,0.9005827673424498,YEAR,YEAR|MAKE|THINK|HELP|NAME,True,True,0.918228030204773,False
data/local/local_citizen100_quality_audit_q82_cap7/landmarks/YEAR/22ce301c.v17.npz,data/raw_videos/ASL VIDEOS/YEAR/22ce301c.mp4,YEAR,YEAR,B_02_015,canonical_and_pinned_raw_text_equal,local_hex_unknown_session,0.9238415936178195,YEAR,YEAR|MAKE|I|TIME|FRIEND,True,True,0.863642156124115,False
data/local/local_citizen100_quality_audit_q82_cap7/landmarks/YEAR/41719d22.v17.npz,data/raw_videos/ASL VIDEOS/YEAR/41719d22.mp4,YEAR,YEAR,B_02_015,canonical_and_pinned_raw_text_equal,local_hex_unknown_session,0.9784669824107403,YEAR,YEAR|MAKE|HELP|USE|DAY,True,True,0.5897651314735413,False
data/local/local_citizen100_quality_audit_q82_cap7/landmarks/YEAR/YEAR_18.v17.npz,data/raw_videos/ASL VIDEOS/YEAR/YEAR_18.mp4,YEAR,YEAR,B_02_015,canonical_and_pinned_raw_text_equal,local_numbered_single_session,0.8496510254594076,MAKE,MAKE|YEAR|I|HOW|NAME,False,True,0.14164449274539948,False
data/local/local_citizen100_quality_audit_q82_cap7/landmarks/YEAR/d3573891.v17.npz,data/raw_videos/ASL VIDEOS/YEAR/d3573891.mp4,YEAR,YEAR,B_02_015,canonical_and_pinned_raw_text_equal,local_hex_unknown_session,0.9078444938883414,YEAR,YEAR|MAKE|WORK|FRIEND|TIME,True,True,0.878481924533844,False
data/local/local_citizen100_quality_audit_q82_cap7/landmarks/YEAR/ed6972e5.v17.npz,data/raw_videos/ASL VIDEOS/YEAR/ed6972e5.mp4,YEAR,YEAR,B_02_015,canonical_and_pinned_raw_text_equal,local_hex_unknown_session,0.9619598791531656,YEAR,YEAR|MORNING|LEARN|FRIEND|WHAT,True,True,0.8165215253829956,False
data/local/local_citizen100_quality_audit_q82_cap7/landmarks/YEAR/f072be4c.v17.npz,data/raw_videos/ASL VIDEOS/YEAR/f072be4c.mp4,YEAR,YEAR,B_02_015,canonical_and_pinned_raw_text_equal,local_hex_unknown_session,0.892753369351805,YEAR,YEAR|MAKE|DAY|LOVE|FRIEND,True,True,0.8689427375793457,False
data/local/local_citizen100_quality_audit_q82_cap7/landmarks/YES/1b057819.v17.npz,data/raw_videos/ASL VIDEOS/YES/1b057819.mp4,YES,YES,G_03_074,canonical_and_pinned_raw_text_equal,local_hex_unknown_session,0.9140462703958752,YES,YES|NEED|THINK|CHILD|YESTERDAY,True,True,0.631218433380127,False
data/local/local_citizen100_quality_audit_q82_cap7/landmarks/YES/57e60971.v17.npz,data/raw_videos/ASL VIDEOS/YES/57e60971.mp4,YES,YES,G_03_074,canonical_and_pinned_raw_text_equal,local_hex_unknown_session,0.8668367149020422,YES,YES|NEED|CHILD|SAME|FIND,True,True,0.9277411103248596,False
data/local/local_citizen100_quality_audit_q82_cap7/landmarks/YES/796f8307.v17.npz,data/raw_videos/ASL VIDEOS/YES/796f8307.mp4,YES,YES,G_03_074,canonical_and_pinned_raw_text_equal,local_hex_unknown_session,0.9800109949335996,THINK,THINK|NEED|YES|YESTERDAY|GO,False,True,0.08702992647886276,False
data/local/local_citizen100_quality_audit_q82_cap7/landmarks/YES/YES_2.v17.npz,data/raw_videos/ASL VIDEOS/YES/YES_2.mp4,YES,YES,G_03_074,canonical_and_pinned_raw_text_equal,local_numbered_single_session,0.9963997520452006,YES,YES|CHILD|NEED|HE|WHAT,True,True,0.7147897481918335,False
data/local/local_citizen100_quality_audit_q82_cap7/landmarks/YES/a43a7007.v17.npz,data/raw_videos/ASL VIDEOS/YES/a43a7007.mp4,YES,YES,G_03_074,canonical_and_pinned_raw_text_equal,local_hex_unknown_session,0.9524738348997697,YES,YES|CHILD|YESTERDAY|NEED|GO,True,True,0.7485496401786804,False
data/local/local_citizen100_quality_audit_q82_cap7/landmarks/YES/d0cd7640.v17.npz,data/raw_videos/ASL VIDEOS/YES/d0cd7640.mp4,YES,YES,G_03_074,canonical_and_pinned_raw_text_equal,local_hex_unknown_session,0.8895252639789673,YES,YES|CHILD|YESTERDAY|WHERE|TOMORROW,True,True,0.361268550157547,False
data/local/local_citizen100_quality_audit_q82_cap7/landmarks/YES/db10a28a.v17.npz,data/raw_videos/ASL VIDEOS/YES/db10a28a.mp4,YES,YES,G_03_074,canonical_and_pinned_raw_text_equal,local_hex_unknown_session,0.9042925355203081,FIND,FIND|YES|YESTERDAY|WORK|LEARN,False,True,0.16406667232513428,False
data/local/local_citizen100_quality_audit_q82_cap7/landmarks/YESTERDAY/183845f4.v17.npz,data/raw_videos/ASL VIDEOS/YESTERDAY/183845f4.mp4,YESTERDAY,YESTERDAY,D_01_024,canonical_and_pinned_raw_text_equal,local_hex_unknown_session,0.863641435183254,YESTERDAY,YESTERDAY|YES|TOMORROW|WORK|ASK,True,True,0.8624736666679382,False
data/local/local_citizen100_quality_audit_q82_cap7/landmarks/YESTERDAY/2df93011.v17.npz,data/raw_videos/ASL VIDEOS/YESTERDAY/2df93011.mp4,YESTERDAY,YESTERDAY,D_01_024,canonical_and_pinned_raw_text_equal,local_hex_unknown_session,0.9420879765895078,YESTERDAY,YESTERDAY|TOMORROW|HEAR|GO|YES,True,True,0.9312819838523865,False
data/local/local_citizen100_quality_audit_q82_cap7/landmarks/YESTERDAY/421539d7.v17.npz,data/raw_videos/ASL VIDEOS/YESTERDAY/421539d7.mp4,YESTERDAY,YESTERDAY,D_01_024,canonical_and_pinned_raw_text_equal,local_hex_unknown_session,0.9321437049781349,YESTERDAY,YESTERDAY|WORK|TOMORROW|FATHER|GO,True,True,0.7246158123016357,False
data/local/local_citizen100_quality_audit_q82_cap7/landmarks/YESTERDAY/5f88ecfd.v17.npz,data/raw_videos/ASL VIDEOS/YESTERDAY/5f88ecfd.mp4,YESTERDAY,YESTERDAY,D_01_024,canonical_and_pinned_raw_text_equal,local_hex_unknown_session,0.8958586262935372,YESTERDAY,YESTERDAY|YES|TOMORROW|DRINK|FIND,True,True,0.8003639578819275,False
data/local/local_citizen100_quality_audit_q82_cap7/landmarks/YESTERDAY/6e9786e4.v17.npz,data/raw_videos/ASL VIDEOS/YESTERDAY/6e9786e4.mp4,YESTERDAY,YESTERDAY,D_01_024,canonical_and_pinned_raw_text_equal,local_hex_unknown_session,0.9267000286243672,TOMORROW,TOMORROW|GIVE|YES|COME|HOME,False,False,0.028509920462965965,False
data/local/local_citizen100_quality_audit_q82_cap7/landmarks/YESTERDAY/7d5e4511.v17.npz,data/raw_videos/ASL VIDEOS/YESTERDAY/7d5e4511.mp4,YESTERDAY,YESTERDAY,D_01_024,canonical_and_pinned_raw_text_equal,local_hex_unknown_session,0.9536934035868807,YESTERDAY,YESTERDAY|WHERE|YES|TOMORROW|TAKE,True,True,0.7574805617332458,False
data/local/local_citizen100_quality_audit_q82_cap7/landmarks/YESTERDAY/YESTERDAY_15.v17.npz,data/raw_videos/ASL VIDEOS/YESTERDAY/YESTERDAY_15.mp4,YESTERDAY,YESTERDAY,D_01_024,canonical_and_pinned_raw_text_equal,local_numbered_single_session,0.9976469094601712,YESTERDAY,YESTERDAY|YES|TOMORROW|HEAR|ASK,True,True,0.9352260231971741,False
data/local/local_citizen100_quality_audit_q82_cap7/landmarks/YOU/09e9cd8a.v17.npz,data/raw_videos/ASL VIDEOS/YOU/09e9cd8a.mp4,YOU,YOU,D_02_065,canonical_and_pinned_raw_text_equal,local_hex_unknown_session,0.8754746621524389,YOU,YOU|NEED|GIVE|THEY|TELL,True,True,0.8324273824691772,False
data/local/local_citizen100_quality_audit_q82_cap7/landmarks/YOU/27fa363a.v17.npz,data/raw_videos/ASL VIDEOS/YOU/27fa363a.mp4,YOU,YOU,D_02_065,canonical_and_pinned_raw_text_equal,local_hex_unknown_session,0.9527937587643589,YOU,YOU|ASK|THEY|TELL|NEED,True,True,0.7752434611320496,False
data/local/local_citizen100_quality_audit_q82_cap7/landmarks/YOU/3bcafae7.v17.npz,data/raw_videos/ASL VIDEOS/YOU/3bcafae7.mp4,YOU,YOU,D_02_065,canonical_and_pinned_raw_text_equal,local_hex_unknown_session,0.9125953891465426,NEED,NEED|YOU|WHERE|I|HE,False,True,0.024855252355337143,False
data/local/local_citizen100_quality_audit_q82_cap7/landmarks/YOU/5b5dc2ad.v17.npz,data/raw_videos/ASL VIDEOS/YOU/5b5dc2ad.mp4,YOU,YOU,D_02_065,canonical_and_pinned_raw_text_equal,local_hex_unknown_session,0.925684664944172,YOU,YOU|TELL|GIVE|LIKE|THEY,True,True,0.33290961384773254,False
data/local/local_citizen100_quality_audit_q82_cap7/landmarks/YOU/YOU_12.v17.npz,data/raw_videos/ASL VIDEOS/YOU/YOU_12.mp4,YOU,YOU,D_02_065,canonical_and_pinned_raw_text_equal,local_numbered_single_session,0.9999131713974421,YOU,YOU|NEED|ASK|FEEL|THEY,True,True,0.7531896233558655,False
data/local/local_citizen100_quality_audit_q82_cap7/landmarks/YOU/c26aa507.v17.npz,data/raw_videos/ASL VIDEOS/YOU/c26aa507.mp4,YOU,YOU,D_02_065,canonical_and_pinned_raw_text_equal,local_hex_unknown_session,0.84418874215526,NEED,NEED|YOU|WHERE|HE|I,False,True,0.026040608063340187,False
data/local/local_citizen100_quality_audit_q82_cap7/landmarks/YOU/cfc9db85.v17.npz,data/raw_videos/ASL VIDEOS/YOU/cfc9db85.mp4,YOU,YOU,D_02_065,canonical_and_pinned_raw_text_equal,local_hex_unknown_session,0.9101842849593109,NEED,NEED|ASK|TIME|SIGN|WHEN,False,False,0.015009473077952862,False
data/local/local_citizen100_quality_audit_q82_cap7/landmarks/YOUR/270bef1b.v17.npz,data/raw_videos/ASL VIDEOS/YOUR/270bef1b.mp4,YOUR,YOUR,F_01_052,canonical_and_pinned_raw_text_equal,local_hex_unknown_session,0.9709788742518504,HELLO,HELLO|HEAR|FATHER|FIND|WHY,False,False,0.004624365828931332,False
data/local/local_citizen100_quality_audit_q82_cap7/landmarks/YOUR/289cf85c.v17.npz,data/raw_videos/ASL VIDEOS/YOUR/289cf85c.mp4,YOUR,YOUR,F_01_052,canonical_and_pinned_raw_text_equal,local_hex_unknown_session,0.9095467034192215,GOODBYE,GOODBYE|HEAR|WHY|HELLO|MOTHER,False,False,0.002545850584283471,False
data/local/local_citizen100_quality_audit_q82_cap7/landmarks/YOUR/2b3f6eb3.v17.npz,data/raw_videos/ASL VIDEOS/YOUR/2b3f6eb3.mp4,YOUR,YOUR,F_01_052,canonical_and_pinned_raw_text_equal,local_hex_unknown_session,0.932341999113487,YOUR,YOUR|MOTHER|WOMAN|TALK|GOODBYE,True,True,0.7657507658004761,False
data/local/local_citizen100_quality_audit_q82_cap7/landmarks/YOUR/5f187aac.v17.npz,data/raw_videos/ASL VIDEOS/YOUR/5f187aac.mp4,YOUR,YOUR,F_01_052,canonical_and_pinned_raw_text_equal,local_hex_unknown_session,0.9148405026432838,NIGHT,NIGHT|USE|SCHOOL|HOSPITAL|LOVE,False,False,0.007168466690927744,False
data/local/local_citizen100_quality_audit_q82_cap7/landmarks/YOUR/6759a789.v17.npz,data/raw_videos/ASL VIDEOS/YOUR/6759a789.mp4,YOUR,YOUR,F_01_052,canonical_and_pinned_raw_text_equal,local_hex_unknown_session,0.9907614268096785,FIND,FIND|DRINK|FATHER|FAMILY|HELLO,False,False,0.0033151248935610056,False
data/local/local_citizen100_quality_audit_q82_cap7/landmarks/YOUR/95b93354.v17.npz,data/raw_videos/ASL VIDEOS/YOUR/95b93354.mp4,YOUR,YOUR,F_01_052,canonical_and_pinned_raw_text_equal,local_hex_unknown_session,0.9415105649973372,GOODBYE,GOODBYE|CHILD|HEAR|WHY|LESS,False,False,0.003256857628002763,False
data/local/local_citizen100_quality_audit_q82_cap7/landmarks/YOUR/YOUR_24.v17.npz,data/raw_videos/ASL VIDEOS/YOUR/YOUR_24.mp4,YOUR,YOUR,F_01_052,canonical_and_pinned_raw_text_equal,local_numbered_single_session,0.9580360284099882,TALK,TALK|GOODBYE|YOUR|MOTHER|WHERE,False,True,0.1567423939704895,False
